molecule_chembl_id,target_chembl_id,pchembl_value,year,label,smiles,split,y_pred
CHEMBL103,CHEMBL1871,7.86,1996,7.86,CC(=O)[C@H]1CC[C@H]2[C@@H]3CCC4=CC(=O)CC[C@]4(C)[C@H]3CC[C@]12C,test,6.291356155751839
CHEMBL1076438,CHEMBL1871,5.0,2009,5.0,CC1(C)[C@H](O)CC[C@]2(C)[C@@]3(C)c4[nH]c5ccccc5c4C[C@@H]3CC[C@@]12O,test,6.247886617829514
CHEMBL1082407,CHEMBL1871,6.47,2013,6.47,CNC(=O)c1ccc(N2C(=S)N(c3ccc(C#N)c(C(F)(F)F)c3)C(=O)C2(C)C)cc1F,test,6.667988695605296
CHEMBL1083754,CHEMBL1871,5.0,2010,5.0,CNC(=O)Cn1cc(C2CC2)c(Oc2ccc(C#N)cc2)c1C1CC1,test,6.203824450989146
CHEMBL1084843,CHEMBL1871,7.025,2010,7.025,CSc1ccc(CN2CC(C)(C)[C@@H](Oc3ccc(C#N)c(C(F)(F)F)c3)C2=O)cc1,test,6.530166955052071
CHEMBL1085593,CHEMBL1871,7.21,2010,7.21,CC1(C)CN(Cc2ccccc2)C(=O)[C@@H]1Oc1ccc(C#N)c(C(F)(F)F)c1,test,6.483351383310114
CHEMBL1085819,CHEMBL1871,7.0600000000000005,2010,7.0600000000000005,CC1(C)CN(Cc2ccccc2F)C(=O)[C@@H]1Oc1ccc(C#N)c(C(F)(F)F)c1,test,6.438952387958079
CHEMBL1085883,CHEMBL1871,6.85,2010,6.85,CC1(C)C(=O)N(c2ccc(C#N)c(C(F)(F)F)c2)C(=S)N1c1ccccc1,test,6.6187523219573
CHEMBL1094797,CHEMBL1871,6.14,2010,6.14,CCCC1=C(C(=O)OCC)[C@H](c2ccnc3ccccc23)C(C#N)=C(C)N1,test,6.11572187666579
CHEMBL112987,CHEMBL1871,6.05,1998,6.05,CCCCC1Oc2ccc(Cl)cc2-c2ccc3c(c21)C(C)=CC(C)(C)N3,val,6.102088062056479
CHEMBL114607,CHEMBL1871,5.83,1998,5.83,CC1=CC(C)(C)Nc2ccc3c(c21)C(CCC(C)C)Oc1ccccc1-3,val,5.887444832674963
CHEMBL114941,CHEMBL1871,6.04,1998,6.04,CCCCC1Oc2ccc(C)cc2-c2ccc3c(c21)C(C)=CC(C)(C)N3,val,6.0375763686422745
CHEMBL116007,CHEMBL1871,6.34,1998,6.34,CC1=CC(C)(C)Nc2ccc3c(c21)C(C)Oc1ccc(F)cc1-3,val,6.1254977361671346
CHEMBL116221,CHEMBL1871,6.16,1998,6.16,CCCOC1Oc2ccc(Cl)cc2-c2ccc3c(c21)C(C)=CC(C)(C)N3,val,6.064940098439129
CHEMBL1165642,CHEMBL1871,6.38,2010,6.38,O=C(CC(Nc1ccc([N+](=O)[O-])cc1)c1cccc(F)c1)c1ccc(-c2ccccc2)cc1,test,6.274153655835357
CHEMBL1170,CHEMBL1871,8.675,2007,8.675,CCC(=O)O[C@H]1CC[C@H]2[C@@H]3CCC4=CC(=O)CC[C@]4(C)[C@H]3CC[C@]12C,test,6.2137135325588755
CHEMBL1200436,CHEMBL1871,8.15,2022,8.15,C[C@]12COC(=O)C[C@@H]1CC[C@@H]1[C@@H]2CC[C@@]2(C)[C@H]1CC[C@]2(C)O,test,6.460720767480502
CHEMBL1208812,CHEMBL1871,6.89,2010,6.89,C[C@]12CNC[C@](C)(O1)[C@@H]1C(=O)N(c3ccc(C#N)c(C(F)(F)F)c3)C(=O)[C@@H]12,val,7.442062410520601
CHEMBL1209903,CHEMBL1871,7.85,2010,7.85,CCCN1C[C@@]2(C)O[C@@](C)(C1)[C@@H]1C(=O)N(c3ccc(C#N)c(C(F)(F)F)c3)C(=O)[C@@H]12,val,7.2346042880409245
CHEMBL1209904,CHEMBL1871,6.89,2010,6.89,CCC(=O)N1C[C@@]2(C)O[C@@](C)(C1)[C@@H]1C(=O)N(c3ccc(C#N)c(C(F)(F)F)c3)C(=O)[C@@H]12,val,7.1436182283746765
CHEMBL1209905,CHEMBL1871,6.67,2010,6.67,CC(C)C(=O)N1C[C@@]2(C)O[C@@](C)(C1)[C@@H]1C(=O)N(c3ccc(C#N)c(C(F)(F)F)c3)C(=O)[C@@H]12,val,7.168011105132244
CHEMBL1209906,CHEMBL1871,7.16,2010,7.16,C[C@]12CN(C(=O)C3CC3)C[C@](C)(O1)[C@@H]1C(=O)N(c3ccc(C#N)c(C(F)(F)F)c3)C(=O)[C@@H]12,test,7.173244535863422
CHEMBL1209971,CHEMBL1871,6.06,2010,6.06,CC(C)NC(=O)N1C[C@@]2(C)O[C@@](C)(C1)[C@@H]1C(=O)N(c3ccc(C#N)c(C(F)(F)F)c3)C(=O)[C@@H]12,val,7.1042811271142465
CHEMBL1209972,CHEMBL1871,7.4,2010,7.4,C[C@]12CN(C(=O)Nc3ccccc3)C[C@](C)(O1)[C@@H]1C(=O)N(c3ccc(C#N)c(C(F)(F)F)c3)C(=O)[C@@H]12,test,6.8833205377850275
CHEMBL1209973,CHEMBL1871,7.19,2010,7.19,CCOC(=O)N1C[C@@]2(C)O[C@@](C)(C1)[C@@H]1C(=O)N(c3ccc(C#N)c(C(F)(F)F)c3)C(=O)[C@@H]12,val,7.073205284237106
CHEMBL1210033,CHEMBL1871,8.03,2010,8.03,CCCOC(=O)N1C[C@@]2(C)O[C@@](C)(C1)[C@@H]1C(=O)N(c3ccc(C#N)c(C(F)(F)F)c3)C(=O)[C@@H]12,val,6.982698994669105
CHEMBL1210034,CHEMBL1871,7.41,2010,7.41,C[C@]12CN(C(=O)Nc3ccc(F)cc3)C[C@](C)(O1)[C@@H]1C(=O)N(c3ccc(C#N)c(C(F)(F)F)c3)C(=O)[C@@H]12,test,6.90826138163462
CHEMBL1210035,CHEMBL1871,6.69,2010,6.69,C[C@]12CN(S(C)(=O)=O)C[C@](C)(O1)[C@@H]1C(=O)N(c3ccc(C#N)c(C(F)(F)F)c3)C(=O)[C@@H]12,val,7.2978461796513825
CHEMBL1210036,CHEMBL1871,7.07,2010,7.07,CCS(=O)(=O)N1C[C@@]2(C)O[C@@](C)(C1)[C@@H]1C(=O)N(c3ccc(C#N)c(C(F)(F)F)c3)C(=O)[C@@H]12,val,7.268627270778639
CHEMBL1210091,CHEMBL1871,6.77,2010,6.77,C[C@]12CN(S(=O)(=O)c3ccccn3)C[C@](C)(O1)[C@@H]1C(=O)N(c3ccc(C#N)c(C(F)(F)F)c3)C(=O)[C@@H]12,test,6.9191070348647115
CHEMBL1210842,CHEMBL1871,7.92,2010,7.92,CC(C)OC(=O)N1C[C@@]2(C)O[C@@](C)(C1)[C@@H]1C(=O)N(c3ccc(C#N)c(C(F)(F)F)c3)C(=O)[C@@H]12,val,7.0757030692627305
CHEMBL1210907,CHEMBL1871,6.5,2010,6.5,CCNC(=O)N1C[C@@]2(C)O[C@@](C)(C1)[C@@H]1C(=O)N(c3ccc(C#N)c(C(F)(F)F)c3)C(=O)[C@@H]12,val,7.101180949716972
CHEMBL1210909,CHEMBL1871,6.74,2010,6.74,C[C@]12CN(O)C[C@](C)(O1)[C@@H]1C(=O)N(c3ccc(C#N)c(C(F)(F)F)c3)C(=O)[C@@H]12,val,7.349739600217358
CHEMBL1210910,CHEMBL1871,7.62,2010,7.62,CON1C[C@@]2(C)O[C@@](C)(C1)[C@@H]1C(=O)N(c3ccc(C#N)c(C(F)(F)F)c3)C(=O)[C@@H]12,val,7.27677776325676
CHEMBL1214839,CHEMBL1871,5.049635145623877,2010,5.049635145623877,N#Cc1ccc(N2N=C(c3ccc(C(=O)O)cc3)C[C@@H]2c2ccc(F)cc2)cc1Cl,test,6.242246254558977
CHEMBL1215552,CHEMBL1871,5.41,2010,5.41,COC(=O)C1=C(Cn2ccnc2)NC(C)=C(C#N)C1c1ccc(F)cc1Cl,test,6.1983028915814185
CHEMBL1257221,CHEMBL1871,6.0,2010,6.0,COc1ccc(F)cc1C(C)(C)CC(O)(CNc1ccc2c(=O)onc(C)c2c1)C(F)(F)F,test,6.018174295943169
CHEMBL1257343,CHEMBL1871,6.0,2010,6.0,COc1ccc(F)cc1C(C)(C)CC(O)(CNc1cccc2ncccc12)C(F)(F)F,test,5.917033705483557
CHEMBL1257453,CHEMBL1871,6.0,2010,6.0,CC(C)(CC(O)(CNc1cccc2ncccc12)C(F)(F)F)c1cc(F)ccc1O,test,5.963200336058339
CHEMBL1257454,CHEMBL1871,6.0,2010,6.0,COc1ccc(F)cc1C(C)(C)CC(O)(CNc1cccc2nc(C)ccc12)C(F)(F)F,test,5.813624338750373
CHEMBL1257572,CHEMBL1871,6.0,2010,6.0,Cc1ccc2c(NCC(O)(CC(C)(C)c3cc(F)ccc3O)C(F)(F)F)cccc2n1,test,5.859889416518441
CHEMBL1274,CHEMBL1871,7.135,2003,7.135,CC1(C)NC(=O)N(c2ccc([N+](=O)[O-])c(C(F)(F)F)c2)C1=O,val,6.6023142831070905
CHEMBL1288321,CHEMBL1871,6.6899999999999995,2010,6.6899999999999995,OC1(C(F)(F)F)CCCc2c1[nH]c1cc(Cl)c(Cl)cc21,test,6.7325047313278175
CHEMBL1288322,CHEMBL1871,5.71,2010,5.71,OC1(C(F)(F)F)CCCc2c1[nH]c1ccc(Cl)c(Cl)c21,test,6.575036870937912
CHEMBL1288323,CHEMBL1871,7.89,2010,7.89,OC1(C(F)(F)F)CCc2c1[nH]c1c(Cl)cc(Cl)cc21,val,6.623022023072725
CHEMBL1288979,CHEMBL1871,7.47,2010,7.47,OC1(C(F)(F)F)CCCc2c1[nH]c1c(Cl)cc(Cl)cc21,test,6.630530185187661
CHEMBL1288980,CHEMBL1871,7.07,2010,7.07,OC1(C(F)(F)F)CCCc2c1[nH]c1c(Cl)ccc(Cl)c21,test,6.577617597356537
CHEMBL1288981,CHEMBL1871,7.05,2010,7.05,OC1(C(F)(F)F)CCCc2c1[nH]c1c(Cl)cc(F)cc21,test,6.616447399583246
CHEMBL1289011,CHEMBL1871,5.0,2010,5.0,CC1(O)CCCc2c1[nH]c1cc(Cl)c(Cl)cc21,test,6.698518621417275
CHEMBL1289012,CHEMBL1871,5.04,2010,5.04,CC1(O)CCCc2c1[nH]c1ccc(C#N)cc21,test,6.776788603467051
CHEMBL1289013,CHEMBL1871,6.32,2010,6.32,N#Cc1ccc2[nH]c3c(c2c1)CCCC3(O)C(F)(F)F,test,6.777770519522089
CHEMBL1289887,CHEMBL1871,6.7,2010,6.7,CC1(C)C(=O)N(c2ccc(C#N)c(Cl)c2)C(=S)N1c1cccc(S(N)(=O)=O)c1,test,6.695465624229678
CHEMBL1289999,CHEMBL1871,6.76,2010,6.76,CC1(C)C(=O)N(c2ccc(C#N)c(C(F)(F)F)c2)C(=S)N1c1cccc(S(N)(=O)=O)c1,test,6.548190136227294
CHEMBL1290632,CHEMBL1871,6.22,2010,6.22,OC1(C(F)(F)F)CCCCc2c1[nH]c1c(Cl)cc(Cl)cc21,test,6.5989639784593885
CHEMBL1290633,CHEMBL1871,7.47,2010,7.47,OC1(C(F)(F)C(F)(F)F)CCCc2c1[nH]c1cc(Cl)c(Cl)cc21,test,6.675208559256151
CHEMBL1290750,CHEMBL1871,5.0,2010,5.0,N#Cc1ccc2[nH]c3c(c2c1)CCCC3(O)C(F)(F)C(F)(F)F,test,6.713699093073081
CHEMBL1290751,CHEMBL1871,7.0,2010,7.0,OC1(C(F)(F)F)c2[nH]c3c(Cl)cc(Cl)cc3c2CCC1(F)F,test,6.674369635377621
CHEMBL1302748,CHEMBL1871,4.91,2011,4.91,COc1cc(C2Nc3cccc4cccc(c34)N2)ccc1O,val,5.727601885881909
CHEMBL131681,CHEMBL1871,5.96,2000,5.96,CC1(C)Nc2ccc(-c3csc(C#N)c3)cc2C(C)(C)C1=O,test,6.4559534819944915
CHEMBL132889,CHEMBL1871,6.82,2000,6.82,Cc1cc(C#N)sc1-c1ccc2c(c1)C(C)(C)C(=O)C(C)(C)N2,test,6.485519145776657
CHEMBL134117,CHEMBL1871,5.745,2000,5.745,COc1ccc(CNc2cc(C(F)(F)F)c3cc4c(cc3n2)NC(C)(C)CC4)cc1,val,6.363170467772355
CHEMBL135,CHEMBL1871,7.72,2006,7.72,C[C@]12CC[C@@H]3c4ccc(O)cc4CC[C@H]3[C@@H]1CC[C@@H]2O,test,6.377012626066301
CHEMBL1352525,CHEMBL1871,5.14,2020,5.14,Cc1cccc(N2CCN(C(=O)CSCc3c(C)noc3C)CC2)c1C,test,5.564121153139784
CHEMBL136322,CHEMBL1871,5.89,2002,5.89,CC1(C)OC(=O)Nc2ccc(-c3cc(F)cc(C#N)c3)cc21,val,6.4023201626859185
CHEMBL139835,CHEMBL1871,7.744999999999999,1998,7.744999999999999,CC(=O)O[C@]1(C(C)=O)CC[C@H]2[C@@H]3C=C(Cl)C4=CC(=O)[C@@H]5C[C@@H]5[C@]4(C)[C@H]3CC[C@@]21C,test,6.173699650006911
CHEMBL1445,CHEMBL1871,6.62,2007,6.62,C[C@]1(O)CC[C@H]2[C@@H]3CCC4=CC(=O)CC[C@]4(C)[C@@]3(F)[C@@H](O)C[C@@]21C,test,6.359888528846691
CHEMBL145403,CHEMBL1871,5.93,2021,5.93,O=c1cc(C(F)(F)F)c2ccc(OCc3ccccc3)cc2o1,test,5.703952734670736
CHEMBL1463660,CHEMBL1871,5.21,2022,5.21,CS(=O)(=O)Nc1ccc(OCc2ccccc2)cc1,test,5.36548345456441
CHEMBL146858,CHEMBL1871,8.22,2003,8.22,CC1(C)NC(=O)N(c2ccc(C#N)c(C(F)(F)F)c2)C1=O,val,6.98142332555793
CHEMBL147457,CHEMBL1871,6.0,2003,6.0,CC1(C)C(=O)N(c2ccc(C#N)c(C(F)(F)F)c2)C(=O)N1CCCCN1CCN(CCOCc2ccc(O)c(C(N)=O)c2)CC1,val,6.380571314264143
CHEMBL1509,CHEMBL1871,6.2,2015,6.2,C[C@]12CCC(=O)C=C1[C@@H]1C[C@@H]1[C@H]1[C@@H]3[C@@H]4C[C@@H]4[C@@]4(CCC(=O)O4)[C@@]3(C)CC[C@@H]12,test,6.482610921837501
CHEMBL151601,CHEMBL1871,7.31,2003,7.31,CC1(C)C(=O)N(c2ccc(C#N)c(C(F)(F)F)c2)C(=O)N1CC#CCOCc1ccc(O)c(C(N)=O)c1,test,6.413130880943247
CHEMBL1527972,CHEMBL1871,4.87,2011,4.87,Oc1ccc(C2Nc3cccc4cccc(c34)N2)cc1,val,5.895088535244706
CHEMBL156278,CHEMBL1871,7.24,1998,7.24,CC1CC(C)(C)Nc2cc3c(cc21)c(C(F)(F)F)cc(=O)n3C,test,6.853473361574824
CHEMBL157407,CHEMBL1871,7.34,1998,7.34,Cn1c(=O)cc(C(F)(F)F)c2cc3c(cc21)N1CCCC1(C)CC3,test,6.813548824032148
CHEMBL160230,CHEMBL1871,7.81,1998,7.81,CCC1(C)CCc2cc3c(C(F)(F)F)cc(=O)n(C)c3cc2N1C,test,6.884817379631124
CHEMBL162368,CHEMBL1871,7.34,1998,7.34,CC1(C)CCC[C@@H]2c3cc4c(C(F)(F)F)cc(O)nc4cc3N[C@@H]21,test,6.794803587395387
CHEMBL162569,CHEMBL1871,8.22,1998,8.22,C[C@@H]1c2cc3c(C(F)(F)F)cc(O)nc3cc2N[C@@H]1C,test,6.75185873958843
CHEMBL165219,CHEMBL1871,7.5,1998,7.5,C[C@H]1Nc2cc3nc(O)cc(C(F)(F)F)c3cc2C1(C)C,test,6.863780086920139
CHEMBL166212,CHEMBL1871,7.64,1998,7.64,C[C@H]1CC[C@H]2Nc3cc4nc(O)cc(C(F)(F)F)c4cc3[C@H]2C1,test,6.879765067817411
CHEMBL166323,CHEMBL1871,7.515,1998,7.515,Oc1cc(C(F)(F)F)c2cc3c(cc2n1)NCC3,test,6.889657930751411
CHEMBL1782495,CHEMBL1871,5.609999999999999,2011,5.609999999999999,C[C@](O)(CS(=O)(=O)c1ccccc1Cc1ccccc1)C(=O)Nc1ccc(C#N)c(C(F)(F)F)c1,val,6.123506917098359
CHEMBL1783642,CHEMBL1871,5.21,2013,5.21,CC[Si](CC)(c1ccc(OCC(=O)C(C)(C)C)c(C)c1)c1ccc(OCC(=O)C(C)(C)C)c(C)c1,val,5.6776781142208765
CHEMBL1800985,CHEMBL1871,6.16,2010,6.16,CC(C)(C(=O)Nc1nncs1)[C@H]1c2ccccc2Oc2cc(O)ccc21,test,5.62198298647968
CHEMBL1822155,CHEMBL1871,4.775,2011,4.775,COc1ccc(C2Nc3cccc4cccc(c34)N2)cc1O,val,5.756559279868928
CHEMBL1822156,CHEMBL1871,4.62,2011,4.62,Oc1ccc(C2Nc3cccc4cccc(c34)N2)cc1O,val,5.8654912043506435
CHEMBL1822157,CHEMBL1871,4.53,2011,4.53,CC1=NN(c2ccccc2)C(=O)/C1=N\Nc1ccc(C(=O)O)c(O)c1,val,5.666482140537115
CHEMBL182993,CHEMBL1871,6.83,2005,6.83,O=C1[C@@H]2C3C=CC([C@H]4C[C@@H]34)[C@@H]2C(=O)N1c1cccc(C(F)(F)F)c1,val,6.510042905303162
CHEMBL1830789,CHEMBL1871,7.47,2011,7.47,CC1(C)CN(Cc2ccccc2)C(=O)C1Oc1ccc(C#N)c(C(F)(F)F)c1,test,6.483351383310114
CHEMBL1830937,CHEMBL1871,6.53,2011,6.53,COc1ccccc1CN1CC(C)(C)C(Oc2ccc(C#N)c(C(F)(F)F)c2)C1=O,test,6.341779309134048
CHEMBL1830938,CHEMBL1871,6.734999999999999,2011,6.734999999999999,COc1cccc(CN2CC(C)(C)C(Oc3ccc(C#N)c(C(F)(F)F)c3)C2=O)c1,test,6.374028922631159
CHEMBL1830939,CHEMBL1871,6.55,2011,6.55,COc1ccc(CN2CC(C)(C)C(Oc3ccc(C#N)c(C(F)(F)F)c3)C2=O)cc1,test,6.558644183605178
CHEMBL1830940,CHEMBL1871,6.995,2011,6.995,CC1(C)CN(Cc2ccccc2F)C(=O)C1Oc1ccc(C#N)c(C(F)(F)F)c1,test,6.438952387958079
CHEMBL1830941,CHEMBL1871,7.265000000000001,2011,7.265000000000001,CC1(C)CN(Cc2cccc(F)c2)C(=O)C1Oc1ccc(C#N)c(C(F)(F)F)c1,test,6.469980761879019
CHEMBL1830942,CHEMBL1871,6.77,2011,6.77,CC1(C)CN(Cc2ccc(F)cc2)C(=O)C1Oc1ccc(C#N)c(C(F)(F)F)c1,test,6.531486483581038
CHEMBL1830943,CHEMBL1871,7.83,2011,7.83,CC1(C)CN(Cc2ccccc2O)C(=O)C1Oc1ccc(C#N)c(C(F)(F)F)c1,test,6.392741181307853
CHEMBL1830944,CHEMBL1871,7.0909243748081785,2011,7.0909243748081785,CC1(C)CN(Cc2cccc(O)c2)C(=O)C1Oc1ccc(C#N)c(C(F)(F)F)c1,test,6.403432031266987
CHEMBL1830945,CHEMBL1871,7.635,2011,7.635,CC1(C)CN(Cc2ccc(O)cc2)C(=O)C1Oc1ccc(C#N)c(C(F)(F)F)c1,test,6.577950602678795
CHEMBL1830946,CHEMBL1871,7.01,2011,7.01,CSc1ccc(CN2CC(C)(C)C(Oc3ccc(C#N)c(C(F)(F)F)c3)C2=O)cc1,test,6.530166955052071
CHEMBL1830952,CHEMBL1871,7.33,2011,7.33,CC1(C)CN(Cc2nc3ccccc3s2)C(=O)C1Oc1ccc(C#N)c(C(F)(F)F)c1,test,6.294538403631974
CHEMBL1830953,CHEMBL1871,6.49,2011,6.49,Cc1nc(CN2CC(C)(C)C(Oc3ccc(C#N)c(C(F)(F)F)c3)C2=O)cs1,val,6.425146339948108
CHEMBL183173,CHEMBL1871,5.39,2005,5.39,CN1C(=O)C2C=CC1[C@@H]1C(=O)N(c3ccc([N+](=O)[O-])c4ccccc34)C(=O)[C@H]21,test,6.494528567006902
CHEMBL184228,CHEMBL1871,7.98,2004,7.98,CC[C@H]1C[C@@]2(C)C(CC[C@@H]2O)C2CCC3=CC(=O)CCC3=C21,val,6.582526049549485
CHEMBL184313,CHEMBL1871,10.0,2004,10.0,CCCCC[C@H]1C[C@@]2(C)C(CC[C@@H]2O)C2CCC3=CC(=O)CCC3=C21,val,6.534381257200689
CHEMBL185880,CHEMBL1871,5.89,2004,5.89,O=C1[C@H]2[C@H]3CC[C@H](C3)N2C(=O)N1c1ccc([N+](=O)[O-])c2ccccc12,test,6.822669494693212
CHEMBL186254,CHEMBL1871,7.77,2004,7.77,CCCCCCCCCC[C@H]1C[C@@]2(C)C(CC[C@@H]2O)C2CCC3=CC(=O)CCC3=C21,val,6.535283207733295
CHEMBL186467,CHEMBL1871,8.18,2004,8.18,CCCCCCCC[C@H]1C[C@@]2(C)C(CC[C@@H]2O)C2CCC3=CC(=O)CCC3=C21,val,6.535283207733295
CHEMBL189306,CHEMBL1871,8.709999999999999,2004,8.709999999999999,CCCCCCCCCCCC[C@H]1C[C@@]2(C)C(CC[C@@H]2O)C2CCC3=CC(=O)CCC3=C21,val,6.535283207733295
CHEMBL189600,CHEMBL1871,6.52,2004,6.52,N#Cc1ccc(N2C(=O)[C@H]3[C@@H]4C[C@@H](CN4C(=O)c4ccccc4)N3C2=O)cc1C(F)(F)F,test,6.502828471118535
CHEMBL1916242,CHEMBL1871,7.09,2011,7.09,CC1(C)[C@H](NC(=O)c2cnccn2)C(C)(C)[C@H]1Oc1ccc(C#N)c(Cl)c1,val,6.974042704469206
CHEMBL1916246,CHEMBL1871,7.52,2011,7.52,Cc1nnc(C(=O)N[C@H]2C(C)(C)[C@H](Oc3ccc(C#N)c(Cl)c3)C2(C)C)o1,test,6.933831739241443
CHEMBL1924000,CHEMBL1871,5.0,2011,5.0,COC(=O)c1ccc([C@H]2Nc3ccc(C(C)=O)cc3[C@H]3C=CC[C@H]32)cc1,val,5.9630967048303605
CHEMBL1924001,CHEMBL1871,5.0,2011,5.0,CCOC(=O)c1ccc2c(c1)[C@H]1C=CC[C@@H]1[C@@H](c1ccccc1)N2,val,5.771666145826232
CHEMBL1924002,CHEMBL1871,5.0,2011,5.0,NS(=O)(=O)c1ccc2c(c1)[C@@H]1C=CC[C@@H]1[C@@H](c1ccc(Br)cc1)N2,val,6.031890866414114
CHEMBL1924003,CHEMBL1871,4.301029995663981,2011,4.301029995663981,Cc1cc(/C=C/C(=O)O)c(C)n1-c1ccc2c(c1)OCO2,test,5.8895866248915025
CHEMBL1928878,CHEMBL1871,5.92,2011,5.92,O=C1COc2ccc(C3=Nc4ccccc4SC3c3ccccc3)cc2N1,val,5.527178000921228
CHEMBL1928881,CHEMBL1871,5.0,2011,5.0,Cc1cc(-c2ccc3c(c2)NC(=O)CO3)n(-c2ccccc2)n1,test,5.478464674374266
CHEMBL1928882,CHEMBL1871,5.0,2011,5.0,Cc1cc(-c2ccc3c(c2)NC(=O)CO3)n(-c2ccc(F)cc2)n1,test,5.4585638122716365
CHEMBL1929036,CHEMBL1871,5.0,2011,5.0,Cc1ccccc1-n1nc(C(F)(F)F)cc1-c1ccc2c(c1)NC(=O)CO2,test,5.665080784578824
CHEMBL1929039,CHEMBL1871,5.0,2011,5.0,Cc1cc(F)ccc1-n1nc(C(F)(F)F)cc1-c1ccc2c(c1)NC(=O)CO2,test,5.73889127086328
CHEMBL1929040,CHEMBL1871,5.0,2011,5.0,Cc1cc(F)ccc1-n1nc(C(F)(F)F)cc1-c1cc(F)c2c(c1)NC(=O)CO2,test,5.942584152165906
CHEMBL1929041,CHEMBL1871,5.35,2011,5.35,Cc1cc(F)ccc1-n1nc(C(F)(F)F)cc1-c1cc(Cl)c2c(c1)NC(=O)CO2,test,6.04091868417996
CHEMBL1929042,CHEMBL1871,5.0,2011,5.0,Cc1cc(F)ccc1-n1nc(C(F)(F)F)cc1-c1cc(C)c2c(c1)NC(=O)CO2,test,5.930920735357794
CHEMBL1933081,CHEMBL1871,6.01,2012,6.01,CCOC(=O)c1c(-c2ccc([N+](=O)[O-])cc2)c(C)n(CCc2ccccc2)c1C,test,5.867954834974286
CHEMBL1934427,CHEMBL1871,6.62,2012,6.62,CCOC(=O)c1c(C)[nH]c(C)c1-c1ccc([N+](=O)[O-])cc1,test,6.041186264754246
CHEMBL1934428,CHEMBL1871,6.68,2012,6.68,CCOC(=O)c1c(-c2ccc([N+](=O)[O-])cc2)c(C)n(C)c1C,test,6.133205183786463
CHEMBL1934429,CHEMBL1871,5.6777807052660805,2012,5.6777807052660805,CCOC(=O)c1c(-c2ccc([N+](=O)[O-])cc2)c(C)n(-c2ccccc2)c1C,test,5.857123601303433
CHEMBL1946806,CHEMBL1871,6.2,2012,6.2,Cc1nnc(CN2CC(C)(C)[C@@H](Oc3ccc(C#N)c(C(F)(F)F)c3)C2=O)o1,val,6.55577933695351
CHEMBL1957724,CHEMBL1871,5.535,2012,5.535,CC(=O)Nc1ccc(Oc2c(C)nn(-c3ccc(C#N)c(Cl)c3)c2C)nc1,test,6.497753182243814
CHEMBL1957725,CHEMBL1871,5.9350000000000005,2012,5.9350000000000005,Cc1nn(-c2ccc(C#N)c(Cl)c2)c(C)c1Oc1ccc(NC(=O)C(C)(C)C)cn1,test,6.400403889096852
CHEMBL196374,CHEMBL1871,6.8,2010,6.8,Cc1noc(=O)c2ccc(NC(=O)C(O)(CC(C)(C)c3cc(F)ccc3O)C(F)(F)F)cc12,test,6.022413313029599
CHEMBL199899,CHEMBL1871,6.85,2006,6.85,C[C@@H]1CN(c2ccc(C#N)c(C(F)(F)F)c2)[C@@H](C)CN1C(=O)Nc1ccncc1,val,6.55232385110058
CHEMBL201126,CHEMBL1871,5.0,2006,5.0,C[C@@H]1CN(c2ccc(C#N)c(C(F)(F)F)c2)[C@@H](C)CN1C(=O)Nc1ccc[n+]([O-])c1,val,6.588744349249719
CHEMBL2011367,CHEMBL1871,6.43,2012,6.43,CC(C)n1c(=O)n(-c2ccc(C#N)c(C(F)(F)F)c2)c2ccccc21,test,6.6463109214105724
CHEMBL2011369,CHEMBL1871,6.53,2012,6.53,CCn1c(=O)n(-c2ccc(C#N)c(C(F)(F)F)c2)c2ccccc21,test,6.622381028113329
CHEMBL2011372,CHEMBL1871,6.23,2012,6.23,N#Cc1ccc(-n2c(=O)n(Cc3ccccc3)c3ncccc32)cc1C(F)(F)F,val,6.427759291907274
CHEMBL2011374,CHEMBL1871,6.41,2012,6.41,N#Cc1ccc(-n2c(=O)n(Cc3cccnc3)c3ccccc32)cc1C(F)(F)F,test,6.401615753280908
CHEMBL201364,CHEMBL1871,5.301029995663981,2006,5.301029995663981,C[C@]12CCC3C(CC=C4C[C@@H](O)CC[C@@]43CC=O)C1CC[C@@H]2O,test,6.198729489122066
CHEMBL201517,CHEMBL1871,5.75,2006,5.75,CCC[C@]12CC[C@H](O)CC1=CCC1C2CC[C@@]2(C)C1CC[C@@H]2O,test,6.2780871787542045
CHEMBL201569,CHEMBL1871,6.76,2006,6.76,C[C@]12CCC3C(CC=C4C[C@@H](O)CC[C@@]43/C=C\Cl)C1CC[C@@H]2O,test,6.315484127187267
CHEMBL201809,CHEMBL1871,5.43,2006,5.43,CC#C[C@]12CC[C@H](O)CC1=CCC1C2CC[C@@]2(C)C1CC[C@@H]2O,test,6.404130213595494
CHEMBL202007,CHEMBL1871,7.96,2006,7.96,C[C@]12CCC3C(CC=C4C[C@@H](O)CC[C@@]43/C=C\F)C1CC[C@@H]2O,test,6.345747592344781
CHEMBL202400,CHEMBL1871,7.07,2006,7.07,C[C@]12CCC3C(CC=C4C[C@@H](O)CC[C@@]43/C=C/F)C1CC[C@@H]2O,test,6.345747592344781
CHEMBL202415,CHEMBL1871,6.07,2006,6.07,C/C=C/[C@]12CC[C@H](O)CC1=CCC1C2CC[C@@]2(C)C1CC[C@@H]2O,test,6.2709050286239405
CHEMBL202990,CHEMBL1871,6.7,2006,6.7,C[C@@H]1CN(c2ccc(C#N)c(C(F)(F)F)c2)[C@@H](C)CN1C(=O)Nc1ccc(F)cc1F,test,6.5832836448985415
CHEMBL203561,CHEMBL1871,5.76,2006,5.76,C#CC[C@]12CC[C@H](O)CC1=CCC1C2CC[C@@]2(C)C1CC[C@@H]2O,test,6.302822346437157
CHEMBL203748,CHEMBL1871,8.1,2006,8.1,C=C[C@]12CCC(=O)C=C1CCC1C2CC[C@@]2(C)C1CC[C@@H]2O,test,6.430156785938173
CHEMBL204317,CHEMBL1871,6.92,2006,6.92,C[C@]12CCC3C(CC=C4C[C@@H](O)CC[C@@]43/C=C/Br)C1CC[C@@H]2O,test,6.296030716147493
CHEMBL204389,CHEMBL1871,5.34,2006,5.34,CO/C=C/[C@]12CC[C@H](O)CC1=CCC1C2CC[C@@]2(C)C1CC[C@@H]2O,test,6.2548851897347415
CHEMBL204642,CHEMBL1871,6.77,2006,6.77,C=C[C@]12CC[C@H](O)CC1=CCC1C2CC[C@@]2(C)C1CC[C@]2(C)O,test,6.380202355332932
CHEMBL2086964,CHEMBL1871,4.53,2012,4.53,COc1cc(/C=N/NC(=O)c2cc3c(ccc4ccccc43)o2)cc(OC)c1O,test,5.6152597594935365
CHEMBL2086965,CHEMBL1871,4.895,2012,4.895,O=C(N/N=C/c1cc(Br)ccc1O)c1cc2ccccc2cc1O,val,5.644421793779886
CHEMBL2086967,CHEMBL1871,4.65,2012,4.65,CCCOc1ccc(/C=N/NC(=O)c2cc3c(ccc4ccccc43)o2)cc1,test,5.617801412202262
CHEMBL2112885,CHEMBL1871,7.05,2003,7.05,COc1cccc2c1C(=O)c1c(O)c3c(c(O)c1C2=O)C[C@@](O)(C(=O)CO)C[C@@H]3OC1C[C@H](NCNC(=O)c2cc(COCC#CCN3C(=O)N(c4ccc(C#N)c(C(F)(F)F)c4)C(=O)C3(C)C)ccc2O)[C@H](O)[C@H](C)O1,val,6.0719390821473045
CHEMBL2159545,CHEMBL1871,6.53,2012,6.53,N#Cc1ccc(C2=NOC3CCCCCCC23)cc1C(F)(F)F,val,6.712310628462894
CHEMBL2159546,CHEMBL1871,5.945,2012,5.945,N#Cc1ccc(C2=NOC3CCCCCCC23)c(C(F)(F)F)c1,val,6.507685705883626
CHEMBL2159547,CHEMBL1871,6.15,2012,6.15,O=[N+]([O-])c1ccc(C2=NOC3CCCCCCC23)cc1C(F)(F)F,val,6.4349719160331915
CHEMBL2159548,CHEMBL1871,6.12,2012,6.12,O=[N+]([O-])c1ccc(C2=NOC3CCCCCCC23)c(C(F)(F)F)c1,val,6.480674271530324
CHEMBL2159549,CHEMBL1871,5.390000000000001,2012,5.390000000000001,Fc1ccc(C2=NOC3CCCCCCC23)cc1C(F)(F)F,val,6.094911893571909
CHEMBL2159550,CHEMBL1871,4.88,2012,4.88,Fc1ccc(C2=NOC3CCCCCCC23)c(C(F)(F)F)c1,val,6.145279500325891
CHEMBL2181925,CHEMBL1871,5.93,2012,5.93,O=c1[nH]c2cc(/C=C3\c4ccccc4COc4cc(F)ccc43)ccc2n1[C@H]1C[C@H]2COCCN2C1,val,6.0670873809120485
CHEMBL2181929,CHEMBL1871,4.0,2022,4.0,CC1(C)Oc2cc(NS(C)(=O)=O)ccc2N(c2ccc(F)cc2)C1=O,val,6.05368785007233
CHEMBL218809,CHEMBL1871,7.62,2006,7.62,N#Cc1ccc(N2C(=O)[C@H]3[C@@H]4CC[C@@H](C4)N3C2=O)c2ccccc12,test,7.2162318261401195
CHEMBL223813,CHEMBL1871,6.51,2007,6.51,CCCCN(C)C(=O)CCCCCCC[C@@H]1CC2CC(=O)CC[C@]2(C)[C@H]2CC[C@]3(C)[C@@H](O)CC[C@H]3[C@H]12,val,6.323480289996872
CHEMBL224015,CHEMBL1871,6.25,2007,6.25,C[C@]12CC[C@H]3[C@@H]([C@H](CCCCCCCCC[S+]([O-])CCCC(F)(F)C(F)(F)F)CC4CC(=O)CC[C@@]43C)[C@@H]1CC[C@@H]2O,val,6.391458172654738
CHEMBL224047,CHEMBL1871,5.43,2007,5.43,CCCCCCNC(=O)CCCCCCCC1C[C@H]2CC(=O)CC[C@]2(C)[C@H]2CC[C@]3(C)[C@@H](O)CC[C@H]3[C@H]12,val,6.3215863118503215
CHEMBL224216,CHEMBL1871,5.0,2007,5.0,CCCCCCN(CCCCCC)C(=O)CCCCCCCC1C[C@H]2CC(=O)CC[C@]2(C)[C@H]2CC[C@]3(C)[C@@H](O)CC[C@H]3[C@H]12,val,6.3393695074702965
CHEMBL224278,CHEMBL1871,5.0,2007,5.0,C[C@]12CC[C@H]3[C@@H]([C@H](CCCCCCCCCCCCC[S+]([O-])CCCC(F)(F)C(F)(F)F)CC4CC(=O)CC[C@@]43C)[C@@H]1CC[C@@H]2O,val,6.391458172654738
CHEMBL224352,CHEMBL1871,6.72,2007,6.72,CCN(CC)C(=O)CCCCCCCC1C[C@H]2CC(=O)CC[C@]2(C)[C@H]2CC[C@]3(C)[C@@H](O)CC[C@H]3[C@H]12,val,6.357263921638788
CHEMBL224414,CHEMBL1871,6.375,2007,6.375,CC(C)N(C)C(=O)CCCCCCCC1C[C@H]2CC(=O)CC[C@]2(C)[C@H]2CC[C@]3(C)[C@@H](O)CC[C@H]3[C@H]12,val,6.300633177509717
CHEMBL224654,CHEMBL1871,6.015,2007,6.015,C[C@]12CCC(=O)C[C@@H]1CC(CCCCCCCC(=O)N1CCOCC1)[C@@H]1[C@@H]2CC[C@]2(C)[C@@H](O)CC[C@@H]12,val,6.34776741641647
CHEMBL224733,CHEMBL1871,6.465,2007,6.465,C[C@]12CCC(=O)C[C@@H]1CC(CCCCCCCC(N)=O)[C@@H]1[C@@H]2CC[C@]2(C)[C@@H](O)CC[C@@H]12,val,6.313508642182338
CHEMBL224734,CHEMBL1871,5.775,2007,5.775,CCCNC(=O)CCCCCCCC1C[C@H]2CC(=O)CC[C@]2(C)[C@H]2CC[C@]3(C)[C@@H](O)CC[C@H]3[C@H]12,val,6.3414243457270025
CHEMBL224736,CHEMBL1871,5.085,2007,5.085,C[C@]12CC[C@H]3[C@@H]([C@H](CCCCC[S+]([O-])CCCC(F)(F)C(F)(F)F)CC4CC(=O)CC[C@@]43C)[C@@H]1CC[C@@H]2O,val,6.391458172654738
CHEMBL224770,CHEMBL1871,6.51,2007,6.51,CCCCN(C)C(=O)CCCCCCCC1C[C@H]2CC(=O)CC[C@]2(C)[C@H]2CC[C@]3(C)[C@@H](O)CC[C@H]3[C@H]12,val,6.323480289996872
CHEMBL224779,CHEMBL1871,5.995,2007,5.995,CCCCN(C)C(=O)CCCCCCCCC[C@@H]1CC2CC(=O)CC[C@]2(C)[C@H]2CC[C@]3(C)[C@@H](O)CC[C@H]3[C@H]12,val,6.323480289996872
CHEMBL225147,CHEMBL1871,6.83,2007,6.83,CN(C)C(=O)CCCCCCC1C[C@H]2CC(=O)CC[C@]2(C)[C@H]2CC[C@]3(C)[C@@H](O)CC[C@H]3[C@H]12,val,6.363865224198639
CHEMBL229264,CHEMBL1871,8.68,2007,8.68,Cc1c(N2C(=O)[C@@H]3[C@H](O)CCN3C2=O)ccc(C#N)c1Cl,val,7.9908289829617996
CHEMBL230052,CHEMBL1871,8.82,2007,8.82,N#Cc1ccc(N2C(=O)[C@@H]3[C@H](O)CCN3C2=O)cc1Cl,val,7.691513125637289
CHEMBL230694,CHEMBL1871,8.54,2007,8.54,Cc1c(N2C(=O)[C@@H]3[C@H](O)CCN3C2=O)ccc(C#N)c1C(F)(F)F,val,7.574636840025532
CHEMBL230695,CHEMBL1871,8.43,2007,8.43,COc1c(C#N)ccc(N2C(=O)[C@@H]3[C@H](O)CCN3C2=O)c1C,val,7.42684736547158
CHEMBL231014,CHEMBL1871,8.1,2007,8.1,Cc1c(N2C(=O)[C@@H]3[C@H](O)CCN3C2=O)ccc(C#N)c1C#N,val,7.705624930001655
CHEMBL231015,CHEMBL1871,8.37,2007,8.37,N#Cc1ccc(N2C(=O)[C@@H]3[C@H](O)CCN3C2=O)c(F)c1F,val,7.628520714225874
CHEMBL2311179,CHEMBL1871,8.35,2004,8.35,C[C@]12CCC3=C4CCC(=O)C=C4CC[C@H]3[C@@H]1CC[C@@H]2O,val,6.571038890651092
CHEMBL231122,CHEMBL1871,9.15,2007,9.15,Cc1c(C#N)ccc(N2C(=O)[C@@H]3[C@H](O)CCN3C2=O)c1Cl,val,7.839081748138398
CHEMBL231327,CHEMBL1871,8.1,2007,8.1,COc1c(N2C(=O)[C@@H]3[C@H](O)CCN3C2=O)ccc(C#N)c1C(F)(F)F,val,7.379952779011458
CHEMBL231328,CHEMBL1871,7.85,2007,7.85,CCc1cc(C#N)ccc1N1C(=O)[C@@H]2[C@H](O)CCN2C1=O,val,7.1874002459788136
CHEMBL2316535,CHEMBL1871,4.92,2013,4.92,c1ccc(CCCSc2nc3ccccc3[nH]2)cc1,val,5.529019806539137
CHEMBL2316536,CHEMBL1871,3.6989700043360183,2013,3.6989700043360183,c1ccc(NCCSc2nc3ccccc3[nH]2)cc1,test,5.7166514487212075
CHEMBL2316537,CHEMBL1871,3.6989700043360183,2013,3.6989700043360183,c1ccc(OCCCSc2nc3ccccc3[nH]2)cc1,test,5.3256969735610316
CHEMBL2316556,CHEMBL1871,3.6989700043360183,2013,3.6989700043360183,c1ccc(OCCNc2nc3ccccc3[nH]2)cc1,test,5.597112058727483
CHEMBL2334339,CHEMBL1871,5.17,2013,5.17,CC[Si](CC)(c1ccc(OCC(O)CO)c(C)c1)c1ccc(OCC(O)C(C)(C)C)c(C)c1,val,5.919224121531565
CHEMBL2334342,CHEMBL1871,5.24,2013,5.24,CC[Si](CC)(c1ccc(OC[C@@H](O)CO)c(C)c1)c1ccc(OC[C@H](O)C(C)(C)C)c(C)c1,val,5.919224121531565
CHEMBL2334343,CHEMBL1871,5.08,2013,5.08,CC[Si](CC)(c1ccc(OC[C@@H](O)CO)c(C)c1)c1ccc(OC[C@@H](O)C(C)(C)C)c(C)c1,val,5.919224121531565
CHEMBL2334344,CHEMBL1871,5.17,2013,5.17,CC[Si](CC)(c1ccc(OC[C@H](O)CO)c(C)c1)c1ccc(OC[C@H](O)C(C)(C)C)c(C)c1,val,5.919224121531565
CHEMBL2334345,CHEMBL1871,5.13,2013,5.13,CC[Si](CC)(c1ccc(OC[C@H](O)CO)c(C)c1)c1ccc(OC[C@@H](O)C(C)(C)C)c(C)c1,val,5.919224121531565
CHEMBL2334346,CHEMBL1871,5.0,2013,5.0,CC[Si](CC)(c1ccc(O)c(C)c1)c1ccc(OC[C@H](O)C(C)(C)C)c(C)c1,val,5.8557645151912885
CHEMBL2334347,CHEMBL1871,5.0,2013,5.0,CC[Si](CC)(c1ccc(NC[C@H](O)CO)c(C)c1)c1ccc(OCC(=O)C(C)(C)C)c(C)c1,val,5.781603209441892
CHEMBL2334348,CHEMBL1871,5.0,2013,5.0,CC[Si](CC)(c1ccc(NC[C@@H](O)CO)c(C)c1)c1ccc(OCC(=O)C(C)(C)C)c(C)c1,val,5.781603209441892
CHEMBL2334349,CHEMBL1871,5.0,2013,5.0,CC[Si](CC)(c1ccc(OCC(=O)C(C)(C)C)c(C)c1)c1ccc(OC[C@@H](O)CO)c(C)c1,val,5.76355757987668
CHEMBL2334724,CHEMBL1871,5.4,2013,5.4,CC[Si](CC)(c1ccc(OCC(=O)C(C)(C)C)c(C)c1)c1ccc(OC[C@H](O)CO)c(C)c1,val,5.76355757987668
CHEMBL2337505,CHEMBL1871,6.365,2013,6.365,N#Cc1ccc(N2CCC(O)(Cc3ccccc3)C2)cc1Cl,test,6.663791545480433
CHEMBL2337507,CHEMBL1871,6.515,2013,6.515,N#Cc1ccc(N2CCC(O)(c3ccccc3)C2)cc1Cl,test,6.804684964547298
CHEMBL2337508,CHEMBL1871,7.18,2013,7.18,N#Cc1ccc(N2CCC(O)(c3ccc(F)cc3)C2)cc1Cl,test,6.855975386503887
CHEMBL2337509,CHEMBL1871,7.93,2013,7.93,C[C@@H]1N(c2ccc(C#N)c(Cl)c2)CC[C@@]1(O)c1ccc(F)cc1,test,7.1869565465668455
CHEMBL2337510,CHEMBL1871,7.67,2013,7.67,C[C@@H]1N(c2ccc(C#N)c(Cl)c2)CC[C@@]1(O)c1ccc(C(N)=O)cc1,test,6.946401056012045
CHEMBL2337511,CHEMBL1871,7.875,2013,7.875,CNC(=O)c1ccc([C@]2(O)CCN(c3ccc(C#N)c(Cl)c3)[C@H]2C)cc1,test,7.031388214100026
CHEMBL2337513,CHEMBL1871,7.0,2013,7.0,CNC(=O)c1ccc([C@]2(O)CCN(c3ccc(C#N)c(Cl)c3)[C@H]2C)cn1,test,6.954366920640023
CHEMBL2337514,CHEMBL1871,5.645,2013,5.645,C[C@@H]1N(c2ccc(C#N)c(Cl)c2)CC[C@@]1(O)c1ccc(C(=O)N(C)C)nc1,test,6.853519447456387
CHEMBL2337515,CHEMBL1871,5.8,2013,5.8,CNC(=O)c1ccc([C@@]2(O)CCN(c3ccc(C#N)c(Cl)c3)[C@@H]2C)cn1,test,6.954366920640023
CHEMBL2337517,CHEMBL1871,6.77,2013,6.77,CNC(=O)c1ccc([C@]2(O)CCN(c3ccc(C#N)c(OC)c3)[C@H]2C)cn1,test,6.671533025866353
CHEMBL2337518,CHEMBL1871,5.5649999999999995,2013,5.5649999999999995,CNC(=O)c1ccc([C@]2(O)CCN(c3ccc(C#N)cc3)[C@H]2C)cn1,test,6.557765555531522
CHEMBL2337519,CHEMBL1871,5.925,2013,5.925,CNC(=O)c1ccc([C@]2(O)CCN(c3ccc(C#N)c(F)c3)[C@H]2C)cn1,test,6.793749445469585
CHEMBL2346971,CHEMBL1871,4.97,2013,4.97,OC1(c2cccnc2)CCN(c2ccc3nnc(C(F)(F)F)n3n2)CC1,test,6.06732599994216
CHEMBL2346972,CHEMBL1871,5.23,2013,5.23,Fc1ccc(CN2CCN(C3=Nn4c(nnc4C(F)(F)F)CC3)CC2)cc1,test,5.92788371500655
CHEMBL2346976,CHEMBL1871,5.704999927959353,2013,5.704999927959353,CC(=O)N1CCN(CCOc2ccc(C3CCN(C4=Nn5c(nnc5C(F)(F)F)CC4)CC3)cc2)CC1,test,5.895187854421767
CHEMBL234988,CHEMBL1871,6.0,2007,6.0,Nc1c(C(=O)NCC(O)(CC2(c3cc(F)ccc3Cl)CCC2)C(F)(F)F)cnn1-c1ccccc1,val,5.78844926838416
CHEMBL235003,CHEMBL1871,6.16,2007,6.16,C[C@]12CCC(=O)C[C@@H]1C[C@@H](CCCCCCCC(=O)O)[C@@H]1[C@@H]2CC[C@]2(C)[C@@H](O)CC[C@@H]12,val,6.335405438441465
CHEMBL235208,CHEMBL1871,6.0,2007,6.0,COc1ccc(F)cc1C(C)(C)CC(O)(CNC(=O)c1cnn(-c2ccc(F)cc2)c1N)C(F)(F)F,val,5.585169296276358
CHEMBL2356368,CHEMBL1871,4.58,2017,4.58,O=C1c2ccccc2C(=O)N1c1nc(-c2ccc(Cl)cc2)cs1,test,5.90128174507675
CHEMBL2357456,CHEMBL1871,4.54,2017,4.54,O=C1c2ccccc2C(=O)N1c1nc(-c2ccc(F)cc2)cs1,test,5.753502545343028
CHEMBL236699,CHEMBL1871,5.695,2007,5.695,C[C@]12CCC(=O)C[C@@H]1C[C@@H](CCCCCCCCC(CCCC(F)(F)C(F)(F)F)C(=O)O)[C@@H]1[C@@H]2CC[C@]2(C)[C@@H](O)CC[C@@H]12,val,6.275881004459388
CHEMBL2397337,CHEMBL1871,5.01,2013,5.01,CCS(=O)(=O)Nc1cccc(-c2cc(=O)n(-c3ccc4ccccc4c3)nc2C)c1,test,5.491080271690364
CHEMBL239957,CHEMBL1871,6.0,2007,6.0,Cn1c(C#N)ccc1-c1ccc2[nH]c(=S)n(C3CCCC3)c2c1,test,6.786381210180517
CHEMBL2403349,CHEMBL1871,5.72,2013,5.72,CC[Si](CC)(c1ccc(O)c(C)c1)c1ccc(O)c(C)c1,val,5.854837732286648
CHEMBL2403350,CHEMBL1871,5.09,2013,5.09,CCCC[Si](CCCC)(c1ccc(O)c(C)c1)c1ccc(O)c(C)c1,val,5.886677055998375
CHEMBL2426636,CHEMBL1871,5.6,2013,5.6,CCCC(c1ccc2c(cnn2-c2ccc(F)cc2)c1)C(C)(C)C(=O)Nc1nncs1,test,5.428817100173222
CHEMBL2440233,CHEMBL1871,4.52,2013,4.52,O=C(O[C@H]1C(=O)C=CN(C(=O)/C=C/c2ccccc2)[C@@H]1c1ccccc1)c1ccc(F)cc1C(F)(F)F,test,5.885352646731626
CHEMBL2441091,CHEMBL1871,5.0,2013,5.0,COc1cccc(C(=O)Nc2cnc(Oc3ccc(O)cc3)nc2)c1,test,5.561287352003399
CHEMBL2441093,CHEMBL1871,5.0,2013,5.0,COc1cccc(C(=O)Nc2ccc(Oc3ccc(O)cc3)nc2)c1,val,5.596122396434098
CHEMBL245378,CHEMBL1871,5.86,2007,5.86,C[C@]12CC[C@H]3[C@@H](CC=C4[C@H]5CC[C@]43CC[C@@H]5O)[C@@H]1CC[C@@H]2O,test,6.478443183397399
CHEMBL245575,CHEMBL1871,5.95,2007,5.95,C[C@]12CC[C@H]3[C@@H](CC=C4[C@H]5CC[C@]43CC[C@H]5O)[C@@H]1CC[C@@H]2O,test,6.478443183397399
CHEMBL245576,CHEMBL1871,6.0,2007,6.0,C[C@]12CC[C@H]3[C@@H](CC=C4[C@@H]5C(=O)CC[C@@]43C[C@H]5O)[C@@H]1CC[C@@H]2O,val,6.461702510339669
CHEMBL245577,CHEMBL1871,6.0,2007,6.0,C[C@]12CC[C@H]3[C@@H](CC=C4[C@@H]5C(=O)CC[C@@]43C[C@@H]5O)[C@@H]1CC[C@@H]2O,val,6.461702510339669
CHEMBL246138,CHEMBL1871,7.48,2007,7.48,C=C[C@]12CC[C@H](O)CC1=CC[C@H]1[C@@H]3CC[C@H](O)[C@@]3(C)CC[C@@H]12,test,6.310905301861665
CHEMBL246139,CHEMBL1871,6.14,2007,6.14,C/C=C\[C@]12CC[C@H](O)CC1=CC[C@H]1[C@@H]3CC[C@H](O)[C@@]3(C)CC[C@@H]12,test,6.2709050286239405
CHEMBL246140,CHEMBL1871,8.1,2007,8.1,C=C[C@]12CCC(=O)C=C1CC[C@H]1[C@@H]3CC[C@H](O)[C@@]3(C)CC[C@@H]12,test,6.430156785938173
CHEMBL246607,CHEMBL1871,7.08,2007,7.08,CC[C@@H]1COc2c(ccc3[nH]c(=O)cc(C(F)(F)F)c23)N1,val,6.745565562703226
CHEMBL247453,CHEMBL1871,7.19,2007,7.19,O=c1cc(C(F)(F)F)c2c3c(ccc2[nH]1)N(CC(F)(F)F)[C@H](c1ccccc1)CO3,test,6.5096112994874025
CHEMBL247633,CHEMBL1871,5.0,2007,5.0,CC[C@@H]1COc2c(ccc3[nH]c(=O)cc(C(F)(F)F)c23)N1CC(C)C,val,6.848402493249183
CHEMBL247785,CHEMBL1871,5.82,2007,5.82,O=c1cc(C(F)(F)F)c2c3c(ccc2[nH]1)NCCO3,val,6.6337241705783905
CHEMBL247786,CHEMBL1871,7.14,2007,7.14,C[C@@H]1COc2c(ccc3[nH]c(=O)cc(C(F)(F)F)c23)N1,val,6.746096468112963
CHEMBL247993,CHEMBL1871,5.0,2007,5.0,CCN1c2ccc3[nH]c(=O)cc(C(F)(F)F)c3c2OC[C@H]1C(C)C,val,6.739767718176661
CHEMBL247994,CHEMBL1871,5.0,2007,5.0,C=CCN1c2ccc3[nH]c(=O)cc(C(F)(F)F)c3c2OC[C@H]1C(C)C,val,6.637734875837811
CHEMBL249072,CHEMBL1871,7.005,2007,7.005,CC1CCN(c2cc(C(F)(F)F)c(C#N)cn2)CC1,test,7.051631529309439
CHEMBL250083,CHEMBL1871,5.83,2007,5.83,O=c1cc(C(F)(F)F)c2c3c(ccc2[nH]1)N[C@H](c1ccccc1)CO3,test,6.417816705071803
CHEMBL250084,CHEMBL1871,6.95,2007,6.95,CCC[C@@H]1COc2c(ccc3[nH]c(=O)cc(C(F)(F)F)c23)N1,val,6.700616798572472
CHEMBL250104,CHEMBL1871,5.11,2007,5.11,O=C(O)CCc1cc(Br)c(OCc2cccc(Br)c2)c(Br)c1,test,5.617069136581815
CHEMBL250109,CHEMBL1871,6.77,2007,6.77,C=C[C@]12CC[C@H](O)CC1=CC[C@@H]1[C@@H]2CC[C@@]2(C)[C@H]1CC[C@]2(C)O,test,6.380202355332932
CHEMBL250702,CHEMBL1871,5.0,2007,5.0,CC[C@@H]1COc2c(ccc3[nH]c(=O)cc(C(F)(F)F)c23)N1CC,val,6.872748820371472
CHEMBL250897,CHEMBL1871,5.0,2007,5.0,CC[C@@H]1COc2c(ccc3[nH]c(=O)cc(C(F)(F)F)c23)N1CC(F)(F)F,val,6.924479329430946
CHEMBL251515,CHEMBL1871,5.58,2007,5.58,C=C[C@]12CC[C@@](C)(O)CC1=CC[C@H]1[C@@H]3CC[C@H](O)[C@@]3(C)CC[C@@H]12,test,6.347487758107537
CHEMBL251552,CHEMBL1871,7.565,2007,7.565,N#Cc1ccc(OC2CCCCC2C#N)cc1C(F)(F)F,test,6.773064095094145
CHEMBL253535,CHEMBL1871,8.89,2008,8.89,O=c1cc(C(F)(F)F)c2c3c(ccc2[nH]1)-c1c(O)cccc1OC3,test,6.319804429729329
CHEMBL253744,CHEMBL1871,6.904999999999999,2008,6.904999999999999,COc1cccc2c1-c1ccc3[nH]c(=O)cc(C)c3c1C(C)O2,test,5.8928390800203605
CHEMBL253746,CHEMBL1871,6.95,2008,6.95,COc1cccc2c1-c1ccc3[nH]c(=O)cc(C)c3c1C(OC)O2,test,5.855099262638859
CHEMBL255216,CHEMBL1871,7.404999999999999,2008,7.404999999999999,CC12CCC(C)(O1)[C@H]1C(=O)N(c3ccc(C#N)n4nccc34)C(=O)[C@H]12,test,6.999700522929353
CHEMBL256768,CHEMBL1871,7.7,2008,7.7,COc1c(OC(C)C)ccc2oc(=O)c3c(ccc4[nH]c(=O)cc(C)c43)c12,test,6.165985418348987
CHEMBL256769,CHEMBL1871,8.0,2008,8.0,COc1c(C(=O)OC(F)(F)F)ccc2oc(=O)c3c(ccc4[nH]c(=O)cc(C)c43)c12,test,6.171059288595673
CHEMBL256947,CHEMBL1871,7.23,2008,7.23,COc1cccc2c1-c1ccc3[nH]c(=O)cc(C)c3c1CO2,test,5.9551808230163195
CHEMBL256977,CHEMBL1871,7.21,2008,7.21,CCOc1ccc2oc(=O)c3c(ccc4[nH]c(=O)cc(C)c43)c2c1OC,test,6.14598603486872
CHEMBL257151,CHEMBL1871,7.58,2008,7.58,Cc1cc(=O)[nH]c2ccc3c(c12)COc1cccc(CO)c1-3,test,6.042872115350277
CHEMBL25802,CHEMBL1871,6.41,1999,6.41,Oc1cc(C(F)(F)F)c2cc3c(cc2n1)NC[C@H]1CCCC[C@H]31,val,6.686761318928063
CHEMBL258190,CHEMBL1871,5.89,2008,5.89,COc1cccc2c1-c1ccc3[nH]c(=O)cc(C)c3c1C(O)O2,test,5.87819086895029
CHEMBL258241,CHEMBL1871,7.0,2008,7.0,Cc1cc(=O)[nH]c2ccc3c4cc(F)ccc4oc(=O)c3c12,test,6.316697674615802
CHEMBL258384,CHEMBL1871,6.32,2008,6.32,C=CCC1Oc2cccc(OC)c2-c2ccc3[nH]c(=O)cc(C)c3c21,test,5.820127228325712
CHEMBL258397,CHEMBL1871,7.32,2008,7.32,COc1ccc2oc(=O)c3c(ccc4[nH]c(=O)cc(C)c43)c2c1,test,6.14819994297733
CHEMBL263091,CHEMBL1871,6.3,2010,6.3,COc1ccc(F)cc1C(C)(C)CC(O)(C(=O)Nc1ccc2c(=O)onc(C)c2c1)C(F)(F)F,test,5.969931500317418
CHEMBL263660,CHEMBL1871,6.6,2007,6.6,O=C(CN1c2ccccc2Sc2ccc(C(F)(F)F)cc21)c1cccc2ccccc12,test,5.879900085795706
CHEMBL264131,CHEMBL1871,7.05,2004,7.05,COc1cccc2c1C(=O)c1c(O)c3c(c(O)c1C2=O)C[C@@](O)(C(=O)CO)CC3OC1C[C@H](NCNC(=O)c2cc(COCC#CCN3C(=O)N(c4ccc(C#N)c(C(F)(F)F)c4)C(=O)C3(C)C)ccc2O)[C@H](O)[C@H](C)O1,val,6.0719390821473045
CHEMBL266282,CHEMBL1871,5.91,2003,5.91,C=CCC1Oc2cccc(OC)c2-c2ccc3c(c21)C(C)=CC(C)(C)N3,val,5.738459698844092
CHEMBL266709,CHEMBL1871,5.69,2003,5.69,C=CCC1Oc2cccc(O)c2-c2ccc3c(c21)C(C)=CC(C)(C)N3,val,5.880083779476279
CHEMBL267231,CHEMBL1871,7.02,2003,7.02,C=CCC1Oc2cccc(OC(F)F)c2-c2ccc3c(c21)C(C)=CC(C)(C)N3,val,5.866588770226396
CHEMBL267940,CHEMBL1871,6.62,2003,6.62,C=CCC1Oc2cccc(C=C)c2-c2ccc3c(c21)C(C)=CC(C)(C)N3,val,5.918729995267217
CHEMBL268239,CHEMBL1871,5.88,2003,5.88,C=CCC1Oc2cccc(CO)c2-c2ccc3c(c21)C(C)=CC(C)(C)N3,val,5.89482744679766
CHEMBL271261,CHEMBL1871,7.365,2008,7.365,CC12CCC(C)(O1)[C@H]1C(=O)N(c3c(N)ccc4nccn34)C(=O)[C@H]12,test,6.490539083949982
CHEMBL271262,CHEMBL1871,7.345,2008,7.345,CC12CCC(C)(O1)[C@H]1C(=O)N(c3c(N)ccc4ncsc34)C(=O)[C@H]12,val,6.445932845431705
CHEMBL27297,CHEMBL1871,7.875,1999,7.875,CCC1CCNc2cc3c(cc21)c(C(F)(F)F)cc(=O)n3C,test,6.8567234985685035
CHEMBL27413,CHEMBL1871,6.625,1999,6.625,CCC1CCN(C)c2cc3c(cc21)c(C(F)(F)F)cc(=O)n3C,test,6.8237175512757196
CHEMBL276621,CHEMBL1871,5.2,2007,5.2,CCCCNC(=O)CCCCCCCC1C[C@H]2CC(=O)CC[C@]2(C)[C@H]2CC[C@]3(C)[C@@H](O)CC[C@H]3[C@H]12,val,6.325353373246329
CHEMBL27759,CHEMBL1871,5.0,2022,5.0,Nc1ccccc1NC(=O)c1ccc(CNC(=O)OCc2cccnc2)cc1,test,5.566654525849107
CHEMBL27769,CHEMBL1871,8.46,1998,8.46,C[C@]12CCC(=O)C[C@@H]1CC[C@@H]1[C@@H]2CC[C@]2(C)[C@@H](O)CC[C@@H]12,val,6.491953801943643
CHEMBL286446,CHEMBL1871,6.21,1998,6.21,CC1=CC(C)(C)Nc2ccc3c(c21)C(C)Oc1ccc(Cl)cc1-3,val,6.16389550901636
CHEMBL292284,CHEMBL1871,8.21,2003,8.21,CC(=O)C[C@]1(C(C)=O)CC[C@H]2C3C[C@H](C)C4=CC(=O)CC[C@]4(C)[C@H]3CC[C@@]21C,test,6.284754362712044
CHEMBL302870,CHEMBL1871,8.4,1999,8.4,C[C@]1(O)CCC2C3CCC4=CC(=O)CC[C@]4(C)[C@@]3(F)[C@@H](O)C[C@@]21C,test,6.359888528846691
CHEMBL3039217,CHEMBL1871,6.41,2016,6.41,CC(C)c1ccc2c(c1O)CC[C@H]1C3=C(CC[C@]21C)C(=O)OC3,val,6.163008902709952
CHEMBL3084525,CHEMBL1871,8.3,2009,8.3,N#Cc1ccc(N2[C@@H]3CC[C@H]2C[C@@H](O)C3)c2ccccc12,test,7.317032951922624
CHEMBL308938,CHEMBL1871,6.0,2004,6.0,N#Cc1cccc(-c2ccc3c(c2)C2(CCCCC2)C(=O)N3)c1,test,6.314438704098472
CHEMBL310370,CHEMBL1871,5.0,2002,5.0,O=C1C=C2CCc3cc(O)ccc3[C@@]2(Cc2ccccc2)CC1,test,5.79478565010199
CHEMBL3132973,CHEMBL1871,5.52,2013,5.52,CC(C)C[C@H](NC(=O)[C@H](CS)NC(=O)[C@@H](NC(=O)[C@H](Cc1ccccc1)NC(=O)[C@H](Cc1ccc(O)cc1)NC(=O)[C@H](CS)NC(=O)[C@H](C)N)C(C)C)C(=O)N[C@@H](Cc1ccccc1)C(=O)N[C@@H](CCC(=O)O)C(=O)NCC(=O)N[C@@H](CC(N)=O)C(=O)N[C@@H](CC(=O)O)C(=O)N[C@@H](CCC(=O)O)C(=O)N[C@@H](CCC(=O)O)C(=O)N[C@H](C(=O)N[C@@H](CS)C(=O)N[C@@H](CCCCN)C(=O)N[C@@H](CCC(=O)O)C(=O)N[C@@H](Cc1c[nH]c2ccccc12)C(=O)N[C@@H](CS)C(=O)O)[C@@H](C)O,test,5.643335217893976
CHEMBL3132974,CHEMBL1871,5.4,2013,5.4,CC(C)C[C@H](NC(=O)[C@H](CS)NC(=O)[C@H](Cc1ccccc1)NC(=O)[C@H](Cc1ccccc1)NC(=O)[C@H](Cc1ccc(O)cc1)NC(=O)[C@H](CS)NC(=O)[C@H](C)N)C(=O)N[C@@H](Cc1ccccc1)C(=O)N[C@@H](CCC(=O)O)C(=O)NCC(=O)N[C@@H](CC(N)=O)C(=O)N[C@@H](CC(=O)O)C(=O)N[C@@H](CCC(=O)O)C(=O)N[C@@H](CCC(=O)O)C(=O)N[C@H](C(=O)N[C@@H](CS)C(=O)N[C@@H](CCCCN)C(=O)N[C@@H](CCC(=O)O)C(=O)N[C@@H](Cc1c[nH]c2ccccc12)C(=O)N[C@@H](CS)C(=O)O)[C@@H](C)O,test,5.627070604823124
CHEMBL3132976,CHEMBL1871,5.52,2013,5.52,CC(C)C[C@H](NC(=O)[C@H](CS)NC(=O)[C@H](CC(N)=O)NC(=O)[C@H](Cc1ccc(Cl)cc1)NC(=O)[C@H](Cc1ccc(O)cc1)NC(=O)[C@H](CS)NC(=O)[C@H](C)N)C(=O)N[C@@H](Cc1ccccc1)C(=O)N[C@@H](CCC(=O)O)C(=O)NCC(=O)N[C@@H](CC(N)=O)C(=O)N[C@@H](CC(=O)O)C(=O)N[C@@H](CCC(=O)O)C(=O)N[C@@H](CCC(=O)O)C(=O)N[C@H](C(=O)N[C@@H](CS)C(=O)N[C@@H](CCCCN)C(=O)N[C@@H](CCC(=O)O)C(=O)N[C@@H](Cc1c[nH]c2ccccc12)C(=O)N[C@@H](CS)C(=O)O)[C@@H](C)O,test,5.671502032553635
CHEMBL3132977,CHEMBL1871,6.22,2013,6.22,CC(C)C[C@H](NC(=O)[C@H](CS)NC(=O)[C@H](CC(N)=O)NC(=O)[C@H](Cc1ccccc1)NC(=O)[C@H](Cc1ccc(O)cc1)NC(=O)[C@H](CS)NC(=O)[C@H](C)N)C(=O)N[C@@H](Cc1ccc(Cl)cc1)C(=O)N[C@@H](CCC(=O)O)C(=O)NCC(=O)N[C@@H](CC(N)=O)C(=O)N[C@@H](CC(=O)O)C(=O)N[C@@H](CCC(=O)O)C(=O)N[C@@H](CCC(=O)O)C(=O)N[C@H](C(=O)N[C@@H](CS)C(=O)N[C@@H](CCCCN)C(=O)N[C@@H](CCC(=O)O)C(=O)N[C@@H](Cc1c[nH]c2ccccc12)C(=O)N[C@@H](CS)C(=O)O)[C@@H](C)O,test,5.671502032553635
CHEMBL3132978,CHEMBL1871,5.52,2013,5.52,CC(C)C[C@H](NC(=O)[C@H](CS)NC(=O)[C@H](CC(N)=O)NC(=O)[C@H](Cc1ccccc1)NC(=O)[C@H](Cc1ccc(O)cc1)NC(=O)[C@H](CS)NC(=O)[C@H](C)N)C(=O)N[C@@H](Cc1ccccc1Cl)C(=O)N[C@@H](CCC(=O)O)C(=O)NCC(=O)N[C@@H](CC(N)=O)C(=O)N[C@@H](CC(=O)O)C(=O)N[C@@H](CCC(=O)O)C(=O)N[C@@H](CCC(=O)O)C(=O)N[C@H](C(=O)N[C@@H](CS)C(=O)N[C@@H](CCCCN)C(=O)N[C@@H](CCC(=O)O)C(=O)N[C@@H](Cc1c[nH]c2ccccc12)C(=O)N[C@@H](CS)C(=O)O)[C@@H](C)O,test,5.706339437657002
CHEMBL3132979,CHEMBL1871,5.52,2013,5.52,CC(C)C[C@H](NC(=O)[C@H](CS)NC(=O)[C@H](CC(N)=O)NC(=O)[C@H](CC1CCCCC1)NC(=O)[C@H](Cc1ccc(O)cc1)NC(=O)[C@@H](CS)NC(=O)[C@H](C)N)C(=O)N[C@@H](Cc1ccccc1)C(=O)N[C@@H](CCC(=O)O)C(=O)NCC(=O)N[C@@H](CC(N)=O)C(=O)N[C@@H](CC(=O)O)C(=O)N[C@@H](CCC(=O)O)C(=O)N[C@@H](CCC(=O)O)C(=O)N[C@H](C(=O)N[C@@H](CS)C(=O)N[C@@H](CCCCN)C(=O)N[C@@H](CCC(=O)O)C(=O)N[C@@H](Cc1c[nH]c2ccccc12)C(=O)N[C@@H](CS)C(=O)O)[C@@H](C)O,test,5.673243449736178
CHEMBL3132982,CHEMBL1871,5.39,2013,5.39,CC[C@H](C)[C@H](NC(=O)[C@H](CS)NC(=O)[C@H](Cc1ccccc1)NC(=O)[C@H](CC(C)C)NC(=O)[C@H](CCC(=O)O)NC(=O)[C@H](CS)NC(=O)[C@H](Cc1ccccc1)NC(=O)[C@H](CCCNC(=N)N)NC(=O)[C@@H](N)CC(N)=O)C(=O)N[C@@H](CCC(N)=O)C(=O)NCC(=O)N[C@H](C(=O)NCC(=O)N[C@@H](CC(=O)O)C(=O)N[C@H](C(=O)N[C@@H](CCCCN)C(=O)N[C@@H](C)C(=O)N[C@@H](CS)C(=O)N[C@@H](CCC(=O)O)C(=O)N[C@@H](Cc1c[nH]c2ccccc12)C(=O)N[C@@H](C)C(=O)N[C@@H](CS)C(=O)N[C@@H](CCC(N)=O)C(=O)O)C(C)C)[C@@H](C)O,test,5.657481085011495
CHEMBL3132983,CHEMBL1871,5.68,2013,5.68,CC[C@H](C)[C@H](NC(=O)[C@H](CS)NC(=O)[C@H](Cc1ccccc1)NC(=O)[C@H](CC(C)C)NC(=O)[C@H](CCC(=O)O)NC(=O)[C@H](CS)NC(=O)[C@H](Cc1ccccc1)NC(=O)[C@H](CCCNC(=N)N)NC(=O)[C@@H](N)CC(N)=O)C(=O)N[C@@H](CCC(N)=O)C(=O)N[C@@H](CC(=O)O)C(=O)N[C@H](C(=O)NCC(=O)N[C@@H](CC(=O)O)C(=O)N[C@H](C(=O)N[C@@H](CCCCN)C(=O)N[C@@H](C)C(=O)N[C@@H](CS)C(=O)N[C@@H](CCC(=O)O)C(=O)N[C@@H](Cc1c[nH]c2ccccc12)C(=O)N[C@@H](C)C(=O)N[C@@H](CS)C(=O)N[C@@H](CCC(N)=O)C(=O)O)C(C)C)[C@@H](C)O,test,5.662360065650786
CHEMBL3132984,CHEMBL1871,5.68,2013,5.68,CC[C@H](C)[C@H](NC(=O)[C@H](CS)NC(=O)[C@H](Cc1ccccc1)NC(=O)[C@H](CC(C)C)NC(=O)[C@H](CCC(=O)O)NC(=O)[C@H](CS)NC(=O)[C@H](Cc1ccccc1)NC(=O)[C@H](CCCNC(=N)N)NC(=O)[C@@H](N)CC(N)=O)C(=O)N[C@@H](CCC(=O)O)C(=O)NCC(=O)N[C@H](C(=O)NCC(=O)N[C@@H](CC(=O)O)C(=O)N[C@H](C(=O)N[C@@H](CCCCN)C(=O)N[C@@H](C)C(=O)N[C@@H](CS)C(=O)N[C@@H](CCC(=O)O)C(=O)N[C@@H](Cc1c[nH]c2ccccc12)C(=O)N[C@@H](C)C(=O)N[C@@H](CS)C(=O)N[C@@H](CCC(N)=O)C(=O)O)C(C)C)[C@@H](C)O,test,5.657481085011495
CHEMBL3132985,CHEMBL1871,5.72,2013,5.72,CC[C@H](C)[C@H](NC(=O)[C@H](CS)NC(=O)[C@H](Cc1ccccc1)NC(=O)[C@H](CC(C)C)NC(=O)[C@H](CCC(=O)O)NC(=O)[C@H](CS)NC(=O)[C@H](Cc1ccccc1)NC(=O)[C@H](CCCNC(=N)N)NC(=O)[C@@H](N)CCCCN)C(=O)N[C@@H](CCC(N)=O)C(=O)NCC(=O)N[C@H](C(=O)NCC(=O)N[C@@H](CC(=O)O)C(=O)N[C@H](C(=O)N[C@@H](CCCCN)C(=O)N[C@@H](C)C(=O)N[C@@H](CS)C(=O)N[C@@H](CCC(=O)O)C(=O)N[C@@H](Cc1c[nH]c2ccccc12)C(=O)N[C@@H](C)C(=O)N[C@@H](CS)C(=O)N[C@@H](CCC(N)=O)C(=O)O)C(C)C)[C@@H](C)O,test,5.677262965437587
CHEMBL3132986,CHEMBL1871,4.89,2013,4.89,CC[C@H](C)[C@H](NC(=O)[C@H](CS)NC(=O)[C@H](CC(C)C)NC(=O)[C@H](CC(C)C)NC(=O)[C@H](CCC(=O)O)NC(=O)[C@H](CS)NC(=O)[C@H](CC(C)C)NC(=O)[C@H](CCCNC(=N)N)NC(=O)[C@@H](N)CC(N)=O)C(=O)N[C@@H](CCC(N)=O)C(=O)NCC(=O)N[C@H](C(=O)NCC(=O)N[C@@H](CC(=O)O)C(=O)N[C@H](C(=O)N[C@@H](CCCCN)C(=O)N[C@@H](C)C(=O)N[C@@H](CS)C(=O)N[C@@H](CCC(=O)O)C(=O)N[C@@H](Cc1c[nH]c2ccccc12)C(=O)N[C@@H](C)C(=O)N[C@@H](CS)C(=O)N[C@@H](CCC(N)=O)C(=O)O)C(C)C)[C@@H](C)O,val,5.695381225762709
CHEMBL3132987,CHEMBL1871,5.0,2013,5.0,CC[C@H](C)[C@H](NC(=O)[C@H](CS)NC(=O)[C@H](Cc1ccccc1)NC(=O)[C@H](CC(C)C)NC(=O)[C@H](CCC(=O)O)NC(=O)[C@H](CS)NC(=O)[C@H](Cc1ccccc1)NC(=O)[C@H](CC(C)C)NC(=O)[C@@H](N)CC(N)=O)C(=O)N[C@@H](CCC(N)=O)C(=O)NCC(=O)N[C@H](C(=O)NCC(=O)N[C@@H](CC(=O)O)C(=O)N[C@H](C(=O)N[C@@H](CCCCN)C(=O)N[C@@H](C)C(=O)N[C@@H](CS)C(=O)N[C@@H](CCC(=O)O)C(=O)N[C@@H](Cc1c[nH]c2ccccc12)C(=O)N[C@@H](C)C(=O)N[C@@H](CS)C(=O)N[C@@H](CCC(N)=O)C(=O)O)C(C)C)[C@@H](C)O,test,5.677108043713264
CHEMBL3132988,CHEMBL1871,5.6,2013,5.6,CC[C@H](C)[C@H](NC(=O)[C@H](CS)NC(=O)[C@H](Cc1ccccc1)NC(=O)[C@H](CC(C)C)NC(=O)[C@H](CCC(=O)O)NC(=O)[C@H](CS)NC(=O)[C@H](Cc1ccccc1)NC(=O)[C@H](CCCNC(=N)N)NC(=O)[C@@H](N)CO)C(=O)N[C@@H](CCC(N)=O)C(=O)NCC(=O)N[C@H](C(=O)NCC(=O)N[C@@H](CC(=O)O)C(=O)N[C@H](C(=O)N[C@@H](CCCCN)C(=O)N[C@@H](C)C(=O)N[C@@H](CS)C(=O)N[C@@H](CCC(=O)O)C(=O)N[C@@H](Cc1c[nH]c2ccccc12)C(=O)N[C@@H](C)C(=O)N[C@@H](CS)C(=O)N[C@@H](CCC(N)=O)C(=O)O)C(C)C)[C@@H](C)O,test,5.682115584263684
CHEMBL3132989,CHEMBL1871,5.57,2013,5.57,CC[C@H](C)[C@H](NC(=O)[C@H](CS)NC(=O)[C@H](Cc1ccccc1)NC(=O)[C@H](CC(C)C)NC(=O)[C@H](CCCCN)NC(=O)[C@H](CS)NC(=O)[C@H](Cc1ccccc1)NC(=O)[C@H](CCCNC(=N)N)NC(=O)[C@@H](N)CC(N)=O)C(=O)N[C@@H](CCC(N)=O)C(=O)NCC(=O)N[C@H](C(=O)NCC(=O)N[C@@H](CC(=O)O)C(=O)N[C@H](C(=O)N[C@@H](CCCCN)C(=O)N[C@@H](C)C(=O)N[C@@H](CS)C(=O)N[C@@H](CCC(=O)O)C(=O)N[C@@H](Cc1c[nH]c2ccccc12)C(=O)N[C@@H](C)C(=O)N[C@@H](CS)C(=O)N[C@@H](CCC(N)=O)C(=O)O)C(C)C)[C@@H](C)O,test,5.657481085011495
CHEMBL3132990,CHEMBL1871,5.39,2013,5.39,CC[C@H](C)[C@H](NC(=O)[C@H](CS)NC(=O)[C@H](Cc1ccccc1)NC(=O)[C@H](CCSC)NC(=O)[C@H](CCC(=O)O)NC(=O)[C@H](CS)NC(=O)[C@H](Cc1ccccc1)NC(=O)[C@H](CCCNC(=N)N)NC(=O)[C@@H](N)CC(N)=O)C(=O)N[C@@H](CCC(N)=O)C(=O)NCC(=O)N[C@H](C(=O)NCC(=O)N[C@@H](CC(=O)O)C(=O)N[C@H](C(=O)N[C@@H](CCCCN)C(=O)N[C@@H](C)C(=O)N[C@@H](CS)C(=O)N[C@@H](CCC(=O)O)C(=O)N[C@@H](Cc1c[nH]c2ccccc12)C(=O)N[C@@H](C)C(=O)N[C@@H](CS)C(=O)N[C@@H](CCC(N)=O)C(=O)O)C(C)C)[C@@H](C)O,test,5.698803271651432
CHEMBL3132992,CHEMBL1871,5.64,2013,5.64,CC[C@H](C)[C@H](NC(=O)[C@H](CS)NC(=O)[C@H](Cc1ccccc1)NC(=O)[C@H](CC(C)C)NC(=O)[C@H](CCC(=O)O)NC(=O)[C@H](CS)NC(=O)[C@H](Cc1ccc(Cl)cc1)NC(=O)[C@H](CCCNC(=N)N)NC(=O)[C@@H](N)CC(N)=O)C(=O)N[C@@H](CCC(N)=O)C(=O)NCC(=O)N[C@H](C(=O)NCC(=O)N[C@@H](CC(=O)O)C(=O)N[C@H](C(=O)N[C@@H](CCCCN)C(=O)N[C@@H](C)C(=O)N[C@@H](CS)C(=O)N[C@@H](CCC(=O)O)C(=O)N[C@@H](Cc1c[nH]c2ccccc12)C(=O)N[C@@H](C)C(=O)N[C@@H](CS)C(=O)N[C@@H](CCC(N)=O)C(=O)O)C(C)C)[C@@H](C)O,test,5.697208589543501
CHEMBL3132993,CHEMBL1871,4.5,2013,4.5,CC[C@H](C)[C@H](NC(=O)[C@H](CS)NC(=O)[C@H](Cc1ccc(Cl)cc1)NC(=O)[C@H](CC(C)C)NC(=O)[C@H](CCC(=O)O)NC(=O)[C@H](CS)NC(=O)[C@H](Cc1ccccc1)NC(=O)[C@H](CCCNC(=N)N)NC(=O)[C@@H](N)CC(N)=O)C(=O)N[C@@H](CCC(N)=O)C(=O)NCC(=O)N[C@H](C(=O)NCC(=O)N[C@@H](CC(=O)O)C(=O)N[C@H](C(=O)N[C@@H](CCCCN)C(=O)N[C@@H](C)C(=O)N[C@@H](CS)C(=O)N[C@@H](CCC(=O)O)C(=O)N[C@@H](Cc1c[nH]c2ccccc12)C(=O)N[C@@H](C)C(=O)N[C@@H](CS)C(=O)N[C@@H](CCC(N)=O)C(=O)O)C(C)C)[C@@H](C)O,test,5.697208589543501
CHEMBL3132994,CHEMBL1871,5.66,2013,5.66,CC[C@H](C)[C@H](NC(=O)[C@H](CS)NC(=O)[C@H](Cc1ccccc1)NC(=O)[C@H](CC(C)C)NC(=O)[C@H](CCC(=O)O)NC(=O)[C@H](CS)NC(=O)[C@H](Cc1ccccc1Cl)NC(=O)[C@H](CCCNC(=N)N)NC(=O)[C@@H](N)CC(N)=O)C(=O)N[C@@H](CCC(N)=O)C(=O)NCC(=O)N[C@H](C(=O)NCC(=O)N[C@@H](CC(=O)O)C(=O)N[C@H](C(=O)N[C@@H](CCCCN)C(=O)N[C@@H](C)C(=O)N[C@@H](CS)C(=O)N[C@@H](CCC(=O)O)C(=O)N[C@@H](Cc1c[nH]c2ccccc12)C(=O)N[C@@H](C)C(=O)N[C@@H](CS)C(=O)N[C@@H](CCC(N)=O)C(=O)O)C(C)C)[C@@H](C)O,test,5.722385228797634
CHEMBL3132995,CHEMBL1871,6.4,2013,6.4,CC[C@H](C)[C@H](NC(=O)[C@H](CS)NC(=O)[C@H](Cc1ccccc1Cl)NC(=O)[C@H](CC(C)C)NC(=O)[C@H](CCC(=O)O)NC(=O)[C@H](CS)NC(=O)[C@H](Cc1ccccc1)NC(=O)[C@H](CCCNC(=N)N)NC(=O)[C@@H](N)CC(N)=O)C(=O)N[C@@H](CCC(N)=O)C(=O)NCC(=O)N[C@H](C(=O)NCC(=O)N[C@@H](CC(=O)O)C(=O)N[C@H](C(=O)N[C@@H](CCCCN)C(=O)N[C@@H](C)C(=O)N[C@@H](CS)C(=O)N[C@@H](CCC(=O)O)C(=O)N[C@@H](Cc1c[nH]c2ccccc12)C(=O)N[C@@H](C)C(=O)N[C@@H](CS)C(=O)N[C@@H](CCC(N)=O)C(=O)O)C(C)C)[C@@H](C)O,test,5.722385228797634
CHEMBL3132998,CHEMBL1871,5.52,2013,5.52,CC[C@H](C)[C@H](NC(=O)[C@H](CS)NC(=O)[C@H](Cc1ccccc1)NC(=O)[C@H](CC(C)C)NC(=O)[C@H](CCC(=O)O)NC(=O)[C@H](CS)NC(=O)[C@H](Cc1ccccc1)NC(=O)[C@H](CCCNC(=N)N)NC(=O)[C@@H](N)CC(N)=O)C(=O)N[C@@H](CCC(N)=O)C(=O)NCC(=O)N[C@H](C(=O)N[C@@H](CCC(=O)O)C(=O)N[C@@H](CC(=O)O)C(=O)N[C@H](C(=O)N[C@@H](CCCCN)C(=O)N[C@@H](C)C(=O)N[C@@H](CS)C(=O)N[C@@H](CCC(=O)O)C(=O)N[C@@H](Cc1c[nH]c2ccccc12)C(=O)N[C@@H](C)C(=O)N[C@@H](CS)C(=O)N[C@@H](CCC(N)=O)C(=O)O)C(C)C)[C@@H](C)O,test,5.6661216550391735
CHEMBL3133000,CHEMBL1871,5.77,2013,5.77,CC(C)C[C@H](NC(=O)[C@H](CS)NC(=O)[C@H](CC(N)=O)NC(=O)[C@H](Cc1ccccc1)NC(=O)[C@H](Cc1ccc(O)cc1)NC(=O)[C@H](CS)NC(=O)[C@H](C)N)C(=O)N[C@@H](Cc1ccccc1)C(=O)N[C@@H](CCC(=O)O)C(=O)NCC(=O)N[C@@H](CC(N)=O)C(=O)N[C@@H](CC(=O)O)C(=O)N[C@@H](CCC(=O)O)C(=O)N[C@@H](CCC(=O)O)C(=O)N[C@H](C(=O)N[C@@H](CS)C(=O)N[C@@H](CCCCN)C(=O)N[C@@H](CCC(=O)O)C(=O)N[C@@H](Cc1c[nH]c2ccccc12)C(=O)N[C@@H](CS)C(=O)O)[C@@H](C)O,test,5.627070604823124
CHEMBL3133004,CHEMBL1871,6.7,2013,6.7,CC(C)C[C@H](NC(=O)[C@H](CS)NC(=O)[C@H](CC(N)=O)NC(=O)[C@H](Cc1ccccc1)NC(=O)[C@H](Cc1ccc(O)cc1)NC(=O)[C@H](CS)NC(=O)[C@H](C)N)C(=O)N[C@@H](Cc1ccccc1)C(=O)N[C@@H](CCC(=O)O)C(=O)NCC(=O)N[C@@H](CCC(=O)O)C(=O)N[C@@H](CC(=O)O)C(=O)N[C@@H](CCC(=O)O)C(=O)N[C@@H](CCC(=O)O)C(=O)N[C@H](C(=O)N[C@@H](CS)C(=O)N[C@@H](CCCCN)C(=O)N[C@@H](CCC(=O)O)C(=O)N[C@@H](Cc1c[nH]c2ccccc12)C(=O)N[C@@H](CS)C(=O)O)[C@@H](C)O,test,5.627070604823124
CHEMBL3183409,CHEMBL1871,6.7,2015,6.7,CNC(=O)c1ccc(N2C(=S)N(c3cnc(C#N)c(C(F)(F)F)c3)C(=O)C23CCC3)cc1F,test,6.599076901621282
CHEMBL322108,CHEMBL1871,6.11,1998,6.11,CCCCC1Oc2ccc(OC)cc2-c2ccc3c(c21)C(C)=CC(C)(C)N3,val,5.930788585763349
CHEMBL3221237,CHEMBL1871,7.445,2013,7.445,CN1C(=O)C(F)=C[C@]2(C)[C@H]3CC[C@]4(C)[C@@H](C(=O)NCc5nc6cccnc6[nH]5)CC[C@H]4[C@@H]3CC[C@@H]12,test,6.14557115920995
CHEMBL3233069,CHEMBL1871,8.46,2014,8.46,COc1ccc(OC[C@](C)(O)C(=O)N2CCc3c(C#N)cccc32)c(Cl)c1,test,6.473286825110488
CHEMBL3233070,CHEMBL1871,8.3,2014,8.3,C[C@](O)(COc1ccc(Cl)cc1F)C(=O)N1CCc2c(C#N)cccc21,test,6.506668204841739
CHEMBL3233071,CHEMBL1871,8.04,2014,8.04,C[C@](O)(COc1ccc(Cl)cc1Cl)C(=O)N1CCc2c(C#N)cccc21,test,6.512699738483093
CHEMBL3233072,CHEMBL1871,7.43,2014,7.43,C[C@](O)(COc1ccc(Br)cc1F)C(=O)N1CCc2c(C#N)cccc21,test,6.465127088585692
CHEMBL3238273,CHEMBL1871,7.0,2014,7.0,C[C@](O)(COc1ccccc1)C(=O)N1CCc2c(C#N)cccc21,test,6.344390017783528
CHEMBL3238274,CHEMBL1871,7.9,2014,7.9,C[C@](O)(COc1ccc(F)cc1)C(=O)N1CCc2c(C#N)cccc21,test,6.395159857957783
CHEMBL3238275,CHEMBL1871,7.47,2014,7.47,C[C@](O)(COc1cccc(F)c1)C(=O)N1CCc2c(C#N)cccc21,test,6.452386122822288
CHEMBL3238276,CHEMBL1871,8.0,2014,8.0,C[C@](O)(COc1ccccc1F)C(=O)N1CCc2c(C#N)cccc21,test,6.421427664676228
CHEMBL3238277,CHEMBL1871,7.44,2014,7.44,C[C@](O)(COc1ccc(Cl)cc1)C(=O)N1CCc2c(C#N)cccc21,test,6.476861856993494
CHEMBL3238278,CHEMBL1871,6.97,2014,6.97,C[C@](O)(COc1cccc(Cl)c1)C(=O)N1CCc2c(C#N)cccc21,test,6.4760660550579265
CHEMBL3238279,CHEMBL1871,7.25,2014,7.25,C[C@](O)(COc1ccccc1Cl)C(=O)N1CCc2c(C#N)cccc21,test,6.514585232394115
CHEMBL3238280,CHEMBL1871,8.62,2014,8.62,C[C@](O)(COc1ccc(Br)cc1)C(=O)N1CCc2c(C#N)cccc21,test,6.44120509076185
CHEMBL3238281,CHEMBL1871,7.48,2014,7.48,C[C@](O)(COc1ccc(C(F)(F)F)cc1)C(=O)N1CCc2c(C#N)cccc21,test,6.390030057956133
CHEMBL3238282,CHEMBL1871,6.84,2014,6.84,COc1ccc(OC[C@](C)(O)C(=O)N2CCc3c(C#N)cccc32)cc1,test,6.383878075753907
CHEMBL3238283,CHEMBL1871,6.88,2014,6.88,COC(=O)c1ccc(OC[C@](C)(O)C(=O)N2CCc3c(C#N)cccc32)cc1,test,6.4209453953091495
CHEMBL3238284,CHEMBL1871,6.75,2014,6.75,C[C@](O)(COc1ccc(-c2cocn2)cc1)C(=O)N1CCc2c(C#N)cccc21,test,6.2417576111079685
CHEMBL3238285,CHEMBL1871,7.79,2014,7.79,C[C@](O)(COc1ccc(C#N)cc1)C(=O)N1CCc2c(C#N)cccc21,test,6.416616657270318
CHEMBL3238286,CHEMBL1871,7.21,2014,7.21,C[C@](O)(COc1ccccc1C(F)(F)F)C(=O)N1CCc2c(C#N)cccc21,test,6.4552526605027385
CHEMBL3238287,CHEMBL1871,7.84,2014,7.84,C[C@](O)(COc1ccccc1C#N)C(=O)N1CCc2c(C#N)cccc21,test,6.423605899738823
CHEMBL3238288,CHEMBL1871,8.04,2014,8.04,C[C@](O)(COc1ccc(F)cc1C#N)C(=O)N1CCc2c(C#N)cccc21,test,6.520781415550768
CHEMBL3238289,CHEMBL1871,7.94,2014,7.94,C[C@](O)(COc1ccc(F)cc1Br)C(=O)N1CCc2c(C#N)cccc21,test,6.44848351281722
CHEMBL3238290,CHEMBL1871,7.97,2014,7.97,Cc1cc(F)ccc1OC[C@](C)(O)C(=O)N1CCc2c(C#N)cccc21,test,6.4053964371882435
CHEMBL3238291,CHEMBL1871,8.32,2014,8.32,C[C@](O)(COc1ccc(C#N)cc1Br)C(=O)N1CCc2c(C#N)cccc21,test,6.4142856272525135
CHEMBL3238292,CHEMBL1871,8.49,2014,8.49,C[C@](O)(COc1ccc(C#N)cc1F)C(=O)N1CCc2c(C#N)cccc21,test,6.43509415242644
CHEMBL3238293,CHEMBL1871,7.79,2014,7.79,COc1cc(C#N)ccc1OC[C@](C)(O)C(=O)N1CCc2c(C#N)cccc21,test,6.339665671856214
CHEMBL3238294,CHEMBL1871,6.44,2014,6.44,COc1cc(Cl)ccc1OC[C@](C)(O)C(=O)N1CCc2c(C#N)cccc21,test,6.424142380135239
CHEMBL3238295,CHEMBL1871,6.37,2014,6.37,COc1ccc(OC[C@](C)(O)C(=O)N2CCc3c(C#N)cccc32)c(F)c1,test,6.368240259686875
CHEMBL325221,CHEMBL1871,5.69,1998,5.69,CCCCC1Oc2ccccc2-c2ccc3c(c21)C(C)=CC(C)(C)N3,val,5.911463030376569
CHEMBL326092,CHEMBL1871,5.88,1998,5.88,CCCCC1Oc2ccc(F)cc2-c2ccc3c(c21)C(C)=CC(C)(C)N3,val,6.06941155179498
CHEMBL3261407,CHEMBL1871,6.0,2014,6.0,Cc1cc(C)c(S(=O)(=O)N[C@@H](C)CNc2cccc3c2cnn3-c2ccc(F)cc2)c(C)c1,val,5.485757929526366
CHEMBL3261425,CHEMBL1871,6.0,2014,6.0,Cc1nn(C2CCCC2)c(C)c1S(=O)(=O)N[C@@H](C)CNc1cccc2c1cnn2-c1ccc(F)nc1,test,5.888845043470743
CHEMBL3263755,CHEMBL1871,5.0,2014,5.0,COc1cc(C2=NN(c3ccc(C#N)c(C)n3)[C@@H](C3CCCC3)C2)ccc1C(=O)O,test,5.8533357148624425
CHEMBL3263756,CHEMBL1871,5.0,2014,5.0,Cc1nc(N2N=C(c3ccc(C(=O)O)cc3)C[C@@H]2C2CCCC2)ccc1C#N,test,6.090925124994314
CHEMBL3263768,CHEMBL1871,5.0,2014,5.0,COc1nc(C2=NN(c3ccc(C#N)c(C)c3)[C@@H](C3CCCC3)C2)ccc1C(=O)Nc1nnn[nH]1,test,5.741924728599079
CHEMBL3318054,CHEMBL1871,4.945,2014,4.945,CN(Cc1ccc(Br)o1)C(=O)c1cc2ccc(F)cc2[nH]1,val,5.996163400663303
CHEMBL3318055,CHEMBL1871,5.105,2014,5.105,Cc1ccc(CN(C)C(=O)c2cc3cc(F)ccc3[nH]2)o1,val,5.92942193984675
CHEMBL3318057,CHEMBL1871,5.1850000000000005,2014,5.1850000000000005,COCCN(Cc1ccco1)C(=O)c1cc2cc(F)ccc2[nH]1,val,5.817413863886065
CHEMBL3318058,CHEMBL1871,5.28,2014,5.28,CC(C)N(Cc1ccco1)C(=O)c1cc2cc(C(F)(F)F)ccc2[nH]1,val,5.944876606133694
CHEMBL3318059,CHEMBL1871,5.48,2014,5.48,CN(Cc1ccc(Br)s1)C(=O)c1cc2ccc(F)cc2[nH]1,test,5.929928894090785
CHEMBL3318060,CHEMBL1871,5.365,2014,5.365,CN(Cc1cccs1)C(=O)c1cc2ccc(F)cc2[nH]1,test,5.86008833779811
CHEMBL3318061,CHEMBL1871,5.475,2014,5.475,Cc1ccc(CN(C(=O)c2cc3ccccc3[nH]2)C(C)C)o1,val,5.717242674677862
CHEMBL3318062,CHEMBL1871,5.66,2014,5.66,Cc1ccc2cc(C(=O)N(Cc3ccc(C)o3)C(C)C)[nH]c2c1,val,5.875839964852133
CHEMBL3318063,CHEMBL1871,5.66,2014,5.66,Cc1ccc2[nH]c(C(=O)N(Cc3ccc(C)o3)C(C)C)cc2c1,val,5.857034832130079
CHEMBL3318064,CHEMBL1871,5.904999999999999,2014,5.904999999999999,Cc1ccc2[nH]c(C(=O)N(Cc3ccco3)C(C)C)cc2c1,val,5.812270905642111
CHEMBL3318065,CHEMBL1871,5.91,2014,5.91,Cc1ccc(CN(C(=O)c2cc3cc(F)ccc3[nH]2)C(C)C)o1,val,5.901665276578244
CHEMBL3318066,CHEMBL1871,6.03,2014,6.03,Cc1ccc2cc(C(=O)N(Cc3ccco3)C(C)C)[nH]c2c1,val,5.82920593840645
CHEMBL3318067,CHEMBL1871,5.96,2014,5.96,Cc1ccc(CN(C(=O)c2cc3cccc(F)c3[nH]2)C(C)C)o1,val,5.8240121773271625
CHEMBL3318068,CHEMBL1871,6.08,2014,6.08,Cc1ccc(CN(C(=O)c2cc3ccc(F)cc3[nH]2)C(C)C)o1,val,5.88544615167059
CHEMBL3318069,CHEMBL1871,6.26,2014,6.26,CC(C)N(Cc1ccco1)C(=O)c1cc2cc(F)ccc2[nH]1,val,5.871779888962556
CHEMBL3318070,CHEMBL1871,6.325,2014,6.325,CC(C)N(Cc1ccco1)C(=O)c1cc2ccc(F)cc2[nH]1,val,5.852381259827717
CHEMBL3323469,CHEMBL1871,5.01,2014,5.01,Oc1ccc(-c2ccc3ccccc3n2)cc1,val,5.55684774031408
CHEMBL3323473,CHEMBL1871,6.075,2014,6.075,c1ccc(-c2csc(N3CCCCC3)n2)cc1,test,5.961853292247522
CHEMBL3323483,CHEMBL1871,6.885,2014,6.885,Brc1ncn(-c2csc(N3CCOCC3)n2)c1Br,test,6.159278613374614
CHEMBL3323485,CHEMBL1871,6.484999999999999,2014,6.484999999999999,Cc1scc(-c2csc(N3CCOCC3)n2)c1C,val,6.175730052028434
CHEMBL3323486,CHEMBL1871,6.62,2014,6.62,c1cc(-c2csc(N3CCOCC3)n2)cs1,val,6.083104553071764
CHEMBL3323489,CHEMBL1871,6.42,2014,6.42,Clc1ncn(-c2csc(N3CCOCC3)n2)c1Br,test,6.201896482272201
CHEMBL3323490,CHEMBL1871,6.205,2014,6.205,Clc1ncn(-c2csc(N3CCOCC3)n2)c1Cl,test,6.22669580506656
CHEMBL3323492,CHEMBL1871,6.08,2014,6.08,Clc1cn(-c2csc(N3CCOCC3)n2)cn1,test,6.211844339741996
CHEMBL3323494,CHEMBL1871,5.865,2014,5.865,Clc1c(Br)ncn1-c1csc(N2CCOCC2)n1,test,6.257939323124814
CHEMBL3323495,CHEMBL1871,5.75,2014,5.75,Ic1ncn(-c2csc(N3CCOCC3)n2)c1I,test,6.160718860955372
CHEMBL3323496,CHEMBL1871,5.59,2014,5.59,c1ccc(-c2csc(N3CCOCC3)n2)nc1,val,6.009417561564724
CHEMBL3323497,CHEMBL1871,5.49,2014,5.49,Clc1ncn(-c2csc(N3CCOCC3)n2)c1I,test,6.223465513551866
CHEMBL3323498,CHEMBL1871,5.654999999999999,2014,5.654999999999999,Brc1cn(-c2csc(N3CCOCC3)n2)cn1,test,6.130724210457989
CHEMBL3323502,CHEMBL1871,5.535,2014,5.535,Cc1ncn(-c2csc(N3CCOCC3)n2)c1C,test,6.201710277548758
CHEMBL3337723,CHEMBL1871,5.0,2014,5.0,Cc1[nH]nc(-c2ccc3c(c2)NC(=O)CO3)c1-c1ccc(F)cc1,test,5.468822731251351
CHEMBL3337725,CHEMBL1871,5.0,2014,5.0,Cn1ncc(-c2ccc3c(c2)NC(=O)CO3)c1-c1ccc(F)cc1,val,5.284893162511098
CHEMBL3337726,CHEMBL1871,5.0,2014,5.0,Cc1nn(C)c(-c2ccc(F)cc2)c1-c1ccc2c(c1)NC(=O)CO2,val,5.461544095428036
CHEMBL3337727,CHEMBL1871,5.0,2014,5.0,Cc1nn(C)c(-c2ccc(F)cc2F)c1-c1ccc2c(c1)NC(=O)CO2,val,5.556835163101375
CHEMBL3337728,CHEMBL1871,5.0,2014,5.0,Cc1cc(-c2c(C)nn(C)c2-c2ccc(F)cc2)cc2c1OCC(=O)N2,val,5.69557491822243
CHEMBL3337729,CHEMBL1871,5.0,2014,5.0,CCn1nc(C)c(-c2ccc3c(c2)NC(=O)CO3)c1-c1ccc(F)cc1,val,5.430257816944118
CHEMBL3337730,CHEMBL1871,5.0,2014,5.0,CCCn1nc(C)c(-c2ccc3c(c2)NC(=O)CO3)c1-c1ccc(F)cc1,val,5.4530546592657805
CHEMBL3337733,CHEMBL1871,5.0,2014,5.0,Cc1nn(CCCO)c(-c2ccc(F)cc2)c1-c1ccc2c(c1)NC(=O)CO2,val,5.4047552537530015
CHEMBL3337734,CHEMBL1871,5.0,2014,5.0,Cc1nn(CCCCO)c(-c2ccc(F)cc2)c1-c1ccc2c(c1)NC(=O)CO2,val,5.408189163283356
CHEMBL3337823,CHEMBL1871,5.44,2014,5.44,CCCCn1nc(C)c(-c2ccc3c(c2)NC(=O)CO3)c1-c1ccc(F)cc1,val,5.468541872828714
CHEMBL3337824,CHEMBL1871,5.43,2014,5.43,Cc1nn(CC(C)C)c(-c2ccc(F)cc2)c1-c1ccc2c(c1)NC(=O)CO2,val,5.482425682895311
CHEMBL3337825,CHEMBL1871,5.0,2014,5.0,Cc1nn(CCCC(F)(F)F)c(-c2ccc(F)cc2)c1-c1ccc2c(c1)NC(=O)CO2,val,5.547253390553865
CHEMBL3337827,CHEMBL1871,5.0,2014,5.0,Cc1nn(CCNS(C)(=O)=O)c(-c2ccc(F)cc2)c1-c1ccc2c(c1)NC(=O)CO2,val,5.489672189800071
CHEMBL3337828,CHEMBL1871,5.0,2014,5.0,Cc1nn(CCC#N)c(-c2ccc(F)cc2)c1-c1ccc2c(c1)NC(=O)CO2,val,5.711347044413129
CHEMBL3337829,CHEMBL1871,5.0,2014,5.0,Cc1nn(CC(F)(F)CO)c(-c2ccc(F)cc2)c1-c1ccc2c(c1)NC(=O)CO2,val,5.487664721293094
CHEMBL3337830,CHEMBL1871,5.0,2014,5.0,Cc1nn(CC(F)(F)CCO)c(-c2ccc(F)cc2)c1-c1ccc2c(c1)NC(=O)CO2,val,5.499250516183886
CHEMBL3337831,CHEMBL1871,5.04,2014,5.04,Cc1nn(CCC(C)(F)F)c(-c2ccc(F)cc2)c1-c1ccc2c(c1)NC(=O)CO2,val,5.517825749137198
CHEMBL3337832,CHEMBL1871,5.0,2014,5.0,Cc1nn(CCC(F)(F)CO)c(-c2ccc(F)cc2)c1-c1ccc2c(c1)NC(=O)CO2,val,5.522090927858992
CHEMBL3410852,CHEMBL1871,7.18,2015,7.18,N#Cc1ccc(N2C3CCC2CC(=O)C3)cc1C(F)(F)F,val,6.969364793187489
CHEMBL3427044,CHEMBL4523653,7.4,2016,7.4,COC(=O)c1ccc(NC(=O)c2ccc([N+](=O)[O-])c(OCC(C)C)c2)c(OCC(C)C)c1,test,6.002291453329397
CHEMBL343306,CHEMBL1871,6.68,2002,6.68,CC1(C)OC(=O)Nc2ccc(-c3ccc(F)c(Cl)c3)cc21,val,6.2035916260831385
CHEMBL346827,CHEMBL1871,7.345000000000001,1998,7.345000000000001,Cn1c(=O)cc(C(F)(F)F)c2cc3c(cc21)NC(C)(C)CC3,test,6.9387070169836464
CHEMBL349229,CHEMBL1871,7.77,1998,7.77,C[C@@H]1CNc2cc3nc(O)cc(C(F)(F)F)c3cc21,test,6.8751990522605
CHEMBL350932,CHEMBL1871,8.3,1998,8.3,Oc1cc(C(F)(F)F)c2cc3c(cc2n1)N[C@@H]1CCCC[C@H]31,test,6.779755158647687
CHEMBL351022,CHEMBL1871,7.775,1998,7.775,CC1(C)CNc2cc3nc(O)cc(C(F)(F)F)c3cc21,test,6.849237514275684
CHEMBL351447,CHEMBL1871,7.68,1998,7.68,C[C@]12CCCC[C@H]1Nc1cc3nc(O)cc(C(F)(F)F)c3cc12,test,6.85641408181381
CHEMBL351465,CHEMBL1871,8.075,1998,8.075,C[C@@H]1Cc2cc3c(C(F)(F)F)cc(O)nc3cc2N1,test,6.9556984203427366
CHEMBL352002,CHEMBL1871,7.455,1998,7.455,Cc1c2c(cc3c(C(F)(F)F)cc(=O)n(C)c13)C(C)CC(C)(C)N2,test,6.608561442283988
CHEMBL3578271,CHEMBL1871,5.51,2015,5.51,C[C@H](c1ccc(F)cc1)N1C(=O)O[C@](Cc2ccccc2)(c2nc3cc(Cl)ccc3[nH]2)C1=O,test,5.6232463128488535
CHEMBL3578274,CHEMBL1871,5.52,2015,5.52,C[C@H](c1ccc(F)cc1)N1C(=O)O[C@](Cc2ccccc2)(c2nc3cc(C(F)(F)F)ccc3[nH]2)C1=O,test,5.613122639370496
CHEMBL3578276,CHEMBL1871,4.89,2015,4.89,C[C@H](c1ccc(F)cc1)N1C(=O)O[C@](Cc2ccccc2)(c2nc3cc(NS(C)(=O)=O)ccc3[nH]2)C1=O,test,5.592318708994895
CHEMBL3578286,CHEMBL1871,5.43,2015,5.43,C[C@H](c1ccc(F)cc1)N1C(=O)O[C@](Cc2ccccc2)(c2nc3cc(-c4cccnc4)ccc3[nH]2)C1=O,test,5.542618932573861
CHEMBL3578295,CHEMBL1871,4.96,2015,4.96,C[C@H](c1ccc(F)cc1)N1C(=O)O[C@](Cc2ccccc2)(c2nc3c(NS(C)(=O)=O)cccc3[nH]2)C1=O,test,5.623590440700643
CHEMBL3582112,CHEMBL1871,5.638272163982407,2015,5.638272163982407,Cc1noc(C)c1-c1cc2c(c3c1CCC3)NC(C)(C)C(=O)C2(C)C,test,6.168170409796922
CHEMBL3588959,CHEMBL1871,7.02,2015,7.02,CNC(=O)c1ccc(N2C(=S)N(c3ccc(C#N)c(C(F)(F)F)c3)C(=O)[C@@H]2C)cc1F,test,6.701660369151084
CHEMBL3588960,CHEMBL1871,7.17,2015,7.17,CNC(=O)c1ccc(N2C(=S)N(c3ccc(C#N)c(C(F)(F)F)c3)C(=O)C2(C)COC)cc1F,test,6.54904660405839
CHEMBL3588961,CHEMBL1871,7.39,2015,7.39,CNC(=O)c1ccc(N2C(=S)N(c3ccc(C#N)c(C(F)(F)F)c3)C(=O)[C@@]2(C)COC)cc1F,test,6.54904660405839
CHEMBL3588962,CHEMBL1871,6.1,2015,6.1,CNC(=O)c1ccc(N2C(=S)N(c3ccc(C#N)c(C(F)(F)F)c3)C(=O)[C@]2(C)COC)cc1F,test,6.54904660405839
CHEMBL3588964,CHEMBL1871,6.63,2015,6.63,CCOC(=O)CC1(C)C(=O)N(c2ccc(C#N)c(C(F)(F)F)c2)C(=S)N1c1ccc(C(=O)NC)c(F)c1,test,6.534154235182855
CHEMBL3588965,CHEMBL1871,7.36,2015,7.36,CNC(=O)c1ccc(N2C(=S)N(c3ccc(C#N)c(C(F)(F)F)c3)C(=O)C2(C)CO)cc1F,test,6.6027935801509345
CHEMBL3588967,CHEMBL1871,6.23,2015,6.23,CNC(=O)c1ccc(N2C(=S)N(c3ccc(C#N)c(C(F)(F)F)c3)C(=O)C2(COC)COC)cc1F,test,6.53267439469085
CHEMBL3589390,CHEMBL1871,6.59,2015,6.59,CNC(=O)c1ccc(N2C(=S)N(c3ccc(C#N)c(C(F)(F)F)c3)C(=O)C2C)cc1F,test,6.701660369151084
CHEMBL3589391,CHEMBL1871,6.32,2015,6.32,CNC(=O)c1ccc(N2C(=S)N(c3ccc(C#N)c(C(F)(F)F)c3)C(=O)[C@H]2C)cc1F,test,6.701660369151084
CHEMBL3590187,CHEMBL1871,7.35,2014,7.35,CCC(=O)O[C@]1(C(=O)CO)CC[C@H]2[C@@H]3CCC4=CC(=O)CC[C@]4(C)[C@H]3CC[C@@]21C,test,6.094553900831836
CHEMBL3605562,CHEMBL1871,5.57,2015,5.57,CC(=O)OC[C@]12CC[C@H]3[C@@H](CC=C4CC=CC(=O)[C@@]43C)[C@]1(O)[C@@H](OC(C)=O)C[C@@]2(O)[C@@](C)(O)[C@H]1CC(C)=C(C)C(=O)O1,val,5.960083750117422
CHEMBL3605564,CHEMBL1871,6.12,2015,6.12,CC(=O)OC[C@]12CC[C@H]3[C@@H](CC=C4CC=CC(=O)[C@@]43C)[C@]1(O)CC[C@@]2(O)[C@@](C)(O)[C@H]1CC(C)=C(C)C(=O)O1,val,5.95104448809127
CHEMBL3605919,CHEMBL1871,6.63,2015,6.63,COc1cc(F)ccc1-c1c(CN(C)Cc2ccccc2)[nH]c2c(NS(C)(=O)=O)cc(C(C)C)cc12,test,5.7708112503982
CHEMBL3605921,CHEMBL1871,5.38,2015,5.38,COc1cc(F)ccc1-c1c(CN(C)Cc2ccccc2)[nH]c2c(N)cc(F)cc12,test,5.796583634546277
CHEMBL3605925,CHEMBL1871,6.45,2015,6.45,CS(=O)(=O)Nc1cccc2cc[nH]c12,val,5.875954648532203
CHEMBL3605926,CHEMBL1871,6.64,2015,6.64,COc1cc(F)ccc1-c1c(CN(C)Cc2ccccc2)[nH]c2c(NS(C)(=O)=O)cc(C(C)(C)C)cc12,test,5.768378179355381
CHEMBL3605927,CHEMBL1871,6.17,2015,6.17,COc1cc(F)ccc1-c1c(Cc2ccccc2)[nH]c2c(NS(C)(=O)=O)cc(C(C)C)cc12,test,5.719198606078189
CHEMBL3605928,CHEMBL1871,6.04,2015,6.04,COc1ccc(F)cc1-c1c(-c2ccccc2)[nH]c2c(NS(C)(=O)=O)cccc12,test,5.771942338675633
CHEMBL361245,CHEMBL1871,7.66,2004,7.66,CC(=O)O[C@]1(C(C)=O)CCC2C3C=C(Cl)C4=CC(=O)[C@@H]5CC5[C@]4(C)C3CC[C@@]21C,test,6.173699650006911
CHEMBL361445,CHEMBL1871,7.72,2005,7.72,O=C1[C@@H]2C3C=CC(CC3)[C@@H]2C(=O)N1c1ccc([N+](=O)[O-])c2ccccc12,test,6.79071205722
CHEMBL3623124,CHEMBL1871,8.5,2015,8.5,C[C@]12O[C@@](C)(C[C@H]1NS(=O)(=O)c1ccccc1)[C@H]1C(=O)N(c3ccc(C#N)c(C(F)(F)F)c3)C(=O)[C@H]12,test,7.12874174756884
CHEMBL3623125,CHEMBL1871,8.5,2015,8.5,C[C@]12O[C@@](C)(C[C@H]1NS(=O)(=O)c1ccccc1F)[C@H]1C(=O)N(c3ccc(C#N)c(C(F)(F)F)c3)C(=O)[C@H]12,test,7.063552977096597
CHEMBL365482,CHEMBL1871,7.16,2004,7.16,CCCCc1ccc(C(=O)N2C[C@@H]3C[C@H]2[C@@H]2C(=O)N(c4ccc([N+](=O)[O-])cc4)C(=O)N32)cc1,test,6.2623194557167
CHEMBL365650,CHEMBL1871,5.59,2004,5.59,O=C1[C@H]2[C@@H]3C[C@@H](CN3C(=O)c3ccccc3)N2C(=O)N1c1ccc([N+](=O)[O-])cc1,test,6.25061622154572
CHEMBL3658384,CHEMBL1871,6.48,2015,6.48,C[C@]12CCC3C4CCC(=O)C=C4C4CC4C3C1C1CC1[C@@]21CCC(=O)O1,test,6.614828856809367
CHEMBL3682509,CHEMBL1871,6.0,2015,6.0,O[C@@]1(C(F)(F)F)CCCc2c1[nH]c1cc(Cl)c(Cl)cc21,test,6.7325047313278175
CHEMBL3682510,CHEMBL1871,7.89,2015,7.89,O[C@]1(C(F)(F)F)CCCc2c1[nH]c1cc(Cl)c(Cl)cc21,test,6.7325047313278175
CHEMBL3682511,CHEMBL1871,7.7,2015,7.7,O[C@]1(C(F)(F)F)CCCc2c1[nH]c1c(Cl)cc(Cl)cc21,test,6.630530185187661
CHEMBL3682512,CHEMBL1871,6.85,2015,6.85,OC1(C(F)(F)F)c2[nH]c3cc(Cl)c(Cl)cc3c2CCC1F,test,6.7742132070352525
CHEMBL3682513,CHEMBL1871,6.28,2015,6.28,OC1(C(F)(F)F)CCCc2c1[nH]c1ccc(F)c(Cl)c21,test,6.527881958979362
CHEMBL3682514,CHEMBL1871,7.16,2015,7.16,OC1c2[nH]c3ccc(Cl)c(Cl)c3c2C(C(F)(F)F)CC1F,test,6.522605319817211
CHEMBL3682515,CHEMBL1871,7.7,2015,7.7,OC1(C(F)(F)F)CCCc2c1[nH]c1cc(Cl)c(F)cc21,test,6.685362579064051
CHEMBL3682516,CHEMBL1871,5.0,2015,5.0,OC1(C(F)(F)F)c2[nH]c3c(Cl)cc(F)cc3c2CCC1C(F)(F)F,test,6.733783249502943
CHEMBL3682517,CHEMBL1871,6.66,2015,6.66,OC1(C(F)(F)F)c2[nH]c3cc(Cl)c(Cl)cc3c2CCC1(F)F,test,6.775570508477581
CHEMBL3682518,CHEMBL1871,5.0,2015,5.0,OC1(C(F)(F)F)CCCc2c1[nH]c1c(Cl)cc(Cl)c(Cl)c21,test,6.616284184128702
CHEMBL3682519,CHEMBL1871,6.4,2015,6.4,CC1CCc2c([nH]c3ccc(Cl)c(Cl)c23)C1(O)C(F)(F)F,test,6.710302498011705
CHEMBL3682520,CHEMBL1871,6.39,2015,6.39,OC1(C(F)(F)F)CCCc2c1[nH]c1cc(Cl)c(Cl)c(Cl)c21,test,6.661440421332736
CHEMBL3682521,CHEMBL1871,6.89,2015,6.89,OC1(C(F)(F)F)CCCc2c1[nH]c1c(Cl)c(Cl)ccc21,test,6.653094959838752
CHEMBL3682522,CHEMBL1871,6.0,2015,6.0,CC1CC(C(F)(F)F)c2c([nH]c3cc(Cl)c(Cl)cc23)C1O,test,6.737841992576614
CHEMBL3682523,CHEMBL1871,6.92,2015,6.92,OC1(C(F)(F)F)CCc2c1[nH]c1cc(Cl)c(Cl)cc21,val,6.728430256008968
CHEMBL3682524,CHEMBL1871,7.27,2015,7.27,OC1(C(F)(F)F)CCCc2c1[nH]c1c(F)cc(Cl)cc21,test,6.568236881754524
CHEMBL3682525,CHEMBL1871,6.76,2015,6.76,OC1(C(F)(F)F)CCc2c1[nH]c1ccc(Cl)c(Cl)c21,val,6.568794390766203
CHEMBL3682526,CHEMBL1871,6.41,2015,6.41,N#Cc1cc(C(F)(F)F)c2[nH]c3c(c2c1)CCCC3(O)C(F)(F)F,test,6.889878270036927
CHEMBL369542,CHEMBL1871,8.05,2005,8.05,O=C1[C@@H]2C3C=CC(CCC3)[C@@H]2C(=O)N1c1ccc([N+](=O)[O-])c2ccccc12,val,6.745844194109271
CHEMBL3695597,CHEMBL1871,5.0,2015,5.0,C[C@]12CC[C@H]3[C@@H](C=CC4=CC(=O)CC[C@@H]43)[C@@H]1CC[C@@]21C=CC(=O)O1,test,6.658416910217337
CHEMBL3695601,CHEMBL1871,6.51,2015,6.51,C[C@]12CC[C@H]3[C@@H](CCC4=CC(=O)CC[C@@H]43)[C@@H]1CC1(CC1)[C@@]21C=CC(=O)O1,val,6.682739432785489
CHEMBL3695603,CHEMBL1871,5.58,2015,5.58,CC[C@]12CC[C@H]3[C@@H](C=CC4=CC(=O)CC[C@@H]43)[C@@H]1CC[C@@]21C=CC(=O)O1,test,6.625625122902418
CHEMBL369979,CHEMBL1871,5.75,2006,5.75,C=CC[C@]12CC[C@H](O)CC1=CCC1C2CC[C@@]2(C)C1CC[C@@H]2O,test,6.204759534439328
CHEMBL369991,CHEMBL1871,5.42,2006,5.42,CC/C=C\[C@]12CC[C@H](O)CC1=CCC1C2CC[C@@]2(C)C1CC[C@@H]2O,test,6.333375960369149
CHEMBL370236,CHEMBL1871,5.84,2006,5.84,C[C@]12CCC3C(CC=C4C[C@@H](O)CC[C@@]43/C=C/Cl)C1CC[C@@H]2O,test,6.315484127187267
CHEMBL3706874,CHEMBL1871,7.904999999999999,2007,7.904999999999999,CCC1CCc2cc3c(C(F)(F)F)cc(=O)[nH]c3cc2N1,test,7.148456742327156
CHEMBL3706886,CHEMBL1871,6.415,2007,6.415,O=c1cc(C(F)(F)F)c2ccc(NC3CCCC3)cc2[nH]1,test,7.020892626638965
CHEMBL3706891,CHEMBL1871,6.66,2007,6.66,O=c1cc(C(F)(F)F)c2ccc(NCc3ccccc3)cc2[nH]1,test,6.524846340471869
CHEMBL3706904,CHEMBL1871,7.3,2007,7.3,O=c1cc(C(F)(F)F)c2ccc(NCC(F)(F)F)cc2o1,test,6.452989537848797
CHEMBL3706905,CHEMBL1871,7.2,2007,7.2,O=c1cc(C(F)(F)F)c2ccc(N(CC(F)(F)F)CC(F)(F)F)cc2o1,test,6.471067531430989
CHEMBL3706909,CHEMBL1871,7.255,2007,7.255,O=c1cc(C(F)(F)F)c2cc(NC3CCCC3)ccc2[nH]1,val,6.9536927031152365
CHEMBL3706927,CHEMBL1871,6.105,2007,6.105,O=c1cc(C(F)(F)F)c2cc(N(Cc3cccs3)CC(F)(F)F)ccc2[nH]1,val,6.543283097164284
CHEMBL371392,CHEMBL1871,6.24,2004,6.24,CCCCc1ccc(C(=O)N2C[C@@H]3C[C@H]2[C@@H]2C(=O)N(c4ccc(C#N)cc4)C(=O)N32)cc1,test,6.273973782378602
CHEMBL373019,CHEMBL1871,7.48,2006,7.48,C=C[C@]12CC[C@H](O)CC1=CCC1C2CC[C@@]2(C)C1CC[C@@H]2O,test,6.310905301861665
CHEMBL373460,CHEMBL1871,5.23,2007,5.23,CCCCN(C)C(=O)CCCCCCCCCCC[C@@H]1CC2CC(=O)CC[C@]2(C)[C@H]2CC[C@]3(C)[C@@H](O)CC[C@H]3[C@H]12,val,6.323480289996872
CHEMBL375107,CHEMBL1871,7.37,2006,7.37,BrCC(Br)C1CCC(Br)C(Br)C1,val,6.3429791543513305
CHEMBL375282,CHEMBL1871,6.24,2007,6.24,CCCN(C)C(=O)CCCCCCCC1C[C@H]2CC(=O)CC[C@]2(C)[C@H]2CC[C@]3(C)[C@@H](O)CC[C@H]3[C@H]12,val,6.3283210963642
CHEMBL375675,CHEMBL1871,5.805,2007,5.805,CCCCN(C)C(=O)CCCCCCCCCC[C@@H]1CC2CC(=O)CC[C@]2(C)[C@H]2CC[C@]3(C)[C@@H](O)CC[C@H]3[C@H]12,val,6.323480289996872
CHEMBL376182,CHEMBL1871,6.380000000000001,2007,6.380000000000001,CCN(CC)C(=O)CCCCCCC1C[C@H]2CC(=O)CC[C@]2(C)[C@H]2CC[C@]3(C)[C@@H](O)CC[C@H]3[C@H]12,val,6.357263921638788
CHEMBL3764185,CHEMBL1871,8.69,2016,8.69,Cc1c(N[C@@H]2CCC[C@@]2(C)O)ccc(C#N)c1Cl,test,7.249127256507981
CHEMBL3764446,CHEMBL1871,8.28,2016,8.28,Cc1c(N[C@@H]2COC[C@@]2(C)O)ccc(C#N)c1Cl,test,7.199510252908424
CHEMBL3765171,CHEMBL1871,9.17,2016,9.17,Cc1c(N[C@@H]2CCC[C@]2(C)O)ccc(C#N)c1Cl,test,7.249127256507981
CHEMBL3765823,CHEMBL1871,7.77,2016,7.77,Cc1c(N[C@@H]2CCCC[C@@]2(C)O)ccc(C#N)c1Cl,test,7.212610258012963
CHEMBL3785926,CHEMBL1871,5.42,2016,5.42,Cc1cc(=O)oc2cc(OCC(=O)C(C)(C)C)ccc12,test,5.72919218686801
CHEMBL3787387,CHEMBL1871,5.3,2016,5.3,CCOC(=O)C(CC)Oc1ccc2c(C)cc(=O)oc2c1,test,5.851260306162108
CHEMBL3787517,CHEMBL1871,5.29,2016,5.29,Cc1cc(=O)oc2cc(OC(C)C(=O)c3ccccc3)ccc12,val,5.602029024074561
CHEMBL379441,CHEMBL1871,7.7,2006,7.7,C[C@]12CCC3C(CC=C4C[C@@H](O)CC[C@@]43/C=C\Br)C1CC[C@@H]2O,test,6.296030716147493
CHEMBL380876,CHEMBL1871,5.85,2006,5.85,CO/C=C\[C@]12CC[C@H](O)CC1=CCC1C2CC[C@@]2(C)C1CC[C@@H]2O,test,6.2548851897347415
CHEMBL380978,CHEMBL1871,5.301029995663981,2006,5.301029995663981,C[C@]12CCC3C(CC=C4C[C@@H](O)CC[C@@]43C=O)C1CC[C@@H]2O,test,6.245475677592733
CHEMBL381566,CHEMBL1871,6.54,2006,6.54,C#C[C@]1(O)CCC2C3CC=C4C[C@@H](O)CC[C@]4(C=C)C3CC[C@@]21C,test,6.393575330050861
CHEMBL382097,CHEMBL1871,7.48,2006,7.48,CC[C@]12CC[C@H](O)CC1=CCC1C2CC[C@@]2(C)C1CC[C@@H]2O,test,6.309968104667089
CHEMBL382632,CHEMBL1871,5.301029995663981,2006,5.301029995663981,C[C@]12CCC3C(CC=C4C[C@@H](O)CC[C@@]43CO)C1CC[C@@H]2O,test,6.26130030205862
CHEMBL383253,CHEMBL1871,6.14,2006,6.14,C/C=C\[C@]12CC[C@H](O)CC1=CCC1C2CC[C@@]2(C)C1CC[C@@H]2O,test,6.2709050286239405
CHEMBL384533,CHEMBL1871,9.0,2006,9.0,O=C1[C@H]2[C@@H]3CC[C@@H](C3)N2C(=O)N1c1ccc([N+](=O)[O-])c2ccccc12,test,6.822669494693212
CHEMBL386437,CHEMBL1871,7.2,2004,7.2,CCCC(=O)Oc1ccc(COCC#CCN2C(=O)N(c3ccc(C#N)c(C(F)(F)F)c3)C(=O)C2(C)C)cc1C(=O)NCN[C@H]1CC(OC2C[C@](O)(C(=O)CO)Cc3c(O)c4c(c(O)c32)C(=O)c2c(OC)cccc2C4=O)O[C@@H](C)[C@H]1O,val,6.086084435312884
CHEMBL386630,CHEMBL1871,8.395,2004,8.395,C[C@]12CC[C@H]3[C@@H](CCC4=CC(=O)CC[C@@]43C)[C@@H]1CC[C@@H]2O,test,6.409919705480241
CHEMBL387651,CHEMBL1871,5.925000000000001,2007,5.925000000000001,CCNC(=O)CCCCCCCC1C[C@H]2CC(=O)CC[C@]2(C)[C@H]2CC[C@]3(C)[C@@H](O)CC[C@H]3[C@H]12,val,6.33770288516252
CHEMBL387850,CHEMBL1871,5.51,2007,5.51,C[C@]12CC[C@H]3[C@@H]([C@H](CCCCCCC[S+]([O-])CCCC(F)(F)C(F)(F)F)CC4CC(=O)CC[C@@]43C)[C@@H]1CC[C@@H]2O,val,6.391458172654738
CHEMBL388210,CHEMBL1871,7.47,2007,7.47,N#Cc1ccc(N2C(=O)[C@@H]3[C@H](O)CCN3C2=O)cc1,val,7.148067442682768
CHEMBL388421,CHEMBL1871,8.11,2007,8.11,N#Cc1ccc(N2C(=O)[C@@H]3[C@H](O)CCN3C2=O)cc1C(F)(F)F,val,7.431273471222971
CHEMBL388724,CHEMBL1871,5.0,2007,5.0,C[C@]12CC[C@H]3[C@@H]([C@H](CCCCCCCCCCC[S+]([O-])CCCC(F)(F)C(F)(F)F)CC4CC(=O)CC[C@@]43C)[C@@H]1CC[C@@H]2O,val,6.391458172654738
CHEMBL389277,CHEMBL1871,6.65,2007,6.65,CN(C)C(=O)CCCCCCCC1C[C@H]2CC(=O)CC[C@]2(C)[C@H]2CC[C@]3(C)[C@@H](O)CC[C@H]3[C@H]12,val,6.363865224198639
CHEMBL3893153,CHEMBL1871,6.19,2016,6.19,Cc1cc(C(=O)NC[C@H]2CC[C@H](Oc3ccnc4c(C#N)cccc34)CC2)no1,val,6.732846415490718
CHEMBL3893393,CHEMBL1871,6.0,2017,6.0,CCSC[C@@](O)([C@@H](Nc1cccc2nc(C)ccc12)c1ccc(OC)c(F)c1Cl)C(F)(F)F,test,5.929157254186278
CHEMBL3894825,CHEMBL1871,7.37,2016,7.37,CC1(C)C(=O)N(c2ccc(C#N)c(C(F)(F)F)c2)C(=S)N1c1ccc(C(=O)OCCCCCC(=O)NO)c(F)c1,test,6.413717902909548
CHEMBL3895477,CHEMBL1871,7.04,2015,7.04,[C-]#[N+]c1ccc(N2C(=O)C3(CCC3)N(c3ccc(CCCC(=O)NC)cc3)C2=S)cc1C(F)(F)F,test,6.270866899443186
CHEMBL389606,CHEMBL1871,8.07,2007,8.07,Cc1cc(C#N)ccc1N1C(=O)[C@@H]2[C@H](O)CCN2C1=O,val,7.227071835254521
CHEMBL389607,CHEMBL1871,8.35,2007,8.35,Cc1c(C#N)ccc(N2C(=O)[C@@H]3[C@H](O)CCN3C2=O)c1C,val,7.6921359968813245
CHEMBL389631,CHEMBL1871,5.865,2007,5.865,CCCCN(C)C(=O)CCCCCCCC[C@@H]1CC2CC(=O)CC[C@]2(C)[C@H]2CC[C@]3(C)[C@@H](O)CC[C@H]3[C@H]12,val,6.323480289996872
CHEMBL390071,CHEMBL1871,6.279999999999999,2007,6.279999999999999,CCN(C)C(=O)CCCCCCCC1C[C@H]2CC(=O)CC[C@]2(C)[C@H]2CC[C@]3(C)[C@@H](O)CC[C@H]3[C@H]12,val,6.347705519962067
CHEMBL3900828,CHEMBL1871,6.86,2015,6.86,[C-]#[N+]c1ccc(N2C(=O)C3(CCC3)N(c3ccc(N4CCN(S(C)(=O)=O)CC4)cc3)C2=S)cc1C(F)(F)F,test,6.36063682787244
CHEMBL3903040,CHEMBL1871,6.88,2015,6.88,[C-]#[N+]c1ccc(N2C(=O)C(C)(C)N(c3ccc(OC(=O)CCl)cc3)C2=S)cc1C(F)(F)F,test,6.157229141407826
CHEMBL3903756,CHEMBL1871,6.96,2016,6.96,CC1(C)C(=O)N(c2ccc(C#N)c(C(F)(F)F)c2)C(=S)N1c1ccc(C(=O)NCCCCCCNS(N)(=O)=O)c(F)c1,test,6.35624023353683
CHEMBL3904234,CHEMBL1871,6.56,2015,6.56,[C-]#[N+]c1ccc(N2C(=O)C(C)(C)N(c3ccc(N)cc3)C2=S)cc1C(F)(F)F,test,6.304388501052634
CHEMBL3905727,CHEMBL1871,6.13,2016,6.13,O=C(NC[C@H]1CC[C@H](Oc2ccnc3c(F)cccc23)CC1)c1ccon1,val,6.350270282229564
CHEMBL390577,CHEMBL1871,6.67,2007,6.67,O=c1cc(C(F)(F)F)c2cc3c(cc2[nH]1)OCCN3Cc1ccccc1,val,6.628171357725212
CHEMBL390728,CHEMBL1871,7.77,1999,7.77,CCC1CCNc2cc3[nH]c(=O)cc(C(F)(F)F)c3cc21,test,7.006062219284647
CHEMBL3908221,CHEMBL1871,7.17,2016,7.17,CC1(C)C(=O)N(c2ccc(C#N)c(C(F)(F)F)c2)C(=S)N1c1ccc(C(=O)NCCCCCCc2ccc(C(=O)C(F)(F)F)s2)c(F)c1,test,6.4220972815846755
CHEMBL390849,CHEMBL1871,8.89,2007,8.89,Cc1c(N2C(=O)[C@@H]3[C@H](O)CCN3C2=O)ccc(C#N)c1F,val,7.639392012596133
CHEMBL3910485,CHEMBL1871,6.71,2015,6.71,[C-]#[N+]c1ccc(N2C(=O)C3(CCCCC3)N(c3ccc(C)cc3)C2=S)cc1C(F)(F)F,test,6.5333818720877925
CHEMBL3912767,CHEMBL1871,6.6,2016,6.6,CC1(C)C(=O)N(c2ccc(C#N)c(C(F)(F)F)c2)C(=S)N1c1ccc(C(=O)NCCCCCCn2cccc(O)c2=O)c(F)c1,test,6.280130003632755
CHEMBL3915005,CHEMBL1871,6.38,2015,6.38,C[C@]12CCC3C4CCC(=O)C=C4[C@@H]4C[C@@H]4C3C1C1CC1[C@@]21CCC(=O)O1,test,6.614828856809367
CHEMBL391648,CHEMBL1871,5.96,2007,5.96,C[C@]12CCC(=O)C=C1C[C@@H](CCCCCCCCCC(=O)O)[C@@H]1[C@@H]2CC[C@@]2(C)[C@H]1CC[C@]2(C)O,test,6.427779386410896
CHEMBL391795,CHEMBL1871,7.06,2007,7.06,CC[C@]12CC[C@H](O)CC1=CC[C@@H]1[C@@H]2CC[C@]2(C)[C@@H](O)CC[C@@H]12,test,6.309968104667089
CHEMBL392000,CHEMBL1871,7.82,2007,7.82,C=CC[C@@H]1C2=CC[C@H]3[C@@H]4CC[C@H](O)[C@@]4(C)CC[C@@H]3[C@@]2(C=C)CC[C@@H]1O,test,6.335721705330623
CHEMBL3926496,CHEMBL1871,6.885,2015,6.885,C[C@@]12CCC(=O)C=C1[C@H]1C[C@H]1[C@@H]1[C@H]3[C@H]4C[C@H]4[C@]4(CCC(=O)O4)[C@]3(C)CC[C@H]12,test,6.482610921837501
CHEMBL3931647,CHEMBL1871,6.2,2015,6.2,[C-]#[N+]c1ccc(N2C(=O)C3(CCN(C)CC3)N(c3ccc(C)cc3)C2=S)cc1C(F)(F)F,val,6.506353560438272
CHEMBL3932857,CHEMBL1871,6.59,2015,6.59,[C-]#[N+]c1ccc(N2C(=O)C3(CCC3)N(c3ccccc3C)C2=S)cc1C(F)(F)F,test,6.3140880183168635
CHEMBL393319,CHEMBL1871,6.25,2007,6.25,C[C@]12CCC(=O)C[C@@H]1C[C@@H](CCCCCCCCCC(=O)O)[C@@H]1[C@@H]2CC[C@]2(C)[C@@H](O)CC[C@@H]12,val,6.335405438441465
CHEMBL393320,CHEMBL1871,6.65,2007,6.65,CN(C)C(=O)CCCCCCC[C@@H]1C[C@H]2CC(=O)CC[C@]2(C)[C@H]2CC[C@]3(C)[C@@H](O)CC[C@H]3[C@H]12,val,6.363865224198639
CHEMBL3933747,CHEMBL1871,6.32,2016,6.32,Cc1cc(C(=O)NC[C@H]2CC[C@H](Oc3ccnc4c(F)cccc34)CC2)no1,val,6.340762552794233
CHEMBL3934779,CHEMBL1871,6.28,2015,6.28,[C-]#[N+]c1ccc(N2C(=O)C(CCl)(CCl)N(c3ccc(C)cc3)C2=S)cc1C(F)(F)F,test,6.3217893893812995
CHEMBL3935242,CHEMBL1871,7.635,2016,7.635,C[C@@]12[C@@H]3CC[C@@H](C3=O)[C@@H]1CN(c1ccc(C#N)c(C(F)(F)F)c1)S2(=O)=O,test,6.9656744840094476
CHEMBL3936716,CHEMBL1871,6.13,2015,6.13,[C-]#[N+]c1ccc(N2C(=O)C3(CCC3)N(c3ccc(CCC(=O)NCCO)cc3)C2=S)cc1C(F)(F)F,test,6.222792904538229
CHEMBL3938351,CHEMBL1871,6.84,2015,6.84,[C-]#[N+]c1ccc(N2C(=O)C(C)(C)N(c3ccc(C(F)(F)F)cc3)C2=S)cc1C(F)(F)F,test,6.286802323906586
CHEMBL3938936,CHEMBL1871,6.65,2015,6.65,[C-]#[N+]c1ccc(N2C(=O)C3(CCC3)N(c3ccc(CCC(N)=O)cc3)C2=S)cc1C(F)(F)F,test,6.236359202735122
CHEMBL3940023,CHEMBL1871,6.91,2015,6.91,[C-]#[N+]c1ccc(N2C(=O)C3(CCC3)N(c3ccc(C)cc3)C2=S)cc1C(F)(F)F,test,6.526101916632647
CHEMBL3940304,CHEMBL1871,6.56,2015,6.56,[C-]#[N+]c1ccc(N2C(=S)N(c3ccc(O)cc3)C(C)(C)C2=S)cc1C(F)(F)F,test,6.350467222952061
CHEMBL3941698,CHEMBL1871,6.9,2015,6.9,[C-]#[N+]c1ccc(N2C(=O)C(C)(CF)N(c3ccc(C)cc3)C2=S)cc1C(F)(F)F,test,6.326607051299914
CHEMBL394504,CHEMBL1871,5.0,2007,5.0,CCCN1c2ccc3[nH]c(=O)cc(C(F)(F)F)c3c2OC[C@H]1CC,val,6.842309928138769
CHEMBL394505,CHEMBL1871,5.0,2007,5.0,CC[C@@H]1COc2c(ccc3[nH]c(=O)cc(C(F)(F)F)c23)N1CC(C)(C)O,val,6.75105965212648
CHEMBL394592,CHEMBL1871,8.52,2007,8.52,N#Cc1ccc(N2C(=O)[C@@H]3[C@H](O)CCN3C2=O)c(F)c1Cl,val,7.819046644637698
CHEMBL394593,CHEMBL1871,8.21,2007,8.21,COc1c(C#N)ccc(N2C(=O)[C@@H]3[C@H](O)CCN3C2=O)c1Cl,val,7.569483262997718
CHEMBL3947344,CHEMBL1871,6.79,2015,6.79,[C-]#[N+]c1ccc(N2C(=O)C3(CCC3)N(c3ccc(O)cc3)C2=S)cc1C(F)(F)F,test,6.445653051583251
CHEMBL3948034,CHEMBL1871,6.68,2016,6.68,Cc1cc(C(=O)NC[C@H]2CC[C@H](Oc3ccnc4ccccc34)CC2)no1,val,6.161070778434254
CHEMBL3948211,CHEMBL1871,6.51,2015,6.51,[C-]#[N+]c1ccc(N2C(=O)C3(CCC3)N(c3ccc(CO)cc3)C2=S)cc1C(F)(F)F,test,6.336976337533407
CHEMBL3948452,CHEMBL1871,6.64,2016,6.64,CC1(C)C(=O)N(c2ccc(C#N)c(C(F)(F)F)c2)C(=S)N1c1ccc(/C=C/C(=O)Nc2ccccc2N)c(F)c1,val,6.267592900013458
CHEMBL3948543,CHEMBL1871,7.522878745280337,2016,7.522878745280337,CC1(C)C(=O)N(c2ccc(C#N)c(C(F)(F)F)c2)C(=S)N1c1ccc(C(=O)NCCCCCCC(=O)Nc2ccccc2N)c(F)c1,test,6.221899639199754
CHEMBL3953928,CHEMBL1871,6.2,2016,6.2,O=C(NC[C@H]1CC[C@H](Oc2ccnc3c(Br)cccc23)CC1)c1ccon1,val,6.315036244705807
CHEMBL395483,CHEMBL1871,9.3,2007,9.3,CC1=C(c2ccc(C#N)c(Cl)c2C)C(=O)N2CC[C@H](O)[C@@H]12,test,7.570891762132982
CHEMBL395502,CHEMBL1871,8.09,2007,8.09,COc1c(N2C(=O)[C@@H]3[C@H](O)CCN3C2=O)ccc(C#N)c1C,val,7.454007021076482
CHEMBL395596,CHEMBL1871,5.0,2007,5.0,C[C@@H]1COc2c(ccc3[nH]c(=O)cc(C(F)(F)F)c23)N1CC(F)(F)F,val,6.845377095379902
CHEMBL3956081,CHEMBL1871,6.0,2015,6.0,[C-]#[N+]c1ccc(N2C(=O)C3(CCC3)N(c3ccc4ccccc4c3)C2=S)cc1C(F)(F)F,test,6.282902966693532
CHEMBL3958249,CHEMBL1871,6.9,2015,6.9,[C-]#[N+]c1ccc(N2C(=O)C(C)(C)N(c3ccc(C)cc3)C2=S)cc1C(F)(F)F,test,6.383555868602058
CHEMBL3958745,CHEMBL1871,6.37,2015,6.37,[C-]#[N+]c1ccc(N2C(=O)C3(CCC3)N(c3ccc(CCCC(=O)OC)cc3)C2=S)cc1C(F)(F)F,test,6.23769030898719
CHEMBL3959058,CHEMBL1871,6.14,2016,6.14,N#Cc1cccc2c(O[C@H]3CC[C@H](CNC(=O)c4ccon4)CC3)ccnc12,val,6.731377694227152
CHEMBL3959936,CHEMBL1871,6.83,2015,6.83,[C-]#[N+]c1ccc(N2C(=O)C(C)(C)N(c3ccccc3)C2=S)cc1C(F)(F)F,test,6.195999371168262
CHEMBL3962413,CHEMBL1871,6.0,2017,6.0,CC[C@@H]1C[C@](O)(C(F)(F)F)[C@@H](Nc2cccc3[nH]c(=O)ccc23)c2cc(F)c(F)c(O)c21,test,6.293688672727169
CHEMBL3963614,CHEMBL1871,6.28,2015,6.28,[C-]#[N+]c1ccc(N2C(=O)C(C)(C)N(c3ccccc3C(=O)O)C2=S)cc1C(F)(F)F,test,6.064538102267167
CHEMBL3965705,CHEMBL1871,6.95,2015,6.95,[C-]#[N+]c1ccc(N2C(=O)C3(CCC3)N(c3ccc(CCCC(N)=O)cc3)C2=S)cc1C(F)(F)F,test,6.222844767507517
CHEMBL3966165,CHEMBL1871,7.11,2016,7.11,CC1(C)C(=O)N(c2ccc(C#N)c(C(F)(F)F)c2)C(=S)N1c1ccc(C(=O)NCCOCCC(=O)NO)c(F)c1,test,6.423844760810392
CHEMBL3966495,CHEMBL1871,6.14,2015,6.14,[C-]#[N+]c1ccc(N2C(=O)C3(CCC3)N(c3ccc(N4CCNCC4)cc3)C2=S)cc1C(F)(F)F,test,6.44440325161118
CHEMBL3967236,CHEMBL1871,6.63,2015,6.63,[C-]#[N+]c1ccc(N2C(=O)C3(CCC3)N(c3ccc(CCC(=O)NC)cc3)C2=S)cc1C(F)(F)F,test,6.29446304570222
CHEMBL397217,CHEMBL1871,8.48,2007,8.48,CCc1c(N2C(=O)[C@@H]3[C@H](O)CCN3C2=O)ccc(C#N)c1C(F)(F)F,val,7.446656963896116
CHEMBL397343,CHEMBL1871,6.15,2007,6.15,C[C@]12CC[C@H]3[C@@H](CC=C4C[C@@H]5CC[C@@]43CCO5)[C@@H]1CC[C@@H]2O,test,6.251308945853891
CHEMBL3973563,CHEMBL1871,6.34,2016,6.34,O=C(NC[C@H]1CC[C@H](Oc2ccnc3c(F)cccc23)CC1)c1ccno1,test,6.3199317023309955
CHEMBL3974665,CHEMBL1871,6.46,2016,6.46,CC1(C)C(=O)N(c2ccc(C#N)c(C(F)(F)F)c2)C(=S)N1c1ccc(C(=O)NCCCNS(N)(=O)=O)c(F)c1,test,6.34608716319552
CHEMBL397561,CHEMBL1871,5.0,2007,5.0,CC(C)[C@@H]1COc2c(ccc3[nH]c(=O)cc(C(F)(F)F)c23)N1CC(F)(F)F,val,6.776142315651935
CHEMBL3976056,CHEMBL1871,6.55,2015,6.55,[C-]#[N+]c1ccc(N2C(=O)C3(CCC3)N(c3ccc(-c4ccccc4)cc3)C2=S)cc1C(F)(F)F,test,6.206103749514531
CHEMBL3979648,CHEMBL1871,7.522878745280337,2016,7.522878745280337,COC(=O)CCCCCCCc1ccc(N2C(=S)N(c3ccc(C#N)c(C(F)(F)F)c3)C(=O)C2(C)C)cc1F,test,6.439030499360084
CHEMBL398226,CHEMBL1871,8.92,2007,8.92,Cc1c(N2C(=O)[C@@H]3[C@H](O)CCN3C2=O)ccc(C#N)c1Br,val,7.601111253000705
CHEMBL3982609,CHEMBL1871,6.16,2016,6.16,Cc1cc(C(=O)NC[C@H]2CC[C@H](Oc3ccnc4c(Br)cccc34)CC2)no1,val,6.312736368964159
CHEMBL3983635,CHEMBL1871,7.522878745280337,2016,7.522878745280337,CC1(C)C(=O)N(c2ccc(C#N)c(C(F)(F)F)c2)C(=S)N1c1ccc(C(=O)NCCCCCC(=O)NO)c(F)c1,test,6.441844019802917
CHEMBL398431,CHEMBL1871,7.55,2007,7.55,CCCN(CC1CC1)c1cc(C(F)(F)F)c(C#N)cn1,val,6.819592969326667
CHEMBL398432,CHEMBL1871,6.529999999999999,2007,6.529999999999999,N#Cc1cnc(N2CCCCC2)cc1C(F)(F)F,test,6.884372320470003
CHEMBL398455,CHEMBL1871,6.08,2007,6.08,C=C[C@]12CC[C@](C)(O)CC1=CC[C@H]1[C@@H]3CC[C@H](O)[C@@]3(C)CC[C@@H]12,test,6.347487758107537
CHEMBL3985131,CHEMBL1871,6.86,2015,6.86,[C-]#[N+]c1ccc(N2C(=O)C(C)(C)N(c3ccc(O)cc3)C2=S)cc1C(F)(F)F,test,6.334433863897121
CHEMBL398841,CHEMBL1871,6.54,2007,6.54,C#C[C@]1(O)CC[C@H]2[C@@H]3CC=C4C[C@@H](O)CC[C@]4(C=C)[C@H]3CC[C@@]21C,test,6.393575330050861
CHEMBL399439,CHEMBL1871,7.04,2007,7.04,N#Cc1ccc(O[C@H]2CCCC[C@@H]2C#N)cc1C(F)(F)F,test,6.773064095094145
CHEMBL399680,CHEMBL1871,5.72,2020,5.72,C[C@]12CC[C@H](O)C[C@H]1CC[C@@H]1[C@@H]2CC[C@]2(C)[C@@H](c3ccc(=O)oc3)CC[C@]12O,test,6.300603188973735
CHEMBL399887,CHEMBL1871,7.57,2007,7.57,N#Cc1ccc(O[C@@H]2CCCC[C@H]2C#N)cc1C(F)(F)F,test,6.773064095094145
CHEMBL401629,CHEMBL1871,7.85,2008,7.85,COc1cccc2c1-c1ccc3[nH]c(=O)cc(C(F)(F)F)c3c1CO2,test,6.222815857143484
CHEMBL401711,CHEMBL1871,8.06,2008,8.06,Cc1cc(=O)[nH]c2ccc3c4c(C(=O)OC(C)(C)C)cccc4oc(=O)c3c12,test,6.0467754696211236
CHEMBL402807,CHEMBL1871,6.91051499783199,2008,6.91051499783199,O=C1[C@@H]2C3CCC(O3)[C@@H]2C(=O)N1c1ccc([N+](=O)[O-])c2ccccc12,test,6.635498595920405
CHEMBL402930,CHEMBL1871,6.725,2008,6.725,O=C1[C@@H]2C3CCC(O3)[C@@H]2C(=O)N1c1ccc(Br)c2ccccc12,test,6.48116427090935
CHEMBL403039,CHEMBL1871,7.585,2008,7.585,CC12CCC(C)(O1)[C@H]1C(=O)N(c3ccc([N+](=O)[O-])c4c(Br)cccc34)C(=O)[C@H]12,test,6.811086077252035
CHEMBL4059979,CHEMBL1871,5.09,2017,5.09,COc1ccc(-c2csc(N3C(=O)c4ccc(F)cc4C3=O)n2)cc1,test,5.821038837662338
CHEMBL4060981,CHEMBL1871,4.59,2017,4.59,Cc1ccc(-c2csc(N3C(=O)c4ccc(F)cc4C3=O)n2)cc1,test,5.928277723904968
CHEMBL4062345,CHEMBL1871,5.0,2018,5.0,O=C1COc2ccc(N3CCOC[C@H]3c3ccccc3)cc2N1,val,5.741385687026768
CHEMBL4069656,CHEMBL1871,4.67,2017,4.67,O=C1c2ccc(F)cc2C(=O)N1c1nc(-c2ccc(F)cc2)cs1,test,5.914712649594791
CHEMBL4070425,CHEMBL1871,4.54,2017,4.54,Cc1ccc(-c2csc(N3C(=O)c4ccccc4C3=O)n2)cc1,test,5.816214341198571
CHEMBL4073161,CHEMBL1871,4.43,2017,4.43,O=C1c2ccccc2C(=O)N1c1nc(-c2ccccc2)cs1,test,5.843826100816578
CHEMBL407848,CHEMBL1871,6.71,2008,6.71,Cn1c(C#N)ccc1-c1cc(F)c2c(c1)C(C)(C)C(=O)N2,test,6.846222593716363
CHEMBL4079171,CHEMBL1871,4.88,2017,4.88,O=C1c2ccccc2C(=O)N1c1nc(-c2ccc([N+](=O)[O-])cc2)cs1,test,6.0753147576388455
CHEMBL4082860,CHEMBL1871,4.55,2017,4.55,O=C1c2ccc(F)cc2C(=O)N1c1nc(-c2ccc(Cl)cc2)cs1,test,5.993547362134219
CHEMBL4087723,CHEMBL1871,6.445,2021,6.445,O=c1cc(C(F)(F)F)c2ccc(OCc3ccc(Br)cc3)cc2o1,test,5.976808138583461
CHEMBL4088224,CHEMBL1871,5.22,2017,5.22,N#Cc1ccc(-c2csc(N3C(=O)c4ccc(F)cc4C3=O)n2)cc1,test,6.276095369142273
CHEMBL4090670,CHEMBL1871,4.65,2017,4.65,O=C1c2ccc(F)cc2C(=O)N1c1nc(-c2ccccc2)cs1,test,5.818517278716578
CHEMBL4091358,CHEMBL1871,4.86,2017,4.86,COc1ccc(-c2csc(N3C(=O)c4ccccc4C3=O)n2)cc1,test,5.701799164424512
CHEMBL4092066,CHEMBL1871,6.1,2017,6.1,CC1(C)C[C@](O)(C(F)(F)F)[C@@H](Nc2cccc3[nH]c(=O)ccc23)c2ccc(F)c(O)c21,test,6.292435966219123
CHEMBL4098395,CHEMBL1871,5.11,2017,5.11,O=C1c2ccc(F)cc2C(=O)N1c1nc(-c2ccc([N+](=O)[O-])cc2)cs1,test,6.1536930821911175
CHEMBL4101935,CHEMBL1871,8.22,2017,8.22,C[C@H]1[C@@H](O)[C@H](Cc2ccccc2)C(=O)N1c1ccc(C#N)c(Cl)c1,test,7.059374456909307
CHEMBL4103425,CHEMBL1871,4.96,2017,4.96,N#Cc1ccc(-c2csc(N3C(=O)c4ccccc4C3=O)n2)cc1,test,6.219749089631276
CHEMBL4105484,CHEMBL1871,7.81,2017,7.81,[2H]C([2H])([2H])NC(=O)c1ccc(N2C(=S)N(c3cnc(C#N)c(C(F)(F)F)c3)C(=O)C23CCC3)cc1F,test,6.5751230858565215
CHEMBL4114801,CHEMBL1871,6.65,2015,6.65,[C-]#[N+]c1ccc(N2C(=S)N(c3ccc(C)cc3)C3(CCC3)/C2=N/C)cc1C(F)(F)F,test,6.462962435926034
CHEMBL415621,CHEMBL1871,8.34,2004,8.34,C#C[C@]1(O)CC[C@H]2[C@@H]3CCC4=CC(=O)CCC4=C3[C@@H](c3ccc(N(C)CCCOC4CC[C@@]5(C)[C@@H](C4)C[C@@H](O)[C@@H]4[C@@H]5C[C@H](O)[C@]5(C)[C@@H]([C@H](C)CCC(=O)O)CC[C@@H]45)cc3)C[C@@]21C,val,6.952708735519327
CHEMBL418684,CHEMBL1871,6.19,2003,6.19,CC1=CC(C)(C)Nc2ccc3c(c21)COc1c(F)cc(F)cc1-3,val,6.197141891630823
CHEMBL4207852,CHEMBL1871,4.0,2018,4.0,CC(C)[C@H](NC(=O)C(C)(F)F)[C@H](Oc1ccc2c(cnn2-c2ccc(=O)n(C)c2)c1)c1ccccc1,test,5.475958156655683
CHEMBL422707,CHEMBL1871,7.24,1998,7.24,CCC1(C)CCc2cc3c(C(F)(F)F)cc(=O)n(C)c3cc2N1,test,6.873947158378414
CHEMBL423620,CHEMBL1871,7.2,1998,7.2,CC1(C)CCC[C@]2(C)c3cc4c(C(F)(F)F)cc(O)nc4cc3N[C@H]12,test,6.794104838405922
CHEMBL427078,CHEMBL1871,6.235,2007,6.235,CNC(=O)CCCCCCCC1C[C@H]2CC(=O)CC[C@]2(C)[C@H]2CC[C@]3(C)[C@@H](O)CC[C@H]3[C@H]12,val,6.335281145415579
CHEMBL427731,CHEMBL1871,8.3,2008,8.3,COc1c(O)ccc2c1-c1ccc3[nH]c(=O)cc(C)c3c1CO2,test,6.080156289226731
CHEMBL427898,CHEMBL1871,8.4,2008,8.4,COc1c(O)ccc2oc(=O)c3c(ccc4[nH]c(=O)cc(C)c43)c12,test,6.183178477489567
CHEMBL4290022,CHEMBL1871,5.36,2018,5.36,O=C(/C=C/c1ccc2c(c1)OCO2)c1cc(Cl)ccc1O,test,5.812969137241163
CHEMBL431493,CHEMBL1871,6.85,1999,6.85,Oc1cc(C(F)(F)F)c2cc3c(cc2n1)NC[C@@H]1CCCC[C@H]31,val,6.686761318928063
CHEMBL435651,CHEMBL1871,7.744999999999999,1998,7.744999999999999,CN1c2cc3c(cc2CCC1(C)C)c(C(F)(F)F)cc(=O)n3C,test,6.983818925822739
CHEMBL437065,CHEMBL1871,5.75,2006,5.75,C#C[C@]12CC[C@H](O)CC1=CCC1C2CC[C@@]2(C)C1CC[C@@H]2O,test,6.394611695103675
CHEMBL439873,CHEMBL1871,7.62,2007,7.62,COc1cc(N2C(=O)[C@@H]3[C@H](O)CCN3C2=O)ccc1C#N,val,7.307076619215137
CHEMBL440283,CHEMBL1871,6.654999999999999,2006,6.654999999999999,C[C@]12CC[C@H]3[C@@H](CC=C4C[C@@H](O)CC[C@@]43C)[C@@H]1CC[C@@H]2O,test,6.311939823398601
CHEMBL440454,CHEMBL1871,5.59,2003,5.59,C=CCC1Oc2cccc(NC)c2-c2ccc3c(c21)C(C)=CC(C)(C)N3,val,5.906833019327081
CHEMBL440958,CHEMBL1871,5.0,2007,5.0,C=CCN1c2ccc3[nH]c(=O)cc(C(F)(F)F)c3c2OC[C@H]1CC,val,6.769522746115438
CHEMBL4436578,CHEMBL1871,4.6020599913279625,2020,4.6020599913279625,Cc1noc(C)c1CSCC(=O)N1CCN(c2ccccc2)CC1,test,5.44570826616623
CHEMBL4436888,CHEMBL1871,4.9,2020,4.9,Cc1ccccc1N1CCN(C(=O)/C=C\c2ccccc2)CC1,test,5.738137425466526
CHEMBL4438632,CHEMBL1871,4.6020599913279625,2020,4.6020599913279625,Cc1ccccc1N1CCN(C(=O)CN(C)Cc2ccccc2)CC1,test,5.634579099541233
CHEMBL4439264,CHEMBL1871,4.6020599913279625,2020,4.6020599913279625,Cc1ccccc1N1CCN(C(=O)C[S+]([O-])Cc2c(C)noc2C)CC1,val,5.607983630269869
CHEMBL4439702,CHEMBL1871,6.04,2019,6.04,C[C@](O)(Cn1ccc2c(-c3ccccc3)cccc21)C(=O)Nc1ccc(C#N)c(C(F)(F)F)c1,test,6.153971330928221
CHEMBL4440641,CHEMBL1871,5.51,2020,5.51,Cc1ccccc1N1C[C@@H](C)N(C(=O)CSCc2c(C)noc2C)[C@@H](C)C1,test,5.652090590191771
CHEMBL4448161,CHEMBL1871,4.6020599913279625,2020,4.6020599913279625,Cc1ccccc1N1CCN(C(=O)[C@H]2C[C@@H]2c2ccccc2)CC1,test,5.845854603350953
CHEMBL444991,CHEMBL1871,5.165,2008,5.165,Cc1cc(C)cc(Nc2cc(C(=O)N3CCCC3)n(C)c2)c1,test,6.104797414556808
CHEMBL4451795,CHEMBL1871,6.43,2019,6.43,C[C@](O)(Cn1cc(-c2ccccc2)c2cc(F)ccc21)C(=O)Nc1ccc(C#N)c(Cl)c1,val,6.280204553416944
CHEMBL4454790,CHEMBL1871,4.97,2020,4.97,Cc1ccccc1N1CCN(CCSCc2c(C)noc2C)CC1,test,5.652393614582438
CHEMBL4462787,CHEMBL1871,4.86,2020,4.86,Cc1ccccc1N1CCN(C(=O)CSCc2ccccc2)CC1,val,5.503555290275943
CHEMBL4463155,CHEMBL1871,4.6020599913279625,2020,4.6020599913279625,Cc1ccc(N2CCN(C(=O)CSCc3c(C)noc3C)CC2)cc1,test,5.618068659438457
CHEMBL4463558,CHEMBL1871,6.5,2019,6.5,CC(=O)O[C@H]1CC[C@@]2(C)C(=CC[C@@H]3[C@@H]2CC[C@]2(C)c4c(C)nc5[nH]c6ccccc6c5c4C[C@@H]32)C1,test,6.00264082978768
CHEMBL4465239,CHEMBL1871,4.84,2020,4.84,Cc1ccccc1N1CCN(C(=O)CSCc2c(C)noc2C)CC1,test,5.4450304479160865
CHEMBL4465426,CHEMBL1871,5.36,2016,5.36,CC1(C)NC(=O)N(c2ccc(F)c(C(F)(F)F)c2)C1=O,val,6.273237360352612
CHEMBL4470768,CHEMBL1871,4.6020599913279625,2020,4.6020599913279625,Cc1cccc(N2CCN(C(=O)CSCc3c(C)noc3C)CC2)c1,test,5.528235182025094
CHEMBL447184,CHEMBL1871,4.75,2004,4.75,CCCCc1ccc(C(=O)N2C[C@@H]3C[C@H]2[C@@H]2C(=O)N(c4ccc(C#N)c(C(F)(F)F)c4)C(=O)N32)cc1,test,6.488810888711402
CHEMBL448454,CHEMBL1871,7.445,2009,7.445,COc1cc(Sc2c(C)cccc2C)ccc1C#N,test,6.5633879397421175
CHEMBL450933,CHEMBL1871,7.55,2008,7.55,COc1cccc2oc(=O)c3c(ccc4[nH]c(=O)cc(C)c43)c12,test,6.098104541023666
CHEMBL4513309,CHEMBL1871,4.9,2020,4.9,Cc1noc(C)c1CSCC(=O)N1CCN(c2ccccc2F)CC1,test,5.579882418447711
CHEMBL4516398,CHEMBL1871,4.6020599913279625,2020,4.6020599913279625,COc1ccccc1N1CCN(C(=O)CSCc2c(C)noc2C)CC1,test,5.446265656436935
CHEMBL4517379,CHEMBL1871,5.57,2020,5.57,Cc1ccc(Cl)cc1N1CCN(C(=O)C2CC2c2ccc(F)cc2)CC1,test,6.032400887209731
CHEMBL4518104,CHEMBL1871,4.6020599913279625,2020,4.6020599913279625,Cc1ccccc1N1CCN(C(=O)/C=C/c2ccccc2)CC1,test,5.738137425466526
CHEMBL4520679,CHEMBL1871,6.53,2019,6.53,C[C@](O)(Cn1ccc2c(F)c(-c3ccccc3)ccc21)C(=O)Nc1ccc(C#N)c(C(F)(F)F)c1,test,6.18534923889948
CHEMBL4526613,CHEMBL1871,4.6020599913279625,2020,4.6020599913279625,Cc1ccccc1N1CCN(C(=O)NCSCc2c(C)noc2C)CC1,test,5.547529667290607
CHEMBL4534324,CHEMBL1871,7.07,2019,7.07,CC#C[C@]1(O)CC[C@H]2[C@@H]3CCC4=CC(=O)CC[C@]4(C)[C@H]3[C@@H](OCc3ccc(Cl)cc3)C[C@@]21C,test,6.090644709015499
CHEMBL453623,CHEMBL1871,7.17,2009,7.17,N#Cc1ccc(SCC2CC2)cc1C(F)(F)F,test,6.90430629154967
CHEMBL4545820,CHEMBL1871,6.68,2019,6.68,CC(C)(C)C#C[C@]1(O)CC[C@H]2[C@@H]3CCC4=CC(=O)CC[C@@H]4[C@H]3[C@@H](c3ccc(N4CCOCC4)cc3)C[C@@]21C,val,6.3989496547395595
CHEMBL4553882,CHEMBL1871,5.8,2020,5.8,Cc1ccc(Cl)cc1N1CCN(C(=O)[C@H]2C[C@H]2c2ccc(F)cc2)CC1,test,6.032400887209731
CHEMBL4556818,CHEMBL1871,4.92,2020,4.92,Cc1noc(C)c1CSCC(=O)N1CCN(c2ccccc2C#N)CC1,test,6.0733792669565485
CHEMBL456237,CHEMBL1871,5.64,2008,5.64,Fc1ccc(-c2c3cccc(C(F)(F)F)c3nn2Cc2ccc(F)cc2Cl)cc1,test,6.084055283760889
CHEMBL4564335,CHEMBL1871,4.88,2020,4.88,Cc1ccc(Cl)cc1N1CCN(C(=O)[C@@H]2C[C@@H]2c2ccc(F)cc2)CC1,test,6.032400887209731
CHEMBL4581378,CHEMBL1871,4.74,2020,4.74,Cc1ccccc1N(C)CCN(C)C(=O)CSCc1c(C)noc1C,test,5.589196057314478
CHEMBL4581526,CHEMBL1871,4.83,2020,4.83,Cc1noc(C)c1CSCC(=O)N1C[C@@H](C)N(c2ccccc2)[C@@H](C)C1,test,5.668189221986499
CHEMBL4583465,CHEMBL1871,5.58,2019,5.58,C[C@](O)(Cn1ccc2nc(C#N)ccc21)C(=O)Nc1ccc(C#N)c(C(F)(F)F)c1,test,6.161998000009414
CHEMBL4593239,CHEMBL1871,4.78,2020,4.78,Cc1cccc(N2[C@H](C)CN(C(=O)CSCc3c(C)noc3C)C[C@@H]2C)c1,test,5.7283646657338165
CHEMBL462022,CHEMBL1871,7.285,2009,7.285,COc1cc(Sc2c(C)cc(C)cc2C)ccc1C#N,test,6.583475351570586
CHEMBL462025,CHEMBL1871,6.78,2009,6.78,Cc1ccccc1Sc1ccc(C#N)c(C(F)(F)F)c1,test,6.63481868916065
CHEMBL462026,CHEMBL1871,7.34,2009,7.34,COc1ccccc1Sc1ccc(C#N)c(C(F)(F)F)c1,test,6.4937189677116915
CHEMBL462027,CHEMBL1871,6.39,2009,6.39,Cc1cccc(C)c1Sc1ccc(C#N)c(C(F)(F)F)c1,test,6.709941741584289
CHEMBL462234,CHEMBL1871,5.87,2009,5.87,Cc1cc(C)c(Sc2ccc(C#N)c(C(F)(F)F)c2)c(C)c1,test,6.741765940937724
CHEMBL467887,CHEMBL1871,7.83,2009,7.83,CN(C)C1CC(C(C)(C)CO)Nc2ccc([N+](=O)[O-])cc21,test,6.266290194893738
CHEMBL473801,CHEMBL1871,5.0,2009,5.0,C[C@@]1(C(=O)Nc2nccs2)CC2(C#N)c3ccccc3C1c1ccccc12,test,6.089574891619006
CHEMBL4739997,CHEMBL1871,6.720000000000001,2020,6.720000000000001,C[C@](O)(Cn1cc(C#N)c(Br)n1)C(=O)Nc1ccc(C#N)c(C(F)(F)F)c1,test,6.292873774494629
CHEMBL4740374,CHEMBL1871,6.375,2020,6.375,C[C@](O)(Cn1ccc(F)n1)C(=O)Nc1ccc(C#N)c(C(F)(F)F)c1,test,6.412706302335982
CHEMBL4740742,CHEMBL1871,6.61,2020,6.61,N#Cc1ccc(NC(=O)CS(=O)(=O)c2ccc(F)cc2)cc1C(F)(F)F,test,6.505911253734158
CHEMBL4740944,CHEMBL1871,5.2,2016,5.2,CC1(C)C(=O)N(c2ccc(F)c(C(F)(F)F)c2)C(=O)N1S(C)(=O)=O,val,6.180213616961335
CHEMBL4741569,CHEMBL1871,6.49,2020,6.49,C[C@](O)(Cn1ccc(C(F)(F)F)n1)C(=O)Nc1ccc(C#N)c(C(F)(F)F)c1,test,6.342555602401719
CHEMBL474189,CHEMBL1871,5.54,2009,5.54,CC12CC(C)(C(=O)Nc3nccs3)C(c3ccccc31)c1ccccc12,test,5.870135247547396
CHEMBL4742694,CHEMBL1871,6.12,2020,6.12,CC(=O)c1cnn(C[C@](C)(O)C(=O)Nc2ccc(C#N)c(C(F)(F)F)c2)c1,test,6.179465587961538
CHEMBL4743302,CHEMBL1871,6.23,2021,6.23,CN1Cc2cc(N3C(=S)N(c4ccc(C#N)c(C(F)(F)F)c4)C(=O)C3(C)C)ccc2C1=O,val,6.715264290178429
CHEMBL4743529,CHEMBL1871,5.38,2016,5.38,CC1(C)NC(=O)N(Cc2ccc(F)c(C(F)(F)F)c2)C1=O,val,6.198156965824354
CHEMBL4744974,CHEMBL1871,5.0,2016,5.0,CC1(C)NC(=O)N(c2ccc(F)c(C(F)F)c2)C1=O,val,6.195299067862768
CHEMBL4746345,CHEMBL1871,6.88,2020,6.88,C[C@](O)(Cn1cc(Br)c(F)n1)C(=O)Nc1ccc(C#N)c(C(F)(F)F)c1,test,6.320654354198697
CHEMBL4746443,CHEMBL1871,5.04,2016,5.04,CN(C)C(=O)c1cc(N2C(=O)NC(C)(C)C2=O)ccc1F,val,6.053679562587271
CHEMBL4746960,CHEMBL1871,6.33,2020,6.33,CC(Cn1cc(F)cn1)C(=O)Nc1ccc(C#N)c(C(F)(F)F)c1,test,6.41371535321663
CHEMBL4747056,CHEMBL1871,5.67,2020,5.67,N#Cc1ccc(NC(=O)CCn2cc(F)cn2)cc1C(F)(F)F,test,6.3647406015443595
CHEMBL4747499,CHEMBL1871,5.38,2016,5.38,O=C1NC2(CCCCC2)C(=O)N1c1ccc(F)c(C(F)(F)F)c1,test,6.387234009055965
CHEMBL4747544,CHEMBL1871,5.0,2016,5.0,Cc1ccc(N2C(=O)NC(C)(C)C2=O)cc1C(F)(F)F,val,6.315319451515643
CHEMBL4747667,CHEMBL1871,5.449999999999999,2020,5.449999999999999,Cc1cnn(C[C@](C)(O)C(=O)Nc2ccc(C#N)c(C(F)(F)F)c2)c1,test,6.226329730112341
CHEMBL474770,CHEMBL1871,5.0,2009,5.0,Cc1cnc(NC(=O)C2(C)CC3c4ccccc4C2c2ccccc23)s1,test,5.7582405943165185
CHEMBL4748422,CHEMBL1871,5.35,2016,5.35,CC1(C)NC(=O)N(c2ccnc(C(F)(F)F)c2)C1=O,val,6.2531122996417405
CHEMBL4750103,CHEMBL1871,5.89,2016,5.89,CC1(C)NC(=O)N(c2ccc(Cl)c(C(F)(F)F)c2)C1=O,val,6.518169943722839
CHEMBL4751646,CHEMBL1871,6.22,2020,6.22,C[C@](O)(Cn1cc(C(F)(F)F)cn1)C(=O)Nc1ccc(C#N)c(C(F)(F)F)c1,test,6.159757728471918
CHEMBL4752477,CHEMBL1871,6.175000000000001,2020,6.175000000000001,Cc1cn(C[C@](C)(O)C(=O)Nc2ccc(C#N)c(C(F)(F)F)c2)nc1Cl,test,6.319655548053542
CHEMBL4752991,CHEMBL1871,6.87,2020,6.87,C[C@](O)(Cn1cc(Cl)cn1)C(=O)Nc1ccc(C#N)c(C(F)(F)F)c1,test,6.294156167796333
CHEMBL4753877,CHEMBL1871,6.545,2020,6.545,C[C@](O)(Cn1cc([N+](=O)[O-])cn1)C(=O)Nc1ccc(C#N)c(C(F)(F)F)c1,test,6.392921129445346
CHEMBL4754074,CHEMBL1871,5.01,2021,5.01,N#Cc1ccc(N2C(=O)C3CNc4cc(Br)ccc4N3C2=S)cc1C(F)(F)F,val,6.6491709923491396
CHEMBL4755665,CHEMBL1871,6.0,2016,6.0,O=C1NC2(CCCC2)C(=O)N1c1ccc(F)c(C(F)(F)F)c1,test,6.385275281513922
CHEMBL4756377,CHEMBL1871,5.0,2016,5.0,CC1(C)NC(=O)N(c2cnccn2)C1=O,test,6.1862979832147325
CHEMBL4756936,CHEMBL1871,5.21,2020,5.21,CCOC(=O)Nc1cc2c(cc1F)CC1C(=O)N(c3cnc(C#N)c(C(F)(F)F)c3)C(=S)N1C2,test,6.390550581376404
CHEMBL4757702,CHEMBL1871,6.86,2020,6.86,C[C@](O)(Cn1cc(Cl)c(Br)n1)C(=O)Nc1ccc(C#N)c(C(F)(F)F)c1,test,6.407553675596715
CHEMBL4758277,CHEMBL1871,6.54,2016,6.54,CC1(C)C(=O)N(c2ccc(F)c(C(F)(F)F)c2)C(=O)N1CC#N,val,6.519114781455916
CHEMBL4759470,CHEMBL1871,6.03,2021,6.03,CC1(C)C(=O)N(c2cnc(C#N)c(C(F)(F)F)c2)C(=S)N1c1ccc2c(c1)COC2=O,test,6.4536994098763545
CHEMBL4759832,CHEMBL1871,6.62,2021,6.62,N#Cc1ccc(N2C(=O)C3(CCOC3)N(c3ccc4c(c3)COC4=O)C2=S)cc1C(F)(F)F,test,6.722258339650969
CHEMBL4764992,CHEMBL1871,6.29,2021,6.29,N#Cc1ncc(N2C(=O)C3(CCOC3)N(c3ccc4c(c3)COC4=O)C2=S)cc1C(F)(F)F,val,6.463297687796897
CHEMBL4776221,CHEMBL1871,5.21,2020,5.21,CC(C)(C)OC(=O)Nc1cnn(C[C@](C)(O)C(=O)Nc2cnc(C#N)c(C(F)(F)F)c2)c1,val,6.091196134390948
CHEMBL4776248,CHEMBL1871,7.359999999999999,2020,7.359999999999999,C[C@](O)(Cn1cc(C#N)cn1)C(=O)Nc1ccc(C#N)c(C(F)(F)F)c1,test,6.201779102697773
CHEMBL4778019,CHEMBL1871,5.380000000000001,2020,5.380000000000001,C[C@](O)(Cn1ccc(-c2ccccc2)n1)C(=O)Nc1ccc(C#N)c(C(F)(F)F)c1,test,6.21495959752021
CHEMBL4778185,CHEMBL1871,5.46,2016,5.46,O=C1C2CCCN2C(=O)N1c1ccc(F)c(C(F)(F)F)c1,val,6.539184281475843
CHEMBL4778550,CHEMBL1871,5.73,2019,5.73,CCOC(=O)c1ccc(NC(=O)c2cccc(S(=O)(=O)N3CCCc4ccccc43)c2)s1,test,6.106569626328643
CHEMBL4778795,CHEMBL1871,7.23,2020,7.23,C[C@](O)(Cn1cc(C#N)cn1)C(=O)Nc1cnc(C#N)c(C(F)(F)F)c1,val,6.172335537588454
CHEMBL4778974,CHEMBL1871,5.89,2016,5.89,CN1C(=O)N(c2ccc(F)c(C(F)(F)F)c2)C(=O)C1(C)C,val,6.355000861740818
CHEMBL4779474,CHEMBL1871,5.484999999999999,2020,5.484999999999999,C[C@](O)(Cn1cccn1)C(=O)Nc1ccc(C#N)c(C(F)(F)F)c1,test,6.318264657375204
CHEMBL4779527,CHEMBL1871,6.02,2020,6.02,C[C@](O)(Cn1cc(F)cn1)C(=O)Nc1ccc(C#N)c(Cl)c1,test,6.482253001999249
CHEMBL4781335,CHEMBL1871,7.2,2020,7.2,C[C@](O)(Cn1cc(F)cn1)C(=O)Nc1cnc(C#N)c(C(F)(F)F)c1,val,6.166661061467821
CHEMBL4781708,CHEMBL1871,5.22,2016,5.22,CC1(C)NC(=O)N(c2cccc(C(F)(F)F)c2)C1=O,val,6.205060093708401
CHEMBL4782196,CHEMBL1871,5.0,2016,5.0,CC1NC(=O)N(c2ccc(F)c(C(F)F)c2)C1=O,val,6.310474650570693
CHEMBL4782426,CHEMBL1871,5.42,2016,5.42,CC1(C)NC(=O)N(c2ccncc2)C1=O,val,6.130572522177745
CHEMBL4782924,CHEMBL1871,6.04,2020,6.04,C[C@@](Cn1cc(N)cn1)(OC(=O)CCl)C(=O)Nc1ccc(C#N)c(C(F)(F)F)c1,test,6.194925210383803
CHEMBL4783581,CHEMBL1871,6.7,2020,6.7,C[C@](O)(Cn1cc(F)cn1)C(=O)Nc1ccc(C#N)c(C(F)(F)F)c1,test,6.21244213987353
CHEMBL4784244,CHEMBL1871,5.26,2020,5.26,C[C@](O)(Cn1cc(C#N)c(Br)n1)C(=O)Nc1cnc(C#N)c(C(F)(F)F)c1,val,6.323270857862617
CHEMBL4786505,CHEMBL1871,5.62,2016,5.62,CC1(C)C(=O)N(c2ccc(F)c(C(F)(F)F)c2)C(=O)N1CCc1ccccc1,test,5.995015759765653
CHEMBL4790541,CHEMBL1871,7.24,2020,7.24,C[C@](O)(Cn1cc(C(F)(F)F)cn1)C(=O)Nc1cnc(C#N)c(C(F)(F)F)c1,val,6.130718208926864
CHEMBL4792938,CHEMBL1871,6.72,2020,6.72,C[C@@](O)(Cn1cc(F)cn1)C(=O)Nc1ccc(C#N)c(C(F)(F)F)c1,test,6.21244213987353
CHEMBL4793070,CHEMBL1871,6.58,2016,6.58,O=C1CNC(=O)N1c1ccc(F)c(C(F)(F)F)c1,val,6.390900708471434
CHEMBL4793158,CHEMBL1871,5.32,2016,5.32,CC1(CO)NC(=O)N(c2ccc(F)c(C(F)(F)F)c2)C1=O,val,6.184145438981637
CHEMBL4793442,CHEMBL1871,5.38,2020,5.38,C[C@](O)(Cn1ccc(-c2ccc(F)cc2)n1)C(=O)Nc1ccc(C#N)c(C(F)(F)F)c1,test,6.280776351187003
CHEMBL4794467,CHEMBL1871,6.855,2020,6.855,C[C@](O)(Cn1cc(Br)c(F)n1)C(=O)Nc1cnc(C#N)c(C(F)(F)F)c1,val,6.259825606923621
CHEMBL4794639,CHEMBL1871,7.02,2021,7.02,N#Cc1ccc(N2C(=O)C3(CCCCC3)N(c3ccc4c(c3)COC4=O)C2=S)cc1C(F)(F)F,test,6.792338465234081
CHEMBL4797334,CHEMBL1871,5.6850000000000005,2020,5.6850000000000005,C[C@](O)(Cn1cc(Br)cn1)C(=O)Nc1ccc(C#N)c(C(F)(F)F)c1,test,6.191481879189374
CHEMBL4798843,CHEMBL1871,5.69,2020,5.69,C[C@](O)(Cn1cc(I)cn1)C(=O)Nc1ccc(C#N)c(C(F)(F)F)c1,test,6.205046802882065
CHEMBL4799175,CHEMBL1871,6.85,2016,6.85,CCN1C(=O)N(c2ccc(F)c(C(F)(F)F)c2)C(=O)C1(C)C,val,6.289954013097546
CHEMBL4799429,CHEMBL1871,5.43,2016,5.43,CC1(C)NC(=O)N(c2ccc(F)c(C#N)c2)C1=O,val,6.828895132495301
CHEMBL4800363,CHEMBL1871,5.26,2020,5.26,C[C@](O)(Cn1cc(F)cn1)C(=O)Nc1cc(C(F)(F)F)c(C#N)cc1I,test,6.238071489226841
CHEMBL480183,CHEMBL1871,4.895,2008,4.895,Cc1cc(C)cc(N(C)c2cc(C(=O)N3CCCC3)n(C)c2)c1,test,6.081224894121898
CHEMBL481152,CHEMBL1871,5.11,2008,5.11,CCN(c1cc(C)cc(C)c1)c1cc(C(=O)N2CCCC2)n(C)c1,test,6.001109503518973
CHEMBL481350,CHEMBL1871,4.981439372640169,2008,4.981439372640169,CN(c1ccc([N+](=O)[O-])cc1)c1cc(C(=O)N2CCCC2)n(C)c1,test,6.297252480338728
CHEMBL481355,CHEMBL1871,5.255,2008,5.255,CCN(c1ccc([N+](=O)[O-])cc1)c1cc(C(=O)N2CCCC2)n(C)c1,test,6.248593342900942
CHEMBL481356,CHEMBL1871,5.154999999999999,2008,5.154999999999999,CC(C)N(c1ccc([N+](=O)[O-])cc1)c1cc(C(=O)N2CCCC2)n(C)c1,test,6.245224019857594
CHEMBL482064,CHEMBL1871,5.869999999999999,2008,5.869999999999999,O=C(c1cccc(N(Cc2ccccc2)c2ccc([N+](=O)[O-])cc2)c1)N1CCCC1,test,6.0681791610739495
CHEMBL4845915,CHEMBL1871,7.52,2021,7.52,Fc1cc(F)c2[nH]cc(-c3ccc4ccccc4n3)c2c1,test,5.892027417256272
CHEMBL4846981,CHEMBL1871,5.66,2021,5.66,Cc1ccc2c(-c3ccc4ccccc4n3)c[nH]c2c1F,test,5.8707663143524575
CHEMBL4848581,CHEMBL1871,6.18,2021,6.18,CC(C)NC(=O)c1cccc2nc(-c3cn(COP(=O)([O-])[O-])c4c(F)c(F)c(F)cc34)ccc12.[Na+].[Na+],test,5.793562470197435
CHEMBL4849002,CHEMBL1871,6.75,2021,6.75,O=C(NCC1CC1)c1cccc2nc(-c3c[nH]c4c(F)c(F)c(F)cc34)ccc12,val,6.035741863097963
CHEMBL4849023,CHEMBL1871,7.4,2021,7.4,O=C(NCC(F)F)c1cccc2nc(-c3c[nH]c4c(F)c(F)c(F)cc34)ccc12,test,5.910487353074672
CHEMBL4850974,CHEMBL1871,6.72,2021,6.72,Fc1ccc2c(-c3ccc4ccccc4n3)c[nH]c2c1F,test,5.912941474316732
CHEMBL4851052,CHEMBL1871,6.705,2021,6.705,CN1C(=S)N(c2cnc(C#N)c(C(F)(F)F)c2)C(=O)C12Cc1ccc(OC3CCNCC3)cc1C2,test,6.484823164368797
CHEMBL4852427,CHEMBL1871,5.86,2020,5.86,C[C@](O)(CN1CCOCC1)C(=O)Nc1ccc(C#N)c(C(F)(F)F)c1,test,6.370488305234768
CHEMBL4852542,CHEMBL1871,6.77,2021,6.77,Cc1c(F)ccc2c(-c3ccc4ccccc4n3)c[nH]c12,test,5.885019573948526
CHEMBL4852702,CHEMBL1871,5.78,2021,5.78,Cc1cccc2c(-c3ccc4ccc(Cl)cc4n3)c[nH]c12,test,5.984644148603664
CHEMBL4852876,CHEMBL1871,7.05,2021,7.05,Fc1cc2c(-c3ccc4ccccc4n3)c[nH]c2c(F)c1F,test,5.938031049282369
CHEMBL4852991,CHEMBL1871,6.89,2021,6.89,Fc1cc(Cl)cc2c(-c3ccc4ccccc4n3)c[nH]c12,test,5.988569091860375
CHEMBL4854145,CHEMBL1871,6.13,2021,6.13,CC(C)(C)NC(=O)c1cccc2nc(-c3c[nH]c4c(F)c(F)c(F)cc34)ccc12,test,5.893497010448677
CHEMBL4856041,CHEMBL1871,5.151439372640169,2021,5.151439372640169,CNC(=O)c1ccc2c(c1)CC1(C2)C(=O)N(c2ccc(C#N)c(C(F)(F)F)c2)C(=O)N1C,val,6.635870481712122
CHEMBL4856070,CHEMBL1871,7.52,2021,7.52,Fc1ccc2c(-c3ccc4ccccc4n3)c[nH]c2c1Cl,test,6.011025065795896
CHEMBL4856585,CHEMBL1871,6.7,2021,6.7,Cc1cccc2c(-c3ccc4cccc(Cl)c4n3)c[nH]c12,test,6.169057614749054
CHEMBL4857183,CHEMBL1871,7.0,2021,7.0,Cc1cccc2c(-c3ccc4cccc(F)c4n3)c[nH]c12,test,5.991732821306504
CHEMBL4860114,CHEMBL1871,5.72,2021,5.72,Cc1cc(Cl)c2[nH]cc(-c3ccc4ccccc4n3)c2c1,test,5.950336586325851
CHEMBL4861278,CHEMBL1871,6.245,2020,6.245,C[C@](O)(Cn1cc(-c2ccc(F)cc2)nn1)C(=O)Nc1cnc(C#N)c(C(F)(F)F)c1,test,6.067322265656888
CHEMBL4861595,CHEMBL1871,6.715,2021,6.715,N#Cc1ncc(N2C(=O)C3(CCC3)N(c3ccc(O)cc3)C2=S)cc1C(F)(F)F,test,6.5896058804696205
CHEMBL4862827,CHEMBL1871,7.275,2021,7.275,N#Cc1ncc(N2C(=O)C3(CCC3)N(c3ccc(OC4CCNCC4)cc3)C2=S)cc1Cl,test,6.68057681796985
CHEMBL4864867,CHEMBL1871,6.52,2021,6.52,Cc1cccc2c(-c3ccc4ccc(F)cc4n3)c[nH]c12,test,5.921076125911998
CHEMBL4865865,CHEMBL1871,7.01,2021,7.01,CN1CCC(Oc2ccc(N3C(=S)N(c4cnc(C#N)c(C(F)(F)F)c4)C(=O)C34CCC4)cc2)CC1,test,6.645941951404822
CHEMBL4866292,CHEMBL1871,6.76,2021,6.76,CC(C)NC(=O)c1cccc2nc(-c3c[nH]c4c(F)c(F)c(F)cc34)ccc12,test,5.884964668948235
CHEMBL4868764,CHEMBL1871,6.62,2021,6.62,Cc1cccc2c(-c3ccc4c(C(F)(F)F)cccc4n3)c[nH]c12,test,6.064493166261962
CHEMBL4868944,CHEMBL1871,6.64,2021,6.64,CNC(=O)c1cccc2nc(-c3c[nH]c4c(C)cccc34)ccc12,test,5.77289274598996
CHEMBL4869391,CHEMBL1871,6.75,2021,6.75,Cc1cccc2ccc(-c3c[nH]c4c(C)cccc34)nc12,test,5.9871012425249805
CHEMBL4869652,CHEMBL1871,6.595,2021,6.595,COc1cc(N2C(=O)C3(CCC3)N(c3ccc(OC4CCN(C)CC4)cc3)C2=S)cnc1C#N,test,6.528044678046028
CHEMBL4870138,CHEMBL1871,7.0,2021,7.0,Fc1cc(Cl)c2[nH]cc(-c3ccc4ccccc4n3)c2c1,test,6.0126778734319615
CHEMBL4870389,CHEMBL1871,7.22,2021,7.22,Cc1cccc2c(-c3ccc4ccccc4n3)c[nH]c12,test,5.8200712670612385
CHEMBL4870661,CHEMBL1871,4.5,2021,4.5,OC(c1cccc2nc(-c3c[nH]c4c(F)c(F)c(F)cc34)ccc12)C(F)(F)F,test,6.028649508206913
CHEMBL4870803,CHEMBL1871,7.82,2023,7.82,CN(c1ccc(C#N)c(Cl)c1)[C@H]1CC[C@H](NC(=O)c2ccc(N3CCN(C4CN(c5ccc6c(c5)C(=O)N(C5CCC(=O)NC5=O)C6=O)C4)CC3)cc2)CC1,test,6.462940414214619
CHEMBL4871015,CHEMBL1871,6.654999999999999,2021,6.654999999999999,CNC(=O)c1cc2c(cc1F)CC1(C2)C(=O)N(c2cnc(C#N)c(C(F)(F)F)c2)C(=S)N1C1CC1,test,6.704678639371042
CHEMBL4871449,CHEMBL1871,6.26,2021,6.26,Fc1cc2c(-c3ccc4c(C(F)(F)F)cccc4n3)c[nH]c2c(F)c1F,test,6.111863581819214
CHEMBL4871740,CHEMBL1871,6.8,2021,6.8,Cc1cccc2c(-c3ccc4cccc(Br)c4n3)c[nH]c12,test,6.00569443737707
CHEMBL4875734,CHEMBL1871,7.0,2021,7.0,Clc1cccc2c(-c3ccc4ccccc4n3)c[nH]c12,test,6.018557943713034
CHEMBL4875909,CHEMBL1871,6.3,2021,6.3,Fc1cc2c(-c3ccc4c(-c5nccs5)cccc4n3)c[nH]c2c(F)c1F,val,5.972486162692682
CHEMBL4876258,CHEMBL1871,6.96,2021,6.96,CNC(=O)c1cccc2nc(-c3c[nH]c4c(F)c(F)c(F)cc34)ccc12,test,5.913080593751332
CHEMBL4876467,CHEMBL1871,5.82,2021,5.82,Clc1cc(Cl)c2[nH]cc(-c3ccc4ccccc4n3)c2c1,test,5.970991284611432
CHEMBL4876579,CHEMBL1871,6.73,2021,6.73,N#Cc1ncc(N2C(=O)C3(CCC3)N(c3ccc(OC4CCNCC4)cc3)C2=S)cc1C(F)(F)F,test,6.613708403291799
CHEMBL4877104,CHEMBL1871,6.64,2021,6.64,Cc1cc(F)cc2c(-c3ccc4ccccc4n3)c[nH]c12,test,5.867778052277601
CHEMBL4877237,CHEMBL1871,5.8,2021,5.8,Cc1cc(C)c2[nH]cc(-c3ccc4ccccc4n3)c2c1,test,5.7880860144844855
CHEMBL490956,CHEMBL1871,7.24,2009,7.24,Cc1ccccc1Sc1ccc(C#N)cc1Cl,test,6.458262890660179
CHEMBL501080,CHEMBL1871,6.16,2008,6.16,CCC1(c2ccco2)OCC(=O)Nc2ccc(-c3cc(F)cc(C#N)c3)cc21,test,6.113277792933718
CHEMBL50241,CHEMBL1871,8.96,1996,8.96,C=C1CC[C@H](O)C/C1=C/C=C1\CCCC2(C)C1CCC2C(C)/C=C/C(C)C(C)C,val,6.182502528250696
CHEMBL504110,CHEMBL1871,7.015,2009,7.015,COc1cc(SCC2CC2)ccc1C#N,test,6.7724103331419965
CHEMBL5069607,CHEMBL1871,4.301029995663981,2021,4.301029995663981,Cc1cccc(C(=O)Nc2ccc3c(C(F)(F)F)cc(=O)oc3c2)c1,test,6.095562606623374
CHEMBL5071682,CHEMBL1871,6.11,2021,6.11,O=c1cc(C(F)(F)F)c2ccc(OCc3c(F)cccc3Cl)cc2o1,test,6.0427640977574395
CHEMBL5071912,CHEMBL1871,4.51,2021,4.51,COC(=O)c1ccc(COc2ccc3c(C(F)(F)F)cc(=O)oc3c2)cc1,test,5.846851597029458
CHEMBL5075580,CHEMBL1871,5.15,2022,5.15,CCCCS(=O)(=O)Nc1ccc(OCc2ccccc2)cc1,test,5.475891810674356
CHEMBL5076252,CHEMBL1871,4.301029995663981,2021,4.301029995663981,O=c1cc(C(F)(F)F)c2ccc(OCc3ccc([N+](=O)[O-])cc3)cc2o1,test,6.122160892754266
CHEMBL5076618,CHEMBL1871,4.301029995663981,2021,4.301029995663981,CCOC(=O)C(CC)Oc1ccc2c(C(F)(F)F)cc(=O)oc2c1,test,6.128964955823877
CHEMBL507671,CHEMBL1871,7.005,2009,7.005,N#Cc1ccc(Sc2ccccc2F)cc1C(F)(F)F,test,6.672234225593721
CHEMBL5076847,CHEMBL1871,4.301029995663981,2021,4.301029995663981,Oc1ccccc1/C=N/c1ccc(Cl)c(Cl)c1,val,5.948021101907022
CHEMBL5076873,CHEMBL1871,6.39,2021,6.39,O=c1cc(C(F)(F)F)c2ccc(OCc3ccccc3Cl)cc2o1,test,5.950516494299029
CHEMBL5077660,CHEMBL1871,4.301029995663981,2022,4.301029995663981,O=S(=O)(Cc1ccc(Cl)cc1)Nc1ccc(OCc2ccccc2)cc1,val,5.475465888990941
CHEMBL5078078,CHEMBL1871,5.0,2023,5.0,CC(C)(O)c1ccc(N2Cc3c(ccnc3-c3ccc(F)cc3OCC(F)(F)F)C2=O)cc1,test,5.960950516231659
CHEMBL5078776,CHEMBL1871,4.301029995663981,2021,4.301029995663981,O=C(Nc1ccc2c(C(F)(F)F)cc(=O)oc2c1)c1ccccc1Cl,test,6.202324553158886
CHEMBL5078938,CHEMBL1871,4.6,2021,4.6,O=c1cc(C(F)(F)F)c2ccc(OCc3ccc(OC(F)(F)F)cc3)cc2o1,test,5.931945234353092
CHEMBL5079200,CHEMBL1871,5.85,2021,5.85,Cc1cccc(COc2ccc3c(C(F)(F)F)cc(=O)oc3c2)c1,test,5.787637099021635
CHEMBL5079698,CHEMBL1871,6.05,2021,6.05,O=c1cc(C(F)(F)F)c2ccc(OCc3ccc(C(F)(F)F)cc3)cc2o1,test,5.853305497074424
CHEMBL5079893,CHEMBL1871,4.301029995663981,2021,4.301029995663981,O=C(Nc1ccc2c(C(F)(F)F)cc(=O)oc2c1)c1ccccc1F,test,6.077474835807255
CHEMBL5081224,CHEMBL1871,4.301029995663981,2022,4.301029995663981,O=[N+]([O-])c1ccc(CS(=O)(=O)Nc2ccc(OCc3ccccc3)cc2)cc1,val,5.7112500673417586
CHEMBL5082552,CHEMBL1871,4.301029995663981,2022,4.301029995663981,CC(C)CS(=O)(=O)Nc1ccc(OCc2ccccc2)cc1,test,5.428921693671755
CHEMBL5082962,CHEMBL1871,6.33,2021,6.33,O=c1cc(C(F)(F)F)c2ccc(OCc3ccc(F)cc3)cc2o1,test,5.833305761587425
CHEMBL5083402,CHEMBL1871,4.301029995663981,2021,4.301029995663981,CC(=O)c1ccc(COc2ccc3c(C(F)(F)F)cc(=O)oc3c2)cc1,test,5.838529106347605
CHEMBL5084126,CHEMBL1871,5.64,2021,5.64,O=c1cc(C(F)(F)F)c2ccc(OCc3cccc(Br)c3)cc2o1,test,5.872023593066457
CHEMBL5084639,CHEMBL1871,4.301029995663981,2021,4.301029995663981,Cn1cc(C(=O)Nc2ccc3c(C(F)(F)F)cc(=O)oc3c2)c(I)n1,val,6.110852136747398
CHEMBL5084650,CHEMBL1871,4.301029995663981,2021,4.301029995663981,Cc1ccc(/N=C/c2ccccc2O)cc1Br,val,5.74228963144844
CHEMBL50849,CHEMBL1871,5.52,1996,5.52,COc1cc(CC2C(C)(C)CC(C)=CC23CC3)c(OC(C)=O)cc1Br,val,5.901022662696649
CHEMBL5085066,CHEMBL1871,4.74,2022,4.74,CN(C)S(=O)(=O)Nc1ccc(OCc2ccccc2)cc1,test,5.3867157027276
CHEMBL5085150,CHEMBL1871,4.301029995663981,2021,4.301029995663981,O=C(Nc1ccc2c(C(F)(F)F)cc(=O)oc2c1)c1ccccc1,test,6.010426436066399
CHEMBL5086322,CHEMBL1871,4.301029995663981,2021,4.301029995663981,Cn1cc(C(=O)Nc2ccc3c(C(F)(F)F)cc(=O)oc3c2)cn1,val,6.100912110215108
CHEMBL5086603,CHEMBL1871,5.1,2022,5.1,CCS(=O)(=O)Nc1ccc(OCc2ccccc2)cc1,test,5.390206474978777
CHEMBL5087375,CHEMBL1871,4.301029995663981,2021,4.301029995663981,COC(=O)C(CC(C)C)Oc1ccc2c(C(F)(F)F)cc(=O)oc2c1,test,6.062756231713837
CHEMBL5087488,CHEMBL1871,6.21,2021,6.21,Cc1ccc(COc2ccc3c(C(F)(F)F)cc(=O)oc3c2)cc1,test,5.920200059180102
CHEMBL5087976,CHEMBL1871,5.98,2021,5.98,O=c1cc(C(F)(F)F)c2ccc(OCc3ccc(Cl)cc3)cc2o1,test,5.941086537158815
CHEMBL5088483,CHEMBL1871,4.301029995663981,2021,4.301029995663981,COc1ccc([N+](=O)[O-])cc1COc1ccc2c(C(F)(F)F)cc(=O)oc2c1,test,6.133868867872624
CHEMBL5088635,CHEMBL1871,6.03,2021,6.03,O=c1cc(C(F)(F)F)c2ccc(OCc3ccccc3Br)cc2o1,test,5.886565006308852
CHEMBL5088995,CHEMBL1871,4.301029995663981,2021,4.301029995663981,O=C(Nc1ccc2c(C(F)(F)F)cc(=O)oc2c1)c1cccc(Cl)c1,test,6.184428815476496
CHEMBL5089532,CHEMBL1871,4.301029995663981,2021,4.301029995663981,CCn1cc(C(=O)Nc2ccc3c(C(F)(F)F)cc(=O)oc3c2)c(C)n1,val,6.0923206934495475
CHEMBL5090685,CHEMBL1871,5.24,2022,5.24,O=S(=O)(Cc1ccccc1)Nc1ccc(OCc2ccccc2)cc1,val,5.414053738189012
CHEMBL5091168,CHEMBL1871,5.03,2021,5.03,CC(C)c1ccc(COc2ccc3c(C(F)(F)F)cc(=O)oc3c2)cc1,test,5.975344821459361
CHEMBL5091684,CHEMBL1871,4.301029995663981,2021,4.301029995663981,NC(=O)c1ccc(COc2ccc3c(C(F)(F)F)cc(=O)oc3c2)cc1,test,5.713129393851457
CHEMBL5091772,CHEMBL1871,4.301029995663981,2022,4.301029995663981,COc1ccc(CS(=O)(=O)Nc2ccc(OCc3ccccc3)cc2)cc1,val,5.393865874505959
CHEMBL5093730,CHEMBL1871,6.04,2021,6.04,O=c1cc(C(F)(F)F)c2ccc(OCc3ccccc3F)cc2o1,test,5.817046353828544
CHEMBL5093873,CHEMBL1871,4.301029995663981,2021,4.301029995663981,N#Cc1cccc(/N=C/c2ccccc2O)c1,val,6.214827880919313
CHEMBL5094463,CHEMBL1871,4.301029995663981,2021,4.301029995663981,Cn1cc(C(=O)Nc2ccc3c(C(F)(F)F)cc(=O)oc3c2)c(Br)n1,val,6.165772556972861
CHEMBL5094619,CHEMBL1871,5.79,2021,5.79,COc1ccc(COc2ccc3c(C(F)(F)F)cc(=O)oc3c2)cc1,test,5.901115495879599
CHEMBL510145,CHEMBL1871,7.58,2009,7.58,COc1cc(Sc2ccccc2OC)ccc1C#N,test,6.499903978947653
CHEMBL514630,CHEMBL1871,5.03,2009,5.03,CC12CC(C)(C(=O)Nc3nncs3)C(c3ccccc31)c1ccccc12,test,5.871084627263431
CHEMBL514646,CHEMBL1871,5.13,2009,5.13,C[C@@]1(C(=O)Nc2nccs2)CC2c3ccccc3C1c1ccccc12,test,5.842022435025217
CHEMBL516610,CHEMBL1871,5.07,2008,5.07,Cn1cc(Nc2ccc([N+](=O)[O-])cc2)cc1C(=O)N1CCCC1,test,6.315542269690556
CHEMBL516752,CHEMBL1871,5.285,2008,5.285,Cc1cc(C)cc(N(c2cc(C(=O)N3CCCC3)n(C)c2)C(C)C)c1,test,6.064980878747459
CHEMBL5170285,CHEMBL1871,4.6020599913279625,2022,4.6020599913279625,N#Cc1ccc(-n2ccc(CNS(=O)(=O)c3ccc(F)cc3)n2)cc1C(F)(F)F,test,6.2515714851587525
CHEMBL5170697,CHEMBL1871,9.05,2022,9.05,CCc1c(C)c2c3c(Cl)cc(=O)[nH]c3ccc2n1CC(F)(F)F,val,6.364284790801619
CHEMBL5170796,CHEMBL1871,6.72,2022,6.72,CC1(C)C(=O)N(c2ccc(C#N)c(C(F)(F)F)c2)C(=S)N1C12CC(CC(=O)Nc3ccccc3N)(C1)C2,test,6.323276385213273
CHEMBL5171911,CHEMBL1871,4.6020599913279625,2022,4.6020599913279625,N#Cc1ccc(-n2ccc(C(=O)Nc3ccc(F)cn3)n2)cc1C(F)(F)F,test,6.216246530719315
CHEMBL5172818,CHEMBL1871,4.83,2022,4.83,Cc1cn(-c2ccc(C#N)c(C(F)(F)F)c2)nc1CNC(=O)c1ccc(C#N)cc1,test,6.123156078093832
CHEMBL5175229,CHEMBL1871,4.6020599913279625,2022,4.6020599913279625,CNC(=O)c1ccc(C(=O)NCc2ccn(-c3ccc(C#N)c(C(F)(F)F)c3)n2)cc1F,test,6.259906451225058
CHEMBL5176010,CHEMBL1871,6.55,2022,6.55,CC1(C)C(=O)N(c2ccc(C#N)c(C(F)(F)F)c2)C(=S)N1Cc1ccc(C(=O)Nc2ccccc2N)cc1,val,6.125727963261732
CHEMBL5182367,CHEMBL1871,6.12,2022,6.12,N#Cc1ccc(-n2ccc(CNC(=O)c3ccc(F)cc3)n2)cc1C(F)(F)F,test,6.092365034322711
CHEMBL5183890,CHEMBL1871,6.66,2022,6.66,Cc1cn(-c2ccc(C#N)c(C(F)(F)F)c2)nc1CNC(=O)c1ccc(F)cc1,test,6.094586037090288
CHEMBL5184779,CHEMBL1871,8.85,2022,8.85,Cc1c(N2C(=O)C3[C@H](O)CCN3C2=O)ccc(C#N)c1Cl,val,7.9908289829617996
CHEMBL5186217,CHEMBL1871,6.35,2022,6.35,Cc1cn(-c2ccc(C#N)c(C(F)(F)F)c2)nc1CNC(=O)c1ccc([N+](=O)[O-])cc1,test,6.320189485362737
CHEMBL5186400,CHEMBL1871,4.6020599913279625,2022,4.6020599913279625,CC(C)(O)c1ccc(C(=O)NCc2ccn(-c3ccc(C#N)c(C(F)(F)F)c3)n2)cc1,test,6.131624677586425
CHEMBL5187916,CHEMBL1871,8.06,2022,8.06,CC(C)(C)OC(=O)c1cccc2oc(=O)c3c(ccc4[nH]c(=O)cc(C(F)(F)F)c43)c12,test,6.296839391854996
CHEMBL5189325,CHEMBL1871,8.15,2022,8.15,Cc1c(N[C@@H](c2ccc(-c3ccc(C#N)cc3)o2)[C@H](C)O)ccc(C#N)c1Cl,test,6.835290758451031
CHEMBL5189989,CHEMBL1871,7.5,2022,7.5,CC(C)N1C[C@@]2(C)O[C@](C)(C1)[C@H]1C(=O)N(c3ccc(C#N)c(C(F)(F)F)c3)C(=O)[C@H]12,val,7.3417858811735535
CHEMBL5192111,CHEMBL1871,6.37,2022,6.37,CC(C)C(NC(=O)c1cc2ccc(F)cc2[nH]1)c1ccco1,val,6.013126181691839
CHEMBL5192915,CHEMBL1871,6.42,2022,6.42,Cc1nn(-c2ccc(C#N)c(Cl)c2)c(C)c1Oc1ccc(C(=O)NC(C)(C)C)cn1,test,6.468194707501672
CHEMBL5194098,CHEMBL1871,4.79,2022,4.79,N#Cc1ccc(-n2cc(C(F)(F)F)c(CNC(=O)c3ccc(F)cc3)n2)cc1C(F)(F)F,test,6.079723568218733
CHEMBL519450,CHEMBL1871,6.31,2008,6.31,Cc1cc(C)cc(N(CC2CCCCC2)c2cc(C(=O)N3CCCC3)n(C)c2)c1,test,6.0926125583384065
CHEMBL5194785,CHEMBL1871,5.94,2022,5.94,N#Cc1ccc(-n2ccc(CNC(=O)c3ccc(Cl)cc3)n2)cc1C(F)(F)F,test,6.228647086877589
CHEMBL5195872,CHEMBL1871,5.73,2022,5.73,N#Cc1ccc(-n2ccc(CNC(=O)c3ccc([N+](=O)[O-])cc3)n2)cc1C(F)(F)F,test,6.324431186293406
CHEMBL5196306,CHEMBL1871,6.52,2022,6.52,N#Cc1ccc(C(=O)NCc2ccn(-c3ccc(C#N)c(C(F)(F)F)c3)n2)cc1,test,6.119658036001206
CHEMBL519780,CHEMBL1871,6.17,2008,6.17,Cn1cc(N(CC2CCCCC2)c2ccc([N+](=O)[O-])cc2)cc1C(=O)N1CCCC1,test,6.316942745637394
CHEMBL5200523,CHEMBL1871,4.6020599913279625,2022,4.6020599913279625,N#Cc1ccc(-n2ccc(CNC(=O)c3ccc(C(F)(F)F)cc3)n2)cc1C(F)(F)F,test,6.124685996231835
CHEMBL520169,CHEMBL1871,6.11,2008,6.11,Cn1c(C#N)ccc1-c1ccc2c(c1)C(c1cccs1)(c1cccs1)OCC(=O)N2,test,6.425761544666406
CHEMBL5201931,CHEMBL1871,5.24,2022,5.24,N#Cc1ccc(-n2ccc(CNC(=O)c3ccc(F)cn3)n2)cc1C(F)(F)F,test,6.22669207496122
CHEMBL5202640,CHEMBL1871,7.42,2022,7.42,CN1C(=O)C=C[C@]2(C)[C@H]3CC[C@]4(C)C(C(=O)Nc5ccccc5C(F)(F)F)CC[C@H]4[C@@H]3CC[C@@H]12,val,6.412840412338122
CHEMBL5208207,CHEMBL1871,4.6020599913279625,2022,4.6020599913279625,CC(O)c1cc(C(=O)NCc2ccn(-c3ccc(C#N)c(C(F)(F)F)c3)n2)n[nH]1,test,6.360752226767555
CHEMBL5272426,CHEMBL1871,3.3124710387853655,2022,3.3124710387853655,O=C(O)c1nn2c(c1Cl)NC(c1ccccc1)CC2C(F)(F)F,val,6.098135990306862
CHEMBL5272485,CHEMBL1871,7.865,2021,7.865,COC(=O)c1ccc(C2C(=S)N(c3ccc(C#N)c(C(F)(F)F)c3)C(=O)[C@]23CCOC3)cc1F,test,6.519348782797089
CHEMBL5286150,CHEMBL1871,4.34,2022,4.34,Cc1ccc(C2CC(C(F)(F)F)n3nc(C(N)=O)cc3N2)cc1,val,5.975287777557594
CHEMBL538137,CHEMBL1871,7.51,2009,7.51,C[C@@H]1C[C@H]2[C@@H]3CC[C@H]4N(C)C(=O)C=C[C@]4(C)[C@H]3CC[C@]2(C)[C@H]1O,val,6.859561568459901
CHEMBL538877,CHEMBL1871,7.62,2009,7.62,COC[C@@H]1C[C@H]2[C@@H]3CC[C@H]4N(C)C(=O)C=C[C@]4(C)[C@H]3CC[C@]2(C)[C@H]1O,val,6.732954198687574
CHEMBL5393933,CHEMBL1871,5.77,2023,5.77,N#Cc1ccc(N2CCC3(CCN(C(=O)c4ccccc4)CC3)C2)cc1Cl,test,6.413001993077479
CHEMBL5398752,CHEMBL1871,5.3,2023,5.3,CN1CCN(c2ccc(C(=O)N3CCC4(CCN(c5ccc(C#N)c(Cl)c5)CC4)C3)cc2)CC1,test,6.398275003101048
CHEMBL5399091,CHEMBL1871,6.52,2023,6.52,C[C@](O)(Cn1nc(C=O)c2cc(F)ccc21)C(=O)Nc1cnc(C#N)c(C(F)(F)F)c1,test,6.113480595546537
CHEMBL5408438,CHEMBL1871,5.525,2023,5.525,Cc1nn(C[C@](C)(O)C(=O)Nc2cnc(C#N)c(C(F)(F)F)c2)c2ccc(F)cc12,test,6.199272916020626
CHEMBL5408577,CHEMBL1871,5.0,2023,5.0,C[C@](O)(CN1C(=O)C(=O)c2ccccc21)C(=O)Nc1ccc(C#N)c(C(F)(F)F)c1,test,6.299184356367101
CHEMBL5413307,CHEMBL1871,4.522878745280337,2023,4.522878745280337,Cn1ncc2cc(-c3cc(C(N)=O)ccc3NCCN3CCOCC3)ccc21,test,5.225705796125819
CHEMBL5416166,CHEMBL1871,6.9,2023,6.9,C[C@](O)(Cn1nc(Cl)c2c(C(F)(F)F)cccc21)C(=O)Nc1cnc(C#N)c(C(F)(F)F)c1,test,6.083409224692825
CHEMBL5416300,CHEMBL1871,6.1,2023,6.1,Cn1ncc2cc(-c3cc(C(N)=O)ccc3NCCCN3CCOCC3)ccc21,test,5.25643810259763
CHEMBL5417016,CHEMBL1871,7.2,2023,7.2,C[C@](O)(Cn1nc(F)c2cc(F)ccc21)C(=O)Nc1cnc(C#N)c(C(F)(F)F)c1,test,6.169835386091639
CHEMBL5424470,CHEMBL1871,5.16,2023,5.16,CN1CCN(c2ccc(C(=O)N3CCC4(CCN(c5ccc(C#N)c(Cl)c5)C4)C3)cc2)CC1,val,6.323794540685823
CHEMBL5425494,CHEMBL1871,4.522878745280337,2023,4.522878745280337,Cn1ncc2cc(-c3cc(C(N)=O)ccc3OCc3ccccc3)ccc21,test,4.74919455330021
CHEMBL5426016,CHEMBL1871,6.62,2023,6.62,C[C@](O)(Cn1nc(Cl)c2cc(F)ccc21)C(=O)Nc1cnc(C#N)c(C(F)(F)F)c1,test,6.245748563550821
CHEMBL5426565,CHEMBL1871,6.055,2023,6.055,C[C@](O)(Cn1nc(I)c2cc(F)ccc21)C(=O)Nc1cnc(C#N)c(C(F)(F)F)c1,test,6.208169186726816
CHEMBL5428715,CHEMBL1871,4.0,2023,4.0,C[C@](O)(Cn1nnc2cc(-c3ccc(F)cc3)ccc21)C(=O)Nc1ccc(C#N)c(C(F)(F)F)c1,test,5.998631548575419
CHEMBL5429413,CHEMBL1871,5.795,2023,5.795,C[C@](O)(Cn1cc2c(C(F)(F)F)cccc2n1)C(=O)Nc1ccc(C#N)c(C(F)(F)F)c1,val,6.195274083997884
CHEMBL5435133,CHEMBL1871,4.522878745280337,2023,4.522878745280337,CSc1ccc(C(N)=O)cc1-c1ccc2c(c1)CCO2,val,5.618876820106677
CHEMBL5435177,CHEMBL1871,5.0,2023,5.0,CN1CCN(c2ccc(C(=O)N3CC4(CCN(c5ccc(C#N)c(Cl)c5)C4)C3)cc2)CC1,test,6.333762288337079
CHEMBL5437141,CHEMBL1871,8.02,2024,8.02,N#Cc1ccc(O[C@H]2CC[C@H](NC(=O)c3cccnn3)CC2)cc1Cl,test,6.999716093873325
CHEMBL5437180,CHEMBL1871,5.38,2023,5.38,C[C@](O)(Cn1cc2c(F)cccc2n1)C(=O)Nc1ccc(C#N)c(C(F)(F)F)c1,val,6.239046934235527
CHEMBL5440496,CHEMBL1871,5.66,2023,5.66,CSc1ccc(C(N)=O)cc1-c1ccc2cn[nH]c2c1,test,5.566510584540693
CHEMBL5440684,CHEMBL1871,5.6850000000000005,2023,5.6850000000000005,C[C@](O)(Cn1nc(Br)c2cc(F)ccc21)C(=O)Nc1cnc(C#N)c(C(F)(F)F)c1,test,6.15523351587396
CHEMBL5517689,CHEMBL1871,7.890000000000001,2024,7.890000000000001,N#Cc1ccc(O[C@H]2CC[C@H](NC(=O)c3ccc(N4CCC(Cc5ccc(NCCCCCF)cc5)CC4)nn3)CC2)cc1Cl,test,6.758765761290794
CHEMBL5542581,CHEMBL1871,6.94,2024,6.94,N#Cc1ccc(O[C@H]2CC[C@H](NC(=O)c3ccc(N4CCC(Oc5ccc(NCCCCCF)cc5)CC4)nn3)CC2)cc1Cl,test,6.85256782737234
CHEMBL5556701,CHEMBL1871,6.41,2024,6.41,CCc1cccc(NS(=O)(=O)c2cc3c4c(c2)CCC(=O)N4CCC3)c1,val,6.009471854240433
CHEMBL5557418,CHEMBL1871,7.29,2024,7.29,N#Cc1ccc(O[C@H]2CC[C@H](NC(=O)c3ccc(N4CCC(CN5CCN(c6ccc(NC7CN(CCCF)C7)cc6)CC5)CC4)nn3)CC2)cc1Cl,val,6.565613982360929
CHEMBL5563061,CHEMBL1871,5.0,2024,5.0,N#Cc1ccc(CNC(=O)c2ncc3nc(N4CC[C@@H](O)C4)ccc3c2O)cn1,test,6.287475281090076
CHEMBL5563792,CHEMBL1871,6.35,2024,6.35,C[C@](O)(CN1CC2CC(C1)N2c1ccc(C#N)nn1)C(=O)Nc1ccc(C#N)c(C(F)(F)F)c1,val,6.244663904815898
CHEMBL5565018,CHEMBL1871,6.11,2024,6.11,Cc1ccc(NC(=O)c2ccc(NC(=O)c3cccc(S(=O)(=O)N4CCCc5ccccc54)c3)s2)cc1,test,6.134689331641068
CHEMBL5565106,CHEMBL1871,5.47,2024,5.47,C[C@](O)(CN1CCC(c2ccc(C#N)cc2)CC1)C(=O)Nc1ccc(C#N)c(C(F)(F)F)c1,test,6.302838431179087
CHEMBL556848,CHEMBL1871,6.89,2009,6.89,CN1C(=O)C=C[C@]2(C)[C@H]3CC[C@]4(C)[C@@H](O)/C(=C/c5ccncc5)C[C@H]4[C@@H]3CC[C@@H]12,test,6.796335527933414
CHEMBL5571059,CHEMBL1871,6.2,2024,6.2,C[C@](O)(CN1C2CCC1CN(c1ccc(C#N)cc1)C2)C(=O)Nc1ccc(C#N)c(C(F)(F)F)c1,val,6.271177900062725
CHEMBL5571494,CHEMBL1871,5.301029995663981,2024,5.301029995663981,Cc1ccc(NC(=O)c2ccc(NC(=O)c3ccc(S(=O)(=O)N4CCCc5ccccc54)cc3)s2)cc1,test,6.093700853224938
CHEMBL5571572,CHEMBL1871,6.26,2024,6.26,C[C@](O)(CN1C[C@@H]2C[C@H]1CN2c1ccc(C#N)cc1)C(=O)Nc1ccc(C#N)c(C(F)(F)F)c1,test,6.302244005666012
CHEMBL559246,CHEMBL1871,8.15,2009,8.15,CN1C(=O)C=C[C@]2(C)[C@H]3CC[C@]4(C)[C@@H](O)CC[C@H]4[C@@H]3CC[C@@H]12,val,6.791044296405541
CHEMBL5612987,CHEMBL1871,5.455931955649724,2024,5.455931955649724,Cc1ncccc1Nc1ccc2c(c1)CCC1=C3C[C@H](O)C[C@]3(C)CC[C@]12Cc1ccccc1,val,5.810569658081367
CHEMBL5614270,CHEMBL1871,6.76,2024,6.76,Cc1ncccc1Nc1ccc2c(c1)CCC1=C3C[C@@H](O)C[C@]3(C)CC[C@]12Cc1ccccc1,val,5.810569658081367
CHEMBL562394,CHEMBL1871,6.15,2009,6.15,CN1C(=O)C=C[C@]2(C)[C@H]3CC[C@]4(C)[C@@H](O)/C(=C/c5cnc(-c6ccccn6)nc5)C[C@H]4[C@@H]3CC[C@@H]12,val,6.587523904267688
CHEMBL562780,CHEMBL1871,7.21,2009,7.21,CN1C(=O)C=C[C@]2(C)[C@H]3CC[C@]4(C)[C@@H](O)/C(=C/c5cccnc5)C[C@H]4[C@@H]3CC[C@@H]12,val,6.699704418485335
CHEMBL5630801,CHEMBL1871,5.84,2023,5.84,N#Cc1ccc(N2C(=O)CN(CCCN3CCCc4ccccc43)C2=S)cc1C(F)(F)F,test,6.5330510494391
CHEMBL568868,CHEMBL1871,5.3979400086720375,2010,5.3979400086720375,C[C@]12Cn3cnc(-c4ccc(F)cc4)c3C=C1CCC[C@@H]2[C@](C)(O)CCc1ccccc1,test,5.3166680332881455
CHEMBL569044,CHEMBL1871,5.3979400086720375,2010,5.3979400086720375,C[C@]12Cn3cnc(-c4ccc(F)cc4)c3C=C1CCC[C@@H]2[C@](C)(O)c1ccsc1,test,5.458185083013911
CHEMBL569290,CHEMBL1871,5.3979400086720375,2010,5.3979400086720375,C[C@]12Cn3cnc(-c4ccc(F)cc4)c3C=C1CCC[C@@H]2[C@](C)(O)c1nccs1,val,5.495911051120489
CHEMBL572355,CHEMBL1871,5.3979400086720375,2010,5.3979400086720375,C[C@]12Cn3cnc(-c4ccc(F)cc4)c3C=C1CCC[C@@H]2[C@](C)(O)C1CCOCC1,test,5.4920620817534855
CHEMBL5746996,CHEMBL1871,7.22,2019,7.22,N#Cc1ccc(N2CCc3c(ncnc3Nc3nc(C(F)(F)F)c(C(=O)NCC(F)(F)F)s3)C2)cc1C(F)(F)F,test,6.445168881854769
CHEMBL5748065,CHEMBL1871,7.15,2017,7.15,CC(O)c1cc(C(=O)N[C@@H](C)Cn2ccc(-c3ccc(C#N)c(Cl)c3)n2)no1,test,7.057139537194644
CHEMBL5748745,CHEMBL1871,4.522878745280337,2020,4.522878745280337,C[C@]12C=CC(=O)C=C1[C@@H](F)C[C@H]1[C@@H]3C[C@H]4O[C@@H](c5ccc(CSc6cccc(N)c6)cc5)O[C@@]4(C(=O)CO)[C@@]3(C)C[C@H](O)[C@@]12F,test,4.978753657675135
CHEMBL5755157,CHEMBL1871,6.5,2022,6.5,CC(n1ccc2c(C(F)(F)F)c(C#N)ccc21)C(C)(C)O,val,6.8784466235878625
CHEMBL5764581,CHEMBL1871,7.1,2022,7.1,CSCC(C)n1c(C(F)F)cc2c(C#N)c(C#N)ccc21,val,6.6924185558326945
CHEMBL5770938,CHEMBL1871,5.67,2022,5.67,CC1(C)C(=O)N(c2ccc(C#N)c(C(F)(F)F)c2)C(=S)N1c1ccc(CNC(=O)c2ncccn2)cc1,test,6.364238603931244
CHEMBL5773046,CHEMBL1871,5.555,2022,5.555,CC(C)(C)C(=O)NCc1ccc(N2C(=S)N(c3ccc(C#N)c(C(F)(F)F)c3)C(=O)C2(C)C)cc1F,test,6.536911984622059
CHEMBL5780200,CHEMBL1871,6.2,2022,6.2,CC(C)(O)C(C)(C)n1ccc2c(C#N)c(C#N)ccc21,val,6.919233796475938
CHEMBL5793492,CHEMBL1871,6.52,2022,6.52,CC1(C)C(=O)N(c2ccc(C#N)c(C(F)(F)F)c2)C(=O)N1c1ccc(CNC(=O)c2ncccn2)cc1,val,6.405390698272025
CHEMBL5794343,CHEMBL1871,5.54,2020,5.54,Cc1ccccc1N1CCN(C(=O)C2CC2c2ccccc2)CC1,test,5.845854603350953
CHEMBL5804861,CHEMBL1871,7.0,2019,7.0,N#Cc1ccc(N2CCc3c(ncnc3Nc3ncc(S(=O)(=O)N4CCCOCC4)s3)C2)cc1C(F)(F)F,test,6.460413031985081
CHEMBL5807570,CHEMBL1871,4.522878745280337,2020,4.522878745280337,C[C@]12C=CC(=O)C=C1CC[C@H]1[C@@H]3C[C@H]4O[C@@H](c5ccc(CSc6cccc(N)c6)cc5)O[C@@]4(C(=O)CO)[C@@]3(C)C[C@H](O)[C@@]12F,test,5.239657491165395
CHEMBL5811557,CHEMBL1871,6.21,2019,6.21,N#Cc1ccc(N2CCc3c(ncnc3Nc3cccc(-c4ccccc4)c3)C2)cc1C(F)(F)F,val,6.464888146793575
CHEMBL5812917,CHEMBL1871,6.75,2022,6.75,CC(C)C(=O)NCc1ccc(N2C(=S)N(c3ccc(C#N)c(C(F)(F)F)c3)C(=O)C2(C)C)cc1F,test,6.552672204582437
CHEMBL5813003,CHEMBL1871,6.08,2020,6.08,COC(=O)Nc1cnn(C[C@](C)(O)C(=O)Nc2ccc(C#N)c(C(F)(F)F)c2)c1,test,6.156056416683183
CHEMBL5817717,CHEMBL1871,4.522878745280337,2020,4.522878745280337,C[C@]12C=CC(=O)C=C1CC[C@@H]1[C@@H]2[C@@H](O)C[C@@]2(C)[C@H]1C[C@H]1O[C@@H](c3ccc(CSc4cccc(N)c4)cc3)O[C@]12C(=O)CO,test,5.501972191494993
CHEMBL5818111,CHEMBL1871,5.76,2020,5.76,C[C@](O)(CBr)C(=O)Nc1ccc2ncncc2c1,test,5.818818015324003
CHEMBL5823482,CHEMBL1871,6.43,2019,6.43,CC(C)Oc1ccc(Nc2ncnc3c2CCN(c2ccc(C#N)c(C(F)(F)F)c2)C3)cc1,test,6.652199509966173
CHEMBL5823551,CHEMBL1871,6.6,2019,6.6,CC(C)(O)c1sc(Nc2ncnc3c2CCN(c2ccc(C#N)c(C(F)(F)F)c2)C3)nc1C(F)(F)F,test,6.551469153382588
CHEMBL5828504,CHEMBL1871,5.48,2019,5.48,N#Cc1ccc(N2CCc3c(ncnc3Nc3ncc(C(=O)NCC(F)(F)F)nn3)C2)cc1C(F)(F)F,test,6.507184435155773
CHEMBL5830527,CHEMBL1871,6.68,2019,6.68,CC(C)(COc1ccc(Nc2ncnc3c2CCN(c2ccc(C#N)c(C(F)(F)F)c2)C3)cn1)n1cnnn1,val,6.474072579141938
CHEMBL5843780,CHEMBL1871,6.8,2022,6.8,C[C@@H](n1ccc2c(C(F)(F)F)c(C#N)ccc21)C(C)(C)O,val,6.8784466235878625
CHEMBL584522,CHEMBL1871,5.3979400086720375,2010,5.3979400086720375,C[C@]12Cn3cnc(-c4ccc(F)cc4)c3C=C1CCC[C@@H]2[C@](C)(O)C1CC1,test,5.421129556005418
CHEMBL5846169,CHEMBL1871,6.2,2022,6.2,Cc1cc2c(C(F)(F)F)c(C#N)ccc2n1C(C)CO,val,6.75637155411847
CHEMBL5850220,CHEMBL1871,5.03,2020,5.03,C[C@H](Nc1ccc([C@@H]2O[C@@H]3C[C@H]4[C@@H]5CCC6=CC(=O)C=C[C@]6(C)[C@@]5(F)[C@@H](O)C[C@]4(C)[C@]3(C(=O)CO)O2)cn1)c1ccc(N)cc1,test,5.411489997863911
CHEMBL5850771,CHEMBL1871,6.89,2019,6.89,N#Cc1ccc(N2CCc3c(ncnc3Nc3ccc(S(=O)(=O)NC4CC4)cn3)C2)cc1C(F)(F)F,test,6.640005617616858
CHEMBL5852186,CHEMBL1871,6.77,2019,6.77,C[C@@H](NC(=O)c1sc(Nc2ncnc3c2CCN(c2ccc(C#N)c(C(F)(F)F)c2)C3)nc1C(F)(F)F)c1nnco1,val,6.382871350765558
CHEMBL5868354,CHEMBL1871,4.522878745280337,2020,4.522878745280337,C[C@@H](Nc1ccc([C@@H]2O[C@@H]3C[C@H]4[C@@H]5CCC6=CC(=O)C=C[C@]6(C)[C@@]5(F)[C@@H](O)C[C@]4(C)[C@]3(C(=O)CO)O2)cn1)c1ccc(N)cc1,test,5.411489997863911
CHEMBL5872527,CHEMBL1871,6.28,2019,6.28,COc1ccc(Nc2ncnc3c2CCN(c2ccc(C#N)c(C(F)(F)F)c2)C3)cc1,test,6.636234177887788
CHEMBL5875641,CHEMBL1871,4.522878745280337,2020,4.522878745280337,C[C@]12C=CC(=O)C=C1[C@@H](F)C[C@H]1[C@@H]3C[C@H]4O[C@@H](c5ccc(CSc6ccc(N)c(Cl)c6)cc5)O[C@@]4(C(=O)CO)[C@@]3(C)C[C@H](O)[C@@]12F,test,5.194479501691686
CHEMBL5883298,CHEMBL1871,5.26,2023,5.26,CC(C)(Cn1cc(F)cn1)C(=O)Nc1cc(C(F)(F)F)c(C#N)cc1I,test,6.2728674737000345
CHEMBL5887719,CHEMBL1871,6.82,2019,6.82,CC(C)(COc1ncc(Nc2ncnc3c2CCN(c2ccc(C#N)c(C(F)(F)F)c2)C3)cc1Cl)n1cnnn1,val,6.493593216068529
CHEMBL5889387,CHEMBL1871,6.64,2020,6.64,C[C@](O)(Cn1cc(N)cn1)C(=O)Nc1ccc(C#N)c(C(F)(F)F)c1,test,6.152960746974302
CHEMBL5899165,CHEMBL1871,6.715,2017,6.715,O=C(NCCc1ccc(-c2ccc(Cl)c(Cl)c2)o1)c1cc(C(=O)N2CCOCC2)n[nH]1,val,6.035689424384959
CHEMBL5901366,CHEMBL1871,7.8,2022,7.8,C[C@@H](n1ccc2c(Cl)c(C#N)ccc21)[C@](C)(O)C(F)(F)F,val,7.072166496730331
CHEMBL5905151,CHEMBL1871,4.522878745280337,2020,4.522878745280337,C[C@]12C=CC(=O)C=C1[C@@H](F)C[C@H]1[C@@H]3C[C@H]4O[C@@H](c5ccc(CSc6ccc(Cl)c(N)c6)cc5)O[C@@]4(C(=O)CO)[C@@]3(C)C[C@H](O)[C@@]12F,test,5.213154732930366
CHEMBL5905741,CHEMBL1871,7.12,2017,7.12,CC(=O)c1cc(C(=O)NC[C@H](C)n2ccc(-c3cc(F)c(C#N)c(F)c3)n2)[nH]n1,val,6.420809832716092
CHEMBL591628,CHEMBL1871,4.73,2011,4.73,CCOc1cc(C2Nc3cccc4cccc(c34)N2)ccc1O,val,5.745286260802197
CHEMBL5918252,CHEMBL1871,7.435,2021,7.435,C[C@@H](Cn1ccc(-c2ccc(C#N)c(Cl)c2)n1)NC(=O)c1cc(CCO)n[nH]1,val,6.954258772829945
CHEMBL592043,CHEMBL1871,5.22,2010,5.22,O=c1oc2cc(O)ccc2c(C(F)(F)F)c1Cc1ccccc1,val,5.822814727744601
CHEMBL5925743,CHEMBL1871,7.47,2019,7.47,CC(C)(O)C1CCN(C(=O)c2cnc(Nc3ncnc4c3CCN(c3ccc(C#N)c(C(F)(F)F)c3)C4)o2)CC1,test,6.421322257793658
CHEMBL5926172,CHEMBL1871,7.0,2022,7.0,CCC(C(=O)OC)n1c(C)cc2c(C(F)(F)F)c(C#N)ccc21,val,6.564973115507257
CHEMBL5929063,CHEMBL1871,5.4,2020,5.4,C[C@]12C=CC(=O)C=C1[C@@H](F)C[C@H]1[C@@H]3C[C@H]4O[C@@H](c5ccc(CSc6ccc(N)cc6)cc5)O[C@@]4(C(=O)CO)[C@@]3(C)C[C@H](O)[C@@]12F,test,5.024737199693837
CHEMBL5937331,CHEMBL1871,7.11,2022,7.11,Cn1nccc1C(=O)NCc1ccc(N2C(=S)N(c3ccc(C#N)c(C(F)(F)F)c3)C(=O)C2(C)C)cc1F,test,6.466778606537099
CHEMBL5937942,CHEMBL1871,7.46,2017,7.46,CC[C@H](Cn1ccc(-c2ccc(C#N)c(Cl)c2)n1)NC(=O)c1cc(C(C)O)n[nH]1,val,6.889004596172187
CHEMBL5939867,CHEMBL1871,6.72,2019,6.72,Cn1nccc1CCNC(=O)c1nnc(Nc2ncnc3c2CCN(c2ccc(C#N)c(C(F)(F)F)c2)C3)s1,val,6.4006015975705735
CHEMBL5947801,CHEMBL1871,7.21,2022,7.21,CC1(C)C(=O)N(c2ccc(C#N)c(C(F)(F)F)c2)C(=S)N1c1ccc(CNC(=O)c2ncccn2)c(Cl)c1,test,6.535996327758814
CHEMBL5954134,CHEMBL1871,6.92,2022,6.92,CC1(C)C(=O)N(c2ccc(C#N)c(C(F)(F)F)c2)C(=S)N1c1ccc(CNC(=O)C2CC2)c(F)c1,test,6.643789017695575
CHEMBL5955804,CHEMBL1871,6.715,2021,6.715,O=C(NCc1ccc(-c2cccc(Cl)c2Cl)o1)c1cc(C(=O)N2CCOCC2)n[nH]1,test,6.0136308978644255
CHEMBL5958599,CHEMBL1871,7.1,2022,7.1,C[C@H](CS(C)(=O)=O)n1ccc2c(C(F)(F)F)c(C#N)ccc21,val,6.684426746271491
CHEMBL5973112,CHEMBL1871,6.5,2019,6.5,CC(C)(COc1ncc(Nc2ncnc3c2CCN(c2ccc(C#N)c(C(F)(F)F)c2)C3)cc1F)n1cnnn1,val,6.405923190530406
CHEMBL5977080,CHEMBL1871,5.84,2022,5.84,CC(=O)Nc1ccc(N2C(=S)N(c3cnc(C#N)c(C(F)(F)F)c3)C(=O)C23CCC3)cc1F,test,6.521838776418345
CHEMBL5983903,CHEMBL1871,4.522878745280337,2020,4.522878745280337,C[C@]12C=CC(=O)C=C1CC[C@H]1[C@@H]3C[C@H]4O[C@@H](c5ccc(NCc6ccc(N)cc6)nc5)O[C@@]4(C(=O)CO)[C@@]3(C)C[C@H](O)[C@@]12F,test,5.359742811690103
CHEMBL5992414,CHEMBL1871,5.84,2020,5.84,CC(=O)Nc1ccc(N2C(=S)N(c3ccc(C#N)c(C(F)(F)F)c3)C(=O)C23CCC3)cc1F,test,6.762121420428469
CHEMBL5998220,CHEMBL1871,7.5,2022,7.5,C[C@H](n1ccc2c(Cl)c(C#N)ccc21)C(C)(C)O,val,7.082941171309464
CHEMBL6010821,CHEMBL1871,6.51,2019,6.51,CC(C)(O)CNC(=O)c1cnc(Nc2ncnc3c2CCN(c2ccc(C#N)c(C(F)(F)F)c2)C3)cn1,test,6.503650328770014
CHEMBL6043805,CHEMBL1871,5.86,2020,5.86,CC(C)(C)OC(=O)Nc1cnn(C[C@](C)(O)C(=O)Nc2ccc(C#N)c(C(F)(F)F)c2)c1,test,6.112945350803745
CHEMBL6060931,CHEMBL1871,6.6,2022,6.6,CCCc1cc2c(C(F)(F)F)c(C#N)ccc2n1CC(C)(C)O,val,6.729820610442769
CHEMBL62227,CHEMBL1871,7.22,2003,7.22,CC1=CC(C)(C)Nc2ccc3c(c21)COc1c(F)cc(C#N)cc1-3,val,6.49962344868087
CHEMBL62761,CHEMBL1871,7.05,2003,7.05,CC1=CC(C)(C)Nc2ccc3c(c21)COc1c(F)cc(Br)cc1-3,val,6.197856661371908
CHEMBL63870,CHEMBL1871,6.4,2003,6.4,CC1=CC(C)(C)Nc2ccc3c(c21)COc1ccc(Br)cc1-3,val,6.154341032243281
CHEMBL64123,CHEMBL1871,6.1,2003,6.1,CC1=CC(C)(C)Nc2ccc3c(c21)COc1ccc(Cl)cc1-3,val,6.194277304474861
CHEMBL64294,CHEMBL1871,7.22,2003,7.22,CC1=CC(C)(C)Nc2ccc3c(c21)COc1ccc([N+](=O)[O-])cc1-3,val,6.2597387176203565
CHEMBL65079,CHEMBL1871,5.9,2003,5.9,CC1=CC(C)(C)Nc2ccc3c(c21)COc1ccc(F)cc1-3,val,6.14123968754566
CHEMBL65743,CHEMBL1871,6.37,2003,6.37,CC1=CC(C)(C)Nc2ccc3c(c21)COc1c(F)cc(Cl)cc1-3,val,6.23593578543461
CHEMBL717,CHEMBL1871,8.54,1998,8.54,CC(=O)O[C@]1(C(C)=O)CC[C@H]2[C@@H]3C[C@H](C)C4=CC(=O)CC[C@]4(C)[C@H]3CC[C@@]21C,test,6.233060105410859
CHEMBL7671,CHEMBL1871,6.19,2003,6.19,C#Cc1cccc2c1-c1ccc3c(c1C(CC=C)O2)C(C)=CC(C)(C)N3,val,6.07066876943618
CHEMBL78646,CHEMBL1871,6.75,2002,6.75,O=C1C=C2CCc3cc(O)ccc3[C@]2(Cc2ccccc2)CC1,test,5.79478565010199
CHEMBL78807,CHEMBL1871,6.16,2002,6.16,COc1ccc2c(c1)CCC1=CC(=O)CC[C@]12Cc1ccccc1,test,5.654285992602499
CHEMBL8209,CHEMBL1871,5.301029995663981,2003,5.301029995663981,C=CCC1Oc2cccc(C#N)c2-c2ccc3c(c21)C(C)=CC(C)(C)N3,val,6.403573043015453
CHEMBL82307,CHEMBL1871,7.27,2002,7.27,COc1ccc2c(c1)CCC1=CC(=O)CC[C@@]12Cc1ccccc1,test,5.654285992602499
CHEMBL8394,CHEMBL1871,5.61,2003,5.61,C=CCC1Oc2cccc(SC)c2-c2ccc3c(c21)C(C)=CC(C)(C)N3,val,5.906350343311441
CHEMBL846,CHEMBL1871,5.0,2013,5.0,C=C1/C(=C\C=C2/CCC[C@]3(C)[C@@H]([C@H](C)CCCC(C)(C)O)CC[C@@H]23)C[C@@H](O)C[C@@H]1O,val,6.259396698865188
CHEMBL8639,CHEMBL1871,5.650514997831991,1998,5.650514997831991,C=CCC1Oc2ccccc2-c2ccc3c(c21)C(C)=CC(C)(C)N3,val,5.88344728152371
CHEMBL9337,CHEMBL1871,7.654999999999999,2007,7.654999999999999,CC1(C)C(=O)N(c2ccc(C#N)c(C(F)(F)F)c2)C(=O)N1CCCCO,val,6.6739510259909345
