molecule_chembl_id,smiles
CHEMBL101907,CC1=CC(C)(C)Nc2ccc3c(c21)C(c1cc(C)cc(Br)c1)Oc1ccccc1-3
CHEMBL101914,CC1=CC(C)(C)Nc2ccc3c(c21)C(c1ccccc1)Oc1ccccc1-3
CHEMBL102403,CC1=CC(C)(C)Nc2ccc3c(c21)C(c1ccc(C)cc1)Oc1ccccc1-3
CHEMBL102541,CC1=CC(C)(C)Nc2ccc3c(c21)C(c1cc(Cl)cc(Cl)c1)Oc1ccccc1-3
CHEMBL102720,CC1=CC(C)(C)Nc2ccc3c(c21)C(c1ccc(Cl)c(C)c1)Oc1ccccc1-3
CHEMBL102754,CC1=CC(C)(C)Nc2ccc3c(c21)C(c1ccc(Cl)c(F)c1)Oc1ccccc1-3
CHEMBL103,CC(=O)[C@H]1CC[C@H]2[C@@H]3CCC4=CC(=O)CC[C@]4(C)[C@H]3CC[C@]12C
CHEMBL103092,CC1=CC(C)(C)Nc2ccc3c(c21)C(c1ccc(C)c(F)c1)Oc1ccccc1-3
CHEMBL103232,CC1=CC(C)(C)Nc2ccc3c(c21)C(c1ccc(Br)cc1)Oc1ccccc1-3
CHEMBL10560,CC#C[C@@]1(O)CC[C@@]2(CC)c3ccc(O)cc3CC[C@@H]2C1
CHEMBL105912,CC(=O)CCc1ccc(O)cc1
CHEMBL1076438,CC1(C)[C@H](O)CC[C@]2(C)[C@@]3(C)c4[nH]c5ccccc5c4C[C@@H]3CC[C@@]12O
CHEMBL1082407,CNC(=O)c1ccc(N2C(=S)N(c3ccc(C#N)c(C(F)(F)F)c3)C(=O)C2(C)C)cc1F
CHEMBL1082723,C[C@H]1Cc2c([nH]c3cc(Cl)c(F)cc23)[C@@]2(N1)C(=O)Nc1ccc(Cl)cc12
CHEMBL1082780,O=S(=O)(Nc1ccc(-c2ccc3c(cnn3-c3ccc(F)cc3)c2)c(C(F)(F)F)c1)c1ccsc1
CHEMBL1082837,CC(C)NS(=O)(=O)c1ccc(-c2ccc3c(cnn3-c3ccc(F)cc3)c2)c(C(F)(F)F)c1
CHEMBL1083149,O=S(=O)(Nc1ccccc1)c1ccc(-c2ccc3c(cnn3-c3ccc(F)cc3)c2)c(C(F)(F)F)c1
CHEMBL1083253,Fc1ccc(-n2ncc3cc(-c4ccccc4)ccc32)cc1
CHEMBL1083487,CN(c1ccccc1)S(=O)(=O)c1ccc(-c2ccc3c(cnn3-c3ccc(F)cc3)c2)c(C(F)(F)F)c1
CHEMBL1083709,CC(C)S(=O)(=O)Nc1ccc(-c2ccc3c(cnn3-c3ccc(F)cc3)c2)c(C(F)(F)F)c1
CHEMBL1083754,CNC(=O)Cn1cc(C2CC2)c(Oc2ccc(C#N)cc2)c1C1CC1
CHEMBL1083783,O=S(=O)(Nc1ccc(-c2ccc3c(cnn3-c3ccc(F)cc3)c2)c(C(F)(F)F)c1)c1ccccc1
CHEMBL1083784,CC(C)(C)c1ccc(S(=O)(=O)Nc2ccc(-c3ccc4c(cnn4-c4ccc(F)cc4)c3)c(C(F)(F)F)c2)cc1
CHEMBL1083885,Oc1cccc(-c2ccc3c(cnn3-c3ccc(F)cc3)c2)c1
CHEMBL1084013,COc1cccc(S(=O)(=O)Nc2ccc(-c3ccc4c(cnn4-c4ccc(F)cc4)c3)c(C(F)(F)F)c2)c1
CHEMBL1084014,O=S(=O)(Nc1ccc(-c2ccc3c(cnn3-c3ccc(F)cc3)c2)c(C(F)(F)F)c1)c1cccc(C(F)(F)F)c1
CHEMBL1084072,CCOc1cccc(-c2ccc3c(cnn3-c3ccc(F)cc3)c2)c1
CHEMBL1084344,Oc1ccc(-c2ccc3c(cnn3-c3ccc(F)cc3)c2)cc1
CHEMBL1084360,CS(=O)(=O)Nc1ccc(-c2ccc3c(cnn3-c3ccc(F)cc3)c2)c(C(F)(F)F)c1
CHEMBL1084388,Fc1ccc(-n2ncc3cc(-c4ccccc4C(F)(F)F)ccc32)cc1
CHEMBL1084389,Fc1ccc(-n2ncc3cc(-c4cccc(C(F)(F)F)c4)ccc32)cc1
CHEMBL1084632,CCCS(=O)(=O)Nc1ccc(-c2ccc3c(cnn3-c3ccc(F)cc3)c2)c(C(F)(F)F)c1
CHEMBL1084716,CC(C)c1cc(C(C)C)c(S(=O)(=O)Nc2ccc(-c3ccc4c(cnn4-c4ccc(F)cc4)c3)c(C(F)(F)F)c2)c(C(C)C)c1
CHEMBL1084770,CCc1cn(CCO)c(CC)c1Oc1ccc(C#N)cc1
CHEMBL1084843,CSc1ccc(CN2CC(C)(C)[C@@H](Oc3ccc(C#N)c(C(F)(F)F)c3)C2=O)cc1
CHEMBL1085109,Cc1ccc(-c2ccc3c(cnn3-c3ccc(F)cc3)c2)cc1
CHEMBL1085110,CCOc1ccccc1-c1ccc2c(cnn2-c2ccc(F)cc2)c1
CHEMBL1085380,CCCNS(=O)(=O)c1ccc(-c2ccc3c(cnn3-c3ccc(F)cc3)c2)c(C(F)(F)F)c1
CHEMBL1085381,CC(C)CNS(=O)(=O)c1ccc(-c2ccc3c(cnn3-c3ccc(F)cc3)c2)c(C(F)(F)F)c1
CHEMBL1085593,CC1(C)CN(Cc2ccccc2)C(=O)[C@@H]1Oc1ccc(C#N)c(C(F)(F)F)c1
CHEMBL1085594,N#Cc1ccc(Oc2ccc(F)cc2F)cc1C(F)(F)F
CHEMBL1085609,Cc1cccc(-c2ccc3c(cnn3-c3ccc(F)cc3)c2)c1
CHEMBL1085625,CCS(=O)(=O)Nc1ccc(-c2ccc3c(cnn3-c3ccc(F)cc3)c2)c(C(F)(F)F)c1
CHEMBL1085819,CC1(C)CN(Cc2ccccc2F)C(=O)[C@@H]1Oc1ccc(C#N)c(C(F)(F)F)c1
CHEMBL1085853,CCNS(=O)(=O)c1ccc(-c2ccc3c(cnn3-c3ccc(F)cc3)c2)c(C(F)(F)F)c1
CHEMBL1085883,CC1(C)C(=O)N(c2ccc(C#N)c(C(F)(F)F)c2)C(=S)N1c1ccccc1
CHEMBL1085958,O=S(=O)(Nc1ccc(-c2ccc3c(cnn3-c3ccc(F)cc3)c2)c(C(F)(F)F)c1)c1cccc(OC(F)(F)F)c1
CHEMBL1086071,Fc1ccc(-n2ncc3cc(-c4ccc(C(F)(F)F)cc4)ccc32)cc1
CHEMBL1086086,O=S(=O)(NCCO)c1ccc(-c2ccc3c(cnn3-c3ccc(F)cc3)c2)c(C(F)(F)F)c1
CHEMBL1086115,CCN(c1ccccc1)S(=O)(=O)c1ccc(-c2ccc3c(cnn3-c3ccc(F)cc3)c2)c(C(F)(F)F)c1
CHEMBL1086116,CCCN(c1ccccc1)S(=O)(=O)c1ccc(-c2ccc3c(cnn3-c3ccc(F)cc3)c2)c(C(F)(F)F)c1
CHEMBL1086260,CC(C)N(c1ccccc1)S(=O)(=O)c1ccc(-c2ccc3c(cnn3-c3ccc(F)cc3)c2)c(C(F)(F)F)c1
CHEMBL1086261,CCCCN(c1ccccc1)S(=O)(=O)c1ccc(-c2ccc3c(cnn3-c3ccc(F)cc3)c2)c(C(F)(F)F)c1
CHEMBL1086311,N#Cc1ccccc1-c1ccc2c(cnn2-c2ccc(F)cc2)c1
CHEMBL1086312,N#Cc1cccc(-c2ccc3c(cnn3-c3ccc(F)cc3)c2)c1
CHEMBL1086313,N#Cc1ccc(-c2ccc3c(cnn3-c3ccc(F)cc3)c2)cc1
CHEMBL1086314,Cc1ccccc1-c1ccc2c(cnn2-c2ccc(F)cc2)c1
CHEMBL1086484,O=S(=O)(Cc1ccccc1)Nc1ccc(-c2ccc3c(cnn3-c3ccc(F)cc3)c2)c(C(F)(F)F)c1
CHEMBL1087512,CC1(C)C(=O)CC[C@]2(C)[C@@]3(C)c4[nH]c5ccccc5c4C[C@@H]3CC[C@@]12O
CHEMBL1090553,CC(=O)Cc1ccc(O)cc1
CHEMBL1094117,Cc1cc(C#N)c(C(F)(F)F)cc1N1C(=O)C(C)(C)N(CCCS(N)(=O)=O)C1=S
CHEMBL1094797,CCCC1=C(C(=O)OCC)[C@H](c2ccnc3ccccc23)C(C#N)=C(C)N1
CHEMBL1095097,COC(=O)[C@@H]1CC2=CC(=O)CC[C@]2(C)[C@@]23O[C@@H]2C[C@@]2(C)[C@@H](CC[C@@]24CCC(=O)O4)[C@H]13
CHEMBL1095223,CC1(C)C(=O)N(c2ccc(C#N)c(C(F)(F)F)c2)C(=S)N1CCCNC(N)=O
CHEMBL1095224,CC1(C)C(=O)N(c2ccc(C#N)c(C(F)(F)F)c2)C(=S)N1CCCNS(N)(=O)=O
CHEMBL1095861,CC1(C)C(=O)N(c2ccc(C#N)c(C(F)(F)F)c2)C(=S)N1CCCS(=O)(=O)O
CHEMBL1095862,CC1(C)C(=O)N(c2ccc(C#N)c(C(F)(F)F)c2)C(=S)N1CCCS(N)(=O)=O
CHEMBL1095863,CNS(=O)(=O)CCCN1C(=S)N(c2ccc(C#N)c(C(F)(F)F)c2)C(=O)C1(C)C
CHEMBL1095864,CN(C)S(=O)(=O)CCCN1C(=S)N(c2ccc(C#N)c(C(F)(F)F)c2)C(=O)C1(C)C
CHEMBL1097751,CC1=C(C#N)[C@@H](c2ccc(F)cc2Cl)C(C(=O)OC(C)(C)C)=C(C)N1
CHEMBL1097855,CC1(C)C(=O)N(c2ccc(C#N)c(C(F)(F)F)c2)C(=S)N1CCS(N)(=O)=O
CHEMBL1098171,CC1(C)C(=O)N(c2ccc(C#N)c(C(F)(F)F)c2)C(=S)N1CCCCS(N)(=O)=O
CHEMBL1098172,CC1(C)C(=O)N(c2ccc(C#N)cc2)C(=S)N1CCCS(N)(=O)=O
CHEMBL1098173,Cc1cc(N2C(=O)C(C)(C)N(CCCS(N)(=O)=O)C2=S)ccc1C#N
CHEMBL1098174,COc1cc(N2C(=O)C(C)(C)N(CCCS(N)(=O)=O)C2=S)ccc1C#N
CHEMBL1099083,COC(=O)C1=C(C)NC(C)=C(C(=O)OC(C)(C)C)[C@@H]1c1cccc([N+](=O)[O-])c1
CHEMBL1099086,CC1(C)C(=O)N(c2ccc(C#N)c(Cl)c2)C(=S)N1CCCS(N)(=O)=O
CHEMBL1099087,Cc1c(N2C(=O)C(C)(C)N(CCCS(N)(=O)=O)C2=S)ccc(C#N)c1C(F)(F)F
CHEMBL1099140,CN1C(=S)N(c2ccc(C#N)c(C(F)(F)F)c2)C(=O)C1(C)C
CHEMBL1099141,CC1(C)C(=O)N(c2ccc(C#N)c(C(F)(F)F)c2)C(=S)N1CCCC(=O)O
CHEMBL1099142,CC1(C)C(=O)N(c2ccc(C#N)c(C(F)(F)F)c2)C(=S)N1CCCC(N)=O
CHEMBL1099158,CC1(C)C(=O)N(c2ccc(C#N)c(C(F)(F)F)c2)C(=S)N1CCCc1nnn[nH]1
CHEMBL112987,CCCCC1Oc2ccc(Cl)cc2-c2ccc3c(c21)C(C)=CC(C)(C)N3
CHEMBL113332,COc1ccc(C=C2c3ccccc3C(=O)c3ccccc32)c(O)c1
CHEMBL114607,CC1=CC(C)(C)Nc2ccc3c(c21)C(CCC(C)C)Oc1ccccc1-3
CHEMBL114941,CCCCC1Oc2ccc(C)cc2-c2ccc3c(c21)C(C)=CC(C)(C)N3
CHEMBL116007,CC1=CC(C)(C)Nc2ccc3c(c21)C(C)Oc1ccc(F)cc1-3
CHEMBL116221,CCCOC1Oc2ccc(Cl)cc2-c2ccc3c(c21)C(C)=CC(C)(C)N3
CHEMBL1163480,O=C(CC(Nc1ccc([N+](=O)[O-])cc1)C1CCCCC1)c1ccc(Cl)cc1
CHEMBL1163481,O=C(CC(Nc1ccc([N+](=O)[O-])cc1)C1CCCCC1)c1ccc(F)cc1
CHEMBL1163484,COc1cccc(C(=O)CC(Nc2ccc([N+](=O)[O-])cc2)C2CCCCC2)c1
CHEMBL1163485,O=C(CC(Nc1ccc([N+](=O)[O-])cc1)C1CCCCC1)c1cccc(F)c1
CHEMBL1163529,O=C(CC(Nc1ccc([N+](=O)[O-])cc1)C1CCCCC1)c1ccc(Cl)c(Cl)c1
CHEMBL1163581,Cc1ccc(C(=O)CC(Nc2ccc(C(F)(F)F)cc2)c2cccc(F)c2)cc1
CHEMBL1163585,Cc1ccc(C(=O)CC(Nc2ccc(F)c(F)c2)c2cccc(F)c2)cc1
CHEMBL1163588,Cc1ccc(C(=O)CC(Nc2ccc(F)cc2)c2cccc(F)c2)cc1
CHEMBL1163595,COc1ccc(NC(CC(=O)c2ccc(C)cc2)c2ccccc2)cc1
CHEMBL1163597,O=C(CC(Nc1ccc([N+](=O)[O-])cc1)c1cccc(F)c1)c1cccc(Cl)c1
CHEMBL1163598,Cc1ccc(C(=O)CC(Nc2ccc([N+](=O)[O-])cc2)c2cccc(F)c2)cc1
CHEMBL1163602,N#Cc1ccc(C(=O)CC(Nc2ccc([N+](=O)[O-])cc2)c2ccsc2)cc1
CHEMBL1163604,Cc1ccc(C(=O)CC(Nc2ccc([N+](=O)[O-])cc2)c2ccccc2)cc1
CHEMBL1163617,O=C(CC(Nc1ccc([N+](=O)[O-])cc1)c1ccc(C(F)(F)F)cc1)c1cccc(Cl)c1
CHEMBL1163620,O=C(CC(Nc1ccc([N+](=O)[O-])cc1)c1cccc(F)c1)c1ccc(N2CCOCC2)cc1
CHEMBL1163625,O=C(CC(Nc1ccc([N+](=O)[O-])cc1)c1ccc(C(F)(F)F)cc1)c1cccc(F)c1
CHEMBL1163630,O=C(CC(Nc1ccc([N+](=O)[O-])cc1)c1ccco1)c1ccc(Cl)cc1
CHEMBL1163643,COc1cc(C(CC(=O)c2ccc(C)cc2)Nc2ccc([N+](=O)[O-])cc2)cc(OC)c1OC
CHEMBL1163644,O=C(CC(Nc1ccc([N+](=O)[O-])cc1)c1cccc(F)c1)c1ccc(F)cc1
CHEMBL1163645,O=C(CC(Nc1ccc([N+](=O)[O-])cc1)c1cccc(F)c1)c1cccc(Br)c1
CHEMBL1163646,O=C(CC(Nc1ccc([N+](=O)[O-])cc1)c1cccc(F)c1)c1ccccc1
CHEMBL1163717,O=C(CC(Nc1ccc([N+](=O)[O-])cc1)c1ccc(F)cc1)c1cccc(Cl)c1
CHEMBL1163746,O=C(CC(Nc1ccc([N+](=O)[O-])cc1)c1cccc(F)c1)c1ccc(Cl)cc1
CHEMBL1163747,O=C(CC(Nc1ccc([N+](=O)[O-])cc1)c1cccc(F)c1)c1ccc(Br)cc1
CHEMBL1163812,Cc1cccc(C(=O)CC(Nc2ccc([N+](=O)[O-])cc2)c2ccc(C(F)(F)F)cc2)c1
CHEMBL1163822,N#Cc1cccc(C(=O)CC(Nc2ccc([N+](=O)[O-])cc2)c2ccc(C(F)(F)F)cc2)c1
CHEMBL1163898,COc1cccc(C(=O)CC(Nc2ccc([N+](=O)[O-])cc2)c2ccc(C(F)(F)F)cc2)c1
CHEMBL1163899,COc1ccc(C(=O)CC(Nc2ccc([N+](=O)[O-])cc2)c2ccc(C(F)(F)F)cc2)cc1
CHEMBL1163902,O=C(CC(Nc1ccc([N+](=O)[O-])cc1)c1cccc(F)c1)c1ccc(C2CCCCC2)cc1
CHEMBL1163975,COc1cc(C(CC(=O)c2cccc(C)c2)Nc2ccc([N+](=O)[O-])cc2)cc(OC)c1OC
CHEMBL1163976,Cc1cccc(C(=O)CC(Nc2ccc([N+](=O)[O-])cc2)c2cccc(F)c2)c1
CHEMBL1164158,Cc1ccc(C(=O)C[C@H](Nc2ccc([N+](=O)[O-])cc2)c2cccc(F)c2)cc1
CHEMBL1164248,O=C(CC(Nc1ccc([N+](=O)[O-])cc1)C1CCCCC1)c1ccc(-c2ccccc2)cc1
CHEMBL1164338,O=C(CC(Nc1ccc([N+](=O)[O-])cc1)C1CCCCC1)c1ccc(C2CCCCC2)cc1
CHEMBL1164339,Cc1ccc(C(=O)CC(Nc2cccc([N+](=O)[O-])c2)c2cccc(F)c2)cc1
CHEMBL1164379,Cc1ccc(C(=O)CC(Nc2ccc([N+](=O)[O-])cc2)c2ccsc2)cc1
CHEMBL1164485,O=C(CC(Nc1ccc([N+](=O)[O-])cc1)c1cccc(F)c1)c1cccc(F)c1
CHEMBL1164752,O=C(CC(Nc1ccc([N+](=O)[O-])cc1)C1CCCCC1)c1ccc(Br)cc1
CHEMBL1164856,O=C(CC(Nc1ccc([N+](=O)[O-])cc1)c1ccc(C(F)(F)F)cc1)c1ccc(Cl)cc1
CHEMBL1164857,O=C(CC(Nc1ccc([N+](=O)[O-])cc1)c1ccc(C(F)(F)F)cc1)c1ccc(Br)cc1
CHEMBL1164858,Cc1ccc(C(=O)CC(Nc2ccc([N+](=O)[O-])cc2)C2CCCCC2)cc1
CHEMBL1165353,O=C(CC(Nc1ccc([N+](=O)[O-])cc1)C1CCCCC1)c1ccccc1
CHEMBL1165483,COc1ccc(C(=O)CC(Nc2ccc([N+](=O)[O-])cc2)C2CCCCC2)cc1
CHEMBL1165497,Cc1ccc(C(=O)C[C@@H](Nc2ccc([N+](=O)[O-])cc2)c2cccc(F)c2)cc1
CHEMBL1165642,O=C(CC(Nc1ccc([N+](=O)[O-])cc1)c1cccc(F)c1)c1ccc(-c2ccccc2)cc1
CHEMBL1165799,COc1cc(C(CC(=O)c2cccc(F)c2)Nc2ccc([N+](=O)[O-])cc2)cc(OC)c1OC
CHEMBL1170,CCC(=O)O[C@H]1CC[C@H]2[C@@H]3CCC4=CC(=O)CC[C@]4(C)[C@H]3CC[C@]12C
CHEMBL117465,CC1=CC(C)(C)Nc2ccc(-c3cc(F)cc(C#N)c3)cc21
CHEMBL1200436,C[C@]12COC(=O)C[C@@H]1CC[C@@H]1[C@@H]2CC[C@@]2(C)[C@H]1CC[C@]2(C)O
CHEMBL1201303,Cc1cc(/C=C/c2ccc3cc(N(C)C)ccc3[n+]2C)c(C)n1-c1ccccc1
CHEMBL1208805,C[C@]12CN(S(=O)(=O)c3ccc(F)cc3)C[C@](C)(O1)[C@@H]1C(=O)N(c3ccc(C#N)c(C(F)(F)F)c3)C(=O)[C@@H]12
CHEMBL1208812,C[C@]12CNC[C@](C)(O1)[C@@H]1C(=O)N(c3ccc(C#N)c(C(F)(F)F)c3)C(=O)[C@@H]12
CHEMBL1209236,Cn1c(C#N)ccc1-c1ccc(C(=O)C(C)(C)C)cc1
CHEMBL1209298,Cn1c(C#N)ccc1-c1ccc(/C(=N\O)C(C)(C)C)cc1
CHEMBL1209903,CCCN1C[C@@]2(C)O[C@@](C)(C1)[C@@H]1C(=O)N(c3ccc(C#N)c(C(F)(F)F)c3)C(=O)[C@@H]12
CHEMBL1209904,CCC(=O)N1C[C@@]2(C)O[C@@](C)(C1)[C@@H]1C(=O)N(c3ccc(C#N)c(C(F)(F)F)c3)C(=O)[C@@H]12
CHEMBL1209905,CC(C)C(=O)N1C[C@@]2(C)O[C@@](C)(C1)[C@@H]1C(=O)N(c3ccc(C#N)c(C(F)(F)F)c3)C(=O)[C@@H]12
CHEMBL1209906,C[C@]12CN(C(=O)C3CC3)C[C@](C)(O1)[C@@H]1C(=O)N(c3ccc(C#N)c(C(F)(F)F)c3)C(=O)[C@@H]12
CHEMBL1209970,C[C@]12CN(C(=O)c3ccccc3)C[C@](C)(O1)[C@@H]1C(=O)N(c3ccc(C#N)c(C(F)(F)F)c3)C(=O)[C@@H]12
CHEMBL1209971,CC(C)NC(=O)N1C[C@@]2(C)O[C@@](C)(C1)[C@@H]1C(=O)N(c3ccc(C#N)c(C(F)(F)F)c3)C(=O)[C@@H]12
CHEMBL1209972,C[C@]12CN(C(=O)Nc3ccccc3)C[C@](C)(O1)[C@@H]1C(=O)N(c3ccc(C#N)c(C(F)(F)F)c3)C(=O)[C@@H]12
CHEMBL1209973,CCOC(=O)N1C[C@@]2(C)O[C@@](C)(C1)[C@@H]1C(=O)N(c3ccc(C#N)c(C(F)(F)F)c3)C(=O)[C@@H]12
CHEMBL1210033,CCCOC(=O)N1C[C@@]2(C)O[C@@](C)(C1)[C@@H]1C(=O)N(c3ccc(C#N)c(C(F)(F)F)c3)C(=O)[C@@H]12
CHEMBL1210034,C[C@]12CN(C(=O)Nc3ccc(F)cc3)C[C@](C)(O1)[C@@H]1C(=O)N(c3ccc(C#N)c(C(F)(F)F)c3)C(=O)[C@@H]12
CHEMBL1210035,C[C@]12CN(S(C)(=O)=O)C[C@](C)(O1)[C@@H]1C(=O)N(c3ccc(C#N)c(C(F)(F)F)c3)C(=O)[C@@H]12
CHEMBL1210036,CCS(=O)(=O)N1C[C@@]2(C)O[C@@](C)(C1)[C@@H]1C(=O)N(c3ccc(C#N)c(C(F)(F)F)c3)C(=O)[C@@H]12
CHEMBL1210090,C[C@]12CN(S(=O)(=O)c3ccccc3)C[C@](C)(O1)[C@@H]1C(=O)N(c3ccc(C#N)c(C(F)(F)F)c3)C(=O)[C@@H]12
CHEMBL1210091,C[C@]12CN(S(=O)(=O)c3ccccn3)C[C@](C)(O1)[C@@H]1C(=O)N(c3ccc(C#N)c(C(F)(F)F)c3)C(=O)[C@@H]12
CHEMBL1210150,C[C@]12CN(c3cccc(S(N)(=O)=O)c3)C[C@](C)(O1)[C@@H]1C(=O)N(c3ccc(C#N)c(C(F)(F)F)c3)C(=O)[C@@H]12
CHEMBL1210151,C[C@]12CN(c3cccc(S(C)(=O)=O)c3)C[C@](C)(O1)[C@@H]1C(=O)N(c3ccc(C#N)c(C(F)(F)F)c3)C(=O)[C@@H]12
CHEMBL1210152,C[C@]12CN(c3cc(Cl)ncn3)C[C@](C)(O1)[C@@H]1C(=O)N(c3ccc(C#N)c(C(F)(F)F)c3)C(=O)[C@@H]12
CHEMBL1210214,C[C@]12CN(c3ncccn3)C[C@](C)(O1)[C@@H]1C(=O)N(c3ccc(C#N)c(C(F)(F)F)c3)C(=O)[C@@H]12
CHEMBL1210783,C[C@]12CN(c3cccc(C(N)=O)c3)C[C@](C)(O1)[C@@H]1C(=O)N(c3ccc(C#N)c(C(F)(F)F)c3)C(=O)[C@@H]12
CHEMBL1210840,CN1C(=O)[C@]2(C)O[C@](C)(C1=O)[C@H]1C(=O)N(c3ccc(C#N)c(C(F)(F)F)c3)C(=O)[C@H]12
CHEMBL1210841,C[C@]12O[C@](C)(C(=O)N(CC3CC3)C1=O)[C@H]1C(=O)N(c3ccc(C#N)c(C(F)(F)F)c3)C(=O)[C@H]12
CHEMBL1210842,CC(C)OC(=O)N1C[C@@]2(C)O[C@@](C)(C1)[C@@H]1C(=O)N(c3ccc(C#N)c(C(F)(F)F)c3)C(=O)[C@@H]12
CHEMBL1210843,CC(C)[N+]1([O-])C(=O)[C@]2(C)O[C@](C)(C1=O)[C@H]1C(=O)N(c3ccc(C#N)c(C(F)(F)F)c3)C(=O)[C@H]12
CHEMBL1210876,COc1ccc(C=C2c3cccc(Cl)c3C(=O)c3c(Cl)cccc32)cc1O
CHEMBL1210878,COc1cccc(C=C2c3cccc(Cl)c3C(=O)c3c(Cl)cccc32)c1O
CHEMBL1210880,COc1cc(C=C2c3cccc(Cl)c3C(=O)c3c(Cl)cccc32)cc(OC)c1O
CHEMBL1210907,CCNC(=O)N1C[C@@]2(C)O[C@@](C)(C1)[C@@H]1C(=O)N(c3ccc(C#N)c(C(F)(F)F)c3)C(=O)[C@@H]12
CHEMBL1210908,CC(C)N1C(=O)[C@]2(C)O[C@](C)(C1=O)[C@H]1C(=O)N(c3ccc(C#N)c(C(F)(F)F)c3)C(=O)[C@H]12
CHEMBL1210909,C[C@]12CN(O)C[C@](C)(O1)[C@@H]1C(=O)N(c3ccc(C#N)c(C(F)(F)F)c3)C(=O)[C@@H]12
CHEMBL1210910,CON1C[C@@]2(C)O[C@@](C)(C1)[C@@H]1C(=O)N(c3ccc(C#N)c(C(F)(F)F)c3)C(=O)[C@@H]12
CHEMBL1210959,COc1ccc(C=C2c3cccc(Cl)c3C(=O)c3c(Cl)cccc32)c(OC)c1O
CHEMBL1214839,N#Cc1ccc(N2N=C(c3ccc(C(=O)O)cc3)C[C@@H]2c2ccc(F)cc2)cc1Cl
CHEMBL1215127,N#Cc1ccc(N2N=C(c3ccc(C(=O)O)cc3)C[C@@H]2C2CCCC2)cc1Cl
CHEMBL1215130,COc1cc(C2=NN(c3ccc(C#N)c(Cl)c3)[C@@H](C3CCCC3)C2)ccc1C(=O)O
CHEMBL1215197,CCOc1cc(C2=NN(c3ccc(C#N)c(Cl)c3)[C@@H](C3CCCC3)C2)ccc1C(=O)O
CHEMBL1215331,N#Cc1ccc(N2N=C3c4ccc(C(=O)O)cc4CC[C@@H]3[C@@H]2C2CCCC2)cc1Cl
CHEMBL1215403,COC(=O)C1=C(C)NC(C)=C(C#N)C1c1ccc(F)cc1Cl
CHEMBL1215406,CCCC1=C(C(=O)OC)C(c2ccccc2Cl)C(C#N)=C(C)N1
CHEMBL1215480,CCCCC1=C(C(=O)OC)C(c2ccccc2Cl)C(C#N)=C(C)N1
CHEMBL1215485,N#Cc1ccc(N2N=C3c4ccc(C(=O)O)cc4CC[C@@H]3[C@@H]2C2CCCC2)cc1
CHEMBL1215549,CCCC1=C(C(=O)OC)C(c2ccc(F)cc2Cl)C(C#N)=C(C)N1
CHEMBL1215550,COC(=O)C1=C(C(F)(F)F)NC(C)=C(C#N)C1c1ccc(F)cc1Cl
CHEMBL1215552,COC(=O)C1=C(Cn2ccnc2)NC(C)=C(C#N)C1c1ccc(F)cc1Cl
CHEMBL1215620,COC(=O)C1=C(Cn2cccn2)NC(C)=C(C#N)C1c1ccc(F)cc1Cl
CHEMBL1215621,COC(=O)C1=C(Cn2cncn2)NC(C)=C(C#N)C1c1ccc(F)cc1Cl
CHEMBL1215622,COC(=O)C1=C(Cn2cnnn2)NC(C)=C(C#N)C1c1ccc(F)cc1Cl
CHEMBL1215623,COC(=O)C1=C(Cn2cnnn2)NC(C)=C(C#N)[C@H]1c1ccc(F)cc1Cl
CHEMBL1215627,Cc1cc(N2N=C3c4ccc(C(=O)O)cc4CO[C@@H]3[C@@H]2C2CCCC2)ccc1C#N
CHEMBL121626,Cc1c(Cl)cccc1Nc1ccccc1C(=O)O
CHEMBL124718,C[C@](O)(COc1ccc(F)cc1)C(=O)Nc1ccc([N+](=O)[O-])c(C(F)(F)F)c1
CHEMBL124881,C[C@@](O)(CS(=O)(=O)c1ccc(F)cc1)C(=O)Nc1ccc(C#N)c(C(F)(F)F)c1
CHEMBL125236,CC(=O)Nc1ccc(OC[C@](C)(O)C(=O)Nc2ccc([N+](=O)[O-])c(C(F)(F)F)c2)cc1
CHEMBL1253831,C[C@]12CC[C@H]3[C@@H](CC=C4C[C@@H](O)CC[C@@]43C)[C@@H]1CC[C@@H]2[C@]1(C)CC=CC(=O)N1
CHEMBL1253832,C[C@]12CC[C@H]3[C@@H](CCC4=CC(=O)CC[C@@]43C)[C@@H]1CC[C@@H]2[C@]1(C)CC=CC(=O)N1
CHEMBL1254922,C[C@]12CC[C@H]3[C@@H](CC=C4C[C@@H](O)CC[C@@]43C)[C@@H]1CC[C@@H]2[C@@]1(C)CC=CC(=O)N1
CHEMBL1255008,C[C@]12CC[C@H]3[C@@H](CC=C4CC(=O)CC[C@@]43C)[C@@H]1CC[C@@H]2[C@@]1(C)CC=CC(=O)N1
CHEMBL125663,C[C@@](O)(COc1ccc(F)cc1)C(=O)Nc1ccc([N+](=O)[O-])c(C(F)(F)F)c1
CHEMBL1257221,COc1ccc(F)cc1C(C)(C)CC(O)(CNc1ccc2c(=O)onc(C)c2c1)C(F)(F)F
CHEMBL1257222,COc1ccc(F)cc1C(C)(C)CC(O)(CNc1cccc2ccccc12)C(F)(F)F
CHEMBL1257342,CC(C)(CC(O)(CNc1cccc2ccccc12)C(F)(F)F)c1cc(F)ccc1O
CHEMBL1257343,COc1ccc(F)cc1C(C)(C)CC(O)(CNc1cccc2ncccc12)C(F)(F)F
CHEMBL1257453,CC(C)(CC(O)(CNc1cccc2ncccc12)C(F)(F)F)c1cc(F)ccc1O
CHEMBL1257454,COc1ccc(F)cc1C(C)(C)CC(O)(CNc1cccc2nc(C)ccc12)C(F)(F)F
CHEMBL1257572,Cc1ccc2c(NCC(O)(CC(C)(C)c3cc(F)ccc3O)C(F)(F)F)cccc2n1
CHEMBL1270149,CCC(CC)(c1ccc(OCC(=O)C(C)(C)C)c(C)c1)c1ccc(OC[C@H](O)CO)c(C)c1
CHEMBL1270253,CCC(CC)(c1ccc(OCC(=O)C(C)(C)C)c(C)c1)c1ccc(OC[C@@H](O)CO)c(C)c1
CHEMBL1274,CC1(C)NC(=O)N(c2ccc([N+](=O)[O-])c(C(F)(F)F)c2)C1=O
CHEMBL1276308,CC#C[C@]1(O)CC[C@H]2[C@@H]3CCC4=CC(=O)CCC4=C3[C@@H](c3ccc(N(C)C)cc3)C[C@@]21C
CHEMBL1288321,OC1(C(F)(F)F)CCCc2c1[nH]c1cc(Cl)c(Cl)cc21
CHEMBL1288322,OC1(C(F)(F)F)CCCc2c1[nH]c1ccc(Cl)c(Cl)c21
CHEMBL1288323,OC1(C(F)(F)F)CCc2c1[nH]c1c(Cl)cc(Cl)cc21
CHEMBL1288956,Oc1cccc2c1[nH]c1ccc(Br)cc12
CHEMBL1288957,N#Cc1ccc2[nH]c3c(O)cccc3c2c1
CHEMBL1288958,Oc1c(Br)ccc2c1[nH]c1cc(Cl)c(Cl)cc12
CHEMBL1288959,Oc1cccc2c1[nH]c1ccc(Cl)c(Cl)c12
CHEMBL1288979,OC1(C(F)(F)F)CCCc2c1[nH]c1c(Cl)cc(Cl)cc21
CHEMBL1288980,OC1(C(F)(F)F)CCCc2c1[nH]c1c(Cl)ccc(Cl)c21
CHEMBL1288981,OC1(C(F)(F)F)CCCc2c1[nH]c1c(Cl)cc(F)cc21
CHEMBL1289011,CC1(O)CCCc2c1[nH]c1cc(Cl)c(Cl)cc21
CHEMBL1289012,CC1(O)CCCc2c1[nH]c1ccc(C#N)cc21
CHEMBL1289013,N#Cc1ccc2[nH]c3c(c2c1)CCCC3(O)C(F)(F)F
CHEMBL1289887,CC1(C)C(=O)N(c2ccc(C#N)c(Cl)c2)C(=S)N1c1cccc(S(N)(=O)=O)c1
CHEMBL1289999,CC1(C)C(=O)N(c2ccc(C#N)c(C(F)(F)F)c2)C(=S)N1c1cccc(S(N)(=O)=O)c1
CHEMBL1290000,CC1(C)C(=O)N(c2ccc(C#N)c(Cl)c2)C(=S)N1c1cccc(S(N)(=O)=O)n1
CHEMBL1290098,CC1(C)C(=O)N(c2ccc(C#N)c(C(F)(F)F)c2)C(=S)N1c1cccc(S(N)(=O)=O)n1
CHEMBL1290099,CC1(C)C(=O)N(c2ccc(C#N)c(C(F)(F)F)c2)C(=S)N1c1ccnc(S(N)(=O)=O)c1
CHEMBL1290206,CC1(C)C(=O)N(c2ccc(C#N)c(Cl)c2)C(=S)N1c1cncc(S(N)(=O)=O)c1
CHEMBL1290207,CC1(C)C(=O)N(c2ccc(C#N)c(C(F)(F)F)c2)C(=S)N1c1cncc(S(N)(=O)=O)c1
CHEMBL1290518,Oc1c(Cc2ccccc2)ccc2c1[nH]c1cc(Cl)c(Cl)cc12
CHEMBL1290631,Oc1c(Cc2ccccc2)ccc2c1[nH]c1ccc(Cl)c(Cl)c12
CHEMBL1290632,OC1(C(F)(F)F)CCCCc2c1[nH]c1c(Cl)cc(Cl)cc21
CHEMBL1290633,OC1(C(F)(F)C(F)(F)F)CCCc2c1[nH]c1cc(Cl)c(Cl)cc21
CHEMBL1290750,N#Cc1ccc2[nH]c3c(c2c1)CCCC3(O)C(F)(F)C(F)(F)F
CHEMBL1290751,OC1(C(F)(F)F)c2[nH]c3c(Cl)cc(Cl)cc3c2CCC1(F)F
CHEMBL130141,CC1=CC(C)(C)Nc2ccc3c(c21)/C(=C/c1ccncc1C)Oc1ccc(F)cc1-3
CHEMBL1302748,COc1cc(C2Nc3cccc4cccc(c34)N2)ccc1O
CHEMBL131,C[C@]12C=CC(=O)C=C1CC[C@@H]1[C@@H]2[C@@H](O)C[C@@]2(C)[C@H]1CC[C@]2(O)C(=O)CO
CHEMBL1312729,Cc1ccc(OCCSc2nc3ccccc3n2CCC(=O)O)cc1
CHEMBL131681,CC1(C)Nc2ccc(-c3csc(C#N)c3)cc2C(C)(C)C1=O
CHEMBL131855,CC1=CC(C)(C)Nc2ccc(-c3sc(C#N)cc3C)cc21
CHEMBL131921,COc1ccc(-c2coc3cc(O)cc(O)c3c2=O)cc1
CHEMBL131963,Cc1c2c(cc3c(C(F)(F)F)cc(Cl)nc13)C(C)CC(C)(C)N2
CHEMBL132131,CN(C)c1cc(C(F)(F)F)c2cc3c(cc2n1)NC(C)(C)CC3
CHEMBL132193,CC1=CC(C)(C)Nc2ccc(-c3ccc(C#N)s3)cc21
CHEMBL132205,CC1(C)CCc2cc3c(C(F)(F)F)cc(C(F)(F)F)nc3cc2N1
CHEMBL132295,CCCC[S+]([O-])c1cc(C(F)(F)F)c2cc3c(cc2n1)NC(C)(C)CC3
CHEMBL132354,CC1(C)CCc2cc3c(C(F)(F)F)cc(SCC(F)(F)F)nc3cc2N1
CHEMBL132363,CC1=CC(C)(C)Nc2ccc3c(c21)/C(=C/c1ncccc1C)Oc1ccc(F)cc1-3
CHEMBL132427,CN1c2cc3nc(C#N)cc(C(F)(F)F)c3cc2CCC1(C)C
CHEMBL132516,CC1=CC(C)(C)N(C)c2cc3nc(Cl)cc(C(F)(F)F)c3cc21
CHEMBL132609,CN1c2cc3nccc(C(F)(F)F)c3cc2CCC1(C)C
CHEMBL132635,CC1(C)CCc2cc3c(C(F)(F)F)cc(S(C)(=O)=O)nc3cc2N1
CHEMBL132803,CC1=CC(C)(C)Nc2cc3nc(F)cc(C(F)(F)F)c3cc21
CHEMBL132889,Cc1cc(C#N)sc1-c1ccc2c(c1)C(C)(C)C(=O)C(C)(C)N2
CHEMBL133054,Cc1c2c(cc3c(C(F)(F)F)ccnc13)C(C)CC(C)(C)N2
CHEMBL1330717,c1ccc(OCCSc2nc3ccccc3o2)cc1
CHEMBL133167,CN1c2cc3nc(Br)cc(C(F)(F)F)c3cc2CCC1(C)C
CHEMBL133289,CN1c2cc3nc(Cl)cc(C(F)(F)F)c3cc2CCC1(C)C
CHEMBL133329,CC1(C)CCc2cc3c(C(F)(F)F)cc(N)nc3cc2N1
CHEMBL133331,CC1=CC(C)(C)Nc2cc3nc(Cl)cc(C(F)(F)F)c3cc21
CHEMBL133465,CN1c2cc3nc(F)cc(C(F)(F)F)c3cc2CCC1(C)C
CHEMBL133503,CC1(C)CCc2cc3c(C(F)(F)F)cc(F)nc3cc2N1
CHEMBL133656,CC1=CC(C)(C)Nc2ccc(-c3ccc([N+](=O)[O-])s3)cc21
CHEMBL133715,CCCCSc1cc(C(F)(F)F)c2cc3c(cc2n1)NC(C)(C)CC3
CHEMBL133792,CC1(C)CCc2cc3c(C(F)(F)F)cc(Cl)nc3cc2N1
CHEMBL133825,Cc1c2c(cc3c(C(F)(F)F)cc(F)nc13)C(C)CC(C)(C)N2
CHEMBL134056,Cc1c2c(cc3c(C(F)(F)F)cc(Br)nc13)C(C)CC(C)(C)N2
CHEMBL134117,COc1ccc(CNc2cc(C(F)(F)F)c3cc4c(cc3n2)NC(C)(C)CC4)cc1
CHEMBL134140,CC1(C)CCc2cc3c(C(F)(F)F)cc(Br)nc3cc2N1
CHEMBL134180,CC1(C)CCc2cc3c(C(F)(F)F)cc(NS(C)(=O)=O)nc3cc2N1
CHEMBL134209,C[S+]([O-])c1cc(C(F)(F)F)c2cc3c(cc2n1)NC(C)(C)CC3
CHEMBL134242,CSc1cc(C(F)(F)F)c2cc3c(cc2n1)NC(C)(C)CC3
CHEMBL134260,Cc1cc(C#N)sc1-c1ccc2c(c1)C(C)CC(C)(C)N2
CHEMBL134277,CC1=CC(C)(C)Nc2ccc3c(c21)/C(=C/c1ccsc1)Oc1ccc(F)cc1-3
CHEMBL134303,CC1(C)CCc2cc3c(C(F)(F)F)cc(N(S(C)(=O)=O)S(C)(=O)=O)nc3cc2N1
CHEMBL134421,CC1=CC(C)(C)Nc2ccc3c(c21)/C(=C/c1ccccc1)Oc1ccccc1-3
CHEMBL134602,CC1=CC(C)(C)Nc2ccc3c(c21)/C(=C/c1ccccc1)Oc1ccc(F)cc1-3
CHEMBL135,C[C@]12CC[C@@H]3c4ccc(O)cc4CC[C@H]3[C@@H]1CC[C@@H]2O
CHEMBL1352525,Cc1cccc(N2CCN(C(=O)CSCc3c(C)noc3C)CC2)c1C
CHEMBL136322,CC1(C)OC(=O)Nc2ccc(-c3cc(F)cc(C#N)c3)cc21
CHEMBL137103,CC1=CC(C)(C)Nc2ccc3c(c21)/C(=C/c1cc(F)ccc1F)Oc1ccccc1-3
CHEMBL1372017,Nc1nc(-c2ccc3ccccc3c2)cs1
CHEMBL138059,CC1(C)OC(=O)Nc2ccc(-c3coc(C#N)c3)cc21
CHEMBL1390665,Clc1ccc(-c2cnc3n2CCC3)cc1
CHEMBL1391700,Fc1ccc(-c2csc(N3CCOCC3)n2)cc1
CHEMBL1393,CC(=O)S[C@@H]1CC2=CC(=O)CC[C@]2(C)[C@H]2CC[C@@]3(C)[C@@H](CC[C@@]34CCC(=O)O4)[C@H]12
CHEMBL139749,CC1(C)OC(=O)Nc2ccc(-c3csc(C#N)c3)cc21
CHEMBL139835,CC(=O)O[C@]1(C(C)=O)CC[C@H]2[C@@H]3C=C(Cl)C4=CC(=O)[C@@H]5C[C@@H]5[C@]4(C)[C@H]3CC[C@@]21C
CHEMBL1403349,Fc1ccc(-c2csc(-c3ccncc3)n2)cc1
CHEMBL1409155,Cc1cccc(OCCSc2nc3ccccc3n2CC(=O)O)c1
CHEMBL1416100,c1ccc(-c2csc(-c3ccncc3)n2)cc1
CHEMBL143978,COc1cccc2oc(-c3ccc(F)cc3)cc(=O)c12
CHEMBL144278,O=c1cc(-c2ccccc2O)oc2ccccc12
CHEMBL1445,C[C@]1(O)CC[C@H]2[C@@H]3CCC4=CC(=O)CC[C@]4(C)[C@@]3(F)[C@@H](O)C[C@@]21C
CHEMBL1445673,Cc1ccc(OCCSc2nc3ccccc3n2CC(=O)O)cc1C
CHEMBL145403,O=c1cc(C(F)(F)F)c2ccc(OCc3ccccc3)cc2o1
CHEMBL146032,CC(=O)c1ccc([C@H]2C[C@@]3(C)[C@@H](CC[C@@]3(O)C(F)(F)C(F)(F)F)[C@@H]3CCC4=CC(=O)CCC4=C32)cc1
CHEMBL1463660,CS(=O)(=O)Nc1ccc(OCc2ccccc2)cc1
CHEMBL146794,CC1(C)C(=O)N(c2ccc(C#N)c(C(F)(F)F)c2)C(=O)N1CCOCCOCc1ccc(O)c(C(N)=O)c1
CHEMBL146858,CC1(C)NC(=O)N(c2ccc(C#N)c(C(F)(F)F)c2)C1=O
CHEMBL1474103,Cc1cccc(OCCSc2nc3ccccc3n2CC(=O)N2CCOCC2)c1
CHEMBL147457,CC1(C)C(=O)N(c2ccc(C#N)c(C(F)(F)F)c2)C(=O)N1CCCCN1CCN(CCOCc2ccc(O)c(C(N)=O)c2)CC1
CHEMBL1488607,Fc1ccc(-c2csc(N3CCSCC3)n2)cc1
CHEMBL150,O=c1c(O)c(-c2ccc(O)cc2)oc2cc(O)cc(O)c12
CHEMBL1504501,OCCn1c(SCCOc2ccccc2)nc2ccccc21
CHEMBL1509,C[C@]12CCC(=O)C=C1[C@@H]1C[C@@H]1[C@H]1[C@@H]3[C@@H]4C[C@@H]4[C@@]4(CCC(=O)O4)[C@@]3(C)CC[C@@H]12
CHEMBL151601,CC1(C)C(=O)N(c2ccc(C#N)c(C(F)(F)F)c2)C(=O)N1CC#CCOCc1ccc(O)c(C(N)=O)c1
CHEMBL1527972,Oc1ccc(C2Nc3cccc4cccc(c34)N2)cc1
CHEMBL1535354,O=S(=O)(CCOc1ccccc1)c1nc2ccccc2[nH]1
CHEMBL1539990,Cc1ccc(OCCSc2nc3ccccc3n2CC(=O)O)cc1
CHEMBL1544,N[C@@H](Cc1cc(I)c(Oc2ccc(O)c(I)c2)c(I)c1)C(=O)O
CHEMBL1549081,c1ccc(-c2csc(N3CCSCC3)n2)cc1
CHEMBL156142,CC1CC(C)(C)Nc2cc3nc(O)cc(C(F)(F)F)c3cc21
CHEMBL156278,CC1CC(C)(C)Nc2cc3c(cc21)c(C(F)(F)F)cc(=O)n3C
CHEMBL156312,CC12CCCN1c1cc3nc(O)cc(C(F)(F)F)c3cc1CC2
CHEMBL1563710,c1ccc(OCCSc2nc3ccccc3[nH]2)cc1
CHEMBL156641,C[C@H]1c2cc3c(C(F)(F)F)cc(O)nc3cc2NC(C)(C)[C@H]1C
CHEMBL156751,CC(C)C1CC(C)(C)Nc2cc3nc(O)cc(C(F)(F)F)c3cc21
CHEMBL156806,CC1(C)Cc2cc3c(C(F)(F)F)cc(O)nc3cc2NC1(C)C
CHEMBL156982,CCC1CC(C)(C)Nc2cc3nc(O)cc(C(F)(F)F)c3cc21
CHEMBL1572280,Cc1cc(/C=C/c2ccc3cc(N(C)C)ccc3[n+]2C)c(C)n1-c1ccccc1.O=C([O-])c1cc2ccccc2c(Cc2c(O)c(C(=O)O)cc3ccccc23)c1O
CHEMBL157344,CC1c2cc3c(C(F)(F)F)cc(O)nc3cc2NC(C)(C)C1(C)C
CHEMBL157407,Cn1c(=O)cc(C(F)(F)F)c2cc3c(cc21)N1CCCC1(C)CC3
CHEMBL157703,CC1=CC(C)(C)Nc2c1cc1c(C(F)(F)F)cc(O)nc1c2C
CHEMBL1596561,CC1(C2CC(C(F)(F)F)n3nc(C(=O)O)cc3N2)CC1
CHEMBL160230,CCC1(C)CCc2cc3c(C(F)(F)F)cc(=O)n(C)c3cc2N1C
CHEMBL160239,CCn1c(=O)cc(C(F)(F)F)c2cc3c(cc21)NC(C)(C)C=C3C
CHEMBL160250,CCC1(CC)CCc2cc3c(C(F)(F)F)cc(O)nc3cc2N1
CHEMBL160257,C[C@@H]1c2cc3c(C(F)(F)F)cc(O)nc3cc2NC(C)(C)[C@H]1C
CHEMBL160386,CC1=CC(C)(C)Nc2cc3c(cc21)c(C(F)(F)F)cc(=O)n3C
CHEMBL160451,CC1=CC(C)(C)Nc2cc3nc(O)cc(C(F)(F)F)c3cc21
CHEMBL160665,CC1Cc2cc3c(C(F)(F)F)cc(O)nc3cc2NC1(C)C
CHEMBL160713,CCCC1(C)CCc2cc3c(C(F)(F)F)cc(O)nc3cc2N1
CHEMBL160923,CC1=CC(C)(C)Nc2c1cc1c(C(F)(F)F)cc(=O)n(C)c1c2C
CHEMBL161892,CN1c2cc3c(cc2[C@H]2CCCC[C@H]21)c(C(F)(F)F)cc(=O)n3C
CHEMBL161980,C[C@H]1CC[C@@H]2[C@H](C1)c1cc3c(C(F)(F)F)cc(=O)n(C)c3cc1N2C
CHEMBL162103,CN1CCc2cc3c(C(F)(F)F)cc(=O)n(C)c3cc21
CHEMBL1623389,c1ccc(-c2csc(N3CCOCC3)n2)cc1
CHEMBL162368,CC1(C)CCC[C@@H]2c3cc4c(C(F)(F)F)cc(O)nc4cc3N[C@@H]21
CHEMBL162503,Cn1c(=O)cc(C(F)(F)F)c2cc3c(cc21)NCC3
CHEMBL162569,C[C@@H]1c2cc3c(C(F)(F)F)cc(O)nc3cc2N[C@@H]1C
CHEMBL163142,CN1c2cc3c(cc2[C@H]2CCCC(C)(C)[C@H]21)c(C(F)(F)F)cc(=O)n3C
CHEMBL163143,CN1c2cc3c(cc2[C@@]2(C)CCCC[C@@H]12)c(C(F)(F)F)cc(=O)n3C
CHEMBL163366,C[C@@H]1Cc2cc3c(C(F)(F)F)cc(=O)n(C)c3cc2N1
CHEMBL163425,Cn1c(=O)cc(C(F)(F)F)c2cc3c(cc21)N[C@@H]1CCCC[C@H]31
CHEMBL1644759,Cc1cc(-c2cccc3cc[nH]c23)c(Cl)c2c1NC(C)(C)[C@H](O)[C@H]2C
CHEMBL1644761,Cc1cc(-c2cccc3cc[nH]c23)c(Cl)c2c1NC(C)(C)C(O)C2(C)C
CHEMBL1644765,Cc1cc(-c2cccc3cc[nH]c23)c(Cl)c2c1NC(C)(C)[C@@H](O)[C@H]2C
CHEMBL165219,C[C@H]1Nc2cc3nc(O)cc(C(F)(F)F)c3cc2C1(C)C
CHEMBL165803,C[C@H]1CC[C@H]2Nc3cc4c(cc3[C@H]2C1)c(C(F)(F)F)cc(=O)n4C
CHEMBL165912,CCCN1c2cc3c(cc2[C@H]2CCCC[C@H]21)c(C(F)(F)F)cc(=O)n3C
CHEMBL166212,C[C@H]1CC[C@H]2Nc3cc4nc(O)cc(C(F)(F)F)c4cc3[C@H]2C1
CHEMBL166323,Oc1cc(C(F)(F)F)c2cc3c(cc2n1)NCC3
CHEMBL166444,C[C@]1(O)CC[C@H]2[C@@H]3CCC4=CC(=O)CCC4=C3C=C[C@@]21C
CHEMBL16685,COc1cccc2oc(-c3ccccc3)cc(=O)c12
CHEMBL1672540,COc1ccc(C(c2ccccc2)c2c[nH]c3ccccc23)cc1
CHEMBL1672541,Cc1cc(-c2cn(C(C)C)c3cc(NS(C)(=O)=O)ccc23)ccc1C#N
CHEMBL1672542,CC(c1ccc(F)cc1)(c1c[nH]c2c(NS(C)(=O)=O)cccc12)C1CC1
CHEMBL1672543,Cn1cc(-c2ccc(C#N)cc2)c2ccc(NS(C)(=O)=O)cc21
CHEMBL1672544,CCn1cc(-c2ccc(C#N)cc2)c2ccc(NS(C)(=O)=O)cc21
CHEMBL1672545,CC(C)n1cc(-c2ccc(C#N)cc2)c2ccc(NS(C)(=O)=O)cc21
CHEMBL1672546,COc1cc(-c2cn(C(C)C)c3cc(NS(C)(=O)=O)ccc23)ccc1C#N
CHEMBL1672547,CC(C)n1cc(-c2ccc(C#N)c(F)c2)c2ccc(NS(C)(=O)=O)cc21
CHEMBL1672548,CC[C@H](C)n1cc(-c2ccc(C#N)cc2)c2ccc(NS(C)(=O)=O)cc21
CHEMBL1672549,CC[C@@H](C)n1cc(-c2ccc(C#N)cc2)c2ccc(NS(C)(=O)=O)cc21
CHEMBL1672635,Cc1c(N[C@@H](c2nnc(-c3ccc(C#N)cc3)o2)[C@H](C)O)ccc(C#N)c1Cl
CHEMBL16807,O=c1cc(-c2ccccc2)oc2cccc(O)c12
CHEMBL1682441,C[C@H]1c2c(cc(F)c(-c3cccc4cc[nH]c34)c2F)NC(C)(C)[C@@H]1O
CHEMBL16972,Cc1ccc(-c2cc(=O)c3c(O)cccc3o2)cc1
CHEMBL1702133,O=C(O)CCn1c(SCCOc2ccccc2)nc2ccccc21
CHEMBL1721724,Cc1cccc(OCCSc2nc3ccccc3n2CCC(=O)O)c1
CHEMBL1738889,C[C@](O)(COc1ccc(C#N)cc1)C(=O)Nc1ccc(C#N)c(C(F)(F)F)c1
CHEMBL1738936,Cc1ccc(OCCn2c(SCCOc3ccccc3)nc3ccccc32)cc1
CHEMBL1738937,Cc1ccc(OCCn2c(SCCC(=O)O)nc3ccccc32)cc1
CHEMBL1760023,CO/N=C1/c2c(cc(F)c(-c3cccc4c(C)c[nH]c34)c2F)NC(C)(C)C1O
CHEMBL1762202,Cc1c[nH]c2c(-c3c(F)cc4c(c3F)/C(=N/OC(C)(C)C)CC(C)(C)N4)cccc12
CHEMBL1762203,CC1(C)C/C(=N\OC(C)(C)C)c2c(cc(F)c(-c3cccc4c(Cl)c[nH]c34)c2F)N1
CHEMBL1762204,Cc1c[nH]c2c(-c3c(F)cc4c(c3F)/C(=N/OC(C)C)CC(C)(C)N4)cccc12
CHEMBL1762209,Cc1c[nH]c2c(-c3c(F)cc4c(c3F)/C(=N/OC(C)(C)CO)CC(C)(C)N4)cccc12
CHEMBL1762210,CCO/N=C1/c2c(cc(F)c(-c3cccc4c(C)c[nH]c34)c2F)NC(C)(C)C1O
CHEMBL1782494,C[C@](O)(CS(=O)(=O)c1cccc2ccccc12)C(=O)Nc1ccc(C#N)c(C(F)(F)F)c1
CHEMBL1782495,C[C@](O)(CS(=O)(=O)c1ccccc1Cc1ccccc1)C(=O)Nc1ccc(C#N)c(C(F)(F)F)c1
CHEMBL1782496,C[C@](O)(CS(=O)(=O)c1ccccc1-c1ccccc1)C(=O)Nc1ccc(C#N)c(C(F)(F)F)c1
CHEMBL178333,O=C1[C@@H]2C3CCC(C3)[C@@H]2C(=O)N1c1ccc([N+](=O)[O-])c(C(F)(F)F)c1
CHEMBL1783642,CC[Si](CC)(c1ccc(OCC(=O)C(C)(C)C)c(C)c1)c1ccc(OCC(=O)C(C)(C)C)c(C)c1
CHEMBL178469,O=C1[C@@H]2C3C=CC(C3)[C@@H]2C(=O)N1c1cccc(C(F)(F)F)c1
CHEMBL178886,O=C1[C@@H]2C3C=CC(C3)[C@@H]2C(=O)N1c1cc(Cl)cc(Cl)c1
CHEMBL178957,O=C1[C@@H]2C3C=CC(C3)[C@@H]2C(=O)N1c1cc(C(F)(F)F)cc(C(F)(F)F)c1
CHEMBL1800981,CC(C)(C(=O)Nc1nncs1)[C@@H](c1ccccc1)c1ccc(O)c(F)c1
CHEMBL1800983,Cc1cc([C@H](c2ccccc2)C(C)(C)C(=O)Nc2nncs2)ccc1O
CHEMBL1800984,CC(C)(C(=O)Nc1nccs1)[C@H]1c2ccccc2Oc2cc(O)ccc21
CHEMBL1800985,CC(C)(C(=O)Nc1nncs1)[C@H]1c2ccccc2Oc2cc(O)ccc21
CHEMBL1801005,CC(C)(C(=O)Nc1nccs1)[C@@H](c1ccccc1)c1ccc(O)c(C#N)c1
CHEMBL1801006,CC(C)(C(=O)Nc1nccs1)[C@@H](c1ccccc1)c1ccc(O)c(Br)c1
CHEMBL1801008,CC(C)(C(=O)Nc1nccs1)[C@@H](c1ccccc1)c1ccc(O)c(F)c1
CHEMBL1801012,CC(C)(C(=O)Nc1nccs1)[C@@H](c1ccccc1)c1ccc(O)cc1
CHEMBL1802077,COc1ccccc1C(=O)/C=C/c1ccccc1[N+](=O)[O-]
CHEMBL180681,Cc1cc(N2C(=O)[C@@H]3C4C=CC(CC4)[C@@H]3C2=O)ccc1Br
CHEMBL180859,O=C1[C@@H]2C3C=CC(C3)[C@@H]2C(=O)N1c1ccc(F)c(Cl)c1
CHEMBL181571,O=C1[C@@H]2C3C=CC(C3)[C@@H]2C(=O)N1c1ccc([N+](=O)[O-])c2ccccc12
CHEMBL181674,O=C1[C@@H]2C3C=CC(C3)[C@@H]2C(=O)N1c1ccc2ccccc2c1
CHEMBL181722,O=C1[C@@H]2C3C=CC(C3)[C@@H]2C(=O)N1c1ccc2cccnc2c1
CHEMBL182186,O=C1[C@@H]2C3C=CC(C3)[C@@H]2C(=O)N1c1ccc([N+](=O)[O-])cc1
CHEMBL1822155,COc1ccc(C2Nc3cccc4cccc(c34)N2)cc1O
CHEMBL1822156,Oc1ccc(C2Nc3cccc4cccc(c34)N2)cc1O
CHEMBL1822157,CC1=NN(c2ccccc2)C(=O)/C1=N\Nc1ccc(C(=O)O)c(O)c1
CHEMBL182236,Cc1cc(N2C(=O)[C@@H]3C4C=CC(C4)[C@@H]3C2=O)ccc1Br
CHEMBL182412,O=C1[C@@H]2C3C=CC(CC3)[C@@H]2C(=O)N1c1cccc(C(F)(F)F)c1
CHEMBL182593,O=C1[C@@H]2C3C=CC(C3)[C@@H]2C(=O)N1c1ccc(Cl)c(Cl)c1
CHEMBL182993,O=C1[C@@H]2C3C=CC([C@H]4C[C@@H]34)[C@@H]2C(=O)N1c1cccc(C(F)(F)F)c1
CHEMBL1830768,CC1(C)COC(=O)C1Oc1ccc(C#N)c(C(F)(F)F)c1
CHEMBL1830769,CC1(C)COC(=O)[C@@H]1Oc1ccc(C#N)c(C(F)(F)F)c1
CHEMBL1830770,CC1(C)COC(=O)[C@H]1Oc1ccc(C#N)c(C(F)(F)F)c1
CHEMBL1830771,CC1(C)CNC(=O)C1Oc1ccc(C#N)c(C(F)(F)F)c1
CHEMBL1830772,CN1CC(C)(C)C(Oc2ccc(C#N)c(C(F)(F)F)c2)C1=O
CHEMBL1830773,CCN1CC(C)(C)C(Oc2ccc(C#N)c(C(F)(F)F)c2)C1=O
CHEMBL1830774,CCCN1CC(C)(C)C(Oc2ccc(C#N)c(C(F)(F)F)c2)C1=O
CHEMBL1830775,CCCCN1CC(C)(C)C(Oc2ccc(C#N)c(C(F)(F)F)c2)C1=O
CHEMBL1830776,CCCCCN1CC(C)(C)C(Oc2ccc(C#N)c(C(F)(F)F)c2)C1=O
CHEMBL1830777,CCCCCCN1CC(C)(C)C(Oc2ccc(C#N)c(C(F)(F)F)c2)C1=O
CHEMBL1830778,CCCC(C)N1CC(C)(C)C(Oc2ccc(C#N)c(C(F)(F)F)c2)C1=O
CHEMBL1830779,CCC(C)N1CC(C)(C)C(Oc2ccc(C#N)c(C(F)(F)F)c2)C1=O
CHEMBL1830780,CCC(CC)CN1CC(C)(C)C(Oc2ccc(C#N)c(C(F)(F)F)c2)C1=O
CHEMBL1830781,CC(C)CCCN1CC(C)(C)C(Oc2ccc(C#N)c(C(F)(F)F)c2)C1=O
CHEMBL1830782,COCN1CC(C)(C)C(Oc2ccc(C#N)c(C(F)(F)F)c2)C1=O
CHEMBL1830783,COCCN1CC(C)(C)C(Oc2ccc(C#N)c(C(F)(F)F)c2)C1=O
CHEMBL1830784,CSCCN1CC(C)(C)C(Oc2ccc(C#N)c(C(F)(F)F)c2)C1=O
CHEMBL1830785,CC1(C)CN(CCCO)C(=O)C1Oc1ccc(C#N)c(C(F)(F)F)c1
CHEMBL1830786,COC(=O)CN1CC(C)(C)C(Oc2ccc(C#N)c(C(F)(F)F)c2)C1=O
CHEMBL1830787,CCOC(=O)CN1CC(C)(C)C(Oc2ccc(C#N)c(C(F)(F)F)c2)C1=O
CHEMBL1830788,CCNC(=O)CN1CC(C)(C)C(Oc2ccc(C#N)c(C(F)(F)F)c2)C1=O
CHEMBL1830789,CC1(C)CN(Cc2ccccc2)C(=O)C1Oc1ccc(C#N)c(C(F)(F)F)c1
CHEMBL1830937,COc1ccccc1CN1CC(C)(C)C(Oc2ccc(C#N)c(C(F)(F)F)c2)C1=O
CHEMBL1830938,COc1cccc(CN2CC(C)(C)C(Oc3ccc(C#N)c(C(F)(F)F)c3)C2=O)c1
CHEMBL1830939,COc1ccc(CN2CC(C)(C)C(Oc3ccc(C#N)c(C(F)(F)F)c3)C2=O)cc1
CHEMBL1830940,CC1(C)CN(Cc2ccccc2F)C(=O)C1Oc1ccc(C#N)c(C(F)(F)F)c1
CHEMBL1830941,CC1(C)CN(Cc2cccc(F)c2)C(=O)C1Oc1ccc(C#N)c(C(F)(F)F)c1
CHEMBL1830942,CC1(C)CN(Cc2ccc(F)cc2)C(=O)C1Oc1ccc(C#N)c(C(F)(F)F)c1
CHEMBL1830943,CC1(C)CN(Cc2ccccc2O)C(=O)C1Oc1ccc(C#N)c(C(F)(F)F)c1
CHEMBL1830944,CC1(C)CN(Cc2cccc(O)c2)C(=O)C1Oc1ccc(C#N)c(C(F)(F)F)c1
CHEMBL1830945,CC1(C)CN(Cc2ccc(O)cc2)C(=O)C1Oc1ccc(C#N)c(C(F)(F)F)c1
CHEMBL1830946,CSc1ccc(CN2CC(C)(C)C(Oc3ccc(C#N)c(C(F)(F)F)c3)C2=O)cc1
CHEMBL1830947,CC1(C)CN(Cc2ccccn2)C(=O)C1Oc1ccc(C#N)c(C(F)(F)F)c1
CHEMBL1830948,CC1(C)CN(Cc2cccnc2)C(=O)C1Oc1ccc(C#N)c(C(F)(F)F)c1
CHEMBL1830949,CC1(C)CN(Cc2ccncc2)C(=O)C1Oc1ccc(C#N)c(C(F)(F)F)c1
CHEMBL1830950,CCOC(=O)c1ccc(CN2CC(C)(C)C(Oc3ccc(C#N)c(C(F)(F)F)c3)C2=O)o1
CHEMBL1830951,COC(=O)c1csc(CN2CC(C)(C)C(Oc3ccc(C#N)c(C(F)(F)F)c3)C2=O)n1
CHEMBL1830952,CC1(C)CN(Cc2nc3ccccc3s2)C(=O)C1Oc1ccc(C#N)c(C(F)(F)F)c1
CHEMBL1830953,Cc1nc(CN2CC(C)(C)C(Oc3ccc(C#N)c(C(F)(F)F)c3)C2=O)cs1
CHEMBL1830954,CC1(C)CN(Cc2noc(-c3ccccc3)n2)C(=O)C1Oc1ccc(C#N)c(C(F)(F)F)c1
CHEMBL1830955,CC1(C)CN(Cc2nc(-c3ccccc3)no2)C(=O)C1Oc1ccc(C#N)c(C(F)(F)F)c1
CHEMBL183173,CN1C(=O)C2C=CC1[C@@H]1C(=O)N(c3ccc([N+](=O)[O-])c4ccccc34)C(=O)[C@H]21
CHEMBL1835807,CCN(CC)c1cc2oc(=O)ccc2cc1-c1ccccc1
CHEMBL1835832,CCN(CC)c1cc2oc(=O)ccc2cc1-c1cccs1
CHEMBL183882,O=C1[C@@H]2C3CCCC(CC3)[C@@H]2C(=O)N1c1cccc(C(F)(F)F)c1
CHEMBL184228,CC[C@H]1C[C@@]2(C)C(CC[C@@H]2O)C2CCC3=CC(=O)CCC3=C21
CHEMBL184313,CCCCC[C@H]1C[C@@]2(C)C(CC[C@@H]2O)C2CCC3=CC(=O)CCC3=C21
CHEMBL184981,O=C1[C@@H]2C3C=CC(CC3)[C@@H]2C(=O)N1c1ccc(Cl)c(Cl)c1
CHEMBL185265,Cc1c(NS(C)(=O)=O)cccc1N(Cc1ccccc1)Cc1ccc(Oc2cccc(OCCCC(=O)NCCCC(=O)O)c2)cc1
CHEMBL185880,O=C1[C@H]2[C@H]3CC[C@H](C3)N2C(=O)N1c1ccc([N+](=O)[O-])c2ccccc12
CHEMBL186254,CCCCCCCCCC[C@H]1C[C@@]2(C)C(CC[C@@H]2O)C2CCC3=CC(=O)CCC3=C21
CHEMBL186467,CCCCCCCC[C@H]1C[C@@]2(C)C(CC[C@@H]2O)C2CCC3=CC(=O)CCC3=C21
CHEMBL187605,CC(C)(C)OC(=O)N1C[C@@H]2C[C@H]1[C@@H]1C(=O)N(c3ccc(C#N)c(C(F)(F)F)c3)C(=O)N21
CHEMBL188129,CC(C)(C)OC(=O)N1C[C@@H]2C[C@H]1[C@@H]1C(=O)N(c3ccc([N+](=O)[O-])c4ccccc34)C(=O)N21
CHEMBL188261,CC(C)(C)OC(=O)N1C[C@@H]2C[C@H]1[C@]1(C)C(=O)N(c3ccc(C#N)c(C(F)(F)F)c3)C(=O)N21
CHEMBL188297,O=C1[C@@H]2[C@@H]3CC[C@@H](C3)[C@@H]2C(=O)N1c1ccc([N+](=O)[O-])c(C(F)(F)F)c1
CHEMBL188545,CC(C)(C)OC(=O)N1C[C@@H]2C[C@H]1[C@H]1C(=O)N(c3ccc([N+](=O)[O-])c4ccccc34)C(=O)N21
CHEMBL188681,CC(C)(C)OC(=O)N1C[C@H]2C[C@@H]1[C@H]1C(=O)N(c3ccc(C#N)c(C(F)(F)F)c3)C(=O)N21
CHEMBL188803,CC(C)(C)OC(=O)N1C[C@@H]2C[C@H]1[C@@H]1C(=O)N(c3ccc(C#N)cc3)C(=O)N21
CHEMBL188857,CC(C)(C)OC(=O)N1C[C@@H]2C[C@H]1[C@H]1C(=O)N(c3ccc(C#N)cc3)C(=O)N21
CHEMBL189306,CCCCCCCCCCCC[C@H]1C[C@@]2(C)C(CC[C@@H]2O)C2CCC3=CC(=O)CCC3=C21
CHEMBL189600,N#Cc1ccc(N2C(=O)[C@H]3[C@@H]4C[C@@H](CN4C(=O)c4ccccc4)N3C2=O)cc1C(F)(F)F
CHEMBL190109,Cc1c(NS(C)(=O)=O)cccc1N(Cc1ccc(Oc2ccc(Cl)c(OCC(=O)O)c2)cc1)Cc1ccc(F)cc1F
CHEMBL190225,Cc1c(NS(C)(=O)=O)cccc1N(Cc1ccccc1)Cc1ccc(Oc2ccc(OCC(=O)O)cc2)cc1
CHEMBL1908373,CN(C)c1ccc([C@H]2C[C@]3(C)[C@@H](CC[C@]3(O)CCCO)[C@@H]3CCC4=CC(=O)CCC4=C32)cc1
CHEMBL1911151,CCCc1ccc(-c2ccc3c(n2)Oc2ccccc2[C@H]3C(C)(C)C(=O)Nc2nncs2)cc1
CHEMBL1911272,CN(C)C(=O)c1ccc(-c2ccc3c(n2)Oc2ccccc2[C@H]3C(C)(C)C(=O)Nc2nncs2)cc1F
CHEMBL1914477,Cc1cc(C(=O)N[C@H]2C(C)(C)[C@H](Oc3ccc(C#N)c(Cl)c3)C2(C)C)nn1C
CHEMBL1916236,CC(=O)N[C@H]1C(C)(C)[C@H](Oc2ccc(C#N)c(C#N)c2)C1(C)C
CHEMBL1916237,CC(=O)N[C@H]1C(C)(C)[C@H](Oc2ccc(C#N)c(Cl)c2)C1(C)C
CHEMBL1916238,CC(=O)N[C@H]1C(C)(C)[C@H](Oc2ccc(C#N)c(C)c2)C1(C)C
CHEMBL1916239,CC(=O)N[C@H]1C(C)(C)[C@H](Oc2ccc(C#N)c(C(F)(F)F)c2)C1(C)C
CHEMBL1916240,CC(=O)N[C@H]1C(C)(C)[C@H](Oc2ccc(C#N)cc2Cl)C1(C)C
CHEMBL1916241,CC(=O)N[C@H]1C(C)(C)[C@H](Oc2ccc(C#N)c(C)n2)C1(C)C
CHEMBL1916242,CC1(C)[C@H](NC(=O)c2cnccn2)C(C)(C)[C@H]1Oc1ccc(C#N)c(Cl)c1
CHEMBL1916243,CC1(C)[C@H](NC(=O)c2cc[nH]n2)C(C)(C)[C@H]1Oc1ccc(C#N)c(Cl)c1
CHEMBL1916244,CC1(C)[C@H](NC(=O)c2cn[nH]c2)C(C)(C)[C@H]1Oc1ccc(C#N)c(Cl)c1
CHEMBL1916245,Cn1cc(C(=O)N[C@H]2C(C)(C)[C@H](Oc3ccc(C#N)c(Cl)c3)C2(C)C)cn1
CHEMBL1916246,Cc1nnc(C(=O)N[C@H]2C(C)(C)[C@H](Oc3ccc(C#N)c(Cl)c3)C2(C)C)o1
CHEMBL1916247,CC1(C)[C@H](NC(=O)c2cnc3ncccn23)C(C)(C)[C@H]1Oc1ccc(C#N)c(Cl)c1
CHEMBL1916248,Cc1nc2ncccn2c1C(=O)N[C@H]1C(C)(C)[C@H](Oc2ccc(C#N)c(Cl)c2)C1(C)C
CHEMBL1916249,COCCn1ccc(C(=O)N[C@H]2C(C)(C)[C@H](Oc3ccc(C#N)c(Cl)c3)C2(C)C)n1
CHEMBL1916250,CC1(C)[C@H](NC(=O)c2ccn(CCO)n2)C(C)(C)[C@H]1Oc1ccc(C#N)c(Cl)c1
CHEMBL1916251,CC1(C)[C@H](NC(=O)c2cnn(CCO)c2)C(C)(C)[C@H]1Oc1ccc(C#N)c(Cl)c1
CHEMBL1916252,CC1(C)[C@H](NC(=O)c2ccn(CCC#N)n2)C(C)(C)[C@H]1Oc1ccc(C#N)c(Cl)c1
CHEMBL1916253,CNC(=O)Cn1ccc(C(=O)N[C@H]2C(C)(C)[C@H](Oc3ccc(C#N)c(Cl)c3)C2(C)C)n1
CHEMBL1916254,CN(C)C(=O)Cn1ccc(C(=O)N[C@H]2C(C)(C)[C@H](Oc3ccc(C#N)c(Cl)c3)C2(C)C)n1
CHEMBL1916412,Cc1nc(O[C@H]2C(C)(C)[C@H](NC(=O)c3cnc4ncccn34)C2(C)C)ccc1C#N
CHEMBL1923999,O=C(O)c1cccc(CSc2ccc(Cl)cc2Cl)c1
CHEMBL1924000,COC(=O)c1ccc([C@H]2Nc3ccc(C(C)=O)cc3[C@H]3C=CC[C@H]32)cc1
CHEMBL1924001,CCOC(=O)c1ccc2c(c1)[C@H]1C=CC[C@@H]1[C@@H](c1ccccc1)N2
CHEMBL1924002,NS(=O)(=O)c1ccc2c(c1)[C@@H]1C=CC[C@@H]1[C@@H](c1ccc(Br)cc1)N2
CHEMBL1924003,Cc1cc(/C=C/C(=O)O)c(C)n1-c1ccc2c(c1)OCO2
CHEMBL1928869,O=C1COc2ccc(C3=Nn4cnnc4SC3)cc2N1
CHEMBL1928872,O=C1COc2ccc(C3=Nn4cnnc4SC3c3ccccc3)cc2N1
CHEMBL1928874,O=C1COc2ccc(C3=Nn4cnnc4SC3c3ccccc3F)cc2N1
CHEMBL1928875,O=C1COc2ccc(C3=Nn4cnnc4SC3c3cccc(F)c3)cc2N1
CHEMBL1928876,O=C1COc2ccc(C3=Nn4cnnc4SC3c3ccc(F)cc3)cc2N1
CHEMBL1928877,O=C1COc2ccc(C3=Nn4ccnc4SC3c3ccccc3)cc2N1
CHEMBL1928878,O=C1COc2ccc(C3=Nc4ccccc4SC3c3ccccc3)cc2N1
CHEMBL1928881,Cc1cc(-c2ccc3c(c2)NC(=O)CO3)n(-c2ccccc2)n1
CHEMBL1928882,Cc1cc(-c2ccc3c(c2)NC(=O)CO3)n(-c2ccc(F)cc2)n1
CHEMBL1929036,Cc1ccccc1-n1nc(C(F)(F)F)cc1-c1ccc2c(c1)NC(=O)CO2
CHEMBL1929039,Cc1cc(F)ccc1-n1nc(C(F)(F)F)cc1-c1ccc2c(c1)NC(=O)CO2
CHEMBL1929040,Cc1cc(F)ccc1-n1nc(C(F)(F)F)cc1-c1cc(F)c2c(c1)NC(=O)CO2
CHEMBL1929041,Cc1cc(F)ccc1-n1nc(C(F)(F)F)cc1-c1cc(Cl)c2c(c1)NC(=O)CO2
CHEMBL1929042,Cc1cc(F)ccc1-n1nc(C(F)(F)F)cc1-c1cc(C)c2c(c1)NC(=O)CO2
CHEMBL1933081,CCOC(=O)c1c(-c2ccc([N+](=O)[O-])cc2)c(C)n(CCc2ccccc2)c1C
CHEMBL1934427,CCOC(=O)c1c(C)[nH]c(C)c1-c1ccc([N+](=O)[O-])cc1
CHEMBL1934428,CCOC(=O)c1c(-c2ccc([N+](=O)[O-])cc2)c(C)n(C)c1C
CHEMBL1934429,CCOC(=O)c1c(-c2ccc([N+](=O)[O-])cc2)c(C)n(-c2ccccc2)c1C
CHEMBL1934430,CCOC(=O)c1c(-c2ccc([N+](=O)[O-])cc2)c(C)n(Cc2ccccc2)c1C
CHEMBL1934431,CCOC(=O)c1c(-c2ccc([N+](=O)[O-])cc2)c(C)n(CC2CCCCC2)c1C
CHEMBL1934432,CCOC(=O)c1c(-c2ccc([N+](=O)[O-])cc2)c(C)n(C(=O)c2ccccc2)c1C
CHEMBL1934433,CCOC(=O)c1c(-c2ccc([N+](=O)[O-])cc2)c(C)n(S(=O)(=O)c2ccccc2)c1C
CHEMBL1934434,COC(=O)c1c(-c2ccc([N+](=O)[O-])cc2)c(C)n(Cc2ccccc2)c1C
CHEMBL1934435,Cc1c(C(=O)O)c(-c2ccc([N+](=O)[O-])cc2)c(C)n1Cc1ccccc1
CHEMBL1934436,Cc1c(CO)c(-c2ccc([N+](=O)[O-])cc2)c(C)n1Cc1ccccc1
CHEMBL1934437,CC(=O)c1c(-c2ccc([N+](=O)[O-])cc2)c(C)n(Cc2ccccc2)c1C
CHEMBL1934438,Cc1cc(-c2ccc([N+](=O)[O-])cc2)c(C)n1Cc1ccccc1
CHEMBL1934439,COC(=O)c1c(-c2ccccc2)c(C)n(Cc2ccccc2)c1C
CHEMBL1934440,COC(=O)c1c(-c2ccc(C#N)cc2)c(C)n(Cc2ccccc2)c1C
CHEMBL1934441,COC(=O)c1c(-c2ccc(C#N)c(C(F)(F)F)c2)c(C)n(Cc2ccccc2)c1C
CHEMBL1934442,Cc1c(C#N)c(-c2ccc(C#N)cc2)c(C)n1Cc1ccccc1
CHEMBL1934443,Cc1c(C#N)c(-c2ccc(C#N)cc2)c(C)n1Cc1cccnc1
CHEMBL1934444,Cc1c(C#N)c(-c2ccc(C#N)cc2)c(C)n1Cc1ccc(Cl)nc1
CHEMBL1934445,Cc1c(C#N)c(-c2ccc(C#N)cc2)c(C)n1Cc1cncc(CO)c1
CHEMBL1934446,Cc1c(C#N)c(-c2ccc(C#N)cc2)c(C)n1Cc1cnc(Cl)c(CO)c1
CHEMBL1934447,Cc1c(-c2ccc(C#N)cc2)c(C#N)cn1Cc1cnc(Cl)c(CO)c1
CHEMBL1934448,Cc1c(C#N)c(-c2ccc(C#N)cc2)cn1Cc1cnc(Cl)c(CO)c1
CHEMBL1946622,CC1(C)CNC(=O)[C@@H]1Oc1ccc(C#N)c(C(F)(F)F)c1
CHEMBL1946805,CC(=O)CN1CC(C)(C)[C@@H](Oc2ccc(C#N)c(C(F)(F)F)c2)C1=O
CHEMBL1946806,Cc1nnc(CN2CC(C)(C)[C@@H](Oc3ccc(C#N)c(C(F)(F)F)c3)C2=O)o1
CHEMBL1946807,CC(c1nnc(-c2cccc(F)c2)o1)N1CC(C)(C)C(Oc2ccc(C#N)c(C(F)(F)F)c2)C1=O
CHEMBL1946809,CC1(C)CN(Cc2nnc(-c3ccccc3)o2)C(=O)[C@@H]1Oc1ccc(C#N)c(C(F)(F)F)c1
CHEMBL1946811,CC1(C)CN(CCC#N)C(=O)[C@@H]1Oc1ccc(C#N)c(C(F)(F)F)c1
CHEMBL1946812,CC1(C)CN(CCO)C(=O)[C@@H]1Oc1ccc(C#N)c(C(F)(F)F)c1
CHEMBL1947177,CC(CO)N1CC(C)(C)[C@@H](Oc2ccc(C#N)c(C(F)(F)F)c2)C1=O
CHEMBL1947178,CC1(C)CN(C(C)(C)CO)C(=O)[C@@H]1Oc1ccc(C#N)c(C(F)(F)F)c1
CHEMBL1947179,CC(O)CN1CC(C)(C)[C@@H](Oc2ccc(C#N)c(C(F)(F)F)c2)C1=O
CHEMBL1947183,CC(CO)CN1CC(C)(C)[C@@H](Oc2ccc(C#N)c(C(F)(F)F)c2)C1=O
CHEMBL1947185,CC1(C)CN(CCC#N)C(=O)[C@@H]1Oc1ccc(C#N)c(Cl)c1
CHEMBL195033,O=C1CC(c2ccccc2)Oc2ccc(O)cc21
CHEMBL1957607,Cc1nn(-c2ccc(C#N)c(Cl)c2)c(C)c1Cc1ccc(C(=O)NC(C)(C)C)cc1
CHEMBL1957608,Cc1nn(-c2ccc(C#N)c(Cl)c2)c(C)c1Cc1ccc(C(=O)NCC(C)(C)O)cc1
CHEMBL1957609,Cc1nn(-c2ccc(C#N)c(Cl)c2)c(C)c1Cc1ccc(C(=O)N2CCOCC2)cc1
CHEMBL1957610,Cc1nn(-c2ccc(C#N)c(Cl)c2)c(C)c1Oc1ccc(C(=O)NCC(C)(C)O)cc1
CHEMBL1957611,Cc1nn(-c2ccc(C#N)cc2)c(C)c1Cc1ccc(F)cc1
CHEMBL1957612,Cc1nn(-c2ccc(C#N)c(Cl)c2)c(C)c1Cc1ccc(F)cc1
CHEMBL1957613,Cc1nn(-c2ccc(C#N)c(C(F)(F)F)c2)c(C)c1Cc1ccc(F)cc1
CHEMBL1957614,Cc1nn(-c2ccc(C#N)cc2Cl)c(C)c1Cc1ccc(F)cc1
CHEMBL1957615,Cc1nn(-c2ccc(C#N)c(Cl)c2)c(C)c1Oc1ccc(F)cc1
CHEMBL1957616,Cc1nn(-c2ccc(C#N)c(Cl)c2)c(C)c1-c1ccc(F)cc1
CHEMBL1957617,Cc1nn(-c2ccc(C#N)c(Cl)c2)c(C)c1CCc1ccc(F)cc1
CHEMBL1957618,Cc1nn(-c2ccc(C#N)c(Cl)c2)c(C)c1C(O)c1ccc(F)cc1
CHEMBL1957619,Cc1nn(-c2ccc(C#N)c(Cl)c2)c(C)c1Cc1ccccc1C(N)=O
CHEMBL1957620,Cc1nn(-c2ccc(C#N)c(Cl)c2)c(C)c1Cc1cccc(C(N)=O)c1
CHEMBL1957621,Cc1nn(-c2ccc(C#N)c(Cl)c2)c(C)c1Cc1ccc(C(N)=O)cc1
CHEMBL1957622,CNC(=O)c1ccc(Cc2c(C)nn(-c3ccc(C#N)c(Cl)c3)c2C)cc1
CHEMBL1957721,Cc1nn(-c2ccc(C#N)c(Cl)c2)c(C)c1Cc1ccc(C(=O)N(C)C)cc1
CHEMBL1957722,Cc1nn(-c2ccc(C#N)c(Cl)c2)c(C)c1Cc1ccc(C(=O)NCCO)cc1
CHEMBL1957723,Cc1nn(-c2ccc(C#N)c(Cl)c2)c(C)c1Oc1ccc(C(=O)N2CCOCC2)cc1
CHEMBL1957724,CC(=O)Nc1ccc(Oc2c(C)nn(-c3ccc(C#N)c(Cl)c3)c2C)nc1
CHEMBL1957725,Cc1nn(-c2ccc(C#N)c(Cl)c2)c(C)c1Oc1ccc(NC(=O)C(C)(C)C)cn1
CHEMBL1957726,CC(=O)Nc1ccc(Oc2c(C)nn(-c3ccc(C#N)c(Cl)c3)c2C)cn1
CHEMBL196374,Cc1noc(=O)c2ccc(NC(=O)C(O)(CC(C)(C)c3cc(F)ccc3O)C(F)(F)F)cc12
CHEMBL197548,CCC(CC)(c1ccc(NCCC(C)(C)O)c(C)c1)c1ccc(OCC(=O)C(C)(C)C)c(C)c1
CHEMBL197589,CCC(CC)(c1ccc(OCC(O)CO)c(C)c1)c1ccc(OCC(O)C(C)(C)C)c(C)c1
CHEMBL197595,C[C@@H]1CN(c2ccc(C#N)c(C(F)(F)F)c2)[C@@H](C)CN1C(=O)Nc1ccc(C(F)(F)F)nc1
CHEMBL197648,COc1ccncc1NC(=O)N1C[C@H](C)N(c2ccc(C#N)c(C(F)(F)F)c2)C[C@H]1C
CHEMBL1977891,COc1ccc2c(c1)OC(c1ccccc1O)CC2=O
CHEMBL197946,CCC(CC)(c1ccc(OCC(=O)C(C)(C)C)c(C)c1)c1ccc(OCC(=O)C(C)(C)C)c(C)c1
CHEMBL198037,CCC(CC)(c1ccc(NCCC(C)(C)O)c(C)c1)c1ccc(NCCC(C)(C)O)c(C)c1
CHEMBL1981815,O=C(/C=C/c1ccc(O)cc1)c1cc(Cl)ccc1O
CHEMBL199238,CCC(CC)(c1ccc(NCC(O)CO)c(C)c1)c1ccc(OCC(=O)C(C)(C)C)c(C)c1
CHEMBL199284,Cc1ncccc1NC(=O)N1C[C@H](C)N(c2ccc(C#N)c(C(F)(F)F)c2)C[C@H]1C
CHEMBL199899,C[C@@H]1CN(c2ccc(C#N)c(C(F)(F)F)c2)[C@@H](C)CN1C(=O)Nc1ccncc1
CHEMBL200973,C[C@@H]1CN(c2ccc(C#N)c(C(F)(F)F)c2)[C@@H](C)CN1C(=O)Nc1ccc(C#N)nc1
CHEMBL201069,CSc1ccc(NC(=O)N2C[C@H](C)N(c3ccc(C#N)c(C(F)(F)F)c3)C[C@H]2C)cn1
CHEMBL201077,COc1ncccc1NC(=O)N1C[C@H](C)N(c2ccc(C#N)c(C(F)(F)F)c2)C[C@H]1C
CHEMBL201126,C[C@@H]1CN(c2ccc(C#N)c(C(F)(F)F)c2)[C@@H](C)CN1C(=O)Nc1ccc[n+]([O-])c1
CHEMBL2011362,N#Cc1ccc(-n2c(=O)n(Cc3ccccc3)c3ccccc32)cc1C(F)(F)F
CHEMBL2011367,CC(C)n1c(=O)n(-c2ccc(C#N)c(C(F)(F)F)c2)c2ccccc21
CHEMBL2011369,CCn1c(=O)n(-c2ccc(C#N)c(C(F)(F)F)c2)c2ccccc21
CHEMBL2011371,N#Cc1ccc(-n2c(=O)n(Cc3ccccc3)c3cccnc32)cc1C(F)(F)F
CHEMBL2011372,N#Cc1ccc(-n2c(=O)n(Cc3ccccc3)c3ncccc32)cc1C(F)(F)F
CHEMBL2011373,N#Cc1ccc(-n2c(=O)n(Cc3ccccn3)c3ccccc32)cc1C(F)(F)F
CHEMBL2011374,N#Cc1ccc(-n2c(=O)n(Cc3cccnc3)c3ccccc32)cc1C(F)(F)F
CHEMBL2011376,CC(c1ccccc1)n1c(=O)n(-c2ccc(C#N)c(C(F)(F)F)c2)c2ccccc21
CHEMBL2011377,N#Cc1ccc(-n2c(=O)n(Cc3nc(-c4ccccn4)no3)c3ccccc32)cc1Cl
CHEMBL2011378,CC(c1nc(-c2ccccn2)no1)n1c(=O)n(-c2ccc(C#N)c(Cl)c2)c2ccccc21
CHEMBL2011379,CNC(=O)c1ccc(-c2ccc3c(c2)C(C)(C)C(=O)N3c2ccc(C#N)c(C(F)(F)F)c2)cc1F
CHEMBL2011380,CNC(=O)c1ccc(-c2ccc3c(c2)C(C)(C)C(=O)N3c2ccc(C#N)c(OC)c2)cc1F
CHEMBL2011381,COc1cc(N2C(=O)C(C)(C)c3cc(-c4cccnc4OC)ccc32)ccc1C#N
CHEMBL201167,C[C@@H]1CN(c2ccc(C#N)c(C(F)(F)F)c2)[C@@H](C)CN1C(=O)Nc1ccccn1
CHEMBL201242,Cc1ccc(NC(=O)N2C[C@H](C)N(c3ccc(C#N)c(C(F)(F)F)c3)C[C@H]2C)cn1
CHEMBL201327,COC(=O)c1ccc(NC(=O)N2C[C@H](C)N(c3ccc(C#N)c(C(F)(F)F)c3)C[C@H]2C)cn1
CHEMBL201364,C[C@]12CCC3C(CC=C4C[C@@H](O)CC[C@@]43CC=O)C1CC[C@@H]2O
CHEMBL201517,CCC[C@]12CC[C@H](O)CC1=CCC1C2CC[C@@]2(C)C1CC[C@@H]2O
CHEMBL201569,C[C@]12CCC3C(CC=C4C[C@@H](O)CC[C@@]43/C=C\Cl)C1CC[C@@H]2O
CHEMBL201757,Cc1ccncc1NC(=O)N1C[C@H](C)N(c2ccc(C#N)c(C(F)(F)F)c2)C[C@H]1C
CHEMBL201809,CC#C[C@]12CC[C@H](O)CC1=CCC1C2CC[C@@]2(C)C1CC[C@@H]2O
CHEMBL202007,C[C@]12CCC3C(CC=C4C[C@@H](O)CC[C@@]43/C=C\F)C1CC[C@@H]2O
CHEMBL2023820,O=C(O)c1cccc(Nc2ccc([N+](=O)[O-])c3ccccc23)c1
CHEMBL202400,C[C@]12CCC3C(CC=C4C[C@@H](O)CC[C@@]43/C=C/F)C1CC[C@@H]2O
CHEMBL202415,C/C=C/[C@]12CC[C@H](O)CC1=CCC1C2CC[C@@]2(C)C1CC[C@@H]2O
CHEMBL202660,CC1CN(c2ccc(C#N)c(C(F)(F)F)c2)C(C)CN1C(=O)Nc1ccc(C(F)(F)F)nc1
CHEMBL202710,C[C@@H]1CN(c2ccc(C#N)c(C(F)(F)F)c2)[C@@H](C)CN1C(=O)Nc1ccc(Cl)nc1
CHEMBL202990,C[C@@H]1CN(c2ccc(C#N)c(C(F)(F)F)c2)[C@@H](C)CN1C(=O)Nc1ccc(F)cc1F
CHEMBL2030817,O=C(/C=C/c1ccccc1)c1cc(Cl)ccc1O
CHEMBL203085,C[C@@H]1CN(c2ccc(C#N)c(C(F)(F)F)c2)[C@@H](C)CN1C(=O)Nc1ccncn1
CHEMBL203423,C[C@@H]1CN(c2ccc(C#N)c(C(F)(F)F)c2)[C@@H](C)CN1C(=O)Nc1cncnc1
CHEMBL203561,C#CC[C@]12CC[C@H](O)CC1=CCC1C2CC[C@@]2(C)C1CC[C@@H]2O
CHEMBL203748,C=C[C@]12CCC(=O)C=C1CCC1C2CC[C@@]2(C)C1CC[C@@H]2O
CHEMBL204317,C[C@]12CCC3C(CC=C4C[C@@H](O)CC[C@@]43/C=C/Br)C1CC[C@@H]2O
CHEMBL204389,CO/C=C/[C@]12CC[C@H](O)CC1=CCC1C2CC[C@@]2(C)C1CC[C@@H]2O
CHEMBL204642,C=C[C@]12CC[C@H](O)CC1=CCC1C2CC[C@@]2(C)C1CC[C@]2(C)O
CHEMBL2052002,CC[C@H]1CNc2cc3oc(=O)cc(C(F)(F)F)c3cc2[C@@H]1CC
CHEMBL2086964,COc1cc(/C=N/NC(=O)c2cc3c(ccc4ccccc43)o2)cc(OC)c1O
CHEMBL2086965,O=C(N/N=C/c1cc(Br)ccc1O)c1cc2ccccc2cc1O
CHEMBL2086966,O=C(N/N=C/c1cc2ccccc2cc1O)c1cc2ccccc2cc1O
CHEMBL2086967,CCCOc1ccc(/C=N/NC(=O)c2cc3c(ccc4ccccc43)o2)cc1
CHEMBL2096708,C#C[C@]1(O)CC[C@H]2[C@@H]3CCC4=CC(=O)CCC4=C3[C@@H](c3ccc(N(C)CCOCCO[C@H]4CC[C@@]5(C)[C@@H](C4)C[C@@H](O)[C@@H]4[C@@H]5C[C@H](O)[C@]5(C)[C@@H]([C@H](C)CCC(=O)O)CC[C@@H]45)cc3)C[C@@]21C
CHEMBL2096804,C#C[C@]1(O)CC[C@H]2[C@@H]3CCC4=CC(=O)CCC4=C3[C@@H](c3ccc(N(C)CCOCCO[C@@H]4CC[C@@]5(C)[C@@H](C4)C[C@@H](O)[C@@H]4[C@@H]5C[C@H](O)[C@]5(C)[C@@H]([C@H](C)CCC(=O)O)CC[C@@H]45)cc3)C[C@@]21C
CHEMBL2096842,O=C1[C@H]2C[C@H](O)CN2C(=O)N1c1ccc([N+](=O)[O-])c2ccccc12
CHEMBL2105738,C[C@]12CC[C@H](O)CC1=CC[C@@H]1[C@@H]2CC[C@]2(C)C(n3cnc4ccccc43)=CC[C@@H]12
CHEMBL2112216,CC[C@H]1C[C@@H](C)Nc2cc3oc(=O)cc(C(F)(F)F)c3cc21
CHEMBL2112311,CC[C@H]1c2cc3c(C(F)(F)F)cc(=O)oc3cc2NC[C@H]1C
CHEMBL2112312,CC[C@@H]1c2cc3c(C(F)(F)F)cc(=O)oc3cc2NC[C@H]1C
CHEMBL2112349,CC(C)(O)C(=O)Nc1ccc([N+](=O)[O-])c(C(F)(F)F)c1O
CHEMBL2112885,COc1cccc2c1C(=O)c1c(O)c3c(c(O)c1C2=O)C[C@@](O)(C(=O)CO)C[C@@H]3OC1C[C@H](NCNC(=O)c2cc(COCC#CCN3C(=O)N(c4ccc(C#N)c(C(F)(F)F)c4)C(=O)C3(C)C)ccc2O)[C@H](O)[C@H](C)O1
CHEMBL2113032,CC1(C)C(=O)N(c2ccc(C#N)c(C(F)(F)F)c2)C(=O)N1OCCOCCOCCCc1ccc(O)c(C(N)=O)c1
CHEMBL2113034,CC1(C)C(=O)N(c2ccc(C#N)c(C(F)(F)F)c2)C(=O)N1OCCOCCCc1ccc(O)c(C(N)=O)c1
CHEMBL2113036,CC1(C)C(=O)N(c2ccc(C#N)c(C(F)(F)F)c2)C(=O)N1OCC#CCCc1ccc(O)c(C(N)=O)c1
CHEMBL2113247,C[C@@H]1CNc2cc3nc(O)cc(C(F)(F)F)c3cc2[C@@H]1CCC(F)(F)F
CHEMBL2113248,CC(C)C[C@H]1c2cc3c(C(F)(F)F)cc(O)nc3cc2NC[C@@H]1C
CHEMBL2113261,CC[C@H]1c2cc3c(C(F)(F)F)cc(O)nc3cc2NC[C@H]1C
CHEMBL2113293,C[C@@H]1CC[C@H]([C@H](O)C(F)(F)F)N1c1ccc2[nH]c(=O)cc(C(F)(F)F)c2c1
CHEMBL2113712,C=C1C=C(C)CC(C)(C)C1(O)Cc1ccc([N+](=O)[O-])cc1
CHEMBL2159539,N#Cc1ccc(C2=NOC3CCCCCC23)c(C(F)(F)F)c1
CHEMBL2159540,O=[N+]([O-])c1ccc(C2=NOC3CCCCCC23)cc1C(F)(F)F
CHEMBL2159541,O=[N+]([O-])c1ccc(C2=NO[C@@H]3CCCCC[C@H]23)c(C(F)(F)F)c1
CHEMBL2159542,O=[N+]([O-])c1ccc(C2=NO[C@H]3CCCCC[C@@H]23)c(C(F)(F)F)c1
CHEMBL2159543,Fc1ccc(C2=NOC3CCCCCC23)cc1C(F)(F)F
CHEMBL2159544,Fc1ccc(C2=NOC3CCCCCC23)c(C(F)(F)F)c1
CHEMBL2159545,N#Cc1ccc(C2=NOC3CCCCCCC23)cc1C(F)(F)F
CHEMBL2159546,N#Cc1ccc(C2=NOC3CCCCCCC23)c(C(F)(F)F)c1
CHEMBL2159547,O=[N+]([O-])c1ccc(C2=NOC3CCCCCCC23)cc1C(F)(F)F
CHEMBL2159548,O=[N+]([O-])c1ccc(C2=NOC3CCCCCCC23)c(C(F)(F)F)c1
CHEMBL2159549,Fc1ccc(C2=NOC3CCCCCCC23)cc1C(F)(F)F
CHEMBL2159550,Fc1ccc(C2=NOC3CCCCCCC23)c(C(F)(F)F)c1
CHEMBL2159561,N#Cc1ccc(C2=NOC3CCCCCC23)cc1C(F)(F)F
CHEMBL2159562,O=[N+]([O-])c1ccc(C2=NO[C@@H]3CCC[C@H]23)cc1C(F)(F)F
CHEMBL2159563,O=[N+]([O-])c1ccc(C2=NOC3CCCC23)c(C(F)(F)F)c1
CHEMBL2159564,Fc1ccc(C2=NOC3CCCC23)cc1C(F)(F)F
CHEMBL2159565,Fc1ccc(C2=NOC3CCCC23)c(C(F)(F)F)c1
CHEMBL2159566,N#Cc1ccc(C2=NOC3CCCCC23)cc1C(F)(F)F
CHEMBL2159567,N#Cc1ccc(C2=NOC3CCCCC23)c(C(F)(F)F)c1
CHEMBL2159568,N#Cc1cccc(C2=NOC3CCCCC23)c1C(F)(F)F
CHEMBL2159569,O=[N+]([O-])c1ccc(C2=NOC3CCCCC23)cc1C(F)(F)F
CHEMBL2159570,O=[N+]([O-])c1ccc(C2=NO[C@@H]3CCCC[C@H]23)c(C(F)(F)F)c1
CHEMBL2159571,O=[N+]([O-])c1ccc(C2=NO[C@H]3CCCC[C@@H]23)c(C(F)(F)F)c1
CHEMBL2159572,Fc1ccc(C2=NOC3CCCCC23)cc1C(F)(F)F
CHEMBL2159573,Fc1ccc(C2=NOC3CCCCC23)c(C(F)(F)F)c1
CHEMBL2159729,N#Cc1ccc(C2=NO[C@H]3CCC[C@@H]23)cc1C(F)(F)F
CHEMBL2159730,N#Cc1ccc(C2=NO[C@@H]3CCC[C@H]23)cc1C(F)(F)F
CHEMBL2159731,N#Cc1ccc(C2=NOC3CCCC23)c(C(F)(F)F)c1
CHEMBL2159732,O=[N+]([O-])c1ccc(C2=NO[C@H]3CCC[C@@H]23)cc1C(F)(F)F
CHEMBL216272,Cc1noc(=O)c2ccc(NC(=O)C(O)(CC(C)(C)c3cccc4c3OCC4)C(F)(F)F)cc12
CHEMBL216949,CCCCN(CCCC)c1ccc2nc(O)cc(C(F)(F)F)c2c1
CHEMBL217168,CN(C)c1ccc2nc(O)cc(C(F)(F)F)c2c1
CHEMBL217324,Oc1cc(C(F)(F)F)c2cc(N(CC3CC3)CC3CC3)ccc2n1
CHEMBL217402,CCN(c1ccc2nc(O)cc(C(F)(F)F)c2c1)C(C)C
CHEMBL217428,CC(C)Nc1ccc2nc(O)cc(C(F)(F)F)c2c1
CHEMBL2177238,CN1C(=O)N(c2ccc(C#N)c(C(F)(F)F)c2)C(=O)[C@@]1(C)c1ccc(O)cc1
CHEMBL217769,CCN(CC(F)(F)F)c1ccc2nc(O)cc(C(F)(F)F)c2c1
CHEMBL2181925,O=c1[nH]c2cc(/C=C3\c4ccccc4COc4cc(F)ccc43)ccc2n1[C@H]1C[C@H]2COCCN2C1
CHEMBL2181926,CCOC(=O)C1=C(C)NC(C)=C(C(C)=O)[C@H]1c1cccc2c(=O)cc(C)oc12
CHEMBL2181927,CCOc1ncc(C)c2c1[C@H](c1ccc(C#N)cc1OC)C(C(N)=O)=C(C)N2
CHEMBL2181928,C[C@@H]1CN(c2ccc3c(n2)NC(=O)CO3)[C@H](c2ccccc2)CO1
CHEMBL2181929,CC1(C)Oc2cc(NS(C)(=O)=O)ccc2N(c2ccc(F)cc2)C1=O
CHEMBL218490,CCN[C@H]1C[C@H](C)S(=O)(=O)c2sc(S(N)(=O)=O)cc21
CHEMBL218809,N#Cc1ccc(N2C(=O)[C@H]3[C@@H]4CC[C@@H](C4)N3C2=O)c2ccccc12
CHEMBL218914,N#Cc1ccc(N2C(=O)C3C(O)CCN3C2=O)c2ccccc12
CHEMBL219198,O=C1[C@H]2C[C@@H](O)CN2C(=O)N1c1ccc([N+](=O)[O-])c2ccccc12
CHEMBL220359,O=C1[C@@H]2[C@H](O)CCN2C(=O)N1c1ccc([N+](=O)[O-])c2ccccc12
CHEMBL2203836,CCS(=O)(=O)Nc1cc(F)c(-c2ccc(C#N)n2C)c(F)c1
CHEMBL221174,CC(O)(COC(=O)c1ccccc1C(F)(F)F)c1cc2cc([N+](=O)[O-])c(C(F)(F)F)cc2[nH]1
CHEMBL223355,CN(Cc1ccccc1)C(=O)CCCCCCCC1C[C@H]2CC(=O)CC[C@]2(C)[C@H]2CC[C@]3(C)[C@@H](O)CC[C@H]3[C@H]12
CHEMBL223813,CCCCN(C)C(=O)CCCCCCC[C@@H]1CC2CC(=O)CC[C@]2(C)[C@H]2CC[C@]3(C)[C@@H](O)CC[C@H]3[C@H]12
CHEMBL224015,C[C@]12CC[C@H]3[C@@H]([C@H](CCCCCCCCC[S+]([O-])CCCC(F)(F)C(F)(F)F)CC4CC(=O)CC[C@@]43C)[C@@H]1CC[C@@H]2O
CHEMBL224047,CCCCCCNC(=O)CCCCCCCC1C[C@H]2CC(=O)CC[C@]2(C)[C@H]2CC[C@]3(C)[C@@H](O)CC[C@H]3[C@H]12
CHEMBL224204,CCN1CCOc2cc3[nH]c(=O)cc(C(F)(F)F)c3cc21
CHEMBL224207,CCC1COc2cc3[nH]c(=O)cc(C(F)(F)F)c3cc2N1CC
CHEMBL224216,CCCCCCN(CCCCCC)C(=O)CCCCCCCC1C[C@H]2CC(=O)CC[C@]2(C)[C@H]2CC[C@]3(C)[C@@H](O)CC[C@H]3[C@H]12
CHEMBL224263,C[C@@H]1COc2cc3[nH]c(=O)cc(C(F)(F)F)c3cc2N1CC(F)(F)F
CHEMBL224278,C[C@]12CC[C@H]3[C@@H]([C@H](CCCCCCCCCCCCC[S+]([O-])CCCC(F)(F)C(F)(F)F)CC4CC(=O)CC[C@@]43C)[C@@H]1CC[C@@H]2O
CHEMBL224352,CCN(CC)C(=O)CCCCCCCC1C[C@H]2CC(=O)CC[C@]2(C)[C@H]2CC[C@]3(C)[C@@H](O)CC[C@H]3[C@H]12
CHEMBL224414,CC(C)N(C)C(=O)CCCCCCCC1C[C@H]2CC(=O)CC[C@]2(C)[C@H]2CC[C@]3(C)[C@@H](O)CC[C@H]3[C@H]12
CHEMBL224654,C[C@]12CCC(=O)C[C@@H]1CC(CCCCCCCC(=O)N1CCOCC1)[C@@H]1[C@@H]2CC[C@]2(C)[C@@H](O)CC[C@@H]12
CHEMBL224707,C[C@]12CCC(=O)C[C@@H]1CC(CCCCCCCC(=O)N1CCCCC1)[C@@H]1[C@@H]2CC[C@]2(C)[C@@H](O)CC[C@@H]12
CHEMBL224733,C[C@]12CCC(=O)C[C@@H]1CC(CCCCCCCC(N)=O)[C@@H]1[C@@H]2CC[C@]2(C)[C@@H](O)CC[C@@H]12
CHEMBL224734,CCCNC(=O)CCCCCCCC1C[C@H]2CC(=O)CC[C@]2(C)[C@H]2CC[C@]3(C)[C@@H](O)CC[C@H]3[C@H]12
CHEMBL224736,C[C@]12CC[C@H]3[C@@H]([C@H](CCCCC[S+]([O-])CCCC(F)(F)C(F)(F)F)CC4CC(=O)CC[C@@]43C)[C@@H]1CC[C@@H]2O
CHEMBL224770,CCCCN(C)C(=O)CCCCCCCC1C[C@H]2CC(=O)CC[C@]2(C)[C@H]2CC[C@]3(C)[C@@H](O)CC[C@H]3[C@H]12
CHEMBL224779,CCCCN(C)C(=O)CCCCCCCCC[C@@H]1CC2CC(=O)CC[C@]2(C)[C@H]2CC[C@]3(C)[C@@H](O)CC[C@H]3[C@H]12
CHEMBL225147,CN(C)C(=O)CCCCCCC1C[C@H]2CC(=O)CC[C@]2(C)[C@H]2CC[C@]3(C)[C@@H](O)CC[C@H]3[C@H]12
CHEMBL226558,CC[C@@H]1COc2cc3[nH]c(=O)cc(C(F)(F)F)c3cc2N1CC(F)(F)F
CHEMBL226559,CC(C)[C@@H]1COc2cc3[nH]c(=O)cc(C(F)(F)F)c3cc2N1CC(F)(F)F
CHEMBL226609,O=c1cc(C(F)(F)F)c2cc3c(cc2[nH]1)OCC1CCCCN31
CHEMBL227030,CN1CCOc2cc3[nH]c(=O)cc(C(F)(F)F)c3cc21
CHEMBL227033,CC1COc2cc3[nH]c(=O)cc(C(F)(F)F)c3cc2N1
CHEMBL227088,C[C@H]1COc2cc3[nH]c(=O)cc(C(F)(F)F)c3cc2N1CC(F)(F)F
CHEMBL227305,CCN1c2cc3c(C(F)(F)F)cc(=O)[nH]c3cc2OCC1C
CHEMBL227394,CC1COc2cc3[nH]c(=O)cc(C(F)(F)F)c3cc2N1CC1CC1
CHEMBL227408,CC1CN(CC(F)(F)F)c2cc3c(C(F)(F)F)cc(=O)[nH]c3cc2O1
CHEMBL227440,CC1COc2cc3[nH]c(=O)cc(C(F)(F)F)c3cc2N1CC(F)(F)F
CHEMBL227463,CCC1CN(C)c2cc3c(C(F)(F)F)cc(=O)[nH]c3cc2O1
CHEMBL227590,CCCN1CCOc2cc3[nH]c(=O)cc(C(F)(F)F)c3cc21
CHEMBL227645,CC(C)CN1CCOc2cc3[nH]c(=O)cc(C(F)(F)F)c3cc21
CHEMBL227695,CC(C)C[C@@H]1COc2cc3[nH]c(=O)cc(C(F)(F)F)c3cc2N1CC(F)(F)F
CHEMBL227749,O=c1cc(C(F)(F)F)c2cc3c(cc2[nH]1)OC[C@H]1CCCN31
CHEMBL227783,O=c1cc(C(F)(F)F)c2cc3c(cc2[nH]1)OCCN3CC(F)(F)F
CHEMBL227784,O=c1cc(C(F)(F)F)c2cc3c(cc2[nH]1)OCCN3CC1CC1
CHEMBL229159,Cc1c(N2C(=O)N3CC[C@@H](O)[C@H]3[C@@H]2C)ccc(C#N)c1Cl
CHEMBL229160,CC[C@H]1[C@@H]2[C@H](O)CCN2C(=O)N1c1ccc(C#N)c(Cl)c1C
CHEMBL229210,Cc1c(N2C(=O)N3CC[C@@H](O)[C@H]3[C@@H]2C(F)(F)F)ccc(C#N)c1Cl
CHEMBL229211,Cc1c(N2C(=O)N3CC[C@@H](O)[C@H]3[C@H]2C(F)(F)F)ccc(C#N)c1Cl
CHEMBL229264,Cc1c(N2C(=O)[C@@H]3[C@H](O)CCN3C2=O)ccc(C#N)c1Cl
CHEMBL2297673,O=C(/C=C/c1ccccc1O)c1cc(Cl)ccc1O
CHEMBL2297680,COc1ccc(/C=C/C(=O)c2cc(Cl)ccc2O)cc1OC
CHEMBL229808,Cc1c(N2C[C@@H]3[C@H](O)CCN3C2=O)ccc(C#N)c1Cl
CHEMBL229860,Cc1c(N2C(=O)N3CC[C@H](O)[C@H]3[C@@H]2C)ccc(C#N)c1Cl
CHEMBL229861,CC[C@H]1[C@@H]2[C@@H](O)CCN2C(=O)N1c1ccc(C#N)c(Cl)c1C
CHEMBL229862,Cc1c(N2C(=O)N3CC[C@H](O)[C@H]3[C@H]2C)ccc(C#N)c1Cl
CHEMBL229916,CC[C@@H]1[C@@H]2[C@@H](O)CCN2C(=O)N1c1ccc(C#N)c(Cl)c1C
CHEMBL230052,N#Cc1ccc(N2C(=O)[C@@H]3[C@H](O)CCN3C2=O)cc1Cl
CHEMBL230053,N#Cc1ccc(N2C(=O)[C@@H]3[C@H](O)CCN3C2=O)cc1-c1ccccc1
CHEMBL230694,Cc1c(N2C(=O)[C@@H]3[C@H](O)CCN3C2=O)ccc(C#N)c1C(F)(F)F
CHEMBL230695,COc1c(C#N)ccc(N2C(=O)[C@@H]3[C@H](O)CCN3C2=O)c1C
CHEMBL231014,Cc1c(N2C(=O)[C@@H]3[C@H](O)CCN3C2=O)ccc(C#N)c1C#N
CHEMBL231015,N#Cc1ccc(N2C(=O)[C@@H]3[C@H](O)CCN3C2=O)c(F)c1F
CHEMBL2311179,C[C@]12CCC3=C4CCC(=O)C=C4CC[C@H]3[C@@H]1CC[C@@H]2O
CHEMBL231122,Cc1c(C#N)ccc(N2C(=O)[C@@H]3[C@H](O)CCN3C2=O)c1Cl
CHEMBL231327,COc1c(N2C(=O)[C@@H]3[C@H](O)CCN3C2=O)ccc(C#N)c1C(F)(F)F
CHEMBL231328,CCc1cc(C#N)ccc1N1C(=O)[C@@H]2[C@H](O)CCN2C1=O
CHEMBL2316535,c1ccc(CCCSc2nc3ccccc3[nH]2)cc1
CHEMBL2316536,c1ccc(NCCSc2nc3ccccc3[nH]2)cc1
CHEMBL2316537,c1ccc(OCCCSc2nc3ccccc3[nH]2)cc1
CHEMBL2316538,c1ccc(CCSc2nc3ccccc3[nH]2)cc1
CHEMBL2316539,Cc1ccccc1OCCSc1nc2ccccc2[nH]1
CHEMBL2316540,Cc1cccc(OCCSc2nc3ccccc3[nH]2)c1
CHEMBL2316541,Cc1ccc(OCCSc2nc3ccccc3[nH]2)cc1
CHEMBL2316542,Cc1cccc(C)c1OCCSc1nc2ccccc2[nH]1
CHEMBL2316543,Clc1cccc(OCCSc2nc3ccccc3[nH]2)c1
CHEMBL2316544,Clc1ccc(OCCSc2nc3ccccc3[nH]2)cc1
CHEMBL2316545,NS(=O)(=O)c1ccc(OCCSc2nc3ccccc3[nH]2)cc1
CHEMBL2316546,c1ccc(OCCSc2cc3ccccc3[nH]2)cc1
CHEMBL2316547,NS(=O)(=O)c1cccc2cc(SCCOc3ccccc3)[nH]c12
CHEMBL2316548,CCN(CC)C(=O)Cn1c(SCCOc2cccc(C)c2)nc2ccccc21
CHEMBL2316549,Cc1cc(C)cc(OCCSc2nc3ccccc3n2CC(=O)O)c1
CHEMBL2316550,Cc1ccc(C)c(OCCSc2nc3ccccc3n2CC(=O)O)c1
CHEMBL2316551,CC(C)(C)c1cccc(OCCSc2nc3ccccc3n2CC(=O)O)c1
CHEMBL2316552,C=CCc1cccc(OCCSc2nc3ccccc3n2CC(=O)OC)c1
CHEMBL2316553,CCc1cccc(OCCSc2nc3ccccc3n2CCC(=O)O)c1
CHEMBL2316554,CCn1c(SCCOc2ccccc2)nc2ccccc21
CHEMBL2316555,C=CCn1c(SCCOc2ccccc2)nc2ccccc21
CHEMBL2316556,c1ccc(OCCNc2nc3ccccc3[nH]2)cc1
CHEMBL2316557,c1ccc(OCCCc2nc3ccccc3[nH]2)cc1
CHEMBL2316558,[O-][S+](CCOc1ccccc1)c1nc2ccccc2[nH]1
CHEMBL2316559,Cc1ccc(OCCSc2nc3ccccc3n2CC(=O)OC(C)C)cc1
CHEMBL2316560,COCCn1c(SCCOc2ccc(C)cc2)nc2ccccc21
CHEMBL2316561,Cc1cccc(OCCSc2nc3ccccc3n2CC(=O)OC(C)C)c1
CHEMBL2316562,CCOC(=O)Cn1c(SCCOc2cccc(C)c2)nc2ccccc21
CHEMBL2316563,CCOc1cccc(OCCSc2nc3ccccc3n2CCOc2ccc(C)cc2)c1
CHEMBL2316564,COCCn1c(SCCOc2cccc(C)c2)nc2ccccc21
CHEMBL2316565,Cc1ccc(OCCSc2nc3ccccc3n2CC(=O)OC(C)C)cc1C
CHEMBL2316566,COC(=O)Cn1c(SCCOc2ccc(C)cc2)nc2ccccc21
CHEMBL2316567,CCn1c(SCCOc2cccc(C)c2)nc2ccccc21
CHEMBL2316568,CCOC(=O)Cn1c(SCCOc2ccc(C)c(C)c2)nc2ccccc21
CHEMBL2316569,Cc1cccc(OCCSc2nc3ccccc3n2C)c1
CHEMBL2316570,CCOC(=O)Cn1c(SCCOc2cccc(CC)c2)nc2ccccc21
CHEMBL2316571,CCc1cccc(OCCSc2nc3ccccc3n2CC(=O)OC)c1
CHEMBL2316572,COC(=O)Cn1c(SCCOc2ccc(C)c(C)c2)nc2ccccc21
CHEMBL2316573,CCOC(=O)Cn1c(SCCOc2cc(C)cc(C)c2)nc2ccccc21
CHEMBL2316574,CCc1cccc(OCCSc2nc3ccccc3n2CC(=O)O)c1
CHEMBL2316575,Cc1cccc(OCCSc2nc3ccccc3n2CCOc2ccccc2)c1
CHEMBL2334339,CC[Si](CC)(c1ccc(OCC(O)CO)c(C)c1)c1ccc(OCC(O)C(C)(C)C)c(C)c1
CHEMBL2334340,CCC(CC)(c1ccc(OCC(=O)C(C)(C)C)c(C)c1)c1ccc(OCC2CO2)c(C)c1
CHEMBL2334341,CC[Si](CC)(c1ccc(OCC(=O)C(C)(C)C)c(C)c1)c1ccc(OCC2CO2)c(C)c1
CHEMBL2334342,CC[Si](CC)(c1ccc(OC[C@@H](O)CO)c(C)c1)c1ccc(OC[C@H](O)C(C)(C)C)c(C)c1
CHEMBL2334343,CC[Si](CC)(c1ccc(OC[C@@H](O)CO)c(C)c1)c1ccc(OC[C@@H](O)C(C)(C)C)c(C)c1
CHEMBL2334344,CC[Si](CC)(c1ccc(OC[C@H](O)CO)c(C)c1)c1ccc(OC[C@H](O)C(C)(C)C)c(C)c1
CHEMBL2334345,CC[Si](CC)(c1ccc(OC[C@H](O)CO)c(C)c1)c1ccc(OC[C@@H](O)C(C)(C)C)c(C)c1
CHEMBL2334346,CC[Si](CC)(c1ccc(O)c(C)c1)c1ccc(OC[C@H](O)C(C)(C)C)c(C)c1
CHEMBL2334347,CC[Si](CC)(c1ccc(NC[C@H](O)CO)c(C)c1)c1ccc(OCC(=O)C(C)(C)C)c(C)c1
CHEMBL2334348,CC[Si](CC)(c1ccc(NC[C@@H](O)CO)c(C)c1)c1ccc(OCC(=O)C(C)(C)C)c(C)c1
CHEMBL2334349,CC[Si](CC)(c1ccc(OCC(=O)C(C)(C)C)c(C)c1)c1ccc(OC[C@@H](O)CO)c(C)c1
CHEMBL2334724,CC[Si](CC)(c1ccc(OCC(=O)C(C)(C)C)c(C)c1)c1ccc(OC[C@H](O)CO)c(C)c1
CHEMBL2337505,N#Cc1ccc(N2CCC(O)(Cc3ccccc3)C2)cc1Cl
CHEMBL2337506,N#Cc1ccc(N2CCC(O)C2)cc1Cl
CHEMBL2337507,N#Cc1ccc(N2CCC(O)(c3ccccc3)C2)cc1Cl
CHEMBL2337508,N#Cc1ccc(N2CCC(O)(c3ccc(F)cc3)C2)cc1Cl
CHEMBL2337509,C[C@@H]1N(c2ccc(C#N)c(Cl)c2)CC[C@@]1(O)c1ccc(F)cc1
CHEMBL2337510,C[C@@H]1N(c2ccc(C#N)c(Cl)c2)CC[C@@]1(O)c1ccc(C(N)=O)cc1
CHEMBL2337511,CNC(=O)c1ccc([C@]2(O)CCN(c3ccc(C#N)c(Cl)c3)[C@H]2C)cc1
CHEMBL2337512,CNC(=O)c1ccc([C@]2(O)CCN(c3ccc(C#N)c(Cl)c3)[C@H]2C)nc1
CHEMBL2337513,CNC(=O)c1ccc([C@]2(O)CCN(c3ccc(C#N)c(Cl)c3)[C@H]2C)cn1
CHEMBL2337514,C[C@@H]1N(c2ccc(C#N)c(Cl)c2)CC[C@@]1(O)c1ccc(C(=O)N(C)C)nc1
CHEMBL2337515,CNC(=O)c1ccc([C@@]2(O)CCN(c3ccc(C#N)c(Cl)c3)[C@@H]2C)cn1
CHEMBL2337516,C[C@@H]1N(c2ccc(C#N)c(Cl)c2)CC[C@@]1(O)c1ccc(N2CCCC2=O)nc1
CHEMBL2337517,CNC(=O)c1ccc([C@]2(O)CCN(c3ccc(C#N)c(OC)c3)[C@H]2C)cn1
CHEMBL2337518,CNC(=O)c1ccc([C@]2(O)CCN(c3ccc(C#N)cc3)[C@H]2C)cn1
CHEMBL2337519,CNC(=O)c1ccc([C@]2(O)CCN(c3ccc(C#N)c(F)c3)[C@H]2C)cn1
CHEMBL233773,Cc1c(N2C(=O)[C@@H]3[C@H](O)CCN3S2(=O)=O)ccc(C#N)c1Cl
CHEMBL233774,Cc1c(N2C(=O)[C@@H]3[C@@H](O)CCN3S2(=O)=O)ccc(C#N)c1Cl
CHEMBL233977,Cc1c(N2C[C@@H]3[C@@H](O)CCN3S2(=O)=O)ccc(C#N)c1Cl
CHEMBL234185,Cc1c(N2C[C@@H]3[C@H](O)CCN3S2(=O)=O)ccc(C#N)c1Cl
CHEMBL234394,COC(=O)[C@@H]1[C@H](O)CCN1S(=O)(=O)c1ccc(C#N)c(Cl)c1C
CHEMBL2346967,N#Cc1ccc(CN2CCN(c3ccc4nnc(C(F)(F)F)n4n3)CC2)cc1
CHEMBL2346968,Fc1ccc(CN2CCN(c3ccc4nnc(C(F)(F)F)n4n3)CC2)cc1
CHEMBL2346969,Fc1cccc(CN2CCN(c3ccc4nnc(C(F)(F)F)n4n3)CC2)c1F
CHEMBL2346970,OC1(c2ccc(F)cc2)CCN(c2ccc3nnc(C(F)(F)F)n3n2)CC1
CHEMBL2346971,OC1(c2cccnc2)CCN(c2ccc3nnc(C(F)(F)F)n3n2)CC1
CHEMBL2346972,Fc1ccc(CN2CCN(C3=Nn4c(nnc4C(F)(F)F)CC3)CC2)cc1
CHEMBL2346973,Cn1nccc1CCOc1ccc(C2CCN(c3ccc4nnc(C(F)(F)F)n4n3)CC2)cc1
CHEMBL2346974,CC(=O)N1CCN(CCOc2ccc(C3CCN(c4ccc5nnc(C(F)(F)F)n5n4)CC3)cc2)CC1
CHEMBL2346975,CC(=O)N1CCN(CCOc2ccc(C3(O)CCN(c4ccc5nnc(C(F)(F)F)n5n4)CC3)cc2)CC1
CHEMBL2346976,CC(=O)N1CCN(CCOc2ccc(C3CCN(C4=Nn5c(nnc5C(F)(F)F)CC4)CC3)cc2)CC1
CHEMBL234988,Nc1c(C(=O)NCC(O)(CC2(c3cc(F)ccc3Cl)CCC2)C(F)(F)F)cnn1-c1ccccc1
CHEMBL235003,C[C@]12CCC(=O)C[C@@H]1C[C@@H](CCCCCCCC(=O)O)[C@@H]1[C@@H]2CC[C@]2(C)[C@@H](O)CC[C@@H]12
CHEMBL235126,O=c1cc(O)c2cc(N(CC(F)(F)F)CC(F)(F)F)ccc2[nH]1
CHEMBL235127,C[C@@H](N(CC(F)(F)F)c1ccc2[nH]c(=O)cc(C(F)(F)F)c2c1)C(F)(F)F
CHEMBL235128,C[C@H](N(CC(F)(F)F)c1ccc2[nH]c(=O)cc(C(F)(F)F)c2c1)C(F)(F)F
CHEMBL235159,COc1ccc(-c2ccc(C#N)c(C(F)(F)F)c2)cc1
CHEMBL235206,C[C@@](c1ccc(F)cc1F)(c1c[nH]c2c(NS(C)(=O)=O)cccc12)C1CC1
CHEMBL235208,COc1ccc(F)cc1C(C)(C)CC(O)(CNC(=O)c1cnn(-c2ccc(F)cc2)c1N)C(F)(F)F
CHEMBL235209,C[C@@](c1ccc(F)cc1)(c1c[nH]c2c(NS(C)(=O)=O)cccc12)C1CC1
CHEMBL235346,Cc1cc(=O)[nH]c2ccc(N(CC(C)C)CC(F)(F)F)cc12
CHEMBL235347,C[C@@H](CCl)N(CC(F)(F)F)c1ccc2[nH]c(=O)cc(C(F)(F)F)c2c1
CHEMBL235378,N#Cc1ccc(-c2ccc(O)cc2)cc1C(F)(F)F
CHEMBL235379,Cc1ccccc1-c1ccc(C#N)c(C(F)(F)F)c1
CHEMBL235445,C[C@]12CCC(=O)C=C1C[C@@H](CCCCc1ccc(OCCCCCC(=O)O)cc1)[C@@H]1[C@@H]2CC[C@@]2(C)[C@H]1CC[C@]2(C)O
CHEMBL235601,Cc1cccc(-c2ccc(C#N)c(C(F)(F)F)c2)c1
CHEMBL2356368,O=C1c2ccccc2C(=O)N1c1nc(-c2ccc(Cl)cc2)cs1
CHEMBL235661,C[C@]12CCC(=O)C=C1C[C@@H](CCCc1ccc(OCCC(=O)O)cc1)[C@@H]1[C@@H]2CC[C@@]2(C)[C@H]1CC[C@]2(C)O
CHEMBL2357456,O=C1c2ccccc2C(=O)N1c1nc(-c2ccc(F)cc2)cs1
CHEMBL235784,COC(=O)COc1ccccc1-c1ccc(C#N)c(C(F)(F)F)c1
CHEMBL235811,C[C@]12CCC(=O)C=C1C[C@@H](CCCCc1cccc(OCCCCC(=O)O)c1)[C@@H]1[C@@H]2CC[C@@]2(C)[C@H]1CC[C@]2(C)O
CHEMBL235871,C[C@]12CCC(=O)C=C1C[C@@H](CCCCc1cccc(OCCCC(=O)O)c1)[C@@H]1[C@@H]2CC[C@@]2(C)[C@H]1CC[C@]2(C)O
CHEMBL235872,C[C@]12CCC(=O)C=C1C[C@@H](CCCCc1cccc(OCCCCCC(=O)O)c1)[C@@H]1[C@@H]2CC[C@@]2(C)[C@H]1CC[C@]2(C)O
CHEMBL23588,O=C(O)c1ccccc1Nc1cccc(C(F)(F)F)c1
CHEMBL236699,C[C@]12CCC(=O)C[C@@H]1C[C@@H](CCCCCCCCC(CCCC(F)(F)C(F)(F)F)C(=O)O)[C@@H]1[C@@H]2CC[C@]2(C)[C@@H](O)CC[C@@H]12
CHEMBL237045,O=c1cc(C(F)(F)F)c2cc(N(CC(F)F)CC(F)F)ccc2[nH]1
CHEMBL237122,COC(=O)[C@@H]1CC2=CC(=O)CC[C@]2(C)C2C1C1CC[C@@]3(CCC(=O)O3)[C@@]1(C)[C@H]1O[C@@H]21
CHEMBL237259,CN(CC(F)(F)F)c1ccc2[nH]c(=O)cc(C(F)(F)F)c2c1
CHEMBL237261,CCCN(CC(F)(F)F)c1ccc2[nH]c(=O)cc(C(F)(F)F)c2c1
CHEMBL237262,CC(C)N(CC(F)(F)F)c1ccc2[nH]c(=O)cc(C(F)(F)F)c2c1
CHEMBL237472,CC(C)(C)CN(CC(F)(F)F)c1ccc2[nH]c(=O)cc(C(F)(F)F)c2c1
CHEMBL237473,CC(C)(C)CCN(CC(F)(F)F)c1ccc2[nH]c(=O)cc(C(F)(F)F)c2c1
CHEMBL237474,O=c1cc(C(F)(F)F)c2cc(N(CCCl)CC(F)(F)F)ccc2[nH]1
CHEMBL237681,O=c1cc(C(F)(F)F)c2cc(N(CC(F)(F)F)CC(F)(F)C(F)(F)F)ccc2[nH]1
CHEMBL237682,O=c1cc(C(F)(F)F)c2cc(N(CCO)CC(F)(F)F)ccc2[nH]1
CHEMBL237971,C[C@]12CCC(=O)C=C1C[C@@H](CCCc1cccc(OCCCC(=O)O)c1)[C@@H]1[C@@H]2CC[C@@]2(C)[C@H]1CC[C@]2(C)O
CHEMBL237999,C[C@]12CCC(=O)C=C1C[C@@H](CCCc1ccc(OCCCCC(=O)O)cc1)[C@@H]1[C@@H]2CC[C@@]2(C)[C@H]1CC[C@]2(C)O
CHEMBL238000,C[C@]12CCC(=O)C=C1C[C@@H](CCCCc1ccc(OCCCC(=O)O)cc1)[C@@H]1[C@@H]2CC[C@@]2(C)[C@H]1CC[C@]2(C)O
CHEMBL238001,C[C@]12CCC(=O)C=C1C[C@@H](CCCCc1ccc(OCCCCC(=O)O)cc1)[C@@H]1[C@@H]2CC[C@@]2(C)[C@H]1CC[C@]2(C)O
CHEMBL238122,Cc1cc(=O)[nH]c2ccc(N(CC(F)(F)F)CC(F)(F)F)cc12
CHEMBL238123,CCc1cc(=O)[nH]c2ccc(N(CC(F)(F)F)CC(F)(F)F)cc12
CHEMBL238124,CC(C)c1cc(=O)[nH]c2ccc(N(CC(F)(F)F)CC(F)(F)F)cc12
CHEMBL238330,O=c1cc(C(F)F)c2cc(N(CC(F)(F)F)CC(F)(F)F)ccc2[nH]1
CHEMBL238331,O=c1cc(Cl)c2cc(N(CC(F)(F)F)CC(F)(F)F)ccc2[nH]1
CHEMBL238332,O=c1cc(Br)c2cc(N(CC(F)(F)F)CC(F)(F)F)ccc2[nH]1
CHEMBL238338,N#Cc1ccc(-c2ccccc2OCCO)cc1C(F)(F)F
CHEMBL238340,COCCOCCOc1ccccc1-c1ccc(C#N)c(C(F)(F)F)c1
CHEMBL238365,N#Cc1ccc(-c2ccccc2Cl)cc1C(F)(F)F
CHEMBL238366,COc1ccccc1-c1ccc(C#N)c(C(F)(F)F)c1
CHEMBL2386392,O=c1cc(-c2ccc(C(F)(F)F)cc2)oc2cccc(O)c12
CHEMBL2386393,O=c1cc(-c2ccc(F)cc2)oc2cccc(O)c12
CHEMBL2386394,O=c1cc(-c2ccccc2)oc2cccc(F)c12
CHEMBL2386395,O=c1cc(-c2ccc([N+](=O)[O-])cc2)oc2cccc(O)c12
CHEMBL2386396,N#Cc1ccc(-c2cc(=O)c3c(O)cccc3o2)cc1
CHEMBL2386397,CN(C)c1ccc(-c2cc(=O)c3c(O)cccc3o2)cc1
CHEMBL2386399,Nc1ccc(-c2cc(=O)c3c(O)cccc3o2)cc1
CHEMBL2386401,CSc1ccc(-c2cc(=O)c3c(O)cccc3o2)cc1
CHEMBL2386404,O=c1cc(-c2ccc(Cl)cc2)oc2cccc(F)c12
CHEMBL2386405,O=c1cc(-c2ccc(F)cc2)oc2cccc(F)c12
CHEMBL2386406,N#Cc1ccc(-c2cc(=O)c3c(F)cccc3o2)cc1
CHEMBL2386408,NC(=O)c1ccc(-c2cc(=O)c3c(O)cccc3o2)cc1
CHEMBL2397333,CCS(=O)(=O)Nc1cccc(-c2cc(=O)n(-c3ccc(C#N)cc3)nc2C)c1
CHEMBL2397334,CCS(=O)(=O)Nc1cccc(-c2cc(=O)n(-c3ccc(Cl)c(Cl)c3)nc2C)c1
CHEMBL2397335,CCS(=O)(=O)Nc1cccc(-c2cc(=O)n(-c3cc(Cl)cc(Cl)c3)nc2C)c1
CHEMBL2397336,CCS(=O)(=O)Nc1cccc(-c2cc(=O)n(-c3ccc(F)c(Cl)c3)nc2C)c1
CHEMBL2397337,CCS(=O)(=O)Nc1cccc(-c2cc(=O)n(-c3ccc4ccccc4c3)nc2C)c1
CHEMBL239957,Cn1c(C#N)ccc1-c1ccc2[nH]c(=S)n(C3CCCC3)c2c1
CHEMBL240331,O=C(CSc1nc(O)c2ccccc2n1)c1ccc(O)c(O)c1
CHEMBL2403348,CCC(CC)(c1ccc(N)c(C)c1)c1ccc(O)c(C)c1
CHEMBL2403349,CC[Si](CC)(c1ccc(O)c(C)c1)c1ccc(O)c(C)c1
CHEMBL2403350,CCCC[Si](CCCC)(c1ccc(O)c(C)c1)c1ccc(O)c(C)c1
CHEMBL2403355,CCC(CC)(c1ccc(O)c(C)c1)c1ccc(O)c(C)c1
CHEMBL2403356,CCCC(CCC)(c1ccc(O)c(C)c1)c1ccc(O)c(C)c1
CHEMBL2407647,COc1cc(CNC(=O)[C@@]2(Cc3ccccc3)OC(=O)N([C@@H]3CCc4ccccc43)C2=O)cc(OC)c1
CHEMBL2407651,C[C@H](c1ccc(F)cc1)N1C(=O)O[C@](Cc2ccc(F)cc2)(C(=O)NCc2ccc(Cl)c(Cl)c2)C1=O
CHEMBL2419295,CCN1C(=O)C(c2ccc(F)cc2)=C(c2ccc3c(c2)NC(=O)CO3)C1C
CHEMBL2419296,CC1C(c2ccc3c(c2)NC(=O)CO3)=C(c2ccc(F)cc2)C(=O)N1C1CC1
CHEMBL2419297,CC1C(c2ccc3c(c2)NC(=O)CO3)=C(c2ccc(F)cc2)C(=O)N1CCO
CHEMBL2419298,CC1NC(=O)C(c2ccc(F)cc2)=C1c1ccc2c(c1)NC(=O)CO2
CHEMBL2419299,CC1NC(=O)C(c2ccc(F)cc2)=C1c1cc(F)c2c(c1)NC(=O)CO2
CHEMBL2419300,CC1NC(=O)C(c2ccc(F)cc2)=C1c1cc(Cl)c2c(c1)NC(=O)CO2
CHEMBL2419301,Cc1cc(C2=C(c3ccc(F)cc3)C(=O)NC2C)cc2c1OCC(=O)N2
CHEMBL2419302,O=C1COc2ccc(C3=C(c4ccc(F)cc4)C(=O)OC3)cc2N1
CHEMBL2419303,O=C1COc2ccc(C3=C(c4ccc(F)cc4F)C(=O)OC3)cc2N1
CHEMBL2419304,Cc1cc(F)ccc1C1=C(c2ccc3c(c2)NC(=O)CO3)COC1=O
CHEMBL2419305,CC1(C)OC(=O)C(c2ccc(F)cc2)=C1c1ccc2c(c1)NC(=O)CO2
CHEMBL2419306,CC1OC(=O)C(c2ccc(F)cc2)=C1c1ccc2c(c1)NC(=O)CO2
CHEMBL2419307,CC1(F)OC(=O)C(c2ccc(F)cc2)=C1c1ccc2c(c1)NC(=O)CO2
CHEMBL2419308,CCC1OC(=O)C(c2ccc(F)cc2)=C1c1ccc2c(c1)NC(=O)CO2
CHEMBL2419309,CC1C(c2ccc3c(c2)NC(=O)CO3)=C(c2ccc(F)cc2)C(=O)N1C
CHEMBL242469,C[C@@]1(C(=O)Nc2ccc(C#N)c(C(F)(F)F)c2)CC(C(F)(F)F)=NN1
CHEMBL2426112,CC(C)(C)NC(=O)NCC(C)(C)[C@@H](c1ccccc1)c1ccc2c(cnn2-c2ccc(F)cc2)c1
CHEMBL2426118,CC(C)(CNS(=O)(=O)CC(F)(F)F)[C@@H](c1ccccc1)c1ccc2c(cnn2-c2ccc(F)cc2)c1
CHEMBL2426124,CC(C)(CNC(=O)CC(F)(F)F)[C@@H](c1ccccc1)c1ccc2c(cnn2-c2ccc(F)cc2)c1
CHEMBL2426624,CC(C(=O)Nc1nncs1)[C@@H](c1ccccc1)c1ccc2c(cnn2-c2ccc(F)cc2)c1
CHEMBL2426636,CCCC(c1ccc2c(cnn2-c2ccc(F)cc2)c1)C(C)(C)C(=O)Nc1nncs1
CHEMBL2426662,CC(C)(C(=O)Nc1nncs1)[C@@H](c1ccccc1)c1ccc2c(cnn2-c2ccc(F)cc2)c1
CHEMBL2426663,CC(C)(C(=O)Nc1nncs1)[C@H](c1ccccc1)c1ccc2c(cnn2-c2ccc(F)cc2)c1
CHEMBL243251,C[C@@H]1CC[C@@H](C)N1c1ccc2[nH]c(=O)cc(C(F)(F)F)c2c1
CHEMBL243252,C[C@@H]1CC[C@H](CO)N1c1ccc2[nH]c(=O)cc(C(F)(F)F)c2c1
CHEMBL243656,COc1c(O)ccc2c1-c1ccc3c(c1/C(=C/c1sccc1C(O)C(F)(F)F)O2)C(C)=CC(C)(C)N3
CHEMBL2440233,O=C(O[C@H]1C(=O)C=CN(C(=O)/C=C/c2ccccc2)[C@@H]1c1ccccc1)c1ccc(F)cc1C(F)(F)F
CHEMBL2441091,COc1cccc(C(=O)Nc2cnc(Oc3ccc(O)cc3)nc2)c1
CHEMBL2441092,COc1cccc(C(=O)Nc2cc(C)c(Oc3ccc(O)cc3)c(C)c2)c1
CHEMBL2441093,COc1cccc(C(=O)Nc2ccc(Oc3ccc(O)cc3)nc2)c1
CHEMBL2441094,COc1cccc(C(=O)Nc2ccc(Oc3ccc(O)cc3)c(C)c2)c1
CHEMBL2441107,COc1cccc(C(=O)Nc2ccc(Oc3ccc(O)cc3)cc2)c1
CHEMBL244537,COc1c(O)ccc2c1-c1ccc3c(c1/C(=C/c1sccc1C(C)O)O2)C(C)=CC(C)(C)N3
CHEMBL244895,CC1CCCN1c1ccc2[nH]c(=O)cc(C(F)(F)F)c2c1
CHEMBL244896,C[C@@H]1CC[C@H](C)N1c1ccc2[nH]c(=O)cc(C(F)(F)F)c2c1
CHEMBL245378,C[C@]12CC[C@H]3[C@@H](CC=C4[C@H]5CC[C@]43CC[C@@H]5O)[C@@H]1CC[C@@H]2O
CHEMBL245575,C[C@]12CC[C@H]3[C@@H](CC=C4[C@H]5CC[C@]43CC[C@H]5O)[C@@H]1CC[C@@H]2O
CHEMBL245576,C[C@]12CC[C@H]3[C@@H](CC=C4[C@@H]5C(=O)CC[C@@]43C[C@H]5O)[C@@H]1CC[C@@H]2O
CHEMBL245577,C[C@]12CC[C@H]3[C@@H](CC=C4[C@@H]5C(=O)CC[C@@]43C[C@@H]5O)[C@@H]1CC[C@@H]2O
CHEMBL245771,C[C@]12CC[C@H]3[C@@H](CC=C4C[C@@H]5CC[C@@]43CC(=O)O5)[C@@H]1CC[C@@H]2O
CHEMBL246006,N#CCC(O)(c1nc2cc(Cl)c(Cl)cc2[nH]1)C(F)(F)F
CHEMBL246007,C=CC(O)(c1nc2cc(Cl)c(Cl)cc2[nH]1)C(F)(F)F
CHEMBL246138,C=C[C@]12CC[C@H](O)CC1=CC[C@H]1[C@@H]3CC[C@H](O)[C@@]3(C)CC[C@@H]12
CHEMBL246139,C/C=C\[C@]12CC[C@H](O)CC1=CC[C@H]1[C@@H]3CC[C@H](O)[C@@]3(C)CC[C@@H]12
CHEMBL246140,C=C[C@]12CCC(=O)C=C1CC[C@H]1[C@@H]3CC[C@H](O)[C@@]3(C)CC[C@@H]12
CHEMBL246341,C[C@]12CC[C@H]3[C@@H](CC=C4[C@H]5CC=C[C@]43CC[C@@H]5O)[C@@H]1CC[C@@H]2O
CHEMBL246607,CC[C@@H]1COc2c(ccc3[nH]c(=O)cc(C(F)(F)F)c23)N1
CHEMBL246800,CCSCC(O)(c1nc2cc(Cl)c(Cl)cc2[nH]1)C(F)(F)F
CHEMBL247453,O=c1cc(C(F)(F)F)c2c3c(ccc2[nH]1)N(CC(F)(F)F)[C@H](c1ccccc1)CO3
CHEMBL247454,O=c1cc(C(F)(F)F)c2c3c(ccc2[nH]1)N(CC1CC1)[C@@H](c1ccccc1)CO3
CHEMBL247633,CC[C@@H]1COc2c(ccc3[nH]c(=O)cc(C(F)(F)F)c23)N1CC(C)C
CHEMBL247637,O=c1cc(C(F)(F)F)c2c3c(ccc2[nH]1)N(CC1CC1)C(c1ccccc1)CO3
CHEMBL247785,O=c1cc(C(F)(F)F)c2c3c(ccc2[nH]1)NCCO3
CHEMBL247786,C[C@@H]1COc2c(ccc3[nH]c(=O)cc(C(F)(F)F)c23)N1
CHEMBL247993,CCN1c2ccc3[nH]c(=O)cc(C(F)(F)F)c3c2OC[C@H]1C(C)C
CHEMBL247994,C=CCN1c2ccc3[nH]c(=O)cc(C(F)(F)F)c3c2OC[C@H]1C(C)C
CHEMBL247995,O=c1cc(C(F)(F)F)c2c3c(ccc2[nH]1)N(CC(F)(F)F)[C@H](Cc1ccccc1)CO3
CHEMBL248690,C[C@H](c1ccccc1)N(C)c1cc(C(F)(F)F)c(C#N)cn1
CHEMBL248841,N#Cc1cnc(N2CCC3CCCCC3C2)cc1C(F)(F)F
CHEMBL248868,CCCN(CCC)c1cc(C(F)(F)F)c(C#N)cn1
CHEMBL248878,C[C@@H](Nc1cc(C(F)(F)F)c(C#N)cn1)c1ccccc1
CHEMBL249070,CCC(C)N(C)c1cc(C(F)(F)F)c(C#N)cn1
CHEMBL249071,CCCCN(C)c1cc(C(F)(F)F)c(C#N)cn1
CHEMBL249072,CC1CCN(c2cc(C(F)(F)F)c(C#N)cn2)CC1
CHEMBL249700,C=C1C=C2CC[C@H]3[C@@H]4CC[C@H](O)[C@@]4(C)CC[C@@H]3[C@@]2(C)CC1
CHEMBL249903,C=C[C@]12CCC(CC)=CC1=CC[C@H]1[C@@H]3CC[C@H](O)[C@@]3(C)CC[C@@H]12
CHEMBL249904,C#C[C@]1(O)CC[C@H]2[C@@H]3CC=C4C=C(C)CC[C@]4(C=C)[C@H]3CC[C@@]21C
CHEMBL250083,O=c1cc(C(F)(F)F)c2c3c(ccc2[nH]1)N[C@H](c1ccccc1)CO3
CHEMBL250084,CCC[C@@H]1COc2c(ccc3[nH]c(=O)cc(C(F)(F)F)c23)N1
CHEMBL250104,O=C(O)CCc1cc(Br)c(OCc2cccc(Br)c2)c(Br)c1
CHEMBL250109,C=C[C@]12CC[C@H](O)CC1=CC[C@@H]1[C@@H]2CC[C@@]2(C)[C@H]1CC[C@]2(C)O
CHEMBL250110,CC1=CC2=CC[C@H]3[C@@H]4CC[C@H](O)[C@@]4(C)CC[C@@H]3[C@@]2(C)CC1
CHEMBL250702,CC[C@@H]1COc2c(ccc3[nH]c(=O)cc(C(F)(F)F)c23)N1CC
CHEMBL250897,CC[C@@H]1COc2c(ccc3[nH]c(=O)cc(C(F)(F)F)c23)N1CC(F)(F)F
CHEMBL250997,C[C@](O)(CS(=O)(=O)c1ccc(F)cc1)C(=O)Nc1ccc([N+](=O)[O-])c(C(F)(F)F)c1
CHEMBL251515,C=C[C@]12CC[C@@](C)(O)CC1=CC[C@H]1[C@@H]3CC[C@H](O)[C@@]3(C)CC[C@@H]12
CHEMBL251552,N#Cc1ccc(OC2CCCCC2C#N)cc1C(F)(F)F
CHEMBL253535,O=c1cc(C(F)(F)F)c2c3c(ccc2[nH]1)-c1c(O)cccc1OC3
CHEMBL253744,COc1cccc2c1-c1ccc3[nH]c(=O)cc(C)c3c1C(C)O2
CHEMBL253745,COc1ccc2cc[nH]c2c1-c1cc(C)c2c(c1Cl)C(C)CC(C)(C)N2
CHEMBL253746,COc1cccc2c1-c1ccc3[nH]c(=O)cc(C)c3c1C(OC)O2
CHEMBL254798,O=c1cc(C(F)(F)F)c2cc3c(cc2[nH]1)OC[C@@H](CF)N3CC(F)(F)F
CHEMBL255157,O=C1[C@@H]2C3CCC(O3)[C@@H]2C(=O)N1c1cccc(C(F)(F)F)c1
CHEMBL255216,CC12CCC(C)(O1)[C@H]1C(=O)N(c3ccc(C#N)n4nccc34)C(=O)[C@H]12
CHEMBL255331,CC12C[C@H](O)C(C)(O1)[C@@H]1C(=O)N(c3ccc(C#N)c(I)c3)C(=O)[C@@H]12
CHEMBL255367,Cc1cc(N2C(=O)[C@@H]3C4CCC(O4)[C@@H]3C2=O)ccc1Cl
CHEMBL255776,O=C1[C@H]2C3CCC(C3)N2C(=O)N1c1cccc(C(F)(F)F)c1
CHEMBL255918,CSCC1COc2cc3[nH]c(=O)cc(C(F)(F)F)c3cc2N1CC(F)(F)F
CHEMBL256082,O=c1cc(C(F)(F)F)c2cc3c(cc2[nH]1)OC[C@@H](Cc1ccccc1)N3CC(F)(F)F
CHEMBL256126,N#CCC1COc2cc3[nH]c(=O)cc(C(F)(F)F)c3cc2N1CC(F)(F)F
CHEMBL256284,O=c1cc(C(F)(F)F)c2cc3c(cc2[nH]1)OC[C@@H](CC(F)(F)F)N3CC(F)(F)F
CHEMBL256326,O=c1cc(C(F)(F)F)c2cc3c(cc2[nH]1)OCC(C(F)F)N3CC(F)(F)F
CHEMBL256329,Cc1ccc([C@H]2COc3cc4[nH]c(=O)cc(C(F)(F)F)c4cc3N2CC(F)(F)F)cc1
CHEMBL256330,O=c1cc(C(F)(F)F)c2cc3c(cc2[nH]1)OCC(C(F)(F)F)N3CC(F)(F)F
CHEMBL256768,COc1c(OC(C)C)ccc2oc(=O)c3c(ccc4[nH]c(=O)cc(C)c43)c12
CHEMBL256769,COc1c(C(=O)OC(F)(F)F)ccc2oc(=O)c3c(ccc4[nH]c(=O)cc(C)c43)c12
CHEMBL256947,COc1cccc2c1-c1ccc3[nH]c(=O)cc(C)c3c1CO2
CHEMBL256977,CCOc1ccc2oc(=O)c3c(ccc4[nH]c(=O)cc(C)c43)c2c1OC
CHEMBL257151,Cc1cc(=O)[nH]c2ccc3c(c12)COc1cccc(CO)c1-3
CHEMBL257152,Cc1cc(-c2ccc(F)c3cc[nH]c23)c(Cl)c2c1NC(C)(C)CC2C
CHEMBL257379,Cc1cccc([C@@H]2COc3cc4[nH]c(=O)cc(C(F)(F)F)c4cc3N2CC(F)(F)F)c1
CHEMBL257387,Cc1cccc([C@H]2COc3cc4[nH]c(=O)cc(C(F)(F)F)c4cc3N2CC(F)(F)F)c1
CHEMBL257668,CC12CCC(C)(O1)[C@H]1C(=O)N(c3cc(Cl)cc(Cl)c3)C(=O)[C@H]12
CHEMBL257751,O=c1cc(C(F)(F)F)c2c(ccc3c2oc(=O)c2cccc(O)c23)[nH]1
CHEMBL257988,O=c1cc(C(F)(F)F)c2cc3c(cc2[nH]1)OC[C@@H](C(F)(F)F)N3CC(F)(F)F
CHEMBL25802,Oc1cc(C(F)(F)F)c2cc3c(cc2n1)NC[C@H]1CCCC[C@H]31
CHEMBL258190,COc1cccc2c1-c1ccc3[nH]c(=O)cc(C)c3c1C(O)O2
CHEMBL258191,Cc1cc(-c2cccc3cc[nH]c23)c(Cl)c2c1NC(C)(C)CC2C
CHEMBL258241,Cc1cc(=O)[nH]c2ccc3c4cc(F)ccc4oc(=O)c3c12
CHEMBL258384,C=CCC1Oc2cccc(OC)c2-c2ccc3[nH]c(=O)cc(C)c3c21
CHEMBL258397,COc1ccc2oc(=O)c3c(ccc4[nH]c(=O)cc(C)c43)c2c1
CHEMBL25894,COc1cc(CCC(C)=O)ccc1O
CHEMBL259820,COc1c(O)ccc2c1-c1ccc3c(c1/C(=C/c1cccc(C)c1F)O2)C(C)=CC(C)(C)N3
CHEMBL263091,COc1ccc(F)cc1C(C)(C)CC(O)(C(=O)Nc1ccc2c(=O)onc(C)c2c1)C(F)(F)F
CHEMBL263660,O=C(CN1c2ccccc2Sc2ccc(C(F)(F)F)cc21)c1cccc2ccccc12
CHEMBL263942,C#C[C@]1(O)CC[C@H]2[C@@H]3CCC4=CC(=O)CCC4=C3[C@@H](c3ccc(N(C)C(=O)CNC(=O)O[C@@H]4C[C@@H]5CC(O)CC[C@]5(C)[C@H]5C[C@H](O)[C@]6(C)[C@@H]([C@H](C)CCC(=O)O)CC[C@H]6[C@H]45)cc3)C[C@@]21C
CHEMBL264131,COc1cccc2c1C(=O)c1c(O)c3c(c(O)c1C2=O)C[C@@](O)(C(=O)CO)CC3OC1C[C@H](NCNC(=O)c2cc(COCC#CCN3C(=O)N(c4ccc(C#N)c(C(F)(F)F)c4)C(=O)C3(C)C)ccc2O)[C@H](O)[C@H](C)O1
CHEMBL265785,C[C@@H]1CN(c2ccc(C#N)c(C(F)(F)F)c2)[C@@H](C)CN1C(=O)Nc1ncccn1
CHEMBL266269,CC[C@@H]1Cc2cc3c(C(F)(F)F)cc(O)nc3cc2N[C@@H]1C
CHEMBL266282,C=CCC1Oc2cccc(OC)c2-c2ccc3c(c21)C(C)=CC(C)(C)N3
CHEMBL266473,CCC1CCc2cc3c(C(F)(F)F)cc(=O)oc3cc2N1
CHEMBL266491,COCCOc1ccccc1-c1ccc(C#N)c(C(F)(F)F)c1
CHEMBL266709,C=CCC1Oc2cccc(O)c2-c2ccc3c(c21)C(C)=CC(C)(C)N3
CHEMBL266928,O=c1cc(C(F)(F)F)c2cc3c(cc2o1)NCCC3C(F)(F)C(F)(F)F
CHEMBL266935,C#C[C@]1(O)CC[C@H]2[C@@H]3CCC4=CC(=O)CCC4=C3[C@@H](c3ccc(N(C)CCNC(=O)OC4CC[C@@]5(C)[C@@H](C4)C[C@@H](O)[C@@H]4[C@@H]5C[C@H](O)[C@]5(C)[C@@H]([C@H](C)CCC(=O)O)CC[C@@H]45)cc3)C[C@@]21C
CHEMBL267141,C[C@@H]1CCc2cc3c(C(F)(F)F)cc(O)nc3cc2N1
CHEMBL267231,C=CCC1Oc2cccc(OC(F)F)c2-c2ccc3c(c21)C(C)=CC(C)(C)N3
CHEMBL267260,Oc1cc(C(F)(F)F)c2cc(N(CC3CC3)CC(F)(F)F)ccc2n1
CHEMBL267270,O=c1cc(C(F)(F)F)c2cc3c(cc2o1)NCCC3C(F)(F)F
CHEMBL267431,COC[C@]1(OC)CC[C@H]2[C@@H]3CCC4=CC(=O)CCC4=C3[C@@H](c3ccc(/C=N/O)cc3)C[C@@]21C
CHEMBL267471,CC[C@H]1Nc2cc3nc(O)cc(C(F)(F)F)c3cc2CC1(CC)CC
CHEMBL267850,CC(C)[C@@H]1CCc2cc3c(C(F)(F)F)cc(O)nc3cc2N1
CHEMBL267907,C[C@H]1Nc2cc3nc(O)cc(C(F)(F)F)c3cc2CC1(C)C
CHEMBL267940,C=CCC1Oc2cccc(C=C)c2-c2ccc3c(c21)C(C)=CC(C)(C)N3
CHEMBL268098,O=c1cc(C(F)(F)F)c2cc3c(cc2o1)NCCC3
CHEMBL268239,C=CCC1Oc2cccc(CO)c2-c2ccc3c(c21)C(C)=CC(C)(C)N3
CHEMBL268326,C[C@@H]1C[C@H](C)c2cc3c(C(F)(F)F)cc(O)nc3cc2N1
CHEMBL268569,CCC[C@@H]1CCc2cc3c(C(F)(F)F)cc(O)nc3cc2N1
CHEMBL268589,CC1CN(C)c2cc3c(C(F)(F)F)cc(=O)[nH]c3cc2O1
CHEMBL269305,CCC1CC(C)c2cc3c(C(F)(F)F)cc(=O)oc3cc2N1
CHEMBL270450,O=C1[C@@H]2C3CCC(O3)[C@@H]2C(=O)N1c1ccc(Cl)c(Cl)c1
CHEMBL270586,O=C1[C@@H]2C3CCC(O3)[C@@H]2C(=O)N1c1ccc(I)c(Cl)c1
CHEMBL271261,CC12CCC(C)(O1)[C@H]1C(=O)N(c3c(N)ccc4nccn34)C(=O)[C@H]12
CHEMBL271262,CC12CCC(C)(O1)[C@H]1C(=O)N(c3c(N)ccc4ncsc34)C(=O)[C@H]12
CHEMBL271924,O=C1[C@@H]2C3CCC(O3)[C@@H]2C(=O)N1c1ccc(Cl)c([N+](=O)[O-])c1
CHEMBL271925,O=C1[C@@H]2C3CCC(O3)[C@@H]2C(=O)N1c1ccc(Cl)c(C(F)(F)F)c1
CHEMBL272304,CCC(CC)(c1ccc(OC[C@@H](O)CO)c(C)c1)c1ccc(OC[C@H](O)C(C)(C)C)c(C)c1
CHEMBL272502,CCC(CC)(c1ccc(OC[C@H](O)CO)c(C)c1)c1ccc(OC[C@@H](O)C(C)(C)C)c(C)c1
CHEMBL272509,CSc1cc(N2C(=O)[C@@H]3[C@H](C2=O)C2(C)CCC3(C)O2)ccc1C#N
CHEMBL272510,CC12CCC(C)(O1)[C@H]1C(=O)N(c3cccc(C(F)(F)F)c3)C(=O)[C@H]12
CHEMBL272574,CC12C[C@@H](O)C(C)(O1)[C@H]1C(=O)N(c3ccc(C#N)c(I)c3)C(=O)[C@H]12
CHEMBL27276,CC(C)C1CCNc2cc3nc(O)cc(C(F)(F)F)c3cc21
CHEMBL27297,CCC1CCNc2cc3c(cc21)c(C(F)(F)F)cc(=O)n3C
CHEMBL27372,CCC1CCN(C=O)c2cc3nc(O)cc(C(F)(F)F)c3cc21
CHEMBL27413,CCC1CCN(C)c2cc3c(cc21)c(C(F)(F)F)cc(=O)n3C
CHEMBL274318,O=C1CC(c2ccccc2)Oc2ccccc21
CHEMBL274471,O=c1cc(-c2ccc(Cl)cc2)oc2cccc(O)c12
CHEMBL275638,O=c1cc(-c2ccccc2)oc2ccccc12
CHEMBL27577,NC(=O)c1ccccc1O
CHEMBL276621,CCCCNC(=O)CCCCCCCC1C[C@H]2CC(=O)CC[C@]2(C)[C@H]2CC[C@]3(C)[C@@H](O)CC[C@H]3[C@H]12
CHEMBL277378,CCN(CC)c1ccc2nc(O)cc(C(F)(F)F)c2c1
CHEMBL27759,Nc1ccccc1NC(=O)c1ccc(CNC(=O)OCc2cccnc2)cc1
CHEMBL27769,C[C@]12CCC(=O)C[C@@H]1CC[C@@H]1[C@@H]2CC[C@]2(C)[C@@H](O)CC[C@@H]12
CHEMBL27812,Oc1cc(C(F)(F)F)c2cc3c(cc2n1)NC[C@@H]1CCC[C@H]31
CHEMBL27945,CCC1CCN(C)c2cc3nc(O)cc(C(F)(F)F)c3cc21
CHEMBL28,O=c1cc(-c2ccc(O)cc2)oc2cc(O)cc(O)c12
CHEMBL280865,CCCC1CCNc2cc3nc(O)cc(C(F)(F)F)c3cc21
CHEMBL281028,CC1(C)CCNc2cc3nc(O)cc(C(F)(F)F)c3cc21
CHEMBL281945,C[C@H]1CNc2cc3nc(O)cc(C(F)(F)F)c3cc2C1CCC(F)(F)F
CHEMBL282204,CC1c2cc3c(C(F)(F)F)cc(O)nc3cc2NC[C@H]1C
CHEMBL282813,CC(C)CC1CCNc2cc3nc(O)cc(C(F)(F)F)c3cc21
CHEMBL282866,CCC1(CC)CCNc2cc3nc(O)cc(C(F)(F)F)c3cc21
CHEMBL283449,CC1CCNc2cc3nc(O)cc(C(F)(F)F)c3cc21
CHEMBL284475,C[C@@H]1C(=O)C(C)(C)Nc2ccc3c(c21)[C@H](c1ccccc1)Oc1ccccc1-3
CHEMBL285602,Oc1cc(C(F)(F)F)c2cc3c(cc2n1)NCCC3c1cc(C(F)(F)F)cc(C(F)(F)F)c1
CHEMBL285705,C[C@H]1C(=O)C(C)(C)Nc2ccc3c(c21)[C@H](c1ccccc1)Oc1ccccc1-3
CHEMBL286158,C[C@H]1C(=O)C(C)(C)Nc2ccc3c(c21)[C@H](c1cccc(C(F)(F)F)c1)Oc1ccccc1-3
CHEMBL286446,CC1=CC(C)(C)Nc2ccc3c(c21)C(C)Oc1ccc(Cl)cc1-3
CHEMBL286595,CC1=CC(C)(C)Nc2ccc3c(c21)C(c1ccc(Cl)cc1)Oc1ccccc1-3
CHEMBL286684,Oc1cc(C(F)(F)F)c2cc3c(cc2n1)NCCC3
CHEMBL292284,CC(=O)C[C@]1(C(C)=O)CC[C@H]2C3C[C@H](C)C4=CC(=O)CC[C@]4(C)[C@H]3CC[C@@]21C
CHEMBL293388,COc1cccc2c1-c1ccc(NS(C)(=O)=O)cc1C(c1cccs1)O2
CHEMBL293409,CC1CC(C)(C)Nc2ccc3c(c21)COc1ccc([N+](=O)[O-])cc1-3
CHEMBL293452,COc1cccc2c1-c1ccc(NS(C)(=O)=O)cc1C(c1cc(C)cc(C)c1)O2
CHEMBL294009,O=c1c(O)c(-c2ccccc2)oc2ccccc12
CHEMBL294800,COc1cccc2c1-c1ccc(NS(C)(=O)=O)cc1C(c1cccc(C)c1)O2
CHEMBL296156,C=C1C[C@H](CO)CC(C)(C)[C@@H]1Cc1cc(OC)c(Br)cc1O
CHEMBL296323,C[C@](O)(CBr)C(=O)Nc1ccc([N+](=O)[O-])c(C(F)(F)F)c1
CHEMBL299512,C=C1C=C(C)CC(C)(C)C1Cc1ccc([N+](=O)[O-])c(C)c1
CHEMBL299766,C=C1[C@H](O)CCC(C)(C)[C@@H]1Cc1cc(OC)c(Br)cc1O
CHEMBL299778,C=C1CCC[C@H](C)[C@H]1Cc1cc(OC)c(Br)cc1O
CHEMBL299828,C=C1C=C(C)C(Cc2cc(OC)c(Br)cc2O)C(C)(C)C1
CHEMBL302362,CC1=CC(C)(C)Nc2ccc3c(c21)/C(=C/c1ccccc1C)Oc1ccccc1-3
CHEMBL302870,C[C@]1(O)CCC2C3CCC4=CC(=O)CC[C@]4(C)[C@@]3(F)[C@@H](O)C[C@@]21C
CHEMBL3039217,CC(C)c1ccc2c(c1O)CC[C@H]1C3=C(CC[C@]21C)C(=O)OC3
CHEMBL3084525,N#Cc1ccc(N2[C@@H]3CC[C@H]2C[C@@H](O)C3)c2ccccc12
CHEMBL3084689,N#Cc1ccc(N2[C@@H]3CC[C@H]2C[C@@H](O)C3)cc1Cl
CHEMBL3086027,Cc1cn(-c2ccc(CNS(=O)(=O)c3cc(F)ccc3F)cc2)c(C)n1
CHEMBL308938,N#Cc1cccc(-c2ccc3c(c2)C2(CCCCC2)C(=O)N3)c1
CHEMBL310180,O=C1CC[C@@]2(Cc3ccccc3)c3ccc(O)cc3CC[C@@H]2C1
CHEMBL310370,O=C1C=C2CCc3cc(O)ccc3[C@@]2(Cc2ccccc2)CC1
CHEMBL310570,C[C@]12Cc3cnn(-c4ccc(F)cc4)c3C=C1CCC[C@@H]2[C@](C)(O)c1ccsc1
CHEMBL311034,C[C@]12Cc3cnn(-c4ccc(F)cc4)c3C=C1CCC[C@@H]2[C@H](O)c1ccc(F)cc1
CHEMBL311662,C[C@]12Cc3cnn(-c4ccc(F)cc4)c3C=C1CCC[C@@H]2[C@](C)(O)c1ccc(F)cc1
CHEMBL3120317,CC/C(=C1\c2ccccc2OCc2cccc(OC)c21)c1cccc(NS(C)(=O)=O)c1
CHEMBL3120318,CC/C(=C1/c2ccccc2COc2ccccc21)c1cccc(NS(C)(=O)=O)c1
CHEMBL3120319,C/C(=C1/c2ccccc2COc2ccccc21)c1cccc(NS(C)(=O)=O)c1
CHEMBL3120320,CS(=O)(=O)Nc1cccc(C=C2c3ccccc3CCc3ccccc32)c1
CHEMBL313062,COc1cc([C@H](O)[C@H]2CCCC3=Cc4c(cnn4-c4ccc(F)cc4)C[C@@]32C)cc(F)c1F
CHEMBL3132973,CC(C)C[C@H](NC(=O)[C@H](CS)NC(=O)[C@@H](NC(=O)[C@H](Cc1ccccc1)NC(=O)[C@H](Cc1ccc(O)cc1)NC(=O)[C@H](CS)NC(=O)[C@H](C)N)C(C)C)C(=O)N[C@@H](Cc1ccccc1)C(=O)N[C@@H](CCC(=O)O)C(=O)NCC(=O)N[C@@H](CC(N)=O)C(=O)N[C@@H](CC(=O)O)C(=O)N[C@@H](CCC(=O)O)C(=O)N[C@@H](CCC(=O)O)C(=O)N[C@H](C(=O)N[C@@H](CS)C(=O)N[C@@H](CCCCN)C(=O)N[C@@H](CCC(=O)O)C(=O)N[C@@H](Cc1c[nH]c2ccccc12)C(=O)N[C@@H](CS)C(=O)O)[C@@H](C)O
CHEMBL3132974,CC(C)C[C@H](NC(=O)[C@H](CS)NC(=O)[C@H](Cc1ccccc1)NC(=O)[C@H](Cc1ccccc1)NC(=O)[C@H](Cc1ccc(O)cc1)NC(=O)[C@H](CS)NC(=O)[C@H](C)N)C(=O)N[C@@H](Cc1ccccc1)C(=O)N[C@@H](CCC(=O)O)C(=O)NCC(=O)N[C@@H](CC(N)=O)C(=O)N[C@@H](CC(=O)O)C(=O)N[C@@H](CCC(=O)O)C(=O)N[C@@H](CCC(=O)O)C(=O)N[C@H](C(=O)N[C@@H](CS)C(=O)N[C@@H](CCCCN)C(=O)N[C@@H](CCC(=O)O)C(=O)N[C@@H](Cc1c[nH]c2ccccc12)C(=O)N[C@@H](CS)C(=O)O)[C@@H](C)O
CHEMBL3132975,CC(C)C[C@H](NC(=O)[C@H](CS)NC(=O)[C@H](Cc1cnc[nH]1)NC(=O)[C@H](Cc1ccccc1)NC(=O)[C@H](Cc1ccc(O)cc1)NC(=O)[C@H](CS)NC(=O)[C@H](C)N)C(=O)N[C@@H](Cc1ccccc1)C(=O)N[C@@H](CCC(=O)O)C(=O)NCC(=O)N[C@@H](CC(N)=O)C(=O)N[C@@H](CC(=O)O)C(=O)N[C@@H](CCC(=O)O)C(=O)N[C@@H](CCC(=O)O)C(=O)N[C@H](C(=O)N[C@@H](CS)C(=O)N[C@@H](CCCCN)C(=O)N[C@@H](CCC(=O)O)C(=O)N[C@@H](Cc1c[nH]c2ccccc12)C(=O)N[C@@H](CS)C(=O)O)[C@@H](C)O
CHEMBL3132976,CC(C)C[C@H](NC(=O)[C@H](CS)NC(=O)[C@H](CC(N)=O)NC(=O)[C@H](Cc1ccc(Cl)cc1)NC(=O)[C@H](Cc1ccc(O)cc1)NC(=O)[C@H](CS)NC(=O)[C@H](C)N)C(=O)N[C@@H](Cc1ccccc1)C(=O)N[C@@H](CCC(=O)O)C(=O)NCC(=O)N[C@@H](CC(N)=O)C(=O)N[C@@H](CC(=O)O)C(=O)N[C@@H](CCC(=O)O)C(=O)N[C@@H](CCC(=O)O)C(=O)N[C@H](C(=O)N[C@@H](CS)C(=O)N[C@@H](CCCCN)C(=O)N[C@@H](CCC(=O)O)C(=O)N[C@@H](Cc1c[nH]c2ccccc12)C(=O)N[C@@H](CS)C(=O)O)[C@@H](C)O
CHEMBL3132977,CC(C)C[C@H](NC(=O)[C@H](CS)NC(=O)[C@H](CC(N)=O)NC(=O)[C@H](Cc1ccccc1)NC(=O)[C@H](Cc1ccc(O)cc1)NC(=O)[C@H](CS)NC(=O)[C@H](C)N)C(=O)N[C@@H](Cc1ccc(Cl)cc1)C(=O)N[C@@H](CCC(=O)O)C(=O)NCC(=O)N[C@@H](CC(N)=O)C(=O)N[C@@H](CC(=O)O)C(=O)N[C@@H](CCC(=O)O)C(=O)N[C@@H](CCC(=O)O)C(=O)N[C@H](C(=O)N[C@@H](CS)C(=O)N[C@@H](CCCCN)C(=O)N[C@@H](CCC(=O)O)C(=O)N[C@@H](Cc1c[nH]c2ccccc12)C(=O)N[C@@H](CS)C(=O)O)[C@@H](C)O
CHEMBL3132978,CC(C)C[C@H](NC(=O)[C@H](CS)NC(=O)[C@H](CC(N)=O)NC(=O)[C@H](Cc1ccccc1)NC(=O)[C@H](Cc1ccc(O)cc1)NC(=O)[C@H](CS)NC(=O)[C@H](C)N)C(=O)N[C@@H](Cc1ccccc1Cl)C(=O)N[C@@H](CCC(=O)O)C(=O)NCC(=O)N[C@@H](CC(N)=O)C(=O)N[C@@H](CC(=O)O)C(=O)N[C@@H](CCC(=O)O)C(=O)N[C@@H](CCC(=O)O)C(=O)N[C@H](C(=O)N[C@@H](CS)C(=O)N[C@@H](CCCCN)C(=O)N[C@@H](CCC(=O)O)C(=O)N[C@@H](Cc1c[nH]c2ccccc12)C(=O)N[C@@H](CS)C(=O)O)[C@@H](C)O
CHEMBL3132979,CC(C)C[C@H](NC(=O)[C@H](CS)NC(=O)[C@H](CC(N)=O)NC(=O)[C@H](CC1CCCCC1)NC(=O)[C@H](Cc1ccc(O)cc1)NC(=O)[C@@H](CS)NC(=O)[C@H](C)N)C(=O)N[C@@H](Cc1ccccc1)C(=O)N[C@@H](CCC(=O)O)C(=O)NCC(=O)N[C@@H](CC(N)=O)C(=O)N[C@@H](CC(=O)O)C(=O)N[C@@H](CCC(=O)O)C(=O)N[C@@H](CCC(=O)O)C(=O)N[C@H](C(=O)N[C@@H](CS)C(=O)N[C@@H](CCCCN)C(=O)N[C@@H](CCC(=O)O)C(=O)N[C@@H](Cc1c[nH]c2ccccc12)C(=O)N[C@@H](CS)C(=O)O)[C@@H](C)O
CHEMBL3132980,CC(C)C[C@H](NC(=O)[C@H](CS)NC(=O)[C@H](CC(N)=O)NC(=O)[C@H](Cc1ccccc1)NC(=O)[C@H](Cc1ccc(O)cc1)NC(=O)[C@H](CS)NC(=O)[C@H](C)N)C(=O)N[C@@H](CC1CCCCC1)C(=O)N[C@@H](CCC(=O)O)C(=O)NCC(=O)N[C@@H](CC(N)=O)C(=O)N[C@@H](CC(=O)O)C(=O)N[C@@H](CCC(=O)O)C(=O)N[C@@H](CCC(=O)O)C(=O)N[C@H](C(=O)N[C@@H](CS)C(=O)N[C@@H](CCCCN)C(=O)N[C@@H](CCC(=O)O)C(=O)N[C@@H](Cc1c[nH]c2ccccc12)C(=O)N[C@@H](CS)C(=O)O)[C@@H](C)O
CHEMBL3132981,CC[C@H](C)[C@H](NC(=O)[C@H](CS)NC(=O)[C@H](Cc1ccccc1)NC(=O)[C@H](CC(C)C)NC(=O)[C@H](CCC(=O)O)NC(=O)[C@H](CS)NC(=O)[C@H](Cc1ccccc1)NC(=O)[C@H](CCCNC(=N)N)NC(=O)[C@@H](N)CC(N)=O)C(=O)N[C@@H](CCC(N)=O)C(=O)NCC(=O)N[C@H](C(=O)NCC(=O)N[C@@H](CC(=O)O)C(=O)N[C@H](C(=O)N[C@@H](CCCCN)C(=O)N[C@@H](C)C(=O)N[C@@H](CS)C(=O)N[C@@H](CCC(=O)O)C(=O)N[C@@H](CCC(=O)O)C(=O)N[C@@H](C)C(=O)N[C@@H](CS)C(=O)N[C@@H](CCC(N)=O)C(=O)O)C(C)C)[C@@H](C)O
CHEMBL3132982,CC[C@H](C)[C@H](NC(=O)[C@H](CS)NC(=O)[C@H](Cc1ccccc1)NC(=O)[C@H](CC(C)C)NC(=O)[C@H](CCC(=O)O)NC(=O)[C@H](CS)NC(=O)[C@H](Cc1ccccc1)NC(=O)[C@H](CCCNC(=N)N)NC(=O)[C@@H](N)CC(N)=O)C(=O)N[C@@H](CCC(N)=O)C(=O)NCC(=O)N[C@H](C(=O)NCC(=O)N[C@@H](CC(=O)O)C(=O)N[C@H](C(=O)N[C@@H](CCCCN)C(=O)N[C@@H](C)C(=O)N[C@@H](CS)C(=O)N[C@@H](CCC(=O)O)C(=O)N[C@@H](Cc1c[nH]c2ccccc12)C(=O)N[C@@H](C)C(=O)N[C@@H](CS)C(=O)N[C@@H](CCC(N)=O)C(=O)O)C(C)C)[C@@H](C)O
CHEMBL3132983,CC[C@H](C)[C@H](NC(=O)[C@H](CS)NC(=O)[C@H](Cc1ccccc1)NC(=O)[C@H](CC(C)C)NC(=O)[C@H](CCC(=O)O)NC(=O)[C@H](CS)NC(=O)[C@H](Cc1ccccc1)NC(=O)[C@H](CCCNC(=N)N)NC(=O)[C@@H](N)CC(N)=O)C(=O)N[C@@H](CCC(N)=O)C(=O)N[C@@H](CC(=O)O)C(=O)N[C@H](C(=O)NCC(=O)N[C@@H](CC(=O)O)C(=O)N[C@H](C(=O)N[C@@H](CCCCN)C(=O)N[C@@H](C)C(=O)N[C@@H](CS)C(=O)N[C@@H](CCC(=O)O)C(=O)N[C@@H](Cc1c[nH]c2ccccc12)C(=O)N[C@@H](C)C(=O)N[C@@H](CS)C(=O)N[C@@H](CCC(N)=O)C(=O)O)C(C)C)[C@@H](C)O
CHEMBL3132984,CC[C@H](C)[C@H](NC(=O)[C@H](CS)NC(=O)[C@H](Cc1ccccc1)NC(=O)[C@H](CC(C)C)NC(=O)[C@H](CCC(=O)O)NC(=O)[C@H](CS)NC(=O)[C@H](Cc1ccccc1)NC(=O)[C@H](CCCNC(=N)N)NC(=O)[C@@H](N)CC(N)=O)C(=O)N[C@@H](CCC(=O)O)C(=O)NCC(=O)N[C@H](C(=O)NCC(=O)N[C@@H](CC(=O)O)C(=O)N[C@H](C(=O)N[C@@H](CCCCN)C(=O)N[C@@H](C)C(=O)N[C@@H](CS)C(=O)N[C@@H](CCC(=O)O)C(=O)N[C@@H](Cc1c[nH]c2ccccc12)C(=O)N[C@@H](C)C(=O)N[C@@H](CS)C(=O)N[C@@H](CCC(N)=O)C(=O)O)C(C)C)[C@@H](C)O
CHEMBL3132985,CC[C@H](C)[C@H](NC(=O)[C@H](CS)NC(=O)[C@H](Cc1ccccc1)NC(=O)[C@H](CC(C)C)NC(=O)[C@H](CCC(=O)O)NC(=O)[C@H](CS)NC(=O)[C@H](Cc1ccccc1)NC(=O)[C@H](CCCNC(=N)N)NC(=O)[C@@H](N)CCCCN)C(=O)N[C@@H](CCC(N)=O)C(=O)NCC(=O)N[C@H](C(=O)NCC(=O)N[C@@H](CC(=O)O)C(=O)N[C@H](C(=O)N[C@@H](CCCCN)C(=O)N[C@@H](C)C(=O)N[C@@H](CS)C(=O)N[C@@H](CCC(=O)O)C(=O)N[C@@H](Cc1c[nH]c2ccccc12)C(=O)N[C@@H](C)C(=O)N[C@@H](CS)C(=O)N[C@@H](CCC(N)=O)C(=O)O)C(C)C)[C@@H](C)O
CHEMBL3132986,CC[C@H](C)[C@H](NC(=O)[C@H](CS)NC(=O)[C@H](CC(C)C)NC(=O)[C@H](CC(C)C)NC(=O)[C@H](CCC(=O)O)NC(=O)[C@H](CS)NC(=O)[C@H](CC(C)C)NC(=O)[C@H](CCCNC(=N)N)NC(=O)[C@@H](N)CC(N)=O)C(=O)N[C@@H](CCC(N)=O)C(=O)NCC(=O)N[C@H](C(=O)NCC(=O)N[C@@H](CC(=O)O)C(=O)N[C@H](C(=O)N[C@@H](CCCCN)C(=O)N[C@@H](C)C(=O)N[C@@H](CS)C(=O)N[C@@H](CCC(=O)O)C(=O)N[C@@H](Cc1c[nH]c2ccccc12)C(=O)N[C@@H](C)C(=O)N[C@@H](CS)C(=O)N[C@@H](CCC(N)=O)C(=O)O)C(C)C)[C@@H](C)O
CHEMBL3132987,CC[C@H](C)[C@H](NC(=O)[C@H](CS)NC(=O)[C@H](Cc1ccccc1)NC(=O)[C@H](CC(C)C)NC(=O)[C@H](CCC(=O)O)NC(=O)[C@H](CS)NC(=O)[C@H](Cc1ccccc1)NC(=O)[C@H](CC(C)C)NC(=O)[C@@H](N)CC(N)=O)C(=O)N[C@@H](CCC(N)=O)C(=O)NCC(=O)N[C@H](C(=O)NCC(=O)N[C@@H](CC(=O)O)C(=O)N[C@H](C(=O)N[C@@H](CCCCN)C(=O)N[C@@H](C)C(=O)N[C@@H](CS)C(=O)N[C@@H](CCC(=O)O)C(=O)N[C@@H](Cc1c[nH]c2ccccc12)C(=O)N[C@@H](C)C(=O)N[C@@H](CS)C(=O)N[C@@H](CCC(N)=O)C(=O)O)C(C)C)[C@@H](C)O
CHEMBL3132988,CC[C@H](C)[C@H](NC(=O)[C@H](CS)NC(=O)[C@H](Cc1ccccc1)NC(=O)[C@H](CC(C)C)NC(=O)[C@H](CCC(=O)O)NC(=O)[C@H](CS)NC(=O)[C@H](Cc1ccccc1)NC(=O)[C@H](CCCNC(=N)N)NC(=O)[C@@H](N)CO)C(=O)N[C@@H](CCC(N)=O)C(=O)NCC(=O)N[C@H](C(=O)NCC(=O)N[C@@H](CC(=O)O)C(=O)N[C@H](C(=O)N[C@@H](CCCCN)C(=O)N[C@@H](C)C(=O)N[C@@H](CS)C(=O)N[C@@H](CCC(=O)O)C(=O)N[C@@H](Cc1c[nH]c2ccccc12)C(=O)N[C@@H](C)C(=O)N[C@@H](CS)C(=O)N[C@@H](CCC(N)=O)C(=O)O)C(C)C)[C@@H](C)O
CHEMBL3132989,CC[C@H](C)[C@H](NC(=O)[C@H](CS)NC(=O)[C@H](Cc1ccccc1)NC(=O)[C@H](CC(C)C)NC(=O)[C@H](CCCCN)NC(=O)[C@H](CS)NC(=O)[C@H](Cc1ccccc1)NC(=O)[C@H](CCCNC(=N)N)NC(=O)[C@@H](N)CC(N)=O)C(=O)N[C@@H](CCC(N)=O)C(=O)NCC(=O)N[C@H](C(=O)NCC(=O)N[C@@H](CC(=O)O)C(=O)N[C@H](C(=O)N[C@@H](CCCCN)C(=O)N[C@@H](C)C(=O)N[C@@H](CS)C(=O)N[C@@H](CCC(=O)O)C(=O)N[C@@H](Cc1c[nH]c2ccccc12)C(=O)N[C@@H](C)C(=O)N[C@@H](CS)C(=O)N[C@@H](CCC(N)=O)C(=O)O)C(C)C)[C@@H](C)O
CHEMBL3132990,CC[C@H](C)[C@H](NC(=O)[C@H](CS)NC(=O)[C@H](Cc1ccccc1)NC(=O)[C@H](CCSC)NC(=O)[C@H](CCC(=O)O)NC(=O)[C@H](CS)NC(=O)[C@H](Cc1ccccc1)NC(=O)[C@H](CCCNC(=N)N)NC(=O)[C@@H](N)CC(N)=O)C(=O)N[C@@H](CCC(N)=O)C(=O)NCC(=O)N[C@H](C(=O)NCC(=O)N[C@@H](CC(=O)O)C(=O)N[C@H](C(=O)N[C@@H](CCCCN)C(=O)N[C@@H](C)C(=O)N[C@@H](CS)C(=O)N[C@@H](CCC(=O)O)C(=O)N[C@@H](Cc1c[nH]c2ccccc12)C(=O)N[C@@H](C)C(=O)N[C@@H](CS)C(=O)N[C@@H](CCC(N)=O)C(=O)O)C(C)C)[C@@H](C)O
CHEMBL3132991,CC(C)C[C@H](NC(=O)[C@H](CCC(=O)O)NC(=O)[C@H](CS)NC(=O)[C@H](Cc1ccccc1)NC(=O)[C@H](CCCNC(=N)N)NC(=O)[C@@H](N)CC(N)=O)C(=O)N[C@@H](Cc1ccccc1)C(=O)N[C@@H](CS)C(=O)N[C@@H](Cc1ccccc1)C(=O)N[C@@H](CCC(N)=O)C(=O)NCC(=O)N[C@H](C(=O)NCC(=O)N[C@@H](CC(=O)O)C(=O)N[C@H](C(=O)N[C@@H](CCCCN)C(=O)N[C@@H](C)C(=O)N[C@@H](CS)C(=O)N[C@@H](CCC(=O)O)C(=O)N[C@@H](Cc1c[nH]c2ccccc12)C(=O)N[C@@H](C)C(=O)N[C@@H](CS)C(=O)N[C@@H](CCC(N)=O)C(=O)O)C(C)C)[C@@H](C)O
CHEMBL3132992,CC[C@H](C)[C@H](NC(=O)[C@H](CS)NC(=O)[C@H](Cc1ccccc1)NC(=O)[C@H](CC(C)C)NC(=O)[C@H](CCC(=O)O)NC(=O)[C@H](CS)NC(=O)[C@H](Cc1ccc(Cl)cc1)NC(=O)[C@H](CCCNC(=N)N)NC(=O)[C@@H](N)CC(N)=O)C(=O)N[C@@H](CCC(N)=O)C(=O)NCC(=O)N[C@H](C(=O)NCC(=O)N[C@@H](CC(=O)O)C(=O)N[C@H](C(=O)N[C@@H](CCCCN)C(=O)N[C@@H](C)C(=O)N[C@@H](CS)C(=O)N[C@@H](CCC(=O)O)C(=O)N[C@@H](Cc1c[nH]c2ccccc12)C(=O)N[C@@H](C)C(=O)N[C@@H](CS)C(=O)N[C@@H](CCC(N)=O)C(=O)O)C(C)C)[C@@H](C)O
CHEMBL3132993,CC[C@H](C)[C@H](NC(=O)[C@H](CS)NC(=O)[C@H](Cc1ccc(Cl)cc1)NC(=O)[C@H](CC(C)C)NC(=O)[C@H](CCC(=O)O)NC(=O)[C@H](CS)NC(=O)[C@H](Cc1ccccc1)NC(=O)[C@H](CCCNC(=N)N)NC(=O)[C@@H](N)CC(N)=O)C(=O)N[C@@H](CCC(N)=O)C(=O)NCC(=O)N[C@H](C(=O)NCC(=O)N[C@@H](CC(=O)O)C(=O)N[C@H](C(=O)N[C@@H](CCCCN)C(=O)N[C@@H](C)C(=O)N[C@@H](CS)C(=O)N[C@@H](CCC(=O)O)C(=O)N[C@@H](Cc1c[nH]c2ccccc12)C(=O)N[C@@H](C)C(=O)N[C@@H](CS)C(=O)N[C@@H](CCC(N)=O)C(=O)O)C(C)C)[C@@H](C)O
CHEMBL3132994,CC[C@H](C)[C@H](NC(=O)[C@H](CS)NC(=O)[C@H](Cc1ccccc1)NC(=O)[C@H](CC(C)C)NC(=O)[C@H](CCC(=O)O)NC(=O)[C@H](CS)NC(=O)[C@H](Cc1ccccc1Cl)NC(=O)[C@H](CCCNC(=N)N)NC(=O)[C@@H](N)CC(N)=O)C(=O)N[C@@H](CCC(N)=O)C(=O)NCC(=O)N[C@H](C(=O)NCC(=O)N[C@@H](CC(=O)O)C(=O)N[C@H](C(=O)N[C@@H](CCCCN)C(=O)N[C@@H](C)C(=O)N[C@@H](CS)C(=O)N[C@@H](CCC(=O)O)C(=O)N[C@@H](Cc1c[nH]c2ccccc12)C(=O)N[C@@H](C)C(=O)N[C@@H](CS)C(=O)N[C@@H](CCC(N)=O)C(=O)O)C(C)C)[C@@H](C)O
CHEMBL3132995,CC[C@H](C)[C@H](NC(=O)[C@H](CS)NC(=O)[C@H](Cc1ccccc1Cl)NC(=O)[C@H](CC(C)C)NC(=O)[C@H](CCC(=O)O)NC(=O)[C@H](CS)NC(=O)[C@H](Cc1ccccc1)NC(=O)[C@H](CCCNC(=N)N)NC(=O)[C@@H](N)CC(N)=O)C(=O)N[C@@H](CCC(N)=O)C(=O)NCC(=O)N[C@H](C(=O)NCC(=O)N[C@@H](CC(=O)O)C(=O)N[C@H](C(=O)N[C@@H](CCCCN)C(=O)N[C@@H](C)C(=O)N[C@@H](CS)C(=O)N[C@@H](CCC(=O)O)C(=O)N[C@@H](Cc1c[nH]c2ccccc12)C(=O)N[C@@H](C)C(=O)N[C@@H](CS)C(=O)N[C@@H](CCC(N)=O)C(=O)O)C(C)C)[C@@H](C)O
CHEMBL3132996,CC[C@H](C)[C@H](NC(=O)[C@H](CS)NC(=O)[C@H](Cc1ccccc1)NC(=O)[C@H](CC(C)C)NC(=O)[C@H](CCC(=O)O)NC(=O)[C@H](CS)NC(=O)[C@H](CC1CCCCC1)NC(=O)[C@H](CCCNC(=N)N)NC(=O)[C@@H](N)CC(N)=O)C(=O)N[C@@H](CCC(N)=O)C(=O)NCC(=O)N[C@H](C(=O)NCC(=O)N[C@@H](CC(=O)O)C(=O)N[C@H](C(=O)N[C@@H](CCCCN)C(=O)N[C@@H](C)C(=O)N[C@@H](CS)C(=O)N[C@@H](CCC(=O)O)C(=O)N[C@@H](Cc1c[nH]c2ccccc12)C(=O)N[C@@H](C)C(=O)N[C@@H](CS)C(=O)N[C@@H](CCC(N)=O)C(=O)O)C(C)C)[C@@H](C)O
CHEMBL3132997,CC[C@H](C)[C@H](NC(=O)[C@H](CS)NC(=O)[C@H](CC1CCCCC1)NC(=O)[C@H](CC(C)C)NC(=O)[C@H](CCC(=O)O)NC(=O)[C@H](CS)NC(=O)[C@H](Cc1ccccc1)NC(=O)[C@H](CCCNC(=N)N)NC(=O)[C@@H](N)CC(N)=O)C(=O)N[C@@H](CCC(N)=O)C(=O)NCC(=O)N[C@H](C(=O)NCC(=O)N[C@@H](CC(=O)O)C(=O)N[C@H](C(=O)N[C@@H](CCCCN)C(=O)N[C@@H](C)C(=O)N[C@@H](CS)C(=O)N[C@@H](CCC(=O)O)C(=O)N[C@@H](Cc1c[nH]c2ccccc12)C(=O)N[C@@H](C)C(=O)N[C@@H](CS)C(=O)N[C@@H](CCC(N)=O)C(=O)O)C(C)C)[C@@H](C)O
CHEMBL3132998,CC[C@H](C)[C@H](NC(=O)[C@H](CS)NC(=O)[C@H](Cc1ccccc1)NC(=O)[C@H](CC(C)C)NC(=O)[C@H](CCC(=O)O)NC(=O)[C@H](CS)NC(=O)[C@H](Cc1ccccc1)NC(=O)[C@H](CCCNC(=N)N)NC(=O)[C@@H](N)CC(N)=O)C(=O)N[C@@H](CCC(N)=O)C(=O)NCC(=O)N[C@H](C(=O)N[C@@H](CCC(=O)O)C(=O)N[C@@H](CC(=O)O)C(=O)N[C@H](C(=O)N[C@@H](CCCCN)C(=O)N[C@@H](C)C(=O)N[C@@H](CS)C(=O)N[C@@H](CCC(=O)O)C(=O)N[C@@H](Cc1c[nH]c2ccccc12)C(=O)N[C@@H](C)C(=O)N[C@@H](CS)C(=O)N[C@@H](CCC(N)=O)C(=O)O)C(C)C)[C@@H](C)O
CHEMBL3132999,CC(C)C[C@H](NC(=O)[C@H](CS)NC(=O)[C@H](CC(N)=O)NC(=O)[C@H](Cc1ccccc1)NC(=O)[C@H](Cc1ccc(O)cc1)NC(=O)[C@H](CS)NC(=O)[C@H](C)N)C(=O)N[C@@H](Cc1ccccc1)C(=O)N[C@@H](CCC(=O)O)C(=O)NCC(=O)N[C@@H](CC(N)=O)C(=O)N[C@@H](CC(=O)O)C(=O)N[C@@H](CCC(=O)O)C(=O)N[C@@H](CCC(=O)O)C(=O)N[C@H](C(=O)N[C@@H](CS)C(=O)N[C@@H](CCCCN)C(=O)N[C@@H](CCC(=O)O)C(=O)N[C@@H](CCCNC(=N)N)C(=O)N[C@@H](CS)C(=O)O)[C@@H](C)O
CHEMBL3133000,CC(C)C[C@H](NC(=O)[C@H](CS)NC(=O)[C@H](CC(N)=O)NC(=O)[C@H](Cc1ccccc1)NC(=O)[C@H](Cc1ccc(O)cc1)NC(=O)[C@H](CS)NC(=O)[C@H](C)N)C(=O)N[C@@H](Cc1ccccc1)C(=O)N[C@@H](CCC(=O)O)C(=O)NCC(=O)N[C@@H](CC(N)=O)C(=O)N[C@@H](CC(=O)O)C(=O)N[C@@H](CCC(=O)O)C(=O)N[C@@H](CCC(=O)O)C(=O)N[C@H](C(=O)N[C@@H](CS)C(=O)N[C@@H](CCCCN)C(=O)N[C@@H](CCC(=O)O)C(=O)N[C@@H](Cc1c[nH]c2ccccc12)C(=O)N[C@@H](CS)C(=O)O)[C@@H](C)O
CHEMBL3133001,CC(C)C[C@H](NC(=O)[C@H](CS)NC(=O)[C@H](C)N)C(=O)N[C@@H](Cc1ccccc1)C(=O)N[C@@H](CC(N)=O)C(=O)N[C@@H](CS)C(=O)N[C@@H](CC(C)C)C(=O)N[C@@H](Cc1ccccc1)C(=O)N[C@@H](CCC(=O)O)C(=O)NCC(=O)N[C@@H](CC(N)=O)C(=O)N[C@@H](CC(=O)O)C(=O)N[C@@H](CCC(=O)O)C(=O)N[C@@H](CCC(=O)O)C(=O)N[C@H](C(=O)N[C@@H](CS)C(=O)N[C@@H](CCCCN)C(=O)N[C@@H](CCC(=O)O)C(=O)N[C@@H](Cc1c[nH]c2ccccc12)C(=O)N[C@@H](CS)C(=O)O)[C@@H](C)O
CHEMBL3133002,CC(C)C[C@H](NC(=O)[C@H](CS)NC(=O)[C@H](CC(N)=O)NC(=O)[C@H](Cc1ccccc1)NC(=O)[C@H](CCCNC(=N)N)NC(=O)[C@H](CS)NC(=O)[C@H](C)N)C(=O)N[C@@H](Cc1ccccc1)C(=O)N[C@@H](CCC(=O)O)C(=O)NCC(=O)N[C@@H](CC(N)=O)C(=O)N[C@@H](CC(=O)O)C(=O)N[C@@H](CCC(=O)O)C(=O)N[C@@H](CCC(=O)O)C(=O)N[C@H](C(=O)N[C@@H](CS)C(=O)N[C@@H](CCCCN)C(=O)N[C@@H](CCC(=O)O)C(=O)N[C@@H](Cc1c[nH]c2ccccc12)C(=O)N[C@@H](CS)C(=O)O)[C@@H](C)O
CHEMBL3133003,CC(C)C[C@H](NC(=O)[C@H](CC(C)C)NC(=O)[C@H](CS)NC(=O)[C@H](CC(N)=O)NC(=O)[C@H](CC(C)C)NC(=O)[C@H](Cc1ccc(O)cc1)NC(=O)[C@H](CS)NC(=O)[C@H](C)N)C(=O)N[C@@H](CCC(=O)O)C(=O)NCC(=O)N[C@@H](CC(N)=O)C(=O)N[C@@H](CC(=O)O)C(=O)N[C@@H](CCC(=O)O)C(=O)N[C@@H](CCC(=O)O)C(=O)N[C@H](C(=O)N[C@@H](CS)C(=O)N[C@@H](CCCCN)C(=O)N[C@@H](CCC(=O)O)C(=O)N[C@@H](Cc1c[nH]c2ccccc12)C(=O)N[C@@H](CS)C(=O)O)[C@@H](C)O
CHEMBL3133004,CC(C)C[C@H](NC(=O)[C@H](CS)NC(=O)[C@H](CC(N)=O)NC(=O)[C@H](Cc1ccccc1)NC(=O)[C@H](Cc1ccc(O)cc1)NC(=O)[C@H](CS)NC(=O)[C@H](C)N)C(=O)N[C@@H](Cc1ccccc1)C(=O)N[C@@H](CCC(=O)O)C(=O)NCC(=O)N[C@@H](CCC(=O)O)C(=O)N[C@@H](CC(=O)O)C(=O)N[C@@H](CCC(=O)O)C(=O)N[C@@H](CCC(=O)O)C(=O)N[C@H](C(=O)N[C@@H](CS)C(=O)N[C@@H](CCCCN)C(=O)N[C@@H](CCC(=O)O)C(=O)N[C@@H](Cc1c[nH]c2ccccc12)C(=O)N[C@@H](CS)C(=O)O)[C@@H](C)O
CHEMBL315964,O=C1ON=C(c2ccc(O)cc2)/C1=C/c1ccc(N2CCCC2)cc1
CHEMBL317578,COc1cccc2c1-c1ccc3c(c1C(c1cccc(OC(=O)N(C)C)c1)O2)C(C)=CC(C)(C)N3
CHEMBL317921,CC1=CC(C)(C)Nc2ccc3c(c21)C(c1ccc(Cl)c(Cl)c1)Oc1ccccc1-3
CHEMBL3183409,CNC(=O)c1ccc(N2C(=S)N(c3cnc(C#N)c(C(F)(F)F)c3)C(=O)C23CCC3)cc1F
CHEMBL318409,CC1=CC(C)(C)Nc2ccc3c(c21)C(c1ccccc1)Oc1ccc(Cl)cc1-3
CHEMBL318513,CC1=CC(C)(C)Nc2ccc3c(c21)C(c1cccc(C(F)(F)F)c1)Oc1ccccc1-3
CHEMBL320690,CC1=CC(C)(C)Nc2ccc3c(c21)C(c1cccc(Cl)c1)Oc1ccccc1-3
CHEMBL322108,CCCCC1Oc2ccc(OC)cc2-c2ccc3c(c21)C(C)=CC(C)(C)N3
CHEMBL3221237,CN1C(=O)C(F)=C[C@]2(C)[C@H]3CC[C@]4(C)[C@@H](C(=O)NCc5nc6cccnc6[nH]5)CC[C@H]4[C@@H]3CC[C@@H]12
CHEMBL3233069,COc1ccc(OC[C@](C)(O)C(=O)N2CCc3c(C#N)cccc32)c(Cl)c1
CHEMBL3233070,C[C@](O)(COc1ccc(Cl)cc1F)C(=O)N1CCc2c(C#N)cccc21
CHEMBL3233071,C[C@](O)(COc1ccc(Cl)cc1Cl)C(=O)N1CCc2c(C#N)cccc21
CHEMBL3233072,C[C@](O)(COc1ccc(Br)cc1F)C(=O)N1CCc2c(C#N)cccc21
CHEMBL3234858,COc1cc(OC)cc(-c2nnc([C@@]3(Cc4ccccc4)OC(=O)N([C@H](C)c4ccccc4)C3=O)o2)c1
CHEMBL3234863,C[C@H](c1ccccc1)N1C(=O)O[C@](Cc2ccccc2)(c2nnc(C3(c4ccccc4)CC3)o2)C1=O
CHEMBL3238273,C[C@](O)(COc1ccccc1)C(=O)N1CCc2c(C#N)cccc21
CHEMBL3238274,C[C@](O)(COc1ccc(F)cc1)C(=O)N1CCc2c(C#N)cccc21
CHEMBL3238275,C[C@](O)(COc1cccc(F)c1)C(=O)N1CCc2c(C#N)cccc21
CHEMBL3238276,C[C@](O)(COc1ccccc1F)C(=O)N1CCc2c(C#N)cccc21
CHEMBL3238277,C[C@](O)(COc1ccc(Cl)cc1)C(=O)N1CCc2c(C#N)cccc21
CHEMBL3238278,C[C@](O)(COc1cccc(Cl)c1)C(=O)N1CCc2c(C#N)cccc21
CHEMBL3238279,C[C@](O)(COc1ccccc1Cl)C(=O)N1CCc2c(C#N)cccc21
CHEMBL3238280,C[C@](O)(COc1ccc(Br)cc1)C(=O)N1CCc2c(C#N)cccc21
CHEMBL3238281,C[C@](O)(COc1ccc(C(F)(F)F)cc1)C(=O)N1CCc2c(C#N)cccc21
CHEMBL3238282,COc1ccc(OC[C@](C)(O)C(=O)N2CCc3c(C#N)cccc32)cc1
CHEMBL3238283,COC(=O)c1ccc(OC[C@](C)(O)C(=O)N2CCc3c(C#N)cccc32)cc1
CHEMBL3238284,C[C@](O)(COc1ccc(-c2cocn2)cc1)C(=O)N1CCc2c(C#N)cccc21
CHEMBL3238285,C[C@](O)(COc1ccc(C#N)cc1)C(=O)N1CCc2c(C#N)cccc21
CHEMBL3238286,C[C@](O)(COc1ccccc1C(F)(F)F)C(=O)N1CCc2c(C#N)cccc21
CHEMBL3238287,C[C@](O)(COc1ccccc1C#N)C(=O)N1CCc2c(C#N)cccc21
CHEMBL3238288,C[C@](O)(COc1ccc(F)cc1C#N)C(=O)N1CCc2c(C#N)cccc21
CHEMBL3238289,C[C@](O)(COc1ccc(F)cc1Br)C(=O)N1CCc2c(C#N)cccc21
CHEMBL3238290,Cc1cc(F)ccc1OC[C@](C)(O)C(=O)N1CCc2c(C#N)cccc21
CHEMBL3238291,C[C@](O)(COc1ccc(C#N)cc1Br)C(=O)N1CCc2c(C#N)cccc21
CHEMBL3238292,C[C@](O)(COc1ccc(C#N)cc1F)C(=O)N1CCc2c(C#N)cccc21
CHEMBL3238293,COc1cc(C#N)ccc1OC[C@](C)(O)C(=O)N1CCc2c(C#N)cccc21
CHEMBL3238294,COc1cc(Cl)ccc1OC[C@](C)(O)C(=O)N1CCc2c(C#N)cccc21
CHEMBL3238295,COc1ccc(OC[C@](C)(O)C(=O)N2CCc3c(C#N)cccc32)c(F)c1
CHEMBL325221,CCCCC1Oc2ccccc2-c2ccc3c(c21)C(C)=CC(C)(C)N3
CHEMBL32603,CC1C(=O)C(C)(C)Nc2ccc3c(c21)/C(=C/c1ccccc1)Oc1ccccc1-3
CHEMBL326092,CCCCC1Oc2ccc(F)cc2-c2ccc3c(c21)C(C)=CC(C)(C)N3
CHEMBL3261407,Cc1cc(C)c(S(=O)(=O)N[C@@H](C)CNc2cccc3c2cnn3-c2ccc(F)cc2)c(C)c1
CHEMBL3261425,Cc1nn(C2CCCC2)c(C)c1S(=O)(=O)N[C@@H](C)CNc1cccc2c1cnn2-c1ccc(F)nc1
CHEMBL3262343,CC(C)(O)c1cn(-c2ccc(Cl)c(C(F)(F)F)c2)nn1
CHEMBL3262347,CC(C)(O)c1cn(-c2ccc([N+](=O)[O-])c(C(F)(F)F)c2)nn1
CHEMBL3262348,CC(C)(O)c1cn(-c2cc(C(F)(F)F)cc(C(F)(F)F)c2)nn1
CHEMBL3263750,COc1cc(C2=NN(c3ccc(C#N)c(C)c3)[C@@H](C3CCCC3)C2)ccc1C(=O)O
CHEMBL3263751,CCOc1cc(C2=NN(c3ccc(C#N)c(C)c3)[C@@H](C3CCCC3)C2)ccc1C(=O)O
CHEMBL3263752,COc1nc(C2=NN(c3ccc(C#N)c(C)c3)[C@@H](C3CCCC3)C2)ccc1C(=O)O
CHEMBL3263754,COc1nc(C2=NN(c3ccc(C#N)c(C)n3)[C@@H](C3CCCC3)C2)ccc1C(=O)O
CHEMBL3263755,COc1cc(C2=NN(c3ccc(C#N)c(C)n3)[C@@H](C3CCCC3)C2)ccc1C(=O)O
CHEMBL3263756,Cc1nc(N2N=C(c3ccc(C(=O)O)cc3)C[C@@H]2C2CCCC2)ccc1C#N
CHEMBL3263757,CCOc1nc(C2=NN(c3ccc(C#N)c(C)c3)[C@@H](C3CCCC3)C2)ccc1C(=O)O
CHEMBL3263758,COc1nc(C2=NN(c3ccc(C#N)c(Cl)c3)[C@@H](C3CCCC3)C2)ccc1C(=O)O
CHEMBL3263760,COc1nc(C2=NN(c3ccc(C#N)c(C)c3)[C@@H](C3CCCC3)C2)ccc1C(N)=O
CHEMBL3263761,CNC(=O)c1ccc(C2=NN(c3ccc(C#N)c(C)c3)[C@@H](C3CCCC3)C2)nc1OC
CHEMBL3263762,COc1nc(C2=NN(c3ccc(C#N)c(C)c3)[C@@H](C3CCCC3)C2)ccc1C(=O)N(C)C
CHEMBL3263763,COc1nc(C2=NN(c3ccc(C#N)c(C)n3)[C@@H](C3CCCC3)C2)ccc1C(N)=O
CHEMBL3263764,CNC(=O)c1ccc(C2=NN(c3ccc(C#N)c(C)n3)[C@@H](C3CCCC3)C2)nc1OC
CHEMBL3263765,COc1nc(C2=NN(c3ccc(C#N)c(C)n3)[C@@H](C3CCCC3)C2)ccc1C(=O)N(C)C
CHEMBL3263766,COc1nc(C2=NN(c3ccc(C#N)c(C)c3)[C@@H](C3CCCC3)C2)ccc1C(=O)NS(C)(=O)=O
CHEMBL3263767,COc1nc(C2=NN(c3ccc(C#N)c(C)n3)[C@@H](C3CCCC3)C2)ccc1C(=O)NS(C)(=O)=O
CHEMBL3263768,COc1nc(C2=NN(c3ccc(C#N)c(C)c3)[C@@H](C3CCCC3)C2)ccc1C(=O)Nc1nnn[nH]1
CHEMBL32812,CC1=CC(C)(C)Nc2ccc3c(c21)/C(=C/c1cccc(F)c1)Oc1ccccc1-3
CHEMBL330478,O=C1ON=C(c2ccc(F)cc2)/C1=C/c1ccc(N2CCCC2)cc1
CHEMBL3315061,CC(C)(C(=O)NC(N)=O)[C@@H]1c2ccc(-c3ccc(C(=O)N4CCOCC4)cc3)nc2Oc2c(F)cccc21
CHEMBL3315062,CC(C)(C(=O)Nc1nncs1)[C@@H]1c2ccc(-c3ccc(C(=O)N4CCOCC4)cc3)nc2Oc2c(F)cccc21
CHEMBL3317457,O=C(c1cc2ccc(F)cc2[nH]1)N(Cc1ccco1)Cc1ccco1
CHEMBL3318054,CN(Cc1ccc(Br)o1)C(=O)c1cc2ccc(F)cc2[nH]1
CHEMBL3318055,Cc1ccc(CN(C)C(=O)c2cc3cc(F)ccc3[nH]2)o1
CHEMBL3318056,N#CCCN(Cc1ccccc1)C(=O)c1cc2ccccc2[nH]1
CHEMBL3318057,COCCN(Cc1ccco1)C(=O)c1cc2cc(F)ccc2[nH]1
CHEMBL3318058,CC(C)N(Cc1ccco1)C(=O)c1cc2cc(C(F)(F)F)ccc2[nH]1
CHEMBL3318059,CN(Cc1ccc(Br)s1)C(=O)c1cc2ccc(F)cc2[nH]1
CHEMBL3318060,CN(Cc1cccs1)C(=O)c1cc2ccc(F)cc2[nH]1
CHEMBL3318061,Cc1ccc(CN(C(=O)c2cc3ccccc3[nH]2)C(C)C)o1
CHEMBL3318062,Cc1ccc2cc(C(=O)N(Cc3ccc(C)o3)C(C)C)[nH]c2c1
CHEMBL3318063,Cc1ccc2[nH]c(C(=O)N(Cc3ccc(C)o3)C(C)C)cc2c1
CHEMBL3318064,Cc1ccc2[nH]c(C(=O)N(Cc3ccco3)C(C)C)cc2c1
CHEMBL3318065,Cc1ccc(CN(C(=O)c2cc3cc(F)ccc3[nH]2)C(C)C)o1
CHEMBL3318066,Cc1ccc2cc(C(=O)N(Cc3ccco3)C(C)C)[nH]c2c1
CHEMBL3318067,Cc1ccc(CN(C(=O)c2cc3cccc(F)c3[nH]2)C(C)C)o1
CHEMBL3318068,Cc1ccc(CN(C(=O)c2cc3ccc(F)cc3[nH]2)C(C)C)o1
CHEMBL3318069,CC(C)N(Cc1ccco1)C(=O)c1cc2cc(F)ccc2[nH]1
CHEMBL3318070,CC(C)N(Cc1ccco1)C(=O)c1cc2ccc(F)cc2[nH]1
CHEMBL3323467,CNc1nc(-c2ccc3ccccc3c2)cs1
CHEMBL3323468,Oc1ccc2nc(N3CCOCC3)sc2c1
CHEMBL3323469,Oc1ccc(-c2ccc3ccccc3n2)cc1
CHEMBL3323470,c1ccc(-c2ccc(N3CCOCC3)s2)cc1
CHEMBL3323471,FC(F)(F)c1cccc(-c2csc(N3CCOCC3)n2)c1
CHEMBL3323472,Cc1ccc(C)c(-c2csc(N3CCOCC3)n2)c1
CHEMBL3323473,c1ccc(-c2csc(N3CCCCC3)n2)cc1
CHEMBL3323474,c1ccc(-c2cc(N3CCOCC3)cs2)cc1
CHEMBL3323475,Nc1ccccc1-c1csc(N2CCOCC2)n1
CHEMBL3323476,N#Cc1ccc(-c2ccc(N3CCOCC3)s2)cc1
CHEMBL3323477,FC(F)(F)[C@H]1CN(c2nc(-c3ccccc3)cs2)CCO1
CHEMBL3323478,Clc1ccc(-c2csc(N3CCOCC3)n2)c(Cl)c1
CHEMBL3323479,Clc1ccc(-c2csc(N3CCOCC3)n2)cc1Cl
CHEMBL3323480,OCc1sc(N2CCOCC2)nc1-c1ccccc1
CHEMBL3323481,Oc1ccc(-c2nc(-c3c[nH]c4ccccc34)cs2)cc1
CHEMBL3323482,CCc1sc(N2CCOCC2)nc1-c1ccccc1
CHEMBL3323483,Brc1ncn(-c2csc(N3CCOCC3)n2)c1Br
CHEMBL3323484,COc1c(-c2csc(N3CCOCC3)n2)ccc(F)c1F
CHEMBL3323485,Cc1scc(-c2csc(N3CCOCC3)n2)c1C
CHEMBL3323486,c1cc(-c2csc(N3CCOCC3)n2)cs1
CHEMBL3323487,Oc1c(F)cccc1-c1csc(N2CCOCC2)n1
CHEMBL3323488,COc1cc(F)ccc1-c1csc(N2CCOCC2)n1
CHEMBL3323489,Clc1ncn(-c2csc(N3CCOCC3)n2)c1Br
CHEMBL3323490,Clc1ncn(-c2csc(N3CCOCC3)n2)c1Cl
CHEMBL3323491,Oc1c(-c2csc(N3CCOCC3)n2)ccc(F)c1F
CHEMBL3323492,Clc1cn(-c2csc(N3CCOCC3)n2)cn1
CHEMBL3323493,Oc1cc(F)ccc1-c1csc(N2CCOCC2)n1
CHEMBL3323494,Clc1c(Br)ncn1-c1csc(N2CCOCC2)n1
CHEMBL3323495,Ic1ncn(-c2csc(N3CCOCC3)n2)c1I
CHEMBL3323496,c1ccc(-c2csc(N3CCOCC3)n2)nc1
CHEMBL3323497,Clc1ncn(-c2csc(N3CCOCC3)n2)c1I
CHEMBL3323498,Brc1cn(-c2csc(N3CCOCC3)n2)cn1
CHEMBL3323499,c1cc(-c2csc(N3CCOCC3)n2)ccn1
CHEMBL3323500,COc1c(F)cc(O)cc1-c1csc(N2CCOCC2)n1
CHEMBL3323501,CS(=O)(=O)c1c(F)cccc1-c1csc(N2CCOCC2)n1
CHEMBL3323502,Cc1ncn(-c2csc(N3CCOCC3)n2)c1C
CHEMBL3323503,Cc1sc(N2CCOCC2)nc1-c1ccccc1
CHEMBL3326454,CO[C@@H]1C(c2ccc(C#N)c(Cl)c2C)=NN2CC[C@H](O)[C@@H]12
CHEMBL333745,C[C@](O)(CSc1ccc(NC(=O)CCl)cc1)C(=O)Nc1ccc(C#N)c(C(F)(F)F)c1
CHEMBL3337723,Cc1[nH]nc(-c2ccc3c(c2)NC(=O)CO3)c1-c1ccc(F)cc1
CHEMBL3337724,Cc1onc(-c2ccc3c(c2)NC(=O)CO3)c1-c1ccc(F)cc1
CHEMBL3337725,Cn1ncc(-c2ccc3c(c2)NC(=O)CO3)c1-c1ccc(F)cc1
CHEMBL3337726,Cc1nn(C)c(-c2ccc(F)cc2)c1-c1ccc2c(c1)NC(=O)CO2
CHEMBL3337727,Cc1nn(C)c(-c2ccc(F)cc2F)c1-c1ccc2c(c1)NC(=O)CO2
CHEMBL3337728,Cc1cc(-c2c(C)nn(C)c2-c2ccc(F)cc2)cc2c1OCC(=O)N2
CHEMBL3337729,CCn1nc(C)c(-c2ccc3c(c2)NC(=O)CO3)c1-c1ccc(F)cc1
CHEMBL3337730,CCCn1nc(C)c(-c2ccc3c(c2)NC(=O)CO3)c1-c1ccc(F)cc1
CHEMBL3337731,Cc1nn(Cc2ccccc2)c(-c2ccc(F)cc2)c1-c1ccc2c(c1)NC(=O)CO2
CHEMBL3337733,Cc1nn(CCCO)c(-c2ccc(F)cc2)c1-c1ccc2c(c1)NC(=O)CO2
CHEMBL3337734,Cc1nn(CCCCO)c(-c2ccc(F)cc2)c1-c1ccc2c(c1)NC(=O)CO2
CHEMBL3337735,Cc1nn(Cc2ccccn2)c(-c2ccc(F)cc2)c1-c1ccc2c(c1)NC(=O)CO2
CHEMBL3337821,Cc1nn(Cc2cccnc2)c(-c2ccc(F)cc2)c1-c1ccc2c(c1)NC(=O)CO2
CHEMBL3337822,Cc1nn(Cc2ccncc2)c(-c2ccc(F)cc2)c1-c1ccc2c(c1)NC(=O)CO2
CHEMBL3337823,CCCCn1nc(C)c(-c2ccc3c(c2)NC(=O)CO3)c1-c1ccc(F)cc1
CHEMBL3337824,Cc1nn(CC(C)C)c(-c2ccc(F)cc2)c1-c1ccc2c(c1)NC(=O)CO2
CHEMBL3337825,Cc1nn(CCCC(F)(F)F)c(-c2ccc(F)cc2)c1-c1ccc2c(c1)NC(=O)CO2
CHEMBL3337827,Cc1nn(CCNS(C)(=O)=O)c(-c2ccc(F)cc2)c1-c1ccc2c(c1)NC(=O)CO2
CHEMBL3337828,Cc1nn(CCC#N)c(-c2ccc(F)cc2)c1-c1ccc2c(c1)NC(=O)CO2
CHEMBL3337829,Cc1nn(CC(F)(F)CO)c(-c2ccc(F)cc2)c1-c1ccc2c(c1)NC(=O)CO2
CHEMBL3337830,Cc1nn(CC(F)(F)CCO)c(-c2ccc(F)cc2)c1-c1ccc2c(c1)NC(=O)CO2
CHEMBL3337831,Cc1nn(CCC(C)(F)F)c(-c2ccc(F)cc2)c1-c1ccc2c(c1)NC(=O)CO2
CHEMBL3337832,Cc1nn(CCC(F)(F)CO)c(-c2ccc(F)cc2)c1-c1ccc2c(c1)NC(=O)CO2
CHEMBL3343778,CC(C)c1ccc2c(c1)C(=O)C[C@H]1[C@](C)(CNC(=O)c3ccccc3)CCC[C@]21C
CHEMBL335316,CC1(C)CCc2cc3c(C(F)(F)F)cc(C#N)nc3cc2N1
CHEMBL335948,CNc1cc(C(F)(F)F)c2cc3c(cc2n1)NC(C)(C)CC3
CHEMBL335992,CC1=CC(C)(C)Nc2ccc(-c3csc(C#N)c3)cc21
CHEMBL335996,COc1ccccc1/C=C1\Oc2ccc(F)cc2-c2ccc3c(c21)C(C)=CC(C)(C)N3
CHEMBL336169,CC1=CC(C)(C)Nc2ccc3c(c21)/C(=C/c1ccco1)Oc1ccc(F)cc1-3
CHEMBL336353,CC1=CC(C)(C)Nc2ccc3c(c21)/C(=C/c1ccccc1N(C)C)Oc1ccc(F)cc1-3
CHEMBL336736,CC1=CC(C)(C)Nc2ccc3c(c21)/C(=C/c1ccccc1C)Oc1ccc(F)cc1-3
CHEMBL337856,CC1=CC(C)(C)Nc2ccc3c(c21)/C(=C/c1ccccc1C)Oc1c(F)cccc1-3
CHEMBL338922,CC1(C)CCc2cc3c(C(F)(F)F)ccnc3cc2N1
CHEMBL34015,C[C@H]1C(=O)C(C)(C)Nc2ccc3c(c21)[C@H](c1ccc(Cl)cc1)Oc1ccccc1-3
CHEMBL3402220,O=C(O)c1ccc(N2CCCC2)c2ccccc12
CHEMBL3402221,C[C@H]1CCCN1c1ccc(C#N)c2ccccc12
CHEMBL3402222,C[C@@H]1CCCN1c1ccc(C#N)c2ccccc12
CHEMBL3402223,CC1(C)CCCN1c1ccc(C#N)c2ccccc12
CHEMBL3402224,CC[C@H]1CCCN1c1ccc(C#N)c2ccccc12
CHEMBL3402225,CC(C)[C@H]1CCCN1c1ccc(C#N)c2ccccc12
CHEMBL3402226,N#Cc1ccc(N2CCC[C@@H]2C(N)=O)c2ccccc12
CHEMBL3402227,N#Cc1ccc(N2CCC[C@@H]2C#N)c2ccccc12
CHEMBL3402228,C[C@H]1[C@@H](O)CCN1c1ccc(C#N)c2ccccc12
CHEMBL3402229,C[C@H]1[C@H](O)CCN1c1ccc(C#N)c2ccccc12
CHEMBL3402230,C[C@H]1C(=O)CCN1c1ccc(C#N)c2ccccc12
CHEMBL3402231,C[C@H]1[C@@H](CO)CCN1c1ccc(C#N)c2ccccc12
CHEMBL3402232,C[C@H]1[C@@H](C(C)(C)O)CCN1c1ccc(C#N)c2ccccc12
CHEMBL3402233,COC(=O)[C@H]1CCN(c2ccc(C#N)c3ccccc23)[C@H]1C
CHEMBL3410850,N#Cc1ccc(N2[C@H]3CC[C@H]2CC(O)C3)cc1C(F)(F)F
CHEMBL3410851,CC1(O)C[C@@H]2CC[C@@H](C1)N2c1ccc(C#N)c(C(F)(F)F)c1
CHEMBL3410852,N#Cc1ccc(N2C3CCC2CC(=O)C3)cc1C(F)(F)F
CHEMBL3410853,N#Cc1ccc(N2[C@H]3CC[C@H]2CC(NCc2ccccc2)C3)cc1C(F)(F)F
CHEMBL3410854,CS(=O)(=O)NC1C[C@@H]2CC[C@@H](C1)N2c1ccc(C#N)c(C(F)(F)F)c1
CHEMBL3410855,CCS(=O)(=O)NC1C[C@@H]2CC[C@@H](C1)N2c1ccc(C#N)c(C(F)(F)F)c1
CHEMBL3410856,Cc1c(N2C3CCC2CC(C)(O)C3)ccc(C#N)c1Cl
CHEMBL3421871,CC[C@@]12C[C@@](C)(O)[C@](O)(c3ccccc3)C[C@H]1CCc1cc(O)ccc12
CHEMBL3421892,Cc1noc(=O)c2ccc(NC(=O)C(O)(CC3(c4cc(F)ccc4Cl)CCC3)C(F)(F)F)cc12
CHEMBL342426,CC1=CC(C)(C)Nc2ccc3c(c21)/C(=C/c1ccc(F)c(F)c1)Oc1ccccc1-3
CHEMBL3427044,COC(=O)c1ccc(NC(=O)c2ccc([N+](=O)[O-])c(OCC(C)C)c2)c(OCC(C)C)c1
CHEMBL343306,CC1(C)OC(=O)Nc2ccc(-c3ccc(F)c(Cl)c3)cc21
CHEMBL345342,CC1=CC(C)(C)N(C)c2cc3c(cc21)c(C(F)(F)F)cc(=O)n3C
CHEMBL345854,Oc1cc(C(F)(F)F)c2cc3c(cc2n1)NC1(CCCCC1)CC3
CHEMBL346487,CC1=CC(C)(C)Nc2cc3nc(O)cc(C)c3cc21
CHEMBL346827,Cn1c(=O)cc(C(F)(F)F)c2cc3c(cc21)NC(C)(C)CC3
CHEMBL347556,CC1(C)C(=O)N(c2ccc(C#N)c(C(F)(F)F)c2)C(=O)N1CCOCCN1CCN(CCOCc2ccc(O)c(C(N)=O)c2)CC1
CHEMBL347870,CC1=CC(C)(C)N(C)c2cc3nc(O)cc(C(F)(F)F)c3cc21
CHEMBL347910,Cc1c2c(cc3c(C(F)(F)F)cc(O)nc13)C(C)CC(C)(C)N2
CHEMBL34824,CC1C(=O)C(C)(C)Nc2ccc3c(c21)/C(=C/c1cccc(F)c1)Oc1ccccc1-3
CHEMBL348495,CC1(C)C(=O)N(c2ccc(C#N)c(C(F)(F)F)c2)C(=O)N1CCOCCOCCOCc1ccc(O)c(C(N)=O)c1
CHEMBL348918,C[C@@H]1c2cc3c(C(F)(F)F)cc(=O)n(C)c3cc2N[C@@H]1C
CHEMBL349229,C[C@@H]1CNc2cc3nc(O)cc(C(F)(F)F)c3cc21
CHEMBL349539,CC1=C(C)C(C)(C)Nc2cc3nc(O)cc(C(F)(F)F)c3cc21
CHEMBL349631,C[C@H]1N(C)c2cc3c(cc2C1(C)C)c(C(F)(F)F)cc(=O)n3C
CHEMBL350465,CCC1Cc2cc3c(C(F)(F)F)cc(O)nc3cc2NC1(C)C
CHEMBL350877,CC1(C)C=Cc2cc3c(C(F)(F)F)cc(O)nc3cc2N1
CHEMBL350932,Oc1cc(C(F)(F)F)c2cc3c(cc2n1)N[C@@H]1CCCC[C@H]31
CHEMBL351022,CC1(C)CNc2cc3nc(O)cc(C(F)(F)F)c3cc21
CHEMBL351148,CCC1(C)CCc2cc3c(C(F)(F)F)cc(O)nc3cc2N1
CHEMBL351447,C[C@]12CCCC[C@H]1Nc1cc3nc(O)cc(C(F)(F)F)c3cc12
CHEMBL351465,C[C@@H]1Cc2cc3c(C(F)(F)F)cc(O)nc3cc2N1
CHEMBL351519,C[C@H]1Nc2cc3c(cc2C1(C)C)c(C(F)(F)F)cc(=O)n3C
CHEMBL352002,Cc1c2c(cc3c(C(F)(F)F)cc(=O)n(C)c13)C(C)CC(C)(C)N2
CHEMBL352456,CCn1c(=O)cc(C(F)(F)F)c2cc3c(cc21)N[C@@H]1CCCC[C@H]31
CHEMBL35429,C[C@@H]1C(=O)C(C)(C)Nc2ccc3c(c21)[C@H](c1ccc(Cl)cc1)Oc1ccccc1-3
CHEMBL35525,C[C@H]1C(=O)C(C)(C)Nc2ccc3c(c21)[C@H](c1cccc(F)c1)Oc1ccccc1-3
CHEMBL3576885,C[C@H](c1ccc(F)cc1)N1C(=O)O[C@](Cc2ccccc2)(c2nc3cc(-c4cc[nH]n4)ccc3[nH]2)C1=O
CHEMBL3578271,C[C@H](c1ccc(F)cc1)N1C(=O)O[C@](Cc2ccccc2)(c2nc3cc(Cl)ccc3[nH]2)C1=O
CHEMBL3578274,C[C@H](c1ccc(F)cc1)N1C(=O)O[C@](Cc2ccccc2)(c2nc3cc(C(F)(F)F)ccc3[nH]2)C1=O
CHEMBL3578276,C[C@H](c1ccc(F)cc1)N1C(=O)O[C@](Cc2ccccc2)(c2nc3cc(NS(C)(=O)=O)ccc3[nH]2)C1=O
CHEMBL3578284,Cc1nocc1-c1ccc2[nH]c([C@@]3(Cc4ccccc4)OC(=O)N([C@H](C)c4ccc(F)cc4)C3=O)nc2c1
CHEMBL3578285,C[C@H](c1ccc(F)cc1)N1C(=O)O[C@](Cc2ccccc2)(c2nc3cc(N4CCOCC4)ccc3[nH]2)C1=O
CHEMBL3578286,C[C@H](c1ccc(F)cc1)N1C(=O)O[C@](Cc2ccccc2)(c2nc3cc(-c4cccnc4)ccc3[nH]2)C1=O
CHEMBL3578295,C[C@H](c1ccc(F)cc1)N1C(=O)O[C@](Cc2ccccc2)(c2nc3c(NS(C)(=O)=O)cccc3[nH]2)C1=O
CHEMBL3581693,CC/C(=C(/c1ccc(/C=C/C(=O)O)cc1)c1ccc2[nH]ncc2c1)c1ccc(F)cc1Cl
CHEMBL3582112,Cc1noc(C)c1-c1cc2c(c3c1CCC3)NC(C)(C)C(=O)C2(C)C
CHEMBL3588959,CNC(=O)c1ccc(N2C(=S)N(c3ccc(C#N)c(C(F)(F)F)c3)C(=O)[C@@H]2C)cc1F
CHEMBL3588960,CNC(=O)c1ccc(N2C(=S)N(c3ccc(C#N)c(C(F)(F)F)c3)C(=O)C2(C)COC)cc1F
CHEMBL3588961,CNC(=O)c1ccc(N2C(=S)N(c3ccc(C#N)c(C(F)(F)F)c3)C(=O)[C@@]2(C)COC)cc1F
CHEMBL3588962,CNC(=O)c1ccc(N2C(=S)N(c3ccc(C#N)c(C(F)(F)F)c3)C(=O)[C@]2(C)COC)cc1F
CHEMBL3588963,CNC(=O)c1ccc(N2C(=S)N(c3ccc(C#N)c(C(F)(F)F)c3)C(=O)C2(C)COCc2ccccc2)cc1F
CHEMBL3588964,CCOC(=O)CC1(C)C(=O)N(c2ccc(C#N)c(C(F)(F)F)c2)C(=S)N1c1ccc(C(=O)NC)c(F)c1
CHEMBL3588965,CNC(=O)c1ccc(N2C(=S)N(c3ccc(C#N)c(C(F)(F)F)c3)C(=O)C2(C)CO)cc1F
CHEMBL3588967,CNC(=O)c1ccc(N2C(=S)N(c3ccc(C#N)c(C(F)(F)F)c3)C(=O)C2(COC)COC)cc1F
CHEMBL3588968,CNC(=O)c1ccc(N2CCC(=O)N(c3ccc(C#N)c(C(F)(F)F)c3)C2=S)cc1F
CHEMBL3589380,CNC(=O)c1ccc(N2C(=S)N(c3ccc(C#N)c(C(F)(F)F)c3)C(=O)C23CCOC3)cc1F
CHEMBL3589381,CNC(=O)c1ccc(N2C(=S)N(c3ccc(C#N)c(C(F)(F)F)c3)C(=O)[C@]23CCOC3)cc1F
CHEMBL3589382,CNC(=O)c1ccc(N2C(=S)N(c3ccc(C#N)c(C(F)(F)F)c3)C(=O)[C@@]23CCOC3)cc1F
CHEMBL3589383,COC(=O)c1ccc(N2C(=S)N(c3ccc(C#N)c(C(F)(F)F)c3)C(=O)[C@]23CCOC3)cc1F
CHEMBL3589385,N#Cc1ccc(N2C(=O)[C@]3(CCOC3)N(c3ccc(C(N)=O)c(F)c3)C2=S)cc1C(F)(F)F
CHEMBL3589387,CNC(=O)c1ccc(N2C(=S)N(c3ccc(C#N)c(C(F)(F)F)c3)C(=O)C23CCOCC3)cc1F
CHEMBL3589390,CNC(=O)c1ccc(N2C(=S)N(c3ccc(C#N)c(C(F)(F)F)c3)C(=O)C2C)cc1F
CHEMBL3589391,CNC(=O)c1ccc(N2C(=S)N(c3ccc(C#N)c(C(F)(F)F)c3)C(=O)[C@H]2C)cc1F
CHEMBL3590187,CCC(=O)O[C@]1(C(=O)CO)CC[C@H]2[C@@H]3CCC4=CC(=O)CC[C@]4(C)[C@H]3CC[C@@]21C
CHEMBL359911,O=C1[C@@H]2C3CCC(C3)[C@@H]2C(=O)N1c1ccc2ccccc2c1
CHEMBL3605560,CC(=O)OC[C@]12CC[C@H]3[C@@H](CC=C4C=CCC(=O)[C@@]43C)[C@]1(O)CC[C@@]2(O)[C@@](C)(O)[C@H]1CC(C)=C(C)C(=O)O1
CHEMBL3605562,CC(=O)OC[C@]12CC[C@H]3[C@@H](CC=C4CC=CC(=O)[C@@]43C)[C@]1(O)[C@@H](OC(C)=O)C[C@@]2(O)[C@@](C)(O)[C@H]1CC(C)=C(C)C(=O)O1
CHEMBL3605563,CC(=O)OC[C@]12CC[C@H]3[C@@H](CC=C4C=CCC(=O)[C@@]43C)[C@]1(O)[C@@H](OC(C)=O)C[C@@]2(O)[C@@](C)(O)[C@H]1CC(C)=C(C)C(=O)O1
CHEMBL3605564,CC(=O)OC[C@]12CC[C@H]3[C@@H](CC=C4CC=CC(=O)[C@@]43C)[C@]1(O)CC[C@@]2(O)[C@@](C)(O)[C@H]1CC(C)=C(C)C(=O)O1
CHEMBL3605919,COc1cc(F)ccc1-c1c(CN(C)Cc2ccccc2)[nH]c2c(NS(C)(=O)=O)cc(C(C)C)cc12
CHEMBL3605921,COc1cc(F)ccc1-c1c(CN(C)Cc2ccccc2)[nH]c2c(N)cc(F)cc12
CHEMBL3605922,COc1ccc(F)cc1-c1c[nH]c2c(NC(C)=O)cccc12
CHEMBL3605923,COc1cc(NS(C)(=O)=O)c2[nH]c(C)c(-c3ccccc3)c2c1
CHEMBL3605924,COc1cc(NS(C)(=O)=O)c2[nH]c(C)c(-c3cc(F)ccc3OC)c2c1
CHEMBL3605925,CS(=O)(=O)Nc1cccc2cc[nH]c12
CHEMBL3605926,COc1cc(F)ccc1-c1c(CN(C)Cc2ccccc2)[nH]c2c(NS(C)(=O)=O)cc(C(C)(C)C)cc12
CHEMBL3605927,COc1cc(F)ccc1-c1c(Cc2ccccc2)[nH]c2c(NS(C)(=O)=O)cc(C(C)C)cc12
CHEMBL3605928,COc1ccc(F)cc1-c1c(-c2ccccc2)[nH]c2c(NS(C)(=O)=O)cccc12
CHEMBL3605929,COc1cc(F)ccc1-c1c(C)[nH]c2c(NS(C)(=O)=O)cc(F)cc12
CHEMBL3605930,COc1ccc(Cl)cc1-c1c[nH]c2c(NS(C)(=O)=O)cccc12
CHEMBL3605932,CS(=O)(=O)Nc1cccc2c(-c3cccc(Cl)c3)c[nH]c12
CHEMBL3605933,COc1ccccc1-c1c[nH]c2c(NS(C)(=O)=O)cccc12
CHEMBL3605934,CS(=O)(=O)Nc1cccc2c(-c3ccc(F)cc3)c[nH]c12
CHEMBL36065,C[C@@H]1C(=O)C(C)(C)Nc2ccc3c(c21)[C@H](c1cccc(C(F)(F)F)c1)Oc1ccccc1-3
CHEMBL361222,O=C1[C@@H]2C3C=CC(C3)[C@@H]2C(=O)N1c1ccc(Br)c(C(F)(F)F)c1
CHEMBL361245,CC(=O)O[C@]1(C(C)=O)CCC2C3C=C(Cl)C4=CC(=O)[C@@H]5CC5[C@]4(C)C3CC[C@@]21C
CHEMBL361445,O=C1[C@@H]2C3C=CC(CC3)[C@@H]2C(=O)N1c1ccc([N+](=O)[O-])c2ccccc12
CHEMBL3622573,Cc1ccccc1Cc1n[nH]c(=O)c2ccccc12
CHEMBL3622574,COc1ccccc1Cc1n[nH]c(=O)c2ccccc12
CHEMBL3622575,O=c1[nH]nc(Cc2ccccc2F)c2ccccc12
CHEMBL3622576,O=c1[nH]nc(Cc2ccccc2C(F)(F)F)c2ccccc12
CHEMBL3622578,O=c1[nH]nc(Cc2ccccc2[N+](=O)[O-])c2ccccc12
CHEMBL3622579,Nc1ccccc1Cc1n[nH]c(=O)c2ccccc12
CHEMBL3622581,O=C(Nc1ccccc1Cc1n[nH]c(=O)c2ccccc12)C(F)(F)F
CHEMBL3622583,CCN(CC)c1ccccc1Cc1n[nH]c(=O)c2ccccc12
CHEMBL3622584,CCNc1ccccc1Cc1n[nH]c(=O)c2ccccc12
CHEMBL3622585,CN(C)c1ccccc1Cc1n[nH]c(=O)c2ccccc12
CHEMBL3622586,CNc1ccccc1Cc1n[nH]c(=O)c2ccccc12
CHEMBL3622587,Cc1cccc(C)c1Cc1n[nH]c(=O)c2ccccc12
CHEMBL3622588,O=c1[nH]nc(Cc2c(F)cccc2F)c2ccccc12
CHEMBL3622589,O=c1[nH]nc(Cc2c(Cl)cccc2Cl)c2ccccc12
CHEMBL3622590,O=c1[nH]nc(Cc2c(Cl)ccc(Cl)c2Cl)c2ccccc12
CHEMBL3622992,OCCN1CCc2c([nH]c3ccccc23)C1c1ccc(Cl)cc1
CHEMBL3623004,C[C@@H]1Cc2c([nH]c3ccccc23)[C@@H](c2c(F)cc(/C=C/C(=O)O)cc2F)N1CC(C)(C)F
CHEMBL3623114,C[C@]12O[C@@](C)(C[C@@H]1O)[C@H]1C(=O)N(c3ccc(C#N)c(I)c3)C(=O)[C@H]12
CHEMBL3623115,C[C@]12O[C@@](C)(C[C@H]1C(=O)O)[C@H]1C(=O)N(c3ccc(C#N)c(C(F)(F)F)c3)C(=O)[C@H]12
CHEMBL3623116,CC(C)OC(=O)[C@@H]1C[C@]2(C)O[C@]1(C)[C@@H]1C(=O)N(c3ccc(C#N)c(C(F)(F)F)c3)C(=O)[C@@H]12
CHEMBL3623117,CN(C(=O)[C@@H]1C[C@]2(C)O[C@]1(C)[C@@H]1C(=O)N(c3ccc(C#N)c(C(F)(F)F)c3)C(=O)[C@@H]12)c1ccccc1
CHEMBL3623118,C[C@]12O[C@@](C)(C[C@H]1N)[C@H]1C(=O)N(c3ccc(C#N)c(C(F)(F)F)c3)C(=O)[C@H]12
CHEMBL3623119,CCC(=O)N[C@@H]1C[C@]2(C)O[C@]1(C)[C@@H]1C(=O)N(c3ccc(C#N)c(C(F)(F)F)c3)C(=O)[C@@H]12
CHEMBL3623120,CNS(=O)(=O)N[C@@H]1C[C@]2(C)O[C@]1(C)[C@@H]1C(=O)N(c3ccc(C#N)c(C(F)(F)F)c3)C(=O)[C@@H]12
CHEMBL3623121,CC(C)NC(=O)N[C@@H]1C[C@]2(C)O[C@]1(C)[C@@H]1C(=O)N(c3ccc(C#N)c(C(F)(F)F)c3)C(=O)[C@@H]12
CHEMBL3623122,CN1CCN(OC(=O)N[C@@H]2C[C@]3(C)O[C@]2(C)[C@@H]2C(=O)N(c4ccc(C#N)c(C(F)(F)F)c4)C(=O)[C@@H]23)CC1
CHEMBL3623123,C[C@]12O[C@@](C)(C[C@H]1NS(C)(=O)=O)[C@H]1C(=O)N(c3ccc(C#N)c(C(F)(F)F)c3)C(=O)[C@H]12
CHEMBL3623124,C[C@]12O[C@@](C)(C[C@H]1NS(=O)(=O)c1ccccc1)[C@H]1C(=O)N(c3ccc(C#N)c(C(F)(F)F)c3)C(=O)[C@H]12
CHEMBL3623125,C[C@]12O[C@@](C)(C[C@H]1NS(=O)(=O)c1ccccc1F)[C@H]1C(=O)N(c3ccc(C#N)c(C(F)(F)F)c3)C(=O)[C@H]12
CHEMBL3623126,C[C@]12O[C@@](C)(C[C@H]1NS(=O)(=O)c1cccnc1)[C@H]1C(=O)N(c3ccc(C#N)c(C(F)(F)F)c3)C(=O)[C@H]12
CHEMBL3623127,CCS(=O)(=O)N[C@@H]1C[C@]2(C)O[C@]1(C)[C@@H]1C(=O)N(c3ccc(C#N)c(C(F)(F)F)c3)C(=O)[C@@H]12
CHEMBL362566,N#Cc1ccc(N2C(=O)[C@H]3[C@@H]4C[C@@H](CN4C(=O)Oc4ccc(F)cc4)N3C2=O)cc1C(F)(F)F
CHEMBL363151,CC#C[C@]1(O)CC[C@H]2[C@@H]3CCC4=CC(=O)CC[C@]4(Cc4ccc(C)cc4)C3=CC[C@@]21C
CHEMBL364368,C#C[C@]1(O)CC[C@H]2[C@@H]3CCC4=CC(=O)CCC4=C3[C@@H](c3ccc(N(C)C(C)=O)cc3)C[C@@]21C
CHEMBL364393,CC(C)(C)OC(=O)N1C[C@H]2C[C@@H]1[C@H]1C(=O)N(c3ccc([N+](=O)[O-])cc3)C(=O)N21
CHEMBL365482,CCCCc1ccc(C(=O)N2C[C@@H]3C[C@H]2[C@@H]2C(=O)N(c4ccc([N+](=O)[O-])cc4)C(=O)N32)cc1
CHEMBL36564,C[C@@H]1C(=O)C(C)(C)Nc2ccc3c(c21)[C@H](c1cccc(F)c1)Oc1ccccc1-3
CHEMBL365650,O=C1[C@H]2[C@@H]3C[C@@H](CN3C(=O)c3ccccc3)N2C(=O)N1c1ccc([N+](=O)[O-])cc1
CHEMBL3658376,C[C@]12CCC3C4CCC(=O)C=C4CCC3C1C1CC1[C@@]21CCC(=O)O1
CHEMBL3658377,CC1CC2=CC(=O)CCC2C2CC[C@@]3(C)C(C4CC4[C@@]34CCC(=O)O4)C12
CHEMBL3658378,CCC1CC2=CC(=O)CCC2C2CC[C@@]3(C)C(C4CC4[C@@]34CCC(=O)O4)C12
CHEMBL3658379,C=CC1CC2=CC(=O)CCC2C2CC[C@@]3(C)C(C4CC4[C@@]34CCC(=O)O4)C12
CHEMBL3658380,C[C@]12CCC3C4CCC(=O)C=C4CC(C4CC4)C3C1C1CC1[C@@]21CCC(=O)O1
CHEMBL3658381,C[C@]12CCC3C4CCC(=O)C=C4[C@H](CO)CC3C1C1CC1[C@@]21CCC(=O)O1
CHEMBL3658382,C[C@]12CCC3C4CCC(=O)C=C4C4(CC4)CC3C1C1CC1[C@@]21CCC(=O)O1
CHEMBL3658384,C[C@]12CCC3C4CCC(=O)C=C4C4CC4C3C1C1CC1[C@@]21CCC(=O)O1
CHEMBL365921,N#Cc1ccc(N2C(=O)[C@H]3[C@@H]4C[C@@H](CN4C(=O)Oc4ccc(F)cc4)N3C2=O)c2ccccc12
CHEMBL3667040,C/C=C/C1=CC2=C(CO1)C(=O)[C@]1(C)OC(=O)[C@H](C(O)CCCCC)C1C2
CHEMBL366924,Cc1ccc(N2C(=O)[C@@H]3C4C=CC(C4)[C@@H]3C2=O)cc1C
CHEMBL367364,O=C1[C@@H]2C3CCC(C3)[C@@H]2C(=O)N1c1cccc(C(F)(F)F)c1
CHEMBL367375,O=C1[C@@H]2C3C=CC([C@H]4C[C@@H]34)[C@@H]2C(=O)N1c1ccc([N+](=O)[O-])c2ccccc12
CHEMBL3682509,O[C@@]1(C(F)(F)F)CCCc2c1[nH]c1cc(Cl)c(Cl)cc21
CHEMBL3682510,O[C@]1(C(F)(F)F)CCCc2c1[nH]c1cc(Cl)c(Cl)cc21
CHEMBL3682511,O[C@]1(C(F)(F)F)CCCc2c1[nH]c1c(Cl)cc(Cl)cc21
CHEMBL3682512,OC1(C(F)(F)F)c2[nH]c3cc(Cl)c(Cl)cc3c2CCC1F
CHEMBL3682513,OC1(C(F)(F)F)CCCc2c1[nH]c1ccc(F)c(Cl)c21
CHEMBL3682514,OC1c2[nH]c3ccc(Cl)c(Cl)c3c2C(C(F)(F)F)CC1F
CHEMBL3682515,OC1(C(F)(F)F)CCCc2c1[nH]c1cc(Cl)c(F)cc21
CHEMBL3682516,OC1(C(F)(F)F)c2[nH]c3c(Cl)cc(F)cc3c2CCC1C(F)(F)F
CHEMBL3682517,OC1(C(F)(F)F)c2[nH]c3cc(Cl)c(Cl)cc3c2CCC1(F)F
CHEMBL3682518,OC1(C(F)(F)F)CCCc2c1[nH]c1c(Cl)cc(Cl)c(Cl)c21
CHEMBL3682519,CC1CCc2c([nH]c3ccc(Cl)c(Cl)c23)C1(O)C(F)(F)F
CHEMBL3682520,OC1(C(F)(F)F)CCCc2c1[nH]c1cc(Cl)c(Cl)c(Cl)c21
CHEMBL3682521,OC1(C(F)(F)F)CCCc2c1[nH]c1c(Cl)c(Cl)ccc21
CHEMBL3682522,CC1CC(C(F)(F)F)c2c([nH]c3cc(Cl)c(Cl)cc23)C1O
CHEMBL3682523,OC1(C(F)(F)F)CCc2c1[nH]c1cc(Cl)c(Cl)cc21
CHEMBL3682524,OC1(C(F)(F)F)CCCc2c1[nH]c1c(F)cc(Cl)cc21
CHEMBL3682525,OC1(C(F)(F)F)CCc2c1[nH]c1ccc(Cl)c(Cl)c21
CHEMBL3682526,N#Cc1cc(C(F)(F)F)c2[nH]c3c(c2c1)CCCC3(O)C(F)(F)F
CHEMBL3687970,C[C@]12CC[C@H]3[C@@H](CCC4=CC(=O)CC[C@@H]43)[C@@H]1CC[C@@]21C=CCO1
CHEMBL368906,O=C1[C@@H]2C3C=CC(C3)[C@@H]2C(=O)N1c1ccc([N+](=O)[O-])c(C(F)(F)F)c1
CHEMBL3692346,C[C@]12CC[C@H]3[C@@H](C=CC4=CC(=O)CC[C@@H]43)[C@@H]1CC[C@@]21C=CCO1
CHEMBL3692347,C[C@@H]1CC2=CC(=O)CC[C@@H]2[C@H]2CC[C@@]3(C)[C@@H](CC[C@@]34C=CCO4)[C@@H]21
CHEMBL3692348,CC[C@@H]1CC2=CC(=O)CC[C@@H]2[C@H]2CC[C@@]3(C)[C@@H](CC[C@@]34C=CCO4)[C@H]12
CHEMBL3692349,C=C[C@@H]1CC2=CC(=O)CC[C@@H]2[C@H]2CC[C@@]3(C)[C@@H](CC[C@@]34C=CCO4)[C@@H]21
CHEMBL3692350,C[C@]12CC[C@H]3[C@@H](CCC4=CC(=O)CC[C@@H]43)[C@@H]1CC1(CC1)[C@@]21C=CCO1
CHEMBL3692351,CC[C@]12CC[C@H]3[C@@H](CCC4=CC(=O)CC[C@@H]43)[C@@H]1CC[C@@]21C=CCO1
CHEMBL3692352,CC[C@]12CC[C@H]3[C@@H](C=CC4=CC(=O)CC[C@@H]43)[C@@H]1CC[C@@]21C=CCO1
CHEMBL3692353,CC[C@]12CC[C@H]3[C@@H]([C@H](C)CC4=CC(=O)CC[C@@H]43)[C@@H]1CC[C@@]21C=CCO1
CHEMBL3692354,CC[C@@H]1CC2=CC(=O)CC[C@@H]2[C@H]2CC[C@@]3(CC)[C@@H](CC[C@@]34C=CCO4)[C@H]12
CHEMBL3692355,C=C[C@@H]1CC2=CC(=O)CC[C@@H]2[C@H]2CC[C@@]3(CC)[C@@H](CC[C@@]34C=CCO4)[C@@H]21
CHEMBL3692356,CC[C@]12CC[C@H]3[C@@H]([C@H](C4CC4)CC4=CC(=O)CC[C@@H]43)[C@@H]1CC[C@@]21C=CCO1
CHEMBL3692357,CC[C@]12CC[C@H]3[C@@H](C[C@@H](CO)C4=CC(=O)CC[C@@H]43)[C@@H]1CC[C@@]21C=CCO1
CHEMBL369509,O=C1[C@@H]2C3C=CC(C3)[C@@H]2C(=O)N1c1ccc(O)c2ncccc12
CHEMBL369542,O=C1[C@@H]2C3C=CC(CCC3)[C@@H]2C(=O)N1c1ccc([N+](=O)[O-])c2ccccc12
CHEMBL3695596,C[C@]12CCC(=O)C=C1C1CC1[C@@H]1C2CC[C@@]2(C)C1C1CC1[C@@]21CCC(=O)C1
CHEMBL3695597,C[C@]12CC[C@H]3[C@@H](C=CC4=CC(=O)CC[C@@H]43)[C@@H]1CC[C@@]21C=CC(=O)O1
CHEMBL3695598,C[C@@H]1CC2=CC(=O)CC[C@@H]2[C@H]2CC[C@@]3(C)[C@@H](CC[C@@]34C=CC(=O)O4)[C@@H]21
CHEMBL3695599,CC[C@@H]1CC2=CC(=O)CC[C@@H]2[C@H]2CC[C@@]3(C)[C@@H](CC[C@@]34C=CC(=O)O4)[C@H]12
CHEMBL3695600,C=C[C@@H]1CC2=CC(=O)CC[C@@H]2[C@H]2CC[C@@]3(C)[C@@H](CC[C@@]34C=CC(=O)O4)[C@@H]21
CHEMBL3695601,C[C@]12CC[C@H]3[C@@H](CCC4=CC(=O)CC[C@@H]43)[C@@H]1CC1(CC1)[C@@]21C=CC(=O)O1
CHEMBL3695602,CC[C@]12CC[C@H]3[C@@H](CCC4=CC(=O)CC[C@@H]43)[C@@H]1CC[C@@]21C=CC(=O)O1
CHEMBL3695603,CC[C@]12CC[C@H]3[C@@H](C=CC4=CC(=O)CC[C@@H]43)[C@@H]1CC[C@@]21C=CC(=O)O1
CHEMBL3695604,CC[C@]12CC[C@H]3[C@@H]([C@H](C)CC4=CC(=O)CC[C@@H]43)[C@@H]1CC[C@@]21C=CC(=O)O1
CHEMBL3695605,CC[C@@H]1CC2=CC(=O)CC[C@@H]2[C@H]2CC[C@@]3(CC)[C@@H](CC[C@@]34C=CC(=O)O4)[C@H]12
CHEMBL3695606,C=C[C@@H]1CC2=CC(=O)CC[C@@H]2[C@H]2CC[C@@]3(CC)[C@@H](CC[C@@]34C=CC(=O)O4)[C@@H]21
CHEMBL3695607,CC[C@]12CC[C@H]3[C@@H]([C@H](C4CC4)CC4=CC(=O)CC[C@@H]43)[C@@H]1CC[C@@]21C=CC(=O)O1
CHEMBL3695608,C[C@]12CC[C@H]3[C@@H]([C@H](C4CC4)CC4=CC(=O)CC[C@@H]43)[C@@H]1CC[C@@]21C=CC(=O)O1
CHEMBL3695609,CC[C@]12CC[C@H]3[C@@H](CCC4=C(Cl)C(=O)CC[C@@H]43)[C@@H]1CC[C@@]21C=CC(=O)O1
CHEMBL3695610,C[C@]12CC[C@H]3[C@@H](CCC4=C(Cl)C(=O)CC[C@@H]43)[C@@H]1CC[C@@]21C=CC(=O)O1
CHEMBL3695611,CC[C@]12CC[C@H]3[C@@H](C[C@@H](CO)C4=CC(=O)CC[C@@H]43)[C@@H]1CC[C@@]21C=CC(=O)O1
CHEMBL3695612,CC[C@]12CC[C@H]3[C@@H](CC4(CC4)C4=CC(=O)CC[C@@H]43)[C@@H]1CC[C@@]21C=CC(=O)O1
CHEMBL3695613,C[C@]12CC[C@H]3[C@@H](C[C@@H](CO)C4=CC(=O)CC[C@@H]43)[C@@H]1CC[C@@]21C=CC(=O)O1
CHEMBL3695614,C[C@]12CC[C@H]3[C@@H](CC4(CC4)C4=CC(=O)CC[C@@H]43)[C@@H]1CC[C@@]21C=CC(=O)O1
CHEMBL369979,C=CC[C@]12CC[C@H](O)CC1=CCC1C2CC[C@@]2(C)C1CC[C@@H]2O
CHEMBL369991,CC/C=C\[C@]12CC[C@H](O)CC1=CCC1C2CC[C@@]2(C)C1CC[C@@H]2O
CHEMBL370236,C[C@]12CCC3C(CC=C4C[C@@H](O)CC[C@@]43/C=C/Cl)C1CC[C@@H]2O
CHEMBL370567,CCC(CC)(c1ccc(NCC(O)CO)c(C)c1)c1ccc(OCC(O)C(C)(C)C)c(C)c1
CHEMBL3706874,CCC1CCc2cc3c(C(F)(F)F)cc(=O)[nH]c3cc2N1
CHEMBL3706875,CCCNc1ccc2c(C(F)(F)F)cc(=O)[nH]c2c1
CHEMBL3706876,Nc1ccc2c(C(F)(F)F)cc(=O)[nH]c2c1
CHEMBL3706877,CNc1ccc2c(C(F)(F)F)cc(=O)[nH]c2c1
CHEMBL3706878,CCNc1ccc2c(C(F)(F)F)cc(=O)[nH]c2c1
CHEMBL3706879,CCCCNc1ccc2c(C(F)(F)F)cc(=O)[nH]c2c1
CHEMBL3706880,CC(C)Nc1ccc2c(C(F)(F)F)cc(=O)[nH]c2c1
CHEMBL3706881,CC(C)CNc1ccc2c(C(F)(F)F)cc(=O)[nH]c2c1
CHEMBL3706882,CC(C)(C)CNc1ccc2c(C(F)(F)F)cc(=O)[nH]c2c1
CHEMBL3706883,CCC(C)(C)Nc1ccc2c(C(F)(F)F)cc(=O)[nH]c2c1
CHEMBL3706884,C=CC(C)(C)Nc1ccc2c(C(F)(F)F)cc(=O)[nH]c2c1
CHEMBL3706885,O=c1cc(C(F)(F)F)c2ccc(NC3CCC3)cc2[nH]1
CHEMBL3706886,O=c1cc(C(F)(F)F)c2ccc(NC3CCCC3)cc2[nH]1
CHEMBL3706887,O=c1cc(C(F)(F)F)c2ccc(NC3CCCCC3)cc2[nH]1
CHEMBL3706888,O=c1cc(C(F)(F)F)c2ccc(NCC(F)(F)F)cc2[nH]1
CHEMBL3706889,O=c1cc(C(F)(F)F)c2ccc(NCC(F)(F)C(F)(F)F)cc2[nH]1
CHEMBL3706891,O=c1cc(C(F)(F)F)c2ccc(NCc3ccccc3)cc2[nH]1
CHEMBL3706892,CN(C)c1ccc2c(C(F)(F)F)cc(=O)[nH]c2c1
CHEMBL3706893,CCN(CC)c1ccc2c(C(F)(F)F)cc(=O)[nH]c2c1
CHEMBL3706894,CCN(CC(F)(F)F)c1ccc2c(C(F)(F)F)cc(=O)[nH]c2c1
CHEMBL3706895,CCCN(CC(F)(F)F)c1ccc2c(C(F)(F)F)cc(=O)[nH]c2c1
CHEMBL3706896,Cc1cc2c(C(F)(F)F)cc(=O)[nH]c2cc1N
CHEMBL3706897,CCc1cc2c(C(F)(F)F)cc(=O)[nH]c2cc1N
CHEMBL3706898,CCCc1cc2c(C(F)(F)F)cc(=O)[nH]c2cc1N
CHEMBL3706899,CCC(C)c1cc2c(C(F)(F)F)cc(=O)[nH]c2cc1N
CHEMBL3706900,CCCNc1cc2[nH]c(=O)cc(C(F)(F)F)c2cc1C
CHEMBL3706901,Cc1cc2c(C(F)(F)F)cc(=O)[nH]c2cc1NCC(C)C
CHEMBL3706902,CCc1cc2c(C(F)(F)F)cc(=O)[nH]c2cc1NC
CHEMBL3706903,CCc1cc2c(C(F)(F)F)cc(=O)[nH]c2cc1NCC(F)(F)F
CHEMBL3706904,O=c1cc(C(F)(F)F)c2ccc(NCC(F)(F)F)cc2o1
CHEMBL3706905,O=c1cc(C(F)(F)F)c2ccc(N(CC(F)(F)F)CC(F)(F)F)cc2o1
CHEMBL3706906,CCNc1ccc2[nH]c(=O)cc(C(F)(F)F)c2c1
CHEMBL3706907,O=c1cc(C(F)(F)F)c2cc(NCC(F)(F)F)ccc2[nH]1
CHEMBL3706908,O=c1cc(C(F)(F)F)c2cc(NCC(F)(F)C(F)(F)F)ccc2[nH]1
CHEMBL3706909,O=c1cc(C(F)(F)F)c2cc(NC3CCCC3)ccc2[nH]1
CHEMBL3706910,CC(C)CNc1ccc2[nH]c(=O)cc(C(F)(F)F)c2c1
CHEMBL3706911,CC(C)(C)CNc1ccc2[nH]c(=O)cc(C(F)(F)F)c2c1
CHEMBL3706926,O=c1cc(C(F)(F)F)c2cc(N(Cc3ccccc3)CC(F)(F)F)ccc2[nH]1
CHEMBL3706927,O=c1cc(C(F)(F)F)c2cc(N(Cc3cccs3)CC(F)(F)F)ccc2[nH]1
CHEMBL3706928,CCOC(=O)CN(CC(F)(F)F)c1ccc2[nH]c(=O)cc(C(F)(F)F)c2c1
CHEMBL3706929,O=C(N(CC(F)(F)F)c1ccc2[nH]c(=O)cc(C(F)(F)F)c2c1)C(F)(F)F
CHEMBL3706930,O=c1cc(C(F)(F)F)c2cc(N(Cc3ccoc3)CC(F)(F)F)ccc2[nH]1
CHEMBL3706931,CC(=O)C(C)N(CC(F)(F)F)c1ccc2[nH]c(=O)cc(C(F)(F)F)c2c1
CHEMBL3706940,COc1c(O)ccc2c1-c1ccc3c(c1/C(=C/c1ccc(F)cc1CO)O2)C(C)=CC(C)(C)N3
CHEMBL3706942,COCOCc1cc(F)ccc1/C=C1\Oc2ccc(O)c(OC)c2-c2ccc3c(c21)C(C)=CC(C)(C)N3
CHEMBL3706943,COc1c(O)ccc2c1-c1ccc3c(c1/C(=C/c1cccc(C)c1)O2)C(C)=CC(C)(C)N3
CHEMBL3706946,COc1c(O)ccc2c1-c1ccc3c(c1/C(=C/c1cccc(O)c1)O2)C(C)=CC(C)(C)N3
CHEMBL371392,CCCCc1ccc(C(=O)N2C[C@@H]3C[C@H]2[C@@H]2C(=O)N(c4ccc(C#N)cc4)C(=O)N32)cc1
CHEMBL372390,C[C@@H]1CN(C(=O)Nc2ccc(C(F)(F)F)nc2)[C@@H](C)CN1c1ccc(C#N)c(C(F)(F)F)c1
CHEMBL373019,C=C[C@]12CC[C@H](O)CC1=CCC1C2CC[C@@]2(C)C1CC[C@@H]2O
CHEMBL373460,CCCCN(C)C(=O)CCCCCCCCCCC[C@@H]1CC2CC(=O)CC[C@]2(C)[C@H]2CC[C@]3(C)[C@@H](O)CC[C@H]3[C@H]12
CHEMBL374121,O=C1C2CCCN2C(=O)N1c1ccc([N+](=O)[O-])c2ccccc12
CHEMBL374781,O=C1C2C(O)CCN2C(=O)N1c1ccc([N+](=O)[O-])c2ccccc12
CHEMBL375107,BrCC(Br)C1CCC(Br)C(Br)C1
CHEMBL375282,CCCN(C)C(=O)CCCCCCCC1C[C@H]2CC(=O)CC[C@]2(C)[C@H]2CC[C@]3(C)[C@@H](O)CC[C@H]3[C@H]12
CHEMBL375675,CCCCN(C)C(=O)CCCCCCCCCC[C@@H]1CC2CC(=O)CC[C@]2(C)[C@H]2CC[C@]3(C)[C@@H](O)CC[C@H]3[C@H]12
CHEMBL375907,CC(C)(C)N1CCOc2cc3[nH]c(=O)cc(C(F)(F)F)c3cc21
CHEMBL375918,Cc1c(N2C(=O)N3CC[C@H](O)[C@H]3[C@@H]2C(F)(F)F)ccc(C#N)c1Cl
CHEMBL376182,CCN(CC)C(=O)CCCCCCC1C[C@H]2CC(=O)CC[C@]2(C)[C@H]2CC[C@]3(C)[C@@H](O)CC[C@H]3[C@H]12
CHEMBL376360,CCC1CN(CC(F)(F)F)c2cc3c(C(F)(F)F)cc(=O)[nH]c3cc2O1
CHEMBL3764185,Cc1c(N[C@@H]2CCC[C@@]2(C)O)ccc(C#N)c1Cl
CHEMBL3764446,Cc1c(N[C@@H]2COC[C@@]2(C)O)ccc(C#N)c1Cl
CHEMBL3765171,Cc1c(N[C@@H]2CCC[C@]2(C)O)ccc(C#N)c1Cl
CHEMBL3765823,Cc1c(N[C@@H]2CCCC[C@@]2(C)O)ccc(C#N)c1Cl
CHEMBL378274,Oc1nnc(Cc2ccccc2Cl)c2ccccc12
CHEMBL3785926,Cc1cc(=O)oc2cc(OCC(=O)C(C)(C)C)ccc12
CHEMBL3787387,CCOC(=O)C(CC)Oc1ccc2c(C)cc(=O)oc2c1
CHEMBL3787517,Cc1cc(=O)oc2cc(OC(C)C(=O)c3ccccc3)ccc12
CHEMBL379441,C[C@]12CCC3C(CC=C4C[C@@H](O)CC[C@@]43/C=C\Br)C1CC[C@@H]2O
CHEMBL379465,C[C@@H]1CN(c2ccc(C#N)c(C(F)(F)F)c2)[C@@H](C)CN1C(=O)Nc1ccc(N)nc1
CHEMBL380876,CO/C=C\[C@]12CC[C@H](O)CC1=CCC1C2CC[C@@]2(C)C1CC[C@@H]2O
CHEMBL380978,C[C@]12CCC3C(CC=C4C[C@@H](O)CC[C@@]43C=O)C1CC[C@@H]2O
CHEMBL381253,COc1ccc(NC(=O)N2C[C@H](C)N(c3ccc(C#N)c(C(F)(F)F)c3)C[C@H]2C)cn1
CHEMBL381358,CC(=O)c1ccc(NC(=O)N2C[C@H](C)N(c3ccc(C#N)c(C(F)(F)F)c3)C[C@H]2C)cn1
CHEMBL381558,COc1cncc(NC(=O)N2C[C@H](C)N(c3ccc(C#N)c(C(F)(F)F)c3)C[C@H]2C)c1
CHEMBL381566,C#C[C@]1(O)CCC2C3CC=C4C[C@@H](O)CC[C@]4(C=C)C3CC[C@@]21C
CHEMBL381776,Cc1cncc(NC(=O)N2C[C@H](C)N(c3ccc(C#N)c(C(F)(F)F)c3)C[C@H]2C)c1
CHEMBL382097,CC[C@]12CC[C@H](O)CC1=CCC1C2CC[C@@]2(C)C1CC[C@@H]2O
CHEMBL382426,C[C@@H]1CN(c2ccc(C#N)c(C(F)(F)F)c2)[C@@H](C)CN1C(=O)Nc1ccc(O)nc1
CHEMBL382632,C[C@]12CCC3C(CC=C4C[C@@H](O)CC[C@@]43CO)C1CC[C@@H]2O
CHEMBL3827008,CC(O)(CS(=O)(=O)c1cc(C(F)(F)F)cc(C(F)(F)F)c1)C(=O)Nc1ccc([N+](=O)[O-])c(C(F)(F)F)c1
CHEMBL3828139,CC(O)(CSc1cc(C(F)(F)F)cc(C(F)(F)F)c1)C(=O)Nc1ccc([N+](=O)[O-])c(C(F)(F)F)c1
CHEMBL383253,C/C=C\[C@]12CC[C@H](O)CC1=CCC1C2CC[C@@]2(C)C1CC[C@@H]2O
CHEMBL384467,C[C@@H]1C[C@H]2[C@@H]3CCC4=CC(=O)C=C[C@]4(C)[C@@]3(F)[C@@H](O)C[C@]2(C)[C@@]1(O)C(=O)CO
CHEMBL384533,O=C1[C@H]2[C@@H]3CC[C@@H](C3)N2C(=O)N1c1ccc([N+](=O)[O-])c2ccccc12
CHEMBL384975,C#C[C@]1(O)CC[C@H]2[C@@H]3CCC4=CC(=O)CCC4=C3[C@@H](c3ccc(N(C)CCNC(=O)N(C)C4CC[C@@]5(C)[C@@H](C4)C[C@@H](O)[C@@H]4[C@@H]5C[C@H](O)[C@]5(C)[C@@H]([C@H](C)CCC(=O)O)CC[C@@H]45)cc3)C[C@@]21C
CHEMBL385509,Nc1ccc2nc(O)cc(C(F)(F)F)c2c1
CHEMBL386437,CCCC(=O)Oc1ccc(COCC#CCN2C(=O)N(c3ccc(C#N)c(C(F)(F)F)c3)C(=O)C2(C)C)cc1C(=O)NCN[C@H]1CC(OC2C[C@](O)(C(=O)CO)Cc3c(O)c4c(c(O)c32)C(=O)c2c(OC)cccc2C4=O)O[C@@H](C)[C@H]1O
CHEMBL386630,C[C@]12CC[C@H]3[C@@H](CCC4=CC(=O)CC[C@@]43C)[C@@H]1CC[C@@H]2O
CHEMBL387651,CCNC(=O)CCCCCCCC1C[C@H]2CC(=O)CC[C@]2(C)[C@H]2CC[C@]3(C)[C@@H](O)CC[C@H]3[C@H]12
CHEMBL387850,C[C@]12CC[C@H]3[C@@H]([C@H](CCCCCCC[S+]([O-])CCCC(F)(F)C(F)(F)F)CC4CC(=O)CC[C@@]43C)[C@@H]1CC[C@@H]2O
CHEMBL388210,N#Cc1ccc(N2C(=O)[C@@H]3[C@H](O)CCN3C2=O)cc1
CHEMBL388421,N#Cc1ccc(N2C(=O)[C@@H]3[C@H](O)CCN3C2=O)cc1C(F)(F)F
CHEMBL388724,C[C@]12CC[C@H]3[C@@H]([C@H](CCCCCCCCCCC[S+]([O-])CCCC(F)(F)C(F)(F)F)CC4CC(=O)CC[C@@]43C)[C@@H]1CC[C@@H]2O
CHEMBL388831,CCC1CN(CC)c2cc3c(C(F)(F)F)cc(=O)[nH]c3cc2O1
CHEMBL388997,CCC1COc2cc3[nH]c(=O)cc(C(F)(F)F)c3cc2N1CC(F)(F)F
CHEMBL389077,Cc1c(N2C[C@@H]3[C@H](O)CC[C@@H]3C2=O)ccc(C#N)c1Cl
CHEMBL389250,Cc1c(N2C(=O)N3CC[C@H](O)[C@H]3[C@H]2C(F)(F)F)ccc(C#N)c1Cl
CHEMBL389277,CN(C)C(=O)CCCCCCCC1C[C@H]2CC(=O)CC[C@]2(C)[C@H]2CC[C@]3(C)[C@@H](O)CC[C@H]3[C@H]12
CHEMBL3893153,Cc1cc(C(=O)NC[C@H]2CC[C@H](Oc3ccnc4c(C#N)cccc34)CC2)no1
CHEMBL3893320,N#Cc1ccc(N2C[C@H]3[C@H]4CC[C@H](C4)[C@@]3(C(N)=O)S2(=O)=O)cc1C(F)(F)F
CHEMBL3893393,CCSC[C@@](O)([C@@H](Nc1cccc2nc(C)ccc12)c1ccc(OC)c(F)c1Cl)C(F)(F)F
CHEMBL389481,CCC1COc2cc3[nH]c(=O)cc(C(F)(F)F)c3cc2N1CC1CC1
CHEMBL3894825,CC1(C)C(=O)N(c2ccc(C#N)c(C(F)(F)F)c2)C(=S)N1c1ccc(C(=O)OCCCCCC(=O)NO)c(F)c1
CHEMBL3895477,[C-]#[N+]c1ccc(N2C(=O)C3(CCC3)N(c3ccc(CCCC(=O)NC)cc3)C2=S)cc1C(F)(F)F
CHEMBL3895604,N#Cc1cccc2c(O[C@H]3CC[C@H](NC(=O)c4ccc(Cl)c(F)c4)CC3)ccnc12
CHEMBL389606,Cc1cc(C#N)ccc1N1C(=O)[C@@H]2[C@H](O)CCN2C1=O
CHEMBL389607,Cc1c(C#N)ccc(N2C(=O)[C@@H]3[C@H](O)CCN3C2=O)c1C
CHEMBL389631,CCCCN(C)C(=O)CCCCCCCC[C@@H]1CC2CC(=O)CC[C@]2(C)[C@H]2CC[C@]3(C)[C@@H](O)CC[C@H]3[C@H]12
CHEMBL3898284,C[C@@]12[C@@H]3C=C[C@@H](C3)[C@@H]1CN(c1ccc(C#N)c(C(F)(F)F)c1)S2(=O)=O
CHEMBL3898984,Cc1nocc1C(=O)NC[C@H]1CC[C@H](Oc2ccnc3c(F)cccc23)CC1
CHEMBL3899806,O=C(N[C@H]1CC[C@H](Oc2ccnc3c(Br)cccc23)CC1)c1ccc(F)cc1
CHEMBL390071,CCN(C)C(=O)CCCCCCCC1C[C@H]2CC(=O)CC[C@]2(C)[C@H]2CC[C@]3(C)[C@@H](O)CC[C@H]3[C@H]12
CHEMBL3900828,[C-]#[N+]c1ccc(N2C(=O)C3(CCC3)N(c3ccc(N4CCN(S(C)(=O)=O)CC4)cc3)C2=S)cc1C(F)(F)F
CHEMBL3902310,CNC(=O)[C@@]12[C@@H](CN(c3ccc(C#N)c(C(F)(F)F)c3)S1(=O)=O)[C@H]1C[C@H](F)[C@@H]2C1
CHEMBL3902818,C[C@H](NC(=O)C(F)(F)F)[C@H](Oc1ccc2c(cnn2-c2ccc(F)cc2)c1)c1ccc2ccccc2c1
CHEMBL3903040,[C-]#[N+]c1ccc(N2C(=O)C(C)(C)N(c3ccc(OC(=O)CCl)cc3)C2=S)cc1C(F)(F)F
CHEMBL3903756,CC1(C)C(=O)N(c2ccc(C#N)c(C(F)(F)F)c2)C(=S)N1c1ccc(C(=O)NCCCCCCNS(N)(=O)=O)c(F)c1
CHEMBL3904234,[C-]#[N+]c1ccc(N2C(=O)C(C)(C)N(c3ccc(N)cc3)C2=S)cc1C(F)(F)F
CHEMBL3904554,O=C(N[C@H]1CC[C@H](Oc2ccnc3c(Br)cccc23)CC1)c1cccc(F)c1
CHEMBL3905727,O=C(NC[C@H]1CC[C@H](Oc2ccnc3c(F)cccc23)CC1)c1ccon1
CHEMBL390577,O=c1cc(C(F)(F)F)c2cc3c(cc2[nH]1)OCCN3Cc1ccccc1
CHEMBL390593,CC[C@@H]1[C@@H]2[C@H](O)CCN2C(=O)N1c1ccc(C#N)c(Cl)c1C
CHEMBL390594,Cc1c(N2C(=O)N3CC[C@@H](O)[C@H]3[C@H]2C(C)C)ccc(C#N)c1Cl
CHEMBL3907028,N#Cc1cccc2c(O[C@H]3CC[C@H](NC(=O)c4ccc(F)c(Cl)c4)CC3)ccnc12
CHEMBL390728,CCC1CCNc2cc3[nH]c(=O)cc(C(F)(F)F)c3cc21
CHEMBL3907304,C[C@@]12[C@@H]3CC[C@@H](C3O)[C@@H]1CN(c1ccc(C#N)c(C(F)(F)F)c1)S2(=O)=O
CHEMBL390746,CC[C@H]1COc2cc3[nH]c(=O)cc(C(F)(F)F)c3cc2N1CC(F)(F)F
CHEMBL390754,O=c1cc(C(F)(F)F)c2cc3c(cc2[nH]1)OCCN3
CHEMBL3908221,CC1(C)C(=O)N(c2ccc(C#N)c(C(F)(F)F)c2)C(=S)N1c1ccc(C(=O)NCCCCCCc2ccc(C(=O)C(F)(F)F)s2)c(F)c1
CHEMBL390849,Cc1c(N2C(=O)[C@@H]3[C@H](O)CCN3C2=O)ccc(C#N)c1F
CHEMBL3910485,[C-]#[N+]c1ccc(N2C(=O)C3(CCCCC3)N(c3ccc(C)cc3)C2=S)cc1C(F)(F)F
CHEMBL3911299,O=C(NC[C@H]1CC[C@H](Oc2ccnc3c(F)cccc23)CC1)c1cc[nH]n1
CHEMBL391231,C[C@](c1ccc(F)cc1F)(c1c[nH]c2c(NS(C)(=O)=O)cccc12)C1CC1
CHEMBL3912767,CC1(C)C(=O)N(c2ccc(C#N)c(C(F)(F)F)c2)C(=S)N1c1ccc(C(=O)NCCCCCCn2cccc(O)c2=O)c(F)c1
CHEMBL3913554,Cc1ccc(C(=O)N[C@H]2CC[C@H](Oc3ccnc4c(Br)cccc34)CC2)cc1F
CHEMBL3913672,N#Cc1ccc(C(=O)N[C@H]2CC[C@H](Oc3ccnc4c(Br)cccc34)CC2)cc1
CHEMBL3914094,O=C(N[C@H]1CC[C@H](Oc2ccnc3ccccc23)CC1)c1cccc(F)c1
CHEMBL3914142,C[C@H](NS(=O)(=O)C1CC1)[C@H](Oc1ccc2c(cnn2-c2ccc(F)cc2)c1)c1ccccc1
CHEMBL391439,C[C@](c1ccc(F)cc1)(c1c[nH]c2c(NS(C)(=O)=O)cccc12)C1CC1
CHEMBL3915005,C[C@]12CCC3C4CCC(=O)C=C4[C@@H]4C[C@@H]4C3C1C1CC1[C@@]21CCC(=O)O1
CHEMBL391548,N#Cc1ccc(-c2ccccc2O)cc1C(F)(F)F
CHEMBL391549,N#Cc1ccc(-c2cccc(O)c2)cc1C(F)(F)F
CHEMBL3915997,C[C@H](NC(=O)C(F)(F)F)[C@H](Oc1ccc2c(cnn2-c2ccc(F)cc2)c1)c1ccccc1
CHEMBL391648,C[C@]12CCC(=O)C=C1C[C@@H](CCCCCCCCCC(=O)O)[C@@H]1[C@@H]2CC[C@@]2(C)[C@H]1CC[C@]2(C)O
CHEMBL3916504,O=C(NC[C@H]1CC[C@H](Oc2ccnc3ccccc23)CC1)c1ccc(F)c(F)c1
CHEMBL3917362,O=C(NC[C@H]1CC[C@H](Oc2ccnc3c(F)cccc23)CC1)c1ccc(F)cc1
CHEMBL3917372,N#Cc1ccc(N2C[C@H]3[C@H]4CC[C@H](C4)[C@H]3S2(=O)=O)cc1C(F)(F)F
CHEMBL391768,Cc1c(N2C(=O)[C@]3(C)[C@H](O)CCN3S2(=O)=O)ccc(C#N)c1Cl
CHEMBL391769,Cc1c(N2C(=O)[C@@H]3C[C@H](O)CN3S2(=O)=O)ccc(C#N)c1Cl
CHEMBL391770,Cc1c(N2C(C)[C@@H]3[C@@H](O)CCN3S2(=O)=O)ccc(C#N)c1Cl
CHEMBL391795,CC[C@]12CC[C@H](O)CC1=CC[C@@H]1[C@@H]2CC[C@]2(C)[C@@H](O)CC[C@@H]12
CHEMBL391798,O=c1ccc2cc(N(CC(F)(F)F)CC(F)(F)F)ccc2[nH]1
CHEMBL3919228,[C-]#[N+]c1ccc(N2C(=O)C3(CCCC3)N(c3ccc([N+](=O)[O-])cc3)C2=S)cc1C(F)(F)F
CHEMBL391940,O=c1cc(C(F)(F)F)c2cc(N(CCC(F)(F)F)CC(F)(F)F)ccc2[nH]1
CHEMBL392000,C=CC[C@@H]1C2=CC[C@H]3[C@@H]4CC[C@H](O)[C@@]4(C)CC[C@@H]3[C@@]2(C=C)CC[C@@H]1O
CHEMBL392004,CCCc1cc(=O)[nH]c2ccc(N(CC(F)(F)F)CC(F)(F)F)cc12
CHEMBL3920247,C[C@@]12[C@@H](CN(c3ccc(C#N)c(C(F)(F)F)c3)S1(=O)=O)[C@H]1C[C@H](O)[C@@H]2C1
CHEMBL3920715,N#Cc1cccc2c(O[C@H]3CC[C@H](NC(=O)c4cccc(F)c4)CC3)ccnc12
CHEMBL3921315,CNC(=O)[C@@]12[C@@H]3CC[C@@H](C3)[C@@H]1CN(c1ccc(C#N)c(C(F)(F)F)c1)S2(=O)=O
CHEMBL3921621,CC1(C)C(=O)N(c2ccc(C#N)c(C(F)(F)F)c2)C(=S)N1c1ccc(C(=O)NCCCCCCn2cccc(O)c2=S)c(F)c1
CHEMBL3921830,N#Cc1ccc(C(=O)NC[C@H]2CC[C@H](Oc3ccnc4ccccc34)CC2)cc1
CHEMBL3926358,C[C@@]12[C@@H]3CC[C@@H](C3)[C@@H]1CN(c1ccc(C#N)c(C(F)(F)F)c1)S2(=O)=O
CHEMBL3926496,C[C@@]12CCC(=O)C=C1[C@H]1C[C@H]1[C@@H]1[C@H]3[C@H]4C[C@H]4[C@]4(CCC(=O)O4)[C@]3(C)CC[C@H]12
CHEMBL3926959,CC1(C)C(=O)N(c2ccc(C#N)c(C(F)(F)F)c2)C(=S)N1c1ccc(Cn2ccc3cc(/C=C/C(=O)NO)ccc32)c(F)c1
CHEMBL3927163,O=S(=O)(Nc1ccc(Oc2ccccc2)cc1)c1cccc(C(F)(F)F)c1
CHEMBL3927231,O=C(N[C@H]1CC[C@H](Oc2ccnc3c(Br)cccc23)CC1)c1ccc(C(F)(F)F)c(F)c1
CHEMBL3928026,N#Cc1cccc2c(O[C@H]3CC[C@H](NC(=O)c4cc(F)cc(F)c4)CC3)ccnc12
CHEMBL392827,Cc1ccc(-c2ccc(C#N)c(C(F)(F)F)c2)cc1
CHEMBL3929024,O=C(N[C@H]1CC[C@H](Oc2ccnc3c(Br)cccc23)CC1)c1ccc(F)c(F)c1
CHEMBL3930760,Cc1cc(C(=O)N[C@H]2CC[C@H](Oc3ccnc4c(C#N)cccc34)CC2)no1
CHEMBL3931647,[C-]#[N+]c1ccc(N2C(=O)C3(CCN(C)CC3)N(c3ccc(C)cc3)C2=S)cc1C(F)(F)F
CHEMBL3932464,CCS(=O)(=O)N[C@@H]1C[C@@]2(C)O[C@]1(C)[C@@H]1C(=O)N(c3ccc(C#N)c(C(F)(F)F)c3)C(=O)[C@@H]12
CHEMBL393278,C[C@]12CC[C@H]3[C@@H](CC[C@H]4[C@H]5CCC[C@]43CC[C@@H]5O)[C@@H]1CC[C@@H]2O
CHEMBL3932783,N#Cc1cccc2c(O[C@H]3CC[C@H](NC(=O)c4ccc(F)cc4)CC3)ccnc12
CHEMBL393280,COc1cc(=O)[nH]c2ccc(N(CC(F)(F)F)CC(F)(F)F)cc12
CHEMBL3932857,[C-]#[N+]c1ccc(N2C(=O)C3(CCC3)N(c3ccccc3C)C2=S)cc1C(F)(F)F
CHEMBL393319,C[C@]12CCC(=O)C[C@@H]1C[C@@H](CCCCCCCCCC(=O)O)[C@@H]1[C@@H]2CC[C@]2(C)[C@@H](O)CC[C@@H]12
CHEMBL393320,CN(C)C(=O)CCCCCCC[C@@H]1C[C@H]2CC(=O)CC[C@]2(C)[C@H]2CC[C@]3(C)[C@@H](O)CC[C@H]3[C@H]12
CHEMBL3933747,Cc1cc(C(=O)NC[C@H]2CC[C@H](Oc3ccnc4c(F)cccc34)CC2)no1
CHEMBL3934779,[C-]#[N+]c1ccc(N2C(=O)C(CCl)(CCl)N(c3ccc(C)cc3)C2=S)cc1C(F)(F)F
CHEMBL3935242,C[C@@]12[C@@H]3CC[C@@H](C3=O)[C@@H]1CN(c1ccc(C#N)c(C(F)(F)F)c1)S2(=O)=O
CHEMBL393664,O=c1cc(C(F)(F)F)c2cc(N(CC(F)F)CC(F)(F)Cl)ccc2[nH]1
CHEMBL3936716,[C-]#[N+]c1ccc(N2C(=O)C3(CCC3)N(c3ccc(CCC(=O)NCCO)cc3)C2=S)cc1C(F)(F)F
CHEMBL3936931,O=C(N[C@H]1CC[C@H](Oc2ccnc3c(Br)cccc23)CC1)c1ccc(F)c(Cl)c1
CHEMBL3937441,O=C(N[C@H]1CC[C@H](Oc2ccnc3ccccc23)CC1)c1ccc(F)c(F)c1
CHEMBL3937635,COc1ccc([C@@H](Oc2ccc3c(cnn3-c3ccc(F)cc3)c2)[C@H](C)NC(=O)C2CC2)cn1
CHEMBL3938351,[C-]#[N+]c1ccc(N2C(=O)C(C)(C)N(c3ccc(C(F)(F)F)cc3)C2=S)cc1C(F)(F)F
CHEMBL393864,CCCCN(CC(F)(F)F)c1ccc2[nH]c(=O)cc(C(F)(F)F)c2c1
CHEMBL393865,CCC(C)N(CC(F)(F)F)c1ccc2[nH]c(=O)cc(C(F)(F)F)c2c1
CHEMBL3938936,[C-]#[N+]c1ccc(N2C(=O)C3(CCC3)N(c3ccc(CCC(N)=O)cc3)C2=S)cc1C(F)(F)F
CHEMBL3939272,C[C@@]12[C@H]3C[C@H]([C@H](O)C3)[C@@H]1CN(c1ccc(C#N)c(C(F)(F)F)c1)S2(=O)=O
CHEMBL3940023,[C-]#[N+]c1ccc(N2C(=O)C3(CCC3)N(c3ccc(C)cc3)C2=S)cc1C(F)(F)F
CHEMBL3940304,[C-]#[N+]c1ccc(N2C(=S)N(c3ccc(O)cc3)C(C)(C)C2=S)cc1C(F)(F)F
CHEMBL3941698,[C-]#[N+]c1ccc(N2C(=O)C(C)(CF)N(c3ccc(C)cc3)C2=S)cc1C(F)(F)F
CHEMBL394194,C[C@H](CCl)N(CC(F)(F)F)c1ccc2[nH]c(=O)cc(C(F)(F)F)c2c1
CHEMBL394369,COc1c(O)ccc2c1-c1ccc3c(c1/C(=C/c1sccc1CO)O2)C(C)=CC(C)(C)N3
CHEMBL394392,N#Cc1ccc(-c2c(O)cccc2O)cc1C(F)(F)F
CHEMBL394504,CCCN1c2ccc3[nH]c(=O)cc(C(F)(F)F)c3c2OC[C@H]1CC
CHEMBL394505,CC[C@@H]1COc2c(ccc3[nH]c(=O)cc(C(F)(F)F)c23)N1CC(C)(C)O
CHEMBL394592,N#Cc1ccc(N2C(=O)[C@@H]3[C@H](O)CCN3C2=O)c(F)c1Cl
CHEMBL394593,COc1c(C#N)ccc(N2C(=O)[C@@H]3[C@H](O)CCN3C2=O)c1Cl
CHEMBL3947344,[C-]#[N+]c1ccc(N2C(=O)C3(CCC3)N(c3ccc(O)cc3)C2=S)cc1C(F)(F)F
CHEMBL3948034,Cc1cc(C(=O)NC[C@H]2CC[C@H](Oc3ccnc4ccccc34)CC2)no1
CHEMBL3948211,[C-]#[N+]c1ccc(N2C(=O)C3(CCC3)N(c3ccc(CO)cc3)C2=S)cc1C(F)(F)F
CHEMBL3948452,CC1(C)C(=O)N(c2ccc(C#N)c(C(F)(F)F)c2)C(=S)N1c1ccc(/C=C/C(=O)Nc2ccccc2N)c(F)c1
CHEMBL3948543,CC1(C)C(=O)N(c2ccc(C#N)c(C(F)(F)F)c2)C(=S)N1c1ccc(C(=O)NCCCCCCC(=O)Nc2ccccc2N)c(F)c1
CHEMBL3949176,C[C@@]12[C@@H](CN(c3ccc(C#N)c(C(F)(F)F)c3)S1(=O)=O)[C@H]1C[C@H](F)[C@@H]2C1
CHEMBL3953928,O=C(NC[C@H]1CC[C@H](Oc2ccnc3c(Br)cccc23)CC1)c1ccon1
CHEMBL395483,CC1=C(c2ccc(C#N)c(Cl)c2C)C(=O)N2CC[C@H](O)[C@@H]12
CHEMBL3955013,CC1(C)C(=O)N(c2ccc(C#N)c(C(F)(F)F)c2)C(=S)N1c1ccc(C(=O)Nc2ccccc2N)c(F)c1
CHEMBL395502,COc1c(N2C(=O)[C@@H]3[C@H](O)CCN3C2=O)ccc(C#N)c1C
CHEMBL3955747,[C-]#[N+]c1ccc(N2C(=O)C3(CCCC3)N(c3ccc(C#N)cc3)C2=S)cc1C(F)(F)F
CHEMBL395596,C[C@@H]1COc2c(ccc3[nH]c(=O)cc(C(F)(F)F)c23)N1CC(F)(F)F
CHEMBL3956081,[C-]#[N+]c1ccc(N2C(=O)C3(CCC3)N(c3ccc4ccccc4c3)C2=S)cc1C(F)(F)F
CHEMBL395716,COCc1ccsc1/C=C1\Oc2ccc(O)c(OC)c2-c2ccc3c(c21)C(C)=CC(C)(C)N3
CHEMBL3958249,[C-]#[N+]c1ccc(N2C(=O)C(C)(C)N(c3ccc(C)cc3)C2=S)cc1C(F)(F)F
CHEMBL3958745,[C-]#[N+]c1ccc(N2C(=O)C3(CCC3)N(c3ccc(CCCC(=O)OC)cc3)C2=S)cc1C(F)(F)F
CHEMBL3959058,N#Cc1cccc2c(O[C@H]3CC[C@H](CNC(=O)c4ccon4)CC3)ccnc12
CHEMBL395992,C[C@@H]1CC[C@H](CCl)N1c1ccc2[nH]c(=O)cc(C(F)(F)F)c2c1
CHEMBL3959936,[C-]#[N+]c1ccc(N2C(=O)C(C)(C)N(c3ccccc3)C2=S)cc1C(F)(F)F
CHEMBL3960255,N#Cc1cccc2c(O[C@H]3CC[C@H](NC(=O)c4ccc(F)c(F)c4)CC3)ccnc12
CHEMBL3961165,[C-]#[N+]c1ccc(N2C(=O)C(C)(C)N(c3cc(C)ccn3)C2=S)cc1C(F)(F)F
CHEMBL3962284,[C-]#[N+]c1ccc(N2C(=O)C(C)(C)N(c3ccccn3)C2=S)cc1C(F)(F)F
CHEMBL3962413,CC[C@@H]1C[C@](O)(C(F)(F)F)[C@@H](Nc2cccc3[nH]c(=O)ccc23)c2cc(F)c(F)c(O)c21
CHEMBL3963614,[C-]#[N+]c1ccc(N2C(=O)C(C)(C)N(c3ccccc3C(=O)O)C2=S)cc1C(F)(F)F
CHEMBL3964502,C[C@H](NC(=O)CO)[C@H](Oc1ccc2c(cnn2-c2ccc(F)cc2)c1)c1ccc(S(C)(=O)=O)cc1
CHEMBL3965705,[C-]#[N+]c1ccc(N2C(=O)C3(CCC3)N(c3ccc(CCCC(N)=O)cc3)C2=S)cc1C(F)(F)F
CHEMBL3966165,CC1(C)C(=O)N(c2ccc(C#N)c(C(F)(F)F)c2)C(=S)N1c1ccc(C(=O)NCCOCCC(=O)NO)c(F)c1
CHEMBL3966495,[C-]#[N+]c1ccc(N2C(=O)C3(CCC3)N(c3ccc(N4CCNCC4)cc3)C2=S)cc1C(F)(F)F
CHEMBL396656,N#Cc1ccc(-c2ccccc2C(F)(F)F)cc1C(F)(F)F
CHEMBL3966897,Cc1ccc(C(=O)N[C@H]2CC[C@H](Oc3ccnc4c(C#N)cccc34)CC2)cc1F
CHEMBL3967143,Cc1cc(C(=O)N[C@H]2CC[C@H](Oc3ccnc4c(Br)cccc34)CC2)no1
CHEMBL3967236,[C-]#[N+]c1ccc(N2C(=O)C3(CCC3)N(c3ccc(CCC(=O)NC)cc3)C2=S)cc1C(F)(F)F
CHEMBL3970563,O=C(NC[C@H]1CC[C@H](Oc2ccnc3ccccc23)CC1)c1cccc(F)c1
CHEMBL397217,CCc1c(N2C(=O)[C@@H]3[C@H](O)CCN3C2=O)ccc(C#N)c1C(F)(F)F
CHEMBL3972532,[C-]#[N+]c1ccc(N2C(=O)C3(CCCCCC3)N(c3ccc(C)cc3)C2=S)cc1C(F)(F)F
CHEMBL397274,N#Cc1ccc(N2C(=O)[C@@H]3[C@H](O)CCN3C2=O)c2ncccc12
CHEMBL3973262,[C-]#[N+]c1ccc(N2C(=O)N(c3ccc(O)cc3)C(C)(C)C2=O)cc1C(F)(F)F
CHEMBL397343,C[C@]12CC[C@H]3[C@@H](CC=C4C[C@@H]5CC[C@@]43CCO5)[C@@H]1CC[C@@H]2O
CHEMBL3973563,O=C(NC[C@H]1CC[C@H](Oc2ccnc3c(F)cccc23)CC1)c1ccno1
CHEMBL3974665,CC1(C)C(=O)N(c2ccc(C#N)c(C(F)(F)F)c2)C(=S)N1c1ccc(C(=O)NCCCNS(N)(=O)=O)c(F)c1
CHEMBL397561,CC(C)[C@@H]1COc2c(ccc3[nH]c(=O)cc(C(F)(F)F)c23)N1CC(F)(F)F
CHEMBL397563,O=c1cc(C(F)(F)F)c2c3c(ccc2[nH]1)N(CC1CC1)[C@H](c1ccccc1)CO3
CHEMBL3976056,[C-]#[N+]c1ccc(N2C(=O)C3(CCC3)N(c3ccc(-c4ccccc4)cc3)C2=S)cc1C(F)(F)F
CHEMBL3976935,CSc1ccc([C@@H](Oc2ccc3c(cnn3-c3ccc(F)cc3)c2)[C@H](C)NS(=O)(=O)C2CC2)cc1
CHEMBL3977051,[C-]#[N+]c1ccc(N2C(=O)C3(CCCC3)N(c3ccc(C)cc3)C2=S)cc1C(F)(F)F
CHEMBL3977631,C[C@H](NS(=O)(=O)C1CC1)[C@H](Oc1ccc2c(cnn2-c2ccc(F)cc2)c1)c1ccc(S(C)(=O)=O)cc1
CHEMBL397919,COc1c(O)ccc2c1-c1ccc3c(c1/C(=C/c1sccc1/C(C)=N/O)O2)C(C)=CC(C)(C)N3
CHEMBL397920,CO/N=C(\C)c1ccsc1/C=C1\Oc2ccc(O)c(OC)c2-c2ccc3c(c21)C(C)=CC(C)(C)N3
CHEMBL3979648,COC(=O)CCCCCCCc1ccc(N2C(=S)N(c3ccc(C#N)c(C(F)(F)F)c3)C(=O)C2(C)C)cc1F
CHEMBL398226,Cc1c(N2C(=O)[C@@H]3[C@H](O)CCN3C2=O)ccc(C#N)c1Br
CHEMBL3982609,Cc1cc(C(=O)NC[C@H]2CC[C@H](Oc3ccnc4c(Br)cccc34)CC2)no1
CHEMBL3982650,CC1(C)C(=O)N(c2ccc(C#N)c(C(F)(F)F)c2)C(=S)N1c1ccc(C(=O)NCCCn2cccc(O)c2=O)c(F)c1
CHEMBL3983635,CC1(C)C(=O)N(c2ccc(C#N)c(C(F)(F)F)c2)C(=S)N1c1ccc(C(=O)NCCCCCC(=O)NO)c(F)c1
CHEMBL398431,CCCN(CC1CC1)c1cc(C(F)(F)F)c(C#N)cn1
CHEMBL398432,N#Cc1cnc(N2CCCCC2)cc1C(F)(F)F
CHEMBL398455,C=C[C@]12CC[C@](C)(O)CC1=CC[C@H]1[C@@H]3CC[C@H](O)[C@@]3(C)CC[C@@H]12
CHEMBL398456,C=C[C@]12CCC(C)=CC1=CC[C@H]1[C@@H]3CC[C@H](O)[C@@]3(C)CC[C@@H]12
CHEMBL3984706,[C-]#[N+]c1ccc(N2C(=O)C3(CCC3)N(c3cc(C)n[nH]3)C2=S)cc1C(F)(F)F
CHEMBL3985131,[C-]#[N+]c1ccc(N2C(=O)C(C)(C)N(c3ccc(O)cc3)C2=S)cc1C(F)(F)F
CHEMBL398634,C=C[C@]12CCC(C)=CC1=CC[C@@H]1[C@@H]2CC[C@@]2(C)[C@H]1CC[C@]2(C)O
CHEMBL3987109,N#Cc1ccc(N2C[C@@H]3[C@@H]([C@@H]4C=C[C@H]3C4)S2(=O)=O)cc1C(F)(F)F
CHEMBL398840,C=C[C@]12CCC(c3ccccc3)=CC1=CC[C@H]1[C@@H]3CC[C@H](O)[C@@]3(C)CC[C@@H]12
CHEMBL398841,C#C[C@]1(O)CC[C@H]2[C@@H]3CC=C4C[C@@H](O)CC[C@]4(C=C)[C@H]3CC[C@@]21C
CHEMBL399439,N#Cc1ccc(O[C@H]2CCCC[C@@H]2C#N)cc1C(F)(F)F
CHEMBL399680,C[C@]12CC[C@H](O)C[C@H]1CC[C@@H]1[C@@H]2CC[C@]2(C)[C@@H](c3ccc(=O)oc3)CC[C@]12O
CHEMBL399876,CC(c1ccccc1)N(C)c1cc(C(F)(F)F)c(C#N)cn1
CHEMBL399887,N#Cc1ccc(O[C@@H]2CCCC[C@H]2C#N)cc1C(F)(F)F
CHEMBL400098,C[C@@H](c1ccccc1)N(C)c1cc(C(F)(F)F)c(C#N)cn1
CHEMBL400480,C=C[C@]12CCC(=C)C=C1CC[C@H]1[C@@H]3CC[C@H](O)[C@@]3(C)CC[C@@H]12
CHEMBL401458,CC(C)C(O)(c1nc2cc(Cl)c(Cl)cc2[nH]1)C(F)(F)F
CHEMBL401629,COc1cccc2c1-c1ccc3[nH]c(=O)cc(C(F)(F)F)c3c1CO2
CHEMBL401711,Cc1cc(=O)[nH]c2ccc3c4c(C(=O)OC(C)(C)C)cccc4oc(=O)c3c12
CHEMBL401805,O=c1cc(C(F)(F)F)c2cc3c(cc2[nH]1)OC[C@H](C(F)(F)F)N3CC(F)(F)F
CHEMBL402039,COC[C@@H]1COc2cc3[nH]c(=O)cc(C(F)(F)F)c3cc2N1CC(F)(F)F
CHEMBL402063,C/C=C1/C(=O)C[C@H]2[C@@H]3CCC4=CC(=O)CC[C@]4(C)[C@H]3CC[C@]12C
CHEMBL402136,COc1cccc2c1-c1ccc3[nH]c(=O)cc(C(F)(F)F)c3c1OC2
CHEMBL402807,O=C1[C@@H]2C3CCC(O3)[C@@H]2C(=O)N1c1ccc([N+](=O)[O-])c2ccccc12
CHEMBL402835,O=c1cc(C(F)(F)F)c2cc3c(cc2[nH]1)OC[C@@H](c1ccccc1)N3CC(F)(F)F
CHEMBL402930,O=C1[C@@H]2C3CCC(O3)[C@@H]2C(=O)N1c1ccc(Br)c2ccccc12
CHEMBL403039,CC12CCC(C)(O1)[C@H]1C(=O)N(c3ccc([N+](=O)[O-])c4c(Br)cccc34)C(=O)[C@H]12
CHEMBL403061,COc1cc(N2C(=O)[C@@H]3[C@H](C2=O)C2(C)CCC3(C)O2)ccc1-c1cnco1
CHEMBL403213,CC12CCC(C)(O1)[C@H]1C(=O)N(c3cnc(C#N)c(Cl)c3)C(=O)[C@H]12
CHEMBL403214,CC12CCC(C)(O1)[C@H]1C(=O)N(c3ccc([N+](=O)[O-])c(C(F)(F)F)c3)C(=O)[C@H]12
CHEMBL403219,COc1cccc2c(=O)oc3c(ccc4[nH]c(=O)cc(C(F)(F)F)c43)c12
CHEMBL403668,CC12CCC(C)(O1)[C@H]1C(=O)N(c3ccc(C#N)c(I)c3)C(=O)[C@H]12
CHEMBL403669,CC12CCC(C)(O1)[C@H]1C(=O)N(c3ccc(C#N)c(C(F)(F)F)c3)C(=O)[C@H]12
CHEMBL403670,CCC(CC)(c1ccc(OC[C@H](O)CO)c(C)c1)c1ccc(OC[C@H](O)C(C)(C)C)c(C)c1
CHEMBL403885,CCC(CC)(c1ccc(OC[C@@H](O)CO)c(C)c1)c1ccc(OC[C@@H](O)C(C)(C)C)c(C)c1
CHEMBL404222,O=c1cc(C(F)(F)F)c2cc3c(cc2[nH]1)OC[C@H](c1ccccc1)N3CC(F)(F)F
CHEMBL404315,CC(C)(C)OC(=O)N1CC2CC1[C@@H]1C(=O)N(c3ccc(C#N)c(C(F)(F)F)c3)C(=O)N21
CHEMBL404483,CSCC[C@@H]1COc2cc3[nH]c(=O)cc(C(F)(F)F)c3cc2N1CC(F)(F)F
CHEMBL404506,CC12CCC(O1)[C@H]1C(=O)N(c3cccc(C(F)(F)F)c3)C(=O)[C@H]12
CHEMBL404512,O=c1cc(C(F)(F)F)c2cc3c(cc2[nH]1)OC[C@@H](CO)N3CC(F)(F)F
CHEMBL404568,COC[C@H]1COc2cc3[nH]c(=O)cc(C(F)(F)F)c3cc2N1CC(F)(F)F
CHEMBL405835,CCCNc1ccc2nc(O)cc(C(F)(F)F)c2c1
CHEMBL4059588,CC[C@H]1[C@@H](O)CC(=O)N1c1ccc(C#N)c(OC)c1
CHEMBL4059979,COc1ccc(-c2csc(N3C(=O)c4ccc(F)cc4C3=O)n2)cc1
CHEMBL406027,C#C[C@]1(O)CC[C@H]2[C@@H]3CCC4=CC(=O)CCC4=C3[C@@H](c3ccc(N(C)CCCS(=O)(=O)N(C)C4CC[C@@]5(C)[C@@H](C4)C[C@@H](O)[C@@H]4[C@@H]5C[C@H](O)[C@]5(C)[C@@H]([C@H](C)CCC(=O)O)CC[C@@H]45)cc3)C[C@@]21C
CHEMBL4060271,Cc1c(N2CC[C@](C)(O)[C@@H]2C)ccc(C#N)c1Cl
CHEMBL4060340,CCn1c(C#N)ccc1-c1ccc(O)cc1F
CHEMBL4060981,Cc1ccc(-c2csc(N3C(=O)c4ccc(F)cc4C3=O)n2)cc1
CHEMBL4061510,Cn1c(C#N)ccc1-c1ccc(O)c2c1CCC2
CHEMBL4062016,Cn1c(C#N)ccc1-c1ccc(O)c(Cl)c1
CHEMBL4062345,O=C1COc2ccc(N3CCOC[C@H]3c3ccccc3)cc2N1
CHEMBL4063939,C[C@H]1[C@@H](O)C(F)(F)C(=O)N1c1ccc(C#N)c(Cl)c1
CHEMBL4064352,Cc1ncc2c(N[C@H]3c4ccc(F)c(O)c4C(C)(C)C[C@]3(O)C(F)(F)F)cc(F)cc2n1
CHEMBL4064645,C[C@]12CCC(=O)N[C@@H]1CC[C@@H]1[C@@H]2CC[C@]2(C)[C@@H](C(=O)Nc3ccccc3)CC[C@@H]12
CHEMBL4065842,Cc1cc(-c2ccc(C#N)n2C)ccc1O
CHEMBL4066319,Cn1c(C#N)ccc1-c1ccc(O)cc1C#N
CHEMBL4067691,CC[C@H]1[C@H](O)CC(=O)N1c1ccc(C#N)c(Cl)c1
CHEMBL4068008,CCOc1nccc2c1[C@H](c1ccc(C#N)cc1OC)C(C#N)=C(C)N2
CHEMBL4068562,Cn1c(C#N)ccc1-c1ccc(O)c(F)c1
CHEMBL4068946,C[C@@H]1N(c2ccc(C#N)c(Cl)c2)CC[C@]1(C)O
CHEMBL4069026,Cn1c(C#N)ccc1-c1ccc(O)c(F)c1F
CHEMBL4069357,CC[C@@H]1C[C@](O)(C(F)(F)F)[C@@H](Nc2cccc3nc(C)ccc23)c2ccc(F)c(O)c21
CHEMBL4069656,O=C1c2ccc(F)cc2C(=O)N1c1nc(-c2ccc(F)cc2)cs1
CHEMBL4070425,Cc1ccc(-c2csc(N3C(=O)c4ccccc4C3=O)n2)cc1
CHEMBL4071751,C[C@H]1[C@@H](O)CC(=O)N1c1ccc(C#N)c(Cl)c1
CHEMBL4072079,C=C(C)C[C@@](O)([C@@H](Nc1cccc2c(=O)[nH]ccc12)c1cc(Br)ccc1O)C(F)(F)F
CHEMBL4072533,CC[C@H]1[C@@H](O)CC(=O)N1c1ccc(C#N)c(Cl)c1
CHEMBL4072730,Cc1c(O)ccc(-c2ccc(C#N)n2C)c1C
CHEMBL4073161,O=C1c2ccccc2C(=O)N1c1nc(-c2ccccc2)cs1
CHEMBL4073399,Cn1c(C#N)ccc1-c1ccc(O)cc1C(F)(F)F
CHEMBL4073869,Cn1c(C#N)cc(Br)c1-c1ccc(O)cc1
CHEMBL4074501,C[C@@H]1C(=O)N(c2ccc(C#N)c(Cl)c2)[C@@H](C)[C@H]1O
CHEMBL4074555,Cn1c(C#N)ccc1-c1c(Cl)cc(O)cc1Cl
CHEMBL4074927,Cn1c(C#N)ccc1-c1ccc(O)cc1S(C)(=O)=O
CHEMBL407672,C#C[C@]1(O)CC[C@H]2[C@@H]3CCC4=CC(=O)CCC4=C3[C@@H](c3ccc(N(C)CCOC4CC[C@@]5(C)[C@@H](C4)C[C@@H](O)[C@@H]4[C@@H]5C[C@H](O)[C@]5(C)[C@@H]([C@H](C)CCC(=O)NCCS(=O)(=O)O)CC[C@@H]45)cc3)C[C@@]21C
CHEMBL4077666,C[C@H]1[C@@H](O)C(C)(C)C(=O)N1c1ccc(C#N)c(Cl)c1
CHEMBL407848,Cn1c(C#N)ccc1-c1cc(F)c2c(c1)C(C)(C)C(=O)N2
CHEMBL4079171,O=C1c2ccccc2C(=O)N1c1nc(-c2ccc([N+](=O)[O-])cc2)cs1
CHEMBL4079377,Cc1cc(O)ccc1-c1ccc(C#N)n1C
CHEMBL4080698,N#CCn1c(C#N)ccc1-c1ccc(O)cc1F
CHEMBL4082265,C[C@@H]1[C@H](O)C(C)(C)C(=O)N1c1ccc(C#N)c(Cl)c1
CHEMBL4082860,O=C1c2ccc(F)cc2C(=O)N1c1nc(-c2ccc(Cl)cc2)cs1
CHEMBL4082878,CC(C)(CC(O)(CNc1cccc2c(=O)[nH]ccc12)C(F)(F)F)c1cccc(F)c1O
CHEMBL4083012,N#CC[C@H]1[C@@H](O)CC(=O)N1c1ccc(C#N)c(Cl)c1
CHEMBL408376,C#C[C@]1(O)CC[C@H]2[C@@H]3CCC4=CC(=O)CCC4=C3[C@@H](c3ccc(N(C)CCCC(=O)N(C)C4CC[C@@]5(C)[C@@H](C4)C[C@@H](O)[C@@H]4[C@@H]5C[C@H](O)[C@]5(C)[C@@H]([C@H](C)CCC(=O)O)CC[C@@H]45)cc3)C[C@@]21C
CHEMBL4085241,CC1(C)C[C@](O)(C(F)(F)F)[C@@H](Nc2cccc3c(=O)[nH]ccc23)c2ccc(F)c(O)c21
CHEMBL4085514,C[C@@H]1N(c2ccc(C#N)c(Cl)c2)C(=O)C[C@]1(C)O
CHEMBL4087256,Cn1c(C#N)ccc1-c1ccc(O)cc1
CHEMBL4087674,COC(=O)c1cc(O)ccc1-c1ccc(C#N)n1C
CHEMBL4087723,O=c1cc(C(F)(F)F)c2ccc(OCc3ccc(Br)cc3)cc2o1
CHEMBL4087902,CC[C@H]1[C@@H](O)CC(=O)N1c1ccc(C#N)c(Cl)c1C
CHEMBL4088158,Cn1c(C#N)ccc1-c1ccc(O)cc1Cl
CHEMBL4088224,N#Cc1ccc(-c2csc(N3C(=O)c4ccc(F)cc4C3=O)n2)cc1
CHEMBL4088572,Cn1c(-c2ccc(O)cc2)cc(C(F)(F)F)c1C#N
CHEMBL4088914,CC[C@H]1[C@@H](O)CC(=O)N1c1ccc(C#N)c(C(F)(F)F)c1
CHEMBL409,CC(O)(CS(=O)(=O)c1ccc(F)cc1)C(=O)Nc1ccc(C#N)c(C(F)(F)F)c1
CHEMBL4090028,Cc1c(N2CC[C@H](O)[C@@H]2C)ccc(C#N)c1Cl
CHEMBL4090392,CC[C@@H]1C[C@](O)(C(F)(F)F)[C@@H](Nc2cc(F)cc3nc(C)ncc23)c2ccc(F)c(O)c21
CHEMBL4090670,O=C1c2ccc(F)cc2C(=O)N1c1nc(-c2ccccc2)cs1
CHEMBL4090771,N#Cc1ccc(N2C(=O)C3Cc4ccccc4N3C2=S)cc1C(F)(F)F
CHEMBL4091358,COc1ccc(-c2csc(N3C(=O)c4ccccc4C3=O)n2)cc1
CHEMBL4091403,Cn1c(C#N)ccc1-c1cc(F)c(O)cc1F
CHEMBL4092066,CC1(C)C[C@](O)(C(F)(F)F)[C@@H](Nc2cccc3[nH]c(=O)ccc23)c2ccc(F)c(O)c21
CHEMBL4092535,Cc1c(N2CC[C@](C)(O)[C@@H]2C)ccc(C#N)c1F
CHEMBL4093265,CC(C)C[C@H]1[C@@H](O)CC(=O)N1c1ccc(C#N)c(Cl)c1
CHEMBL4095364,Cn1c(C#N)ccc1-c1c(F)cc(O)cc1F
CHEMBL4095883,Cn1c(C#N)ccc1-c1ccc(O)cc1F
CHEMBL4096901,CCOc1ncc(C)c2c1[C@H](c1ccc(C#N)cc1OC)C(C#N)=C(C)N2
CHEMBL4098118,Cc1ccc2c(N[C@H]3c4ccc(F)c(O)c4[C@H](C)C[C@]3(O)C(F)(F)F)cccc2n1
CHEMBL4098395,O=C1c2ccc(F)cc2C(=O)N1c1nc(-c2ccc([N+](=O)[O-])cc2)cs1
CHEMBL4098744,N#Cc1ccc(-c2ccc(O)cc2F)n1CC(=O)O
CHEMBL4100251,Cn1c(C#N)ccc1-c1ccc(O)cc1[N+](=O)[O-]
CHEMBL4100278,Cc1c(N2C(=O)C[C@H](O)[C@@H]2C)ccc(C#N)c1Cl
CHEMBL4100995,CC[C@H]1[C@@H](O)[C@H](C)C(=O)N1c1ccc(C#N)c(Cl)c1
CHEMBL4101232,CC[C@@H]1C(=O)N(c2ccc(C#N)c(Cl)c2)[C@@H](C)[C@H]1O
CHEMBL4101935,C[C@H]1[C@@H](O)[C@H](Cc2ccccc2)C(=O)N1c1ccc(C#N)c(Cl)c1
CHEMBL4103425,N#Cc1ccc(-c2csc(N3C(=O)c4ccccc4C3=O)n2)cc1
CHEMBL4103641,CCc1cc(-c2ccc(C#N)n2C)ccc1O
CHEMBL4104046,Cn1c(C#N)ccc1-c1c(F)cc(O)cc1C#N
CHEMBL4105484,[2H]C([2H])([2H])NC(=O)c1ccc(N2C(=S)N(c3cnc(C#N)c(C(F)(F)F)c3)C(=O)C23CCC3)cc1F
CHEMBL410683,C/C=C1\C(=O)C[C@H]2[C@@H]3CCC4=CC(=O)CC[C@]4(C)[C@H]3CC[C@]12C
CHEMBL411185,C#C[C@]1(O)CC[C@H]2[C@@H]3CCC4=CC(=O)CCC4=C3[C@@H](c3ccc(N(C)C(=O)CNC(=O)OC4CC[C@@]5(C)[C@@H](C4)C[C@@H](O)[C@@H]4[C@@H]5C[C@H](O)[C@]5(C)[C@@H]([C@H](C)CCC(=O)O)CC[C@@H]45)cc3)C[C@@]21C
CHEMBL4114736,[C-]#[N+]c1ccc(N2C(=S)N(c3ccc(C)cc3)C(C)(C)/C2=N/C(=S)NCC)cc1C(F)(F)F
CHEMBL4114783,[C-]#[N+]c1ccc(N2C(=S)N(c3ccc(C)cc3)C3(CCC3)/C2=N/C(=S)Nc2ccc(C#N)c(C(F)(F)F)c2)cc1C(F)(F)F
CHEMBL4114801,[C-]#[N+]c1ccc(N2C(=S)N(c3ccc(C)cc3)C3(CCC3)/C2=N/C)cc1C(F)(F)F
CHEMBL4115695,[C-]#[N+]c1ccc(N2C(=S)N(c3ccc(C)cc3)C3(CCC3)/C2=N/C(=S)Nc2ccccc2)cc1C(F)(F)F
CHEMBL413309,CC1=CC(C)(C)Nc2ccc3c(c21)/C(=C/c1ccccc1)Oc1c(F)cccc1-3
CHEMBL414041,C#C[C@]1(O)CC[C@H]2[C@@H]3CCC4=CC(=O)CCC4=C3[C@@H](c3ccc(N(C)CCNC(=O)O[C@@H]4C[C@@H]5CC(O)CC[C@]5(C)[C@H]5C[C@H](O)[C@]6(C)[C@@H]([C@H](C)CCC(=O)O)CC[C@H]6[C@H]45)cc3)C[C@@]21C
CHEMBL414318,C#C[C@]1(O)CC[C@H]2[C@@H]3CCC4=CC(=O)CCC4=C3[C@@H](c3ccc(N(C)CCOC4CC[C@@]5(C)[C@@H](C4)C[C@@H](O)[C@@H]4[C@@H]5C[C@H](O)[C@]5(C)[C@@H]([C@H](C)CCC(=O)NCC(=O)O)CC[C@@H]45)cc3)C[C@@]21C
CHEMBL414845,CC(C)(C)OC(=O)N1C[C@@H]2C[C@H]1[C@H]1C(=O)N(c3ccc(C#N)c(C(F)(F)F)c3)C(=O)N21
CHEMBL415289,CC1CCNc2cc3oc(=O)cc(C(F)(F)F)c3cc21
CHEMBL415524,CCc1ccccc1/C=C1\Oc2ccc(F)cc2-c2ccc3c(c21)C(C)=CC(C)(C)N3
CHEMBL415621,C#C[C@]1(O)CC[C@H]2[C@@H]3CCC4=CC(=O)CCC4=C3[C@@H](c3ccc(N(C)CCCOC4CC[C@@]5(C)[C@@H](C4)C[C@@H](O)[C@@H]4[C@@H]5C[C@H](O)[C@]5(C)[C@@H]([C@H](C)CCC(=O)O)CC[C@@H]45)cc3)C[C@@]21C
CHEMBL4159987,CN(C)c1ccc([C@H]2C[C@@]3(C)[C@@H](CC[C@@]3(O)C#CC(C)(C)C)[C@@H]3CCC4=CC(=O)CC[C@@H]4[C@H]32)cc1
CHEMBL4161754,CC(C)N(C)c1ccc([C@H]2C[C@@]3(C)[C@@H](CC[C@@]3(O)C#CC(C)(C)C)[C@@H]3CCC4=CC(=O)CC[C@@H]4[C@H]32)cc1
CHEMBL4161910,CCOC(=O)Nc1cc2c(cc1F)CC1C(=O)N(c3ccc(C#N)c(C(F)(F)F)c3)C(=S)N1C2
CHEMBL4163069,CN(C)c1ccc([C@H]2C[C@@]3(C)[C@@H](CC[C@@]3(O)C#CC(C)(C)C)[C@@H]3CCC4=CC(=O)CCC4=C32)cc1
CHEMBL41632,O=C(O)Cc1cc(I)c(Oc2ccc(O)c(I)c2)c(I)c1
CHEMBL4173799,Cc1cc(C(O)(C(F)(F)F)C(F)(F)F)cc2c3ccc(F)cc3c(=O)n(C)c12
CHEMBL4174074,CC(C)c1ccc2c(c1)C(=O)C[C@H]1[C@@](C)(CNC(=O)c3ccccc3)CCC[C@]21C
CHEMBL4174199,Cc1cc(C(O)(C(F)(F)F)C(F)(F)F)cc2c1[nH]c(=O)c1ccccc12
CHEMBL4175249,Cc1cc(C(O)(C(F)(F)F)C(F)(F)F)cc2c1[nH]c(=O)c1cc(F)ccc12
CHEMBL417729,C=C1CCCC(C)(C)[C@H]1Cc1cc(OC)c(Br)cc1O
CHEMBL418198,CCC1c2cc3c(C(F)(F)F)cc(O)nc3cc2NC[C@@H]1C
CHEMBL418684,CC1=CC(C)(C)Nc2ccc3c(c21)COc1c(F)cc(F)cc1-3
CHEMBL418971,CC(C)(c1ccc(O)cc1)c1ccc(O)cc1
CHEMBL419158,COc1cccc2c1-c1ccc3c(c1C(c1cc(Cl)cc(Cl)c1)O2)C(C)=CC(C)(C)N3
CHEMBL419633,Cc1c(NS(C)(=O)=O)cccc1N(Cc1ccccc1)Cc1ccccc1
CHEMBL4207852,CC(C)[C@H](NC(=O)C(C)(F)F)[C@H](Oc1ccc2c(cnn2-c2ccc(=O)n(C)c2)c1)c1ccccc1
CHEMBL422196,Cn1c(=O)cc(C(F)(F)F)c2cc3c(cc21)N[C@@H]1CCCC[C@]31C
CHEMBL422444,CSc1ccccc1/C=C1\Oc2ccc(F)cc2-c2ccc3c(c21)C(C)=CC(C)(C)N3
CHEMBL4225186,Cc1c(C#N)c(-c2ccc(C#N)cc2)c(C)n1Cc1ccc(C(=O)NCCOCCOCCOCCNC(=O)[C@H](CC(C)C)NC(=O)[C@@H](O)[C@H](N)Cc2ccccc2)cc1
CHEMBL4225339,CC(O)(CS(=O)(=O)c1ccc(C(=O)O)cc1)C(=O)Nc1ccc(C#N)c(C(F)(F)F)c1
CHEMBL4226259,Cc1c(C#N)c(-c2ccc(C#N)cc2)c(C)n1Cc1ccc(C(=O)O)cc1
CHEMBL4226314,Cc1nn(-c2ccc(C#N)c(Cl)c2)c(C)c1CCc1ccc(C(=O)NCCOCCOCCOCCNC(=O)[C@H](CC(C)C)NC(=O)[C@@H](O)[C@H](N)Cc2ccccc2)cc1
CHEMBL4226575,COC(=O)c1ccc(Cc2c(C)n[nH]c2C)cc1
CHEMBL4226844,Cc1nn(-c2ccc(C#N)c(Cl)c2)c(C)c1CCc1ccc(C(=O)O)cc1
CHEMBL4226899,Cc1nn(-c2ccc(C#N)c(C(F)(F)F)c2)c(C)c1Cc1ccc(C(=O)NCCOCCOCCOCCNC(=O)[C@H](CC(C)C)NC(=O)[C@@H](O)[C@H](N)Cc2ccccc2)cc1
CHEMBL422707,CCC1(C)CCc2cc3c(C(F)(F)F)cc(=O)n(C)c3cc2N1
CHEMBL4227287,CC(C)C[C@H](NC(=O)[C@@H](O)[C@H](N)Cc1ccccc1)C(=O)NCCOCCOCCOCCNC(=O)c1ccc(S(=O)(=O)CC(C)(O)C(=O)Nc2ccc(C#N)c(C(F)(F)F)c2)cc1
CHEMBL4227353,Cc1nn(-c2ccc(C#N)cc2Cl)c(C)c1Cc1ccc(C(=O)NCCOCCOCCOCCNC(=O)[C@H](CC(C)C)NC(=O)[C@@H](O)[C@H](N)Cc2ccccc2)cc1
CHEMBL4227715,Cc1nn(-c2ccc(C#N)c(C(F)(F)F)c2)c(C)c1Cc1ccc(C(=O)O)cc1
CHEMBL423620,CC1(C)CCC[C@]2(C)c3cc4c(C(F)(F)F)cc(O)nc4cc3N[C@H]12
CHEMBL425646,N#Cc1ccc(N2C(=O)[C@@H]3[C@H](O)CCN3C2=O)c2ccccc12
CHEMBL426623,O=C1[C@H]2[C@@H]3C[C@@H](CN3C(=O)Oc3ccc(F)cc3)N2C(=O)N1c1ccc([N+](=O)[O-])c2ccccc12
CHEMBL427078,CNC(=O)CCCCCCCC1C[C@H]2CC(=O)CC[C@]2(C)[C@H]2CC[C@]3(C)[C@@H](O)CC[C@H]3[C@H]12
CHEMBL42710,C=CCc1ccc(O)c(OC)c1
CHEMBL427243,C[C@]12CCC(=O)C[C@@H]1CC(CCCCCCCC(=O)N1CCCC1)[C@@H]1[C@@H]2CC[C@]2(C)[C@@H](O)CC[C@@H]12
CHEMBL427502,Cc1cc(N2C(=O)[C@@H]3C4C=CC([C@H](O)[C@@H]4O)[C@@H]3C2=O)ccc1Br
CHEMBL427568,C#C[C@]1(O)CC[C@H]2[C@@H]3CCC4=CC(=O)CCC4=C3[C@@H](c3ccc(N(C)CCOC4CC[C@@]5(C)[C@@H](C4)C[C@@H](O)[C@@H]4[C@@H]5C[C@H](O)[C@]5(C)[C@@H]([C@H](C)CCC(=O)O)CC[C@@H]45)cc3)C[C@@]21C
CHEMBL427678,COc1cccc(OC)c1-c1ccc(C#N)c(C(F)(F)F)c1
CHEMBL427721,N#Cc1ccc(N2C(=O)[C@@H]3C4CCC(O4)[C@@H]3C2=O)cc1C(F)(F)F
CHEMBL427731,COc1c(O)ccc2c1-c1ccc3[nH]c(=O)cc(C)c3c1CO2
CHEMBL4278241,COc1ccc2oc(-c3ccccc3OC)cc(=O)c2c1
CHEMBL4278637,O=C1c2ccccc2C(=Cc2cccc(O)c2)c2ccccc21
CHEMBL4278949,O=C1CC(c2ccccc2O)Oc2cc(O)cc(O)c21
CHEMBL427898,COc1c(O)ccc2oc(=O)c3c(ccc4[nH]c(=O)cc(C)c43)c12
CHEMBL4279318,O=C1CC(c2ccccc2O)Oc2ccc(Cl)cc21
CHEMBL427957,CC[C@H]1C[C@@H](C)Nc2cc3nc(O)cc(C(F)(F)F)c3cc21
CHEMBL4279841,CC(C)Oc1ccccc1/C=C/C(=O)c1cc(Br)ccc1O
CHEMBL428021,C[C@]12CCC(=O)C=C1C[C@@H](CCCc1ccc(OCCCC(=O)O)cc1)[C@@H]1[C@@H]2CC[C@@]2(C)[C@H]1CC[C@]2(C)O
CHEMBL428026,O=c1cc(C(F)(F)F)c2cc(N(CC(Cl)Cl)CC(F)(F)F)ccc2[nH]1
CHEMBL4281732,COc1ccccc1/C=C/C(=O)c1cc(Cl)ccc1O
CHEMBL4282772,O=C1CC(c2ccccc2O)Oc2c(Br)cc(Br)cc21
CHEMBL4283232,COc1ccccc1/C=C/C(=O)c1cc(Br)ccc1O
CHEMBL4284351,CCCOc1ccccc1/C=C/C(=O)c1cc(Br)ccc1O
CHEMBL4285137,COc1ccccc1/C=C/C(=O)c1cc(F)ccc1O
CHEMBL4285568,COc1cc(/C=C/C(=O)c2cc(Cl)ccc2O)ccc1O
CHEMBL4286655,COc1ccccc1/C=C/C(=O)c1cc(I)ccc1O
CHEMBL4287759,CCOc1ccccc1/C=C/C(=O)c1cc(Br)ccc1O
CHEMBL4288948,COCOc1ccccc1/C=C/C(=O)c1cc(F)ccc1O
CHEMBL428922,CC/C=C(\C)c1ccsc1/C=C1\Oc2ccc(O)c(OC)c2-c2ccc3c(c21)C(C)=CC(C)(C)N3
CHEMBL4289590,COc1ccc(O)c(C(=O)/C=C/c2ccccc2OC)c1
CHEMBL4290001,O=C1CC(c2ccccc2O)Oc2ccc(Br)cc21
CHEMBL4290022,O=C(/C=C/c1ccc2c(c1)OCO2)c1cc(Cl)ccc1O
CHEMBL4292968,O=C(/C=C/c1ccccc1O)c1cc(F)ccc1O
CHEMBL429311,O=c1cc(C(F)(F)F)c2cc3c(cc2[nH]1)OC[C@H](CF)N3CC(F)(F)F
CHEMBL4293380,O=C1CC(c2ccccc2O)Oc2ccc(I)cc21
CHEMBL4293816,O=C(/C=C/c1ccccc1O)c1cc(Br)ccc1O
CHEMBL4294564,O=C(/C=C/c1ccccc1O)c1cc(I)ccc1O
CHEMBL4294994,O=C(/C=C/c1ccccc1O)c1cc(Br)cc(Br)c1O
CHEMBL4295223,O=C1CC(c2ccccc2O)Oc2cc(O)ccc21
CHEMBL4296682,CCN(C)C(=O)c1ccc(-c2ccc3c(n2)Oc2ccccc2[C@@H]3C(C)(C)C(=O)Nc2nncs2)cc1F
CHEMBL4297185,CC(O)c1cc(C(=O)N[C@@H](C)Cn2ccc(-c3ccc(C#N)c(Cl)c3)n2)n[nH]1
CHEMBL4297675,CC(=O)OC[C@H](COc1ccc(C(C)(C)c2ccc(OC[C@@H](CCl)OC(C)=O)cc2)cc1)OC(C)=O
CHEMBL429842,Cc1cc(-c2cc(F)c(F)c3cc[nH]c23)c(Cl)c2c1NC(C)(C)CC2C
CHEMBL430855,CC1=CC(C)(C)Nc2ccc3c(c21)C(c1cccc(Br)c1)Oc1ccccc1-3
CHEMBL431493,Oc1cc(C(F)(F)F)c2cc3c(cc2n1)NC[C@@H]1CCCC[C@H]31
CHEMBL435651,CN1c2cc3c(cc2CCC1(C)C)c(C(F)(F)F)cc(=O)n3C
CHEMBL436344,CC1c2cc3c(C(F)(F)F)cc(O)nc3cc2NC[C@@H]1C
CHEMBL436644,O=c1cc(C(F)(F)F)c2cc3c(cc2[nH]1)OC[C@H](CO)N3CC(F)(F)F
CHEMBL436784,O=c1cc(C(F)(F)F)c2cc(N(CC(F)(F)F)CC(F)(F)F)ccc2[nH]1
CHEMBL436859,C#C[C@]1(O)CC[C@H]2[C@@H]3CCC4=CC(=O)CCC4=C3[C@@H](c3ccc(N(C)C(=O)CC[C@H](NC(=O)CC[C@@H](C)[C@H]4CC[C@H]5[C@@H]6[C@H](O)C[C@@H]7C[C@H](O)CC[C@]7(C)[C@H]6C[C@H](O)[C@]45C)C(=O)O)cc3)C[C@@]21C
CHEMBL437065,C#C[C@]12CC[C@H](O)CC1=CCC1C2CC[C@@]2(C)C1CC[C@@H]2O
CHEMBL437214,Cc1ccc(N2C(=O)[C@@H]3C4CCC(O4)[C@@H]3C2=O)cc1Cl
CHEMBL438863,C[C@]12CC[C@H]3[C@@H](CC4C5=CC(=O)CC[C@@]53C[C@H]4O)[C@@H]1CC[C@@H]2O
CHEMBL439685,C[C@@H]1CN(c2ccc(C#N)c(C(F)(F)F)c2)[C@@H](C)CN1C(=O)Nc1cccnc1
CHEMBL439873,COc1cc(N2C(=O)[C@@H]3[C@H](O)CCN3C2=O)ccc1C#N
CHEMBL44,O=c1c(-c2ccc(O)cc2)coc2cc(O)cc(O)c12
CHEMBL440251,C#C[C@]1(O)CC[C@H]2[C@@H]3CCC4=CC(=O)CCC4=C3[C@@H](c3ccc(N(C)CCC[C@H]4[C@H](O)CC[C@@]5(C)[C@@H]4C[C@@H](O)[C@@H]4[C@@H]5C[C@H](O)[C@]5(C)[C@@H]([C@H](C)CCC(=O)O)CC[C@@H]45)cc3)C[C@@]21C
CHEMBL440283,C[C@]12CC[C@H]3[C@@H](CC=C4C[C@@H](O)CC[C@@]43C)[C@@H]1CC[C@@H]2O
CHEMBL440454,C=CCC1Oc2cccc(NC)c2-c2ccc3c(c21)C(C)=CC(C)(C)N3
CHEMBL440958,C=CCN1c2ccc3[nH]c(=O)cc(C(F)(F)F)c3c2OC[C@H]1CC
CHEMBL440980,O=c1cc(C(F)(F)F)c2cc(N(CC(F)F)CC(F)(F)F)ccc2[nH]1
CHEMBL442240,CCCN(CCC)c1ccc2[nH]c(=O)cc(C(F)(F)F)c2c1
CHEMBL443579,COc1cccc(-c2ccc(C#N)c(C(F)(F)F)c2)c1
CHEMBL4436578,Cc1noc(C)c1CSCC(=O)N1CCN(c2ccccc2)CC1
CHEMBL4436888,Cc1ccccc1N1CCN(C(=O)/C=C\c2ccccc2)CC1
CHEMBL4436931,Cc1ccccc1N1CCN(S(=O)(=O)CSCc2c(C)noc2C)CC1
CHEMBL4436972,C[C@](O)(CN1CCc2ccc(F)cc21)C(=O)Nc1ccc(C#N)c(C(F)(F)F)c1
CHEMBL4438211,C[C@](O)(CN1CCc2c(F)cccc21)C(=O)Nc1ccc(C#N)c(C(F)(F)F)c1
CHEMBL4438632,Cc1ccccc1N1CCN(C(=O)CN(C)Cc2ccccc2)CC1
CHEMBL4439264,Cc1ccccc1N1CCN(C(=O)C[S+]([O-])Cc2c(C)noc2C)CC1
CHEMBL4439316,CC(O)(CCc1ccc(N=C=S)cc1)C(=O)Nc1ccc([N+](=O)[O-])c(C(F)(F)F)c1
CHEMBL4439327,Oc1ccc2c(O)ncc(-c3cc(F)c(F)c(F)c3)c2c1
CHEMBL443970,CCCSc1ccc(C#N)c(OC)c1
CHEMBL4439702,C[C@](O)(Cn1ccc2c(-c3ccccc3)cccc21)C(=O)Nc1ccc(C#N)c(C(F)(F)F)c1
CHEMBL4440255,Cc1ccccc1N1CCN(C(=O)CS(=O)(=O)Cc2c(C)noc2C)CC1
CHEMBL4440641,Cc1ccccc1N1C[C@@H](C)N(C(=O)CSCc2c(C)noc2C)[C@@H](C)C1
CHEMBL4441215,Cc1ccc(-c2c(C)noc2C)cc1Nc1ccc(C#N)c(Cl)c1
CHEMBL4442857,Cc1cn(C[C@](C)(O)C(=O)Nc2ccc(C#N)c(C(F)(F)F)c2)c2ccc(F)cc12
CHEMBL4443566,C[C@](O)(CN1CCc2ccccc21)C(=O)Nc1ccc(C#N)c(C(F)(F)F)c1
CHEMBL4444904,C[C@](O)(Cn1ccc2cc(F)ccc21)C(=O)Nc1ccc(C#N)c(C(F)(F)F)c1
CHEMBL4446471,C[C@](O)(Cn1ccc2ccccc21)C(=O)Nc1ccc(C#N)c(C(F)(F)F)c1
CHEMBL4447539,CC1(C)CCc2cc3c(cc2N1)NC(C#N)C=C3C(F)(F)F
CHEMBL4447959,C[C@](O)(Cn1ccc2cc(F)c(-c3ccccc3)cc21)C(=O)Nc1ccc(C#N)c(Cl)c1
CHEMBL4448048,CC#C[C@]1(O)CC[C@H]2[C@@H]3CCC4=CC(=O)CC[C@]4(C)[C@H]3[C@@H](c3ccc(-n4cccc4)cc3)C[C@@]21C
CHEMBL4448161,Cc1ccccc1N1CCN(C(=O)[C@H]2C[C@@H]2c2ccccc2)CC1
CHEMBL4448523,CC1(C)C(=O)N(c2ccc(C#N)c(C(F)(F)F)c2)C(=O)N1Cc1ccc(-c2cn(CCCCCCC(=O)NO)nn2)cc1
CHEMBL4448937,CCOC(=O)c1cn(C[C@](C)(O)C(=O)Nc2ccc(C#N)c(C(F)(F)F)c2)c2ccccc12
CHEMBL444991,Cc1cc(C)cc(Nc2cc(C(=O)N3CCCC3)n(C)c2)c1
CHEMBL4449952,C[C@](O)(CN1CCc2cc(Br)ccc21)C(=O)Nc1ccc(C#N)c(Cl)c1
CHEMBL4451795,C[C@](O)(Cn1cc(-c2ccccc2)c2cc(F)ccc21)C(=O)Nc1ccc(C#N)c(Cl)c1
CHEMBL4452917,CC#C[C@]1(O)CC[C@H]2[C@@H]3CCC4=CC(=O)CC[C@]4(C)[C@H]3[C@@H](c3ccc(N(C)C(C)C)cc3)C[C@@]21C
CHEMBL4453035,CC#C[C@]1(O)CC[C@H]2[C@@H]3CCC4=CC(=O)CC[C@]4(C)[C@H]3[C@@H](c3ccc(N4CCCC4)cc3)C[C@@]21C
CHEMBL445409,N#Cc1ccc(-c2ccccc2OCC(=O)O)cc1C(F)(F)F
CHEMBL445429,COc1cc(SC(C)C)ccc1C#N
CHEMBL4454790,Cc1ccccc1N1CCN(CCSCc2c(C)noc2C)CC1
CHEMBL4456765,C[C@](O)(Cn1ccc2c(F)cccc21)C(=O)Nc1ccc(C#N)c(C(F)(F)F)c1
CHEMBL4456781,C[C@](O)(Cn1ccc2cc(Br)ccc21)C(=O)Nc1ccc(C#N)c(C(F)(F)F)c1
CHEMBL4457117,CC(O)c1cc(C(=O)N[C@H](C)Cn2ccc(-c3ccc(C#N)c(Cl)c3)n2)n[nH]1
CHEMBL4457801,Cc1ccccc1N1CCN(C(=O)CSc2ccccc2)CC1
CHEMBL4460554,CCC(C)(C)C#C[C@]1(O)CC[C@H]2[C@@H]3CCC4=CC(=O)CC[C@@H]4[C@H]3[C@@H](c3ccc(N(C)C)cc3)C[C@@]21C
CHEMBL4460567,C[C@](O)(Cn1ccc2cc(F)c(-c3ccccc3)cc21)C(=O)Nc1ccc(C#N)c(C(F)(F)F)c1
CHEMBL446191,O=c1cc(C(F)(F)F)c2cc(N3CCCC3)ccc2[nH]1
CHEMBL4462787,Cc1ccccc1N1CCN(C(=O)CSCc2ccccc2)CC1
CHEMBL4462835,Cc1ccccc1N1CCN(C(=O)C#Cc2ccccc2)CC1
CHEMBL4463155,Cc1ccc(N2CCN(C(=O)CSCc3c(C)noc3C)CC2)cc1
CHEMBL4463558,CC(=O)O[C@H]1CC[C@@]2(C)C(=CC[C@@H]3[C@@H]2CC[C@]2(C)c4c(C)nc5[nH]c6ccccc6c5c4C[C@@H]32)C1
CHEMBL4463786,Cc1ccccc1N1CCN(C(=O)COCc2c(C)noc2C)CC1
CHEMBL4465239,Cc1ccccc1N1CCN(C(=O)CSCc2c(C)noc2C)CC1
CHEMBL4465426,CC1(C)NC(=O)N(c2ccc(F)c(C(F)(F)F)c2)C1=O
CHEMBL446626,CC12CCC(C)(O1)[C@H]1C(=O)N(c3ccc(C#N)c4nsnc34)C(=O)[C@H]12
CHEMBL4468879,CC(C)C#C[C@]1(O)CC[C@H]2[C@@H]3CCC4=CC(=O)CC[C@]4(C)[C@H]3[C@@H](c3ccc(N(C)C)cc3)C[C@@]21C
CHEMBL4469605,C[C@](O)(CN1CCc2cc(F)c(F)cc21)C(=O)Nc1ccc(C#N)c(C(F)(F)F)c1
CHEMBL4470403,Cc1ccccc1N1CCN(C(=O)CCCc2ccccc2)CC1
CHEMBL4470768,Cc1cccc(N2CCN(C(=O)CSCc3c(C)noc3C)CC2)c1
CHEMBL447184,CCCCc1ccc(C(=O)N2C[C@@H]3C[C@H]2[C@@H]2C(=O)N(c4ccc(C#N)c(C(F)(F)F)c4)C(=O)N32)cc1
CHEMBL4474096,C[C@](O)(Cn1ccc2ccc(F)cc21)C(=O)Nc1ccc(C#N)c(C(F)(F)F)c1
CHEMBL4474118,C[C@](O)(Cn1ccc2cc(F)ccc21)C(=O)Nc1ccc(C#N)c(Cl)c1
CHEMBL4475563,C[C@](O)(Cn1ccc2c(F)cc(-c3ccc(F)cc3)cc21)C(=O)Nc1ccc(C#N)c(C(F)(F)F)c1
CHEMBL4475765,C[C@@](O)(Cn1ccc2cc(F)ccc21)C(=O)Nc1ccc(C#N)c(C(F)(F)F)c1
CHEMBL447604,COc1cc(C#N)ccc1Oc1cccc(C)c1
CHEMBL4476413,CN(C)c1ccc([C@H]2C[C@@]3(C)[C@@H](CC[C@@]3(O)C#CC(C)(C)C)[C@@H]3CCC4=CC(=O)CC[C@]4(C)[C@H]32)cc1
CHEMBL4476493,CCC#C[C@]1(O)CC[C@H]2[C@@H]3CCC4=CC(=O)CC[C@]4(C)[C@H]3[C@@H](c3ccc(N(C)C)cc3)C[C@@]21C
CHEMBL4483408,CC(C)(C)C#C[C@]1(O)CC[C@H]2[C@@H]3CCC4=CC(=O)CC[C@@H]4[C@H]3[C@@H](c3ccc(N4CCN(S(C)(=O)=O)CC4)cc3)C[C@@]21C
CHEMBL4483663,C[C@](O)(Cn1ccc2c(F)cccc21)C(=O)Nc1ccc(C#N)c(Cl)c1
CHEMBL4483697,CN(C)c1ccc([C@H]2C[C@@]3(C)[C@@H](CC[C@@]3(O)C#CC(F)(F)F)[C@@H]3CCC4=CC(=O)CC[C@]4(C)[C@H]32)cc1
CHEMBL448454,COc1cc(Sc2c(C)cccc2C)ccc1C#N
CHEMBL448978,CC(C)(C)Sc1ccc(C#N)c(C(F)(F)F)c1
CHEMBL449371,N#Cc1ccc(SC2CCC2)cc1C(F)(F)F
CHEMBL449804,CCOc1ccccc1Oc1ccc(C#N)c(C(F)(F)F)c1
CHEMBL449867,COc1cc(C#N)ccc1Oc1ccccc1C
CHEMBL450334,O=c1cc(C(F)(F)F)c2c3c(ccc2[nH]1)-c1ccccc1CO3
CHEMBL450933,COc1cccc2oc(=O)c3c(ccc4[nH]c(=O)cc(C)c43)c12
CHEMBL451153,COc1ccc(CO)cc1Oc1ccc(C#N)c(C(F)(F)F)c1
CHEMBL4513309,Cc1noc(C)c1CSCC(=O)N1CCN(c2ccccc2F)CC1
CHEMBL4513510,COc1ccc2[nH]c(C(=O)N3CCC(CC(C)(C)O)CC3)cc2c1
CHEMBL4514765,COCC#C[C@]1(O)CC[C@H]2[C@@H]3CCC4=CC(=O)CC[C@]4(C)[C@H]3[C@@H](c3ccc(N(C)C)cc3)C[C@@]21C
CHEMBL4515467,CC#C[C@]1(O)CC[C@H]2[C@@H]3CCC4=CC(=O)CC[C@]4(C)[C@H]3[C@@H](c3ccc(OC)cc3)C[C@@]21C
CHEMBL4516398,COc1ccccc1N1CCN(C(=O)CSCc2c(C)noc2C)CC1
CHEMBL4517379,Cc1ccc(Cl)cc1N1CCN(C(=O)C2CC2c2ccc(F)cc2)CC1
CHEMBL4518104,Cc1ccccc1N1CCN(C(=O)/C=C/c2ccccc2)CC1
CHEMBL451821,CN[C@@H](C(=O)N(C)[C@H]1CC[C@@]2(C)C(=CC[C@H]3[C@@H]4CC[C@@H]5[C@H](C)N(C)C[C@@]54CC[C@@H]32)C1)C(C)C
CHEMBL4520679,C[C@](O)(Cn1ccc2c(F)c(-c3ccccc3)ccc21)C(=O)Nc1ccc(C#N)c(C(F)(F)F)c1
CHEMBL4521365,C[C@](O)(CN1CCc2cc(F)c(F)cc21)C(=O)Nc1ccc(C#N)c(Cl)c1
CHEMBL452153,c1ccc2nc(-c3ccncc3)ccc2c1
CHEMBL4524159,CC(=O)c1cc(C(=O)N[C@@H](C)Cn2ccc(-c3ccc(C#N)c(Cl)c3)n2)n[nH]1
CHEMBL4526613,Cc1ccccc1N1CCN(C(=O)NCSCc2c(C)noc2C)CC1
CHEMBL4527176,C[C@](O)(CN1CCc2ccc(F)cc21)C(=O)Nc1ccc(C#N)c(Cl)c1
CHEMBL4527241,C[C@](O)(CN1CCc2c(F)cccc21)C(=O)Nc1ccc(C#N)c(Cl)c1
CHEMBL4527872,CN(C)c1ccc([C@H]2C[C@@]3(C)[C@@H](CC[C@@]3(O)C#CC3CC3)[C@@H]3CCC4=CC(=O)CC[C@]4(C)[C@H]32)cc1
CHEMBL4528089,c1ccc2c(c1)CC(c1c[nH]c3ccccc13)N2
CHEMBL4530573,C[C@](O)(CN1CCc2cc(Cl)c(F)cc21)C(=O)Nc1ccc(C#N)c(C(F)(F)F)c1
CHEMBL453244,COc1cc(SCC2CCC2)ccc1C#N
CHEMBL4534324,CC#C[C@]1(O)CC[C@H]2[C@@H]3CCC4=CC(=O)CC[C@]4(C)[C@H]3[C@@H](OCc3ccc(Cl)cc3)C[C@@]21C
CHEMBL453623,N#Cc1ccc(SCC2CC2)cc1C(F)(F)F
CHEMBL453624,N#Cc1ccc(SCC2CCC2)cc1C(F)(F)F
CHEMBL453740,CC(C)Sc1ccc(C#N)c(C(F)(F)F)c1
CHEMBL4539953,C[C@](O)(CN1CCc2cc(F)c(-c3ccccc3)cc21)C(=O)Nc1ccc(C#N)c(Cl)c1
CHEMBL454138,CC(C)OC(=O)C1=CN(C(=O)c2ccc(F)c(F)c2)CC(C)(C)c2c1[nH]c1ccccc21
CHEMBL4542153,C[C@](O)(CN1CCc2cc(F)ccc21)C(=O)Nc1ccc(C#N)c(Cl)c1
CHEMBL4542693,C[C@](O)(Cn1ccc2cc(I)ccc21)C(=O)Nc1ccc(C#N)c(C(F)(F)F)c1
CHEMBL4545820,CC(C)(C)C#C[C@]1(O)CC[C@H]2[C@@H]3CCC4=CC(=O)CC[C@@H]4[C@H]3[C@@H](c3ccc(N4CCOCC4)cc3)C[C@@]21C
CHEMBL4547743,Cc1ccccc1N1CCC(OC(=O)NCSCc2c(C)noc2C)CC1
CHEMBL4548397,CC1(C)CCc2cc3c(cc2N1)NC(F)C=C3C(F)(F)F
CHEMBL4553882,Cc1ccc(Cl)cc1N1CCN(C(=O)[C@H]2C[C@H]2c2ccc(F)cc2)CC1
CHEMBL4554646,C[C@](O)(Cn1ccc2ccc([N+](=O)[O-])cc21)C(=O)Nc1ccc(C#N)c(C(F)(F)F)c1
CHEMBL455566,CCCCSc1ccc(C#N)c(OC)c1
CHEMBL4556818,Cc1noc(C)c1CSCC(=O)N1CCN(c2ccccc2C#N)CC1
CHEMBL4561103,Cc1ccccc1N1CCCN(C(=O)CSCc2c(C)noc2C)CC1
CHEMBL4562338,CC#C[C@]1(O)CC[C@H]2[C@@H]3CCC4=CC(=O)CC[C@]4(C)[C@H]3[C@@H](c3ccc(N(C)CCOC)cc3)C[C@@]21C
CHEMBL456237,Fc1ccc(-c2c3cccc(C(F)(F)F)c3nn2Cc2ccc(F)cc2Cl)cc1
CHEMBL4563408,O=C(Nc1ccc(OC(F)F)nc1)NC1CCN(c2ncnc3c2nc(-c2ccccc2Cl)n3-c2ccc(Cl)cc2)CC1
CHEMBL4564335,Cc1ccc(Cl)cc1N1CCN(C(=O)[C@@H]2C[C@@H]2c2ccc(F)cc2)CC1
CHEMBL4567476,C[C@](O)(Cn1cc(F)c2ccccc21)C(=O)Nc1ccc(C#N)c(Cl)c1
CHEMBL457036,CC#C[C@@]1(O)CC[C@@]2(CC)c3ccc(OCc4cccnc4C)cc3CC[C@@H]2C1
CHEMBL4571052,CC#C[C@]1(O)CC[C@H]2[C@@H]3CCC4=CC(=O)CC[C@]4(C)[C@H]3[C@@H](c3ccc(N(C)C)cc3)C[C@@]21C
CHEMBL4571680,CC(O)(CCc1ccc(N)cc1)C(=O)Nc1ccc([N+](=O)[O-])c(C(F)(F)F)c1
CHEMBL4572306,CC(C)(NC(=O)Nc1ccc(F)c(C(F)(F)F)c1)C(=O)O
CHEMBL457241,CC#C[C@]1(O)C[C@H]2CCc3cc(O)ccc3[C@]2(CC)C[C@@H]1O
CHEMBL457242,CC#C[C@]1(O)C[C@H]2CCc3cc(O)ccc3[C@]2(CC)[C@H](O)C1
CHEMBL4574668,Cc1noc(C)c1CSCC(=O)N1CCN(c2cccc3ccccc23)CC1
CHEMBL4576596,CCN(CC)c1ccc([C@H]2C[C@@]3(C)[C@@H](CC[C@@]3(O)C#CC(C)(C)C)[C@@H]3CCC4=CC(=O)CC[C@@H]4[C@H]32)cc1
CHEMBL458084,N#Cc1ccc([C@H]2CCCC[C@H]2O)cc1C(F)(F)F
CHEMBL4581378,Cc1ccccc1N(C)CCN(C)C(=O)CSCc1c(C)noc1C
CHEMBL4581526,Cc1noc(C)c1CSCC(=O)N1C[C@@H](C)N(c2ccccc2)[C@@H](C)C1
CHEMBL4583465,C[C@](O)(Cn1ccc2nc(C#N)ccc21)C(=O)Nc1ccc(C#N)c(C(F)(F)F)c1
CHEMBL4584527,CN(C[C@](C)(O)C(=O)Nc1ccc(C#N)c(C(F)(F)F)c1)c1ccc(C#N)c(-c2ccccc2)c1
CHEMBL458505,N#Cc1ccc([C@H]2CCCC[C@@H]2O)cc1C(F)(F)F
CHEMBL458506,N#Cc1ccc([C@@H]2CCCC[C@@H]2O)cc1C(F)(F)F
CHEMBL4585987,C[C@](O)(Cn1ccc2cccc(F)c21)C(=O)Nc1ccc(C#N)c(Cl)c1
CHEMBL4586748,C[C@](O)(Cn1ccc2cc([N+](=O)[O-])ccc21)C(=O)Nc1ccc(C#N)c(C(F)(F)F)c1
CHEMBL4588751,C[C@](O)(Cn1cc(C(=O)O)c2ccccc21)C(=O)Nc1ccc(C#N)c(C(F)(F)F)c1
CHEMBL4590504,C[C@](O)(Cn1ccc2ccc(F)cc21)C(=O)Nc1ccc(C#N)c(Cl)c1
CHEMBL4591353,CN1CCN(c2ccc([C@H]3C[C@@]4(C)[C@@H](CC[C@@]4(O)C#CC(C)(C)C)[C@@H]4CCC5=CC(=O)CC[C@@H]5[C@H]43)cc2)CC1
CHEMBL4593239,Cc1cccc(N2[C@H](C)CN(C(=O)CSCc3c(C)noc3C)C[C@@H]2C)c1
CHEMBL462022,COc1cc(Sc2c(C)cc(C)cc2C)ccc1C#N
CHEMBL462025,Cc1ccccc1Sc1ccc(C#N)c(C(F)(F)F)c1
CHEMBL462026,COc1ccccc1Sc1ccc(C#N)c(C(F)(F)F)c1
CHEMBL462027,Cc1cccc(C)c1Sc1ccc(C#N)c(C(F)(F)F)c1
CHEMBL462234,Cc1cc(C)c(Sc2ccc(C#N)c(C(F)(F)F)c2)c(C)c1
CHEMBL462663,COc1cc(SCCC(C)C)ccc1C#N
CHEMBL462664,CCCSc1ccc(C#N)c(C(F)(F)F)c1
CHEMBL462665,CCCCSc1ccc(C#N)c(C(F)(F)F)c1
CHEMBL4634960,N=c1oc2c(O)cccc2cc1C(=O)Nc1cccc(F)c1
CHEMBL4640248,N=c1oc2c(O)cccc2cc1C(=O)Nc1ccccc1Cl
CHEMBL4641012,CCc1ccc(NC(=O)c2cc3cccc(O)c3oc2=N)cc1
CHEMBL4642187,CCc1ccccc1NC(=O)c1cc2cccc(O)c2oc1=N
CHEMBL4642678,N=c1oc2c(O)cccc2cc1C(=O)Nc1ccccc1F
CHEMBL4644092,N=c1oc2c(O)cccc2cc1C(=O)Nc1ccc(F)cc1
CHEMBL4646593,CCc1cccc(NC(=O)c2cc3cccc(O)c3oc2=N)c1
CHEMBL464764,Cc1cccc(Oc2ccc(C#N)c(C(F)(F)F)c2)c1
CHEMBL4648793,Cc1ccc(NC(=O)c2cc3cccc(O)c3oc2=N)cc1
CHEMBL464929,COc1cc(C#N)ccc1Oc1ccc(C)cc1
CHEMBL465539,Cc1ccc(Oc2ccc(C#N)c(C(F)(F)F)c2)cc1
CHEMBL467790,C=C[C@@](O)(c1nc2cc(Cl)c(Cl)cc2[nH]1)C(F)(F)F
CHEMBL467887,CN(C)C1CC(C(C)(C)CO)Nc2ccc([N+](=O)[O-])cc21
CHEMBL467888,C[C@@H]1CC[C@H]([C@@H](O)C(F)(F)F)N1c1ccc2[nH]c(=O)cc(C(F)(F)F)c2c1
CHEMBL469333,COc1cccc(OC)c1Oc1ccc(C#N)c(C(F)(F)F)c1
CHEMBL469334,COc1cc(C)ccc1Oc1ccc(C#N)c(C(F)(F)F)c1
CHEMBL469380,COc1ccccc1Oc1ccc(C#N)c(C(F)(F)F)c1
CHEMBL469600,COc1cccc(Oc2ccc(C#N)c(C(F)(F)F)c2)c1
CHEMBL469601,COc1ccc(Oc2ccc(C#N)c(C(F)(F)F)c2)cc1
CHEMBL469602,CCCc1ccccc1Oc1ccc(C#N)c(C(F)(F)F)c1
CHEMBL469759,C[C@@](O)(COc1ccc(C#N)cc1)C(=O)Nc1ccc(C#N)c(I)c1
CHEMBL469982,Cc1ccc(O)c(Oc2ccc(C#N)c(C(F)(F)F)c2)c1
CHEMBL469983,COc1cccc(F)c1Oc1ccc(C#N)c(C(F)(F)F)c1
CHEMBL470204,Cc1ccccc1Oc1ccc(C#N)c(Cl)c1
CHEMBL470395,CCSc1ccccc1Oc1ccc(C#N)c(C(F)(F)F)c1
CHEMBL470629,N#Cc1ccc(Oc2ccccc2Cl)cc1C(F)(F)F
CHEMBL470783,CC[C@@]12C[C@H](O)[C@](O)(c3ccccc3)C[C@H]1CCc1cc(OCc3cccnc3C)ccc12
CHEMBL470785,C=CC[C@@]12CC[C@](O)(C#CC)C[C@H]1CCc1cc(O)ccc12
CHEMBL470841,N#Cc1ccc(Oc2cccc(Cl)c2)cc1C(F)(F)F
CHEMBL470842,N#Cc1ccc(Oc2ccc(Cl)cc2)cc1C(F)(F)F
CHEMBL471644,Cc1cccc(C)c1Oc1ccc(C#N)c(C(F)(F)F)c1
CHEMBL471645,N#Cc1ccc(Oc2ccccc2O)cc1C(F)(F)F
CHEMBL471876,N#Cc1ccc(Oc2ccccc2-c2ccccc2)cc1C(F)(F)F
CHEMBL473801,C[C@@]1(C(=O)Nc2nccs2)CC2(C#N)c3ccccc3C1c1ccccc12
CHEMBL4739997,C[C@](O)(Cn1cc(C#N)c(Br)n1)C(=O)Nc1ccc(C#N)c(C(F)(F)F)c1
CHEMBL4740374,C[C@](O)(Cn1ccc(F)n1)C(=O)Nc1ccc(C#N)c(C(F)(F)F)c1
CHEMBL4740742,N#Cc1ccc(NC(=O)CS(=O)(=O)c2ccc(F)cc2)cc1C(F)(F)F
CHEMBL4740944,CC1(C)C(=O)N(c2ccc(F)c(C(F)(F)F)c2)C(=O)N1S(C)(=O)=O
CHEMBL4741021,C[C@](O)(Cn1cc(F)cn1)C(=O)Nc1ccnc(Cl)c1
CHEMBL4741569,C[C@](O)(Cn1ccc(C(F)(F)F)n1)C(=O)Nc1ccc(C#N)c(C(F)(F)F)c1
CHEMBL4741767,COC(=O)Nc1ccc(-c2cnn(C[C@](C)(O)C(=O)Nc3ccc(C#N)c(C(F)(F)F)c3)c2)cc1
CHEMBL474189,CC12CC(C)(C(=O)Nc3nccs3)C(c3ccccc31)c1ccccc12
CHEMBL4741941,Cc1cnc(NS(C)(=O)=O)nc1COc1ccc(C(C)(C)c2cc(Cl)c(OCCCl)c(C#N)c2)cc1
CHEMBL4742694,CC(=O)c1cnn(C[C@](C)(O)C(=O)Nc2ccc(C#N)c(C(F)(F)F)c2)c1
CHEMBL4743145,CC1(C)C(=O)N(c2ccc(C#N)c(C(F)(F)F)c2)C(=S)N1c1ccc2c(c1)COC2=O
CHEMBL4743225,CC1(C)NC(=O)N(c2ccc(C(F)(F)F)nc2)C1=O
CHEMBL4743302,CN1Cc2cc(N3C(=S)N(c4ccc(C#N)c(C(F)(F)F)c4)C(=O)C3(C)C)ccc2C1=O
CHEMBL4743529,CC1(C)NC(=O)N(Cc2ccc(F)c(C(F)(F)F)c2)C1=O
CHEMBL4744396,N#Cc1ccc(N2C(=O)C3CCc4cc(-c5ccc(C(F)(F)F)cc5)ccc4N3C2=S)cc1C(F)(F)F
CHEMBL4744974,CC1(C)NC(=O)N(c2ccc(F)c(C(F)F)c2)C1=O
CHEMBL4745209,CC1(C)C(=O)N(c2ccc(C#N)c(C(F)(F)F)c2)C(=S)N1c1ccc2c(c1)CCOC2=O
CHEMBL4745855,N#Cc1ncc(N2C(=O)C3(COC3)N(c3ccc4c(c3)COC4=O)C2=S)cc1C(F)(F)F
CHEMBL4746345,C[C@](O)(Cn1cc(Br)c(F)n1)C(=O)Nc1ccc(C#N)c(C(F)(F)F)c1
CHEMBL4746443,CN(C)C(=O)c1cc(N2C(=O)NC(C)(C)C2=O)ccc1F
CHEMBL4746653,N#Cc1ncc(N2C(=O)C3(CCCC3)N(c3ccc4c(c3)COC4=O)C2=S)cc1C(F)(F)F
CHEMBL4746814,C[C@](O)(Cn1cc(-c2ccc(F)cc2)cn1)C(=O)Nc1ccc(C#N)c(C(F)(F)F)c1
CHEMBL4746960,CC(Cn1cc(F)cn1)C(=O)Nc1ccc(C#N)c(C(F)(F)F)c1
CHEMBL4747056,N#Cc1ccc(NC(=O)CCn2cc(F)cn2)cc1C(F)(F)F
CHEMBL4747499,O=C1NC2(CCCCC2)C(=O)N1c1ccc(F)c(C(F)(F)F)c1
CHEMBL4747544,Cc1ccc(N2C(=O)NC(C)(C)C2=O)cc1C(F)(F)F
CHEMBL4747667,Cc1cnn(C[C@](C)(O)C(=O)Nc2ccc(C#N)c(C(F)(F)F)c2)c1
CHEMBL474770,Cc1cnc(NC(=O)C2(C)CC3c4ccccc4C2c2ccccc23)s1
CHEMBL4748422,CC1(C)NC(=O)N(c2ccnc(C(F)(F)F)c2)C1=O
CHEMBL4748557,CC1(C)C(=O)N(c2ccc(F)c(C(F)(F)F)c2)C(=O)N1S(=O)(=O)c1ccccc1
CHEMBL4749686,CC(C)(c1ccc(OCc2ncc(NS(C)(=O)=O)s2)cc1)c1cc(Cl)c(OCCCl)c(C#N)c1
CHEMBL4749688,CC(C)(c1ccc(OCc2cnc(NS(C)(=O)=O)nc2)cc1)c1cc(Cl)c(OCCCl)c(C#N)c1
CHEMBL4749979,Cc1nc(NS(C)(=O)=O)nc(COc2ccc(C(C)(C)c3cc(Cl)c(OCCCl)c(C#N)c3)cc2)c1C
CHEMBL4750103,CC1(C)NC(=O)N(c2ccc(Cl)c(C(F)(F)F)c2)C1=O
CHEMBL4750351,N#Cc1ccc(N2C(=O)C3CCc4cc(-c5ccccc5)ccc4N3C2=S)cc1C(F)(F)F
CHEMBL4750503,N#Cc1ccc(N2C(=O)C3CCc4cc(Br)ccc4N3C2=S)cc1C(F)(F)F
CHEMBL4751646,C[C@](O)(Cn1cc(C(F)(F)F)cn1)C(=O)Nc1ccc(C#N)c(C(F)(F)F)c1
CHEMBL4752477,Cc1cn(C[C@](C)(O)C(=O)Nc2ccc(C#N)c(C(F)(F)F)c2)nc1Cl
CHEMBL4752689,N#Cc1ccc(N2C(=O)C3(CCCC3)N(c3ccc4c(c3)COC4=O)C2=S)cc1C(F)(F)F
CHEMBL4752893,CC(C)(C)OC(=O)Nc1ccc(-c2cnn(C[C@](C)(O)C(=O)Nc3ccc(C#N)c(C(F)(F)F)c3)c2)cc1
CHEMBL4752991,C[C@](O)(Cn1cc(Cl)cn1)C(=O)Nc1ccc(C#N)c(C(F)(F)F)c1
CHEMBL4753877,C[C@](O)(Cn1cc([N+](=O)[O-])cn1)C(=O)Nc1ccc(C#N)c(C(F)(F)F)c1
CHEMBL4754074,N#Cc1ccc(N2C(=O)C3CNc4cc(Br)ccc4N3C2=S)cc1C(F)(F)F
CHEMBL4754309,N#Cc1ncc(N2C(=O)C3(CCCCC3)N(c3ccc4c(c3)COC4=O)C2=S)cc1C(F)(F)F
CHEMBL4754501,C[C@@](O)(COc1ccc(C#N)cc1)C(=O)Nc1ccc(C#N)c(C(F)(F)F)c1
CHEMBL4754845,CC1(C)NC(=O)C(c2ccc(F)c(C(F)(F)F)c2)C1=O
CHEMBL475503,COc1ccccc1CNC(=O)c1cc(C(F)(F)F)nn1-c1csc(CNC(=O)[C@H](C)N)c1
CHEMBL4755665,O=C1NC2(CCCC2)C(=O)N1c1ccc(F)c(C(F)(F)F)c1
CHEMBL4755743,N#Cc1ccc(N2C(=O)C3CCc4cc(-c5cnc(Cl)nc5)ccc4N3C2=S)cc1C(F)(F)F
CHEMBL4756377,CC1(C)NC(=O)N(c2cnccn2)C1=O
CHEMBL4756685,N#Cc1ncc(N2C(=O)C3(CCCC3)N(c3cnc4c(c3)COC4=O)C2=S)cc1C(F)(F)F
CHEMBL4756936,CCOC(=O)Nc1cc2c(cc1F)CC1C(=O)N(c3cnc(C#N)c(C(F)(F)F)c3)C(=S)N1C2
CHEMBL4757339,CC(C)(c1ccc(OCc2ccnc(NS(C)(=O)=O)n2)cc1)c1cc(F)c(OCCCl)c(Cl)c1
CHEMBL4757702,C[C@](O)(Cn1cc(Cl)c(Br)n1)C(=O)Nc1ccc(C#N)c(C(F)(F)F)c1
CHEMBL4757852,N#Cc1ccc(N2C(=O)C3CCc4cc(-c5ccc(C(F)(F)F)nc5)ccc4N3C2=S)cc1C(F)(F)F
CHEMBL4758041,CC(C)(c1ccc(OCC(O)CO)cc1)c1ccc(OCC(O)CCl)cc1
CHEMBL4758119,C[C@](O)(Cn1cc(-c2ccccc2)c(C#N)n1)C(=O)Nc1cnc(C#N)c(C(F)(F)F)c1
CHEMBL4758277,CC1(C)C(=O)N(c2ccc(F)c(C(F)(F)F)c2)C(=O)N1CC#N
CHEMBL4758685,C[C@](O)(Cn1cc(-c2ccccc2)cn1)C(=O)Nc1ccc(C#N)c(C(F)(F)F)c1
CHEMBL4759470,CC1(C)C(=O)N(c2cnc(C#N)c(C(F)(F)F)c2)C(=S)N1c1ccc2c(c1)COC2=O
CHEMBL4759623,c1ccc(C2Nc3ccc4ccccc4c3C3C4CCC(C4)C23)cc1
CHEMBL4759704,N#Cc1ccc(N2C(=O)C3CCc4cc(-c5cnc6ccccc6c5)ccc4N3C2=S)cc1C(F)(F)F
CHEMBL4759832,N#Cc1ccc(N2C(=O)C3(CCOC3)N(c3ccc4c(c3)COC4=O)C2=S)cc1C(F)(F)F
CHEMBL4759841,N#Cc1ccc(N2C(=O)C3(CCC3)N(c3ccc4c(c3)COC4=O)C2=S)cc1C(F)(F)F
CHEMBL4760141,Brc1ccc(C2Nc3ccc4ccccc4c3C3C=CCC32)cc1
CHEMBL4761191,CSc1nc(C)c(COc2ccc(C(C)(C)c3cc(Cl)c(OCCCl)c(C#N)c3)cc2)o1
CHEMBL4761957,CC(C)S(=O)(=O)Nc1nc(COc2ccc(C(C)(C)c3cc(Cl)c(OCCCl)c(C#N)c3)cc2)co1
CHEMBL4762417,N#Cc1ccc(N2C(=O)C3(CC3)N(c3ccc4c(c3)COC4=O)C2=S)cc1C(F)(F)F
CHEMBL476292,COc1ccc2c(c1)C(=O)CC(c1ccccc1)O2
CHEMBL4763104,CC(C)(c1ccc(OCc2nc(NS(C)(=O)=O)cs2)cc1)c1cc(Cl)c(OCCCl)c(C#N)c1
CHEMBL4763136,O=C1N[C@H](c2ccccc2)C(=O)N1c1ccc(F)c(C(F)F)c1
CHEMBL4763876,CC1(C)NC(=O)N(c2cccnc2)C1=O
CHEMBL4764992,N#Cc1ncc(N2C(=O)C3(CCOC3)N(c3ccc4c(c3)COC4=O)C2=S)cc1C(F)(F)F
CHEMBL4776221,CC(C)(C)OC(=O)Nc1cnn(C[C@](C)(O)C(=O)Nc2cnc(C#N)c(C(F)(F)F)c2)c1
CHEMBL4776248,C[C@](O)(Cn1cc(C#N)cn1)C(=O)Nc1ccc(C#N)c(C(F)(F)F)c1
CHEMBL4777133,CC1(C)CNC(=O)N(c2ccc(F)c(C(F)(F)F)c2)C1=O
CHEMBL4777511,CC1(C)CN(c2ccc(F)c(C(F)(F)F)c2)C(=O)N1
CHEMBL4778019,C[C@](O)(Cn1ccc(-c2ccccc2)n1)C(=O)Nc1ccc(C#N)c(C(F)(F)F)c1
CHEMBL4778185,O=C1C2CCCN2C(=O)N1c1ccc(F)c(C(F)(F)F)c1
CHEMBL4778298,CC1(C)NC(=O)N(c2ccnc3ccccc23)C1=O
CHEMBL4778550,CCOC(=O)c1ccc(NC(=O)c2cccc(S(=O)(=O)N3CCCc4ccccc43)c2)s1
CHEMBL4778795,C[C@](O)(Cn1cc(C#N)cn1)C(=O)Nc1cnc(C#N)c(C(F)(F)F)c1
CHEMBL4778974,CN1C(=O)N(c2ccc(F)c(C(F)(F)F)c2)C(=O)C1(C)C
CHEMBL4779474,C[C@](O)(Cn1cccn1)C(=O)Nc1ccc(C#N)c(C(F)(F)F)c1
CHEMBL4779527,C[C@](O)(Cn1cc(F)cn1)C(=O)Nc1ccc(C#N)c(Cl)c1
CHEMBL4780549,N#Cc1ccc(N2C(=O)C3(CCCOC3)N(c3ccc4c(c3)COC4=O)C2=S)cc1C(F)(F)F
CHEMBL4781335,C[C@](O)(Cn1cc(F)cn1)C(=O)Nc1cnc(C#N)c(C(F)(F)F)c1
CHEMBL4781708,CC1(C)NC(=O)N(c2cccc(C(F)(F)F)c2)C1=O
CHEMBL4781726,N#Cc1ccc(N2C(=O)C3CCc4ccccc4N3C2=S)cc1C(F)(F)F
CHEMBL4782196,CC1NC(=O)N(c2ccc(F)c(C(F)F)c2)C1=O
CHEMBL4782426,CC1(C)NC(=O)N(c2ccncc2)C1=O
CHEMBL4782786,Clc1ccc(C2Nc3ccc4ccccc4c3C3C4CCC(C4)C23)cc1
CHEMBL4782924,C[C@@](Cn1cc(N)cn1)(OC(=O)CCl)C(=O)Nc1ccc(C#N)c(C(F)(F)F)c1
CHEMBL4782992,C[C@](O)(Cn1cc(-c2ccc(F)cc2)c(F)n1)C(=O)Nc1ccc(C#N)c(C(F)(F)F)c1
CHEMBL4783581,C[C@](O)(Cn1cc(F)cn1)C(=O)Nc1ccc(C#N)c(C(F)(F)F)c1
CHEMBL4784244,C[C@](O)(Cn1cc(C#N)c(Br)n1)C(=O)Nc1cnc(C#N)c(C(F)(F)F)c1
CHEMBL4786505,CC1(C)C(=O)N(c2ccc(F)c(C(F)(F)F)c2)C(=O)N1CCc1ccccc1
CHEMBL4786811,CC1(C)C(=O)NC(=O)N1c1ccc(F)c(C(F)(F)F)c1
CHEMBL4787221,N#Cc1ccc(N2C(=O)C3CCc4cc(-c5ccn(C6CC6)n5)ccc4N3C2=S)cc1C(F)(F)F
CHEMBL4787631,CC1(C)C(=O)N(c2ccc(C#N)c(C(F)(F)F)c2)C(=S)N1c1cnc2c(c1)COC2=O
CHEMBL4787997,CC1(C)CC(=O)N(c2ccc(F)c(C(F)(F)F)c2)C1=O
CHEMBL4788710,N#Cc1ccc(N2C(=O)C3CSc4cc(Br)ccc4N3C2=S)cc1C(F)(F)F
CHEMBL4788869,Cc1noc(C)c1-c1ccc2c(c1)CCC1C(=O)N(c3ccc(C#N)c(C(F)(F)F)c3)C(=S)N21
CHEMBL4789258,CC(C)(c1ccc(OCc2cnc(NS(C)(=O)=O)o2)cc1)c1cc(Cl)c(OCCCl)c(C#N)c1
CHEMBL4789909,CC(C)(c1ccc(OCc2ccnc(NS(C)(=O)=O)n2)cc1)c1cc(Cl)c(OCCCl)c(Cl)c1
CHEMBL4790160,CCOC(=O)C1Nc2ccc3ccccc3c2C2C=CCC12
CHEMBL4790269,CC1(C)OC(=O)N(c2ccc(F)c(C(F)(F)F)c2)C1=O
CHEMBL4790541,C[C@](O)(Cn1cc(C(F)(F)F)cn1)C(=O)Nc1cnc(C#N)c(C(F)(F)F)c1
CHEMBL4792484,N#Cc1ccc(N2C(=O)C3(CCCC3)N(c3ccc4c(c3)CCOC4=O)C2=S)cc1C(F)(F)F
CHEMBL4792938,C[C@@](O)(Cn1cc(F)cn1)C(=O)Nc1ccc(C#N)c(C(F)(F)F)c1
CHEMBL4793070,O=C1CNC(=O)N1c1ccc(F)c(C(F)(F)F)c1
CHEMBL4793158,CC1(CO)NC(=O)N(c2ccc(F)c(C(F)(F)F)c2)C1=O
CHEMBL4793442,C[C@](O)(Cn1ccc(-c2ccc(F)cc2)n1)C(=O)Nc1ccc(C#N)c(C(F)(F)F)c1
CHEMBL4794197,C#Cc1ccc(-c2cnn(C[C@](C)(O)C(=O)Nc3ccc(C#N)c(C(F)(F)F)c3)c2)cc1
CHEMBL4794467,C[C@](O)(Cn1cc(Br)c(F)n1)C(=O)Nc1cnc(C#N)c(C(F)(F)F)c1
CHEMBL4794639,N#Cc1ccc(N2C(=O)C3(CCCCC3)N(c3ccc4c(c3)COC4=O)C2=S)cc1C(F)(F)F
CHEMBL4795534,CC1(C)CC(=O)N(c2ccc(F)c(C(F)(F)F)c2)C(=O)N1
CHEMBL4796332,Clc1ccc(C2Nc3ccc4ccccc4c3C3C=CCC32)cc1
CHEMBL4797334,C[C@](O)(Cn1cc(Br)cn1)C(=O)Nc1ccc(C#N)c(C(F)(F)F)c1
CHEMBL4797715,Clc1ccccc1C1Nc2ccc3ccccc3c2C2C=CCC21
CHEMBL4798254,Clc1ccc(C2Nc3ccc4ccccc4c3C3OCCCC23)c(Cl)c1
CHEMBL4798606,Fc1ccccc1C1Nc2ccc3ccccc3c2C2C=CCC21
CHEMBL4798843,C[C@](O)(Cn1cc(I)cn1)C(=O)Nc1ccc(C#N)c(C(F)(F)F)c1
CHEMBL4798945,N#Cc1ccc(N2C(=O)C3CCc4cc(-c5cccnc5)ccc4N3C2=S)cc1C(F)(F)F
CHEMBL4799175,CCN1C(=O)N(c2ccc(F)c(C(F)(F)F)c2)C(=O)C1(C)C
CHEMBL4799239,CC(C)(c1ccc(OCc2cnc(Cl)o2)cc1)c1cc(Cl)c(OCCCl)c(C#N)c1
CHEMBL4799429,CC1(C)NC(=O)N(c2ccc(F)c(C#N)c2)C1=O
CHEMBL479988,CC(=O)c1ccc(N(Cc2ccccc2)c2cc(C(=O)N3CCCC3)n(C)c2)cc1
CHEMBL4800118,CC(C)S(=O)(=O)c1nc(COc2ccc(C(C)(C)c3cc(Cl)c(OCCCl)c(C#N)c3)cc2)co1
CHEMBL4800363,C[C@](O)(Cn1cc(F)cn1)C(=O)Nc1cc(C(F)(F)F)c(C#N)cc1I
CHEMBL4800572,C[C@@]1(Cn2cc(F)cn2)OC(=O)N(c2ccc(C#N)c(C(F)(F)F)c2)C1=O
CHEMBL480162,Cn1cc(N(Cc2ccccc2)c2ccc([N+](=O)[O-])cc2)cc1C(N)=O
CHEMBL480182,O=C1ON=C(c2ccc(Cl)cc2)/C1=C/c1ccc(N2CCCC2)cc1
CHEMBL480183,Cc1cc(C)cc(N(C)c2cc(C(=O)N3CCCC3)n(C)c2)c1
CHEMBL480934,Cn1cc(N(Cc2ccc(O)cc2)c2ccc([N+](=O)[O-])cc2)cc1C(=O)N1CCCC1
CHEMBL480955,Cn1cc(N(Cc2ccccc2)c2ccc(C#N)cc2)cc1C(=O)N1CCCC1
CHEMBL480959,COC(=O)c1ccc(N(Cc2ccccc2)c2cc(C(=O)N3CCCC3)n(C)c2)cc1
CHEMBL480960,Cn1cc(N(Cc2ccccc2)c2ccc([N+](=O)[O-])cc2)cc1CO
CHEMBL480982,CCN(CC)c1ccc(/C=C2\C(=O)ON=C2C)cc1
CHEMBL481107,Cn1cc(N(Cc2ccc(F)cc2)c2ccc([N+](=O)[O-])cc2)cc1C(=O)N1CCCC1
CHEMBL481139,CCN(CC)C(=O)c1cc(N(Cc2ccccc2)c2ccc([N+](=O)[O-])cc2)cn1C
CHEMBL481152,CCN(c1cc(C)cc(C)c1)c1cc(C(=O)N2CCCC2)n(C)c1
CHEMBL481302,CCCCN(CCCC)C(=O)c1cc(N(Cc2ccccc2)c2ccc([N+](=O)[O-])cc2)cn1C
CHEMBL481350,CN(c1ccc([N+](=O)[O-])cc1)c1cc(C(=O)N2CCCC2)n(C)c1
CHEMBL481355,CCN(c1ccc([N+](=O)[O-])cc1)c1cc(C(=O)N2CCCC2)n(C)c1
CHEMBL481356,CC(C)N(c1ccc([N+](=O)[O-])cc1)c1cc(C(=O)N2CCCC2)n(C)c1
CHEMBL481514,Cc1cc(C)cc(N(Cc2ccccc2)c2cc(C(=O)N3CCCC3)n(C)c2)c1
CHEMBL481515,Cc1cc(C)cc(N(Cc2ccc(O)cc2)c2cc(C(=O)N3CCCC3)n(C)c2)c1
CHEMBL48159,C[C@@](O)(CBr)C(=O)Nc1ccc([N+](=O)[O-])c(C(F)(F)F)c1
CHEMBL481686,Cc1cc(C)cc(N(Cc2ccc(CO)cc2)c2cc(C(=O)N3CCCC3)n(C)c2)c1
CHEMBL481746,Cn1cc(N(Cc2ccc(CO)cc2)c2ccc([N+](=O)[O-])cc2)cc1C(=O)N1CCCC1
CHEMBL481924,Cn1cc(N(Cc2ccccc2)c2ccc([N+](=O)[O-])c(C(F)(F)F)c2)cc1C(=O)N1CCCC1
CHEMBL481939,Cc1ccc(CN(c2ccc([N+](=O)[O-])cc2)c2cc(C(=O)N3CCCC3)n(C)c2)cc1
CHEMBL482063,O=C(c1ccc(N(Cc2ccccc2)c2ccc([N+](=O)[O-])cc2)cc1)N1CCCC1
CHEMBL482064,O=C(c1cccc(N(Cc2ccccc2)c2ccc([N+](=O)[O-])cc2)c1)N1CCCC1
CHEMBL482549,Cc1c(N2C(NC#N)N3CC[C@H](O)[C@H]3[C@@H]2C)ccc(C#N)c1Cl
CHEMBL483246,Cn1c(C#N)ccc1-c1ccc2c(c1)C(c1ccco1)(c1ccco1)OCC(=O)N2
CHEMBL48358,C=C1C=CCC(C)(C)C1Cc1cc(OC)c(Br)cc1O
CHEMBL483745,Cc1c(/N=C2\O[C@@H](C(C)C)[C@@H]3[C@H](O)CCN23)ccc(C#N)c1Cl
CHEMBL483746,Cc1c(/N=C2\NC[C@@H]3[C@H](O)CCN23)ccc(C#N)c1Cl
CHEMBL483941,Cc1c(/N=C2\N(C(N)=O)C[C@@H]3[C@H](O)CCN23)ccc(C#N)c1Cl
CHEMBL4845915,Fc1cc(F)c2[nH]cc(-c3ccc4ccccc4n3)c2c1
CHEMBL484662,O=c1cc(-c2ccc(O)cc2)oc2cccc(O)c12
CHEMBL4846981,Cc1ccc2c(-c3ccc4ccccc4n3)c[nH]c2c1F
CHEMBL4847082,Fc1cc2c(-c3ccc4c(-c5cncs5)cccc4n3)c[nH]c2c(F)c1F
CHEMBL484726,Cc1c(/N=C2\O[C@@H](C(F)(F)F)[C@@H]3[C@@H](O)CCN23)ccc(C#N)c1Cl
CHEMBL484727,Cc1c(/N=C2\O[C@H](C(F)(F)F)[C@@H]3[C@@H](O)CCN23)ccc(C#N)c1Cl
CHEMBL484728,Cc1c(/N=C2\O[C@@H](C(F)(F)F)[C@@H]3[C@H](O)CCN23)ccc(C#N)c1Cl
CHEMBL4848581,CC(C)NC(=O)c1cccc2nc(-c3cn(COP(=O)([O-])[O-])c4c(F)c(F)c(F)cc34)ccc12.[Na+].[Na+]
CHEMBL4849002,O=C(NCC1CC1)c1cccc2nc(-c3c[nH]c4c(F)c(F)c(F)cc34)ccc12
CHEMBL4849023,O=C(NCC(F)F)c1cccc2nc(-c3c[nH]c4c(F)c(F)c(F)cc34)ccc12
CHEMBL484919,Cc1c(/N=C2\OC[C@@H]3[C@H](O)CCN23)ccc(C#N)c1Cl
CHEMBL4849570,N#Cc1ncc(N2C(=O)C3(CCC3)N(c3ccc(OC4CCNCC4)nc3)C2=S)cc1Cl
CHEMBL4850003,CN1CCC(Oc2ncc(N3C(=S)N(c4cnc(C#N)c(C(F)(F)F)c4)C(=O)C34CCC4)cn2)CC1
CHEMBL4850746,CNC(=O)c1cc2c(cc1F)CC1(C2)C(=O)N(c2ccc(C#N)c(C(F)(F)F)c2)C(=S)N1C(C)C
CHEMBL4850855,N#Cc1ncc(N2C(=O)C3(CCC3)N(c3ccc(O)nc3)C2=S)cc1C(F)(F)F
CHEMBL4850974,Fc1ccc2c(-c3ccc4ccccc4n3)c[nH]c2c1F
CHEMBL4851052,CN1C(=S)N(c2cnc(C#N)c(C(F)(F)F)c2)C(=O)C12Cc1ccc(OC3CCNCC3)cc1C2
CHEMBL4852213,C[C@](O)(Cn1cnc(Br)c1)C(=O)Nc1ccc(C#N)c(C(F)(F)F)c1
CHEMBL4852266,CNC(=O)c1cc2c(cc1F)CC1(C2)C(=O)N(c2cnc(C#N)c(C(F)(F)F)c2)C(=S)N1C1CCCC1
CHEMBL4852427,C[C@](O)(CN1CCOCC1)C(=O)Nc1ccc(C#N)c(C(F)(F)F)c1
CHEMBL4852478,C[C@](O)(Cn1ccc(F)c1)C(=O)Nc1ccc(C#N)c(C(F)(F)F)c1
CHEMBL4852542,Cc1c(F)ccc2c(-c3ccc4ccccc4n3)c[nH]c12
CHEMBL4852702,Cc1cccc2c(-c3ccc4ccc(Cl)cc4n3)c[nH]c12
CHEMBL4852876,Fc1cc2c(-c3ccc4ccccc4n3)c[nH]c2c(F)c1F
CHEMBL4852950,CCC(=O)N[C@H](C[C@H](C)C(Cl)(Cl)Cl)C(=O)N1C(=O)C=C(OC)[C@@H]1C[C@H](C)C(Cl)Cl
CHEMBL4852991,Fc1cc(Cl)cc2c(-c3ccc4ccccc4n3)c[nH]c12
CHEMBL4853429,C[C@](O)(Cn1nncc1-c1ccc(F)cc1)C(=O)Nc1ccc(C#N)c(C(F)(F)F)c1
CHEMBL485349,O=C1CC(c2ccccc2O)Oc2ccc(O)cc21
CHEMBL4853754,N#Cc1ncc(N2C(=O)C3(CCC3)N(c3ccc(CN4CCNCC4)cc3)C2=S)cc1C(F)(F)F
CHEMBL4854145,CC(C)(C)NC(=O)c1cccc2nc(-c3c[nH]c4c(F)c(F)c(F)cc34)ccc12
CHEMBL4854295,CNC(=O)c1cc2c(cc1F)CC1(C2)C(=O)N(c2cnc(C#N)c(C(F)(F)F)c2)C(=S)N1C(C)C
CHEMBL4856041,CNC(=O)c1ccc2c(c1)CC1(C2)C(=O)N(c2ccc(C#N)c(C(F)(F)F)c2)C(=O)N1C
CHEMBL4856070,Fc1ccc2c(-c3ccc4ccccc4n3)c[nH]c2c1Cl
CHEMBL4856585,Cc1cccc2c(-c3ccc4cccc(Cl)c4n3)c[nH]c12
CHEMBL4857183,Cc1cccc2c(-c3ccc4cccc(F)c4n3)c[nH]c12
CHEMBL4857366,C[C@](O)(Cn1cncn1)C(=O)Nc1ccc(C#N)c(C(F)(F)F)c1
CHEMBL4857716,CNC(=O)c1cc2c(cc1F)CC1(C2)C(=O)N(c2cnc(C#N)c(C(F)(F)F)c2)C(=S)N1CC(C)C
CHEMBL4858811,N#Cc1ncc(N2C(=O)C3(CCC3)N(c3ccc(OC4CCNCC4)nc3)C2=S)cc1C(F)(F)F
CHEMBL4859502,CN1CCC(Oc2ccc(N3C(=S)N(c4cnc(C#N)c(C(F)(F)F)c4)C(=O)C34CCC4)cn2)CC1
CHEMBL4860114,Cc1cc(Cl)c2[nH]cc(-c3ccc4ccccc4n3)c2c1
CHEMBL4860547,COc1cc(N2C(=O)C3(CCC3)N(c3ccc(OC4CCN(C)CC4)nc3)C2=S)cnc1C#N
CHEMBL4860814,CNC(=O)c1cc2c(cc1F)C[C@@]1(C2)C(=O)N(c2ccc(C#N)c(C(F)(F)F)c2)C(=S)N1C(C)C
CHEMBL4861204,CNC(=O)c1ccc2c(c1)CC1(C2)C(=O)N(c2cnc(C#N)c(C(F)(F)F)c2)C(=S)N1C
CHEMBL4861273,C[C@](O)(Cn1ccc(-c2ccc(F)cc2)c1)C(=O)Nc1ccc(C#N)c(C(F)(F)F)c1
CHEMBL4861278,C[C@](O)(Cn1cc(-c2ccc(F)cc2)nn1)C(=O)Nc1cnc(C#N)c(C(F)(F)F)c1
CHEMBL4861372,COC1=CC(=O)N(C(=O)[C@@H](CCC(Cl)(Cl)Cl)NC(=O)C(C)(C)C)[C@@H]1CCC(Cl)(Cl)Cl
CHEMBL4861595,N#Cc1ncc(N2C(=O)C3(CCC3)N(c3ccc(O)cc3)C2=S)cc1C(F)(F)F
CHEMBL4861621,CN1CCN(c2ccc(C(=O)N[C@H]3CC[C@H](N(C)c4ccc(C#N)c(Cl)c4)CC3)cc2)CC1
CHEMBL4862827,N#Cc1ncc(N2C(=O)C3(CCC3)N(c3ccc(OC4CCNCC4)cc3)C2=S)cc1Cl
CHEMBL4862864,C[C@](O)(Cn1cnc(C(F)(F)F)n1)C(=O)Nc1ccc(C#N)c(C(F)(F)F)c1
CHEMBL4864867,Cc1cccc2c(-c3ccc4ccc(F)cc4n3)c[nH]c12
CHEMBL4865067,CNC(=O)c1cc2c(cc1F)CC1(C2)C(=O)N(c2cnc(C#N)c(C(F)(F)F)c2)C(=S)N1C1CCC1
CHEMBL4865182,CNC(=O)c1cc2c(cc1F)C[C@]1(C2)C(=O)N(c2ccc(C#N)c(C(F)(F)F)c2)C(=S)N1C(C)C
CHEMBL4865865,CN1CCC(Oc2ccc(N3C(=S)N(c4cnc(C#N)c(C(F)(F)F)c4)C(=O)C34CCC4)cc2)CC1
CHEMBL4865876,CNC(=O)c1cc2c(cc1F)CC1(C2)C(=O)N(c2ccc(C#N)c(C(F)(F)F)c2)C(=S)N1CC(C)C
CHEMBL4866153,CNC(=O)c1ccc2c(c1)CC1(C2)C(=O)N(c2ccc(C#N)c(C(F)(F)F)c2)C(=S)N1C
CHEMBL4866292,CC(C)NC(=O)c1cccc2nc(-c3c[nH]c4c(F)c(F)c(F)cc34)ccc12
CHEMBL4868140,CNC(=O)c1cc2c(cc1F)CC1(C2)C(=O)N(c2ccc(C#N)c(C(F)(F)F)c2)C(=S)N1C
CHEMBL4868340,N#Cc1ncc(N2C(=O)C3(CCC3)N(c3cnc(OC4CCNCC4)nc3)C2=S)cc1C(F)(F)F
CHEMBL4868501,C[C@](O)(Cn1cc(-c2ccc(F)cc2)nn1)C(=O)Nc1ccc(C#N)c(C(F)(F)F)c1
CHEMBL4868764,Cc1cccc2c(-c3ccc4c(C(F)(F)F)cccc4n3)c[nH]c12
CHEMBL4868944,CNC(=O)c1cccc2nc(-c3c[nH]c4c(C)cccc34)ccc12
CHEMBL4869391,Cc1cccc2ccc(-c3c[nH]c4c(C)cccc34)nc12
CHEMBL4869652,COc1cc(N2C(=O)C3(CCC3)N(c3ccc(OC4CCN(C)CC4)cc3)C2=S)cnc1C#N
CHEMBL4869945,C[C@](O)(Cn1ccc(-c2ccccc2)c1)C(=O)Nc1ccc(C#N)c(C(F)(F)F)c1
CHEMBL4870138,Fc1cc(Cl)c2[nH]cc(-c3ccc4ccccc4n3)c2c1
CHEMBL4870389,Cc1cccc2c(-c3ccc4ccccc4n3)c[nH]c12
CHEMBL4870613,C[C@](O)(Cn1cncc1Br)C(=O)Nc1ccc(C#N)c(C(F)(F)F)c1
CHEMBL4870661,OC(c1cccc2nc(-c3c[nH]c4c(F)c(F)c(F)cc34)ccc12)C(F)(F)F
CHEMBL4870803,CN(c1ccc(C#N)c(Cl)c1)[C@H]1CC[C@H](NC(=O)c2ccc(N3CCN(C4CN(c5ccc6c(c5)C(=O)N(C5CCC(=O)NC5=O)C6=O)C4)CC3)cc2)CC1
CHEMBL4871015,CNC(=O)c1cc2c(cc1F)CC1(C2)C(=O)N(c2cnc(C#N)c(C(F)(F)F)c2)C(=S)N1C1CC1
CHEMBL4871131,CNC(=O)c1cc2c(cc1F)CC1(C2)C(=O)N(c2cnc(C#N)c(C(F)(F)F)c2)C(=S)N1C1CCCCC1
CHEMBL487116,N#Cc1cc(F)cc(-c2ccc3c(c2)C(c2ccco2)(c2ccco2)OCC(=O)N3)c1
CHEMBL4871230,COC1=CC(=O)N(C(=O)[C@@H](CCC(Cl)(Cl)Cl)NC(=O)C(C)(C)C)[C@@H]1CCC(Cl)Cl
CHEMBL4871449,Fc1cc2c(-c3ccc4c(C(F)(F)F)cccc4n3)c[nH]c2c(F)c1F
CHEMBL4871740,Cc1cccc2c(-c3ccc4cccc(Br)c4n3)c[nH]c12
CHEMBL4872153,CNC(=O)c1cc2c(cc1F)CC1(C2)C(=O)N(c2cnc(C#N)c(C(F)(F)F)c2)C(=S)N1C
CHEMBL4872533,O=C(NC1CC1)c1cccc2nc(-c3c[nH]c4c(F)c(F)c(F)cc34)ccc12
CHEMBL48745,C=C1CCC(C)(C)C1Cc1cc(OC)c(Br)cc1O
CHEMBL48746,C=C1C=C(C)CC(C)(C)C1Cc1cc(OC)c(Br)cc1O
CHEMBL4875270,C[C@](O)(Cn1ccnc1)C(=O)Nc1ccc(C#N)c(Cl)c1
CHEMBL4875734,Clc1cccc2c(-c3ccc4ccccc4n3)c[nH]c12
CHEMBL4875909,Fc1cc2c(-c3ccc4c(-c5nccs5)cccc4n3)c[nH]c2c(F)c1F
CHEMBL4876258,CNC(=O)c1cccc2nc(-c3c[nH]c4c(F)c(F)c(F)cc34)ccc12
CHEMBL4876455,CNC(=O)c1ccc2c(c1)CC1(C2)NC(=S)N(c2cnc(C#N)c(C(F)(F)F)c2)C1=O
CHEMBL4876467,Clc1cc(Cl)c2[nH]cc(-c3ccc4ccccc4n3)c2c1
CHEMBL4876579,N#Cc1ncc(N2C(=O)C3(CCC3)N(c3ccc(OC4CCNCC4)cc3)C2=S)cc1C(F)(F)F
CHEMBL4876629,C[C@](O)(Cn1ccc(C#N)c1)C(=O)Nc1ccc(C#N)c(C(F)(F)F)c1
CHEMBL4876793,CNC(=O)c1cc2c(cc1F)C[C@@]1(C2)C(=O)N(c2cnc(C#N)c(C(F)(F)F)c2)C(=S)N1C(C)C
CHEMBL4877104,Cc1cc(F)cc2c(-c3ccc4ccccc4n3)c[nH]c12
CHEMBL4877237,Cc1cc(C)c2[nH]cc(-c3ccc4ccccc4n3)c2c1
CHEMBL4877240,C[C@](O)(CN(c1ccccc1)c1ccc(F)cc1)C(=O)Nc1ccc(C#N)c(C(F)(F)F)c1
CHEMBL487728,CC1(C)OCC(=O)Nc2ccc(-c3cc(F)cc(C#N)c3)cc21
CHEMBL4877559,CNC(=O)c1ccc2c(c1)CC1(C2)NC(=S)N(c2ccc(C#N)c(C(F)(F)F)c2)C1=O
CHEMBL4879319,Cc1cc(N2C(=O)C3(CCC3)N(c3ccc(OC4CCNCC4)nc3)C2=S)cnc1C#N
CHEMBL4879321,CNC(=O)c1cc2c(cc1F)C[C@]1(C2)C(=O)N(c2cnc(C#N)c(C(F)(F)F)c2)C(=S)N1C(C)C
CHEMBL48858,C=C1CCCC(C)(C)C1Cc1cc(OC)c(Br)cc1O
CHEMBL489788,Cn1c(C#N)ccc1-c1ccc2c(c1)C(C)(c1ccco1)OCC(=O)N2
CHEMBL490955,Cc1ccccc1Oc1ccc(C#N)cc1Cl
CHEMBL490956,Cc1ccccc1Sc1ccc(C#N)cc1Cl
CHEMBL490957,COc1cc(Oc2cccc(C)c2)ccc1C#N
CHEMBL491,CC(C)(O)C(=O)Nc1ccc([N+](=O)[O-])c(C(F)(F)F)c1
CHEMBL491492,Cc1ccccc1[S+]([O-])c1ccc(C#N)cc1Cl
CHEMBL491493,COc1cc(Oc2ccccc2C)ccc1C#N
CHEMBL49615,C[C@](O)(CBr)C(=O)Nc1ccc(N)c(C(F)(F)F)c1
CHEMBL49754,C=C1C=C(C)CC(C)(C)C1Sc1ccc([N+](=O)[O-])cc1
CHEMBL499137,Cc1ccccc1Oc1ccc(C#N)c(C(F)(F)F)c1
CHEMBL49966,CCOC1=CC(=O)C(Cc2ccc([N+](=O)[O-])cc2)C(C)(C)C1
CHEMBL49978,C=C1C=C(C)CC(C)(C)C1C/C=C/c1cc(OC)c(Br)cc1O
CHEMBL50023,C=C1C=C(C)CC(C)(C)C1Cc1ccc([N+](=O)[O-])cc1
CHEMBL501080,CCC1(c2ccco2)OCC(=O)Nc2ccc(-c3cc(F)cc(C#N)c3)cc21
CHEMBL501627,N#Cc1ccc(C2CCCCC2O)cc1C(F)(F)F
CHEMBL501649,COc1cc(Oc2ccc(C)cc2)ccc1C#N
CHEMBL50241,C=C1CC[C@H](O)C/C1=C/C=C1\CCCC2(C)C1CCC2C(C)/C=C/C(C)C(C)C
CHEMBL503575,COc1cc(-c2ccccc2O)ccc1C#N
CHEMBL503676,Cn1cc(N(Cc2ccccc2)c2ccc([N+](=O)[O-])cc2)cc1C(=O)N1CCc2ccccc21
CHEMBL503687,CC(C)CCSc1ccc(C#N)c(C(F)(F)F)c1
CHEMBL504110,COc1cc(SCC2CC2)ccc1C#N
CHEMBL504179,CSc1ccccc1Oc1ccc(C#N)c(C(F)(F)F)c1
CHEMBL50454,C=C1C[C@H](C)C[C@@H](C)[C@@H]1Cc1cc(OC)c(Br)cc1O
CHEMBL50534,C=C1[C@@H](Cc2cc(OC)c(Br)cc2O)C(C)(C)CC[C@@]1(C)O
CHEMBL50619,C=C1C(C)=CCC(C)(C)[C@@H]1Cc1cc(OC)c(Br)cc1OC(C)=O
CHEMBL5069607,Cc1cccc(C(=O)Nc2ccc3c(C(F)(F)F)cc(=O)oc3c2)c1
CHEMBL5069872,O=C(Oc1ccc2c(C(F)(F)F)cc(=O)oc2c1)C1CCCCC1
CHEMBL5071469,Oc1ccccc1/C=N/c1ccc2oc(-c3ccccc3)nc2c1
CHEMBL5071682,O=c1cc(C(F)(F)F)c2ccc(OCc3c(F)cccc3Cl)cc2o1
CHEMBL5071912,COC(=O)c1ccc(COc2ccc3c(C(F)(F)F)cc(=O)oc3c2)cc1
CHEMBL507267,CC(C)c1ccccc1Oc1ccc(C#N)c(C(F)(F)F)c1
CHEMBL5074003,N#Cc1ccc(S(=O)(=O)Nc2ccc(OCc3ccccc3)cc2)cc1
CHEMBL5074175,O=S(=O)(Nc1ccc(OCc2ccccc2)cc1)c1ccccc1
CHEMBL5074318,CC(=O)N1c2cc(S(=O)(=O)Nc3ccc(OCc4ccccc4)cc3)c(Br)cc2CC1C
CHEMBL5074385,C[C@H](Oc1cc(Cl)ccc1Cl)C(=O)Nc1ccc2c(C(F)(F)F)cc(=O)oc2c1
CHEMBL5074767,O=S(=O)(Nc1ccc(OCc2ccccc2)cc1)c1ccc(Br)cc1
CHEMBL5075240,O=S(=O)(Nc1ccc(OCc2ccccc2)cc1)c1ccc(F)cc1
CHEMBL507539,COc1ccc2c(c1)C(=O)CC(c1ccccc1OC)O2
CHEMBL5075580,CCCCS(=O)(=O)Nc1ccc(OCc2ccccc2)cc1
CHEMBL5075949,O=C(c1ccccc1)c1ccc(/N=C/c2ccccc2O)cc1
CHEMBL5076171,CC1NC(=O)NC(=O)C1S(=O)(=O)Nc1ccc(OCc2ccccc2)cc1
CHEMBL5076252,O=c1cc(C(F)(F)F)c2ccc(OCc3ccc([N+](=O)[O-])cc3)cc2o1
CHEMBL5076618,CCOC(=O)C(CC)Oc1ccc2c(C(F)(F)F)cc(=O)oc2c1
CHEMBL507671,N#Cc1ccc(Sc2ccccc2F)cc1C(F)(F)F
CHEMBL5076847,Oc1ccccc1/C=N/c1ccc(Cl)c(Cl)c1
CHEMBL5076873,O=c1cc(C(F)(F)F)c2ccc(OCc3ccccc3Cl)cc2o1
CHEMBL5077404,O=[N+]([O-])c1ccccc1S(=O)(=O)Nc1ccc(OCc2ccccc2)cc1
CHEMBL5077543,O=[N+]([O-])c1cccc(S(=O)(=O)Nc2ccc(OCc3ccccc3)cc2)c1
CHEMBL5077637,O=c1cc(C(F)(F)F)c2ccc(OCc3cc4c(cc3Cl)OCO4)cc2o1
CHEMBL5077660,O=S(=O)(Cc1ccc(Cl)cc1)Nc1ccc(OCc2ccccc2)cc1
CHEMBL5078078,CC(C)(O)c1ccc(N2Cc3c(ccnc3-c3ccc(F)cc3OCC(F)(F)F)C2=O)cc1
CHEMBL50786,C=C1C=C(C)CC(C)(C)C1Cc1ccc2nonc2c1
CHEMBL5078718,Cc1ccc(S(=O)(=O)Nc2ccc(OCc3ccccc3)cc2)cc1
CHEMBL5078776,O=C(Nc1ccc2c(C(F)(F)F)cc(=O)oc2c1)c1ccccc1Cl
CHEMBL5078897,Cc1cc(C)c(S(=O)(=O)Nc2ccc(OCc3ccccc3)cc2)c(C)c1
CHEMBL5078938,O=c1cc(C(F)(F)F)c2ccc(OCc3ccc(OC(F)(F)F)cc3)cc2o1
CHEMBL5079200,Cc1cccc(COc2ccc3c(C(F)(F)F)cc(=O)oc3c2)c1
CHEMBL5079698,O=c1cc(C(F)(F)F)c2ccc(OCc3ccc(C(F)(F)F)cc3)cc2o1
CHEMBL5079827,Cc1ccc(OC(=O)Nc2ccc3c(C(F)(F)F)cc(=O)oc3c2)c(C)c1
CHEMBL5079893,O=C(Nc1ccc2c(C(F)(F)F)cc(=O)oc2c1)c1ccccc1F
CHEMBL5081224,O=[N+]([O-])c1ccc(CS(=O)(=O)Nc2ccc(OCc3ccccc3)cc2)cc1
CHEMBL5081582,O=S(=O)(Nc1ccc(OCc2ccccc2)cc1)c1ccc(C(F)(F)F)cc1
CHEMBL5081630,O=c1cc(C(F)(F)F)c2ccc(/N=C/c3ccccc3O)cc2o1
CHEMBL5082552,CC(C)CS(=O)(=O)Nc1ccc(OCc2ccccc2)cc1
CHEMBL5082962,O=c1cc(C(F)(F)F)c2ccc(OCc3ccc(F)cc3)cc2o1
CHEMBL5083402,CC(=O)c1ccc(COc2ccc3c(C(F)(F)F)cc(=O)oc3c2)cc1
CHEMBL5083411,O=C(Nc1ccc2c(C(F)(F)F)cc(=O)oc2c1)c1nc2ncccn2n1
CHEMBL5083886,O=c1cc(C(F)(F)F)c2ccc(OCc3ccncc3)cc2o1
CHEMBL5084126,O=c1cc(C(F)(F)F)c2ccc(OCc3cccc(Br)c3)cc2o1
CHEMBL5084639,Cn1cc(C(=O)Nc2ccc3c(C(F)(F)F)cc(=O)oc3c2)c(I)n1
CHEMBL5084650,Cc1ccc(/N=C/c2ccccc2O)cc1Br
CHEMBL5084672,CC(=O)Nc1ccc(S(=O)(=O)Nc2ccc(OCc3ccccc3)cc2)cc1
CHEMBL50849,COc1cc(CC2C(C)(C)CC(C)=CC23CC3)c(OC(C)=O)cc1Br
CHEMBL5085066,CN(C)S(=O)(=O)Nc1ccc(OCc2ccccc2)cc1
CHEMBL5085150,O=C(Nc1ccc2c(C(F)(F)F)cc(=O)oc2c1)c1ccccc1
CHEMBL5085212,O=S(=O)(Nc1ccc(OCc2ccccc2)cc1)c1ccc(Cl)cc1
CHEMBL5086322,Cn1cc(C(=O)Nc2ccc3c(C(F)(F)F)cc(=O)oc3c2)cn1
CHEMBL5086603,CCS(=O)(=O)Nc1ccc(OCc2ccccc2)cc1
CHEMBL5087375,COC(=O)C(CC(C)C)Oc1ccc2c(C(F)(F)F)cc(=O)oc2c1
CHEMBL5087488,Cc1ccc(COc2ccc3c(C(F)(F)F)cc(=O)oc3c2)cc1
CHEMBL5087539,CCOC(=O)c1cn[nH]c1S(=O)(=O)Nc1ccc(OCc2ccccc2)cc1
CHEMBL5087790,O=c1cc(C(F)(F)F)c2ccc(OCc3ccc(-c4ccccc4)cc3)cc2o1
CHEMBL5087976,O=c1cc(C(F)(F)F)c2ccc(OCc3ccc(Cl)cc3)cc2o1
CHEMBL5088483,COc1ccc([N+](=O)[O-])cc1COc1ccc2c(C(F)(F)F)cc(=O)oc2c1
CHEMBL5088542,COC(=O)c1sccc1S(=O)(=O)Nc1ccc(OCc2ccccc2)cc1
CHEMBL5088635,O=c1cc(C(F)(F)F)c2ccc(OCc3ccccc3Br)cc2o1
CHEMBL5088810,CC(=O)c1ccc(S(=O)(=O)Nc2ccc(OCc3ccccc3)cc2)cc1
CHEMBL5088995,O=C(Nc1ccc2c(C(F)(F)F)cc(=O)oc2c1)c1cccc(Cl)c1
CHEMBL5089532,CCn1cc(C(=O)Nc2ccc3c(C(F)(F)F)cc(=O)oc3c2)c(C)n1
CHEMBL5090120,Cn1c(=O)n(C)c2cc(S(=O)(=O)Nc3ccc(OCc4ccccc4)cc3)ccc21
CHEMBL5090667,O=S(=O)(Nc1ccc(OCc2ccccc2)cc1)c1cc(Cl)ccc1Cl
CHEMBL5090685,O=S(=O)(Cc1ccccc1)Nc1ccc(OCc2ccccc2)cc1
CHEMBL5091168,CC(C)c1ccc(COc2ccc3c(C(F)(F)F)cc(=O)oc3c2)cc1
CHEMBL5091684,NC(=O)c1ccc(COc2ccc3c(C(F)(F)F)cc(=O)oc3c2)cc1
CHEMBL5091707,O=c1cc(C(F)(F)F)c2ccc(OCc3ccccn3)cc2o1
CHEMBL5091772,COc1ccc(CS(=O)(=O)Nc2ccc(OCc3ccccc3)cc2)cc1
CHEMBL5092058,Cc1cn([C@H](C)CC#N)c(=O)c2cc(Cn3nc(C(F)F)cc3Cl)nn12
CHEMBL5092095,O=c1cc(C(F)(F)F)c2ccc(OCc3cccnc3)cc2o1
CHEMBL5093730,O=c1cc(C(F)(F)F)c2ccc(OCc3ccccc3F)cc2o1
CHEMBL5093873,N#Cc1cccc(/N=C/c2ccccc2O)c1
CHEMBL5094403,O=c1cc(C(F)(F)F)c2ccc(OCc3ccc4ccccc4c3)cc2o1
CHEMBL5094463,Cn1cc(C(=O)Nc2ccc3c(C(F)(F)F)cc(=O)oc3c2)c(Br)n1
CHEMBL5094528,O=c1cc(C(F)(F)F)c2ccc(OCc3ccc4c(c3)OCO4)cc2o1
CHEMBL5094619,COc1ccc(COc2ccc3c(C(F)(F)F)cc(=O)oc3c2)cc1
CHEMBL510145,COc1cc(Sc2ccccc2OC)ccc1C#N
CHEMBL510289,CCOc1cc(C)ccc1Oc1ccc(C#N)c(C(F)(F)F)c1
CHEMBL51093,C=C1CC[C@@H](Br)C(C)(C)[C@H]1Cc1cc(OC)c(Br)cc1O
CHEMBL511130,CC(=O)Nc1ccc(OC[C@@](C)(O)C(=O)Nc2ccc([N+](=O)[O-])c(C(F)(F)F)c2)cc1
CHEMBL511145,Cc1ccc(Oc2ccc(C#N)c(C(F)(F)F)c2)c(O)c1
CHEMBL511812,CC[C@@]12C[C@H](O)[C@](O)(c3ccccc3)C[C@H]1CCc1cc(O)ccc12
CHEMBL512283,C[C@](O)(COc1ccc(Cl)c(F)c1)C(=O)Nc1ccc(C#N)c(C(F)(F)F)c1
CHEMBL512837,COc1ccc(C)cc1Oc1ccc(C#N)c(C(F)(F)F)c1
CHEMBL513195,CCc1ccccc1Oc1ccc(C#N)c(C(F)(F)F)c1
CHEMBL513768,Cc1cc(C)c(Oc2ccc(C#N)c(C(F)(F)F)c2)c(C)c1
CHEMBL514630,CC12CC(C)(C(=O)Nc3nncs3)C(c3ccccc31)c1ccccc12
CHEMBL514646,C[C@@]1(C(=O)Nc2nccs2)CC2c3ccccc3C1c1ccccc12
CHEMBL51483,Cc1cc2c(C(C)C)c(O)c(O)c(C=O)c2c(O)c1-c1c(C)cc2c(C(C)C)c(O)c(O)c(C=O)c2c1O
CHEMBL515671,CC#C[C@]1(O)C[C@H]2CCc3cc(OCc4cccnc4C)ccc3[C@]2(CC)C[C@@H]1O
CHEMBL516241,COc1ccccc1CNC(=O)c1cc(C(F)(F)F)nn1-c1cccc(CNC(=O)[C@H](C)N)c1
CHEMBL51639,C=C1CC[C@@H](Br)C(C)(C)[C@@H]1Cc1cc(OC)c(Br)cc1O
CHEMBL516610,Cn1cc(Nc2ccc([N+](=O)[O-])cc2)cc1C(=O)N1CCCC1
CHEMBL51669,C=C1CCCC(C)(C)[C@@H]1Cc1cc(OC)c(Br)cc1O
CHEMBL516752,Cc1cc(C)cc(N(c2cc(C(=O)N3CCCC3)n(C)c2)C(C)C)c1
CHEMBL5169354,N#Cc1ccc(NC(=O)c2ccn(-c3ccc(C#N)c(C(F)(F)F)c3)n2)cc1
CHEMBL5169570,CC1(C)C(=O)N(c2ccc(C#N)c(C(F)(F)F)c2)C(=S)N1CCCCC(=O)NO
CHEMBL5169631,CC1(C)C(=O)N(c2ccc(C#N)c(C(F)(F)F)c2)C(=S)N1c1ccc(C(=O)Nc2ccccc2N)nc1
CHEMBL5169913,N#Cc1ccc(-n2ccc(CCCNC(=O)c3ccc(F)cc3)n2)cc1C(F)(F)F
CHEMBL5170088,CC1(C)C(=O)N(c2ccc(C#N)c(C(F)(F)F)c2)C(=S)N1c1ccc(C(=O)Nc2cc(-c3ccccc3)ccc2N)cn1
CHEMBL5170285,N#Cc1ccc(-n2ccc(CNS(=O)(=O)c3ccc(F)cc3)n2)cc1C(F)(F)F
CHEMBL5170587,N#Cc1ccc(N2CCC[C@@H]2[C@@H](O)C(F)(F)F)cc1C(F)(F)F
CHEMBL5170697,CCc1c(C)c2c3c(Cl)cc(=O)[nH]c3ccc2n1CC(F)(F)F
CHEMBL5170796,CC1(C)C(=O)N(c2ccc(C#N)c(C(F)(F)F)c2)C(=S)N1C12CC(CC(=O)Nc3ccccc3N)(C1)C2
CHEMBL5171887,N#Cc1ccc(-n2ccc(C(=O)Nc3ccc(F)nc3)n2)cc1C(F)(F)F
CHEMBL5171911,N#Cc1ccc(-n2ccc(C(=O)Nc3ccc(F)cn3)n2)cc1C(F)(F)F
CHEMBL5172818,Cc1cn(-c2ccc(C#N)c(C(F)(F)F)c2)nc1CNC(=O)c1ccc(C#N)cc1
CHEMBL5172944,N#Cc1ccc(-n2ccc(C(=O)Nc3ccncc3)n2)cc1C(F)(F)F
CHEMBL5173002,CC1(C)C(=O)N(c2ccc(C#N)c(C(F)(F)F)c2)C(=S)N1c1ccc(C(=O)Nc2cc(-c3ccccc3)ccc2N)nc1
CHEMBL5173364,C[C@]12CC[C@H](NC(=O)c3ccnnc3)CC1=CC[C@@H]1[C@@H]2CC[C@]2(C)C(n3cnc4ccccc43)=CC[C@@H]12
CHEMBL5173941,CC1(C)C(=O)N(c2ccc(C#N)c(C(F)(F)F)c2)C(=S)N1CCCCCCC(=O)NO
CHEMBL5174154,N#Cc1ccc(-n2ccc(CC(=O)Nc3ccc(F)cn3)n2)cc1Cl
CHEMBL5174715,Cc1cncc(C2=CC[C@H]3[C@@H]4CC=C5C[C@@H](NC(=O)c6ccnnc6)CC[C@]5(C)[C@H]4CC[C@]23C)c1
CHEMBL5175077,N#Cc1ccc(-n2ccc(CC(=O)Nc3ccc([N+](=O)[O-])cc3)n2)cc1C(F)(F)F
CHEMBL5175229,CNC(=O)c1ccc(C(=O)NCc2ccn(-c3ccc(C#N)c(C(F)(F)F)c3)n2)cc1F
CHEMBL5175232,N#Cc1ccc(-n2ccc(NC(=O)c3ccc(F)cc3)n2)cc1C(F)(F)F
CHEMBL5176010,CC1(C)C(=O)N(c2ccc(C#N)c(C(F)(F)F)c2)C(=S)N1Cc1ccc(C(=O)Nc2ccccc2N)cc1
CHEMBL5176535,N#Cc1ccc(-n2ccc(CCNC(=O)c3ccc(F)cc3)n2)cc1C(F)(F)F
CHEMBL5177079,N#Cc1ccc(-n2ccc(CC(=O)Nc3ccc(F)cc3)n2)cc1C(F)(F)F
CHEMBL51788,C=C1CCC[C@@H](C)[C@@H]1Cc1cc(OC)c(Br)cc1O
CHEMBL5178984,Cc1cn(C2=CC[C@H]3[C@@H]4CC=C5C[C@@H](NC(=O)c6ccncc6)CC[C@]5(C)[C@H]4CC[C@]23C)cn1
CHEMBL5179173,CC1(C)C(=O)N(c2ccc(C#N)c(C(F)(F)F)c2)C(=S)N1c1ccc(C(=O)Nc2cc(-c3cccs3)ccc2N)nc1
CHEMBL5180473,N#Cc1ccc(C(=O)NCCc2ccn(-c3ccc(C#N)c(C(F)(F)F)c3)n2)cc1
CHEMBL5180580,CC1(C)C(=O)N(c2ccc(C#N)c(C(F)(F)F)c2)C(=S)N1c1ccc(C(=O)Nc2ccccc2N)cc1
CHEMBL5181000,C[C@]12CC[C@H](NC(=O)c3ccnnc3)CC1=CC[C@@H]1[C@@H]2CC[C@]2(C)C(n3ccnc3)=CC[C@@H]12
CHEMBL5182367,N#Cc1ccc(-n2ccc(CNC(=O)c3ccc(F)cc3)n2)cc1C(F)(F)F
CHEMBL5183180,CN1C(=O)C(F)=C[C@]2(C)[C@H]3CC[C@]4(C)[C@@H](O)/C(=C/c5cncnc5)C[C@H]4[C@@H]3CC[C@@H]12
CHEMBL5183890,Cc1cn(-c2ccc(C#N)c(C(F)(F)F)c2)nc1CNC(=O)c1ccc(F)cc1
CHEMBL5184779,Cc1c(N2C(=O)C3[C@H](O)CCN3C2=O)ccc(C#N)c1Cl
CHEMBL5184863,CC1(C)C(=O)N(c2ccc(C#N)c(C(F)(F)F)c2)C(=S)N1CCCC(=O)NCCOCCOC(=O)CC12CC3CC(CC(C3)C1)C2
CHEMBL5185081,N#Cc1ccc(-n2ccc(NC(=O)Nc3ccc(F)cc3)n2)cc1C(F)(F)F
CHEMBL5185108,O=C(Cc1ccn(-c2ccc([N+](=O)[O-])c(C(F)(F)F)c2)n1)Nc1ccc(F)nc1
CHEMBL5185396,O=C(Cc1ccn(-c2ccc([N+](=O)[O-])c(C(F)(F)F)c2)n1)Nc1ccc(F)cc1
CHEMBL5185742,C[C@]12CC[C@H](NC(=O)c3ccncc3)CC1=CC[C@@H]1[C@@H]2CC[C@]2(C)C(n3cnc4ccccc43)=CC[C@@H]12
CHEMBL5186213,C[C@@]12O[C@@](C)(C[C@H]1O)[C@@H]1C(=O)N(c3ccc(C#N)c(I)c3)C(=O)[C@@H]12
CHEMBL5186217,Cc1cn(-c2ccc(C#N)c(C(F)(F)F)c2)nc1CNC(=O)c1ccc([N+](=O)[O-])cc1
CHEMBL5186356,CCCCc1ccc(OC(=O)N2C[C@@H]3C[C@H]2[C@@H]2C(=O)N(c4ccc([N+](=O)[O-])c5ccccc45)C(=O)N32)cc1
CHEMBL5186400,CC(C)(O)c1ccc(C(=O)NCc2ccn(-c3ccc(C#N)c(C(F)(F)F)c3)n2)cc1
CHEMBL5186580,N#Cc1ccc(-n2ccc(CC(=O)Nc3ccc(F)cn3)n2)cc1C(F)(F)F
CHEMBL5187028,Cc1ccc(NC(=O)Cc2ccn(-c3ccc(C#N)c(C(F)(F)F)c3)n2)cc1
CHEMBL5187916,CC(C)(C)OC(=O)c1cccc2oc(=O)c3c(ccc4[nH]c(=O)cc(C(F)(F)F)c43)c12
CHEMBL5188878,N#Cc1ccc(-n2ccc(CC(=O)Nc3ccc(F)c(F)c3)n2)cc1C(F)(F)F
CHEMBL5189325,Cc1c(N[C@@H](c2ccc(-c3ccc(C#N)cc3)o2)[C@H](C)O)ccc(C#N)c1Cl
CHEMBL518945,Cn1cc(N(Cc2ccccc2)c2ccc([N+](=O)[O-])cc2)cc1C(=O)N1CCCC1
CHEMBL5189989,CC(C)N1C[C@@]2(C)O[C@](C)(C1)[C@H]1C(=O)N(c3ccc(C#N)c(C(F)(F)F)c3)C(=O)[C@H]12
CHEMBL519112,Cn1cc(N(Cc2ccccc2)c2ccc([N+](=O)[O-])cc2)cc1C(=O)O
CHEMBL5191194,N#Cc1ccc(C(=O)NCCCc2ccn(-c3ccc(C#N)c(C(F)(F)F)c3)n2)cc1
CHEMBL519169,Cc1c(/N=C2\N(C)C[C@@H]3[C@H](O)CCN23)ccc(C#N)c1Cl
CHEMBL5192111,CC(C)C(NC(=O)c1cc2ccc(F)cc2[nH]1)c1ccco1
CHEMBL5192412,C[C@@]1(c2ccc(O)cc2)NC(=O)N(c2ccc(C#N)c(C(F)(F)F)c2)C1=O
CHEMBL5192790,N#Cc1ccc(-n2cc(-c3ccccc3)c(CNC(=O)c3ccc(F)cc3)n2)cc1C(F)(F)F
CHEMBL5192915,Cc1nn(-c2ccc(C#N)c(Cl)c2)c(C)c1Oc1ccc(C(=O)NC(C)(C)C)cn1
CHEMBL519292,Cn1cc(N(Cc2ccccc2)c2ccc([N+](=O)[O-])cc2)cc1C(=O)N1C[C@H](O)[C@@H](O)C1
CHEMBL5193077,N#Cc1ccc(-n2ccc(C(=O)Nc3ccc(F)cc3)n2)cc1C(F)(F)F
CHEMBL5193131,CC1(C)C(=O)N(c2ccc(C#N)c(C(F)(F)F)c2)C(=S)N1c1ccc(C(=O)Nc2cc(-c3cccs3)ccc2N)cn1
CHEMBL51933,C=C1C=C(C)C[C@@H](C)[C@@H]1Cc1cc(OC)c(Br)cc1OC(C)=O
CHEMBL5193409,N#Cc1cc(NC(=O)Cc2ccn(-c3ccc(C#N)c(C(F)(F)F)c3)n2)ccc1F
CHEMBL5194098,N#Cc1ccc(-n2cc(C(F)(F)F)c(CNC(=O)c3ccc(F)cc3)n2)cc1C(F)(F)F
CHEMBL5194282,CC1(C)C(=O)N(c2ccc(C#N)c(C(F)(F)F)c2)C(=S)N1CCCCCC(=O)NO
CHEMBL5194465,N#Cc1ccc(-n2ccc(CCNC(=O)c3ccc([N+](=O)[O-])cc3)n2)cc1C(F)(F)F
CHEMBL519450,Cc1cc(C)cc(N(CC2CCCCC2)c2cc(C(=O)N3CCCC3)n(C)c2)c1
CHEMBL5194539,N#Cc1ccc(-n2ccc(CNC(=O)c3ccc(F)nc3)n2)cc1C(F)(F)F
CHEMBL5194764,CNC(=O)[C@]12C(=O)N(c3ccc(C#N)c(C(F)(F)F)c3)C(=O)[C@H]1[C@H]1C[C@H](F)[C@@H]2C1
CHEMBL5194785,N#Cc1ccc(-n2ccc(CNC(=O)c3ccc(Cl)cc3)n2)cc1C(F)(F)F
CHEMBL5195872,N#Cc1ccc(-n2ccc(CNC(=O)c3ccc([N+](=O)[O-])cc3)n2)cc1C(F)(F)F
CHEMBL5196306,N#Cc1ccc(C(=O)NCc2ccn(-c3ccc(C#N)c(C(F)(F)F)c3)n2)cc1
CHEMBL5196915,CC(O)(C[S+]([O-])c1ccc(Cl)c(Cl)c1)c1cc2cc(Cl)c(C(F)(F)F)cc2[nH]1
CHEMBL5197097,N#Cc1ccc(C2=NO[C@H]3CCCC[C@@H]23)cc1C(F)(F)F
CHEMBL5197284,COc1ccc(NC(=O)Cc2ccn(-c3ccc(C#N)c(C(F)(F)F)c3)n2)cc1
CHEMBL5197724,Cc1cn(C2=CC[C@H]3[C@@H]4CC=C5C[C@@H](NC(=O)c6cccnc6)CC[C@]5(C)[C@H]4CC[C@]23C)cn1
CHEMBL519780,Cn1cc(N(CC2CCCCC2)c2ccc([N+](=O)[O-])cc2)cc1C(=O)N1CCCC1
CHEMBL5198604,N#Cc1ccc(-n2ccc(CNC(=O)Nc3ccc(F)cc3)n2)cc1C(F)(F)F
CHEMBL5199125,N#Cc1ccc(N2C(=O)N[C@@](CO)(c3ccccc3)C2=O)cc1C(F)(F)F
CHEMBL52,CC(Cc1ccc(O)c(O)c1)C(C)Cc1ccc(O)c(O)c1
CHEMBL5200292,C[C@]12CC[C@H](NC(=O)c3ccnnc3)CC1=CC[C@@H]1[C@@H]2CC[C@]2(C)C(n3ccnn3)=CC[C@@H]12
CHEMBL5200307,N#Cc1ccc(-n2ccc(CC(=O)Nc3ccc(F)cc3)n2)cc1Cl
CHEMBL5200523,N#Cc1ccc(-n2ccc(CNC(=O)c3ccc(C(F)(F)F)cc3)n2)cc1C(F)(F)F
CHEMBL5200697,Cc1cn(C2=CC[C@H]3[C@@H]4CC=C5C[C@@H](NC(=O)c6ccnnc6)CC[C@]5(C)[C@H]4CC[C@]23C)cn1
CHEMBL5201101,N#Cc1ccc(-n2ccc(CC(=O)Nc3ccc(F)nc3)n2)cc1Cl
CHEMBL5201606,Cc1c(C#N)c(-c2ccc(C#N)cc2)c(C)n1-c1cnc(Cl)c(CO)c1
CHEMBL520169,Cn1c(C#N)ccc1-c1ccc2c(c1)C(c1cccs1)(c1cccs1)OCC(=O)N2
CHEMBL5201702,C[C@]12CC[C@H](NC(=O)c3ccncc3)CC1=CC[C@@H]1[C@@H]2CC[C@]2(C)C(n3ccnc3)=CC[C@@H]12
CHEMBL520174,Cc1c(/N=C2\OC[C@@H]3[C@@H](O)CCN23)ccc(C#N)c1Cl
CHEMBL5201931,N#Cc1ccc(-n2ccc(CNC(=O)c3ccc(F)cn3)n2)cc1C(F)(F)F
CHEMBL5202640,CN1C(=O)C=C[C@]2(C)[C@H]3CC[C@]4(C)C(C(=O)Nc5ccccc5C(F)(F)F)CC[C@H]4[C@@H]3CC[C@@H]12
CHEMBL5203294,N#Cc1ccc(-n2ccc(CC(=O)Nc3ccc(F)nc3)n2)cc1C(F)(F)F
CHEMBL5203635,CC1(C)C(=O)N(c2ccc(C#N)c(C(F)(F)F)c2)C(=S)N1c1ccc(C(=O)Nc2cc(-c3ccccc3)ccc2N)cc1
CHEMBL5204114,CCCN(CC(F)(F)F)c1cc(Br)c(C#N)s1
CHEMBL5204177,CC1(C)C(=O)N(c2ccc(C#N)c(C(F)(F)F)c2)C(=S)N1CCCC(=O)NO
CHEMBL520428,Cn1cc(N(Cc2ccccc2)c2ccc([N+](=O)[O-])cc2)cc1C(=O)N1CCCCC1
CHEMBL5204961,N#Cc1ccc(-n2ccc(CCCNC(=O)c3ccc([N+](=O)[O-])cc3)n2)cc1C(F)(F)F
CHEMBL5205113,N#Cc1ccc(-n2ccc(CC(=O)Nc3ccncc3)n2)cc1C(F)(F)F
CHEMBL520603,Cn1cc(N(Cc2ccccc2)c2ccccc2[N+](=O)[O-])cc1C(=O)N1CCCC1
CHEMBL5206094,N#Cc1ccc(NC(=O)Cc2ccn(-c3ccc(C#N)c(C(F)(F)F)c3)n2)cc1
CHEMBL5206234,CC1(C)C(=O)N(c2ccc(C#N)c(C(F)(F)F)c2)C(=S)N1c1ccc(C(=O)Nc2ccccc2N)cn1
CHEMBL5206636,CC(Cn1ccc(-c2ccc(C#N)c(Cl)c2)n1)NC(=O)c1cc(C(C)O)[nH]n1
CHEMBL5206638,COc1cncc(C2=CC[C@H]3[C@@H]4CC=C5C[C@@H](NC(=O)c6ccnnc6)CC[C@]5(C)[C@H]4CC[C@]23C)c1
CHEMBL5208207,CC(O)c1cc(C(=O)NCc2ccn(-c3ccc(C#N)c(C(F)(F)F)c3)n2)n[nH]1
CHEMBL5208225,O=C(Cc1ccn(-c2ccc([N+](=O)[O-])c(C(F)(F)F)c2)n1)Nc1ccc(F)cn1
CHEMBL5208304,CC(c1ccccc1)N(C)c1ccc(C#N)c(C(F)(F)F)n1
CHEMBL5209205,C[C@](O)(CCOc1ccc(F)cc1)C(=O)N1CCc2c(C#N)cccc21
CHEMBL521249,Cn1cc(N(Cc2ccccc2)c2ccc(C(F)(F)F)cc2)cc1C(=O)N1CCCC1
CHEMBL521251,CCOC(=O)c1cc(N(Cc2ccccc2)c2ccc([N+](=O)[O-])cc2)cn1C
CHEMBL521329,Cc1c(/N=C2\O[C@H](C(F)(F)F)[C@@H]3[C@H](O)CCN23)ccc(C#N)c1Cl
CHEMBL522172,CC(C)CNc1cc(CCc2cccc3ccccc23)nc(NCc2cccc3ccccc23)n1
CHEMBL522432,Cn1c(C#N)ccc1-c1ccc2c(c1)C(C)(c1ccsc1)OCC(=O)N2
CHEMBL5266025,Cc1c(O)c(O)c(C=O)c(COCc2ccccc2)c1-c1cccc(Br)c1F
CHEMBL5266041,Cc1cccc(-c2c(C)c(O)c(O)c(C=O)c2COCc2ccccc2)c1
CHEMBL5266054,Cc1c(O)c(O)c(C=O)c(COCc2ccc(F)cc2)c1-c1ccc(C(F)(F)F)cc1
CHEMBL5266435,C#CCOCc1c(C=O)c(O)c(O)c(C)c1-c1ccccc1
CHEMBL5266585,COc1ccc(C2CC(C(F)(F)F)n3nc(-c4ccc(C(=O)O)cc4)cc3N2)cc1OC
CHEMBL5266664,Cc1c(O)c(O)c(C=O)c(COCc2cccc3ccccc23)c1-c1ccccc1
CHEMBL5266869,Cc1ccc(COCc2c(C=O)c(O)c(O)c(C)c2-c2ccccc2)cc1
CHEMBL5267125,Cc1c(O)c(O)c(C=O)c(COCc2cccc(Cl)c2Cl)c1-c1ccccc1
CHEMBL5267239,C[C@]12CC[C@H](O)CC1CCC1=C3CC[C@H](c4ccc(=O)oc4)[C@@]3(C)CCC12
CHEMBL5267254,Cc1c(O)c(O)c(C=O)c(CSCCC(C)C)c1-c1ccccc1
CHEMBL5267283,Cc1c(O)c(O)c(C=O)c(COCc2ccccc2)c1-c1ccc(Cl)cc1
CHEMBL5267953,Cc1c(O)c(O)c(C=O)c(COCc2ccccc2)c1-c1ccc(F)cc1Cl
CHEMBL5268130,Cc1c(O)c(O)c(C=O)c(COCc2ccccc2)c1-c1ccc(C(F)(F)F)cc1Cl
CHEMBL5268433,Cc1c(O)c(O)c(C=O)c(COCc2ccccc2)c1CO[Si](C)(C)C
CHEMBL5268639,Cc1c(O)c(O)c(C=O)c(COCc2ccc(F)cc2)c1-c1ccccc1
CHEMBL5268875,Cc1c(O)c(O)c(C=O)c(COCc2ccccc2)c1-c1ccccc1Br
CHEMBL5269103,Cc1c(O)c(O)c(C=O)c(COCc2ccccc2)c1-c1ccccc1C(F)(F)F
CHEMBL5269526,Cc1c(O)c(O)c(C=O)c(COCc2ccccc2)c1-c1cccc2ccccc12
CHEMBL5270583,Cc1c(O)c(O)c(C=O)c(COCc2cccc(C(F)(F)F)c2)c1-c1ccccc1
CHEMBL5271105,Cc1c(O)c(O)c(C=O)c(COCc2ccccc2F)c1-c1cccc(F)c1
CHEMBL5271500,Cc1c(O)c(O)c(C=O)c(COCc2ccccc2)c1-c1ccc(OC(F)(F)F)cc1
CHEMBL5272151,Cc1ccc(-c2c(C)c(O)c(O)c(C=O)c2COCc2ccccc2)cc1
CHEMBL5272266,C[C@]12CC[C@H](O)CC1CCC1C3=CC[C@H](c4ccc(=O)oc4)[C@@]3(C)CCC12
CHEMBL5272305,Cc1c(O)c(O)c(C=O)c(COCc2ccccc2)c1-c1ccccc1C#N
CHEMBL5272426,O=C(O)c1nn2c(c1Cl)NC(c1ccccc1)CC2C(F)(F)F
CHEMBL5272485,COC(=O)c1ccc(C2C(=S)N(c3ccc(C#N)c(C(F)(F)F)c3)C(=O)[C@]23CCOC3)cc1F
CHEMBL5272795,Cc1c(O)c(O)c(C=O)c2c1C1(CC2)c2ccccc2-c2ccccc21
CHEMBL5272863,Cc1c(O)c(O)c(C=O)c(COCc2ccccc2C(F)(F)F)c1-c1cccc(F)c1
CHEMBL5273071,Cc1c(O)c(O)c(C=O)c(COCc2ccccc2)c1-c1ccc(C(F)(F)F)cc1
CHEMBL5273248,CCc1c(O)c(O)c(C=O)c(COCc2ccccc2)c1-c1ccccc1
CHEMBL5273403,Cc1cc(CO[C@H]2CC[C@@]3(C)C(=CC[C@@H]4[C@@H]3CC[C@]3(C)C(=O)CC[C@@H]43)C2)c(C=O)c(O)c1O
CHEMBL5273410,Cc1c(O)c(O)c(C=O)c(COCc2ccccc2)c1-c1ccccc1Cl
CHEMBL5273651,C=CCc1c(C)c(O)c(O)c(C=O)c1COCc1ccc(OC)cc1
CHEMBL5273895,Cc1ccc(F)cc1-c1c(C)c(O)c(O)c(C=O)c1COCc1ccccc1
CHEMBL5274438,Cc1c(O)c(O)c(C=O)c(COCc2ccccc2F)c1-c1ccc(F)cc1
CHEMBL5274549,Cc1c(O)c(O)c(C=O)c(CO[C@H]2CC[C@@]3(C)C(=CC[C@@H]4[C@@H]3CC[C@]3(C)C(=O)CC[C@@H]43)C2)c1-c1ccccc1
CHEMBL5275677,Cc1c(O)c(O)c(C=O)c(COCc2ccccc2)c1-c1ccc(Cl)cc1C(F)(F)F
CHEMBL5276085,Cc1c(O)c(O)c(C=O)c(COCc2ccccc2)c1-c1ccccc1
CHEMBL5276445,Cc1c(O)c(O)c(C=O)c(COCc2ccccc2)c1-c1ccc([N+](=O)[O-])cc1
CHEMBL5276723,Cc1c(O)c(O)c(C=O)c(COCc2ccc(F)cc2)c1-c1ccc(F)cc1
CHEMBL5276783,CC(C)=CCC/C(C)=C/COCc1cc(C)c(O)c(O)c1C=O
CHEMBL5277025,Cc1c(O)c(O)c(C=O)c(COCc2ccc(OC(F)(F)F)cc2)c1-c1ccccc1
CHEMBL5277472,Cc1cc(C)cc(-c2c(C)c(O)c(O)c(C=O)c2COCc2ccccc2)c1
CHEMBL5278829,COc1ccc(COCc2cc(C)c(O)c(O)c2C=O)cc1
CHEMBL5279873,CC1(C)C(=O)N(c2ccc(C#N)c(C(F)(F)F)c2)C(=S)N1CCCC(=O)NCCOCCOCCOCCOC12CC3CC(CC(C3)C1)C2
CHEMBL5279893,Cc1c(O)c(O)c(C=O)c(COCc2ccccc2C(F)(F)F)c1-c1ccccc1
CHEMBL5280257,COc1ccccc1-c1c(C)c(O)c(O)c(C=O)c1COCc1ccccc1
CHEMBL5281004,Cc1c(O)c(O)c(C=O)c(COCc2cccc(F)c2)c1-c1cccc(F)c1
CHEMBL5281425,Cc1c(O)c(O)c(C=O)c(COCc2cccc(F)c2)c1-c1ccc(C(F)(F)F)cc1
CHEMBL5281709,Cc1cc(COCc2ccccc2)c(C=O)c(O)c1O
CHEMBL5282215,Cc1c(O)c(O)c(C=O)c(COCc2ccccc2)c1-c1ccc(C(F)(F)F)cc1Br
CHEMBL5282270,Cc1ccccc1-c1c(C)c(O)c(O)c(C=O)c1COCc1ccccc1
CHEMBL5283064,COc1ccccc1COCc1c(C=O)c(O)c(O)c(C)c1-c1ccccc1
CHEMBL5284251,Cc1c(O)c(O)c(C=O)c(COCc2ccccc2)c1-c1cc(C(F)(F)F)cc(C(F)(F)F)c1
CHEMBL5284287,COc1cccc(COCc2c(C=O)c(O)c(O)c(C)c2-c2ccccc2)c1
CHEMBL5284656,Cc1cccc(COCc2c(C=O)c(O)c(O)c(C)c2-c2ccccc2)c1
CHEMBL5284793,Cc1c(O)c(O)c(C=O)c(COCc2ccccc2)c1-c1cccs1
CHEMBL5284847,Cc1c(O)c(O)c(C=O)c(COCc2ccccc2)c1-c1ccc(Br)cc1F
CHEMBL5285006,C=CCc1c(C)c(O)c(O)c(C=O)c1COCc1ccccc1
CHEMBL5285118,C=C(C)Cc1c(C)c(O)c(O)c(C=O)c1COCc1ccccc1
CHEMBL5286150,Cc1ccc(C2CC(C(F)(F)F)n3nc(C(N)=O)cc3N2)cc1
CHEMBL5286228,Cc1c(O)c(O)c(C=O)c(COCc2ccccc2)c1-c1cc(F)ccc1F
CHEMBL5286595,Cc1c(O)c(O)c(C=O)c(COCc2ccccc2)c1-c1ccc(Br)c(F)c1
CHEMBL5286695,Cc1c(O)c(O)c(C=O)c(COCc2ccccc2)c1-c1ccc(Br)cc1
CHEMBL5286874,Cc1c(O)c(O)c(C=O)c(COCc2ccccc2F)c1-c1ccccc1
CHEMBL5287017,COc1ccc(-c2c(C)c(O)c(O)c(C=O)c2COCc2ccccc2)cc1
CHEMBL5287172,Cc1c(O)c(O)c(C=O)c(COCc2ccccc2)c1-c1ccccc1OC(F)(F)F
CHEMBL5287211,Cc1c(O)c(O)c(C=O)c(COCc2cccc(F)c2)c1-c1ccc(F)cc1
CHEMBL5287334,Cc1c(O)c(O)c(C=O)c(COCc2ccccc2)c1-c1ccc(F)cc1
CHEMBL5287380,Cc1c(O)c(O)c(C=O)c(COCc2ccccc2)c1-c1ccc(F)c(F)c1
CHEMBL5287425,COC(=O)c1ccc(-c2c(C)c(O)c(O)c(C=O)c2COCc2ccccc2)cc1
CHEMBL5287623,Cc1c(O)c(O)c(C=O)c(COCc2ccccc2)c1-c1ccc(F)cc1F
CHEMBL5287790,Cc1c(O)c(O)c(C=O)c2c1C(C#Cc1ccc(Br)cc1)CC2
CHEMBL5288068,Cc1c(O)c(O)c(C=O)c(COCc2ccccc2)c1-c1ccc(Cl)cc1Br
CHEMBL5288135,Cc1c(O)c(O)c(C=O)c(COCc2ccccc2F)c1-c1ccc(C(F)(F)F)cc1
CHEMBL5288332,Cc1c(C)c(COCc2ccccc2)c(C=O)c(O)c1O
CHEMBL5288687,Cc1c(O)c(O)c(C=O)c(COCc2cccc(F)c2)c1-c1ccccc1
CHEMBL5288892,Cc1c(O)c(O)c(C=O)c(COCc2ccc(C(F)(F)F)cc2)c1-c1ccccc1
CHEMBL5289310,Cc1c(O)c(O)c(C=O)c(COCc2ccccc2)c1-c1ccc(-c2ccccc2)cc1
CHEMBL5289372,Cc1c(O)c(O)c(C=O)c(COCc2ccccc2)c1-c1ccc(C(C)(C)C)cc1
CHEMBL5289673,CC(C)c1cc(COCc2ccccc2)c(C=O)c(O)c1O
CHEMBL5290281,Cc1c(O)c(O)c(C=O)c(COCc2ccc(F)cc2)c1-c1cccc(F)c1
CHEMBL5290325,CCc1cc(COCc2ccccc2)c(C=O)c(O)c1O
CHEMBL5291275,Cc1c(O)c(O)c(C=O)c2c1[C@@H](c1ccc(C(=O)O[C@H]3CC[C@@]4(C)C(=CC[C@H]5[C@@H]6CC[C@H]([C@H](C)CCCC(C)C)[C@@]6(C)CC[C@@H]54)C3)cc1)CC2
CHEMBL5314466,CC(C)(O)c1ccc(Nc2ncnc3c2CCN(c2ccc(C#N)c(Cl)c2)C3)nc1
CHEMBL53549,C=C1C[C@H](C)CC(C)(C)[C@@H]1Cc1cc(OC)c(Br)cc1O
CHEMBL538137,C[C@@H]1C[C@H]2[C@@H]3CC[C@H]4N(C)C(=O)C=C[C@]4(C)[C@H]3CC[C@]2(C)[C@H]1O
CHEMBL538877,COC[C@@H]1C[C@H]2[C@@H]3CC[C@H]4N(C)C(=O)C=C[C@]4(C)[C@H]3CC[C@]2(C)[C@H]1O
CHEMBL5393933,N#Cc1ccc(N2CCC3(CCN(C(=O)c4ccccc4)CC3)C2)cc1Cl
CHEMBL5393959,C[C@](O)(Cn1nc(F)c2cc(F)ccc21)C(=O)Nc1ccc(C#N)c(C(F)(F)F)c1
CHEMBL5394108,CSc1ccc(C(=O)N2CCOCC2)cc1-c1cncnc1
CHEMBL5394445,CSc1ccc(C(N)=O)cc1-c1ccc2ncccc2c1
CHEMBL5395016,C[C@](O)(Cn1c2ccc(F)cc2c2cc(F)ccc21)C(=O)Nc1ccc(C#N)c(C(F)(F)F)c1
CHEMBL5395092,Cn1ncc2cc(-c3cc(C(N)=O)ccc3SCc3ccccc3)ccc21
CHEMBL5395364,CSc1ccc(C(N)=O)cc1-c1ccc2[nH]ncc2c1
CHEMBL5395976,CSc1ccc(C(N)=O)cc1-c1ccc2cnccc2c1
CHEMBL5397445,CSc1ccc(C(N)=O)cc1-c1ccc2c(cnn2C)c1
CHEMBL5398420,CN1CCN(c2ccc(C(=O)N[C@H]3CC[C@H](Oc4ccc(C#N)c(Cl)c4)CC3)cc2)CC1
CHEMBL5398460,C[C@](O)(Cn1nc(Cl)c2c(C(F)(F)F)cccc21)C(=O)Nc1ccc(C#N)c(C(F)(F)F)c1
CHEMBL5398564,CN1CCN(C(=O)c2ccc(N3CCC4(CCN(c5ccc(C#N)c(Cl)c5)CC4)C3)cc2)CC1
CHEMBL5398752,CN1CCN(c2ccc(C(=O)N3CCC4(CCN(c5ccc(C#N)c(Cl)c5)CC4)C3)cc2)CC1
CHEMBL5398983,C[C@](O)(Cn1c2ccccc2c2cc(F)ccc21)C(=O)Nc1ccc(C#N)c(C(F)(F)F)c1
CHEMBL5399091,C[C@](O)(Cn1nc(C=O)c2cc(F)ccc21)C(=O)Nc1cnc(C#N)c(C(F)(F)F)c1
CHEMBL5399353,CN1CCN(C(=O)c2ccc(N3CCC4(CC3)CCN(c3ccc(C#N)c(Cl)c3)C4)cc2)CC1
CHEMBL5400213,Cc1cn(C2=CCC3C4CC=C5C[C@@H](NC(=O)c6ccc(F)cc6)CC[C@]5(C)C4CC[C@]23C)cn1
CHEMBL5401854,COc1ncc(C(N)=O)cc1-c1ccc2c(cnn2C)c1
CHEMBL5401872,CSc1ccc(C(=O)N2CCCCC2)cc1-c1cncnc1
CHEMBL5402064,CN1CCN(c2ccc(C(=O)N3CC4(CCN(c5ccc(C#N)c(Cl)c5)CC4)C3)cc2)CC1
CHEMBL5402802,C[C@](O)(Cn1nnc2cc(F)ccc21)C(=O)Nc1ccc(C#N)c(C(F)(F)F)c1
CHEMBL5403067,C[C@](O)(Cn1c2ccccc2c2cc(F)ccc21)C(=O)Nc1ccc(C#N)c(Cl)c1
CHEMBL5404749,Cn1ncc2cc(-c3cc(C(N)=O)ccc3OC(F)(F)F)ccc21
CHEMBL5405109,CSc1c(F)cc(C(N)=O)cc1-c1ccc2c(cnn2C)c1
CHEMBL5405113,Cn1ncc2cc(-c3cc(C(N)=O)ccc3O)ccc21
CHEMBL5405492,CN(C)CCNc1ccc(C(N)=O)cc1-c1ccc2c(cnn2C)c1
CHEMBL5405906,C[C@](O)(Cn1nnc2cc(C(F)(F)F)ccc21)C(=O)Nc1ccc(C#N)c(C(F)(F)F)c1
CHEMBL5405995,Cn1ncc2cc(-c3cc(C(N)=O)ccc3C(F)(F)F)ccc21
CHEMBL5406263,C[C@](O)(Cn1nc2ccc(C(F)(F)F)cc2n1)C(=O)Nc1ccc(C#N)c(C(F)(F)F)c1
CHEMBL5407635,Cc1cn(C2=CCC3C4CC=C5C[C@@H](NC(=O)c6ccncc6)CC[C@]5(C)C4CC[C@]23C)cn1
CHEMBL5408162,C[C@](O)(Cn1c2ccccc2c2ccccc21)C(=O)Nc1ccc(C#N)c(Cl)c1
CHEMBL5408185,C[C@](O)(Cc1nc2cc(F)c(F)cc2[nH]1)C(=O)Nc1ccc(C#N)c(C(F)(F)F)c1
CHEMBL5408265,C[C@](O)(Cn1cnc2c(F)cccc21)C(=O)Nc1ccc(C#N)c(C(F)(F)F)c1
CHEMBL5408281,Cn1ncc2cc(-c3cc(C(N)=O)ccc3N3CCOCC3)ccc21
CHEMBL5408438,Cc1nn(C[C@](C)(O)C(=O)Nc2cnc(C#N)c(C(F)(F)F)c2)c2ccc(F)cc12
CHEMBL5408573,C[C@](O)(Cn1cnc2c(F)cccc21)C(=O)Nc1ccc(C#N)c(Cl)c1
CHEMBL5408577,C[C@](O)(CN1C(=O)C(=O)c2ccccc21)C(=O)Nc1ccc(C#N)c(C(F)(F)F)c1
CHEMBL5409022,C[C@](O)(Cn1ccc2cc(F)ccc21)C(=O)Nc1cnc(C#N)c(C(F)(F)F)c1
CHEMBL5409469,CSc1ccc(C(N)=O)cc1-c1ccc(F)c(O)c1
CHEMBL5409836,Cc1ccc(C(N)=O)cc1-c1ccc2c(cnn2C)c1
CHEMBL5410172,Cn1ncc2cc(-c3cc(C(N)=O)ccc3OCC3CC3)ccc21
CHEMBL5410494,C[C@](O)(Cn1nc(Cl)c2cc(F)ccc21)C(=O)Nc1ccc(C#N)c(Cl)c1
CHEMBL5411661,CSc1cc(C(N)=O)cc(-c2ccc3c(cnn3C)c2)c1
CHEMBL5413307,Cn1ncc2cc(-c3cc(C(N)=O)ccc3NCCN3CCOCC3)ccc21
CHEMBL5413706,Cc1cn(C2=CCC3C4CC=C5C[C@@H](NC(=O)c6ccc(F)cc6F)CC[C@]5(C)C4CC[C@]23C)cn1
CHEMBL5415715,CSc1ccc(C(N)=O)cc1-c1cc(O)cc(F)c1
CHEMBL5416166,C[C@](O)(Cn1nc(Cl)c2c(C(F)(F)F)cccc21)C(=O)Nc1cnc(C#N)c(C(F)(F)F)c1
CHEMBL5416202,CSc1ccc(C(N)=O)cc1-c1ccc2[nH]ccc2c1
CHEMBL5416300,Cn1ncc2cc(-c3cc(C(N)=O)ccc3NCCCN3CCOCC3)ccc21
CHEMBL5416732,CC(C)COc1ccc(C(N)=O)cc1-c1ccc2c(cnn2C)c1
CHEMBL5416819,CSc1ccc(C(N)=O)cc1-c1ccc2[nH]cnc2c1
CHEMBL5417016,C[C@](O)(Cn1nc(F)c2cc(F)ccc21)C(=O)Nc1cnc(C#N)c(C(F)(F)F)c1
CHEMBL5417385,COc1cc(-c2cc(C(N)=O)ccc2SC)ccc1N
CHEMBL5417717,C[C@](O)(Cn1nnc2ccc(F)cc21)C(=O)Nc1ccc(C#N)c(C(F)(F)F)c1
CHEMBL5418252,CSc1ccc(C(N)=O)cc1-c1ccc2ocnc2c1
CHEMBL5419739,C[C@](O)(Cn1cnc2cc(F)c(F)cc21)C(=O)Nc1ccc(C#N)c(C(F)(F)F)c1
CHEMBL5419937,C[C@](O)(Cn1ncc2c(C(F)(F)F)cccc21)C(=O)Nc1ccc(C#N)c(C(F)(F)F)c1
CHEMBL5420396,C[C@](O)(Cn1nc2ccc(F)cc2n1)C(=O)Nc1ccc(C#N)c(C(F)(F)F)c1
CHEMBL5420557,Cn1ncc2cc(-c3cncc(C(N)=O)c3)ccc21
CHEMBL5421024,C[C@](O)(Cn1nc(Cl)c2cc(F)ccc21)C(=O)Nc1ccc(C#N)c(C(F)(F)F)c1
CHEMBL5421175,Cn1ncc2cc(-c3cc(C(N)=O)ccc3F)ccc21
CHEMBL5421312,CSc1ccc(C(N)=O)cc1-c1ccc2c(ccn2C)c1
CHEMBL5421324,CN1CCN(c2ccc(C(=O)N3CCC4(CC3)CCN(c3ccc(C#N)c(Cl)c3)C4)cc2)CC1
CHEMBL5421740,C[C@](O)(Cn1cc(C#N)c2cc(F)ccc21)C(=O)Nc1ccc(C#N)c(C(F)(F)F)c1
CHEMBL5421919,C[C@](O)(Cn1cc(F)c2ccccc21)C(=O)Nc1ccc(C#N)c(C(F)(F)F)c1
CHEMBL5422234,CN1CCN(c2ccc(C(=O)N3CCC4(C3)CN(c3ccc(C#N)c(Cl)c3)C4)cc2)CC1
CHEMBL5422362,CN1CCN(c2ccc(C(=O)N3CC4(C3)CN(c3ccc(C#N)c(Cl)c3)C4)cc2)CC1
CHEMBL5422396,C[C@](O)(Cn1cc(C=O)c2cc(F)ccc21)C(=O)Nc1cnc(C#N)c(C(F)(F)F)c1
CHEMBL5422780,C[C@](O)(Cn1cc(C#N)c2cc(F)ccc21)C(=O)Nc1cnc(C#N)c(C(F)(F)F)c1
CHEMBL5423257,CC(=O)N/N=C\c1cn(C[C@](C)(O)C(=O)Nc2ccc(C#N)c(C(F)(F)F)c2)c2ccc(F)cc12
CHEMBL5423296,CSc1ccc(C(N)=O)cc1-c1cccc(O)c1F
CHEMBL5423482,CSc1ccc(C(N)=O)cc1-c1cccs1
CHEMBL5423748,CSc1ccc(C(N)=O)cc1-c1cncnc1
CHEMBL5424031,CSc1ccc(C(=O)O)cc1-c1cncnc1
CHEMBL5424470,CN1CCN(c2ccc(C(=O)N3CCC4(CCN(c5ccc(C#N)c(Cl)c5)C4)C3)cc2)CC1
CHEMBL5424901,CN1CCN(c2ccc(C(=O)N3CC4(CCN4c4ccc(C#N)c(Cl)c4)C3)cc2)CC1
CHEMBL5425494,Cn1ncc2cc(-c3cc(C(N)=O)ccc3OCc3ccccc3)ccc21
CHEMBL5426016,C[C@](O)(Cn1nc(Cl)c2cc(F)ccc21)C(=O)Nc1cnc(C#N)c(C(F)(F)F)c1
CHEMBL5426070,C[C@](O)(Cn1cc([N+](=O)[O-])c2cc(F)ccc21)C(=O)Nc1ccc(C#N)c(C(F)(F)F)c1
CHEMBL5426257,CSc1ccc(C(N)=O)cc1-c1ccc2nccn2c1
CHEMBL5426552,CSc1ccc(C(N)=O)cc1-c1ccccc1
CHEMBL5426565,C[C@](O)(Cn1nc(I)c2cc(F)ccc21)C(=O)Nc1cnc(C#N)c(C(F)(F)F)c1
CHEMBL54270,C=C1C=C(C)CC(C)(C)C1Cc1cc(OC)c(Br)cc1OC(C)=O
CHEMBL5427342,CSc1ccc(C(N)=O)cc1-c1cccc2c1CC(=O)N2
CHEMBL5427747,C[C@](O)(Cn1cc(F)c2cc(F)ccc21)C(=O)Nc1ccc(C#N)c(C(F)(F)F)c1
CHEMBL5427904,Cn1ncc2cc(-c3cc(C(N)=O)cnc3SCc3ccccc3)ccc21
CHEMBL5428152,CSc1ccc(C(N)=O)cc1-c1ccncc1
CHEMBL5428715,C[C@](O)(Cn1nnc2cc(-c3ccc(F)cc3)ccc21)C(=O)Nc1ccc(C#N)c(C(F)(F)F)c1
CHEMBL5428956,Cn1ncc2cc(-c3cccc(C(N)=O)c3)ccc21
CHEMBL5429401,CN1CCN(c2ccc(C(=O)N3CCC4(CC3)CCN(c3ccc(C#N)c(Cl)c3)CC4)cc2)CC1
CHEMBL5429413,C[C@](O)(Cn1cc2c(C(F)(F)F)cccc2n1)C(=O)Nc1ccc(C#N)c(C(F)(F)F)c1
CHEMBL5429958,CSc1ccc(C(N)=O)cc1-c1ccno1
CHEMBL5430251,CSc1ccc(C(N)=O)cc1-c1cccnc1
CHEMBL5430612,CN1CCN(C(=O)c2ccc(N3CCC4(CCN(c5ccc(C#N)c(Cl)c5)C4)C3)cc2)CC1
CHEMBL5430613,CSc1ccc(C(N)=O)cc1-c1ccc2occc2c1
CHEMBL5431055,CCc1ccc(C(N)=O)cc1-c1ccc2c(cnn2C)c1
CHEMBL5431700,COc1ccc(-c2cc(C(N)=O)ccc2SC)cc1F
CHEMBL5432213,C[C@](O)(Cn1cc(Cl)c2cc(F)ccc21)C(=O)Nc1ccc(C#N)c(C(F)(F)F)c1
CHEMBL5432214,N#Cc1ccc(N2CCC3(CCN(c4ccccc4)CC3)C2)cc1Cl
CHEMBL5433104,Cn1ncc2cc(-c3cc(C(N)=O)ccc3NCc3ccccc3)ccc21
CHEMBL5433271,C[C@]12C=CC(=O)C=C1CC[C@@H]1[C@@H]2[C@@H](O)C[C@@]2(C)[C@H]1C[C@H]1O[C@@H](c3ccc(Cc4cccc(N)c4)cc3)O[C@]12C(=O)CO
CHEMBL5434659,C[C@](O)(Cn1nnc2cc(Br)ccc21)C(=O)Nc1ccc(C#N)c(C(F)(F)F)c1
CHEMBL5434755,CN1CCN(c2ccc(C(=O)N3CCC4(CC3)CN(c3ccc(C#N)c(Cl)c3)C4)cc2)CC1
CHEMBL5435133,CSc1ccc(C(N)=O)cc1-c1ccc2c(c1)CCO2
CHEMBL5435177,CN1CCN(c2ccc(C(=O)N3CC4(CCN(c5ccc(C#N)c(Cl)c5)C4)C3)cc2)CC1
CHEMBL5435259,Cc1c2c(nn1-c1ccc(F)cc1)C[C@@H]1CC[C@@H]3[C@H](CC[C@]4(C)[C@@H](O)CC[C@@H]34)[C@@]1(C)C2
CHEMBL5435387,C[C@](O)(Cn1cc(/C=N\O)c2cc(F)ccc21)C(=O)Nc1ccc(C#N)c(C(F)(F)F)c1
CHEMBL5435483,C[C@](O)(Cn1cnc2cccc(F)c21)C(=O)Nc1ccc(C#N)c(C(F)(F)F)c1
CHEMBL5435893,C[C@](O)(Cn1cnc2c(C(F)(F)F)cccc21)C(=O)Nc1ccc(C#N)c(C(F)(F)F)c1
CHEMBL5435897,C[C@](O)(Cn1c2ccccc2c2ccccc21)C(=O)Nc1ccc(C#N)c(C(F)(F)F)c1
CHEMBL5436280,C[C@](O)(Cn1nnc2ccc(C(F)(F)F)cc21)C(=O)Nc1ccc(C#N)c(C(F)(F)F)c1
CHEMBL5436377,C[C@](O)(Cn1cnc2cccc(C(F)(F)F)c21)C(=O)Nc1ccc(C#N)c(C(F)(F)F)c1
CHEMBL5437053,Cn1ncc2cc(-c3cc(C(N)=O)ccc3NCCN3CCCCC3)ccc21
CHEMBL5437141,N#Cc1ccc(O[C@H]2CC[C@H](NC(=O)c3cccnn3)CC2)cc1Cl
CHEMBL5437180,C[C@](O)(Cn1cc2c(F)cccc2n1)C(=O)Nc1ccc(C#N)c(C(F)(F)F)c1
CHEMBL5437444,COc1ccc(C(N)=O)cc1-c1ccc2c(cnn2C)c1
CHEMBL5438541,C[C@](O)(Cn1ncc2c(F)cccc21)C(=O)Nc1ccc(C#N)c(C(F)(F)F)c1
CHEMBL5439280,COc1ccc(-c2cc(C(N)=O)ccc2SC)cc1OC
CHEMBL5439835,CSc1ccc(C(N)=O)cc1-c1c(C)noc1C
CHEMBL5440496,CSc1ccc(C(N)=O)cc1-c1ccc2cn[nH]c2c1
CHEMBL5440505,CSc1ncc(C(N)=O)cc1-c1ccc2c(cnn2C)c1
CHEMBL5440678,C[C@](O)(Cn1cc(/C=N\O)c2cc(F)ccc21)C(=O)Nc1cnc(C#N)c(C(F)(F)F)c1
CHEMBL5440684,C[C@](O)(Cn1nc(Br)c2cc(F)ccc21)C(=O)Nc1cnc(C#N)c(C(F)(F)F)c1
CHEMBL5441048,CSc1ccc(C(N)=O)cc1-c1ccc[nH]1
CHEMBL549375,Cc1ncc(/C=C2\C[C@H]3[C@@H]4CC[C@H]5N(C)C(=O)C=C[C@]5(C)[C@H]4CC[C@]3(C)[C@H]2O)cn1
CHEMBL549725,CC(C(=O)N(C)C)N(CC(F)(F)F)c1ccc(C#N)c(C(F)(F)F)c1
CHEMBL5505831,N#Cc1ccc(O[C@H]2CC[C@H](NC(=O)c3ccc(N4CCC(CCCF)CC4)nn3)CC2)cc1Cl
CHEMBL551269,CN1C(=O)C=C[C@]2(C)[C@H]3CC[C@]4(C)[C@@H](O)/C(=C/c5cncnc5)C[C@H]4[C@@H]3CC[C@@H]12
CHEMBL551270,CN1C(=O)C=C[C@]2(C)[C@H]3CC[C@]4(C)[C@@H](O)/C(=C/c5cnc(C6CC6)nc5)C[C@H]4[C@@H]3CC[C@@H]12
CHEMBL5517689,N#Cc1ccc(O[C@H]2CC[C@H](NC(=O)c3ccc(N4CCC(Cc5ccc(NCCCCCF)cc5)CC4)nn3)CC2)cc1Cl
CHEMBL5517813,N#Cc1ccc(O[C@H]2CC[C@H](NC(=O)c3ccc(N4CCN(CCCF)CC4)nn3)CC2)cc1Cl
CHEMBL5518016,N#Cc1ccc(O[C@H]2CC[C@H](NC(=O)c3ccc(N4CC(CF)C4)nn3)CC2)cc1Cl
CHEMBL5523416,Oc1cccc(N2[C@@H]3CC[C@H]2CN(CCCc2ccccc2)C3)c1
CHEMBL5531949,N#Cc1ccc(O[C@H]2CC[C@H](NC(=O)c3ccc(N4CCC(CCCC(F)(F)C(F)(F)F)CC4)nn3)CC2)cc1Cl
CHEMBL5531958,N#Cc1ccc(O[C@H]2CC[C@H](NC(=O)c3ccc(N4CCC(CN5CCN(CCCCCF)CC5)CC4)nn3)CC2)cc1Cl
CHEMBL5532063,N#Cc1ccc(O[C@H]2CC[C@H](NC(=O)c3ccc(N4CCC(CNC5CN(CCCF)C5)CC4)nn3)CC2)cc1Cl
CHEMBL5542581,N#Cc1ccc(O[C@H]2CC[C@H](NC(=O)c3ccc(N4CCC(Oc5ccc(NCCCCCF)cc5)CC4)nn3)CC2)cc1Cl
CHEMBL5542890,N#Cc1ccc(O[C@H]2CC[C@H](NC(=O)c3ccc(N4CCC(CF)CC4)nn3)CC2)cc1Cl
CHEMBL5550018,N#Cc1ccc(NC(=O)c2cccc(S(=O)(=O)N3CCCc4ccccc43)c2)cc1
CHEMBL5555049,N#Cc1ccc(O[C@H]2CC[C@H](NC(=O)c3ccc(N4CCC(CC5CN(CCCF)C5)CC4)nn3)CC2)cc1Cl
CHEMBL5555360,C[C@](O)(CN1CCN(c2ccc(C#N)nn2)CC1)C(=O)Nc1ccc(C#N)c(C(F)(F)F)c1
CHEMBL5555724,N#Cc1ccc(O[C@H]2CC[C@H](NC(=O)c3ccc(N4CCC(CN5CCN(CCCC(F)(F)C(F)(F)F)CC5)CC4)nn3)CC2)cc1Cl
CHEMBL5556701,CCc1cccc(NS(=O)(=O)c2cc3c4c(c2)CCC(=O)N4CCC3)c1
CHEMBL5556748,O=C(Nc1nc2ccc(OC(F)(F)F)cc2s1)c1ccc(S(=O)(=O)N2CCCc3ccccc32)cc1
CHEMBL5557418,N#Cc1ccc(O[C@H]2CC[C@H](NC(=O)c3ccc(N4CCC(CN5CCN(c6ccc(NC7CN(CCCF)C7)cc6)CC5)CC4)nn3)CC2)cc1Cl
CHEMBL5557813,N#Cc1ccc(O[C@H]2CC[C@H](NC(=O)c3ccc(N4CCC(CC5CN(CCCC(F)(F)C(F)(F)F)C5)CC4)nn3)CC2)cc1Cl
CHEMBL5558125,N#Cc1ccc(O[C@H]2CC[C@H](NC(=O)c3ccc(N4CCC(N5CCC(F)(F)C5)CC4)nn3)CC2)cc1Cl
CHEMBL5559204,N#Cc1ccc(O[C@H]2CC[C@H](NC(=O)c3ccc(N4CCC(Cc5ccc(NC6CN(CCCF)C6)cc5)CC4)nn3)CC2)cc1Cl
CHEMBL5559421,N#Cc1ccc(O[C@H]2CC[C@H](NC(=O)c3ccc(N4CCC(N5CCC(F)(F)CC5)CC4)nn3)CC2)cc1Cl
CHEMBL556229,CN1C(=O)C=C[C@]2(C)[C@H]3CC[C@]4(C)[C@@H](O)[C@H](Cc5cccc(F)c5)C[C@H]4[C@@H]3CC[C@@H]12
CHEMBL5563043,C[C@](O)(CN1CC2CC(C1)N2c1ccc(C#N)cc1)C(=O)Nc1ccc(C#N)c(C(F)(F)F)c1
CHEMBL5563061,N#Cc1ccc(CNC(=O)c2ncc3nc(N4CC[C@@H](O)C4)ccc3c2O)cn1
CHEMBL5563148,CCOC(=O)c1ccc(NC(=O)c2ccc(S(=O)(=O)Nc3ccc(C)cc3)cc2)s1
CHEMBL5563225,C[C@](O)(CN1CCN(c2ccc(C#N)c(C(F)(F)F)c2)CC1)C(=O)Nc1ccc(C#N)c(C(F)(F)F)c1
CHEMBL5563558,Cc1cc(N2CCN(C[C@](C)(O)C(=O)Nc3ccc(C#N)c(C(F)(F)F)c3)CC2)ccc1C#N
CHEMBL5563792,C[C@](O)(CN1CC2CC(C1)N2c1ccc(C#N)nn1)C(=O)Nc1ccc(C#N)c(C(F)(F)F)c1
CHEMBL5564208,C[C@](O)(CN1CCN(c2ccc(C#N)cc2)C(=O)C1)C(=O)Nc1ccc(C#N)c(C(F)(F)F)c1
CHEMBL556431,CN1C(=O)C=C[C@]2(C)[C@H]3CC[C@]4(C)[C@@H](O)/C(=C/c5cc(F)cc(F)c5)C[C@H]4[C@@H]3CC[C@@H]12
CHEMBL5564844,COc1cc(C#N)ccc1N1C2CCC1CN(C[C@](C)(O)C(=O)Nc1ccc(C#N)c(C(F)(F)F)c1)C2
CHEMBL5565018,Cc1ccc(NC(=O)c2ccc(NC(=O)c3cccc(S(=O)(=O)N4CCCc5ccccc54)c3)s2)cc1
CHEMBL5565106,C[C@](O)(CN1CCC(c2ccc(C#N)cc2)CC1)C(=O)Nc1ccc(C#N)c(C(F)(F)F)c1
CHEMBL5565380,CCOC(=O)c1ccc(NC(=O)c2ccc(S(=O)(=O)NC3CCCCCC3)cc2)s1
CHEMBL5565769,C[C@](O)(CN1CCN(c2ccc(C#N)cc2)CC1)C(=O)Nc1ccc(C#N)c(C(F)(F)F)c1
CHEMBL5565870,C[C@](O)(CN1CC2CC(C1)N2c1cnc(C#N)nc1)C(=O)Nc1ccc(C#N)c(C(F)(F)F)c1
CHEMBL5565943,C[C@](O)(CN1CC2CC(C1)N2c1ccc(C#N)cc1F)C(=O)Nc1cnc(C#N)c(Cl)c1
CHEMBL5566095,C[C@](O)(CN1CCN(c2ccc(C#N)c(-c3ccccc3)c2)CC1)C(=O)Nc1ccc(C#N)c(C(F)(F)F)c1
CHEMBL5567043,C[C@](O)(CN1CCN(c2cnc(C#N)nc2)CC1)C(=O)Nc1ccc(C#N)c(C(F)(F)F)c1
CHEMBL556848,CN1C(=O)C=C[C@]2(C)[C@H]3CC[C@]4(C)[C@@H](O)/C(=C/c5ccncc5)C[C@H]4[C@@H]3CC[C@@H]12
CHEMBL5568622,C[C@](O)(CN1CC2CC(C1)N2c1ccc(C#N)cc1)C(=O)Nc1cnc(C#N)c(C(F)(F)F)c1
CHEMBL5569094,C[C@](O)(CN1CC2CCC(C1)N2c1ccc(C#N)cc1)C(=O)Nc1ccc(C#N)c(C(F)(F)F)c1
CHEMBL5569161,C[C@](O)(CN1CC2CCC(C1)N2c1ccc(C#N)cc1F)C(=O)Nc1ccc(C#N)c(C(F)(F)F)c1
CHEMBL5569474,C[C@](O)(CN1CCN(c2ccc(C#N)c(Br)c2)CC1)C(=O)Nc1ccc(C#N)c(C(F)(F)F)c1
CHEMBL5569768,O=C(Nc1ccc(C(=O)NC2CC2)s1)c1cccc(S(=O)(=O)N2CCCc3ccccc32)c1
CHEMBL5569875,C[C@](O)(CN1CC(c2ccc(C#N)cc2)C1)C(=O)Nc1ccc(C#N)c(C(F)(F)F)c1
CHEMBL5570562,C[C@](O)(CN1CC2CC(C1)N2c1ccc(C#N)cc1)C(=O)Nc1cnc(C#N)c(Cl)c1
CHEMBL5570781,CCOC(=O)c1ccc(NC(=O)c2cccc(S(=O)(=O)Nc3ccc4ccccc4c3)c2)s1
CHEMBL5571059,C[C@](O)(CN1C2CCC1CN(c1ccc(C#N)cc1)C2)C(=O)Nc1ccc(C#N)c(C(F)(F)F)c1
CHEMBL5571115,COc1cc(N2CCN(C[C@](C)(O)C(=O)Nc3ccc(C#N)c(C(F)(F)F)c3)CC2)ccc1C#N
CHEMBL557116,C/C=C1\C[C@H]2[C@@H]3CC[C@H]4N(C)C(=O)C=C[C@]4(C)[C@H]3CC[C@]2(C)[C@H]1O
CHEMBL5571494,Cc1ccc(NC(=O)c2ccc(NC(=O)c3ccc(S(=O)(=O)N4CCCc5ccccc54)cc3)s2)cc1
CHEMBL5571572,C[C@](O)(CN1C[C@@H]2C[C@H]1CN2c1ccc(C#N)cc1)C(=O)Nc1ccc(C#N)c(C(F)(F)F)c1
CHEMBL5571579,C[C@](O)(CN1CCCN(c2ccc(C#N)cc2)CC1)C(=O)Nc1ccc(C#N)c(C(F)(F)F)c1
CHEMBL5571658,C[C@](O)(CN1CCN(c2ccc(C(F)(F)F)cc2)CC1)C(=O)Nc1ccc(C#N)c(C(F)(F)F)c1
CHEMBL5571805,C[C@H]1CN(C[C@](C)(O)C(=O)Nc2ccc(C#N)c(C(F)(F)F)c2)CCN1c1ccc(C#N)cc1
CHEMBL5572389,COc1ccc(N2CCN(C[C@](C)(O)C(=O)Nc3ccc(C#N)c(C(F)(F)F)c3)CC2)cc1
CHEMBL5572462,C[C@](O)(CN1CCN(c2ccc([N+](=O)[O-])cc2)CC1)C(=O)Nc1ccc(C#N)c(C(F)(F)F)c1
CHEMBL5572524,C[C@](O)(CN1CCN(c2ccc(F)cc2)CC1)C(=O)Nc1ccc(C#N)c(C(F)(F)F)c1
CHEMBL5572527,Cc1cc(C#N)ccc1N1C2CCC1CN(C[C@](C)(O)C(=O)Nc1ccc(C#N)c(C(F)(F)F)c1)C2
CHEMBL5572655,O=C(Nc1ccc(C(=O)NC23C[C@H]4C[C@H](C2)C[C@@H](C3)C4)s1)c1cccc(S(=O)(=O)N2CCCc3ccccc32)c1
CHEMBL5572979,C[C@H]1CN(c2ccc(C#N)cc2)CCN1C[C@](C)(O)C(=O)Nc1ccc(C#N)c(C(F)(F)F)c1
CHEMBL5573540,Cc1cc(NC(=O)[C@@](C)(O)CN2CC3CC(C2)N3c2ccc(C#N)cc2)cnc1C#N
CHEMBL5573730,C[C@](O)(CN1CCN(c2ccc(C#N)c(Cl)c2)CC1)C(=O)Nc1ccc(C#N)c(C(F)(F)F)c1
CHEMBL5573769,C[C@](O)(CN1CC2CC(C1)N2c1ccc(C#N)cc1F)C(=O)Nc1ccc(C#N)c(C(F)(F)F)c1
CHEMBL5574051,C[C@](O)(CN1CC2CC(C1)N2c1ccc(C#N)cc1)C(=O)Nc1ccc(C#N)c(Cl)c1
CHEMBL5574056,CNC(=O)c1ccc(N2CCN(C[C@](C)(O)C(=O)Nc3ccc(C#N)c(C(F)(F)F)c3)CC2)cc1
CHEMBL5574098,C[C@](O)(CN1CCN(c2ccc(Cl)cc2)CC1)C(=O)Nc1ccc(C#N)c(C(F)(F)F)c1
CHEMBL5574257,CN(c1ccc(C#N)cc1)C1CN(C[C@](C)(O)C(=O)Nc2ccc(C#N)c(C(F)(F)F)c2)C1
CHEMBL5574403,C[C@](O)(CN1CCN(c2cccc(C#N)c2)CC1)C(=O)Nc1ccc(C#N)c(C(F)(F)F)c1
CHEMBL5574975,C[C@](O)(CN1CCN(Cc2ccc(C#N)cc2)CC1)C(=O)Nc1ccc(C#N)c(C(F)(F)F)c1
CHEMBL5574997,C[C@](O)(CN1C2CC1CN(c1ccc(C#N)cc1)C2)C(=O)Nc1ccc(C#N)c(C(F)(F)F)c1
CHEMBL5575877,C[C@](O)(CN1CCN(c2ccc(C#N)cn2)CC1)C(=O)Nc1ccc(C#N)c(C(F)(F)F)c1
CHEMBL5584051,C[C@](O)(CN1CCN(c2ccc(S(C)(=O)=O)cc2)CC1)C(=O)Nc1ccc(C#N)c(C(F)(F)F)c1
CHEMBL558664,CN1CC[C@H](N(Cc2ccccc2C(F)(F)F)c2ccc(C#N)c(Cl)c2)C1
CHEMBL5589667,C[C@](O)(CN1CCN(c2ccc(C#N)c(F)c2)CC1)C(=O)Nc1ccc(C#N)c(C(F)(F)F)c1
CHEMBL5590394,C[C@](O)(CN1CC2CC(C1)N2c1cnc(C#N)nc1)C(=O)Nc1cnc(C#N)c(C(F)(F)F)c1
CHEMBL5590984,C[C@](O)(CN1CC2CC(C1)N2c1ccc(C#N)cc1F)C(=O)Nc1cnc(C#N)c(C(F)(F)F)c1
CHEMBL559246,CN1C(=O)C=C[C@]2(C)[C@H]3CC[C@]4(C)[C@@H](O)CC[C@H]4[C@@H]3CC[C@@H]12
CHEMBL5593403,C[C@](O)(CN1CCN(c2ccc(C#N)nc2)CC1)C(=O)Nc1ccc(C#N)c(C(F)(F)F)c1
CHEMBL5593664,C[C@](O)(CN1CCN(c2ccccc2C#N)CC1)C(=O)Nc1ccc(C#N)c(C(F)(F)F)c1
CHEMBL5594380,C[C@](O)(CN1CCN(c2ccc(Br)cc2)CC1)C(=O)Nc1ccc(C#N)c(C(F)(F)F)c1
CHEMBL5594723,C[C@](O)(CN1CC2CC(C1)N2c1ccc(C#N)cc1Cl)C(=O)Nc1cnc(C#N)c(C(F)(F)F)c1
CHEMBL559485,CN1C(=O)C=C[C@]2(C)[C@H]3CC[C@]4(C)[C@@H](O)/C(=C/c5ccccn5)C[C@H]4[C@@H]3CC[C@@H]12
CHEMBL559878,COc1ncc(/C=C2\C[C@H]3[C@@H]4CC[C@H]5N(C)C(=O)C=C[C@]5(C)[C@H]4CC[C@]3(C)[C@H]2O)cn1
CHEMBL560935,CN1C(=O)C=C[C@]2(C)[C@H]3CC[C@]4(C)[C@@H](O)/C(=C/c5ccccc5)C[C@H]4[C@@H]3CC[C@@H]12
CHEMBL5611927,Cc1ncncc1Nc1ccc2c(c1)CCC1=C3C[C@H](O)C[C@]3(C)CC[C@]12Cc1ccccc1
CHEMBL5612930,Cc1ncncc1Nc1ccc2c(c1)CCC1=C3C[C@@H](O)C[C@]3(C)CC[C@]12Cc1ccccc1
CHEMBL5612987,Cc1ncccc1Nc1ccc2c(c1)CCC1=C3C[C@H](O)C[C@]3(C)CC[C@]12Cc1ccccc1
CHEMBL5614066,Cc1ncccc1Nc1ccc2c(c1)CCC1=C3C[C@@H](O)C[C@]3(C)CC[C@]12C
CHEMBL5614270,Cc1ncccc1Nc1ccc2c(c1)CCC1=C3C[C@@H](O)C[C@]3(C)CC[C@]12Cc1ccccc1
CHEMBL562394,CN1C(=O)C=C[C@]2(C)[C@H]3CC[C@]4(C)[C@@H](O)/C(=C/c5cnc(-c6ccccn6)nc5)C[C@H]4[C@@H]3CC[C@@H]12
CHEMBL562471,CN1C(=O)C=C[C@]2(C)[C@H]3CC[C@]4(C)[C@@H](O)/C(=C/c5cccc(F)c5)C[C@H]4[C@@H]3CC[C@@H]12
CHEMBL562780,CN1C(=O)C=C[C@]2(C)[C@H]3CC[C@]4(C)[C@@H](O)/C(=C/c5cccnc5)C[C@H]4[C@@H]3CC[C@@H]12
CHEMBL5630801,N#Cc1ccc(N2C(=O)CN(CCCN3CCCc4ccccc43)C2=S)cc1C(F)(F)F
CHEMBL563341,CN1CC[C@@H](N(Cc2ccccc2C(F)(F)F)c2ccc(C#N)c(Cl)c2)C1
CHEMBL563597,CNc1ncc(/C=C2\C[C@H]3[C@@H]4CC[C@H]5N(C)C(=O)C=C[C@]5(C)[C@H]4CC[C@]3(C)[C@H]2O)cn1
CHEMBL565320,C=CC[C@@](C)(O)[C@H]1CCCC2=Cc3c(-c4ccc(F)cc4)ncn3C[C@@]21C
CHEMBL566387,CCCC[C@@](C)(O)[C@H]1CCCC2=Cc3c(-c4ccc(F)cc4)ncn3C[C@@]21C
CHEMBL566575,Cc1cccc([C@@](C)(O)[C@H]2CCCC3=Cc4c(-c5ccc(F)cc5)ncn4C[C@@]32C)c1
CHEMBL566600,C[C@]12Cn3cnc(-c4ccc(F)cc4)c3C=C1CCC[C@@H]2[C@](C)(O)c1cccc(C#N)c1
CHEMBL566818,CO[C@](C)(c1cccs1)[C@H]1CCCC2=Cc3c(-c4ccc(F)cc4)ncn3C[C@@]21C
CHEMBL566823,C[C@]12Cn3cnc(-c4ccc(F)cc4)c3C=C1CCC[C@@H]2[C@](C)(O)c1ccncc1
CHEMBL567027,C[C@]12Cn3cnc(-c4ccc(F)cc4)c3C=C1CCC[C@@H]2[C@](C)(O)c1ccc(Cl)cc1
CHEMBL567028,Cc1ccsc1[C@@](C)(O)[C@H]1CCCC2=Cc3c(-c4ccc(F)cc4)ncn3C[C@@]21C
CHEMBL567237,CC(C)C[C@@](C)(O)[C@H]1CCCC2=Cc3c(-c4ccc(F)cc4)ncn3C[C@@]21C
CHEMBL568868,C[C@]12Cn3cnc(-c4ccc(F)cc4)c3C=C1CCC[C@@H]2[C@](C)(O)CCc1ccccc1
CHEMBL569044,C[C@]12Cn3cnc(-c4ccc(F)cc4)c3C=C1CCC[C@@H]2[C@](C)(O)c1ccsc1
CHEMBL569061,C[C@]12Cn3cnc(-c4ccc(F)cc4)c3C=C1CCC[C@@H]2[C@](C)(O)C(F)(F)F
CHEMBL569100,C[C@]12Cn3cnc(-c4ccc(F)cc4)c3C=C1CCC[C@@H]2[C@](C)(O)Cc1ccc(F)cc1
CHEMBL569290,C[C@]12Cn3cnc(-c4ccc(F)cc4)c3C=C1CCC[C@@H]2[C@](C)(O)c1nccs1
CHEMBL569544,C[C@]12Cn3cnc(-c4ccc(F)cc4)c3C=C1CCC[C@@H]2[C@](C)(O)c1ccccc1
CHEMBL570708,Cc1c(C#N)c(Cl)nc2c3c(sc12)NC(=O)CC3c1ccccc1Cl
CHEMBL570897,O=[N+]([O-])c1ccc(N2CCCC2)c2ccccc12
CHEMBL570898,N#Cc1ccc(N2CCCC2)c2ccccc12
CHEMBL572212,C[C@]12Cn3cnc(-c4ccc(F)cc4)c3C=C1CCC[C@@H]2[C@](C)(O)C1CCCCC1
CHEMBL572329,Cc1ccc([C@@](C)(O)[C@H]2CCCC3=Cc4c(-c5ccc(F)cc5)ncn4C[C@@]32C)s1
CHEMBL572330,C[C@]12Cn3cnc(-c4ccc(F)cc4)c3C=C1CCC[C@@H]2[C@](C)(O)c1ccc(Cl)s1
CHEMBL572355,C[C@]12Cn3cnc(-c4ccc(F)cc4)c3C=C1CCC[C@@H]2[C@](C)(O)C1CCOCC1
CHEMBL572357,C[C@]12Cn3cnc(-c4ccc(F)cc4)c3C=C1CCC[C@@H]2[C@](C)(O)c1ccc(C#N)cc1
CHEMBL5740755,C=CS(=O)(=O)C(c1ccc(NC(=O)[C@@](C)(O)CS(=O)(=O)c2ccc(F)cc2)cc1C(F)(F)F)S(=O)(=O)C=C
CHEMBL5742076,CNC(=O)c1ccc(N2C(=O)N(c3ccc(C#N)c(C(F)(F)F)c3)C(=O)C2(C)C)cc1F
CHEMBL5742711,N#Cc1ccc(N2CCc3c(ncnc3Nc3ccc(C(=O)NCC(F)(F)F)nn3)C2)cc1Cl
CHEMBL5744083,C[C@H](c1ccc(N)cc1)c1ccc([C@@H]2O[C@@H]3C[C@H]4[C@@H]5C[C@H](F)C6=CC(=O)C=C[C@]6(C)[C@@]5(F)[C@@H](O)C[C@]4(C)[C@]3(C(=O)CO)O2)cc1
CHEMBL5744517,C[C@](O)(CS(=O)(=O)c1ccc(F)cc1)C(=O)Nc1cc(C(F)(F)F)c([N+](=O)[O-])cn1
CHEMBL5745221,CC1(C)C(=O)N(c2ccc(C#N)c(C(F)(F)F)c2)C(=O)N1c1ccc(CNC(=O)c2cncs2)cc1
CHEMBL5746996,N#Cc1ccc(N2CCc3c(ncnc3Nc3nc(C(F)(F)F)c(C(=O)NCC(F)(F)F)s3)C2)cc1C(F)(F)F
CHEMBL5748065,CC(O)c1cc(C(=O)N[C@@H](C)Cn2ccc(-c3ccc(C#N)c(Cl)c3)n2)no1
CHEMBL5748447,C[C@]12C=CC(=O)C=C1[C@@H](F)C[C@H]1[C@@H]3C[C@H]4O[C@@H](c5ccc(Oc6cccc(N)c6)cc5)O[C@@]4(C(=O)CO)[C@@]3(C)C[C@H](O)[C@@]12F
CHEMBL5748745,C[C@]12C=CC(=O)C=C1[C@@H](F)C[C@H]1[C@@H]3C[C@H]4O[C@@H](c5ccc(CSc6cccc(N)c6)cc5)O[C@@]4(C(=O)CO)[C@@]3(C)C[C@H](O)[C@@]12F
CHEMBL5749733,CC1(C)C(=O)N(c2ccc(C#N)c(C(F)(F)F)c2)C(=S)N1c1ccc(CNC(=O)c2cncs2)c(F)c1
CHEMBL5752702,CC(O)(C(=O)Nc1ccnc(Br)c1)c1ccccc1
CHEMBL5753478,CC(C)(O)C1CCN(C(=O)c2nnc(Nc3ncnc4c3CCN(c3ccc(C#N)c(C(F)(F)F)c3)C4)o2)CC1
CHEMBL5754269,C[C@@H](Cn1ccc(-c2cc(F)c(C#N)c(Cl)c2)n1)NC(=O)c1cn2cccnc2n1
CHEMBL5755157,CC(n1ccc2c(C(F)(F)F)c(C#N)ccc21)C(C)(C)O
CHEMBL5755702,CC1(C)C(=O)N(c2ccc(C#N)c(F)c2)C(=S)N1c1ccc(CNC(=O)c2ccccn2)c(F)c1
CHEMBL5760149,CC(C)(NC(=O)c1ccc(Cl)s1)C(=O)Nc1ccc(Cl)c(F)c1
CHEMBL5760475,Cc1ncsc1C(=O)NCc1ccc(N2C(=S)N(c3cnc(C#N)c(C(F)(F)F)c3)C(=O)C2(C)C)cc1Cl
CHEMBL5761394,Cc1ncc(C(=O)NCc2ccc(N3C(=S)N(c4ccc(C#N)c(C(F)(F)F)c4)C(=O)C3(C)C)cc2F)s1
CHEMBL5763828,C[C@](O)(CN1CCc2cc(Br)ccc21)C(=O)Nc1ccc(C#N)c(C(F)(F)F)c1
CHEMBL5764581,CSCC(C)n1c(C(F)F)cc2c(C#N)c(C#N)ccc21
CHEMBL576472,Cc1ccccc1[C@@](C)(O)[C@H]1CCCC2=Cc3c(-c4ccc(F)cc4)ncn3C[C@@]21C
CHEMBL5764729,C[C@]12C=CC(=O)C=C1[C@@H](F)C[C@H]1[C@@H]3C[C@H]4O[C@@H](c5ccc(Sc6ccc(N)cc6)cc5)O[C@@]4(C(=O)CO)[C@@]3(C)C[C@H](O)[C@@]12F
CHEMBL5770938,CC1(C)C(=O)N(c2ccc(C#N)c(C(F)(F)F)c2)C(=S)N1c1ccc(CNC(=O)c2ncccn2)cc1
CHEMBL5771723,Cc1cc(-c2ccn(C[C@H](C)NC(=O)c3cc(-c4ccco4)n[nH]3)n2)ccc1C#N
CHEMBL5771779,CC(C)(O)c1ccc(Nc2ncnc3c2CCN(c2ccc(C#N)c(Br)c2)C3)nc1
CHEMBL5773046,CC(C)(C)C(=O)NCc1ccc(N2C(=S)N(c3ccc(C#N)c(C(F)(F)F)c3)C(=O)C2(C)C)cc1F
CHEMBL5773757,CC(C)(COc1ccc(Nc2ncnc3c2CCN(c2ccc(C#N)c(Cl)c2)C3)nc1)n1cnnn1
CHEMBL5777912,CCCCC(C)(O)C(=O)Nc1cc(Br)nc(OC)c1
CHEMBL577945,C[C@]12Cn3cnc(-c4ccc(F)cc4)c3C=C1CCC[C@@H]2[C@](C)(O)c1ccc(F)cc1
CHEMBL5780200,CC(C)(O)C(C)(C)n1ccc2c(C#N)c(C#N)ccc21
CHEMBL5783598,Cc1cc(-c2ccn(CCNC(=O)c3cc(-c4cccnc4)n[nH]3)n2)ccc1C#N
CHEMBL5787030,CC1(C)C(=O)N(c2ccc(C#N)c(C(F)(F)F)c2)C(=S)N1c1ccc(CNC(=O)c2cncnc2)c(F)c1
CHEMBL5787682,C[C@@H](NC(=O)c1ccc(Nc2ncnc3c2CCN(c2ccc(C#N)c(C(F)(F)F)c2)C3)nc1)c1nnco1
CHEMBL5793492,CC1(C)C(=O)N(c2ccc(C#N)c(C(F)(F)F)c2)C(=O)N1c1ccc(CNC(=O)c2ncccn2)cc1
CHEMBL5794343,Cc1ccccc1N1CCN(C(=O)C2CC2c2ccccc2)CC1
CHEMBL5794711,COc1cc(NC(=O)C(C)(O)CC(C)C)cc(Br)n1
CHEMBL5796430,C[C@@H](Cn1ccc(-c2ccc(C#N)c(Cl)c2)n1)NC(=O)c1[nH]nc2c1COCC2
CHEMBL5797322,Cc1ncsc1C(=O)NCc1ccc(N2C(=S)N(c3ccc(C#N)c(C(F)(F)F)c3)C(=O)C2(C)C)cc1
CHEMBL5798379,N#Cc1ccc(N2CCc3c(ncnc3Nc3cc(C(=O)NCC(F)(F)F)ccn3)C2)cc1C(F)(F)F
CHEMBL5798654,C[C@H](Cn1ccc(-c2ccc(C#N)c(Cl)c2)n1)NC(=O)c1csc(N2CCOCC2)n1
CHEMBL5799272,CC1(C)C(=O)N(c2ccc(C#N)c(C(F)(F)F)c2)C(=S)N1c1ccc(CNC(=O)c2cncs2)c(Cl)c1
CHEMBL5800325,N#Cc1ccc(N2CCc3c(ncnc3Nc3ncns3)C2)cc1C(F)(F)F
CHEMBL5804861,N#Cc1ccc(N2CCc3c(ncnc3Nc3ncc(S(=O)(=O)N4CCCOCC4)s3)C2)cc1C(F)(F)F
CHEMBL5806702,Cc1nc(-c2cc(C(=O)N[C@@H](C)Cn3ccc(-c4ccc(C#N)c(Cl)c4)n3)n[nH]2)cs1
CHEMBL5807570,C[C@]12C=CC(=O)C=C1CC[C@H]1[C@@H]3C[C@H]4O[C@@H](c5ccc(CSc6cccc(N)c6)cc5)O[C@@]4(C(=O)CO)[C@@]3(C)C[C@H](O)[C@@]12F
CHEMBL5807618,CC(C)(NC(=O)c1cccs1)C(=O)Nc1ccc(C#N)c(C(F)(F)F)c1
CHEMBL5807843,Cc1nc(C(=O)N[C@@H](C)Cn2ccc(-c3cc(F)c(C#N)c(Cl)c3)n2)c[nH]1
CHEMBL5810143,CS(=O)(=O)N1CCN(CCCOc2ccc(Nc3ncnc4c3CCN(c3ccc(C#N)c(C(F)(F)F)c3)C4)cc2)CC1
CHEMBL5810949,C[C@@H](Cn1ccc(-c2ccc(C#N)c(Cl)c2)n1)NC(=O)c1csc(-c2cn[nH]c2)n1
CHEMBL5811145,CC(C)(NC(=O)c1ccc(Cl)s1)C(=O)Nc1ccc(Br)cc1
CHEMBL5811557,N#Cc1ccc(N2CCc3c(ncnc3Nc3cccc(-c4ccccc4)c3)C2)cc1C(F)(F)F
CHEMBL5812642,CC(C)(O)c1ccc(Nc2ncnc3c2CCN(c2ccc(C#N)c(Cl)c2)C3)nn1
CHEMBL5812917,CC(C)C(=O)NCc1ccc(N2C(=S)N(c3ccc(C#N)c(C(F)(F)F)c3)C(=O)C2(C)C)cc1F
CHEMBL5813003,COC(=O)Nc1cnn(C[C@](C)(O)C(=O)Nc2ccc(C#N)c(C(F)(F)F)c2)c1
CHEMBL5817717,C[C@]12C=CC(=O)C=C1CC[C@@H]1[C@@H]2[C@@H](O)C[C@@]2(C)[C@H]1C[C@H]1O[C@@H](c3ccc(CSc4cccc(N)c4)cc3)O[C@]12C(=O)CO
CHEMBL5818111,C[C@](O)(CBr)C(=O)Nc1ccc2ncncc2c1
CHEMBL5819730,C[C@](O)(CBr)C(=O)Nc1ccc(C#N)nc1
CHEMBL5823482,CC(C)Oc1ccc(Nc2ncnc3c2CCN(c2ccc(C#N)c(C(F)(F)F)c2)C3)cc1
CHEMBL5823551,CC(C)(O)c1sc(Nc2ncnc3c2CCN(c2ccc(C#N)c(C(F)(F)F)c2)C3)nc1C(F)(F)F
CHEMBL5826812,C[C@@H](c1ccc([C@@H]2O[C@@H]3C[C@H]4[C@@H]5C[C@H](F)C6=CC(=O)C=C[C@]6(C)[C@@]5(F)[C@@H](O)C[C@]4(C)[C@]3(C(=O)CO)O2)cc1)c1cccc(N)c1
CHEMBL5828504,N#Cc1ccc(N2CCc3c(ncnc3Nc3ncc(C(=O)NCC(F)(F)F)nn3)C2)cc1C(F)(F)F
CHEMBL5828693,C[C@]12C=CC(=O)C=C1[C@@H](F)C[C@H]1[C@@H]3C[C@H]4O[C@@H](c5ccc(Cc6ccc(N)cc6)cc5)O[C@@]4(C(=O)CO)[C@@]3(C)C[C@H](O)[C@@]12F
CHEMBL5830527,CC(C)(COc1ccc(Nc2ncnc3c2CCN(c2ccc(C#N)c(C(F)(F)F)c2)C3)cn1)n1cnnn1
CHEMBL5832037,CC1(C)C(=O)N(c2ccc(C#N)c(C(F)(F)F)c2)C(=S)N1c1ccc(CNC(=O)c2ncc[nH]2)c(F)c1
CHEMBL5833959,C[C@]12C=CC(=O)C=C1[C@@H](F)C[C@H]1[C@@H]3C[C@H]4O[C@@H](c5ccc(Oc6ccc(N)cc6)c(O)c5)O[C@@]4(C(=O)CO)[C@@]3(C)C[C@H](O)[C@@]12F
CHEMBL5836242,CC1(C)C(=O)N(c2ccc(C#N)c(C(F)(F)F)c2)C(=S)N1c1ccc(CNC(=O)c2cncs2)cc1
CHEMBL583625,C[C@]12Cn3cnc(-c4ccc(F)cc4)c3C=C1CCC[C@@H]2[C@](C)(O)c1cccnc1
CHEMBL583629,C=CC[C@H](O)C1CCCC2=Cc3c(cnn3-c3ccc(F)cc3)C[C@@]21C
CHEMBL5838126,C[C@H](CNC(=O)c1csc(CC#N)n1)n1ccc(-c2cc(F)c(C#N)c(F)c2)n1
CHEMBL583859,C[C@]12Cn3cnc(-c4ccc(F)cc4)c3C=C1CCC[C@@H]2[C@](C)(O)c1ccccn1
CHEMBL584258,C[C@]12Cn3cnc(-c4ccc(F)cc4)c3C=C1CCC[C@@H]2[C@](C)(O)c1cccs1
CHEMBL5842617,Cn1ccnc1C(=O)NCc1ccc(N2C(=S)N(c3ccc(C#N)c(C(F)(F)F)c3)C(=O)C2(C)C)cc1F
CHEMBL5842693,Cc1c(-c2ccn(C[C@H](C)NC(=O)c3csc(C(C)O)n3)n2)ccc(C#N)c1Cl
CHEMBL5843780,C[C@@H](n1ccc2c(C(F)(F)F)c(C#N)ccc21)C(C)(C)O
CHEMBL584522,C[C@]12Cn3cnc(-c4ccc(F)cc4)c3C=C1CCC[C@@H]2[C@](C)(O)C1CC1
CHEMBL5846169,Cc1cc2c(C(F)(F)F)c(C#N)ccc2n1C(C)CO
CHEMBL5848152,
CHEMBL5850220,C[C@H](Nc1ccc([C@@H]2O[C@@H]3C[C@H]4[C@@H]5CCC6=CC(=O)C=C[C@]6(C)[C@@]5(F)[C@@H](O)C[C@]4(C)[C@]3(C(=O)CO)O2)cn1)c1ccc(N)cc1
CHEMBL5850771,N#Cc1ccc(N2CCc3c(ncnc3Nc3ccc(S(=O)(=O)NC4CC4)cn3)C2)cc1C(F)(F)F
CHEMBL5851663,CC1(C)C(=O)N(c2cnc(C#N)c(C(F)(F)F)c2)C(=S)N1c1ccc(CNC(=O)c2ncccn2)c(Cl)c1
CHEMBL5852186,C[C@@H](NC(=O)c1sc(Nc2ncnc3c2CCN(c2ccc(C#N)c(C(F)(F)F)c2)C3)nc1C(F)(F)F)c1nnco1
CHEMBL5855411,CC(C)(NC(=O)c1ccc(Br)s1)C(=O)Nc1ccc(Br)cc1
CHEMBL5856542,CC1(C)C(=O)N(c2ccc(C#N)c(C(F)(F)F)c2)C(=O)N1c1ccc(CNC(=O)c2cccnc2)c(F)c1
CHEMBL5856601,C[C@](O)(CS(=O)(=O)c1ccc(F)cc1)C(=O)Nc1cc(C(F)(F)F)c(C#N)cn1
CHEMBL5858572,CCCC(C)(O)C(=O)Nc1ccnc(Br)c1
CHEMBL5859999,N#Cc1ccc(N2CCc3c(ncnc3Nc3ccc(CC(=O)NCC(F)(F)F)cn3)C2)cc1C(F)(F)F
CHEMBL5864988,CCCCC(O)(CCCC)C(=O)Nc1ccnc(Br)c1
CHEMBL5866203,Cn1cncc1C(=O)NCc1ccc(N2C(=S)N(c3ccc(C#N)c(C(F)(F)F)c3)C(=O)C2(C)C)cc1F
CHEMBL5868354,C[C@@H](Nc1ccc([C@@H]2O[C@@H]3C[C@H]4[C@@H]5CCC6=CC(=O)C=C[C@]6(C)[C@@]5(F)[C@@H](O)C[C@]4(C)[C@]3(C(=O)CO)O2)cn1)c1ccc(N)cc1
CHEMBL5868562,CC(C)(O)c1cnc(Nc2ncnc3c2CCN(c2ccc(C#N)c(Cl)c2)C3)cc1F
CHEMBL5870288,C[C@]12C=CC(=O)C=C1CC[C@H]1[C@@H]3C[C@H]4O[C@@H](c5ccc(Cc6cccc(N)c6)cc5)O[C@@]4(C(=O)CO)[C@@]3(C)C[C@H](O)[C@@]12F
CHEMBL5870475,C[C@]12C=CC(=O)C=C1[C@@H](F)C[C@H]1[C@@H]3C[C@H]4O[C@@H](c5ccc(Cc6ccc(Cl)c(N)c6)cc5)O[C@@]4(C(=O)CO)[C@@]3(C)C[C@H](O)[C@@]12F
CHEMBL5870705,CC(C)(O)C1CCN(C(=O)c2coc(Nc3ncnc4c3CCN(c3ccc(C#N)c(C(F)(F)F)c3)C4)n2)CC1
CHEMBL5871247,C[C@](O)(CBr)C(=O)Nc1cnc(C#N)c(C(F)(F)F)c1
CHEMBL5872527,COc1ccc(Nc2ncnc3c2CCN(c2ccc(C#N)c(C(F)(F)F)c2)C3)cc1
CHEMBL5875205,Cc1ncsc1C(=O)NCc1ccc(N2C(=S)N(c3ccc(C#N)c(F)c3)C(=O)C2(C)C)cc1F
CHEMBL5875641,C[C@]12C=CC(=O)C=C1[C@@H](F)C[C@H]1[C@@H]3C[C@H]4O[C@@H](c5ccc(CSc6ccc(N)c(Cl)c6)cc5)O[C@@]4(C(=O)CO)[C@@]3(C)C[C@H](O)[C@@]12F
CHEMBL5875680,C[C@]12C=CC(=O)C=C1[C@@H](F)C[C@H]1[C@@H]3C[C@H]4O[C@@H](c5ccc(Oc6ccc(N)cc6)cc5)O[C@@]4(C(=O)CO)[C@@]3(C)C[C@H](O)[C@@]12F
CHEMBL5877870,C[C@](O)(CS(=O)(=O)c1ccc(F)cc1)C(=O)Nc1ccc(NC(=O)CCl)c(C(F)(F)F)c1
CHEMBL5878202,Cn1ccnc1C(=O)NCc1ccc(N2C(=O)N(c3ccc(C#N)c(C(F)(F)F)c3)C(=O)C2(C)C)cc1F
CHEMBL5883298,CC(C)(Cn1cc(F)cn1)C(=O)Nc1cc(C(F)(F)F)c(C#N)cc1I
CHEMBL5884935,CC1(C)C(=O)N(c2ccc(C#N)c(C(F)(F)F)c2)C(=S)N1c1ccc(CNC(=O)c2ccccn2)c(F)c1
CHEMBL5887719,CC(C)(COc1ncc(Nc2ncnc3c2CCN(c2ccc(C#N)c(C(F)(F)F)c2)C3)cc1Cl)n1cnnn1
CHEMBL5887736,C[C@](O)(CS(=O)(=O)c1ccc(F)cc1)C(=O)Nc1cncc(C(F)(F)F)c1
CHEMBL5888346,N#Cc1ccc(N2CCc3c(ncnc3Nc3ccc(NC(=O)CC(F)(F)F)cn3)C2)cc1C(F)(F)F
CHEMBL5889387,C[C@](O)(Cn1cc(N)cn1)C(=O)Nc1ccc(C#N)c(C(F)(F)F)c1
CHEMBL589158,Cc1cccc(SCc2cc(=O)oc3cc(O)ccc23)n1
CHEMBL5893167,N#Cc1ccc(-c2ccn(CCNC(=O)c3cc(-c4cccnc4)n[nH]3)n2)cc1C#N
CHEMBL5893645,C[C@](O)(CS(=O)(=O)c1ccc(F)cc1)C(=O)Nc1cnc(C#N)c(C(F)(F)F)c1
CHEMBL5894505,CC(C)(O)c1cnc(Nc2ncnc3c2CCN(c2ccc(C#N)c(C(F)(F)F)c2)C3)cc1F
CHEMBL5895928,N#Cc1ccc(N2CCc3c(ncnc3Nc3ccc(C(=O)NCC(F)F)nc3)C2)cc1C(F)(F)F
CHEMBL5899165,O=C(NCCc1ccc(-c2ccc(Cl)c(Cl)c2)o1)c1cc(C(=O)N2CCOCC2)n[nH]1
CHEMBL5899179,N#Cc1ccc(N2CCc3c(ncnc3Nc3ccc(C4(O)CC4)cn3)C2)cc1C(F)(F)F
CHEMBL5901366,C[C@@H](n1ccc2c(Cl)c(C#N)ccc21)[C@](C)(O)C(F)(F)F
CHEMBL5902078,Cc1ncsc1C(=O)NCc1ccc(N2C(=S)N(c3ccc(C#N)c(C(F)(F)F)c3)C(=O)C2(C)C)cc1Cl
CHEMBL5902603,CC(C)(NC(=O)c1ccc(Cl)s1)C(=O)Nc1ccc(Cl)cc1
CHEMBL5902676,N#Cc1ccc(N2CCc3c(ncnc3Nc3ccc(C(=O)NCC(F)(F)F)nn3)C2)cc1C(F)(F)F
CHEMBL5903579,CC(C)Oc1ccc(Nc2ncnc3c2CCN(c2ccc(C#N)c(C(F)(F)F)c2)C3)cn1
CHEMBL5905151,C[C@]12C=CC(=O)C=C1[C@@H](F)C[C@H]1[C@@H]3C[C@H]4O[C@@H](c5ccc(CSc6ccc(Cl)c(N)c6)cc5)O[C@@]4(C(=O)CO)[C@@]3(C)C[C@H](O)[C@@]12F
CHEMBL5905337,CCCC(C)(O)C(=O)Nc1ccnc(C(=O)OC)c1
CHEMBL5905741,CC(=O)c1cc(C(=O)NC[C@H](C)n2ccc(-c3cc(F)c(C#N)c(F)c3)n2)[nH]n1
CHEMBL5906677,N#Cc1ccc(N2CCc3c(ncnc3Nc3ccc(C(=O)NCC(F)(F)F)cn3)C2)cc1C(F)(F)F
CHEMBL5911549,COc1ccc(CCC(C)(O)C(=O)Nc2ccnc(Br)c2)cc1
CHEMBL591628,CCOc1cc(C2Nc3cccc4cccc(c34)N2)ccc1O
CHEMBL5918252,C[C@@H](Cn1ccc(-c2ccc(C#N)c(Cl)c2)n1)NC(=O)c1cc(CCO)n[nH]1
CHEMBL5918890,N#Cc1ccc(N2CCc3c(ncnc3Nc3ccc(C(=O)N[C@H]4CC[C@H](O)CC4)nn3)C2)cc1Cl
CHEMBL5919354,CC(C)C(=O)NCc1ccc(N2C(=O)N(c3ccc(C#N)c(C(F)(F)F)c3)C(=O)C2(C)C)cc1F
CHEMBL5919566,Cc1ncsc1C(=O)NCc1ccc(N2C(=S)N(c3ccc(C#N)c(C(F)(F)F)c3)C(=O)C2(C)C)cc1F
CHEMBL592043,O=c1oc2cc(O)ccc2c(C(F)(F)F)c1Cc1ccccc1
CHEMBL5925049,N#Cc1ccc(N2CCc3c(ncnc3Nc3ccc(C(=O)NCC(F)F)cn3)C2)cc1C(F)(F)F
CHEMBL5925743,CC(C)(O)C1CCN(C(=O)c2cnc(Nc3ncnc4c3CCN(c3ccc(C#N)c(C(F)(F)F)c3)C4)o2)CC1
CHEMBL5926172,CCC(C(=O)OC)n1c(C)cc2c(C(F)(F)F)c(C#N)ccc21
CHEMBL5927140,N#Cc1ccc(N2CCc3c(ncnc3Nc3ccc(OCCn4ccnn4)nc3)C2)cc1C(F)(F)F
CHEMBL5929063,C[C@]12C=CC(=O)C=C1[C@@H](F)C[C@H]1[C@@H]3C[C@H]4O[C@@H](c5ccc(CSc6ccc(N)cc6)cc5)O[C@@]4(C(=O)CO)[C@@]3(C)C[C@H](O)[C@@]12F
CHEMBL5933549,C[C@H](Cn1ccc(-c2cc(F)c(C#N)c(F)c2)n1)NC(=O)c1csc(CC#N)n1
CHEMBL5934164,CC(C)(NC(=O)c1ccc(Br)s1)C(=O)Nc1ccc(Cl)c(F)c1
CHEMBL5934274,COc1cc(Cc2ccc([C@@H]3O[C@@H]4C[C@H]5[C@@H]6C[C@H](F)C7=CC(=O)C=C[C@]7(C)[C@@]6(F)[C@@H](O)C[C@]5(C)[C@]4(C(=O)CO)O3)cc2)ccc1N
CHEMBL5937331,Cn1nccc1C(=O)NCc1ccc(N2C(=S)N(c3ccc(C#N)c(C(F)(F)F)c3)C(=O)C2(C)C)cc1F
CHEMBL5937942,CC[C@H](Cn1ccc(-c2ccc(C#N)c(Cl)c2)n1)NC(=O)c1cc(C(C)O)n[nH]1
CHEMBL5939867,Cn1nccc1CCNC(=O)c1nnc(Nc2ncnc3c2CCN(c2ccc(C#N)c(C(F)(F)F)c2)C3)s1
CHEMBL5940618,CC1(C)C(=O)N(c2ccc(C#N)c(C(F)(F)F)c2)C(=S)N1c1ccc(CNC(=O)c2nccs2)c(F)c1
CHEMBL5947384,C[C@]12C=CC(=O)C=C1[C@@H](F)C[C@H]1[C@@H]3C[C@H]4O[C@@H](c5ccc(Cc6cccc(N)c6)cc5)O[C@@]4(C(=O)SCF)[C@@]3(C)C[C@H](O)[C@@]12F
CHEMBL5947801,CC1(C)C(=O)N(c2ccc(C#N)c(C(F)(F)F)c2)C(=S)N1c1ccc(CNC(=O)c2ncccn2)c(Cl)c1
CHEMBL5948275,CC(O)(CCc1ccccc1)C(=O)Nc1ccnc(Br)c1
CHEMBL594854,COc1ccccc1/C=C/C(=O)c1ccccc1O
CHEMBL5952580,Cc1nc(C(=O)N[C@@H](C)Cn2ccc(-c3ccc(C#N)c(Cl)c3)n2)c[nH]1
CHEMBL5954134,CC1(C)C(=O)N(c2ccc(C#N)c(C(F)(F)F)c2)C(=S)N1c1ccc(CNC(=O)C2CC2)c(F)c1
CHEMBL5955197,C[C@@H](NC(=O)c1nnc(Nc2ncnc3c2CCN(c2ccc(C#N)c(C(F)(F)F)c2)C3)s1)c1nnco1
CHEMBL5955311,C[C@](O)(CS(=O)(=O)c1ccc(F)cc1)C(=O)Nc1cc(C(F)(F)F)ccn1
CHEMBL5955804,O=C(NCc1ccc(-c2cccc(Cl)c2Cl)o1)c1cc(C(=O)N2CCOCC2)n[nH]1
CHEMBL5955869,C[C@H](c1ccc([C@@H]2O[C@@H]3C[C@H]4[C@@H]5C[C@H](F)C6=CC(=O)C=C[C@]6(C)[C@@]5(F)[C@@H](O)C[C@]4(C)[C@]3(C(=O)CO)O2)cc1)c1cccc(N)c1
CHEMBL5957057,N#Cc1ccc(N2CCc3c(ncnc3Nc3ccc(C(=O)NCC(F)F)nn3)C2)cc1C(F)(F)F
CHEMBL5958185,Cc1ccc(C(=O)NC(C)(C)C(=O)Nc2ccc(C#N)c(C(F)(F)F)c2)s1
CHEMBL5958599,C[C@H](CS(C)(=O)=O)n1ccc2c(C(F)(F)F)c(C#N)ccc21
CHEMBL5964984,Cc1ccccc1C(=O)NCc1ccc(N2C(=S)N(c3ccc(C#N)c(F)c3)C(=O)C2(C)C)cc1F
CHEMBL5965827,C[C@@H](Cn1ccc(-c2ccc(C#N)c(Cl)c2)n1)NC(=O)c1noc(CCO)n1
CHEMBL5966371,CC(C)(O)c1ccc(Nc2ncnc3c2CCN(c2ccc(C#N)c(C(F)(F)F)c2)C3)nn1
CHEMBL5968577,Cc1noc(C(=O)N[C@@H](C)Cn2ccc(-c3ccc(C#N)c(Cl)c3)n2)n1
CHEMBL5972389,C[C@]12C=CC(=O)C=C1[C@@H](F)C[C@H]1[C@@H]3C[C@H]4O[C@@H](c5ccc(Cc6cccc(N)c6)cc5)O[C@@]4(C(=O)CO)[C@@]3(C)C[C@H](O)[C@@]12F
CHEMBL5973112,CC(C)(COc1ncc(Nc2ncnc3c2CCN(c2ccc(C#N)c(C(F)(F)F)c2)C3)cc1F)n1cnnn1
CHEMBL5973220,Cc1ncsc1C(=O)NCc1ccc(N2C(=S)N(c3ccc(C#N)c(C(F)(F)F)c3)C(=O)C23CCC3)cc1F
CHEMBL5976862,N#Cc1ccc(N2CCc3c(ncnc3Nc3ccc(NC(=O)OCC(F)(F)F)cn3)C2)cc1C(F)(F)F
CHEMBL5977080,CC(=O)Nc1ccc(N2C(=S)N(c3cnc(C#N)c(C(F)(F)F)c3)C(=O)C23CCC3)cc1F
CHEMBL5980559,CC1(C)C(=O)N(c2ccc(C#N)c(C(F)(F)F)c2)C(=S)N1c1ccc(CNC(=O)c2cccnc2)c(F)c1
CHEMBL5982655,C[C@]12C=CC(=O)C=C1[C@@H](F)C[C@H]1[C@@H]3C[C@H]4O[C@@H](c5ccc(Sc6cccc(N)c6)cc5)O[C@@]4(C(=O)CO)[C@@]3(C)C[C@H](O)[C@@]12F
CHEMBL5983903,C[C@]12C=CC(=O)C=C1CC[C@H]1[C@@H]3C[C@H]4O[C@@H](c5ccc(NCc6ccc(N)cc6)nc5)O[C@@]4(C(=O)CO)[C@@]3(C)C[C@H](O)[C@@]12F
CHEMBL5989985,C[C@@H](NC(=O)c1ccc(Nc2ncnc3c2CCN(c2ccc(C#N)c(C(F)(F)F)c2)C3)nc1)c1nnc(C(F)(F)F)o1
CHEMBL5992414,CC(=O)Nc1ccc(N2C(=S)N(c3ccc(C#N)c(C(F)(F)F)c3)C(=O)C23CCC3)cc1F
CHEMBL5996512,CC(C)(COc1ccc(Nc2ncnc3c2CCN(c2ccc(C#N)c(C(F)(F)F)c2)C3)nc1)n1cnnn1
CHEMBL5997238,CC1(C)C(=O)N(c2cnc(C#N)c(C(F)(F)F)c2)C(=S)N1c1ccc(CNC(=O)c2cncs2)c(Cl)c1
CHEMBL5998220,C[C@H](n1ccc2c(Cl)c(C#N)ccc21)C(C)(C)O
CHEMBL5999681,CC(C)(O)c1ccc(Nc2ncnc3c2CCN(c2ccc(C#N)c(C(F)(F)F)c2)C3)nc1
CHEMBL6006466,Cn1nccc1CCOc1ccc(Nc2ncnc3c2CCN(c2ccc(C#N)c(C(F)(F)F)c2)C3)cc1
CHEMBL6006981,CCc1noc(C(=O)N[C@@H](C)Cn2ccc(-c3ccc(C#N)c(Cl)c3)n2)n1
CHEMBL6008096,N#Cc1ccc(N2CCc3c(ncnc3Nc3ccc(C4(O)CCC4)c(F)n3)C2)cc1Cl
CHEMBL6008377,Cn1nccc1C(=O)NCc1ccc(N2C(=S)N(c3ccc(C#N)c(C(F)(F)F)c3)C(=O)C23CCC3)cc1F
CHEMBL6010821,CC(C)(O)CNC(=O)c1cnc(Nc2ncnc3c2CCN(c2ccc(C#N)c(C(F)(F)F)c2)C3)cn1
CHEMBL6014693,C[C@@H](Cn1ccc(-c2ccc(C#N)c(Cl)c2)n1)NC(=O)c1csc(CCO)n1
CHEMBL6016357,CC(C)(O)c1ccc(Nc2ncnc3c2CCN(c2ccc(C#N)c(C(F)(F)F)c2)C3)nc1F
CHEMBL6018925,Cc1ccccc1C1CC2CCC(C1)N2C(=O)CCCc1c(C)noc1C
CHEMBL6027545,CC(C)(COc1ncc(Nc2ncnc3c2CCN(c2ccc(C#N)c(C(F)(F)F)c2)C3)cc1F)n1ccnn1
CHEMBL6029660,CC1(C)C(=O)N(c2ccc(C#N)c(C(F)(F)F)c2)C(=O)N1c1ccc(CNC(=O)c2ccccn2)c(F)c1
CHEMBL6030096,C[C@]12C=CC(=O)C=C1CC[C@H]1[C@@H]3C[C@H]4O[C@@H](c5ccc(NC6(c7ccc(N)cc7)CC6)nc5)O[C@@]4(C(=O)CO)[C@@]3(C)C[C@H](O)[C@@]12F
CHEMBL6030556,CC1(C)C(=O)N(c2ccc(C#N)c(C(F)(F)F)c2)C(=S)N1c1ccc(CNC(=O)c2cnco2)c(F)c1
CHEMBL6036898,CC(C)(O)CNC(=O)c1ccc(Nc2ncnc3c2CCN(c2ccc(C#N)c(C(F)(F)F)c2)C3)nn1
CHEMBL6040288,N#Cc1ccc(N2CCc3c(ncnc3Nc3ccc(C(=O)NCc4nc(C(F)(F)F)cs4)cn3)C2)cc1C(F)(F)F
CHEMBL6040343,CC(C)(O)c1ccc(Nc2ncnc3c2CCN(c2ccc(C#N)c(Cl)c2)C3)nc1F
CHEMBL6043805,CC(C)(C)OC(=O)Nc1cnn(C[C@](C)(O)C(=O)Nc2ccc(C#N)c(C(F)(F)F)c2)c1
CHEMBL6045921,CC1(C)C(=O)N(c2ccc(C#N)c(C(F)(F)F)c2)C(=O)N1c1ccc(CNC(=O)C2CC2)c(F)c1
CHEMBL6050072,C[C@]12C=CC(=O)C=C1[C@@H](F)C[C@H]1[C@@H]3C[C@H]4O[C@@H](c5ccc(Sc6ccc(Cl)c(N)c6)cc5)O[C@@]4(C(=O)CO)[C@@]3(C)C[C@H](O)[C@@]12F
CHEMBL6050965,C[C@@H](Cn1ccc(-c2ccc(C#N)c(Cl)c2)n1)NC(=O)c1nc(-c2cccnc2)no1
CHEMBL6051653,C[C@@H](c1ccc(N)cc1)c1ccc([C@@H]2O[C@@H]3C[C@H]4[C@@H]5C[C@H](F)C6=CC(=O)C=C[C@]6(C)[C@@]5(F)[C@@H](O)C[C@]4(C)[C@]3(C(=O)CO)O2)cc1
CHEMBL6053594,CC(C)(O)CNC(=O)c1cnc(Nc2ncnc3c2CCN(c2ccc(C#N)c(C(F)(F)F)c2)C3)nc1
CHEMBL6059354,Cc1ncsc1C(=O)NCc1ccc(N2C(=S)N(c3cccc(C(F)(F)F)c3)C(=O)C2(C)C)cc1F
CHEMBL6059706,C[C@]12C=CC(=O)C=C1[C@@H](F)C[C@H]1[C@@H]3C[C@H]4O[C@@H](c5ccc(Cc6cccc(N)c6)cc5)O[C@@]4(C(=O)O)[C@@]3(C)C[C@H](O)[C@@]12F
CHEMBL6060931,CCCc1cc2c(C(F)(F)F)c(C#N)ccc2n1CC(C)(C)O
CHEMBL62227,CC1=CC(C)(C)Nc2ccc3c(c21)COc1c(F)cc(C#N)cc1-3
CHEMBL62700,CC1=CC(C)(C)Nc2ccc3c(c21)/C(=C/Br)Oc1ccc(F)cc1-3
CHEMBL62761,CC1=CC(C)(C)Nc2ccc3c(c21)COc1c(F)cc(Br)cc1-3
CHEMBL62981,CC/C(C)=C1\Oc2ccc(F)cc2-c2ccc3c(c21)C(C)=CC(C)(C)N3
CHEMBL63560,C[C@](O)(CS(=O)(=O)c1ccc(F)cc1)C(=O)Nc1ccc(C#N)c(C(F)(F)F)c1
CHEMBL63788,CC1CC(C)(C)Nc2ccc3c(c21)COc1c(F)cc(F)cc1-3
CHEMBL63870,CC1=CC(C)(C)Nc2ccc3c(c21)COc1ccc(Br)cc1-3
CHEMBL64123,CC1=CC(C)(C)Nc2ccc3c(c21)COc1ccc(Cl)cc1-3
CHEMBL64294,CC1=CC(C)(C)Nc2ccc3c(c21)COc1ccc([N+](=O)[O-])cc1-3
CHEMBL65021,COc1cccc2c1-c1ccc(NS(C)(=O)=O)cc1C(c1ccccc1)O2
CHEMBL65079,CC1=CC(C)(C)Nc2ccc3c(c21)COc1ccc(F)cc1-3
CHEMBL65221,CS(=O)(=O)Nc1ccc2c(c1)C(c1ccccc1)Oc1cccc(OC(F)F)c1-2
CHEMBL6530,CCC1CCN(C)c2cc3oc(=O)cc(C(F)(F)F)c3cc21
CHEMBL65354,COc1cccc2c1-c1ccc(NS(C)(=O)=O)cc1C(c1cccc(F)c1)O2
CHEMBL65657,COc1cccc2c1-c1ccc(NS(C)(=O)=O)cc1C(c1ccc(F)cc1)O2
CHEMBL65690,CC(C)=C/C=C1\Oc2ccc(F)cc2-c2ccc3c(c21)C(C)=CC(C)(C)N3
CHEMBL65695,COc1cccc2c1-c1ccc(NS(C)(=O)=O)cc1C(c1cccc(Cl)c1)O2
CHEMBL65743,CC1=CC(C)(C)Nc2ccc3c(c21)COc1c(F)cc(Cl)cc1-3
CHEMBL65868,COc1cccc2c1-c1ccc(NS(C)(=O)=O)cc1C(c1ccc(C)cc1)O2
CHEMBL65929,CC1=CC(C)(C)Nc2ccc3c(c21)C(=C1SCCCS1)Oc1ccc(F)cc1-3
CHEMBL6654,CCC1Nc2cc3oc(=O)cc(C(F)(F)F)c3cc2CC1C
CHEMBL66598,CCOc1cccc2c1-c1ccc(NS(C)(=O)=O)cc1C(c1ccccc1)O2
CHEMBL66761,O=c1[nH]nc(Cc2ccccc2)c2ccccc12
CHEMBL6689,CC[C@H]1Nc2cc3nc(O)cc(C(F)(F)F)c3cc2CC1(C)C
CHEMBL6721,CCC1CC(CC)c2cc3c(C(F)(F)F)cc(=O)oc3cc2N1
CHEMBL6843,CCC1CCNc2cc3oc(=O)cc(C(F)(F)F)c3cc21
CHEMBL6855,CCCC1CCNc2cc3oc(=O)cc(C(F)(F)F)c3cc21
CHEMBL6874,CC1(C)CCc2cc3c(C(F)(F)F)cc(O)nc3cc2N1
CHEMBL6959,CC[C@H]1Cc2cc3c(C(F)(F)F)cc(O)nc3cc2N[C@@H]1CC
CHEMBL6983,C[C@H]1Cc2cc3c(C(F)(F)F)cc(O)nc3cc2N[C@@H]1C
CHEMBL70381,Cc1c(NS(C)(=O)=O)cccc1N(Cc1ccccc1)Cc1ccc(Cl)cc1F
CHEMBL7053,CC[C@H]1Cc2cc3c(C(F)(F)F)cc(O)nc3cc2N[C@@H]1C
CHEMBL7058,C[C@@H]1Cc2cc3c(C(F)(F)F)cc(O)nc3cc2N[C@@H]1C
CHEMBL7089,CC[C@H]1Nc2cc3nc(O)cc(C(F)(F)F)c3cc2C[C@H]1C
CHEMBL717,CC(=O)O[C@]1(C(C)=O)CC[C@H]2[C@@H]3C[C@H](C)C4=CC(=O)CC[C@]4(C)[C@H]3CC[C@@]21C
CHEMBL7177,CC[C@@H]1CCc2cc3c(C(F)(F)F)cc(O)nc3cc2N1
CHEMBL7231,CCC[C@H]1Cc2cc3c(C(F)(F)F)cc(O)nc3cc2N[C@@H]1CC
CHEMBL7289,CC1(C)CCc2cc3c(C(F)(F)F)cc(=O)oc3cc2N1
CHEMBL7373,CC[C@@H]1C[C@H](C)c2cc3c(C(F)(F)F)cc(O)nc3cc2N1
CHEMBL7383,CC[C@@H]1C[C@H](CC)c2cc3c(C(F)(F)F)cc(O)nc3cc2N1
CHEMBL7421,CC[C@@H]1Cc2cc3c(C(F)(F)F)cc(O)nc3cc2N[C@@H]1CC
CHEMBL7455,CC[C@H]1Nc2cc3nc(O)cc(C(F)(F)F)c3cc2C[C@@H]1C
CHEMBL75897,O=C1CC(c2ccccc2O)Oc2ccccc21
CHEMBL7671,C#Cc1cccc2c1-c1ccc3c(c1C(CC=C)O2)C(C)=CC(C)(C)N3
CHEMBL77779,Oc1ccc2c(c1)CC[C@@H]1C[C@@](O)(C#CCl)CC[C@@]21Cc1ccccc1
CHEMBL78625,CC#C[C@@]1(O)CC[C@@]2(Cc3ccccc3)c3ccc(O)cc3CC[C@@H]2C1
CHEMBL78646,O=C1C=C2CCc3cc(O)ccc3[C@]2(Cc2ccccc2)CC1
CHEMBL78704,CC#C[C@]1(O)CCC2C3CCC4=CC(=O)CC[C@]4(Cc4ccc(C)cc4)C3=CC[C@@]21C
CHEMBL78807,COc1ccc2c(c1)CCC1=CC(=O)CC[C@]12Cc1ccccc1
CHEMBL79335,C=CCC[C@H](O)[C@H]1CCCC2=Cc3c(cnn3-c3ccc(F)cc3)C[C@@]21C
CHEMBL79807,C[C@]12Cc3cnn(-c4ccc(F)cc4)c3C=C1CCC[C@@H]2[C@@H](O)c1ccc(F)cc1
CHEMBL806,CC(C)C(=O)Nc1ccc([N+](=O)[O-])c(C(F)(F)F)c1
CHEMBL81591,C[C@]12Cc3cnn(-c4ccc(F)cc4)c3C=C1CCC[C@@H]2[C@@H](O)c1ccccc1
CHEMBL8209,C=CCC1Oc2cccc(C#N)c2-c2ccc3c(c21)C(C)=CC(C)(C)N3
CHEMBL82307,COc1ccc2c(c1)CCC1=CC(=O)CC[C@@]12Cc1ccccc1
CHEMBL8394,C=CCC1Oc2cccc(SC)c2-c2ccc3c(c21)C(C)=CC(C)(C)N3
CHEMBL846,C=C1/C(=C\C=C2/CCC[C@]3(C)[C@@H]([C@H](C)CCCC(C)(C)O)CC[C@@H]23)C[C@@H](O)C[C@@H]1O
CHEMBL8639,C=CCC1Oc2ccccc2-c2ccc3c(c21)C(C)=CC(C)(C)N3
CHEMBL89136,CCCCN(CCCC)c1ccc(/C=C2\C(=O)ON=C2c2ccccc2)cc1
CHEMBL89437,O=C1ON=C(c2ccccc2F)/C1=C/c1ccc(N2CCCC2)cc1
CHEMBL9337,CC1(C)C(=O)N(c2ccc(C#N)c(C(F)(F)F)c2)C(=O)N1CCCCO
CHEMBL95644,COc1cccc2c1-c1ccc3c(c1C(c1cccc(C(F)(F)F)c1)O2)C(C)=CC(C)(C)N3
CHEMBL97206,COc1cccc2c1-c1ccc3c(c1C(c1cccc(OCSC)c1)O2)C(C)=CC(C)(C)N3
CHEMBL99046,COc1cccc2c1-c1ccc3c(c1C(c1ccccc1)O2)C(C)=CC(C)(C)N3
