molecule_chembl_id,target_chembl_id,pchembl_value,year,label,smiles,split
CHEMBL101907,CHEMBL1871,5.6850000000000005,1998,5.6850000000000005,CC1=CC(C)(C)Nc2ccc3c(c21)C(c1cc(C)cc(Br)c1)Oc1ccccc1-3,train
CHEMBL101914,CHEMBL1871,5.93,1998,5.93,CC1=CC(C)(C)Nc2ccc3c(c21)C(c1ccccc1)Oc1ccccc1-3,train
CHEMBL102403,CHEMBL1871,5.77,1998,5.77,CC1=CC(C)(C)Nc2ccc3c(c21)C(c1ccc(C)cc1)Oc1ccccc1-3,train
CHEMBL102541,CHEMBL1871,5.775,1998,5.775,CC1=CC(C)(C)Nc2ccc3c(c21)C(c1cc(Cl)cc(Cl)c1)Oc1ccccc1-3,train
CHEMBL102720,CHEMBL1871,5.79,1998,5.79,CC1=CC(C)(C)Nc2ccc3c(c21)C(c1ccc(Cl)c(C)c1)Oc1ccccc1-3,train
CHEMBL102754,CHEMBL1871,5.75,1998,5.75,CC1=CC(C)(C)Nc2ccc3c(c21)C(c1ccc(Cl)c(F)c1)Oc1ccccc1-3,train
CHEMBL103,CHEMBL1871,7.86,1996,7.86,CC(=O)[C@H]1CC[C@H]2[C@@H]3CCC4=CC(=O)CC[C@]4(C)[C@H]3CC[C@]12C,test
CHEMBL103092,CHEMBL1871,5.855,1998,5.855,CC1=CC(C)(C)Nc2ccc3c(c21)C(c1ccc(C)c(F)c1)Oc1ccccc1-3,train
CHEMBL103232,CHEMBL1871,5.66,1998,5.66,CC1=CC(C)(C)Nc2ccc3c(c21)C(c1ccc(Br)cc1)Oc1ccccc1-3,train
CHEMBL10560,CHEMBL1871,6.38,2009,6.38,CC#C[C@@]1(O)CC[C@@]2(CC)c3ccc(O)cc3CC[C@@H]2C1,train
CHEMBL105912,CHEMBL1871,3.599299732333164,2010,3.599299732333164,CC(=O)CCc1ccc(O)cc1,train
CHEMBL1076438,CHEMBL1871,5.0,2009,5.0,CC1(C)[C@H](O)CC[C@]2(C)[C@@]3(C)c4[nH]c5ccccc5c4C[C@@H]3CC[C@@]12O,test
CHEMBL1082407,CHEMBL1871,6.47,2013,6.47,CNC(=O)c1ccc(N2C(=S)N(c3ccc(C#N)c(C(F)(F)F)c3)C(=O)C2(C)C)cc1F,test
CHEMBL1082723,CHEMBL1871,4.522878745280337,2010,4.522878745280337,C[C@H]1Cc2c([nH]c3cc(Cl)c(F)cc23)[C@@]2(N1)C(=O)Nc1ccc(Cl)cc12,train
CHEMBL1082780,CHEMBL1871,5.6,2010,5.6,O=S(=O)(Nc1ccc(-c2ccc3c(cnn3-c3ccc(F)cc3)c2)c(C(F)(F)F)c1)c1ccsc1,train
CHEMBL1082837,CHEMBL1871,5.0,2010,5.0,CC(C)NS(=O)(=O)c1ccc(-c2ccc3c(cnn3-c3ccc(F)cc3)c2)c(C(F)(F)F)c1,train
CHEMBL1083149,CHEMBL1871,5.0,2010,5.0,O=S(=O)(Nc1ccccc1)c1ccc(-c2ccc3c(cnn3-c3ccc(F)cc3)c2)c(C(F)(F)F)c1,train
CHEMBL1083253,CHEMBL1871,5.0,2010,5.0,Fc1ccc(-n2ncc3cc(-c4ccccc4)ccc32)cc1,train
CHEMBL1083487,CHEMBL1871,5.0,2010,5.0,CN(c1ccccc1)S(=O)(=O)c1ccc(-c2ccc3c(cnn3-c3ccc(F)cc3)c2)c(C(F)(F)F)c1,train
CHEMBL1083709,CHEMBL1871,5.0,2010,5.0,CC(C)S(=O)(=O)Nc1ccc(-c2ccc3c(cnn3-c3ccc(F)cc3)c2)c(C(F)(F)F)c1,train
CHEMBL1083754,CHEMBL1871,5.0,2010,5.0,CNC(=O)Cn1cc(C2CC2)c(Oc2ccc(C#N)cc2)c1C1CC1,test
CHEMBL1083783,CHEMBL1871,5.2,2010,5.2,O=S(=O)(Nc1ccc(-c2ccc3c(cnn3-c3ccc(F)cc3)c2)c(C(F)(F)F)c1)c1ccccc1,train
CHEMBL1083784,CHEMBL1871,5.0,2010,5.0,CC(C)(C)c1ccc(S(=O)(=O)Nc2ccc(-c3ccc4c(cnn4-c4ccc(F)cc4)c3)c(C(F)(F)F)c2)cc1,train
CHEMBL1083885,CHEMBL1871,5.0,2010,5.0,Oc1cccc(-c2ccc3c(cnn3-c3ccc(F)cc3)c2)c1,train
CHEMBL1084013,CHEMBL1871,5.5,2010,5.5,COc1cccc(S(=O)(=O)Nc2ccc(-c3ccc4c(cnn4-c4ccc(F)cc4)c3)c(C(F)(F)F)c2)c1,train
CHEMBL1084014,CHEMBL1871,5.4,2010,5.4,O=S(=O)(Nc1ccc(-c2ccc3c(cnn3-c3ccc(F)cc3)c2)c(C(F)(F)F)c1)c1cccc(C(F)(F)F)c1,train
CHEMBL1084072,CHEMBL1871,5.0,2010,5.0,CCOc1cccc(-c2ccc3c(cnn3-c3ccc(F)cc3)c2)c1,train
CHEMBL1084344,CHEMBL1871,5.0,2010,5.0,Oc1ccc(-c2ccc3c(cnn3-c3ccc(F)cc3)c2)cc1,train
CHEMBL1084360,CHEMBL1871,5.3,2010,5.3,CS(=O)(=O)Nc1ccc(-c2ccc3c(cnn3-c3ccc(F)cc3)c2)c(C(F)(F)F)c1,train
CHEMBL1084388,CHEMBL1871,5.0,2010,5.0,Fc1ccc(-n2ncc3cc(-c4ccccc4C(F)(F)F)ccc32)cc1,train
CHEMBL1084389,CHEMBL1871,5.0,2010,5.0,Fc1ccc(-n2ncc3cc(-c4cccc(C(F)(F)F)c4)ccc32)cc1,train
CHEMBL1084632,CHEMBL1871,5.5,2010,5.5,CCCS(=O)(=O)Nc1ccc(-c2ccc3c(cnn3-c3ccc(F)cc3)c2)c(C(F)(F)F)c1,train
CHEMBL1084716,CHEMBL1871,5.0,2010,5.0,CC(C)c1cc(C(C)C)c(S(=O)(=O)Nc2ccc(-c3ccc4c(cnn4-c4ccc(F)cc4)c3)c(C(F)(F)F)c2)c(C(C)C)c1,train
CHEMBL1084770,CHEMBL1871,5.301029995663981,2010,5.301029995663981,CCc1cn(CCO)c(CC)c1Oc1ccc(C#N)cc1,train
CHEMBL1084843,CHEMBL1871,7.025,2010,7.025,CSc1ccc(CN2CC(C)(C)[C@@H](Oc3ccc(C#N)c(C(F)(F)F)c3)C2=O)cc1,test
CHEMBL1085109,CHEMBL1871,5.0,2010,5.0,Cc1ccc(-c2ccc3c(cnn3-c3ccc(F)cc3)c2)cc1,train
CHEMBL1085110,CHEMBL1871,5.0,2010,5.0,CCOc1ccccc1-c1ccc2c(cnn2-c2ccc(F)cc2)c1,train
CHEMBL1085380,CHEMBL1871,5.2,2010,5.2,CCCNS(=O)(=O)c1ccc(-c2ccc3c(cnn3-c3ccc(F)cc3)c2)c(C(F)(F)F)c1,train
CHEMBL1085381,CHEMBL1871,5.2,2010,5.2,CC(C)CNS(=O)(=O)c1ccc(-c2ccc3c(cnn3-c3ccc(F)cc3)c2)c(C(F)(F)F)c1,train
CHEMBL1085593,CHEMBL1871,7.21,2010,7.21,CC1(C)CN(Cc2ccccc2)C(=O)[C@@H]1Oc1ccc(C#N)c(C(F)(F)F)c1,test
CHEMBL1085594,CHEMBL1871,6.765,2010,6.765,N#Cc1ccc(Oc2ccc(F)cc2F)cc1C(F)(F)F,train
CHEMBL1085609,CHEMBL1871,5.0,2010,5.0,Cc1cccc(-c2ccc3c(cnn3-c3ccc(F)cc3)c2)c1,train
CHEMBL1085625,CHEMBL1871,5.3,2010,5.3,CCS(=O)(=O)Nc1ccc(-c2ccc3c(cnn3-c3ccc(F)cc3)c2)c(C(F)(F)F)c1,train
CHEMBL1085819,CHEMBL1871,7.0600000000000005,2010,7.0600000000000005,CC1(C)CN(Cc2ccccc2F)C(=O)[C@@H]1Oc1ccc(C#N)c(C(F)(F)F)c1,test
CHEMBL1085853,CHEMBL1871,5.5,2010,5.5,CCNS(=O)(=O)c1ccc(-c2ccc3c(cnn3-c3ccc(F)cc3)c2)c(C(F)(F)F)c1,train
CHEMBL1085883,CHEMBL1871,6.85,2010,6.85,CC1(C)C(=O)N(c2ccc(C#N)c(C(F)(F)F)c2)C(=S)N1c1ccccc1,test
CHEMBL1085958,CHEMBL1871,5.0,2010,5.0,O=S(=O)(Nc1ccc(-c2ccc3c(cnn3-c3ccc(F)cc3)c2)c(C(F)(F)F)c1)c1cccc(OC(F)(F)F)c1,train
CHEMBL1086071,CHEMBL1871,5.0,2010,5.0,Fc1ccc(-n2ncc3cc(-c4ccc(C(F)(F)F)cc4)ccc32)cc1,train
CHEMBL1086086,CHEMBL1871,5.0,2010,5.0,O=S(=O)(NCCO)c1ccc(-c2ccc3c(cnn3-c3ccc(F)cc3)c2)c(C(F)(F)F)c1,train
CHEMBL1086115,CHEMBL1871,5.0,2010,5.0,CCN(c1ccccc1)S(=O)(=O)c1ccc(-c2ccc3c(cnn3-c3ccc(F)cc3)c2)c(C(F)(F)F)c1,train
CHEMBL1086116,CHEMBL1871,5.0,2010,5.0,CCCN(c1ccccc1)S(=O)(=O)c1ccc(-c2ccc3c(cnn3-c3ccc(F)cc3)c2)c(C(F)(F)F)c1,train
CHEMBL1086260,CHEMBL1871,5.0,2010,5.0,CC(C)N(c1ccccc1)S(=O)(=O)c1ccc(-c2ccc3c(cnn3-c3ccc(F)cc3)c2)c(C(F)(F)F)c1,train
CHEMBL1086261,CHEMBL1871,5.0,2010,5.0,CCCCN(c1ccccc1)S(=O)(=O)c1ccc(-c2ccc3c(cnn3-c3ccc(F)cc3)c2)c(C(F)(F)F)c1,train
CHEMBL1086311,CHEMBL1871,5.0,2010,5.0,N#Cc1ccccc1-c1ccc2c(cnn2-c2ccc(F)cc2)c1,train
CHEMBL1086312,CHEMBL1871,5.0,2010,5.0,N#Cc1cccc(-c2ccc3c(cnn3-c3ccc(F)cc3)c2)c1,train
CHEMBL1086313,CHEMBL1871,5.0,2010,5.0,N#Cc1ccc(-c2ccc3c(cnn3-c3ccc(F)cc3)c2)cc1,train
CHEMBL1086314,CHEMBL1871,5.0,2010,5.0,Cc1ccccc1-c1ccc2c(cnn2-c2ccc(F)cc2)c1,train
CHEMBL1086484,CHEMBL1871,5.0,2010,5.0,O=S(=O)(Cc1ccccc1)Nc1ccc(-c2ccc3c(cnn3-c3ccc(F)cc3)c2)c(C(F)(F)F)c1,train
CHEMBL1087512,CHEMBL1871,5.0,2009,5.0,CC1(C)C(=O)CC[C@]2(C)[C@@]3(C)c4[nH]c5ccccc5c4C[C@@H]3CC[C@@]12O,train
CHEMBL1090553,CHEMBL1871,3.378375356608747,2010,3.378375356608747,CC(=O)Cc1ccc(O)cc1,train
CHEMBL1094117,CHEMBL1871,5.301029995663981,2010,5.301029995663981,Cc1cc(C#N)c(C(F)(F)F)cc1N1C(=O)C(C)(C)N(CCCS(N)(=O)=O)C1=S,train
CHEMBL1094797,CHEMBL1871,6.14,2010,6.14,CCCC1=C(C(=O)OCC)[C@H](c2ccnc3ccccc23)C(C#N)=C(C)N1,test
CHEMBL1095097,CHEMBL1871,5.0,2010,5.0,COC(=O)[C@@H]1CC2=CC(=O)CC[C@]2(C)[C@@]23O[C@@H]2C[C@@]2(C)[C@@H](CC[C@@]24CCC(=O)O4)[C@H]13,train
CHEMBL1095223,CHEMBL1871,6.1,2010,6.1,CC1(C)C(=O)N(c2ccc(C#N)c(C(F)(F)F)c2)C(=S)N1CCCNC(N)=O,train
CHEMBL1095224,CHEMBL1871,6.11,2010,6.11,CC1(C)C(=O)N(c2ccc(C#N)c(C(F)(F)F)c2)C(=S)N1CCCNS(N)(=O)=O,train
CHEMBL1095861,CHEMBL1871,6.0,2010,6.0,CC1(C)C(=O)N(c2ccc(C#N)c(C(F)(F)F)c2)C(=S)N1CCCS(=O)(=O)O,train
CHEMBL1095862,CHEMBL1871,6.8,2010,6.8,CC1(C)C(=O)N(c2ccc(C#N)c(C(F)(F)F)c2)C(=S)N1CCCS(N)(=O)=O,train
CHEMBL1095863,CHEMBL1871,6.77,2010,6.77,CNS(=O)(=O)CCCN1C(=S)N(c2ccc(C#N)c(C(F)(F)F)c2)C(=O)C1(C)C,train
CHEMBL1095864,CHEMBL1871,6.265,2010,6.265,CN(C)S(=O)(=O)CCCN1C(=S)N(c2ccc(C#N)c(C(F)(F)F)c2)C(=O)C1(C)C,train
CHEMBL1097751,CHEMBL1871,6.61,2010,6.61,CC1=C(C#N)[C@@H](c2ccc(F)cc2Cl)C(C(=O)OC(C)(C)C)=C(C)N1,train
CHEMBL1097855,CHEMBL1871,6.12,2010,6.12,CC1(C)C(=O)N(c2ccc(C#N)c(C(F)(F)F)c2)C(=S)N1CCS(N)(=O)=O,train
CHEMBL1098171,CHEMBL1871,6.0,2010,6.0,CC1(C)C(=O)N(c2ccc(C#N)c(C(F)(F)F)c2)C(=S)N1CCCCS(N)(=O)=O,train
CHEMBL1098172,CHEMBL1871,5.301029995663981,2010,5.301029995663981,CC1(C)C(=O)N(c2ccc(C#N)cc2)C(=S)N1CCCS(N)(=O)=O,train
CHEMBL1098173,CHEMBL1871,6.52,2010,6.52,Cc1cc(N2C(=O)C(C)(C)N(CCCS(N)(=O)=O)C2=S)ccc1C#N,train
CHEMBL1098174,CHEMBL1871,5.72,2010,5.72,COc1cc(N2C(=O)C(C)(C)N(CCCS(N)(=O)=O)C2=S)ccc1C#N,train
CHEMBL1099083,CHEMBL1871,5.9,2010,5.9,COC(=O)C1=C(C)NC(C)=C(C(=O)OC(C)(C)C)[C@@H]1c1cccc([N+](=O)[O-])c1,train
CHEMBL1099086,CHEMBL1871,6.545,2010,6.545,CC1(C)C(=O)N(c2ccc(C#N)c(Cl)c2)C(=S)N1CCCS(N)(=O)=O,train
CHEMBL1099087,CHEMBL1871,6.27,2010,6.27,Cc1c(N2C(=O)C(C)(C)N(CCCS(N)(=O)=O)C2=S)ccc(C#N)c1C(F)(F)F,train
CHEMBL1099140,CHEMBL1871,7.82,2010,7.82,CN1C(=S)N(c2ccc(C#N)c(C(F)(F)F)c2)C(=O)C1(C)C,train
CHEMBL1099141,CHEMBL1871,5.7,2010,5.7,CC1(C)C(=O)N(c2ccc(C#N)c(C(F)(F)F)c2)C(=S)N1CCCC(=O)O,train
CHEMBL1099142,CHEMBL1871,6.4,2010,6.4,CC1(C)C(=O)N(c2ccc(C#N)c(C(F)(F)F)c2)C(=S)N1CCCC(N)=O,train
CHEMBL1099158,CHEMBL1871,6.0,2010,6.0,CC1(C)C(=O)N(c2ccc(C#N)c(C(F)(F)F)c2)C(=S)N1CCCc1nnn[nH]1,train
CHEMBL112987,CHEMBL1871,6.05,1998,6.05,CCCCC1Oc2ccc(Cl)cc2-c2ccc3c(c21)C(C)=CC(C)(C)N3,val
CHEMBL113332,CHEMBL1871,6.63,2018,6.63,COc1ccc(C=C2c3ccccc3C(=O)c3ccccc32)c(O)c1,train
CHEMBL114607,CHEMBL1871,5.83,1998,5.83,CC1=CC(C)(C)Nc2ccc3c(c21)C(CCC(C)C)Oc1ccccc1-3,val
CHEMBL114941,CHEMBL1871,6.04,1998,6.04,CCCCC1Oc2ccc(C)cc2-c2ccc3c(c21)C(C)=CC(C)(C)N3,val
CHEMBL116007,CHEMBL1871,6.34,1998,6.34,CC1=CC(C)(C)Nc2ccc3c(c21)C(C)Oc1ccc(F)cc1-3,val
CHEMBL116221,CHEMBL1871,6.16,1998,6.16,CCCOC1Oc2ccc(Cl)cc2-c2ccc3c(c21)C(C)=CC(C)(C)N3,val
CHEMBL1163480,CHEMBL1871,7.35,2010,7.35,O=C(CC(Nc1ccc([N+](=O)[O-])cc1)C1CCCCC1)c1ccc(Cl)cc1,train
CHEMBL1163481,CHEMBL1871,7.19,2010,7.19,O=C(CC(Nc1ccc([N+](=O)[O-])cc1)C1CCCCC1)c1ccc(F)cc1,train
CHEMBL1163484,CHEMBL1871,6.39,2010,6.39,COc1cccc(C(=O)CC(Nc2ccc([N+](=O)[O-])cc2)C2CCCCC2)c1,train
CHEMBL1163485,CHEMBL1871,7.19,2010,7.19,O=C(CC(Nc1ccc([N+](=O)[O-])cc1)C1CCCCC1)c1cccc(F)c1,train
CHEMBL1163529,CHEMBL1871,6.85,2010,6.85,O=C(CC(Nc1ccc([N+](=O)[O-])cc1)C1CCCCC1)c1ccc(Cl)c(Cl)c1,train
CHEMBL1163581,CHEMBL1871,5.0,2010,5.0,Cc1ccc(C(=O)CC(Nc2ccc(C(F)(F)F)cc2)c2cccc(F)c2)cc1,train
CHEMBL1163585,CHEMBL1871,5.92,2010,5.92,Cc1ccc(C(=O)CC(Nc2ccc(F)c(F)c2)c2cccc(F)c2)cc1,train
CHEMBL1163588,CHEMBL1871,6.49,2010,6.49,Cc1ccc(C(=O)CC(Nc2ccc(F)cc2)c2cccc(F)c2)cc1,train
CHEMBL1163595,CHEMBL1871,5.34,2010,5.34,COc1ccc(NC(CC(=O)c2ccc(C)cc2)c2ccccc2)cc1,train
CHEMBL1163597,CHEMBL1871,6.96,2010,6.96,O=C(CC(Nc1ccc([N+](=O)[O-])cc1)c1cccc(F)c1)c1cccc(Cl)c1,train
CHEMBL1163598,CHEMBL1871,6.935,2010,6.935,Cc1ccc(C(=O)CC(Nc2ccc([N+](=O)[O-])cc2)c2cccc(F)c2)cc1,train
CHEMBL1163602,CHEMBL1871,8.64,2010,8.64,N#Cc1ccc(C(=O)CC(Nc2ccc([N+](=O)[O-])cc2)c2ccsc2)cc1,train
CHEMBL1163604,CHEMBL1871,7.75,2010,7.75,Cc1ccc(C(=O)CC(Nc2ccc([N+](=O)[O-])cc2)c2ccccc2)cc1,train
CHEMBL1163617,CHEMBL1871,5.0,2010,5.0,O=C(CC(Nc1ccc([N+](=O)[O-])cc1)c1ccc(C(F)(F)F)cc1)c1cccc(Cl)c1,train
CHEMBL1163620,CHEMBL1871,6.55,2010,6.55,O=C(CC(Nc1ccc([N+](=O)[O-])cc1)c1cccc(F)c1)c1ccc(N2CCOCC2)cc1,train
CHEMBL1163625,CHEMBL1871,5.88,2010,5.88,O=C(CC(Nc1ccc([N+](=O)[O-])cc1)c1ccc(C(F)(F)F)cc1)c1cccc(F)c1,train
CHEMBL1163630,CHEMBL1871,8.54,2010,8.54,O=C(CC(Nc1ccc([N+](=O)[O-])cc1)c1ccco1)c1ccc(Cl)cc1,train
CHEMBL1163643,CHEMBL1871,6.31,2010,6.31,COc1cc(C(CC(=O)c2ccc(C)cc2)Nc2ccc([N+](=O)[O-])cc2)cc(OC)c1OC,train
CHEMBL1163644,CHEMBL1871,7.52,2010,7.52,O=C(CC(Nc1ccc([N+](=O)[O-])cc1)c1cccc(F)c1)c1ccc(F)cc1,train
CHEMBL1163645,CHEMBL1871,6.91,2010,6.91,O=C(CC(Nc1ccc([N+](=O)[O-])cc1)c1cccc(F)c1)c1cccc(Br)c1,train
CHEMBL1163646,CHEMBL1871,7.2,2010,7.2,O=C(CC(Nc1ccc([N+](=O)[O-])cc1)c1cccc(F)c1)c1ccccc1,train
CHEMBL1163717,CHEMBL1871,6.31,2010,6.31,O=C(CC(Nc1ccc([N+](=O)[O-])cc1)c1ccc(F)cc1)c1cccc(Cl)c1,train
CHEMBL1163746,CHEMBL1871,7.75,2010,7.75,O=C(CC(Nc1ccc([N+](=O)[O-])cc1)c1cccc(F)c1)c1ccc(Cl)cc1,train
CHEMBL1163747,CHEMBL1871,7.41,2010,7.41,O=C(CC(Nc1ccc([N+](=O)[O-])cc1)c1cccc(F)c1)c1ccc(Br)cc1,train
CHEMBL1163812,CHEMBL1871,5.0,2010,5.0,Cc1cccc(C(=O)CC(Nc2ccc([N+](=O)[O-])cc2)c2ccc(C(F)(F)F)cc2)c1,train
CHEMBL1163822,CHEMBL1871,6.05,2010,6.05,N#Cc1cccc(C(=O)CC(Nc2ccc([N+](=O)[O-])cc2)c2ccc(C(F)(F)F)cc2)c1,train
CHEMBL1163898,CHEMBL1871,5.0,2010,5.0,COc1cccc(C(=O)CC(Nc2ccc([N+](=O)[O-])cc2)c2ccc(C(F)(F)F)cc2)c1,train
CHEMBL1163899,CHEMBL1871,6.5,2010,6.5,COc1ccc(C(=O)CC(Nc2ccc([N+](=O)[O-])cc2)c2ccc(C(F)(F)F)cc2)cc1,train
CHEMBL1163902,CHEMBL1871,6.0,2010,6.0,O=C(CC(Nc1ccc([N+](=O)[O-])cc1)c1cccc(F)c1)c1ccc(C2CCCCC2)cc1,train
CHEMBL1163975,CHEMBL1871,5.82,2010,5.82,COc1cc(C(CC(=O)c2cccc(C)c2)Nc2ccc([N+](=O)[O-])cc2)cc(OC)c1OC,train
CHEMBL1163976,CHEMBL1871,7.19,2010,7.19,Cc1cccc(C(=O)CC(Nc2ccc([N+](=O)[O-])cc2)c2cccc(F)c2)c1,train
CHEMBL1164158,CHEMBL1871,6.47,2010,6.47,Cc1ccc(C(=O)C[C@H](Nc2ccc([N+](=O)[O-])cc2)c2cccc(F)c2)cc1,train
CHEMBL1164248,CHEMBL1871,5.0,2010,5.0,O=C(CC(Nc1ccc([N+](=O)[O-])cc1)C1CCCCC1)c1ccc(-c2ccccc2)cc1,train
CHEMBL1164338,CHEMBL1871,5.0,2010,5.0,O=C(CC(Nc1ccc([N+](=O)[O-])cc1)C1CCCCC1)c1ccc(C2CCCCC2)cc1,train
CHEMBL1164339,CHEMBL1871,6.69,2010,6.69,Cc1ccc(C(=O)CC(Nc2cccc([N+](=O)[O-])c2)c2cccc(F)c2)cc1,train
CHEMBL1164379,CHEMBL1871,7.98,2010,7.98,Cc1ccc(C(=O)CC(Nc2ccc([N+](=O)[O-])cc2)c2ccsc2)cc1,train
CHEMBL1164485,CHEMBL1871,7.29,2010,7.29,O=C(CC(Nc1ccc([N+](=O)[O-])cc1)c1cccc(F)c1)c1cccc(F)c1,train
CHEMBL1164752,CHEMBL1871,7.46,2010,7.46,O=C(CC(Nc1ccc([N+](=O)[O-])cc1)C1CCCCC1)c1ccc(Br)cc1,train
CHEMBL1164856,CHEMBL1871,6.2,2010,6.2,O=C(CC(Nc1ccc([N+](=O)[O-])cc1)c1ccc(C(F)(F)F)cc1)c1ccc(Cl)cc1,train
CHEMBL1164857,CHEMBL1871,5.0,2010,5.0,O=C(CC(Nc1ccc([N+](=O)[O-])cc1)c1ccc(C(F)(F)F)cc1)c1ccc(Br)cc1,train
CHEMBL1164858,CHEMBL1871,6.94,2010,6.94,Cc1ccc(C(=O)CC(Nc2ccc([N+](=O)[O-])cc2)C2CCCCC2)cc1,train
CHEMBL1165353,CHEMBL1871,7.13,2010,7.13,O=C(CC(Nc1ccc([N+](=O)[O-])cc1)C1CCCCC1)c1ccccc1,train
CHEMBL1165483,CHEMBL1871,7.43,2010,7.43,COc1ccc(C(=O)CC(Nc2ccc([N+](=O)[O-])cc2)C2CCCCC2)cc1,train
CHEMBL1165497,CHEMBL1871,7.62,2010,7.62,Cc1ccc(C(=O)C[C@@H](Nc2ccc([N+](=O)[O-])cc2)c2cccc(F)c2)cc1,train
CHEMBL1165642,CHEMBL1871,6.38,2010,6.38,O=C(CC(Nc1ccc([N+](=O)[O-])cc1)c1cccc(F)c1)c1ccc(-c2ccccc2)cc1,test
CHEMBL1165799,CHEMBL1871,5.5,2010,5.5,COc1cc(C(CC(=O)c2cccc(F)c2)Nc2ccc([N+](=O)[O-])cc2)cc(OC)c1OC,train
CHEMBL1170,CHEMBL1871,8.675,2007,8.675,CCC(=O)O[C@H]1CC[C@H]2[C@@H]3CCC4=CC(=O)CC[C@]4(C)[C@H]3CC[C@]12C,test
CHEMBL117465,CHEMBL1871,6.68,2000,6.68,CC1=CC(C)(C)Nc2ccc(-c3cc(F)cc(C#N)c3)cc21,train
CHEMBL1200436,CHEMBL1871,8.15,2022,8.15,C[C@]12COC(=O)C[C@@H]1CC[C@@H]1[C@@H]2CC[C@@]2(C)[C@H]1CC[C@]2(C)O,test
CHEMBL1201303,CHEMBL1871,6.72,2022,6.72,Cc1cc(/C=C/c2ccc3cc(N(C)C)ccc3[n+]2C)c(C)n1-c1ccccc1,train
CHEMBL1208805,CHEMBL1871,7.27,2010,7.27,C[C@]12CN(S(=O)(=O)c3ccc(F)cc3)C[C@](C)(O1)[C@@H]1C(=O)N(c3ccc(C#N)c(C(F)(F)F)c3)C(=O)[C@@H]12,train
CHEMBL1208812,CHEMBL1871,6.89,2010,6.89,C[C@]12CNC[C@](C)(O1)[C@@H]1C(=O)N(c3ccc(C#N)c(C(F)(F)F)c3)C(=O)[C@@H]12,val
CHEMBL1209236,CHEMBL1871,7.0,2010,7.0,Cn1c(C#N)ccc1-c1ccc(C(=O)C(C)(C)C)cc1,train
CHEMBL1209298,CHEMBL1871,6.78,2010,6.78,Cn1c(C#N)ccc1-c1ccc(/C(=N\O)C(C)(C)C)cc1,train
CHEMBL1209903,CHEMBL1871,7.85,2010,7.85,CCCN1C[C@@]2(C)O[C@@](C)(C1)[C@@H]1C(=O)N(c3ccc(C#N)c(C(F)(F)F)c3)C(=O)[C@@H]12,val
CHEMBL1209904,CHEMBL1871,6.89,2010,6.89,CCC(=O)N1C[C@@]2(C)O[C@@](C)(C1)[C@@H]1C(=O)N(c3ccc(C#N)c(C(F)(F)F)c3)C(=O)[C@@H]12,val
CHEMBL1209905,CHEMBL1871,6.67,2010,6.67,CC(C)C(=O)N1C[C@@]2(C)O[C@@](C)(C1)[C@@H]1C(=O)N(c3ccc(C#N)c(C(F)(F)F)c3)C(=O)[C@@H]12,val
CHEMBL1209906,CHEMBL1871,7.16,2010,7.16,C[C@]12CN(C(=O)C3CC3)C[C@](C)(O1)[C@@H]1C(=O)N(c3ccc(C#N)c(C(F)(F)F)c3)C(=O)[C@@H]12,test
CHEMBL1209970,CHEMBL1871,7.27,2010,7.27,C[C@]12CN(C(=O)c3ccccc3)C[C@](C)(O1)[C@@H]1C(=O)N(c3ccc(C#N)c(C(F)(F)F)c3)C(=O)[C@@H]12,train
CHEMBL1209971,CHEMBL1871,6.06,2010,6.06,CC(C)NC(=O)N1C[C@@]2(C)O[C@@](C)(C1)[C@@H]1C(=O)N(c3ccc(C#N)c(C(F)(F)F)c3)C(=O)[C@@H]12,val
CHEMBL1209972,CHEMBL1871,7.4,2010,7.4,C[C@]12CN(C(=O)Nc3ccccc3)C[C@](C)(O1)[C@@H]1C(=O)N(c3ccc(C#N)c(C(F)(F)F)c3)C(=O)[C@@H]12,test
CHEMBL1209973,CHEMBL1871,7.19,2010,7.19,CCOC(=O)N1C[C@@]2(C)O[C@@](C)(C1)[C@@H]1C(=O)N(c3ccc(C#N)c(C(F)(F)F)c3)C(=O)[C@@H]12,val
CHEMBL1210033,CHEMBL1871,8.03,2010,8.03,CCCOC(=O)N1C[C@@]2(C)O[C@@](C)(C1)[C@@H]1C(=O)N(c3ccc(C#N)c(C(F)(F)F)c3)C(=O)[C@@H]12,val
CHEMBL1210034,CHEMBL1871,7.41,2010,7.41,C[C@]12CN(C(=O)Nc3ccc(F)cc3)C[C@](C)(O1)[C@@H]1C(=O)N(c3ccc(C#N)c(C(F)(F)F)c3)C(=O)[C@@H]12,test
CHEMBL1210035,CHEMBL1871,6.69,2010,6.69,C[C@]12CN(S(C)(=O)=O)C[C@](C)(O1)[C@@H]1C(=O)N(c3ccc(C#N)c(C(F)(F)F)c3)C(=O)[C@@H]12,val
CHEMBL1210036,CHEMBL1871,7.07,2010,7.07,CCS(=O)(=O)N1C[C@@]2(C)O[C@@](C)(C1)[C@@H]1C(=O)N(c3ccc(C#N)c(C(F)(F)F)c3)C(=O)[C@@H]12,val
CHEMBL1210090,CHEMBL1871,7.0,2010,7.0,C[C@]12CN(S(=O)(=O)c3ccccc3)C[C@](C)(O1)[C@@H]1C(=O)N(c3ccc(C#N)c(C(F)(F)F)c3)C(=O)[C@@H]12,train
CHEMBL1210091,CHEMBL1871,6.77,2010,6.77,C[C@]12CN(S(=O)(=O)c3ccccn3)C[C@](C)(O1)[C@@H]1C(=O)N(c3ccc(C#N)c(C(F)(F)F)c3)C(=O)[C@@H]12,test
CHEMBL1210150,CHEMBL1871,7.43,2010,7.43,C[C@]12CN(c3cccc(S(N)(=O)=O)c3)C[C@](C)(O1)[C@@H]1C(=O)N(c3ccc(C#N)c(C(F)(F)F)c3)C(=O)[C@@H]12,train
CHEMBL1210151,CHEMBL1871,8.03,2010,8.03,C[C@]12CN(c3cccc(S(C)(=O)=O)c3)C[C@](C)(O1)[C@@H]1C(=O)N(c3ccc(C#N)c(C(F)(F)F)c3)C(=O)[C@@H]12,train
CHEMBL1210152,CHEMBL1871,7.96,2010,7.96,C[C@]12CN(c3cc(Cl)ncn3)C[C@](C)(O1)[C@@H]1C(=O)N(c3ccc(C#N)c(C(F)(F)F)c3)C(=O)[C@@H]12,train
CHEMBL1210214,CHEMBL1871,7.51,2010,7.51,C[C@]12CN(c3ncccn3)C[C@](C)(O1)[C@@H]1C(=O)N(c3ccc(C#N)c(C(F)(F)F)c3)C(=O)[C@@H]12,train
CHEMBL1210783,CHEMBL1871,8.05,2010,8.05,C[C@]12CN(c3cccc(C(N)=O)c3)C[C@](C)(O1)[C@@H]1C(=O)N(c3ccc(C#N)c(C(F)(F)F)c3)C(=O)[C@@H]12,train
CHEMBL1210840,CHEMBL1871,5.67,2010,5.67,CN1C(=O)[C@]2(C)O[C@](C)(C1=O)[C@H]1C(=O)N(c3ccc(C#N)c(C(F)(F)F)c3)C(=O)[C@H]12,train
CHEMBL1210841,CHEMBL1871,6.06,2010,6.06,C[C@]12O[C@](C)(C(=O)N(CC3CC3)C1=O)[C@H]1C(=O)N(c3ccc(C#N)c(C(F)(F)F)c3)C(=O)[C@H]12,train
CHEMBL1210842,CHEMBL1871,7.92,2010,7.92,CC(C)OC(=O)N1C[C@@]2(C)O[C@@](C)(C1)[C@@H]1C(=O)N(c3ccc(C#N)c(C(F)(F)F)c3)C(=O)[C@@H]12,val
CHEMBL1210843,CHEMBL1871,5.41,2010,5.41,CC(C)[N+]1([O-])C(=O)[C@]2(C)O[C@](C)(C1=O)[C@H]1C(=O)N(c3ccc(C#N)c(C(F)(F)F)c3)C(=O)[C@H]12,train
CHEMBL1210876,CHEMBL1871,5.72,2018,5.72,COc1ccc(C=C2c3cccc(Cl)c3C(=O)c3c(Cl)cccc32)cc1O,train
CHEMBL1210878,CHEMBL1871,5.83,2018,5.83,COc1cccc(C=C2c3cccc(Cl)c3C(=O)c3c(Cl)cccc32)c1O,train
CHEMBL1210880,CHEMBL1871,5.0,2018,5.0,COc1cc(C=C2c3cccc(Cl)c3C(=O)c3c(Cl)cccc32)cc(OC)c1O,train
CHEMBL1210907,CHEMBL1871,6.5,2010,6.5,CCNC(=O)N1C[C@@]2(C)O[C@@](C)(C1)[C@@H]1C(=O)N(c3ccc(C#N)c(C(F)(F)F)c3)C(=O)[C@@H]12,val
CHEMBL1210908,CHEMBL1871,7.5,2010,7.5,CC(C)N1C(=O)[C@]2(C)O[C@](C)(C1=O)[C@H]1C(=O)N(c3ccc(C#N)c(C(F)(F)F)c3)C(=O)[C@H]12,train
CHEMBL1210909,CHEMBL1871,6.74,2010,6.74,C[C@]12CN(O)C[C@](C)(O1)[C@@H]1C(=O)N(c3ccc(C#N)c(C(F)(F)F)c3)C(=O)[C@@H]12,val
CHEMBL1210910,CHEMBL1871,7.62,2010,7.62,CON1C[C@@]2(C)O[C@@](C)(C1)[C@@H]1C(=O)N(c3ccc(C#N)c(C(F)(F)F)c3)C(=O)[C@@H]12,val
CHEMBL1210959,CHEMBL1871,5.95,2018,5.95,COc1ccc(C=C2c3cccc(Cl)c3C(=O)c3c(Cl)cccc32)c(OC)c1O,train
CHEMBL1214839,CHEMBL1871,5.049635145623877,2010,5.049635145623877,N#Cc1ccc(N2N=C(c3ccc(C(=O)O)cc3)C[C@@H]2c2ccc(F)cc2)cc1Cl,test
CHEMBL1215127,CHEMBL1871,5.0,2010,5.0,N#Cc1ccc(N2N=C(c3ccc(C(=O)O)cc3)C[C@@H]2C2CCCC2)cc1Cl,train
CHEMBL1215130,CHEMBL1871,5.0,2010,5.0,COc1cc(C2=NN(c3ccc(C#N)c(Cl)c3)[C@@H](C3CCCC3)C2)ccc1C(=O)O,train
CHEMBL1215197,CHEMBL1871,5.0,2010,5.0,CCOc1cc(C2=NN(c3ccc(C#N)c(Cl)c3)[C@@H](C3CCCC3)C2)ccc1C(=O)O,train
CHEMBL1215331,CHEMBL1871,5.050122295963125,2010,5.050122295963125,N#Cc1ccc(N2N=C3c4ccc(C(=O)O)cc4CC[C@@H]3[C@@H]2C2CCCC2)cc1Cl,train
CHEMBL1215403,CHEMBL1871,6.52,2010,6.52,COC(=O)C1=C(C)NC(C)=C(C#N)C1c1ccc(F)cc1Cl,train
CHEMBL1215406,CHEMBL1871,6.52,2010,6.52,CCCC1=C(C(=O)OC)C(c2ccccc2Cl)C(C#N)=C(C)N1,train
CHEMBL1215480,CHEMBL1871,6.05,2010,6.05,CCCCC1=C(C(=O)OC)C(c2ccccc2Cl)C(C#N)=C(C)N1,train
CHEMBL1215485,CHEMBL1871,5.0,2010,5.0,N#Cc1ccc(N2N=C3c4ccc(C(=O)O)cc4CC[C@@H]3[C@@H]2C2CCCC2)cc1,train
CHEMBL1215549,CHEMBL1871,7.0,2010,7.0,CCCC1=C(C(=O)OC)C(c2ccc(F)cc2Cl)C(C#N)=C(C)N1,train
CHEMBL1215550,CHEMBL1871,6.1,2010,6.1,COC(=O)C1=C(C(F)(F)F)NC(C)=C(C#N)C1c1ccc(F)cc1Cl,train
CHEMBL1215552,CHEMBL1871,5.41,2010,5.41,COC(=O)C1=C(Cn2ccnc2)NC(C)=C(C#N)C1c1ccc(F)cc1Cl,test
CHEMBL1215620,CHEMBL1871,6.1,2010,6.1,COC(=O)C1=C(Cn2cccn2)NC(C)=C(C#N)C1c1ccc(F)cc1Cl,train
CHEMBL1215621,CHEMBL1871,5.34,2010,5.34,COC(=O)C1=C(Cn2cncn2)NC(C)=C(C#N)C1c1ccc(F)cc1Cl,train
CHEMBL1215622,CHEMBL1871,5.57,2010,5.57,COC(=O)C1=C(Cn2cnnn2)NC(C)=C(C#N)C1c1ccc(F)cc1Cl,train
CHEMBL1215623,CHEMBL1871,6.52,2010,6.52,COC(=O)C1=C(Cn2cnnn2)NC(C)=C(C#N)[C@H]1c1ccc(F)cc1Cl,train
CHEMBL1215627,CHEMBL1871,5.0,2010,5.0,Cc1cc(N2N=C3c4ccc(C(=O)O)cc4CO[C@@H]3[C@@H]2C2CCCC2)ccc1C#N,train
CHEMBL121626,CHEMBL1871,4.33,2007,4.33,Cc1c(Cl)cccc1Nc1ccccc1C(=O)O,train
CHEMBL124718,CHEMBL1871,8.21,2009,8.21,C[C@](O)(COc1ccc(F)cc1)C(=O)Nc1ccc([N+](=O)[O-])c(C(F)(F)F)c1,train
CHEMBL124881,CHEMBL1871,6.44,2022,6.44,C[C@@](O)(CS(=O)(=O)c1ccc(F)cc1)C(=O)Nc1ccc(C#N)c(C(F)(F)F)c1,train
CHEMBL125236,CHEMBL1871,8.4,2009,8.4,CC(=O)Nc1ccc(OC[C@](C)(O)C(=O)Nc2ccc([N+](=O)[O-])c(C(F)(F)F)c2)cc1,train
CHEMBL1253831,CHEMBL1871,5.52,2010,5.52,C[C@]12CC[C@H]3[C@@H](CC=C4C[C@@H](O)CC[C@@]43C)[C@@H]1CC[C@@H]2[C@]1(C)CC=CC(=O)N1,train
CHEMBL1253832,CHEMBL1871,6.3,2010,6.3,C[C@]12CC[C@H]3[C@@H](CCC4=CC(=O)CC[C@@]43C)[C@@H]1CC[C@@H]2[C@]1(C)CC=CC(=O)N1,train
CHEMBL1254922,CHEMBL1871,5.7,2010,5.7,C[C@]12CC[C@H]3[C@@H](CC=C4C[C@@H](O)CC[C@@]43C)[C@@H]1CC[C@@H]2[C@@]1(C)CC=CC(=O)N1,train
CHEMBL1255008,CHEMBL1871,5.7,2010,5.7,C[C@]12CC[C@H]3[C@@H](CC=C4CC(=O)CC[C@@]43C)[C@@H]1CC[C@@H]2[C@@]1(C)CC=CC(=O)N1,train
CHEMBL125663,CHEMBL1871,8.22,2022,8.22,C[C@@](O)(COc1ccc(F)cc1)C(=O)Nc1ccc([N+](=O)[O-])c(C(F)(F)F)c1,train
CHEMBL1257221,CHEMBL1871,6.0,2010,6.0,COc1ccc(F)cc1C(C)(C)CC(O)(CNc1ccc2c(=O)onc(C)c2c1)C(F)(F)F,test
CHEMBL1257222,CHEMBL1871,6.0,2010,6.0,COc1ccc(F)cc1C(C)(C)CC(O)(CNc1cccc2ccccc12)C(F)(F)F,train
CHEMBL1257342,CHEMBL1871,6.0,2010,6.0,CC(C)(CC(O)(CNc1cccc2ccccc12)C(F)(F)F)c1cc(F)ccc1O,train
CHEMBL1257343,CHEMBL1871,6.0,2010,6.0,COc1ccc(F)cc1C(C)(C)CC(O)(CNc1cccc2ncccc12)C(F)(F)F,test
CHEMBL1257453,CHEMBL1871,6.0,2010,6.0,CC(C)(CC(O)(CNc1cccc2ncccc12)C(F)(F)F)c1cc(F)ccc1O,test
CHEMBL1257454,CHEMBL1871,6.0,2010,6.0,COc1ccc(F)cc1C(C)(C)CC(O)(CNc1cccc2nc(C)ccc12)C(F)(F)F,test
CHEMBL1257572,CHEMBL1871,6.0,2010,6.0,Cc1ccc2c(NCC(O)(CC(C)(C)c3cc(F)ccc3O)C(F)(F)F)cccc2n1,test
CHEMBL1270149,CHEMBL1871,5.96,2010,5.96,CCC(CC)(c1ccc(OCC(=O)C(C)(C)C)c(C)c1)c1ccc(OC[C@H](O)CO)c(C)c1,train
CHEMBL1270253,CHEMBL1871,5.75,2010,5.75,CCC(CC)(c1ccc(OCC(=O)C(C)(C)C)c(C)c1)c1ccc(OC[C@@H](O)CO)c(C)c1,train
CHEMBL1274,CHEMBL1871,7.135,2003,7.135,CC1(C)NC(=O)N(c2ccc([N+](=O)[O-])c(C(F)(F)F)c2)C1=O,val
CHEMBL1276308,CHEMBL1871,8.16,1996,8.16,CC#C[C@]1(O)CC[C@H]2[C@@H]3CCC4=CC(=O)CCC4=C3[C@@H](c3ccc(N(C)C)cc3)C[C@@]21C,train
CHEMBL1288321,CHEMBL1871,6.6899999999999995,2010,6.6899999999999995,OC1(C(F)(F)F)CCCc2c1[nH]c1cc(Cl)c(Cl)cc21,test
CHEMBL1288322,CHEMBL1871,5.71,2010,5.71,OC1(C(F)(F)F)CCCc2c1[nH]c1ccc(Cl)c(Cl)c21,test
CHEMBL1288323,CHEMBL1871,7.89,2010,7.89,OC1(C(F)(F)F)CCc2c1[nH]c1c(Cl)cc(Cl)cc21,val
CHEMBL1288956,CHEMBL1871,5.85,2010,5.85,Oc1cccc2c1[nH]c1ccc(Br)cc12,train
CHEMBL1288957,CHEMBL1871,5.34,2010,5.34,N#Cc1ccc2[nH]c3c(O)cccc3c2c1,train
CHEMBL1288958,CHEMBL1871,7.47,2010,7.47,Oc1c(Br)ccc2c1[nH]c1cc(Cl)c(Cl)cc12,train
CHEMBL1288959,CHEMBL1871,7.82,2010,7.82,Oc1cccc2c1[nH]c1ccc(Cl)c(Cl)c12,train
CHEMBL1288979,CHEMBL1871,7.47,2010,7.47,OC1(C(F)(F)F)CCCc2c1[nH]c1c(Cl)cc(Cl)cc21,test
CHEMBL1288980,CHEMBL1871,7.07,2010,7.07,OC1(C(F)(F)F)CCCc2c1[nH]c1c(Cl)ccc(Cl)c21,test
CHEMBL1288981,CHEMBL1871,7.05,2010,7.05,OC1(C(F)(F)F)CCCc2c1[nH]c1c(Cl)cc(F)cc21,test
CHEMBL1289011,CHEMBL1871,5.0,2010,5.0,CC1(O)CCCc2c1[nH]c1cc(Cl)c(Cl)cc21,test
CHEMBL1289012,CHEMBL1871,5.04,2010,5.04,CC1(O)CCCc2c1[nH]c1ccc(C#N)cc21,test
CHEMBL1289013,CHEMBL1871,6.32,2010,6.32,N#Cc1ccc2[nH]c3c(c2c1)CCCC3(O)C(F)(F)F,test
CHEMBL1289887,CHEMBL1871,6.7,2010,6.7,CC1(C)C(=O)N(c2ccc(C#N)c(Cl)c2)C(=S)N1c1cccc(S(N)(=O)=O)c1,test
CHEMBL1289999,CHEMBL1871,6.76,2010,6.76,CC1(C)C(=O)N(c2ccc(C#N)c(C(F)(F)F)c2)C(=S)N1c1cccc(S(N)(=O)=O)c1,test
CHEMBL1290000,CHEMBL1871,6.609999999999999,2010,6.609999999999999,CC1(C)C(=O)N(c2ccc(C#N)c(Cl)c2)C(=S)N1c1cccc(S(N)(=O)=O)n1,train
CHEMBL1290098,CHEMBL1871,6.58,2010,6.58,CC1(C)C(=O)N(c2ccc(C#N)c(C(F)(F)F)c2)C(=S)N1c1cccc(S(N)(=O)=O)n1,train
CHEMBL1290099,CHEMBL1871,6.55,2010,6.55,CC1(C)C(=O)N(c2ccc(C#N)c(C(F)(F)F)c2)C(=S)N1c1ccnc(S(N)(=O)=O)c1,train
CHEMBL1290206,CHEMBL1871,6.5,2010,6.5,CC1(C)C(=O)N(c2ccc(C#N)c(Cl)c2)C(=S)N1c1cncc(S(N)(=O)=O)c1,train
CHEMBL1290207,CHEMBL1871,6.76,2010,6.76,CC1(C)C(=O)N(c2ccc(C#N)c(C(F)(F)F)c2)C(=S)N1c1cncc(S(N)(=O)=O)c1,train
CHEMBL1290518,CHEMBL1871,6.0,2010,6.0,Oc1c(Cc2ccccc2)ccc2c1[nH]c1cc(Cl)c(Cl)cc12,train
CHEMBL1290631,CHEMBL1871,6.0,2010,6.0,Oc1c(Cc2ccccc2)ccc2c1[nH]c1ccc(Cl)c(Cl)c12,train
CHEMBL1290632,CHEMBL1871,6.22,2010,6.22,OC1(C(F)(F)F)CCCCc2c1[nH]c1c(Cl)cc(Cl)cc21,test
CHEMBL1290633,CHEMBL1871,7.47,2010,7.47,OC1(C(F)(F)C(F)(F)F)CCCc2c1[nH]c1cc(Cl)c(Cl)cc21,test
CHEMBL1290750,CHEMBL1871,5.0,2010,5.0,N#Cc1ccc2[nH]c3c(c2c1)CCCC3(O)C(F)(F)C(F)(F)F,test
CHEMBL1290751,CHEMBL1871,7.0,2010,7.0,OC1(C(F)(F)F)c2[nH]c3c(Cl)cc(Cl)cc3c2CCC1(F)F,test
CHEMBL130141,CHEMBL1871,6.0,2003,6.0,CC1=CC(C)(C)Nc2ccc3c(c21)/C(=C/c1ccncc1C)Oc1ccc(F)cc1-3,train
CHEMBL1302748,CHEMBL1871,4.91,2011,4.91,COc1cc(C2Nc3cccc4cccc(c34)N2)ccc1O,val
CHEMBL131,CHEMBL1871,5.56,2001,5.56,C[C@]12C=CC(=O)C=C1CC[C@@H]1[C@@H]2[C@@H](O)C[C@@]2(C)[C@H]1CC[C@]2(O)C(=O)CO,train
CHEMBL1312729,CHEMBL1871,3.6989700043360187,2013,3.6989700043360187,Cc1ccc(OCCSc2nc3ccccc3n2CCC(=O)O)cc1,train
CHEMBL131681,CHEMBL1871,5.96,2000,5.96,CC1(C)Nc2ccc(-c3csc(C#N)c3)cc2C(C)(C)C1=O,test
CHEMBL131855,CHEMBL1871,6.7,2000,6.7,CC1=CC(C)(C)Nc2ccc(-c3sc(C#N)cc3C)cc21,train
CHEMBL131921,CHEMBL1871,2.795880017344075,2009,2.795880017344075,COc1ccc(-c2coc3cc(O)cc(O)c3c2=O)cc1,train
CHEMBL131963,CHEMBL1871,6.085,2000,6.085,Cc1c2c(cc3c(C(F)(F)F)cc(Cl)nc13)C(C)CC(C)(C)N2,train
CHEMBL132131,CHEMBL1871,5.5,2000,5.5,CN(C)c1cc(C(F)(F)F)c2cc3c(cc2n1)NC(C)(C)CC3,train
CHEMBL132193,CHEMBL1871,5.96,2000,5.96,CC1=CC(C)(C)Nc2ccc(-c3ccc(C#N)s3)cc21,train
CHEMBL132205,CHEMBL1871,6.165,2000,6.165,CC1(C)CCc2cc3c(C(F)(F)F)cc(C(F)(F)F)nc3cc2N1,train
CHEMBL132295,CHEMBL1871,6.744999999999999,2000,6.744999999999999,CCCC[S+]([O-])c1cc(C(F)(F)F)c2cc3c(cc2n1)NC(C)(C)CC3,train
CHEMBL132354,CHEMBL1871,6.025,2000,6.025,CC1(C)CCc2cc3c(C(F)(F)F)cc(SCC(F)(F)F)nc3cc2N1,train
CHEMBL132363,CHEMBL1871,6.345000000000001,2003,6.345000000000001,CC1=CC(C)(C)Nc2ccc3c(c21)/C(=C/c1ncccc1C)Oc1ccc(F)cc1-3,train
CHEMBL132427,CHEMBL1871,7.21,2000,7.21,CN1c2cc3nc(C#N)cc(C(F)(F)F)c3cc2CCC1(C)C,train
CHEMBL132516,CHEMBL1871,6.234999999999999,2000,6.234999999999999,CC1=CC(C)(C)N(C)c2cc3nc(Cl)cc(C(F)(F)F)c3cc21,train
CHEMBL132609,CHEMBL1871,6.07,2000,6.07,CN1c2cc3nccc(C(F)(F)F)c3cc2CCC1(C)C,train
CHEMBL132635,CHEMBL1871,6.16,2000,6.16,CC1(C)CCc2cc3c(C(F)(F)F)cc(S(C)(=O)=O)nc3cc2N1,train
CHEMBL132803,CHEMBL1871,7.375,2000,7.375,CC1=CC(C)(C)Nc2cc3nc(F)cc(C(F)(F)F)c3cc21,train
CHEMBL132889,CHEMBL1871,6.82,2000,6.82,Cc1cc(C#N)sc1-c1ccc2c(c1)C(C)(C)C(=O)C(C)(C)N2,test
CHEMBL133054,CHEMBL1871,6.305,2000,6.305,Cc1c2c(cc3c(C(F)(F)F)ccnc13)C(C)CC(C)(C)N2,train
CHEMBL1330717,CHEMBL1871,3.6989700043360187,2013,3.6989700043360187,c1ccc(OCCSc2nc3ccccc3o2)cc1,train
CHEMBL133167,CHEMBL1871,6.755,2000,6.755,CN1c2cc3nc(Br)cc(C(F)(F)F)c3cc2CCC1(C)C,train
CHEMBL133289,CHEMBL1871,6.5649999999999995,2000,6.5649999999999995,CN1c2cc3nc(Cl)cc(C(F)(F)F)c3cc2CCC1(C)C,train
CHEMBL133329,CHEMBL1871,5.970000000000001,2000,5.970000000000001,CC1(C)CCc2cc3c(C(F)(F)F)cc(N)nc3cc2N1,train
CHEMBL133331,CHEMBL1871,7.01,2000,7.01,CC1=CC(C)(C)Nc2cc3nc(Cl)cc(C(F)(F)F)c3cc21,train
CHEMBL133465,CHEMBL1871,6.89,2000,6.89,CN1c2cc3nc(F)cc(C(F)(F)F)c3cc2CCC1(C)C,train
CHEMBL133503,CHEMBL1871,7.8100000000000005,2000,7.8100000000000005,CC1(C)CCc2cc3c(C(F)(F)F)cc(F)nc3cc2N1,train
CHEMBL133656,CHEMBL1871,5.84,2000,5.84,CC1=CC(C)(C)Nc2ccc(-c3ccc([N+](=O)[O-])s3)cc21,train
CHEMBL133715,CHEMBL1871,5.865,2000,5.865,CCCCSc1cc(C(F)(F)F)c2cc3c(cc2n1)NC(C)(C)CC3,train
CHEMBL133792,CHEMBL1871,7.3,2000,7.3,CC1(C)CCc2cc3c(C(F)(F)F)cc(Cl)nc3cc2N1,train
CHEMBL133825,CHEMBL1871,5.92,2000,5.92,Cc1c2c(cc3c(C(F)(F)F)cc(F)nc13)C(C)CC(C)(C)N2,train
CHEMBL134056,CHEMBL1871,6.055,2000,6.055,Cc1c2c(cc3c(C(F)(F)F)cc(Br)nc13)C(C)CC(C)(C)N2,train
CHEMBL134117,CHEMBL1871,5.745,2000,5.745,COc1ccc(CNc2cc(C(F)(F)F)c3cc4c(cc3n2)NC(C)(C)CC4)cc1,val
CHEMBL134140,CHEMBL1871,6.97,2000,6.97,CC1(C)CCc2cc3c(C(F)(F)F)cc(Br)nc3cc2N1,train
CHEMBL134180,CHEMBL1871,6.27,2000,6.27,CC1(C)CCc2cc3c(C(F)(F)F)cc(NS(C)(=O)=O)nc3cc2N1,train
CHEMBL134209,CHEMBL1871,7.45,2000,7.45,C[S+]([O-])c1cc(C(F)(F)F)c2cc3c(cc2n1)NC(C)(C)CC3,train
CHEMBL134242,CHEMBL1871,6.0600000000000005,2000,6.0600000000000005,CSc1cc(C(F)(F)F)c2cc3c(cc2n1)NC(C)(C)CC3,train
CHEMBL134260,CHEMBL1871,7.35,2000,7.35,Cc1cc(C#N)sc1-c1ccc2c(c1)C(C)CC(C)(C)N2,train
CHEMBL134277,CHEMBL1871,6.42,2003,6.42,CC1=CC(C)(C)Nc2ccc3c(c21)/C(=C/c1ccsc1)Oc1ccc(F)cc1-3,train
CHEMBL134303,CHEMBL1871,6.1,2000,6.1,CC1(C)CCc2cc3c(C(F)(F)F)cc(N(S(C)(=O)=O)S(C)(=O)=O)nc3cc2N1,train
CHEMBL134421,CHEMBL1871,5.885,1998,5.885,CC1=CC(C)(C)Nc2ccc3c(c21)/C(=C/c1ccccc1)Oc1ccccc1-3,train
CHEMBL134602,CHEMBL1871,6.095000000000001,2003,6.095000000000001,CC1=CC(C)(C)Nc2ccc3c(c21)/C(=C/c1ccccc1)Oc1ccc(F)cc1-3,train
CHEMBL135,CHEMBL1871,7.72,2006,7.72,C[C@]12CC[C@@H]3c4ccc(O)cc4CC[C@H]3[C@@H]1CC[C@@H]2O,test
CHEMBL1352525,CHEMBL1871,5.14,2020,5.14,Cc1cccc(N2CCN(C(=O)CSCc3c(C)noc3C)CC2)c1C,test
CHEMBL136322,CHEMBL1871,5.89,2002,5.89,CC1(C)OC(=O)Nc2ccc(-c3cc(F)cc(C#N)c3)cc21,val
CHEMBL137103,CHEMBL1871,5.925,1998,5.925,CC1=CC(C)(C)Nc2ccc3c(c21)/C(=C/c1cc(F)ccc1F)Oc1ccccc1-3,train
CHEMBL1372017,CHEMBL1871,5.005,2014,5.005,Nc1nc(-c2ccc3ccccc3c2)cs1,train
CHEMBL138059,CHEMBL1871,6.89,2002,6.89,CC1(C)OC(=O)Nc2ccc(-c3coc(C#N)c3)cc21,train
CHEMBL1390665,CHEMBL1871,5.37,2022,5.37,Clc1ccc(-c2cnc3n2CCC3)cc1,train
CHEMBL1391700,CHEMBL1871,6.29,2014,6.29,Fc1ccc(-c2csc(N3CCOCC3)n2)cc1,train
CHEMBL1393,CHEMBL1871,6.92,2007,6.92,CC(=O)S[C@@H]1CC2=CC(=O)CC[C@]2(C)[C@H]2CC[C@@]3(C)[C@@H](CC[C@@]34CCC(=O)O4)[C@H]12,train
CHEMBL139749,CHEMBL1871,6.55,2002,6.55,CC1(C)OC(=O)Nc2ccc(-c3csc(C#N)c3)cc21,train
CHEMBL139835,CHEMBL1871,7.744999999999999,1998,7.744999999999999,CC(=O)O[C@]1(C(C)=O)CC[C@H]2[C@@H]3C=C(Cl)C4=CC(=O)[C@@H]5C[C@@H]5[C@]4(C)[C@H]3CC[C@@]21C,test
CHEMBL1403349,CHEMBL1871,5.9,2014,5.9,Fc1ccc(-c2csc(-c3ccncc3)n2)cc1,train
CHEMBL1409155,CHEMBL1871,3.6989700043360187,2013,3.6989700043360187,Cc1cccc(OCCSc2nc3ccccc3n2CC(=O)O)c1,train
CHEMBL1416100,CHEMBL1871,6.0600000000000005,2014,6.0600000000000005,c1ccc(-c2csc(-c3ccncc3)n2)cc1,train
CHEMBL143978,CHEMBL1871,5.79,2013,5.79,COc1cccc2oc(-c3ccc(F)cc3)cc(=O)c12,train
CHEMBL144278,CHEMBL1871,5.5,2018,5.5,O=c1cc(-c2ccccc2O)oc2ccccc12,train
CHEMBL1445,CHEMBL1871,6.62,2007,6.62,C[C@]1(O)CC[C@H]2[C@@H]3CCC4=CC(=O)CC[C@]4(C)[C@@]3(F)[C@@H](O)C[C@@]21C,test
CHEMBL1445673,CHEMBL1871,3.6989700043360187,2013,3.6989700043360187,Cc1ccc(OCCSc2nc3ccccc3n2CC(=O)O)cc1C,train
CHEMBL145403,CHEMBL1871,5.93,2021,5.93,O=c1cc(C(F)(F)F)c2ccc(OCc3ccccc3)cc2o1,test
CHEMBL146032,CHEMBL1871,7.27,2000,7.27,CC(=O)c1ccc([C@H]2C[C@@]3(C)[C@@H](CC[C@@]3(O)C(F)(F)C(F)(F)F)[C@@H]3CCC4=CC(=O)CCC4=C32)cc1,train
CHEMBL1463660,CHEMBL1871,5.21,2022,5.21,CS(=O)(=O)Nc1ccc(OCc2ccccc2)cc1,test
CHEMBL146794,CHEMBL1871,7.11,2003,7.11,CC1(C)C(=O)N(c2ccc(C#N)c(C(F)(F)F)c2)C(=O)N1CCOCCOCc1ccc(O)c(C(N)=O)c1,train
CHEMBL146858,CHEMBL1871,8.22,2003,8.22,CC1(C)NC(=O)N(c2ccc(C#N)c(C(F)(F)F)c2)C1=O,val
CHEMBL1474103,CHEMBL1871,3.6989700043360187,2013,3.6989700043360187,Cc1cccc(OCCSc2nc3ccccc3n2CC(=O)N2CCOCC2)c1,train
CHEMBL147457,CHEMBL1871,6.0,2003,6.0,CC1(C)C(=O)N(c2ccc(C#N)c(C(F)(F)F)c2)C(=O)N1CCCCN1CCN(CCOCc2ccc(O)c(C(N)=O)c2)CC1,val
CHEMBL1488607,CHEMBL1871,5.8,2014,5.8,Fc1ccc(-c2csc(N3CCSCC3)n2)cc1,train
CHEMBL150,CHEMBL1871,5.01,2009,5.01,O=c1c(O)c(-c2ccc(O)cc2)oc2cc(O)cc(O)c12,train
CHEMBL1504501,CHEMBL1871,3.6989700043360187,2013,3.6989700043360187,OCCn1c(SCCOc2ccccc2)nc2ccccc21,train
CHEMBL1509,CHEMBL1871,6.2,2015,6.2,C[C@]12CCC(=O)C=C1[C@@H]1C[C@@H]1[C@H]1[C@@H]3[C@@H]4C[C@@H]4[C@@]4(CCC(=O)O4)[C@@]3(C)CC[C@@H]12,test
CHEMBL151601,CHEMBL1871,7.31,2003,7.31,CC1(C)C(=O)N(c2ccc(C#N)c(C(F)(F)F)c2)C(=O)N1CC#CCOCc1ccc(O)c(C(N)=O)c1,test
CHEMBL1527972,CHEMBL1871,4.87,2011,4.87,Oc1ccc(C2Nc3cccc4cccc(c34)N2)cc1,val
CHEMBL1535354,CHEMBL1871,3.6989700043360187,2013,3.6989700043360187,O=S(=O)(CCOc1ccccc1)c1nc2ccccc2[nH]1,train
CHEMBL1539990,CHEMBL1871,3.7856861025756,2013,3.7856861025756,Cc1ccc(OCCSc2nc3ccccc3n2CC(=O)O)cc1,train
CHEMBL1544,CHEMBL1871,4.301029995663981,2011,4.301029995663981,N[C@@H](Cc1cc(I)c(Oc2ccc(O)c(I)c2)c(I)c1)C(=O)O,train
CHEMBL1549081,CHEMBL1871,6.21,2014,6.21,c1ccc(-c2csc(N3CCSCC3)n2)cc1,train
CHEMBL156142,CHEMBL1871,7.35,1998,7.35,CC1CC(C)(C)Nc2cc3nc(O)cc(C(F)(F)F)c3cc21,train
CHEMBL156278,CHEMBL1871,7.24,1998,7.24,CC1CC(C)(C)Nc2cc3c(cc21)c(C(F)(F)F)cc(=O)n3C,test
CHEMBL156312,CHEMBL1871,6.63,1998,6.63,CC12CCCN1c1cc3nc(O)cc(C(F)(F)F)c3cc1CC2,train
CHEMBL1563710,CHEMBL1871,5.37,2013,5.37,c1ccc(OCCSc2nc3ccccc3[nH]2)cc1,train
CHEMBL156641,CHEMBL1871,6.5649999999999995,1998,6.5649999999999995,C[C@H]1c2cc3c(C(F)(F)F)cc(O)nc3cc2NC(C)(C)[C@H]1C,train
CHEMBL156751,CHEMBL1871,6.495,1998,6.495,CC(C)C1CC(C)(C)Nc2cc3nc(O)cc(C(F)(F)F)c3cc21,train
CHEMBL156806,CHEMBL1871,6.9,1998,6.9,CC1(C)Cc2cc3c(C(F)(F)F)cc(O)nc3cc2NC1(C)C,train
CHEMBL156982,CHEMBL1871,7.42,1998,7.42,CCC1CC(C)(C)Nc2cc3nc(O)cc(C(F)(F)F)c3cc21,train
CHEMBL1572280,CHEMBL1871,6.4,2014,6.4,Cc1cc(/C=C/c2ccc3cc(N(C)C)ccc3[n+]2C)c(C)n1-c1ccccc1.O=C([O-])c1cc2ccccc2c(Cc2c(O)c(C(=O)O)cc3ccccc23)c1O,train
CHEMBL157344,CHEMBL1871,6.845000000000001,1998,6.845000000000001,CC1c2cc3c(C(F)(F)F)cc(O)nc3cc2NC(C)(C)C1(C)C,train
CHEMBL157407,CHEMBL1871,7.34,1998,7.34,Cn1c(=O)cc(C(F)(F)F)c2cc3c(cc21)N1CCCC1(C)CC3,test
CHEMBL157703,CHEMBL1871,7.365,1998,7.365,CC1=CC(C)(C)Nc2c1cc1c(C(F)(F)F)cc(O)nc1c2C,train
CHEMBL1596561,CHEMBL1871,3.669586226650809,2022,3.669586226650809,CC1(C2CC(C(F)(F)F)n3nc(C(=O)O)cc3N2)CC1,train
CHEMBL160230,CHEMBL1871,7.8100000000000005,1998,7.8100000000000005,CCC1(C)CCc2cc3c(C(F)(F)F)cc(=O)n(C)c3cc2N1C,test
CHEMBL160239,CHEMBL1871,6.165,1998,6.165,CCn1c(=O)cc(C(F)(F)F)c2cc3c(cc21)NC(C)(C)C=C3C,train
CHEMBL160250,CHEMBL1871,7.28,1998,7.28,CCC1(CC)CCc2cc3c(C(F)(F)F)cc(O)nc3cc2N1,train
CHEMBL160257,CHEMBL1871,5.985,1998,5.985,C[C@@H]1c2cc3c(C(F)(F)F)cc(O)nc3cc2NC(C)(C)[C@H]1C,train
CHEMBL160386,CHEMBL1871,7.279999999999999,1998,7.279999999999999,CC1=CC(C)(C)Nc2cc3c(cc21)c(C(F)(F)F)cc(=O)n3C,train
CHEMBL160451,CHEMBL1871,7.245,1998,7.245,CC1=CC(C)(C)Nc2cc3nc(O)cc(C(F)(F)F)c3cc21,train
CHEMBL160665,CHEMBL1871,7.33,1998,7.33,CC1Cc2cc3c(C(F)(F)F)cc(O)nc3cc2NC1(C)C,train
CHEMBL160713,CHEMBL1871,7.27,1998,7.27,CCCC1(C)CCc2cc3c(C(F)(F)F)cc(O)nc3cc2N1,train
CHEMBL160923,CHEMBL1871,5.84,1998,5.84,CC1=CC(C)(C)Nc2c1cc1c(C(F)(F)F)cc(=O)n(C)c1c2C,train
CHEMBL161892,CHEMBL1871,7.720000000000001,1998,7.720000000000001,CN1c2cc3c(cc2[C@H]2CCCC[C@H]21)c(C(F)(F)F)cc(=O)n3C,train
CHEMBL161980,CHEMBL1871,7.1899999999999995,1998,7.1899999999999995,C[C@H]1CC[C@@H]2[C@H](C1)c1cc3c(C(F)(F)F)cc(=O)n(C)c3cc1N2C,train
CHEMBL162103,CHEMBL1871,6.745,1998,6.745,CN1CCc2cc3c(C(F)(F)F)cc(=O)n(C)c3cc21,train
CHEMBL1623389,CHEMBL1871,6.515000000000001,2014,6.515000000000001,c1ccc(-c2csc(N3CCOCC3)n2)cc1,train
CHEMBL162368,CHEMBL1871,7.34,1998,7.34,CC1(C)CCC[C@@H]2c3cc4c(C(F)(F)F)cc(O)nc4cc3N[C@@H]21,test
CHEMBL162503,CHEMBL1871,7.23,1998,7.23,Cn1c(=O)cc(C(F)(F)F)c2cc3c(cc21)NCC3,train
CHEMBL162569,CHEMBL1871,8.22,1998,8.22,C[C@@H]1c2cc3c(C(F)(F)F)cc(O)nc3cc2N[C@@H]1C,test
CHEMBL163142,CHEMBL1871,7.4,1998,7.4,CN1c2cc3c(cc2[C@H]2CCCC(C)(C)[C@H]21)c(C(F)(F)F)cc(=O)n3C,train
CHEMBL163143,CHEMBL1871,7.145,1998,7.145,CN1c2cc3c(cc2[C@@]2(C)CCCC[C@@H]12)c(C(F)(F)F)cc(=O)n3C,train
CHEMBL163366,CHEMBL1871,8.05,1998,8.05,C[C@@H]1Cc2cc3c(C(F)(F)F)cc(=O)n(C)c3cc2N1,train
CHEMBL163425,CHEMBL1871,8.4,1998,8.4,Cn1c(=O)cc(C(F)(F)F)c2cc3c(cc21)N[C@@H]1CCCC[C@H]31,train
CHEMBL1644759,CHEMBL1871,6.05,2011,6.05,Cc1cc(-c2cccc3cc[nH]c23)c(Cl)c2c1NC(C)(C)[C@H](O)[C@H]2C,train
CHEMBL1644761,CHEMBL1871,6.04,2011,6.04,Cc1cc(-c2cccc3cc[nH]c23)c(Cl)c2c1NC(C)(C)C(O)C2(C)C,train
CHEMBL1644765,CHEMBL1871,6.4,2011,6.4,Cc1cc(-c2cccc3cc[nH]c23)c(Cl)c2c1NC(C)(C)[C@@H](O)[C@H]2C,train
CHEMBL165219,CHEMBL1871,7.5,1998,7.5,C[C@H]1Nc2cc3nc(O)cc(C(F)(F)F)c3cc2C1(C)C,test
CHEMBL165803,CHEMBL1871,7.175000000000001,1998,7.175000000000001,C[C@H]1CC[C@H]2Nc3cc4c(cc3[C@H]2C1)c(C(F)(F)F)cc(=O)n4C,train
CHEMBL165912,CHEMBL1871,7.385,1998,7.385,CCCN1c2cc3c(cc2[C@H]2CCCC[C@H]21)c(C(F)(F)F)cc(=O)n3C,train
CHEMBL166212,CHEMBL1871,7.64,1998,7.64,C[C@H]1CC[C@H]2Nc3cc4nc(O)cc(C(F)(F)F)c4cc3[C@H]2C1,test
CHEMBL166323,CHEMBL1871,7.515,1998,7.515,Oc1cc(C(F)(F)F)c2cc3c(cc2n1)NCC3,test
CHEMBL166444,CHEMBL1871,9.13,2005,9.13,C[C@]1(O)CC[C@H]2[C@@H]3CCC4=CC(=O)CCC4=C3C=C[C@@]21C,train
CHEMBL16685,CHEMBL1871,5.06,2009,5.06,COc1cccc2oc(-c3ccccc3)cc(=O)c12,train
CHEMBL1672540,CHEMBL1871,7.16,2011,7.16,COc1ccc(C(c2ccccc2)c2c[nH]c3ccccc23)cc1,train
CHEMBL1672541,CHEMBL1871,6.39,2011,6.39,Cc1cc(-c2cn(C(C)C)c3cc(NS(C)(=O)=O)ccc23)ccc1C#N,train
CHEMBL1672542,CHEMBL1871,6.66,2011,6.66,CC(c1ccc(F)cc1)(c1c[nH]c2c(NS(C)(=O)=O)cccc12)C1CC1,train
CHEMBL1672543,CHEMBL1871,5.39577394691553,2011,5.39577394691553,Cn1cc(-c2ccc(C#N)cc2)c2ccc(NS(C)(=O)=O)cc21,train
CHEMBL1672544,CHEMBL1871,5.59,2011,5.59,CCn1cc(-c2ccc(C#N)cc2)c2ccc(NS(C)(=O)=O)cc21,train
CHEMBL1672545,CHEMBL1871,5.4089353929735005,2011,5.4089353929735005,CC(C)n1cc(-c2ccc(C#N)cc2)c2ccc(NS(C)(=O)=O)cc21,train
CHEMBL1672546,CHEMBL1871,6.31,2011,6.31,COc1cc(-c2cn(C(C)C)c3cc(NS(C)(=O)=O)ccc23)ccc1C#N,train
CHEMBL1672547,CHEMBL1871,6.19,2011,6.19,CC(C)n1cc(-c2ccc(C#N)c(F)c2)c2ccc(NS(C)(=O)=O)cc21,train
CHEMBL1672548,CHEMBL1871,5.76,2011,5.76,CC[C@H](C)n1cc(-c2ccc(C#N)cc2)c2ccc(NS(C)(=O)=O)cc21,train
CHEMBL1672549,CHEMBL1871,5.59,2011,5.59,CC[C@@H](C)n1cc(-c2ccc(C#N)cc2)c2ccc(NS(C)(=O)=O)cc21,train
CHEMBL1672635,CHEMBL1871,8.15,2011,8.15,Cc1c(N[C@@H](c2nnc(-c3ccc(C#N)cc3)o2)[C@H](C)O)ccc(C#N)c1Cl,train
CHEMBL16807,CHEMBL1871,6.08,2009,6.08,O=c1cc(-c2ccccc2)oc2cccc(O)c12,train
CHEMBL1682441,CHEMBL1871,5.84,2011,5.84,C[C@H]1c2c(cc(F)c(-c3cccc4cc[nH]c34)c2F)NC(C)(C)[C@@H]1O,train
CHEMBL16972,CHEMBL1871,4.955,2013,4.955,Cc1ccc(-c2cc(=O)c3c(O)cccc3o2)cc1,train
CHEMBL1702133,CHEMBL1871,3.6989700043360187,2013,3.6989700043360187,O=C(O)CCn1c(SCCOc2ccccc2)nc2ccccc21,train
CHEMBL1721724,CHEMBL1871,3.6989700043360187,2013,3.6989700043360187,Cc1cccc(OCCSc2nc3ccccc3n2CCC(=O)O)c1,train
CHEMBL1738889,CHEMBL1871,7.7,2019,7.7,C[C@](O)(COc1ccc(C#N)cc1)C(=O)Nc1ccc(C#N)c(C(F)(F)F)c1,train
CHEMBL1738936,CHEMBL1871,4.88,2011,4.88,Cc1ccc(OCCn2c(SCCOc3ccccc3)nc3ccccc32)cc1,train
CHEMBL1738937,CHEMBL1871,4.301029995663981,2011,4.301029995663981,Cc1ccc(OCCn2c(SCCC(=O)O)nc3ccccc32)cc1,train
CHEMBL1760023,CHEMBL1871,5.55,2011,5.55,CO/N=C1/c2c(cc(F)c(-c3cccc4c(C)c[nH]c34)c2F)NC(C)(C)C1O,train
CHEMBL1762202,CHEMBL1871,6.0,2011,6.0,Cc1c[nH]c2c(-c3c(F)cc4c(c3F)/C(=N/OC(C)(C)C)CC(C)(C)N4)cccc12,train
CHEMBL1762203,CHEMBL1871,7.05,2011,7.05,CC1(C)C/C(=N\OC(C)(C)C)c2c(cc(F)c(-c3cccc4c(Cl)c[nH]c34)c2F)N1,train
CHEMBL1762204,CHEMBL1871,5.82,2011,5.82,Cc1c[nH]c2c(-c3c(F)cc4c(c3F)/C(=N/OC(C)C)CC(C)(C)N4)cccc12,train
CHEMBL1762209,CHEMBL1871,6.54,2011,6.54,Cc1c[nH]c2c(-c3c(F)cc4c(c3F)/C(=N/OC(C)(C)CO)CC(C)(C)N4)cccc12,train
CHEMBL1762210,CHEMBL1871,6.37,2011,6.37,CCO/N=C1/c2c(cc(F)c(-c3cccc4c(C)c[nH]c34)c2F)NC(C)(C)C1O,train
CHEMBL1782494,CHEMBL1871,5.609999999999999,2011,5.609999999999999,C[C@](O)(CS(=O)(=O)c1cccc2ccccc12)C(=O)Nc1ccc(C#N)c(C(F)(F)F)c1,train
CHEMBL1782495,CHEMBL1871,5.609999999999999,2011,5.609999999999999,C[C@](O)(CS(=O)(=O)c1ccccc1Cc1ccccc1)C(=O)Nc1ccc(C#N)c(C(F)(F)F)c1,val
CHEMBL1782496,CHEMBL1871,5.609999999999999,2011,5.609999999999999,C[C@](O)(CS(=O)(=O)c1ccccc1-c1ccccc1)C(=O)Nc1ccc(C#N)c(C(F)(F)F)c1,train
CHEMBL178333,CHEMBL1871,8.3,2005,8.3,O=C1[C@@H]2C3CCC(C3)[C@@H]2C(=O)N1c1ccc([N+](=O)[O-])c(C(F)(F)F)c1,train
CHEMBL1783642,CHEMBL1871,5.21,2013,5.21,CC[Si](CC)(c1ccc(OCC(=O)C(C)(C)C)c(C)c1)c1ccc(OCC(=O)C(C)(C)C)c(C)c1,val
CHEMBL178469,CHEMBL1871,6.39,2005,6.39,O=C1[C@@H]2C3C=CC(C3)[C@@H]2C(=O)N1c1cccc(C(F)(F)F)c1,train
CHEMBL178886,CHEMBL1871,6.8,2005,6.8,O=C1[C@@H]2C3C=CC(C3)[C@@H]2C(=O)N1c1cc(Cl)cc(Cl)c1,train
CHEMBL178957,CHEMBL1871,6.7,2005,6.7,O=C1[C@@H]2C3C=CC(C3)[C@@H]2C(=O)N1c1cc(C(F)(F)F)cc(C(F)(F)F)c1,train
CHEMBL1800981,CHEMBL1871,6.0,2010,6.0,CC(C)(C(=O)Nc1nncs1)[C@@H](c1ccccc1)c1ccc(O)c(F)c1,train
CHEMBL1800983,CHEMBL1871,5.3979400086720375,2010,5.3979400086720375,Cc1cc([C@H](c2ccccc2)C(C)(C)C(=O)Nc2nncs2)ccc1O,train
CHEMBL1800984,CHEMBL1871,5.63,2010,5.63,CC(C)(C(=O)Nc1nccs1)[C@H]1c2ccccc2Oc2cc(O)ccc21,train
CHEMBL1800985,CHEMBL1871,6.16,2010,6.16,CC(C)(C(=O)Nc1nncs1)[C@H]1c2ccccc2Oc2cc(O)ccc21,test
CHEMBL1801005,CHEMBL1871,5.522878745280337,2010,5.522878745280337,CC(C)(C(=O)Nc1nccs1)[C@@H](c1ccccc1)c1ccc(O)c(C#N)c1,train
CHEMBL1801006,CHEMBL1871,6.43,2010,6.43,CC(C)(C(=O)Nc1nccs1)[C@@H](c1ccccc1)c1ccc(O)c(Br)c1,train
CHEMBL1801008,CHEMBL1871,5.99,2010,5.99,CC(C)(C(=O)Nc1nccs1)[C@@H](c1ccccc1)c1ccc(O)c(F)c1,train
CHEMBL1801012,CHEMBL1871,5.98,2010,5.98,CC(C)(C(=O)Nc1nccs1)[C@@H](c1ccccc1)c1ccc(O)cc1,train
CHEMBL1802077,CHEMBL1871,6.17,2012,6.17,COc1ccccc1C(=O)/C=C/c1ccccc1[N+](=O)[O-],train
CHEMBL180681,CHEMBL1871,7.17,2005,7.17,Cc1cc(N2C(=O)[C@@H]3C4C=CC(CC4)[C@@H]3C2=O)ccc1Br,train
CHEMBL180859,CHEMBL1871,6.88,2005,6.88,O=C1[C@@H]2C3C=CC(C3)[C@@H]2C(=O)N1c1ccc(F)c(Cl)c1,train
CHEMBL181571,CHEMBL1871,9.0,2005,9.0,O=C1[C@@H]2C3C=CC(C3)[C@@H]2C(=O)N1c1ccc([N+](=O)[O-])c2ccccc12,train
CHEMBL181674,CHEMBL1871,6.58,2005,6.58,O=C1[C@@H]2C3C=CC(C3)[C@@H]2C(=O)N1c1ccc2ccccc2c1,train
CHEMBL181722,CHEMBL1871,6.63,2005,6.63,O=C1[C@@H]2C3C=CC(C3)[C@@H]2C(=O)N1c1ccc2cccnc2c1,train
CHEMBL182186,CHEMBL1871,6.75,2005,6.75,O=C1[C@@H]2C3C=CC(C3)[C@@H]2C(=O)N1c1ccc([N+](=O)[O-])cc1,train
CHEMBL1822155,CHEMBL1871,4.775,2011,4.775,COc1ccc(C2Nc3cccc4cccc(c34)N2)cc1O,val
CHEMBL1822156,CHEMBL1871,4.62,2011,4.62,Oc1ccc(C2Nc3cccc4cccc(c34)N2)cc1O,val
CHEMBL1822157,CHEMBL1871,4.53,2011,4.53,CC1=NN(c2ccccc2)C(=O)/C1=N\Nc1ccc(C(=O)O)c(O)c1,val
CHEMBL182236,CHEMBL1871,6.9,2005,6.9,Cc1cc(N2C(=O)[C@@H]3C4C=CC(C4)[C@@H]3C2=O)ccc1Br,train
CHEMBL182412,CHEMBL1871,7.18,2005,7.18,O=C1[C@@H]2C3C=CC(CC3)[C@@H]2C(=O)N1c1cccc(C(F)(F)F)c1,train
CHEMBL182593,CHEMBL1871,6.8,2005,6.8,O=C1[C@@H]2C3C=CC(C3)[C@@H]2C(=O)N1c1ccc(Cl)c(Cl)c1,train
CHEMBL182993,CHEMBL1871,6.83,2005,6.83,O=C1[C@@H]2C3C=CC([C@H]4C[C@@H]34)[C@@H]2C(=O)N1c1cccc(C(F)(F)F)c1,val
CHEMBL1830768,CHEMBL1871,7.055,2011,7.055,CC1(C)COC(=O)C1Oc1ccc(C#N)c(C(F)(F)F)c1,train
CHEMBL1830769,CHEMBL1871,7.27,2011,7.27,CC1(C)COC(=O)[C@@H]1Oc1ccc(C#N)c(C(F)(F)F)c1,train
CHEMBL1830770,CHEMBL1871,5.5,2011,5.5,CC1(C)COC(=O)[C@H]1Oc1ccc(C#N)c(C(F)(F)F)c1,train
CHEMBL1830771,CHEMBL1871,6.32,2011,6.32,CC1(C)CNC(=O)C1Oc1ccc(C#N)c(C(F)(F)F)c1,train
CHEMBL1830772,CHEMBL1871,5.92,2011,5.92,CN1CC(C)(C)C(Oc2ccc(C#N)c(C(F)(F)F)c2)C1=O,train
CHEMBL1830773,CHEMBL1871,6.4,2011,6.4,CCN1CC(C)(C)C(Oc2ccc(C#N)c(C(F)(F)F)c2)C1=O,train
CHEMBL1830774,CHEMBL1871,6.905,2011,6.905,CCCN1CC(C)(C)C(Oc2ccc(C#N)c(C(F)(F)F)c2)C1=O,train
CHEMBL1830775,CHEMBL1871,7.42,2011,7.42,CCCCN1CC(C)(C)C(Oc2ccc(C#N)c(C(F)(F)F)c2)C1=O,train
CHEMBL1830776,CHEMBL1871,6.57,2011,6.57,CCCCCN1CC(C)(C)C(Oc2ccc(C#N)c(C(F)(F)F)c2)C1=O,train
CHEMBL1830777,CHEMBL1871,6.12,2011,6.12,CCCCCCN1CC(C)(C)C(Oc2ccc(C#N)c(C(F)(F)F)c2)C1=O,train
CHEMBL1830778,CHEMBL1871,7.460000000000001,2011,7.460000000000001,CCCC(C)N1CC(C)(C)C(Oc2ccc(C#N)c(C(F)(F)F)c2)C1=O,train
CHEMBL1830779,CHEMBL1871,6.88,2011,6.88,CCC(C)N1CC(C)(C)C(Oc2ccc(C#N)c(C(F)(F)F)c2)C1=O,train
CHEMBL1830780,CHEMBL1871,6.35,2011,6.35,CCC(CC)CN1CC(C)(C)C(Oc2ccc(C#N)c(C(F)(F)F)c2)C1=O,train
CHEMBL1830781,CHEMBL1871,6.1,2011,6.1,CC(C)CCCN1CC(C)(C)C(Oc2ccc(C#N)c(C(F)(F)F)c2)C1=O,train
CHEMBL1830782,CHEMBL1871,6.29,2011,6.29,COCN1CC(C)(C)C(Oc2ccc(C#N)c(C(F)(F)F)c2)C1=O,train
CHEMBL1830783,CHEMBL1871,5.75,2011,5.75,COCCN1CC(C)(C)C(Oc2ccc(C#N)c(C(F)(F)F)c2)C1=O,train
CHEMBL1830784,CHEMBL1871,5.61,2011,5.61,CSCCN1CC(C)(C)C(Oc2ccc(C#N)c(C(F)(F)F)c2)C1=O,train
CHEMBL1830785,CHEMBL1871,6.28,2011,6.28,CC1(C)CN(CCCO)C(=O)C1Oc1ccc(C#N)c(C(F)(F)F)c1,train
CHEMBL1830786,CHEMBL1871,6.414999999999999,2011,6.414999999999999,COC(=O)CN1CC(C)(C)C(Oc2ccc(C#N)c(C(F)(F)F)c2)C1=O,train
CHEMBL1830787,CHEMBL1871,5.45,2011,5.45,CCOC(=O)CN1CC(C)(C)C(Oc2ccc(C#N)c(C(F)(F)F)c2)C1=O,train
CHEMBL1830788,CHEMBL1871,5.31,2011,5.31,CCNC(=O)CN1CC(C)(C)C(Oc2ccc(C#N)c(C(F)(F)F)c2)C1=O,train
CHEMBL1830789,CHEMBL1871,7.47,2011,7.47,CC1(C)CN(Cc2ccccc2)C(=O)C1Oc1ccc(C#N)c(C(F)(F)F)c1,test
CHEMBL1830937,CHEMBL1871,6.53,2011,6.53,COc1ccccc1CN1CC(C)(C)C(Oc2ccc(C#N)c(C(F)(F)F)c2)C1=O,test
CHEMBL1830938,CHEMBL1871,6.734999999999999,2011,6.734999999999999,COc1cccc(CN2CC(C)(C)C(Oc3ccc(C#N)c(C(F)(F)F)c3)C2=O)c1,test
CHEMBL1830939,CHEMBL1871,6.55,2011,6.55,COc1ccc(CN2CC(C)(C)C(Oc3ccc(C#N)c(C(F)(F)F)c3)C2=O)cc1,test
CHEMBL1830940,CHEMBL1871,6.995,2011,6.995,CC1(C)CN(Cc2ccccc2F)C(=O)C1Oc1ccc(C#N)c(C(F)(F)F)c1,test
CHEMBL1830941,CHEMBL1871,7.265000000000001,2011,7.265000000000001,CC1(C)CN(Cc2cccc(F)c2)C(=O)C1Oc1ccc(C#N)c(C(F)(F)F)c1,test
CHEMBL1830942,CHEMBL1871,6.77,2011,6.77,CC1(C)CN(Cc2ccc(F)cc2)C(=O)C1Oc1ccc(C#N)c(C(F)(F)F)c1,test
CHEMBL1830943,CHEMBL1871,7.83,2011,7.83,CC1(C)CN(Cc2ccccc2O)C(=O)C1Oc1ccc(C#N)c(C(F)(F)F)c1,test
CHEMBL1830944,CHEMBL1871,7.0909243748081785,2011,7.0909243748081785,CC1(C)CN(Cc2cccc(O)c2)C(=O)C1Oc1ccc(C#N)c(C(F)(F)F)c1,test
CHEMBL1830945,CHEMBL1871,7.635,2011,7.635,CC1(C)CN(Cc2ccc(O)cc2)C(=O)C1Oc1ccc(C#N)c(C(F)(F)F)c1,test
CHEMBL1830946,CHEMBL1871,7.01,2011,7.01,CSc1ccc(CN2CC(C)(C)C(Oc3ccc(C#N)c(C(F)(F)F)c3)C2=O)cc1,test
CHEMBL1830947,CHEMBL1871,6.12,2011,6.12,CC1(C)CN(Cc2ccccn2)C(=O)C1Oc1ccc(C#N)c(C(F)(F)F)c1,train
CHEMBL1830948,CHEMBL1871,6.06,2011,6.06,CC1(C)CN(Cc2cccnc2)C(=O)C1Oc1ccc(C#N)c(C(F)(F)F)c1,train
CHEMBL1830949,CHEMBL1871,6.555924374808178,2011,6.555924374808178,CC1(C)CN(Cc2ccncc2)C(=O)C1Oc1ccc(C#N)c(C(F)(F)F)c1,train
CHEMBL1830950,CHEMBL1871,6.895,2011,6.895,CCOC(=O)c1ccc(CN2CC(C)(C)C(Oc3ccc(C#N)c(C(F)(F)F)c3)C2=O)o1,train
CHEMBL1830951,CHEMBL1871,6.357878745280337,2011,6.357878745280337,COC(=O)c1csc(CN2CC(C)(C)C(Oc3ccc(C#N)c(C(F)(F)F)c3)C2=O)n1,train
CHEMBL1830952,CHEMBL1871,7.33,2011,7.33,CC1(C)CN(Cc2nc3ccccc3s2)C(=O)C1Oc1ccc(C#N)c(C(F)(F)F)c1,test
CHEMBL1830953,CHEMBL1871,6.49,2011,6.49,Cc1nc(CN2CC(C)(C)C(Oc3ccc(C#N)c(C(F)(F)F)c3)C2=O)cs1,val
CHEMBL1830954,CHEMBL1871,7.24,2011,7.24,CC1(C)CN(Cc2noc(-c3ccccc3)n2)C(=O)C1Oc1ccc(C#N)c(C(F)(F)F)c1,train
CHEMBL1830955,CHEMBL1871,7.035,2011,7.035,CC1(C)CN(Cc2nc(-c3ccccc3)no2)C(=O)C1Oc1ccc(C#N)c(C(F)(F)F)c1,train
CHEMBL183173,CHEMBL1871,5.39,2005,5.39,CN1C(=O)C2C=CC1[C@@H]1C(=O)N(c3ccc([N+](=O)[O-])c4ccccc34)C(=O)[C@H]21,test
CHEMBL1835807,CHEMBL1871,5.0,2011,5.0,CCN(CC)c1cc2oc(=O)ccc2cc1-c1ccccc1,train
CHEMBL1835832,CHEMBL1871,5.01,2011,5.01,CCN(CC)c1cc2oc(=O)ccc2cc1-c1cccs1,train
CHEMBL183882,CHEMBL1871,6.75,2005,6.75,O=C1[C@@H]2C3CCCC(CC3)[C@@H]2C(=O)N1c1cccc(C(F)(F)F)c1,train
CHEMBL184228,CHEMBL1871,7.9799999999999995,2004,7.9799999999999995,CC[C@H]1C[C@@]2(C)C(CC[C@@H]2O)C2CCC3=CC(=O)CCC3=C21,val
CHEMBL184313,CHEMBL1871,10.0,2004,10.0,CCCCC[C@H]1C[C@@]2(C)C(CC[C@@H]2O)C2CCC3=CC(=O)CCC3=C21,val
CHEMBL184981,CHEMBL1871,7.08,2005,7.08,O=C1[C@@H]2C3C=CC(CC3)[C@@H]2C(=O)N1c1ccc(Cl)c(Cl)c1,train
CHEMBL185265,CHEMBL1871,5.8,2005,5.8,Cc1c(NS(C)(=O)=O)cccc1N(Cc1ccccc1)Cc1ccc(Oc2cccc(OCCCC(=O)NCCCC(=O)O)c2)cc1,train
CHEMBL185880,CHEMBL1871,5.89,2004,5.89,O=C1[C@H]2[C@H]3CC[C@H](C3)N2C(=O)N1c1ccc([N+](=O)[O-])c2ccccc12,test
CHEMBL186254,CHEMBL1871,7.77,2004,7.77,CCCCCCCCCC[C@H]1C[C@@]2(C)C(CC[C@@H]2O)C2CCC3=CC(=O)CCC3=C21,val
CHEMBL186467,CHEMBL1871,8.18,2004,8.18,CCCCCCCC[C@H]1C[C@@]2(C)C(CC[C@@H]2O)C2CCC3=CC(=O)CCC3=C21,val
CHEMBL187605,CHEMBL1871,6.11,2004,6.11,CC(C)(C)OC(=O)N1C[C@@H]2C[C@H]1[C@@H]1C(=O)N(c3ccc(C#N)c(C(F)(F)F)c3)C(=O)N21,train
CHEMBL188129,CHEMBL1871,5.48,2004,5.48,CC(C)(C)OC(=O)N1C[C@@H]2C[C@H]1[C@@H]1C(=O)N(c3ccc([N+](=O)[O-])c4ccccc34)C(=O)N21,train
CHEMBL188261,CHEMBL1871,5.85,2004,5.85,CC(C)(C)OC(=O)N1C[C@@H]2C[C@H]1[C@]1(C)C(=O)N(c3ccc(C#N)c(C(F)(F)F)c3)C(=O)N21,train
CHEMBL188297,CHEMBL1871,8.0,2004,8.0,O=C1[C@@H]2[C@@H]3CC[C@@H](C3)[C@@H]2C(=O)N1c1ccc([N+](=O)[O-])c(C(F)(F)F)c1,train
CHEMBL188545,CHEMBL1871,5.88,2004,5.88,CC(C)(C)OC(=O)N1C[C@@H]2C[C@H]1[C@H]1C(=O)N(c3ccc([N+](=O)[O-])c4ccccc34)C(=O)N21,train
CHEMBL188681,CHEMBL1871,5.301029995663981,2004,5.301029995663981,CC(C)(C)OC(=O)N1C[C@H]2C[C@@H]1[C@H]1C(=O)N(c3ccc(C#N)c(C(F)(F)F)c3)C(=O)N21,train
CHEMBL188803,CHEMBL1871,5.59,2004,5.59,CC(C)(C)OC(=O)N1C[C@@H]2C[C@H]1[C@@H]1C(=O)N(c3ccc(C#N)cc3)C(=O)N21,train
CHEMBL188857,CHEMBL1871,5.46,2004,5.46,CC(C)(C)OC(=O)N1C[C@@H]2C[C@H]1[C@H]1C(=O)N(c3ccc(C#N)cc3)C(=O)N21,train
CHEMBL189306,CHEMBL1871,8.709999999999999,2004,8.709999999999999,CCCCCCCCCCCC[C@H]1C[C@@]2(C)C(CC[C@@H]2O)C2CCC3=CC(=O)CCC3=C21,val
CHEMBL189600,CHEMBL1871,6.52,2004,6.52,N#Cc1ccc(N2C(=O)[C@H]3[C@@H]4C[C@@H](CN4C(=O)c4ccccc4)N3C2=O)cc1C(F)(F)F,test
CHEMBL190109,CHEMBL1871,5.44,2005,5.44,Cc1c(NS(C)(=O)=O)cccc1N(Cc1ccc(Oc2ccc(Cl)c(OCC(=O)O)c2)cc1)Cc1ccc(F)cc1F,train
CHEMBL190225,CHEMBL1871,4.93,2005,4.93,Cc1c(NS(C)(=O)=O)cccc1N(Cc1ccccc1)Cc1ccc(Oc2ccc(OCC(=O)O)cc2)cc1,train
CHEMBL1908373,CHEMBL1871,6.57,1996,6.57,CN(C)c1ccc([C@H]2C[C@]3(C)[C@@H](CC[C@]3(O)CCCO)[C@@H]3CCC4=CC(=O)CCC4=C32)cc1,train
CHEMBL1911151,CHEMBL1871,5.301029995663981,2011,5.301029995663981,CCCc1ccc(-c2ccc3c(n2)Oc2ccccc2[C@H]3C(C)(C)C(=O)Nc2nncs2)cc1,train
CHEMBL1911272,CHEMBL1871,5.301029995663981,2011,5.301029995663981,CN(C)C(=O)c1ccc(-c2ccc3c(n2)Oc2ccccc2[C@H]3C(C)(C)C(=O)Nc2nncs2)cc1F,train
CHEMBL1914477,CHEMBL1871,7.27,2011,7.27,Cc1cc(C(=O)N[C@H]2C(C)(C)[C@H](Oc3ccc(C#N)c(Cl)c3)C2(C)C)nn1C,train
CHEMBL1916236,CHEMBL1871,6.76,2011,6.76,CC(=O)N[C@H]1C(C)(C)[C@H](Oc2ccc(C#N)c(C#N)c2)C1(C)C,train
CHEMBL1916237,CHEMBL1871,7.5,2011,7.5,CC(=O)N[C@H]1C(C)(C)[C@H](Oc2ccc(C#N)c(Cl)c2)C1(C)C,train
CHEMBL1916238,CHEMBL1871,7.16,2011,7.16,CC(=O)N[C@H]1C(C)(C)[C@H](Oc2ccc(C#N)c(C)c2)C1(C)C,train
CHEMBL1916239,CHEMBL1871,6.9,2011,6.9,CC(=O)N[C@H]1C(C)(C)[C@H](Oc2ccc(C#N)c(C(F)(F)F)c2)C1(C)C,train
CHEMBL1916240,CHEMBL1871,6.79,2011,6.79,CC(=O)N[C@H]1C(C)(C)[C@H](Oc2ccc(C#N)cc2Cl)C1(C)C,train
CHEMBL1916241,CHEMBL1871,6.29,2011,6.29,CC(=O)N[C@H]1C(C)(C)[C@H](Oc2ccc(C#N)c(C)n2)C1(C)C,train
CHEMBL1916242,CHEMBL1871,7.09,2011,7.09,CC1(C)[C@H](NC(=O)c2cnccn2)C(C)(C)[C@H]1Oc1ccc(C#N)c(Cl)c1,val
CHEMBL1916243,CHEMBL1871,7.12,2011,7.12,CC1(C)[C@H](NC(=O)c2cc[nH]n2)C(C)(C)[C@H]1Oc1ccc(C#N)c(Cl)c1,train
CHEMBL1916244,CHEMBL1871,7.38,2011,7.38,CC1(C)[C@H](NC(=O)c2cn[nH]c2)C(C)(C)[C@H]1Oc1ccc(C#N)c(Cl)c1,train
CHEMBL1916245,CHEMBL1871,7.7,2011,7.7,Cn1cc(C(=O)N[C@H]2C(C)(C)[C@H](Oc3ccc(C#N)c(Cl)c3)C2(C)C)cn1,train
CHEMBL1916246,CHEMBL1871,7.52,2011,7.52,Cc1nnc(C(=O)N[C@H]2C(C)(C)[C@H](Oc3ccc(C#N)c(Cl)c3)C2(C)C)o1,test
CHEMBL1916247,CHEMBL1871,7.8,2011,7.8,CC1(C)[C@H](NC(=O)c2cnc3ncccn23)C(C)(C)[C@H]1Oc1ccc(C#N)c(Cl)c1,train
CHEMBL1916248,CHEMBL1871,7.16,2011,7.16,Cc1nc2ncccn2c1C(=O)N[C@H]1C(C)(C)[C@H](Oc2ccc(C#N)c(Cl)c2)C1(C)C,train
CHEMBL1916249,CHEMBL1871,6.87,2011,6.87,COCCn1ccc(C(=O)N[C@H]2C(C)(C)[C@H](Oc3ccc(C#N)c(Cl)c3)C2(C)C)n1,train
CHEMBL1916250,CHEMBL1871,6.87,2011,6.87,CC1(C)[C@H](NC(=O)c2ccn(CCO)n2)C(C)(C)[C@H]1Oc1ccc(C#N)c(Cl)c1,train
CHEMBL1916251,CHEMBL1871,7.23,2011,7.23,CC1(C)[C@H](NC(=O)c2cnn(CCO)c2)C(C)(C)[C@H]1Oc1ccc(C#N)c(Cl)c1,train
CHEMBL1916252,CHEMBL1871,7.05,2011,7.05,CC1(C)[C@H](NC(=O)c2ccn(CCC#N)n2)C(C)(C)[C@H]1Oc1ccc(C#N)c(Cl)c1,train
CHEMBL1916253,CHEMBL1871,6.79,2011,6.79,CNC(=O)Cn1ccc(C(=O)N[C@H]2C(C)(C)[C@H](Oc3ccc(C#N)c(Cl)c3)C2(C)C)n1,train
CHEMBL1916254,CHEMBL1871,6.76,2011,6.76,CN(C)C(=O)Cn1ccc(C(=O)N[C@H]2C(C)(C)[C@H](Oc3ccc(C#N)c(Cl)c3)C2(C)C)n1,train
CHEMBL1916412,CHEMBL1871,6.84,2011,6.84,Cc1nc(O[C@H]2C(C)(C)[C@H](NC(=O)c3cnc4ncccn34)C2(C)C)ccc1C#N,train
CHEMBL1923999,CHEMBL1871,4.301029995663981,2011,4.301029995663981,O=C(O)c1cccc(CSc2ccc(Cl)cc2Cl)c1,train
CHEMBL1924000,CHEMBL1871,5.0,2011,5.0,COC(=O)c1ccc([C@H]2Nc3ccc(C(C)=O)cc3[C@H]3C=CC[C@H]32)cc1,val
CHEMBL1924001,CHEMBL1871,5.0,2011,5.0,CCOC(=O)c1ccc2c(c1)[C@H]1C=CC[C@@H]1[C@@H](c1ccccc1)N2,val
CHEMBL1924002,CHEMBL1871,5.0,2011,5.0,NS(=O)(=O)c1ccc2c(c1)[C@@H]1C=CC[C@@H]1[C@@H](c1ccc(Br)cc1)N2,val
CHEMBL1924003,CHEMBL1871,4.301029995663981,2011,4.301029995663981,Cc1cc(/C=C/C(=O)O)c(C)n1-c1ccc2c(c1)OCO2,test
CHEMBL1928869,CHEMBL1871,5.0,2011,5.0,O=C1COc2ccc(C3=Nn4cnnc4SC3)cc2N1,train
CHEMBL1928872,CHEMBL1871,5.44,2011,5.44,O=C1COc2ccc(C3=Nn4cnnc4SC3c3ccccc3)cc2N1,train
CHEMBL1928874,CHEMBL1871,5.23,2011,5.23,O=C1COc2ccc(C3=Nn4cnnc4SC3c3ccccc3F)cc2N1,train
CHEMBL1928875,CHEMBL1871,5.33,2011,5.33,O=C1COc2ccc(C3=Nn4cnnc4SC3c3cccc(F)c3)cc2N1,train
CHEMBL1928876,CHEMBL1871,5.0,2011,5.0,O=C1COc2ccc(C3=Nn4cnnc4SC3c3ccc(F)cc3)cc2N1,train
CHEMBL1928877,CHEMBL1871,7.02,2011,7.02,O=C1COc2ccc(C3=Nn4ccnc4SC3c3ccccc3)cc2N1,train
CHEMBL1928878,CHEMBL1871,5.92,2011,5.92,O=C1COc2ccc(C3=Nc4ccccc4SC3c3ccccc3)cc2N1,val
CHEMBL1928881,CHEMBL1871,5.0,2011,5.0,Cc1cc(-c2ccc3c(c2)NC(=O)CO3)n(-c2ccccc2)n1,test
CHEMBL1928882,CHEMBL1871,5.0,2011,5.0,Cc1cc(-c2ccc3c(c2)NC(=O)CO3)n(-c2ccc(F)cc2)n1,test
CHEMBL1929036,CHEMBL1871,5.0,2011,5.0,Cc1ccccc1-n1nc(C(F)(F)F)cc1-c1ccc2c(c1)NC(=O)CO2,test
CHEMBL1929039,CHEMBL1871,5.0,2011,5.0,Cc1cc(F)ccc1-n1nc(C(F)(F)F)cc1-c1ccc2c(c1)NC(=O)CO2,test
CHEMBL1929040,CHEMBL1871,5.0,2011,5.0,Cc1cc(F)ccc1-n1nc(C(F)(F)F)cc1-c1cc(F)c2c(c1)NC(=O)CO2,test
CHEMBL1929041,CHEMBL1871,5.35,2011,5.35,Cc1cc(F)ccc1-n1nc(C(F)(F)F)cc1-c1cc(Cl)c2c(c1)NC(=O)CO2,test
CHEMBL1929042,CHEMBL1871,5.0,2011,5.0,Cc1cc(F)ccc1-n1nc(C(F)(F)F)cc1-c1cc(C)c2c(c1)NC(=O)CO2,test
CHEMBL1933081,CHEMBL1871,6.01,2012,6.01,CCOC(=O)c1c(-c2ccc([N+](=O)[O-])cc2)c(C)n(CCc2ccccc2)c1C,test
CHEMBL1934427,CHEMBL1871,6.62,2012,6.62,CCOC(=O)c1c(C)[nH]c(C)c1-c1ccc([N+](=O)[O-])cc1,test
CHEMBL1934428,CHEMBL1871,6.68,2012,6.68,CCOC(=O)c1c(-c2ccc([N+](=O)[O-])cc2)c(C)n(C)c1C,test
CHEMBL1934429,CHEMBL1871,5.6777807052660805,2012,5.6777807052660805,CCOC(=O)c1c(-c2ccc([N+](=O)[O-])cc2)c(C)n(-c2ccccc2)c1C,test
CHEMBL1934430,CHEMBL1871,6.8,2012,6.8,CCOC(=O)c1c(-c2ccc([N+](=O)[O-])cc2)c(C)n(Cc2ccccc2)c1C,train
CHEMBL1934431,CHEMBL1871,5.43,2012,5.43,CCOC(=O)c1c(-c2ccc([N+](=O)[O-])cc2)c(C)n(CC2CCCCC2)c1C,train
CHEMBL1934432,CHEMBL1871,5.82,2012,5.82,CCOC(=O)c1c(-c2ccc([N+](=O)[O-])cc2)c(C)n(C(=O)c2ccccc2)c1C,train
CHEMBL1934433,CHEMBL1871,5.33,2012,5.33,CCOC(=O)c1c(-c2ccc([N+](=O)[O-])cc2)c(C)n(S(=O)(=O)c2ccccc2)c1C,train
CHEMBL1934434,CHEMBL1871,6.82,2012,6.82,COC(=O)c1c(-c2ccc([N+](=O)[O-])cc2)c(C)n(Cc2ccccc2)c1C,train
CHEMBL1934435,CHEMBL1871,5.19,2012,5.19,Cc1c(C(=O)O)c(-c2ccc([N+](=O)[O-])cc2)c(C)n1Cc1ccccc1,train
CHEMBL1934436,CHEMBL1871,6.18,2012,6.18,Cc1c(CO)c(-c2ccc([N+](=O)[O-])cc2)c(C)n1Cc1ccccc1,train
CHEMBL1934437,CHEMBL1871,6.05,2012,6.05,CC(=O)c1c(-c2ccc([N+](=O)[O-])cc2)c(C)n(Cc2ccccc2)c1C,train
CHEMBL1934438,CHEMBL1871,6.68,2012,6.68,Cc1cc(-c2ccc([N+](=O)[O-])cc2)c(C)n1Cc1ccccc1,train
CHEMBL1934439,CHEMBL1871,5.89,2012,5.89,COC(=O)c1c(-c2ccccc2)c(C)n(Cc2ccccc2)c1C,train
CHEMBL1934440,CHEMBL1871,6.92,2012,6.92,COC(=O)c1c(-c2ccc(C#N)cc2)c(C)n(Cc2ccccc2)c1C,train
CHEMBL1934441,CHEMBL1871,6.5,2012,6.5,COC(=O)c1c(-c2ccc(C#N)c(C(F)(F)F)c2)c(C)n(Cc2ccccc2)c1C,train
CHEMBL1934442,CHEMBL1871,7.4,2012,7.4,Cc1c(C#N)c(-c2ccc(C#N)cc2)c(C)n1Cc1ccccc1,train
CHEMBL1934443,CHEMBL1871,7.19,2012,7.19,Cc1c(C#N)c(-c2ccc(C#N)cc2)c(C)n1Cc1cccnc1,train
CHEMBL1934444,CHEMBL1871,7.35,2012,7.35,Cc1c(C#N)c(-c2ccc(C#N)cc2)c(C)n1Cc1ccc(Cl)nc1,train
CHEMBL1934445,CHEMBL1871,6.82,2012,6.82,Cc1c(C#N)c(-c2ccc(C#N)cc2)c(C)n1Cc1cncc(CO)c1,train
CHEMBL1934446,CHEMBL1871,7.0,2012,7.0,Cc1c(C#N)c(-c2ccc(C#N)cc2)c(C)n1Cc1cnc(Cl)c(CO)c1,train
CHEMBL1934447,CHEMBL1871,6.09,2012,6.09,Cc1c(-c2ccc(C#N)cc2)c(C#N)cn1Cc1cnc(Cl)c(CO)c1,train
CHEMBL1934448,CHEMBL1871,6.77,2012,6.77,Cc1c(C#N)c(-c2ccc(C#N)cc2)cn1Cc1cnc(Cl)c(CO)c1,train
CHEMBL1946622,CHEMBL1871,6.98,2012,6.98,CC1(C)CNC(=O)[C@@H]1Oc1ccc(C#N)c(C(F)(F)F)c1,train
CHEMBL1946805,CHEMBL1871,6.58,2012,6.58,CC(=O)CN1CC(C)(C)[C@@H](Oc2ccc(C#N)c(C(F)(F)F)c2)C1=O,train
CHEMBL1946806,CHEMBL1871,6.2,2012,6.2,Cc1nnc(CN2CC(C)(C)[C@@H](Oc3ccc(C#N)c(C(F)(F)F)c3)C2=O)o1,val
CHEMBL1946807,CHEMBL1871,7.11,2012,7.11,CC(c1nnc(-c2cccc(F)c2)o1)N1CC(C)(C)C(Oc2ccc(C#N)c(C(F)(F)F)c2)C1=O,train
CHEMBL1946809,CHEMBL1871,7.15,2012,7.15,CC1(C)CN(Cc2nnc(-c3ccccc3)o2)C(=O)[C@@H]1Oc1ccc(C#N)c(C(F)(F)F)c1,train
CHEMBL1946811,CHEMBL1871,6.88,2012,6.88,CC1(C)CN(CCC#N)C(=O)[C@@H]1Oc1ccc(C#N)c(C(F)(F)F)c1,train
CHEMBL1946812,CHEMBL1871,6.58,2012,6.58,CC1(C)CN(CCO)C(=O)[C@@H]1Oc1ccc(C#N)c(C(F)(F)F)c1,train
CHEMBL1947177,CHEMBL1871,6.449999999999999,2012,6.449999999999999,CC(CO)N1CC(C)(C)[C@@H](Oc2ccc(C#N)c(C(F)(F)F)c2)C1=O,train
CHEMBL1947178,CHEMBL1871,6.12,2012,6.12,CC1(C)CN(C(C)(C)CO)C(=O)[C@@H]1Oc1ccc(C#N)c(C(F)(F)F)c1,train
CHEMBL1947179,CHEMBL1871,6.34,2012,6.34,CC(O)CN1CC(C)(C)[C@@H](Oc2ccc(C#N)c(C(F)(F)F)c2)C1=O,train
CHEMBL1947183,CHEMBL1871,6.43,2012,6.43,CC(CO)CN1CC(C)(C)[C@@H](Oc2ccc(C#N)c(C(F)(F)F)c2)C1=O,train
CHEMBL1947185,CHEMBL1871,7.17,2012,7.17,CC1(C)CN(CCC#N)C(=O)[C@@H]1Oc1ccc(C#N)c(Cl)c1,train
CHEMBL195033,CHEMBL1871,5.48,2009,5.48,O=C1CC(c2ccccc2)Oc2ccc(O)cc21,train
CHEMBL1957607,CHEMBL1871,6.535,2012,6.535,Cc1nn(-c2ccc(C#N)c(Cl)c2)c(C)c1Cc1ccc(C(=O)NC(C)(C)C)cc1,train
CHEMBL1957608,CHEMBL1871,6.35,2012,6.35,Cc1nn(-c2ccc(C#N)c(Cl)c2)c(C)c1Cc1ccc(C(=O)NCC(C)(C)O)cc1,train
CHEMBL1957609,CHEMBL1871,5.890000000000001,2012,5.890000000000001,Cc1nn(-c2ccc(C#N)c(Cl)c2)c(C)c1Cc1ccc(C(=O)N2CCOCC2)cc1,train
CHEMBL1957610,CHEMBL1871,6.355,2012,6.355,Cc1nn(-c2ccc(C#N)c(Cl)c2)c(C)c1Oc1ccc(C(=O)NCC(C)(C)O)cc1,train
CHEMBL1957611,CHEMBL1871,6.904999999999999,2012,6.904999999999999,Cc1nn(-c2ccc(C#N)cc2)c(C)c1Cc1ccc(F)cc1,train
CHEMBL1957612,CHEMBL1871,8.135,2012,8.135,Cc1nn(-c2ccc(C#N)c(Cl)c2)c(C)c1Cc1ccc(F)cc1,train
CHEMBL1957613,CHEMBL1871,7.904999999999999,2012,7.904999999999999,Cc1nn(-c2ccc(C#N)c(C(F)(F)F)c2)c(C)c1Cc1ccc(F)cc1,train
CHEMBL1957614,CHEMBL1871,5.955,2012,5.955,Cc1nn(-c2ccc(C#N)cc2Cl)c(C)c1Cc1ccc(F)cc1,train
CHEMBL1957615,CHEMBL1871,6.96,2012,6.96,Cc1nn(-c2ccc(C#N)c(Cl)c2)c(C)c1Oc1ccc(F)cc1,train
CHEMBL1957616,CHEMBL1871,6.66,2012,6.66,Cc1nn(-c2ccc(C#N)c(Cl)c2)c(C)c1-c1ccc(F)cc1,train
CHEMBL1957617,CHEMBL1871,7.0649999999999995,2012,7.0649999999999995,Cc1nn(-c2ccc(C#N)c(Cl)c2)c(C)c1CCc1ccc(F)cc1,train
CHEMBL1957618,CHEMBL1871,7.45,2012,7.45,Cc1nn(-c2ccc(C#N)c(Cl)c2)c(C)c1C(O)c1ccc(F)cc1,train
CHEMBL1957619,CHEMBL1871,5.1899999999999995,2012,5.1899999999999995,Cc1nn(-c2ccc(C#N)c(Cl)c2)c(C)c1Cc1ccccc1C(N)=O,train
CHEMBL1957620,CHEMBL1871,6.37,2012,6.37,Cc1nn(-c2ccc(C#N)c(Cl)c2)c(C)c1Cc1cccc(C(N)=O)c1,train
CHEMBL1957621,CHEMBL1871,7.324999999999999,2012,7.324999999999999,Cc1nn(-c2ccc(C#N)c(Cl)c2)c(C)c1Cc1ccc(C(N)=O)cc1,train
CHEMBL1957622,CHEMBL1871,7.265000000000001,2012,7.265000000000001,CNC(=O)c1ccc(Cc2c(C)nn(-c3ccc(C#N)c(Cl)c3)c2C)cc1,train
CHEMBL1957721,CHEMBL1871,5.720000000000001,2012,5.720000000000001,Cc1nn(-c2ccc(C#N)c(Cl)c2)c(C)c1Cc1ccc(C(=O)N(C)C)cc1,train
CHEMBL1957722,CHEMBL1871,6.24,2012,6.24,Cc1nn(-c2ccc(C#N)c(Cl)c2)c(C)c1Cc1ccc(C(=O)NCCO)cc1,train
CHEMBL1957723,CHEMBL1871,6.015,2012,6.015,Cc1nn(-c2ccc(C#N)c(Cl)c2)c(C)c1Oc1ccc(C(=O)N2CCOCC2)cc1,train
CHEMBL1957724,CHEMBL1871,5.535,2012,5.535,CC(=O)Nc1ccc(Oc2c(C)nn(-c3ccc(C#N)c(Cl)c3)c2C)nc1,test
CHEMBL1957725,CHEMBL1871,5.9350000000000005,2012,5.9350000000000005,Cc1nn(-c2ccc(C#N)c(Cl)c2)c(C)c1Oc1ccc(NC(=O)C(C)(C)C)cn1,test
CHEMBL1957726,CHEMBL1871,6.1899999999999995,2012,6.1899999999999995,CC(=O)Nc1ccc(Oc2c(C)nn(-c3ccc(C#N)c(Cl)c3)c2C)cn1,train
CHEMBL196374,CHEMBL1871,6.8,2010,6.8,Cc1noc(=O)c2ccc(NC(=O)C(O)(CC(C)(C)c3cc(F)ccc3O)C(F)(F)F)cc12,test
CHEMBL197548,CHEMBL1871,5.54,2005,5.54,CCC(CC)(c1ccc(NCCC(C)(C)O)c(C)c1)c1ccc(OCC(=O)C(C)(C)C)c(C)c1,train
CHEMBL197589,CHEMBL1871,5.0,2013,5.0,CCC(CC)(c1ccc(OCC(O)CO)c(C)c1)c1ccc(OCC(O)C(C)(C)C)c(C)c1,train
CHEMBL197595,CHEMBL1871,7.65,2006,7.65,C[C@@H]1CN(c2ccc(C#N)c(C(F)(F)F)c2)[C@@H](C)CN1C(=O)Nc1ccc(C(F)(F)F)nc1,train
CHEMBL197648,CHEMBL1871,5.92,2006,5.92,COc1ccncc1NC(=O)N1C[C@H](C)N(c2ccc(C#N)c(C(F)(F)F)c2)C[C@H]1C,train
CHEMBL1977891,CHEMBL1871,5.0,2018,5.0,COc1ccc2c(c1)OC(c1ccccc1O)CC2=O,train
CHEMBL197946,CHEMBL1871,5.0,2013,5.0,CCC(CC)(c1ccc(OCC(=O)C(C)(C)C)c(C)c1)c1ccc(OCC(=O)C(C)(C)C)c(C)c1,train
CHEMBL198037,CHEMBL1871,5.47,2005,5.47,CCC(CC)(c1ccc(NCCC(C)(C)O)c(C)c1)c1ccc(NCCC(C)(C)O)c(C)c1,train
CHEMBL1981815,CHEMBL1871,5.23,2018,5.23,O=C(/C=C/c1ccc(O)cc1)c1cc(Cl)ccc1O,train
CHEMBL199238,CHEMBL1871,5.93,2005,5.93,CCC(CC)(c1ccc(NCC(O)CO)c(C)c1)c1ccc(OCC(=O)C(C)(C)C)c(C)c1,train
CHEMBL199284,CHEMBL1871,6.17,2006,6.17,Cc1ncccc1NC(=O)N1C[C@H](C)N(c2ccc(C#N)c(C(F)(F)F)c2)C[C@H]1C,train
CHEMBL199899,CHEMBL1871,6.85,2006,6.85,C[C@@H]1CN(c2ccc(C#N)c(C(F)(F)F)c2)[C@@H](C)CN1C(=O)Nc1ccncc1,val
CHEMBL200973,CHEMBL1871,6.7,2006,6.7,C[C@@H]1CN(c2ccc(C#N)c(C(F)(F)F)c2)[C@@H](C)CN1C(=O)Nc1ccc(C#N)nc1,train
CHEMBL201069,CHEMBL1871,6.66,2006,6.66,CSc1ccc(NC(=O)N2C[C@H](C)N(c3ccc(C#N)c(C(F)(F)F)c3)C[C@H]2C)cn1,train
CHEMBL201077,CHEMBL1871,6.72,2006,6.72,COc1ncccc1NC(=O)N1C[C@H](C)N(c2ccc(C#N)c(C(F)(F)F)c2)C[C@H]1C,train
CHEMBL201126,CHEMBL1871,5.0,2006,5.0,C[C@@H]1CN(c2ccc(C#N)c(C(F)(F)F)c2)[C@@H](C)CN1C(=O)Nc1ccc[n+]([O-])c1,val
CHEMBL2011362,CHEMBL1871,6.77,2012,6.77,N#Cc1ccc(-n2c(=O)n(Cc3ccccc3)c3ccccc32)cc1C(F)(F)F,train
CHEMBL2011367,CHEMBL1871,6.43,2012,6.43,CC(C)n1c(=O)n(-c2ccc(C#N)c(C(F)(F)F)c2)c2ccccc21,test
CHEMBL2011369,CHEMBL1871,6.53,2012,6.53,CCn1c(=O)n(-c2ccc(C#N)c(C(F)(F)F)c2)c2ccccc21,test
CHEMBL2011371,CHEMBL1871,7.22,2012,7.22,N#Cc1ccc(-n2c(=O)n(Cc3ccccc3)c3cccnc32)cc1C(F)(F)F,train
CHEMBL2011372,CHEMBL1871,6.23,2012,6.23,N#Cc1ccc(-n2c(=O)n(Cc3ccccc3)c3ncccc32)cc1C(F)(F)F,val
CHEMBL2011373,CHEMBL1871,6.52,2012,6.52,N#Cc1ccc(-n2c(=O)n(Cc3ccccn3)c3ccccc32)cc1C(F)(F)F,train
CHEMBL2011374,CHEMBL1871,6.41,2012,6.41,N#Cc1ccc(-n2c(=O)n(Cc3cccnc3)c3ccccc32)cc1C(F)(F)F,test
CHEMBL2011376,CHEMBL1871,6.49,2012,6.49,CC(c1ccccc1)n1c(=O)n(-c2ccc(C#N)c(C(F)(F)F)c2)c2ccccc21,train
CHEMBL2011377,CHEMBL1871,6.9,2012,6.9,N#Cc1ccc(-n2c(=O)n(Cc3nc(-c4ccccn4)no3)c3ccccc32)cc1Cl,train
CHEMBL2011378,CHEMBL1871,6.734999999999999,2012,6.734999999999999,CC(c1nc(-c2ccccn2)no1)n1c(=O)n(-c2ccc(C#N)c(Cl)c2)c2ccccc21,train
CHEMBL2011379,CHEMBL1871,6.71,2012,6.71,CNC(=O)c1ccc(-c2ccc3c(c2)C(C)(C)C(=O)N3c2ccc(C#N)c(C(F)(F)F)c2)cc1F,train
CHEMBL2011380,CHEMBL1871,6.78,2012,6.78,CNC(=O)c1ccc(-c2ccc3c(c2)C(C)(C)C(=O)N3c2ccc(C#N)c(OC)c2)cc1F,train
CHEMBL2011381,CHEMBL1871,7.1,2012,7.1,COc1cc(N2C(=O)C(C)(C)c3cc(-c4cccnc4OC)ccc32)ccc1C#N,train
CHEMBL201167,CHEMBL1871,5.11,2006,5.11,C[C@@H]1CN(c2ccc(C#N)c(C(F)(F)F)c2)[C@@H](C)CN1C(=O)Nc1ccccn1,train
CHEMBL201242,CHEMBL1871,6.89,2006,6.89,Cc1ccc(NC(=O)N2C[C@H](C)N(c3ccc(C#N)c(C(F)(F)F)c3)C[C@H]2C)cn1,train
CHEMBL201327,CHEMBL1871,6.33,2006,6.33,COC(=O)c1ccc(NC(=O)N2C[C@H](C)N(c3ccc(C#N)c(C(F)(F)F)c3)C[C@H]2C)cn1,train
CHEMBL201364,CHEMBL1871,5.301029995663981,2006,5.301029995663981,C[C@]12CCC3C(CC=C4C[C@@H](O)CC[C@@]43CC=O)C1CC[C@@H]2O,test
CHEMBL201517,CHEMBL1871,5.75,2006,5.75,CCC[C@]12CC[C@H](O)CC1=CCC1C2CC[C@@]2(C)C1CC[C@@H]2O,test
CHEMBL201569,CHEMBL1871,6.76,2006,6.76,C[C@]12CCC3C(CC=C4C[C@@H](O)CC[C@@]43/C=C\Cl)C1CC[C@@H]2O,test
CHEMBL201757,CHEMBL1871,6.48,2006,6.48,Cc1ccncc1NC(=O)N1C[C@H](C)N(c2ccc(C#N)c(C(F)(F)F)c2)C[C@H]1C,train
CHEMBL201809,CHEMBL1871,5.43,2006,5.43,CC#C[C@]12CC[C@H](O)CC1=CCC1C2CC[C@@]2(C)C1CC[C@@H]2O,test
CHEMBL202007,CHEMBL1871,7.96,2006,7.96,C[C@]12CCC3C(CC=C4C[C@@H](O)CC[C@@]43/C=C\F)C1CC[C@@H]2O,test
CHEMBL2023820,CHEMBL1871,5.215,2012,5.215,O=C(O)c1cccc(Nc2ccc([N+](=O)[O-])c3ccccc23)c1,train
CHEMBL202400,CHEMBL1871,7.07,2006,7.07,C[C@]12CCC3C(CC=C4C[C@@H](O)CC[C@@]43/C=C/F)C1CC[C@@H]2O,test
CHEMBL202415,CHEMBL1871,6.07,2006,6.07,C/C=C/[C@]12CC[C@H](O)CC1=CCC1C2CC[C@@]2(C)C1CC[C@@H]2O,test
CHEMBL202660,CHEMBL1871,6.68,2006,6.68,CC1CN(c2ccc(C#N)c(C(F)(F)F)c2)C(C)CN1C(=O)Nc1ccc(C(F)(F)F)nc1,train
CHEMBL202710,CHEMBL1871,6.14,2006,6.14,C[C@@H]1CN(c2ccc(C#N)c(C(F)(F)F)c2)[C@@H](C)CN1C(=O)Nc1ccc(Cl)nc1,train
CHEMBL202990,CHEMBL1871,6.7,2006,6.7,C[C@@H]1CN(c2ccc(C#N)c(C(F)(F)F)c2)[C@@H](C)CN1C(=O)Nc1ccc(F)cc1F,test
CHEMBL2030817,CHEMBL1871,5.82,2018,5.82,O=C(/C=C/c1ccccc1)c1cc(Cl)ccc1O,train
CHEMBL203085,CHEMBL1871,5.34,2006,5.34,C[C@@H]1CN(c2ccc(C#N)c(C(F)(F)F)c2)[C@@H](C)CN1C(=O)Nc1ccncn1,train
CHEMBL203423,CHEMBL1871,6.0,2006,6.0,C[C@@H]1CN(c2ccc(C#N)c(C(F)(F)F)c2)[C@@H](C)CN1C(=O)Nc1cncnc1,train
CHEMBL203561,CHEMBL1871,5.76,2006,5.76,C#CC[C@]12CC[C@H](O)CC1=CCC1C2CC[C@@]2(C)C1CC[C@@H]2O,test
CHEMBL203748,CHEMBL1871,8.1,2006,8.1,C=C[C@]12CCC(=O)C=C1CCC1C2CC[C@@]2(C)C1CC[C@@H]2O,test
CHEMBL204317,CHEMBL1871,6.92,2006,6.92,C[C@]12CCC3C(CC=C4C[C@@H](O)CC[C@@]43/C=C/Br)C1CC[C@@H]2O,test
CHEMBL204389,CHEMBL1871,5.34,2006,5.34,CO/C=C/[C@]12CC[C@H](O)CC1=CCC1C2CC[C@@]2(C)C1CC[C@@H]2O,test
CHEMBL204642,CHEMBL1871,6.77,2006,6.77,C=C[C@]12CC[C@H](O)CC1=CCC1C2CC[C@@]2(C)C1CC[C@]2(C)O,test
CHEMBL2052002,CHEMBL1871,8.0,1999,8.0,CC[C@H]1CNc2cc3oc(=O)cc(C(F)(F)F)c3cc2[C@@H]1CC,train
CHEMBL2086964,CHEMBL1871,4.53,2012,4.53,COc1cc(/C=N/NC(=O)c2cc3c(ccc4ccccc43)o2)cc(OC)c1O,test
CHEMBL2086965,CHEMBL1871,4.895,2012,4.895,O=C(N/N=C/c1cc(Br)ccc1O)c1cc2ccccc2cc1O,val
CHEMBL2086966,CHEMBL1871,4.88,2012,4.88,O=C(N/N=C/c1cc2ccccc2cc1O)c1cc2ccccc2cc1O,train
CHEMBL2086967,CHEMBL1871,4.65,2012,4.65,CCCOc1ccc(/C=N/NC(=O)c2cc3c(ccc4ccccc43)o2)cc1,test
CHEMBL2096708,CHEMBL1871,8.48,2004,8.48,C#C[C@]1(O)CC[C@H]2[C@@H]3CCC4=CC(=O)CCC4=C3[C@@H](c3ccc(N(C)CCOCCO[C@H]4CC[C@@]5(C)[C@@H](C4)C[C@@H](O)[C@@H]4[C@@H]5C[C@H](O)[C@]5(C)[C@@H]([C@H](C)CCC(=O)O)CC[C@@H]45)cc3)C[C@@]21C,train
CHEMBL2096804,CHEMBL1871,8.32,2004,8.32,C#C[C@]1(O)CC[C@H]2[C@@H]3CCC4=CC(=O)CCC4=C3[C@@H](c3ccc(N(C)CCOCCO[C@@H]4CC[C@@]5(C)[C@@H](C4)C[C@@H](O)[C@@H]4[C@@H]5C[C@H](O)[C@]5(C)[C@@H]([C@H](C)CCC(=O)O)CC[C@@H]45)cc3)C[C@@]21C,train
CHEMBL2096842,CHEMBL1871,8.37,2006,8.37,O=C1[C@H]2C[C@H](O)CN2C(=O)N1c1ccc([N+](=O)[O-])c2ccccc12,train
CHEMBL2105738,CHEMBL1871,5.96,2022,5.96,C[C@]12CC[C@H](O)CC1=CC[C@@H]1[C@@H]2CC[C@]2(C)C(n3cnc4ccccc43)=CC[C@@H]12,train
CHEMBL2112216,CHEMBL1871,7.92,1999,7.92,CC[C@H]1C[C@@H](C)Nc2cc3oc(=O)cc(C(F)(F)F)c3cc21,train
CHEMBL2112311,CHEMBL1871,8.35,1999,8.35,CC[C@H]1c2cc3c(C(F)(F)F)cc(=O)oc3cc2NC[C@H]1C,train
CHEMBL2112312,CHEMBL1871,8.76,1999,8.76,CC[C@@H]1c2cc3c(C(F)(F)F)cc(=O)oc3cc2NC[C@H]1C,train
CHEMBL2112349,CHEMBL1871,7.695,1999,7.695,CC(C)(O)C(=O)Nc1ccc([N+](=O)[O-])c(C(F)(F)F)c1O,train
CHEMBL2112885,CHEMBL1871,7.05,2003,7.05,COc1cccc2c1C(=O)c1c(O)c3c(c(O)c1C2=O)C[C@@](O)(C(=O)CO)C[C@@H]3OC1C[C@H](NCNC(=O)c2cc(COCC#CCN3C(=O)N(c4ccc(C#N)c(C(F)(F)F)c4)C(=O)C3(C)C)ccc2O)[C@H](O)[C@H](C)O1,val
CHEMBL2113032,CHEMBL1871,6.48,2004,6.48,CC1(C)C(=O)N(c2ccc(C#N)c(C(F)(F)F)c2)C(=O)N1OCCOCCOCCCc1ccc(O)c(C(N)=O)c1,train
CHEMBL2113034,CHEMBL1871,7.11,2004,7.11,CC1(C)C(=O)N(c2ccc(C#N)c(C(F)(F)F)c2)C(=O)N1OCCOCCCc1ccc(O)c(C(N)=O)c1,train
CHEMBL2113036,CHEMBL1871,7.31,2004,7.31,CC1(C)C(=O)N(c2ccc(C#N)c(C(F)(F)F)c2)C(=O)N1OCC#CCCc1ccc(O)c(C(N)=O)c1,train
CHEMBL2113247,CHEMBL1871,6.6,1999,6.6,C[C@@H]1CNc2cc3nc(O)cc(C(F)(F)F)c3cc2[C@@H]1CCC(F)(F)F,train
CHEMBL2113248,CHEMBL1871,7.34,1999,7.34,CC(C)C[C@H]1c2cc3c(C(F)(F)F)cc(O)nc3cc2NC[C@@H]1C,train
CHEMBL2113261,CHEMBL1871,6.285,1999,6.285,CC[C@H]1c2cc3c(C(F)(F)F)cc(O)nc3cc2NC[C@H]1C,train
CHEMBL2113293,CHEMBL1871,6.56,2007,6.56,C[C@@H]1CC[C@H]([C@H](O)C(F)(F)F)N1c1ccc2[nH]c(=O)cc(C(F)(F)F)c2c1,train
CHEMBL2113712,CHEMBL1871,5.19,1996,5.19,C=C1C=C(C)CC(C)(C)C1(O)Cc1ccc([N+](=O)[O-])cc1,train
CHEMBL2159539,CHEMBL1871,5.970000000000001,2012,5.970000000000001,N#Cc1ccc(C2=NOC3CCCCCC23)c(C(F)(F)F)c1,train
CHEMBL2159540,CHEMBL1871,6.98,2012,6.98,O=[N+]([O-])c1ccc(C2=NOC3CCCCCC23)cc1C(F)(F)F,train
CHEMBL2159541,CHEMBL1871,6.51,2012,6.51,O=[N+]([O-])c1ccc(C2=NO[C@@H]3CCCCC[C@H]23)c(C(F)(F)F)c1,train
CHEMBL2159542,CHEMBL1871,6.41,2012,6.41,O=[N+]([O-])c1ccc(C2=NO[C@H]3CCCCC[C@@H]23)c(C(F)(F)F)c1,train
CHEMBL2159543,CHEMBL1871,4.96,2012,4.96,Fc1ccc(C2=NOC3CCCCCC23)cc1C(F)(F)F,train
CHEMBL2159544,CHEMBL1871,6.135,2012,6.135,Fc1ccc(C2=NOC3CCCCCC23)c(C(F)(F)F)c1,train
CHEMBL2159545,CHEMBL1871,6.53,2012,6.53,N#Cc1ccc(C2=NOC3CCCCCCC23)cc1C(F)(F)F,val
CHEMBL2159546,CHEMBL1871,5.945,2012,5.945,N#Cc1ccc(C2=NOC3CCCCCCC23)c(C(F)(F)F)c1,val
CHEMBL2159547,CHEMBL1871,6.15,2012,6.15,O=[N+]([O-])c1ccc(C2=NOC3CCCCCCC23)cc1C(F)(F)F,val
CHEMBL2159548,CHEMBL1871,6.12,2012,6.12,O=[N+]([O-])c1ccc(C2=NOC3CCCCCCC23)c(C(F)(F)F)c1,val
CHEMBL2159549,CHEMBL1871,5.390000000000001,2012,5.390000000000001,Fc1ccc(C2=NOC3CCCCCCC23)cc1C(F)(F)F,val
CHEMBL2159550,CHEMBL1871,4.88,2012,4.88,Fc1ccc(C2=NOC3CCCCCCC23)c(C(F)(F)F)c1,val
CHEMBL2159561,CHEMBL1871,7.36,2012,7.36,N#Cc1ccc(C2=NOC3CCCCCC23)cc1C(F)(F)F,train
CHEMBL2159562,CHEMBL1871,6.52,2012,6.52,O=[N+]([O-])c1ccc(C2=NO[C@@H]3CCC[C@H]23)cc1C(F)(F)F,train
CHEMBL2159563,CHEMBL1871,6.57,2012,6.57,O=[N+]([O-])c1ccc(C2=NOC3CCCC23)c(C(F)(F)F)c1,train
CHEMBL2159564,CHEMBL1871,5.83,2012,5.83,Fc1ccc(C2=NOC3CCCC23)cc1C(F)(F)F,train
CHEMBL2159565,CHEMBL1871,5.84,2012,5.84,Fc1ccc(C2=NOC3CCCC23)c(C(F)(F)F)c1,train
CHEMBL2159566,CHEMBL1871,7.56,2012,7.56,N#Cc1ccc(C2=NOC3CCCCC23)cc1C(F)(F)F,train
CHEMBL2159567,CHEMBL1871,5.845000000000001,2012,5.845000000000001,N#Cc1ccc(C2=NOC3CCCCC23)c(C(F)(F)F)c1,train
CHEMBL2159568,CHEMBL1871,7.145,2012,7.145,N#Cc1cccc(C2=NOC3CCCCC23)c1C(F)(F)F,train
CHEMBL2159569,CHEMBL1871,6.92,2012,6.92,O=[N+]([O-])c1ccc(C2=NOC3CCCCC23)cc1C(F)(F)F,train
CHEMBL2159570,CHEMBL1871,6.89,2012,6.89,O=[N+]([O-])c1ccc(C2=NO[C@@H]3CCCC[C@H]23)c(C(F)(F)F)c1,train
CHEMBL2159571,CHEMBL1871,6.58,2012,6.58,O=[N+]([O-])c1ccc(C2=NO[C@H]3CCCC[C@@H]23)c(C(F)(F)F)c1,train
CHEMBL2159572,CHEMBL1871,5.96,2012,5.96,Fc1ccc(C2=NOC3CCCCC23)cc1C(F)(F)F,train
CHEMBL2159573,CHEMBL1871,5.975,2012,5.975,Fc1ccc(C2=NOC3CCCCC23)c(C(F)(F)F)c1,train
CHEMBL2159729,CHEMBL1871,6.21,2012,6.21,N#Cc1ccc(C2=NO[C@H]3CCC[C@@H]23)cc1C(F)(F)F,train
CHEMBL2159730,CHEMBL1871,6.65,2012,6.65,N#Cc1ccc(C2=NO[C@@H]3CCC[C@H]23)cc1C(F)(F)F,train
CHEMBL2159731,CHEMBL1871,6.35,2012,6.35,N#Cc1ccc(C2=NOC3CCCC23)c(C(F)(F)F)c1,train
CHEMBL2159732,CHEMBL1871,5.6,2012,5.6,O=[N+]([O-])c1ccc(C2=NO[C@H]3CCC[C@@H]23)cc1C(F)(F)F,train
CHEMBL216272,CHEMBL1871,6.2,2010,6.2,Cc1noc(=O)c2ccc(NC(=O)C(O)(CC(C)(C)c3cccc4c3OCC4)C(F)(F)F)cc12,train
CHEMBL216949,CHEMBL1871,7.09,2006,7.09,CCCCN(CCCC)c1ccc2nc(O)cc(C(F)(F)F)c2c1,train
CHEMBL217168,CHEMBL1871,7.145,2006,7.145,CN(C)c1ccc2nc(O)cc(C(F)(F)F)c2c1,train
CHEMBL217324,CHEMBL1871,6.6,2006,6.6,Oc1cc(C(F)(F)F)c2cc(N(CC3CC3)CC3CC3)ccc2n1,train
CHEMBL217402,CHEMBL1871,6.565,2006,6.565,CCN(c1ccc2nc(O)cc(C(F)(F)F)c2c1)C(C)C,train
CHEMBL217428,CHEMBL1871,7.51,2006,7.51,CC(C)Nc1ccc2nc(O)cc(C(F)(F)F)c2c1,train
CHEMBL2177238,CHEMBL1871,8.02,2012,8.02,CN1C(=O)N(c2ccc(C#N)c(C(F)(F)F)c2)C(=O)[C@@]1(C)c1ccc(O)cc1,train
CHEMBL217769,CHEMBL1871,6.575,2006,6.575,CCN(CC(F)(F)F)c1ccc2nc(O)cc(C(F)(F)F)c2c1,train
CHEMBL2181925,CHEMBL1871,5.93,2012,5.93,O=c1[nH]c2cc(/C=C3\c4ccccc4COc4cc(F)ccc43)ccc2n1[C@H]1C[C@H]2COCCN2C1,val
CHEMBL2181926,CHEMBL1871,5.35,2012,5.35,CCOC(=O)C1=C(C)NC(C)=C(C(C)=O)[C@H]1c1cccc2c(=O)cc(C)oc12,train
CHEMBL2181927,CHEMBL1871,5.0,2017,5.0,CCOc1ncc(C)c2c1[C@H](c1ccc(C#N)cc1OC)C(C(N)=O)=C(C)N2,train
CHEMBL2181928,CHEMBL1871,5.0,2018,5.0,C[C@@H]1CN(c2ccc3c(n2)NC(=O)CO3)[C@H](c2ccccc2)CO1,train
CHEMBL2181929,CHEMBL1871,4.0,2022,4.0,CC1(C)Oc2cc(NS(C)(=O)=O)ccc2N(c2ccc(F)cc2)C1=O,val
CHEMBL218490,CHEMBL1871,7.19,2020,7.19,CCN[C@H]1C[C@H](C)S(=O)(=O)c2sc(S(N)(=O)=O)cc21,train
CHEMBL218809,CHEMBL1871,7.62,2006,7.62,N#Cc1ccc(N2C(=O)[C@H]3[C@@H]4CC[C@@H](C4)N3C2=O)c2ccccc12,test
CHEMBL218914,CHEMBL1871,8.26,2006,8.26,N#Cc1ccc(N2C(=O)C3C(O)CCN3C2=O)c2ccccc12,train
CHEMBL219198,CHEMBL1871,8.82,2006,8.82,O=C1[C@H]2C[C@@H](O)CN2C(=O)N1c1ccc([N+](=O)[O-])c2ccccc12,train
CHEMBL220359,CHEMBL1871,8.75,2006,8.75,O=C1[C@@H]2[C@H](O)CCN2C(=O)N1c1ccc([N+](=O)[O-])c2ccccc12,train
CHEMBL2203836,CHEMBL1871,7.0,2012,7.0,CCS(=O)(=O)Nc1cc(F)c(-c2ccc(C#N)n2C)c(F)c1,train
CHEMBL221174,CHEMBL1871,6.85,2022,6.85,CC(O)(COC(=O)c1ccccc1C(F)(F)F)c1cc2cc([N+](=O)[O-])c(C(F)(F)F)cc2[nH]1,train
CHEMBL223355,CHEMBL1871,5.945,2007,5.945,CN(Cc1ccccc1)C(=O)CCCCCCCC1C[C@H]2CC(=O)CC[C@]2(C)[C@H]2CC[C@]3(C)[C@@H](O)CC[C@H]3[C@H]12,train
CHEMBL223813,CHEMBL1871,6.51,2007,6.51,CCCCN(C)C(=O)CCCCCCC[C@@H]1CC2CC(=O)CC[C@]2(C)[C@H]2CC[C@]3(C)[C@@H](O)CC[C@H]3[C@H]12,val
CHEMBL224015,CHEMBL1871,6.25,2007,6.25,C[C@]12CC[C@H]3[C@@H]([C@H](CCCCCCCCC[S+]([O-])CCCC(F)(F)C(F)(F)F)CC4CC(=O)CC[C@@]43C)[C@@H]1CC[C@@H]2O,val
CHEMBL224047,CHEMBL1871,5.43,2007,5.43,CCCCCCNC(=O)CCCCCCCC1C[C@H]2CC(=O)CC[C@]2(C)[C@H]2CC[C@]3(C)[C@@H](O)CC[C@H]3[C@H]12,val
CHEMBL224204,CHEMBL1871,6.96,2007,6.96,CCN1CCOc2cc3[nH]c(=O)cc(C(F)(F)F)c3cc21,train
CHEMBL224207,CHEMBL1871,8.25,2007,8.25,CCC1COc2cc3[nH]c(=O)cc(C(F)(F)F)c3cc2N1CC,train
CHEMBL224216,CHEMBL1871,5.0,2007,5.0,CCCCCCN(CCCCCC)C(=O)CCCCCCCC1C[C@H]2CC(=O)CC[C@]2(C)[C@H]2CC[C@]3(C)[C@@H](O)CC[C@H]3[C@H]12,val
CHEMBL224263,CHEMBL1871,8.15,2007,8.15,C[C@@H]1COc2cc3[nH]c(=O)cc(C(F)(F)F)c3cc2N1CC(F)(F)F,train
CHEMBL224278,CHEMBL1871,5.0,2007,5.0,C[C@]12CC[C@H]3[C@@H]([C@H](CCCCCCCCCCCCC[S+]([O-])CCCC(F)(F)C(F)(F)F)CC4CC(=O)CC[C@@]43C)[C@@H]1CC[C@@H]2O,val
CHEMBL224352,CHEMBL1871,6.72,2007,6.72,CCN(CC)C(=O)CCCCCCCC1C[C@H]2CC(=O)CC[C@]2(C)[C@H]2CC[C@]3(C)[C@@H](O)CC[C@H]3[C@H]12,val
CHEMBL224414,CHEMBL1871,6.375,2007,6.375,CC(C)N(C)C(=O)CCCCCCCC1C[C@H]2CC(=O)CC[C@]2(C)[C@H]2CC[C@]3(C)[C@@H](O)CC[C@H]3[C@H]12,val
CHEMBL224654,CHEMBL1871,6.015,2007,6.015,C[C@]12CCC(=O)C[C@@H]1CC(CCCCCCCC(=O)N1CCOCC1)[C@@H]1[C@@H]2CC[C@]2(C)[C@@H](O)CC[C@@H]12,val
CHEMBL224707,CHEMBL1871,6.615,2007,6.615,C[C@]12CCC(=O)C[C@@H]1CC(CCCCCCCC(=O)N1CCCCC1)[C@@H]1[C@@H]2CC[C@]2(C)[C@@H](O)CC[C@@H]12,train
CHEMBL224733,CHEMBL1871,6.465,2007,6.465,C[C@]12CCC(=O)C[C@@H]1CC(CCCCCCCC(N)=O)[C@@H]1[C@@H]2CC[C@]2(C)[C@@H](O)CC[C@@H]12,val
CHEMBL224734,CHEMBL1871,5.775,2007,5.775,CCCNC(=O)CCCCCCCC1C[C@H]2CC(=O)CC[C@]2(C)[C@H]2CC[C@]3(C)[C@@H](O)CC[C@H]3[C@H]12,val
CHEMBL224736,CHEMBL1871,5.085,2007,5.085,C[C@]12CC[C@H]3[C@@H]([C@H](CCCCC[S+]([O-])CCCC(F)(F)C(F)(F)F)CC4CC(=O)CC[C@@]43C)[C@@H]1CC[C@@H]2O,val
CHEMBL224770,CHEMBL1871,6.51,2007,6.51,CCCCN(C)C(=O)CCCCCCCC1C[C@H]2CC(=O)CC[C@]2(C)[C@H]2CC[C@]3(C)[C@@H](O)CC[C@H]3[C@H]12,val
CHEMBL224779,CHEMBL1871,5.995,2007,5.995,CCCCN(C)C(=O)CCCCCCCCC[C@@H]1CC2CC(=O)CC[C@]2(C)[C@H]2CC[C@]3(C)[C@@H](O)CC[C@H]3[C@H]12,val
CHEMBL225147,CHEMBL1871,6.83,2007,6.83,CN(C)C(=O)CCCCCCC1C[C@H]2CC(=O)CC[C@]2(C)[C@H]2CC[C@]3(C)[C@@H](O)CC[C@H]3[C@H]12,val
CHEMBL226558,CHEMBL1871,8.55,2007,8.55,CC[C@@H]1COc2cc3[nH]c(=O)cc(C(F)(F)F)c3cc2N1CC(F)(F)F,train
CHEMBL226559,CHEMBL1871,7.29,2007,7.29,CC(C)[C@@H]1COc2cc3[nH]c(=O)cc(C(F)(F)F)c3cc2N1CC(F)(F)F,train
CHEMBL226609,CHEMBL1871,7.8,2007,7.8,O=c1cc(C(F)(F)F)c2cc3c(cc2[nH]1)OCC1CCCCN31,train
CHEMBL227030,CHEMBL1871,6.41,2007,6.41,CN1CCOc2cc3[nH]c(=O)cc(C(F)(F)F)c3cc21,train
CHEMBL227033,CHEMBL1871,6.95,2007,6.95,CC1COc2cc3[nH]c(=O)cc(C(F)(F)F)c3cc2N1,train
CHEMBL227088,CHEMBL1871,8.645,2007,8.645,C[C@H]1COc2cc3[nH]c(=O)cc(C(F)(F)F)c3cc2N1CC(F)(F)F,train
CHEMBL227305,CHEMBL1871,8.38,2007,8.38,CCN1c2cc3c(C(F)(F)F)cc(=O)[nH]c3cc2OCC1C,train
CHEMBL227394,CHEMBL1871,8.4,2007,8.4,CC1COc2cc3[nH]c(=O)cc(C(F)(F)F)c3cc2N1CC1CC1,train
CHEMBL227408,CHEMBL1871,7.12,2007,7.12,CC1CN(CC(F)(F)F)c2cc3c(C(F)(F)F)cc(=O)[nH]c3cc2O1,train
CHEMBL227440,CHEMBL1871,8.11,2007,8.11,CC1COc2cc3[nH]c(=O)cc(C(F)(F)F)c3cc2N1CC(F)(F)F,train
CHEMBL227463,CHEMBL1871,7.205,2007,7.205,CCC1CN(C)c2cc3c(C(F)(F)F)cc(=O)[nH]c3cc2O1,train
CHEMBL227590,CHEMBL1871,6.51,2007,6.51,CCCN1CCOc2cc3[nH]c(=O)cc(C(F)(F)F)c3cc21,train
CHEMBL227645,CHEMBL1871,7.77,2007,7.77,CC(C)CN1CCOc2cc3[nH]c(=O)cc(C(F)(F)F)c3cc21,train
CHEMBL227695,CHEMBL1871,6.96,2007,6.96,CC(C)C[C@@H]1COc2cc3[nH]c(=O)cc(C(F)(F)F)c3cc2N1CC(F)(F)F,train
CHEMBL227749,CHEMBL1871,7.57,2007,7.57,O=c1cc(C(F)(F)F)c2cc3c(cc2[nH]1)OC[C@H]1CCCN31,train
CHEMBL227783,CHEMBL1871,6.7,2007,6.7,O=c1cc(C(F)(F)F)c2cc3c(cc2[nH]1)OCCN3CC(F)(F)F,train
CHEMBL227784,CHEMBL1871,6.9,2007,6.9,O=c1cc(C(F)(F)F)c2cc3c(cc2[nH]1)OCCN3CC1CC1,train
CHEMBL229159,CHEMBL1871,8.54,2007,8.54,Cc1c(N2C(=O)N3CC[C@@H](O)[C@H]3[C@@H]2C)ccc(C#N)c1Cl,train
CHEMBL229160,CHEMBL1871,9.15,2007,9.15,CC[C@H]1[C@@H]2[C@H](O)CCN2C(=O)N1c1ccc(C#N)c(Cl)c1C,train
CHEMBL229210,CHEMBL1871,9.0,2007,9.0,Cc1c(N2C(=O)N3CC[C@@H](O)[C@H]3[C@@H]2C(F)(F)F)ccc(C#N)c1Cl,train
CHEMBL229211,CHEMBL1871,8.66,2007,8.66,Cc1c(N2C(=O)N3CC[C@@H](O)[C@H]3[C@H]2C(F)(F)F)ccc(C#N)c1Cl,train
CHEMBL229264,CHEMBL1871,8.68,2007,8.68,Cc1c(N2C(=O)[C@@H]3[C@H](O)CCN3C2=O)ccc(C#N)c1Cl,val
CHEMBL2297673,CHEMBL1871,5.715,2018,5.715,O=C(/C=C/c1ccccc1O)c1cc(Cl)ccc1O,train
CHEMBL2297680,CHEMBL1871,5.28,2018,5.28,COc1ccc(/C=C/C(=O)c2cc(Cl)ccc2O)cc1OC,train
CHEMBL229808,CHEMBL1871,8.46,2007,8.46,Cc1c(N2C[C@@H]3[C@H](O)CCN3C2=O)ccc(C#N)c1Cl,train
CHEMBL229860,CHEMBL1871,8.81,2007,8.81,Cc1c(N2C(=O)N3CC[C@H](O)[C@H]3[C@@H]2C)ccc(C#N)c1Cl,train
CHEMBL229861,CHEMBL1871,9.05,2007,9.05,CC[C@H]1[C@@H]2[C@@H](O)CCN2C(=O)N1c1ccc(C#N)c(Cl)c1C,train
CHEMBL229862,CHEMBL1871,8.4,2007,8.4,Cc1c(N2C(=O)N3CC[C@H](O)[C@H]3[C@H]2C)ccc(C#N)c1Cl,train
CHEMBL229916,CHEMBL1871,8.8,2007,8.8,CC[C@@H]1[C@@H]2[C@@H](O)CCN2C(=O)N1c1ccc(C#N)c(Cl)c1C,train
CHEMBL230052,CHEMBL1871,8.82,2007,8.82,N#Cc1ccc(N2C(=O)[C@@H]3[C@H](O)CCN3C2=O)cc1Cl,val
CHEMBL230053,CHEMBL1871,7.32,2007,7.32,N#Cc1ccc(N2C(=O)[C@@H]3[C@H](O)CCN3C2=O)cc1-c1ccccc1,train
CHEMBL230694,CHEMBL1871,8.54,2007,8.54,Cc1c(N2C(=O)[C@@H]3[C@H](O)CCN3C2=O)ccc(C#N)c1C(F)(F)F,val
CHEMBL230695,CHEMBL1871,8.43,2007,8.43,COc1c(C#N)ccc(N2C(=O)[C@@H]3[C@H](O)CCN3C2=O)c1C,val
CHEMBL231014,CHEMBL1871,8.1,2007,8.1,Cc1c(N2C(=O)[C@@H]3[C@H](O)CCN3C2=O)ccc(C#N)c1C#N,val
CHEMBL231015,CHEMBL1871,8.37,2007,8.37,N#Cc1ccc(N2C(=O)[C@@H]3[C@H](O)CCN3C2=O)c(F)c1F,val
CHEMBL2311179,CHEMBL1871,8.35,2004,8.35,C[C@]12CCC3=C4CCC(=O)C=C4CC[C@H]3[C@@H]1CC[C@@H]2O,val
CHEMBL231122,CHEMBL1871,9.15,2007,9.15,Cc1c(C#N)ccc(N2C(=O)[C@@H]3[C@H](O)CCN3C2=O)c1Cl,val
CHEMBL231327,CHEMBL1871,8.1,2007,8.1,COc1c(N2C(=O)[C@@H]3[C@H](O)CCN3C2=O)ccc(C#N)c1C(F)(F)F,val
CHEMBL231328,CHEMBL1871,7.85,2007,7.85,CCc1cc(C#N)ccc1N1C(=O)[C@@H]2[C@H](O)CCN2C1=O,val
CHEMBL2316535,CHEMBL1871,4.92,2013,4.92,c1ccc(CCCSc2nc3ccccc3[nH]2)cc1,val
CHEMBL2316536,CHEMBL1871,3.6989700043360187,2013,3.6989700043360187,c1ccc(NCCSc2nc3ccccc3[nH]2)cc1,test
CHEMBL2316537,CHEMBL1871,3.6989700043360187,2013,3.6989700043360187,c1ccc(OCCCSc2nc3ccccc3[nH]2)cc1,test
CHEMBL2316538,CHEMBL1871,5.13,2013,5.13,c1ccc(CCSc2nc3ccccc3[nH]2)cc1,train
CHEMBL2316539,CHEMBL1871,4.72,2013,4.72,Cc1ccccc1OCCSc1nc2ccccc2[nH]1,train
CHEMBL2316540,CHEMBL1871,5.48,2013,5.48,Cc1cccc(OCCSc2nc3ccccc3[nH]2)c1,train
CHEMBL2316541,CHEMBL1871,5.16,2013,5.16,Cc1ccc(OCCSc2nc3ccccc3[nH]2)cc1,train
CHEMBL2316542,CHEMBL1871,5.57,2013,5.57,Cc1cccc(C)c1OCCSc1nc2ccccc2[nH]1,train
CHEMBL2316543,CHEMBL1871,5.3,2013,5.3,Clc1cccc(OCCSc2nc3ccccc3[nH]2)c1,train
CHEMBL2316544,CHEMBL1871,5.4,2013,5.4,Clc1ccc(OCCSc2nc3ccccc3[nH]2)cc1,train
CHEMBL2316545,CHEMBL1871,4.21,2013,4.21,NS(=O)(=O)c1ccc(OCCSc2nc3ccccc3[nH]2)cc1,train
CHEMBL2316546,CHEMBL1871,5.27,2013,5.27,c1ccc(OCCSc2cc3ccccc3[nH]2)cc1,train
CHEMBL2316547,CHEMBL1871,5.82,2013,5.82,NS(=O)(=O)c1cccc2cc(SCCOc3ccccc3)[nH]c12,train
CHEMBL2316548,CHEMBL1871,3.6989700043360187,2013,3.6989700043360187,CCN(CC)C(=O)Cn1c(SCCOc2cccc(C)c2)nc2ccccc21,train
CHEMBL2316549,CHEMBL1871,3.6989700043360187,2013,3.6989700043360187,Cc1cc(C)cc(OCCSc2nc3ccccc3n2CC(=O)O)c1,train
CHEMBL2316550,CHEMBL1871,3.6989700043360187,2013,3.6989700043360187,Cc1ccc(C)c(OCCSc2nc3ccccc3n2CC(=O)O)c1,train
CHEMBL2316551,CHEMBL1871,3.6989700043360187,2013,3.6989700043360187,CC(C)(C)c1cccc(OCCSc2nc3ccccc3n2CC(=O)O)c1,train
CHEMBL2316552,CHEMBL1871,3.6989700043360187,2013,3.6989700043360187,C=CCc1cccc(OCCSc2nc3ccccc3n2CC(=O)OC)c1,train
CHEMBL2316553,CHEMBL1871,3.6989700043360187,2013,3.6989700043360187,CCc1cccc(OCCSc2nc3ccccc3n2CCC(=O)O)c1,train
CHEMBL2316554,CHEMBL1871,4.92,2013,4.92,CCn1c(SCCOc2ccccc2)nc2ccccc21,train
CHEMBL2316555,CHEMBL1871,3.6989700043360187,2013,3.6989700043360187,C=CCn1c(SCCOc2ccccc2)nc2ccccc21,train
CHEMBL2316556,CHEMBL1871,3.6989700043360187,2013,3.6989700043360187,c1ccc(OCCNc2nc3ccccc3[nH]2)cc1,test
CHEMBL2316557,CHEMBL1871,3.6989700043360187,2013,3.6989700043360187,c1ccc(OCCCc2nc3ccccc3[nH]2)cc1,train
CHEMBL2316558,CHEMBL1871,3.6989700043360187,2013,3.6989700043360187,[O-][S+](CCOc1ccccc1)c1nc2ccccc2[nH]1,train
CHEMBL2316559,CHEMBL1871,4.96,2013,4.96,Cc1ccc(OCCSc2nc3ccccc3n2CC(=O)OC(C)C)cc1,train
CHEMBL2316560,CHEMBL1871,4.9,2013,4.9,COCCn1c(SCCOc2ccc(C)cc2)nc2ccccc21,train
CHEMBL2316561,CHEMBL1871,4.86,2013,4.86,Cc1cccc(OCCSc2nc3ccccc3n2CC(=O)OC(C)C)c1,train
CHEMBL2316562,CHEMBL1871,4.85,2013,4.85,CCOC(=O)Cn1c(SCCOc2cccc(C)c2)nc2ccccc21,train
CHEMBL2316563,CHEMBL1871,4.64,2013,4.64,CCOc1cccc(OCCSc2nc3ccccc3n2CCOc2ccc(C)cc2)c1,train
CHEMBL2316564,CHEMBL1871,4.62,2013,4.62,COCCn1c(SCCOc2cccc(C)c2)nc2ccccc21,train
CHEMBL2316565,CHEMBL1871,4.51,2013,4.51,Cc1ccc(OCCSc2nc3ccccc3n2CC(=O)OC(C)C)cc1C,train
CHEMBL2316566,CHEMBL1871,4.48,2013,4.48,COC(=O)Cn1c(SCCOc2ccc(C)cc2)nc2ccccc21,train
CHEMBL2316567,CHEMBL1871,4.46,2013,4.46,CCn1c(SCCOc2cccc(C)c2)nc2ccccc21,train
CHEMBL2316568,CHEMBL1871,4.39,2013,4.39,CCOC(=O)Cn1c(SCCOc2ccc(C)c(C)c2)nc2ccccc21,train
CHEMBL2316569,CHEMBL1871,4.35,2013,4.35,Cc1cccc(OCCSc2nc3ccccc3n2C)c1,train
CHEMBL2316570,CHEMBL1871,4.26,2013,4.26,CCOC(=O)Cn1c(SCCOc2cccc(CC)c2)nc2ccccc21,train
CHEMBL2316571,CHEMBL1871,3.6989700043360187,2013,3.6989700043360187,CCc1cccc(OCCSc2nc3ccccc3n2CC(=O)OC)c1,train
CHEMBL2316572,CHEMBL1871,3.6989700043360187,2013,3.6989700043360187,COC(=O)Cn1c(SCCOc2ccc(C)c(C)c2)nc2ccccc21,train
CHEMBL2316573,CHEMBL1871,3.6989700043360187,2013,3.6989700043360187,CCOC(=O)Cn1c(SCCOc2cc(C)cc(C)c2)nc2ccccc21,train
CHEMBL2316574,CHEMBL1871,3.6989700043360187,2013,3.6989700043360187,CCc1cccc(OCCSc2nc3ccccc3n2CC(=O)O)c1,train
CHEMBL2316575,CHEMBL1871,3.6989700043360187,2013,3.6989700043360187,Cc1cccc(OCCSc2nc3ccccc3n2CCOc2ccccc2)c1,train
CHEMBL2334339,CHEMBL1871,5.17,2013,5.17,CC[Si](CC)(c1ccc(OCC(O)CO)c(C)c1)c1ccc(OCC(O)C(C)(C)C)c(C)c1,val
CHEMBL2334340,CHEMBL1871,5.0,2013,5.0,CCC(CC)(c1ccc(OCC(=O)C(C)(C)C)c(C)c1)c1ccc(OCC2CO2)c(C)c1,train
CHEMBL2334341,CHEMBL1871,5.0,2013,5.0,CC[Si](CC)(c1ccc(OCC(=O)C(C)(C)C)c(C)c1)c1ccc(OCC2CO2)c(C)c1,train
CHEMBL2334342,CHEMBL1871,5.24,2013,5.24,CC[Si](CC)(c1ccc(OC[C@@H](O)CO)c(C)c1)c1ccc(OC[C@H](O)C(C)(C)C)c(C)c1,val
CHEMBL2334343,CHEMBL1871,5.08,2013,5.08,CC[Si](CC)(c1ccc(OC[C@@H](O)CO)c(C)c1)c1ccc(OC[C@@H](O)C(C)(C)C)c(C)c1,val
CHEMBL2334344,CHEMBL1871,5.17,2013,5.17,CC[Si](CC)(c1ccc(OC[C@H](O)CO)c(C)c1)c1ccc(OC[C@H](O)C(C)(C)C)c(C)c1,val
CHEMBL2334345,CHEMBL1871,5.13,2013,5.13,CC[Si](CC)(c1ccc(OC[C@H](O)CO)c(C)c1)c1ccc(OC[C@@H](O)C(C)(C)C)c(C)c1,val
CHEMBL2334346,CHEMBL1871,5.0,2013,5.0,CC[Si](CC)(c1ccc(O)c(C)c1)c1ccc(OC[C@H](O)C(C)(C)C)c(C)c1,val
CHEMBL2334347,CHEMBL1871,5.0,2013,5.0,CC[Si](CC)(c1ccc(NC[C@H](O)CO)c(C)c1)c1ccc(OCC(=O)C(C)(C)C)c(C)c1,val
CHEMBL2334348,CHEMBL1871,5.0,2013,5.0,CC[Si](CC)(c1ccc(NC[C@@H](O)CO)c(C)c1)c1ccc(OCC(=O)C(C)(C)C)c(C)c1,val
CHEMBL2334349,CHEMBL1871,5.0,2013,5.0,CC[Si](CC)(c1ccc(OCC(=O)C(C)(C)C)c(C)c1)c1ccc(OC[C@@H](O)CO)c(C)c1,val
CHEMBL2334724,CHEMBL1871,5.4,2013,5.4,CC[Si](CC)(c1ccc(OCC(=O)C(C)(C)C)c(C)c1)c1ccc(OC[C@H](O)CO)c(C)c1,val
CHEMBL2337505,CHEMBL1871,6.365,2013,6.365,N#Cc1ccc(N2CCC(O)(Cc3ccccc3)C2)cc1Cl,test
CHEMBL2337506,CHEMBL1871,7.005,2013,7.005,N#Cc1ccc(N2CCC(O)C2)cc1Cl,train
CHEMBL2337507,CHEMBL1871,6.515,2013,6.515,N#Cc1ccc(N2CCC(O)(c3ccccc3)C2)cc1Cl,test
CHEMBL2337508,CHEMBL1871,7.18,2013,7.18,N#Cc1ccc(N2CCC(O)(c3ccc(F)cc3)C2)cc1Cl,test
CHEMBL2337509,CHEMBL1871,7.93,2013,7.93,C[C@@H]1N(c2ccc(C#N)c(Cl)c2)CC[C@@]1(O)c1ccc(F)cc1,test
CHEMBL2337510,CHEMBL1871,7.67,2013,7.67,C[C@@H]1N(c2ccc(C#N)c(Cl)c2)CC[C@@]1(O)c1ccc(C(N)=O)cc1,test
CHEMBL2337511,CHEMBL1871,7.875,2013,7.875,CNC(=O)c1ccc([C@]2(O)CCN(c3ccc(C#N)c(Cl)c3)[C@H]2C)cc1,test
CHEMBL2337512,CHEMBL1871,7.085,2013,7.085,CNC(=O)c1ccc([C@]2(O)CCN(c3ccc(C#N)c(Cl)c3)[C@H]2C)nc1,train
CHEMBL2337513,CHEMBL1871,7.0,2013,7.0,CNC(=O)c1ccc([C@]2(O)CCN(c3ccc(C#N)c(Cl)c3)[C@H]2C)cn1,test
CHEMBL2337514,CHEMBL1871,5.645,2013,5.645,C[C@@H]1N(c2ccc(C#N)c(Cl)c2)CC[C@@]1(O)c1ccc(C(=O)N(C)C)nc1,test
CHEMBL2337515,CHEMBL1871,5.8,2013,5.8,CNC(=O)c1ccc([C@@]2(O)CCN(c3ccc(C#N)c(Cl)c3)[C@@H]2C)cn1,test
CHEMBL2337516,CHEMBL1871,7.475,2013,7.475,C[C@@H]1N(c2ccc(C#N)c(Cl)c2)CC[C@@]1(O)c1ccc(N2CCCC2=O)nc1,train
CHEMBL2337517,CHEMBL1871,6.77,2013,6.77,CNC(=O)c1ccc([C@]2(O)CCN(c3ccc(C#N)c(OC)c3)[C@H]2C)cn1,test
CHEMBL2337518,CHEMBL1871,5.5649999999999995,2013,5.5649999999999995,CNC(=O)c1ccc([C@]2(O)CCN(c3ccc(C#N)cc3)[C@H]2C)cn1,test
CHEMBL2337519,CHEMBL1871,5.925,2013,5.925,CNC(=O)c1ccc([C@]2(O)CCN(c3ccc(C#N)c(F)c3)[C@H]2C)cn1,test
CHEMBL233773,CHEMBL1871,9.35,2007,9.35,Cc1c(N2C(=O)[C@@H]3[C@H](O)CCN3S2(=O)=O)ccc(C#N)c1Cl,train
CHEMBL233774,CHEMBL1871,7.54,2007,7.54,Cc1c(N2C(=O)[C@@H]3[C@@H](O)CCN3S2(=O)=O)ccc(C#N)c1Cl,train
CHEMBL233977,CHEMBL1871,6.72,2007,6.72,Cc1c(N2C[C@@H]3[C@@H](O)CCN3S2(=O)=O)ccc(C#N)c1Cl,train
CHEMBL234185,CHEMBL1871,7.85,2007,7.85,Cc1c(N2C[C@@H]3[C@H](O)CCN3S2(=O)=O)ccc(C#N)c1Cl,train
CHEMBL234394,CHEMBL1871,7.44,2007,7.44,COC(=O)[C@@H]1[C@H](O)CCN1S(=O)(=O)c1ccc(C#N)c(Cl)c1C,train
CHEMBL2346967,CHEMBL1871,5.800000874803203,2013,5.800000874803203,N#Cc1ccc(CN2CCN(c3ccc4nnc(C(F)(F)F)n4n3)CC2)cc1,train
CHEMBL2346968,CHEMBL1871,5.8,2013,5.8,Fc1ccc(CN2CCN(c3ccc4nnc(C(F)(F)F)n4n3)CC2)cc1,train
CHEMBL2346969,CHEMBL1871,5.68,2013,5.68,Fc1cccc(CN2CCN(c3ccc4nnc(C(F)(F)F)n4n3)CC2)c1F,train
CHEMBL2346970,CHEMBL1871,5.43,2013,5.43,OC1(c2ccc(F)cc2)CCN(c2ccc3nnc(C(F)(F)F)n3n2)CC1,train
CHEMBL2346971,CHEMBL1871,4.97,2013,4.97,OC1(c2cccnc2)CCN(c2ccc3nnc(C(F)(F)F)n3n2)CC1,test
CHEMBL2346972,CHEMBL1871,5.23,2013,5.23,Fc1ccc(CN2CCN(C3=Nn4c(nnc4C(F)(F)F)CC3)CC2)cc1,test
CHEMBL2346973,CHEMBL1871,6.63,2013,6.63,Cn1nccc1CCOc1ccc(C2CCN(c3ccc4nnc(C(F)(F)F)n4n3)CC2)cc1,train
CHEMBL2346974,CHEMBL1871,6.49,2013,6.49,CC(=O)N1CCN(CCOc2ccc(C3CCN(c4ccc5nnc(C(F)(F)F)n5n4)CC3)cc2)CC1,train
CHEMBL2346975,CHEMBL1871,5.98,2013,5.98,CC(=O)N1CCN(CCOc2ccc(C3(O)CCN(c4ccc5nnc(C(F)(F)F)n5n4)CC3)cc2)CC1,train
CHEMBL2346976,CHEMBL1871,5.704999927959353,2013,5.704999927959353,CC(=O)N1CCN(CCOc2ccc(C3CCN(C4=Nn5c(nnc5C(F)(F)F)CC4)CC3)cc2)CC1,test
CHEMBL234988,CHEMBL1871,6.0,2007,6.0,Nc1c(C(=O)NCC(O)(CC2(c3cc(F)ccc3Cl)CCC2)C(F)(F)F)cnn1-c1ccccc1,val
CHEMBL235003,CHEMBL1871,6.16,2007,6.16,C[C@]12CCC(=O)C[C@@H]1C[C@@H](CCCCCCCC(=O)O)[C@@H]1[C@@H]2CC[C@]2(C)[C@@H](O)CC[C@@H]12,val
CHEMBL235126,CHEMBL1871,7.075,2007,7.075,O=c1cc(O)c2cc(N(CC(F)(F)F)CC(F)(F)F)ccc2[nH]1,train
CHEMBL235127,CHEMBL1871,6.52,2007,6.52,C[C@@H](N(CC(F)(F)F)c1ccc2[nH]c(=O)cc(C(F)(F)F)c2c1)C(F)(F)F,train
CHEMBL235128,CHEMBL1871,7.325,2007,7.325,C[C@H](N(CC(F)(F)F)c1ccc2[nH]c(=O)cc(C(F)(F)F)c2c1)C(F)(F)F,train
CHEMBL235159,CHEMBL1871,8.175,2007,8.175,COc1ccc(-c2ccc(C#N)c(C(F)(F)F)c2)cc1,train
CHEMBL235206,CHEMBL1871,6.42,2007,6.42,C[C@@](c1ccc(F)cc1F)(c1c[nH]c2c(NS(C)(=O)=O)cccc12)C1CC1,train
CHEMBL235208,CHEMBL1871,6.0,2007,6.0,COc1ccc(F)cc1C(C)(C)CC(O)(CNC(=O)c1cnn(-c2ccc(F)cc2)c1N)C(F)(F)F,val
CHEMBL235209,CHEMBL1871,6.07,2007,6.07,C[C@@](c1ccc(F)cc1)(c1c[nH]c2c(NS(C)(=O)=O)cccc12)C1CC1,train
CHEMBL235346,CHEMBL1871,6.46,2007,6.46,Cc1cc(=O)[nH]c2ccc(N(CC(C)C)CC(F)(F)F)cc12,train
CHEMBL235347,CHEMBL1871,6.505,2007,6.505,C[C@@H](CCl)N(CC(F)(F)F)c1ccc2[nH]c(=O)cc(C(F)(F)F)c2c1,train
CHEMBL235378,CHEMBL1871,7.5649999999999995,2007,7.5649999999999995,N#Cc1ccc(-c2ccc(O)cc2)cc1C(F)(F)F,train
CHEMBL235379,CHEMBL1871,6.42,2007,6.42,Cc1ccccc1-c1ccc(C#N)c(C(F)(F)F)c1,train
CHEMBL235445,CHEMBL1871,6.38,2007,6.38,C[C@]12CCC(=O)C=C1C[C@@H](CCCCc1ccc(OCCCCCC(=O)O)cc1)[C@@H]1[C@@H]2CC[C@@]2(C)[C@H]1CC[C@]2(C)O,train
CHEMBL235601,CHEMBL1871,5.72,2007,5.72,Cc1cccc(-c2ccc(C#N)c(C(F)(F)F)c2)c1,train
CHEMBL2356368,CHEMBL1871,4.58,2017,4.58,O=C1c2ccccc2C(=O)N1c1nc(-c2ccc(Cl)cc2)cs1,test
CHEMBL235661,CHEMBL1871,6.645,2007,6.645,C[C@]12CCC(=O)C=C1C[C@@H](CCCc1ccc(OCCC(=O)O)cc1)[C@@H]1[C@@H]2CC[C@@]2(C)[C@H]1CC[C@]2(C)O,train
CHEMBL2357456,CHEMBL1871,4.54,2017,4.54,O=C1c2ccccc2C(=O)N1c1nc(-c2ccc(F)cc2)cs1,test
CHEMBL235784,CHEMBL1871,5.88,2007,5.88,COC(=O)COc1ccccc1-c1ccc(C#N)c(C(F)(F)F)c1,train
CHEMBL235811,CHEMBL1871,6.470000000000001,2007,6.470000000000001,C[C@]12CCC(=O)C=C1C[C@@H](CCCCc1cccc(OCCCCC(=O)O)c1)[C@@H]1[C@@H]2CC[C@@]2(C)[C@H]1CC[C@]2(C)O,train
CHEMBL235871,CHEMBL1871,6.105,2007,6.105,C[C@]12CCC(=O)C=C1C[C@@H](CCCCc1cccc(OCCCC(=O)O)c1)[C@@H]1[C@@H]2CC[C@@]2(C)[C@H]1CC[C@]2(C)O,train
CHEMBL235872,CHEMBL1871,6.6,2007,6.6,C[C@]12CCC(=O)C=C1C[C@@H](CCCCc1cccc(OCCCCCC(=O)O)c1)[C@@H]1[C@@H]2CC[C@@]2(C)[C@H]1CC[C@]2(C)O,train
CHEMBL23588,CHEMBL1871,4.301029995663981,2011,4.301029995663981,O=C(O)c1ccccc1Nc1cccc(C(F)(F)F)c1,train
CHEMBL236699,CHEMBL1871,5.695,2007,5.695,C[C@]12CCC(=O)C[C@@H]1C[C@@H](CCCCCCCCC(CCCC(F)(F)C(F)(F)F)C(=O)O)[C@@H]1[C@@H]2CC[C@]2(C)[C@@H](O)CC[C@@H]12,val
CHEMBL237045,CHEMBL1871,7.15,2007,7.15,O=c1cc(C(F)(F)F)c2cc(N(CC(F)F)CC(F)F)ccc2[nH]1,train
CHEMBL237122,CHEMBL1871,5.05,2007,5.05,COC(=O)[C@@H]1CC2=CC(=O)CC[C@]2(C)C2C1C1CC[C@@]3(CCC(=O)O3)[C@@]1(C)[C@H]1O[C@@H]21,train
CHEMBL237259,CHEMBL1871,6.525,2007,6.525,CN(CC(F)(F)F)c1ccc2[nH]c(=O)cc(C(F)(F)F)c2c1,train
CHEMBL237261,CHEMBL1871,6.46,2007,6.46,CCCN(CC(F)(F)F)c1ccc2[nH]c(=O)cc(C(F)(F)F)c2c1,train
CHEMBL237262,CHEMBL1871,6.77,2007,6.77,CC(C)N(CC(F)(F)F)c1ccc2[nH]c(=O)cc(C(F)(F)F)c2c1,train
CHEMBL237472,CHEMBL1871,6.46,2007,6.46,CC(C)(C)CN(CC(F)(F)F)c1ccc2[nH]c(=O)cc(C(F)(F)F)c2c1,train
CHEMBL237473,CHEMBL1871,5.805,2007,5.805,CC(C)(C)CCN(CC(F)(F)F)c1ccc2[nH]c(=O)cc(C(F)(F)F)c2c1,train
CHEMBL237474,CHEMBL1871,6.795,2007,6.795,O=c1cc(C(F)(F)F)c2cc(N(CCCl)CC(F)(F)F)ccc2[nH]1,train
CHEMBL237681,CHEMBL1871,6.255,2007,6.255,O=c1cc(C(F)(F)F)c2cc(N(CC(F)(F)F)CC(F)(F)C(F)(F)F)ccc2[nH]1,train
CHEMBL237682,CHEMBL1871,6.59,2007,6.59,O=c1cc(C(F)(F)F)c2cc(N(CCO)CC(F)(F)F)ccc2[nH]1,train
CHEMBL237971,CHEMBL1871,5.24,2007,5.24,C[C@]12CCC(=O)C=C1C[C@@H](CCCc1cccc(OCCCC(=O)O)c1)[C@@H]1[C@@H]2CC[C@@]2(C)[C@H]1CC[C@]2(C)O,train
CHEMBL237999,CHEMBL1871,6.35,2007,6.35,C[C@]12CCC(=O)C=C1C[C@@H](CCCc1ccc(OCCCCC(=O)O)cc1)[C@@H]1[C@@H]2CC[C@@]2(C)[C@H]1CC[C@]2(C)O,train
CHEMBL238000,CHEMBL1871,6.07,2007,6.07,C[C@]12CCC(=O)C=C1C[C@@H](CCCCc1ccc(OCCCC(=O)O)cc1)[C@@H]1[C@@H]2CC[C@@]2(C)[C@H]1CC[C@]2(C)O,train
CHEMBL238001,CHEMBL1871,6.81,2007,6.81,C[C@]12CCC(=O)C=C1C[C@@H](CCCCc1ccc(OCCCCC(=O)O)cc1)[C@@H]1[C@@H]2CC[C@@]2(C)[C@H]1CC[C@]2(C)O,train
CHEMBL238122,CHEMBL1871,6.925,2007,6.925,Cc1cc(=O)[nH]c2ccc(N(CC(F)(F)F)CC(F)(F)F)cc12,train
CHEMBL238123,CHEMBL1871,6.635,2007,6.635,CCc1cc(=O)[nH]c2ccc(N(CC(F)(F)F)CC(F)(F)F)cc12,train
CHEMBL238124,CHEMBL1871,8.19,2007,8.19,CC(C)c1cc(=O)[nH]c2ccc(N(CC(F)(F)F)CC(F)(F)F)cc12,train
CHEMBL238330,CHEMBL1871,7.2,2007,7.2,O=c1cc(C(F)F)c2cc(N(CC(F)(F)F)CC(F)(F)F)ccc2[nH]1,train
CHEMBL238331,CHEMBL1871,7.15,2007,7.15,O=c1cc(Cl)c2cc(N(CC(F)(F)F)CC(F)(F)F)ccc2[nH]1,train
CHEMBL238332,CHEMBL1871,7.15,2007,7.15,O=c1cc(Br)c2cc(N(CC(F)(F)F)CC(F)(F)F)ccc2[nH]1,train
CHEMBL238338,CHEMBL1871,5.81,2007,5.81,N#Cc1ccc(-c2ccccc2OCCO)cc1C(F)(F)F,train
CHEMBL238340,CHEMBL1871,5.09,2007,5.09,COCCOCCOc1ccccc1-c1ccc(C#N)c(C(F)(F)F)c1,train
CHEMBL238365,CHEMBL1871,8.01,2007,8.01,N#Cc1ccc(-c2ccccc2Cl)cc1C(F)(F)F,train
CHEMBL238366,CHEMBL1871,7.5649999999999995,2007,7.5649999999999995,COc1ccccc1-c1ccc(C#N)c(C(F)(F)F)c1,train
CHEMBL2386392,CHEMBL1871,5.91,2013,5.91,O=c1cc(-c2ccc(C(F)(F)F)cc2)oc2cccc(O)c12,train
CHEMBL2386393,CHEMBL1871,6.48,2013,6.48,O=c1cc(-c2ccc(F)cc2)oc2cccc(O)c12,train
CHEMBL2386394,CHEMBL1871,6.11,2013,6.11,O=c1cc(-c2ccccc2)oc2cccc(F)c12,train
CHEMBL2386395,CHEMBL1871,6.44,2013,6.44,O=c1cc(-c2ccc([N+](=O)[O-])cc2)oc2cccc(O)c12,train
CHEMBL2386396,CHEMBL1871,6.6,2013,6.6,N#Cc1ccc(-c2cc(=O)c3c(O)cccc3o2)cc1,train
CHEMBL2386397,CHEMBL1871,6.07,2013,6.07,CN(C)c1ccc(-c2cc(=O)c3c(O)cccc3o2)cc1,train
CHEMBL2386399,CHEMBL1871,5.7,2013,5.7,Nc1ccc(-c2cc(=O)c3c(O)cccc3o2)cc1,train
CHEMBL2386401,CHEMBL1871,5.97,2013,5.97,CSc1ccc(-c2cc(=O)c3c(O)cccc3o2)cc1,train
CHEMBL2386404,CHEMBL1871,6.44,2013,6.44,O=c1cc(-c2ccc(Cl)cc2)oc2cccc(F)c12,train
CHEMBL2386405,CHEMBL1871,6.72,2013,6.72,O=c1cc(-c2ccc(F)cc2)oc2cccc(F)c12,train
CHEMBL2386406,CHEMBL1871,5.92,2013,5.92,N#Cc1ccc(-c2cc(=O)c3c(F)cccc3o2)cc1,train
CHEMBL2386408,CHEMBL1871,5.45,2013,5.45,NC(=O)c1ccc(-c2cc(=O)c3c(O)cccc3o2)cc1,train
CHEMBL2397333,CHEMBL1871,5.2,2013,5.2,CCS(=O)(=O)Nc1cccc(-c2cc(=O)n(-c3ccc(C#N)cc3)nc2C)c1,train
CHEMBL2397334,CHEMBL1871,5.390000000000001,2013,5.390000000000001,CCS(=O)(=O)Nc1cccc(-c2cc(=O)n(-c3ccc(Cl)c(Cl)c3)nc2C)c1,train
CHEMBL2397335,CHEMBL1871,4.88,2013,4.88,CCS(=O)(=O)Nc1cccc(-c2cc(=O)n(-c3cc(Cl)cc(Cl)c3)nc2C)c1,train
CHEMBL2397336,CHEMBL1871,5.29,2013,5.29,CCS(=O)(=O)Nc1cccc(-c2cc(=O)n(-c3ccc(F)c(Cl)c3)nc2C)c1,train
CHEMBL2397337,CHEMBL1871,5.01,2013,5.01,CCS(=O)(=O)Nc1cccc(-c2cc(=O)n(-c3ccc4ccccc4c3)nc2C)c1,test
CHEMBL239957,CHEMBL1871,6.0,2007,6.0,Cn1c(C#N)ccc1-c1ccc2[nH]c(=S)n(C3CCCC3)c2c1,test
CHEMBL240331,CHEMBL1871,4.300514997831991,2011,4.300514997831991,O=C(CSc1nc(O)c2ccccc2n1)c1ccc(O)c(O)c1,train
CHEMBL2403348,CHEMBL1871,5.27,2013,5.27,CCC(CC)(c1ccc(N)c(C)c1)c1ccc(O)c(C)c1,train
CHEMBL2403349,CHEMBL1871,5.72,2013,5.72,CC[Si](CC)(c1ccc(O)c(C)c1)c1ccc(O)c(C)c1,val
CHEMBL2403350,CHEMBL1871,5.09,2013,5.09,CCCC[Si](CCCC)(c1ccc(O)c(C)c1)c1ccc(O)c(C)c1,val
CHEMBL2403355,CHEMBL1871,5.35,2013,5.35,CCC(CC)(c1ccc(O)c(C)c1)c1ccc(O)c(C)c1,train
CHEMBL2403356,CHEMBL1871,4.6,2013,4.6,CCCC(CCC)(c1ccc(O)c(C)c1)c1ccc(O)c(C)c1,train
CHEMBL2407647,CHEMBL1871,4.92,2013,4.92,COc1cc(CNC(=O)[C@@]2(Cc3ccccc3)OC(=O)N([C@@H]3CCc4ccccc43)C2=O)cc(OC)c1,train
CHEMBL2407651,CHEMBL1871,4.698970004336019,2013,4.698970004336019,C[C@H](c1ccc(F)cc1)N1C(=O)O[C@](Cc2ccc(F)cc2)(C(=O)NCc2ccc(Cl)c(Cl)c2)C1=O,train
CHEMBL2419295,CHEMBL1871,5.0,2013,5.0,CCN1C(=O)C(c2ccc(F)cc2)=C(c2ccc3c(c2)NC(=O)CO3)C1C,train
CHEMBL2419296,CHEMBL1871,5.0,2013,5.0,CC1C(c2ccc3c(c2)NC(=O)CO3)=C(c2ccc(F)cc2)C(=O)N1C1CC1,train
CHEMBL2419297,CHEMBL1871,5.0,2013,5.0,CC1C(c2ccc3c(c2)NC(=O)CO3)=C(c2ccc(F)cc2)C(=O)N1CCO,train
CHEMBL2419298,CHEMBL1871,5.0,2013,5.0,CC1NC(=O)C(c2ccc(F)cc2)=C1c1ccc2c(c1)NC(=O)CO2,train
CHEMBL2419299,CHEMBL1871,5.0,2013,5.0,CC1NC(=O)C(c2ccc(F)cc2)=C1c1cc(F)c2c(c1)NC(=O)CO2,train
CHEMBL2419300,CHEMBL1871,5.0,2013,5.0,CC1NC(=O)C(c2ccc(F)cc2)=C1c1cc(Cl)c2c(c1)NC(=O)CO2,train
CHEMBL2419301,CHEMBL1871,5.0,2013,5.0,Cc1cc(C2=C(c3ccc(F)cc3)C(=O)NC2C)cc2c1OCC(=O)N2,train
CHEMBL2419302,CHEMBL1871,5.0,2013,5.0,O=C1COc2ccc(C3=C(c4ccc(F)cc4)C(=O)OC3)cc2N1,train
CHEMBL2419303,CHEMBL1871,5.0,2013,5.0,O=C1COc2ccc(C3=C(c4ccc(F)cc4F)C(=O)OC3)cc2N1,train
CHEMBL2419304,CHEMBL1871,5.0,2013,5.0,Cc1cc(F)ccc1C1=C(c2ccc3c(c2)NC(=O)CO3)COC1=O,train
CHEMBL2419305,CHEMBL1871,5.0,2013,5.0,CC1(C)OC(=O)C(c2ccc(F)cc2)=C1c1ccc2c(c1)NC(=O)CO2,train
CHEMBL2419306,CHEMBL1871,5.0,2013,5.0,CC1OC(=O)C(c2ccc(F)cc2)=C1c1ccc2c(c1)NC(=O)CO2,train
CHEMBL2419307,CHEMBL1871,5.0,2013,5.0,CC1(F)OC(=O)C(c2ccc(F)cc2)=C1c1ccc2c(c1)NC(=O)CO2,train
CHEMBL2419308,CHEMBL1871,5.0,2013,5.0,CCC1OC(=O)C(c2ccc(F)cc2)=C1c1ccc2c(c1)NC(=O)CO2,train
CHEMBL2419309,CHEMBL1871,5.0,2013,5.0,CC1C(c2ccc3c(c2)NC(=O)CO3)=C(c2ccc(F)cc2)C(=O)N1C,train
CHEMBL242469,CHEMBL1871,6.2,2009,6.2,C[C@@]1(C(=O)Nc2ccc(C#N)c(C(F)(F)F)c2)CC(C(F)(F)F)=NN1,train
CHEMBL2426112,CHEMBL1871,5.301029995663981,2013,5.301029995663981,CC(C)(C)NC(=O)NCC(C)(C)[C@@H](c1ccccc1)c1ccc2c(cnn2-c2ccc(F)cc2)c1,train
CHEMBL2426118,CHEMBL1871,5.301029995663981,2013,5.301029995663981,CC(C)(CNS(=O)(=O)CC(F)(F)F)[C@@H](c1ccccc1)c1ccc2c(cnn2-c2ccc(F)cc2)c1,train
CHEMBL2426124,CHEMBL1871,5.301029995663981,2013,5.301029995663981,CC(C)(CNC(=O)CC(F)(F)F)[C@@H](c1ccccc1)c1ccc2c(cnn2-c2ccc(F)cc2)c1,train
CHEMBL2426624,CHEMBL1871,5.995140367194137,2013,5.995140367194137,CC(C(=O)Nc1nncs1)[C@@H](c1ccccc1)c1ccc2c(cnn2-c2ccc(F)cc2)c1,train
CHEMBL2426636,CHEMBL1871,5.6,2013,5.6,CCCC(c1ccc2c(cnn2-c2ccc(F)cc2)c1)C(C)(C)C(=O)Nc1nncs1,test
CHEMBL2426662,CHEMBL1871,4.6020599913279625,2013,4.6020599913279625,CC(C)(C(=O)Nc1nncs1)[C@@H](c1ccccc1)c1ccc2c(cnn2-c2ccc(F)cc2)c1,train
CHEMBL2426663,CHEMBL1871,4.6020599913279625,2013,4.6020599913279625,CC(C)(C(=O)Nc1nncs1)[C@H](c1ccccc1)c1ccc2c(cnn2-c2ccc(F)cc2)c1,train
CHEMBL243251,CHEMBL1871,6.1850000000000005,2007,6.1850000000000005,C[C@@H]1CC[C@@H](C)N1c1ccc2[nH]c(=O)cc(C(F)(F)F)c2c1,train
CHEMBL243252,CHEMBL1871,6.08,2007,6.08,C[C@@H]1CC[C@H](CO)N1c1ccc2[nH]c(=O)cc(C(F)(F)F)c2c1,train
CHEMBL243656,CHEMBL1871,5.72,2007,5.72,COc1c(O)ccc2c1-c1ccc3c(c1/C(=C/c1sccc1C(O)C(F)(F)F)O2)C(C)=CC(C)(C)N3,train
CHEMBL2440233,CHEMBL1871,4.52,2013,4.52,O=C(O[C@H]1C(=O)C=CN(C(=O)/C=C/c2ccccc2)[C@@H]1c1ccccc1)c1ccc(F)cc1C(F)(F)F,test
CHEMBL2441091,CHEMBL1871,5.0,2013,5.0,COc1cccc(C(=O)Nc2cnc(Oc3ccc(O)cc3)nc2)c1,test
CHEMBL2441092,CHEMBL1871,5.62,2013,5.62,COc1cccc(C(=O)Nc2cc(C)c(Oc3ccc(O)cc3)c(C)c2)c1,train
CHEMBL2441093,CHEMBL1871,5.0,2013,5.0,COc1cccc(C(=O)Nc2ccc(Oc3ccc(O)cc3)nc2)c1,val
CHEMBL2441094,CHEMBL1871,6.66,2013,6.66,COc1cccc(C(=O)Nc2ccc(Oc3ccc(O)cc3)c(C)c2)c1,train
CHEMBL2441107,CHEMBL1871,5.72,2013,5.72,COc1cccc(C(=O)Nc2ccc(Oc3ccc(O)cc3)cc2)c1,train
CHEMBL244537,CHEMBL1871,5.82,2007,5.82,COc1c(O)ccc2c1-c1ccc3c(c1/C(=C/c1sccc1C(C)O)O2)C(C)=CC(C)(C)N3,train
CHEMBL244895,CHEMBL1871,6.07,2007,6.07,CC1CCCN1c1ccc2[nH]c(=O)cc(C(F)(F)F)c2c1,train
CHEMBL244896,CHEMBL1871,6.359999999999999,2007,6.359999999999999,C[C@@H]1CC[C@H](C)N1c1ccc2[nH]c(=O)cc(C(F)(F)F)c2c1,train
CHEMBL245378,CHEMBL1871,5.86,2007,5.86,C[C@]12CC[C@H]3[C@@H](CC=C4[C@H]5CC[C@]43CC[C@@H]5O)[C@@H]1CC[C@@H]2O,test
CHEMBL245575,CHEMBL1871,5.95,2007,5.95,C[C@]12CC[C@H]3[C@@H](CC=C4[C@H]5CC[C@]43CC[C@H]5O)[C@@H]1CC[C@@H]2O,test
CHEMBL245576,CHEMBL1871,6.0,2007,6.0,C[C@]12CC[C@H]3[C@@H](CC=C4[C@@H]5C(=O)CC[C@@]43C[C@H]5O)[C@@H]1CC[C@@H]2O,val
CHEMBL245577,CHEMBL1871,6.0,2007,6.0,C[C@]12CC[C@H]3[C@@H](CC=C4[C@@H]5C(=O)CC[C@@]43C[C@@H]5O)[C@@H]1CC[C@@H]2O,val
CHEMBL245771,CHEMBL1871,6.0,2007,6.0,C[C@]12CC[C@H]3[C@@H](CC=C4C[C@@H]5CC[C@@]43CC(=O)O5)[C@@H]1CC[C@@H]2O,train
CHEMBL246006,CHEMBL1871,8.7,2022,8.7,N#CCC(O)(c1nc2cc(Cl)c(Cl)cc2[nH]1)C(F)(F)F,train
CHEMBL246007,CHEMBL1871,8.15,2007,8.15,C=CC(O)(c1nc2cc(Cl)c(Cl)cc2[nH]1)C(F)(F)F,train
CHEMBL246138,CHEMBL1871,7.48,2007,7.48,C=C[C@]12CC[C@H](O)CC1=CC[C@H]1[C@@H]3CC[C@H](O)[C@@]3(C)CC[C@@H]12,test
CHEMBL246139,CHEMBL1871,6.14,2007,6.14,C/C=C\[C@]12CC[C@H](O)CC1=CC[C@H]1[C@@H]3CC[C@H](O)[C@@]3(C)CC[C@@H]12,test
CHEMBL246140,CHEMBL1871,8.1,2007,8.1,C=C[C@]12CCC(=O)C=C1CC[C@H]1[C@@H]3CC[C@H](O)[C@@]3(C)CC[C@@H]12,test
CHEMBL246341,CHEMBL1871,7.07,2007,7.07,C[C@]12CC[C@H]3[C@@H](CC=C4[C@H]5CC=C[C@]43CC[C@@H]5O)[C@@H]1CC[C@@H]2O,train
CHEMBL246607,CHEMBL1871,7.08,2007,7.08,CC[C@@H]1COc2c(ccc3[nH]c(=O)cc(C(F)(F)F)c23)N1,val
CHEMBL246800,CHEMBL1871,7.77,2007,7.77,CCSCC(O)(c1nc2cc(Cl)c(Cl)cc2[nH]1)C(F)(F)F,train
CHEMBL247453,CHEMBL1871,7.19,2007,7.19,O=c1cc(C(F)(F)F)c2c3c(ccc2[nH]1)N(CC(F)(F)F)[C@H](c1ccccc1)CO3,test
CHEMBL247454,CHEMBL1871,5.0,2007,5.0,O=c1cc(C(F)(F)F)c2c3c(ccc2[nH]1)N(CC1CC1)[C@@H](c1ccccc1)CO3,train
CHEMBL247633,CHEMBL1871,5.0,2007,5.0,CC[C@@H]1COc2c(ccc3[nH]c(=O)cc(C(F)(F)F)c23)N1CC(C)C,val
CHEMBL247637,CHEMBL1871,5.0,2007,5.0,O=c1cc(C(F)(F)F)c2c3c(ccc2[nH]1)N(CC1CC1)C(c1ccccc1)CO3,train
CHEMBL247785,CHEMBL1871,5.82,2007,5.82,O=c1cc(C(F)(F)F)c2c3c(ccc2[nH]1)NCCO3,val
CHEMBL247786,CHEMBL1871,7.14,2007,7.14,C[C@@H]1COc2c(ccc3[nH]c(=O)cc(C(F)(F)F)c23)N1,val
CHEMBL247993,CHEMBL1871,5.0,2007,5.0,CCN1c2ccc3[nH]c(=O)cc(C(F)(F)F)c3c2OC[C@H]1C(C)C,val
CHEMBL247994,CHEMBL1871,5.0,2007,5.0,C=CCN1c2ccc3[nH]c(=O)cc(C(F)(F)F)c3c2OC[C@H]1C(C)C,val
CHEMBL247995,CHEMBL1871,5.0,2007,5.0,O=c1cc(C(F)(F)F)c2c3c(ccc2[nH]1)N(CC(F)(F)F)[C@H](Cc1ccccc1)CO3,train
CHEMBL248690,CHEMBL1871,7.525,2007,7.525,C[C@H](c1ccccc1)N(C)c1cc(C(F)(F)F)c(C#N)cn1,train
CHEMBL248841,CHEMBL1871,6.675,2007,6.675,N#Cc1cnc(N2CCC3CCCCC3C2)cc1C(F)(F)F,train
CHEMBL248868,CHEMBL1871,6.555,2007,6.555,CCCN(CCC)c1cc(C(F)(F)F)c(C#N)cn1,train
CHEMBL248878,CHEMBL1871,5.31,2007,5.31,C[C@@H](Nc1cc(C(F)(F)F)c(C#N)cn1)c1ccccc1,train
CHEMBL249070,CHEMBL1871,7.075,2007,7.075,CCC(C)N(C)c1cc(C(F)(F)F)c(C#N)cn1,train
CHEMBL249071,CHEMBL1871,7.21,2007,7.21,CCCCN(C)c1cc(C(F)(F)F)c(C#N)cn1,train
CHEMBL249072,CHEMBL1871,7.005,2007,7.005,CC1CCN(c2cc(C(F)(F)F)c(C#N)cn2)CC1,test
CHEMBL249700,CHEMBL1871,7.4,2007,7.4,C=C1C=C2CC[C@H]3[C@@H]4CC[C@H](O)[C@@]4(C)CC[C@@H]3[C@@]2(C)CC1,train
CHEMBL249903,CHEMBL1871,6.3,2007,6.3,C=C[C@]12CCC(CC)=CC1=CC[C@H]1[C@@H]3CC[C@H](O)[C@@]3(C)CC[C@@H]12,train
CHEMBL249904,CHEMBL1871,5.79,2007,5.79,C#C[C@]1(O)CC[C@H]2[C@@H]3CC=C4C=C(C)CC[C@]4(C=C)[C@H]3CC[C@@]21C,train
CHEMBL250083,CHEMBL1871,5.83,2007,5.83,O=c1cc(C(F)(F)F)c2c3c(ccc2[nH]1)N[C@H](c1ccccc1)CO3,test
CHEMBL250084,CHEMBL1871,6.95,2007,6.95,CCC[C@@H]1COc2c(ccc3[nH]c(=O)cc(C(F)(F)F)c23)N1,val
CHEMBL250104,CHEMBL1871,5.11,2007,5.11,O=C(O)CCc1cc(Br)c(OCc2cccc(Br)c2)c(Br)c1,test
CHEMBL250109,CHEMBL1871,6.77,2007,6.77,C=C[C@]12CC[C@H](O)CC1=CC[C@@H]1[C@@H]2CC[C@@]2(C)[C@H]1CC[C@]2(C)O,test
CHEMBL250110,CHEMBL1871,5.65,2007,5.65,CC1=CC2=CC[C@H]3[C@@H]4CC[C@H](O)[C@@]4(C)CC[C@@H]3[C@@]2(C)CC1,train
CHEMBL250702,CHEMBL1871,5.0,2007,5.0,CC[C@@H]1COc2c(ccc3[nH]c(=O)cc(C(F)(F)F)c23)N1CC,val
CHEMBL250897,CHEMBL1871,5.0,2007,5.0,CC[C@@H]1COc2c(ccc3[nH]c(=O)cc(C(F)(F)F)c23)N1CC(F)(F)F,val
CHEMBL250997,CHEMBL1871,4.65,2018,4.65,C[C@](O)(CS(=O)(=O)c1ccc(F)cc1)C(=O)Nc1ccc([N+](=O)[O-])c(C(F)(F)F)c1,train
CHEMBL251515,CHEMBL1871,5.58,2007,5.58,C=C[C@]12CC[C@@](C)(O)CC1=CC[C@H]1[C@@H]3CC[C@H](O)[C@@]3(C)CC[C@@H]12,test
CHEMBL251552,CHEMBL1871,7.5649999999999995,2007,7.5649999999999995,N#Cc1ccc(OC2CCCCC2C#N)cc1C(F)(F)F,test
CHEMBL253535,CHEMBL1871,8.89,2008,8.89,O=c1cc(C(F)(F)F)c2c3c(ccc2[nH]1)-c1c(O)cccc1OC3,test
CHEMBL253744,CHEMBL1871,6.904999999999999,2008,6.904999999999999,COc1cccc2c1-c1ccc3[nH]c(=O)cc(C)c3c1C(C)O2,test
CHEMBL253745,CHEMBL1871,5.82,2008,5.82,COc1ccc2cc[nH]c2c1-c1cc(C)c2c(c1Cl)C(C)CC(C)(C)N2,train
CHEMBL253746,CHEMBL1871,6.95,2008,6.95,COc1cccc2c1-c1ccc3[nH]c(=O)cc(C)c3c1C(OC)O2,test
CHEMBL254798,CHEMBL1871,7.1,2008,7.1,O=c1cc(C(F)(F)F)c2cc3c(cc2[nH]1)OC[C@@H](CF)N3CC(F)(F)F,train
CHEMBL255157,CHEMBL1871,5.165,2008,5.165,O=C1[C@@H]2C3CCC(O3)[C@@H]2C(=O)N1c1cccc(C(F)(F)F)c1,train
CHEMBL255216,CHEMBL1871,7.404999999999999,2008,7.404999999999999,CC12CCC(C)(O1)[C@H]1C(=O)N(c3ccc(C#N)n4nccc34)C(=O)[C@H]12,test
CHEMBL255331,CHEMBL1871,8.07,2008,8.07,CC12C[C@H](O)C(C)(O1)[C@@H]1C(=O)N(c3ccc(C#N)c(I)c3)C(=O)[C@@H]12,train
CHEMBL255367,CHEMBL1871,6.705,2008,6.705,Cc1cc(N2C(=O)[C@@H]3C4CCC(O4)[C@@H]3C2=O)ccc1Cl,train
CHEMBL255776,CHEMBL1871,7.285,2008,7.285,O=C1[C@H]2C3CCC(C3)N2C(=O)N1c1cccc(C(F)(F)F)c1,train
CHEMBL255918,CHEMBL1871,7.6,2008,7.6,CSCC1COc2cc3[nH]c(=O)cc(C(F)(F)F)c3cc2N1CC(F)(F)F,train
CHEMBL256082,CHEMBL1871,7.29,2008,7.29,O=c1cc(C(F)(F)F)c2cc3c(cc2[nH]1)OC[C@@H](Cc1ccccc1)N3CC(F)(F)F,train
CHEMBL256126,CHEMBL1871,7.75,2008,7.75,N#CCC1COc2cc3[nH]c(=O)cc(C(F)(F)F)c3cc2N1CC(F)(F)F,train
CHEMBL256284,CHEMBL1871,7.75,2008,7.75,O=c1cc(C(F)(F)F)c2cc3c(cc2[nH]1)OC[C@@H](CC(F)(F)F)N3CC(F)(F)F,train
CHEMBL256326,CHEMBL1871,8.18,2008,8.18,O=c1cc(C(F)(F)F)c2cc3c(cc2[nH]1)OCC(C(F)F)N3CC(F)(F)F,train
CHEMBL256329,CHEMBL1871,7.36,2008,7.36,Cc1ccc([C@H]2COc3cc4[nH]c(=O)cc(C(F)(F)F)c4cc3N2CC(F)(F)F)cc1,train
CHEMBL256330,CHEMBL1871,8.08,2008,8.08,O=c1cc(C(F)(F)F)c2cc3c(cc2[nH]1)OCC(C(F)(F)F)N3CC(F)(F)F,train
CHEMBL256768,CHEMBL1871,7.7,2008,7.7,COc1c(OC(C)C)ccc2oc(=O)c3c(ccc4[nH]c(=O)cc(C)c43)c12,test
CHEMBL256769,CHEMBL1871,8.0,2008,8.0,COc1c(C(=O)OC(F)(F)F)ccc2oc(=O)c3c(ccc4[nH]c(=O)cc(C)c43)c12,test
CHEMBL256947,CHEMBL1871,7.23,2008,7.23,COc1cccc2c1-c1ccc3[nH]c(=O)cc(C)c3c1CO2,test
CHEMBL256977,CHEMBL1871,7.21,2008,7.21,CCOc1ccc2oc(=O)c3c(ccc4[nH]c(=O)cc(C)c43)c2c1OC,test
CHEMBL257151,CHEMBL1871,7.58,2008,7.58,Cc1cc(=O)[nH]c2ccc3c(c12)COc1cccc(CO)c1-3,test
CHEMBL257152,CHEMBL1871,6.11,2008,6.11,Cc1cc(-c2ccc(F)c3cc[nH]c23)c(Cl)c2c1NC(C)(C)CC2C,train
CHEMBL257379,CHEMBL1871,8.96,2008,8.96,Cc1cccc([C@@H]2COc3cc4[nH]c(=O)cc(C(F)(F)F)c4cc3N2CC(F)(F)F)c1,train
CHEMBL257387,CHEMBL1871,6.495,2008,6.495,Cc1cccc([C@H]2COc3cc4[nH]c(=O)cc(C(F)(F)F)c4cc3N2CC(F)(F)F)c1,train
CHEMBL257668,CHEMBL1871,8.16,2008,8.16,CC12CCC(C)(O1)[C@H]1C(=O)N(c3cc(Cl)cc(Cl)c3)C(=O)[C@H]12,train
CHEMBL257751,CHEMBL1871,7.66,2008,7.66,O=c1cc(C(F)(F)F)c2c(ccc3c2oc(=O)c2cccc(O)c23)[nH]1,train
CHEMBL257988,CHEMBL1871,7.01,2008,7.01,O=c1cc(C(F)(F)F)c2cc3c(cc2[nH]1)OC[C@@H](C(F)(F)F)N3CC(F)(F)F,train
CHEMBL25802,CHEMBL1871,6.41,1999,6.41,Oc1cc(C(F)(F)F)c2cc3c(cc2n1)NC[C@H]1CCCC[C@H]31,val
CHEMBL258190,CHEMBL1871,5.89,2008,5.89,COc1cccc2c1-c1ccc3[nH]c(=O)cc(C)c3c1C(O)O2,test
CHEMBL258191,CHEMBL1871,7.24,2008,7.24,Cc1cc(-c2cccc3cc[nH]c23)c(Cl)c2c1NC(C)(C)CC2C,train
CHEMBL258241,CHEMBL1871,7.0,2008,7.0,Cc1cc(=O)[nH]c2ccc3c4cc(F)ccc4oc(=O)c3c12,test
CHEMBL258384,CHEMBL1871,6.32,2008,6.32,C=CCC1Oc2cccc(OC)c2-c2ccc3[nH]c(=O)cc(C)c3c21,test
CHEMBL258397,CHEMBL1871,7.32,2008,7.32,COc1ccc2oc(=O)c3c(ccc4[nH]c(=O)cc(C)c43)c2c1,test
CHEMBL25894,CHEMBL1871,3.8176542915402347,2010,3.8176542915402347,COc1cc(CCC(C)=O)ccc1O,train
CHEMBL259820,CHEMBL1871,6.04,2007,6.04,COc1c(O)ccc2c1-c1ccc3c(c1/C(=C/c1cccc(C)c1F)O2)C(C)=CC(C)(C)N3,train
CHEMBL263091,CHEMBL1871,6.3,2010,6.3,COc1ccc(F)cc1C(C)(C)CC(O)(C(=O)Nc1ccc2c(=O)onc(C)c2c1)C(F)(F)F,test
CHEMBL263660,CHEMBL1871,6.6,2007,6.6,O=C(CN1c2ccccc2Sc2ccc(C(F)(F)F)cc21)c1cccc2ccccc12,test
CHEMBL263942,CHEMBL1871,7.43,2004,7.43,C#C[C@]1(O)CC[C@H]2[C@@H]3CCC4=CC(=O)CCC4=C3[C@@H](c3ccc(N(C)C(=O)CNC(=O)O[C@@H]4C[C@@H]5CC(O)CC[C@]5(C)[C@H]5C[C@H](O)[C@]6(C)[C@@H]([C@H](C)CCC(=O)O)CC[C@H]6[C@H]45)cc3)C[C@@]21C,train
CHEMBL264131,CHEMBL1871,7.05,2004,7.05,COc1cccc2c1C(=O)c1c(O)c3c(c(O)c1C2=O)C[C@@](O)(C(=O)CO)CC3OC1C[C@H](NCNC(=O)c2cc(COCC#CCN3C(=O)N(c4ccc(C#N)c(C(F)(F)F)c4)C(=O)C3(C)C)ccc2O)[C@H](O)[C@H](C)O1,val
CHEMBL265785,CHEMBL1871,5.0,2006,5.0,C[C@@H]1CN(c2ccc(C#N)c(C(F)(F)F)c2)[C@@H](C)CN1C(=O)Nc1ncccn1,train
CHEMBL266269,CHEMBL1871,6.41,1999,6.41,CC[C@@H]1Cc2cc3c(C(F)(F)F)cc(O)nc3cc2N[C@@H]1C,train
CHEMBL266282,CHEMBL1871,5.91,2003,5.91,C=CCC1Oc2cccc(OC)c2-c2ccc3c(c21)C(C)=CC(C)(C)N3,val
CHEMBL266473,CHEMBL1871,8.5,1999,8.5,CCC1CCc2cc3c(C(F)(F)F)cc(=O)oc3cc2N1,train
CHEMBL266491,CHEMBL1871,5.65,2007,5.65,COCCOc1ccccc1-c1ccc(C#N)c(C(F)(F)F)c1,train
CHEMBL266709,CHEMBL1871,5.69,2003,5.69,C=CCC1Oc2cccc(O)c2-c2ccc3c(c21)C(C)=CC(C)(C)N3,val
CHEMBL266928,CHEMBL1871,8.15,1999,8.15,O=c1cc(C(F)(F)F)c2cc3c(cc2o1)NCCC3C(F)(F)C(F)(F)F,train
CHEMBL266935,CHEMBL1871,8.21,2004,8.21,C#C[C@]1(O)CC[C@H]2[C@@H]3CCC4=CC(=O)CCC4=C3[C@@H](c3ccc(N(C)CCNC(=O)OC4CC[C@@]5(C)[C@@H](C4)C[C@@H](O)[C@@H]4[C@@H]5C[C@H](O)[C@]5(C)[C@@H]([C@H](C)CCC(=O)O)CC[C@@H]45)cc3)C[C@@]21C,train
CHEMBL267141,CHEMBL1871,7.9350000000000005,1999,7.9350000000000005,C[C@@H]1CCc2cc3c(C(F)(F)F)cc(O)nc3cc2N1,train
CHEMBL267231,CHEMBL1871,7.02,2003,7.02,C=CCC1Oc2cccc(OC(F)F)c2-c2ccc3c(c21)C(C)=CC(C)(C)N3,val
CHEMBL267260,CHEMBL1871,6.575,2006,6.575,Oc1cc(C(F)(F)F)c2cc(N(CC3CC3)CC(F)(F)F)ccc2n1,train
CHEMBL267270,CHEMBL1871,8.35,1999,8.35,O=c1cc(C(F)(F)F)c2cc3c(cc2o1)NCCC3C(F)(F)F,train
CHEMBL267431,CHEMBL1871,8.13,2008,8.13,COC[C@]1(OC)CC[C@H]2[C@@H]3CCC4=CC(=O)CCC4=C3[C@@H](c3ccc(/C=N/O)cc3)C[C@@]21C,train
CHEMBL267471,CHEMBL1871,7.35,1999,7.35,CC[C@H]1Nc2cc3nc(O)cc(C(F)(F)F)c3cc2CC1(CC)CC,train
CHEMBL267850,CHEMBL1871,7.279999999999999,1999,7.279999999999999,CC(C)[C@@H]1CCc2cc3c(C(F)(F)F)cc(O)nc3cc2N1,train
CHEMBL267907,CHEMBL1871,7.355,1999,7.355,C[C@H]1Nc2cc3nc(O)cc(C(F)(F)F)c3cc2CC1(C)C,train
CHEMBL267940,CHEMBL1871,6.62,2003,6.62,C=CCC1Oc2cccc(C=C)c2-c2ccc3c(c21)C(C)=CC(C)(C)N3,val
CHEMBL268098,CHEMBL1871,8.5,1999,8.5,O=c1cc(C(F)(F)F)c2cc3c(cc2o1)NCCC3,train
CHEMBL268239,CHEMBL1871,5.88,2003,5.88,C=CCC1Oc2cccc(CO)c2-c2ccc3c(c21)C(C)=CC(C)(C)N3,val
CHEMBL268326,CHEMBL1871,8.02,1999,8.02,C[C@@H]1C[C@H](C)c2cc3c(C(F)(F)F)cc(O)nc3cc2N1,train
CHEMBL268569,CHEMBL1871,7.5600000000000005,1999,7.5600000000000005,CCC[C@@H]1CCc2cc3c(C(F)(F)F)cc(O)nc3cc2N1,train
CHEMBL268589,CHEMBL1871,7.48,2007,7.48,CC1CN(C)c2cc3c(C(F)(F)F)cc(=O)[nH]c3cc2O1,train
CHEMBL269305,CHEMBL1871,7.98,1999,7.98,CCC1CC(C)c2cc3c(C(F)(F)F)cc(=O)oc3cc2N1,train
CHEMBL270450,CHEMBL1871,6.37,2008,6.37,O=C1[C@@H]2C3CCC(O3)[C@@H]2C(=O)N1c1ccc(Cl)c(Cl)c1,train
CHEMBL270586,CHEMBL1871,6.5600000000000005,2008,6.5600000000000005,O=C1[C@@H]2C3CCC(O3)[C@@H]2C(=O)N1c1ccc(I)c(Cl)c1,train
CHEMBL271261,CHEMBL1871,7.365,2008,7.365,CC12CCC(C)(O1)[C@H]1C(=O)N(c3c(N)ccc4nccn34)C(=O)[C@H]12,test
CHEMBL271262,CHEMBL1871,7.345,2008,7.345,CC12CCC(C)(O1)[C@H]1C(=O)N(c3c(N)ccc4ncsc34)C(=O)[C@H]12,val
CHEMBL271924,CHEMBL1871,6.050000000000001,2008,6.050000000000001,O=C1[C@@H]2C3CCC(O3)[C@@H]2C(=O)N1c1ccc(Cl)c([N+](=O)[O-])c1,train
CHEMBL271925,CHEMBL1871,5.720000000000001,2008,5.720000000000001,O=C1[C@@H]2C3CCC(O3)[C@@H]2C(=O)N1c1ccc(Cl)c(C(F)(F)F)c1,train
CHEMBL272304,CHEMBL1871,6.0,2010,6.0,CCC(CC)(c1ccc(OC[C@@H](O)CO)c(C)c1)c1ccc(OC[C@H](O)C(C)(C)C)c(C)c1,train
CHEMBL272502,CHEMBL1871,5.96,2010,5.96,CCC(CC)(c1ccc(OC[C@H](O)CO)c(C)c1)c1ccc(OC[C@@H](O)C(C)(C)C)c(C)c1,train
CHEMBL272509,CHEMBL1871,8.12,2008,8.12,CSc1cc(N2C(=O)[C@@H]3[C@H](C2=O)C2(C)CCC3(C)O2)ccc1C#N,train
CHEMBL272510,CHEMBL1871,7.415,2008,7.415,CC12CCC(C)(O1)[C@H]1C(=O)N(c3cccc(C(F)(F)F)c3)C(=O)[C@H]12,train
CHEMBL272574,CHEMBL1871,8.17,2008,8.17,CC12C[C@@H](O)C(C)(O1)[C@H]1C(=O)N(c3ccc(C#N)c(I)c3)C(=O)[C@H]12,train
CHEMBL27276,CHEMBL1871,6.445,1999,6.445,CC(C)C1CCNc2cc3nc(O)cc(C(F)(F)F)c3cc21,train
CHEMBL27297,CHEMBL1871,7.875,1999,7.875,CCC1CCNc2cc3c(cc21)c(C(F)(F)F)cc(=O)n3C,test
CHEMBL27372,CHEMBL1871,5.5,1999,5.5,CCC1CCN(C=O)c2cc3nc(O)cc(C(F)(F)F)c3cc21,train
CHEMBL27413,CHEMBL1871,6.625,1999,6.625,CCC1CCN(C)c2cc3c(cc21)c(C(F)(F)F)cc(=O)n3C,test
CHEMBL274318,CHEMBL1871,4.7,2009,4.7,O=C1CC(c2ccccc2)Oc2ccccc21,train
CHEMBL274471,CHEMBL1871,6.34,2013,6.34,O=c1cc(-c2ccc(Cl)cc2)oc2cccc(O)c12,train
CHEMBL275638,CHEMBL1871,5.23,2009,5.23,O=c1cc(-c2ccccc2)oc2ccccc12,train
CHEMBL27577,CHEMBL1871,6.0,2003,6.0,NC(=O)c1ccccc1O,train
CHEMBL276621,CHEMBL1871,5.2,2007,5.2,CCCCNC(=O)CCCCCCCC1C[C@H]2CC(=O)CC[C@]2(C)[C@H]2CC[C@]3(C)[C@@H](O)CC[C@H]3[C@H]12,val
CHEMBL277378,CHEMBL1871,7.18,2006,7.18,CCN(CC)c1ccc2nc(O)cc(C(F)(F)F)c2c1,train
CHEMBL27759,CHEMBL1871,5.0,2022,5.0,Nc1ccccc1NC(=O)c1ccc(CNC(=O)OCc2cccnc2)cc1,test
CHEMBL27769,CHEMBL1871,8.46,1998,8.46,C[C@]12CCC(=O)C[C@@H]1CC[C@@H]1[C@@H]2CC[C@]2(C)[C@@H](O)CC[C@@H]12,val
CHEMBL27812,CHEMBL1871,6.55,1999,6.55,Oc1cc(C(F)(F)F)c2cc3c(cc2n1)NC[C@@H]1CCC[C@H]31,train
CHEMBL27945,CHEMBL1871,5.6,1999,5.6,CCC1CCN(C)c2cc3nc(O)cc(C(F)(F)F)c3cc21,train
CHEMBL28,CHEMBL1871,5.28,2009,5.28,O=c1cc(-c2ccc(O)cc2)oc2cc(O)cc(O)c12,train
CHEMBL280865,CHEMBL1871,6.27,1999,6.27,CCCC1CCNc2cc3nc(O)cc(C(F)(F)F)c3cc21,train
CHEMBL281028,CHEMBL1871,7.859999999999999,1999,7.859999999999999,CC1(C)CCNc2cc3nc(O)cc(C(F)(F)F)c3cc21,train
CHEMBL281945,CHEMBL1871,7.955,1999,7.955,C[C@H]1CNc2cc3nc(O)cc(C(F)(F)F)c3cc2C1CCC(F)(F)F,train
CHEMBL282204,CHEMBL1871,6.55,1999,6.55,CC1c2cc3c(C(F)(F)F)cc(O)nc3cc2NC[C@H]1C,train
CHEMBL282813,CHEMBL1871,6.33,1999,6.33,CC(C)CC1CCNc2cc3nc(O)cc(C(F)(F)F)c3cc21,train
CHEMBL282866,CHEMBL1871,7.1899999999999995,1999,7.1899999999999995,CCC1(CC)CCNc2cc3nc(O)cc(C(F)(F)F)c3cc21,train
CHEMBL283449,CHEMBL1871,7.32,1999,7.32,CC1CCNc2cc3nc(O)cc(C(F)(F)F)c3cc21,train
CHEMBL284475,CHEMBL1871,6.13,1999,6.13,C[C@@H]1C(=O)C(C)(C)Nc2ccc3c(c21)[C@H](c1ccccc1)Oc1ccccc1-3,train
CHEMBL285602,CHEMBL1871,6.3,1999,6.3,Oc1cc(C(F)(F)F)c2cc3c(cc2n1)NCCC3c1cc(C(F)(F)F)cc(C(F)(F)F)c1,train
CHEMBL285705,CHEMBL1871,5.97,1999,5.97,C[C@H]1C(=O)C(C)(C)Nc2ccc3c(c21)[C@H](c1ccccc1)Oc1ccccc1-3,train
CHEMBL286158,CHEMBL1871,6.09,1999,6.09,C[C@H]1C(=O)C(C)(C)Nc2ccc3c(c21)[C@H](c1cccc(C(F)(F)F)c1)Oc1ccccc1-3,train
CHEMBL286446,CHEMBL1871,6.21,1998,6.21,CC1=CC(C)(C)Nc2ccc3c(c21)C(C)Oc1ccc(Cl)cc1-3,val
CHEMBL286595,CHEMBL1871,5.6899999999999995,1998,5.6899999999999995,CC1=CC(C)(C)Nc2ccc3c(c21)C(c1ccc(Cl)cc1)Oc1ccccc1-3,train
CHEMBL286684,CHEMBL1871,7.82,1999,7.82,Oc1cc(C(F)(F)F)c2cc3c(cc2n1)NCCC3,train
CHEMBL292284,CHEMBL1871,8.21,2003,8.21,CC(=O)C[C@]1(C(C)=O)CC[C@H]2C3C[C@H](C)C4=CC(=O)CC[C@]4(C)[C@H]3CC[C@@]21C,test
CHEMBL293388,CHEMBL1871,5.0,2004,5.0,COc1cccc2c1-c1ccc(NS(C)(=O)=O)cc1C(c1cccs1)O2,train
CHEMBL293409,CHEMBL1871,7.2,2003,7.2,CC1CC(C)(C)Nc2ccc3c(c21)COc1ccc([N+](=O)[O-])cc1-3,train
CHEMBL293452,CHEMBL1871,5.0,2004,5.0,COc1cccc2c1-c1ccc(NS(C)(=O)=O)cc1C(c1cc(C)cc(C)c1)O2,train
CHEMBL294009,CHEMBL1871,4.63,2009,4.63,O=c1c(O)c(-c2ccccc2)oc2ccccc12,train
CHEMBL294800,CHEMBL1871,5.0,2004,5.0,COc1cccc2c1-c1ccc(NS(C)(=O)=O)cc1C(c1cccc(C)c1)O2,train
CHEMBL296156,CHEMBL1871,5.17,1996,5.17,C=C1C[C@H](CO)CC(C)(C)[C@@H]1Cc1cc(OC)c(Br)cc1O,train
CHEMBL296323,CHEMBL1871,9.52,2001,9.52,C[C@](O)(CBr)C(=O)Nc1ccc([N+](=O)[O-])c(C(F)(F)F)c1,train
CHEMBL299512,CHEMBL1871,5.57,1996,5.57,C=C1C=C(C)CC(C)(C)C1Cc1ccc([N+](=O)[O-])c(C)c1,train
CHEMBL299766,CHEMBL1871,5.0,1996,5.0,C=C1[C@H](O)CCC(C)(C)[C@@H]1Cc1cc(OC)c(Br)cc1O,train
CHEMBL299778,CHEMBL1871,5.78,1996,5.78,C=C1CCC[C@H](C)[C@H]1Cc1cc(OC)c(Br)cc1O,train
CHEMBL299828,CHEMBL1871,5.8,1996,5.8,C=C1C=C(C)C(Cc2cc(OC)c(Br)cc2O)C(C)(C)C1,train
CHEMBL302362,CHEMBL1871,6.02,1998,6.02,CC1=CC(C)(C)Nc2ccc3c(c21)/C(=C/c1ccccc1C)Oc1ccccc1-3,train
CHEMBL302870,CHEMBL1871,8.4,1999,8.4,C[C@]1(O)CCC2C3CCC4=CC(=O)CC[C@]4(C)[C@@]3(F)[C@@H](O)C[C@@]21C,test
CHEMBL3039217,CHEMBL1871,6.41,2016,6.41,CC(C)c1ccc2c(c1O)CC[C@H]1C3=C(CC[C@]21C)C(=O)OC3,val
CHEMBL3084525,CHEMBL1871,8.3,2009,8.3,N#Cc1ccc(N2[C@@H]3CC[C@H]2C[C@@H](O)C3)c2ccccc12,test
CHEMBL3084689,CHEMBL1871,7.5,2015,7.5,N#Cc1ccc(N2[C@@H]3CC[C@H]2C[C@@H](O)C3)cc1Cl,train
CHEMBL3086027,CHEMBL1871,5.0,2013,5.0,Cc1cn(-c2ccc(CNS(=O)(=O)c3cc(F)ccc3F)cc2)c(C)n1,train
CHEMBL308938,CHEMBL1871,6.0,2004,6.0,N#Cc1cccc(-c2ccc3c(c2)C2(CCCCC2)C(=O)N3)c1,test
CHEMBL310180,CHEMBL1871,5.89,2002,5.89,O=C1CC[C@@]2(Cc3ccccc3)c3ccc(O)cc3CC[C@@H]2C1,train
CHEMBL310370,CHEMBL1871,5.0,2002,5.0,O=C1C=C2CCc3cc(O)ccc3[C@@]2(Cc2ccccc2)CC1,test
CHEMBL310570,CHEMBL1871,5.3979400086720375,2010,5.3979400086720375,C[C@]12Cc3cnn(-c4ccc(F)cc4)c3C=C1CCC[C@@H]2[C@](C)(O)c1ccsc1,train
CHEMBL311034,CHEMBL1871,5.301029995663981,2004,5.301029995663981,C[C@]12Cc3cnn(-c4ccc(F)cc4)c3C=C1CCC[C@@H]2[C@H](O)c1ccc(F)cc1,train
CHEMBL311662,CHEMBL1871,5.349485002168009,2004,5.349485002168009,C[C@]12Cc3cnn(-c4ccc(F)cc4)c3C=C1CCC[C@@H]2[C@](C)(O)c1ccc(F)cc1,train
CHEMBL3120317,CHEMBL1871,6.62,2014,6.62,CC/C(=C1\c2ccccc2OCc2cccc(OC)c21)c1cccc(NS(C)(=O)=O)c1,train
CHEMBL3120318,CHEMBL1871,8.01,2014,8.01,CC/C(=C1/c2ccccc2COc2ccccc21)c1cccc(NS(C)(=O)=O)c1,train
CHEMBL3120319,CHEMBL1871,8.22,2014,8.22,C/C(=C1/c2ccccc2COc2ccccc21)c1cccc(NS(C)(=O)=O)c1,train
CHEMBL3120320,CHEMBL1871,6.38,2014,6.38,CS(=O)(=O)Nc1cccc(C=C2c3ccccc3CCc3ccccc32)c1,train
CHEMBL313062,CHEMBL1871,5.301029995663981,2004,5.301029995663981,COc1cc([C@H](O)[C@H]2CCCC3=Cc4c(cnn4-c4ccc(F)cc4)C[C@@]32C)cc(F)c1F,train
CHEMBL3132973,CHEMBL1871,5.52,2013,5.52,CC(C)C[C@H](NC(=O)[C@H](CS)NC(=O)[C@@H](NC(=O)[C@H](Cc1ccccc1)NC(=O)[C@H](Cc1ccc(O)cc1)NC(=O)[C@H](CS)NC(=O)[C@H](C)N)C(C)C)C(=O)N[C@@H](Cc1ccccc1)C(=O)N[C@@H](CCC(=O)O)C(=O)NCC(=O)N[C@@H](CC(N)=O)C(=O)N[C@@H](CC(=O)O)C(=O)N[C@@H](CCC(=O)O)C(=O)N[C@@H](CCC(=O)O)C(=O)N[C@H](C(=O)N[C@@H](CS)C(=O)N[C@@H](CCCCN)C(=O)N[C@@H](CCC(=O)O)C(=O)N[C@@H](Cc1c[nH]c2ccccc12)C(=O)N[C@@H](CS)C(=O)O)[C@@H](C)O,test
CHEMBL3132974,CHEMBL1871,5.4,2013,5.4,CC(C)C[C@H](NC(=O)[C@H](CS)NC(=O)[C@H](Cc1ccccc1)NC(=O)[C@H](Cc1ccccc1)NC(=O)[C@H](Cc1ccc(O)cc1)NC(=O)[C@H](CS)NC(=O)[C@H](C)N)C(=O)N[C@@H](Cc1ccccc1)C(=O)N[C@@H](CCC(=O)O)C(=O)NCC(=O)N[C@@H](CC(N)=O)C(=O)N[C@@H](CC(=O)O)C(=O)N[C@@H](CCC(=O)O)C(=O)N[C@@H](CCC(=O)O)C(=O)N[C@H](C(=O)N[C@@H](CS)C(=O)N[C@@H](CCCCN)C(=O)N[C@@H](CCC(=O)O)C(=O)N[C@@H](Cc1c[nH]c2ccccc12)C(=O)N[C@@H](CS)C(=O)O)[C@@H](C)O,test
CHEMBL3132975,CHEMBL1871,5.16,2013,5.16,CC(C)C[C@H](NC(=O)[C@H](CS)NC(=O)[C@H](Cc1cnc[nH]1)NC(=O)[C@H](Cc1ccccc1)NC(=O)[C@H](Cc1ccc(O)cc1)NC(=O)[C@H](CS)NC(=O)[C@H](C)N)C(=O)N[C@@H](Cc1ccccc1)C(=O)N[C@@H](CCC(=O)O)C(=O)NCC(=O)N[C@@H](CC(N)=O)C(=O)N[C@@H](CC(=O)O)C(=O)N[C@@H](CCC(=O)O)C(=O)N[C@@H](CCC(=O)O)C(=O)N[C@H](C(=O)N[C@@H](CS)C(=O)N[C@@H](CCCCN)C(=O)N[C@@H](CCC(=O)O)C(=O)N[C@@H](Cc1c[nH]c2ccccc12)C(=O)N[C@@H](CS)C(=O)O)[C@@H](C)O,train
CHEMBL3132976,CHEMBL1871,5.52,2013,5.52,CC(C)C[C@H](NC(=O)[C@H](CS)NC(=O)[C@H](CC(N)=O)NC(=O)[C@H](Cc1ccc(Cl)cc1)NC(=O)[C@H](Cc1ccc(O)cc1)NC(=O)[C@H](CS)NC(=O)[C@H](C)N)C(=O)N[C@@H](Cc1ccccc1)C(=O)N[C@@H](CCC(=O)O)C(=O)NCC(=O)N[C@@H](CC(N)=O)C(=O)N[C@@H](CC(=O)O)C(=O)N[C@@H](CCC(=O)O)C(=O)N[C@@H](CCC(=O)O)C(=O)N[C@H](C(=O)N[C@@H](CS)C(=O)N[C@@H](CCCCN)C(=O)N[C@@H](CCC(=O)O)C(=O)N[C@@H](Cc1c[nH]c2ccccc12)C(=O)N[C@@H](CS)C(=O)O)[C@@H](C)O,test
CHEMBL3132977,CHEMBL1871,6.22,2013,6.22,CC(C)C[C@H](NC(=O)[C@H](CS)NC(=O)[C@H](CC(N)=O)NC(=O)[C@H](Cc1ccccc1)NC(=O)[C@H](Cc1ccc(O)cc1)NC(=O)[C@H](CS)NC(=O)[C@H](C)N)C(=O)N[C@@H](Cc1ccc(Cl)cc1)C(=O)N[C@@H](CCC(=O)O)C(=O)NCC(=O)N[C@@H](CC(N)=O)C(=O)N[C@@H](CC(=O)O)C(=O)N[C@@H](CCC(=O)O)C(=O)N[C@@H](CCC(=O)O)C(=O)N[C@H](C(=O)N[C@@H](CS)C(=O)N[C@@H](CCCCN)C(=O)N[C@@H](CCC(=O)O)C(=O)N[C@@H](Cc1c[nH]c2ccccc12)C(=O)N[C@@H](CS)C(=O)O)[C@@H](C)O,test
CHEMBL3132978,CHEMBL1871,5.52,2013,5.52,CC(C)C[C@H](NC(=O)[C@H](CS)NC(=O)[C@H](CC(N)=O)NC(=O)[C@H](Cc1ccccc1)NC(=O)[C@H](Cc1ccc(O)cc1)NC(=O)[C@H](CS)NC(=O)[C@H](C)N)C(=O)N[C@@H](Cc1ccccc1Cl)C(=O)N[C@@H](CCC(=O)O)C(=O)NCC(=O)N[C@@H](CC(N)=O)C(=O)N[C@@H](CC(=O)O)C(=O)N[C@@H](CCC(=O)O)C(=O)N[C@@H](CCC(=O)O)C(=O)N[C@H](C(=O)N[C@@H](CS)C(=O)N[C@@H](CCCCN)C(=O)N[C@@H](CCC(=O)O)C(=O)N[C@@H](Cc1c[nH]c2ccccc12)C(=O)N[C@@H](CS)C(=O)O)[C@@H](C)O,test
CHEMBL3132979,CHEMBL1871,5.52,2013,5.52,CC(C)C[C@H](NC(=O)[C@H](CS)NC(=O)[C@H](CC(N)=O)NC(=O)[C@H](CC1CCCCC1)NC(=O)[C@H](Cc1ccc(O)cc1)NC(=O)[C@@H](CS)NC(=O)[C@H](C)N)C(=O)N[C@@H](Cc1ccccc1)C(=O)N[C@@H](CCC(=O)O)C(=O)NCC(=O)N[C@@H](CC(N)=O)C(=O)N[C@@H](CC(=O)O)C(=O)N[C@@H](CCC(=O)O)C(=O)N[C@@H](CCC(=O)O)C(=O)N[C@H](C(=O)N[C@@H](CS)C(=O)N[C@@H](CCCCN)C(=O)N[C@@H](CCC(=O)O)C(=O)N[C@@H](Cc1c[nH]c2ccccc12)C(=O)N[C@@H](CS)C(=O)O)[C@@H](C)O,test
CHEMBL3132980,CHEMBL1871,5.64,2013,5.64,CC(C)C[C@H](NC(=O)[C@H](CS)NC(=O)[C@H](CC(N)=O)NC(=O)[C@H](Cc1ccccc1)NC(=O)[C@H](Cc1ccc(O)cc1)NC(=O)[C@H](CS)NC(=O)[C@H](C)N)C(=O)N[C@@H](CC1CCCCC1)C(=O)N[C@@H](CCC(=O)O)C(=O)NCC(=O)N[C@@H](CC(N)=O)C(=O)N[C@@H](CC(=O)O)C(=O)N[C@@H](CCC(=O)O)C(=O)N[C@@H](CCC(=O)O)C(=O)N[C@H](C(=O)N[C@@H](CS)C(=O)N[C@@H](CCCCN)C(=O)N[C@@H](CCC(=O)O)C(=O)N[C@@H](Cc1c[nH]c2ccccc12)C(=O)N[C@@H](CS)C(=O)O)[C@@H](C)O,train
CHEMBL3132981,CHEMBL1871,5.89,2013,5.89,CC[C@H](C)[C@H](NC(=O)[C@H](CS)NC(=O)[C@H](Cc1ccccc1)NC(=O)[C@H](CC(C)C)NC(=O)[C@H](CCC(=O)O)NC(=O)[C@H](CS)NC(=O)[C@H](Cc1ccccc1)NC(=O)[C@H](CCCNC(=N)N)NC(=O)[C@@H](N)CC(N)=O)C(=O)N[C@@H](CCC(N)=O)C(=O)NCC(=O)N[C@H](C(=O)NCC(=O)N[C@@H](CC(=O)O)C(=O)N[C@H](C(=O)N[C@@H](CCCCN)C(=O)N[C@@H](C)C(=O)N[C@@H](CS)C(=O)N[C@@H](CCC(=O)O)C(=O)N[C@@H](CCC(=O)O)C(=O)N[C@@H](C)C(=O)N[C@@H](CS)C(=O)N[C@@H](CCC(N)=O)C(=O)O)C(C)C)[C@@H](C)O,train
CHEMBL3132982,CHEMBL1871,5.39,2013,5.39,CC[C@H](C)[C@H](NC(=O)[C@H](CS)NC(=O)[C@H](Cc1ccccc1)NC(=O)[C@H](CC(C)C)NC(=O)[C@H](CCC(=O)O)NC(=O)[C@H](CS)NC(=O)[C@H](Cc1ccccc1)NC(=O)[C@H](CCCNC(=N)N)NC(=O)[C@@H](N)CC(N)=O)C(=O)N[C@@H](CCC(N)=O)C(=O)NCC(=O)N[C@H](C(=O)NCC(=O)N[C@@H](CC(=O)O)C(=O)N[C@H](C(=O)N[C@@H](CCCCN)C(=O)N[C@@H](C)C(=O)N[C@@H](CS)C(=O)N[C@@H](CCC(=O)O)C(=O)N[C@@H](Cc1c[nH]c2ccccc12)C(=O)N[C@@H](C)C(=O)N[C@@H](CS)C(=O)N[C@@H](CCC(N)=O)C(=O)O)C(C)C)[C@@H](C)O,test
CHEMBL3132983,CHEMBL1871,5.68,2013,5.68,CC[C@H](C)[C@H](NC(=O)[C@H](CS)NC(=O)[C@H](Cc1ccccc1)NC(=O)[C@H](CC(C)C)NC(=O)[C@H](CCC(=O)O)NC(=O)[C@H](CS)NC(=O)[C@H](Cc1ccccc1)NC(=O)[C@H](CCCNC(=N)N)NC(=O)[C@@H](N)CC(N)=O)C(=O)N[C@@H](CCC(N)=O)C(=O)N[C@@H](CC(=O)O)C(=O)N[C@H](C(=O)NCC(=O)N[C@@H](CC(=O)O)C(=O)N[C@H](C(=O)N[C@@H](CCCCN)C(=O)N[C@@H](C)C(=O)N[C@@H](CS)C(=O)N[C@@H](CCC(=O)O)C(=O)N[C@@H](Cc1c[nH]c2ccccc12)C(=O)N[C@@H](C)C(=O)N[C@@H](CS)C(=O)N[C@@H](CCC(N)=O)C(=O)O)C(C)C)[C@@H](C)O,test
CHEMBL3132984,CHEMBL1871,5.68,2013,5.68,CC[C@H](C)[C@H](NC(=O)[C@H](CS)NC(=O)[C@H](Cc1ccccc1)NC(=O)[C@H](CC(C)C)NC(=O)[C@H](CCC(=O)O)NC(=O)[C@H](CS)NC(=O)[C@H](Cc1ccccc1)NC(=O)[C@H](CCCNC(=N)N)NC(=O)[C@@H](N)CC(N)=O)C(=O)N[C@@H](CCC(=O)O)C(=O)NCC(=O)N[C@H](C(=O)NCC(=O)N[C@@H](CC(=O)O)C(=O)N[C@H](C(=O)N[C@@H](CCCCN)C(=O)N[C@@H](C)C(=O)N[C@@H](CS)C(=O)N[C@@H](CCC(=O)O)C(=O)N[C@@H](Cc1c[nH]c2ccccc12)C(=O)N[C@@H](C)C(=O)N[C@@H](CS)C(=O)N[C@@H](CCC(N)=O)C(=O)O)C(C)C)[C@@H](C)O,test
CHEMBL3132985,CHEMBL1871,5.72,2013,5.72,CC[C@H](C)[C@H](NC(=O)[C@H](CS)NC(=O)[C@H](Cc1ccccc1)NC(=O)[C@H](CC(C)C)NC(=O)[C@H](CCC(=O)O)NC(=O)[C@H](CS)NC(=O)[C@H](Cc1ccccc1)NC(=O)[C@H](CCCNC(=N)N)NC(=O)[C@@H](N)CCCCN)C(=O)N[C@@H](CCC(N)=O)C(=O)NCC(=O)N[C@H](C(=O)NCC(=O)N[C@@H](CC(=O)O)C(=O)N[C@H](C(=O)N[C@@H](CCCCN)C(=O)N[C@@H](C)C(=O)N[C@@H](CS)C(=O)N[C@@H](CCC(=O)O)C(=O)N[C@@H](Cc1c[nH]c2ccccc12)C(=O)N[C@@H](C)C(=O)N[C@@H](CS)C(=O)N[C@@H](CCC(N)=O)C(=O)O)C(C)C)[C@@H](C)O,test
CHEMBL3132986,CHEMBL1871,4.89,2013,4.89,CC[C@H](C)[C@H](NC(=O)[C@H](CS)NC(=O)[C@H](CC(C)C)NC(=O)[C@H](CC(C)C)NC(=O)[C@H](CCC(=O)O)NC(=O)[C@H](CS)NC(=O)[C@H](CC(C)C)NC(=O)[C@H](CCCNC(=N)N)NC(=O)[C@@H](N)CC(N)=O)C(=O)N[C@@H](CCC(N)=O)C(=O)NCC(=O)N[C@H](C(=O)NCC(=O)N[C@@H](CC(=O)O)C(=O)N[C@H](C(=O)N[C@@H](CCCCN)C(=O)N[C@@H](C)C(=O)N[C@@H](CS)C(=O)N[C@@H](CCC(=O)O)C(=O)N[C@@H](Cc1c[nH]c2ccccc12)C(=O)N[C@@H](C)C(=O)N[C@@H](CS)C(=O)N[C@@H](CCC(N)=O)C(=O)O)C(C)C)[C@@H](C)O,val
CHEMBL3132987,CHEMBL1871,5.0,2013,5.0,CC[C@H](C)[C@H](NC(=O)[C@H](CS)NC(=O)[C@H](Cc1ccccc1)NC(=O)[C@H](CC(C)C)NC(=O)[C@H](CCC(=O)O)NC(=O)[C@H](CS)NC(=O)[C@H](Cc1ccccc1)NC(=O)[C@H](CC(C)C)NC(=O)[C@@H](N)CC(N)=O)C(=O)N[C@@H](CCC(N)=O)C(=O)NCC(=O)N[C@H](C(=O)NCC(=O)N[C@@H](CC(=O)O)C(=O)N[C@H](C(=O)N[C@@H](CCCCN)C(=O)N[C@@H](C)C(=O)N[C@@H](CS)C(=O)N[C@@H](CCC(=O)O)C(=O)N[C@@H](Cc1c[nH]c2ccccc12)C(=O)N[C@@H](C)C(=O)N[C@@H](CS)C(=O)N[C@@H](CCC(N)=O)C(=O)O)C(C)C)[C@@H](C)O,test
CHEMBL3132988,CHEMBL1871,5.6,2013,5.6,CC[C@H](C)[C@H](NC(=O)[C@H](CS)NC(=O)[C@H](Cc1ccccc1)NC(=O)[C@H](CC(C)C)NC(=O)[C@H](CCC(=O)O)NC(=O)[C@H](CS)NC(=O)[C@H](Cc1ccccc1)NC(=O)[C@H](CCCNC(=N)N)NC(=O)[C@@H](N)CO)C(=O)N[C@@H](CCC(N)=O)C(=O)NCC(=O)N[C@H](C(=O)NCC(=O)N[C@@H](CC(=O)O)C(=O)N[C@H](C(=O)N[C@@H](CCCCN)C(=O)N[C@@H](C)C(=O)N[C@@H](CS)C(=O)N[C@@H](CCC(=O)O)C(=O)N[C@@H](Cc1c[nH]c2ccccc12)C(=O)N[C@@H](C)C(=O)N[C@@H](CS)C(=O)N[C@@H](CCC(N)=O)C(=O)O)C(C)C)[C@@H](C)O,test
CHEMBL3132989,CHEMBL1871,5.57,2013,5.57,CC[C@H](C)[C@H](NC(=O)[C@H](CS)NC(=O)[C@H](Cc1ccccc1)NC(=O)[C@H](CC(C)C)NC(=O)[C@H](CCCCN)NC(=O)[C@H](CS)NC(=O)[C@H](Cc1ccccc1)NC(=O)[C@H](CCCNC(=N)N)NC(=O)[C@@H](N)CC(N)=O)C(=O)N[C@@H](CCC(N)=O)C(=O)NCC(=O)N[C@H](C(=O)NCC(=O)N[C@@H](CC(=O)O)C(=O)N[C@H](C(=O)N[C@@H](CCCCN)C(=O)N[C@@H](C)C(=O)N[C@@H](CS)C(=O)N[C@@H](CCC(=O)O)C(=O)N[C@@H](Cc1c[nH]c2ccccc12)C(=O)N[C@@H](C)C(=O)N[C@@H](CS)C(=O)N[C@@H](CCC(N)=O)C(=O)O)C(C)C)[C@@H](C)O,test
CHEMBL3132990,CHEMBL1871,5.39,2013,5.39,CC[C@H](C)[C@H](NC(=O)[C@H](CS)NC(=O)[C@H](Cc1ccccc1)NC(=O)[C@H](CCSC)NC(=O)[C@H](CCC(=O)O)NC(=O)[C@H](CS)NC(=O)[C@H](Cc1ccccc1)NC(=O)[C@H](CCCNC(=N)N)NC(=O)[C@@H](N)CC(N)=O)C(=O)N[C@@H](CCC(N)=O)C(=O)NCC(=O)N[C@H](C(=O)NCC(=O)N[C@@H](CC(=O)O)C(=O)N[C@H](C(=O)N[C@@H](CCCCN)C(=O)N[C@@H](C)C(=O)N[C@@H](CS)C(=O)N[C@@H](CCC(=O)O)C(=O)N[C@@H](Cc1c[nH]c2ccccc12)C(=O)N[C@@H](C)C(=O)N[C@@H](CS)C(=O)N[C@@H](CCC(N)=O)C(=O)O)C(C)C)[C@@H](C)O,test
CHEMBL3132991,CHEMBL1871,5.44,2013,5.44,CC(C)C[C@H](NC(=O)[C@H](CCC(=O)O)NC(=O)[C@H](CS)NC(=O)[C@H](Cc1ccccc1)NC(=O)[C@H](CCCNC(=N)N)NC(=O)[C@@H](N)CC(N)=O)C(=O)N[C@@H](Cc1ccccc1)C(=O)N[C@@H](CS)C(=O)N[C@@H](Cc1ccccc1)C(=O)N[C@@H](CCC(N)=O)C(=O)NCC(=O)N[C@H](C(=O)NCC(=O)N[C@@H](CC(=O)O)C(=O)N[C@H](C(=O)N[C@@H](CCCCN)C(=O)N[C@@H](C)C(=O)N[C@@H](CS)C(=O)N[C@@H](CCC(=O)O)C(=O)N[C@@H](Cc1c[nH]c2ccccc12)C(=O)N[C@@H](C)C(=O)N[C@@H](CS)C(=O)N[C@@H](CCC(N)=O)C(=O)O)C(C)C)[C@@H](C)O,train
CHEMBL3132992,CHEMBL1871,5.64,2013,5.64,CC[C@H](C)[C@H](NC(=O)[C@H](CS)NC(=O)[C@H](Cc1ccccc1)NC(=O)[C@H](CC(C)C)NC(=O)[C@H](CCC(=O)O)NC(=O)[C@H](CS)NC(=O)[C@H](Cc1ccc(Cl)cc1)NC(=O)[C@H](CCCNC(=N)N)NC(=O)[C@@H](N)CC(N)=O)C(=O)N[C@@H](CCC(N)=O)C(=O)NCC(=O)N[C@H](C(=O)NCC(=O)N[C@@H](CC(=O)O)C(=O)N[C@H](C(=O)N[C@@H](CCCCN)C(=O)N[C@@H](C)C(=O)N[C@@H](CS)C(=O)N[C@@H](CCC(=O)O)C(=O)N[C@@H](Cc1c[nH]c2ccccc12)C(=O)N[C@@H](C)C(=O)N[C@@H](CS)C(=O)N[C@@H](CCC(N)=O)C(=O)O)C(C)C)[C@@H](C)O,test
CHEMBL3132993,CHEMBL1871,4.5,2013,4.5,CC[C@H](C)[C@H](NC(=O)[C@H](CS)NC(=O)[C@H](Cc1ccc(Cl)cc1)NC(=O)[C@H](CC(C)C)NC(=O)[C@H](CCC(=O)O)NC(=O)[C@H](CS)NC(=O)[C@H](Cc1ccccc1)NC(=O)[C@H](CCCNC(=N)N)NC(=O)[C@@H](N)CC(N)=O)C(=O)N[C@@H](CCC(N)=O)C(=O)NCC(=O)N[C@H](C(=O)NCC(=O)N[C@@H](CC(=O)O)C(=O)N[C@H](C(=O)N[C@@H](CCCCN)C(=O)N[C@@H](C)C(=O)N[C@@H](CS)C(=O)N[C@@H](CCC(=O)O)C(=O)N[C@@H](Cc1c[nH]c2ccccc12)C(=O)N[C@@H](C)C(=O)N[C@@H](CS)C(=O)N[C@@H](CCC(N)=O)C(=O)O)C(C)C)[C@@H](C)O,test
CHEMBL3132994,CHEMBL1871,5.66,2013,5.66,CC[C@H](C)[C@H](NC(=O)[C@H](CS)NC(=O)[C@H](Cc1ccccc1)NC(=O)[C@H](CC(C)C)NC(=O)[C@H](CCC(=O)O)NC(=O)[C@H](CS)NC(=O)[C@H](Cc1ccccc1Cl)NC(=O)[C@H](CCCNC(=N)N)NC(=O)[C@@H](N)CC(N)=O)C(=O)N[C@@H](CCC(N)=O)C(=O)NCC(=O)N[C@H](C(=O)NCC(=O)N[C@@H](CC(=O)O)C(=O)N[C@H](C(=O)N[C@@H](CCCCN)C(=O)N[C@@H](C)C(=O)N[C@@H](CS)C(=O)N[C@@H](CCC(=O)O)C(=O)N[C@@H](Cc1c[nH]c2ccccc12)C(=O)N[C@@H](C)C(=O)N[C@@H](CS)C(=O)N[C@@H](CCC(N)=O)C(=O)O)C(C)C)[C@@H](C)O,test
CHEMBL3132995,CHEMBL1871,6.4,2013,6.4,CC[C@H](C)[C@H](NC(=O)[C@H](CS)NC(=O)[C@H](Cc1ccccc1Cl)NC(=O)[C@H](CC(C)C)NC(=O)[C@H](CCC(=O)O)NC(=O)[C@H](CS)NC(=O)[C@H](Cc1ccccc1)NC(=O)[C@H](CCCNC(=N)N)NC(=O)[C@@H](N)CC(N)=O)C(=O)N[C@@H](CCC(N)=O)C(=O)NCC(=O)N[C@H](C(=O)NCC(=O)N[C@@H](CC(=O)O)C(=O)N[C@H](C(=O)N[C@@H](CCCCN)C(=O)N[C@@H](C)C(=O)N[C@@H](CS)C(=O)N[C@@H](CCC(=O)O)C(=O)N[C@@H](Cc1c[nH]c2ccccc12)C(=O)N[C@@H](C)C(=O)N[C@@H](CS)C(=O)N[C@@H](CCC(N)=O)C(=O)O)C(C)C)[C@@H](C)O,test
CHEMBL3132996,CHEMBL1871,4.96,2013,4.96,CC[C@H](C)[C@H](NC(=O)[C@H](CS)NC(=O)[C@H](Cc1ccccc1)NC(=O)[C@H](CC(C)C)NC(=O)[C@H](CCC(=O)O)NC(=O)[C@H](CS)NC(=O)[C@H](CC1CCCCC1)NC(=O)[C@H](CCCNC(=N)N)NC(=O)[C@@H](N)CC(N)=O)C(=O)N[C@@H](CCC(N)=O)C(=O)NCC(=O)N[C@H](C(=O)NCC(=O)N[C@@H](CC(=O)O)C(=O)N[C@H](C(=O)N[C@@H](CCCCN)C(=O)N[C@@H](C)C(=O)N[C@@H](CS)C(=O)N[C@@H](CCC(=O)O)C(=O)N[C@@H](Cc1c[nH]c2ccccc12)C(=O)N[C@@H](C)C(=O)N[C@@H](CS)C(=O)N[C@@H](CCC(N)=O)C(=O)O)C(C)C)[C@@H](C)O,train
CHEMBL3132997,CHEMBL1871,4.25,2013,4.25,CC[C@H](C)[C@H](NC(=O)[C@H](CS)NC(=O)[C@H](CC1CCCCC1)NC(=O)[C@H](CC(C)C)NC(=O)[C@H](CCC(=O)O)NC(=O)[C@H](CS)NC(=O)[C@H](Cc1ccccc1)NC(=O)[C@H](CCCNC(=N)N)NC(=O)[C@@H](N)CC(N)=O)C(=O)N[C@@H](CCC(N)=O)C(=O)NCC(=O)N[C@H](C(=O)NCC(=O)N[C@@H](CC(=O)O)C(=O)N[C@H](C(=O)N[C@@H](CCCCN)C(=O)N[C@@H](C)C(=O)N[C@@H](CS)C(=O)N[C@@H](CCC(=O)O)C(=O)N[C@@H](Cc1c[nH]c2ccccc12)C(=O)N[C@@H](C)C(=O)N[C@@H](CS)C(=O)N[C@@H](CCC(N)=O)C(=O)O)C(C)C)[C@@H](C)O,train
CHEMBL3132998,CHEMBL1871,5.52,2013,5.52,CC[C@H](C)[C@H](NC(=O)[C@H](CS)NC(=O)[C@H](Cc1ccccc1)NC(=O)[C@H](CC(C)C)NC(=O)[C@H](CCC(=O)O)NC(=O)[C@H](CS)NC(=O)[C@H](Cc1ccccc1)NC(=O)[C@H](CCCNC(=N)N)NC(=O)[C@@H](N)CC(N)=O)C(=O)N[C@@H](CCC(N)=O)C(=O)NCC(=O)N[C@H](C(=O)N[C@@H](CCC(=O)O)C(=O)N[C@@H](CC(=O)O)C(=O)N[C@H](C(=O)N[C@@H](CCCCN)C(=O)N[C@@H](C)C(=O)N[C@@H](CS)C(=O)N[C@@H](CCC(=O)O)C(=O)N[C@@H](Cc1c[nH]c2ccccc12)C(=O)N[C@@H](C)C(=O)N[C@@H](CS)C(=O)N[C@@H](CCC(N)=O)C(=O)O)C(C)C)[C@@H](C)O,test
CHEMBL3132999,CHEMBL1871,5.7,2013,5.7,CC(C)C[C@H](NC(=O)[C@H](CS)NC(=O)[C@H](CC(N)=O)NC(=O)[C@H](Cc1ccccc1)NC(=O)[C@H](Cc1ccc(O)cc1)NC(=O)[C@H](CS)NC(=O)[C@H](C)N)C(=O)N[C@@H](Cc1ccccc1)C(=O)N[C@@H](CCC(=O)O)C(=O)NCC(=O)N[C@@H](CC(N)=O)C(=O)N[C@@H](CC(=O)O)C(=O)N[C@@H](CCC(=O)O)C(=O)N[C@@H](CCC(=O)O)C(=O)N[C@H](C(=O)N[C@@H](CS)C(=O)N[C@@H](CCCCN)C(=O)N[C@@H](CCC(=O)O)C(=O)N[C@@H](CCCNC(=N)N)C(=O)N[C@@H](CS)C(=O)O)[C@@H](C)O,train
CHEMBL3133000,CHEMBL1871,5.77,2013,5.77,CC(C)C[C@H](NC(=O)[C@H](CS)NC(=O)[C@H](CC(N)=O)NC(=O)[C@H](Cc1ccccc1)NC(=O)[C@H](Cc1ccc(O)cc1)NC(=O)[C@H](CS)NC(=O)[C@H](C)N)C(=O)N[C@@H](Cc1ccccc1)C(=O)N[C@@H](CCC(=O)O)C(=O)NCC(=O)N[C@@H](CC(N)=O)C(=O)N[C@@H](CC(=O)O)C(=O)N[C@@H](CCC(=O)O)C(=O)N[C@@H](CCC(=O)O)C(=O)N[C@H](C(=O)N[C@@H](CS)C(=O)N[C@@H](CCCCN)C(=O)N[C@@H](CCC(=O)O)C(=O)N[C@@H](Cc1c[nH]c2ccccc12)C(=O)N[C@@H](CS)C(=O)O)[C@@H](C)O,test
CHEMBL3133001,CHEMBL1871,5.52,2013,5.52,CC(C)C[C@H](NC(=O)[C@H](CS)NC(=O)[C@H](C)N)C(=O)N[C@@H](Cc1ccccc1)C(=O)N[C@@H](CC(N)=O)C(=O)N[C@@H](CS)C(=O)N[C@@H](CC(C)C)C(=O)N[C@@H](Cc1ccccc1)C(=O)N[C@@H](CCC(=O)O)C(=O)NCC(=O)N[C@@H](CC(N)=O)C(=O)N[C@@H](CC(=O)O)C(=O)N[C@@H](CCC(=O)O)C(=O)N[C@@H](CCC(=O)O)C(=O)N[C@H](C(=O)N[C@@H](CS)C(=O)N[C@@H](CCCCN)C(=O)N[C@@H](CCC(=O)O)C(=O)N[C@@H](Cc1c[nH]c2ccccc12)C(=O)N[C@@H](CS)C(=O)O)[C@@H](C)O,train
CHEMBL3133002,CHEMBL1871,4.92,2013,4.92,CC(C)C[C@H](NC(=O)[C@H](CS)NC(=O)[C@H](CC(N)=O)NC(=O)[C@H](Cc1ccccc1)NC(=O)[C@H](CCCNC(=N)N)NC(=O)[C@H](CS)NC(=O)[C@H](C)N)C(=O)N[C@@H](Cc1ccccc1)C(=O)N[C@@H](CCC(=O)O)C(=O)NCC(=O)N[C@@H](CC(N)=O)C(=O)N[C@@H](CC(=O)O)C(=O)N[C@@H](CCC(=O)O)C(=O)N[C@@H](CCC(=O)O)C(=O)N[C@H](C(=O)N[C@@H](CS)C(=O)N[C@@H](CCCCN)C(=O)N[C@@H](CCC(=O)O)C(=O)N[C@@H](Cc1c[nH]c2ccccc12)C(=O)N[C@@H](CS)C(=O)O)[C@@H](C)O,train
CHEMBL3133003,CHEMBL1871,5.85,2013,5.85,CC(C)C[C@H](NC(=O)[C@H](CC(C)C)NC(=O)[C@H](CS)NC(=O)[C@H](CC(N)=O)NC(=O)[C@H](CC(C)C)NC(=O)[C@H](Cc1ccc(O)cc1)NC(=O)[C@H](CS)NC(=O)[C@H](C)N)C(=O)N[C@@H](CCC(=O)O)C(=O)NCC(=O)N[C@@H](CC(N)=O)C(=O)N[C@@H](CC(=O)O)C(=O)N[C@@H](CCC(=O)O)C(=O)N[C@@H](CCC(=O)O)C(=O)N[C@H](C(=O)N[C@@H](CS)C(=O)N[C@@H](CCCCN)C(=O)N[C@@H](CCC(=O)O)C(=O)N[C@@H](Cc1c[nH]c2ccccc12)C(=O)N[C@@H](CS)C(=O)O)[C@@H](C)O,train
CHEMBL3133004,CHEMBL1871,6.7,2013,6.7,CC(C)C[C@H](NC(=O)[C@H](CS)NC(=O)[C@H](CC(N)=O)NC(=O)[C@H](Cc1ccccc1)NC(=O)[C@H](Cc1ccc(O)cc1)NC(=O)[C@H](CS)NC(=O)[C@H](C)N)C(=O)N[C@@H](Cc1ccccc1)C(=O)N[C@@H](CCC(=O)O)C(=O)NCC(=O)N[C@@H](CCC(=O)O)C(=O)N[C@@H](CC(=O)O)C(=O)N[C@@H](CCC(=O)O)C(=O)N[C@@H](CCC(=O)O)C(=O)N[C@H](C(=O)N[C@@H](CS)C(=O)N[C@@H](CCCCN)C(=O)N[C@@H](CCC(=O)O)C(=O)N[C@@H](Cc1c[nH]c2ccccc12)C(=O)N[C@@H](CS)C(=O)O)[C@@H](C)O,test
CHEMBL315964,CHEMBL1871,8.85,2003,8.85,O=C1ON=C(c2ccc(O)cc2)/C1=C/c1ccc(N2CCCC2)cc1,train
CHEMBL317578,CHEMBL1871,5.51,2001,5.51,COc1cccc2c1-c1ccc3c(c1C(c1cccc(OC(=O)N(C)C)c1)O2)C(C)=CC(C)(C)N3,train
CHEMBL317921,CHEMBL1871,5.625,1998,5.625,CC1=CC(C)(C)Nc2ccc3c(c21)C(c1ccc(Cl)c(Cl)c1)Oc1ccccc1-3,train
CHEMBL3183409,CHEMBL1871,6.7,2015,6.7,CNC(=O)c1ccc(N2C(=S)N(c3cnc(C#N)c(C(F)(F)F)c3)C(=O)C23CCC3)cc1F,test
CHEMBL318409,CHEMBL1871,5.85,2001,5.85,CC1=CC(C)(C)Nc2ccc3c(c21)C(c1ccccc1)Oc1ccc(Cl)cc1-3,train
CHEMBL318513,CHEMBL1871,6.3,1998,6.3,CC1=CC(C)(C)Nc2ccc3c(c21)C(c1cccc(C(F)(F)F)c1)Oc1ccccc1-3,train
CHEMBL320690,CHEMBL1871,6.21,1998,6.21,CC1=CC(C)(C)Nc2ccc3c(c21)C(c1cccc(Cl)c1)Oc1ccccc1-3,train
CHEMBL322108,CHEMBL1871,6.11,1998,6.11,CCCCC1Oc2ccc(OC)cc2-c2ccc3c(c21)C(C)=CC(C)(C)N3,val
CHEMBL3221237,CHEMBL1871,7.445,2013,7.445,CN1C(=O)C(F)=C[C@]2(C)[C@H]3CC[C@]4(C)[C@@H](C(=O)NCc5nc6cccnc6[nH]5)CC[C@H]4[C@@H]3CC[C@@H]12,test
CHEMBL3233069,CHEMBL1871,8.46,2014,8.46,COc1ccc(OC[C@](C)(O)C(=O)N2CCc3c(C#N)cccc32)c(Cl)c1,test
CHEMBL3233070,CHEMBL1871,8.3,2014,8.3,C[C@](O)(COc1ccc(Cl)cc1F)C(=O)N1CCc2c(C#N)cccc21,test
CHEMBL3233071,CHEMBL1871,8.04,2014,8.04,C[C@](O)(COc1ccc(Cl)cc1Cl)C(=O)N1CCc2c(C#N)cccc21,test
CHEMBL3233072,CHEMBL1871,7.43,2014,7.43,C[C@](O)(COc1ccc(Br)cc1F)C(=O)N1CCc2c(C#N)cccc21,test
CHEMBL3234858,CHEMBL1871,5.301029995663981,2014,5.301029995663981,COc1cc(OC)cc(-c2nnc([C@@]3(Cc4ccccc4)OC(=O)N([C@H](C)c4ccccc4)C3=O)o2)c1,train
CHEMBL3234863,CHEMBL1871,5.301029995663981,2014,5.301029995663981,C[C@H](c1ccccc1)N1C(=O)O[C@](Cc2ccccc2)(c2nnc(C3(c4ccccc4)CC3)o2)C1=O,train
CHEMBL3238273,CHEMBL1871,7.0,2014,7.0,C[C@](O)(COc1ccccc1)C(=O)N1CCc2c(C#N)cccc21,test
CHEMBL3238274,CHEMBL1871,7.9,2014,7.9,C[C@](O)(COc1ccc(F)cc1)C(=O)N1CCc2c(C#N)cccc21,test
CHEMBL3238275,CHEMBL1871,7.47,2014,7.47,C[C@](O)(COc1cccc(F)c1)C(=O)N1CCc2c(C#N)cccc21,test
CHEMBL3238276,CHEMBL1871,8.0,2014,8.0,C[C@](O)(COc1ccccc1F)C(=O)N1CCc2c(C#N)cccc21,test
CHEMBL3238277,CHEMBL1871,7.44,2014,7.44,C[C@](O)(COc1ccc(Cl)cc1)C(=O)N1CCc2c(C#N)cccc21,test
CHEMBL3238278,CHEMBL1871,6.97,2014,6.97,C[C@](O)(COc1cccc(Cl)c1)C(=O)N1CCc2c(C#N)cccc21,test
CHEMBL3238279,CHEMBL1871,7.25,2014,7.25,C[C@](O)(COc1ccccc1Cl)C(=O)N1CCc2c(C#N)cccc21,test
CHEMBL3238280,CHEMBL1871,8.62,2014,8.62,C[C@](O)(COc1ccc(Br)cc1)C(=O)N1CCc2c(C#N)cccc21,test
CHEMBL3238281,CHEMBL1871,7.48,2014,7.48,C[C@](O)(COc1ccc(C(F)(F)F)cc1)C(=O)N1CCc2c(C#N)cccc21,test
CHEMBL3238282,CHEMBL1871,6.84,2014,6.84,COc1ccc(OC[C@](C)(O)C(=O)N2CCc3c(C#N)cccc32)cc1,test
CHEMBL3238283,CHEMBL1871,6.88,2014,6.88,COC(=O)c1ccc(OC[C@](C)(O)C(=O)N2CCc3c(C#N)cccc32)cc1,test
CHEMBL3238284,CHEMBL1871,6.75,2014,6.75,C[C@](O)(COc1ccc(-c2cocn2)cc1)C(=O)N1CCc2c(C#N)cccc21,test
CHEMBL3238285,CHEMBL1871,7.79,2014,7.79,C[C@](O)(COc1ccc(C#N)cc1)C(=O)N1CCc2c(C#N)cccc21,test
CHEMBL3238286,CHEMBL1871,7.21,2014,7.21,C[C@](O)(COc1ccccc1C(F)(F)F)C(=O)N1CCc2c(C#N)cccc21,test
CHEMBL3238287,CHEMBL1871,7.84,2014,7.84,C[C@](O)(COc1ccccc1C#N)C(=O)N1CCc2c(C#N)cccc21,test
CHEMBL3238288,CHEMBL1871,8.04,2014,8.04,C[C@](O)(COc1ccc(F)cc1C#N)C(=O)N1CCc2c(C#N)cccc21,test
CHEMBL3238289,CHEMBL1871,7.94,2014,7.94,C[C@](O)(COc1ccc(F)cc1Br)C(=O)N1CCc2c(C#N)cccc21,test
CHEMBL3238290,CHEMBL1871,7.97,2014,7.97,Cc1cc(F)ccc1OC[C@](C)(O)C(=O)N1CCc2c(C#N)cccc21,test
CHEMBL3238291,CHEMBL1871,8.32,2014,8.32,C[C@](O)(COc1ccc(C#N)cc1Br)C(=O)N1CCc2c(C#N)cccc21,test
CHEMBL3238292,CHEMBL1871,8.49,2014,8.49,C[C@](O)(COc1ccc(C#N)cc1F)C(=O)N1CCc2c(C#N)cccc21,test
CHEMBL3238293,CHEMBL1871,7.79,2014,7.79,COc1cc(C#N)ccc1OC[C@](C)(O)C(=O)N1CCc2c(C#N)cccc21,test
CHEMBL3238294,CHEMBL1871,6.44,2014,6.44,COc1cc(Cl)ccc1OC[C@](C)(O)C(=O)N1CCc2c(C#N)cccc21,test
CHEMBL3238295,CHEMBL1871,6.37,2014,6.37,COc1ccc(OC[C@](C)(O)C(=O)N2CCc3c(C#N)cccc32)c(F)c1,test
CHEMBL325221,CHEMBL1871,5.69,1998,5.69,CCCCC1Oc2ccccc2-c2ccc3c(c21)C(C)=CC(C)(C)N3,val
CHEMBL32603,CHEMBL1871,5.92,1999,5.92,CC1C(=O)C(C)(C)Nc2ccc3c(c21)/C(=C/c1ccccc1)Oc1ccccc1-3,train
CHEMBL326092,CHEMBL1871,5.88,1998,5.88,CCCCC1Oc2ccc(F)cc2-c2ccc3c(c21)C(C)=CC(C)(C)N3,val
CHEMBL3261407,CHEMBL1871,6.0,2014,6.0,Cc1cc(C)c(S(=O)(=O)N[C@@H](C)CNc2cccc3c2cnn3-c2ccc(F)cc2)c(C)c1,val
CHEMBL3261425,CHEMBL1871,6.0,2014,6.0,Cc1nn(C2CCCC2)c(C)c1S(=O)(=O)N[C@@H](C)CNc1cccc2c1cnn2-c1ccc(F)nc1,test
CHEMBL3262343,CHEMBL1871,4.31,2014,4.31,CC(C)(O)c1cn(-c2ccc(Cl)c(C(F)(F)F)c2)nn1,train
CHEMBL3262347,CHEMBL1871,4.35,2014,4.35,CC(C)(O)c1cn(-c2ccc([N+](=O)[O-])c(C(F)(F)F)c2)nn1,train
CHEMBL3262348,CHEMBL1871,4.4,2014,4.4,CC(C)(O)c1cn(-c2cc(C(F)(F)F)cc(C(F)(F)F)c2)nn1,train
CHEMBL3263750,CHEMBL1871,5.0,2014,5.0,COc1cc(C2=NN(c3ccc(C#N)c(C)c3)[C@@H](C3CCCC3)C2)ccc1C(=O)O,train
CHEMBL3263751,CHEMBL1871,5.0,2014,5.0,CCOc1cc(C2=NN(c3ccc(C#N)c(C)c3)[C@@H](C3CCCC3)C2)ccc1C(=O)O,train
CHEMBL3263752,CHEMBL1871,5.0,2014,5.0,COc1nc(C2=NN(c3ccc(C#N)c(C)c3)[C@@H](C3CCCC3)C2)ccc1C(=O)O,train
CHEMBL3263754,CHEMBL1871,5.04,2014,5.04,COc1nc(C2=NN(c3ccc(C#N)c(C)n3)[C@@H](C3CCCC3)C2)ccc1C(=O)O,train
CHEMBL3263755,CHEMBL1871,5.0,2014,5.0,COc1cc(C2=NN(c3ccc(C#N)c(C)n3)[C@@H](C3CCCC3)C2)ccc1C(=O)O,test
CHEMBL3263756,CHEMBL1871,5.0,2014,5.0,Cc1nc(N2N=C(c3ccc(C(=O)O)cc3)C[C@@H]2C2CCCC2)ccc1C#N,test
CHEMBL3263757,CHEMBL1871,5.0,2014,5.0,CCOc1nc(C2=NN(c3ccc(C#N)c(C)c3)[C@@H](C3CCCC3)C2)ccc1C(=O)O,train
CHEMBL3263758,CHEMBL1871,5.0,2014,5.0,COc1nc(C2=NN(c3ccc(C#N)c(Cl)c3)[C@@H](C3CCCC3)C2)ccc1C(=O)O,train
CHEMBL3263760,CHEMBL1871,5.49,2014,5.49,COc1nc(C2=NN(c3ccc(C#N)c(C)c3)[C@@H](C3CCCC3)C2)ccc1C(N)=O,train
CHEMBL3263761,CHEMBL1871,5.0,2014,5.0,CNC(=O)c1ccc(C2=NN(c3ccc(C#N)c(C)c3)[C@@H](C3CCCC3)C2)nc1OC,train
CHEMBL3263762,CHEMBL1871,5.0,2014,5.0,COc1nc(C2=NN(c3ccc(C#N)c(C)c3)[C@@H](C3CCCC3)C2)ccc1C(=O)N(C)C,train
CHEMBL3263763,CHEMBL1871,5.11,2014,5.11,COc1nc(C2=NN(c3ccc(C#N)c(C)n3)[C@@H](C3CCCC3)C2)ccc1C(N)=O,train
CHEMBL3263764,CHEMBL1871,5.07,2014,5.07,CNC(=O)c1ccc(C2=NN(c3ccc(C#N)c(C)n3)[C@@H](C3CCCC3)C2)nc1OC,train
CHEMBL3263765,CHEMBL1871,5.0,2014,5.0,COc1nc(C2=NN(c3ccc(C#N)c(C)n3)[C@@H](C3CCCC3)C2)ccc1C(=O)N(C)C,train
CHEMBL3263766,CHEMBL1871,5.0,2014,5.0,COc1nc(C2=NN(c3ccc(C#N)c(C)c3)[C@@H](C3CCCC3)C2)ccc1C(=O)NS(C)(=O)=O,train
CHEMBL3263767,CHEMBL1871,5.0,2014,5.0,COc1nc(C2=NN(c3ccc(C#N)c(C)n3)[C@@H](C3CCCC3)C2)ccc1C(=O)NS(C)(=O)=O,train
CHEMBL3263768,CHEMBL1871,5.0,2014,5.0,COc1nc(C2=NN(c3ccc(C#N)c(C)c3)[C@@H](C3CCCC3)C2)ccc1C(=O)Nc1nnn[nH]1,test
CHEMBL32812,CHEMBL1871,6.1,1998,6.1,CC1=CC(C)(C)Nc2ccc3c(c21)/C(=C/c1cccc(F)c1)Oc1ccccc1-3,train
CHEMBL330478,CHEMBL1871,8.85,2003,8.85,O=C1ON=C(c2ccc(F)cc2)/C1=C/c1ccc(N2CCCC2)cc1,train
CHEMBL3315061,CHEMBL1871,4.301029995663981,2014,4.301029995663981,CC(C)(C(=O)NC(N)=O)[C@@H]1c2ccc(-c3ccc(C(=O)N4CCOCC4)cc3)nc2Oc2c(F)cccc21,train
CHEMBL3315062,CHEMBL1871,4.301029995663981,2014,4.301029995663981,CC(C)(C(=O)Nc1nncs1)[C@@H]1c2ccc(-c3ccc(C(=O)N4CCOCC4)cc3)nc2Oc2c(F)cccc21,train
CHEMBL3317457,CHEMBL1871,5.324999999999999,2014,5.324999999999999,O=C(c1cc2ccc(F)cc2[nH]1)N(Cc1ccco1)Cc1ccco1,train
CHEMBL3318054,CHEMBL1871,4.945,2014,4.945,CN(Cc1ccc(Br)o1)C(=O)c1cc2ccc(F)cc2[nH]1,val
CHEMBL3318055,CHEMBL1871,5.105,2014,5.105,Cc1ccc(CN(C)C(=O)c2cc3cc(F)ccc3[nH]2)o1,val
CHEMBL3318056,CHEMBL1871,5.23,2014,5.23,N#CCCN(Cc1ccccc1)C(=O)c1cc2ccccc2[nH]1,train
CHEMBL3318057,CHEMBL1871,5.1850000000000005,2014,5.1850000000000005,COCCN(Cc1ccco1)C(=O)c1cc2cc(F)ccc2[nH]1,val
CHEMBL3318058,CHEMBL1871,5.28,2014,5.28,CC(C)N(Cc1ccco1)C(=O)c1cc2cc(C(F)(F)F)ccc2[nH]1,val
CHEMBL3318059,CHEMBL1871,5.48,2014,5.48,CN(Cc1ccc(Br)s1)C(=O)c1cc2ccc(F)cc2[nH]1,test
CHEMBL3318060,CHEMBL1871,5.365,2014,5.365,CN(Cc1cccs1)C(=O)c1cc2ccc(F)cc2[nH]1,test
CHEMBL3318061,CHEMBL1871,5.475,2014,5.475,Cc1ccc(CN(C(=O)c2cc3ccccc3[nH]2)C(C)C)o1,val
CHEMBL3318062,CHEMBL1871,5.66,2014,5.66,Cc1ccc2cc(C(=O)N(Cc3ccc(C)o3)C(C)C)[nH]c2c1,val
CHEMBL3318063,CHEMBL1871,5.66,2014,5.66,Cc1ccc2[nH]c(C(=O)N(Cc3ccc(C)o3)C(C)C)cc2c1,val
CHEMBL3318064,CHEMBL1871,5.904999999999999,2014,5.904999999999999,Cc1ccc2[nH]c(C(=O)N(Cc3ccco3)C(C)C)cc2c1,val
CHEMBL3318065,CHEMBL1871,5.91,2014,5.91,Cc1ccc(CN(C(=O)c2cc3cc(F)ccc3[nH]2)C(C)C)o1,val
CHEMBL3318066,CHEMBL1871,6.03,2014,6.03,Cc1ccc2cc(C(=O)N(Cc3ccco3)C(C)C)[nH]c2c1,val
CHEMBL3318067,CHEMBL1871,5.96,2014,5.96,Cc1ccc(CN(C(=O)c2cc3cccc(F)c3[nH]2)C(C)C)o1,val
CHEMBL3318068,CHEMBL1871,6.08,2014,6.08,Cc1ccc(CN(C(=O)c2cc3ccc(F)cc3[nH]2)C(C)C)o1,val
CHEMBL3318069,CHEMBL1871,6.26,2014,6.26,CC(C)N(Cc1ccco1)C(=O)c1cc2cc(F)ccc2[nH]1,val
CHEMBL3318070,CHEMBL1871,6.325,2014,6.325,CC(C)N(Cc1ccco1)C(=O)c1cc2ccc(F)cc2[nH]1,val
CHEMBL3323467,CHEMBL1871,5.455,2014,5.455,CNc1nc(-c2ccc3ccccc3c2)cs1,train
CHEMBL3323468,CHEMBL1871,5.109999999999999,2014,5.109999999999999,Oc1ccc2nc(N3CCOCC3)sc2c1,train
CHEMBL3323469,CHEMBL1871,5.01,2014,5.01,Oc1ccc(-c2ccc3ccccc3n2)cc1,val
CHEMBL3323470,CHEMBL1871,6.285,2014,6.285,c1ccc(-c2ccc(N3CCOCC3)s2)cc1,train
CHEMBL3323471,CHEMBL1871,6.225,2014,6.225,FC(F)(F)c1cccc(-c2csc(N3CCOCC3)n2)c1,train
CHEMBL3323472,CHEMBL1871,6.245,2014,6.245,Cc1ccc(C)c(-c2csc(N3CCOCC3)n2)c1,train
CHEMBL3323473,CHEMBL1871,6.075,2014,6.075,c1ccc(-c2csc(N3CCCCC3)n2)cc1,test
CHEMBL3323474,CHEMBL1871,5.995,2014,5.995,c1ccc(-c2cc(N3CCOCC3)cs2)cc1,train
CHEMBL3323475,CHEMBL1871,5.775,2014,5.775,Nc1ccccc1-c1csc(N2CCOCC2)n1,train
CHEMBL3323476,CHEMBL1871,5.945,2014,5.945,N#Cc1ccc(-c2ccc(N3CCOCC3)s2)cc1,train
CHEMBL3323477,CHEMBL1871,6.29,2014,6.29,FC(F)(F)[C@H]1CN(c2nc(-c3ccccc3)cs2)CCO1,train
CHEMBL3323478,CHEMBL1871,5.83,2014,5.83,Clc1ccc(-c2csc(N3CCOCC3)n2)c(Cl)c1,train
CHEMBL3323479,CHEMBL1871,5.505000000000001,2014,5.505000000000001,Clc1ccc(-c2csc(N3CCOCC3)n2)cc1Cl,train
CHEMBL3323480,CHEMBL1871,5.3,2014,5.3,OCc1sc(N2CCOCC2)nc1-c1ccccc1,train
CHEMBL3323481,CHEMBL1871,5.245,2014,5.245,Oc1ccc(-c2nc(-c3c[nH]c4ccccc34)cs2)cc1,train
CHEMBL3323482,CHEMBL1871,5.155,2014,5.155,CCc1sc(N2CCOCC2)nc1-c1ccccc1,train
CHEMBL3323483,CHEMBL1871,6.885,2014,6.885,Brc1ncn(-c2csc(N3CCOCC3)n2)c1Br,test
CHEMBL3323484,CHEMBL1871,6.675,2014,6.675,COc1c(-c2csc(N3CCOCC3)n2)ccc(F)c1F,train
CHEMBL3323485,CHEMBL1871,6.484999999999999,2014,6.484999999999999,Cc1scc(-c2csc(N3CCOCC3)n2)c1C,val
CHEMBL3323486,CHEMBL1871,6.62,2014,6.62,c1cc(-c2csc(N3CCOCC3)n2)cs1,val
CHEMBL3323487,CHEMBL1871,6.695,2014,6.695,Oc1c(F)cccc1-c1csc(N2CCOCC2)n1,train
CHEMBL3323488,CHEMBL1871,6.58,2014,6.58,COc1cc(F)ccc1-c1csc(N2CCOCC2)n1,train
CHEMBL3323489,CHEMBL1871,6.42,2014,6.42,Clc1ncn(-c2csc(N3CCOCC3)n2)c1Br,test
CHEMBL3323490,CHEMBL1871,6.205,2014,6.205,Clc1ncn(-c2csc(N3CCOCC3)n2)c1Cl,test
CHEMBL3323491,CHEMBL1871,6.13,2014,6.13,Oc1c(-c2csc(N3CCOCC3)n2)ccc(F)c1F,train
CHEMBL3323492,CHEMBL1871,6.08,2014,6.08,Clc1cn(-c2csc(N3CCOCC3)n2)cn1,test
CHEMBL3323493,CHEMBL1871,6.005,2014,6.005,Oc1cc(F)ccc1-c1csc(N2CCOCC2)n1,train
CHEMBL3323494,CHEMBL1871,5.865,2014,5.865,Clc1c(Br)ncn1-c1csc(N2CCOCC2)n1,test
CHEMBL3323495,CHEMBL1871,5.75,2014,5.75,Ic1ncn(-c2csc(N3CCOCC3)n2)c1I,test
CHEMBL3323496,CHEMBL1871,5.59,2014,5.59,c1ccc(-c2csc(N3CCOCC3)n2)nc1,val
CHEMBL3323497,CHEMBL1871,5.49,2014,5.49,Clc1ncn(-c2csc(N3CCOCC3)n2)c1I,test
CHEMBL3323498,CHEMBL1871,5.654999999999999,2014,5.654999999999999,Brc1cn(-c2csc(N3CCOCC3)n2)cn1,test
CHEMBL3323499,CHEMBL1871,5.53,2014,5.53,c1cc(-c2csc(N3CCOCC3)n2)ccn1,train
CHEMBL3323500,CHEMBL1871,5.52,2014,5.52,COc1c(F)cc(O)cc1-c1csc(N2CCOCC2)n1,train
CHEMBL3323501,CHEMBL1871,5.45,2014,5.45,CS(=O)(=O)c1c(F)cccc1-c1csc(N2CCOCC2)n1,train
CHEMBL3323502,CHEMBL1871,5.535,2014,5.535,Cc1ncn(-c2csc(N3CCOCC3)n2)c1C,test
CHEMBL3323503,CHEMBL1871,5.84,2014,5.84,Cc1sc(N2CCOCC2)nc1-c1ccccc1,train
CHEMBL3326454,CHEMBL1871,9.15,2014,9.15,CO[C@@H]1C(c2ccc(C#N)c(Cl)c2C)=NN2CC[C@H](O)[C@@H]12,train
CHEMBL333745,CHEMBL1871,8.78,2009,8.78,C[C@](O)(CSc1ccc(NC(=O)CCl)cc1)C(=O)Nc1ccc(C#N)c(C(F)(F)F)c1,train
CHEMBL3337723,CHEMBL1871,5.0,2014,5.0,Cc1[nH]nc(-c2ccc3c(c2)NC(=O)CO3)c1-c1ccc(F)cc1,test
CHEMBL3337724,CHEMBL1871,5.0,2014,5.0,Cc1onc(-c2ccc3c(c2)NC(=O)CO3)c1-c1ccc(F)cc1,train
CHEMBL3337725,CHEMBL1871,5.0,2014,5.0,Cn1ncc(-c2ccc3c(c2)NC(=O)CO3)c1-c1ccc(F)cc1,val
CHEMBL3337726,CHEMBL1871,5.0,2014,5.0,Cc1nn(C)c(-c2ccc(F)cc2)c1-c1ccc2c(c1)NC(=O)CO2,val
CHEMBL3337727,CHEMBL1871,5.0,2014,5.0,Cc1nn(C)c(-c2ccc(F)cc2F)c1-c1ccc2c(c1)NC(=O)CO2,val
CHEMBL3337728,CHEMBL1871,5.0,2014,5.0,Cc1cc(-c2c(C)nn(C)c2-c2ccc(F)cc2)cc2c1OCC(=O)N2,val
CHEMBL3337729,CHEMBL1871,5.0,2014,5.0,CCn1nc(C)c(-c2ccc3c(c2)NC(=O)CO3)c1-c1ccc(F)cc1,val
CHEMBL3337730,CHEMBL1871,5.0,2014,5.0,CCCn1nc(C)c(-c2ccc3c(c2)NC(=O)CO3)c1-c1ccc(F)cc1,val
CHEMBL3337731,CHEMBL1871,5.25,2014,5.25,Cc1nn(Cc2ccccc2)c(-c2ccc(F)cc2)c1-c1ccc2c(c1)NC(=O)CO2,train
CHEMBL3337733,CHEMBL1871,5.0,2014,5.0,Cc1nn(CCCO)c(-c2ccc(F)cc2)c1-c1ccc2c(c1)NC(=O)CO2,val
CHEMBL3337734,CHEMBL1871,5.0,2014,5.0,Cc1nn(CCCCO)c(-c2ccc(F)cc2)c1-c1ccc2c(c1)NC(=O)CO2,val
CHEMBL3337735,CHEMBL1871,5.0,2014,5.0,Cc1nn(Cc2ccccn2)c(-c2ccc(F)cc2)c1-c1ccc2c(c1)NC(=O)CO2,train
CHEMBL3337821,CHEMBL1871,5.0,2014,5.0,Cc1nn(Cc2cccnc2)c(-c2ccc(F)cc2)c1-c1ccc2c(c1)NC(=O)CO2,train
CHEMBL3337822,CHEMBL1871,5.0,2014,5.0,Cc1nn(Cc2ccncc2)c(-c2ccc(F)cc2)c1-c1ccc2c(c1)NC(=O)CO2,train
CHEMBL3337823,CHEMBL1871,5.44,2014,5.44,CCCCn1nc(C)c(-c2ccc3c(c2)NC(=O)CO3)c1-c1ccc(F)cc1,val
CHEMBL3337824,CHEMBL1871,5.43,2014,5.43,Cc1nn(CC(C)C)c(-c2ccc(F)cc2)c1-c1ccc2c(c1)NC(=O)CO2,val
CHEMBL3337825,CHEMBL1871,5.0,2014,5.0,Cc1nn(CCCC(F)(F)F)c(-c2ccc(F)cc2)c1-c1ccc2c(c1)NC(=O)CO2,val
CHEMBL3337827,CHEMBL1871,5.0,2014,5.0,Cc1nn(CCNS(C)(=O)=O)c(-c2ccc(F)cc2)c1-c1ccc2c(c1)NC(=O)CO2,val
CHEMBL3337828,CHEMBL1871,5.0,2014,5.0,Cc1nn(CCC#N)c(-c2ccc(F)cc2)c1-c1ccc2c(c1)NC(=O)CO2,val
CHEMBL3337829,CHEMBL1871,5.0,2014,5.0,Cc1nn(CC(F)(F)CO)c(-c2ccc(F)cc2)c1-c1ccc2c(c1)NC(=O)CO2,val
CHEMBL3337830,CHEMBL1871,5.0,2014,5.0,Cc1nn(CC(F)(F)CCO)c(-c2ccc(F)cc2)c1-c1ccc2c(c1)NC(=O)CO2,val
CHEMBL3337831,CHEMBL1871,5.04,2014,5.04,Cc1nn(CCC(C)(F)F)c(-c2ccc(F)cc2)c1-c1ccc2c(c1)NC(=O)CO2,val
CHEMBL3337832,CHEMBL1871,5.0,2014,5.0,Cc1nn(CCC(F)(F)CO)c(-c2ccc(F)cc2)c1-c1ccc2c(c1)NC(=O)CO2,val
CHEMBL3343778,CHEMBL1871,4.08,2014,4.08,CC(C)c1ccc2c(c1)C(=O)C[C@H]1[C@](C)(CNC(=O)c3ccccc3)CCC[C@]21C,train
CHEMBL335316,CHEMBL1871,7.855,2000,7.855,CC1(C)CCc2cc3c(C(F)(F)F)cc(C#N)nc3cc2N1,train
CHEMBL335948,CHEMBL1871,5.5,2000,5.5,CNc1cc(C(F)(F)F)c2cc3c(cc2n1)NC(C)(C)CC3,train
CHEMBL335992,CHEMBL1871,6.31,2000,6.31,CC1=CC(C)(C)Nc2ccc(-c3csc(C#N)c3)cc21,train
CHEMBL335996,CHEMBL1871,6.36,2003,6.36,COc1ccccc1/C=C1\Oc2ccc(F)cc2-c2ccc3c(c21)C(C)=CC(C)(C)N3,train
CHEMBL336169,CHEMBL1871,6.295,2003,6.295,CC1=CC(C)(C)Nc2ccc3c(c21)/C(=C/c1ccco1)Oc1ccc(F)cc1-3,train
CHEMBL336353,CHEMBL1871,5.955,2003,5.955,CC1=CC(C)(C)Nc2ccc3c(c21)/C(=C/c1ccccc1N(C)C)Oc1ccc(F)cc1-3,train
CHEMBL336736,CHEMBL1871,6.045,2003,6.045,CC1=CC(C)(C)Nc2ccc3c(c21)/C(=C/c1ccccc1C)Oc1ccc(F)cc1-3,train
CHEMBL337856,CHEMBL1871,6.02,2003,6.02,CC1=CC(C)(C)Nc2ccc3c(c21)/C(=C/c1ccccc1C)Oc1c(F)cccc1-3,train
CHEMBL338922,CHEMBL1871,7.485,2000,7.485,CC1(C)CCc2cc3c(C(F)(F)F)ccnc3cc2N1,train
CHEMBL34015,CHEMBL1871,6.16,1999,6.16,C[C@H]1C(=O)C(C)(C)Nc2ccc3c(c21)[C@H](c1ccc(Cl)cc1)Oc1ccccc1-3,train
CHEMBL3402220,CHEMBL1871,5.0,2015,5.0,O=C(O)c1ccc(N2CCCC2)c2ccccc12,train
CHEMBL3402221,CHEMBL1871,9.08,2015,9.08,C[C@H]1CCCN1c1ccc(C#N)c2ccccc12,train
CHEMBL3402222,CHEMBL1871,7.7,2015,7.7,C[C@@H]1CCCN1c1ccc(C#N)c2ccccc12,train
CHEMBL3402223,CHEMBL1871,8.15,2015,8.15,CC1(C)CCCN1c1ccc(C#N)c2ccccc12,train
CHEMBL3402224,CHEMBL1871,8.96,2015,8.96,CC[C@H]1CCCN1c1ccc(C#N)c2ccccc12,train
CHEMBL3402225,CHEMBL1871,8.85,2015,8.85,CC(C)[C@H]1CCCN1c1ccc(C#N)c2ccccc12,train
CHEMBL3402226,CHEMBL1871,7.47,2015,7.47,N#Cc1ccc(N2CCC[C@@H]2C(N)=O)c2ccccc12,train
CHEMBL3402227,CHEMBL1871,9.0,2015,9.0,N#Cc1ccc(N2CCC[C@@H]2C#N)c2ccccc12,train
CHEMBL3402228,CHEMBL1871,8.64,2015,8.64,C[C@H]1[C@@H](O)CCN1c1ccc(C#N)c2ccccc12,train
CHEMBL3402229,CHEMBL1871,8.62,2015,8.62,C[C@H]1[C@H](O)CCN1c1ccc(C#N)c2ccccc12,train
CHEMBL3402230,CHEMBL1871,7.43,2015,7.43,C[C@H]1C(=O)CCN1c1ccc(C#N)c2ccccc12,train
CHEMBL3402231,CHEMBL1871,8.39,2015,8.39,C[C@H]1[C@@H](CO)CCN1c1ccc(C#N)c2ccccc12,train
CHEMBL3402232,CHEMBL1871,8.85,2015,8.85,C[C@H]1[C@@H](C(C)(C)O)CCN1c1ccc(C#N)c2ccccc12,train
CHEMBL3402233,CHEMBL1871,8.12,2015,8.12,COC(=O)[C@H]1CCN(c2ccc(C#N)c3ccccc23)[C@H]1C,train
CHEMBL3410850,CHEMBL1871,7.4,2015,7.4,N#Cc1ccc(N2[C@H]3CC[C@H]2CC(O)C3)cc1C(F)(F)F,train
CHEMBL3410851,CHEMBL1871,7.53,2015,7.53,CC1(O)C[C@@H]2CC[C@@H](C1)N2c1ccc(C#N)c(C(F)(F)F)c1,train
CHEMBL3410852,CHEMBL1871,7.18,2015,7.18,N#Cc1ccc(N2C3CCC2CC(=O)C3)cc1C(F)(F)F,val
CHEMBL3410853,CHEMBL1871,6.63,2015,6.63,N#Cc1ccc(N2[C@H]3CC[C@H]2CC(NCc2ccccc2)C3)cc1C(F)(F)F,train
CHEMBL3410854,CHEMBL1871,5.58,2015,5.58,CS(=O)(=O)NC1C[C@@H]2CC[C@@H](C1)N2c1ccc(C#N)c(C(F)(F)F)c1,train
CHEMBL3410855,CHEMBL1871,5.69,2015,5.69,CCS(=O)(=O)NC1C[C@@H]2CC[C@@H](C1)N2c1ccc(C#N)c(C(F)(F)F)c1,train
CHEMBL3410856,CHEMBL1871,8.68,2015,8.68,Cc1c(N2C3CCC2CC(C)(O)C3)ccc(C#N)c1Cl,train
CHEMBL3421871,CHEMBL1871,6.52,2015,6.52,CC[C@@]12C[C@@](C)(O)[C@](O)(c3ccccc3)C[C@H]1CCc1cc(O)ccc12,train
CHEMBL3421892,CHEMBL1871,7.4,2015,7.4,Cc1noc(=O)c2ccc(NC(=O)C(O)(CC3(c4cc(F)ccc4Cl)CCC3)C(F)(F)F)cc12,train
CHEMBL342426,CHEMBL1871,6.02,1998,6.02,CC1=CC(C)(C)Nc2ccc3c(c21)/C(=C/c1ccc(F)c(F)c1)Oc1ccccc1-3,train
CHEMBL3427044,CHEMBL4523653,7.4,2016,7.4,COC(=O)c1ccc(NC(=O)c2ccc([N+](=O)[O-])c(OCC(C)C)c2)c(OCC(C)C)c1,test
CHEMBL343306,CHEMBL1871,6.68,2002,6.68,CC1(C)OC(=O)Nc2ccc(-c3ccc(F)c(Cl)c3)cc21,val
CHEMBL345342,CHEMBL1871,7.375,1998,7.375,CC1=CC(C)(C)N(C)c2cc3c(cc21)c(C(F)(F)F)cc(=O)n3C,train
CHEMBL345854,CHEMBL1871,7.755000000000001,1998,7.755000000000001,Oc1cc(C(F)(F)F)c2cc3c(cc2n1)NC1(CCCCC1)CC3,train
CHEMBL346487,CHEMBL1871,7.325,1998,7.325,CC1=CC(C)(C)Nc2cc3nc(O)cc(C)c3cc21,train
CHEMBL346827,CHEMBL1871,7.345000000000001,1998,7.345000000000001,Cn1c(=O)cc(C(F)(F)F)c2cc3c(cc21)NC(C)(C)CC3,test
CHEMBL347556,CHEMBL1871,6.46,2003,6.46,CC1(C)C(=O)N(c2ccc(C#N)c(C(F)(F)F)c2)C(=O)N1CCOCCN1CCN(CCOCc2ccc(O)c(C(N)=O)c2)CC1,train
CHEMBL347870,CHEMBL1871,6.484999999999999,1998,6.484999999999999,CC1=CC(C)(C)N(C)c2cc3nc(O)cc(C(F)(F)F)c3cc21,train
CHEMBL347910,CHEMBL1871,7.365,1998,7.365,Cc1c2c(cc3c(C(F)(F)F)cc(O)nc13)C(C)CC(C)(C)N2,train
CHEMBL34824,CHEMBL1871,6.25,1999,6.25,CC1C(=O)C(C)(C)Nc2ccc3c(c21)/C(=C/c1cccc(F)c1)Oc1ccccc1-3,train
CHEMBL348495,CHEMBL1871,6.48,2003,6.48,CC1(C)C(=O)N(c2ccc(C#N)c(C(F)(F)F)c2)C(=O)N1CCOCCOCCOCc1ccc(O)c(C(N)=O)c1,train
CHEMBL348918,CHEMBL1871,6.52,1998,6.52,C[C@@H]1c2cc3c(C(F)(F)F)cc(=O)n(C)c3cc2N[C@@H]1C,train
CHEMBL349229,CHEMBL1871,7.77,1998,7.77,C[C@@H]1CNc2cc3nc(O)cc(C(F)(F)F)c3cc21,test
CHEMBL349539,CHEMBL1871,6.87,1998,6.87,CC1=C(C)C(C)(C)Nc2cc3nc(O)cc(C(F)(F)F)c3cc21,train
CHEMBL349631,CHEMBL1871,7.365,1998,7.365,C[C@H]1N(C)c2cc3c(cc2C1(C)C)c(C(F)(F)F)cc(=O)n3C,train
CHEMBL350465,CHEMBL1871,6.97,1998,6.97,CCC1Cc2cc3c(C(F)(F)F)cc(O)nc3cc2NC1(C)C,train
CHEMBL350877,CHEMBL1871,7.1899999999999995,1998,7.1899999999999995,CC1(C)C=Cc2cc3c(C(F)(F)F)cc(O)nc3cc2N1,train
CHEMBL350932,CHEMBL1871,8.3,1998,8.3,Oc1cc(C(F)(F)F)c2cc3c(cc2n1)N[C@@H]1CCCC[C@H]31,test
CHEMBL351022,CHEMBL1871,7.775,1998,7.775,CC1(C)CNc2cc3nc(O)cc(C(F)(F)F)c3cc21,test
CHEMBL351148,CHEMBL1871,7.59,1998,7.59,CCC1(C)CCc2cc3c(C(F)(F)F)cc(O)nc3cc2N1,train
CHEMBL351447,CHEMBL1871,7.68,1998,7.68,C[C@]12CCCC[C@H]1Nc1cc3nc(O)cc(C(F)(F)F)c3cc12,test
CHEMBL351465,CHEMBL1871,8.075,1998,8.075,C[C@@H]1Cc2cc3c(C(F)(F)F)cc(O)nc3cc2N1,test
CHEMBL351519,CHEMBL1871,7.855,1998,7.855,C[C@H]1Nc2cc3c(cc2C1(C)C)c(C(F)(F)F)cc(=O)n3C,train
CHEMBL352002,CHEMBL1871,7.455,1998,7.455,Cc1c2c(cc3c(C(F)(F)F)cc(=O)n(C)c13)C(C)CC(C)(C)N2,test
CHEMBL352456,CHEMBL1871,6.675,1998,6.675,CCn1c(=O)cc(C(F)(F)F)c2cc3c(cc21)N[C@@H]1CCCC[C@H]31,train
CHEMBL35429,CHEMBL1871,5.93,1999,5.93,C[C@@H]1C(=O)C(C)(C)Nc2ccc3c(c21)[C@H](c1ccc(Cl)cc1)Oc1ccccc1-3,train
CHEMBL35525,CHEMBL1871,6.3,1999,6.3,C[C@H]1C(=O)C(C)(C)Nc2ccc3c(c21)[C@H](c1cccc(F)c1)Oc1ccccc1-3,train
CHEMBL3576885,CHEMBL1871,5.51,2015,5.51,C[C@H](c1ccc(F)cc1)N1C(=O)O[C@](Cc2ccccc2)(c2nc3cc(-c4cc[nH]n4)ccc3[nH]2)C1=O,train
CHEMBL3578271,CHEMBL1871,5.51,2015,5.51,C[C@H](c1ccc(F)cc1)N1C(=O)O[C@](Cc2ccccc2)(c2nc3cc(Cl)ccc3[nH]2)C1=O,test
CHEMBL3578274,CHEMBL1871,5.52,2015,5.52,C[C@H](c1ccc(F)cc1)N1C(=O)O[C@](Cc2ccccc2)(c2nc3cc(C(F)(F)F)ccc3[nH]2)C1=O,test
CHEMBL3578276,CHEMBL1871,4.89,2015,4.89,C[C@H](c1ccc(F)cc1)N1C(=O)O[C@](Cc2ccccc2)(c2nc3cc(NS(C)(=O)=O)ccc3[nH]2)C1=O,test
CHEMBL3578284,CHEMBL1871,5.47,2015,5.47,Cc1nocc1-c1ccc2[nH]c([C@@]3(Cc4ccccc4)OC(=O)N([C@H](C)c4ccc(F)cc4)C3=O)nc2c1,train
CHEMBL3578285,CHEMBL1871,5.11,2015,5.11,C[C@H](c1ccc(F)cc1)N1C(=O)O[C@](Cc2ccccc2)(c2nc3cc(N4CCOCC4)ccc3[nH]2)C1=O,train
CHEMBL3578286,CHEMBL1871,5.43,2015,5.43,C[C@H](c1ccc(F)cc1)N1C(=O)O[C@](Cc2ccccc2)(c2nc3cc(-c4cccnc4)ccc3[nH]2)C1=O,test
CHEMBL3578295,CHEMBL1871,4.96,2015,4.96,C[C@H](c1ccc(F)cc1)N1C(=O)O[C@](Cc2ccccc2)(c2nc3c(NS(C)(=O)=O)cccc3[nH]2)C1=O,test
CHEMBL3581693,CHEMBL1871,5.3979400086720375,2015,5.3979400086720375,CC/C(=C(/c1ccc(/C=C/C(=O)O)cc1)c1ccc2[nH]ncc2c1)c1ccc(F)cc1Cl,train
CHEMBL3582112,CHEMBL1871,5.638272163982407,2015,5.638272163982407,Cc1noc(C)c1-c1cc2c(c3c1CCC3)NC(C)(C)C(=O)C2(C)C,test
CHEMBL3588959,CHEMBL1871,7.02,2015,7.02,CNC(=O)c1ccc(N2C(=S)N(c3ccc(C#N)c(C(F)(F)F)c3)C(=O)[C@@H]2C)cc1F,test
CHEMBL3588960,CHEMBL1871,7.17,2015,7.17,CNC(=O)c1ccc(N2C(=S)N(c3ccc(C#N)c(C(F)(F)F)c3)C(=O)C2(C)COC)cc1F,test
CHEMBL3588961,CHEMBL1871,7.39,2015,7.39,CNC(=O)c1ccc(N2C(=S)N(c3ccc(C#N)c(C(F)(F)F)c3)C(=O)[C@@]2(C)COC)cc1F,test
CHEMBL3588962,CHEMBL1871,6.1,2015,6.1,CNC(=O)c1ccc(N2C(=S)N(c3ccc(C#N)c(C(F)(F)F)c3)C(=O)[C@]2(C)COC)cc1F,test
CHEMBL3588963,CHEMBL1871,6.29,2015,6.29,CNC(=O)c1ccc(N2C(=S)N(c3ccc(C#N)c(C(F)(F)F)c3)C(=O)C2(C)COCc2ccccc2)cc1F,train
CHEMBL3588964,CHEMBL1871,6.63,2015,6.63,CCOC(=O)CC1(C)C(=O)N(c2ccc(C#N)c(C(F)(F)F)c2)C(=S)N1c1ccc(C(=O)NC)c(F)c1,test
CHEMBL3588965,CHEMBL1871,7.36,2015,7.36,CNC(=O)c1ccc(N2C(=S)N(c3ccc(C#N)c(C(F)(F)F)c3)C(=O)C2(C)CO)cc1F,test
CHEMBL3588967,CHEMBL1871,6.23,2015,6.23,CNC(=O)c1ccc(N2C(=S)N(c3ccc(C#N)c(C(F)(F)F)c3)C(=O)C2(COC)COC)cc1F,test
CHEMBL3588968,CHEMBL1871,6.24,2015,6.24,CNC(=O)c1ccc(N2CCC(=O)N(c3ccc(C#N)c(C(F)(F)F)c3)C2=S)cc1F,train
CHEMBL3589380,CHEMBL1871,7.47,2015,7.47,CNC(=O)c1ccc(N2C(=S)N(c3ccc(C#N)c(C(F)(F)F)c3)C(=O)C23CCOC3)cc1F,train
CHEMBL3589381,CHEMBL1871,7.74,2015,7.74,CNC(=O)c1ccc(N2C(=S)N(c3ccc(C#N)c(C(F)(F)F)c3)C(=O)[C@]23CCOC3)cc1F,train
CHEMBL3589382,CHEMBL1871,6.67,2015,6.67,CNC(=O)c1ccc(N2C(=S)N(c3ccc(C#N)c(C(F)(F)F)c3)C(=O)[C@@]23CCOC3)cc1F,train
CHEMBL3589383,CHEMBL1871,7.92,2015,7.92,COC(=O)c1ccc(N2C(=S)N(c3ccc(C#N)c(C(F)(F)F)c3)C(=O)[C@]23CCOC3)cc1F,train
CHEMBL3589385,CHEMBL1871,7.85,2015,7.85,N#Cc1ccc(N2C(=O)[C@]3(CCOC3)N(c3ccc(C(N)=O)c(F)c3)C2=S)cc1C(F)(F)F,train
CHEMBL3589387,CHEMBL1871,6.9,2015,6.9,CNC(=O)c1ccc(N2C(=S)N(c3ccc(C#N)c(C(F)(F)F)c3)C(=O)C23CCOCC3)cc1F,train
CHEMBL3589390,CHEMBL1871,6.59,2015,6.59,CNC(=O)c1ccc(N2C(=S)N(c3ccc(C#N)c(C(F)(F)F)c3)C(=O)C2C)cc1F,test
CHEMBL3589391,CHEMBL1871,6.32,2015,6.32,CNC(=O)c1ccc(N2C(=S)N(c3ccc(C#N)c(C(F)(F)F)c3)C(=O)[C@H]2C)cc1F,test
CHEMBL3590187,CHEMBL1871,7.35,2014,7.35,CCC(=O)O[C@]1(C(=O)CO)CC[C@H]2[C@@H]3CCC4=CC(=O)CC[C@]4(C)[C@H]3CC[C@@]21C,test
CHEMBL359911,CHEMBL1871,6.58,2005,6.58,O=C1[C@@H]2C3CCC(C3)[C@@H]2C(=O)N1c1ccc2ccccc2c1,train
CHEMBL3605560,CHEMBL1871,5.48,2015,5.48,CC(=O)OC[C@]12CC[C@H]3[C@@H](CC=C4C=CCC(=O)[C@@]43C)[C@]1(O)CC[C@@]2(O)[C@@](C)(O)[C@H]1CC(C)=C(C)C(=O)O1,train
CHEMBL3605562,CHEMBL1871,5.57,2015,5.57,CC(=O)OC[C@]12CC[C@H]3[C@@H](CC=C4CC=CC(=O)[C@@]43C)[C@]1(O)[C@@H](OC(C)=O)C[C@@]2(O)[C@@](C)(O)[C@H]1CC(C)=C(C)C(=O)O1,val
CHEMBL3605563,CHEMBL1871,5.92,2015,5.92,CC(=O)OC[C@]12CC[C@H]3[C@@H](CC=C4C=CCC(=O)[C@@]43C)[C@]1(O)[C@@H](OC(C)=O)C[C@@]2(O)[C@@](C)(O)[C@H]1CC(C)=C(C)C(=O)O1,train
CHEMBL3605564,CHEMBL1871,6.12,2015,6.12,CC(=O)OC[C@]12CC[C@H]3[C@@H](CC=C4CC=CC(=O)[C@@]43C)[C@]1(O)CC[C@@]2(O)[C@@](C)(O)[C@H]1CC(C)=C(C)C(=O)O1,val
CHEMBL3605919,CHEMBL1871,6.63,2015,6.63,COc1cc(F)ccc1-c1c(CN(C)Cc2ccccc2)[nH]c2c(NS(C)(=O)=O)cc(C(C)C)cc12,test
CHEMBL3605921,CHEMBL1871,5.38,2015,5.38,COc1cc(F)ccc1-c1c(CN(C)Cc2ccccc2)[nH]c2c(N)cc(F)cc12,test
CHEMBL3605922,CHEMBL1871,5.21,2015,5.21,COc1ccc(F)cc1-c1c[nH]c2c(NC(C)=O)cccc12,train
CHEMBL3605923,CHEMBL1871,5.39,2015,5.39,COc1cc(NS(C)(=O)=O)c2[nH]c(C)c(-c3ccccc3)c2c1,train
CHEMBL3605924,CHEMBL1871,5.95,2015,5.95,COc1cc(NS(C)(=O)=O)c2[nH]c(C)c(-c3cc(F)ccc3OC)c2c1,train
CHEMBL3605925,CHEMBL1871,6.45,2015,6.45,CS(=O)(=O)Nc1cccc2cc[nH]c12,val
CHEMBL3605926,CHEMBL1871,6.64,2015,6.64,COc1cc(F)ccc1-c1c(CN(C)Cc2ccccc2)[nH]c2c(NS(C)(=O)=O)cc(C(C)(C)C)cc12,test
CHEMBL3605927,CHEMBL1871,6.17,2015,6.17,COc1cc(F)ccc1-c1c(Cc2ccccc2)[nH]c2c(NS(C)(=O)=O)cc(C(C)C)cc12,test
CHEMBL3605928,CHEMBL1871,6.04,2015,6.04,COc1ccc(F)cc1-c1c(-c2ccccc2)[nH]c2c(NS(C)(=O)=O)cccc12,test
CHEMBL3605929,CHEMBL1871,5.95,2015,5.95,COc1cc(F)ccc1-c1c(C)[nH]c2c(NS(C)(=O)=O)cc(F)cc12,train
CHEMBL3605930,CHEMBL1871,6.16,2015,6.16,COc1ccc(Cl)cc1-c1c[nH]c2c(NS(C)(=O)=O)cccc12,train
CHEMBL3605932,CHEMBL1871,7.04,2015,7.04,CS(=O)(=O)Nc1cccc2c(-c3cccc(Cl)c3)c[nH]c12,train
CHEMBL3605933,CHEMBL1871,6.4,2015,6.4,COc1ccccc1-c1c[nH]c2c(NS(C)(=O)=O)cccc12,train
CHEMBL3605934,CHEMBL1871,6.3,2015,6.3,CS(=O)(=O)Nc1cccc2c(-c3ccc(F)cc3)c[nH]c12,train
CHEMBL36065,CHEMBL1871,5.96,1999,5.96,C[C@@H]1C(=O)C(C)(C)Nc2ccc3c(c21)[C@H](c1cccc(C(F)(F)F)c1)Oc1ccccc1-3,train
CHEMBL361222,CHEMBL1871,7.34,2005,7.34,O=C1[C@@H]2C3C=CC(C3)[C@@H]2C(=O)N1c1ccc(Br)c(C(F)(F)F)c1,train
CHEMBL361245,CHEMBL1871,7.66,2004,7.66,CC(=O)O[C@]1(C(C)=O)CCC2C3C=C(Cl)C4=CC(=O)[C@@H]5CC5[C@]4(C)C3CC[C@@]21C,test
CHEMBL361445,CHEMBL1871,7.72,2005,7.72,O=C1[C@@H]2C3C=CC(CC3)[C@@H]2C(=O)N1c1ccc([N+](=O)[O-])c2ccccc12,test
CHEMBL3622573,CHEMBL1871,5.02,2015,5.02,Cc1ccccc1Cc1n[nH]c(=O)c2ccccc12,train
CHEMBL3622574,CHEMBL1871,5.02,2015,5.02,COc1ccccc1Cc1n[nH]c(=O)c2ccccc12,train
CHEMBL3622575,CHEMBL1871,4.98,2015,4.98,O=c1[nH]nc(Cc2ccccc2F)c2ccccc12,train
CHEMBL3622576,CHEMBL1871,5.43,2015,5.43,O=c1[nH]nc(Cc2ccccc2C(F)(F)F)c2ccccc12,train
CHEMBL3622578,CHEMBL1871,5.84,2015,5.84,O=c1[nH]nc(Cc2ccccc2[N+](=O)[O-])c2ccccc12,train
CHEMBL3622579,CHEMBL1871,6.0,2015,6.0,Nc1ccccc1Cc1n[nH]c(=O)c2ccccc12,train
CHEMBL3622581,CHEMBL1871,6.0,2015,6.0,O=C(Nc1ccccc1Cc1n[nH]c(=O)c2ccccc12)C(F)(F)F,train
CHEMBL3622583,CHEMBL1871,5.78,2015,5.78,CCN(CC)c1ccccc1Cc1n[nH]c(=O)c2ccccc12,train
CHEMBL3622584,CHEMBL1871,5.43,2015,5.43,CCNc1ccccc1Cc1n[nH]c(=O)c2ccccc12,train
CHEMBL3622585,CHEMBL1871,5.71,2015,5.71,CN(C)c1ccccc1Cc1n[nH]c(=O)c2ccccc12,train
CHEMBL3622586,CHEMBL1871,5.04,2015,5.04,CNc1ccccc1Cc1n[nH]c(=O)c2ccccc12,train
CHEMBL3622587,CHEMBL1871,5.47,2015,5.47,Cc1cccc(C)c1Cc1n[nH]c(=O)c2ccccc12,train
CHEMBL3622588,CHEMBL1871,5.42,2015,5.42,O=c1[nH]nc(Cc2c(F)cccc2F)c2ccccc12,train
CHEMBL3622589,CHEMBL1871,6.26,2015,6.26,O=c1[nH]nc(Cc2c(Cl)cccc2Cl)c2ccccc12,train
CHEMBL3622590,CHEMBL1871,6.04,2015,6.04,O=c1[nH]nc(Cc2c(Cl)ccc(Cl)c2Cl)c2ccccc12,train
CHEMBL3622992,CHEMBL1871,4.499999953328896,2015,4.499999953328896,OCCN1CCc2c([nH]c3ccccc23)C1c1ccc(Cl)cc1,train
CHEMBL3623004,CHEMBL1871,4.52,2015,4.52,C[C@@H]1Cc2c([nH]c3ccccc23)[C@@H](c2c(F)cc(/C=C/C(=O)O)cc2F)N1CC(C)(C)F,train
CHEMBL3623114,CHEMBL1871,8.05,2015,8.05,C[C@]12O[C@@](C)(C[C@@H]1O)[C@H]1C(=O)N(c3ccc(C#N)c(I)c3)C(=O)[C@H]12,train
CHEMBL3623115,CHEMBL1871,5.550514997831991,2015,5.550514997831991,C[C@]12O[C@@](C)(C[C@H]1C(=O)O)[C@H]1C(=O)N(c3ccc(C#N)c(C(F)(F)F)c3)C(=O)[C@H]12,train
CHEMBL3623116,CHEMBL1871,7.65,2015,7.65,CC(C)OC(=O)[C@@H]1C[C@]2(C)O[C@]1(C)[C@@H]1C(=O)N(c3ccc(C#N)c(C(F)(F)F)c3)C(=O)[C@@H]12,train
CHEMBL3623117,CHEMBL1871,7.385,2015,7.385,CN(C(=O)[C@@H]1C[C@]2(C)O[C@]1(C)[C@@H]1C(=O)N(c3ccc(C#N)c(C(F)(F)F)c3)C(=O)[C@@H]12)c1ccccc1,train
CHEMBL3623118,CHEMBL1871,7.365,2015,7.365,C[C@]12O[C@@](C)(C[C@H]1N)[C@H]1C(=O)N(c3ccc(C#N)c(C(F)(F)F)c3)C(=O)[C@H]12,train
CHEMBL3623119,CHEMBL1871,8.08,2015,8.08,CCC(=O)N[C@@H]1C[C@]2(C)O[C@]1(C)[C@@H]1C(=O)N(c3ccc(C#N)c(C(F)(F)F)c3)C(=O)[C@@H]12,train
CHEMBL3623120,CHEMBL1871,7.385,2015,7.385,CNS(=O)(=O)N[C@@H]1C[C@]2(C)O[C@]1(C)[C@@H]1C(=O)N(c3ccc(C#N)c(C(F)(F)F)c3)C(=O)[C@@H]12,train
CHEMBL3623121,CHEMBL1871,7.365,2015,7.365,CC(C)NC(=O)N[C@@H]1C[C@]2(C)O[C@]1(C)[C@@H]1C(=O)N(c3ccc(C#N)c(C(F)(F)F)c3)C(=O)[C@@H]12,train
CHEMBL3623122,CHEMBL1871,8.185,2015,8.185,CN1CCN(OC(=O)N[C@@H]2C[C@]3(C)O[C@]2(C)[C@@H]2C(=O)N(c4ccc(C#N)c(C(F)(F)F)c4)C(=O)[C@@H]23)CC1,train
CHEMBL3623123,CHEMBL1871,7.8100000000000005,2015,7.8100000000000005,C[C@]12O[C@@](C)(C[C@H]1NS(C)(=O)=O)[C@H]1C(=O)N(c3ccc(C#N)c(C(F)(F)F)c3)C(=O)[C@H]12,train
CHEMBL3623124,CHEMBL1871,8.5,2015,8.5,C[C@]12O[C@@](C)(C[C@H]1NS(=O)(=O)c1ccccc1)[C@H]1C(=O)N(c3ccc(C#N)c(C(F)(F)F)c3)C(=O)[C@H]12,test
CHEMBL3623125,CHEMBL1871,8.5,2015,8.5,C[C@]12O[C@@](C)(C[C@H]1NS(=O)(=O)c1ccccc1F)[C@H]1C(=O)N(c3ccc(C#N)c(C(F)(F)F)c3)C(=O)[C@H]12,test
CHEMBL3623126,CHEMBL1871,8.425,2015,8.425,C[C@]12O[C@@](C)(C[C@H]1NS(=O)(=O)c1cccnc1)[C@H]1C(=O)N(c3ccc(C#N)c(C(F)(F)F)c3)C(=O)[C@H]12,train
CHEMBL3623127,CHEMBL1871,8.285,2015,8.285,CCS(=O)(=O)N[C@@H]1C[C@]2(C)O[C@]1(C)[C@@H]1C(=O)N(c3ccc(C#N)c(C(F)(F)F)c3)C(=O)[C@@H]12,train
CHEMBL362566,CHEMBL1871,6.58,2004,6.58,N#Cc1ccc(N2C(=O)[C@H]3[C@@H]4C[C@@H](CN4C(=O)Oc4ccc(F)cc4)N3C2=O)cc1C(F)(F)F,train
CHEMBL363151,CHEMBL1871,5.19,2005,5.19,CC#C[C@]1(O)CC[C@H]2[C@@H]3CCC4=CC(=O)CC[C@]4(Cc4ccc(C)cc4)C3=CC[C@@]21C,train
CHEMBL364368,CHEMBL1871,8.05,2004,8.05,C#C[C@]1(O)CC[C@H]2[C@@H]3CCC4=CC(=O)CCC4=C3[C@@H](c3ccc(N(C)C(C)=O)cc3)C[C@@]21C,train
CHEMBL364393,CHEMBL1871,6.6,2004,6.6,CC(C)(C)OC(=O)N1C[C@H]2C[C@@H]1[C@H]1C(=O)N(c3ccc([N+](=O)[O-])cc3)C(=O)N21,train
CHEMBL365482,CHEMBL1871,7.16,2004,7.16,CCCCc1ccc(C(=O)N2C[C@@H]3C[C@H]2[C@@H]2C(=O)N(c4ccc([N+](=O)[O-])cc4)C(=O)N32)cc1,test
CHEMBL36564,CHEMBL1871,6.21,1999,6.21,C[C@@H]1C(=O)C(C)(C)Nc2ccc3c(c21)[C@H](c1cccc(F)c1)Oc1ccccc1-3,train
CHEMBL365650,CHEMBL1871,5.59,2004,5.59,O=C1[C@H]2[C@@H]3C[C@@H](CN3C(=O)c3ccccc3)N2C(=O)N1c1ccc([N+](=O)[O-])cc1,test
CHEMBL3658376,CHEMBL1871,8.22,2015,8.22,C[C@]12CCC3C4CCC(=O)C=C4CCC3C1C1CC1[C@@]21CCC(=O)O1,train
CHEMBL3658377,CHEMBL1871,7.21,2015,7.21,CC1CC2=CC(=O)CCC2C2CC[C@@]3(C)C(C4CC4[C@@]34CCC(=O)O4)C12,train
CHEMBL3658378,CHEMBL1871,7.13,2015,7.13,CCC1CC2=CC(=O)CCC2C2CC[C@@]3(C)C(C4CC4[C@@]34CCC(=O)O4)C12,train
CHEMBL3658379,CHEMBL1871,7.26,2015,7.26,C=CC1CC2=CC(=O)CCC2C2CC[C@@]3(C)C(C4CC4[C@@]34CCC(=O)O4)C12,train
CHEMBL3658380,CHEMBL1871,7.11,2015,7.11,C[C@]12CCC3C4CCC(=O)C=C4CC(C4CC4)C3C1C1CC1[C@@]21CCC(=O)O1,train
CHEMBL3658381,CHEMBL1871,5.0,2015,5.0,C[C@]12CCC3C4CCC(=O)C=C4[C@H](CO)CC3C1C1CC1[C@@]21CCC(=O)O1,train
CHEMBL3658382,CHEMBL1871,7.58,2015,7.58,C[C@]12CCC3C4CCC(=O)C=C4C4(CC4)CC3C1C1CC1[C@@]21CCC(=O)O1,train
CHEMBL3658384,CHEMBL1871,6.48,2015,6.48,C[C@]12CCC3C4CCC(=O)C=C4C4CC4C3C1C1CC1[C@@]21CCC(=O)O1,test
CHEMBL365921,CHEMBL1871,6.24,2004,6.24,N#Cc1ccc(N2C(=O)[C@H]3[C@@H]4C[C@@H](CN4C(=O)Oc4ccc(F)cc4)N3C2=O)c2ccccc12,train
CHEMBL3667040,CHEMBL1871,4.92,2015,4.92,C/C=C/C1=CC2=C(CO1)C(=O)[C@]1(C)OC(=O)[C@H](C(O)CCCCC)C1C2,train
CHEMBL366924,CHEMBL1871,7.02,2005,7.02,Cc1ccc(N2C(=O)[C@@H]3C4C=CC(C4)[C@@H]3C2=O)cc1C,train
CHEMBL367364,CHEMBL1871,6.82,2005,6.82,O=C1[C@@H]2C3CCC(C3)[C@@H]2C(=O)N1c1cccc(C(F)(F)F)c1,train
CHEMBL367375,CHEMBL1871,7.3149999999999995,2005,7.3149999999999995,O=C1[C@@H]2C3C=CC([C@H]4C[C@@H]34)[C@@H]2C(=O)N1c1ccc([N+](=O)[O-])c2ccccc12,train
CHEMBL3682509,CHEMBL1871,6.0,2015,6.0,O[C@@]1(C(F)(F)F)CCCc2c1[nH]c1cc(Cl)c(Cl)cc21,test
CHEMBL3682510,CHEMBL1871,7.89,2015,7.89,O[C@]1(C(F)(F)F)CCCc2c1[nH]c1cc(Cl)c(Cl)cc21,test
CHEMBL3682511,CHEMBL1871,7.7,2015,7.7,O[C@]1(C(F)(F)F)CCCc2c1[nH]c1c(Cl)cc(Cl)cc21,test
CHEMBL3682512,CHEMBL1871,6.85,2015,6.85,OC1(C(F)(F)F)c2[nH]c3cc(Cl)c(Cl)cc3c2CCC1F,test
CHEMBL3682513,CHEMBL1871,6.28,2015,6.28,OC1(C(F)(F)F)CCCc2c1[nH]c1ccc(F)c(Cl)c21,test
CHEMBL3682514,CHEMBL1871,7.16,2015,7.16,OC1c2[nH]c3ccc(Cl)c(Cl)c3c2C(C(F)(F)F)CC1F,test
CHEMBL3682515,CHEMBL1871,7.7,2015,7.7,OC1(C(F)(F)F)CCCc2c1[nH]c1cc(Cl)c(F)cc21,test
CHEMBL3682516,CHEMBL1871,5.0,2015,5.0,OC1(C(F)(F)F)c2[nH]c3c(Cl)cc(F)cc3c2CCC1C(F)(F)F,test
CHEMBL3682517,CHEMBL1871,6.66,2015,6.66,OC1(C(F)(F)F)c2[nH]c3cc(Cl)c(Cl)cc3c2CCC1(F)F,test
CHEMBL3682518,CHEMBL1871,5.0,2015,5.0,OC1(C(F)(F)F)CCCc2c1[nH]c1c(Cl)cc(Cl)c(Cl)c21,test
CHEMBL3682519,CHEMBL1871,6.4,2015,6.4,CC1CCc2c([nH]c3ccc(Cl)c(Cl)c23)C1(O)C(F)(F)F,test
CHEMBL3682520,CHEMBL1871,6.39,2015,6.39,OC1(C(F)(F)F)CCCc2c1[nH]c1cc(Cl)c(Cl)c(Cl)c21,test
CHEMBL3682521,CHEMBL1871,6.89,2015,6.89,OC1(C(F)(F)F)CCCc2c1[nH]c1c(Cl)c(Cl)ccc21,test
CHEMBL3682522,CHEMBL1871,6.0,2015,6.0,CC1CC(C(F)(F)F)c2c([nH]c3cc(Cl)c(Cl)cc23)C1O,test
CHEMBL3682523,CHEMBL1871,6.92,2015,6.92,OC1(C(F)(F)F)CCc2c1[nH]c1cc(Cl)c(Cl)cc21,val
CHEMBL3682524,CHEMBL1871,7.27,2015,7.27,OC1(C(F)(F)F)CCCc2c1[nH]c1c(F)cc(Cl)cc21,test
CHEMBL3682525,CHEMBL1871,6.76,2015,6.76,OC1(C(F)(F)F)CCc2c1[nH]c1ccc(Cl)c(Cl)c21,val
CHEMBL3682526,CHEMBL1871,6.41,2015,6.41,N#Cc1cc(C(F)(F)F)c2[nH]c3c(c2c1)CCCC3(O)C(F)(F)F,test
CHEMBL3687970,CHEMBL1871,7.575,2015,7.575,C[C@]12CC[C@H]3[C@@H](CCC4=CC(=O)CC[C@@H]43)[C@@H]1CC[C@@]21C=CCO1,train
CHEMBL368906,CHEMBL1871,7.26,2005,7.26,O=C1[C@@H]2C3C=CC(C3)[C@@H]2C(=O)N1c1ccc([N+](=O)[O-])c(C(F)(F)F)c1,train
CHEMBL3692346,CHEMBL1871,6.535,2015,6.535,C[C@]12CC[C@H]3[C@@H](C=CC4=CC(=O)CC[C@@H]43)[C@@H]1CC[C@@]21C=CCO1,train
CHEMBL3692347,CHEMBL1871,6.675,2015,6.675,C[C@@H]1CC2=CC(=O)CC[C@@H]2[C@H]2CC[C@@]3(C)[C@@H](CC[C@@]34C=CCO4)[C@@H]21,train
CHEMBL3692348,CHEMBL1871,6.595000000000001,2015,6.595000000000001,CC[C@@H]1CC2=CC(=O)CC[C@@H]2[C@H]2CC[C@@]3(C)[C@@H](CC[C@@]34C=CCO4)[C@H]12,train
CHEMBL3692349,CHEMBL1871,6.640000000000001,2015,6.640000000000001,C=C[C@@H]1CC2=CC(=O)CC[C@@H]2[C@H]2CC[C@@]3(C)[C@@H](CC[C@@]34C=CCO4)[C@@H]21,train
CHEMBL3692350,CHEMBL1871,7.404999999999999,2015,7.404999999999999,C[C@]12CC[C@H]3[C@@H](CCC4=CC(=O)CC[C@@H]43)[C@@H]1CC1(CC1)[C@@]21C=CCO1,train
CHEMBL3692351,CHEMBL1871,6.8,2015,6.8,CC[C@]12CC[C@H]3[C@@H](CCC4=CC(=O)CC[C@@H]43)[C@@H]1CC[C@@]21C=CCO1,train
CHEMBL3692352,CHEMBL1871,5.96,2015,5.96,CC[C@]12CC[C@H]3[C@@H](C=CC4=CC(=O)CC[C@@H]43)[C@@H]1CC[C@@]21C=CCO1,train
CHEMBL3692353,CHEMBL1871,6.545,2015,6.545,CC[C@]12CC[C@H]3[C@@H]([C@H](C)CC4=CC(=O)CC[C@@H]43)[C@@H]1CC[C@@]21C=CCO1,train
CHEMBL3692354,CHEMBL1871,6.48,2015,6.48,CC[C@@H]1CC2=CC(=O)CC[C@@H]2[C@H]2CC[C@@]3(CC)[C@@H](CC[C@@]34C=CCO4)[C@H]12,train
CHEMBL3692355,CHEMBL1871,5.945,2015,5.945,C=C[C@@H]1CC2=CC(=O)CC[C@@H]2[C@H]2CC[C@@]3(CC)[C@@H](CC[C@@]34C=CCO4)[C@@H]21,train
CHEMBL3692356,CHEMBL1871,6.359999999999999,2015,6.359999999999999,CC[C@]12CC[C@H]3[C@@H]([C@H](C4CC4)CC4=CC(=O)CC[C@@H]43)[C@@H]1CC[C@@]21C=CCO1,train
CHEMBL3692357,CHEMBL1871,6.425,2015,6.425,CC[C@]12CC[C@H]3[C@@H](C[C@@H](CO)C4=CC(=O)CC[C@@H]43)[C@@H]1CC[C@@]21C=CCO1,train
CHEMBL369509,CHEMBL1871,6.38,2005,6.38,O=C1[C@@H]2C3C=CC(C3)[C@@H]2C(=O)N1c1ccc(O)c2ncccc12,train
CHEMBL369542,CHEMBL1871,8.05,2005,8.05,O=C1[C@@H]2C3C=CC(CCC3)[C@@H]2C(=O)N1c1ccc([N+](=O)[O-])c2ccccc12,val
CHEMBL3695596,CHEMBL1871,6.2,2015,6.2,C[C@]12CCC(=O)C=C1C1CC1[C@@H]1C2CC[C@@]2(C)C1C1CC1[C@@]21CCC(=O)C1,train
CHEMBL3695597,CHEMBL1871,5.0,2015,5.0,C[C@]12CC[C@H]3[C@@H](C=CC4=CC(=O)CC[C@@H]43)[C@@H]1CC[C@@]21C=CC(=O)O1,test
CHEMBL3695598,CHEMBL1871,6.96,2015,6.96,C[C@@H]1CC2=CC(=O)CC[C@@H]2[C@H]2CC[C@@]3(C)[C@@H](CC[C@@]34C=CC(=O)O4)[C@@H]21,train
CHEMBL3695599,CHEMBL1871,7.05,2015,7.05,CC[C@@H]1CC2=CC(=O)CC[C@@H]2[C@H]2CC[C@@]3(C)[C@@H](CC[C@@]34C=CC(=O)O4)[C@H]12,train
CHEMBL3695600,CHEMBL1871,6.89,2015,6.89,C=C[C@@H]1CC2=CC(=O)CC[C@@H]2[C@H]2CC[C@@]3(C)[C@@H](CC[C@@]34C=CC(=O)O4)[C@@H]21,train
CHEMBL3695601,CHEMBL1871,6.51,2015,6.51,C[C@]12CC[C@H]3[C@@H](CCC4=CC(=O)CC[C@@H]43)[C@@H]1CC1(CC1)[C@@]21C=CC(=O)O1,val
CHEMBL3695602,CHEMBL1871,7.55,2015,7.55,CC[C@]12CC[C@H]3[C@@H](CCC4=CC(=O)CC[C@@H]43)[C@@H]1CC[C@@]21C=CC(=O)O1,train
CHEMBL3695603,CHEMBL1871,5.58,2015,5.58,CC[C@]12CC[C@H]3[C@@H](C=CC4=CC(=O)CC[C@@H]43)[C@@H]1CC[C@@]21C=CC(=O)O1,test
CHEMBL3695604,CHEMBL1871,7.37,2015,7.37,CC[C@]12CC[C@H]3[C@@H]([C@H](C)CC4=CC(=O)CC[C@@H]43)[C@@H]1CC[C@@]21C=CC(=O)O1,train
CHEMBL3695605,CHEMBL1871,7.12,2015,7.12,CC[C@@H]1CC2=CC(=O)CC[C@@H]2[C@H]2CC[C@@]3(CC)[C@@H](CC[C@@]34C=CC(=O)O4)[C@H]12,train
CHEMBL3695606,CHEMBL1871,7.3,2015,7.3,C=C[C@@H]1CC2=CC(=O)CC[C@@H]2[C@H]2CC[C@@]3(CC)[C@@H](CC[C@@]34C=CC(=O)O4)[C@@H]21,train
CHEMBL3695607,CHEMBL1871,7.03,2015,7.03,CC[C@]12CC[C@H]3[C@@H]([C@H](C4CC4)CC4=CC(=O)CC[C@@H]43)[C@@H]1CC[C@@]21C=CC(=O)O1,train
CHEMBL3695608,CHEMBL1871,6.52,2015,6.52,C[C@]12CC[C@H]3[C@@H]([C@H](C4CC4)CC4=CC(=O)CC[C@@H]43)[C@@H]1CC[C@@]21C=CC(=O)O1,train
CHEMBL3695609,CHEMBL1871,6.77,2015,6.77,CC[C@]12CC[C@H]3[C@@H](CCC4=C(Cl)C(=O)CC[C@@H]43)[C@@H]1CC[C@@]21C=CC(=O)O1,train
CHEMBL3695610,CHEMBL1871,6.85,2015,6.85,C[C@]12CC[C@H]3[C@@H](CCC4=C(Cl)C(=O)CC[C@@H]43)[C@@H]1CC[C@@]21C=CC(=O)O1,train
CHEMBL3695611,CHEMBL1871,6.0,2015,6.0,CC[C@]12CC[C@H]3[C@@H](C[C@@H](CO)C4=CC(=O)CC[C@@H]43)[C@@H]1CC[C@@]21C=CC(=O)O1,train
CHEMBL3695612,CHEMBL1871,7.38,2015,7.38,CC[C@]12CC[C@H]3[C@@H](CC4(CC4)C4=CC(=O)CC[C@@H]43)[C@@H]1CC[C@@]21C=CC(=O)O1,train
CHEMBL3695613,CHEMBL1871,6.0,2015,6.0,C[C@]12CC[C@H]3[C@@H](C[C@@H](CO)C4=CC(=O)CC[C@@H]43)[C@@H]1CC[C@@]21C=CC(=O)O1,train
CHEMBL3695614,CHEMBL1871,7.43,2015,7.43,C[C@]12CC[C@H]3[C@@H](CC4(CC4)C4=CC(=O)CC[C@@H]43)[C@@H]1CC[C@@]21C=CC(=O)O1,train
CHEMBL369979,CHEMBL1871,5.75,2006,5.75,C=CC[C@]12CC[C@H](O)CC1=CCC1C2CC[C@@]2(C)C1CC[C@@H]2O,test
CHEMBL369991,CHEMBL1871,5.42,2006,5.42,CC/C=C\[C@]12CC[C@H](O)CC1=CCC1C2CC[C@@]2(C)C1CC[C@@H]2O,test
CHEMBL370236,CHEMBL1871,5.84,2006,5.84,C[C@]12CCC3C(CC=C4C[C@@H](O)CC[C@@]43/C=C/Cl)C1CC[C@@H]2O,test
CHEMBL370567,CHEMBL1871,5.82,2005,5.82,CCC(CC)(c1ccc(NCC(O)CO)c(C)c1)c1ccc(OCC(O)C(C)(C)C)c(C)c1,train
CHEMBL3706874,CHEMBL1871,7.904999999999999,2007,7.904999999999999,CCC1CCc2cc3c(C(F)(F)F)cc(=O)[nH]c3cc2N1,test
CHEMBL3706875,CHEMBL1871,7.465,2007,7.465,CCCNc1ccc2c(C(F)(F)F)cc(=O)[nH]c2c1,train
CHEMBL3706876,CHEMBL1871,6.97,2007,6.97,Nc1ccc2c(C(F)(F)F)cc(=O)[nH]c2c1,train
CHEMBL3706877,CHEMBL1871,7.3,2007,7.3,CNc1ccc2c(C(F)(F)F)cc(=O)[nH]c2c1,train
CHEMBL3706878,CHEMBL1871,7.5,2007,7.5,CCNc1ccc2c(C(F)(F)F)cc(=O)[nH]c2c1,train
CHEMBL3706879,CHEMBL1871,7.234999999999999,2007,7.234999999999999,CCCCNc1ccc2c(C(F)(F)F)cc(=O)[nH]c2c1,train
CHEMBL3706880,CHEMBL1871,7.175,2007,7.175,CC(C)Nc1ccc2c(C(F)(F)F)cc(=O)[nH]c2c1,train
CHEMBL3706881,CHEMBL1871,7.16,2007,7.16,CC(C)CNc1ccc2c(C(F)(F)F)cc(=O)[nH]c2c1,train
CHEMBL3706882,CHEMBL1871,6.9399999999999995,2007,6.9399999999999995,CC(C)(C)CNc1ccc2c(C(F)(F)F)cc(=O)[nH]c2c1,train
CHEMBL3706883,CHEMBL1871,6.82,2007,6.82,CCC(C)(C)Nc1ccc2c(C(F)(F)F)cc(=O)[nH]c2c1,train
CHEMBL3706884,CHEMBL1871,6.92,2007,6.92,C=CC(C)(C)Nc1ccc2c(C(F)(F)F)cc(=O)[nH]c2c1,train
CHEMBL3706885,CHEMBL1871,7.08,2007,7.08,O=c1cc(C(F)(F)F)c2ccc(NC3CCC3)cc2[nH]1,train
CHEMBL3706886,CHEMBL1871,6.415,2007,6.415,O=c1cc(C(F)(F)F)c2ccc(NC3CCCC3)cc2[nH]1,test
CHEMBL3706887,CHEMBL1871,6.145,2007,6.145,O=c1cc(C(F)(F)F)c2ccc(NC3CCCCC3)cc2[nH]1,train
CHEMBL3706888,CHEMBL1871,7.75,2007,7.75,O=c1cc(C(F)(F)F)c2ccc(NCC(F)(F)F)cc2[nH]1,train
CHEMBL3706889,CHEMBL1871,7.34,2007,7.34,O=c1cc(C(F)(F)F)c2ccc(NCC(F)(F)C(F)(F)F)cc2[nH]1,train
CHEMBL3706891,CHEMBL1871,6.66,2007,6.66,O=c1cc(C(F)(F)F)c2ccc(NCc3ccccc3)cc2[nH]1,test
CHEMBL3706892,CHEMBL1871,6.03,2007,6.03,CN(C)c1ccc2c(C(F)(F)F)cc(=O)[nH]c2c1,train
CHEMBL3706893,CHEMBL1871,6.28,2007,6.28,CCN(CC)c1ccc2c(C(F)(F)F)cc(=O)[nH]c2c1,train
CHEMBL3706894,CHEMBL1871,7.449999999999999,2007,7.449999999999999,CCN(CC(F)(F)F)c1ccc2c(C(F)(F)F)cc(=O)[nH]c2c1,train
CHEMBL3706895,CHEMBL1871,6.4399999999999995,2007,6.4399999999999995,CCCN(CC(F)(F)F)c1ccc2c(C(F)(F)F)cc(=O)[nH]c2c1,train
CHEMBL3706896,CHEMBL1871,7.32,2007,7.32,Cc1cc2c(C(F)(F)F)cc(=O)[nH]c2cc1N,train
CHEMBL3706897,CHEMBL1871,7.67,2007,7.67,CCc1cc2c(C(F)(F)F)cc(=O)[nH]c2cc1N,train
CHEMBL3706898,CHEMBL1871,7.885,2007,7.885,CCCc1cc2c(C(F)(F)F)cc(=O)[nH]c2cc1N,train
CHEMBL3706899,CHEMBL1871,7.869999999999999,2007,7.869999999999999,CCC(C)c1cc2c(C(F)(F)F)cc(=O)[nH]c2cc1N,train
CHEMBL3706900,CHEMBL1871,6.18,2007,6.18,CCCNc1cc2[nH]c(=O)cc(C(F)(F)F)c2cc1C,train
CHEMBL3706901,CHEMBL1871,6.355,2007,6.355,Cc1cc2c(C(F)(F)F)cc(=O)[nH]c2cc1NCC(C)C,train
CHEMBL3706902,CHEMBL1871,6.18,2007,6.18,CCc1cc2c(C(F)(F)F)cc(=O)[nH]c2cc1NC,train
CHEMBL3706903,CHEMBL1871,6.734999999999999,2007,6.734999999999999,CCc1cc2c(C(F)(F)F)cc(=O)[nH]c2cc1NCC(F)(F)F,train
CHEMBL3706904,CHEMBL1871,7.3,2007,7.3,O=c1cc(C(F)(F)F)c2ccc(NCC(F)(F)F)cc2o1,test
CHEMBL3706905,CHEMBL1871,7.2,2007,7.2,O=c1cc(C(F)(F)F)c2ccc(N(CC(F)(F)F)CC(F)(F)F)cc2o1,test
CHEMBL3706906,CHEMBL1871,6.96,2007,6.96,CCNc1ccc2[nH]c(=O)cc(C(F)(F)F)c2c1,train
CHEMBL3706907,CHEMBL1871,7.775,2007,7.775,O=c1cc(C(F)(F)F)c2cc(NCC(F)(F)F)ccc2[nH]1,train
CHEMBL3706908,CHEMBL1871,7.4399999999999995,2007,7.4399999999999995,O=c1cc(C(F)(F)F)c2cc(NCC(F)(F)C(F)(F)F)ccc2[nH]1,train
CHEMBL3706909,CHEMBL1871,7.255,2007,7.255,O=c1cc(C(F)(F)F)c2cc(NC3CCCC3)ccc2[nH]1,val
CHEMBL3706910,CHEMBL1871,7.445,2007,7.445,CC(C)CNc1ccc2[nH]c(=O)cc(C(F)(F)F)c2c1,train
CHEMBL3706911,CHEMBL1871,7.41,2007,7.41,CC(C)(C)CNc1ccc2[nH]c(=O)cc(C(F)(F)F)c2c1,train
CHEMBL3706926,CHEMBL1871,6.05,2007,6.05,O=c1cc(C(F)(F)F)c2cc(N(Cc3ccccc3)CC(F)(F)F)ccc2[nH]1,train
CHEMBL3706927,CHEMBL1871,6.105,2007,6.105,O=c1cc(C(F)(F)F)c2cc(N(Cc3cccs3)CC(F)(F)F)ccc2[nH]1,val
CHEMBL3706928,CHEMBL1871,7.72,2007,7.72,CCOC(=O)CN(CC(F)(F)F)c1ccc2[nH]c(=O)cc(C(F)(F)F)c2c1,train
CHEMBL3706929,CHEMBL1871,7.195,2007,7.195,O=C(N(CC(F)(F)F)c1ccc2[nH]c(=O)cc(C(F)(F)F)c2c1)C(F)(F)F,train
CHEMBL3706930,CHEMBL1871,6.425,2007,6.425,O=c1cc(C(F)(F)F)c2cc(N(Cc3ccoc3)CC(F)(F)F)ccc2[nH]1,train
CHEMBL3706931,CHEMBL1871,6.755,2007,6.755,CC(=O)C(C)N(CC(F)(F)F)c1ccc2[nH]c(=O)cc(C(F)(F)F)c2c1,train
CHEMBL3706940,CHEMBL1871,6.16,2007,6.16,COc1c(O)ccc2c1-c1ccc3c(c1/C(=C/c1ccc(F)cc1CO)O2)C(C)=CC(C)(C)N3,train
CHEMBL3706942,CHEMBL1871,6.2,2007,6.2,COCOCc1cc(F)ccc1/C=C1\Oc2ccc(O)c(OC)c2-c2ccc3c(c21)C(C)=CC(C)(C)N3,train
CHEMBL3706943,CHEMBL1871,6.24,2007,6.24,COc1c(O)ccc2c1-c1ccc3c(c1/C(=C/c1cccc(C)c1)O2)C(C)=CC(C)(C)N3,train
CHEMBL3706946,CHEMBL1871,6.04,2007,6.04,COc1c(O)ccc2c1-c1ccc3c(c1/C(=C/c1cccc(O)c1)O2)C(C)=CC(C)(C)N3,train
CHEMBL371392,CHEMBL1871,6.24,2004,6.24,CCCCc1ccc(C(=O)N2C[C@@H]3C[C@H]2[C@@H]2C(=O)N(c4ccc(C#N)cc4)C(=O)N32)cc1,test
CHEMBL372390,CHEMBL1871,5.89,2006,5.89,C[C@@H]1CN(C(=O)Nc2ccc(C(F)(F)F)nc2)[C@@H](C)CN1c1ccc(C#N)c(C(F)(F)F)c1,train
CHEMBL373019,CHEMBL1871,7.48,2006,7.48,C=C[C@]12CC[C@H](O)CC1=CCC1C2CC[C@@]2(C)C1CC[C@@H]2O,test
CHEMBL373460,CHEMBL1871,5.23,2007,5.23,CCCCN(C)C(=O)CCCCCCCCCCC[C@@H]1CC2CC(=O)CC[C@]2(C)[C@H]2CC[C@]3(C)[C@@H](O)CC[C@H]3[C@H]12,val
CHEMBL374121,CHEMBL1871,8.77,2006,8.77,O=C1C2CCCN2C(=O)N1c1ccc([N+](=O)[O-])c2ccccc12,train
CHEMBL374781,CHEMBL1871,8.46,2006,8.46,O=C1C2C(O)CCN2C(=O)N1c1ccc([N+](=O)[O-])c2ccccc12,train
CHEMBL375107,CHEMBL1871,7.37,2006,7.37,BrCC(Br)C1CCC(Br)C(Br)C1,val
CHEMBL375282,CHEMBL1871,6.24,2007,6.24,CCCN(C)C(=O)CCCCCCCC1C[C@H]2CC(=O)CC[C@]2(C)[C@H]2CC[C@]3(C)[C@@H](O)CC[C@H]3[C@H]12,val
CHEMBL375675,CHEMBL1871,5.805,2007,5.805,CCCCN(C)C(=O)CCCCCCCCCC[C@@H]1CC2CC(=O)CC[C@]2(C)[C@H]2CC[C@]3(C)[C@@H](O)CC[C@H]3[C@H]12,val
CHEMBL375907,CHEMBL1871,6.16,2007,6.16,CC(C)(C)N1CCOc2cc3[nH]c(=O)cc(C(F)(F)F)c3cc21,train
CHEMBL375918,CHEMBL1871,9.05,2007,9.05,Cc1c(N2C(=O)N3CC[C@H](O)[C@H]3[C@@H]2C(F)(F)F)ccc(C#N)c1Cl,train
CHEMBL376182,CHEMBL1871,6.380000000000001,2007,6.380000000000001,CCN(CC)C(=O)CCCCCCC1C[C@H]2CC(=O)CC[C@]2(C)[C@H]2CC[C@]3(C)[C@@H](O)CC[C@H]3[C@H]12,val
CHEMBL376360,CHEMBL1871,6.26,2007,6.26,CCC1CN(CC(F)(F)F)c2cc3c(C(F)(F)F)cc(=O)[nH]c3cc2O1,train
CHEMBL3764185,CHEMBL1871,8.69,2016,8.69,Cc1c(N[C@@H]2CCC[C@@]2(C)O)ccc(C#N)c1Cl,test
CHEMBL3764446,CHEMBL1871,8.28,2016,8.28,Cc1c(N[C@@H]2COC[C@@]2(C)O)ccc(C#N)c1Cl,test
CHEMBL3765171,CHEMBL1871,9.17,2016,9.17,Cc1c(N[C@@H]2CCC[C@]2(C)O)ccc(C#N)c1Cl,test
CHEMBL3765823,CHEMBL1871,7.77,2016,7.77,Cc1c(N[C@@H]2CCCC[C@@]2(C)O)ccc(C#N)c1Cl,test
CHEMBL378274,CHEMBL1871,5.9,2015,5.9,Oc1nnc(Cc2ccccc2Cl)c2ccccc12,train
CHEMBL3785926,CHEMBL1871,5.42,2016,5.42,Cc1cc(=O)oc2cc(OCC(=O)C(C)(C)C)ccc12,test
CHEMBL3787387,CHEMBL1871,5.3,2016,5.3,CCOC(=O)C(CC)Oc1ccc2c(C)cc(=O)oc2c1,test
CHEMBL3787517,CHEMBL1871,5.29,2016,5.29,Cc1cc(=O)oc2cc(OC(C)C(=O)c3ccccc3)ccc12,val
CHEMBL379441,CHEMBL1871,7.7,2006,7.7,C[C@]12CCC3C(CC=C4C[C@@H](O)CC[C@@]43/C=C\Br)C1CC[C@@H]2O,test
CHEMBL379465,CHEMBL1871,6.43,2006,6.43,C[C@@H]1CN(c2ccc(C#N)c(C(F)(F)F)c2)[C@@H](C)CN1C(=O)Nc1ccc(N)nc1,train
CHEMBL380876,CHEMBL1871,5.85,2006,5.85,CO/C=C\[C@]12CC[C@H](O)CC1=CCC1C2CC[C@@]2(C)C1CC[C@@H]2O,test
CHEMBL380978,CHEMBL1871,5.301029995663981,2006,5.301029995663981,C[C@]12CCC3C(CC=C4C[C@@H](O)CC[C@@]43C=O)C1CC[C@@H]2O,test
CHEMBL381253,CHEMBL1871,6.77,2006,6.77,COc1ccc(NC(=O)N2C[C@H](C)N(c3ccc(C#N)c(C(F)(F)F)c3)C[C@H]2C)cn1,train
CHEMBL381358,CHEMBL1871,6.3,2006,6.3,CC(=O)c1ccc(NC(=O)N2C[C@H](C)N(c3ccc(C#N)c(C(F)(F)F)c3)C[C@H]2C)cn1,train
CHEMBL381558,CHEMBL1871,6.36,2006,6.36,COc1cncc(NC(=O)N2C[C@H](C)N(c3ccc(C#N)c(C(F)(F)F)c3)C[C@H]2C)c1,train
CHEMBL381566,CHEMBL1871,6.54,2006,6.54,C#C[C@]1(O)CCC2C3CC=C4C[C@@H](O)CC[C@]4(C=C)C3CC[C@@]21C,test
CHEMBL381776,CHEMBL1871,6.6,2006,6.6,Cc1cncc(NC(=O)N2C[C@H](C)N(c3ccc(C#N)c(C(F)(F)F)c3)C[C@H]2C)c1,train
CHEMBL382097,CHEMBL1871,7.48,2006,7.48,CC[C@]12CC[C@H](O)CC1=CCC1C2CC[C@@]2(C)C1CC[C@@H]2O,test
CHEMBL382426,CHEMBL1871,5.0,2006,5.0,C[C@@H]1CN(c2ccc(C#N)c(C(F)(F)F)c2)[C@@H](C)CN1C(=O)Nc1ccc(O)nc1,train
CHEMBL382632,CHEMBL1871,5.301029995663981,2006,5.301029995663981,C[C@]12CCC3C(CC=C4C[C@@H](O)CC[C@@]43CO)C1CC[C@@H]2O,test
CHEMBL3827008,CHEMBL1871,5.51,2016,5.51,CC(O)(CS(=O)(=O)c1cc(C(F)(F)F)cc(C(F)(F)F)c1)C(=O)Nc1ccc([N+](=O)[O-])c(C(F)(F)F)c1,train
CHEMBL3828139,CHEMBL1871,6.15,2016,6.15,CC(O)(CSc1cc(C(F)(F)F)cc(C(F)(F)F)c1)C(=O)Nc1ccc([N+](=O)[O-])c(C(F)(F)F)c1,train
CHEMBL383253,CHEMBL1871,6.14,2006,6.14,C/C=C\[C@]12CC[C@H](O)CC1=CCC1C2CC[C@@]2(C)C1CC[C@@H]2O,test
CHEMBL384467,CHEMBL1871,5.85,2010,5.85,C[C@@H]1C[C@H]2[C@@H]3CCC4=CC(=O)C=C[C@]4(C)[C@@]3(F)[C@@H](O)C[C@]2(C)[C@@]1(O)C(=O)CO,train
CHEMBL384533,CHEMBL1871,9.0,2006,9.0,O=C1[C@H]2[C@@H]3CC[C@@H](C3)N2C(=O)N1c1ccc([N+](=O)[O-])c2ccccc12,test
CHEMBL384975,CHEMBL1871,7.8,2004,7.8,C#C[C@]1(O)CC[C@H]2[C@@H]3CCC4=CC(=O)CCC4=C3[C@@H](c3ccc(N(C)CCNC(=O)N(C)C4CC[C@@]5(C)[C@@H](C4)C[C@@H](O)[C@@H]4[C@@H]5C[C@H](O)[C@]5(C)[C@@H]([C@H](C)CCC(=O)O)CC[C@@H]45)cc3)C[C@@]21C,train
CHEMBL385509,CHEMBL1871,7.58,2006,7.58,Nc1ccc2nc(O)cc(C(F)(F)F)c2c1,train
CHEMBL386437,CHEMBL1871,7.2,2004,7.2,CCCC(=O)Oc1ccc(COCC#CCN2C(=O)N(c3ccc(C#N)c(C(F)(F)F)c3)C(=O)C2(C)C)cc1C(=O)NCN[C@H]1CC(OC2C[C@](O)(C(=O)CO)Cc3c(O)c4c(c(O)c32)C(=O)c2c(OC)cccc2C4=O)O[C@@H](C)[C@H]1O,val
CHEMBL386630,CHEMBL1871,8.395,2004,8.395,C[C@]12CC[C@H]3[C@@H](CCC4=CC(=O)CC[C@@]43C)[C@@H]1CC[C@@H]2O,test
CHEMBL387651,CHEMBL1871,5.925000000000001,2007,5.925000000000001,CCNC(=O)CCCCCCCC1C[C@H]2CC(=O)CC[C@]2(C)[C@H]2CC[C@]3(C)[C@@H](O)CC[C@H]3[C@H]12,val
CHEMBL387850,CHEMBL1871,5.51,2007,5.51,C[C@]12CC[C@H]3[C@@H]([C@H](CCCCCCC[S+]([O-])CCCC(F)(F)C(F)(F)F)CC4CC(=O)CC[C@@]43C)[C@@H]1CC[C@@H]2O,val
CHEMBL388210,CHEMBL1871,7.47,2007,7.47,N#Cc1ccc(N2C(=O)[C@@H]3[C@H](O)CCN3C2=O)cc1,val
CHEMBL388421,CHEMBL1871,8.11,2007,8.11,N#Cc1ccc(N2C(=O)[C@@H]3[C@H](O)CCN3C2=O)cc1C(F)(F)F,val
CHEMBL388724,CHEMBL1871,5.0,2007,5.0,C[C@]12CC[C@H]3[C@@H]([C@H](CCCCCCCCCCC[S+]([O-])CCCC(F)(F)C(F)(F)F)CC4CC(=O)CC[C@@]43C)[C@@H]1CC[C@@H]2O,val
CHEMBL388831,CHEMBL1871,6.234999999999999,2007,6.234999999999999,CCC1CN(CC)c2cc3c(C(F)(F)F)cc(=O)[nH]c3cc2O1,train
CHEMBL388997,CHEMBL1871,8.03,2007,8.03,CCC1COc2cc3[nH]c(=O)cc(C(F)(F)F)c3cc2N1CC(F)(F)F,train
CHEMBL389077,CHEMBL1871,8.66,2007,8.66,Cc1c(N2C[C@@H]3[C@H](O)CC[C@@H]3C2=O)ccc(C#N)c1Cl,train
CHEMBL389250,CHEMBL1871,8.72,2007,8.72,Cc1c(N2C(=O)N3CC[C@H](O)[C@H]3[C@H]2C(F)(F)F)ccc(C#N)c1Cl,train
CHEMBL389277,CHEMBL1871,6.65,2007,6.65,CN(C)C(=O)CCCCCCCC1C[C@H]2CC(=O)CC[C@]2(C)[C@H]2CC[C@]3(C)[C@@H](O)CC[C@H]3[C@H]12,val
CHEMBL3893153,CHEMBL1871,6.19,2016,6.19,Cc1cc(C(=O)NC[C@H]2CC[C@H](Oc3ccnc4c(C#N)cccc34)CC2)no1,val
CHEMBL3893320,CHEMBL1871,7.89,2016,7.89,N#Cc1ccc(N2C[C@H]3[C@H]4CC[C@H](C4)[C@@]3(C(N)=O)S2(=O)=O)cc1C(F)(F)F,train
CHEMBL3893393,CHEMBL1871,6.0,2017,6.0,CCSC[C@@](O)([C@@H](Nc1cccc2nc(C)ccc12)c1ccc(OC)c(F)c1Cl)C(F)(F)F,test
CHEMBL389481,CHEMBL1871,7.64,2007,7.64,CCC1COc2cc3[nH]c(=O)cc(C(F)(F)F)c3cc2N1CC1CC1,train
CHEMBL3894825,CHEMBL1871,7.37,2016,7.37,CC1(C)C(=O)N(c2ccc(C#N)c(C(F)(F)F)c2)C(=S)N1c1ccc(C(=O)OCCCCCC(=O)NO)c(F)c1,test
CHEMBL3895477,CHEMBL1871,7.04,2015,7.04,[C-]#[N+]c1ccc(N2C(=O)C3(CCC3)N(c3ccc(CCCC(=O)NC)cc3)C2=S)cc1C(F)(F)F,test
CHEMBL3895604,CHEMBL1871,7.21,2016,7.21,N#Cc1cccc2c(O[C@H]3CC[C@H](NC(=O)c4ccc(Cl)c(F)c4)CC3)ccnc12,train
CHEMBL389606,CHEMBL1871,8.07,2007,8.07,Cc1cc(C#N)ccc1N1C(=O)[C@@H]2[C@H](O)CCN2C1=O,val
CHEMBL389607,CHEMBL1871,8.35,2007,8.35,Cc1c(C#N)ccc(N2C(=O)[C@@H]3[C@H](O)CCN3C2=O)c1C,val
CHEMBL389631,CHEMBL1871,5.865,2007,5.865,CCCCN(C)C(=O)CCCCCCCC[C@@H]1CC2CC(=O)CC[C@]2(C)[C@H]2CC[C@]3(C)[C@@H](O)CC[C@H]3[C@H]12,val
CHEMBL3898284,CHEMBL1871,8.11,2016,8.11,C[C@@]12[C@@H]3C=C[C@@H](C3)[C@@H]1CN(c1ccc(C#N)c(C(F)(F)F)c1)S2(=O)=O,train
CHEMBL3898984,CHEMBL1871,6.68,2016,6.68,Cc1nocc1C(=O)NC[C@H]1CC[C@H](Oc2ccnc3c(F)cccc23)CC1,train
CHEMBL3899806,CHEMBL1871,6.32,2016,6.32,O=C(N[C@H]1CC[C@H](Oc2ccnc3c(Br)cccc23)CC1)c1ccc(F)cc1,train
CHEMBL390071,CHEMBL1871,6.279999999999999,2007,6.279999999999999,CCN(C)C(=O)CCCCCCCC1C[C@H]2CC(=O)CC[C@]2(C)[C@H]2CC[C@]3(C)[C@@H](O)CC[C@H]3[C@H]12,val
CHEMBL3900828,CHEMBL1871,6.86,2015,6.86,[C-]#[N+]c1ccc(N2C(=O)C3(CCC3)N(c3ccc(N4CCN(S(C)(=O)=O)CC4)cc3)C2=S)cc1C(F)(F)F,test
CHEMBL3902310,CHEMBL1871,7.7700000000000005,2016,7.7700000000000005,CNC(=O)[C@@]12[C@@H](CN(c3ccc(C#N)c(C(F)(F)F)c3)S1(=O)=O)[C@H]1C[C@H](F)[C@@H]2C1,train
CHEMBL3902818,CHEMBL1871,5.0,2016,5.0,C[C@H](NC(=O)C(F)(F)F)[C@H](Oc1ccc2c(cnn2-c2ccc(F)cc2)c1)c1ccc2ccccc2c1,train
CHEMBL3903040,CHEMBL1871,6.88,2015,6.88,[C-]#[N+]c1ccc(N2C(=O)C(C)(C)N(c3ccc(OC(=O)CCl)cc3)C2=S)cc1C(F)(F)F,test
CHEMBL3903756,CHEMBL1871,6.96,2016,6.96,CC1(C)C(=O)N(c2ccc(C#N)c(C(F)(F)F)c2)C(=S)N1c1ccc(C(=O)NCCCCCCNS(N)(=O)=O)c(F)c1,test
CHEMBL3904234,CHEMBL1871,6.56,2015,6.56,[C-]#[N+]c1ccc(N2C(=O)C(C)(C)N(c3ccc(N)cc3)C2=S)cc1C(F)(F)F,test
CHEMBL3904554,CHEMBL1871,7.03,2016,7.03,O=C(N[C@H]1CC[C@H](Oc2ccnc3c(Br)cccc23)CC1)c1cccc(F)c1,train
CHEMBL3905727,CHEMBL1871,6.13,2016,6.13,O=C(NC[C@H]1CC[C@H](Oc2ccnc3c(F)cccc23)CC1)c1ccon1,val
CHEMBL390577,CHEMBL1871,6.67,2007,6.67,O=c1cc(C(F)(F)F)c2cc3c(cc2[nH]1)OCCN3Cc1ccccc1,val
CHEMBL390593,CHEMBL1871,8.64,2007,8.64,CC[C@@H]1[C@@H]2[C@H](O)CCN2C(=O)N1c1ccc(C#N)c(Cl)c1C,train
CHEMBL390594,CHEMBL1871,7.64,2007,7.64,Cc1c(N2C(=O)N3CC[C@@H](O)[C@H]3[C@H]2C(C)C)ccc(C#N)c1Cl,train
CHEMBL3907028,CHEMBL1871,7.17,2016,7.17,N#Cc1cccc2c(O[C@H]3CC[C@H](NC(=O)c4ccc(F)c(Cl)c4)CC3)ccnc12,train
CHEMBL390728,CHEMBL1871,7.77,1999,7.77,CCC1CCNc2cc3[nH]c(=O)cc(C(F)(F)F)c3cc21,test
CHEMBL3907304,CHEMBL1871,6.73,2016,6.73,C[C@@]12[C@@H]3CC[C@@H](C3O)[C@@H]1CN(c1ccc(C#N)c(C(F)(F)F)c1)S2(=O)=O,train
CHEMBL390746,CHEMBL1871,7.72,2007,7.72,CC[C@H]1COc2cc3[nH]c(=O)cc(C(F)(F)F)c3cc2N1CC(F)(F)F,train
CHEMBL390754,CHEMBL1871,6.265000000000001,2007,6.265000000000001,O=c1cc(C(F)(F)F)c2cc3c(cc2[nH]1)OCCN3,train
CHEMBL3908221,CHEMBL1871,7.17,2016,7.17,CC1(C)C(=O)N(c2ccc(C#N)c(C(F)(F)F)c2)C(=S)N1c1ccc(C(=O)NCCCCCCc2ccc(C(=O)C(F)(F)F)s2)c(F)c1,test
CHEMBL390849,CHEMBL1871,8.89,2007,8.89,Cc1c(N2C(=O)[C@@H]3[C@H](O)CCN3C2=O)ccc(C#N)c1F,val
CHEMBL3910485,CHEMBL1871,6.71,2015,6.71,[C-]#[N+]c1ccc(N2C(=O)C3(CCCCC3)N(c3ccc(C)cc3)C2=S)cc1C(F)(F)F,test
CHEMBL3911299,CHEMBL1871,6.38,2016,6.38,O=C(NC[C@H]1CC[C@H](Oc2ccnc3c(F)cccc23)CC1)c1cc[nH]n1,train
CHEMBL391231,CHEMBL1871,6.17,2011,6.17,C[C@](c1ccc(F)cc1F)(c1c[nH]c2c(NS(C)(=O)=O)cccc12)C1CC1,train
CHEMBL3912767,CHEMBL1871,6.6,2016,6.6,CC1(C)C(=O)N(c2ccc(C#N)c(C(F)(F)F)c2)C(=S)N1c1ccc(C(=O)NCCCCCCn2cccc(O)c2=O)c(F)c1,test
CHEMBL3913554,CHEMBL1871,7.17,2016,7.17,Cc1ccc(C(=O)N[C@H]2CC[C@H](Oc3ccnc4c(Br)cccc34)CC2)cc1F,train
CHEMBL3913672,CHEMBL1871,6.58,2016,6.58,N#Cc1ccc(C(=O)N[C@H]2CC[C@H](Oc3ccnc4c(Br)cccc34)CC2)cc1,train
CHEMBL3914094,CHEMBL1871,7.5,2016,7.5,O=C(N[C@H]1CC[C@H](Oc2ccnc3ccccc23)CC1)c1cccc(F)c1,train
CHEMBL3914142,CHEMBL1871,5.301029995663981,2016,5.301029995663981,C[C@H](NS(=O)(=O)C1CC1)[C@H](Oc1ccc2c(cnn2-c2ccc(F)cc2)c1)c1ccccc1,train
CHEMBL391439,CHEMBL1871,6.23,2007,6.23,C[C@](c1ccc(F)cc1)(c1c[nH]c2c(NS(C)(=O)=O)cccc12)C1CC1,train
CHEMBL3915005,CHEMBL1871,6.38,2015,6.38,C[C@]12CCC3C4CCC(=O)C=C4[C@@H]4C[C@@H]4C3C1C1CC1[C@@]21CCC(=O)O1,test
CHEMBL391548,CHEMBL1871,8.55,2007,8.55,N#Cc1ccc(-c2ccccc2O)cc1C(F)(F)F,train
CHEMBL391549,CHEMBL1871,6.64,2007,6.64,N#Cc1ccc(-c2cccc(O)c2)cc1C(F)(F)F,train
CHEMBL3915997,CHEMBL1871,5.301029995663981,2016,5.301029995663981,C[C@H](NC(=O)C(F)(F)F)[C@H](Oc1ccc2c(cnn2-c2ccc(F)cc2)c1)c1ccccc1,train
CHEMBL391648,CHEMBL1871,5.96,2007,5.96,C[C@]12CCC(=O)C=C1C[C@@H](CCCCCCCCCC(=O)O)[C@@H]1[C@@H]2CC[C@@]2(C)[C@H]1CC[C@]2(C)O,test
CHEMBL3916504,CHEMBL1871,7.0600000000000005,2016,7.0600000000000005,O=C(NC[C@H]1CC[C@H](Oc2ccnc3ccccc23)CC1)c1ccc(F)c(F)c1,train
CHEMBL3917362,CHEMBL1871,6.62,2016,6.62,O=C(NC[C@H]1CC[C@H](Oc2ccnc3c(F)cccc23)CC1)c1ccc(F)cc1,train
CHEMBL3917372,CHEMBL1871,7.705,2016,7.705,N#Cc1ccc(N2C[C@H]3[C@H]4CC[C@H](C4)[C@H]3S2(=O)=O)cc1C(F)(F)F,train
CHEMBL391768,CHEMBL1871,8.09,2007,8.09,Cc1c(N2C(=O)[C@]3(C)[C@H](O)CCN3S2(=O)=O)ccc(C#N)c1Cl,train
CHEMBL391769,CHEMBL1871,7.36,2007,7.36,Cc1c(N2C(=O)[C@@H]3C[C@H](O)CN3S2(=O)=O)ccc(C#N)c1Cl,train
CHEMBL391770,CHEMBL1871,7.7,2007,7.7,Cc1c(N2C(C)[C@@H]3[C@@H](O)CCN3S2(=O)=O)ccc(C#N)c1Cl,train
CHEMBL391795,CHEMBL1871,7.06,2007,7.06,CC[C@]12CC[C@H](O)CC1=CC[C@@H]1[C@@H]2CC[C@]2(C)[C@@H](O)CC[C@@H]12,test
CHEMBL391798,CHEMBL1871,8.31,2007,8.31,O=c1ccc2cc(N(CC(F)(F)F)CC(F)(F)F)ccc2[nH]1,train
CHEMBL3919228,CHEMBL1871,6.3,2015,6.3,[C-]#[N+]c1ccc(N2C(=O)C3(CCCC3)N(c3ccc([N+](=O)[O-])cc3)C2=S)cc1C(F)(F)F,train
CHEMBL391940,CHEMBL1871,5.970000000000001,2007,5.970000000000001,O=c1cc(C(F)(F)F)c2cc(N(CCC(F)(F)F)CC(F)(F)F)ccc2[nH]1,train
CHEMBL392000,CHEMBL1871,7.82,2007,7.82,C=CC[C@@H]1C2=CC[C@H]3[C@@H]4CC[C@H](O)[C@@]4(C)CC[C@@H]3[C@@]2(C=C)CC[C@@H]1O,test
CHEMBL392004,CHEMBL1871,7.38,2007,7.38,CCCc1cc(=O)[nH]c2ccc(N(CC(F)(F)F)CC(F)(F)F)cc12,train
CHEMBL3920247,CHEMBL1871,7.744999999999999,2016,7.744999999999999,C[C@@]12[C@@H](CN(c3ccc(C#N)c(C(F)(F)F)c3)S1(=O)=O)[C@H]1C[C@H](O)[C@@H]2C1,train
CHEMBL3920715,CHEMBL1871,7.4,2016,7.4,N#Cc1cccc2c(O[C@H]3CC[C@H](NC(=O)c4cccc(F)c4)CC3)ccnc12,train
CHEMBL3921315,CHEMBL1871,7.9399999999999995,2016,7.9399999999999995,CNC(=O)[C@@]12[C@@H]3CC[C@@H](C3)[C@@H]1CN(c1ccc(C#N)c(C(F)(F)F)c1)S2(=O)=O,train
CHEMBL3921621,CHEMBL1871,7.522878745280337,2016,7.522878745280337,CC1(C)C(=O)N(c2ccc(C#N)c(C(F)(F)F)c2)C(=S)N1c1ccc(C(=O)NCCCCCCn2cccc(O)c2=S)c(F)c1,train
CHEMBL3921830,CHEMBL1871,6.48,2016,6.48,N#Cc1ccc(C(=O)NC[C@H]2CC[C@H](Oc3ccnc4ccccc34)CC2)cc1,train
CHEMBL3926358,CHEMBL1871,7.83,2016,7.83,C[C@@]12[C@@H]3CC[C@@H](C3)[C@@H]1CN(c1ccc(C#N)c(C(F)(F)F)c1)S2(=O)=O,train
CHEMBL3926496,CHEMBL1871,6.885,2015,6.885,C[C@@]12CCC(=O)C=C1[C@H]1C[C@H]1[C@@H]1[C@H]3[C@H]4C[C@H]4[C@]4(CCC(=O)O4)[C@]3(C)CC[C@H]12,test
CHEMBL3926959,CHEMBL1871,7.522878745280337,2016,7.522878745280337,CC1(C)C(=O)N(c2ccc(C#N)c(C(F)(F)F)c2)C(=S)N1c1ccc(Cn2ccc3cc(/C=C/C(=O)NO)ccc32)c(F)c1,train
CHEMBL3927163,CHEMBL1871,5.28,2016,5.28,O=S(=O)(Nc1ccc(Oc2ccccc2)cc1)c1cccc(C(F)(F)F)c1,train
CHEMBL3927231,CHEMBL1871,6.33,2016,6.33,O=C(N[C@H]1CC[C@H](Oc2ccnc3c(Br)cccc23)CC1)c1ccc(C(F)(F)F)c(F)c1,train
CHEMBL3928026,CHEMBL1871,7.41,2016,7.41,N#Cc1cccc2c(O[C@H]3CC[C@H](NC(=O)c4cc(F)cc(F)c4)CC3)ccnc12,train
CHEMBL392827,CHEMBL1871,6.385,2007,6.385,Cc1ccc(-c2ccc(C#N)c(C(F)(F)F)c2)cc1,train
CHEMBL3929024,CHEMBL1871,6.77,2016,6.77,O=C(N[C@H]1CC[C@H](Oc2ccnc3c(Br)cccc23)CC1)c1ccc(F)c(F)c1,train
CHEMBL3930760,CHEMBL1871,7.75,2016,7.75,Cc1cc(C(=O)N[C@H]2CC[C@H](Oc3ccnc4c(C#N)cccc34)CC2)no1,train
CHEMBL3931647,CHEMBL1871,6.2,2015,6.2,[C-]#[N+]c1ccc(N2C(=O)C3(CCN(C)CC3)N(c3ccc(C)cc3)C2=S)cc1C(F)(F)F,val
CHEMBL3932464,CHEMBL1871,7.8,2022,7.8,CCS(=O)(=O)N[C@@H]1C[C@@]2(C)O[C@]1(C)[C@@H]1C(=O)N(c3ccc(C#N)c(C(F)(F)F)c3)C(=O)[C@@H]12,train
CHEMBL393278,CHEMBL1871,7.17,2007,7.17,C[C@]12CC[C@H]3[C@@H](CC[C@H]4[C@H]5CCC[C@]43CC[C@@H]5O)[C@@H]1CC[C@@H]2O,train
CHEMBL3932783,CHEMBL1871,6.85,2016,6.85,N#Cc1cccc2c(O[C@H]3CC[C@H](NC(=O)c4ccc(F)cc4)CC3)ccnc12,train
CHEMBL393280,CHEMBL1871,7.73,2007,7.73,COc1cc(=O)[nH]c2ccc(N(CC(F)(F)F)CC(F)(F)F)cc12,train
CHEMBL3932857,CHEMBL1871,6.59,2015,6.59,[C-]#[N+]c1ccc(N2C(=O)C3(CCC3)N(c3ccccc3C)C2=S)cc1C(F)(F)F,test
CHEMBL393319,CHEMBL1871,6.25,2007,6.25,C[C@]12CCC(=O)C[C@@H]1C[C@@H](CCCCCCCCCC(=O)O)[C@@H]1[C@@H]2CC[C@]2(C)[C@@H](O)CC[C@@H]12,val
CHEMBL393320,CHEMBL1871,6.65,2007,6.65,CN(C)C(=O)CCCCCCC[C@@H]1C[C@H]2CC(=O)CC[C@]2(C)[C@H]2CC[C@]3(C)[C@@H](O)CC[C@H]3[C@H]12,val
CHEMBL3933747,CHEMBL1871,6.32,2016,6.32,Cc1cc(C(=O)NC[C@H]2CC[C@H](Oc3ccnc4c(F)cccc34)CC2)no1,val
CHEMBL3934779,CHEMBL1871,6.28,2015,6.28,[C-]#[N+]c1ccc(N2C(=O)C(CCl)(CCl)N(c3ccc(C)cc3)C2=S)cc1C(F)(F)F,test
CHEMBL3935242,CHEMBL1871,7.635,2016,7.635,C[C@@]12[C@@H]3CC[C@@H](C3=O)[C@@H]1CN(c1ccc(C#N)c(C(F)(F)F)c1)S2(=O)=O,test
CHEMBL393664,CHEMBL1871,6.82,2007,6.82,O=c1cc(C(F)(F)F)c2cc(N(CC(F)F)CC(F)(F)Cl)ccc2[nH]1,train
CHEMBL3936716,CHEMBL1871,6.13,2015,6.13,[C-]#[N+]c1ccc(N2C(=O)C3(CCC3)N(c3ccc(CCC(=O)NCCO)cc3)C2=S)cc1C(F)(F)F,test
CHEMBL3936931,CHEMBL1871,6.72,2016,6.72,O=C(N[C@H]1CC[C@H](Oc2ccnc3c(Br)cccc23)CC1)c1ccc(F)c(Cl)c1,train
CHEMBL3937441,CHEMBL1871,7.35,2016,7.35,O=C(N[C@H]1CC[C@H](Oc2ccnc3ccccc23)CC1)c1ccc(F)c(F)c1,train
CHEMBL3937635,CHEMBL1871,4.698970004336019,2016,4.698970004336019,COc1ccc([C@@H](Oc2ccc3c(cnn3-c3ccc(F)cc3)c2)[C@H](C)NC(=O)C2CC2)cn1,train
CHEMBL3938351,CHEMBL1871,6.84,2015,6.84,[C-]#[N+]c1ccc(N2C(=O)C(C)(C)N(c3ccc(C(F)(F)F)cc3)C2=S)cc1C(F)(F)F,test
CHEMBL393864,CHEMBL1871,6.24,2007,6.24,CCCCN(CC(F)(F)F)c1ccc2[nH]c(=O)cc(C(F)(F)F)c2c1,train
CHEMBL393865,CHEMBL1871,6.27,2007,6.27,CCC(C)N(CC(F)(F)F)c1ccc2[nH]c(=O)cc(C(F)(F)F)c2c1,train
CHEMBL3938936,CHEMBL1871,6.65,2015,6.65,[C-]#[N+]c1ccc(N2C(=O)C3(CCC3)N(c3ccc(CCC(N)=O)cc3)C2=S)cc1C(F)(F)F,test
CHEMBL3939272,CHEMBL1871,6.96,2016,6.96,C[C@@]12[C@H]3C[C@H]([C@H](O)C3)[C@@H]1CN(c1ccc(C#N)c(C(F)(F)F)c1)S2(=O)=O,train
CHEMBL3940023,CHEMBL1871,6.91,2015,6.91,[C-]#[N+]c1ccc(N2C(=O)C3(CCC3)N(c3ccc(C)cc3)C2=S)cc1C(F)(F)F,test
CHEMBL3940304,CHEMBL1871,6.56,2015,6.56,[C-]#[N+]c1ccc(N2C(=S)N(c3ccc(O)cc3)C(C)(C)C2=S)cc1C(F)(F)F,test
CHEMBL3941698,CHEMBL1871,6.9,2015,6.9,[C-]#[N+]c1ccc(N2C(=O)C(C)(CF)N(c3ccc(C)cc3)C2=S)cc1C(F)(F)F,test
CHEMBL394194,CHEMBL1871,6.635,2007,6.635,C[C@H](CCl)N(CC(F)(F)F)c1ccc2[nH]c(=O)cc(C(F)(F)F)c2c1,train
CHEMBL394369,CHEMBL1871,6.54,2007,6.54,COc1c(O)ccc2c1-c1ccc3c(c1/C(=C/c1sccc1CO)O2)C(C)=CC(C)(C)N3,train
CHEMBL394392,CHEMBL1871,6.0,2007,6.0,N#Cc1ccc(-c2c(O)cccc2O)cc1C(F)(F)F,train
CHEMBL394504,CHEMBL1871,5.0,2007,5.0,CCCN1c2ccc3[nH]c(=O)cc(C(F)(F)F)c3c2OC[C@H]1CC,val
CHEMBL394505,CHEMBL1871,5.0,2007,5.0,CC[C@@H]1COc2c(ccc3[nH]c(=O)cc(C(F)(F)F)c23)N1CC(C)(C)O,val
CHEMBL394592,CHEMBL1871,8.52,2007,8.52,N#Cc1ccc(N2C(=O)[C@@H]3[C@H](O)CCN3C2=O)c(F)c1Cl,val
CHEMBL394593,CHEMBL1871,8.21,2007,8.21,COc1c(C#N)ccc(N2C(=O)[C@@H]3[C@H](O)CCN3C2=O)c1Cl,val
CHEMBL3947344,CHEMBL1871,6.79,2015,6.79,[C-]#[N+]c1ccc(N2C(=O)C3(CCC3)N(c3ccc(O)cc3)C2=S)cc1C(F)(F)F,test
CHEMBL3948034,CHEMBL1871,6.68,2016,6.68,Cc1cc(C(=O)NC[C@H]2CC[C@H](Oc3ccnc4ccccc34)CC2)no1,val
CHEMBL3948211,CHEMBL1871,6.51,2015,6.51,[C-]#[N+]c1ccc(N2C(=O)C3(CCC3)N(c3ccc(CO)cc3)C2=S)cc1C(F)(F)F,test
CHEMBL3948452,CHEMBL1871,6.64,2016,6.64,CC1(C)C(=O)N(c2ccc(C#N)c(C(F)(F)F)c2)C(=S)N1c1ccc(/C=C/C(=O)Nc2ccccc2N)c(F)c1,val
CHEMBL3948543,CHEMBL1871,7.522878745280337,2016,7.522878745280337,CC1(C)C(=O)N(c2ccc(C#N)c(C(F)(F)F)c2)C(=S)N1c1ccc(C(=O)NCCCCCCC(=O)Nc2ccccc2N)c(F)c1,test
CHEMBL3949176,CHEMBL1871,7.57,2016,7.57,C[C@@]12[C@@H](CN(c3ccc(C#N)c(C(F)(F)F)c3)S1(=O)=O)[C@H]1C[C@H](F)[C@@H]2C1,train
CHEMBL3953928,CHEMBL1871,6.2,2016,6.2,O=C(NC[C@H]1CC[C@H](Oc2ccnc3c(Br)cccc23)CC1)c1ccon1,val
CHEMBL395483,CHEMBL1871,9.3,2007,9.3,CC1=C(c2ccc(C#N)c(Cl)c2C)C(=O)N2CC[C@H](O)[C@@H]12,test
CHEMBL3955013,CHEMBL1871,6.125,2016,6.125,CC1(C)C(=O)N(c2ccc(C#N)c(C(F)(F)F)c2)C(=S)N1c1ccc(C(=O)Nc2ccccc2N)c(F)c1,train
CHEMBL395502,CHEMBL1871,8.09,2007,8.09,COc1c(N2C(=O)[C@@H]3[C@H](O)CCN3C2=O)ccc(C#N)c1C,val
CHEMBL3955747,CHEMBL1871,6.33,2015,6.33,[C-]#[N+]c1ccc(N2C(=O)C3(CCCC3)N(c3ccc(C#N)cc3)C2=S)cc1C(F)(F)F,train
CHEMBL395596,CHEMBL1871,5.0,2007,5.0,C[C@@H]1COc2c(ccc3[nH]c(=O)cc(C(F)(F)F)c23)N1CC(F)(F)F,val
CHEMBL3956081,CHEMBL1871,6.0,2015,6.0,[C-]#[N+]c1ccc(N2C(=O)C3(CCC3)N(c3ccc4ccccc4c3)C2=S)cc1C(F)(F)F,test
CHEMBL395716,CHEMBL1871,6.82,2007,6.82,COCc1ccsc1/C=C1\Oc2ccc(O)c(OC)c2-c2ccc3c(c21)C(C)=CC(C)(C)N3,train
CHEMBL3958249,CHEMBL1871,6.9,2015,6.9,[C-]#[N+]c1ccc(N2C(=O)C(C)(C)N(c3ccc(C)cc3)C2=S)cc1C(F)(F)F,test
CHEMBL3958745,CHEMBL1871,6.37,2015,6.37,[C-]#[N+]c1ccc(N2C(=O)C3(CCC3)N(c3ccc(CCCC(=O)OC)cc3)C2=S)cc1C(F)(F)F,test
CHEMBL3959058,CHEMBL1871,6.14,2016,6.14,N#Cc1cccc2c(O[C@H]3CC[C@H](CNC(=O)c4ccon4)CC3)ccnc12,val
CHEMBL395992,CHEMBL1871,6.5,2007,6.5,C[C@@H]1CC[C@H](CCl)N1c1ccc2[nH]c(=O)cc(C(F)(F)F)c2c1,train
CHEMBL3959936,CHEMBL1871,6.83,2015,6.83,[C-]#[N+]c1ccc(N2C(=O)C(C)(C)N(c3ccccc3)C2=S)cc1C(F)(F)F,test
CHEMBL3960255,CHEMBL1871,7.09,2016,7.09,N#Cc1cccc2c(O[C@H]3CC[C@H](NC(=O)c4ccc(F)c(F)c4)CC3)ccnc12,train
CHEMBL3961165,CHEMBL1871,6.34,2015,6.34,[C-]#[N+]c1ccc(N2C(=O)C(C)(C)N(c3cc(C)ccn3)C2=S)cc1C(F)(F)F,train
CHEMBL3962284,CHEMBL1871,6.14,2015,6.14,[C-]#[N+]c1ccc(N2C(=O)C(C)(C)N(c3ccccn3)C2=S)cc1C(F)(F)F,train
CHEMBL3962413,CHEMBL1871,6.0,2017,6.0,CC[C@@H]1C[C@](O)(C(F)(F)F)[C@@H](Nc2cccc3[nH]c(=O)ccc23)c2cc(F)c(F)c(O)c21,test
CHEMBL3963614,CHEMBL1871,6.28,2015,6.28,[C-]#[N+]c1ccc(N2C(=O)C(C)(C)N(c3ccccc3C(=O)O)C2=S)cc1C(F)(F)F,test
CHEMBL3964502,CHEMBL1871,5.0,2016,5.0,C[C@H](NC(=O)CO)[C@H](Oc1ccc2c(cnn2-c2ccc(F)cc2)c1)c1ccc(S(C)(=O)=O)cc1,train
CHEMBL3965705,CHEMBL1871,6.95,2015,6.95,[C-]#[N+]c1ccc(N2C(=O)C3(CCC3)N(c3ccc(CCCC(N)=O)cc3)C2=S)cc1C(F)(F)F,test
CHEMBL3966165,CHEMBL1871,7.11,2016,7.11,CC1(C)C(=O)N(c2ccc(C#N)c(C(F)(F)F)c2)C(=S)N1c1ccc(C(=O)NCCOCCC(=O)NO)c(F)c1,test
CHEMBL3966495,CHEMBL1871,6.14,2015,6.14,[C-]#[N+]c1ccc(N2C(=O)C3(CCC3)N(c3ccc(N4CCNCC4)cc3)C2=S)cc1C(F)(F)F,test
CHEMBL396656,CHEMBL1871,8.48,2007,8.48,N#Cc1ccc(-c2ccccc2C(F)(F)F)cc1C(F)(F)F,train
CHEMBL3966897,CHEMBL1871,7.35,2016,7.35,Cc1ccc(C(=O)N[C@H]2CC[C@H](Oc3ccnc4c(C#N)cccc34)CC2)cc1F,train
CHEMBL3967143,CHEMBL1871,7.7,2016,7.7,Cc1cc(C(=O)N[C@H]2CC[C@H](Oc3ccnc4c(Br)cccc34)CC2)no1,train
CHEMBL3967236,CHEMBL1871,6.63,2015,6.63,[C-]#[N+]c1ccc(N2C(=O)C3(CCC3)N(c3ccc(CCC(=O)NC)cc3)C2=S)cc1C(F)(F)F,test
CHEMBL3970563,CHEMBL1871,6.71,2016,6.71,O=C(NC[C@H]1CC[C@H](Oc2ccnc3ccccc23)CC1)c1cccc(F)c1,train
CHEMBL397217,CHEMBL1871,8.48,2007,8.48,CCc1c(N2C(=O)[C@@H]3[C@H](O)CCN3C2=O)ccc(C#N)c1C(F)(F)F,val
CHEMBL3972532,CHEMBL1871,6.63,2015,6.63,[C-]#[N+]c1ccc(N2C(=O)C3(CCCCCC3)N(c3ccc(C)cc3)C2=S)cc1C(F)(F)F,train
CHEMBL397274,CHEMBL1871,7.68,2007,7.68,N#Cc1ccc(N2C(=O)[C@@H]3[C@H](O)CCN3C2=O)c2ncccc12,train
CHEMBL3973262,CHEMBL1871,6.43,2015,6.43,[C-]#[N+]c1ccc(N2C(=O)N(c3ccc(O)cc3)C(C)(C)C2=O)cc1C(F)(F)F,train
CHEMBL397343,CHEMBL1871,6.15,2007,6.15,C[C@]12CC[C@H]3[C@@H](CC=C4C[C@@H]5CC[C@@]43CCO5)[C@@H]1CC[C@@H]2O,test
CHEMBL3973563,CHEMBL1871,6.34,2016,6.34,O=C(NC[C@H]1CC[C@H](Oc2ccnc3c(F)cccc23)CC1)c1ccno1,test
CHEMBL3974665,CHEMBL1871,6.46,2016,6.46,CC1(C)C(=O)N(c2ccc(C#N)c(C(F)(F)F)c2)C(=S)N1c1ccc(C(=O)NCCCNS(N)(=O)=O)c(F)c1,test
CHEMBL397561,CHEMBL1871,5.0,2007,5.0,CC(C)[C@@H]1COc2c(ccc3[nH]c(=O)cc(C(F)(F)F)c23)N1CC(F)(F)F,val
CHEMBL397563,CHEMBL1871,7.35,2007,7.35,O=c1cc(C(F)(F)F)c2c3c(ccc2[nH]1)N(CC1CC1)[C@H](c1ccccc1)CO3,train
CHEMBL3976056,CHEMBL1871,6.55,2015,6.55,[C-]#[N+]c1ccc(N2C(=O)C3(CCC3)N(c3ccc(-c4ccccc4)cc3)C2=S)cc1C(F)(F)F,test
CHEMBL3976935,CHEMBL1871,5.301029995663981,2016,5.301029995663981,CSc1ccc([C@@H](Oc2ccc3c(cnn3-c3ccc(F)cc3)c2)[C@H](C)NS(=O)(=O)C2CC2)cc1,train
CHEMBL3977051,CHEMBL1871,6.83,2015,6.83,[C-]#[N+]c1ccc(N2C(=O)C3(CCCC3)N(c3ccc(C)cc3)C2=S)cc1C(F)(F)F,train
CHEMBL3977631,CHEMBL1871,5.0,2016,5.0,C[C@H](NS(=O)(=O)C1CC1)[C@H](Oc1ccc2c(cnn2-c2ccc(F)cc2)c1)c1ccc(S(C)(=O)=O)cc1,train
CHEMBL397919,CHEMBL1871,6.54,2007,6.54,COc1c(O)ccc2c1-c1ccc3c(c1/C(=C/c1sccc1/C(C)=N/O)O2)C(C)=CC(C)(C)N3,train
CHEMBL397920,CHEMBL1871,6.96,2007,6.96,CO/N=C(\C)c1ccsc1/C=C1\Oc2ccc(O)c(OC)c2-c2ccc3c(c21)C(C)=CC(C)(C)N3,train
CHEMBL3979648,CHEMBL1871,7.522878745280337,2016,7.522878745280337,COC(=O)CCCCCCCc1ccc(N2C(=S)N(c3ccc(C#N)c(C(F)(F)F)c3)C(=O)C2(C)C)cc1F,test
CHEMBL398226,CHEMBL1871,8.92,2007,8.92,Cc1c(N2C(=O)[C@@H]3[C@H](O)CCN3C2=O)ccc(C#N)c1Br,val
CHEMBL3982609,CHEMBL1871,6.16,2016,6.16,Cc1cc(C(=O)NC[C@H]2CC[C@H](Oc3ccnc4c(Br)cccc34)CC2)no1,val
CHEMBL3982650,CHEMBL1871,6.25,2016,6.25,CC1(C)C(=O)N(c2ccc(C#N)c(C(F)(F)F)c2)C(=S)N1c1ccc(C(=O)NCCCn2cccc(O)c2=O)c(F)c1,train
CHEMBL3983635,CHEMBL1871,7.522878745280337,2016,7.522878745280337,CC1(C)C(=O)N(c2ccc(C#N)c(C(F)(F)F)c2)C(=S)N1c1ccc(C(=O)NCCCCCC(=O)NO)c(F)c1,test
CHEMBL398431,CHEMBL1871,7.55,2007,7.55,CCCN(CC1CC1)c1cc(C(F)(F)F)c(C#N)cn1,val
CHEMBL398432,CHEMBL1871,6.529999999999999,2007,6.529999999999999,N#Cc1cnc(N2CCCCC2)cc1C(F)(F)F,test
CHEMBL398455,CHEMBL1871,6.08,2007,6.08,C=C[C@]12CC[C@](C)(O)CC1=CC[C@H]1[C@@H]3CC[C@H](O)[C@@]3(C)CC[C@@H]12,test
CHEMBL398456,CHEMBL1871,6.25,2007,6.25,C=C[C@]12CCC(C)=CC1=CC[C@H]1[C@@H]3CC[C@H](O)[C@@]3(C)CC[C@@H]12,train
CHEMBL3984706,CHEMBL1871,6.0,2015,6.0,[C-]#[N+]c1ccc(N2C(=O)C3(CCC3)N(c3cc(C)n[nH]3)C2=S)cc1C(F)(F)F,train
CHEMBL3985131,CHEMBL1871,6.86,2015,6.86,[C-]#[N+]c1ccc(N2C(=O)C(C)(C)N(c3ccc(O)cc3)C2=S)cc1C(F)(F)F,test
CHEMBL398634,CHEMBL1871,6.28,2007,6.28,C=C[C@]12CCC(C)=CC1=CC[C@@H]1[C@@H]2CC[C@@]2(C)[C@H]1CC[C@]2(C)O,train
CHEMBL3987109,CHEMBL1871,7.29,2016,7.29,N#Cc1ccc(N2C[C@@H]3[C@@H]([C@@H]4C=C[C@H]3C4)S2(=O)=O)cc1C(F)(F)F,train
CHEMBL398840,CHEMBL1871,5.5,2007,5.5,C=C[C@]12CCC(c3ccccc3)=CC1=CC[C@H]1[C@@H]3CC[C@H](O)[C@@]3(C)CC[C@@H]12,train
CHEMBL398841,CHEMBL1871,6.54,2007,6.54,C#C[C@]1(O)CC[C@H]2[C@@H]3CC=C4C[C@@H](O)CC[C@]4(C=C)[C@H]3CC[C@@]21C,test
CHEMBL399439,CHEMBL1871,7.04,2007,7.04,N#Cc1ccc(O[C@H]2CCCC[C@@H]2C#N)cc1C(F)(F)F,test
CHEMBL399680,CHEMBL1871,5.72,2020,5.72,C[C@]12CC[C@H](O)C[C@H]1CC[C@@H]1[C@@H]2CC[C@]2(C)[C@@H](c3ccc(=O)oc3)CC[C@]12O,test
CHEMBL399876,CHEMBL1871,6.775,2007,6.775,CC(c1ccccc1)N(C)c1cc(C(F)(F)F)c(C#N)cn1,train
CHEMBL399887,CHEMBL1871,7.57,2007,7.57,N#Cc1ccc(O[C@@H]2CCCC[C@H]2C#N)cc1C(F)(F)F,test
CHEMBL400098,CHEMBL1871,5.77,2007,5.77,C[C@@H](c1ccccc1)N(C)c1cc(C(F)(F)F)c(C#N)cn1,train
CHEMBL400480,CHEMBL1871,6.48,2007,6.48,C=C[C@]12CCC(=C)C=C1CC[C@H]1[C@@H]3CC[C@H](O)[C@@]3(C)CC[C@@H]12,train
CHEMBL401458,CHEMBL1871,8.7,2007,8.7,CC(C)C(O)(c1nc2cc(Cl)c(Cl)cc2[nH]1)C(F)(F)F,train
CHEMBL401629,CHEMBL1871,7.85,2008,7.85,COc1cccc2c1-c1ccc3[nH]c(=O)cc(C(F)(F)F)c3c1CO2,test
CHEMBL401711,CHEMBL1871,8.06,2008,8.06,Cc1cc(=O)[nH]c2ccc3c4c(C(=O)OC(C)(C)C)cccc4oc(=O)c3c12,test
CHEMBL401805,CHEMBL1871,7.99,2008,7.99,O=c1cc(C(F)(F)F)c2cc3c(cc2[nH]1)OC[C@H](C(F)(F)F)N3CC(F)(F)F,train
CHEMBL402039,CHEMBL1871,8.03,2008,8.03,COC[C@@H]1COc2cc3[nH]c(=O)cc(C(F)(F)F)c3cc2N1CC(F)(F)F,train
CHEMBL402063,CHEMBL1871,6.640000000000001,2005,6.640000000000001,C/C=C1/C(=O)C[C@H]2[C@@H]3CCC4=CC(=O)CC[C@]4(C)[C@H]3CC[C@]12C,train
CHEMBL402136,CHEMBL1871,7.11,2008,7.11,COc1cccc2c1-c1ccc3[nH]c(=O)cc(C(F)(F)F)c3c1OC2,train
CHEMBL402807,CHEMBL1871,6.91051499783199,2008,6.91051499783199,O=C1[C@@H]2C3CCC(O3)[C@@H]2C(=O)N1c1ccc([N+](=O)[O-])c2ccccc12,test
CHEMBL402835,CHEMBL1871,8.89,2008,8.89,O=c1cc(C(F)(F)F)c2cc3c(cc2[nH]1)OC[C@@H](c1ccccc1)N3CC(F)(F)F,train
CHEMBL402930,CHEMBL1871,6.725,2008,6.725,O=C1[C@@H]2C3CCC(O3)[C@@H]2C(=O)N1c1ccc(Br)c2ccccc12,test
CHEMBL403039,CHEMBL1871,7.585,2008,7.585,CC12CCC(C)(O1)[C@H]1C(=O)N(c3ccc([N+](=O)[O-])c4c(Br)cccc34)C(=O)[C@H]12,test
CHEMBL403061,CHEMBL1871,7.8100000000000005,2008,7.8100000000000005,COc1cc(N2C(=O)[C@@H]3[C@H](C2=O)C2(C)CCC3(C)O2)ccc1-c1cnco1,train
CHEMBL403213,CHEMBL1871,7.91,2008,7.91,CC12CCC(C)(O1)[C@H]1C(=O)N(c3cnc(C#N)c(Cl)c3)C(=O)[C@H]12,train
CHEMBL403214,CHEMBL1871,7.865,2008,7.865,CC12CCC(C)(O1)[C@H]1C(=O)N(c3ccc([N+](=O)[O-])c(C(F)(F)F)c3)C(=O)[C@H]12,train
CHEMBL403219,CHEMBL1871,7.05,2008,7.05,COc1cccc2c(=O)oc3c(ccc4[nH]c(=O)cc(C(F)(F)F)c43)c12,train
CHEMBL403668,CHEMBL1871,8.575,2008,8.575,CC12CCC(C)(O1)[C@H]1C(=O)N(c3ccc(C#N)c(I)c3)C(=O)[C@H]12,train
CHEMBL403669,CHEMBL1871,7.96,2008,7.96,CC12CCC(C)(O1)[C@H]1C(=O)N(c3ccc(C#N)c(C(F)(F)F)c3)C(=O)[C@H]12,train
CHEMBL403670,CHEMBL1871,6.0,2010,6.0,CCC(CC)(c1ccc(OC[C@H](O)CO)c(C)c1)c1ccc(OC[C@H](O)C(C)(C)C)c(C)c1,train
CHEMBL403885,CHEMBL1871,5.96,2010,5.96,CCC(CC)(c1ccc(OC[C@@H](O)CO)c(C)c1)c1ccc(OC[C@@H](O)C(C)(C)C)c(C)c1,train
CHEMBL404222,CHEMBL1871,6.645,2008,6.645,O=c1cc(C(F)(F)F)c2cc3c(cc2[nH]1)OC[C@H](c1ccccc1)N3CC(F)(F)F,train
CHEMBL404315,CHEMBL1871,6.755000000000001,2008,6.755000000000001,CC(C)(C)OC(=O)N1CC2CC1[C@@H]1C(=O)N(c3ccc(C#N)c(C(F)(F)F)c3)C(=O)N21,train
CHEMBL404483,CHEMBL1871,8.62,2008,8.62,CSCC[C@@H]1COc2cc3[nH]c(=O)cc(C(F)(F)F)c3cc2N1CC(F)(F)F,train
CHEMBL404506,CHEMBL1871,6.425,2008,6.425,CC12CCC(O1)[C@H]1C(=O)N(c3cccc(C(F)(F)F)c3)C(=O)[C@H]12,train
CHEMBL404512,CHEMBL1871,7.52,2008,7.52,O=c1cc(C(F)(F)F)c2cc3c(cc2[nH]1)OC[C@@H](CO)N3CC(F)(F)F,train
CHEMBL404568,CHEMBL1871,7.365,2008,7.365,COC[C@H]1COc2cc3[nH]c(=O)cc(C(F)(F)F)c3cc2N1CC(F)(F)F,train
CHEMBL405835,CHEMBL1871,7.414999999999999,2006,7.414999999999999,CCCNc1ccc2nc(O)cc(C(F)(F)F)c2c1,train
CHEMBL4059588,CHEMBL1871,8.04,2017,8.04,CC[C@H]1[C@@H](O)CC(=O)N1c1ccc(C#N)c(OC)c1,train
CHEMBL4059979,CHEMBL1871,5.09,2017,5.09,COc1ccc(-c2csc(N3C(=O)c4ccc(F)cc4C3=O)n2)cc1,test
CHEMBL406027,CHEMBL1871,7.77,2004,7.77,C#C[C@]1(O)CC[C@H]2[C@@H]3CCC4=CC(=O)CCC4=C3[C@@H](c3ccc(N(C)CCCS(=O)(=O)N(C)C4CC[C@@]5(C)[C@@H](C4)C[C@@H](O)[C@@H]4[C@@H]5C[C@H](O)[C@]5(C)[C@@H]([C@H](C)CCC(=O)O)CC[C@@H]45)cc3)C[C@@]21C,train
CHEMBL4060271,CHEMBL1871,9.31,2017,9.31,Cc1c(N2CC[C@](C)(O)[C@@H]2C)ccc(C#N)c1Cl,train
CHEMBL4060340,CHEMBL1871,6.9,2017,6.9,CCn1c(C#N)ccc1-c1ccc(O)cc1F,train
CHEMBL4060981,CHEMBL1871,4.59,2017,4.59,Cc1ccc(-c2csc(N3C(=O)c4ccc(F)cc4C3=O)n2)cc1,test
CHEMBL4061510,CHEMBL1871,8.09,2017,8.09,Cn1c(C#N)ccc1-c1ccc(O)c2c1CCC2,train
CHEMBL4062016,CHEMBL1871,7.32,2017,7.32,Cn1c(C#N)ccc1-c1ccc(O)c(Cl)c1,train
CHEMBL4062345,CHEMBL1871,5.0,2018,5.0,O=C1COc2ccc(N3CCOC[C@H]3c3ccccc3)cc2N1,val
CHEMBL4063939,CHEMBL1871,8.96,2017,8.96,C[C@H]1[C@@H](O)C(F)(F)C(=O)N1c1ccc(C#N)c(Cl)c1,train
CHEMBL4064352,CHEMBL1871,6.0,2017,6.0,Cc1ncc2c(N[C@H]3c4ccc(F)c(O)c4C(C)(C)C[C@]3(O)C(F)(F)F)cc(F)cc2n1,train
CHEMBL4064645,CHEMBL1871,4.64,2017,4.64,C[C@]12CCC(=O)N[C@@H]1CC[C@@H]1[C@@H]2CC[C@]2(C)[C@@H](C(=O)Nc3ccccc3)CC[C@@H]12,train
CHEMBL4065842,CHEMBL1871,8.54,2017,8.54,Cc1cc(-c2ccc(C#N)n2C)ccc1O,train
CHEMBL4066319,CHEMBL1871,8.17,2017,8.17,Cn1c(C#N)ccc1-c1ccc(O)cc1C#N,train
CHEMBL4067691,CHEMBL1871,8.47,2017,8.47,CC[C@H]1[C@H](O)CC(=O)N1c1ccc(C#N)c(Cl)c1,train
CHEMBL4068008,CHEMBL1871,5.55,2017,5.55,CCOc1nccc2c1[C@H](c1ccc(C#N)cc1OC)C(C#N)=C(C)N2,train
CHEMBL4068562,CHEMBL1871,7.23,2017,7.23,Cn1c(C#N)ccc1-c1ccc(O)c(F)c1,train
CHEMBL4068946,CHEMBL1871,9.385,2017,9.385,C[C@@H]1N(c2ccc(C#N)c(Cl)c2)CC[C@]1(C)O,train
CHEMBL4069026,CHEMBL1871,7.43,2017,7.43,Cn1c(C#N)ccc1-c1ccc(O)c(F)c1F,train
CHEMBL4069357,CHEMBL1871,6.0,2017,6.0,CC[C@@H]1C[C@](O)(C(F)(F)F)[C@@H](Nc2cccc3nc(C)ccc23)c2ccc(F)c(O)c21,train
CHEMBL4069656,CHEMBL1871,4.67,2017,4.67,O=C1c2ccc(F)cc2C(=O)N1c1nc(-c2ccc(F)cc2)cs1,test
CHEMBL4070425,CHEMBL1871,4.54,2017,4.54,Cc1ccc(-c2csc(N3C(=O)c4ccccc4C3=O)n2)cc1,test
CHEMBL4071751,CHEMBL1871,8.11,2017,8.11,C[C@H]1[C@@H](O)CC(=O)N1c1ccc(C#N)c(Cl)c1,train
CHEMBL4072079,CHEMBL1871,6.0,2017,6.0,C=C(C)C[C@@](O)([C@@H](Nc1cccc2c(=O)[nH]ccc12)c1cc(Br)ccc1O)C(F)(F)F,train
CHEMBL4072533,CHEMBL1871,8.41,2017,8.41,CC[C@H]1[C@@H](O)CC(=O)N1c1ccc(C#N)c(Cl)c1,train
CHEMBL4072730,CHEMBL1871,8.31,2017,8.31,Cc1c(O)ccc(-c2ccc(C#N)n2C)c1C,train
CHEMBL4073161,CHEMBL1871,4.43,2017,4.43,O=C1c2ccccc2C(=O)N1c1nc(-c2ccccc2)cs1,test
CHEMBL4073399,CHEMBL1871,7.83,2017,7.83,Cn1c(C#N)ccc1-c1ccc(O)cc1C(F)(F)F,train
CHEMBL4073869,CHEMBL1871,6.78,2017,6.78,Cn1c(C#N)cc(Br)c1-c1ccc(O)cc1,train
CHEMBL4074501,CHEMBL1871,8.89,2017,8.89,C[C@@H]1C(=O)N(c2ccc(C#N)c(Cl)c2)[C@@H](C)[C@H]1O,train
CHEMBL4074555,CHEMBL1871,7.54,2017,7.54,Cn1c(C#N)ccc1-c1c(Cl)cc(O)cc1Cl,train
CHEMBL4074927,CHEMBL1871,5.83,2017,5.83,Cn1c(C#N)ccc1-c1ccc(O)cc1S(C)(=O)=O,train
CHEMBL407672,CHEMBL1871,8.05,2004,8.05,C#C[C@]1(O)CC[C@H]2[C@@H]3CCC4=CC(=O)CCC4=C3[C@@H](c3ccc(N(C)CCOC4CC[C@@]5(C)[C@@H](C4)C[C@@H](O)[C@@H]4[C@@H]5C[C@H](O)[C@]5(C)[C@@H]([C@H](C)CCC(=O)NCCS(=O)(=O)O)CC[C@@H]45)cc3)C[C@@]21C,train
CHEMBL4077666,CHEMBL1871,7.85,2017,7.85,C[C@H]1[C@@H](O)C(C)(C)C(=O)N1c1ccc(C#N)c(Cl)c1,train
CHEMBL407848,CHEMBL1871,6.71,2008,6.71,Cn1c(C#N)ccc1-c1cc(F)c2c(c1)C(C)(C)C(=O)N2,test
CHEMBL4079171,CHEMBL1871,4.88,2017,4.88,O=C1c2ccccc2C(=O)N1c1nc(-c2ccc([N+](=O)[O-])cc2)cs1,test
CHEMBL4079377,CHEMBL1871,8.43,2017,8.43,Cc1cc(O)ccc1-c1ccc(C#N)n1C,train
CHEMBL4080698,CHEMBL1871,5.22,2017,5.22,N#CCn1c(C#N)ccc1-c1ccc(O)cc1F,train
CHEMBL4082265,CHEMBL1871,5.18,2017,5.18,C[C@@H]1[C@H](O)C(C)(C)C(=O)N1c1ccc(C#N)c(Cl)c1,train
CHEMBL4082860,CHEMBL1871,4.55,2017,4.55,O=C1c2ccc(F)cc2C(=O)N1c1nc(-c2ccc(Cl)cc2)cs1,test
CHEMBL4082878,CHEMBL1871,6.0,2017,6.0,CC(C)(CC(O)(CNc1cccc2c(=O)[nH]ccc12)C(F)(F)F)c1cccc(F)c1O,train
CHEMBL4083012,CHEMBL1871,7.85,2017,7.85,N#CC[C@H]1[C@@H](O)CC(=O)N1c1ccc(C#N)c(Cl)c1,train
CHEMBL408376,CHEMBL1871,8.13,2004,8.13,C#C[C@]1(O)CC[C@H]2[C@@H]3CCC4=CC(=O)CCC4=C3[C@@H](c3ccc(N(C)CCCC(=O)N(C)C4CC[C@@]5(C)[C@@H](C4)C[C@@H](O)[C@@H]4[C@@H]5C[C@H](O)[C@]5(C)[C@@H]([C@H](C)CCC(=O)O)CC[C@@H]45)cc3)C[C@@]21C,train
CHEMBL4085241,CHEMBL1871,6.5,2017,6.5,CC1(C)C[C@](O)(C(F)(F)F)[C@@H](Nc2cccc3c(=O)[nH]ccc23)c2ccc(F)c(O)c21,train
CHEMBL4085514,CHEMBL1871,7.82,2017,7.82,C[C@@H]1N(c2ccc(C#N)c(Cl)c2)C(=O)C[C@]1(C)O,train
CHEMBL4087256,CHEMBL1871,8.2,2017,8.2,Cn1c(C#N)ccc1-c1ccc(O)cc1,train
CHEMBL4087674,CHEMBL1871,6.48,2017,6.48,COC(=O)c1cc(O)ccc1-c1ccc(C#N)n1C,train
CHEMBL4087723,CHEMBL1871,6.445,2021,6.445,O=c1cc(C(F)(F)F)c2ccc(OCc3ccc(Br)cc3)cc2o1,test
CHEMBL4087902,CHEMBL1871,8.05,2017,8.05,CC[C@H]1[C@@H](O)CC(=O)N1c1ccc(C#N)c(Cl)c1C,train
CHEMBL4088158,CHEMBL1871,8.85,2017,8.85,Cn1c(C#N)ccc1-c1ccc(O)cc1Cl,train
CHEMBL4088224,CHEMBL1871,5.22,2017,5.22,N#Cc1ccc(-c2csc(N3C(=O)c4ccc(F)cc4C3=O)n2)cc1,test
CHEMBL4088572,CHEMBL1871,7.96,2017,7.96,Cn1c(-c2ccc(O)cc2)cc(C(F)(F)F)c1C#N,train
CHEMBL4088914,CHEMBL1871,8.44,2017,8.44,CC[C@H]1[C@@H](O)CC(=O)N1c1ccc(C#N)c(C(F)(F)F)c1,train
CHEMBL409,CHEMBL1871,6.76,1998,6.76,CC(O)(CS(=O)(=O)c1ccc(F)cc1)C(=O)Nc1ccc(C#N)c(C(F)(F)F)c1,train
CHEMBL4090028,CHEMBL1871,9.14,2017,9.14,Cc1c(N2CC[C@H](O)[C@@H]2C)ccc(C#N)c1Cl,train
CHEMBL4090392,CHEMBL1871,6.0,2017,6.0,CC[C@@H]1C[C@](O)(C(F)(F)F)[C@@H](Nc2cc(F)cc3nc(C)ncc23)c2ccc(F)c(O)c21,train
CHEMBL4090670,CHEMBL1871,4.65,2017,4.65,O=C1c2ccc(F)cc2C(=O)N1c1nc(-c2ccccc2)cs1,test
CHEMBL4090771,CHEMBL1871,4.73,2018,4.73,N#Cc1ccc(N2C(=O)C3Cc4ccccc4N3C2=S)cc1C(F)(F)F,train
CHEMBL4091358,CHEMBL1871,4.86,2017,4.86,COc1ccc(-c2csc(N3C(=O)c4ccccc4C3=O)n2)cc1,test
CHEMBL4091403,CHEMBL1871,7.07,2017,7.07,Cn1c(C#N)ccc1-c1cc(F)c(O)cc1F,train
CHEMBL4092066,CHEMBL1871,6.1,2017,6.1,CC1(C)C[C@](O)(C(F)(F)F)[C@@H](Nc2cccc3[nH]c(=O)ccc23)c2ccc(F)c(O)c21,test
CHEMBL4092535,CHEMBL1871,9.0,2017,9.0,Cc1c(N2CC[C@](C)(O)[C@@H]2C)ccc(C#N)c1F,train
CHEMBL4093265,CHEMBL1871,8.26,2017,8.26,CC(C)C[C@H]1[C@@H](O)CC(=O)N1c1ccc(C#N)c(Cl)c1,train
CHEMBL4095364,CHEMBL1871,8.8,2017,8.8,Cn1c(C#N)ccc1-c1c(F)cc(O)cc1F,train
CHEMBL4095883,CHEMBL1871,8.49,2017,8.49,Cn1c(C#N)ccc1-c1ccc(O)cc1F,train
CHEMBL4096901,CHEMBL1871,5.62,2017,5.62,CCOc1ncc(C)c2c1[C@H](c1ccc(C#N)cc1OC)C(C#N)=C(C)N2,train
CHEMBL4098118,CHEMBL1871,6.0,2017,6.0,Cc1ccc2c(N[C@H]3c4ccc(F)c(O)c4[C@H](C)C[C@]3(O)C(F)(F)F)cccc2n1,train
CHEMBL4098395,CHEMBL1871,5.11,2017,5.11,O=C1c2ccc(F)cc2C(=O)N1c1nc(-c2ccc([N+](=O)[O-])cc2)cs1,test
CHEMBL4098744,CHEMBL1871,5.0,2017,5.0,N#Cc1ccc(-c2ccc(O)cc2F)n1CC(=O)O,train
CHEMBL4100251,CHEMBL1871,7.19,2017,7.19,Cn1c(C#N)ccc1-c1ccc(O)cc1[N+](=O)[O-],train
CHEMBL4100278,CHEMBL1871,7.96,2017,7.96,Cc1c(N2C(=O)C[C@H](O)[C@@H]2C)ccc(C#N)c1Cl,train
CHEMBL4100995,CHEMBL1871,8.74,2017,8.74,CC[C@H]1[C@@H](O)[C@H](C)C(=O)N1c1ccc(C#N)c(Cl)c1,train
CHEMBL4101232,CHEMBL1871,8.49,2017,8.49,CC[C@@H]1C(=O)N(c2ccc(C#N)c(Cl)c2)[C@@H](C)[C@H]1O,train
CHEMBL4101935,CHEMBL1871,8.22,2017,8.22,C[C@H]1[C@@H](O)[C@H](Cc2ccccc2)C(=O)N1c1ccc(C#N)c(Cl)c1,test
CHEMBL4103425,CHEMBL1871,4.96,2017,4.96,N#Cc1ccc(-c2csc(N3C(=O)c4ccccc4C3=O)n2)cc1,test
CHEMBL4103641,CHEMBL1871,8.15,2017,8.15,CCc1cc(-c2ccc(C#N)n2C)ccc1O,train
CHEMBL4104046,CHEMBL1871,7.17,2017,7.17,Cn1c(C#N)ccc1-c1c(F)cc(O)cc1C#N,train
CHEMBL4105484,CHEMBL1871,7.81,2017,7.81,[2H]C([2H])([2H])NC(=O)c1ccc(N2C(=S)N(c3cnc(C#N)c(C(F)(F)F)c3)C(=O)C23CCC3)cc1F,test
CHEMBL410683,CHEMBL1871,6.34,2005,6.34,C/C=C1\C(=O)C[C@H]2[C@@H]3CCC4=CC(=O)CC[C@]4(C)[C@H]3CC[C@]12C,train
CHEMBL411185,CHEMBL1871,7.68,2004,7.68,C#C[C@]1(O)CC[C@H]2[C@@H]3CCC4=CC(=O)CCC4=C3[C@@H](c3ccc(N(C)C(=O)CNC(=O)OC4CC[C@@]5(C)[C@@H](C4)C[C@@H](O)[C@@H]4[C@@H]5C[C@H](O)[C@]5(C)[C@@H]([C@H](C)CCC(=O)O)CC[C@@H]45)cc3)C[C@@]21C,train
CHEMBL4114736,CHEMBL1871,6.8,2015,6.8,[C-]#[N+]c1ccc(N2C(=S)N(c3ccc(C)cc3)C(C)(C)/C2=N/C(=S)NCC)cc1C(F)(F)F,train
CHEMBL4114783,CHEMBL1871,6.84,2015,6.84,[C-]#[N+]c1ccc(N2C(=S)N(c3ccc(C)cc3)C3(CCC3)/C2=N/C(=S)Nc2ccc(C#N)c(C(F)(F)F)c2)cc1C(F)(F)F,train
CHEMBL4114801,CHEMBL1871,6.65,2015,6.65,[C-]#[N+]c1ccc(N2C(=S)N(c3ccc(C)cc3)C3(CCC3)/C2=N/C)cc1C(F)(F)F,test
CHEMBL4115695,CHEMBL1871,6.75,2015,6.75,[C-]#[N+]c1ccc(N2C(=S)N(c3ccc(C)cc3)C3(CCC3)/C2=N/C(=S)Nc2ccccc2)cc1C(F)(F)F,train
CHEMBL413309,CHEMBL1871,5.945,2003,5.945,CC1=CC(C)(C)Nc2ccc3c(c21)/C(=C/c1ccccc1)Oc1c(F)cccc1-3,train
CHEMBL414041,CHEMBL1871,7.75,2004,7.75,C#C[C@]1(O)CC[C@H]2[C@@H]3CCC4=CC(=O)CCC4=C3[C@@H](c3ccc(N(C)CCNC(=O)O[C@@H]4C[C@@H]5CC(O)CC[C@]5(C)[C@H]5C[C@H](O)[C@]6(C)[C@@H]([C@H](C)CCC(=O)O)CC[C@H]6[C@H]45)cc3)C[C@@]21C,train
CHEMBL414318,CHEMBL1871,7.47,2004,7.47,C#C[C@]1(O)CC[C@H]2[C@@H]3CCC4=CC(=O)CCC4=C3[C@@H](c3ccc(N(C)CCOC4CC[C@@]5(C)[C@@H](C4)C[C@@H](O)[C@@H]4[C@@H]5C[C@H](O)[C@]5(C)[C@@H]([C@H](C)CCC(=O)NCC(=O)O)CC[C@@H]45)cc3)C[C@@]21C,train
CHEMBL414845,CHEMBL1871,6.19,2004,6.19,CC(C)(C)OC(=O)N1C[C@@H]2C[C@H]1[C@H]1C(=O)N(c3ccc(C#N)c(C(F)(F)F)c3)C(=O)N21,train
CHEMBL415289,CHEMBL1871,8.5,1999,8.5,CC1CCNc2cc3oc(=O)cc(C(F)(F)F)c3cc21,train
CHEMBL415524,CHEMBL1871,5.8,2003,5.8,CCc1ccccc1/C=C1\Oc2ccc(F)cc2-c2ccc3c(c21)C(C)=CC(C)(C)N3,train
CHEMBL415621,CHEMBL1871,8.34,2004,8.34,C#C[C@]1(O)CC[C@H]2[C@@H]3CCC4=CC(=O)CCC4=C3[C@@H](c3ccc(N(C)CCCOC4CC[C@@]5(C)[C@@H](C4)C[C@@H](O)[C@@H]4[C@@H]5C[C@H](O)[C@]5(C)[C@@H]([C@H](C)CCC(=O)O)CC[C@@H]45)cc3)C[C@@]21C,val
CHEMBL4159987,CHEMBL1871,6.78,2019,6.78,CN(C)c1ccc([C@H]2C[C@@]3(C)[C@@H](CC[C@@]3(O)C#CC(C)(C)C)[C@@H]3CCC4=CC(=O)CC[C@@H]4[C@H]32)cc1,train
CHEMBL4161754,CHEMBL1871,6.32,2018,6.32,CC(C)N(C)c1ccc([C@H]2C[C@@]3(C)[C@@H](CC[C@@]3(O)C#CC(C)(C)C)[C@@H]3CCC4=CC(=O)CC[C@@H]4[C@H]32)cc1,train
CHEMBL4161910,CHEMBL1871,5.13,2018,5.13,CCOC(=O)Nc1cc2c(cc1F)CC1C(=O)N(c3ccc(C#N)c(C(F)(F)F)c3)C(=S)N1C2,train
CHEMBL4163069,CHEMBL1871,6.89,2019,6.89,CN(C)c1ccc([C@H]2C[C@@]3(C)[C@@H](CC[C@@]3(O)C#CC(C)(C)C)[C@@H]3CCC4=CC(=O)CCC4=C32)cc1,train
CHEMBL41632,CHEMBL1871,4.46,2011,4.46,O=C(O)Cc1cc(I)c(Oc2ccc(O)c(I)c2)c(I)c1,train
CHEMBL4173799,CHEMBL1871,6.52,2018,6.52,Cc1cc(C(O)(C(F)(F)F)C(F)(F)F)cc2c3ccc(F)cc3c(=O)n(C)c12,train
CHEMBL4174074,CHEMBL1871,4.08,2018,4.08,CC(C)c1ccc2c(c1)C(=O)C[C@H]1[C@@](C)(CNC(=O)c3ccccc3)CCC[C@]21C,train
CHEMBL4174199,CHEMBL1871,4.698970004336019,2018,4.698970004336019,Cc1cc(C(O)(C(F)(F)F)C(F)(F)F)cc2c1[nH]c(=O)c1ccccc12,train
CHEMBL4175249,CHEMBL1871,5.75,2018,5.75,Cc1cc(C(O)(C(F)(F)F)C(F)(F)F)cc2c1[nH]c(=O)c1cc(F)ccc12,train
CHEMBL417729,CHEMBL1871,6.275,1996,6.275,C=C1CCCC(C)(C)[C@H]1Cc1cc(OC)c(Br)cc1O,train
CHEMBL418198,CHEMBL1871,6.835,1999,6.835,CCC1c2cc3c(C(F)(F)F)cc(O)nc3cc2NC[C@@H]1C,train
CHEMBL418684,CHEMBL1871,6.19,2003,6.19,CC1=CC(C)(C)Nc2ccc3c(c21)COc1c(F)cc(F)cc1-3,val
CHEMBL418971,CHEMBL1871,5.23,2013,5.23,CC(C)(c1ccc(O)cc1)c1ccc(O)cc1,train
CHEMBL419158,CHEMBL1871,5.301029995663981,2001,5.301029995663981,COc1cccc2c1-c1ccc3c(c1C(c1cc(Cl)cc(Cl)c1)O2)C(C)=CC(C)(C)N3,train
CHEMBL419633,CHEMBL1871,6.77,2004,6.77,Cc1c(NS(C)(=O)=O)cccc1N(Cc1ccccc1)Cc1ccccc1,train
CHEMBL4207852,CHEMBL1871,4.0,2018,4.0,CC(C)[C@H](NC(=O)C(C)(F)F)[C@H](Oc1ccc2c(cnn2-c2ccc(=O)n(C)c2)c1)c1ccccc1,test
CHEMBL422196,CHEMBL1871,8.05,1998,8.05,Cn1c(=O)cc(C(F)(F)F)c2cc3c(cc21)N[C@@H]1CCCC[C@]31C,train
CHEMBL422444,CHEMBL1871,6.0,2003,6.0,CSc1ccccc1/C=C1\Oc2ccc(F)cc2-c2ccc3c(c21)C(C)=CC(C)(C)N3,train
CHEMBL4225186,CHEMBL1871,7.57,2018,7.57,Cc1c(C#N)c(-c2ccc(C#N)cc2)c(C)n1Cc1ccc(C(=O)NCCOCCOCCOCCNC(=O)[C@H](CC(C)C)NC(=O)[C@@H](O)[C@H](N)Cc2ccccc2)cc1,train
CHEMBL4225339,CHEMBL1871,7.27,2018,7.27,CC(O)(CS(=O)(=O)c1ccc(C(=O)O)cc1)C(=O)Nc1ccc(C#N)c(C(F)(F)F)c1,train
CHEMBL4226259,CHEMBL1871,8.85,2018,8.85,Cc1c(C#N)c(-c2ccc(C#N)cc2)c(C)n1Cc1ccc(C(=O)O)cc1,train
CHEMBL4226314,CHEMBL1871,6.72,2018,6.72,Cc1nn(-c2ccc(C#N)c(Cl)c2)c(C)c1CCc1ccc(C(=O)NCCOCCOCCOCCNC(=O)[C@H](CC(C)C)NC(=O)[C@@H](O)[C@H](N)Cc2ccccc2)cc1,train
CHEMBL4226575,CHEMBL1871,5.82,2018,5.82,COC(=O)c1ccc(Cc2c(C)n[nH]c2C)cc1,train
CHEMBL4226844,CHEMBL1871,7.28,2018,7.28,Cc1nn(-c2ccc(C#N)c(Cl)c2)c(C)c1CCc1ccc(C(=O)O)cc1,train
CHEMBL4226899,CHEMBL1871,6.72,2018,6.72,Cc1nn(-c2ccc(C#N)c(C(F)(F)F)c2)c(C)c1Cc1ccc(C(=O)NCCOCCOCCOCCNC(=O)[C@H](CC(C)C)NC(=O)[C@@H](O)[C@H](N)Cc2ccccc2)cc1,train
CHEMBL422707,CHEMBL1871,7.24,1998,7.24,CCC1(C)CCc2cc3c(C(F)(F)F)cc(=O)n(C)c3cc2N1,test
CHEMBL4227287,CHEMBL1871,5.96,2018,5.96,CC(C)C[C@H](NC(=O)[C@@H](O)[C@H](N)Cc1ccccc1)C(=O)NCCOCCOCCOCCNC(=O)c1ccc(S(=O)(=O)CC(C)(O)C(=O)Nc2ccc(C#N)c(C(F)(F)F)c2)cc1,train
CHEMBL4227353,CHEMBL1871,5.0,2018,5.0,Cc1nn(-c2ccc(C#N)cc2Cl)c(C)c1Cc1ccc(C(=O)NCCOCCOCCOCCNC(=O)[C@H](CC(C)C)NC(=O)[C@@H](O)[C@H](N)Cc2ccccc2)cc1,train
CHEMBL4227715,CHEMBL1871,8.85,2018,8.85,Cc1nn(-c2ccc(C#N)c(C(F)(F)F)c2)c(C)c1Cc1ccc(C(=O)O)cc1,train
CHEMBL423620,CHEMBL1871,7.2,1998,7.2,CC1(C)CCC[C@]2(C)c3cc4c(C(F)(F)F)cc(O)nc4cc3N[C@H]12,test
CHEMBL425646,CHEMBL1871,8.49,2006,8.49,N#Cc1ccc(N2C(=O)[C@@H]3[C@H](O)CCN3C2=O)c2ccccc12,train
CHEMBL426623,CHEMBL1871,6.47,2004,6.47,O=C1[C@H]2[C@@H]3C[C@@H](CN3C(=O)Oc3ccc(F)cc3)N2C(=O)N1c1ccc([N+](=O)[O-])c2ccccc12,train
CHEMBL427078,CHEMBL1871,6.235,2007,6.235,CNC(=O)CCCCCCCC1C[C@H]2CC(=O)CC[C@]2(C)[C@H]2CC[C@]3(C)[C@@H](O)CC[C@H]3[C@H]12,val
CHEMBL42710,CHEMBL1871,4.72,2010,4.72,C=CCc1ccc(O)c(OC)c1,train
CHEMBL427243,CHEMBL1871,6.49,2007,6.49,C[C@]12CCC(=O)C[C@@H]1CC(CCCCCCCC(=O)N1CCCC1)[C@@H]1[C@@H]2CC[C@]2(C)[C@@H](O)CC[C@@H]12,train
CHEMBL427502,CHEMBL1871,6.800000000000001,2005,6.800000000000001,Cc1cc(N2C(=O)[C@@H]3C4C=CC([C@H](O)[C@@H]4O)[C@@H]3C2=O)ccc1Br,train
CHEMBL427568,CHEMBL1871,8.07,2004,8.07,C#C[C@]1(O)CC[C@H]2[C@@H]3CCC4=CC(=O)CCC4=C3[C@@H](c3ccc(N(C)CCOC4CC[C@@]5(C)[C@@H](C4)C[C@@H](O)[C@@H]4[C@@H]5C[C@H](O)[C@]5(C)[C@@H]([C@H](C)CCC(=O)O)CC[C@@H]45)cc3)C[C@@]21C,train
CHEMBL427678,CHEMBL1871,7.115,2007,7.115,COc1cccc(OC)c1-c1ccc(C#N)c(C(F)(F)F)c1,train
CHEMBL427721,CHEMBL1871,5.734999999999999,2008,5.734999999999999,N#Cc1ccc(N2C(=O)[C@@H]3C4CCC(O4)[C@@H]3C2=O)cc1C(F)(F)F,train
CHEMBL427731,CHEMBL1871,8.3,2008,8.3,COc1c(O)ccc2c1-c1ccc3[nH]c(=O)cc(C)c3c1CO2,test
CHEMBL4278241,CHEMBL1871,5.21,2018,5.21,COc1ccc2oc(-c3ccccc3OC)cc(=O)c2c1,train
CHEMBL4278637,CHEMBL1871,6.46,2018,6.46,O=C1c2ccccc2C(=Cc2cccc(O)c2)c2ccccc21,train
CHEMBL4278949,CHEMBL1871,5.0,2018,5.0,O=C1CC(c2ccccc2O)Oc2cc(O)cc(O)c21,train
CHEMBL427898,CHEMBL1871,8.4,2008,8.4,COc1c(O)ccc2oc(=O)c3c(ccc4[nH]c(=O)cc(C)c43)c12,test
CHEMBL4279318,CHEMBL1871,5.78,2018,5.78,O=C1CC(c2ccccc2O)Oc2ccc(Cl)cc21,train
CHEMBL427957,CHEMBL1871,6.32,1999,6.32,CC[C@H]1C[C@@H](C)Nc2cc3nc(O)cc(C(F)(F)F)c3cc21,train
CHEMBL4279841,CHEMBL1871,5.52,2018,5.52,CC(C)Oc1ccccc1/C=C/C(=O)c1cc(Br)ccc1O,train
CHEMBL428021,CHEMBL1871,6.275,2007,6.275,C[C@]12CCC(=O)C=C1C[C@@H](CCCc1ccc(OCCCC(=O)O)cc1)[C@@H]1[C@@H]2CC[C@@]2(C)[C@H]1CC[C@]2(C)O,train
CHEMBL428026,CHEMBL1871,6.61,2007,6.61,O=c1cc(C(F)(F)F)c2cc(N(CC(Cl)Cl)CC(F)(F)F)ccc2[nH]1,train
CHEMBL4281732,CHEMBL1871,5.0,2018,5.0,COc1ccccc1/C=C/C(=O)c1cc(Cl)ccc1O,train
CHEMBL4282772,CHEMBL1871,5.45,2018,5.45,O=C1CC(c2ccccc2O)Oc2c(Br)cc(Br)cc21,train
CHEMBL4283232,CHEMBL1871,5.654999999999999,2018,5.654999999999999,COc1ccccc1/C=C/C(=O)c1cc(Br)ccc1O,train
CHEMBL4284351,CHEMBL1871,5.4,2018,5.4,CCCOc1ccccc1/C=C/C(=O)c1cc(Br)ccc1O,train
CHEMBL4285137,CHEMBL1871,5.3,2018,5.3,COc1ccccc1/C=C/C(=O)c1cc(F)ccc1O,train
CHEMBL4285568,CHEMBL1871,5.22,2018,5.22,COc1cc(/C=C/C(=O)c2cc(Cl)ccc2O)ccc1O,train
CHEMBL4286655,CHEMBL1871,5.76,2018,5.76,COc1ccccc1/C=C/C(=O)c1cc(I)ccc1O,train
CHEMBL4287759,CHEMBL1871,5.28,2018,5.28,CCOc1ccccc1/C=C/C(=O)c1cc(Br)ccc1O,train
CHEMBL4288948,CHEMBL1871,5.0,2018,5.0,COCOc1ccccc1/C=C/C(=O)c1cc(F)ccc1O,train
CHEMBL428922,CHEMBL1871,6.46,2007,6.46,CC/C=C(\C)c1ccsc1/C=C1\Oc2ccc(O)c(OC)c2-c2ccc3c(c21)C(C)=CC(C)(C)N3,train
CHEMBL4289590,CHEMBL1871,5.5,2018,5.5,COc1ccc(O)c(C(=O)/C=C/c2ccccc2OC)c1,train
CHEMBL4290001,CHEMBL1871,5.75,2018,5.75,O=C1CC(c2ccccc2O)Oc2ccc(Br)cc21,train
CHEMBL4290022,CHEMBL1871,5.36,2018,5.36,O=C(/C=C/c1ccc2c(c1)OCO2)c1cc(Cl)ccc1O,test
CHEMBL4292968,CHEMBL1871,5.85,2018,5.85,O=C(/C=C/c1ccccc1O)c1cc(F)ccc1O,train
CHEMBL429311,CHEMBL1871,8.59,2008,8.59,O=c1cc(C(F)(F)F)c2cc3c(cc2[nH]1)OC[C@H](CF)N3CC(F)(F)F,train
CHEMBL4293380,CHEMBL1871,5.37,2018,5.37,O=C1CC(c2ccccc2O)Oc2ccc(I)cc21,train
CHEMBL4293816,CHEMBL1871,5.06,2018,5.06,O=C(/C=C/c1ccccc1O)c1cc(Br)ccc1O,train
CHEMBL4294564,CHEMBL1871,5.79,2018,5.79,O=C(/C=C/c1ccccc1O)c1cc(I)ccc1O,train
CHEMBL4294994,CHEMBL1871,5.54,2018,5.54,O=C(/C=C/c1ccccc1O)c1cc(Br)cc(Br)c1O,train
CHEMBL4295223,CHEMBL1871,5.0,2018,5.0,O=C1CC(c2ccccc2O)Oc2cc(O)ccc21,train
CHEMBL4296682,CHEMBL1871,5.301029995663981,2011,5.301029995663981,CCN(C)C(=O)c1ccc(-c2ccc3c(n2)Oc2ccccc2[C@@H]3C(C)(C)C(=O)Nc2nncs2)cc1F,train
CHEMBL4297185,CHEMBL1871,7.58,2017,7.58,CC(O)c1cc(C(=O)N[C@@H](C)Cn2ccc(-c3ccc(C#N)c(Cl)c3)n2)n[nH]1,train
CHEMBL4297675,CHEMBL1871,5.02,2022,5.02,CC(=O)OC[C@H](COc1ccc(C(C)(C)c2ccc(OC[C@@H](CCl)OC(C)=O)cc2)cc1)OC(C)=O,train
CHEMBL429842,CHEMBL1871,7.3,2008,7.3,Cc1cc(-c2cc(F)c(F)c3cc[nH]c23)c(Cl)c2c1NC(C)(C)CC2C,train
CHEMBL430855,CHEMBL1871,6.035,1998,6.035,CC1=CC(C)(C)Nc2ccc3c(c21)C(c1cccc(Br)c1)Oc1ccccc1-3,train
CHEMBL431493,CHEMBL1871,6.85,1999,6.85,Oc1cc(C(F)(F)F)c2cc3c(cc2n1)NC[C@@H]1CCCC[C@H]31,val
CHEMBL435651,CHEMBL1871,7.744999999999999,1998,7.744999999999999,CN1c2cc3c(cc2CCC1(C)C)c(C(F)(F)F)cc(=O)n3C,test
CHEMBL436344,CHEMBL1871,6.4,1999,6.4,CC1c2cc3c(C(F)(F)F)cc(O)nc3cc2NC[C@@H]1C,train
CHEMBL436644,CHEMBL1871,7.220000000000001,2008,7.220000000000001,O=c1cc(C(F)(F)F)c2cc3c(cc2[nH]1)OC[C@H](CO)N3CC(F)(F)F,train
CHEMBL436784,CHEMBL1871,8.58,2006,8.58,O=c1cc(C(F)(F)F)c2cc(N(CC(F)(F)F)CC(F)(F)F)ccc2[nH]1,train
CHEMBL436859,CHEMBL1871,7.47,2004,7.47,C#C[C@]1(O)CC[C@H]2[C@@H]3CCC4=CC(=O)CCC4=C3[C@@H](c3ccc(N(C)C(=O)CC[C@H](NC(=O)CC[C@@H](C)[C@H]4CC[C@H]5[C@@H]6[C@H](O)C[C@@H]7C[C@H](O)CC[C@]7(C)[C@H]6C[C@H](O)[C@]45C)C(=O)O)cc3)C[C@@]21C,train
CHEMBL437065,CHEMBL1871,5.75,2006,5.75,C#C[C@]12CC[C@H](O)CC1=CCC1C2CC[C@@]2(C)C1CC[C@@H]2O,test
CHEMBL437214,CHEMBL1871,5.975,2008,5.975,Cc1ccc(N2C(=O)[C@@H]3C4CCC(O4)[C@@H]3C2=O)cc1Cl,train
CHEMBL438863,CHEMBL1871,6.0,2007,6.0,C[C@]12CC[C@H]3[C@@H](CC4C5=CC(=O)CC[C@@]53C[C@H]4O)[C@@H]1CC[C@@H]2O,train
CHEMBL439685,CHEMBL1871,6.92,2006,6.92,C[C@@H]1CN(c2ccc(C#N)c(C(F)(F)F)c2)[C@@H](C)CN1C(=O)Nc1cccnc1,train
CHEMBL439873,CHEMBL1871,7.62,2007,7.62,COc1cc(N2C(=O)[C@@H]3[C@H](O)CCN3C2=O)ccc1C#N,val
CHEMBL44,CHEMBL1871,2.886056647693163,2009,2.886056647693163,O=c1c(-c2ccc(O)cc2)coc2cc(O)cc(O)c12,train
CHEMBL440251,CHEMBL1871,7.28,2004,7.28,C#C[C@]1(O)CC[C@H]2[C@@H]3CCC4=CC(=O)CCC4=C3[C@@H](c3ccc(N(C)CCC[C@H]4[C@H](O)CC[C@@]5(C)[C@@H]4C[C@@H](O)[C@@H]4[C@@H]5C[C@H](O)[C@]5(C)[C@@H]([C@H](C)CCC(=O)O)CC[C@@H]45)cc3)C[C@@]21C,train
CHEMBL440283,CHEMBL1871,6.654999999999999,2006,6.654999999999999,C[C@]12CC[C@H]3[C@@H](CC=C4C[C@@H](O)CC[C@@]43C)[C@@H]1CC[C@@H]2O,test
CHEMBL440454,CHEMBL1871,5.59,2003,5.59,C=CCC1Oc2cccc(NC)c2-c2ccc3c(c21)C(C)=CC(C)(C)N3,val
CHEMBL440958,CHEMBL1871,5.0,2007,5.0,C=CCN1c2ccc3[nH]c(=O)cc(C(F)(F)F)c3c2OC[C@H]1CC,val
CHEMBL440980,CHEMBL1871,6.885,2007,6.885,O=c1cc(C(F)(F)F)c2cc(N(CC(F)F)CC(F)(F)F)ccc2[nH]1,train
CHEMBL442240,CHEMBL1871,6.095000000000001,2006,6.095000000000001,CCCN(CCC)c1ccc2[nH]c(=O)cc(C(F)(F)F)c2c1,train
CHEMBL443579,CHEMBL1871,6.435,2007,6.435,COc1cccc(-c2ccc(C#N)c(C(F)(F)F)c2)c1,train
CHEMBL4436578,CHEMBL1871,4.6020599913279625,2020,4.6020599913279625,Cc1noc(C)c1CSCC(=O)N1CCN(c2ccccc2)CC1,test
CHEMBL4436888,CHEMBL1871,4.9,2020,4.9,Cc1ccccc1N1CCN(C(=O)/C=C\c2ccccc2)CC1,test
CHEMBL4436931,CHEMBL1871,5.14,2020,5.14,Cc1ccccc1N1CCN(S(=O)(=O)CSCc2c(C)noc2C)CC1,train
CHEMBL4436972,CHEMBL1871,6.984999999999999,2019,6.984999999999999,C[C@](O)(CN1CCc2ccc(F)cc21)C(=O)Nc1ccc(C#N)c(C(F)(F)F)c1,train
CHEMBL4438211,CHEMBL1871,7.0,2019,7.0,C[C@](O)(CN1CCc2c(F)cccc21)C(=O)Nc1ccc(C#N)c(C(F)(F)F)c1,train
CHEMBL4438632,CHEMBL1871,4.6020599913279625,2020,4.6020599913279625,Cc1ccccc1N1CCN(C(=O)CN(C)Cc2ccccc2)CC1,test
CHEMBL4439264,CHEMBL1871,4.6020599913279625,2020,4.6020599913279625,Cc1ccccc1N1CCN(C(=O)C[S+]([O-])Cc2c(C)noc2C)CC1,val
CHEMBL4439316,CHEMBL1871,5.0,2019,5.0,CC(O)(CCc1ccc(N=C=S)cc1)C(=O)Nc1ccc([N+](=O)[O-])c(C(F)(F)F)c1,train
CHEMBL4439327,CHEMBL1871,4.89,2020,4.89,Oc1ccc2c(O)ncc(-c3cc(F)c(F)c(F)c3)c2c1,train
CHEMBL443970,CHEMBL1871,6.7,2009,6.7,CCCSc1ccc(C#N)c(OC)c1,train
CHEMBL4439702,CHEMBL1871,6.04,2019,6.04,C[C@](O)(Cn1ccc2c(-c3ccccc3)cccc21)C(=O)Nc1ccc(C#N)c(C(F)(F)F)c1,test
CHEMBL4440255,CHEMBL1871,4.79,2020,4.79,Cc1ccccc1N1CCN(C(=O)CS(=O)(=O)Cc2c(C)noc2C)CC1,train
CHEMBL4440641,CHEMBL1871,5.51,2020,5.51,Cc1ccccc1N1C[C@@H](C)N(C(=O)CSCc2c(C)noc2C)[C@@H](C)C1,test
CHEMBL4441215,CHEMBL1871,6.19,2019,6.19,Cc1ccc(-c2c(C)noc2C)cc1Nc1ccc(C#N)c(Cl)c1,train
CHEMBL4442857,CHEMBL1871,6.529999999999999,2019,6.529999999999999,Cc1cn(C[C@](C)(O)C(=O)Nc2ccc(C#N)c(C(F)(F)F)c2)c2ccc(F)cc12,train
CHEMBL4443566,CHEMBL1871,6.425,2019,6.425,C[C@](O)(CN1CCc2ccccc21)C(=O)Nc1ccc(C#N)c(C(F)(F)F)c1,train
CHEMBL4444904,CHEMBL1871,6.82,2019,6.82,C[C@](O)(Cn1ccc2cc(F)ccc21)C(=O)Nc1ccc(C#N)c(C(F)(F)F)c1,train
CHEMBL4446471,CHEMBL1871,6.4350000000000005,2019,6.4350000000000005,C[C@](O)(Cn1ccc2ccccc21)C(=O)Nc1ccc(C#N)c(C(F)(F)F)c1,train
CHEMBL4447539,CHEMBL1871,7.855,2018,7.855,CC1(C)CCc2cc3c(cc2N1)NC(C#N)C=C3C(F)(F)F,train
CHEMBL4447959,CHEMBL1871,6.785,2019,6.785,C[C@](O)(Cn1ccc2cc(F)c(-c3ccccc3)cc21)C(=O)Nc1ccc(C#N)c(Cl)c1,train
CHEMBL4448048,CHEMBL1871,6.45,2019,6.45,CC#C[C@]1(O)CC[C@H]2[C@@H]3CCC4=CC(=O)CC[C@]4(C)[C@H]3[C@@H](c3ccc(-n4cccc4)cc3)C[C@@]21C,train
CHEMBL4448161,CHEMBL1871,4.6020599913279625,2020,4.6020599913279625,Cc1ccccc1N1CCN(C(=O)[C@H]2C[C@@H]2c2ccccc2)CC1,test
CHEMBL4448523,CHEMBL1871,6.16,2016,6.16,CC1(C)C(=O)N(c2ccc(C#N)c(C(F)(F)F)c2)C(=O)N1Cc1ccc(-c2cn(CCCCCCC(=O)NO)nn2)cc1,train
CHEMBL4448937,CHEMBL1871,6.005,2019,6.005,CCOC(=O)c1cn(C[C@](C)(O)C(=O)Nc2ccc(C#N)c(C(F)(F)F)c2)c2ccccc12,train
CHEMBL444991,CHEMBL1871,5.165,2008,5.165,Cc1cc(C)cc(Nc2cc(C(=O)N3CCCC3)n(C)c2)c1,test
CHEMBL4449952,CHEMBL1871,6.385,2019,6.385,C[C@](O)(CN1CCc2cc(Br)ccc21)C(=O)Nc1ccc(C#N)c(Cl)c1,train
CHEMBL4451795,CHEMBL1871,6.43,2019,6.43,C[C@](O)(Cn1cc(-c2ccccc2)c2cc(F)ccc21)C(=O)Nc1ccc(C#N)c(Cl)c1,val
CHEMBL4452917,CHEMBL1871,5.65,2019,5.65,CC#C[C@]1(O)CC[C@H]2[C@@H]3CCC4=CC(=O)CC[C@]4(C)[C@H]3[C@@H](c3ccc(N(C)C(C)C)cc3)C[C@@]21C,train
CHEMBL4453035,CHEMBL1871,5.5,2019,5.5,CC#C[C@]1(O)CC[C@H]2[C@@H]3CCC4=CC(=O)CC[C@]4(C)[C@H]3[C@@H](c3ccc(N4CCCC4)cc3)C[C@@]21C,train
CHEMBL445409,CHEMBL1871,5.0,2007,5.0,N#Cc1ccc(-c2ccccc2OCC(=O)O)cc1C(F)(F)F,train
CHEMBL445429,CHEMBL1871,7.77,2009,7.77,COc1cc(SC(C)C)ccc1C#N,train
CHEMBL4454790,CHEMBL1871,4.97,2020,4.97,Cc1ccccc1N1CCN(CCSCc2c(C)noc2C)CC1,test
CHEMBL4456765,CHEMBL1871,6.640000000000001,2019,6.640000000000001,C[C@](O)(Cn1ccc2c(F)cccc21)C(=O)Nc1ccc(C#N)c(C(F)(F)F)c1,train
CHEMBL4456781,CHEMBL1871,6.27,2019,6.27,C[C@](O)(Cn1ccc2cc(Br)ccc21)C(=O)Nc1ccc(C#N)c(C(F)(F)F)c1,train
CHEMBL4457117,CHEMBL1871,7.3100000000000005,2022,7.3100000000000005,CC(O)c1cc(C(=O)N[C@H](C)Cn2ccc(-c3ccc(C#N)c(Cl)c3)n2)n[nH]1,train
CHEMBL4457801,CHEMBL1871,4.6020599913279625,2020,4.6020599913279625,Cc1ccccc1N1CCN(C(=O)CSc2ccccc2)CC1,train
CHEMBL4460554,CHEMBL1871,6.76,2019,6.76,CCC(C)(C)C#C[C@]1(O)CC[C@H]2[C@@H]3CCC4=CC(=O)CC[C@@H]4[C@H]3[C@@H](c3ccc(N(C)C)cc3)C[C@@]21C,train
CHEMBL4460567,CHEMBL1871,6.79,2019,6.79,C[C@](O)(Cn1ccc2cc(F)c(-c3ccccc3)cc21)C(=O)Nc1ccc(C#N)c(C(F)(F)F)c1,train
CHEMBL446191,CHEMBL1871,6.685,2007,6.685,O=c1cc(C(F)(F)F)c2cc(N3CCCC3)ccc2[nH]1,train
CHEMBL4462787,CHEMBL1871,4.86,2020,4.86,Cc1ccccc1N1CCN(C(=O)CSCc2ccccc2)CC1,val
CHEMBL4462835,CHEMBL1871,4.69,2020,4.69,Cc1ccccc1N1CCN(C(=O)C#Cc2ccccc2)CC1,train
CHEMBL4463155,CHEMBL1871,4.6020599913279625,2020,4.6020599913279625,Cc1ccc(N2CCN(C(=O)CSCc3c(C)noc3C)CC2)cc1,test
CHEMBL4463558,CHEMBL1871,6.5,2019,6.5,CC(=O)O[C@H]1CC[C@@]2(C)C(=CC[C@@H]3[C@@H]2CC[C@]2(C)c4c(C)nc5[nH]c6ccccc6c5c4C[C@@H]32)C1,test
CHEMBL4463786,CHEMBL1871,4.6020599913279625,2020,4.6020599913279625,Cc1ccccc1N1CCN(C(=O)COCc2c(C)noc2C)CC1,train
CHEMBL4465239,CHEMBL1871,4.84,2020,4.84,Cc1ccccc1N1CCN(C(=O)CSCc2c(C)noc2C)CC1,test
CHEMBL4465426,CHEMBL1871,5.36,2016,5.36,CC1(C)NC(=O)N(c2ccc(F)c(C(F)(F)F)c2)C1=O,val
CHEMBL446626,CHEMBL1871,8.16,2008,8.16,CC12CCC(C)(O1)[C@H]1C(=O)N(c3ccc(C#N)c4nsnc34)C(=O)[C@H]12,train
CHEMBL4468879,CHEMBL1871,5.301029995663981,2019,5.301029995663981,CC(C)C#C[C@]1(O)CC[C@H]2[C@@H]3CCC4=CC(=O)CC[C@]4(C)[C@H]3[C@@H](c3ccc(N(C)C)cc3)C[C@@]21C,train
CHEMBL4469605,CHEMBL1871,6.970000000000001,2019,6.970000000000001,C[C@](O)(CN1CCc2cc(F)c(F)cc21)C(=O)Nc1ccc(C#N)c(C(F)(F)F)c1,train
CHEMBL4470403,CHEMBL1871,4.84,2020,4.84,Cc1ccccc1N1CCN(C(=O)CCCc2ccccc2)CC1,train
CHEMBL4470768,CHEMBL1871,4.6020599913279625,2020,4.6020599913279625,Cc1cccc(N2CCN(C(=O)CSCc3c(C)noc3C)CC2)c1,test
CHEMBL447184,CHEMBL1871,4.75,2004,4.75,CCCCc1ccc(C(=O)N2C[C@@H]3C[C@H]2[C@@H]2C(=O)N(c4ccc(C#N)c(C(F)(F)F)c4)C(=O)N32)cc1,test
CHEMBL4474096,CHEMBL1871,6.87,2019,6.87,C[C@](O)(Cn1ccc2ccc(F)cc21)C(=O)Nc1ccc(C#N)c(C(F)(F)F)c1,train
CHEMBL4474118,CHEMBL1871,6.8149999999999995,2019,6.8149999999999995,C[C@](O)(Cn1ccc2cc(F)ccc21)C(=O)Nc1ccc(C#N)c(Cl)c1,train
CHEMBL4475563,CHEMBL1871,6.63,2019,6.63,C[C@](O)(Cn1ccc2c(F)cc(-c3ccc(F)cc3)cc21)C(=O)Nc1ccc(C#N)c(C(F)(F)F)c1,train
CHEMBL4475765,CHEMBL1871,5.609999999999999,2019,5.609999999999999,C[C@@](O)(Cn1ccc2cc(F)ccc21)C(=O)Nc1ccc(C#N)c(C(F)(F)F)c1,train
CHEMBL447604,CHEMBL1871,6.45,2009,6.45,COc1cc(C#N)ccc1Oc1cccc(C)c1,train
CHEMBL4476413,CHEMBL1871,5.301029995663981,2019,5.301029995663981,CN(C)c1ccc([C@H]2C[C@@]3(C)[C@@H](CC[C@@]3(O)C#CC(C)(C)C)[C@@H]3CCC4=CC(=O)CC[C@]4(C)[C@H]32)cc1,train
CHEMBL4476493,CHEMBL1871,5.53,2019,5.53,CCC#C[C@]1(O)CC[C@H]2[C@@H]3CCC4=CC(=O)CC[C@]4(C)[C@H]3[C@@H](c3ccc(N(C)C)cc3)C[C@@]21C,train
CHEMBL4483408,CHEMBL1871,6.45,2019,6.45,CC(C)(C)C#C[C@]1(O)CC[C@H]2[C@@H]3CCC4=CC(=O)CC[C@@H]4[C@H]3[C@@H](c3ccc(N4CCN(S(C)(=O)=O)CC4)cc3)C[C@@]21C,train
CHEMBL4483663,CHEMBL1871,6.675,2019,6.675,C[C@](O)(Cn1ccc2c(F)cccc21)C(=O)Nc1ccc(C#N)c(Cl)c1,train
CHEMBL4483697,CHEMBL1871,6.19,2019,6.19,CN(C)c1ccc([C@H]2C[C@@]3(C)[C@@H](CC[C@@]3(O)C#CC(F)(F)F)[C@@H]3CCC4=CC(=O)CC[C@]4(C)[C@H]32)cc1,train
CHEMBL448454,CHEMBL1871,7.445,2009,7.445,COc1cc(Sc2c(C)cccc2C)ccc1C#N,test
CHEMBL448978,CHEMBL1871,6.5,2009,6.5,CC(C)(C)Sc1ccc(C#N)c(C(F)(F)F)c1,train
CHEMBL449371,CHEMBL1871,6.745,2009,6.745,N#Cc1ccc(SC2CCC2)cc1C(F)(F)F,train
CHEMBL449804,CHEMBL1871,7.125,2009,7.125,CCOc1ccccc1Oc1ccc(C#N)c(C(F)(F)F)c1,train
CHEMBL449867,CHEMBL1871,7.130000000000001,2009,7.130000000000001,COc1cc(C#N)ccc1Oc1ccccc1C,train
CHEMBL450334,CHEMBL1871,7.4,2008,7.4,O=c1cc(C(F)(F)F)c2c3c(ccc2[nH]1)-c1ccccc1CO3,train
CHEMBL450933,CHEMBL1871,7.55,2008,7.55,COc1cccc2oc(=O)c3c(ccc4[nH]c(=O)cc(C)c43)c12,test
CHEMBL451153,CHEMBL1871,6.335,2009,6.335,COc1ccc(CO)cc1Oc1ccc(C#N)c(C(F)(F)F)c1,train
CHEMBL4513309,CHEMBL1871,4.9,2020,4.9,Cc1noc(C)c1CSCC(=O)N1CCN(c2ccccc2F)CC1,test
CHEMBL4513510,CHEMBL1871,3.7614393726401687,2020,3.7614393726401687,COc1ccc2[nH]c(C(=O)N3CCC(CC(C)(C)O)CC3)cc2c1,train
CHEMBL4514765,CHEMBL1871,5.301029995663981,2019,5.301029995663981,COCC#C[C@]1(O)CC[C@H]2[C@@H]3CCC4=CC(=O)CC[C@]4(C)[C@H]3[C@@H](c3ccc(N(C)C)cc3)C[C@@]21C,train
CHEMBL4515467,CHEMBL1871,6.25,2019,6.25,CC#C[C@]1(O)CC[C@H]2[C@@H]3CCC4=CC(=O)CC[C@]4(C)[C@H]3[C@@H](c3ccc(OC)cc3)C[C@@]21C,train
CHEMBL4516398,CHEMBL1871,4.6020599913279625,2020,4.6020599913279625,COc1ccccc1N1CCN(C(=O)CSCc2c(C)noc2C)CC1,test
CHEMBL4517379,CHEMBL1871,5.57,2020,5.57,Cc1ccc(Cl)cc1N1CCN(C(=O)C2CC2c2ccc(F)cc2)CC1,test
CHEMBL4518104,CHEMBL1871,4.6020599913279625,2020,4.6020599913279625,Cc1ccccc1N1CCN(C(=O)/C=C/c2ccccc2)CC1,test
CHEMBL451821,CHEMBL1871,4.522878745280337,2008,4.522878745280337,CN[C@@H](C(=O)N(C)[C@H]1CC[C@@]2(C)C(=CC[C@H]3[C@@H]4CC[C@@H]5[C@H](C)N(C)C[C@@]54CC[C@@H]32)C1)C(C)C,train
CHEMBL4520679,CHEMBL1871,6.53,2019,6.53,C[C@](O)(Cn1ccc2c(F)c(-c3ccccc3)ccc21)C(=O)Nc1ccc(C#N)c(C(F)(F)F)c1,test
CHEMBL4521365,CHEMBL1871,7.05,2019,7.05,C[C@](O)(CN1CCc2cc(F)c(F)cc21)C(=O)Nc1ccc(C#N)c(Cl)c1,train
CHEMBL452153,CHEMBL1871,5.515000000000001,2014,5.515000000000001,c1ccc2nc(-c3ccncc3)ccc2c1,train
CHEMBL4524159,CHEMBL1871,7.12,2017,7.12,CC(=O)c1cc(C(=O)N[C@@H](C)Cn2ccc(-c3ccc(C#N)c(Cl)c3)n2)n[nH]1,train
CHEMBL4526613,CHEMBL1871,4.6020599913279625,2020,4.6020599913279625,Cc1ccccc1N1CCN(C(=O)NCSCc2c(C)noc2C)CC1,test
CHEMBL4527176,CHEMBL1871,6.869999999999999,2019,6.869999999999999,C[C@](O)(CN1CCc2ccc(F)cc21)C(=O)Nc1ccc(C#N)c(Cl)c1,train
CHEMBL4527241,CHEMBL1871,6.66,2019,6.66,C[C@](O)(CN1CCc2c(F)cccc21)C(=O)Nc1ccc(C#N)c(Cl)c1,train
CHEMBL4527872,CHEMBL1871,5.84,2019,5.84,CN(C)c1ccc([C@H]2C[C@@]3(C)[C@@H](CC[C@@]3(O)C#CC3CC3)[C@@H]3CCC4=CC(=O)CC[C@]4(C)[C@H]32)cc1,train
CHEMBL4528089,CHEMBL1871,6.51,2016,6.51,c1ccc2c(c1)CC(c1c[nH]c3ccccc13)N2,train
CHEMBL4530573,CHEMBL1871,7.17,2019,7.17,C[C@](O)(CN1CCc2cc(Cl)c(F)cc21)C(=O)Nc1ccc(C#N)c(C(F)(F)F)c1,train
CHEMBL453244,CHEMBL1871,6.36,2009,6.36,COc1cc(SCC2CCC2)ccc1C#N,train
CHEMBL4534324,CHEMBL1871,7.07,2019,7.07,CC#C[C@]1(O)CC[C@H]2[C@@H]3CCC4=CC(=O)CC[C@]4(C)[C@H]3[C@@H](OCc3ccc(Cl)cc3)C[C@@]21C,test
CHEMBL453623,CHEMBL1871,7.17,2009,7.17,N#Cc1ccc(SCC2CC2)cc1C(F)(F)F,test
CHEMBL453624,CHEMBL1871,6.675000000000001,2009,6.675000000000001,N#Cc1ccc(SCC2CCC2)cc1C(F)(F)F,train
CHEMBL453740,CHEMBL1871,7.375,2009,7.375,CC(C)Sc1ccc(C#N)c(C(F)(F)F)c1,train
CHEMBL4539953,CHEMBL1871,6.880000000000001,2019,6.880000000000001,C[C@](O)(CN1CCc2cc(F)c(-c3ccccc3)cc21)C(=O)Nc1ccc(C#N)c(Cl)c1,train
CHEMBL454138,CHEMBL1871,5.0,2009,5.0,CC(C)OC(=O)C1=CN(C(=O)c2ccc(F)c(F)c2)CC(C)(C)c2c1[nH]c1ccccc21,train
CHEMBL4542153,CHEMBL1871,6.6899999999999995,2019,6.6899999999999995,C[C@](O)(CN1CCc2cc(F)ccc21)C(=O)Nc1ccc(C#N)c(Cl)c1,train
CHEMBL4542693,CHEMBL1871,6.27,2019,6.27,C[C@](O)(Cn1ccc2cc(I)ccc21)C(=O)Nc1ccc(C#N)c(C(F)(F)F)c1,train
CHEMBL4545820,CHEMBL1871,6.68,2019,6.68,CC(C)(C)C#C[C@]1(O)CC[C@H]2[C@@H]3CCC4=CC(=O)CC[C@@H]4[C@H]3[C@@H](c3ccc(N4CCOCC4)cc3)C[C@@]21C,val
CHEMBL4547743,CHEMBL1871,4.6020599913279625,2020,4.6020599913279625,Cc1ccccc1N1CCC(OC(=O)NCSCc2c(C)noc2C)CC1,train
CHEMBL4548397,CHEMBL1871,7.8100000000000005,2018,7.8100000000000005,CC1(C)CCc2cc3c(cc2N1)NC(F)C=C3C(F)(F)F,train
CHEMBL4553882,CHEMBL1871,5.8,2020,5.8,Cc1ccc(Cl)cc1N1CCN(C(=O)[C@H]2C[C@H]2c2ccc(F)cc2)CC1,test
CHEMBL4554646,CHEMBL1871,7.285,2019,7.285,C[C@](O)(Cn1ccc2ccc([N+](=O)[O-])cc21)C(=O)Nc1ccc(C#N)c(C(F)(F)F)c1,train
CHEMBL455566,CHEMBL1871,7.13,2009,7.13,CCCCSc1ccc(C#N)c(OC)c1,train
CHEMBL4556818,CHEMBL1871,4.92,2020,4.92,Cc1noc(C)c1CSCC(=O)N1CCN(c2ccccc2C#N)CC1,test
CHEMBL4561103,CHEMBL1871,4.96,2020,4.96,Cc1ccccc1N1CCCN(C(=O)CSCc2c(C)noc2C)CC1,train
CHEMBL4562338,CHEMBL1871,5.89,2019,5.89,CC#C[C@]1(O)CC[C@H]2[C@@H]3CCC4=CC(=O)CC[C@]4(C)[C@H]3[C@@H](c3ccc(N(C)CCOC)cc3)C[C@@]21C,train
CHEMBL456237,CHEMBL1871,5.64,2008,5.64,Fc1ccc(-c2c3cccc(C(F)(F)F)c3nn2Cc2ccc(F)cc2Cl)cc1,test
CHEMBL4563408,CHEMBL1871,5.0,2019,5.0,O=C(Nc1ccc(OC(F)F)nc1)NC1CCN(c2ncnc3c2nc(-c2ccccc2Cl)n3-c2ccc(Cl)cc2)CC1,train
CHEMBL4564335,CHEMBL1871,4.88,2020,4.88,Cc1ccc(Cl)cc1N1CCN(C(=O)[C@@H]2C[C@@H]2c2ccc(F)cc2)CC1,test
CHEMBL4567476,CHEMBL1871,6.915,2019,6.915,C[C@](O)(Cn1cc(F)c2ccccc21)C(=O)Nc1ccc(C#N)c(Cl)c1,train
CHEMBL457036,CHEMBL1871,6.06,2009,6.06,CC#C[C@@]1(O)CC[C@@]2(CC)c3ccc(OCc4cccnc4C)cc3CC[C@@H]2C1,train
CHEMBL4571052,CHEMBL1871,6.04,2019,6.04,CC#C[C@]1(O)CC[C@H]2[C@@H]3CCC4=CC(=O)CC[C@]4(C)[C@H]3[C@@H](c3ccc(N(C)C)cc3)C[C@@]21C,train
CHEMBL4571680,CHEMBL1871,6.41,2019,6.41,CC(O)(CCc1ccc(N)cc1)C(=O)Nc1ccc([N+](=O)[O-])c(C(F)(F)F)c1,train
CHEMBL4572306,CHEMBL1871,5.51,2016,5.51,CC(C)(NC(=O)Nc1ccc(F)c(C(F)(F)F)c1)C(=O)O,train
CHEMBL457241,CHEMBL1871,5.0,2009,5.0,CC#C[C@]1(O)C[C@H]2CCc3cc(O)ccc3[C@]2(CC)C[C@@H]1O,train
CHEMBL457242,CHEMBL1871,5.0,2009,5.0,CC#C[C@]1(O)C[C@H]2CCc3cc(O)ccc3[C@]2(CC)[C@H](O)C1,train
CHEMBL4574668,CHEMBL1871,4.96,2020,4.96,Cc1noc(C)c1CSCC(=O)N1CCN(c2cccc3ccccc23)CC1,train
CHEMBL4576596,CHEMBL1871,6.58,2019,6.58,CCN(CC)c1ccc([C@H]2C[C@@]3(C)[C@@H](CC[C@@]3(O)C#CC(C)(C)C)[C@@H]3CCC4=CC(=O)CC[C@@H]4[C@H]32)cc1,train
CHEMBL458084,CHEMBL1871,7.4,2008,7.4,N#Cc1ccc([C@H]2CCCC[C@H]2O)cc1C(F)(F)F,train
CHEMBL4581378,CHEMBL1871,4.74,2020,4.74,Cc1ccccc1N(C)CCN(C)C(=O)CSCc1c(C)noc1C,test
CHEMBL4581526,CHEMBL1871,4.83,2020,4.83,Cc1noc(C)c1CSCC(=O)N1C[C@@H](C)N(c2ccccc2)[C@@H](C)C1,test
CHEMBL4583465,CHEMBL1871,5.58,2019,5.58,C[C@](O)(Cn1ccc2nc(C#N)ccc21)C(=O)Nc1ccc(C#N)c(C(F)(F)F)c1,test
CHEMBL4584527,CHEMBL1871,7.215,2019,7.215,CN(C[C@](C)(O)C(=O)Nc1ccc(C#N)c(C(F)(F)F)c1)c1ccc(C#N)c(-c2ccccc2)c1,train
CHEMBL458505,CHEMBL1871,5.522878745280337,2008,5.522878745280337,N#Cc1ccc([C@H]2CCCC[C@@H]2O)cc1C(F)(F)F,train
CHEMBL458506,CHEMBL1871,5.8,2008,5.8,N#Cc1ccc([C@@H]2CCCC[C@@H]2O)cc1C(F)(F)F,train
CHEMBL4585987,CHEMBL1871,6.385,2019,6.385,C[C@](O)(Cn1ccc2cccc(F)c21)C(=O)Nc1ccc(C#N)c(Cl)c1,train
CHEMBL4586748,CHEMBL1871,6.71,2019,6.71,C[C@](O)(Cn1ccc2cc([N+](=O)[O-])ccc21)C(=O)Nc1ccc(C#N)c(C(F)(F)F)c1,train
CHEMBL4588751,CHEMBL1871,5.0,2019,5.0,C[C@](O)(Cn1cc(C(=O)O)c2ccccc21)C(=O)Nc1ccc(C#N)c(C(F)(F)F)c1,train
CHEMBL4590504,CHEMBL1871,6.904999999999999,2019,6.904999999999999,C[C@](O)(Cn1ccc2ccc(F)cc21)C(=O)Nc1ccc(C#N)c(Cl)c1,train
CHEMBL4591353,CHEMBL1871,6.0,2019,6.0,CN1CCN(c2ccc([C@H]3C[C@@]4(C)[C@@H](CC[C@@]4(O)C#CC(C)(C)C)[C@@H]4CCC5=CC(=O)CC[C@@H]5[C@H]43)cc2)CC1,train
CHEMBL4593239,CHEMBL1871,4.78,2020,4.78,Cc1cccc(N2[C@H](C)CN(C(=O)CSCc3c(C)noc3C)C[C@@H]2C)c1,test
CHEMBL462022,CHEMBL1871,7.285,2009,7.285,COc1cc(Sc2c(C)cc(C)cc2C)ccc1C#N,test
CHEMBL462025,CHEMBL1871,6.78,2009,6.78,Cc1ccccc1Sc1ccc(C#N)c(C(F)(F)F)c1,test
CHEMBL462026,CHEMBL1871,7.34,2009,7.34,COc1ccccc1Sc1ccc(C#N)c(C(F)(F)F)c1,test
CHEMBL462027,CHEMBL1871,6.39,2009,6.39,Cc1cccc(C)c1Sc1ccc(C#N)c(C(F)(F)F)c1,test
CHEMBL462234,CHEMBL1871,5.87,2009,5.87,Cc1cc(C)c(Sc2ccc(C#N)c(C(F)(F)F)c2)c(C)c1,test
CHEMBL462663,CHEMBL1871,5.76,2009,5.76,COc1cc(SCCC(C)C)ccc1C#N,train
CHEMBL462664,CHEMBL1871,7.8,2009,7.8,CCCSc1ccc(C#N)c(C(F)(F)F)c1,train
CHEMBL462665,CHEMBL1871,6.695,2009,6.695,CCCCSc1ccc(C#N)c(C(F)(F)F)c1,train
CHEMBL4634960,CHEMBL1871,5.48,2020,5.48,N=c1oc2c(O)cccc2cc1C(=O)Nc1cccc(F)c1,train
CHEMBL4640248,CHEMBL1871,5.48,2020,5.48,N=c1oc2c(O)cccc2cc1C(=O)Nc1ccccc1Cl,train
CHEMBL4641012,CHEMBL1871,5.44,2020,5.44,CCc1ccc(NC(=O)c2cc3cccc(O)c3oc2=N)cc1,train
CHEMBL4642187,CHEMBL1871,5.09,2020,5.09,CCc1ccccc1NC(=O)c1cc2cccc(O)c2oc1=N,train
CHEMBL4642678,CHEMBL1871,5.36,2020,5.36,N=c1oc2c(O)cccc2cc1C(=O)Nc1ccccc1F,train
CHEMBL4644092,CHEMBL1871,5.19,2020,5.19,N=c1oc2c(O)cccc2cc1C(=O)Nc1ccc(F)cc1,train
CHEMBL4646593,CHEMBL1871,5.24,2020,5.24,CCc1cccc(NC(=O)c2cc3cccc(O)c3oc2=N)c1,train
CHEMBL464764,CHEMBL1871,5.945,2009,5.945,Cc1cccc(Oc2ccc(C#N)c(C(F)(F)F)c2)c1,train
CHEMBL4648793,CHEMBL1871,5.62,2020,5.62,Cc1ccc(NC(=O)c2cc3cccc(O)c3oc2=N)cc1,train
CHEMBL464929,CHEMBL1871,5.28,2009,5.28,COc1cc(C#N)ccc1Oc1ccc(C)cc1,train
CHEMBL465539,CHEMBL1871,5.335,2009,5.335,Cc1ccc(Oc2ccc(C#N)c(C(F)(F)F)c2)cc1,train
CHEMBL467790,CHEMBL1871,8.96,2009,8.96,C=C[C@@](O)(c1nc2cc(Cl)c(Cl)cc2[nH]1)C(F)(F)F,train
CHEMBL467887,CHEMBL1871,7.83,2009,7.83,CN(C)C1CC(C(C)(C)CO)Nc2ccc([N+](=O)[O-])cc21,test
CHEMBL467888,CHEMBL1871,8.504999999999999,2007,8.504999999999999,C[C@@H]1CC[C@H]([C@@H](O)C(F)(F)F)N1c1ccc2[nH]c(=O)cc(C(F)(F)F)c2c1,train
CHEMBL469333,CHEMBL1871,6.4,2009,6.4,COc1cccc(OC)c1Oc1ccc(C#N)c(C(F)(F)F)c1,train
CHEMBL469334,CHEMBL1871,6.84,2009,6.84,COc1cc(C)ccc1Oc1ccc(C#N)c(C(F)(F)F)c1,train
CHEMBL469380,CHEMBL1871,7.109999999999999,2009,7.109999999999999,COc1ccccc1Oc1ccc(C#N)c(C(F)(F)F)c1,train
CHEMBL469600,CHEMBL1871,5.0,2009,5.0,COc1cccc(Oc2ccc(C#N)c(C(F)(F)F)c2)c1,train
CHEMBL469601,CHEMBL1871,5.0,2009,5.0,COc1ccc(Oc2ccc(C#N)c(C(F)(F)F)c2)cc1,train
CHEMBL469602,CHEMBL1871,6.609999999999999,2009,6.609999999999999,CCCc1ccccc1Oc1ccc(C#N)c(C(F)(F)F)c1,train
CHEMBL469759,CHEMBL1871,9.27,2022,9.27,C[C@@](O)(COc1ccc(C#N)cc1)C(=O)Nc1ccc(C#N)c(I)c1,train
CHEMBL469982,CHEMBL1871,6.495,2009,6.495,Cc1ccc(O)c(Oc2ccc(C#N)c(C(F)(F)F)c2)c1,train
CHEMBL469983,CHEMBL1871,7.09,2009,7.09,COc1cccc(F)c1Oc1ccc(C#N)c(C(F)(F)F)c1,train
CHEMBL470204,CHEMBL1871,7.24,2009,7.24,Cc1ccccc1Oc1ccc(C#N)c(Cl)c1,train
CHEMBL470395,CHEMBL1871,6.449999999999999,2009,6.449999999999999,CCSc1ccccc1Oc1ccc(C#N)c(C(F)(F)F)c1,train
CHEMBL470629,CHEMBL1871,6.91,2009,6.91,N#Cc1ccc(Oc2ccccc2Cl)cc1C(F)(F)F,train
CHEMBL470783,CHEMBL1871,5.0,2009,5.0,CC[C@@]12C[C@H](O)[C@](O)(c3ccccc3)C[C@H]1CCc1cc(OCc3cccnc3C)ccc12,train
CHEMBL470785,CHEMBL1871,5.0,2009,5.0,C=CC[C@@]12CC[C@](O)(C#CC)C[C@H]1CCc1cc(O)ccc12,train
CHEMBL470841,CHEMBL1871,5.57,2009,5.57,N#Cc1ccc(Oc2cccc(Cl)c2)cc1C(F)(F)F,train
CHEMBL470842,CHEMBL1871,5.18,2009,5.18,N#Cc1ccc(Oc2ccc(Cl)cc2)cc1C(F)(F)F,train
CHEMBL471644,CHEMBL1871,7.085,2009,7.085,Cc1cccc(C)c1Oc1ccc(C#N)c(C(F)(F)F)c1,train
CHEMBL471645,CHEMBL1871,7.24,2009,7.24,N#Cc1ccc(Oc2ccccc2O)cc1C(F)(F)F,train
CHEMBL471876,CHEMBL1871,6.37,2009,6.37,N#Cc1ccc(Oc2ccccc2-c2ccccc2)cc1C(F)(F)F,train
CHEMBL473801,CHEMBL1871,5.0,2009,5.0,C[C@@]1(C(=O)Nc2nccs2)CC2(C#N)c3ccccc3C1c1ccccc12,test
CHEMBL4739997,CHEMBL1871,6.720000000000001,2020,6.720000000000001,C[C@](O)(Cn1cc(C#N)c(Br)n1)C(=O)Nc1ccc(C#N)c(C(F)(F)F)c1,test
CHEMBL4740374,CHEMBL1871,6.375,2020,6.375,C[C@](O)(Cn1ccc(F)n1)C(=O)Nc1ccc(C#N)c(C(F)(F)F)c1,test
CHEMBL4740742,CHEMBL1871,6.61,2020,6.61,N#Cc1ccc(NC(=O)CS(=O)(=O)c2ccc(F)cc2)cc1C(F)(F)F,test
CHEMBL4740944,CHEMBL1871,5.2,2016,5.2,CC1(C)C(=O)N(c2ccc(F)c(C(F)(F)F)c2)C(=O)N1S(C)(=O)=O,val
CHEMBL4741021,CHEMBL1871,5.61,2020,5.61,C[C@](O)(Cn1cc(F)cn1)C(=O)Nc1ccnc(Cl)c1,train
CHEMBL4741569,CHEMBL1871,6.49,2020,6.49,C[C@](O)(Cn1ccc(C(F)(F)F)n1)C(=O)Nc1ccc(C#N)c(C(F)(F)F)c1,test
CHEMBL4741767,CHEMBL1871,6.08,2020,6.08,COC(=O)Nc1ccc(-c2cnn(C[C@](C)(O)C(=O)Nc3ccc(C#N)c(C(F)(F)F)c3)c2)cc1,train
CHEMBL474189,CHEMBL1871,5.54,2009,5.54,CC12CC(C)(C(=O)Nc3nccs3)C(c3ccccc31)c1ccccc12,test
CHEMBL4741941,CHEMBL1871,6.301029995663981,2020,6.301029995663981,Cc1cnc(NS(C)(=O)=O)nc1COc1ccc(C(C)(C)c2cc(Cl)c(OCCCl)c(C#N)c2)cc1,train
CHEMBL4742694,CHEMBL1871,6.12,2020,6.12,CC(=O)c1cnn(C[C@](C)(O)C(=O)Nc2ccc(C#N)c(C(F)(F)F)c2)c1,test
CHEMBL4743145,CHEMBL1871,6.83,2021,6.83,CC1(C)C(=O)N(c2ccc(C#N)c(C(F)(F)F)c2)C(=S)N1c1ccc2c(c1)COC2=O,train
CHEMBL4743225,CHEMBL1871,5.0,2016,5.0,CC1(C)NC(=O)N(c2ccc(C(F)(F)F)nc2)C1=O,train
CHEMBL4743302,CHEMBL1871,6.23,2021,6.23,CN1Cc2cc(N3C(=S)N(c4ccc(C#N)c(C(F)(F)F)c4)C(=O)C3(C)C)ccc2C1=O,val
CHEMBL4743529,CHEMBL1871,5.38,2016,5.38,CC1(C)NC(=O)N(Cc2ccc(F)c(C(F)(F)F)c2)C1=O,val
CHEMBL4744396,CHEMBL1871,4.301029995663981,2021,4.301029995663981,N#Cc1ccc(N2C(=O)C3CCc4cc(-c5ccc(C(F)(F)F)cc5)ccc4N3C2=S)cc1C(F)(F)F,train
CHEMBL4744974,CHEMBL1871,5.0,2016,5.0,CC1(C)NC(=O)N(c2ccc(F)c(C(F)F)c2)C1=O,val
CHEMBL4745209,CHEMBL1871,6.71,2021,6.71,CC1(C)C(=O)N(c2ccc(C#N)c(C(F)(F)F)c2)C(=S)N1c1ccc2c(c1)CCOC2=O,train
CHEMBL4745855,CHEMBL1871,4.57,2021,4.57,N#Cc1ncc(N2C(=O)C3(COC3)N(c3ccc4c(c3)COC4=O)C2=S)cc1C(F)(F)F,train
CHEMBL4746345,CHEMBL1871,6.88,2020,6.88,C[C@](O)(Cn1cc(Br)c(F)n1)C(=O)Nc1ccc(C#N)c(C(F)(F)F)c1,test
CHEMBL4746443,CHEMBL1871,5.04,2016,5.04,CN(C)C(=O)c1cc(N2C(=O)NC(C)(C)C2=O)ccc1F,val
CHEMBL4746653,CHEMBL1871,7.2,2021,7.2,N#Cc1ncc(N2C(=O)C3(CCCC3)N(c3ccc4c(c3)COC4=O)C2=S)cc1C(F)(F)F,train
CHEMBL4746814,CHEMBL1871,6.01,2020,6.01,C[C@](O)(Cn1cc(-c2ccc(F)cc2)cn1)C(=O)Nc1ccc(C#N)c(C(F)(F)F)c1,train
CHEMBL4746960,CHEMBL1871,6.33,2020,6.33,CC(Cn1cc(F)cn1)C(=O)Nc1ccc(C#N)c(C(F)(F)F)c1,test
CHEMBL4747056,CHEMBL1871,5.67,2020,5.67,N#Cc1ccc(NC(=O)CCn2cc(F)cn2)cc1C(F)(F)F,test
CHEMBL4747499,CHEMBL1871,5.38,2016,5.38,O=C1NC2(CCCCC2)C(=O)N1c1ccc(F)c(C(F)(F)F)c1,test
CHEMBL4747544,CHEMBL1871,5.0,2016,5.0,Cc1ccc(N2C(=O)NC(C)(C)C2=O)cc1C(F)(F)F,val
CHEMBL4747667,CHEMBL1871,5.449999999999999,2020,5.449999999999999,Cc1cnn(C[C@](C)(O)C(=O)Nc2ccc(C#N)c(C(F)(F)F)c2)c1,test
CHEMBL474770,CHEMBL1871,5.0,2009,5.0,Cc1cnc(NC(=O)C2(C)CC3c4ccccc4C2c2ccccc23)s1,test
CHEMBL4748422,CHEMBL1871,5.35,2016,5.35,CC1(C)NC(=O)N(c2ccnc(C(F)(F)F)c2)C1=O,val
CHEMBL4748557,CHEMBL1871,5.37,2016,5.37,CC1(C)C(=O)N(c2ccc(F)c(C(F)(F)F)c2)C(=O)N1S(=O)(=O)c1ccccc1,train
CHEMBL4749686,CHEMBL1871,6.301029995663981,2020,6.301029995663981,CC(C)(c1ccc(OCc2ncc(NS(C)(=O)=O)s2)cc1)c1cc(Cl)c(OCCCl)c(C#N)c1,train
CHEMBL4749688,CHEMBL1871,6.301029995663981,2020,6.301029995663981,CC(C)(c1ccc(OCc2cnc(NS(C)(=O)=O)nc2)cc1)c1cc(Cl)c(OCCCl)c(C#N)c1,train
CHEMBL4749979,CHEMBL1871,6.301029995663981,2020,6.301029995663981,Cc1nc(NS(C)(=O)=O)nc(COc2ccc(C(C)(C)c3cc(Cl)c(OCCCl)c(C#N)c3)cc2)c1C,train
CHEMBL4750103,CHEMBL1871,5.89,2016,5.89,CC1(C)NC(=O)N(c2ccc(Cl)c(C(F)(F)F)c2)C1=O,val
CHEMBL4750351,CHEMBL1871,5.46,2021,5.46,N#Cc1ccc(N2C(=O)C3CCc4cc(-c5ccccc5)ccc4N3C2=S)cc1C(F)(F)F,train
CHEMBL4750503,CHEMBL1871,5.36,2021,5.36,N#Cc1ccc(N2C(=O)C3CCc4cc(Br)ccc4N3C2=S)cc1C(F)(F)F,train
CHEMBL4751646,CHEMBL1871,6.22,2020,6.22,C[C@](O)(Cn1cc(C(F)(F)F)cn1)C(=O)Nc1ccc(C#N)c(C(F)(F)F)c1,test
CHEMBL4752477,CHEMBL1871,6.175000000000001,2020,6.175000000000001,Cc1cn(C[C@](C)(O)C(=O)Nc2ccc(C#N)c(C(F)(F)F)c2)nc1Cl,test
CHEMBL4752689,CHEMBL1871,7.09,2021,7.09,N#Cc1ccc(N2C(=O)C3(CCCC3)N(c3ccc4c(c3)COC4=O)C2=S)cc1C(F)(F)F,train
CHEMBL4752893,CHEMBL1871,5.94,2020,5.94,CC(C)(C)OC(=O)Nc1ccc(-c2cnn(C[C@](C)(O)C(=O)Nc3ccc(C#N)c(C(F)(F)F)c3)c2)cc1,train
CHEMBL4752991,CHEMBL1871,6.87,2020,6.87,C[C@](O)(Cn1cc(Cl)cn1)C(=O)Nc1ccc(C#N)c(C(F)(F)F)c1,test
CHEMBL4753877,CHEMBL1871,6.545,2020,6.545,C[C@](O)(Cn1cc([N+](=O)[O-])cn1)C(=O)Nc1ccc(C#N)c(C(F)(F)F)c1,test
CHEMBL4754074,CHEMBL1871,5.01,2021,5.01,N#Cc1ccc(N2C(=O)C3CNc4cc(Br)ccc4N3C2=S)cc1C(F)(F)F,val
CHEMBL4754309,CHEMBL1871,7.03,2021,7.03,N#Cc1ncc(N2C(=O)C3(CCCCC3)N(c3ccc4c(c3)COC4=O)C2=S)cc1C(F)(F)F,train
CHEMBL4754501,CHEMBL1871,8.4,2022,8.4,C[C@@](O)(COc1ccc(C#N)cc1)C(=O)Nc1ccc(C#N)c(C(F)(F)F)c1,train
CHEMBL4754845,CHEMBL1871,5.0,2016,5.0,CC1(C)NC(=O)C(c2ccc(F)c(C(F)(F)F)c2)C1=O,train
CHEMBL475503,CHEMBL1871,5.0,2009,5.0,COc1ccccc1CNC(=O)c1cc(C(F)(F)F)nn1-c1csc(CNC(=O)[C@H](C)N)c1,train
CHEMBL4755665,CHEMBL1871,6.0,2016,6.0,O=C1NC2(CCCC2)C(=O)N1c1ccc(F)c(C(F)(F)F)c1,test
CHEMBL4755743,CHEMBL1871,5.09,2021,5.09,N#Cc1ccc(N2C(=O)C3CCc4cc(-c5cnc(Cl)nc5)ccc4N3C2=S)cc1C(F)(F)F,train
CHEMBL4756377,CHEMBL1871,5.0,2016,5.0,CC1(C)NC(=O)N(c2cnccn2)C1=O,test
CHEMBL4756685,CHEMBL1871,5.65,2021,5.65,N#Cc1ncc(N2C(=O)C3(CCCC3)N(c3cnc4c(c3)COC4=O)C2=S)cc1C(F)(F)F,train
CHEMBL4756936,CHEMBL1871,5.21,2020,5.21,CCOC(=O)Nc1cc2c(cc1F)CC1C(=O)N(c3cnc(C#N)c(C(F)(F)F)c3)C(=S)N1C2,test
CHEMBL4757339,CHEMBL1871,6.3,2020,6.3,CC(C)(c1ccc(OCc2ccnc(NS(C)(=O)=O)n2)cc1)c1cc(F)c(OCCCl)c(Cl)c1,train
CHEMBL4757702,CHEMBL1871,6.86,2020,6.86,C[C@](O)(Cn1cc(Cl)c(Br)n1)C(=O)Nc1ccc(C#N)c(C(F)(F)F)c1,test
CHEMBL4757852,CHEMBL1871,5.66,2021,5.66,N#Cc1ccc(N2C(=O)C3CCc4cc(-c5ccc(C(F)(F)F)nc5)ccc4N3C2=S)cc1C(F)(F)F,train
CHEMBL4758041,CHEMBL1871,4.824999999999999,2022,4.824999999999999,CC(C)(c1ccc(OCC(O)CO)cc1)c1ccc(OCC(O)CCl)cc1,train
CHEMBL4758119,CHEMBL1871,6.24,2020,6.24,C[C@](O)(Cn1cc(-c2ccccc2)c(C#N)n1)C(=O)Nc1cnc(C#N)c(C(F)(F)F)c1,train
CHEMBL4758277,CHEMBL1871,6.54,2016,6.54,CC1(C)C(=O)N(c2ccc(F)c(C(F)(F)F)c2)C(=O)N1CC#N,val
CHEMBL4758685,CHEMBL1871,5.94,2020,5.94,C[C@](O)(Cn1cc(-c2ccccc2)cn1)C(=O)Nc1ccc(C#N)c(C(F)(F)F)c1,train
CHEMBL4759470,CHEMBL1871,6.03,2021,6.03,CC1(C)C(=O)N(c2cnc(C#N)c(C(F)(F)F)c2)C(=S)N1c1ccc2c(c1)COC2=O,test
CHEMBL4759623,CHEMBL1871,5.25,2020,5.25,c1ccc(C2Nc3ccc4ccccc4c3C3C4CCC(C4)C23)cc1,train
CHEMBL4759704,CHEMBL1871,5.05,2021,5.05,N#Cc1ccc(N2C(=O)C3CCc4cc(-c5cnc6ccccc6c5)ccc4N3C2=S)cc1C(F)(F)F,train
CHEMBL4759832,CHEMBL1871,6.62,2021,6.62,N#Cc1ccc(N2C(=O)C3(CCOC3)N(c3ccc4c(c3)COC4=O)C2=S)cc1C(F)(F)F,test
CHEMBL4759841,CHEMBL1871,6.66,2021,6.66,N#Cc1ccc(N2C(=O)C3(CCC3)N(c3ccc4c(c3)COC4=O)C2=S)cc1C(F)(F)F,train
CHEMBL4760141,CHEMBL1871,6.82,2020,6.82,Brc1ccc(C2Nc3ccc4ccccc4c3C3C=CCC32)cc1,train
CHEMBL4761191,CHEMBL1871,6.301029995663981,2020,6.301029995663981,CSc1nc(C)c(COc2ccc(C(C)(C)c3cc(Cl)c(OCCCl)c(C#N)c3)cc2)o1,train
CHEMBL4761957,CHEMBL1871,6.3,2020,6.3,CC(C)S(=O)(=O)Nc1nc(COc2ccc(C(C)(C)c3cc(Cl)c(OCCCl)c(C#N)c3)cc2)co1,train
CHEMBL4762417,CHEMBL1871,6.17,2021,6.17,N#Cc1ccc(N2C(=O)C3(CC3)N(c3ccc4c(c3)COC4=O)C2=S)cc1C(F)(F)F,train
CHEMBL476292,CHEMBL1871,4.4,2009,4.4,COc1ccc2c(c1)C(=O)CC(c1ccccc1)O2,train
CHEMBL4763104,CHEMBL1871,6.301029995663981,2020,6.301029995663981,CC(C)(c1ccc(OCc2nc(NS(C)(=O)=O)cs2)cc1)c1cc(Cl)c(OCCCl)c(C#N)c1,train
CHEMBL4763136,CHEMBL1871,5.28,2016,5.28,O=C1N[C@H](c2ccccc2)C(=O)N1c1ccc(F)c(C(F)F)c1,train
CHEMBL4763876,CHEMBL1871,5.02,2016,5.02,CC1(C)NC(=O)N(c2cccnc2)C1=O,train
CHEMBL4764992,CHEMBL1871,6.29,2021,6.29,N#Cc1ncc(N2C(=O)C3(CCOC3)N(c3ccc4c(c3)COC4=O)C2=S)cc1C(F)(F)F,val
CHEMBL4776221,CHEMBL1871,5.21,2020,5.21,CC(C)(C)OC(=O)Nc1cnn(C[C@](C)(O)C(=O)Nc2cnc(C#N)c(C(F)(F)F)c2)c1,val
CHEMBL4776248,CHEMBL1871,7.359999999999999,2020,7.359999999999999,C[C@](O)(Cn1cc(C#N)cn1)C(=O)Nc1ccc(C#N)c(C(F)(F)F)c1,test
CHEMBL4777133,CHEMBL1871,5.16,2016,5.16,CC1(C)CNC(=O)N(c2ccc(F)c(C(F)(F)F)c2)C1=O,train
CHEMBL4777511,CHEMBL1871,5.09,2016,5.09,CC1(C)CN(c2ccc(F)c(C(F)(F)F)c2)C(=O)N1,train
CHEMBL4778019,CHEMBL1871,5.380000000000001,2020,5.380000000000001,C[C@](O)(Cn1ccc(-c2ccccc2)n1)C(=O)Nc1ccc(C#N)c(C(F)(F)F)c1,test
CHEMBL4778185,CHEMBL1871,5.46,2016,5.46,O=C1C2CCCN2C(=O)N1c1ccc(F)c(C(F)(F)F)c1,val
CHEMBL4778298,CHEMBL1871,5.89,2016,5.89,CC1(C)NC(=O)N(c2ccnc3ccccc23)C1=O,train
CHEMBL4778550,CHEMBL1871,5.73,2019,5.73,CCOC(=O)c1ccc(NC(=O)c2cccc(S(=O)(=O)N3CCCc4ccccc43)c2)s1,test
CHEMBL4778795,CHEMBL1871,7.23,2020,7.23,C[C@](O)(Cn1cc(C#N)cn1)C(=O)Nc1cnc(C#N)c(C(F)(F)F)c1,val
CHEMBL4778974,CHEMBL1871,5.89,2016,5.89,CN1C(=O)N(c2ccc(F)c(C(F)(F)F)c2)C(=O)C1(C)C,val
CHEMBL4779474,CHEMBL1871,5.484999999999999,2020,5.484999999999999,C[C@](O)(Cn1cccn1)C(=O)Nc1ccc(C#N)c(C(F)(F)F)c1,test
CHEMBL4779527,CHEMBL1871,6.02,2020,6.02,C[C@](O)(Cn1cc(F)cn1)C(=O)Nc1ccc(C#N)c(Cl)c1,test
CHEMBL4780549,CHEMBL1871,6.85,2021,6.85,N#Cc1ccc(N2C(=O)C3(CCCOC3)N(c3ccc4c(c3)COC4=O)C2=S)cc1C(F)(F)F,train
CHEMBL4781335,CHEMBL1871,7.2,2020,7.2,C[C@](O)(Cn1cc(F)cn1)C(=O)Nc1cnc(C#N)c(C(F)(F)F)c1,val
CHEMBL4781708,CHEMBL1871,5.22,2016,5.22,CC1(C)NC(=O)N(c2cccc(C(F)(F)F)c2)C1=O,val
CHEMBL4781726,CHEMBL1871,5.55,2021,5.55,N#Cc1ccc(N2C(=O)C3CCc4ccccc4N3C2=S)cc1C(F)(F)F,train
CHEMBL4782196,CHEMBL1871,5.0,2016,5.0,CC1NC(=O)N(c2ccc(F)c(C(F)F)c2)C1=O,val
CHEMBL4782426,CHEMBL1871,5.42,2016,5.42,CC1(C)NC(=O)N(c2ccncc2)C1=O,val
CHEMBL4782786,CHEMBL1871,5.13,2020,5.13,Clc1ccc(C2Nc3ccc4ccccc4c3C3C4CCC(C4)C23)cc1,train
CHEMBL4782924,CHEMBL1871,6.04,2020,6.04,C[C@@](Cn1cc(N)cn1)(OC(=O)CCl)C(=O)Nc1ccc(C#N)c(C(F)(F)F)c1,test
CHEMBL4782992,CHEMBL1871,6.38,2020,6.38,C[C@](O)(Cn1cc(-c2ccc(F)cc2)c(F)n1)C(=O)Nc1ccc(C#N)c(C(F)(F)F)c1,train
CHEMBL4783581,CHEMBL1871,6.7,2020,6.7,C[C@](O)(Cn1cc(F)cn1)C(=O)Nc1ccc(C#N)c(C(F)(F)F)c1,test
CHEMBL4784244,CHEMBL1871,5.26,2020,5.26,C[C@](O)(Cn1cc(C#N)c(Br)n1)C(=O)Nc1cnc(C#N)c(C(F)(F)F)c1,val
CHEMBL4786505,CHEMBL1871,5.62,2016,5.62,CC1(C)C(=O)N(c2ccc(F)c(C(F)(F)F)c2)C(=O)N1CCc1ccccc1,test
CHEMBL4786811,CHEMBL1871,5.55,2016,5.55,CC1(C)C(=O)NC(=O)N1c1ccc(F)c(C(F)(F)F)c1,train
CHEMBL4787221,CHEMBL1871,5.34,2021,5.34,N#Cc1ccc(N2C(=O)C3CCc4cc(-c5ccn(C6CC6)n5)ccc4N3C2=S)cc1C(F)(F)F,train
CHEMBL4787631,CHEMBL1871,5.64,2021,5.64,CC1(C)C(=O)N(c2ccc(C#N)c(C(F)(F)F)c2)C(=S)N1c1cnc2c(c1)COC2=O,train
CHEMBL4787997,CHEMBL1871,6.04,2016,6.04,CC1(C)CC(=O)N(c2ccc(F)c(C(F)(F)F)c2)C1=O,train
CHEMBL4788710,CHEMBL1871,4.74,2021,4.74,N#Cc1ccc(N2C(=O)C3CSc4cc(Br)ccc4N3C2=S)cc1C(F)(F)F,train
CHEMBL4788869,CHEMBL1871,5.22,2021,5.22,Cc1noc(C)c1-c1ccc2c(c1)CCC1C(=O)N(c3ccc(C#N)c(C(F)(F)F)c3)C(=S)N21,train
CHEMBL4789258,CHEMBL1871,6.301029995663981,2020,6.301029995663981,CC(C)(c1ccc(OCc2cnc(NS(C)(=O)=O)o2)cc1)c1cc(Cl)c(OCCCl)c(C#N)c1,train
CHEMBL4789909,CHEMBL1871,6.301029995663981,2020,6.301029995663981,CC(C)(c1ccc(OCc2ccnc(NS(C)(=O)=O)n2)cc1)c1cc(Cl)c(OCCCl)c(Cl)c1,train
CHEMBL4790160,CHEMBL1871,6.09,2020,6.09,CCOC(=O)C1Nc2ccc3ccccc3c2C2C=CCC12,train
CHEMBL4790269,CHEMBL1871,5.68,2016,5.68,CC1(C)OC(=O)N(c2ccc(F)c(C(F)(F)F)c2)C1=O,train
CHEMBL4790541,CHEMBL1871,7.24,2020,7.24,C[C@](O)(Cn1cc(C(F)(F)F)cn1)C(=O)Nc1cnc(C#N)c(C(F)(F)F)c1,val
CHEMBL4792484,CHEMBL1871,6.87,2021,6.87,N#Cc1ccc(N2C(=O)C3(CCCC3)N(c3ccc4c(c3)CCOC4=O)C2=S)cc1C(F)(F)F,train
CHEMBL4792938,CHEMBL1871,6.72,2020,6.72,C[C@@](O)(Cn1cc(F)cn1)C(=O)Nc1ccc(C#N)c(C(F)(F)F)c1,test
CHEMBL4793070,CHEMBL1871,6.58,2016,6.58,O=C1CNC(=O)N1c1ccc(F)c(C(F)(F)F)c1,val
CHEMBL4793158,CHEMBL1871,5.32,2016,5.32,CC1(CO)NC(=O)N(c2ccc(F)c(C(F)(F)F)c2)C1=O,val
CHEMBL4793442,CHEMBL1871,5.38,2020,5.38,C[C@](O)(Cn1ccc(-c2ccc(F)cc2)n1)C(=O)Nc1ccc(C#N)c(C(F)(F)F)c1,test
CHEMBL4794197,CHEMBL1871,6.56,2020,6.56,C#Cc1ccc(-c2cnn(C[C@](C)(O)C(=O)Nc3ccc(C#N)c(C(F)(F)F)c3)c2)cc1,train
CHEMBL4794467,CHEMBL1871,6.855,2020,6.855,C[C@](O)(Cn1cc(Br)c(F)n1)C(=O)Nc1cnc(C#N)c(C(F)(F)F)c1,val
CHEMBL4794639,CHEMBL1871,7.02,2021,7.02,N#Cc1ccc(N2C(=O)C3(CCCCC3)N(c3ccc4c(c3)COC4=O)C2=S)cc1C(F)(F)F,test
CHEMBL4795534,CHEMBL1871,5.0,2016,5.0,CC1(C)CC(=O)N(c2ccc(F)c(C(F)(F)F)c2)C(=O)N1,train
CHEMBL4796332,CHEMBL1871,5.72,2020,5.72,Clc1ccc(C2Nc3ccc4ccccc4c3C3C=CCC32)cc1,train
CHEMBL4797334,CHEMBL1871,5.6850000000000005,2020,5.6850000000000005,C[C@](O)(Cn1cc(Br)cn1)C(=O)Nc1ccc(C#N)c(C(F)(F)F)c1,test
CHEMBL4797715,CHEMBL1871,5.51,2020,5.51,Clc1ccccc1C1Nc2ccc3ccccc3c2C2C=CCC21,train
CHEMBL4798254,CHEMBL1871,4.69,2020,4.69,Clc1ccc(C2Nc3ccc4ccccc4c3C3OCCCC23)c(Cl)c1,train
CHEMBL4798606,CHEMBL1871,6.66,2020,6.66,Fc1ccccc1C1Nc2ccc3ccccc3c2C2C=CCC21,train
CHEMBL4798843,CHEMBL1871,5.69,2020,5.69,C[C@](O)(Cn1cc(I)cn1)C(=O)Nc1ccc(C#N)c(C(F)(F)F)c1,test
CHEMBL4798945,CHEMBL1871,5.41,2021,5.41,N#Cc1ccc(N2C(=O)C3CCc4cc(-c5cccnc5)ccc4N3C2=S)cc1C(F)(F)F,train
CHEMBL4799175,CHEMBL1871,6.85,2016,6.85,CCN1C(=O)N(c2ccc(F)c(C(F)(F)F)c2)C(=O)C1(C)C,val
CHEMBL4799239,CHEMBL1871,6.301029995663981,2020,6.301029995663981,CC(C)(c1ccc(OCc2cnc(Cl)o2)cc1)c1cc(Cl)c(OCCCl)c(C#N)c1,train
CHEMBL4799429,CHEMBL1871,5.43,2016,5.43,CC1(C)NC(=O)N(c2ccc(F)c(C#N)c2)C1=O,val
CHEMBL479988,CHEMBL1871,6.85,2008,6.85,CC(=O)c1ccc(N(Cc2ccccc2)c2cc(C(=O)N3CCCC3)n(C)c2)cc1,train
CHEMBL4800118,CHEMBL1871,6.301029995663981,2020,6.301029995663981,CC(C)S(=O)(=O)c1nc(COc2ccc(C(C)(C)c3cc(Cl)c(OCCCl)c(C#N)c3)cc2)co1,train
CHEMBL4800363,CHEMBL1871,5.26,2020,5.26,C[C@](O)(Cn1cc(F)cn1)C(=O)Nc1cc(C(F)(F)F)c(C#N)cc1I,test
CHEMBL4800572,CHEMBL1871,5.95,2020,5.95,C[C@@]1(Cn2cc(F)cn2)OC(=O)N(c2ccc(C#N)c(C(F)(F)F)c2)C1=O,train
CHEMBL480162,CHEMBL1871,6.1850000000000005,2008,6.1850000000000005,Cn1cc(N(Cc2ccccc2)c2ccc([N+](=O)[O-])cc2)cc1C(N)=O,train
CHEMBL480182,CHEMBL1871,6.4,2008,6.4,O=C1ON=C(c2ccc(Cl)cc2)/C1=C/c1ccc(N2CCCC2)cc1,train
CHEMBL480183,CHEMBL1871,4.895,2008,4.895,Cc1cc(C)cc(N(C)c2cc(C(=O)N3CCCC3)n(C)c2)c1,test
CHEMBL480934,CHEMBL1871,6.14,2008,6.14,Cn1cc(N(Cc2ccc(O)cc2)c2ccc([N+](=O)[O-])cc2)cc1C(=O)N1CCCC1,train
CHEMBL480955,CHEMBL1871,6.89,2008,6.89,Cn1cc(N(Cc2ccccc2)c2ccc(C#N)cc2)cc1C(=O)N1CCCC1,train
CHEMBL480959,CHEMBL1871,6.75,2008,6.75,COC(=O)c1ccc(N(Cc2ccccc2)c2cc(C(=O)N3CCCC3)n(C)c2)cc1,train
CHEMBL480960,CHEMBL1871,6.225,2008,6.225,Cn1cc(N(Cc2ccccc2)c2ccc([N+](=O)[O-])cc2)cc1CO,train
CHEMBL480982,CHEMBL1871,6.22,2008,6.22,CCN(CC)c1ccc(/C=C2\C(=O)ON=C2C)cc1,train
CHEMBL481107,CHEMBL1871,6.1,2008,6.1,Cn1cc(N(Cc2ccc(F)cc2)c2ccc([N+](=O)[O-])cc2)cc1C(=O)N1CCCC1,train
CHEMBL481139,CHEMBL1871,7.0,2008,7.0,CCN(CC)C(=O)c1cc(N(Cc2ccccc2)c2ccc([N+](=O)[O-])cc2)cn1C,train
CHEMBL481152,CHEMBL1871,5.11,2008,5.11,CCN(c1cc(C)cc(C)c1)c1cc(C(=O)N2CCCC2)n(C)c1,test
CHEMBL481302,CHEMBL1871,5.21,2008,5.21,CCCCN(CCCC)C(=O)c1cc(N(Cc2ccccc2)c2ccc([N+](=O)[O-])cc2)cn1C,train
CHEMBL481350,CHEMBL1871,4.981439372640169,2008,4.981439372640169,CN(c1ccc([N+](=O)[O-])cc1)c1cc(C(=O)N2CCCC2)n(C)c1,test
CHEMBL481355,CHEMBL1871,5.255,2008,5.255,CCN(c1ccc([N+](=O)[O-])cc1)c1cc(C(=O)N2CCCC2)n(C)c1,test
CHEMBL481356,CHEMBL1871,5.154999999999999,2008,5.154999999999999,CC(C)N(c1ccc([N+](=O)[O-])cc1)c1cc(C(=O)N2CCCC2)n(C)c1,test
CHEMBL481514,CHEMBL1871,6.46,2008,6.46,Cc1cc(C)cc(N(Cc2ccccc2)c2cc(C(=O)N3CCCC3)n(C)c2)c1,train
CHEMBL481515,CHEMBL1871,5.67,2008,5.67,Cc1cc(C)cc(N(Cc2ccc(O)cc2)c2cc(C(=O)N3CCCC3)n(C)c2)c1,train
CHEMBL48159,CHEMBL1871,7.78,2001,7.78,C[C@@](O)(CBr)C(=O)Nc1ccc([N+](=O)[O-])c(C(F)(F)F)c1,train
CHEMBL481686,CHEMBL1871,5.45,2008,5.45,Cc1cc(C)cc(N(Cc2ccc(CO)cc2)c2cc(C(=O)N3CCCC3)n(C)c2)c1,train
CHEMBL481746,CHEMBL1871,5.75,2008,5.75,Cn1cc(N(Cc2ccc(CO)cc2)c2ccc([N+](=O)[O-])cc2)cc1C(=O)N1CCCC1,train
CHEMBL481924,CHEMBL1871,6.455,2008,6.455,Cn1cc(N(Cc2ccccc2)c2ccc([N+](=O)[O-])c(C(F)(F)F)c2)cc1C(=O)N1CCCC1,train
CHEMBL481939,CHEMBL1871,6.09,2008,6.09,Cc1ccc(CN(c2ccc([N+](=O)[O-])cc2)c2cc(C(=O)N3CCCC3)n(C)c2)cc1,train
CHEMBL482063,CHEMBL1871,5.949999999999999,2008,5.949999999999999,O=C(c1ccc(N(Cc2ccccc2)c2ccc([N+](=O)[O-])cc2)cc1)N1CCCC1,train
CHEMBL482064,CHEMBL1871,5.869999999999999,2008,5.869999999999999,O=C(c1cccc(N(Cc2ccccc2)c2ccc([N+](=O)[O-])cc2)c1)N1CCCC1,test
CHEMBL482549,CHEMBL1871,7.77,2009,7.77,Cc1c(N2C(NC#N)N3CC[C@H](O)[C@H]3[C@@H]2C)ccc(C#N)c1Cl,train
CHEMBL483246,CHEMBL1871,6.13,2008,6.13,Cn1c(C#N)ccc1-c1ccc2c(c1)C(c1ccco1)(c1ccco1)OCC(=O)N2,train
CHEMBL48358,CHEMBL1871,5.82,1996,5.82,C=C1C=CCC(C)(C)C1Cc1cc(OC)c(Br)cc1O,train
CHEMBL483745,CHEMBL1871,9.15,2009,9.15,Cc1c(/N=C2\O[C@@H](C(C)C)[C@@H]3[C@H](O)CCN23)ccc(C#N)c1Cl,train
CHEMBL483746,CHEMBL1871,8.0,2009,8.0,Cc1c(/N=C2\NC[C@@H]3[C@H](O)CCN23)ccc(C#N)c1Cl,train
CHEMBL483941,CHEMBL1871,7.72,2009,7.72,Cc1c(/N=C2\N(C(N)=O)C[C@@H]3[C@H](O)CCN23)ccc(C#N)c1Cl,train
CHEMBL4845915,CHEMBL1871,7.52,2021,7.52,Fc1cc(F)c2[nH]cc(-c3ccc4ccccc4n3)c2c1,test
CHEMBL484662,CHEMBL1871,6.07,2013,6.07,O=c1cc(-c2ccc(O)cc2)oc2cccc(O)c12,train
CHEMBL4846981,CHEMBL1871,5.66,2021,5.66,Cc1ccc2c(-c3ccc4ccccc4n3)c[nH]c2c1F,test
CHEMBL4847082,CHEMBL1871,7.16,2021,7.16,Fc1cc2c(-c3ccc4c(-c5cncs5)cccc4n3)c[nH]c2c(F)c1F,train
CHEMBL484726,CHEMBL1871,9.52,2009,9.52,Cc1c(/N=C2\O[C@@H](C(F)(F)F)[C@@H]3[C@@H](O)CCN23)ccc(C#N)c1Cl,train
CHEMBL484727,CHEMBL1871,9.7,2009,9.7,Cc1c(/N=C2\O[C@H](C(F)(F)F)[C@@H]3[C@@H](O)CCN23)ccc(C#N)c1Cl,train
CHEMBL484728,CHEMBL1871,9.52,2009,9.52,Cc1c(/N=C2\O[C@@H](C(F)(F)F)[C@@H]3[C@H](O)CCN23)ccc(C#N)c1Cl,train
CHEMBL4848581,CHEMBL1871,6.18,2021,6.18,CC(C)NC(=O)c1cccc2nc(-c3cn(COP(=O)([O-])[O-])c4c(F)c(F)c(F)cc34)ccc12.[Na+].[Na+],test
CHEMBL4849002,CHEMBL1871,6.75,2021,6.75,O=C(NCC1CC1)c1cccc2nc(-c3c[nH]c4c(F)c(F)c(F)cc34)ccc12,val
CHEMBL4849023,CHEMBL1871,7.4,2021,7.4,O=C(NCC(F)F)c1cccc2nc(-c3c[nH]c4c(F)c(F)c(F)cc34)ccc12,test
CHEMBL484919,CHEMBL1871,9.1,2009,9.1,Cc1c(/N=C2\OC[C@@H]3[C@H](O)CCN23)ccc(C#N)c1Cl,train
CHEMBL4849570,CHEMBL1871,7.3149999999999995,2021,7.3149999999999995,N#Cc1ncc(N2C(=O)C3(CCC3)N(c3ccc(OC4CCNCC4)nc3)C2=S)cc1Cl,train
CHEMBL4850003,CHEMBL1871,6.375,2021,6.375,CN1CCC(Oc2ncc(N3C(=S)N(c4cnc(C#N)c(C(F)(F)F)c4)C(=O)C34CCC4)cn2)CC1,train
CHEMBL4850746,CHEMBL1871,7.03,2021,7.03,CNC(=O)c1cc2c(cc1F)CC1(C2)C(=O)N(c2ccc(C#N)c(C(F)(F)F)c2)C(=S)N1C(C)C,train
CHEMBL4850855,CHEMBL1871,5.825,2021,5.825,N#Cc1ncc(N2C(=O)C3(CCC3)N(c3ccc(O)nc3)C2=S)cc1C(F)(F)F,train
CHEMBL4850974,CHEMBL1871,6.72,2021,6.72,Fc1ccc2c(-c3ccc4ccccc4n3)c[nH]c2c1F,test
CHEMBL4851052,CHEMBL1871,6.705,2021,6.705,CN1C(=S)N(c2cnc(C#N)c(C(F)(F)F)c2)C(=O)C12Cc1ccc(OC3CCNCC3)cc1C2,test
CHEMBL4852213,CHEMBL1871,6.04,2020,6.04,C[C@](O)(Cn1cnc(Br)c1)C(=O)Nc1ccc(C#N)c(C(F)(F)F)c1,train
CHEMBL4852266,CHEMBL1871,6.855,2021,6.855,CNC(=O)c1cc2c(cc1F)CC1(C2)C(=O)N(c2cnc(C#N)c(C(F)(F)F)c2)C(=S)N1C1CCCC1,train
CHEMBL4852427,CHEMBL1871,5.86,2020,5.86,C[C@](O)(CN1CCOCC1)C(=O)Nc1ccc(C#N)c(C(F)(F)F)c1,test
CHEMBL4852478,CHEMBL1871,6.2,2020,6.2,C[C@](O)(Cn1ccc(F)c1)C(=O)Nc1ccc(C#N)c(C(F)(F)F)c1,train
CHEMBL4852542,CHEMBL1871,6.77,2021,6.77,Cc1c(F)ccc2c(-c3ccc4ccccc4n3)c[nH]c12,test
CHEMBL4852702,CHEMBL1871,5.78,2021,5.78,Cc1cccc2c(-c3ccc4ccc(Cl)cc4n3)c[nH]c12,test
CHEMBL4852876,CHEMBL1871,7.05,2021,7.05,Fc1cc2c(-c3ccc4ccccc4n3)c[nH]c2c(F)c1F,test
CHEMBL4852950,CHEMBL1871,5.02,2021,5.02,CCC(=O)N[C@H](C[C@H](C)C(Cl)(Cl)Cl)C(=O)N1C(=O)C=C(OC)[C@@H]1C[C@H](C)C(Cl)Cl,train
CHEMBL4852991,CHEMBL1871,6.89,2021,6.89,Fc1cc(Cl)cc2c(-c3ccc4ccccc4n3)c[nH]c12,test
CHEMBL4853429,CHEMBL1871,6.5,2020,6.5,C[C@](O)(Cn1nncc1-c1ccc(F)cc1)C(=O)Nc1ccc(C#N)c(C(F)(F)F)c1,train
CHEMBL485349,CHEMBL1871,5.56,2018,5.56,O=C1CC(c2ccccc2O)Oc2ccc(O)cc21,train
CHEMBL4853754,CHEMBL1871,6.57,2021,6.57,N#Cc1ncc(N2C(=O)C3(CCC3)N(c3ccc(CN4CCNCC4)cc3)C2=S)cc1C(F)(F)F,train
CHEMBL4854145,CHEMBL1871,6.13,2021,6.13,CC(C)(C)NC(=O)c1cccc2nc(-c3c[nH]c4c(F)c(F)c(F)cc34)ccc12,test
CHEMBL4854295,CHEMBL1871,6.895,2021,6.895,CNC(=O)c1cc2c(cc1F)CC1(C2)C(=O)N(c2cnc(C#N)c(C(F)(F)F)c2)C(=S)N1C(C)C,train
CHEMBL4856041,CHEMBL1871,5.151439372640169,2021,5.151439372640169,CNC(=O)c1ccc2c(c1)CC1(C2)C(=O)N(c2ccc(C#N)c(C(F)(F)F)c2)C(=O)N1C,val
CHEMBL4856070,CHEMBL1871,7.52,2021,7.52,Fc1ccc2c(-c3ccc4ccccc4n3)c[nH]c2c1Cl,test
CHEMBL4856585,CHEMBL1871,6.7,2021,6.7,Cc1cccc2c(-c3ccc4cccc(Cl)c4n3)c[nH]c12,test
CHEMBL4857183,CHEMBL1871,7.0,2021,7.0,Cc1cccc2c(-c3ccc4cccc(F)c4n3)c[nH]c12,test
CHEMBL4857366,CHEMBL1871,5.96,2020,5.96,C[C@](O)(Cn1cncn1)C(=O)Nc1ccc(C#N)c(C(F)(F)F)c1,train
CHEMBL4857716,CHEMBL1871,6.995,2021,6.995,CNC(=O)c1cc2c(cc1F)CC1(C2)C(=O)N(c2cnc(C#N)c(C(F)(F)F)c2)C(=S)N1CC(C)C,train
CHEMBL4858811,CHEMBL1871,7.43,2021,7.43,N#Cc1ncc(N2C(=O)C3(CCC3)N(c3ccc(OC4CCNCC4)nc3)C2=S)cc1C(F)(F)F,train
CHEMBL4859502,CHEMBL1871,7.005000000000001,2021,7.005000000000001,CN1CCC(Oc2ccc(N3C(=S)N(c4cnc(C#N)c(C(F)(F)F)c4)C(=O)C34CCC4)cn2)CC1,train
CHEMBL4860114,CHEMBL1871,5.72,2021,5.72,Cc1cc(Cl)c2[nH]cc(-c3ccc4ccccc4n3)c2c1,test
CHEMBL4860547,CHEMBL1871,6.890000000000001,2021,6.890000000000001,COc1cc(N2C(=O)C3(CCC3)N(c3ccc(OC4CCN(C)CC4)nc3)C2=S)cnc1C#N,train
CHEMBL4860814,CHEMBL1871,6.795,2021,6.795,CNC(=O)c1cc2c(cc1F)C[C@@]1(C2)C(=O)N(c2ccc(C#N)c(C(F)(F)F)c2)C(=S)N1C(C)C,train
CHEMBL4861204,CHEMBL1871,6.015000000000001,2021,6.015000000000001,CNC(=O)c1ccc2c(c1)CC1(C2)C(=O)N(c2cnc(C#N)c(C(F)(F)F)c2)C(=S)N1C,train
CHEMBL4861273,CHEMBL1871,6.62,2020,6.62,C[C@](O)(Cn1ccc(-c2ccc(F)cc2)c1)C(=O)Nc1ccc(C#N)c(C(F)(F)F)c1,train
CHEMBL4861278,CHEMBL1871,6.245,2020,6.245,C[C@](O)(Cn1cc(-c2ccc(F)cc2)nn1)C(=O)Nc1cnc(C#N)c(C(F)(F)F)c1,test
CHEMBL4861372,CHEMBL1871,4.96,2021,4.96,COC1=CC(=O)N(C(=O)[C@@H](CCC(Cl)(Cl)Cl)NC(=O)C(C)(C)C)[C@@H]1CCC(Cl)(Cl)Cl,train
CHEMBL4861595,CHEMBL1871,6.715,2021,6.715,N#Cc1ncc(N2C(=O)C3(CCC3)N(c3ccc(O)cc3)C2=S)cc1C(F)(F)F,test
CHEMBL4861621,CHEMBL1871,7.82,2023,7.82,CN1CCN(c2ccc(C(=O)N[C@H]3CC[C@H](N(C)c4ccc(C#N)c(Cl)c4)CC3)cc2)CC1,train
CHEMBL4862827,CHEMBL1871,7.275,2021,7.275,N#Cc1ncc(N2C(=O)C3(CCC3)N(c3ccc(OC4CCNCC4)cc3)C2=S)cc1Cl,test
CHEMBL4862864,CHEMBL1871,5.99,2020,5.99,C[C@](O)(Cn1cnc(C(F)(F)F)n1)C(=O)Nc1ccc(C#N)c(C(F)(F)F)c1,train
CHEMBL4864867,CHEMBL1871,6.52,2021,6.52,Cc1cccc2c(-c3ccc4ccc(F)cc4n3)c[nH]c12,test
CHEMBL4865067,CHEMBL1871,6.705,2021,6.705,CNC(=O)c1cc2c(cc1F)CC1(C2)C(=O)N(c2cnc(C#N)c(C(F)(F)F)c2)C(=S)N1C1CCC1,train
CHEMBL4865182,CHEMBL1871,7.125,2021,7.125,CNC(=O)c1cc2c(cc1F)C[C@]1(C2)C(=O)N(c2ccc(C#N)c(C(F)(F)F)c2)C(=S)N1C(C)C,train
CHEMBL4865865,CHEMBL1871,7.01,2021,7.01,CN1CCC(Oc2ccc(N3C(=S)N(c4cnc(C#N)c(C(F)(F)F)c4)C(=O)C34CCC4)cc2)CC1,test
CHEMBL4865876,CHEMBL1871,6.905,2021,6.905,CNC(=O)c1cc2c(cc1F)CC1(C2)C(=O)N(c2ccc(C#N)c(C(F)(F)F)c2)C(=S)N1CC(C)C,train
CHEMBL4866153,CHEMBL1871,6.235,2021,6.235,CNC(=O)c1ccc2c(c1)CC1(C2)C(=O)N(c2ccc(C#N)c(C(F)(F)F)c2)C(=S)N1C,train
CHEMBL4866292,CHEMBL1871,6.76,2021,6.76,CC(C)NC(=O)c1cccc2nc(-c3c[nH]c4c(F)c(F)c(F)cc34)ccc12,test
CHEMBL4868140,CHEMBL1871,6.4350000000000005,2021,6.4350000000000005,CNC(=O)c1cc2c(cc1F)CC1(C2)C(=O)N(c2ccc(C#N)c(C(F)(F)F)c2)C(=S)N1C,train
CHEMBL4868340,CHEMBL1871,6.404999999999999,2021,6.404999999999999,N#Cc1ncc(N2C(=O)C3(CCC3)N(c3cnc(OC4CCNCC4)nc3)C2=S)cc1C(F)(F)F,train
CHEMBL4868501,CHEMBL1871,6.6,2020,6.6,C[C@](O)(Cn1cc(-c2ccc(F)cc2)nn1)C(=O)Nc1ccc(C#N)c(C(F)(F)F)c1,train
CHEMBL4868764,CHEMBL1871,6.62,2021,6.62,Cc1cccc2c(-c3ccc4c(C(F)(F)F)cccc4n3)c[nH]c12,test
CHEMBL4868944,CHEMBL1871,6.64,2021,6.64,CNC(=O)c1cccc2nc(-c3c[nH]c4c(C)cccc34)ccc12,test
CHEMBL4869391,CHEMBL1871,6.75,2021,6.75,Cc1cccc2ccc(-c3c[nH]c4c(C)cccc34)nc12,test
CHEMBL4869652,CHEMBL1871,6.595,2021,6.595,COc1cc(N2C(=O)C3(CCC3)N(c3ccc(OC4CCN(C)CC4)cc3)C2=S)cnc1C#N,test
CHEMBL4869945,CHEMBL1871,6.49,2020,6.49,C[C@](O)(Cn1ccc(-c2ccccc2)c1)C(=O)Nc1ccc(C#N)c(C(F)(F)F)c1,train
CHEMBL4870138,CHEMBL1871,7.0,2021,7.0,Fc1cc(Cl)c2[nH]cc(-c3ccc4ccccc4n3)c2c1,test
CHEMBL4870389,CHEMBL1871,7.22,2021,7.22,Cc1cccc2c(-c3ccc4ccccc4n3)c[nH]c12,test
CHEMBL4870613,CHEMBL1871,5.99,2020,5.99,C[C@](O)(Cn1cncc1Br)C(=O)Nc1ccc(C#N)c(C(F)(F)F)c1,train
CHEMBL4870661,CHEMBL1871,4.5,2021,4.5,OC(c1cccc2nc(-c3c[nH]c4c(F)c(F)c(F)cc34)ccc12)C(F)(F)F,test
CHEMBL4870803,CHEMBL1871,7.82,2023,7.82,CN(c1ccc(C#N)c(Cl)c1)[C@H]1CC[C@H](NC(=O)c2ccc(N3CCN(C4CN(c5ccc6c(c5)C(=O)N(C5CCC(=O)NC5=O)C6=O)C4)CC3)cc2)CC1,test
CHEMBL4871015,CHEMBL1871,6.654999999999999,2021,6.654999999999999,CNC(=O)c1cc2c(cc1F)CC1(C2)C(=O)N(c2cnc(C#N)c(C(F)(F)F)c2)C(=S)N1C1CC1,test
CHEMBL4871131,CHEMBL1871,6.72,2021,6.72,CNC(=O)c1cc2c(cc1F)CC1(C2)C(=O)N(c2cnc(C#N)c(C(F)(F)F)c2)C(=S)N1C1CCCCC1,train
CHEMBL487116,CHEMBL1871,5.522878745280337,2008,5.522878745280337,N#Cc1cc(F)cc(-c2ccc3c(c2)C(c2ccco2)(c2ccco2)OCC(=O)N3)c1,train
CHEMBL4871230,CHEMBL1871,5.3100000000000005,2021,5.3100000000000005,COC1=CC(=O)N(C(=O)[C@@H](CCC(Cl)(Cl)Cl)NC(=O)C(C)(C)C)[C@@H]1CCC(Cl)Cl,train
CHEMBL4871449,CHEMBL1871,6.26,2021,6.26,Fc1cc2c(-c3ccc4c(C(F)(F)F)cccc4n3)c[nH]c2c(F)c1F,test
CHEMBL4871740,CHEMBL1871,6.8,2021,6.8,Cc1cccc2c(-c3ccc4cccc(Br)c4n3)c[nH]c12,test
CHEMBL4872153,CHEMBL1871,6.04,2021,6.04,CNC(=O)c1cc2c(cc1F)CC1(C2)C(=O)N(c2cnc(C#N)c(C(F)(F)F)c2)C(=S)N1C,train
CHEMBL4872533,CHEMBL1871,7.16,2021,7.16,O=C(NC1CC1)c1cccc2nc(-c3c[nH]c4c(F)c(F)c(F)cc34)ccc12,train
CHEMBL48745,CHEMBL1871,5.72,1996,5.72,C=C1CCC(C)(C)C1Cc1cc(OC)c(Br)cc1O,train
CHEMBL48746,CHEMBL1871,5.84,1996,5.84,C=C1C=C(C)CC(C)(C)C1Cc1cc(OC)c(Br)cc1O,train
CHEMBL4875270,CHEMBL1871,5.73,2020,5.73,C[C@](O)(Cn1ccnc1)C(=O)Nc1ccc(C#N)c(Cl)c1,train
CHEMBL4875734,CHEMBL1871,7.0,2021,7.0,Clc1cccc2c(-c3ccc4ccccc4n3)c[nH]c12,test
CHEMBL4875909,CHEMBL1871,6.3,2021,6.3,Fc1cc2c(-c3ccc4c(-c5nccs5)cccc4n3)c[nH]c2c(F)c1F,val
CHEMBL4876258,CHEMBL1871,6.96,2021,6.96,CNC(=O)c1cccc2nc(-c3c[nH]c4c(F)c(F)c(F)cc34)ccc12,test
CHEMBL4876455,CHEMBL1871,4.823908740944319,2021,4.823908740944319,CNC(=O)c1ccc2c(c1)CC1(C2)NC(=S)N(c2cnc(C#N)c(C(F)(F)F)c2)C1=O,train
CHEMBL4876467,CHEMBL1871,5.82,2021,5.82,Clc1cc(Cl)c2[nH]cc(-c3ccc4ccccc4n3)c2c1,test
CHEMBL4876579,CHEMBL1871,6.73,2021,6.73,N#Cc1ncc(N2C(=O)C3(CCC3)N(c3ccc(OC4CCNCC4)cc3)C2=S)cc1C(F)(F)F,test
CHEMBL4876629,CHEMBL1871,6.48,2020,6.48,C[C@](O)(Cn1ccc(C#N)c1)C(=O)Nc1ccc(C#N)c(C(F)(F)F)c1,train
CHEMBL4876793,CHEMBL1871,6.85,2021,6.85,CNC(=O)c1cc2c(cc1F)C[C@@]1(C2)C(=O)N(c2cnc(C#N)c(C(F)(F)F)c2)C(=S)N1C(C)C,train
CHEMBL4877104,CHEMBL1871,6.64,2021,6.64,Cc1cc(F)cc2c(-c3ccc4ccccc4n3)c[nH]c12,test
CHEMBL4877237,CHEMBL1871,5.8,2021,5.8,Cc1cc(C)c2[nH]cc(-c3ccc4ccccc4n3)c2c1,test
CHEMBL4877240,CHEMBL1871,6.76,2021,6.76,C[C@](O)(CN(c1ccccc1)c1ccc(F)cc1)C(=O)Nc1ccc(C#N)c(C(F)(F)F)c1,train
CHEMBL487728,CHEMBL1871,5.522878745280337,2008,5.522878745280337,CC1(C)OCC(=O)Nc2ccc(-c3cc(F)cc(C#N)c3)cc21,train
CHEMBL4877559,CHEMBL1871,5.125,2021,5.125,CNC(=O)c1ccc2c(c1)CC1(C2)NC(=S)N(c2ccc(C#N)c(C(F)(F)F)c2)C1=O,train
CHEMBL4879319,CHEMBL1871,7.005,2021,7.005,Cc1cc(N2C(=O)C3(CCC3)N(c3ccc(OC4CCNCC4)nc3)C2=S)cnc1C#N,train
CHEMBL4879321,CHEMBL1871,7.235,2021,7.235,CNC(=O)c1cc2c(cc1F)C[C@]1(C2)C(=O)N(c2cnc(C#N)c(C(F)(F)F)c2)C(=S)N1C(C)C,train
CHEMBL48858,CHEMBL1871,5.81,1996,5.81,C=C1CCCC(C)(C)C1Cc1cc(OC)c(Br)cc1O,train
CHEMBL489788,CHEMBL1871,6.67,2008,6.67,Cn1c(C#N)ccc1-c1ccc2c(c1)C(C)(c1ccco1)OCC(=O)N2,train
CHEMBL490955,CHEMBL1871,7.265000000000001,2009,7.265000000000001,Cc1ccccc1Oc1ccc(C#N)cc1Cl,train
CHEMBL490956,CHEMBL1871,7.24,2009,7.24,Cc1ccccc1Sc1ccc(C#N)cc1Cl,test
CHEMBL490957,CHEMBL1871,6.975,2009,6.975,COc1cc(Oc2cccc(C)c2)ccc1C#N,train
CHEMBL491,CHEMBL1871,7.37,1998,7.37,CC(C)(O)C(=O)Nc1ccc([N+](=O)[O-])c(C(F)(F)F)c1,train
CHEMBL491492,CHEMBL1871,5.0,2009,5.0,Cc1ccccc1[S+]([O-])c1ccc(C#N)cc1Cl,train
CHEMBL491493,CHEMBL1871,7.355,2009,7.355,COc1cc(Oc2ccccc2C)ccc1C#N,train
CHEMBL49615,CHEMBL1871,7.09,2001,7.09,C[C@](O)(CBr)C(=O)Nc1ccc(N)c(C(F)(F)F)c1,train
CHEMBL49754,CHEMBL1871,5.0,1996,5.0,C=C1C=C(C)CC(C)(C)C1Sc1ccc([N+](=O)[O-])cc1,train
CHEMBL499137,CHEMBL1871,6.27,2009,6.27,Cc1ccccc1Oc1ccc(C#N)c(C(F)(F)F)c1,train
CHEMBL49966,CHEMBL1871,5.0,1996,5.0,CCOC1=CC(=O)C(Cc2ccc([N+](=O)[O-])cc2)C(C)(C)C1,train
CHEMBL49978,CHEMBL1871,5.63,1996,5.63,C=C1C=C(C)CC(C)(C)C1C/C=C/c1cc(OC)c(Br)cc1O,train
CHEMBL50023,CHEMBL1871,5.9,1996,5.9,C=C1C=C(C)CC(C)(C)C1Cc1ccc([N+](=O)[O-])cc1,train
CHEMBL501080,CHEMBL1871,6.16,2008,6.16,CCC1(c2ccco2)OCC(=O)Nc2ccc(-c3cc(F)cc(C#N)c3)cc21,test
CHEMBL501627,CHEMBL1871,7.3149999999999995,2008,7.3149999999999995,N#Cc1ccc(C2CCCCC2O)cc1C(F)(F)F,train
CHEMBL501649,CHEMBL1871,6.6899999999999995,2009,6.6899999999999995,COc1cc(Oc2ccc(C)cc2)ccc1C#N,train
CHEMBL50241,CHEMBL1871,8.96,1996,8.96,C=C1CC[C@H](O)C/C1=C/C=C1\CCCC2(C)C1CCC2C(C)/C=C/C(C)C(C)C,val
CHEMBL503575,CHEMBL1871,7.5649999999999995,2008,7.5649999999999995,COc1cc(-c2ccccc2O)ccc1C#N,train
CHEMBL503676,CHEMBL1871,7.025,2008,7.025,Cn1cc(N(Cc2ccccc2)c2ccc([N+](=O)[O-])cc2)cc1C(=O)N1CCc2ccccc21,train
CHEMBL503687,CHEMBL1871,6.29,2009,6.29,CC(C)CCSc1ccc(C#N)c(C(F)(F)F)c1,train
CHEMBL504110,CHEMBL1871,7.015,2009,7.015,COc1cc(SCC2CC2)ccc1C#N,test
CHEMBL504179,CHEMBL1871,7.395,2009,7.395,CSc1ccccc1Oc1ccc(C#N)c(C(F)(F)F)c1,train
CHEMBL50454,CHEMBL1871,5.94,1996,5.94,C=C1C[C@H](C)C[C@@H](C)[C@@H]1Cc1cc(OC)c(Br)cc1O,train
CHEMBL50534,CHEMBL1871,5.18,1996,5.18,C=C1[C@@H](Cc2cc(OC)c(Br)cc2O)C(C)(C)CC[C@@]1(C)O,train
CHEMBL50619,CHEMBL1871,5.2,1996,5.2,C=C1C(C)=CCC(C)(C)[C@@H]1Cc1cc(OC)c(Br)cc1OC(C)=O,train
CHEMBL5069607,CHEMBL1871,4.301029995663981,2021,4.301029995663981,Cc1cccc(C(=O)Nc2ccc3c(C(F)(F)F)cc(=O)oc3c2)c1,test
CHEMBL5069872,CHEMBL1871,4.301029995663981,2021,4.301029995663981,O=C(Oc1ccc2c(C(F)(F)F)cc(=O)oc2c1)C1CCCCC1,train
CHEMBL5071469,CHEMBL1871,4.301029995663981,2021,4.301029995663981,Oc1ccccc1/C=N/c1ccc2oc(-c3ccccc3)nc2c1,train
CHEMBL5071682,CHEMBL1871,6.11,2021,6.11,O=c1cc(C(F)(F)F)c2ccc(OCc3c(F)cccc3Cl)cc2o1,test
CHEMBL5071912,CHEMBL1871,4.51,2021,4.51,COC(=O)c1ccc(COc2ccc3c(C(F)(F)F)cc(=O)oc3c2)cc1,test
CHEMBL507267,CHEMBL1871,5.64,2009,5.64,CC(C)c1ccccc1Oc1ccc(C#N)c(C(F)(F)F)c1,train
CHEMBL5074003,CHEMBL1871,5.65,2022,5.65,N#Cc1ccc(S(=O)(=O)Nc2ccc(OCc3ccccc3)cc2)cc1,train
CHEMBL5074175,CHEMBL1871,6.96,2022,6.96,O=S(=O)(Nc1ccc(OCc2ccccc2)cc1)c1ccccc1,train
CHEMBL5074318,CHEMBL1871,4.301029995663981,2022,4.301029995663981,CC(=O)N1c2cc(S(=O)(=O)Nc3ccc(OCc4ccccc4)cc3)c(Br)cc2CC1C,train
CHEMBL5074385,CHEMBL1871,4.301029995663981,2021,4.301029995663981,C[C@H](Oc1cc(Cl)ccc1Cl)C(=O)Nc1ccc2c(C(F)(F)F)cc(=O)oc2c1,train
CHEMBL5074767,CHEMBL1871,5.81,2022,5.81,O=S(=O)(Nc1ccc(OCc2ccccc2)cc1)c1ccc(Br)cc1,train
CHEMBL5075240,CHEMBL1871,5.64,2022,5.64,O=S(=O)(Nc1ccc(OCc2ccccc2)cc1)c1ccc(F)cc1,train
CHEMBL507539,CHEMBL1871,5.0,2018,5.0,COc1ccc2c(c1)C(=O)CC(c1ccccc1OC)O2,train
CHEMBL5075580,CHEMBL1871,5.15,2022,5.15,CCCCS(=O)(=O)Nc1ccc(OCc2ccccc2)cc1,test
CHEMBL5075949,CHEMBL1871,4.301029995663981,2021,4.301029995663981,O=C(c1ccccc1)c1ccc(/N=C/c2ccccc2O)cc1,train
CHEMBL5076171,CHEMBL1871,4.301029995663981,2022,4.301029995663981,CC1NC(=O)NC(=O)C1S(=O)(=O)Nc1ccc(OCc2ccccc2)cc1,train
CHEMBL5076252,CHEMBL1871,4.301029995663981,2021,4.301029995663981,O=c1cc(C(F)(F)F)c2ccc(OCc3ccc([N+](=O)[O-])cc3)cc2o1,test
CHEMBL5076618,CHEMBL1871,4.301029995663981,2021,4.301029995663981,CCOC(=O)C(CC)Oc1ccc2c(C(F)(F)F)cc(=O)oc2c1,test
CHEMBL507671,CHEMBL1871,7.005,2009,7.005,N#Cc1ccc(Sc2ccccc2F)cc1C(F)(F)F,test
CHEMBL5076847,CHEMBL1871,4.301029995663981,2021,4.301029995663981,Oc1ccccc1/C=N/c1ccc(Cl)c(Cl)c1,val
CHEMBL5076873,CHEMBL1871,6.39,2021,6.39,O=c1cc(C(F)(F)F)c2ccc(OCc3ccccc3Cl)cc2o1,test
CHEMBL5077404,CHEMBL1871,5.38,2022,5.38,O=[N+]([O-])c1ccccc1S(=O)(=O)Nc1ccc(OCc2ccccc2)cc1,train
CHEMBL5077543,CHEMBL1871,5.8,2022,5.8,O=[N+]([O-])c1cccc(S(=O)(=O)Nc2ccc(OCc3ccccc3)cc2)c1,train
CHEMBL5077637,CHEMBL1871,5.83,2021,5.83,O=c1cc(C(F)(F)F)c2ccc(OCc3cc4c(cc3Cl)OCO4)cc2o1,train
CHEMBL5077660,CHEMBL1871,4.301029995663981,2022,4.301029995663981,O=S(=O)(Cc1ccc(Cl)cc1)Nc1ccc(OCc2ccccc2)cc1,val
CHEMBL5078078,CHEMBL1871,5.0,2023,5.0,CC(C)(O)c1ccc(N2Cc3c(ccnc3-c3ccc(F)cc3OCC(F)(F)F)C2=O)cc1,test
CHEMBL50786,CHEMBL1871,5.0,1996,5.0,C=C1C=C(C)CC(C)(C)C1Cc1ccc2nonc2c1,train
CHEMBL5078718,CHEMBL1871,4.94,2022,4.94,Cc1ccc(S(=O)(=O)Nc2ccc(OCc3ccccc3)cc2)cc1,train
CHEMBL5078776,CHEMBL1871,4.301029995663981,2021,4.301029995663981,O=C(Nc1ccc2c(C(F)(F)F)cc(=O)oc2c1)c1ccccc1Cl,test
CHEMBL5078897,CHEMBL1871,4.301029995663981,2022,4.301029995663981,Cc1cc(C)c(S(=O)(=O)Nc2ccc(OCc3ccccc3)cc2)c(C)c1,train
CHEMBL5078938,CHEMBL1871,4.6,2021,4.6,O=c1cc(C(F)(F)F)c2ccc(OCc3ccc(OC(F)(F)F)cc3)cc2o1,test
CHEMBL5079200,CHEMBL1871,5.85,2021,5.85,Cc1cccc(COc2ccc3c(C(F)(F)F)cc(=O)oc3c2)c1,test
CHEMBL5079698,CHEMBL1871,6.05,2021,6.05,O=c1cc(C(F)(F)F)c2ccc(OCc3ccc(C(F)(F)F)cc3)cc2o1,test
CHEMBL5079827,CHEMBL1871,4.301029995663981,2021,4.301029995663981,Cc1ccc(OC(=O)Nc2ccc3c(C(F)(F)F)cc(=O)oc3c2)c(C)c1,train
CHEMBL5079893,CHEMBL1871,4.301029995663981,2021,4.301029995663981,O=C(Nc1ccc2c(C(F)(F)F)cc(=O)oc2c1)c1ccccc1F,test
CHEMBL5081224,CHEMBL1871,4.301029995663981,2022,4.301029995663981,O=[N+]([O-])c1ccc(CS(=O)(=O)Nc2ccc(OCc3ccccc3)cc2)cc1,val
CHEMBL5081582,CHEMBL1871,5.75,2022,5.75,O=S(=O)(Nc1ccc(OCc2ccccc2)cc1)c1ccc(C(F)(F)F)cc1,train
CHEMBL5081630,CHEMBL1871,5.43,2021,5.43,O=c1cc(C(F)(F)F)c2ccc(/N=C/c3ccccc3O)cc2o1,train
CHEMBL5082552,CHEMBL1871,4.301029995663981,2022,4.301029995663981,CC(C)CS(=O)(=O)Nc1ccc(OCc2ccccc2)cc1,test
CHEMBL5082962,CHEMBL1871,6.33,2021,6.33,O=c1cc(C(F)(F)F)c2ccc(OCc3ccc(F)cc3)cc2o1,test
CHEMBL5083402,CHEMBL1871,4.301029995663981,2021,4.301029995663981,CC(=O)c1ccc(COc2ccc3c(C(F)(F)F)cc(=O)oc3c2)cc1,test
CHEMBL5083411,CHEMBL1871,4.301029995663981,2021,4.301029995663981,O=C(Nc1ccc2c(C(F)(F)F)cc(=O)oc2c1)c1nc2ncccn2n1,train
CHEMBL5083886,CHEMBL1871,5.72,2021,5.72,O=c1cc(C(F)(F)F)c2ccc(OCc3ccncc3)cc2o1,train
CHEMBL5084126,CHEMBL1871,5.64,2021,5.64,O=c1cc(C(F)(F)F)c2ccc(OCc3cccc(Br)c3)cc2o1,test
CHEMBL5084639,CHEMBL1871,4.301029995663981,2021,4.301029995663981,Cn1cc(C(=O)Nc2ccc3c(C(F)(F)F)cc(=O)oc3c2)c(I)n1,val
CHEMBL5084650,CHEMBL1871,4.301029995663981,2021,4.301029995663981,Cc1ccc(/N=C/c2ccccc2O)cc1Br,val
CHEMBL5084672,CHEMBL1871,4.301029995663981,2022,4.301029995663981,CC(=O)Nc1ccc(S(=O)(=O)Nc2ccc(OCc3ccccc3)cc2)cc1,train
CHEMBL50849,CHEMBL1871,5.52,1996,5.52,COc1cc(CC2C(C)(C)CC(C)=CC23CC3)c(OC(C)=O)cc1Br,val
CHEMBL5085066,CHEMBL1871,4.74,2022,4.74,CN(C)S(=O)(=O)Nc1ccc(OCc2ccccc2)cc1,test
CHEMBL5085150,CHEMBL1871,4.301029995663981,2021,4.301029995663981,O=C(Nc1ccc2c(C(F)(F)F)cc(=O)oc2c1)c1ccccc1,test
CHEMBL5085212,CHEMBL1871,5.3,2022,5.3,O=S(=O)(Nc1ccc(OCc2ccccc2)cc1)c1ccc(Cl)cc1,train
CHEMBL5086322,CHEMBL1871,4.301029995663981,2021,4.301029995663981,Cn1cc(C(=O)Nc2ccc3c(C(F)(F)F)cc(=O)oc3c2)cn1,val
CHEMBL5086603,CHEMBL1871,5.1,2022,5.1,CCS(=O)(=O)Nc1ccc(OCc2ccccc2)cc1,test
CHEMBL5087375,CHEMBL1871,4.301029995663981,2021,4.301029995663981,COC(=O)C(CC(C)C)Oc1ccc2c(C(F)(F)F)cc(=O)oc2c1,test
CHEMBL5087488,CHEMBL1871,6.21,2021,6.21,Cc1ccc(COc2ccc3c(C(F)(F)F)cc(=O)oc3c2)cc1,test
CHEMBL5087539,CHEMBL1871,4.301029995663981,2022,4.301029995663981,CCOC(=O)c1cn[nH]c1S(=O)(=O)Nc1ccc(OCc2ccccc2)cc1,train
CHEMBL5087790,CHEMBL1871,4.301029995663981,2021,4.301029995663981,O=c1cc(C(F)(F)F)c2ccc(OCc3ccc(-c4ccccc4)cc3)cc2o1,train
CHEMBL5087976,CHEMBL1871,5.98,2021,5.98,O=c1cc(C(F)(F)F)c2ccc(OCc3ccc(Cl)cc3)cc2o1,test
CHEMBL5088483,CHEMBL1871,4.301029995663981,2021,4.301029995663981,COc1ccc([N+](=O)[O-])cc1COc1ccc2c(C(F)(F)F)cc(=O)oc2c1,test
CHEMBL5088542,CHEMBL1871,4.301029995663981,2022,4.301029995663981,COC(=O)c1sccc1S(=O)(=O)Nc1ccc(OCc2ccccc2)cc1,train
CHEMBL5088635,CHEMBL1871,6.03,2021,6.03,O=c1cc(C(F)(F)F)c2ccc(OCc3ccccc3Br)cc2o1,test
CHEMBL5088810,CHEMBL1871,4.301029995663981,2022,4.301029995663981,CC(=O)c1ccc(S(=O)(=O)Nc2ccc(OCc3ccccc3)cc2)cc1,train
CHEMBL5088995,CHEMBL1871,4.301029995663981,2021,4.301029995663981,O=C(Nc1ccc2c(C(F)(F)F)cc(=O)oc2c1)c1cccc(Cl)c1,test
CHEMBL5089532,CHEMBL1871,4.301029995663981,2021,4.301029995663981,CCn1cc(C(=O)Nc2ccc3c(C(F)(F)F)cc(=O)oc3c2)c(C)n1,val
CHEMBL5090120,CHEMBL1871,4.301029995663981,2022,4.301029995663981,Cn1c(=O)n(C)c2cc(S(=O)(=O)Nc3ccc(OCc4ccccc4)cc3)ccc21,train
CHEMBL5090667,CHEMBL1871,5.47,2022,5.47,O=S(=O)(Nc1ccc(OCc2ccccc2)cc1)c1cc(Cl)ccc1Cl,train
CHEMBL5090685,CHEMBL1871,5.24,2022,5.24,O=S(=O)(Cc1ccccc1)Nc1ccc(OCc2ccccc2)cc1,val
CHEMBL5091168,CHEMBL1871,5.03,2021,5.03,CC(C)c1ccc(COc2ccc3c(C(F)(F)F)cc(=O)oc3c2)cc1,test
CHEMBL5091684,CHEMBL1871,4.301029995663981,2021,4.301029995663981,NC(=O)c1ccc(COc2ccc3c(C(F)(F)F)cc(=O)oc3c2)cc1,test
CHEMBL5091707,CHEMBL1871,4.301029995663981,2021,4.301029995663981,O=c1cc(C(F)(F)F)c2ccc(OCc3ccccn3)cc2o1,train
CHEMBL5091772,CHEMBL1871,4.301029995663981,2022,4.301029995663981,COc1ccc(CS(=O)(=O)Nc2ccc(OCc3ccccc3)cc2)cc1,val
CHEMBL5092058,CHEMBL1871,5.0,2022,5.0,Cc1cn([C@H](C)CC#N)c(=O)c2cc(Cn3nc(C(F)F)cc3Cl)nn12,train
CHEMBL5092095,CHEMBL1871,4.301029995663981,2021,4.301029995663981,O=c1cc(C(F)(F)F)c2ccc(OCc3cccnc3)cc2o1,train
CHEMBL5093730,CHEMBL1871,6.04,2021,6.04,O=c1cc(C(F)(F)F)c2ccc(OCc3ccccc3F)cc2o1,test
CHEMBL5093873,CHEMBL1871,4.301029995663981,2021,4.301029995663981,N#Cc1cccc(/N=C/c2ccccc2O)c1,val
CHEMBL5094403,CHEMBL1871,4.301029995663981,2021,4.301029995663981,O=c1cc(C(F)(F)F)c2ccc(OCc3ccc4ccccc4c3)cc2o1,train
CHEMBL5094463,CHEMBL1871,4.301029995663981,2021,4.301029995663981,Cn1cc(C(=O)Nc2ccc3c(C(F)(F)F)cc(=O)oc3c2)c(Br)n1,val
CHEMBL5094528,CHEMBL1871,5.03,2021,5.03,O=c1cc(C(F)(F)F)c2ccc(OCc3ccc4c(c3)OCO4)cc2o1,train
CHEMBL5094619,CHEMBL1871,5.79,2021,5.79,COc1ccc(COc2ccc3c(C(F)(F)F)cc(=O)oc3c2)cc1,test
CHEMBL510145,CHEMBL1871,7.58,2009,7.58,COc1cc(Sc2ccccc2OC)ccc1C#N,test
CHEMBL510289,CHEMBL1871,6.59,2009,6.59,CCOc1cc(C)ccc1Oc1ccc(C#N)c(C(F)(F)F)c1,train
CHEMBL51093,CHEMBL1871,6.35,1996,6.35,C=C1CC[C@@H](Br)C(C)(C)[C@H]1Cc1cc(OC)c(Br)cc1O,train
CHEMBL511130,CHEMBL1871,8.4,2022,8.4,CC(=O)Nc1ccc(OC[C@@](C)(O)C(=O)Nc2ccc([N+](=O)[O-])c(C(F)(F)F)c2)cc1,train
CHEMBL511145,CHEMBL1871,6.45,2009,6.45,Cc1ccc(Oc2ccc(C#N)c(C(F)(F)F)c2)c(O)c1,train
CHEMBL511812,CHEMBL1871,5.0,2009,5.0,CC[C@@]12C[C@H](O)[C@](O)(c3ccccc3)C[C@H]1CCc1cc(O)ccc12,train
CHEMBL512283,CHEMBL1871,8.77,2009,8.77,C[C@](O)(COc1ccc(Cl)c(F)c1)C(=O)Nc1ccc(C#N)c(C(F)(F)F)c1,train
CHEMBL512837,CHEMBL1871,6.655,2009,6.655,COc1ccc(C)cc1Oc1ccc(C#N)c(C(F)(F)F)c1,train
CHEMBL513195,CHEMBL1871,7.075,2009,7.075,CCc1ccccc1Oc1ccc(C#N)c(C(F)(F)F)c1,train
CHEMBL513768,CHEMBL1871,6.395,2009,6.395,Cc1cc(C)c(Oc2ccc(C#N)c(C(F)(F)F)c2)c(C)c1,train
CHEMBL514630,CHEMBL1871,5.03,2009,5.03,CC12CC(C)(C(=O)Nc3nncs3)C(c3ccccc31)c1ccccc12,test
CHEMBL514646,CHEMBL1871,5.13,2009,5.13,C[C@@]1(C(=O)Nc2nccs2)CC2c3ccccc3C1c1ccccc12,test
CHEMBL51483,CHEMBL1871,5.14,2022,5.14,Cc1cc2c(C(C)C)c(O)c(O)c(C=O)c2c(O)c1-c1c(C)cc2c(C(C)C)c(O)c(O)c(C=O)c2c1O,train
CHEMBL515671,CHEMBL1871,5.0,2009,5.0,CC#C[C@]1(O)C[C@H]2CCc3cc(OCc4cccnc4C)ccc3[C@]2(CC)C[C@@H]1O,train
CHEMBL516241,CHEMBL1871,5.0,2009,5.0,COc1ccccc1CNC(=O)c1cc(C(F)(F)F)nn1-c1cccc(CNC(=O)[C@H](C)N)c1,train
CHEMBL51639,CHEMBL1871,6.62,1996,6.62,C=C1CC[C@@H](Br)C(C)(C)[C@@H]1Cc1cc(OC)c(Br)cc1O,train
CHEMBL516610,CHEMBL1871,5.07,2008,5.07,Cn1cc(Nc2ccc([N+](=O)[O-])cc2)cc1C(=O)N1CCCC1,test
CHEMBL51669,CHEMBL1871,5.96,1996,5.96,C=C1CCCC(C)(C)[C@@H]1Cc1cc(OC)c(Br)cc1O,train
CHEMBL516752,CHEMBL1871,5.285,2008,5.285,Cc1cc(C)cc(N(c2cc(C(=O)N3CCCC3)n(C)c2)C(C)C)c1,test
CHEMBL5169354,CHEMBL1871,4.6020599913279625,2022,4.6020599913279625,N#Cc1ccc(NC(=O)c2ccn(-c3ccc(C#N)c(C(F)(F)F)c3)n2)cc1,train
CHEMBL5169570,CHEMBL1871,5.93,2022,5.93,CC1(C)C(=O)N(c2ccc(C#N)c(C(F)(F)F)c2)C(=S)N1CCCCC(=O)NO,train
CHEMBL5169631,CHEMBL1871,6.12,2022,6.12,CC1(C)C(=O)N(c2ccc(C#N)c(C(F)(F)F)c2)C(=S)N1c1ccc(C(=O)Nc2ccccc2N)nc1,train
CHEMBL5169913,CHEMBL1871,4.6020599913279625,2022,4.6020599913279625,N#Cc1ccc(-n2ccc(CCCNC(=O)c3ccc(F)cc3)n2)cc1C(F)(F)F,train
CHEMBL5170088,CHEMBL1871,5.0,2022,5.0,CC1(C)C(=O)N(c2ccc(C#N)c(C(F)(F)F)c2)C(=S)N1c1ccc(C(=O)Nc2cc(-c3ccccc3)ccc2N)cn1,train
CHEMBL5170285,CHEMBL1871,4.6020599913279625,2022,4.6020599913279625,N#Cc1ccc(-n2ccc(CNS(=O)(=O)c3ccc(F)cc3)n2)cc1C(F)(F)F,test
CHEMBL5170587,CHEMBL1871,9.0,2022,9.0,N#Cc1ccc(N2CCC[C@@H]2[C@@H](O)C(F)(F)F)cc1C(F)(F)F,train
CHEMBL5170697,CHEMBL1871,9.05,2022,9.05,CCc1c(C)c2c3c(Cl)cc(=O)[nH]c3ccc2n1CC(F)(F)F,val
CHEMBL5170796,CHEMBL1871,6.72,2022,6.72,CC1(C)C(=O)N(c2ccc(C#N)c(C(F)(F)F)c2)C(=S)N1C12CC(CC(=O)Nc3ccccc3N)(C1)C2,test
CHEMBL5171887,CHEMBL1871,4.6020599913279625,2022,4.6020599913279625,N#Cc1ccc(-n2ccc(C(=O)Nc3ccc(F)nc3)n2)cc1C(F)(F)F,train
CHEMBL5171911,CHEMBL1871,4.6020599913279625,2022,4.6020599913279625,N#Cc1ccc(-n2ccc(C(=O)Nc3ccc(F)cn3)n2)cc1C(F)(F)F,test
CHEMBL5172818,CHEMBL1871,4.83,2022,4.83,Cc1cn(-c2ccc(C#N)c(C(F)(F)F)c2)nc1CNC(=O)c1ccc(C#N)cc1,test
CHEMBL5172944,CHEMBL1871,4.6020599913279625,2022,4.6020599913279625,N#Cc1ccc(-n2ccc(C(=O)Nc3ccncc3)n2)cc1C(F)(F)F,train
CHEMBL5173002,CHEMBL1871,5.0,2022,5.0,CC1(C)C(=O)N(c2ccc(C#N)c(C(F)(F)F)c2)C(=S)N1c1ccc(C(=O)Nc2cc(-c3ccccc3)ccc2N)nc1,train
CHEMBL5173364,CHEMBL1871,5.87,2022,5.87,C[C@]12CC[C@H](NC(=O)c3ccnnc3)CC1=CC[C@@H]1[C@@H]2CC[C@]2(C)C(n3cnc4ccccc43)=CC[C@@H]12,train
CHEMBL5173941,CHEMBL1871,6.41,2022,6.41,CC1(C)C(=O)N(c2ccc(C#N)c(C(F)(F)F)c2)C(=S)N1CCCCCCC(=O)NO,train
CHEMBL5174154,CHEMBL1871,6.77,2022,6.77,N#Cc1ccc(-n2ccc(CC(=O)Nc3ccc(F)cn3)n2)cc1Cl,train
CHEMBL5174715,CHEMBL1871,5.79,2022,5.79,Cc1cncc(C2=CC[C@H]3[C@@H]4CC=C5C[C@@H](NC(=O)c6ccnnc6)CC[C@]5(C)[C@H]4CC[C@]23C)c1,train
CHEMBL5175077,CHEMBL1871,7.1,2022,7.1,N#Cc1ccc(-n2ccc(CC(=O)Nc3ccc([N+](=O)[O-])cc3)n2)cc1C(F)(F)F,train
CHEMBL5175229,CHEMBL1871,4.6020599913279625,2022,4.6020599913279625,CNC(=O)c1ccc(C(=O)NCc2ccn(-c3ccc(C#N)c(C(F)(F)F)c3)n2)cc1F,test
CHEMBL5175232,CHEMBL1871,4.6020599913279625,2022,4.6020599913279625,N#Cc1ccc(-n2ccc(NC(=O)c3ccc(F)cc3)n2)cc1C(F)(F)F,train
CHEMBL5176010,CHEMBL1871,6.55,2022,6.55,CC1(C)C(=O)N(c2ccc(C#N)c(C(F)(F)F)c2)C(=S)N1Cc1ccc(C(=O)Nc2ccccc2N)cc1,val
CHEMBL5176535,CHEMBL1871,4.6020599913279625,2022,4.6020599913279625,N#Cc1ccc(-n2ccc(CCNC(=O)c3ccc(F)cc3)n2)cc1C(F)(F)F,train
CHEMBL5177079,CHEMBL1871,6.32,2022,6.32,N#Cc1ccc(-n2ccc(CC(=O)Nc3ccc(F)cc3)n2)cc1C(F)(F)F,train
CHEMBL51788,CHEMBL1871,6.24,1996,6.24,C=C1CCC[C@@H](C)[C@@H]1Cc1cc(OC)c(Br)cc1O,train
CHEMBL5178984,CHEMBL1871,6.61,2022,6.61,Cc1cn(C2=CC[C@H]3[C@@H]4CC=C5C[C@@H](NC(=O)c6ccncc6)CC[C@]5(C)[C@H]4CC[C@]23C)cn1,train
CHEMBL5179173,CHEMBL1871,5.0,2022,5.0,CC1(C)C(=O)N(c2ccc(C#N)c(C(F)(F)F)c2)C(=S)N1c1ccc(C(=O)Nc2cc(-c3cccs3)ccc2N)nc1,train
CHEMBL5180473,CHEMBL1871,4.6020599913279625,2022,4.6020599913279625,N#Cc1ccc(C(=O)NCCc2ccn(-c3ccc(C#N)c(C(F)(F)F)c3)n2)cc1,train
CHEMBL5180580,CHEMBL1871,6.01,2022,6.01,CC1(C)C(=O)N(c2ccc(C#N)c(C(F)(F)F)c2)C(=S)N1c1ccc(C(=O)Nc2ccccc2N)cc1,train
CHEMBL5181000,CHEMBL1871,6.01,2022,6.01,C[C@]12CC[C@H](NC(=O)c3ccnnc3)CC1=CC[C@@H]1[C@@H]2CC[C@]2(C)C(n3ccnc3)=CC[C@@H]12,train
CHEMBL5182367,CHEMBL1871,6.12,2022,6.12,N#Cc1ccc(-n2ccc(CNC(=O)c3ccc(F)cc3)n2)cc1C(F)(F)F,test
CHEMBL5183180,CHEMBL1871,7.23,2022,7.23,CN1C(=O)C(F)=C[C@]2(C)[C@H]3CC[C@]4(C)[C@@H](O)/C(=C/c5cncnc5)C[C@H]4[C@@H]3CC[C@@H]12,train
CHEMBL5183890,CHEMBL1871,6.66,2022,6.66,Cc1cn(-c2ccc(C#N)c(C(F)(F)F)c2)nc1CNC(=O)c1ccc(F)cc1,test
CHEMBL5184779,CHEMBL1871,8.85,2022,8.85,Cc1c(N2C(=O)C3[C@H](O)CCN3C2=O)ccc(C#N)c1Cl,val
CHEMBL5184863,CHEMBL1871,6.81,2022,6.81,CC1(C)C(=O)N(c2ccc(C#N)c(C(F)(F)F)c2)C(=S)N1CCCC(=O)NCCOCCOC(=O)CC12CC3CC(CC(C3)C1)C2,train
CHEMBL5185081,CHEMBL1871,4.6020599913279625,2022,4.6020599913279625,N#Cc1ccc(-n2ccc(NC(=O)Nc3ccc(F)cc3)n2)cc1C(F)(F)F,train
CHEMBL5185108,CHEMBL1871,6.44,2022,6.44,O=C(Cc1ccn(-c2ccc([N+](=O)[O-])c(C(F)(F)F)c2)n1)Nc1ccc(F)nc1,train
CHEMBL5185396,CHEMBL1871,6.47,2022,6.47,O=C(Cc1ccn(-c2ccc([N+](=O)[O-])c(C(F)(F)F)c2)n1)Nc1ccc(F)cc1,train
CHEMBL5185742,CHEMBL1871,5.81,2022,5.81,C[C@]12CC[C@H](NC(=O)c3ccncc3)CC1=CC[C@@H]1[C@@H]2CC[C@]2(C)C(n3cnc4ccccc43)=CC[C@@H]12,train
CHEMBL5186213,CHEMBL1871,8.17,2022,8.17,C[C@@]12O[C@@](C)(C[C@H]1O)[C@@H]1C(=O)N(c3ccc(C#N)c(I)c3)C(=O)[C@@H]12,train
CHEMBL5186217,CHEMBL1871,6.35,2022,6.35,Cc1cn(-c2ccc(C#N)c(C(F)(F)F)c2)nc1CNC(=O)c1ccc([N+](=O)[O-])cc1,test
CHEMBL5186356,CHEMBL1871,7.14,2022,7.14,CCCCc1ccc(OC(=O)N2C[C@@H]3C[C@H]2[C@@H]2C(=O)N(c4ccc([N+](=O)[O-])c5ccccc45)C(=O)N32)cc1,train
CHEMBL5186400,CHEMBL1871,4.6020599913279625,2022,4.6020599913279625,CC(C)(O)c1ccc(C(=O)NCc2ccn(-c3ccc(C#N)c(C(F)(F)F)c3)n2)cc1,test
CHEMBL5186580,CHEMBL1871,6.47,2022,6.47,N#Cc1ccc(-n2ccc(CC(=O)Nc3ccc(F)cn3)n2)cc1C(F)(F)F,train
CHEMBL5187028,CHEMBL1871,5.34,2022,5.34,Cc1ccc(NC(=O)Cc2ccn(-c3ccc(C#N)c(C(F)(F)F)c3)n2)cc1,train
CHEMBL5187916,CHEMBL1871,8.06,2022,8.06,CC(C)(C)OC(=O)c1cccc2oc(=O)c3c(ccc4[nH]c(=O)cc(C(F)(F)F)c43)c12,test
CHEMBL5188878,CHEMBL1871,6.68,2022,6.68,N#Cc1ccc(-n2ccc(CC(=O)Nc3ccc(F)c(F)c3)n2)cc1C(F)(F)F,train
CHEMBL5189325,CHEMBL1871,8.15,2022,8.15,Cc1c(N[C@@H](c2ccc(-c3ccc(C#N)cc3)o2)[C@H](C)O)ccc(C#N)c1Cl,test
CHEMBL518945,CHEMBL1871,6.96,2008,6.96,Cn1cc(N(Cc2ccccc2)c2ccc([N+](=O)[O-])cc2)cc1C(=O)N1CCCC1,train
CHEMBL5189989,CHEMBL1871,7.5,2022,7.5,CC(C)N1C[C@@]2(C)O[C@](C)(C1)[C@H]1C(=O)N(c3ccc(C#N)c(C(F)(F)F)c3)C(=O)[C@H]12,val
CHEMBL519112,CHEMBL1871,7.12,2008,7.12,Cn1cc(N(Cc2ccccc2)c2ccc([N+](=O)[O-])cc2)cc1C(=O)O,train
CHEMBL5191194,CHEMBL1871,4.6020599913279625,2022,4.6020599913279625,N#Cc1ccc(C(=O)NCCCc2ccn(-c3ccc(C#N)c(C(F)(F)F)c3)n2)cc1,train
CHEMBL519169,CHEMBL1871,8.72,2009,8.72,Cc1c(/N=C2\N(C)C[C@@H]3[C@H](O)CCN23)ccc(C#N)c1Cl,train
CHEMBL5192111,CHEMBL1871,6.37,2022,6.37,CC(C)C(NC(=O)c1cc2ccc(F)cc2[nH]1)c1ccco1,val
CHEMBL5192412,CHEMBL1871,9.05,2022,9.05,C[C@@]1(c2ccc(O)cc2)NC(=O)N(c2ccc(C#N)c(C(F)(F)F)c2)C1=O,train
CHEMBL5192790,CHEMBL1871,4.6020599913279625,2022,4.6020599913279625,N#Cc1ccc(-n2cc(-c3ccccc3)c(CNC(=O)c3ccc(F)cc3)n2)cc1C(F)(F)F,train
CHEMBL5192915,CHEMBL1871,6.42,2022,6.42,Cc1nn(-c2ccc(C#N)c(Cl)c2)c(C)c1Oc1ccc(C(=O)NC(C)(C)C)cn1,test
CHEMBL519292,CHEMBL1871,4.86,2008,4.86,Cn1cc(N(Cc2ccccc2)c2ccc([N+](=O)[O-])cc2)cc1C(=O)N1C[C@H](O)[C@@H](O)C1,train
CHEMBL5193077,CHEMBL1871,4.6020599913279625,2022,4.6020599913279625,N#Cc1ccc(-n2ccc(C(=O)Nc3ccc(F)cc3)n2)cc1C(F)(F)F,train
CHEMBL5193131,CHEMBL1871,5.0,2022,5.0,CC1(C)C(=O)N(c2ccc(C#N)c(C(F)(F)F)c2)C(=S)N1c1ccc(C(=O)Nc2cc(-c3cccs3)ccc2N)cn1,train
CHEMBL51933,CHEMBL1871,5.83,1996,5.83,C=C1C=C(C)C[C@@H](C)[C@@H]1Cc1cc(OC)c(Br)cc1OC(C)=O,train
CHEMBL5193409,CHEMBL1871,5.2,2022,5.2,N#Cc1cc(NC(=O)Cc2ccn(-c3ccc(C#N)c(C(F)(F)F)c3)n2)ccc1F,train
CHEMBL5194098,CHEMBL1871,4.79,2022,4.79,N#Cc1ccc(-n2cc(C(F)(F)F)c(CNC(=O)c3ccc(F)cc3)n2)cc1C(F)(F)F,test
CHEMBL5194282,CHEMBL1871,5.84,2022,5.84,CC1(C)C(=O)N(c2ccc(C#N)c(C(F)(F)F)c2)C(=S)N1CCCCCC(=O)NO,train
CHEMBL5194465,CHEMBL1871,4.6020599913279625,2022,4.6020599913279625,N#Cc1ccc(-n2ccc(CCNC(=O)c3ccc([N+](=O)[O-])cc3)n2)cc1C(F)(F)F,train
CHEMBL519450,CHEMBL1871,6.31,2008,6.31,Cc1cc(C)cc(N(CC2CCCCC2)c2cc(C(=O)N3CCCC3)n(C)c2)c1,test
CHEMBL5194539,CHEMBL1871,6.11,2022,6.11,N#Cc1ccc(-n2ccc(CNC(=O)c3ccc(F)nc3)n2)cc1C(F)(F)F,train
CHEMBL5194764,CHEMBL1871,7.57,2022,7.57,CNC(=O)[C@]12C(=O)N(c3ccc(C#N)c(C(F)(F)F)c3)C(=O)[C@H]1[C@H]1C[C@H](F)[C@@H]2C1,train
CHEMBL5194785,CHEMBL1871,5.94,2022,5.94,N#Cc1ccc(-n2ccc(CNC(=O)c3ccc(Cl)cc3)n2)cc1C(F)(F)F,test
CHEMBL5195872,CHEMBL1871,5.73,2022,5.73,N#Cc1ccc(-n2ccc(CNC(=O)c3ccc([N+](=O)[O-])cc3)n2)cc1C(F)(F)F,test
CHEMBL5196306,CHEMBL1871,6.52,2022,6.52,N#Cc1ccc(C(=O)NCc2ccn(-c3ccc(C#N)c(C(F)(F)F)c3)n2)cc1,test
CHEMBL5196915,CHEMBL1871,7.0,2022,7.0,CC(O)(C[S+]([O-])c1ccc(Cl)c(Cl)c1)c1cc2cc(Cl)c(C(F)(F)F)cc2[nH]1,train
CHEMBL5197097,CHEMBL1871,7.56,2022,7.56,N#Cc1ccc(C2=NO[C@H]3CCCC[C@@H]23)cc1C(F)(F)F,train
CHEMBL5197284,CHEMBL1871,5.04,2022,5.04,COc1ccc(NC(=O)Cc2ccn(-c3ccc(C#N)c(C(F)(F)F)c3)n2)cc1,train
CHEMBL5197724,CHEMBL1871,5.89,2022,5.89,Cc1cn(C2=CC[C@H]3[C@@H]4CC=C5C[C@@H](NC(=O)c6cccnc6)CC[C@]5(C)[C@H]4CC[C@]23C)cn1,train
CHEMBL519780,CHEMBL1871,6.17,2008,6.17,Cn1cc(N(CC2CCCCC2)c2ccc([N+](=O)[O-])cc2)cc1C(=O)N1CCCC1,test
CHEMBL5198604,CHEMBL1871,4.6020599913279625,2022,4.6020599913279625,N#Cc1ccc(-n2ccc(CNC(=O)Nc3ccc(F)cc3)n2)cc1C(F)(F)F,train
CHEMBL5199125,CHEMBL1871,7.89,2022,7.89,N#Cc1ccc(N2C(=O)N[C@@](CO)(c3ccccc3)C2=O)cc1C(F)(F)F,train
CHEMBL52,CHEMBL1871,4.41,2011,4.41,CC(Cc1ccc(O)c(O)c1)C(C)Cc1ccc(O)c(O)c1,train
CHEMBL5200292,CHEMBL1871,5.04,2022,5.04,C[C@]12CC[C@H](NC(=O)c3ccnnc3)CC1=CC[C@@H]1[C@@H]2CC[C@]2(C)C(n3ccnn3)=CC[C@@H]12,train
CHEMBL5200307,CHEMBL1871,6.66,2022,6.66,N#Cc1ccc(-n2ccc(CC(=O)Nc3ccc(F)cc3)n2)cc1Cl,train
CHEMBL5200523,CHEMBL1871,4.6020599913279625,2022,4.6020599913279625,N#Cc1ccc(-n2ccc(CNC(=O)c3ccc(C(F)(F)F)cc3)n2)cc1C(F)(F)F,test
CHEMBL5200697,CHEMBL1871,6.61,2022,6.61,Cc1cn(C2=CC[C@H]3[C@@H]4CC=C5C[C@@H](NC(=O)c6ccnnc6)CC[C@]5(C)[C@H]4CC[C@]23C)cn1,train
CHEMBL5201101,CHEMBL1871,6.57,2022,6.57,N#Cc1ccc(-n2ccc(CC(=O)Nc3ccc(F)nc3)n2)cc1Cl,train
CHEMBL5201606,CHEMBL1871,7.215,2022,7.215,Cc1c(C#N)c(-c2ccc(C#N)cc2)c(C)n1-c1cnc(Cl)c(CO)c1,train
CHEMBL520169,CHEMBL1871,6.11,2008,6.11,Cn1c(C#N)ccc1-c1ccc2c(c1)C(c1cccs1)(c1cccs1)OCC(=O)N2,test
CHEMBL5201702,CHEMBL1871,6.29,2022,6.29,C[C@]12CC[C@H](NC(=O)c3ccncc3)CC1=CC[C@@H]1[C@@H]2CC[C@]2(C)C(n3ccnc3)=CC[C@@H]12,train
CHEMBL520174,CHEMBL1871,9.52,2009,9.52,Cc1c(/N=C2\OC[C@@H]3[C@@H](O)CCN23)ccc(C#N)c1Cl,train
CHEMBL5201931,CHEMBL1871,5.24,2022,5.24,N#Cc1ccc(-n2ccc(CNC(=O)c3ccc(F)cn3)n2)cc1C(F)(F)F,test
CHEMBL5202640,CHEMBL1871,7.42,2022,7.42,CN1C(=O)C=C[C@]2(C)[C@H]3CC[C@]4(C)C(C(=O)Nc5ccccc5C(F)(F)F)CC[C@H]4[C@@H]3CC[C@@H]12,val
CHEMBL5203294,CHEMBL1871,5.915,2022,5.915,N#Cc1ccc(-n2ccc(CC(=O)Nc3ccc(F)nc3)n2)cc1C(F)(F)F,train
CHEMBL5203635,CHEMBL1871,5.0,2022,5.0,CC1(C)C(=O)N(c2ccc(C#N)c(C(F)(F)F)c2)C(=S)N1c1ccc(C(=O)Nc2cc(-c3ccccc3)ccc2N)cc1,train
CHEMBL5204114,CHEMBL1871,8.0,2022,8.0,CCCN(CC(F)(F)F)c1cc(Br)c(C#N)s1,train
CHEMBL5204177,CHEMBL1871,6.41,2022,6.41,CC1(C)C(=O)N(c2ccc(C#N)c(C(F)(F)F)c2)C(=S)N1CCCC(=O)NO,train
CHEMBL520428,CHEMBL1871,6.96,2008,6.96,Cn1cc(N(Cc2ccccc2)c2ccc([N+](=O)[O-])cc2)cc1C(=O)N1CCCCC1,train
CHEMBL5204961,CHEMBL1871,4.6020599913279625,2022,4.6020599913279625,N#Cc1ccc(-n2ccc(CCCNC(=O)c3ccc([N+](=O)[O-])cc3)n2)cc1C(F)(F)F,train
CHEMBL5205113,CHEMBL1871,4.6020599913279625,2022,4.6020599913279625,N#Cc1ccc(-n2ccc(CC(=O)Nc3ccncc3)n2)cc1C(F)(F)F,train
CHEMBL520603,CHEMBL1871,5.89,2008,5.89,Cn1cc(N(Cc2ccccc2)c2ccccc2[N+](=O)[O-])cc1C(=O)N1CCCC1,train
CHEMBL5206094,CHEMBL1871,7.3,2022,7.3,N#Cc1ccc(NC(=O)Cc2ccn(-c3ccc(C#N)c(C(F)(F)F)c3)n2)cc1,train
CHEMBL5206234,CHEMBL1871,5.63,2022,5.63,CC1(C)C(=O)N(c2ccc(C#N)c(C(F)(F)F)c2)C(=S)N1c1ccc(C(=O)Nc2ccccc2N)cn1,train
CHEMBL5206636,CHEMBL1871,7.58,2022,7.58,CC(Cn1ccc(-c2ccc(C#N)c(Cl)c2)n1)NC(=O)c1cc(C(C)O)[nH]n1,train
CHEMBL5206638,CHEMBL1871,6.04,2022,6.04,COc1cncc(C2=CC[C@H]3[C@@H]4CC=C5C[C@@H](NC(=O)c6ccnnc6)CC[C@]5(C)[C@H]4CC[C@]23C)c1,train
CHEMBL5208207,CHEMBL1871,4.6020599913279625,2022,4.6020599913279625,CC(O)c1cc(C(=O)NCc2ccn(-c3ccc(C#N)c(C(F)(F)F)c3)n2)n[nH]1,test
CHEMBL5208225,CHEMBL1871,5.59,2022,5.59,O=C(Cc1ccn(-c2ccc([N+](=O)[O-])c(C(F)(F)F)c2)n1)Nc1ccc(F)cn1,train
CHEMBL5208304,CHEMBL1871,7.525,2022,7.525,CC(c1ccccc1)N(C)c1ccc(C#N)c(C(F)(F)F)n1,train
CHEMBL5209205,CHEMBL1871,7.9,2022,7.9,C[C@](O)(CCOc1ccc(F)cc1)C(=O)N1CCc2c(C#N)cccc21,train
CHEMBL521249,CHEMBL1871,6.57,2008,6.57,Cn1cc(N(Cc2ccccc2)c2ccc(C(F)(F)F)cc2)cc1C(=O)N1CCCC1,train
CHEMBL521251,CHEMBL1871,6.75,2008,6.75,CCOC(=O)c1cc(N(Cc2ccccc2)c2ccc([N+](=O)[O-])cc2)cn1C,train
CHEMBL521329,CHEMBL1871,8.64,2009,8.64,Cc1c(/N=C2\O[C@H](C(F)(F)F)[C@@H]3[C@H](O)CCN23)ccc(C#N)c1Cl,train
CHEMBL522172,CHEMBL1871,5.82,2010,5.82,CC(C)CNc1cc(CCc2cccc3ccccc23)nc(NCc2cccc3ccccc23)n1,train
CHEMBL522432,CHEMBL1871,6.49,2008,6.49,Cn1c(C#N)ccc1-c1ccc2c(c1)C(C)(c1ccsc1)OCC(=O)N2,train
CHEMBL5266025,CHEMBL1871,5.301029995663981,2022,5.301029995663981,Cc1c(O)c(O)c(C=O)c(COCc2ccccc2)c1-c1cccc(Br)c1F,train
CHEMBL5266041,CHEMBL1871,5.301029995663981,2022,5.301029995663981,Cc1cccc(-c2c(C)c(O)c(O)c(C=O)c2COCc2ccccc2)c1,train
CHEMBL5266054,CHEMBL1871,5.67,2022,5.67,Cc1c(O)c(O)c(C=O)c(COCc2ccc(F)cc2)c1-c1ccc(C(F)(F)F)cc1,train
CHEMBL5266435,CHEMBL1871,5.301029995663981,2022,5.301029995663981,C#CCOCc1c(C=O)c(O)c(O)c(C)c1-c1ccccc1,train
CHEMBL5266585,CHEMBL1871,4.63,2022,4.63,COc1ccc(C2CC(C(F)(F)F)n3nc(-c4ccc(C(=O)O)cc4)cc3N2)cc1OC,train
CHEMBL5266664,CHEMBL1871,5.301029995663981,2022,5.301029995663981,Cc1c(O)c(O)c(C=O)c(COCc2cccc3ccccc23)c1-c1ccccc1,train
CHEMBL5266869,CHEMBL1871,5.301029995663981,2022,5.301029995663981,Cc1ccc(COCc2c(C=O)c(O)c(O)c(C)c2-c2ccccc2)cc1,train
CHEMBL5267125,CHEMBL1871,5.55,2022,5.55,Cc1c(O)c(O)c(C=O)c(COCc2cccc(Cl)c2Cl)c1-c1ccccc1,train
CHEMBL5267239,CHEMBL1871,4.301029995663981,2020,4.301029995663981,C[C@]12CC[C@H](O)CC1CCC1=C3CC[C@H](c4ccc(=O)oc4)[C@@]3(C)CCC12,train
CHEMBL5267254,CHEMBL1871,5.301029995663981,2022,5.301029995663981,Cc1c(O)c(O)c(C=O)c(CSCCC(C)C)c1-c1ccccc1,train
CHEMBL5267283,CHEMBL1871,5.31,2022,5.31,Cc1c(O)c(O)c(C=O)c(COCc2ccccc2)c1-c1ccc(Cl)cc1,train
CHEMBL5267953,CHEMBL1871,5.301029995663981,2022,5.301029995663981,Cc1c(O)c(O)c(C=O)c(COCc2ccccc2)c1-c1ccc(F)cc1Cl,train
CHEMBL5268130,CHEMBL1871,5.49,2022,5.49,Cc1c(O)c(O)c(C=O)c(COCc2ccccc2)c1-c1ccc(C(F)(F)F)cc1Cl,train
CHEMBL5268433,CHEMBL1871,5.301029995663981,2022,5.301029995663981,Cc1c(O)c(O)c(C=O)c(COCc2ccccc2)c1CO[Si](C)(C)C,train
CHEMBL5268639,CHEMBL1871,5.62,2022,5.62,Cc1c(O)c(O)c(C=O)c(COCc2ccc(F)cc2)c1-c1ccccc1,train
CHEMBL5268875,CHEMBL1871,5.301029995663981,2022,5.301029995663981,Cc1c(O)c(O)c(C=O)c(COCc2ccccc2)c1-c1ccccc1Br,train
CHEMBL5269103,CHEMBL1871,5.301029995663981,2022,5.301029995663981,Cc1c(O)c(O)c(C=O)c(COCc2ccccc2)c1-c1ccccc1C(F)(F)F,train
CHEMBL5269526,CHEMBL1871,5.301029995663981,2022,5.301029995663981,Cc1c(O)c(O)c(C=O)c(COCc2ccccc2)c1-c1cccc2ccccc12,train
CHEMBL5270583,CHEMBL1871,5.52,2022,5.52,Cc1c(O)c(O)c(C=O)c(COCc2cccc(C(F)(F)F)c2)c1-c1ccccc1,train
CHEMBL5271105,CHEMBL1871,5.301029995663981,2022,5.301029995663981,Cc1c(O)c(O)c(C=O)c(COCc2ccccc2F)c1-c1cccc(F)c1,train
CHEMBL5271500,CHEMBL1871,5.35,2022,5.35,Cc1c(O)c(O)c(C=O)c(COCc2ccccc2)c1-c1ccc(OC(F)(F)F)cc1,train
CHEMBL5272151,CHEMBL1871,5.49,2022,5.49,Cc1ccc(-c2c(C)c(O)c(O)c(C=O)c2COCc2ccccc2)cc1,train
CHEMBL5272266,CHEMBL1871,4.301029995663981,2020,4.301029995663981,C[C@]12CC[C@H](O)CC1CCC1C3=CC[C@H](c4ccc(=O)oc4)[C@@]3(C)CCC12,train
CHEMBL5272305,CHEMBL1871,5.301029995663981,2022,5.301029995663981,Cc1c(O)c(O)c(C=O)c(COCc2ccccc2)c1-c1ccccc1C#N,train
CHEMBL5272426,CHEMBL1871,3.3124710387853655,2022,3.3124710387853655,O=C(O)c1nn2c(c1Cl)NC(c1ccccc1)CC2C(F)(F)F,val
CHEMBL5272485,CHEMBL1871,7.865,2021,7.865,COC(=O)c1ccc(C2C(=S)N(c3ccc(C#N)c(C(F)(F)F)c3)C(=O)[C@]23CCOC3)cc1F,test
CHEMBL5272795,CHEMBL1871,5.301029995663981,2022,5.301029995663981,Cc1c(O)c(O)c(C=O)c2c1C1(CC2)c2ccccc2-c2ccccc21,train
CHEMBL5272863,CHEMBL1871,5.301029995663981,2022,5.301029995663981,Cc1c(O)c(O)c(C=O)c(COCc2ccccc2C(F)(F)F)c1-c1cccc(F)c1,train
CHEMBL5273071,CHEMBL1871,5.91,2022,5.91,Cc1c(O)c(O)c(C=O)c(COCc2ccccc2)c1-c1ccc(C(F)(F)F)cc1,train
CHEMBL5273248,CHEMBL1871,5.301029995663981,2022,5.301029995663981,CCc1c(O)c(O)c(C=O)c(COCc2ccccc2)c1-c1ccccc1,train
CHEMBL5273403,CHEMBL1871,5.301029995663981,2022,5.301029995663981,Cc1cc(CO[C@H]2CC[C@@]3(C)C(=CC[C@@H]4[C@@H]3CC[C@]3(C)C(=O)CC[C@@H]43)C2)c(C=O)c(O)c1O,train
CHEMBL5273410,CHEMBL1871,5.301029995663981,2022,5.301029995663981,Cc1c(O)c(O)c(C=O)c(COCc2ccccc2)c1-c1ccccc1Cl,train
CHEMBL5273651,CHEMBL1871,5.301029995663981,2022,5.301029995663981,C=CCc1c(C)c(O)c(O)c(C=O)c1COCc1ccc(OC)cc1,train
CHEMBL5273895,CHEMBL1871,5.301029995663981,2022,5.301029995663981,Cc1ccc(F)cc1-c1c(C)c(O)c(O)c(C=O)c1COCc1ccccc1,train
CHEMBL5274438,CHEMBL1871,5.301029995663981,2022,5.301029995663981,Cc1c(O)c(O)c(C=O)c(COCc2ccccc2F)c1-c1ccc(F)cc1,train
CHEMBL5274549,CHEMBL1871,5.49,2022,5.49,Cc1c(O)c(O)c(C=O)c(CO[C@H]2CC[C@@]3(C)C(=CC[C@@H]4[C@@H]3CC[C@]3(C)C(=O)CC[C@@H]43)C2)c1-c1ccccc1,train
CHEMBL5275677,CHEMBL1871,5.301029995663981,2022,5.301029995663981,Cc1c(O)c(O)c(C=O)c(COCc2ccccc2)c1-c1ccc(Cl)cc1C(F)(F)F,train
CHEMBL5276085,CHEMBL1871,5.301029995663981,2022,5.301029995663981,Cc1c(O)c(O)c(C=O)c(COCc2ccccc2)c1-c1ccccc1,train
CHEMBL5276445,CHEMBL1871,5.43,2022,5.43,Cc1c(O)c(O)c(C=O)c(COCc2ccccc2)c1-c1ccc([N+](=O)[O-])cc1,train
CHEMBL5276723,CHEMBL1871,5.62,2022,5.62,Cc1c(O)c(O)c(C=O)c(COCc2ccc(F)cc2)c1-c1ccc(F)cc1,train
CHEMBL5276783,CHEMBL1871,5.301029995663981,2022,5.301029995663981,CC(C)=CCC/C(C)=C/COCc1cc(C)c(O)c(O)c1C=O,train
CHEMBL5277025,CHEMBL1871,5.57,2022,5.57,Cc1c(O)c(O)c(C=O)c(COCc2ccc(OC(F)(F)F)cc2)c1-c1ccccc1,train
CHEMBL5277472,CHEMBL1871,5.301029995663981,2022,5.301029995663981,Cc1cc(C)cc(-c2c(C)c(O)c(O)c(C=O)c2COCc2ccccc2)c1,train
CHEMBL5278829,CHEMBL1871,5.301029995663981,2022,5.301029995663981,COc1ccc(COCc2cc(C)c(O)c(O)c2C=O)cc1,train
CHEMBL5279873,CHEMBL1871,6.53,2022,6.53,CC1(C)C(=O)N(c2ccc(C#N)c(C(F)(F)F)c2)C(=S)N1CCCC(=O)NCCOCCOCCOCCOC12CC3CC(CC(C3)C1)C2,train
CHEMBL5279893,CHEMBL1871,5.59,2022,5.59,Cc1c(O)c(O)c(C=O)c(COCc2ccccc2C(F)(F)F)c1-c1ccccc1,train
CHEMBL5280257,CHEMBL1871,5.301029995663981,2022,5.301029995663981,COc1ccccc1-c1c(C)c(O)c(O)c(C=O)c1COCc1ccccc1,train
CHEMBL5281004,CHEMBL1871,5.54,2022,5.54,Cc1c(O)c(O)c(C=O)c(COCc2cccc(F)c2)c1-c1cccc(F)c1,train
CHEMBL5281425,CHEMBL1871,5.68,2022,5.68,Cc1c(O)c(O)c(C=O)c(COCc2cccc(F)c2)c1-c1ccc(C(F)(F)F)cc1,train
CHEMBL5281709,CHEMBL1871,5.301029995663981,2022,5.301029995663981,Cc1cc(COCc2ccccc2)c(C=O)c(O)c1O,train
CHEMBL5282215,CHEMBL1871,5.39,2022,5.39,Cc1c(O)c(O)c(C=O)c(COCc2ccccc2)c1-c1ccc(C(F)(F)F)cc1Br,train
CHEMBL5282270,CHEMBL1871,5.301029995663981,2022,5.301029995663981,Cc1ccccc1-c1c(C)c(O)c(O)c(C=O)c1COCc1ccccc1,train
CHEMBL5283064,CHEMBL1871,5.301029995663981,2022,5.301029995663981,COc1ccccc1COCc1c(C=O)c(O)c(O)c(C)c1-c1ccccc1,train
CHEMBL5284251,CHEMBL1871,5.36,2022,5.36,Cc1c(O)c(O)c(C=O)c(COCc2ccccc2)c1-c1cc(C(F)(F)F)cc(C(F)(F)F)c1,train
CHEMBL5284287,CHEMBL1871,5.301029995663981,2022,5.301029995663981,COc1cccc(COCc2c(C=O)c(O)c(O)c(C)c2-c2ccccc2)c1,train
CHEMBL5284656,CHEMBL1871,5.34,2022,5.34,Cc1cccc(COCc2c(C=O)c(O)c(O)c(C)c2-c2ccccc2)c1,train
CHEMBL5284793,CHEMBL1871,5.301029995663981,2022,5.301029995663981,Cc1c(O)c(O)c(C=O)c(COCc2ccccc2)c1-c1cccs1,train
CHEMBL5284847,CHEMBL1871,5.47,2022,5.47,Cc1c(O)c(O)c(C=O)c(COCc2ccccc2)c1-c1ccc(Br)cc1F,train
CHEMBL5285006,CHEMBL1871,5.301029995663981,2022,5.301029995663981,C=CCc1c(C)c(O)c(O)c(C=O)c1COCc1ccccc1,train
CHEMBL5285118,CHEMBL1871,5.301029995663981,2022,5.301029995663981,C=C(C)Cc1c(C)c(O)c(O)c(C=O)c1COCc1ccccc1,train
CHEMBL5286150,CHEMBL1871,4.34,2022,4.34,Cc1ccc(C2CC(C(F)(F)F)n3nc(C(N)=O)cc3N2)cc1,val
CHEMBL5286228,CHEMBL1871,5.301029995663981,2022,5.301029995663981,Cc1c(O)c(O)c(C=O)c(COCc2ccccc2)c1-c1cc(F)ccc1F,train
CHEMBL5286595,CHEMBL1871,5.66,2022,5.66,Cc1c(O)c(O)c(C=O)c(COCc2ccccc2)c1-c1ccc(Br)c(F)c1,train
CHEMBL5286695,CHEMBL1871,5.46,2022,5.46,Cc1c(O)c(O)c(C=O)c(COCc2ccccc2)c1-c1ccc(Br)cc1,train
CHEMBL5286874,CHEMBL1871,5.301029995663981,2022,5.301029995663981,Cc1c(O)c(O)c(C=O)c(COCc2ccccc2F)c1-c1ccccc1,train
CHEMBL5287017,CHEMBL1871,5.301029995663981,2022,5.301029995663981,COc1ccc(-c2c(C)c(O)c(O)c(C=O)c2COCc2ccccc2)cc1,train
CHEMBL5287172,CHEMBL1871,5.301029995663981,2022,5.301029995663981,Cc1c(O)c(O)c(C=O)c(COCc2ccccc2)c1-c1ccccc1OC(F)(F)F,train
CHEMBL5287211,CHEMBL1871,5.59,2022,5.59,Cc1c(O)c(O)c(C=O)c(COCc2cccc(F)c2)c1-c1ccc(F)cc1,train
CHEMBL5287334,CHEMBL1871,5.301029995663981,2022,5.301029995663981,Cc1c(O)c(O)c(C=O)c(COCc2ccccc2)c1-c1ccc(F)cc1,train
CHEMBL5287380,CHEMBL1871,5.69,2022,5.69,Cc1c(O)c(O)c(C=O)c(COCc2ccccc2)c1-c1ccc(F)c(F)c1,train
CHEMBL5287425,CHEMBL1871,5.37,2022,5.37,COC(=O)c1ccc(-c2c(C)c(O)c(O)c(C=O)c2COCc2ccccc2)cc1,train
CHEMBL5287623,CHEMBL1871,5.64,2022,5.64,Cc1c(O)c(O)c(C=O)c(COCc2ccccc2)c1-c1ccc(F)cc1F,train
CHEMBL5287790,CHEMBL1871,5.301029995663981,2022,5.301029995663981,Cc1c(O)c(O)c(C=O)c2c1C(C#Cc1ccc(Br)cc1)CC2,train
CHEMBL5288068,CHEMBL1871,5.301029995663981,2022,5.301029995663981,Cc1c(O)c(O)c(C=O)c(COCc2ccccc2)c1-c1ccc(Cl)cc1Br,train
CHEMBL5288135,CHEMBL1871,5.6,2022,5.6,Cc1c(O)c(O)c(C=O)c(COCc2ccccc2F)c1-c1ccc(C(F)(F)F)cc1,train
CHEMBL5288332,CHEMBL1871,5.301029995663981,2022,5.301029995663981,Cc1c(C)c(COCc2ccccc2)c(C=O)c(O)c1O,train
CHEMBL5288687,CHEMBL1871,5.39,2022,5.39,Cc1c(O)c(O)c(C=O)c(COCc2cccc(F)c2)c1-c1ccccc1,train
CHEMBL5288892,CHEMBL1871,5.48,2022,5.48,Cc1c(O)c(O)c(C=O)c(COCc2ccc(C(F)(F)F)cc2)c1-c1ccccc1,train
CHEMBL5289310,CHEMBL1871,5.301029995663981,2022,5.301029995663981,Cc1c(O)c(O)c(C=O)c(COCc2ccccc2)c1-c1ccc(-c2ccccc2)cc1,train
CHEMBL5289372,CHEMBL1871,5.46,2022,5.46,Cc1c(O)c(O)c(C=O)c(COCc2ccccc2)c1-c1ccc(C(C)(C)C)cc1,train
CHEMBL5289673,CHEMBL1871,5.301029995663981,2022,5.301029995663981,CC(C)c1cc(COCc2ccccc2)c(C=O)c(O)c1O,train
CHEMBL5290281,CHEMBL1871,5.68,2022,5.68,Cc1c(O)c(O)c(C=O)c(COCc2ccc(F)cc2)c1-c1cccc(F)c1,train
CHEMBL5290325,CHEMBL1871,5.301029995663981,2022,5.301029995663981,CCc1cc(COCc2ccccc2)c(C=O)c(O)c1O,train
CHEMBL5291275,CHEMBL1871,5.301029995663981,2022,5.301029995663981,Cc1c(O)c(O)c(C=O)c2c1[C@@H](c1ccc(C(=O)O[C@H]3CC[C@@]4(C)C(=CC[C@H]5[C@@H]6CC[C@H]([C@H](C)CCCC(C)C)[C@@]6(C)CC[C@@H]54)C3)cc1)CC2,train
CHEMBL5314466,CHEMBL1871,6.6,2019,6.6,CC(C)(O)c1ccc(Nc2ncnc3c2CCN(c2ccc(C#N)c(Cl)c2)C3)nc1,train
CHEMBL53549,CHEMBL1871,6.16,1996,6.16,C=C1C[C@H](C)CC(C)(C)[C@@H]1Cc1cc(OC)c(Br)cc1O,train
CHEMBL538137,CHEMBL1871,7.51,2009,7.51,C[C@@H]1C[C@H]2[C@@H]3CC[C@H]4N(C)C(=O)C=C[C@]4(C)[C@H]3CC[C@]2(C)[C@H]1O,val
CHEMBL538877,CHEMBL1871,7.62,2009,7.62,COC[C@@H]1C[C@H]2[C@@H]3CC[C@H]4N(C)C(=O)C=C[C@]4(C)[C@H]3CC[C@]2(C)[C@H]1O,val
CHEMBL5393933,CHEMBL1871,5.77,2023,5.77,N#Cc1ccc(N2CCC3(CCN(C(=O)c4ccccc4)CC3)C2)cc1Cl,test
CHEMBL5393959,CHEMBL1871,6.605,2023,6.605,C[C@](O)(Cn1nc(F)c2cc(F)ccc21)C(=O)Nc1ccc(C#N)c(C(F)(F)F)c1,train
CHEMBL5394108,CHEMBL1871,6.58,2023,6.58,CSc1ccc(C(=O)N2CCOCC2)cc1-c1cncnc1,train
CHEMBL5394445,CHEMBL1871,6.1,2023,6.1,CSc1ccc(C(N)=O)cc1-c1ccc2ncccc2c1,train
CHEMBL5395016,CHEMBL1871,6.04,2023,6.04,C[C@](O)(Cn1c2ccc(F)cc2c2cc(F)ccc21)C(=O)Nc1ccc(C#N)c(C(F)(F)F)c1,train
CHEMBL5395092,CHEMBL1871,5.66,2023,5.66,Cn1ncc2cc(-c3cc(C(N)=O)ccc3SCc3ccccc3)ccc21,train
CHEMBL5395364,CHEMBL1871,6.16,2023,6.16,CSc1ccc(C(N)=O)cc1-c1ccc2[nH]ncc2c1,train
CHEMBL5395976,CHEMBL1871,6.1,2023,6.1,CSc1ccc(C(N)=O)cc1-c1ccc2cnccc2c1,train
CHEMBL5397445,CHEMBL1871,6.92,2023,6.92,CSc1ccc(C(N)=O)cc1-c1ccc2c(cnn2C)c1,train
CHEMBL5398420,CHEMBL1871,7.26,2023,7.26,CN1CCN(c2ccc(C(=O)N[C@H]3CC[C@H](Oc4ccc(C#N)c(Cl)c4)CC3)cc2)CC1,train
CHEMBL5398460,CHEMBL1871,5.66,2023,5.66,C[C@](O)(Cn1nc(Cl)c2c(C(F)(F)F)cccc21)C(=O)Nc1ccc(C#N)c(C(F)(F)F)c1,train
CHEMBL5398564,CHEMBL1871,5.27,2023,5.27,CN1CCN(C(=O)c2ccc(N3CCC4(CCN(c5ccc(C#N)c(Cl)c5)CC4)C3)cc2)CC1,train
CHEMBL5398752,CHEMBL1871,5.3,2023,5.3,CN1CCN(c2ccc(C(=O)N3CCC4(CCN(c5ccc(C#N)c(Cl)c5)CC4)C3)cc2)CC1,test
CHEMBL5398983,CHEMBL1871,6.355,2023,6.355,C[C@](O)(Cn1c2ccccc2c2cc(F)ccc21)C(=O)Nc1ccc(C#N)c(C(F)(F)F)c1,train
CHEMBL5399091,CHEMBL1871,6.52,2023,6.52,C[C@](O)(Cn1nc(C=O)c2cc(F)ccc21)C(=O)Nc1cnc(C#N)c(C(F)(F)F)c1,test
CHEMBL5399353,CHEMBL1871,7.105,2023,7.105,CN1CCN(C(=O)c2ccc(N3CCC4(CC3)CCN(c3ccc(C#N)c(Cl)c3)C4)cc2)CC1,train
CHEMBL5400213,CHEMBL1871,6.675,2023,6.675,Cc1cn(C2=CCC3C4CC=C5C[C@@H](NC(=O)c6ccc(F)cc6)CC[C@]5(C)C4CC[C@]23C)cn1,train
CHEMBL5401854,CHEMBL1871,4.522878745280337,2023,4.522878745280337,COc1ncc(C(N)=O)cc1-c1ccc2c(cnn2C)c1,train
CHEMBL5401872,CHEMBL1871,6.89,2023,6.89,CSc1ccc(C(=O)N2CCCCC2)cc1-c1cncnc1,train
CHEMBL5402064,CHEMBL1871,5.0,2023,5.0,CN1CCN(c2ccc(C(=O)N3CC4(CCN(c5ccc(C#N)c(Cl)c5)CC4)C3)cc2)CC1,train
CHEMBL5402802,CHEMBL1871,6.16,2023,6.16,C[C@](O)(Cn1nnc2cc(F)ccc21)C(=O)Nc1ccc(C#N)c(C(F)(F)F)c1,train
CHEMBL5403067,CHEMBL1871,6.255,2023,6.255,C[C@](O)(Cn1c2ccccc2c2cc(F)ccc21)C(=O)Nc1ccc(C#N)c(Cl)c1,train
CHEMBL5404749,CHEMBL1871,4.522878745280337,2023,4.522878745280337,Cn1ncc2cc(-c3cc(C(N)=O)ccc3OC(F)(F)F)ccc21,train
CHEMBL5405109,CHEMBL1871,6.62,2023,6.62,CSc1c(F)cc(C(N)=O)cc1-c1ccc2c(cnn2C)c1,train
CHEMBL5405113,CHEMBL1871,4.522878745280337,2023,4.522878745280337,Cn1ncc2cc(-c3cc(C(N)=O)ccc3O)ccc21,train
CHEMBL5405492,CHEMBL1871,4.522878745280337,2023,4.522878745280337,CN(C)CCNc1ccc(C(N)=O)cc1-c1ccc2c(cnn2C)c1,train
CHEMBL5405906,CHEMBL1871,4.0,2023,4.0,C[C@](O)(Cn1nnc2cc(C(F)(F)F)ccc21)C(=O)Nc1ccc(C#N)c(C(F)(F)F)c1,train
CHEMBL5405995,CHEMBL1871,5.07,2023,5.07,Cn1ncc2cc(-c3cc(C(N)=O)ccc3C(F)(F)F)ccc21,train
CHEMBL5406263,CHEMBL1871,4.0,2023,4.0,C[C@](O)(Cn1nc2ccc(C(F)(F)F)cc2n1)C(=O)Nc1ccc(C#N)c(C(F)(F)F)c1,train
CHEMBL5407635,CHEMBL1871,6.4399999999999995,2023,6.4399999999999995,Cc1cn(C2=CCC3C4CC=C5C[C@@H](NC(=O)c6ccncc6)CC[C@]5(C)C4CC[C@]23C)cn1,train
CHEMBL5408162,CHEMBL1871,6.505,2023,6.505,C[C@](O)(Cn1c2ccccc2c2ccccc21)C(=O)Nc1ccc(C#N)c(Cl)c1,train
CHEMBL5408185,CHEMBL1871,5.994999999999999,2023,5.994999999999999,C[C@](O)(Cc1nc2cc(F)c(F)cc2[nH]1)C(=O)Nc1ccc(C#N)c(C(F)(F)F)c1,train
CHEMBL5408265,CHEMBL1871,5.895,2023,5.895,C[C@](O)(Cn1cnc2c(F)cccc21)C(=O)Nc1ccc(C#N)c(C(F)(F)F)c1,train
CHEMBL5408281,CHEMBL1871,4.522878745280337,2023,4.522878745280337,Cn1ncc2cc(-c3cc(C(N)=O)ccc3N3CCOCC3)ccc21,train
CHEMBL5408438,CHEMBL1871,5.525,2023,5.525,Cc1nn(C[C@](C)(O)C(=O)Nc2cnc(C#N)c(C(F)(F)F)c2)c2ccc(F)cc12,test
CHEMBL5408573,CHEMBL1871,5.915,2023,5.915,C[C@](O)(Cn1cnc2c(F)cccc21)C(=O)Nc1ccc(C#N)c(Cl)c1,train
CHEMBL5408577,CHEMBL1871,5.0,2023,5.0,C[C@](O)(CN1C(=O)C(=O)c2ccccc21)C(=O)Nc1ccc(C#N)c(C(F)(F)F)c1,test
CHEMBL5409022,CHEMBL1871,7.68,2023,7.68,C[C@](O)(Cn1ccc2cc(F)ccc21)C(=O)Nc1cnc(C#N)c(C(F)(F)F)c1,train
CHEMBL5409469,CHEMBL1871,6.92,2023,6.92,CSc1ccc(C(N)=O)cc1-c1ccc(F)c(O)c1,train
CHEMBL5409836,CHEMBL1871,4.522878745280337,2023,4.522878745280337,Cc1ccc(C(N)=O)cc1-c1ccc2c(cnn2C)c1,train
CHEMBL5410172,CHEMBL1871,4.522878745280337,2023,4.522878745280337,Cn1ncc2cc(-c3cc(C(N)=O)ccc3OCC3CC3)ccc21,train
CHEMBL5410494,CHEMBL1871,5.05,2023,5.05,C[C@](O)(Cn1nc(Cl)c2cc(F)ccc21)C(=O)Nc1ccc(C#N)c(Cl)c1,train
CHEMBL5411661,CHEMBL1871,4.522878745280337,2023,4.522878745280337,CSc1cc(C(N)=O)cc(-c2ccc3c(cnn3C)c2)c1,train
CHEMBL5413307,CHEMBL1871,4.522878745280337,2023,4.522878745280337,Cn1ncc2cc(-c3cc(C(N)=O)ccc3NCCN3CCOCC3)ccc21,test
CHEMBL5413706,CHEMBL1871,6.555,2023,6.555,Cc1cn(C2=CCC3C4CC=C5C[C@@H](NC(=O)c6ccc(F)cc6F)CC[C@]5(C)C4CC[C@]23C)cn1,train
CHEMBL5415715,CHEMBL1871,4.522878745280337,2023,4.522878745280337,CSc1ccc(C(N)=O)cc1-c1cc(O)cc(F)c1,train
CHEMBL5416166,CHEMBL1871,6.9,2023,6.9,C[C@](O)(Cn1nc(Cl)c2c(C(F)(F)F)cccc21)C(=O)Nc1cnc(C#N)c(C(F)(F)F)c1,test
CHEMBL5416202,CHEMBL1871,4.99,2023,4.99,CSc1ccc(C(N)=O)cc1-c1ccc2[nH]ccc2c1,train
CHEMBL5416300,CHEMBL1871,6.1,2023,6.1,Cn1ncc2cc(-c3cc(C(N)=O)ccc3NCCCN3CCOCC3)ccc21,test
CHEMBL5416732,CHEMBL1871,4.522878745280337,2023,4.522878745280337,CC(C)COc1ccc(C(N)=O)cc1-c1ccc2c(cnn2C)c1,train
CHEMBL5416819,CHEMBL1871,6.04,2023,6.04,CSc1ccc(C(N)=O)cc1-c1ccc2[nH]cnc2c1,train
CHEMBL5417016,CHEMBL1871,7.2,2023,7.2,C[C@](O)(Cn1nc(F)c2cc(F)ccc21)C(=O)Nc1cnc(C#N)c(C(F)(F)F)c1,test
CHEMBL5417385,CHEMBL1871,4.522878745280337,2023,4.522878745280337,COc1cc(-c2cc(C(N)=O)ccc2SC)ccc1N,train
CHEMBL5417717,CHEMBL1871,6.04,2023,6.04,C[C@](O)(Cn1nnc2ccc(F)cc21)C(=O)Nc1ccc(C#N)c(C(F)(F)F)c1,train
CHEMBL5418252,CHEMBL1871,4.522878745280337,2023,4.522878745280337,CSc1ccc(C(N)=O)cc1-c1ccc2ocnc2c1,train
CHEMBL5419739,CHEMBL1871,6.07,2023,6.07,C[C@](O)(Cn1cnc2cc(F)c(F)cc21)C(=O)Nc1ccc(C#N)c(C(F)(F)F)c1,train
CHEMBL5419937,CHEMBL1871,6.215,2023,6.215,C[C@](O)(Cn1ncc2c(C(F)(F)F)cccc21)C(=O)Nc1ccc(C#N)c(C(F)(F)F)c1,train
CHEMBL5420396,CHEMBL1871,6.0,2023,6.0,C[C@](O)(Cn1nc2ccc(F)cc2n1)C(=O)Nc1ccc(C#N)c(C(F)(F)F)c1,train
CHEMBL5420557,CHEMBL1871,4.522878745280337,2023,4.522878745280337,Cn1ncc2cc(-c3cncc(C(N)=O)c3)ccc21,train
CHEMBL5421024,CHEMBL1871,6.325,2023,6.325,C[C@](O)(Cn1nc(Cl)c2cc(F)ccc21)C(=O)Nc1ccc(C#N)c(C(F)(F)F)c1,train
CHEMBL5421175,CHEMBL1871,4.522878745280337,2023,4.522878745280337,Cn1ncc2cc(-c3cc(C(N)=O)ccc3F)ccc21,train
CHEMBL5421312,CHEMBL1871,7.05,2023,7.05,CSc1ccc(C(N)=O)cc1-c1ccc2c(ccn2C)c1,train
CHEMBL5421324,CHEMBL1871,5.77,2023,5.77,CN1CCN(c2ccc(C(=O)N3CCC4(CC3)CCN(c3ccc(C#N)c(Cl)c3)C4)cc2)CC1,train
CHEMBL5421740,CHEMBL1871,5.4,2023,5.4,C[C@](O)(Cn1cc(C#N)c2cc(F)ccc21)C(=O)Nc1ccc(C#N)c(C(F)(F)F)c1,train
CHEMBL5421919,CHEMBL1871,6.915,2023,6.915,C[C@](O)(Cn1cc(F)c2ccccc21)C(=O)Nc1ccc(C#N)c(C(F)(F)F)c1,train
CHEMBL5422234,CHEMBL1871,5.0,2023,5.0,CN1CCN(c2ccc(C(=O)N3CCC4(C3)CN(c3ccc(C#N)c(Cl)c3)C4)cc2)CC1,train
CHEMBL5422362,CHEMBL1871,5.0,2023,5.0,CN1CCN(c2ccc(C(=O)N3CC4(C3)CN(c3ccc(C#N)c(Cl)c3)C4)cc2)CC1,train
CHEMBL5422396,CHEMBL1871,5.0649999999999995,2023,5.0649999999999995,C[C@](O)(Cn1cc(C=O)c2cc(F)ccc21)C(=O)Nc1cnc(C#N)c(C(F)(F)F)c1,train
CHEMBL5422780,CHEMBL1871,6.25,2023,6.25,C[C@](O)(Cn1cc(C#N)c2cc(F)ccc21)C(=O)Nc1cnc(C#N)c(C(F)(F)F)c1,train
CHEMBL5423257,CHEMBL1871,4.73,2023,4.73,CC(=O)N/N=C\c1cn(C[C@](C)(O)C(=O)Nc2ccc(C#N)c(C(F)(F)F)c2)c2ccc(F)cc12,train
CHEMBL5423296,CHEMBL1871,4.522878745280337,2023,4.522878745280337,CSc1ccc(C(N)=O)cc1-c1cccc(O)c1F,train
CHEMBL5423482,CHEMBL1871,6.22,2023,6.22,CSc1ccc(C(N)=O)cc1-c1cccs1,train
CHEMBL5423748,CHEMBL1871,6.57,2023,6.57,CSc1ccc(C(N)=O)cc1-c1cncnc1,train
CHEMBL5424031,CHEMBL1871,6.92,2023,6.92,CSc1ccc(C(=O)O)cc1-c1cncnc1,train
CHEMBL5424470,CHEMBL1871,5.16,2023,5.16,CN1CCN(c2ccc(C(=O)N3CCC4(CCN(c5ccc(C#N)c(Cl)c5)C4)C3)cc2)CC1,val
CHEMBL5424901,CHEMBL1871,5.0,2023,5.0,CN1CCN(c2ccc(C(=O)N3CC4(CCN4c4ccc(C#N)c(Cl)c4)C3)cc2)CC1,train
CHEMBL5425494,CHEMBL1871,4.522878745280337,2023,4.522878745280337,Cn1ncc2cc(-c3cc(C(N)=O)ccc3OCc3ccccc3)ccc21,test
CHEMBL5426016,CHEMBL1871,6.62,2023,6.62,C[C@](O)(Cn1nc(Cl)c2cc(F)ccc21)C(=O)Nc1cnc(C#N)c(C(F)(F)F)c1,test
CHEMBL5426070,CHEMBL1871,6.785,2023,6.785,C[C@](O)(Cn1cc([N+](=O)[O-])c2cc(F)ccc21)C(=O)Nc1ccc(C#N)c(C(F)(F)F)c1,train
CHEMBL5426257,CHEMBL1871,4.522878745280337,2023,4.522878745280337,CSc1ccc(C(N)=O)cc1-c1ccc2nccn2c1,train
CHEMBL5426552,CHEMBL1871,4.522878745280337,2023,4.522878745280337,CSc1ccc(C(N)=O)cc1-c1ccccc1,train
CHEMBL5426565,CHEMBL1871,6.055,2023,6.055,C[C@](O)(Cn1nc(I)c2cc(F)ccc21)C(=O)Nc1cnc(C#N)c(C(F)(F)F)c1,test
CHEMBL54270,CHEMBL1871,5.71,1996,5.71,C=C1C=C(C)CC(C)(C)C1Cc1cc(OC)c(Br)cc1OC(C)=O,train
CHEMBL5427342,CHEMBL1871,4.522878745280337,2023,4.522878745280337,CSc1ccc(C(N)=O)cc1-c1cccc2c1CC(=O)N2,train
CHEMBL5427747,CHEMBL1871,6.529999999999999,2023,6.529999999999999,C[C@](O)(Cn1cc(F)c2cc(F)ccc21)C(=O)Nc1ccc(C#N)c(C(F)(F)F)c1,train
CHEMBL5427904,CHEMBL1871,4.522878745280337,2023,4.522878745280337,Cn1ncc2cc(-c3cc(C(N)=O)cnc3SCc3ccccc3)ccc21,train
CHEMBL5428152,CHEMBL1871,4.522878745280337,2023,4.522878745280337,CSc1ccc(C(N)=O)cc1-c1ccncc1,train
CHEMBL5428715,CHEMBL1871,4.0,2023,4.0,C[C@](O)(Cn1nnc2cc(-c3ccc(F)cc3)ccc21)C(=O)Nc1ccc(C#N)c(C(F)(F)F)c1,test
CHEMBL5428956,CHEMBL1871,4.522878745280337,2023,4.522878745280337,Cn1ncc2cc(-c3cccc(C(N)=O)c3)ccc21,train
CHEMBL5429401,CHEMBL1871,5.0,2023,5.0,CN1CCN(c2ccc(C(=O)N3CCC4(CC3)CCN(c3ccc(C#N)c(Cl)c3)CC4)cc2)CC1,train
CHEMBL5429413,CHEMBL1871,5.795,2023,5.795,C[C@](O)(Cn1cc2c(C(F)(F)F)cccc2n1)C(=O)Nc1ccc(C#N)c(C(F)(F)F)c1,val
CHEMBL5429958,CHEMBL1871,5.13,2023,5.13,CSc1ccc(C(N)=O)cc1-c1ccno1,train
CHEMBL5430251,CHEMBL1871,4.522878745280337,2023,4.522878745280337,CSc1ccc(C(N)=O)cc1-c1cccnc1,train
CHEMBL5430612,CHEMBL1871,5.75,2023,5.75,CN1CCN(C(=O)c2ccc(N3CCC4(CCN(c5ccc(C#N)c(Cl)c5)C4)C3)cc2)CC1,train
CHEMBL5430613,CHEMBL1871,6.22,2023,6.22,CSc1ccc(C(N)=O)cc1-c1ccc2occc2c1,train
CHEMBL5431055,CHEMBL1871,4.522878745280337,2023,4.522878745280337,CCc1ccc(C(N)=O)cc1-c1ccc2c(cnn2C)c1,train
CHEMBL5431700,CHEMBL1871,6.12,2023,6.12,COc1ccc(-c2cc(C(N)=O)ccc2SC)cc1F,train
CHEMBL5432213,CHEMBL1871,6.275,2023,6.275,C[C@](O)(Cn1cc(Cl)c2cc(F)ccc21)C(=O)Nc1ccc(C#N)c(C(F)(F)F)c1,train
CHEMBL5432214,CHEMBL1871,6.0,2023,6.0,N#Cc1ccc(N2CCC3(CCN(c4ccccc4)CC3)C2)cc1Cl,train
CHEMBL5433104,CHEMBL1871,6.03,2023,6.03,Cn1ncc2cc(-c3cc(C(N)=O)ccc3NCc3ccccc3)ccc21,train
CHEMBL5433271,CHEMBL1871,4.522878745280337,2020,4.522878745280337,C[C@]12C=CC(=O)C=C1CC[C@@H]1[C@@H]2[C@@H](O)C[C@@]2(C)[C@H]1C[C@H]1O[C@@H](c3ccc(Cc4cccc(N)c4)cc3)O[C@]12C(=O)CO,train
CHEMBL5434659,CHEMBL1871,4.795,2023,4.795,C[C@](O)(Cn1nnc2cc(Br)ccc21)C(=O)Nc1ccc(C#N)c(C(F)(F)F)c1,train
CHEMBL5434755,CHEMBL1871,5.0,2023,5.0,CN1CCN(c2ccc(C(=O)N3CCC4(CC3)CN(c3ccc(C#N)c(Cl)c3)C4)cc2)CC1,train
CHEMBL5435133,CHEMBL1871,4.522878745280337,2023,4.522878745280337,CSc1ccc(C(N)=O)cc1-c1ccc2c(c1)CCO2,val
CHEMBL5435177,CHEMBL1871,5.0,2023,5.0,CN1CCN(c2ccc(C(=O)N3CC4(CCN(c5ccc(C#N)c(Cl)c5)C4)C3)cc2)CC1,test
CHEMBL5435259,CHEMBL1871,5.93,2023,5.93,Cc1c2c(nn1-c1ccc(F)cc1)C[C@@H]1CC[C@@H]3[C@H](CC[C@]4(C)[C@@H](O)CC[C@@H]34)[C@@]1(C)C2,train
CHEMBL5435387,CHEMBL1871,5.115,2023,5.115,C[C@](O)(Cn1cc(/C=N\O)c2cc(F)ccc21)C(=O)Nc1ccc(C#N)c(C(F)(F)F)c1,train
CHEMBL5435483,CHEMBL1871,6.234999999999999,2023,6.234999999999999,C[C@](O)(Cn1cnc2cccc(F)c21)C(=O)Nc1ccc(C#N)c(C(F)(F)F)c1,train
CHEMBL5435893,CHEMBL1871,5.154999999999999,2023,5.154999999999999,C[C@](O)(Cn1cnc2c(C(F)(F)F)cccc21)C(=O)Nc1ccc(C#N)c(C(F)(F)F)c1,train
CHEMBL5435897,CHEMBL1871,6.14,2023,6.14,C[C@](O)(Cn1c2ccccc2c2ccccc21)C(=O)Nc1ccc(C#N)c(C(F)(F)F)c1,train
CHEMBL5436280,CHEMBL1871,4.0,2023,4.0,C[C@](O)(Cn1nnc2ccc(C(F)(F)F)cc21)C(=O)Nc1ccc(C#N)c(C(F)(F)F)c1,train
CHEMBL5436377,CHEMBL1871,5.880000000000001,2023,5.880000000000001,C[C@](O)(Cn1cnc2cccc(C(F)(F)F)c21)C(=O)Nc1ccc(C#N)c(C(F)(F)F)c1,train
CHEMBL5437053,CHEMBL1871,4.522878745280337,2023,4.522878745280337,Cn1ncc2cc(-c3cc(C(N)=O)ccc3NCCN3CCCCC3)ccc21,train
CHEMBL5437141,CHEMBL1871,8.02,2024,8.02,N#Cc1ccc(O[C@H]2CC[C@H](NC(=O)c3cccnn3)CC2)cc1Cl,test
CHEMBL5437180,CHEMBL1871,5.38,2023,5.38,C[C@](O)(Cn1cc2c(F)cccc2n1)C(=O)Nc1ccc(C#N)c(C(F)(F)F)c1,val
CHEMBL5437444,CHEMBL1871,4.522878745280337,2023,4.522878745280337,COc1ccc(C(N)=O)cc1-c1ccc2c(cnn2C)c1,train
CHEMBL5438541,CHEMBL1871,6.86,2023,6.86,C[C@](O)(Cn1ncc2c(F)cccc21)C(=O)Nc1ccc(C#N)c(C(F)(F)F)c1,train
CHEMBL5439280,CHEMBL1871,4.522878745280337,2023,4.522878745280337,COc1ccc(-c2cc(C(N)=O)ccc2SC)cc1OC,train
CHEMBL5439835,CHEMBL1871,5.33,2023,5.33,CSc1ccc(C(N)=O)cc1-c1c(C)noc1C,train
CHEMBL5440496,CHEMBL1871,5.66,2023,5.66,CSc1ccc(C(N)=O)cc1-c1ccc2cn[nH]c2c1,test
CHEMBL5440505,CHEMBL1871,4.522878745280337,2023,4.522878745280337,CSc1ncc(C(N)=O)cc1-c1ccc2c(cnn2C)c1,train
CHEMBL5440678,CHEMBL1871,5.4350000000000005,2023,5.4350000000000005,C[C@](O)(Cn1cc(/C=N\O)c2cc(F)ccc21)C(=O)Nc1cnc(C#N)c(C(F)(F)F)c1,train
CHEMBL5440684,CHEMBL1871,5.6850000000000005,2023,5.6850000000000005,C[C@](O)(Cn1nc(Br)c2cc(F)ccc21)C(=O)Nc1cnc(C#N)c(C(F)(F)F)c1,test
CHEMBL5441048,CHEMBL1871,4.522878745280337,2023,4.522878745280337,CSc1ccc(C(N)=O)cc1-c1ccc[nH]1,train
CHEMBL549375,CHEMBL1871,7.37,2009,7.37,Cc1ncc(/C=C2\C[C@H]3[C@@H]4CC[C@H]5N(C)C(=O)C=C[C@]5(C)[C@H]4CC[C@]3(C)[C@H]2O)cn1,train
CHEMBL549725,CHEMBL1871,5.8,2009,5.8,CC(C(=O)N(C)C)N(CC(F)(F)F)c1ccc(C#N)c(C(F)(F)F)c1,train
CHEMBL5505831,CHEMBL1871,7.0,2024,7.0,N#Cc1ccc(O[C@H]2CC[C@H](NC(=O)c3ccc(N4CCC(CCCF)CC4)nn3)CC2)cc1Cl,train
CHEMBL551269,CHEMBL1871,7.23,2009,7.23,CN1C(=O)C=C[C@]2(C)[C@H]3CC[C@]4(C)[C@@H](O)/C(=C/c5cncnc5)C[C@H]4[C@@H]3CC[C@@H]12,train
CHEMBL551270,CHEMBL1871,7.29,2009,7.29,CN1C(=O)C=C[C@]2(C)[C@H]3CC[C@]4(C)[C@@H](O)/C(=C/c5cnc(C6CC6)nc5)C[C@H]4[C@@H]3CC[C@@H]12,train
CHEMBL5517689,CHEMBL1871,7.890000000000001,2024,7.890000000000001,N#Cc1ccc(O[C@H]2CC[C@H](NC(=O)c3ccc(N4CCC(Cc5ccc(NCCCCCF)cc5)CC4)nn3)CC2)cc1Cl,test
CHEMBL5517813,CHEMBL1871,6.84,2024,6.84,N#Cc1ccc(O[C@H]2CC[C@H](NC(=O)c3ccc(N4CCN(CCCF)CC4)nn3)CC2)cc1Cl,train
CHEMBL5518016,CHEMBL1871,7.23,2024,7.23,N#Cc1ccc(O[C@H]2CC[C@H](NC(=O)c3ccc(N4CC(CF)C4)nn3)CC2)cc1Cl,train
CHEMBL5523416,CHEMBL1871,5.1,2024,5.1,Oc1cccc(N2[C@@H]3CC[C@H]2CN(CCCc2ccccc2)C3)c1,train
CHEMBL5531949,CHEMBL1871,6.25,2024,6.25,N#Cc1ccc(O[C@H]2CC[C@H](NC(=O)c3ccc(N4CCC(CCCC(F)(F)C(F)(F)F)CC4)nn3)CC2)cc1Cl,train
CHEMBL5531958,CHEMBL1871,7.37,2024,7.37,N#Cc1ccc(O[C@H]2CC[C@H](NC(=O)c3ccc(N4CCC(CN5CCN(CCCCCF)CC5)CC4)nn3)CC2)cc1Cl,train
CHEMBL5532063,CHEMBL1871,6.635,2024,6.635,N#Cc1ccc(O[C@H]2CC[C@H](NC(=O)c3ccc(N4CCC(CNC5CN(CCCF)C5)CC4)nn3)CC2)cc1Cl,train
CHEMBL5542581,CHEMBL1871,6.94,2024,6.94,N#Cc1ccc(O[C@H]2CC[C@H](NC(=O)c3ccc(N4CCC(Oc5ccc(NCCCCCF)cc5)CC4)nn3)CC2)cc1Cl,test
CHEMBL5542890,CHEMBL1871,6.99,2024,6.99,N#Cc1ccc(O[C@H]2CC[C@H](NC(=O)c3ccc(N4CCC(CF)CC4)nn3)CC2)cc1Cl,train
CHEMBL5550018,CHEMBL1871,6.615,2024,6.615,N#Cc1ccc(NC(=O)c2cccc(S(=O)(=O)N3CCCc4ccccc43)c2)cc1,train
CHEMBL5555049,CHEMBL1871,8.44,2024,8.44,N#Cc1ccc(O[C@H]2CC[C@H](NC(=O)c3ccc(N4CCC(CC5CN(CCCF)C5)CC4)nn3)CC2)cc1Cl,train
CHEMBL5555360,CHEMBL1871,6.7,2024,6.7,C[C@](O)(CN1CCN(c2ccc(C#N)nn2)CC1)C(=O)Nc1ccc(C#N)c(C(F)(F)F)c1,train
CHEMBL5555724,CHEMBL1871,6.455,2024,6.455,N#Cc1ccc(O[C@H]2CC[C@H](NC(=O)c3ccc(N4CCC(CN5CCN(CCCC(F)(F)C(F)(F)F)CC5)CC4)nn3)CC2)cc1Cl,train
CHEMBL5556701,CHEMBL1871,6.41,2024,6.41,CCc1cccc(NS(=O)(=O)c2cc3c4c(c2)CCC(=O)N4CCC3)c1,val
CHEMBL5556748,CHEMBL1871,6.85,2024,6.85,O=C(Nc1nc2ccc(OC(F)(F)F)cc2s1)c1ccc(S(=O)(=O)N2CCCc3ccccc32)cc1,train
CHEMBL5557418,CHEMBL1871,7.29,2024,7.29,N#Cc1ccc(O[C@H]2CC[C@H](NC(=O)c3ccc(N4CCC(CN5CCN(c6ccc(NC7CN(CCCF)C7)cc6)CC5)CC4)nn3)CC2)cc1Cl,val
CHEMBL5557813,CHEMBL1871,7.265,2024,7.265,N#Cc1ccc(O[C@H]2CC[C@H](NC(=O)c3ccc(N4CCC(CC5CN(CCCC(F)(F)C(F)(F)F)C5)CC4)nn3)CC2)cc1Cl,train
CHEMBL5558125,CHEMBL1871,7.42,2024,7.42,N#Cc1ccc(O[C@H]2CC[C@H](NC(=O)c3ccc(N4CCC(N5CCC(F)(F)C5)CC4)nn3)CC2)cc1Cl,train
CHEMBL5559204,CHEMBL1871,6.76,2024,6.76,N#Cc1ccc(O[C@H]2CC[C@H](NC(=O)c3ccc(N4CCC(Cc5ccc(NC6CN(CCCF)C6)cc5)CC4)nn3)CC2)cc1Cl,train
CHEMBL5559421,CHEMBL1871,7.59,2024,7.59,N#Cc1ccc(O[C@H]2CC[C@H](NC(=O)c3ccc(N4CCC(N5CCC(F)(F)CC5)CC4)nn3)CC2)cc1Cl,train
CHEMBL556229,CHEMBL1871,7.64,2009,7.64,CN1C(=O)C=C[C@]2(C)[C@H]3CC[C@]4(C)[C@@H](O)[C@H](Cc5cccc(F)c5)C[C@H]4[C@@H]3CC[C@@H]12,train
CHEMBL5563043,CHEMBL1871,6.81,2024,6.81,C[C@](O)(CN1CC2CC(C1)N2c1ccc(C#N)cc1)C(=O)Nc1ccc(C#N)c(C(F)(F)F)c1,train
CHEMBL5563061,CHEMBL1871,5.0,2024,5.0,N#Cc1ccc(CNC(=O)c2ncc3nc(N4CC[C@@H](O)C4)ccc3c2O)cn1,test
CHEMBL5563148,CHEMBL1871,6.92,2024,6.92,CCOC(=O)c1ccc(NC(=O)c2ccc(S(=O)(=O)Nc3ccc(C)cc3)cc2)s1,train
CHEMBL5563225,CHEMBL1871,6.1,2024,6.1,C[C@](O)(CN1CCN(c2ccc(C#N)c(C(F)(F)F)c2)CC1)C(=O)Nc1ccc(C#N)c(C(F)(F)F)c1,train
CHEMBL5563558,CHEMBL1871,6.0,2024,6.0,Cc1cc(N2CCN(C[C@](C)(O)C(=O)Nc3ccc(C#N)c(C(F)(F)F)c3)CC2)ccc1C#N,train
CHEMBL5563792,CHEMBL1871,6.35,2024,6.35,C[C@](O)(CN1CC2CC(C1)N2c1ccc(C#N)nn1)C(=O)Nc1ccc(C#N)c(C(F)(F)F)c1,val
CHEMBL5564208,CHEMBL1871,5.79,2024,5.79,C[C@](O)(CN1CCN(c2ccc(C#N)cc2)C(=O)C1)C(=O)Nc1ccc(C#N)c(C(F)(F)F)c1,train
CHEMBL556431,CHEMBL1871,7.39,2009,7.39,CN1C(=O)C=C[C@]2(C)[C@H]3CC[C@]4(C)[C@@H](O)/C(=C/c5cc(F)cc(F)c5)C[C@H]4[C@@H]3CC[C@@H]12,train
CHEMBL5564844,CHEMBL1871,5.8,2024,5.8,COc1cc(C#N)ccc1N1C2CCC1CN(C[C@](C)(O)C(=O)Nc1ccc(C#N)c(C(F)(F)F)c1)C2,train
CHEMBL5565018,CHEMBL1871,6.11,2024,6.11,Cc1ccc(NC(=O)c2ccc(NC(=O)c3cccc(S(=O)(=O)N4CCCc5ccccc54)c3)s2)cc1,test
CHEMBL5565106,CHEMBL1871,5.47,2024,5.47,C[C@](O)(CN1CCC(c2ccc(C#N)cc2)CC1)C(=O)Nc1ccc(C#N)c(C(F)(F)F)c1,test
CHEMBL5565380,CHEMBL1871,6.92,2024,6.92,CCOC(=O)c1ccc(NC(=O)c2ccc(S(=O)(=O)NC3CCCCCC3)cc2)s1,train
CHEMBL5565769,CHEMBL1871,6.67,2024,6.67,C[C@](O)(CN1CCN(c2ccc(C#N)cc2)CC1)C(=O)Nc1ccc(C#N)c(C(F)(F)F)c1,train
CHEMBL5565870,CHEMBL1871,5.94,2024,5.94,C[C@](O)(CN1CC2CC(C1)N2c1cnc(C#N)nc1)C(=O)Nc1ccc(C#N)c(C(F)(F)F)c1,train
CHEMBL5565943,CHEMBL1871,6.67,2024,6.67,C[C@](O)(CN1CC2CC(C1)N2c1ccc(C#N)cc1F)C(=O)Nc1cnc(C#N)c(Cl)c1,train
CHEMBL5566095,CHEMBL1871,5.8,2024,5.8,C[C@](O)(CN1CCN(c2ccc(C#N)c(-c3ccccc3)c2)CC1)C(=O)Nc1ccc(C#N)c(C(F)(F)F)c1,train
CHEMBL5567043,CHEMBL1871,6.87,2024,6.87,C[C@](O)(CN1CCN(c2cnc(C#N)nc2)CC1)C(=O)Nc1ccc(C#N)c(C(F)(F)F)c1,train
CHEMBL556848,CHEMBL1871,6.89,2009,6.89,CN1C(=O)C=C[C@]2(C)[C@H]3CC[C@]4(C)[C@@H](O)/C(=C/c5ccncc5)C[C@H]4[C@@H]3CC[C@@H]12,test
CHEMBL5568622,CHEMBL1871,6.49,2024,6.49,C[C@](O)(CN1CC2CC(C1)N2c1ccc(C#N)cc1)C(=O)Nc1cnc(C#N)c(C(F)(F)F)c1,train
CHEMBL5569094,CHEMBL1871,6.71,2024,6.71,C[C@](O)(CN1CC2CCC(C1)N2c1ccc(C#N)cc1)C(=O)Nc1ccc(C#N)c(C(F)(F)F)c1,train
CHEMBL5569161,CHEMBL1871,6.96,2024,6.96,C[C@](O)(CN1CC2CCC(C1)N2c1ccc(C#N)cc1F)C(=O)Nc1ccc(C#N)c(C(F)(F)F)c1,train
CHEMBL5569474,CHEMBL1871,5.94,2024,5.94,C[C@](O)(CN1CCN(c2ccc(C#N)c(Br)c2)CC1)C(=O)Nc1ccc(C#N)c(C(F)(F)F)c1,train
CHEMBL5569768,CHEMBL1871,6.7,2024,6.7,O=C(Nc1ccc(C(=O)NC2CC2)s1)c1cccc(S(=O)(=O)N2CCCc3ccccc32)c1,train
CHEMBL5569875,CHEMBL1871,5.3,2024,5.3,C[C@](O)(CN1CC(c2ccc(C#N)cc2)C1)C(=O)Nc1ccc(C#N)c(C(F)(F)F)c1,train
CHEMBL5570562,CHEMBL1871,6.34,2024,6.34,C[C@](O)(CN1CC2CC(C1)N2c1ccc(C#N)cc1)C(=O)Nc1cnc(C#N)c(Cl)c1,train
CHEMBL5570781,CHEMBL1871,5.94,2024,5.94,CCOC(=O)c1ccc(NC(=O)c2cccc(S(=O)(=O)Nc3ccc4ccccc4c3)c2)s1,train
CHEMBL5571059,CHEMBL1871,6.2,2024,6.2,C[C@](O)(CN1C2CCC1CN(c1ccc(C#N)cc1)C2)C(=O)Nc1ccc(C#N)c(C(F)(F)F)c1,val
CHEMBL5571115,CHEMBL1871,6.18,2024,6.18,COc1cc(N2CCN(C[C@](C)(O)C(=O)Nc3ccc(C#N)c(C(F)(F)F)c3)CC2)ccc1C#N,train
CHEMBL557116,CHEMBL1871,7.46,2009,7.46,C/C=C1\C[C@H]2[C@@H]3CC[C@H]4N(C)C(=O)C=C[C@]4(C)[C@H]3CC[C@]2(C)[C@H]1O,train
CHEMBL5571494,CHEMBL1871,5.301029995663981,2024,5.301029995663981,Cc1ccc(NC(=O)c2ccc(NC(=O)c3ccc(S(=O)(=O)N4CCCc5ccccc54)cc3)s2)cc1,test
CHEMBL5571572,CHEMBL1871,6.26,2024,6.26,C[C@](O)(CN1C[C@@H]2C[C@H]1CN2c1ccc(C#N)cc1)C(=O)Nc1ccc(C#N)c(C(F)(F)F)c1,test
CHEMBL5571579,CHEMBL1871,5.91,2024,5.91,C[C@](O)(CN1CCCN(c2ccc(C#N)cc2)CC1)C(=O)Nc1ccc(C#N)c(C(F)(F)F)c1,train
CHEMBL5571658,CHEMBL1871,5.79,2024,5.79,C[C@](O)(CN1CCN(c2ccc(C(F)(F)F)cc2)CC1)C(=O)Nc1ccc(C#N)c(C(F)(F)F)c1,train
CHEMBL5571805,CHEMBL1871,4.85,2024,4.85,C[C@H]1CN(C[C@](C)(O)C(=O)Nc2ccc(C#N)c(C(F)(F)F)c2)CCN1c1ccc(C#N)cc1,train
CHEMBL5572389,CHEMBL1871,5.96,2024,5.96,COc1ccc(N2CCN(C[C@](C)(O)C(=O)Nc3ccc(C#N)c(C(F)(F)F)c3)CC2)cc1,train
CHEMBL5572462,CHEMBL1871,5.88,2024,5.88,C[C@](O)(CN1CCN(c2ccc([N+](=O)[O-])cc2)CC1)C(=O)Nc1ccc(C#N)c(C(F)(F)F)c1,train
CHEMBL5572524,CHEMBL1871,5.75,2024,5.75,C[C@](O)(CN1CCN(c2ccc(F)cc2)CC1)C(=O)Nc1ccc(C#N)c(C(F)(F)F)c1,train
CHEMBL5572527,CHEMBL1871,5.89,2024,5.89,Cc1cc(C#N)ccc1N1C2CCC1CN(C[C@](C)(O)C(=O)Nc1ccc(C#N)c(C(F)(F)F)c1)C2,train
CHEMBL5572655,CHEMBL1871,6.92,2024,6.92,O=C(Nc1ccc(C(=O)NC23C[C@H]4C[C@H](C2)C[C@@H](C3)C4)s1)c1cccc(S(=O)(=O)N2CCCc3ccccc32)c1,train
CHEMBL5572979,CHEMBL1871,5.97,2024,5.97,C[C@H]1CN(c2ccc(C#N)cc2)CCN1C[C@](C)(O)C(=O)Nc1ccc(C#N)c(C(F)(F)F)c1,train
CHEMBL5573540,CHEMBL1871,5.81,2024,5.81,Cc1cc(NC(=O)[C@@](C)(O)CN2CC3CC(C2)N3c2ccc(C#N)cc2)cnc1C#N,train
CHEMBL5573730,CHEMBL1871,6.3,2024,6.3,C[C@](O)(CN1CCN(c2ccc(C#N)c(Cl)c2)CC1)C(=O)Nc1ccc(C#N)c(C(F)(F)F)c1,train
CHEMBL5573769,CHEMBL1871,6.22,2024,6.22,C[C@](O)(CN1CC2CC(C1)N2c1ccc(C#N)cc1F)C(=O)Nc1ccc(C#N)c(C(F)(F)F)c1,train
CHEMBL5574051,CHEMBL1871,5.97,2024,5.97,C[C@](O)(CN1CC2CC(C1)N2c1ccc(C#N)cc1)C(=O)Nc1ccc(C#N)c(Cl)c1,train
CHEMBL5574056,CHEMBL1871,5.37,2024,5.37,CNC(=O)c1ccc(N2CCN(C[C@](C)(O)C(=O)Nc3ccc(C#N)c(C(F)(F)F)c3)CC2)cc1,train
CHEMBL5574098,CHEMBL1871,6.08,2024,6.08,C[C@](O)(CN1CCN(c2ccc(Cl)cc2)CC1)C(=O)Nc1ccc(C#N)c(C(F)(F)F)c1,train
CHEMBL5574257,CHEMBL1871,5.59,2024,5.59,CN(c1ccc(C#N)cc1)C1CN(C[C@](C)(O)C(=O)Nc2ccc(C#N)c(C(F)(F)F)c2)C1,train
CHEMBL5574403,CHEMBL1871,5.85,2024,5.85,C[C@](O)(CN1CCN(c2cccc(C#N)c2)CC1)C(=O)Nc1ccc(C#N)c(C(F)(F)F)c1,train
CHEMBL5574975,CHEMBL1871,5.5,2024,5.5,C[C@](O)(CN1CCN(Cc2ccc(C#N)cc2)CC1)C(=O)Nc1ccc(C#N)c(C(F)(F)F)c1,train
CHEMBL5574997,CHEMBL1871,6.14,2024,6.14,C[C@](O)(CN1C2CC1CN(c1ccc(C#N)cc1)C2)C(=O)Nc1ccc(C#N)c(C(F)(F)F)c1,train
CHEMBL5575877,CHEMBL1871,6.6,2024,6.6,C[C@](O)(CN1CCN(c2ccc(C#N)cn2)CC1)C(=O)Nc1ccc(C#N)c(C(F)(F)F)c1,train
CHEMBL5584051,CHEMBL1871,5.95,2024,5.95,C[C@](O)(CN1CCN(c2ccc(S(C)(=O)=O)cc2)CC1)C(=O)Nc1ccc(C#N)c(C(F)(F)F)c1,train
CHEMBL558664,CHEMBL1871,6.6,2009,6.6,CN1CC[C@H](N(Cc2ccccc2C(F)(F)F)c2ccc(C#N)c(Cl)c2)C1,train
CHEMBL5589667,CHEMBL1871,6.09,2024,6.09,C[C@](O)(CN1CCN(c2ccc(C#N)c(F)c2)CC1)C(=O)Nc1ccc(C#N)c(C(F)(F)F)c1,train
CHEMBL5590394,CHEMBL1871,5.58,2024,5.58,C[C@](O)(CN1CC2CC(C1)N2c1cnc(C#N)nc1)C(=O)Nc1cnc(C#N)c(C(F)(F)F)c1,train
CHEMBL5590984,CHEMBL1871,6.78,2024,6.78,C[C@](O)(CN1CC2CC(C1)N2c1ccc(C#N)cc1F)C(=O)Nc1cnc(C#N)c(C(F)(F)F)c1,train
CHEMBL559246,CHEMBL1871,8.15,2009,8.15,CN1C(=O)C=C[C@]2(C)[C@H]3CC[C@]4(C)[C@@H](O)CC[C@H]4[C@@H]3CC[C@@H]12,val
CHEMBL5593403,CHEMBL1871,6.53,2024,6.53,C[C@](O)(CN1CCN(c2ccc(C#N)nc2)CC1)C(=O)Nc1ccc(C#N)c(C(F)(F)F)c1,train
CHEMBL5593664,CHEMBL1871,6.48,2024,6.48,C[C@](O)(CN1CCN(c2ccccc2C#N)CC1)C(=O)Nc1ccc(C#N)c(C(F)(F)F)c1,train
CHEMBL5594380,CHEMBL1871,6.0,2024,6.0,C[C@](O)(CN1CCN(c2ccc(Br)cc2)CC1)C(=O)Nc1ccc(C#N)c(C(F)(F)F)c1,train
CHEMBL5594723,CHEMBL1871,6.34,2024,6.34,C[C@](O)(CN1CC2CC(C1)N2c1ccc(C#N)cc1Cl)C(=O)Nc1cnc(C#N)c(C(F)(F)F)c1,train
CHEMBL559485,CHEMBL1871,6.54,2009,6.54,CN1C(=O)C=C[C@]2(C)[C@H]3CC[C@]4(C)[C@@H](O)/C(=C/c5ccccn5)C[C@H]4[C@@H]3CC[C@@H]12,train
CHEMBL559878,CHEMBL1871,7.96,2009,7.96,COc1ncc(/C=C2\C[C@H]3[C@@H]4CC[C@H]5N(C)C(=O)C=C[C@]5(C)[C@H]4CC[C@]3(C)[C@H]2O)cn1,train
CHEMBL560935,CHEMBL1871,6.94,2009,6.94,CN1C(=O)C=C[C@]2(C)[C@H]3CC[C@]4(C)[C@@H](O)/C(=C/c5ccccc5)C[C@H]4[C@@H]3CC[C@@H]12,train
CHEMBL5611927,CHEMBL1871,5.0,2024,5.0,Cc1ncncc1Nc1ccc2c(c1)CCC1=C3C[C@H](O)C[C@]3(C)CC[C@]12Cc1ccccc1,train
CHEMBL5612930,CHEMBL1871,5.0,2024,5.0,Cc1ncncc1Nc1ccc2c(c1)CCC1=C3C[C@@H](O)C[C@]3(C)CC[C@]12Cc1ccccc1,train
CHEMBL5612987,CHEMBL1871,5.455931955649724,2024,5.455931955649724,Cc1ncccc1Nc1ccc2c(c1)CCC1=C3C[C@H](O)C[C@]3(C)CC[C@]12Cc1ccccc1,val
CHEMBL5614066,CHEMBL1871,6.4,2024,6.4,Cc1ncccc1Nc1ccc2c(c1)CCC1=C3C[C@@H](O)C[C@]3(C)CC[C@]12C,train
CHEMBL5614270,CHEMBL1871,6.76,2024,6.76,Cc1ncccc1Nc1ccc2c(c1)CCC1=C3C[C@@H](O)C[C@]3(C)CC[C@]12Cc1ccccc1,val
CHEMBL562394,CHEMBL1871,6.15,2009,6.15,CN1C(=O)C=C[C@]2(C)[C@H]3CC[C@]4(C)[C@@H](O)/C(=C/c5cnc(-c6ccccn6)nc5)C[C@H]4[C@@H]3CC[C@@H]12,val
CHEMBL562471,CHEMBL1871,7.57,2009,7.57,CN1C(=O)C=C[C@]2(C)[C@H]3CC[C@]4(C)[C@@H](O)/C(=C/c5cccc(F)c5)C[C@H]4[C@@H]3CC[C@@H]12,train
CHEMBL562780,CHEMBL1871,7.21,2009,7.21,CN1C(=O)C=C[C@]2(C)[C@H]3CC[C@]4(C)[C@@H](O)/C(=C/c5cccnc5)C[C@H]4[C@@H]3CC[C@@H]12,val
CHEMBL5630801,CHEMBL1871,5.84,2023,5.84,N#Cc1ccc(N2C(=O)CN(CCCN3CCCc4ccccc43)C2=S)cc1C(F)(F)F,test
CHEMBL563341,CHEMBL1871,6.6,2009,6.6,CN1CC[C@@H](N(Cc2ccccc2C(F)(F)F)c2ccc(C#N)c(Cl)c2)C1,train
CHEMBL563597,CHEMBL1871,7.51,2009,7.51,CNc1ncc(/C=C2\C[C@H]3[C@@H]4CC[C@H]5N(C)C(=O)C=C[C@]5(C)[C@H]4CC[C@]3(C)[C@H]2O)cn1,train
CHEMBL565320,CHEMBL1871,5.3979400086720375,2010,5.3979400086720375,C=CC[C@@](C)(O)[C@H]1CCCC2=Cc3c(-c4ccc(F)cc4)ncn3C[C@@]21C,train
CHEMBL566387,CHEMBL1871,5.3979400086720375,2010,5.3979400086720375,CCCC[C@@](C)(O)[C@H]1CCCC2=Cc3c(-c4ccc(F)cc4)ncn3C[C@@]21C,train
CHEMBL566575,CHEMBL1871,5.3979400086720375,2010,5.3979400086720375,Cc1cccc([C@@](C)(O)[C@H]2CCCC3=Cc4c(-c5ccc(F)cc5)ncn4C[C@@]32C)c1,train
CHEMBL566600,CHEMBL1871,5.3979400086720375,2010,5.3979400086720375,C[C@]12Cn3cnc(-c4ccc(F)cc4)c3C=C1CCC[C@@H]2[C@](C)(O)c1cccc(C#N)c1,train
CHEMBL566818,CHEMBL1871,5.3979400086720375,2010,5.3979400086720375,CO[C@](C)(c1cccs1)[C@H]1CCCC2=Cc3c(-c4ccc(F)cc4)ncn3C[C@@]21C,train
CHEMBL566823,CHEMBL1871,5.3979400086720375,2010,5.3979400086720375,C[C@]12Cn3cnc(-c4ccc(F)cc4)c3C=C1CCC[C@@H]2[C@](C)(O)c1ccncc1,train
CHEMBL567027,CHEMBL1871,5.3979400086720375,2010,5.3979400086720375,C[C@]12Cn3cnc(-c4ccc(F)cc4)c3C=C1CCC[C@@H]2[C@](C)(O)c1ccc(Cl)cc1,train
CHEMBL567028,CHEMBL1871,5.3979400086720375,2010,5.3979400086720375,Cc1ccsc1[C@@](C)(O)[C@H]1CCCC2=Cc3c(-c4ccc(F)cc4)ncn3C[C@@]21C,train
CHEMBL567237,CHEMBL1871,5.3979400086720375,2010,5.3979400086720375,CC(C)C[C@@](C)(O)[C@H]1CCCC2=Cc3c(-c4ccc(F)cc4)ncn3C[C@@]21C,train
CHEMBL568868,CHEMBL1871,5.3979400086720375,2010,5.3979400086720375,C[C@]12Cn3cnc(-c4ccc(F)cc4)c3C=C1CCC[C@@H]2[C@](C)(O)CCc1ccccc1,test
CHEMBL569044,CHEMBL1871,5.3979400086720375,2010,5.3979400086720375,C[C@]12Cn3cnc(-c4ccc(F)cc4)c3C=C1CCC[C@@H]2[C@](C)(O)c1ccsc1,test
CHEMBL569061,CHEMBL1871,5.3979400086720375,2010,5.3979400086720375,C[C@]12Cn3cnc(-c4ccc(F)cc4)c3C=C1CCC[C@@H]2[C@](C)(O)C(F)(F)F,train
CHEMBL569100,CHEMBL1871,5.3979400086720375,2010,5.3979400086720375,C[C@]12Cn3cnc(-c4ccc(F)cc4)c3C=C1CCC[C@@H]2[C@](C)(O)Cc1ccc(F)cc1,train
CHEMBL569290,CHEMBL1871,5.3979400086720375,2010,5.3979400086720375,C[C@]12Cn3cnc(-c4ccc(F)cc4)c3C=C1CCC[C@@H]2[C@](C)(O)c1nccs1,val
CHEMBL569544,CHEMBL1871,5.3979400086720375,2010,5.3979400086720375,C[C@]12Cn3cnc(-c4ccc(F)cc4)c3C=C1CCC[C@@H]2[C@](C)(O)c1ccccc1,train
CHEMBL570708,CHEMBL1871,5.7,2009,5.7,Cc1c(C#N)c(Cl)nc2c3c(sc12)NC(=O)CC3c1ccccc1Cl,train
CHEMBL570897,CHEMBL1871,8.6,2015,8.6,O=[N+]([O-])c1ccc(N2CCCC2)c2ccccc12,train
CHEMBL570898,CHEMBL1871,8.6,2015,8.6,N#Cc1ccc(N2CCCC2)c2ccccc12,train
CHEMBL572212,CHEMBL1871,5.3979400086720375,2010,5.3979400086720375,C[C@]12Cn3cnc(-c4ccc(F)cc4)c3C=C1CCC[C@@H]2[C@](C)(O)C1CCCCC1,train
CHEMBL572329,CHEMBL1871,5.3979400086720375,2010,5.3979400086720375,Cc1ccc([C@@](C)(O)[C@H]2CCCC3=Cc4c(-c5ccc(F)cc5)ncn4C[C@@]32C)s1,train
CHEMBL572330,CHEMBL1871,5.3979400086720375,2010,5.3979400086720375,C[C@]12Cn3cnc(-c4ccc(F)cc4)c3C=C1CCC[C@@H]2[C@](C)(O)c1ccc(Cl)s1,train
CHEMBL572355,CHEMBL1871,5.3979400086720375,2010,5.3979400086720375,C[C@]12Cn3cnc(-c4ccc(F)cc4)c3C=C1CCC[C@@H]2[C@](C)(O)C1CCOCC1,test
CHEMBL572357,CHEMBL1871,5.3979400086720375,2010,5.3979400086720375,C[C@]12Cn3cnc(-c4ccc(F)cc4)c3C=C1CCC[C@@H]2[C@](C)(O)c1ccc(C#N)cc1,train
CHEMBL5740755,CHEMBL1871,6.0649999999999995,2018,6.0649999999999995,C=CS(=O)(=O)C(c1ccc(NC(=O)[C@@](C)(O)CS(=O)(=O)c2ccc(F)cc2)cc1C(F)(F)F)S(=O)(=O)C=C,train
CHEMBL5742076,CHEMBL1871,5.96,2020,5.96,CNC(=O)c1ccc(N2C(=O)N(c3ccc(C#N)c(C(F)(F)F)c3)C(=O)C2(C)C)cc1F,train
CHEMBL5742711,CHEMBL1871,8.7,2019,8.7,N#Cc1ccc(N2CCc3c(ncnc3Nc3ccc(C(=O)NCC(F)(F)F)nn3)C2)cc1Cl,train
CHEMBL5744083,CHEMBL1871,4.522878745280337,2020,4.522878745280337,C[C@H](c1ccc(N)cc1)c1ccc([C@@H]2O[C@@H]3C[C@H]4[C@@H]5C[C@H](F)C6=CC(=O)C=C[C@]6(C)[C@@]5(F)[C@@H](O)C[C@]4(C)[C@]3(C(=O)CO)O2)cc1,train
CHEMBL5744517,CHEMBL1871,5.1,2018,5.1,C[C@](O)(CS(=O)(=O)c1ccc(F)cc1)C(=O)Nc1cc(C(F)(F)F)c([N+](=O)[O-])cn1,train
CHEMBL5745221,CHEMBL1871,6.3,2022,6.3,CC1(C)C(=O)N(c2ccc(C#N)c(C(F)(F)F)c2)C(=O)N1c1ccc(CNC(=O)c2cncs2)cc1,train
CHEMBL5746996,CHEMBL1871,7.22,2019,7.22,N#Cc1ccc(N2CCc3c(ncnc3Nc3nc(C(F)(F)F)c(C(=O)NCC(F)(F)F)s3)C2)cc1C(F)(F)F,test
CHEMBL5748065,CHEMBL1871,7.15,2017,7.15,CC(O)c1cc(C(=O)N[C@@H](C)Cn2ccc(-c3ccc(C#N)c(Cl)c3)n2)no1,test
CHEMBL5748447,CHEMBL1871,4.522878745280337,2020,4.522878745280337,C[C@]12C=CC(=O)C=C1[C@@H](F)C[C@H]1[C@@H]3C[C@H]4O[C@@H](c5ccc(Oc6cccc(N)c6)cc5)O[C@@]4(C(=O)CO)[C@@]3(C)C[C@H](O)[C@@]12F,train
CHEMBL5748745,CHEMBL1871,4.522878745280337,2020,4.522878745280337,C[C@]12C=CC(=O)C=C1[C@@H](F)C[C@H]1[C@@H]3C[C@H]4O[C@@H](c5ccc(CSc6cccc(N)c6)cc5)O[C@@]4(C(=O)CO)[C@@]3(C)C[C@H](O)[C@@]12F,test
CHEMBL5749733,CHEMBL1871,7.03,2022,7.03,CC1(C)C(=O)N(c2ccc(C#N)c(C(F)(F)F)c2)C(=S)N1c1ccc(CNC(=O)c2cncs2)c(F)c1,train
CHEMBL5752702,CHEMBL1871,7.0,2017,7.0,CC(O)(C(=O)Nc1ccnc(Br)c1)c1ccccc1,train
CHEMBL5753478,CHEMBL1871,6.1,2019,6.1,CC(C)(O)C1CCN(C(=O)c2nnc(Nc3ncnc4c3CCN(c3ccc(C#N)c(C(F)(F)F)c3)C4)o2)CC1,train
CHEMBL5754269,CHEMBL1871,7.244999999999999,2017,7.244999999999999,C[C@@H](Cn1ccc(-c2cc(F)c(C#N)c(Cl)c2)n1)NC(=O)c1cn2cccnc2n1,train
CHEMBL5755157,CHEMBL1871,6.5,2022,6.5,CC(n1ccc2c(C(F)(F)F)c(C#N)ccc21)C(C)(C)O,val
CHEMBL5755702,CHEMBL1871,6.42,2022,6.42,CC1(C)C(=O)N(c2ccc(C#N)c(F)c2)C(=S)N1c1ccc(CNC(=O)c2ccccn2)c(F)c1,train
CHEMBL5760149,CHEMBL1871,6.07,2023,6.07,CC(C)(NC(=O)c1ccc(Cl)s1)C(=O)Nc1ccc(Cl)c(F)c1,train
CHEMBL5760475,CHEMBL1871,6.62,2022,6.62,Cc1ncsc1C(=O)NCc1ccc(N2C(=S)N(c3cnc(C#N)c(C(F)(F)F)c3)C(=O)C2(C)C)cc1Cl,train
CHEMBL5761394,CHEMBL1871,7.0,2022,7.0,Cc1ncc(C(=O)NCc2ccc(N3C(=S)N(c4ccc(C#N)c(C(F)(F)F)c4)C(=O)C3(C)C)cc2F)s1,train
CHEMBL5763828,CHEMBL1871,6.7,2020,6.7,C[C@](O)(CN1CCc2cc(Br)ccc21)C(=O)Nc1ccc(C#N)c(C(F)(F)F)c1,train
CHEMBL5764581,CHEMBL1871,7.1,2022,7.1,CSCC(C)n1c(C(F)F)cc2c(C#N)c(C#N)ccc21,val
CHEMBL576472,CHEMBL1871,5.3979400086720375,2010,5.3979400086720375,Cc1ccccc1[C@@](C)(O)[C@H]1CCCC2=Cc3c(-c4ccc(F)cc4)ncn3C[C@@]21C,train
CHEMBL5764729,CHEMBL1871,4.522878745280337,2020,4.522878745280337,C[C@]12C=CC(=O)C=C1[C@@H](F)C[C@H]1[C@@H]3C[C@H]4O[C@@H](c5ccc(Sc6ccc(N)cc6)cc5)O[C@@]4(C(=O)CO)[C@@]3(C)C[C@H](O)[C@@]12F,train
CHEMBL5770938,CHEMBL1871,5.67,2022,5.67,CC1(C)C(=O)N(c2ccc(C#N)c(C(F)(F)F)c2)C(=S)N1c1ccc(CNC(=O)c2ncccn2)cc1,test
CHEMBL5771723,CHEMBL1871,7.845000000000001,2017,7.845000000000001,Cc1cc(-c2ccn(C[C@H](C)NC(=O)c3cc(-c4ccco4)n[nH]3)n2)ccc1C#N,train
CHEMBL5771779,CHEMBL1871,7.3,2019,7.3,CC(C)(O)c1ccc(Nc2ncnc3c2CCN(c2ccc(C#N)c(Br)c2)C3)nc1,train
CHEMBL5773046,CHEMBL1871,5.555,2022,5.555,CC(C)(C)C(=O)NCc1ccc(N2C(=S)N(c3ccc(C#N)c(C(F)(F)F)c3)C(=O)C2(C)C)cc1F,test
CHEMBL5773757,CHEMBL1871,7.26,2019,7.26,CC(C)(COc1ccc(Nc2ncnc3c2CCN(c2ccc(C#N)c(Cl)c2)C3)nc1)n1cnnn1,train
CHEMBL5777912,CHEMBL1871,7.52,2017,7.52,CCCCC(C)(O)C(=O)Nc1cc(Br)nc(OC)c1,train
CHEMBL577945,CHEMBL1871,5.3979400086720375,2010,5.3979400086720375,C[C@]12Cn3cnc(-c4ccc(F)cc4)c3C=C1CCC[C@@H]2[C@](C)(O)c1ccc(F)cc1,train
CHEMBL5780200,CHEMBL1871,6.2,2022,6.2,CC(C)(O)C(C)(C)n1ccc2c(C#N)c(C#N)ccc21,val
CHEMBL5783598,CHEMBL1871,7.404999999999999,2017,7.404999999999999,Cc1cc(-c2ccn(CCNC(=O)c3cc(-c4cccnc4)n[nH]3)n2)ccc1C#N,train
CHEMBL5787030,CHEMBL1871,6.5,2022,6.5,CC1(C)C(=O)N(c2ccc(C#N)c(C(F)(F)F)c2)C(=S)N1c1ccc(CNC(=O)c2cncnc2)c(F)c1,train
CHEMBL5787682,CHEMBL1871,6.25,2019,6.25,C[C@@H](NC(=O)c1ccc(Nc2ncnc3c2CCN(c2ccc(C#N)c(C(F)(F)F)c2)C3)nc1)c1nnco1,train
CHEMBL5793492,CHEMBL1871,6.52,2022,6.52,CC1(C)C(=O)N(c2ccc(C#N)c(C(F)(F)F)c2)C(=O)N1c1ccc(CNC(=O)c2ncccn2)cc1,val
CHEMBL5794343,CHEMBL1871,5.54,2020,5.54,Cc1ccccc1N1CCN(C(=O)C2CC2c2ccccc2)CC1,test
CHEMBL5794711,CHEMBL1871,7.7,2017,7.7,COc1cc(NC(=O)C(C)(O)CC(C)C)cc(Br)n1,train
CHEMBL5796430,CHEMBL1871,7.615,2017,7.615,C[C@@H](Cn1ccc(-c2ccc(C#N)c(Cl)c2)n1)NC(=O)c1[nH]nc2c1COCC2,train
CHEMBL5797322,CHEMBL1871,6.7,2022,6.7,Cc1ncsc1C(=O)NCc1ccc(N2C(=S)N(c3ccc(C#N)c(C(F)(F)F)c3)C(=O)C2(C)C)cc1,train
CHEMBL5798379,CHEMBL1871,6.41,2019,6.41,N#Cc1ccc(N2CCc3c(ncnc3Nc3cc(C(=O)NCC(F)(F)F)ccn3)C2)cc1C(F)(F)F,train
CHEMBL5798654,CHEMBL1871,7.285,2017,7.285,C[C@H](Cn1ccc(-c2ccc(C#N)c(Cl)c2)n1)NC(=O)c1csc(N2CCOCC2)n1,train
CHEMBL5799272,CHEMBL1871,7.0,2022,7.0,CC1(C)C(=O)N(c2ccc(C#N)c(C(F)(F)F)c2)C(=S)N1c1ccc(CNC(=O)c2cncs2)c(Cl)c1,train
CHEMBL5800325,CHEMBL1871,7.1,2019,7.1,N#Cc1ccc(N2CCc3c(ncnc3Nc3ncns3)C2)cc1C(F)(F)F,train
CHEMBL5804861,CHEMBL1871,7.0,2019,7.0,N#Cc1ccc(N2CCc3c(ncnc3Nc3ncc(S(=O)(=O)N4CCCOCC4)s3)C2)cc1C(F)(F)F,test
CHEMBL5806702,CHEMBL1871,7.67,2017,7.67,Cc1nc(-c2cc(C(=O)N[C@@H](C)Cn3ccc(-c4ccc(C#N)c(Cl)c4)n3)n[nH]2)cs1,train
CHEMBL5807570,CHEMBL1871,4.522878745280337,2020,4.522878745280337,C[C@]12C=CC(=O)C=C1CC[C@H]1[C@@H]3C[C@H]4O[C@@H](c5ccc(CSc6cccc(N)c6)cc5)O[C@@]4(C(=O)CO)[C@@]3(C)C[C@H](O)[C@@]12F,test
CHEMBL5807618,CHEMBL1871,6.45,2023,6.45,CC(C)(NC(=O)c1cccs1)C(=O)Nc1ccc(C#N)c(C(F)(F)F)c1,train
CHEMBL5807843,CHEMBL1871,7.59,2017,7.59,Cc1nc(C(=O)N[C@@H](C)Cn2ccc(-c3cc(F)c(C#N)c(Cl)c3)n2)c[nH]1,train
CHEMBL5810143,CHEMBL1871,6.44,2019,6.44,CS(=O)(=O)N1CCN(CCCOc2ccc(Nc3ncnc4c3CCN(c3ccc(C#N)c(C(F)(F)F)c3)C4)cc2)CC1,train
CHEMBL5810949,CHEMBL1871,7.73,2017,7.73,C[C@@H](Cn1ccc(-c2ccc(C#N)c(Cl)c2)n1)NC(=O)c1csc(-c2cn[nH]c2)n1,train
CHEMBL5811145,CHEMBL1871,5.0,2023,5.0,CC(C)(NC(=O)c1ccc(Cl)s1)C(=O)Nc1ccc(Br)cc1,train
CHEMBL5811557,CHEMBL1871,6.21,2019,6.21,N#Cc1ccc(N2CCc3c(ncnc3Nc3cccc(-c4ccccc4)c3)C2)cc1C(F)(F)F,val
CHEMBL5812642,CHEMBL1871,7.16,2019,7.16,CC(C)(O)c1ccc(Nc2ncnc3c2CCN(c2ccc(C#N)c(Cl)c2)C3)nn1,train
CHEMBL5812917,CHEMBL1871,6.75,2022,6.75,CC(C)C(=O)NCc1ccc(N2C(=S)N(c3ccc(C#N)c(C(F)(F)F)c3)C(=O)C2(C)C)cc1F,test
CHEMBL5813003,CHEMBL1871,6.08,2020,6.08,COC(=O)Nc1cnn(C[C@](C)(O)C(=O)Nc2ccc(C#N)c(C(F)(F)F)c2)c1,test
CHEMBL5817717,CHEMBL1871,4.522878745280337,2020,4.522878745280337,C[C@]12C=CC(=O)C=C1CC[C@@H]1[C@@H]2[C@@H](O)C[C@@]2(C)[C@H]1C[C@H]1O[C@@H](c3ccc(CSc4cccc(N)c4)cc3)O[C@]12C(=O)CO,test
CHEMBL5818111,CHEMBL1871,5.76,2020,5.76,C[C@](O)(CBr)C(=O)Nc1ccc2ncncc2c1,test
CHEMBL5819730,CHEMBL1871,5.34,2020,5.34,C[C@](O)(CBr)C(=O)Nc1ccc(C#N)nc1,train
CHEMBL5823482,CHEMBL1871,6.43,2019,6.43,CC(C)Oc1ccc(Nc2ncnc3c2CCN(c2ccc(C#N)c(C(F)(F)F)c2)C3)cc1,test
CHEMBL5823551,CHEMBL1871,6.6,2019,6.6,CC(C)(O)c1sc(Nc2ncnc3c2CCN(c2ccc(C#N)c(C(F)(F)F)c2)C3)nc1C(F)(F)F,test
CHEMBL5826812,CHEMBL1871,4.522878745280337,2020,4.522878745280337,C[C@@H](c1ccc([C@@H]2O[C@@H]3C[C@H]4[C@@H]5C[C@H](F)C6=CC(=O)C=C[C@]6(C)[C@@]5(F)[C@@H](O)C[C@]4(C)[C@]3(C(=O)CO)O2)cc1)c1cccc(N)c1,train
CHEMBL5828504,CHEMBL1871,5.48,2019,5.48,N#Cc1ccc(N2CCc3c(ncnc3Nc3ncc(C(=O)NCC(F)(F)F)nn3)C2)cc1C(F)(F)F,test
CHEMBL5828693,CHEMBL1871,4.522878745280337,2020,4.522878745280337,C[C@]12C=CC(=O)C=C1[C@@H](F)C[C@H]1[C@@H]3C[C@H]4O[C@@H](c5ccc(Cc6ccc(N)cc6)cc5)O[C@@]4(C(=O)CO)[C@@]3(C)C[C@H](O)[C@@]12F,train
CHEMBL5830527,CHEMBL1871,6.68,2019,6.68,CC(C)(COc1ccc(Nc2ncnc3c2CCN(c2ccc(C#N)c(C(F)(F)F)c2)C3)cn1)n1cnnn1,val
CHEMBL5832037,CHEMBL1871,6.75,2022,6.75,CC1(C)C(=O)N(c2ccc(C#N)c(C(F)(F)F)c2)C(=S)N1c1ccc(CNC(=O)c2ncc[nH]2)c(F)c1,train
CHEMBL5833959,CHEMBL1871,4.522878745280337,2020,4.522878745280337,C[C@]12C=CC(=O)C=C1[C@@H](F)C[C@H]1[C@@H]3C[C@H]4O[C@@H](c5ccc(Oc6ccc(N)cc6)c(O)c5)O[C@@]4(C(=O)CO)[C@@]3(C)C[C@H](O)[C@@]12F,train
CHEMBL5836242,CHEMBL1871,5.725,2022,5.725,CC1(C)C(=O)N(c2ccc(C#N)c(C(F)(F)F)c2)C(=S)N1c1ccc(CNC(=O)c2cncs2)cc1,train
CHEMBL583625,CHEMBL1871,5.3979400086720375,2010,5.3979400086720375,C[C@]12Cn3cnc(-c4ccc(F)cc4)c3C=C1CCC[C@@H]2[C@](C)(O)c1cccnc1,train
CHEMBL583629,CHEMBL1871,5.3979400086720375,2010,5.3979400086720375,C=CC[C@H](O)C1CCCC2=Cc3c(cnn3-c3ccc(F)cc3)C[C@@]21C,train
CHEMBL5838126,CHEMBL1871,7.7,2017,7.7,C[C@H](CNC(=O)c1csc(CC#N)n1)n1ccc(-c2cc(F)c(C#N)c(F)c2)n1,train
CHEMBL583859,CHEMBL1871,5.3979400086720375,2010,5.3979400086720375,C[C@]12Cn3cnc(-c4ccc(F)cc4)c3C=C1CCC[C@@H]2[C@](C)(O)c1ccccn1,train
CHEMBL584258,CHEMBL1871,5.3979400086720375,2010,5.3979400086720375,C[C@]12Cn3cnc(-c4ccc(F)cc4)c3C=C1CCC[C@@H]2[C@](C)(O)c1cccs1,train
CHEMBL5842617,CHEMBL1871,5.705,2022,5.705,Cn1ccnc1C(=O)NCc1ccc(N2C(=S)N(c3ccc(C#N)c(C(F)(F)F)c3)C(=O)C2(C)C)cc1F,train
CHEMBL5842693,CHEMBL1871,8.24,2017,8.24,Cc1c(-c2ccn(C[C@H](C)NC(=O)c3csc(C(C)O)n3)n2)ccc(C#N)c1Cl,train
CHEMBL5843780,CHEMBL1871,6.8,2022,6.8,C[C@@H](n1ccc2c(C(F)(F)F)c(C#N)ccc21)C(C)(C)O,val
CHEMBL584522,CHEMBL1871,5.3979400086720375,2010,5.3979400086720375,C[C@]12Cn3cnc(-c4ccc(F)cc4)c3C=C1CCC[C@@H]2[C@](C)(O)C1CC1,test
CHEMBL5846169,CHEMBL1871,6.2,2022,6.2,Cc1cc2c(C(F)(F)F)c(C#N)ccc2n1C(C)CO,val
CHEMBL5848152,CHEMBL1871,7.02,2017,7.02,,
CHEMBL5850220,CHEMBL1871,5.03,2020,5.03,C[C@H](Nc1ccc([C@@H]2O[C@@H]3C[C@H]4[C@@H]5CCC6=CC(=O)C=C[C@]6(C)[C@@]5(F)[C@@H](O)C[C@]4(C)[C@]3(C(=O)CO)O2)cn1)c1ccc(N)cc1,test
CHEMBL5850771,CHEMBL1871,6.89,2019,6.89,N#Cc1ccc(N2CCc3c(ncnc3Nc3ccc(S(=O)(=O)NC4CC4)cn3)C2)cc1C(F)(F)F,test
CHEMBL5851663,CHEMBL1871,7.14,2022,7.14,CC1(C)C(=O)N(c2cnc(C#N)c(C(F)(F)F)c2)C(=S)N1c1ccc(CNC(=O)c2ncccn2)c(Cl)c1,train
CHEMBL5852186,CHEMBL1871,6.77,2019,6.77,C[C@@H](NC(=O)c1sc(Nc2ncnc3c2CCN(c2ccc(C#N)c(C(F)(F)F)c2)C3)nc1C(F)(F)F)c1nnco1,val
CHEMBL5855411,CHEMBL1871,5.0,2023,5.0,CC(C)(NC(=O)c1ccc(Br)s1)C(=O)Nc1ccc(Br)cc1,train
CHEMBL5856542,CHEMBL1871,6.04,2022,6.04,CC1(C)C(=O)N(c2ccc(C#N)c(C(F)(F)F)c2)C(=O)N1c1ccc(CNC(=O)c2cccnc2)c(F)c1,train
CHEMBL5856601,CHEMBL1871,6.31,2018,6.31,C[C@](O)(CS(=O)(=O)c1ccc(F)cc1)C(=O)Nc1cc(C(F)(F)F)c(C#N)cn1,train
CHEMBL5858572,CHEMBL1871,7.12,2017,7.12,CCCC(C)(O)C(=O)Nc1ccnc(Br)c1,train
CHEMBL5859999,CHEMBL1871,6.43,2019,6.43,N#Cc1ccc(N2CCc3c(ncnc3Nc3ccc(CC(=O)NCC(F)(F)F)cn3)C2)cc1C(F)(F)F,train
CHEMBL5864988,CHEMBL1871,7.82,2017,7.82,CCCCC(O)(CCCC)C(=O)Nc1ccnc(Br)c1,train
CHEMBL5866203,CHEMBL1871,6.92,2022,6.92,Cn1cncc1C(=O)NCc1ccc(N2C(=S)N(c3ccc(C#N)c(C(F)(F)F)c3)C(=O)C2(C)C)cc1F,train
CHEMBL5868354,CHEMBL1871,4.522878745280337,2020,4.522878745280337,C[C@@H](Nc1ccc([C@@H]2O[C@@H]3C[C@H]4[C@@H]5CCC6=CC(=O)C=C[C@]6(C)[C@@]5(F)[C@@H](O)C[C@]4(C)[C@]3(C(=O)CO)O2)cn1)c1ccc(N)cc1,test
CHEMBL5868562,CHEMBL1871,6.03,2019,6.03,CC(C)(O)c1cnc(Nc2ncnc3c2CCN(c2ccc(C#N)c(Cl)c2)C3)cc1F,train
CHEMBL5870288,CHEMBL1871,4.522878745280337,2020,4.522878745280337,C[C@]12C=CC(=O)C=C1CC[C@H]1[C@@H]3C[C@H]4O[C@@H](c5ccc(Cc6cccc(N)c6)cc5)O[C@@]4(C(=O)CO)[C@@]3(C)C[C@H](O)[C@@]12F,train
CHEMBL5870475,CHEMBL1871,4.522878745280337,2020,4.522878745280337,C[C@]12C=CC(=O)C=C1[C@@H](F)C[C@H]1[C@@H]3C[C@H]4O[C@@H](c5ccc(Cc6ccc(Cl)c(N)c6)cc5)O[C@@]4(C(=O)CO)[C@@]3(C)C[C@H](O)[C@@]12F,train
CHEMBL5870705,CHEMBL1871,5.71,2019,5.71,CC(C)(O)C1CCN(C(=O)c2coc(Nc3ncnc4c3CCN(c3ccc(C#N)c(C(F)(F)F)c3)C4)n2)CC1,train
CHEMBL5871247,CHEMBL1871,5.6,2020,5.6,C[C@](O)(CBr)C(=O)Nc1cnc(C#N)c(C(F)(F)F)c1,train
CHEMBL5872527,CHEMBL1871,6.28,2019,6.28,COc1ccc(Nc2ncnc3c2CCN(c2ccc(C#N)c(C(F)(F)F)c2)C3)cc1,test
CHEMBL5875205,CHEMBL1871,6.92,2022,6.92,Cc1ncsc1C(=O)NCc1ccc(N2C(=S)N(c3ccc(C#N)c(F)c3)C(=O)C2(C)C)cc1F,train
CHEMBL5875641,CHEMBL1871,4.522878745280337,2020,4.522878745280337,C[C@]12C=CC(=O)C=C1[C@@H](F)C[C@H]1[C@@H]3C[C@H]4O[C@@H](c5ccc(CSc6ccc(N)c(Cl)c6)cc5)O[C@@]4(C(=O)CO)[C@@]3(C)C[C@H](O)[C@@]12F,test
CHEMBL5875680,CHEMBL1871,4.522878745280337,2020,4.522878745280337,C[C@]12C=CC(=O)C=C1[C@@H](F)C[C@H]1[C@@H]3C[C@H]4O[C@@H](c5ccc(Oc6ccc(N)cc6)cc5)O[C@@]4(C(=O)CO)[C@@]3(C)C[C@H](O)[C@@]12F,train
CHEMBL5877870,CHEMBL1871,6.12,2018,6.12,C[C@](O)(CS(=O)(=O)c1ccc(F)cc1)C(=O)Nc1ccc(NC(=O)CCl)c(C(F)(F)F)c1,train
CHEMBL5878202,CHEMBL1871,5.505,2022,5.505,Cn1ccnc1C(=O)NCc1ccc(N2C(=O)N(c3ccc(C#N)c(C(F)(F)F)c3)C(=O)C2(C)C)cc1F,train
CHEMBL5883298,CHEMBL1871,5.26,2023,5.26,CC(C)(Cn1cc(F)cn1)C(=O)Nc1cc(C(F)(F)F)c(C#N)cc1I,test
CHEMBL5884935,CHEMBL1871,6.165,2022,6.165,CC1(C)C(=O)N(c2ccc(C#N)c(C(F)(F)F)c2)C(=S)N1c1ccc(CNC(=O)c2ccccn2)c(F)c1,train
CHEMBL5887719,CHEMBL1871,6.82,2019,6.82,CC(C)(COc1ncc(Nc2ncnc3c2CCN(c2ccc(C#N)c(C(F)(F)F)c2)C3)cc1Cl)n1cnnn1,val
CHEMBL5887736,CHEMBL1871,4.869999999999999,2018,4.869999999999999,C[C@](O)(CS(=O)(=O)c1ccc(F)cc1)C(=O)Nc1cncc(C(F)(F)F)c1,train
CHEMBL5888346,CHEMBL1871,6.1,2019,6.1,N#Cc1ccc(N2CCc3c(ncnc3Nc3ccc(NC(=O)CC(F)(F)F)cn3)C2)cc1C(F)(F)F,train
CHEMBL5889387,CHEMBL1871,6.64,2020,6.64,C[C@](O)(Cn1cc(N)cn1)C(=O)Nc1ccc(C#N)c(C(F)(F)F)c1,test
CHEMBL589158,CHEMBL1871,4.3,2010,4.3,Cc1cccc(SCc2cc(=O)oc3cc(O)ccc23)n1,train
CHEMBL5893167,CHEMBL1871,7.2,2017,7.2,N#Cc1ccc(-c2ccn(CCNC(=O)c3cc(-c4cccnc4)n[nH]3)n2)cc1C#N,train
CHEMBL5893645,CHEMBL1871,6.58,2018,6.58,C[C@](O)(CS(=O)(=O)c1ccc(F)cc1)C(=O)Nc1cnc(C#N)c(C(F)(F)F)c1,train
CHEMBL5894505,CHEMBL1871,7.16,2019,7.16,CC(C)(O)c1cnc(Nc2ncnc3c2CCN(c2ccc(C#N)c(C(F)(F)F)c2)C3)cc1F,train
CHEMBL5895928,CHEMBL1871,6.31,2019,6.31,N#Cc1ccc(N2CCc3c(ncnc3Nc3ccc(C(=O)NCC(F)F)nc3)C2)cc1C(F)(F)F,train
CHEMBL5899165,CHEMBL1871,6.715,2017,6.715,O=C(NCCc1ccc(-c2ccc(Cl)c(Cl)c2)o1)c1cc(C(=O)N2CCOCC2)n[nH]1,val
CHEMBL5899179,CHEMBL1871,6.77,2019,6.77,N#Cc1ccc(N2CCc3c(ncnc3Nc3ccc(C4(O)CC4)cn3)C2)cc1C(F)(F)F,train
CHEMBL5901366,CHEMBL1871,7.8,2022,7.8,C[C@@H](n1ccc2c(Cl)c(C#N)ccc21)[C@](C)(O)C(F)(F)F,val
CHEMBL5902078,CHEMBL1871,6.92,2022,6.92,Cc1ncsc1C(=O)NCc1ccc(N2C(=S)N(c3ccc(C#N)c(C(F)(F)F)c3)C(=O)C2(C)C)cc1Cl,train
CHEMBL5902603,CHEMBL1871,5.0,2023,5.0,CC(C)(NC(=O)c1ccc(Cl)s1)C(=O)Nc1ccc(Cl)cc1,train
CHEMBL5902676,CHEMBL1871,7.16,2019,7.16,N#Cc1ccc(N2CCc3c(ncnc3Nc3ccc(C(=O)NCC(F)(F)F)nn3)C2)cc1C(F)(F)F,train
CHEMBL5903579,CHEMBL1871,6.96,2019,6.96,CC(C)Oc1ccc(Nc2ncnc3c2CCN(c2ccc(C#N)c(C(F)(F)F)c2)C3)cn1,train
CHEMBL5905151,CHEMBL1871,4.522878745280337,2020,4.522878745280337,C[C@]12C=CC(=O)C=C1[C@@H](F)C[C@H]1[C@@H]3C[C@H]4O[C@@H](c5ccc(CSc6ccc(Cl)c(N)c6)cc5)O[C@@]4(C(=O)CO)[C@@]3(C)C[C@H](O)[C@@]12F,test
CHEMBL5905337,CHEMBL1871,5.22,2017,5.22,CCCC(C)(O)C(=O)Nc1ccnc(C(=O)OC)c1,train
CHEMBL5905741,CHEMBL1871,7.12,2017,7.12,CC(=O)c1cc(C(=O)NC[C@H](C)n2ccc(-c3cc(F)c(C#N)c(F)c3)n2)[nH]n1,val
CHEMBL5906677,CHEMBL1871,7.52,2019,7.52,N#Cc1ccc(N2CCc3c(ncnc3Nc3ccc(C(=O)NCC(F)(F)F)cn3)C2)cc1C(F)(F)F,train
CHEMBL5911549,CHEMBL1871,6.52,2017,6.52,COc1ccc(CCC(C)(O)C(=O)Nc2ccnc(Br)c2)cc1,train
CHEMBL591628,CHEMBL1871,4.73,2011,4.73,CCOc1cc(C2Nc3cccc4cccc(c34)N2)ccc1O,val
CHEMBL5918252,CHEMBL1871,7.435,2021,7.435,C[C@@H](Cn1ccc(-c2ccc(C#N)c(Cl)c2)n1)NC(=O)c1cc(CCO)n[nH]1,val
CHEMBL5918890,CHEMBL1871,6.7,2019,6.7,N#Cc1ccc(N2CCc3c(ncnc3Nc3ccc(C(=O)N[C@H]4CC[C@H](O)CC4)nn3)C2)cc1Cl,train
CHEMBL5919354,CHEMBL1871,5.73,2022,5.73,CC(C)C(=O)NCc1ccc(N2C(=O)N(c3ccc(C#N)c(C(F)(F)F)c3)C(=O)C2(C)C)cc1F,train
CHEMBL5919566,CHEMBL1871,6.154999999999999,2022,6.154999999999999,Cc1ncsc1C(=O)NCc1ccc(N2C(=S)N(c3ccc(C#N)c(C(F)(F)F)c3)C(=O)C2(C)C)cc1F,train
CHEMBL592043,CHEMBL1871,5.22,2010,5.22,O=c1oc2cc(O)ccc2c(C(F)(F)F)c1Cc1ccccc1,val
CHEMBL5925049,CHEMBL1871,7.05,2019,7.05,N#Cc1ccc(N2CCc3c(ncnc3Nc3ccc(C(=O)NCC(F)F)cn3)C2)cc1C(F)(F)F,train
CHEMBL5925743,CHEMBL1871,7.47,2019,7.47,CC(C)(O)C1CCN(C(=O)c2cnc(Nc3ncnc4c3CCN(c3ccc(C#N)c(C(F)(F)F)c3)C4)o2)CC1,test
CHEMBL5926172,CHEMBL1871,7.0,2022,7.0,CCC(C(=O)OC)n1c(C)cc2c(C(F)(F)F)c(C#N)ccc21,val
CHEMBL5927140,CHEMBL1871,6.89,2019,6.89,N#Cc1ccc(N2CCc3c(ncnc3Nc3ccc(OCCn4ccnn4)nc3)C2)cc1C(F)(F)F,train
CHEMBL5929063,CHEMBL1871,5.4,2020,5.4,C[C@]12C=CC(=O)C=C1[C@@H](F)C[C@H]1[C@@H]3C[C@H]4O[C@@H](c5ccc(CSc6ccc(N)cc6)cc5)O[C@@]4(C(=O)CO)[C@@]3(C)C[C@H](O)[C@@]12F,test
CHEMBL5933549,CHEMBL1871,7.7,2021,7.7,C[C@H](Cn1ccc(-c2cc(F)c(C#N)c(F)c2)n1)NC(=O)c1csc(CC#N)n1,train
CHEMBL5934164,CHEMBL1871,6.18,2023,6.18,CC(C)(NC(=O)c1ccc(Br)s1)C(=O)Nc1ccc(Cl)c(F)c1,train
CHEMBL5934274,CHEMBL1871,4.522878745280337,2020,4.522878745280337,COc1cc(Cc2ccc([C@@H]3O[C@@H]4C[C@H]5[C@@H]6C[C@H](F)C7=CC(=O)C=C[C@]7(C)[C@@]6(F)[C@@H](O)C[C@]5(C)[C@]4(C(=O)CO)O3)cc2)ccc1N,train
CHEMBL5937331,CHEMBL1871,7.11,2022,7.11,Cn1nccc1C(=O)NCc1ccc(N2C(=S)N(c3ccc(C#N)c(C(F)(F)F)c3)C(=O)C2(C)C)cc1F,test
CHEMBL5937942,CHEMBL1871,7.46,2017,7.46,CC[C@H](Cn1ccc(-c2ccc(C#N)c(Cl)c2)n1)NC(=O)c1cc(C(C)O)n[nH]1,val
CHEMBL5939867,CHEMBL1871,6.72,2019,6.72,Cn1nccc1CCNC(=O)c1nnc(Nc2ncnc3c2CCN(c2ccc(C#N)c(C(F)(F)F)c2)C3)s1,val
CHEMBL5940618,CHEMBL1871,7.51,2022,7.51,CC1(C)C(=O)N(c2ccc(C#N)c(C(F)(F)F)c2)C(=S)N1c1ccc(CNC(=O)c2nccs2)c(F)c1,train
CHEMBL5947384,CHEMBL1871,4.84103473961659,2020,4.84103473961659,C[C@]12C=CC(=O)C=C1[C@@H](F)C[C@H]1[C@@H]3C[C@H]4O[C@@H](c5ccc(Cc6cccc(N)c6)cc5)O[C@@]4(C(=O)SCF)[C@@]3(C)C[C@H](O)[C@@]12F,train
CHEMBL5947801,CHEMBL1871,7.21,2022,7.21,CC1(C)C(=O)N(c2ccc(C#N)c(C(F)(F)F)c2)C(=S)N1c1ccc(CNC(=O)c2ncccn2)c(Cl)c1,test
CHEMBL5948275,CHEMBL1871,7.0,2017,7.0,CC(O)(CCc1ccccc1)C(=O)Nc1ccnc(Br)c1,train
CHEMBL594854,CHEMBL1871,5.46,2018,5.46,COc1ccccc1/C=C/C(=O)c1ccccc1O,train
CHEMBL5952580,CHEMBL1871,7.115,2017,7.115,Cc1nc(C(=O)N[C@@H](C)Cn2ccc(-c3ccc(C#N)c(Cl)c3)n2)c[nH]1,train
CHEMBL5954134,CHEMBL1871,6.92,2022,6.92,CC1(C)C(=O)N(c2ccc(C#N)c(C(F)(F)F)c2)C(=S)N1c1ccc(CNC(=O)C2CC2)c(F)c1,test
CHEMBL5955197,CHEMBL1871,5.69,2019,5.69,C[C@@H](NC(=O)c1nnc(Nc2ncnc3c2CCN(c2ccc(C#N)c(C(F)(F)F)c2)C3)s1)c1nnco1,train
CHEMBL5955311,CHEMBL1871,5.359999999999999,2018,5.359999999999999,C[C@](O)(CS(=O)(=O)c1ccc(F)cc1)C(=O)Nc1cc(C(F)(F)F)ccn1,train
CHEMBL5955804,CHEMBL1871,6.715,2021,6.715,O=C(NCc1ccc(-c2cccc(Cl)c2Cl)o1)c1cc(C(=O)N2CCOCC2)n[nH]1,test
CHEMBL5955869,CHEMBL1871,4.522878745280337,2020,4.522878745280337,C[C@H](c1ccc([C@@H]2O[C@@H]3C[C@H]4[C@@H]5C[C@H](F)C6=CC(=O)C=C[C@]6(C)[C@@]5(F)[C@@H](O)C[C@]4(C)[C@]3(C(=O)CO)O2)cc1)c1cccc(N)c1,train
CHEMBL5957057,CHEMBL1871,7.7,2019,7.7,N#Cc1ccc(N2CCc3c(ncnc3Nc3ccc(C(=O)NCC(F)F)nn3)C2)cc1C(F)(F)F,train
CHEMBL5958185,CHEMBL1871,7.06,2023,7.06,Cc1ccc(C(=O)NC(C)(C)C(=O)Nc2ccc(C#N)c(C(F)(F)F)c2)s1,train
CHEMBL5958599,CHEMBL1871,7.1,2022,7.1,C[C@H](CS(C)(=O)=O)n1ccc2c(C(F)(F)F)c(C#N)ccc21,val
CHEMBL5964984,CHEMBL1871,6.23,2022,6.23,Cc1ccccc1C(=O)NCc1ccc(N2C(=S)N(c3ccc(C#N)c(F)c3)C(=O)C2(C)C)cc1F,train
CHEMBL5965827,CHEMBL1871,7.15,2021,7.15,C[C@@H](Cn1ccc(-c2ccc(C#N)c(Cl)c2)n1)NC(=O)c1noc(CCO)n1,train
CHEMBL5966371,CHEMBL1871,7.05,2019,7.05,CC(C)(O)c1ccc(Nc2ncnc3c2CCN(c2ccc(C#N)c(C(F)(F)F)c2)C3)nn1,train
CHEMBL5968577,CHEMBL1871,7.46,2021,7.46,Cc1noc(C(=O)N[C@@H](C)Cn2ccc(-c3ccc(C#N)c(Cl)c3)n2)n1,train
CHEMBL5972389,CHEMBL1871,4.522878745280337,2020,4.522878745280337,C[C@]12C=CC(=O)C=C1[C@@H](F)C[C@H]1[C@@H]3C[C@H]4O[C@@H](c5ccc(Cc6cccc(N)c6)cc5)O[C@@]4(C(=O)CO)[C@@]3(C)C[C@H](O)[C@@]12F,train
CHEMBL5973112,CHEMBL1871,6.5,2019,6.5,CC(C)(COc1ncc(Nc2ncnc3c2CCN(c2ccc(C#N)c(C(F)(F)F)c2)C3)cc1F)n1cnnn1,val
CHEMBL5973220,CHEMBL1871,7.19,2022,7.19,Cc1ncsc1C(=O)NCc1ccc(N2C(=S)N(c3ccc(C#N)c(C(F)(F)F)c3)C(=O)C23CCC3)cc1F,train
CHEMBL5976862,CHEMBL1871,6.42,2019,6.42,N#Cc1ccc(N2CCc3c(ncnc3Nc3ccc(NC(=O)OCC(F)(F)F)cn3)C2)cc1C(F)(F)F,train
CHEMBL5977080,CHEMBL1871,5.84,2022,5.84,CC(=O)Nc1ccc(N2C(=S)N(c3cnc(C#N)c(C(F)(F)F)c3)C(=O)C23CCC3)cc1F,test
CHEMBL5980559,CHEMBL1871,5.984999999999999,2022,5.984999999999999,CC1(C)C(=O)N(c2ccc(C#N)c(C(F)(F)F)c2)C(=S)N1c1ccc(CNC(=O)c2cccnc2)c(F)c1,train
CHEMBL5982655,CHEMBL1871,4.522878745280337,2020,4.522878745280337,C[C@]12C=CC(=O)C=C1[C@@H](F)C[C@H]1[C@@H]3C[C@H]4O[C@@H](c5ccc(Sc6cccc(N)c6)cc5)O[C@@]4(C(=O)CO)[C@@]3(C)C[C@H](O)[C@@]12F,train
CHEMBL5983903,CHEMBL1871,4.522878745280337,2020,4.522878745280337,C[C@]12C=CC(=O)C=C1CC[C@H]1[C@@H]3C[C@H]4O[C@@H](c5ccc(NCc6ccc(N)cc6)nc5)O[C@@]4(C(=O)CO)[C@@]3(C)C[C@H](O)[C@@]12F,test
CHEMBL5989985,CHEMBL1871,6.58,2019,6.58,C[C@@H](NC(=O)c1ccc(Nc2ncnc3c2CCN(c2ccc(C#N)c(C(F)(F)F)c2)C3)nc1)c1nnc(C(F)(F)F)o1,train
CHEMBL5992414,CHEMBL1871,5.84,2020,5.84,CC(=O)Nc1ccc(N2C(=S)N(c3ccc(C#N)c(C(F)(F)F)c3)C(=O)C23CCC3)cc1F,test
CHEMBL5996512,CHEMBL1871,6.77,2019,6.77,CC(C)(COc1ccc(Nc2ncnc3c2CCN(c2ccc(C#N)c(C(F)(F)F)c2)C3)nc1)n1cnnn1,train
CHEMBL5997238,CHEMBL1871,6.24,2022,6.24,CC1(C)C(=O)N(c2cnc(C#N)c(C(F)(F)F)c2)C(=S)N1c1ccc(CNC(=O)c2cncs2)c(Cl)c1,train
CHEMBL5998220,CHEMBL1871,7.5,2022,7.5,C[C@H](n1ccc2c(Cl)c(C#N)ccc21)C(C)(C)O,val
CHEMBL5999681,CHEMBL1871,6.8,2019,6.8,CC(C)(O)c1ccc(Nc2ncnc3c2CCN(c2ccc(C#N)c(C(F)(F)F)c2)C3)nc1,train
CHEMBL6006466,CHEMBL1871,6.52,2019,6.52,Cn1nccc1CCOc1ccc(Nc2ncnc3c2CCN(c2ccc(C#N)c(C(F)(F)F)c2)C3)cc1,train
CHEMBL6006981,CHEMBL1871,7.58,2017,7.58,CCc1noc(C(=O)N[C@@H](C)Cn2ccc(-c3ccc(C#N)c(Cl)c3)n2)n1,train
CHEMBL6008096,CHEMBL1871,6.08,2019,6.08,N#Cc1ccc(N2CCc3c(ncnc3Nc3ccc(C4(O)CCC4)c(F)n3)C2)cc1Cl,train
CHEMBL6008377,CHEMBL1871,7.04,2022,7.04,Cn1nccc1C(=O)NCc1ccc(N2C(=S)N(c3ccc(C#N)c(C(F)(F)F)c3)C(=O)C23CCC3)cc1F,train
CHEMBL6010821,CHEMBL1871,6.51,2019,6.51,CC(C)(O)CNC(=O)c1cnc(Nc2ncnc3c2CCN(c2ccc(C#N)c(C(F)(F)F)c2)C3)cn1,test
CHEMBL6014693,CHEMBL1871,8.24,2021,8.24,C[C@@H](Cn1ccc(-c2ccc(C#N)c(Cl)c2)n1)NC(=O)c1csc(CCO)n1,train
CHEMBL6016357,CHEMBL1871,6.72,2019,6.72,CC(C)(O)c1ccc(Nc2ncnc3c2CCN(c2ccc(C#N)c(C(F)(F)F)c2)C3)nc1F,train
CHEMBL6018925,CHEMBL1871,5.105,2020,5.105,Cc1ccccc1C1CC2CCC(C1)N2C(=O)CCCc1c(C)noc1C,train
CHEMBL6027545,CHEMBL1871,5.96,2019,5.96,CC(C)(COc1ncc(Nc2ncnc3c2CCN(c2ccc(C#N)c(C(F)(F)F)c2)C3)cc1F)n1ccnn1,train
CHEMBL6029660,CHEMBL1871,6.75,2022,6.75,CC1(C)C(=O)N(c2ccc(C#N)c(C(F)(F)F)c2)C(=O)N1c1ccc(CNC(=O)c2ccccn2)c(F)c1,train
CHEMBL6030096,CHEMBL1871,4.522878745280337,2020,4.522878745280337,C[C@]12C=CC(=O)C=C1CC[C@H]1[C@@H]3C[C@H]4O[C@@H](c5ccc(NC6(c7ccc(N)cc7)CC6)nc5)O[C@@]4(C(=O)CO)[C@@]3(C)C[C@H](O)[C@@]12F,train
CHEMBL6030556,CHEMBL1871,6.94,2022,6.94,CC1(C)C(=O)N(c2ccc(C#N)c(C(F)(F)F)c2)C(=S)N1c1ccc(CNC(=O)c2cnco2)c(F)c1,train
CHEMBL6036898,CHEMBL1871,7.22,2019,7.22,CC(C)(O)CNC(=O)c1ccc(Nc2ncnc3c2CCN(c2ccc(C#N)c(C(F)(F)F)c2)C3)nn1,train
CHEMBL6040288,CHEMBL1871,6.77,2019,6.77,N#Cc1ccc(N2CCc3c(ncnc3Nc3ccc(C(=O)NCc4nc(C(F)(F)F)cs4)cn3)C2)cc1C(F)(F)F,train
CHEMBL6040343,CHEMBL1871,6.6,2019,6.6,CC(C)(O)c1ccc(Nc2ncnc3c2CCN(c2ccc(C#N)c(Cl)c2)C3)nc1F,train
CHEMBL6043805,CHEMBL1871,5.86,2020,5.86,CC(C)(C)OC(=O)Nc1cnn(C[C@](C)(O)C(=O)Nc2ccc(C#N)c(C(F)(F)F)c2)c1,test
CHEMBL6045921,CHEMBL1871,5.96,2022,5.96,CC1(C)C(=O)N(c2ccc(C#N)c(C(F)(F)F)c2)C(=O)N1c1ccc(CNC(=O)C2CC2)c(F)c1,train
CHEMBL6050072,CHEMBL1871,4.522878745280337,2020,4.522878745280337,C[C@]12C=CC(=O)C=C1[C@@H](F)C[C@H]1[C@@H]3C[C@H]4O[C@@H](c5ccc(Sc6ccc(Cl)c(N)c6)cc5)O[C@@]4(C(=O)CO)[C@@]3(C)C[C@H](O)[C@@]12F,train
CHEMBL6050965,CHEMBL1871,7.58,2021,7.58,C[C@@H](Cn1ccc(-c2ccc(C#N)c(Cl)c2)n1)NC(=O)c1nc(-c2cccnc2)no1,train
CHEMBL6051653,CHEMBL1871,4.522878745280337,2020,4.522878745280337,C[C@@H](c1ccc(N)cc1)c1ccc([C@@H]2O[C@@H]3C[C@H]4[C@@H]5C[C@H](F)C6=CC(=O)C=C[C@]6(C)[C@@]5(F)[C@@H](O)C[C@]4(C)[C@]3(C(=O)CO)O2)cc1,train
CHEMBL6053594,CHEMBL1871,6.16,2019,6.16,CC(C)(O)CNC(=O)c1cnc(Nc2ncnc3c2CCN(c2ccc(C#N)c(C(F)(F)F)c2)C3)nc1,train
CHEMBL6059354,CHEMBL1871,5.0,2022,5.0,Cc1ncsc1C(=O)NCc1ccc(N2C(=S)N(c3cccc(C(F)(F)F)c3)C(=O)C2(C)C)cc1F,train
CHEMBL6059706,CHEMBL1871,4.522878745280337,2020,4.522878745280337,C[C@]12C=CC(=O)C=C1[C@@H](F)C[C@H]1[C@@H]3C[C@H]4O[C@@H](c5ccc(Cc6cccc(N)c6)cc5)O[C@@]4(C(=O)O)[C@@]3(C)C[C@H](O)[C@@]12F,train
CHEMBL6060931,CHEMBL1871,6.6,2022,6.6,CCCc1cc2c(C(F)(F)F)c(C#N)ccc2n1CC(C)(C)O,val
CHEMBL62227,CHEMBL1871,7.22,2003,7.22,CC1=CC(C)(C)Nc2ccc3c(c21)COc1c(F)cc(C#N)cc1-3,val
CHEMBL62700,CHEMBL1871,6.6,2003,6.6,CC1=CC(C)(C)Nc2ccc3c(c21)/C(=C/Br)Oc1ccc(F)cc1-3,train
CHEMBL62761,CHEMBL1871,7.05,2003,7.05,CC1=CC(C)(C)Nc2ccc3c(c21)COc1c(F)cc(Br)cc1-3,val
CHEMBL62981,CHEMBL1871,6.6,2003,6.6,CC/C(C)=C1\Oc2ccc(F)cc2-c2ccc3c(c21)C(C)=CC(C)(C)N3,train
CHEMBL63560,CHEMBL1871,6.515000000000001,2007,6.515000000000001,C[C@](O)(CS(=O)(=O)c1ccc(F)cc1)C(=O)Nc1ccc(C#N)c(C(F)(F)F)c1,train
CHEMBL63788,CHEMBL1871,6.83,2003,6.83,CC1CC(C)(C)Nc2ccc3c(c21)COc1c(F)cc(F)cc1-3,train
CHEMBL63870,CHEMBL1871,6.4,2003,6.4,CC1=CC(C)(C)Nc2ccc3c(c21)COc1ccc(Br)cc1-3,val
CHEMBL64123,CHEMBL1871,6.1,2003,6.1,CC1=CC(C)(C)Nc2ccc3c(c21)COc1ccc(Cl)cc1-3,val
CHEMBL64294,CHEMBL1871,7.22,2003,7.22,CC1=CC(C)(C)Nc2ccc3c(c21)COc1ccc([N+](=O)[O-])cc1-3,val
CHEMBL65021,CHEMBL1871,5.18,2004,5.18,COc1cccc2c1-c1ccc(NS(C)(=O)=O)cc1C(c1ccccc1)O2,train
CHEMBL65079,CHEMBL1871,5.9,2003,5.9,CC1=CC(C)(C)Nc2ccc3c(c21)COc1ccc(F)cc1-3,val
CHEMBL65221,CHEMBL1871,5.06,2004,5.06,CS(=O)(=O)Nc1ccc2c(c1)C(c1ccccc1)Oc1cccc(OC(F)F)c1-2,train
CHEMBL6530,CHEMBL1871,7.279999999999999,1999,7.279999999999999,CCC1CCN(C)c2cc3oc(=O)cc(C(F)(F)F)c3cc21,train
CHEMBL65354,CHEMBL1871,5.0,2004,5.0,COc1cccc2c1-c1ccc(NS(C)(=O)=O)cc1C(c1cccc(F)c1)O2,train
CHEMBL65657,CHEMBL1871,5.0,2004,5.0,COc1cccc2c1-c1ccc(NS(C)(=O)=O)cc1C(c1ccc(F)cc1)O2,train
CHEMBL65690,CHEMBL1871,6.0,2003,6.0,CC(C)=C/C=C1\Oc2ccc(F)cc2-c2ccc3c(c21)C(C)=CC(C)(C)N3,train
CHEMBL65695,CHEMBL1871,5.0,2004,5.0,COc1cccc2c1-c1ccc(NS(C)(=O)=O)cc1C(c1cccc(Cl)c1)O2,train
CHEMBL65743,CHEMBL1871,6.37,2003,6.37,CC1=CC(C)(C)Nc2ccc3c(c21)COc1c(F)cc(Cl)cc1-3,val
CHEMBL65868,CHEMBL1871,5.0,2004,5.0,COc1cccc2c1-c1ccc(NS(C)(=O)=O)cc1C(c1ccc(C)cc1)O2,train
CHEMBL65929,CHEMBL1871,6.75,2003,6.75,CC1=CC(C)(C)Nc2ccc3c(c21)C(=C1SCCCS1)Oc1ccc(F)cc1-3,train
CHEMBL6654,CHEMBL1871,8.075,1999,8.075,CCC1Nc2cc3oc(=O)cc(C(F)(F)F)c3cc2CC1C,train
CHEMBL66598,CHEMBL1871,5.0,2004,5.0,CCOc1cccc2c1-c1ccc(NS(C)(=O)=O)cc1C(c1ccccc1)O2,train
CHEMBL66761,CHEMBL1871,5.27,2015,5.27,O=c1[nH]nc(Cc2ccccc2)c2ccccc12,train
CHEMBL6689,CHEMBL1871,7.34,1999,7.34,CC[C@H]1Nc2cc3nc(O)cc(C(F)(F)F)c3cc2CC1(C)C,train
CHEMBL6721,CHEMBL1871,8.075,1999,8.075,CCC1CC(CC)c2cc3c(C(F)(F)F)cc(=O)oc3cc2N1,train
CHEMBL6843,CHEMBL1871,8.5,1999,8.5,CCC1CCNc2cc3oc(=O)cc(C(F)(F)F)c3cc21,train
CHEMBL6855,CHEMBL1871,8.15,1999,8.15,CCCC1CCNc2cc3oc(=O)cc(C(F)(F)F)c3cc21,train
CHEMBL6874,CHEMBL1871,7.575,1998,7.575,CC1(C)CCc2cc3c(C(F)(F)F)cc(O)nc3cc2N1,train
CHEMBL6959,CHEMBL1871,6.4,1999,6.4,CC[C@H]1Cc2cc3c(C(F)(F)F)cc(O)nc3cc2N[C@@H]1CC,train
CHEMBL6983,CHEMBL1871,7.57,1999,7.57,C[C@H]1Cc2cc3c(C(F)(F)F)cc(O)nc3cc2N[C@@H]1C,train
CHEMBL70381,CHEMBL1871,6.52,2004,6.52,Cc1c(NS(C)(=O)=O)cccc1N(Cc1ccccc1)Cc1ccc(Cl)cc1F,train
CHEMBL7053,CHEMBL1871,6.48,1999,6.48,CC[C@H]1Cc2cc3c(C(F)(F)F)cc(O)nc3cc2N[C@@H]1C,train
CHEMBL7058,CHEMBL1871,7.475,1999,7.475,C[C@@H]1Cc2cc3c(C(F)(F)F)cc(O)nc3cc2N[C@@H]1C,train
CHEMBL7089,CHEMBL1871,7.890000000000001,1999,7.890000000000001,CC[C@H]1Nc2cc3nc(O)cc(C(F)(F)F)c3cc2C[C@H]1C,train
CHEMBL717,CHEMBL1871,8.54,1998,8.54,CC(=O)O[C@]1(C(C)=O)CC[C@H]2[C@@H]3C[C@H](C)C4=CC(=O)CC[C@]4(C)[C@H]3CC[C@@]21C,test
CHEMBL7177,CHEMBL1871,8.03,1999,8.03,CC[C@@H]1CCc2cc3c(C(F)(F)F)cc(O)nc3cc2N1,train
CHEMBL7231,CHEMBL1871,6.25,1999,6.25,CCC[C@H]1Cc2cc3c(C(F)(F)F)cc(O)nc3cc2N[C@@H]1CC,train
CHEMBL7289,CHEMBL1871,8.5,1999,8.5,CC1(C)CCc2cc3c(C(F)(F)F)cc(=O)oc3cc2N1,train
CHEMBL7373,CHEMBL1871,7.27,1999,7.27,CC[C@@H]1C[C@H](C)c2cc3c(C(F)(F)F)cc(O)nc3cc2N1,train
CHEMBL7383,CHEMBL1871,6.525,1999,6.525,CC[C@@H]1C[C@H](CC)c2cc3c(C(F)(F)F)cc(O)nc3cc2N1,train
CHEMBL7421,CHEMBL1871,6.27,1999,6.27,CC[C@@H]1Cc2cc3c(C(F)(F)F)cc(O)nc3cc2N[C@@H]1CC,train
CHEMBL7455,CHEMBL1871,7.9399999999999995,1999,7.9399999999999995,CC[C@H]1Nc2cc3nc(O)cc(C(F)(F)F)c3cc2C[C@@H]1C,train
CHEMBL75897,CHEMBL1871,5.595000000000001,2018,5.595000000000001,O=C1CC(c2ccccc2O)Oc2ccccc21,train
CHEMBL7671,CHEMBL1871,6.19,2003,6.19,C#Cc1cccc2c1-c1ccc3c(c1C(CC=C)O2)C(C)=CC(C)(C)N3,val
CHEMBL77779,CHEMBL1871,6.89,2002,6.89,Oc1ccc2c(c1)CC[C@@H]1C[C@@](O)(C#CCl)CC[C@@]21Cc1ccccc1,train
CHEMBL78625,CHEMBL1871,6.19,2002,6.19,CC#C[C@@]1(O)CC[C@@]2(Cc3ccccc3)c3ccc(O)cc3CC[C@@H]2C1,train
CHEMBL78646,CHEMBL1871,6.75,2002,6.75,O=C1C=C2CCc3cc(O)ccc3[C@]2(Cc2ccccc2)CC1,test
CHEMBL78704,CHEMBL1871,7.05,2002,7.05,CC#C[C@]1(O)CCC2C3CCC4=CC(=O)CC[C@]4(Cc4ccc(C)cc4)C3=CC[C@@]21C,train
CHEMBL78807,CHEMBL1871,6.16,2002,6.16,COc1ccc2c(c1)CCC1=CC(=O)CC[C@]12Cc1ccccc1,test
CHEMBL79335,CHEMBL1871,5.301029995663981,2004,5.301029995663981,C=CCC[C@H](O)[C@H]1CCCC2=Cc3c(cnn3-c3ccc(F)cc3)C[C@@]21C,train
CHEMBL79807,CHEMBL1871,5.301029995663981,2004,5.301029995663981,C[C@]12Cc3cnn(-c4ccc(F)cc4)c3C=C1CCC[C@@H]2[C@@H](O)c1ccc(F)cc1,train
CHEMBL806,CHEMBL1871,5.945,2003,5.945,CC(C)C(=O)Nc1ccc([N+](=O)[O-])c(C(F)(F)F)c1,train
CHEMBL81591,CHEMBL1871,5.301029995663981,2004,5.301029995663981,C[C@]12Cc3cnn(-c4ccc(F)cc4)c3C=C1CCC[C@@H]2[C@@H](O)c1ccccc1,train
CHEMBL8209,CHEMBL1871,5.301029995663981,2003,5.301029995663981,C=CCC1Oc2cccc(C#N)c2-c2ccc3c(c21)C(C)=CC(C)(C)N3,val
CHEMBL82307,CHEMBL1871,7.27,2002,7.27,COc1ccc2c(c1)CCC1=CC(=O)CC[C@@]12Cc1ccccc1,test
CHEMBL8394,CHEMBL1871,5.61,2003,5.61,C=CCC1Oc2cccc(SC)c2-c2ccc3c(c21)C(C)=CC(C)(C)N3,val
CHEMBL846,CHEMBL1871,5.0,2013,5.0,C=C1/C(=C\C=C2/CCC[C@]3(C)[C@@H]([C@H](C)CCCC(C)(C)O)CC[C@@H]23)C[C@@H](O)C[C@@H]1O,val
CHEMBL8639,CHEMBL1871,5.650514997831991,1998,5.650514997831991,C=CCC1Oc2ccccc2-c2ccc3c(c21)C(C)=CC(C)(C)N3,val
CHEMBL89136,CHEMBL1871,8.85,2003,8.85,CCCCN(CCCC)c1ccc(/C=C2\C(=O)ON=C2c2ccccc2)cc1,train
CHEMBL89437,CHEMBL1871,8.85,2003,8.85,O=C1ON=C(c2ccccc2F)/C1=C/c1ccc(N2CCCC2)cc1,train
CHEMBL9337,CHEMBL1871,7.654999999999999,2007,7.654999999999999,CC1(C)C(=O)N(c2ccc(C#N)c(C(F)(F)F)c2)C(=O)N1CCCCO,val
CHEMBL95644,CHEMBL1871,5.47,2001,5.47,COc1cccc2c1-c1ccc3c(c1C(c1cccc(C(F)(F)F)c1)O2)C(C)=CC(C)(C)N3,train
CHEMBL97206,CHEMBL1871,5.51,2001,5.51,COc1cccc2c1-c1ccc3c(c1C(c1cccc(OCSC)c1)O2)C(C)=CC(C)(C)N3,train
CHEMBL99046,CHEMBL1871,5.440514997831991,2001,5.440514997831991,COc1cccc2c1-c1ccc3c(c1C(c1ccccc1)O2)C(C)=CC(C)(C)N3,train
