molecule_chembl_id,target_chembl_id,pchembl_value,year,label,smiles,split,y_pred
CHEMBL101482,CHEMBL220,3.0,1997.0,3.0,CCC(C)CSC(=O)OCC[N+](C)(C)C.[Cl-],test,5.686782563971077
CHEMBL102077,CHEMBL220,4.05,1997.0,4.05,CCCCCCSC(=O)OCC[N+](C)(C)C.[Cl-],test,5.686782563971077
CHEMBL102078,CHEMBL220,3.15051499783199,1997.0,3.15051499783199,CCCCSC(=O)OCC[N+](C)(C)C.[Cl-],test,5.686782563971077
CHEMBL102226,CHEMBL220,4.35,1997.0,4.35,CCCCCCCSC(=O)OCC[N+](C)(C)C.[Cl-],test,5.686782563971077
CHEMBL1025,CHEMBL220,5.22,2008.0,5.22,CC(C)OP(=O)(F)OC(C)C,test,5.41009565256852
CHEMBL102637,CHEMBL220,2.0,1997.0,2.0,CCSC(=O)OCC[N+](C)(C)C.[Cl-],test,5.686782563971077
CHEMBL103153,CHEMBL220,4.3,1997.0,4.3,CCc1ccccc1SC(=O)OCC[N+](C)(C)C.[Cl-],val,5.686782563971077
CHEMBL103873,CHEMBL220,5.609999999999999,1997.0,5.609999999999999,CCCCCSC(=O)OCC[N+](C)(C)C.[Cl-],test,5.686782563971077
CHEMBL103890,CHEMBL220,4.4,1997.0,4.4,CCC(C)(C)SC(=O)OCC[N+](C)(C)C.[Cl-],test,5.686782563971077
CHEMBL103959,CHEMBL220,3.8005149978319905,1997.0,3.8005149978319905,CCc1ccc(SC(=O)OCC[N+](C)(C)C)cc1.[Cl-],val,5.686782563971077
CHEMBL104334,CHEMBL220,6.19,1992.0,6.19,CN(C)Cc1ccc(CSCCNc2cc(Nc3ncccc3[N+](=O)[O-])c([N+](=O)[O-])cc2[N+](=O)[O-])o1,val,5.41009565256852
CHEMBL104613,CHEMBL220,7.0,2011.0,7.0,[Br-].[Br-].c1ccc2c[n+](CCCCCCCCCCC[n+]3ccc4ccccc4c3)ccc2c1,test,5.829443183237055
CHEMBL104891,CHEMBL220,2.65051499783199,1997.0,2.65051499783199,CCCSC(=O)OCC[N+](C)(C)C.[Cl-],test,5.686782563971077
CHEMBL106936,CHEMBL220,6.16,1992.0,6.16,CN(C)Cc1ccc(CSCCNc2cc(NCc3ccccc3)c([N+](=O)[O-])cc2[N+](=O)[O-])o1,test,5.41009565256852
CHEMBL1076243,CHEMBL220,7.0,2009.0,7.0,CCCCCCOC(=O)[C@H](CCC(=O)NCCC1CCN(Cc2ccccc2)CC1)NC(=O)Cc1cc2ccc(Cl)cc2s1,val,6.456028170597413
CHEMBL1076550,CHEMBL220,2.701146923590293,2010.0,2.701146923590293,C(=C\C[n+]1ccccc1)\C[n+]1ccccc1.[Cl-].[Cl-],val,5.41009565256852
CHEMBL1081125,CHEMBL220,2.6270879970298933,2010.0,2.6270879970298933,[Br-].[Br-].c1cc[n+](Cc2cccc(C[n+]3ccccc3)c2)cc1,test,5.41009565256852
CHEMBL1081613,CHEMBL220,2.640164517660112,2010.0,2.640164517660112,C(=C/C[n+]1ccccc1)\C[n+]1ccccc1.[Br-].[Br-],val,5.41009565256852
CHEMBL1081810,CHEMBL220,6.85,2010.0,6.85,[Br-].[Br-].c1cc[n+](Cc2ccc3ccc(C[n+]4ccccc4)cc3c2)cc1,test,5.41009565256852
CHEMBL1082081,CHEMBL220,6.02,2009.0,6.02,CCCCCCOC(=O)[C@H](CCC(=O)NCCC1CCN(Cc2ccccc2)CC1)NC(=O)OC(C)(C)C,test,6.456028170597413
CHEMBL1082433,CHEMBL220,6.52,2010.0,6.52,O=C(CCC1CCN(Cc2ccccc2)CC1)c1ccccc1,test,6.564001789487463
CHEMBL1082436,CHEMBL220,7.48,2010.0,7.48,O=C(CCC1CCN(Cc2ccccc2)CC1)c1ccc2[nH]c(-c3ccccc3)nc2c1,test,6.564001789487463
CHEMBL1082740,CHEMBL220,3.130768280269024,2010.0,3.130768280269024,FC(F)(F)c1cc(-c2ccccc2)nnc1NCCN1CCOCC1,test,5.41009565256852
CHEMBL1082741,CHEMBL220,3.5686362358410126,2010.0,3.5686362358410126,Nc1cc(-c2ccccc2)nnc1NCCN1CCOCC1,test,5.41009565256852
CHEMBL1082978,CHEMBL220,5.01,2011.0,5.01,c1ccc(CCNc2ccnc(N3CCCC3)n2)cc1,test,5.41009565256852
CHEMBL1083054,CHEMBL220,5.0,2010.0,5.0,c1ccc(-c2ccc(NCCCCCN3Cc4ccccc4CN3)nn2)cc1,test,5.41009565256852
CHEMBL1083055,CHEMBL220,4.89,2010.0,4.89,CN(CCCNc1ccc(-c2ccccc2)nn1)Cc1ccccc1,test,5.41009565256852
CHEMBL1083065,CHEMBL220,8.1,2010.0,8.1,COc1ccc2c(c1OC)C(=O)CC2CCC1CCN(Cc2ccccc2)CC1,test,6.138019392515065
CHEMBL1083066,CHEMBL220,6.94,2010.0,6.94,CCCCCCCNC(=O)Oc1ccc2c(c1)[C@]1(C)CCN(C)[C@@H]1C2,val,6.574677739331882
CHEMBL1083067,CHEMBL220,8.0,2010.0,8.0,CCCCCCNC(=O)Oc1ccc2c(c1)[C@]1(C)CCN(C)[C@@H]1C2,val,6.574677739331882
CHEMBL1083069,CHEMBL220,9.32,2010.0,9.32,O=C1CNc2cc3onc(CCC4CCN(Cc5ccccc5)CC4)c3cc2C1,test,7.7192131247231615
CHEMBL1083375,CHEMBL220,7.24,2010.0,7.24,CCCCCCCNC(=O)Oc1ccc2c(c1)[C@]1(C)CCN(CC)[C@@H]1C2,val,6.574677739331882
CHEMBL1083662,CHEMBL220,7.27,2010.0,7.27,O=C(CCC1CCN(Cc2ccccc2)CC1)c1ccc2c(c1)CCCN2c1ccccc1,val,6.564001789487463
CHEMBL1083676,CHEMBL220,3.356547323513813,2010.0,3.356547323513813,OCc1cc(-c2ccccc2)nnc1NCCN1CCOCC1,test,5.41009565256852
CHEMBL1083678,CHEMBL220,4.82,2010.0,4.82,O=C1c2ccccc2CCCC1CC1CCN(c2ccccc2)CC1,test,5.570559233208476
CHEMBL1083972,CHEMBL220,5.72,2010.0,5.72,COC(=O)c1cc2c(N)c3c(nc2nc1C)CCC3,test,5.41009565256852
CHEMBL1083983,CHEMBL220,10.7,2010.0,10.7,O=C(CCc1c[nH]c2ccccc12)NCCCCCCNc1c2c(nc3ccccc13)CCCC2,val,7.5802499224794815
CHEMBL1084090,CHEMBL220,7.38,2010.0,7.38,CCCCCCNC(=O)Oc1cccc(CN(C)CCCOc2ccc3c(=O)c4cccnc4oc3c2)c1,test,7.280692079034327
CHEMBL1084210,CHEMBL220,5.26,2011.0,5.26,c1ccc2c(CNc3ccnc(N4CCCC4)n3)cccc2c1,test,5.41009565256852
CHEMBL1084254,CHEMBL220,5.83,2010.0,5.83,O=C(CCC1CCN(Cc2ccccc2)CC1)c1ccc2c(c1)N(c1ccccc1)CCC2,test,6.564001789487463
CHEMBL1084257,CHEMBL220,4.96,2010.0,4.96,CN(CCCCNc1ccc(-c2ccccc2)nn1)Cc1ccccc1,test,5.41009565256852
CHEMBL1084262,CHEMBL220,8.36,2010.0,8.36,O=C(CCc1c[nH]c2ccccc12)NCCCCCCCCCNc1c2c(nc3cc(Cl)ccc13)CCCC2,test,7.977255816806988
CHEMBL1084275,CHEMBL220,8.17,2010.0,8.17,Cc1nc2ccc(C(=O)CCC3CCN(Cc4ccccc4)CC3)cc2s1,test,6.564001789487463
CHEMBL1084518,CHEMBL220,5.68,2010.0,5.68,CCOC(=O)c1cc2c(N)c3c(nc2nc1C)CCC3,test,5.41009565256852
CHEMBL1084544,CHEMBL220,9.15,2010.0,9.15,O=C(CCOCCc1c[nH]c2ccccc12)NCCCCCCNc1c2c(nc3cc(Cl)ccc13)CCCC2,test,7.977255816806988
CHEMBL1084545,CHEMBL220,8.52,2010.0,8.52,O=C(CCOCCc1c[nH]c2ccccc12)NCCCCCCCNc1c2c(nc3cc(Cl)ccc13)CCCC2,test,7.977255816806988
CHEMBL1084635,CHEMBL220,7.42,2010.0,7.42,CCN1CC[C@@]2(C)c3cc(OC(=O)NC)ccc3C[C@@H]12,val,6.473726484007239
CHEMBL1084789,CHEMBL220,4.33,2010.0,4.33,c1ccc(C2=NNC(NCN3CCCCC3)=NC2)cc1,test,5.41009565256852
CHEMBL1084881,CHEMBL220,7.21,2010.0,7.21,CCCCCCNC(=O)Oc1ccc2c(c1)[C@]1(C)CCN(CCC)[C@@H]1C2,val,6.574677739331882
CHEMBL1084883,CHEMBL220,7.89,2010.0,7.89,CCCCCCNC(=O)Oc1cccc(CN(C)CCCOc2ccc3ccc(=O)oc3c2)c1,test,7.500396214194842
CHEMBL1085011,CHEMBL220,6.26,2010.0,6.26,CCCCCCNC(=O)Oc1ccc2c(c1)C1CCN(CCC)C1C2,val,6.204719948814561
CHEMBL1085021,CHEMBL220,6.0,2010.0,6.0,Cc1cc(-c2ccc3c(c2)OCO3)nnc1NCCN1CCCCC1,val,5.41009565256852
CHEMBL1085031,CHEMBL220,8.22,2010.0,8.22,CN(CCOCCNC(=S)NC(=O)c1ccc2c(c1)C(=O)c1ccccc1C2=O)Cc1ccccc1,test,5.41009565256852
CHEMBL1085125,CHEMBL220,7.05,2010.0,7.05,CCCCNC(=O)Oc1ccc2c(c1)[C@]1(C)CCN(CC)[C@@H]1C2,val,6.574677739331882
CHEMBL1085126,CHEMBL220,4.9,2010.0,4.9,CCN1CC[C@@]2(C)c3cc(OC(=O)NC(C)(C)C)ccc3C[C@@H]12,val,6.473726484007239
CHEMBL1085127,CHEMBL220,6.81,2010.0,6.81,CCCNC(=O)Oc1ccc2c(c1)[C@]1(C)CCN(CC)[C@@H]1C2,val,6.473726484007239
CHEMBL1085383,CHEMBL220,7.03,2010.0,7.03,CCCCCCCNC(=O)Oc1ccc2c(c1)[C@]1(C)CCN(CCC)[C@@H]1C2,val,6.574677739331882
CHEMBL1085384,CHEMBL220,6.68,2010.0,6.68,CCCCCCNC(=O)Oc1ccc2c(c1)[C@@H]1CCN(CC)[C@@H]1C2,val,6.204719948814561
CHEMBL1085385,CHEMBL220,5.97,2010.0,5.97,CCCCNC(=O)Oc1ccc2c(c1)C1CCN(CC)C1C2,val,6.204719948814561
CHEMBL1085386,CHEMBL220,5.66,2010.0,5.66,CCCNC(=O)Oc1ccc2c(c1)C1CCN(CC)C1C2,val,6.103768693489917
CHEMBL1085629,CHEMBL220,6.6,2010.0,6.6,CCN1CCC2c3cc(OC(=O)NC)ccc3CC21,val,6.103768693489917
CHEMBL1085630,CHEMBL220,6.2,2010.0,6.2,CCCCCCCNC(=O)Oc1ccc2c(c1)C1CCN(CCC)C1C2,val,6.204719948814561
CHEMBL1085703,CHEMBL220,6.05,2010.0,6.05,COc1ccccc1CN(C)CCCN(C)CCCNCCC[n+]1c(-c2ccccc2)c2cc(N)ccc2c2ccc(N)cc21.[Cl-],test,5.525620454134874
CHEMBL1085939,CHEMBL220,8.01,2010.0,8.01,CNC(=O)Oc1cccc(CN(C)CCCCCCCOc2ccc3c(c2)OC/C(=C/c2cc(O)c(O)c(O)c2)C3=O)c1,test,7.748554399482546
CHEMBL1086090,CHEMBL220,6.42,2010.0,6.42,CCCCCCCNC(=O)Oc1ccc2c(c1)[C@@H]1CCN(CC)[C@@H]1C2,val,6.204719948814561
CHEMBL1086184,CHEMBL220,6.0,2010.0,6.0,COC(=O)c1cc2c(N)c3c(nc2nc1C)CCCC3,test,5.41009565256852
CHEMBL1086358,CHEMBL220,5.17,2010.0,5.17,C/C(=N\O)c1ccc(Cl)c(NC(=O)c2c(-c3ccccc3Cl)noc2C)c1,test,5.41009565256852
CHEMBL1087194,CHEMBL220,6.11,2010.0,6.11,CCOC(=O)c1cc2c(N)c3c(nc2nc1C)CCCC3,test,5.41009565256852
CHEMBL1088019,CHEMBL220,2.896196279044043,2010.0,2.896196279044043,[Br-].[Br-].c1cc[n+](CCCCC[n+]2ccccc2)cc1,test,5.41009565256852
CHEMBL1088155,CHEMBL220,3.617982957425132,2010.0,3.617982957425132,[Br-].[Br-].c1cc[n+](CCCCCCC[n+]2ccccc2)cc1,test,5.41009565256852
CHEMBL109084,CHEMBL220,5.52,2018.0,5.52,Cc1c(C)c2ccc(OCCc3ccccc3)cc2oc1=O,test,5.41009565256852
CHEMBL1096939,CHEMBL220,5.51,2013.0,5.51,CC(C)=CCC/C(C)=C/Cc1cc(C2CC(=O)c3c(O)cc(O)cc3O2)c(O)cc1O,test,5.756696354674734
CHEMBL1098308,CHEMBL220,8.0,2021.0,8.0,O=C(CN1CCCCC1)Nc1ccc2nc3c4[nH]c5ccccc5c4ccn3c(=O)c2c1,test,5.41009565256852
CHEMBL1098479,CHEMBL220,4.6,2011.0,4.6,C[C@H](CC[C@@H](O)C(C)(C)O)[C@H]1CC[C@@]2(C)C3=CC[C@H]4C(C)(C)C(=O)CC[C@]4(C)C3=CC[C@]12C,test,5.41009565256852
CHEMBL1128,CHEMBL220,5.71,1997.0,5.71,CC[N+](C)(C)c1cccc(O)c1.[Cl-],val,5.41009565256852
CHEMBL11298,CHEMBL220,4.42,2023.0,4.42,N[C@@H](CO)C(=O)O,test,5.41009565256852
CHEMBL1134,CHEMBL220,6.0,2014.0,6.0,C[N+](C)(C)CCCCCCCCCC[N+](C)(C)C.[Br-].[Br-],test,5.686782563971077
CHEMBL114059,CHEMBL220,6.855,1992.0,6.855,Cc1cccc([N+](=O)[O-])c1,val,5.41009565256852
CHEMBL11514,CHEMBL220,4.79,2001.0,4.79,CNC(=O)Oc1ccc2c(c1)[C@@H]1[C@@H](CCN1C)CO2,test,6.103768693489917
CHEMBL1173603,CHEMBL220,4.522878745280337,2010.0,4.522878745280337,C[n+]1cccc(OC(=O)Nc2ccccc2)c1.[Br-],test,5.9900428045234735
CHEMBL1173604,CHEMBL220,7.58,2010.0,7.58,CNC(=O)Oc1ccc2c(c1)[C@]1(C)CC[N+](C)(C)C1N2C.[Br-],test,6.473726484007239
CHEMBL11805,CHEMBL220,6.77,1998.0,6.77,COc1ccccc1CN(C)CCCCCC(=O)N(C)CCCCCCCCN(C)C(=O)CCCCCN(C)Cc1ccccc1OC,test,5.872221156241087
CHEMBL11833,CHEMBL220,6.615,2001.0,6.615,CNC(=O)Oc1ccc2c(c1)OC[C@@H]1CCN(C)[C@H]21,test,6.243015986561791
CHEMBL1186527,CHEMBL220,4.86,2022.0,4.86,OC1CCN2Cc3ccccc3N=C12,test,5.41009565256852
CHEMBL1190,CHEMBL220,3.7259243748081783,2008.0,3.7259243748081783,C[N+](C)(C)CCCCCCCCCC[N+](C)(C)C,test,5.686782563971077
CHEMBL1190535,CHEMBL220,3.3914739664228057,2014.0,3.3914739664228057,COc1cc(C(C#N)N2CCN(C)CC2)cc(OC)c1OC,test,5.525620454134874
CHEMBL1191355,CHEMBL220,4.24,2014.0,4.24,N#CC(c1ccc2c(c1)OCO2)N1CCOCC1,val,5.41009565256852
CHEMBL1194486,CHEMBL220,7.94,2021.0,7.94,O=C(CCc1ccc2nc(-c3ccccc3)c3c(c2c1)OCCC3)NCCCCCCCNc1c2c(nc3cc(Cl)ccc13)CCCC2,val,7.977255816806988
CHEMBL1194868,CHEMBL220,3.5601937886066697,2014.0,3.5601937886066697,CN1CCN(C(C#N)c2ccc3c(c2)OCO3)CC1,val,5.41009565256852
CHEMBL119634,CHEMBL220,4.16,2010.0,4.16,COc1ccc2c(c1)CCCc1c-2nc2ccccc2c1N,test,5.41009565256852
CHEMBL1196495,CHEMBL220,7.52,2011.0,7.52,O=C(CCC1CCN(Cc2ccccc2)CC1)c1ccc2c(c1)OCCO2,test,6.564001789487463
CHEMBL1198953,CHEMBL220,9.22,2021.0,9.22,C[n+]1ccc2c3ccccc3n(CCCCCCCCCn3c4ccccc4c4cc[n+](C)cc43)c2c1,val,5.829443183237055
CHEMBL1198993,CHEMBL220,4.07,2021.0,4.07,c1ccc2c(c1)[nH]c1c[n+](CCCCCCCCCCCC[n+]3ccc4c(c3)[nH]c3ccccc34)ccc12,test,5.829443183237055
CHEMBL1201092,CHEMBL220,4.945,2017.0,4.945,CCN(C)C(=O)Oc1cccc([C@H](C)N(C)C)c1.O=C(O)[C@H](O)[C@@H](O)C(=O)O,val,5.41009565256852
CHEMBL1201217,CHEMBL220,6.74,2018.0,6.74,CCCCOc1ccc(C(=O)CCN2CCCCC2)cc1,test,5.756696354674734
CHEMBL1203534,CHEMBL220,7.02,1993.0,7.02,Cl.N#CC(C#N)=C1NCCN1CCNCc1ccc(CN2CC=CCC2)o1,val,5.41009565256852
CHEMBL1203538,CHEMBL220,6.92,1993.0,6.92,Cl.N#CC(C#N)=C1NCCN1CCNCc1ccc(CN2CCCCCC2)o1,val,5.41009565256852
CHEMBL1204162,CHEMBL220,7.13,2001.0,7.13,Cl.O.c1ccc(CN2CCC(CCN=c3cc4c(n[nH]3)-c3ccccc3C4)CC2)cc1,test,6.564001789487463
CHEMBL1240668,CHEMBL220,7.5,2010.0,7.5,C[C@H](c1cccc(OC(=O)N(C)C)c1)N1CCCCC1,test,5.41009565256852
CHEMBL1241457,CHEMBL220,6.41,2010.0,6.41,CCNC(=O)Oc1ccc2c(c1)C1(C)COC(O2)O1,test,6.473726484007239
CHEMBL1242950,CHEMBL220,6.0,2010.0,6.0,CCCCC1CCN(CCCC(=O)c2ccccc2C)CC1,val,6.564001789487463
CHEMBL1243111,CHEMBL220,6.61,2010.0,6.61,CN1CC[C@@]2(C)c3cc(OC(=O)Nc4ccccc4)ccc3N(Cc3ccccc3)[C@@H]12,test,6.473726484007239
CHEMBL1243298,CHEMBL220,6.83,2010.0,6.83,CN1CC[C@@]2(C)c3cc(OC(=O)N4CCc5ccccc5C4)ccc3N(C)[C@@H]12,test,5.41009565256852
CHEMBL12472,CHEMBL220,6.58,1992.0,6.58,CN(C)Cc1ccc(CSCc2ccc(CSCc3ccc(CN(C)C)o3)cc2)o1,val,5.41009565256852
CHEMBL125278,CHEMBL220,4.17,1999.0,4.17,NC(=O)O,test,5.41009565256852
CHEMBL12547,CHEMBL220,5.89,1992.0,5.89,CN(C)Cc1ccc(CSCCCCCCCCCCSCc2ccc(CN(C)C)o2)o1,test,5.41009565256852
CHEMBL1255578,CHEMBL220,3.4060497047360125,2014.0,3.4060497047360125,CC(=O)/C(C)=N/O,test,5.41009565256852
CHEMBL125578,CHEMBL220,6.18,2010.0,6.18,CC(=O)N(C)CCC1CCN(Cc2ccccc2)CC1,test,6.138019392515065
CHEMBL1262,CHEMBL220,5.33,,5.33,Clc1ccc(CO/N=C(\Cn2ccnc2)c2ccc(Cl)cc2Cl)c(Cl)c1,val,5.41009565256852
CHEMBL126939,CHEMBL220,6.68,1996.0,6.68,C(=C/C1CCN(Cc2ccccc2)CC1)\c1noc2ccccc12,test,5.41009565256852
CHEMBL1276594,CHEMBL220,2.0199966284162536,2010.0,2.0199966284162536,O=P(NN1CCOCC1)(NN1CCOCC1)Oc1ccccc1,test,5.41009565256852
CHEMBL12781,CHEMBL220,6.75,1992.0,6.75,CN(C)Cc1ccc(CSCc2ccc(-c3ccc(CSCc4ccc(CN(C)C)o4)cc3)cc2)o1,test,5.41009565256852
CHEMBL127857,CHEMBL220,7.53,2001.0,7.53,CN(CCCOc1ccc2c(=O)c3ccccc3oc2c1)Cc1cccc(OC(=O)NCCCCCCCCCN2CCOCC2)c1,val,7.500396214194842
CHEMBL128292,CHEMBL220,4.3,2001.0,4.3,O=C1CCN(Cc2ccccc2)C/C1=C\c1cn(C(=O)c2ccc([N+](=O)[O-])cc2)c2ccccc12,test,5.41009565256852
CHEMBL128390,CHEMBL220,7.635,2011.0,7.635,CCCCCCCNC(=O)Oc1cccc(CN(C)CCCOc2ccc3c(=O)c4cccnc4oc3c2)c1,test,7.280692079034327
CHEMBL128551,CHEMBL220,7.85,2010.0,7.85,CCCCNC(=O)Oc1cccc(CN(C)CCCOc2ccc3ccc(=O)oc3c2)c1,test,7.500396214194842
CHEMBL1288821,CHEMBL220,5.21,2010.0,5.21,COc1ccc(C2CN(C)C3(C(=O)Nc4ccc([N+](=O)[O-])cc43)C23Cc2cc(OC)c(OC)cc2C3=O)cc1OC,test,5.525620454134874
CHEMBL128894,CHEMBL220,4.52,2001.0,4.52,O=C1CCN(Cc2ccccc2)C/C1=C\c1cccn1C(=O)c1ccccc1,test,5.41009565256852
CHEMBL1289045,CHEMBL220,5.67,2010.0,5.67,COc1cc2c(cc1OC)C(=O)C1(C2)C(c2ccc(F)cc2)CN(C)C12C(=O)Nc1ccccc12,test,5.525620454134874
CHEMBL1289159,CHEMBL220,5.38,2010.0,5.38,COc1ccc(C2CN(C)C3(C(=O)Nc4ccccc43)C23Cc2cc(OC)c(OC)cc2C3=O)cc1OC,test,5.525620454134874
CHEMBL1289160,CHEMBL220,5.51,2010.0,5.51,COc1cc2c(cc1OC)C(=O)C1(C2)C(c2ccccc2)CN(C)C12C(=O)Nc1ccccc12,test,5.525620454134874
CHEMBL1289273,CHEMBL220,5.37,2010.0,5.37,COc1cc2c(cc1OC)C(=O)C1(C2)C(c2ccccc2Cl)CN(C)C12C(=O)Nc1ccccc12,test,5.525620454134874
CHEMBL1289274,CHEMBL220,5.43,2010.0,5.43,COc1cc2c(cc1OC)C(=O)C1(C2)C(c2ccc(F)cc2)CN(C)C12C(=O)Nc1ccc(Cl)cc12,test,5.525620454134874
CHEMBL1289391,CHEMBL220,5.38,2010.0,5.38,COc1ccc(C2CN(C)C3(C(=O)Nc4ccc(Cl)cc43)C23Cc2cc(OC)c(OC)cc2C3=O)cc1OC,test,5.525620454134874
CHEMBL1289392,CHEMBL220,4.95,2010.0,4.95,COc1cc2c(cc1OC)C(=O)C1(C2)C(c2ccccc2)CN(C)C12C(=O)Nc1ccc(Cl)cc12,test,5.525620454134874
CHEMBL1289506,CHEMBL220,5.18,2010.0,5.18,COc1cc2c(cc1OC)C(=O)C1(C2)C(c2ccccc2Cl)CN(C)C12C(=O)Nc1ccc(Cl)cc12,test,5.525620454134874
CHEMBL1289507,CHEMBL220,5.07,2010.0,5.07,COc1cc2c(cc1OC)C(=O)C1(C2)C(c2ccc(F)cc2)CN(C)C12C(=O)Nc1ccc([N+](=O)[O-])cc12,test,5.525620454134874
CHEMBL1289615,CHEMBL220,4.88,2010.0,4.88,COc1cc2c(cc1OC)C(=O)C1(C2)C(c2ccccc2)CN(C)C12C(=O)Nc1ccc([N+](=O)[O-])cc12,test,5.525620454134874
CHEMBL1289719,CHEMBL220,5.12,2010.0,5.12,COc1cc2c(cc1OC)C(=O)C1(C2)C(c2ccccc2Cl)CN(C)C12C(=O)Nc1ccc([N+](=O)[O-])cc12,test,5.525620454134874
CHEMBL1301463,CHEMBL220,3.853871964321762,2017.0,3.853871964321762,CN(C)CCN=C(S)Nc1cccc(Cl)c1,val,5.41009565256852
CHEMBL130373,CHEMBL220,5.88,1991.0,5.88,Nc1c2c(nc3cnccc13)OCCC2,test,5.41009565256852
CHEMBL130427,CHEMBL220,5.58,1991.0,5.58,Nc1c2c(nc3cnccc13)CCCC2,test,5.41009565256852
CHEMBL130645,CHEMBL220,4.301029995663981,2004.0,4.301029995663981,CSc1nc(-c2ccc(Cl)cc2)nn1C(=O)N1CCOCC1,test,5.41009565256852
CHEMBL130704,CHEMBL220,4.301029995663981,2004.0,4.301029995663981,CSc1nc(-c2ccc(C)cc2)nn1C(=O)N1CCOCC1,test,5.41009565256852
CHEMBL130738,CHEMBL220,4.52,2001.0,4.52,Cc1[nH]c(C)c(/C=C2\CN(Cc3ccccc3)CCC2=O)c1C=O,val,5.829443183237055
CHEMBL130831,CHEMBL220,4.16,2001.0,4.16,O=C1CCN(Cc2ccccc2)C/C1=C\c1cn(C(=O)c2ccccc2)c2ccccc12,test,5.41009565256852
CHEMBL130918,CHEMBL220,8.05,2010.0,8.05,CCCCNC(=O)Oc1cccc(CN(C)CCCOc2ccc3c(=O)c4cccnc4oc3c2)c1,test,7.280692079034327
CHEMBL13122,CHEMBL220,7.55,1992.0,7.55,CN(C)Cc1ccc(CSCCNc2cc(NCCSCc3ccc(CN(C)C)o3)c([N+](=O)[O-])cc2[N+](=O)[O-])o1,test,5.41009565256852
CHEMBL131286,CHEMBL220,4.22,2001.0,4.22,O=C1CCN(Cc2ccccc2)C/C1=C\c1cn(C(=O)c2ccc(F)cc2)c2ccccc12,test,5.41009565256852
CHEMBL131318,CHEMBL220,4.1,2001.0,4.1,COc1ccc2c(c1)c(/C=C1\CN(Cc3ccccc3)CCC1=O)cn2C(=O)c1ccccc1,test,5.41009565256852
CHEMBL13166,CHEMBL220,6.05,1992.0,6.05,CN(C)Cc1ccc(CSCCCCCSCc2ccc(CN(C)C)o2)o1,test,5.41009565256852
CHEMBL131827,CHEMBL220,8.96,2010.0,8.96,CNC(=O)Oc1cccc(CN(C)CCCOc2ccc3c(=O)c4cccnc4oc3c2)c1,test,7.400269448289646
CHEMBL132133,CHEMBL220,3.3000000031431456,1998.0,3.3000000031431456,NCCCCCCNCCSSCCNCCCCCCN,test,5.41009565256852
CHEMBL13214,CHEMBL220,4.32,1992.0,4.32,CN(C)Cc1ccc(CSCCNC(=O)NCCSCc2ccc(CN(C)C)o2)o1,val,5.41009565256852
CHEMBL132377,CHEMBL220,6.51,1998.0,6.51,COc1ccccc1CNCCCCCC(=O)N(C)CCCCCCCCN(C)C(=O)CCCCCNCc1ccccc1OC,test,5.872221156241087
CHEMBL1325943,CHEMBL220,4.74,2012.0,4.74,Cc1ccc(C(=O)Nc2cc3ccccc3oc2=O)cc1,val,5.41009565256852
CHEMBL13308,CHEMBL220,6.3,1992.0,6.3,CN(C)Cc1ccc(CSCCSCc2ccc(CN(C)C)o2)o1,test,5.41009565256852
CHEMBL133448,CHEMBL220,6.37,1991.0,6.37,Nc1c2c(nc3ncccc13)CCCC2,test,5.41009565256852
CHEMBL134061,CHEMBL220,4.301029995663981,2004.0,4.301029995663981,O=C(N1CCOCC1)n1nc(-c2ccc(Cl)cc2)nc1SCC(F)(F)F,test,5.41009565256852
CHEMBL1344483,CHEMBL220,4.35,2014.0,4.35,COc1ccc(C(C#N)N2CCCCC2)cc1OC,test,5.525620454134874
CHEMBL134488,CHEMBL220,5.73,1998.0,5.73,COc1ccccc1CNCCCCCC(=O)NCCCCCCCCNC(=O)CCCCCNCc1ccccc1OC,test,5.872221156241087
CHEMBL134914,CHEMBL220,2.9359999985589917,1997.0,2.9359999985589917,CCOCC[N+](C)(C)C,test,5.686782563971077
CHEMBL135086,CHEMBL220,3.072000002122498,1997.0,3.072000002122498,C=CCC[N+](C)(C)C,test,5.161668212778156
CHEMBL135503,CHEMBL220,2.5350000005956224,1997.0,2.5350000005956224,C=CC[N+](C)(C)C,test,5.686782563971077
CHEMBL136145,CHEMBL220,3.3569999954922864,1997.0,3.3569999954922864,C[N+](C)(C)CCS,test,5.686782563971077
CHEMBL136148,CHEMBL220,3.22399999751502,1997.0,3.22399999751502,COc1cccc([N+](C)(C)C)c1,val,5.5081768205792825
CHEMBL136229,CHEMBL220,3.088000000722559,1997.0,3.088000000722559,CCCCCC[N+](C)(C)C,test,5.686782563971077
CHEMBL136294,CHEMBL220,5.22,1997.0,5.22,CCC(=O)Oc1cccc([N+](C)(C)C)c1,val,5.5081768205792825
CHEMBL136526,CHEMBL220,7.47,1997.0,7.47,CNC(=O)Oc1ccc2c(c1)[C@]1(C)CC[N+](C)(C)C1N2C,test,6.473726484007239
CHEMBL136568,CHEMBL220,2.8210000011975964,1997.0,2.8210000011975964,CCSCC[N+](C)(C)C,test,5.686782563971077
CHEMBL136669,CHEMBL220,4.16,1997.0,4.16,CCC(=O)Oc1ccc(C)c([N+](C)(C)C)c1,val,5.41009565256852
CHEMBL136670,CHEMBL220,3.1230000021524136,1997.0,3.1230000021524136,CCC(=O)Oc1cccc([N+](C)(C)C)c1C,val,5.525620454134874
CHEMBL136719,CHEMBL220,4.39,1997.0,4.39,CC(=O)Oc1cccc([N+](C)(C)C)c1C,val,5.525620454134874
CHEMBL136765,CHEMBL220,4.7,2003.0,4.7,CC(=O)N(C)[C@@H](C)[C@H]1CC[C@H]2[C@@H]3CC=C4C[C@@H](N(C)C)CC[C@]4(C)[C@H]3CC[C@]12C,test,5.41009565256852
CHEMBL136870,CHEMBL220,3.461999999164308,1997.0,3.461999999164308,COc1ccc(C)c([N+](C)(C)C)c1,val,5.41009565256852
CHEMBL136916,CHEMBL220,4.07,1997.0,4.07,CC(=O)CCC[N+](C)(C)C,test,6.033383266077291
CHEMBL137039,CHEMBL220,5.24,2003.0,5.24,C/C=C(\C)C(=O)N[C@H]1CC[C@@]2(C)C(=CC[C@H]3C4=CC[C@H]([C@H](C)N(C)C)[C@@]4(C)CC[C@@H]32)C1=O,val,5.41009565256852
CHEMBL137226,CHEMBL220,3.0,1997.0,3.0,CC(=O)Nc1cccc([N+](C)(C)C)c1,val,5.41009565256852
CHEMBL137560,CHEMBL220,5.51,1997.0,5.51,Cc1ccc([N+](C)(C)C)cc1O,val,5.41009565256852
CHEMBL137561,CHEMBL220,5.55,1997.0,5.55,Cc1ccc(O)cc1[N+](C)(C)C,val,5.41009565256852
CHEMBL1377579,CHEMBL220,4.03,2014.0,4.03,N#CC(c1ccc(O)cc1)N1CCCCC1,test,5.41009565256852
CHEMBL138072,CHEMBL220,5.42,1997.0,5.42,CCC(=O)Oc1cc([N+](C)(C)C)ccc1C,val,5.525620454134874
CHEMBL138107,CHEMBL220,8.92,2010.0,8.92,O=C(Nc1ccc2c(c1)C(=O)N(CCC1CCN(Cc3ccccc3)CC1)C2=O)c1ccccc1,test,6.138019392515065
CHEMBL138552,CHEMBL220,8.35,2010.0,8.35,O=c1[nH]c2cc(Cl)ccc2c(=O)n1CCC1CCN(Cc2ccccc2)CC1,test,6.138019392515065
CHEMBL138988,CHEMBL220,3.911999999739359,1997.0,3.911999999739359,COc1cc([N+](C)(C)C)ccc1C,val,5.525620454134874
CHEMBL139330,CHEMBL220,6.18,1997.0,6.18,CC(=O)Oc1cc([N+](C)(C)C)ccc1C,val,5.525620454134874
CHEMBL139571,CHEMBL220,4.0,2003.0,4.0,CC(C)c1ccc(NC(=O)N2CCC[C@H]2C(=O)N2CC[C@H]3[C@H]2[C@H](C)C(=O)N3C(=O)[C@@H]2[C@H](C)[C@@H]2C)cc1,test,5.41009565256852
CHEMBL139684,CHEMBL220,4.06,1997.0,4.06,C[N+](C)(C)CCCBr,test,5.686782563971077
CHEMBL139908,CHEMBL220,3.9000000040686618,1997.0,3.9000000040686618,CCCC(=O)SCC[N+](C)(C)C,test,6.033383266077291
CHEMBL140,CHEMBL220,5.301029995663981,2017.0,5.301029995663981,COc1cc(/C=C/C(=O)CC(=O)/C=C/c2ccc(O)c(OC)c2)ccc1O,val,5.525620454134874
CHEMBL140020,CHEMBL220,8.1,1996.0,8.1,C=CC[N+](C)(C)c1ccc(CCC(=O)CCc2ccc([N+](C)(C)CC=C)cc2)cc1,val,5.756696354674734
CHEMBL140106,CHEMBL220,7.89,2010.0,7.89,O=C1c2cccnc2C(=O)N1CCC1CCN(Cc2ccccc2)CC1,val,6.008930437161791
CHEMBL140403,CHEMBL220,2.9470000017962272,1997.0,2.9470000017962272,C=CCCC[N+](C)(C)C,test,5.161668212778156
CHEMBL140999,CHEMBL220,8.62,2010.0,8.62,O=C(c1ccccc1)c1ccc2c(c1)C(=O)N(CCC1CCN(Cc3ccccc3)CC1)C2=O,test,6.138019392515065
CHEMBL141622,CHEMBL220,6.47,2010.0,6.47,O=C(Nc1cccc2c1C(=O)N(CCC1CCN(Cc3ccccc3)CC1)C2=O)c1ccccc1,test,6.138019392515065
CHEMBL141810,CHEMBL220,6.1,2010.0,6.1,O=C1c2ccccc2NCN1CCC1CCN(Cc2ccccc2)CC1,val,6.138019392515065
CHEMBL1424,CHEMBL220,5.05,2013.0,5.05,O=c1[nH]c(=O)c2nc[nH]c2[nH]1,test,5.41009565256852
CHEMBL143055,CHEMBL220,7.74,2003.0,7.74,CCN(CCCCCC(=O)N(CCCCCCCCN(C(=O)CCCCCN(CC)Cc1ccccc1OC)C(C)C)C(C)C)Cc1ccccc1OC,test,5.872221156241087
CHEMBL145,CHEMBL220,4.0,2013.0,4.0,O=C(O)/C=C/c1ccc(O)c(O)c1,val,5.41009565256852
CHEMBL145361,CHEMBL220,5.51,2016.0,5.51,COc1cc2c(cc1OC)C(=O)C(CC1CCN(Cc3ccccc3[N+](=O)[O-])CC1)C2,test,5.622328367035209
CHEMBL1459580,CHEMBL220,7.52,2016.0,7.52,O=C(COc1ccc(Cl)cc1Cl)Nc1ccc(CN2CCCCC2)cc1,test,5.525620454134874
CHEMBL14638,CHEMBL220,4.07,2019.0,4.07,O=C(c1ccc(OCCCc2c[nH]cn2)cc1)C1CC1,test,5.41009565256852
CHEMBL146873,CHEMBL220,5.79,2002.0,5.79,C#CCN(C)C(C)Cc1cccc(OC(=O)N(C)C)c1,val,5.41009565256852
CHEMBL147031,CHEMBL220,4.91,2002.0,4.91,C#CCNC(C)Cc1cccc(OC(=O)N(C)CCCC)c1,val,5.41009565256852
CHEMBL1473252,CHEMBL220,4.0,2013.0,4.0,Cc1c(S(=O)(=O)[O-])oc2c1C(=O)C(=O)c1c-2ccc2c1CCCC2(C)C.[Na+],test,5.829443183237055
CHEMBL147524,CHEMBL220,6.64,2002.0,6.64,CN(C)C(=O)Oc1cccc(CCN)c1,val,5.41009565256852
CHEMBL147527,CHEMBL220,3.630784142589857,2002.0,3.630784142589857,C#CCN(C)C(C)Cc1cccc(OC(=O)N(C)CC)c1,val,5.41009565256852
CHEMBL1485276,CHEMBL220,3.0,2016.0,3.0,O=S(=O)(NCCSc1nnc(-c2ccco2)n1-c1ccccc1)c1ccccc1,val,6.106130094639612
CHEMBL148879,CHEMBL220,5.44,2002.0,5.44,C#CCNC(C)Cc1cccc(OC(=O)N(C)C2CCCCC2)c1,val,5.41009565256852
CHEMBL148882,CHEMBL220,7.52,2002.0,7.52,CC(c1cccc(OC(=O)N(C)C)c1)N(C)C,val,5.41009565256852
CHEMBL150365,CHEMBL220,4.0,2010.0,4.0,N#Cc1cc(-c2ccccc2)nnc1NCCN1CCOCC1,test,5.41009565256852
CHEMBL1504199,CHEMBL220,4.0,2020.0,4.0,OC1CCCN(Cc2ccccc2)C1,test,5.41009565256852
CHEMBL15056,CHEMBL220,8.59,2008.0,8.59,c1ccc2c(NCCc3ccc(OCCCN4CCCCC4)cc3)c3c(nc2c1)CCCC3,test,7.5802499224794815
CHEMBL150638,CHEMBL220,6.07,2002.0,6.07,C#CCN(C)CCc1cccc(OC(=O)N(C)C)c1,val,5.41009565256852
CHEMBL150985,CHEMBL220,4.47,2010.0,4.47,Cc1cc(-c2ccc(Cl)cc2)nnc1NCCN1CCOCC1,test,5.41009565256852
CHEMBL151125,CHEMBL220,5.06,2002.0,5.06,C#CCN(C)C(C)Cc1cccc(OC(=O)N(C)C2CCCCC2)c1,val,5.41009565256852
CHEMBL151194,CHEMBL220,5.11,2002.0,5.11,CCCN(C)C(=O)Oc1cccc(CCN)c1,val,5.41009565256852
CHEMBL151236,CHEMBL220,4.45,2002.0,4.45,CCN(C)C(=O)Oc1cccc(CCN)c1,val,5.41009565256852
CHEMBL151368,CHEMBL220,6.8,2002.0,6.8,CN(C)CCc1cccc(OC(=O)N(C)C)c1,val,5.41009565256852
CHEMBL151369,CHEMBL220,4.68,2002.0,4.68,CCN(C)C(=O)Oc1cccc(CCNC)c1,val,5.41009565256852
CHEMBL151417,CHEMBL220,3.0,2010.0,3.0,c1ccc(-c2ccc(NCCN3CCOCC3)nn2)cc1,test,5.41009565256852
CHEMBL151559,CHEMBL220,4.78,2002.0,4.78,C#CCN(C)CCc1cccc(OC(=O)N(C)CC)c1,val,5.41009565256852
CHEMBL151763,CHEMBL220,4.45,2014.0,4.45,CCN(C)C(=O)Oc1cccc(C(C)N(C)C)c1,val,5.41009565256852
CHEMBL151861,CHEMBL220,6.77,2002.0,6.77,C#CC(C)NCCc1cccc(OC(=O)N(C)C)c1,val,5.41009565256852
CHEMBL151883,CHEMBL220,4.52,2002.0,4.52,C#CCNCCc1cccc(OC(=O)N(C)CC)c1,val,5.41009565256852
CHEMBL151922,CHEMBL220,4.72,2002.0,4.72,C#CCNC(C)Cc1cccc(OC(=O)N(C)CCC)c1,val,5.41009565256852
CHEMBL151923,CHEMBL220,4.47,2002.0,4.47,C#CCNC(C)Cc1cccc(OC(=O)N(C)CC)c1,val,5.41009565256852
CHEMBL152722,CHEMBL220,5.51,1993.0,5.51,COc1cc(N)c(Cl)cc1C(=O)NCCNCc1ccc(CN(C)C)o1,test,5.525620454134874
CHEMBL153311,CHEMBL220,5.68,1993.0,5.68,CNC(NCCNCc1ccc(CN(C(C)C)C(C)C)o1)=C(C#N)C#N,val,5.41009565256852
CHEMBL154155,CHEMBL220,5.375,1992.0,5.375,COc1ccc(C)cc1,val,5.41009565256852
CHEMBL1543212,CHEMBL220,3.6989700043360183,2017.0,3.6989700043360183,COc1ccc(NC(S)=NCCN2CCOCC2)cc1,val,5.41009565256852
CHEMBL154433,CHEMBL220,4.96,1993.0,4.96,N#CC(C#N)=C1NCCN1CCNCc1ccc(CN2CCOCC2)o1,val,5.41009565256852
CHEMBL154950,CHEMBL220,5.03,1993.0,5.03,C/N=c1\c(O)c(O)\c1=N/CCNCc1ccc(CN2CCCCC2)o1,test,5.41009565256852
CHEMBL155320,CHEMBL220,6.154999999999999,1992.0,6.154999999999999,Cc1ccc([N+](=O)[O-])cc1,val,5.41009565256852
CHEMBL155392,CHEMBL220,6.2,1993.0,6.2,CNC(NCCNCc1ccc(CN(C)C)o1)=C(C#N)C#N,val,5.41009565256852
CHEMBL155495,CHEMBL220,4.698970004336019,1993.0,4.698970004336019,CNC(NCCNCc1ccc(COC)o1)=C(C#N)C#N,val,5.41009565256852
CHEMBL1556015,CHEMBL220,3.348721986001856,2014.0,3.348721986001856,COc1cc(C(C#N)N2CCCCC2)ccc1O,test,5.525620454134874
CHEMBL156659,CHEMBL220,5.92,1993.0,5.92,Oc1nc2ccccc2n1CCNCc1ccc(CN2CCCCC2)o1,test,5.41009565256852
CHEMBL156710,CHEMBL220,5.31,1992.0,5.31,COc1cc(C)cc(OC)c1OC,val,5.525620454134874
CHEMBL157336,CHEMBL220,4.0,1998.0,4.0,CN(C)c1ccc(CC(=O)NCCCCCCCCCCCCNC23CC4CC(CC(C4)C2)C3)cc1,test,5.41009565256852
CHEMBL158174,CHEMBL220,8.0,1992.0,8.0,Cc1ccccc1CN1CCC(C)CC1,test,5.41009565256852
CHEMBL158232,CHEMBL220,8.28,1992.0,8.28,CC1CCN(Cc2ccccc2)CC1,test,5.41009565256852
CHEMBL1626455,CHEMBL220,5.1,2017.0,5.1,CNc1nc(NCc2ccccc2)c2ccccc2n1,test,5.41009565256852
CHEMBL1626784,CHEMBL220,3.717000009205801,1997.0,3.717000009205801,C[N+](C)(C)c1cccc(N)c1,val,5.41009565256852
CHEMBL162734,CHEMBL220,5.04,1996.0,5.04,c1ccc2c(c1)CN1CCCCCCC1=N2,test,5.41009565256852
CHEMBL1629724,CHEMBL220,4.0,2010.0,4.0,O=C(Nc1cccc(C(=O)C(=O)c2ccccn2)c1)c1ccc(C(F)(F)F)cc1,test,5.41009565256852
CHEMBL1630808,CHEMBL220,4.0,2010.0,4.0,O=C(C(=O)c1ccccn1)c1cccc(NC(=O)c2ccc(Cl)cc2Cl)c1,test,5.41009565256852
CHEMBL1630810,CHEMBL220,4.0,2010.0,4.0,Cc1ccc(C(=O)Nc2cccc(C(=O)C(=O)c3ccccn3)c2)cc1,test,5.41009565256852
CHEMBL1630811,CHEMBL220,4.0,2010.0,4.0,O=C(Nc1cccc(C(=O)C(=O)c2ccccn2)c1)c1ccc(F)c(F)c1,test,5.41009565256852
CHEMBL1630812,CHEMBL220,4.0,2010.0,4.0,O=C(COc1ccccc1)Nc1cccc(C(=O)C(=O)c2ccccn2)c1,test,5.41009565256852
CHEMBL1630813,CHEMBL220,4.0,2010.0,4.0,COc1ccc(C(=O)Nc2cccc(C(=O)C(=O)c3ccccn3)c2)cc1,test,5.41009565256852
CHEMBL1630814,CHEMBL220,4.0,2010.0,4.0,O=C(Nc1cccc(C(=O)C(=O)c2ccccn2)c1)c1cccc(Cl)c1,test,5.41009565256852
CHEMBL1630816,CHEMBL220,4.0,2010.0,4.0,O=C(Nc1cccc(C(=O)C(=O)c2ccccn2)c1)c1ccc(F)cc1,test,5.41009565256852
CHEMBL163362,CHEMBL220,5.44,1996.0,5.44,c1ccc2c(c1)CN1CCCCC1=N2,val,5.41009565256852
CHEMBL1642974,CHEMBL220,4.62,2011.0,4.62,CC(C)(C)c1cc[n+](CCCCC[n+]2ccc(C(C)(C)C)cc2)cc1.[Br-].[Br-],test,5.41009565256852
CHEMBL1642976,CHEMBL220,7.8,2011.0,7.8,CC(C)(C)c1cc[n+](CCCCCCC[n+]2ccc(C(C)(C)C)cc2)cc1.[Br-].[Br-],test,5.41009565256852
CHEMBL1642980,CHEMBL220,7.58,2011.0,7.58,CC(C)(C)c1cc[n+](CCCCCCCCCCC[n+]2ccc(C(C)(C)C)cc2)cc1.[Br-].[Br-],test,5.41009565256852
CHEMBL1642983,CHEMBL220,5.47,2011.0,5.47,CC(C)(C)c1cc[n+](C/C=C/C[n+]2ccc(C(C)(C)C)cc2)cc1.[Br-].[Br-],val,5.41009565256852
CHEMBL1642984,CHEMBL220,5.7,2011.0,5.7,CC(C)(C)c1cc[n+](C/C=C\C[n+]2ccc(C(C)(C)C)cc2)cc1.[Cl-].[Cl-],val,5.41009565256852
CHEMBL1642986,CHEMBL220,6.16,2011.0,6.16,CC(C)(C)c1cc[n+](Cc2cccc(C[n+]3ccc(C(C)(C)C)cc3)c2)cc1.[Br-].[Br-],test,5.41009565256852
CHEMBL164660,CHEMBL220,5.19,2013.0,5.19,O=c1ccc2cc3ccoc3cc2o1,test,5.41009565256852
CHEMBL1651040,CHEMBL220,4.52,2010.0,4.52,CC(=O)O[C@@H]1C[C@@]2(C)[C@@H]3CC[C@H]4[C@](C)(CO)[C@@H](NC(=O)c5ccccc5)C=C[C@]4(O)CC3=CC[C@]2(C)[C@H]1[C@H](C)N(C)C,test,5.41009565256852
CHEMBL1651125,CHEMBL220,7.48,2011.0,7.48,O=C(CCC1CCN(Cc2ccccc2)CC1)c1ccc2c(c1)NC(c1ccccc1)N2,test,6.564001789487463
CHEMBL1651130,CHEMBL220,8.01,2011.0,8.01,O=C(CCC1CCN(Cc2ccccc2)CC1)c1cc2c3c(c1)CCN3C(=O)CC2,test,6.711937556172022
CHEMBL1651246,CHEMBL220,7.85,2011.0,7.85,CS(=O)(=O)Nc1ccc2c(CCC3CCN(Cc4ccccc4)CC3)noc2c1,test,7.206308225264453
CHEMBL16645,CHEMBL220,7.025,1992.0,7.025,Cc1ccc(O)cc1,val,5.41009565256852
CHEMBL1668333,CHEMBL220,3.718739312944987,2011.0,3.718739312944987,CC(C)=CC(=O)C[C@H](C)c1ccc(C)cc1,val,5.41009565256852
CHEMBL1668334,CHEMBL220,4.09,2011.0,4.09,Cc1ccc([C@@H](C)CC(=O)CC(C)C)cc1,val,5.41009565256852
CHEMBL1668934,CHEMBL220,3.939302159646388,2022.0,3.939302159646388,CC(=O)N1CCC(NC(=O)Nc2ccc(OC(F)(F)F)cc2)CC1,test,5.41009565256852
CHEMBL1669479,CHEMBL220,8.3,2011.0,8.3,C[N+](C)(CCNC(=O)C(=O)NCC[N+](C)(C)Cc1ccccc1Cl)Cc1ccccc1Cl.[Cl-].[Cl-],test,5.41009565256852
CHEMBL1669480,CHEMBL220,3.184422251675733,2011.0,3.184422251675733,[Br-].[Br-].c1ccc2c[n+](C[n+]3ccc4ccccc4c3)ccc2c1,val,5.829443183237055
CHEMBL1669481,CHEMBL220,3.350665141287858,2011.0,3.350665141287858,[Br-].[Br-].c1ccc2c[n+](CCC[n+]3ccc4ccccc4c3)ccc2c1,test,5.829443183237055
CHEMBL1669483,CHEMBL220,4.89,2011.0,4.89,[Br-].[Br-].c1ccc2c[n+](CCCCC[n+]3ccc4ccccc4c3)ccc2c1,test,5.829443183237055
CHEMBL1669487,CHEMBL220,5.7,2011.0,5.7,[Cl-].[Cl-].c1ccc2c[n+](COC[n+]3ccc4ccccc4c3)ccc2c1,test,5.829443183237055
CHEMBL1669488,CHEMBL220,2.8827287043442356,2011.0,2.8827287043442356,[Br-].[Br-].c1ccc2c[n+](CCOCC[n+]3ccc4ccccc4c3)ccc2c1,val,5.829443183237055
CHEMBL1669492,CHEMBL220,5.1,2011.0,5.1,[Br-].[Br-].c1cc(C[n+]2ccc3ccccc3c2)cc(C[n+]2ccc3ccccc3c2)c1,test,5.829443183237055
CHEMBL1678,CHEMBL220,7.5,2008.0,7.5,COc1cc2c(cc1OC)C(=O)C(CC1CCN(Cc3ccccc3)CC1)C2.Cl,test,5.622328367035209
CHEMBL167911,CHEMBL220,5.92,2015.0,5.92,COP(=O)(OC)OC=C(Cl)Cl,test,5.550217093537071
CHEMBL170946,CHEMBL220,7.06,2016.0,7.06,COc1cc2c(cc1OC)C(=O)C(CC1CCN(Cc3cccc(C)c3)CC1)C2,test,5.622328367035209
CHEMBL171048,CHEMBL220,5.72,2016.0,5.72,COc1cc2c(cc1OC)C(=O)C(CC1CCN(Cc3ccc([N+](=O)[O-])cc3)CC1)C2,test,5.622328367035209
CHEMBL1714574,CHEMBL220,4.67,,4.67,CC(C)N1CCN(c2ccc(OCC3COC(Cn4cncn4)(c4ccc(Cl)cc4Cl)O3)cc2)CC1,test,5.41009565256852
CHEMBL1720480,CHEMBL220,7.02,2013.0,7.02,O=C(NC1CCN(Cc2ccccc2)CC1)c1ccc2c(c1)OCCCO2,test,5.41009565256852
CHEMBL172118,CHEMBL220,5.96,1992.0,5.96,Nc1c2c(nc3ccc(Cl)cc13)C1CCC2C1,test,5.41009565256852
CHEMBL173136,CHEMBL220,5.34,2003.0,5.34,CCN(CCCCCC(=O)N(C)CCCCCCCCN(C)C(=O)CCCCCN(CC)Cc1ccccc1C(F)(F)F)Cc1ccccc1C(F)(F)F,test,5.756696354674734
CHEMBL173309,CHEMBL220,7.775,2003.0,7.775,CCN(CCCCCC(=O)N(C)CCCCCCCCN(C)C(=O)CCCCCN(CC)Cc1ccccc1OC)Cc1ccccc1OC,test,5.872221156241087
CHEMBL174228,CHEMBL220,7.25,2003.0,7.25,CCN(CCCCCC(=O)N(C)CCCCCCCCN(C)C(=O)CCCCCN(CC)Cc1ccccc1C)Cc1ccccc1C,test,5.756696354674734
CHEMBL174710,CHEMBL220,7.14,2003.0,7.14,COc1ccccc1CN(CCCCCC(=O)N(C)CCCCCCCCN(C)C(=O)CCCCCN(Cc1ccccc1OC)C(C)C)C(C)C,test,5.872221156241087
CHEMBL175555,CHEMBL220,8.4,2008.0,8.4,CN(CCCCSc1c2c(nc3ccccc13)CCCC2)CCCNc1c2c(nc3ccccc13)CCCC2,test,7.5802499224794815
CHEMBL175949,CHEMBL220,8.29,2008.0,8.29,CC(=O)N(CCCCSc1c2c(nc3ccccc13)CCCC2)CCCNc1c2c(nc3ccccc13)CCCC2,test,7.5802499224794815
CHEMBL1761996,CHEMBL220,3.378823718224965,2011.0,3.378823718224965,[Cl-].[Cl-].c1ccc2c(c1)ccc[n+]2COC[n+]1cccc2ccccc21,val,5.41009565256852
CHEMBL176308,CHEMBL220,6.6,2003.0,6.6,CCN(CCCCCC(=O)N(C)CCCCCCCCN(C)C(=O)CCCCCN(CC)Cc1ccccc1[N+](=O)[O-])Cc1ccccc1[N+](=O)[O-],test,5.756696354674734
CHEMBL176585,CHEMBL220,7.31,2003.0,7.31,CCN(CCCCCC(=O)N(C)CCCCCCCCN(C)C(=O)CCCCCN(CC)Cc1ccccc1)Cc1ccccc1,test,5.756696354674734
CHEMBL1766147,CHEMBL220,4.9,2011.0,4.9,[O-][S+]1CCN(c2nccc(NCc3ccccc3)n2)CC1,test,5.41009565256852
CHEMBL176773,CHEMBL220,6.17,2003.0,6.17,COc1cccc(CN(C)CCCCCC(=O)N(C)CCCCCCCCN(C)C(=O)CCCCCN(C)Cc2cccc(OC)c2)c1,test,5.756696354674734
CHEMBL1770314,CHEMBL220,5.51,2013.0,5.51,CC1(C)C=Cc2c(cc(O)c3c(=O)c4c(oc23)-c2ccc(O)cc2OC(C(C)(C)O)C4)O1,test,5.41009565256852
CHEMBL177052,CHEMBL220,6.95,2003.0,6.95,CCN(CCCCCC(=O)N(C)CCCCCCCCN(C)C(=O)CCCCCN(CC)Cc1ccccc1Cl)Cc1ccccc1Cl,test,5.756696354674734
CHEMBL1770550,CHEMBL220,4.66,2011.0,4.66,O=C1C=C(NCCCNCc2cc3ccccc3o2)C(=O)C=C1NCCCNCc1cc2ccccc2o1,test,5.65319273817328
CHEMBL1770553,CHEMBL220,4.66,2011.0,4.66,O=C1C=C(NCCCCCCNCc2nc3ccccc3s2)C(=O)C=C1NCCCCCCNCc1nc2ccccc2s1,test,5.41009565256852
CHEMBL1770555,CHEMBL220,6.52,2011.0,6.52,O=C1C=C(NCCCCCCNCc2ccc(-c3nc4ccccc4s3)cc2)C(=O)C=C1NCCCCCCNCc1ccc(-c2nc3ccccc3s2)cc1,test,5.41009565256852
CHEMBL1771549,CHEMBL220,6.21,2011.0,6.21,[Br-].[Br-].c1cc(C[N+]23CCC(CC2)CC3)cc(-c2cccc(C[N+]34CCC(CC3)CC4)c2)c1,test,5.41009565256852
CHEMBL1773479,CHEMBL220,6.26,2011.0,6.26,CN(Cc1ccccc1)Cc1ccc(C(=O)c2ccc(NC(=O)CN3CCCCC3)cc2)cc1,test,5.41009565256852
CHEMBL1773481,CHEMBL220,6.66,2011.0,6.66,CN(Cc1ccccc1)Cc1ccc(C(=O)c2ccc(NC(=O)CCCCN3CCCCC3)cc2)cc1,test,5.756696354674734
CHEMBL1773485,CHEMBL220,7.17,2011.0,7.17,CN(Cc1ccccc1)Cc1ccc(C(=O)c2ccc(OCCCN3CCC(n4c(=O)[nH]c5ccccc54)CC3)cc2)cc1,test,5.41009565256852
CHEMBL1773492,CHEMBL220,6.89,2011.0,6.89,CCN(CC)CCc1ccc(Oc2ccc(C(=O)c3ccc(CN(C)Cc4ccccc4)cc3)cc2)cc1,test,5.41009565256852
CHEMBL1783527,CHEMBL220,7.12,2011.0,7.12,CC(C)C1=N[C@H]2CC[C@]34C[C@]35C(=O)C[C@]3(C)[C@@H]([C@H](C)N(C)CCCc6ccccc6)[C@H](O)C[C@@]3(C)[C@@H]5CC[C@H]4[C@]2(C)CS1,test,5.686782563971077
CHEMBL1783532,CHEMBL220,5.0,2011.0,5.0,CC(C)C1=N[C@H]2CC[C@]34C[C@]35C(=O)C[C@]3(C)[C@@H]([C@H](C)N(C)C)[C@H](O)C[C@@]3(C)[C@@H]5CC[C@H]4[C@]2(C)CN1C,val,5.41009565256852
CHEMBL1784955,CHEMBL220,6.88,2009.0,6.88,C[C@@H](c1cccc(OC(=O)N(C)[C@@H](C)Cc2ccccc2)c1)N(C)C.Cl,val,5.41009565256852
CHEMBL1784956,CHEMBL220,6.39,2009.0,6.39,C[C@H](Cc1ccccc1)NC(=O)Oc1cccc([C@H](C)N(C)C)c1.Cl,val,6.0284075733021
CHEMBL1784957,CHEMBL220,6.29,2009.0,6.29,C[C@@H](Cc1ccccc1)NC(=O)Oc1cccc([C@H](C)N(C)C)c1.Cl,val,6.0284075733021
CHEMBL1784958,CHEMBL220,6.52,2009.0,6.52,C[C@H](Cc1ccccc1)N(C)C(=O)Oc1cccc([C@H](C)N(C)C)c1.Cl,val,5.41009565256852
CHEMBL1788254,CHEMBL220,5.1,2002.0,5.1,C#CCN(C)[C@H](C)Cc1cccc(OC(=O)N(C)C2CCCCC2)c1,val,5.41009565256852
CHEMBL1788255,CHEMBL220,5.7,2002.0,5.7,C#CCN(C)[C@H](C)Cc1cccc(OC(=O)N(C)CCCCCC)c1,val,5.41009565256852
CHEMBL1790041,CHEMBL220,5.915,1992.0,5.915,CNC(=C[N+](=O)[O-])NCCSCc1ccc(CN(C)C)o1,val,5.41009565256852
CHEMBL179218,CHEMBL220,3.6989700043360183,2017.0,3.6989700043360183,CN(C)CC/N=C(/S)Nc1ccc(S(N)(=O)=O)cc1,val,6.106130094639612
CHEMBL17940,CHEMBL220,3.8938091027365846,2014.0,3.8938091027365846,CC(=O)/C=N/O,test,3.777870327754415
CHEMBL180145,CHEMBL220,6.39,2013.0,6.39,COc1cc2c(cc1OC)C(=O)C(Oc1ccc(CN3CCCCC3)cc1)C2,test,5.525620454134874
CHEMBL180413,CHEMBL220,6.97,2013.0,6.97,COc1cc2c(cc1OC)C(=O)C(Oc1ccc(C(C)N3CCCCC3)cc1)C2,test,5.525620454134874
CHEMBL180442,CHEMBL220,6.39,2013.0,6.39,COc1cc2c(cc1OC)C(=O)C(Oc1ccc(C(C)N3CCCC3)cc1)C2,test,5.525620454134874
CHEMBL180483,CHEMBL220,6.945,2011.0,6.945,COc1cc2c(cc1OC)C(=O)C(Oc1ccc(CN3CCCC3)cc1)C2,test,5.525620454134874
CHEMBL181207,CHEMBL220,7.11,2013.0,7.11,COc1cc2c(cc1OC)C(=O)C(Oc1cccc(C(C)N3CCN(C)CC3)c1)C2,test,5.525620454134874
CHEMBL181216,CHEMBL220,6.57,2013.0,6.57,COc1cc2c(cc1OC)C(=O)C(Oc1cccc(CN3CCCCC3)c1)C2,test,5.525620454134874
CHEMBL1812853,CHEMBL220,4.0,2011.0,4.0,CCC(=O)C(=O)CC,test,5.41009565256852
CHEMBL1812854,CHEMBL220,4.0,2011.0,4.0,CCCC(=O)C(=O)CCC,test,5.756696354674734
CHEMBL1812855,CHEMBL220,4.0,2011.0,4.0,CCCCC(=O)C(=O)CCCC,test,5.756696354674734
CHEMBL1812856,CHEMBL220,4.0,2011.0,4.0,CCCCCC(=O)C(=O)CCCCC,test,5.756696354674734
CHEMBL1812857,CHEMBL220,4.0,2011.0,4.0,CCCCCCC(=O)C(=O)CCCCCC,test,5.756696354674734
CHEMBL1812858,CHEMBL220,4.0,2011.0,4.0,CCCCCCCC(=O)C(=O)CCCCCCC,test,5.756696354674734
CHEMBL1812859,CHEMBL220,4.0,2011.0,4.0,CCCCCCCCC(=O)C(=O)CCCCCCCC,test,5.756696354674734
CHEMBL1812860,CHEMBL220,4.0,2011.0,4.0,CCC(=O)C(=O)c1ccccc1,val,5.41009565256852
CHEMBL1812861,CHEMBL220,4.0,2011.0,4.0,CCCC(=O)C(=O)c1ccccc1,val,5.756696354674734
CHEMBL1812862,CHEMBL220,4.0,2011.0,4.0,CCCCC(=O)C(=O)c1ccccc1,val,5.756696354674734
CHEMBL1812863,CHEMBL220,4.0,2011.0,4.0,CCCCCC(=O)C(=O)c1ccccc1,val,5.756696354674734
CHEMBL1812864,CHEMBL220,4.0,2011.0,4.0,CCCCCCC(=O)C(=O)c1ccccc1,val,5.756696354674734
CHEMBL181435,CHEMBL220,6.7,2005.0,6.7,CCCCNC(=O)OCCCCCCCCCCO,test,5.41009565256852
CHEMBL181445,CHEMBL220,6.44,2005.0,6.44,CCCCNC(=O)OCCCCCCCCO,test,5.41009565256852
CHEMBL1814729,CHEMBL220,9.09,2011.0,9.09,Cl.O=C(NCCNc1c2c(nc3ccccc13)CCCC2)c1ccc(F)cc1,test,7.5802499224794815
CHEMBL1814730,CHEMBL220,9.09,2011.0,9.09,Cl.O=C(NCCCNc1c2c(nc3ccccc13)CCCC2)c1ccc(F)cc1,test,7.5802499224794815
CHEMBL1814731,CHEMBL220,9.11,2011.0,9.11,Cl.O=C(NCCCCNc1c2c(nc3ccccc13)CCCC2)c1ccc(F)cc1,test,7.5802499224794815
CHEMBL181867,CHEMBL220,6.6,2005.0,6.6,CCCCNC(=O)OCCCCCOC(=O)NCCCC,test,5.41009565256852
CHEMBL1819173,CHEMBL220,7.55,2011.0,7.55,c1ccc2c(NCCCCCCCCCCN3CCOCC3)c3c(nc2c1)CCCC3,val,7.5802499224794815
CHEMBL1819180,CHEMBL220,6.34,2011.0,6.34,c1ccc2c(c1)Cc1c-2nc2ccccc2c1NCCCCCCCNc1c2c(nc3ccccc13)-c1ccccc1C2,test,7.5802499224794815
CHEMBL1824731,CHEMBL220,3.820161071976813,2014.0,3.820161071976813,NC(=O)c1cc[n+](Cc2cccc(C[n+]3ccc(/C=N/O)cc3)c2)cc1.[Br-].[Br-],test,4.193672091482517
CHEMBL182596,CHEMBL220,5.85,2005.0,5.85,CCCCNC(=O)OCCCCCO,test,5.41009565256852
CHEMBL182696,CHEMBL220,6.52,2005.0,6.52,CCCCNC(=O)OCCCCCCCCCCCCO,test,5.41009565256852
CHEMBL183394,CHEMBL220,6.7,2005.0,6.7,CCCCNC(=O)OCCCCCCCCCCCCCCO,test,5.41009565256852
CHEMBL1834069,CHEMBL220,4.86,2011.0,4.86,CN1CCN(c2nccc(NC(c3ccccc3)c3ccccc3)n2)CC1,val,5.41009565256852
CHEMBL1834071,CHEMBL220,4.69,2011.0,4.69,CC(C)N1CCN(c2nccc(NC(c3ccccc3)c3ccccc3)n2)CC1,val,5.41009565256852
CHEMBL1834073,CHEMBL220,4.84,2011.0,4.84,CCCN1CCN(c2nccc(NC(c3ccccc3)c3ccccc3)n2)CC1,val,5.41009565256852
CHEMBL1834075,CHEMBL220,4.54,2011.0,4.54,CC(=O)N1CCN(c2nccc(NC(c3ccccc3)c3ccccc3)n2)CC1,val,5.41009565256852
CHEMBL1834076,CHEMBL220,4.0,2011.0,4.0,CC(C)(C)OC(=O)N1CCN(c2nccc(NC(c3ccccc3)c3ccccc3)n2)CC1,val,5.41009565256852
CHEMBL1834077,CHEMBL220,4.5,2011.0,4.5,c1ccc(C(Nc2ccnc(N3CCNCC3)n2)c2ccccc2)cc1,val,5.41009565256852
CHEMBL1834078,CHEMBL220,4.67,2011.0,4.67,OCCN1CCN(c2nccc(NC(c3ccccc3)c3ccccc3)n2)CC1,val,5.41009565256852
CHEMBL1834079,CHEMBL220,4.41,2011.0,4.41,COCCN1CCN(c2nccc(NC(c3ccccc3)c3ccccc3)n2)CC1,val,5.41009565256852
CHEMBL183507,CHEMBL220,6.64,2005.0,6.64,COc1ccc(-c2cc3c(c(=O)o2)C[C@@]2(O)[C@@]4(C)C(=O)[C@@]5(OC)C(=O)O[C@]4(CC[C@@]2(C)O3)C5(C)C)cc1,test,5.41009565256852
CHEMBL184316,CHEMBL220,6.89,2005.0,6.89,CCCCNC(=O)OCCCCCCCCCCCCCCCCO,test,5.41009565256852
CHEMBL184946,CHEMBL220,6.8,2005.0,6.8,CCCCNC(=O)OCCCCCCCCCCCCOC(=O)NCCCC,test,5.41009565256852
CHEMBL185000,CHEMBL220,6.8,2005.0,6.8,CCCCNC(=O)OCCCCCCCCCCOC(=O)NCCCC,test,5.41009565256852
CHEMBL185164,CHEMBL220,6.8,2005.0,6.8,CCCCNC(=O)OCCCCCCCCCCCCCCOC(=O)NCCCC,test,5.41009565256852
CHEMBL185896,CHEMBL220,6.21,2010.0,6.21,CC(Cc1ccc(O)cc1)C1CCC(C)C(c2ccc(O)cc2)C1,val,5.41009565256852
CHEMBL185976,CHEMBL220,6.92,2004.0,6.92,COc1cc2cc(C(=O)C3CC[N+](C)(Cc4ccccc4)CCC3OC)sc2cc1OC,test,5.525620454134874
CHEMBL186144,CHEMBL220,8.1,2004.0,8.1,COc1cc2cc(C(=O)C3CCC[N+](C)(Cc4ccccc4)CC3)sc2cc1OC,test,5.525620454134874
CHEMBL186264,CHEMBL220,8.15,2004.0,8.15,CCOCC[n+]1ccc(CCC(=O)C2Cc3cc(OC)c(OC)cc3S2)cc1,test,5.95160285110727
CHEMBL186400,CHEMBL220,4.57,2010.0,4.57,Cc1nc(N)ncc1-c1nnnn1-c1ccc(-c2ccccc2)cc1,test,5.41009565256852
CHEMBL1864065,CHEMBL220,4.12,2022.0,4.12,O=c1c2ccccc2nc2n1CCC2O,test,5.41009565256852
CHEMBL187266,CHEMBL220,4.0,2013.0,4.0,Cc1coc2c1C(=O)C(=O)c1c-2ccc2c1CCCC2(C)C,test,5.41009565256852
CHEMBL187330,CHEMBL220,5.59,2004.0,5.59,CCC[n+]1ccc(CCC(=O)C2Cc3cc(OC)c(OC)cc3S2)cc1,test,5.95160285110727
CHEMBL187385,CHEMBL220,6.38,2004.0,6.38,CCNC(=O)Oc1cccc2c1OCC1CCN(C)C21,test,5.525620454134874
CHEMBL187404,CHEMBL220,7.22,2011.0,7.22,[Br-].[Br-].c1cc(C[n+]2ccc(N3CCCCC3)cc2)cc(-c2cccc(C[n+]3ccc(N4CCCCC4)cc3)c2)c1,test,5.41009565256852
CHEMBL187812,CHEMBL220,4.71,2004.0,4.71,COc1cc2cc(C3CC[N+](C)(Cc4ccccc4)CC3O)sc2cc1OC,val,5.525620454134874
CHEMBL187870,CHEMBL220,7.69,2004.0,7.69,CCCCCCCNC(=O)Oc1cccc2c1OCC1CCN(C)C21,test,5.525620454134874
CHEMBL188274,CHEMBL220,7.0,2004.0,7.0,CNC(=O)Oc1cccc(C(C)N(C)C)c1.Cl,val,6.0284075733021
CHEMBL188325,CHEMBL220,6.28,2004.0,6.28,COc1cc2cc(C(=O)C3=CC[N+](C)(Cc4ccccc4)CC3)sc2cc1OC,test,5.525620454134874
CHEMBL188338,CHEMBL220,6.0,2004.0,6.0,COc1cc2cc(C(=O)C3CCC[N+](C)(CC#N)CC3)sc2cc1OC,test,5.525620454134874
CHEMBL188753,CHEMBL220,6.55,2004.0,6.55,CC[n+]1ccc(CCC(=O)C2Cc3cc(OC)c(OC)cc3S2)cc1,test,5.95160285110727
CHEMBL188823,CHEMBL220,8.24,2004.0,8.24,COc1cc2onc(CCC3CCN(Cc4ccccc4)CC3)c2cc1C,test,6.898902988281823
CHEMBL189122,CHEMBL220,7.43,2004.0,7.43,C=CC[n+]1ccc(CCC(=O)C2Cc3cc(OC)c(OC)cc3S2)cc1,test,5.95160285110727
CHEMBL189517,CHEMBL220,6.96,2004.0,6.96,COc1cc2c(cc1OC)SC(C(=O)CCc1cc[n+](CC3CC3)cc1)C2,val,6.86156750398724
CHEMBL189764,CHEMBL220,5.07,2010.0,5.07,COc1ccc(-c2cc(-c3ccc(N(C)C)cc3)nc(NS(=O)(=O)c3ccc(NC(C)=O)cc3)n2)cc1,test,6.106130094639612
CHEMBL189774,CHEMBL220,7.52,2004.0,7.52,COCC[n+]1ccc(CCC(=O)C2Cc3cc(OC)c(OC)cc3S2)cc1,test,5.95160285110727
CHEMBL189886,CHEMBL220,4.0,2005.0,4.0,O=C(C(=O)c1ccccc1)c1ccccc1,val,5.41009565256852
CHEMBL189906,CHEMBL220,7.52,2004.0,7.52,CNC(=O)Oc1cccc2c1OCC1CCN(C)C21,test,5.525620454134874
CHEMBL189957,CHEMBL220,9.494850021680094,2005.0,9.494850021680094,CNC(=O)Oc1cccc(CN(C)CCCCCCCOc2ccc3c(=O)c4ccccc4oc3c2)c1,test,7.619973583450161
CHEMBL190672,CHEMBL220,4.0,2005.0,4.0,O=C(C(=O)c1cc(Br)cs1)c1cc(Br)cs1,test,5.41009565256852
CHEMBL1912063,CHEMBL220,4.13,2011.0,4.13,COc1cccc(C(C)N(C)CCCNC(=O)CCCCC2CCSS2)c1,test,6.23968829406879
CHEMBL1912064,CHEMBL220,4.6,2011.0,4.6,CC(c1cccc(OCCCNC(=O)CCCCC2CCSS2)c1)N(C)C,test,6.23968829406879
CHEMBL191513,CHEMBL220,4.0,2005.0,4.0,COc1ccc(C(=O)C(=O)c2ccc(OC)cc2)cc1,val,5.41009565256852
CHEMBL1915761,CHEMBL220,4.66,2011.0,4.66,C[C@H](CCC=C(CO)CO)[C@H]1CC[C@@]2(C)C3=CC[C@H]4C(C)(C)C(=O)CC[C@]4(C)C3=CC[C@]12C,test,5.41009565256852
CHEMBL1915763,CHEMBL220,4.65,2011.0,4.65,C[C@H](CC[C@H](O)[C@](C)(O)CO)[C@H]1CC[C@@]2(C)C3=CC[C@H]4C(C)(C)C(=O)CC[C@]4(C)C3=CC[C@]12C,test,5.41009565256852
CHEMBL191625,CHEMBL220,4.0,2005.0,4.0,CC(=O)CC(C)=O,test,5.41009565256852
CHEMBL191676,CHEMBL220,4.0,2005.0,4.0,CN(C)c1ccc(C(=O)C(=O)c2ccc(N(C)C)cc2)cc1,val,5.41009565256852
CHEMBL1916768,CHEMBL220,4.34,2011.0,4.34,Nc1c2c(nc3c1cc(-c1ccccc1)n3-c1ccccc1)CCCC2,test,5.82460760905761
CHEMBL191739,CHEMBL220,4.0,2005.0,4.0,O=C(C(=O)c1ccc(Br)c([N+](=O)[O-])c1)c1ccc(Br)c([N+](=O)[O-])c1,val,5.41009565256852
CHEMBL191796,CHEMBL220,4.0,2005.0,4.0,O=C(C(=O)c1cccc([N+](=O)[O-])c1)c1cccc([N+](=O)[O-])c1,val,5.41009565256852
CHEMBL191822,CHEMBL220,4.0,2005.0,4.0,COc1ccc(C(=O)C(=O)c2ccccc2Cl)cc1OC,val,5.525620454134874
CHEMBL191847,CHEMBL220,4.0,2005.0,4.0,Cc1ccc(C(=O)C(=O)c2ccccc2)cc1[N+](=O)[O-],val,5.41009565256852
CHEMBL191930,CHEMBL220,4.7,2005.0,4.7,O=C1CN(CCN2CCCC2)C(=O)CN1CCCn1ccnc1,test,5.630604874451391
CHEMBL192039,CHEMBL220,4.0,2005.0,4.0,O=C(C(=O)c1ccc(O)cc1O)c1ccc(O)cc1O,val,5.41009565256852
CHEMBL192139,CHEMBL220,4.0,2005.0,4.0,O=C(C(=O)c1ccc(Cl)cc1)c1ccc(Cl)cc1,val,5.41009565256852
CHEMBL192180,CHEMBL220,4.0,2005.0,4.0,O=C(C(=O)c1ccc(Cl)cc1)c1ccccc1,val,5.41009565256852
CHEMBL192241,CHEMBL220,4.0,2005.0,4.0,O=C(C(=O)c1ccc(CBr)cc1)c1ccccc1,val,5.41009565256852
CHEMBL192252,CHEMBL220,4.0,2005.0,4.0,Cc1ccc(C(=O)C(=O)c2ccc(Cl)cc2)cc1,val,5.41009565256852
CHEMBL1922540,CHEMBL220,4.19,2011.0,4.19,C#CCOP(C)(=O)OC(C(F)(F)F)C(F)(F)F,test,5.41009565256852
CHEMBL1922541,CHEMBL220,4.36,2011.0,4.36,C#CCOP(C)(=O)OC(C(=O)OC)C(F)(F)F,test,5.41009565256852
CHEMBL192258,CHEMBL220,4.0,2005.0,4.0,CC(=O)C(=O)c1ccccc1,val,5.41009565256852
CHEMBL192410,CHEMBL220,4.0,2005.0,4.0,O=C(C(=O)c1ccc(F)cc1)c1ccc(F)cc1,val,5.41009565256852
CHEMBL192474,CHEMBL220,4.0,2005.0,4.0,COc1ccc(C(=O)C(=O)c2ccccc2)cc1,val,5.41009565256852
CHEMBL192589,CHEMBL220,4.0,2005.0,4.0,O=C(C(=O)c1ccc([N+](=O)[O-])cc1)c1ccccc1,val,5.41009565256852
CHEMBL192592,CHEMBL220,4.0,2005.0,4.0,O=C(C(=O)c1ccc(Br)s1)c1ccc(Br)s1,test,5.41009565256852
CHEMBL192625,CHEMBL220,4.0,2005.0,4.0,Cc1ccc(C(=O)C(=O)c2ccc(C)cc2)cc1,val,5.41009565256852
CHEMBL192657,CHEMBL220,4.0,2005.0,4.0,O=C(C(=O)c1ccc(O)c([N+](=O)[O-])c1)c1ccc(O)c([N+](=O)[O-])c1,val,5.41009565256852
CHEMBL192809,CHEMBL220,4.0,2005.0,4.0,CCC(=O)C(C)=O,test,5.41009565256852
CHEMBL1929043,CHEMBL220,4.81,2016.0,4.81,COc1c(CC=C(C)C)c(O)cc2c1C[C@H](c1ccc(O)c(CC=C(C)C)c1O)CO2,val,5.41009565256852
CHEMBL193140,CHEMBL220,4.0,2005.0,4.0,Cc1ccc(C(=O)C(=O)c2ccccc2)cc1C,val,5.41009565256852
CHEMBL193180,CHEMBL220,4.0,2005.0,4.0,O=C(C(=O)c1cc(F)c(F)c(F)c1)c1cc(F)c(F)c(F)c1,val,5.41009565256852
CHEMBL193228,CHEMBL220,4.0,2005.0,4.0,O=C(C(=O)c1ccc(Br)cc1)c1ccc(Br)cc1,val,5.41009565256852
CHEMBL193229,CHEMBL220,4.0,2005.0,4.0,O=C(C(=O)c1cc(F)cc(F)c1)c1cc(F)cc(F)c1,val,5.41009565256852
CHEMBL1940614,CHEMBL220,7.54,2011.0,7.54,CCN(CCCCCCNC1=CC(=O)C(C)=C(C)C1=O)Cc1ccccc1OC,test,5.525620454134874
CHEMBL1940615,CHEMBL220,7.18,2011.0,7.18,CCN(CCCCCCNC1=CC(=O)C(OC)=CC1=O)Cc1ccccc1OC,test,5.525620454134874
CHEMBL1940617,CHEMBL220,4.19,2011.0,4.19,NCCCCCCNC1=CC(=O)c2ccccc2C1=O,val,5.41009565256852
CHEMBL1940618,CHEMBL220,4.76,2011.0,4.76,COc1ccccc1CN1CCC(N2CCC(NC3=CC(=O)c4ccccc4C3=O)CC2)CC1,test,5.525620454134874
CHEMBL195067,CHEMBL220,7.49,2005.0,7.49,O=C(CCCCC1CCSS1)NCCCCCCCNc1c2c(nc3ccccc13)CCCC2,test,7.4035369124648325
CHEMBL1952047,CHEMBL220,3.6989700043360183,2012.0,3.6989700043360183,CCC/N=C(/C=N/O)N(C)C.Cl,test,3.9387209564146213
CHEMBL1952048,CHEMBL220,4.27,2011.0,4.27,CCCC/N=C(/C=N/O)N(C)C.Cl,test,3.7626495846895174
CHEMBL1952049,CHEMBL220,4.89,2012.0,4.89,CCCCC/N=C(/C=N/O)N(C)C.Cl,test,3.9387209564146213
CHEMBL1952050,CHEMBL220,4.77,2012.0,4.77,CC(C)CC/N=C(/C=N/O)N(C)C.Cl,test,3.9387209564146213
CHEMBL1952051,CHEMBL220,3.6989700043360183,2012.0,3.6989700043360183,COCC/N=C(/C=N/O)N(C)C.Cl,test,3.8688355934636705
CHEMBL1952052,CHEMBL220,3.6989700043360183,2012.0,3.6989700043360183,COCCC/N=C(/C=N/O)N(C)C.Cl,test,3.8688355934636705
CHEMBL1952053,CHEMBL220,3.6989700043360183,2012.0,3.6989700043360183,CN(C)C(/C=N/O)=N\C1CC1.Cl,test,3.9387209564146213
CHEMBL1952055,CHEMBL220,3.6989700043360183,2012.0,3.6989700043360183,CN(C)C(/C=N/O)=N\Cc1ccccc1.Cl,val,4.0237127763238325
CHEMBL1952056,CHEMBL220,3.6989700043360183,2012.0,3.6989700043360183,CN(C)C(/C=N/O)=N\c1ccccc1.Cl,val,4.0237127763238325
CHEMBL1952057,CHEMBL220,3.6989700043360183,2012.0,3.6989700043360183,CCCCN1CCN=C1/C=N/O.Cl,test,3.777870327754415
CHEMBL1952058,CHEMBL220,4.36,2012.0,4.36,Cl.O/N=C/C1=NCCN1Cc1ccccc1,test,4.0237127763238325
CHEMBL1952059,CHEMBL220,4.62,2012.0,4.62,Cl.O/N=C/C1=NCCN1Cc1ccc(Cl)cc1Cl,test,3.777870327754415
CHEMBL1952060,CHEMBL220,4.07,2012.0,4.07,Cl.O/N=C/C1=NCCN1Cc1cc(C(F)(F)F)cc(C(F)(F)F)c1,test,3.777870327754415
CHEMBL1952061,CHEMBL220,3.804100347590766,2012.0,3.804100347590766,CCCCN1CCCN=C1/C=N/O.Cl,test,3.777870327754415
CHEMBL1952062,CHEMBL220,4.68,2012.0,4.68,CCCCCN1CCCN=C1/C=N/O.Cl,test,3.777870327754415
CHEMBL1952066,CHEMBL220,4.03,2012.0,4.03,CCCCN1CC(C)(C)CN=C1/C=N/O.Cl,test,3.777870327754415
CHEMBL1952067,CHEMBL220,4.05,2012.0,4.05,CCCCCN1CC(C)(C)CN=C1/C=N/O.Cl,test,3.777870327754415
CHEMBL195418,CHEMBL220,8.52,2005.0,8.52,Cc1c(Cl)nc2ccccc2c1C(=O)NCCCCCCCNc1c2c(nc3ccccc13)CCCC2,test,7.5802499224794815
CHEMBL195437,CHEMBL220,4.94,,4.94,CCCCCCCCc1ccc(O)cc1,val,5.41009565256852
CHEMBL195713,CHEMBL220,4.0,2005.0,4.0,O=C(C(=O)c1c(Cl)c(Cl)c(Cl)c(Cl)c1Cl)c1c(F)c(F)c(F)c(F)c1F,val,5.41009565256852
CHEMBL196116,CHEMBL220,4.0,2005.0,4.0,C=CCC1(OC)OCc2c(OC)c(OC)cc3ccnc1c23,val,5.525620454134874
CHEMBL196177,CHEMBL220,3.8632794328435938,2005.0,3.8632794328435938,COc1cc2ccnc3c2c(c1OC)COC3(CCCO)OC,val,5.525620454134874
CHEMBL196401,CHEMBL220,3.7594507517174,2005.0,3.7594507517174,C=CCC1(O)OCc2c(OC)c(OC)cc3ccnc1c23,val,5.525620454134874
CHEMBL196699,CHEMBL220,3.962573502059376,2005.0,3.962573502059376,COc1cc2ccnc3c2c(c1OC)COC3(O)CC(O)CO,val,5.525620454134874
CHEMBL1973869,CHEMBL220,5.14,2014.0,5.14,O=[N+]([O-])c1ccc2c(c1)c(OCc1ccccc1)nn2Cc1ccccc1,val,5.41009565256852
CHEMBL2011402,CHEMBL220,4.48,2012.0,4.48,COc1ccc([C@H]2Oc3cc(O)c(C/C=C(\C)CCC=C(C)C)c(O)c3C(=O)[C@@H]2O)cc1O,test,5.872221156241087
CHEMBL2011403,CHEMBL220,4.789999999999999,2012.0,4.789999999999999,COc1c(O)cc(C2Oc3cc(O)c(C/C=C(\C)CCC=C(C)C)c(O)c3C(=O)[C@@H]2O)cc1O,test,5.756696354674734
CHEMBL2011404,CHEMBL220,4.03,2012.0,4.03,COc1ccc([C@@H]2CC(=O)c3c(cc(O)c(C/C=C(\C)CCC=C(C)C)c3O)O2)cc1O,test,5.872221156241087
CHEMBL2011405,CHEMBL220,4.58,2012.0,4.58,COc1c(O)cc(C2CC(=O)c3c(cc(O)c(C/C=C(\C)CCC=C(C)C)c3O)O2)cc1O,test,5.756696354674734
CHEMBL2011406,CHEMBL220,3.499900808084277,2012.0,3.499900808084277,COc1cc(C2CC(=O)c3c(cc(O)c(C/C=C(\C)CCC=C(C)C)c3O)O2)cc(OC)c1O,test,5.872221156241087
CHEMBL2011487,CHEMBL220,9.38,2012.0,9.38,CC1=CC2Cc3nc4cc(Cl)ccc4c(NCCCN(C)CCCNc4c5c(nc6ccccc46)CCCC5)c3C(C1)C2.Cl,test,7.977255816806988
CHEMBL2011495,CHEMBL220,9.51,2012.0,9.51,CC1=CC2Cc3nc4cc(Cl)ccc4c(NCCCN(C)CCCNc4c5c(nc6cc(Cl)ccc46)CCCC5)c3C(C1)C2.Cl,test,7.977255816806988
CHEMBL2022933,CHEMBL220,6.19,2012.0,6.19,C#CCN1CCc2nc3nc(N4CCCC4)c(C#N)cc3c(N)c2C1,test,5.41009565256852
CHEMBL20339,CHEMBL220,5.22,1986.0,5.22,CCN(CC)CCS/C(=N\O)c1nc(-c2ccccc2)no1,test,5.41009565256852
CHEMBL2047525,CHEMBL220,8.92,2022.0,8.92,CNC(=O)Oc1cccc(CN(C)CCCCCCCOc2ccc(-c3cc4ccccc4oc3=O)cc2)c1,val,7.619973583450161
CHEMBL2047531,CHEMBL220,6.86,2012.0,6.86,CN(CCCOc1ccc2c(=O)c3cccnc3oc2c1)Cc1cccc(OC(=O)NCCCCCCCN2CCOCC2)c1,test,7.280692079034327
CHEMBL205967,CHEMBL220,5.62,2006.0,5.62,CCNC(=O)Oc1ccc2c(c1)[C@]1(C)CO[C@@H](C1)O2,val,6.473726484007239
CHEMBL208092,CHEMBL220,7.78,2006.0,7.78,C/C=C1\C2C=C(C)C[C@]1(N)CC(NCCCCCCCNc1c3c(nc4ccccc14)CCCC3)C2(C)C,test,7.5802499224794815
CHEMBL2088780,CHEMBL220,6.41,2012.0,6.41,N#Cc1c(N)nc(NCCC2CCN(Cc3ccccc3)CC2)c(C#N)c1-c1ccccc1,test,6.138019392515065
CHEMBL2088781,CHEMBL220,6.62,2012.0,6.62,N#Cc1c(N)nc(NCCCC2CCN(Cc3ccccc3)CC2)c(C#N)c1-c1ccccc1,test,6.138019392515065
CHEMBL2093017,CHEMBL220,5.2,2002.0,5.2,C#CCN(C)[C@@H](C)Cc1cccc(OC(=O)N(C)C2CCCCC2)c1,val,5.41009565256852
CHEMBL2093018,CHEMBL220,5.47,2002.0,5.47,C#CCN(C)[C@@H](C)Cc1cccc(OC(=O)N(C)CCCCCC)c1,val,5.41009565256852
CHEMBL209924,CHEMBL220,5.99,2006.0,5.99,COc1cc(Br)c(CN2CCN(C(c3ccc(F)cc3)c3ccc(F)cc3)CC2)cc1OC,val,5.525620454134874
CHEMBL21,CHEMBL220,3.8379137597591457,2019.0,3.8379137597591457,Nc1ccc(S(N)(=O)=O)cc1,val,6.106130094639612
CHEMBL210453,CHEMBL220,8.19,2006.0,8.19,C/C=C1\C2C=C(C)C[C@]1(C(=O)OC)CC(NCCCCCCCNc1c3c(nc4ccccc14)CCCC3)C2,test,7.5802499224794815
CHEMBL211383,CHEMBL220,5.522878745280337,2006.0,5.522878745280337,CCC[C@@H](CC1(C(=O)NC2(CO)Cc3ccccc3C2)CCCC1)C(=O)O,val,5.41009565256852
CHEMBL211471,CHEMBL220,7.38,2006.0,7.38,CN(C)C(=O)Oc1cccc([N+](C)(C)C)c1.COS(=O)(=O)[O-],val,5.846031990467188
CHEMBL211529,CHEMBL220,5.522878745280337,2006.0,5.522878745280337,CCCC(CC1(C(=O)N[C@@H]2CCCC[C@@H]2CCC)CCCC1)C(=O)O,test,5.813705897096392
CHEMBL211596,CHEMBL220,5.522878745280337,2006.0,5.522878745280337,CCCC(CC1(C(=O)Nc2ccccn2)CCCC1)C(=O)O,test,5.41009565256852
CHEMBL211652,CHEMBL220,5.522878745280337,2006.0,5.522878745280337,CCCCc1ccnc(NC(=O)C2(CC(CCC)C(=O)O)CCCC2)c1,test,5.41009565256852
CHEMBL211897,CHEMBL220,5.522878745280337,2006.0,5.522878745280337,CCCNc1ccnc(NC(=O)C2(CC(CCC)C(=O)O)CCCC2)n1,test,5.41009565256852
CHEMBL212105,CHEMBL220,5.522878745280337,2006.0,5.522878745280337,CCCC(CC1(C(=O)NC2CCCC(C(=O)N(C)C)C2)CCCC1)C(=O)O,test,5.41009565256852
CHEMBL212377,CHEMBL220,5.522878745280337,2006.0,5.522878745280337,CCCC(CC1(C(=O)Nc2nnc(CC3CC3)s2)CCCC1)C(=O)O,test,5.41009565256852
CHEMBL212526,CHEMBL220,5.522878745280337,2006.0,5.522878745280337,CCC[C@H](CC1(C(=O)NC2(CO)Cc3ccccc3C2)CCCC1)C(=O)O,val,5.41009565256852
CHEMBL213240,CHEMBL220,5.522878745280337,2006.0,5.522878745280337,CCCC(CC1(C(=O)N[C@H]2CC[C@@H](C(=O)N(C)C)CC2)CCCC1)C(=O)O,test,5.41009565256852
CHEMBL2147460,CHEMBL220,8.29,2012.0,8.29,CN(C)c1ccccc1CNCCCCCCCNc1c2c(nc3ccccc13)CCCC2,test,7.5802499224794815
CHEMBL2152545,CHEMBL220,5.42,2019.0,5.42,CCCCCCCNC(=O)Oc1ccc2c(c1)CN1CCc3ccccc3C1N2C,test,6.204719948814561
CHEMBL2159652,CHEMBL220,5.0,2012.0,5.0,O=C(NCCc1c[nH]c2ccccc12)c1ccc(OCCCCOc2cccc3[nH]c4ccccc4c23)cc1,test,5.525620454134874
CHEMBL2159658,CHEMBL220,7.28,2012.0,7.28,CC(=O)c1ccccc1NC(=O)c1ccc(OCCCC[n+]2cccc3ccccc32)cc1.[Br-],val,5.41009565256852
CHEMBL2159659,CHEMBL220,7.34,2012.0,7.34,CC(=O)c1ccccc1NC(=O)c1ccc(OCCCC[n+]2ccc3ccccc3c2)cc1.[Br-],test,5.829443183237055
CHEMBL2159662,CHEMBL220,8.19,2012.0,8.19,CC(=O)c1ccccc1NC(=O)c1ccc(OCCCCC[n+]2cccc3ccccc32)cc1.[Br-],test,5.41009565256852
CHEMBL2159663,CHEMBL220,7.09,2012.0,7.09,CC(=O)c1ccccc1NC(=O)c1ccc(OCCCCC[n+]2ccccc2)cc1.[Br-],val,5.41009565256852
CHEMBL2160220,CHEMBL220,4.17,2012.0,4.17,CN(CCCCCCCOc1ccc(-c2oc3ccccc3c2C(=O)c2c3ccccc3cc3ccccc23)cc1)Cc1ccccc1,val,5.41009565256852
CHEMBL2164776,CHEMBL220,3.1487416512809245,2012.0,3.1487416512809245,CC(C)NCC(O)c1cc(OC(=O)N(C)C)cc(OC(=O)N(C)C)c1.Cl,val,5.41009565256852
CHEMBL2164777,CHEMBL220,2.853871964321762,2012.0,2.853871964321762,CC(C)NCC(O)c1ccc(OC(=O)N(C)C)c(OC(=O)N(C)C)c1.Cl,val,5.525620454134874
CHEMBL2164778,CHEMBL220,3.408935392973501,2012.0,3.408935392973501,CC(C)NC[C@H](O)c1cc(OC(=O)N(C)C)cc(OC(=O)N(C)C)c1.Cl,val,5.41009565256852
CHEMBL2164779,CHEMBL220,2.9208187539523753,2012.0,2.9208187539523753,CC(C)NC[C@H](O)c1ccc(OC(=O)N(C)C)c(OC(=O)N(C)C)c1.Cl,val,5.525620454134874
CHEMBL2178782,CHEMBL220,5.95,2023.0,5.95,COc1ccc2c3c1O[C@H]1C[C@@H](O)C=C[C@@]31CCN(CCCCNC13CC4CC(C)(CC(C)(C4)C1)C3)C2,test,5.525620454134874
CHEMBL2181431,CHEMBL220,4.35,2012.0,4.35,COc1cc2c(cc1OC)C(c1ccccc1)N(CCCCc1ccc(O)c(/C=N/O)n1)CC2,test,3.9538274133728812
CHEMBL2181434,CHEMBL220,5.4,2012.0,5.4,COc1cc2c(cc1OC)C(c1ccccc1)N(CCOCCCc1ccc(O)c(/C=N/O)n1)CC2,test,3.9538274133728812
CHEMBL2181435,CHEMBL220,3.6989700043360183,2012.0,3.6989700043360183,COc1cc2c(cc1OC)C(c1ccccc1)N(CCCc1ccnc(/C=N/O)c1O)CC2,val,3.9538274133728812
CHEMBL2181439,CHEMBL220,4.11,2012.0,4.11,COc1cc2c(cc1OC)C(c1ccccc1)N(CCCCc1cnc(/C=N/O)c(O)c1)CC2,val,3.9538274133728812
CHEMBL2181440,CHEMBL220,3.3010299956639813,2012.0,3.3010299956639813,COc1cc2c(cc1OC)C(c1ccccc1)N(CCCCCc1cnc(/C=N/O)c(O)c1)CC2,val,3.9538274133728812
CHEMBL219063,CHEMBL220,6.62,2006.0,6.62,COc1cc(C(=O)NCCCC(=O)NNc2c3c(nc4ccccc24)CCCC3)cc(OC)c1OC,test,6.160224641938707
CHEMBL219550,CHEMBL220,7.77,2006.0,7.77,COc1cc(C(=O)NCCCCC(=O)NNc2c3c(nc4ccccc24)CCCC3)cc(OC)c1OC,test,6.160224641938707
CHEMBL219569,CHEMBL220,8.25,2006.0,8.25,COc1cc(C(=O)NCCCCCCC(=O)NNc2c3c(nc4ccccc24)CCCC3)cc(OC)c1OC,val,6.160224641938707
CHEMBL222037,CHEMBL220,5.97,2004.0,5.97,CCN(CCCCCCNc1ccc(Cc2ccc(NCCCCCCN(CC)Cc3ccccc3OC)cc2)cc1)Cc1ccccc1OC,val,5.525620454134874
CHEMBL222044,CHEMBL220,5.58,2004.0,5.58,CCN(CCCCCCNc1ccc(-c2ccc(NCCCCCCN(CC)Cc3ccccc3OC)cc2)cc1)Cc1ccccc1OC,val,5.525620454134874
CHEMBL222340,CHEMBL220,7.44,2004.0,7.44,CCN(CCCCCC(=O)Nc1ccc(-c2ccc(NC(=O)CCCCCN(CC)Cc3ccccc3OC)cc2)cc1)Cc1ccccc1OC.O=C(O)C(=O)O,test,5.872221156241087
CHEMBL222752,CHEMBL220,5.48,2007.0,5.48,O=C1C(=O)N(Cc2ccc(Cc3ccc(CN4C(=O)C(=O)c5ccccc54)cc3)cc2)c2ccccc21,test,5.41009565256852
CHEMBL222856,CHEMBL220,6.875,2004.0,6.875,COc1ccccc1CN(C)CCCCCC(=O)N(C)CCCCCCCCN(C)C(=O)CCCCCN(C)Cc1ccccc1OC.O=C(O)C(=O)O,test,5.872221156241087
CHEMBL222946,CHEMBL220,8.48,2004.0,8.48,CCN(CCCCCC(=O)N1CCC(CC2CCN(C(=O)CCCCCN(CC)Cc3ccccc3OC)CC2)CC1)Cc1ccccc1OC.O=C(O)C(=O)O,test,6.0483107640076055
CHEMBL223170,CHEMBL220,9.15,2010.0,9.15,N#Cc1ccc2[nH]cc(CCC(=O)NCCCCCCNc3c4c(nc5cc(Cl)ccc35)CCCC4)c2c1,val,7.977255816806988
CHEMBL223256,CHEMBL220,5.109999999999999,2012.0,5.109999999999999,CC(C)=CCC/C(C)=C/Cc1c(O)cc2c(c1O)C(=O)C[C@@H](c1ccc(O)c(O)c1)O2,test,5.756696354674734
CHEMBL2234537,CHEMBL220,6.22,2012.0,6.22,CC1(C)CC(=O)C2=C(C1)Nc1nc3c(c(N)c1[C@H]2c1ccncc1)CCCC3,test,5.41009565256852
CHEMBL2234542,CHEMBL220,4.77,2012.0,4.77,CCOC(=O)c1c(C)nc2nc3c(c(N)c2c1-c1ccccc1)CCCCCC3,val,5.41009565256852
CHEMBL2234543,CHEMBL220,4.77,2012.0,4.77,CCOC(=O)c1c(C)nc2nc3c(c(N)c2c1-c1ccc(OC)cc1)CCCCCC3,val,5.41009565256852
CHEMBL2234831,CHEMBL220,5.77,2012.0,5.77,CCOC(=O)C1=C(C)Oc2nc3c(c(N)c2[C@H]1c1ccco1)CCCC3,test,5.41009565256852
CHEMBL2234839,CHEMBL220,4.89,2012.0,4.89,CCOC(=O)C1=C(C)Oc2nc3c(c(N)c2[C@H]1c1cccc(OC)c1)CCCCC3,test,5.41009565256852
CHEMBL2234840,CHEMBL220,4.68,2012.0,4.68,CCOC(=O)C1=C(C)Oc2nc3c(c(N)c2[C@H]1c1ccccc1OC)CCCCC3,test,5.525620454134874
CHEMBL2234841,CHEMBL220,4.48,2012.0,4.48,CCOC(=O)C1=C(C)Oc2nc3c(c(N)c2[C@H]1c1ccc(OC)c(OC)c1)CCCCC3,test,5.525620454134874
CHEMBL2236142,CHEMBL220,6.82,2020.0,6.82,Cc1ccc2cc(C3CC(c4cc(Cl)sc4Cl)=NN3)c(Cl)nc2c1,test,5.41009565256852
CHEMBL2236393,CHEMBL220,9.49,2011.0,9.49,CNCOc1cccc(CN(C)CCCCCCCOc2ccc3c(=O)c4ccccc4oc3c2)c1,test,5.41009565256852
CHEMBL223652,CHEMBL220,2.9788107009300617,2007.0,2.9788107009300617,CN(CCCCCCCOc1ccc2c(=O)c3ccccc3oc2c1)Cc1ccc(Cl)cc1,test,5.41009565256852
CHEMBL2237991,CHEMBL220,5.15,2012.0,5.15,Nc1cc(-c2ccccc2)nc2nc(-c3ccccc3)cc(C(F)(F)F)c12,test,5.41009565256852
CHEMBL2237992,CHEMBL220,5.15,2012.0,5.15,Nc1cc(-c2cccc(F)c2)nc2nc(-c3ccccc3)cc(C(F)(F)F)c12,test,5.41009565256852
CHEMBL2237993,CHEMBL220,5.18,2012.0,5.18,Nc1cc(-c2ccc(F)cc2)nc2nc(-c3ccccc3)cc(C(F)(F)F)c12,test,5.41009565256852
CHEMBL2237994,CHEMBL220,6.28,2012.0,6.28,Nc1cc(-c2ccc(Cl)cc2)nc2nc(-c3ccccc3)cc(C(F)(F)F)c12,test,5.41009565256852
CHEMBL2237995,CHEMBL220,6.05,2012.0,6.05,Nc1cc(-c2ccccc2Br)nc2nc(-c3ccccc3)cc(C(F)(F)F)c12,test,5.41009565256852
CHEMBL2237996,CHEMBL220,5.08,2012.0,5.08,COc1ccc(-c2cc(N)c3c(C(F)(F)F)cc(-c4ccccc4)nc3n2)cc1,test,5.41009565256852
CHEMBL2238001,CHEMBL220,4.99,2012.0,4.99,Nc1c2c(nc3nc(-c4ccccc4)cc(C(F)(F)F)c13)CCCCC2,val,5.41009565256852
CHEMBL2238006,CHEMBL220,4.75,2012.0,4.75,Nc1c2c(nc3nc(-c4ccccc4)cc(C(F)(F)F)c13)-c1ccccc1C2,test,5.756696354674734
CHEMBL224202,CHEMBL220,7.75,2010.0,7.75,O=C(/C=C/c1c[nH]c2ccccc12)NCCCCCCNc1c2c(nc3cc(Cl)ccc13)CCCC2,test,7.977255816806988
CHEMBL224347,CHEMBL220,3.2034256667895704,2007.0,3.2034256667895704,CN(CCCCCCCCCCCOc1ccc2c(=O)c3ccccc3oc2c1)Cc1ccccc1,val,5.41009565256852
CHEMBL224433,CHEMBL220,5.55,2007.0,5.55,CN(CCCCCCCOc1ccc2c(=O)c3ccccc3oc2c1)Cc1ccccc1,test,5.41009565256852
CHEMBL224553,CHEMBL220,5.5,2007.0,5.5,CCN(CCCCCCCOc1ccc2c(=O)c3ccccc3oc2c1)Cc1ccccc1OC,test,5.525620454134874
CHEMBL224811,CHEMBL220,3.384049948343599,2007.0,3.384049948343599,CN(CCCCCCCOc1ccc2c(=O)c3ccccc3oc2c1)Cc1ccccc1[N+](=O)[O-],test,5.41009565256852
CHEMBL224981,CHEMBL220,5.63,2007.0,5.63,COc1cc2oc3cc(OCCCCCCCN(C)Cc4ccccc4)ccc3c(=O)c2cc1OC,test,5.525620454134874
CHEMBL224998,CHEMBL220,7.48,2010.0,7.48,O=C(NCCCCCCNc1c2c(nc3cc(Cl)ccc13)CCCC2)c1c[nH]c2ccccc12,test,7.977255816806988
CHEMBL225366,CHEMBL220,5.11,2007.0,5.11,COc1ccc2c(=O)c3ccc(OCCCCCCCN(C)Cc4ccccc4)cc3oc2c1,test,5.41009565256852
CHEMBL225396,CHEMBL220,3.4436974992327127,2007.0,3.4436974992327127,COc1ccc(CN(C)CCCCCCCOc2ccc3c(=O)c4ccccc4oc3c2)cc1,test,5.41009565256852
CHEMBL225451,CHEMBL220,4.4,2007.0,4.4,COc1cccc(CN(C)CCCCCCCOc2ccc3c(=O)c4ccccc4oc3c2)c1,test,5.41009565256852
CHEMBL225453,CHEMBL220,3.3635121036466344,2007.0,3.3635121036466344,CN(CCCCCCCOc1ccc2c(=O)c3ccccc3oc2c1)Cc1ccccc1Cl,test,5.41009565256852
CHEMBL225567,CHEMBL220,10.15,2005.0,10.15,O=C(CCc1c[nH]c2ccccc12)NCCCCCCNc1c2c(nc3cc(Cl)ccc13)CCCC2,val,7.977255816806988
CHEMBL225577,CHEMBL220,7.4,2011.0,7.4,[Br-].[Br-].c1ccc2c(c1)ccc[n+]2CCCCCCCCCC[n+]1cccc2ccccc21,val,5.41009565256852
CHEMBL225615,CHEMBL220,3.896196279044043,2007.0,3.896196279044043,COc1ccc(OC)c(CN(C)CCCCCCCOc2ccc3c(=O)c4ccccc4oc3c2)c1,test,5.525620454134874
CHEMBL225638,CHEMBL220,3.2479515521805613,2007.0,3.2479515521805613,Cc1ccccc1CN(C)CCCCCCCOc1ccc2c(=O)c3ccccc3oc2c1,test,5.41009565256852
CHEMBL226335,CHEMBL220,3.945770090136602,2010.0,3.945770090136602,C[C@@H]1O[C@@H](OC[C@H]2O[C@@H](Oc3c(-c4ccc(O)c(O)c4)oc4cc(O)cc(O)c4c3=O)[C@H](O)[C@@H](O)[C@@H]2O)[C@H](O)[C@H](O)[C@H]1O,val,5.41009565256852
CHEMBL227075,CHEMBL220,5.855,2013.0,5.855,Cc1cccc2c3c(ccc12)C1=C(C(=O)C3=O)[C@@H](C)CO1,test,5.41009565256852
CHEMBL229334,CHEMBL220,4.78,2007.0,4.78,CC1=C[C@H]2[C@H](O)C(=O)[C@H]3CCCN4CCC[C@H]2[C@]34C1,test,5.41009565256852
CHEMBL2297276,CHEMBL220,5.51,2013.0,5.51,COc1cc(O)c(C2CC(=O)c3c(O)cc(O)cc3O2)cc1C/C=C(\C)CCC=C(C)C,test,5.872221156241087
CHEMBL2297280,CHEMBL220,7.03,2013.0,7.03,COc1cc2occ(-c3ccc(OC4CCN(Cc5ccccc5)CC4)cc3)c(=O)c2cc1OC,test,5.525620454134874
CHEMBL2297979,CHEMBL220,7.33,2013.0,7.33,O=C(CN1CCN(Cc2ccccc2)CC1)Nc1ccc(C(F)(F)F)cc1Cl,test,5.41009565256852
CHEMBL2297981,CHEMBL220,6.89,2013.0,6.89,CSc1cccc(/N=C2\NC(=O)C(CC(=O)Nc3ccc(F)c(F)c3)S2)c1,test,5.41009565256852
CHEMBL2297983,CHEMBL220,6.58,2013.0,6.58,O=[N+]([O-])c1ccc(OCC(O)CN2CCCN(c3nc4ccc(Cl)cc4s3)CC2)cc1,test,5.41009565256852
CHEMBL230434,CHEMBL220,7.37,2007.0,7.37,CCN(CCCCCCNc1ccc(NCCCCCCN(CC)Cc2ccccc2OC)cc1)Cc1ccccc1OC,val,5.525620454134874
CHEMBL2312282,CHEMBL220,7.52,2013.0,7.52,Clc1ccc([C@@H]2CC(c3c4ccccc4cc4ccccc34)=NN2)cc1,test,5.41009565256852
CHEMBL2312283,CHEMBL220,7.0,2013.0,7.0,Cc1ccc([C@@H]2CC(c3c4ccccc4cc4ccccc34)=NN2)cc1,test,5.41009565256852
CHEMBL2312284,CHEMBL220,7.52,2013.0,7.52,c1ccc([C@@H]2CC(c3c4ccccc4cc4ccccc34)=NN2)cc1,test,5.41009565256852
CHEMBL2312285,CHEMBL220,7.61,2013.0,7.61,Oc1ccccc1[C@@H]1CC(c2c3ccccc3cc3ccccc23)=NN1,test,5.41009565256852
CHEMBL2312573,CHEMBL220,8.14,2013.0,8.14,Oc1ccc([C@@H]2CC(c3c4ccccc4cc4ccccc34)=NN2)c(O)c1,test,5.41009565256852
CHEMBL2312575,CHEMBL220,7.69,2013.0,7.69,O=[N+]([O-])c1cccc([C@@H]2CC(c3c4ccccc4cc4ccccc34)=NN2)c1,test,5.41009565256852
CHEMBL2312576,CHEMBL220,7.59,2013.0,7.59,COc1ccc([C@@H]2CC(c3c4ccccc4cc4ccccc34)=NN2)cc1,test,5.41009565256852
CHEMBL2312577,CHEMBL220,7.0,2013.0,7.0,O=[N+]([O-])c1ccc([C@@H]2CC(c3c4ccccc4cc4ccccc34)=NN2)cc1,test,5.41009565256852
CHEMBL2312578,CHEMBL220,7.0,2013.0,7.0,Oc1ccc([C@@H]2CC(c3c4ccccc4cc4ccccc34)=NN2)cc1,test,5.41009565256852
CHEMBL2332545,CHEMBL220,5.17,2013.0,5.17,O=C1/C(=C/c2cccc3ccccc23)CN(C(=O)C[C@H]2C[C@H]3CCCN3[C@]23C(=O)Nc2ccccc23)C/C1=C\c1cccc2ccccc12,test,5.41009565256852
CHEMBL2337271,CHEMBL220,7.52,2017.0,7.52,COc1cc2c(cc1OC)C(=O)C(CC1CCN(Cc3ccccc3)CC1)C2.Cl.O,test,5.622328367035209
CHEMBL235287,CHEMBL220,4.0,2007.0,4.0,O=C(C(=O)C1CCCCC1)C1CCCCC1,val,5.41009565256852
CHEMBL235490,CHEMBL220,4.0,2007.0,4.0,COc1ccccc1C(=O)C(=O)c1ccccc1OC,val,5.525620454134874
CHEMBL235504,CHEMBL220,4.0,2007.0,4.0,O=C1C(=O)c2cccnc2-c2ncccc21,test,5.41009565256852
CHEMBL235751,CHEMBL220,4.301029995663981,2007.0,4.301029995663981,CN(C(=O)Oc1ccc(Oc2ccc(Cl)cn2)cc1)c1ccccc1,test,5.41009565256852
CHEMBL235903,CHEMBL220,4.0,2007.0,4.0,COc1ccc(C(=O)C(=O)c2ccc(C(=O)O)cc2)cc1,val,5.41009565256852
CHEMBL236337,CHEMBL220,4.0,2007.0,4.0,CCOc1ccc(C(=O)C(=O)c2ccc(OCC)cc2)cc1,val,5.41009565256852
CHEMBL236340,CHEMBL220,4.0,2007.0,4.0,O=C(C(=O)c1ccc([N+](=O)[O-])cc1)c1ccc([N+](=O)[O-])cc1,val,5.41009565256852
CHEMBL236487,CHEMBL220,6.03,2024.0,6.03,COc1cc2ncnc(N3CCN(Cc4ccc(F)cc4)CC3)c2cc1OC,test,5.525620454134874
CHEMBL2368067,CHEMBL220,4.52,2003.0,4.52,C/C=C(\C)C(=O)N[C@H]1CC[C@@]2(C)C(=CC[C@H]3[C@@H]4CC[C@H]([C@H](C)N(C)C)[C@@]4(C)CC[C@@H]32)[C@H]1O,test,5.41009565256852
CHEMBL2375480,CHEMBL220,5.75,2013.0,5.75,Fc1cccc(Cc2nnc3sc(-c4ccoc4)nn23)c1,test,5.41009565256852
CHEMBL2377875,CHEMBL220,5.75,2013.0,5.75,Fc1ccccc1Cc1nnc2sc(-c3ccoc3)nn12,test,5.41009565256852
CHEMBL2377876,CHEMBL220,5.75,2013.0,5.75,Fc1ccc(Cc2nnc3sc(-c4ccoc4)nn23)cc1,test,5.41009565256852
CHEMBL238062,CHEMBL220,5.51,2007.0,5.51,CC(C)C1=N[C@H]2CC[C@]34C[C@]35C(=O)C[C@]3(C)[C@@H]([C@H](C)N(C)C)[C@H](O)C[C@@]3(C)[C@@H]5CC[C@H]4[C@]2(C)CN1,val,5.41009565256852
CHEMBL238063,CHEMBL220,5.36,2007.0,5.36,CC[C@H](C)C1=N[C@H]2CC[C@]34C[C@]35C(=O)C[C@]3(C)[C@@H]([C@H](C)N(C)C)[C@H](O)C[C@@]3(C)[C@@H]5CC[C@H]4[C@]2(C)CN1,val,5.41009565256852
CHEMBL238067,CHEMBL220,4.301029995663981,2007.0,4.301029995663981,CN(C(=O)Oc1ccc(Oc2ncc(C(F)(F)F)cc2Cl)cc1)c1ccccc1,test,5.41009565256852
CHEMBL238085,CHEMBL220,4.301029995663981,2007.0,4.301029995663981,CN(C(=O)Oc1ccc(Oc2ccc(C(F)(F)F)cn2)cc1)c1ccccc1,test,5.41009565256852
CHEMBL23838,CHEMBL220,8.0,2017.0,8.0,CCOP(=O)(OCC)Oc1ccc([N+](=O)[O-])cc1,val,6.360000595040794
CHEMBL238571,CHEMBL220,4.301029995663981,2007.0,4.301029995663981,COc1ccc(N(C)C(=O)Oc2ccc(Oc3ccc(C(F)(F)F)cn3)cc2)cc1,test,5.41009565256852
CHEMBL238977,CHEMBL220,4.05,2011.0,4.05,NC(=O)c1cc[n+](C/C=C/C[n+]2ccc(/C=N/O)cc2)cc1.[Br-].[Br-],val,4.193672091482517
CHEMBL239418,CHEMBL220,4.301029995663981,2007.0,4.301029995663981,CN(C(=O)Oc1ccc(Oc2ncc(Cl)cc2Cl)cc1)c1ccccc1,test,5.41009565256852
CHEMBL2396911,CHEMBL220,4.0,2013.0,4.0,c1ccc2[nH]c(NC34CC5CC(CC(C5)C3)C4)nc2c1,test,5.985015813654046
CHEMBL2396912,CHEMBL220,4.23,2013.0,4.23,c1ccc2[nH]c(N3CCCCC3)nc2c1,test,5.41009565256852
CHEMBL2396913,CHEMBL220,4.05,2013.0,4.05,CC1CCCCN1c1nc2ccccc2[nH]1,test,5.41009565256852
CHEMBL2396914,CHEMBL220,4.0,2013.0,4.0,c1ccc2c(c1)CCCN2c1nc2ccccc2[nH]1,test,5.41009565256852
CHEMBL240793,CHEMBL220,6.64,2007.0,6.64,CCCCC1=NC2(CCCC2)C(=O)N1CCN1C(=O)c2ccccc2C1=O,val,5.41009565256852
CHEMBL2409141,CHEMBL220,4.92,2013.0,4.92,CC1=C[C@H]2Cc3[nH]c(=O)ccc3[C@@]3(C1)[C@@H]2[C@H](C)CN3C,test,5.41009565256852
CHEMBL241011,CHEMBL220,6.63,2007.0,6.63,CCCCC1=NC2(CCCC2)C(=O)N1Cc1cc2c(cc1C)OCO2,val,5.41009565256852
CHEMBL241552,CHEMBL220,4.301029995663981,2007.0,4.301029995663981,Cc1ccccc1N(C)C(=O)Oc1ccc(Oc2ccc(C(F)(F)F)cn2)cc1,test,5.41009565256852
CHEMBL241553,CHEMBL220,4.301029995663981,2007.0,4.301029995663981,Cc1cccc(N(C)C(=O)Oc2ccc(Oc3ccc(C(F)(F)F)cn3)cc2)c1,test,5.41009565256852
CHEMBL241554,CHEMBL220,4.301029995663981,2007.0,4.301029995663981,Cc1ccc(N(C)C(=O)Oc2ccc(Oc3ccc(C(F)(F)F)cn3)cc2)cc1,test,5.41009565256852
CHEMBL241760,CHEMBL220,4.301029995663981,2007.0,4.301029995663981,CN(C(=O)Oc1ccc(Oc2ccc(C(F)(F)F)cn2)cc1)c1ccccc1Cl,test,5.41009565256852
CHEMBL241761,CHEMBL220,4.301029995663981,2007.0,4.301029995663981,CN(C(=O)Oc1ccc(Oc2ccc(C(F)(F)F)cn2)cc1)c1ccc(Cl)cc1,test,5.41009565256852
CHEMBL241762,CHEMBL220,4.301029995663981,2007.0,4.301029995663981,COc1ccccc1N(C)C(=O)Oc1ccc(Oc2ccc(C(F)(F)F)cn2)cc1,test,5.525620454134874
CHEMBL241827,CHEMBL220,5.51,2007.0,5.51,COc1cc2oc(-c3ccc(CN(C)Cc4ccccc4)cc3)cc(=O)c2cc1OC,test,5.525620454134874
CHEMBL241828,CHEMBL220,4.74,2007.0,4.74,COc1ccc2oc(-c3ccc(CN(C)Cc4ccccc4)cc3)cc(=O)c2c1,test,5.41009565256852
CHEMBL241830,CHEMBL220,4.09,2007.0,4.09,COc1ccc2c(=O)cc(-c3ccc(CN(C)Cc4ccccc4)cc3)oc2c1,test,5.41009565256852
CHEMBL2419682,CHEMBL220,5.36,2013.0,5.36,N#Cc1c(Cl)nc(NCCC2CCN(Cc3ccccc3)CC2)c(C#N)c1-c1ccccc1,test,6.138019392515065
CHEMBL2419683,CHEMBL220,5.41,2013.0,5.41,N#Cc1c(Cl)nc(NCCCC2CCN(Cc3ccccc3)CC2)c(C#N)c1-c1ccccc1,test,6.138019392515065
CHEMBL2419689,CHEMBL220,5.01,2013.0,5.01,N#Cc1c(NCCC2CCN(Cc3ccccc3)CC2)nc(NCCC2CCN(Cc3ccccc3)CC2)c(C#N)c1-c1ccccc1,test,6.138019392515065
CHEMBL2419690,CHEMBL220,5.14,2013.0,5.14,N#Cc1cc(C#N)c(NC2CCN(Cc3ccccc3)CC2)nc1NC1CCN(Cc2ccccc2)CC1,test,5.41009565256852
CHEMBL242067,CHEMBL220,4.0,2007.0,4.0,O=C(C(=O)c1cccc(F)c1)c1cccc(F)c1,val,5.41009565256852
CHEMBL242190,CHEMBL220,4.94,2007.0,4.94,CCN(Cc1ccccc1OC)C(=O)CCCCCNC1=CC(=O)C(NCCCCCC(=O)N(CC)Cc2ccccc2OC)=CC1=O,val,5.872221156241087
CHEMBL242287,CHEMBL220,4.0,2007.0,4.0,O=C(C(=O)c1ccc(F)cc1F)c1ccc(F)cc1F,val,5.41009565256852
CHEMBL242288,CHEMBL220,4.0,2007.0,4.0,O=C(C(=O)c1c(F)cccc1F)c1c(F)cccc1F,val,5.41009565256852
CHEMBL242296,CHEMBL220,4.0,2007.0,4.0,O=C(C(=O)c1ccc(C(F)(F)F)cc1C(F)(F)F)c1ccc(C(F)(F)F)cc1C(F)(F)F,val,5.41009565256852
CHEMBL242506,CHEMBL220,4.0,2007.0,4.0,O=C(C(=O)c1cc(C(F)(F)F)cc(C(F)(F)F)c1)c1cc(C(F)(F)F)cc(C(F)(F)F)c1,val,5.686782563971077
CHEMBL2425407,CHEMBL220,4.13,2013.0,4.13,O=C(NNC=C1C(=O)NC(=S)NC1=O)Nc1ccccc1,test,5.41009565256852
CHEMBL242721,CHEMBL220,4.0,2007.0,4.0,O=C(C(=O)c1cc(F)ccc1F)c1cc(F)ccc1F,val,5.41009565256852
CHEMBL242722,CHEMBL220,4.0,2007.0,4.0,O=C(C(=O)c1c(F)ccc(F)c1F)c1cc(F)cc(F)c1F,val,5.41009565256852
CHEMBL242930,CHEMBL220,4.0,2007.0,4.0,O=C(C(=O)c1cc(F)cc(F)c1F)c1cc(F)cc(F)c1F,val,5.41009565256852
CHEMBL242931,CHEMBL220,4.0,2007.0,4.0,O=C(C(=O)c1ccc(F)c(F)c1F)c1ccc(F)c(F)c1F,val,5.41009565256852
CHEMBL242932,CHEMBL220,4.0,2007.0,4.0,O=C(C(=O)c1ccc(C(F)(F)F)cc1)c1ccc(C(F)(F)F)cc1,val,5.41009565256852
CHEMBL243270,CHEMBL220,7.21,2007.0,7.21,CCN(CCNC1=CC(=O)C(NCCN(CC)Cc2ccccc2OC)=CC1=O)Cc1ccccc1OC,val,5.525620454134874
CHEMBL243272,CHEMBL220,7.87,2007.0,7.87,CCN(CCCCNC1=CC(=O)C(NCCCCN(CC)Cc2ccccc2OC)=CC1=O)Cc1ccccc1OC,test,5.525620454134874
CHEMBL2441671,CHEMBL220,6.32,2013.0,6.32,COc1cc2c(cc1OC)C[N+](C)(CCCCCc1cccc(OC)[n+]1C)CC2.O=S(=O)([O-])C(F)(F)F.O=S(=O)([O-])C(F)(F)F,test,5.944967984803408
CHEMBL2441673,CHEMBL220,7.135,2013.0,7.135,COc1cc2c(cc1OC)C[N+](C)(CCCCCCCc1cccc(OC)[n+]1C)CC2.O=S(=O)([O-])C(F)(F)F.O=S(=O)([O-])C(F)(F)F,val,5.944967984803408
CHEMBL2441675,CHEMBL220,7.08,2013.0,7.08,COc1cc2c(cc1OC)C(=O)C(CCCCCCc1cccc(OC)[n+]1C)C2.O=S(=O)([O-])C(F)(F)F,test,6.378891613716702
CHEMBL2441679,CHEMBL220,4.66,2013.0,4.66,COc1ccc(C(F)(F)F)c[n+]1CCCCC[n+]1cc(C(F)(F)F)ccc1OC.O=S(=O)([O-])C(F)(F)F.O=S(=O)([O-])C(F)(F)F,test,5.829443183237055
CHEMBL2441680,CHEMBL220,5.44,2013.0,5.44,COc1ccc(C(F)(F)F)c[n+]1CCCOc1ccc2c(C)cc(=O)oc2c1.O=S(=O)([O-])C(F)(F)F,test,5.829443183237055
CHEMBL2441683,CHEMBL220,5.744999999999999,2013.0,5.744999999999999,COc1c(F)c[n+](CCCOc2ccc3c(C)cc(=O)oc3c2)cc1F.O=S(=O)([O-])C(F)(F)F,test,5.829443183237055
CHEMBL244633,CHEMBL220,4.0,2007.0,4.0,O=C(C(=O)c1ccccc1F)c1ccccc1F,val,5.41009565256852
CHEMBL2448609,CHEMBL220,7.21,1992.0,7.21,CCCCCCNC(=O)Oc1ccc2c(c1)[C@]1(C)CCN(CCC)C1C2.Cc1ccc(C(=O)OC(C(=O)O)C(OC(=O)c2ccc(C)cc2)C(=O)O)cc1.O,test,6.574677739331882
CHEMBL252379,CHEMBL220,5.89,2012.0,5.89,CCOC(=O)c1c(C)nc2nc3c(c(N)c2c1-c1ccc(OC)c(OC)c1)CCCC3,test,5.525620454134874
CHEMBL252380,CHEMBL220,6.15,2012.0,6.15,CCOC(=O)c1c(C)nc2nc3c(c(N)c2c1-c1ccc(F)cc1)CCCC3,test,5.41009565256852
CHEMBL252579,CHEMBL220,5.89,2012.0,5.89,CCOC(=O)c1c(C)nc2nc3c(c(N)c2c1-c1ccc(Cl)cc1)CCCC3,test,5.41009565256852
CHEMBL25264,CHEMBL220,4.82,2010.0,4.82,c1ccc(-c2ccc(NCCCCN3CCc4ccccc4C3)nn2)cc1,test,5.41009565256852
CHEMBL252781,CHEMBL220,5.92,2012.0,5.92,Cc1nc2nc3c(c(N)c2c(-c2ccccc2)c1C(=O)OC(C)C)CCCC3,test,5.41009565256852
CHEMBL253152,CHEMBL220,3.8935680844854166,2012.0,3.8935680844854166,COc1cc([C@@H]2CC(=O)c3c(cc(O)c(C/C=C(\C)CCC=C(C)C)c3O)O2)ccc1O,test,5.872221156241087
CHEMBL253386,CHEMBL220,6.09,2012.0,6.09,CCOC(=O)c1c(C)nc2nc3c(c(N)c2c1-c1ccccc1)CCCC3,test,5.41009565256852
CHEMBL253603,CHEMBL220,5.05,2012.0,5.05,CCOC(=O)c1c(C)nc2nc3c(c(N)c2c1-c1ccc(OC)cc1)CCCC3,test,5.41009565256852
CHEMBL253782,CHEMBL220,5.09,2012.0,5.09,CCOC(=O)c1c(C)nc2nc3c(c(N)c2c1-c1ccncc1)CCC3,val,5.41009565256852
CHEMBL253998,CHEMBL220,8.19,2020.0,8.19,CC(C)=CCc1c(O)cc(O)c2c1O[C@H](c1ccccc1)CC2=O,test,5.41009565256852
CHEMBL25412,CHEMBL220,6.92,2010.0,6.92,c1ccc(CN2CCC(CCNc3ccc(-c4ccccc4)nn3)CC2)cc1,val,6.138019392515065
CHEMBL257540,CHEMBL220,6.02,2008.0,6.02,COc1ccccc1CNCCCNCCCNCCC[n+]1c(-c2ccccc2)c2cc(N)ccc2c2ccc(N)cc21,test,5.525620454134874
CHEMBL263198,CHEMBL220,6.44,1991.0,6.44,Nc1c2c(nc3c1CCCC3)CCCC2,val,5.41009565256852
CHEMBL264242,CHEMBL220,7.21,2013.0,7.21,COc1cc2c(cc1OC)C(=O)C(Oc1cccc(CN3CCN(C)CC3)c1)C2,test,5.525620454134874
CHEMBL267649,CHEMBL220,5.05,1992.0,5.05,CN(C)Cc1ccc(CSCc2ccccc2CSCc2ccc(CN(C)C)o2)o1,test,5.41009565256852
CHEMBL268481,CHEMBL220,4.4,2001.0,4.4,CN1CC[C@H]2COc3c(O)cccc3[C@H]21,test,5.41009565256852
CHEMBL268499,CHEMBL220,6.13,1992.0,6.13,CN(C)Cc1ccc(CSCCCCCCSCc2ccc(CN(C)C)o2)o1,test,5.41009565256852
CHEMBL273051,CHEMBL220,7.45,2008.0,7.45,O=C(CO/N=[N+](\[O-])N1CCCC1)NCCCNc1c2c(nc3ccccc13)CCCC2,test,7.330644140610775
CHEMBL273904,CHEMBL220,5.355,1992.0,5.355,COc1ccc(C)cc1OC,val,5.525620454134874
CHEMBL274107,CHEMBL220,7.53,2001.0,7.53,CNC(=O)Oc1cccc2c1OC[C@@H]1CCN(C)[C@H]21,test,5.525620454134874
CHEMBL276444,CHEMBL220,6.84,2007.0,6.84,CCN(CCCCCCNC1=CC(=O)C(NCCCCCCN(CC)Cc2ccco2)=CC1=O)Cc1ccco1,val,5.41009565256852
CHEMBL278020,CHEMBL220,5.135,2014.0,5.135,CN(C)C(=O)Oc1cccc([N+](C)(C)C)c1,val,5.5081768205792825
CHEMBL278819,CHEMBL220,4.07,2010.0,4.07,Cc1cc(-c2ccccc2)nnc1NCCN1CCOCC1,test,5.41009565256852
CHEMBL278963,CHEMBL220,7.52,2005.0,7.52,O=C(CCCCC1CCSS1)NCCCCCCNc1c2c(nc3ccccc13)CCCC2,val,7.4035369124648325
CHEMBL281202,CHEMBL220,3.547293773488971,2020.0,3.547293773488971,Cc1ccc(C(C)C)cc1O,val,5.41009565256852
CHEMBL284369,CHEMBL220,6.68,1992.0,6.68,CCCCCCNC(=O)Oc1ccc2c(c1)[C@@H]1CCN(CC)C1C2,val,6.204719948814561
CHEMBL284519,CHEMBL220,7.42,1992.0,7.42,CCN1CC[C@@]2(C)c3cc(OC(=O)NC)ccc3CC12,val,6.473726484007239
CHEMBL284938,CHEMBL220,7.11,1992.0,7.11,CCCCCCNC(=O)Oc1ccc2c(c1)[C@]1(C)CCN(C)C1C2,val,6.574677739331882
CHEMBL286727,CHEMBL220,7.004999999999999,1992.0,7.004999999999999,Cc1cccc(C)c1,val,5.41009565256852
CHEMBL287691,CHEMBL220,6.6,1992.0,6.6,CCN1CC[C@H]2c3cc(OC(=O)NC)ccc3CC21,val,6.103768693489917
CHEMBL291783,CHEMBL220,5.0,2002.0,5.0,C[N+](C)(Cc1ccccc1)c1ccccc1O.[Br-],val,5.41009565256852
CHEMBL293316,CHEMBL220,5.0,2002.0,5.0,C=CC[N+](C)(C)c1cccc(OC)c1.[Br-],val,5.5081768205792825
CHEMBL293720,CHEMBL220,4.89,1999.0,4.89,CC(C)c1ccc(NC(=O)Oc2ccc3c(c2)[C@]2(C)CCN(C)C2N3Cc2ccccc2)cc1,test,6.253866816868773
CHEMBL293751,CHEMBL220,5.0,2002.0,5.0,COc1cccc([N+](C)(C)Cc2ccccc2)c1.[Br-],val,5.5081768205792825
CHEMBL294152,CHEMBL220,5.0,2002.0,5.0,C=C(C)C[N+](C)(C)c1ccccc1OC.[Br-],val,5.525620454134874
CHEMBL294199,CHEMBL220,3.6989700043360183,2021.0,3.6989700043360183,COc1cc(CNC(=O)CCCC/C=C/C(C)C)ccc1O,val,5.872221156241087
CHEMBL294251,CHEMBL220,5.0,2002.0,5.0,COc1ccc(C(=O)CCc2cccc([N+](C)(C)C)c2)cc1OC.[Br-],test,5.872221156241087
CHEMBL294292,CHEMBL220,5.0,2002.0,5.0,C=C(C)C[N+](C)(C)c1ccc(O)cc1.[Br-],val,5.41009565256852
CHEMBL294498,CHEMBL220,5.0,2002.0,5.0,C=CC[N+](C)(C)Cc1cccc(O)c1.[Br-],val,5.41009565256852
CHEMBL294674,CHEMBL220,5.0,2002.0,5.0,C=C(C)C[N+](C)(C)c1ccccc1O.[Br-],val,5.41009565256852
CHEMBL294897,CHEMBL220,5.0,2002.0,5.0,C[N+](C)(Cc1ccccc1)c1ccc(O)cc1.[Br-],val,5.41009565256852
CHEMBL296277,CHEMBL220,3.0,1986.0,3.0,CC[N+](C)(CC)CCS/C(=N\O)C(=O)c1ccc(C#N)cc1.[Cl-],val,5.41009565256852
CHEMBL296429,CHEMBL220,3.0,1986.0,3.0,Cc1ccc(C(=O)/C(=N/O)SCC[N+](C)(C)C)cc1.[Cl-],val,5.686782563971077
CHEMBL296560,CHEMBL220,3.0,1986.0,3.0,C[N+](C)(C)CCS/C(=N\O)C(=O)c1ccc(Br)cc1.[I-],val,5.686782563971077
CHEMBL296669,CHEMBL220,3.0,1986.0,3.0,CN(C)CCCS/C(=N\O)C(=O)c1ccc(Br)cc1.O=C(O)C(=O)O,val,5.41009565256852
CHEMBL296786,CHEMBL220,3.0,1986.0,3.0,CC[N+](C)(CC)CCS/C(=N\O)C(=O)c1ccc(Cl)cc1.[Cl-],val,5.41009565256852
CHEMBL297316,CHEMBL220,3.0,1986.0,3.0,C[N+](C)(C)CCS/C(=N\O)C(=O)c1ccc(F)cc1.[Cl-],val,5.686782563971077
CHEMBL298312,CHEMBL220,6.324999999999999,1992.0,6.324999999999999,Cc1cccc(O)c1,val,5.41009565256852
CHEMBL299898,CHEMBL220,5.0,2002.0,5.0,CC(=O)Oc1ccccc1[N+](C)(C)Cc1ccccc1.[Br-],val,5.525620454134874
CHEMBL300176,CHEMBL220,5.0,2002.0,5.0,COc1cccc(C[N+](C)(C)C)c1.[Br-],val,5.686782563971077
CHEMBL301610,CHEMBL220,4.0,2002.0,4.0,CC(=O)N1C(=O)[C@@H](C)[C@@H]2[C@@H]1CCN2C(=O)[C@@H]1CCCN1S(=O)(=O)c1cccc2c(N(C)C)cccc12,test,5.989906763877011
CHEMBL303574,CHEMBL220,5.12,1995.0,5.12,CN1CC[C@@]2(C)c3cc(OC(=O)NCCCCCN4CCOCC4)ccc3N(C)[C@@H]12,test,6.574677739331882
CHEMBL303846,CHEMBL220,3.823908740944318,2001.0,3.823908740944318,CC1(C)C=Cc2cc3ccc(=O)oc3cc2O1,test,5.41009565256852
CHEMBL304820,CHEMBL220,3.4436974992327127,1986.0,3.4436974992327127,O/N=C/c1nc(-c2cccs2)no1,val,3.668095188924301
CHEMBL305386,CHEMBL220,5.0,2002.0,5.0,C=C(C)C[N+](C)(C)c1cccc(OC)c1.[Br-],val,5.5081768205792825
CHEMBL305660,CHEMBL220,5.13,,5.13,CC(C)(C)c1ccc(C(=O)CCCN2CCC(OC(c3ccccc3)c3ccccc3)CC2)cc1,test,5.836078049540918
CHEMBL306175,CHEMBL220,7.12,2010.0,7.12,O=C(CCC1CCN(Cc2ccccc2Cl)CC1)c1ccc2c(c1)CCN2,test,6.564001789487463
CHEMBL306179,CHEMBL220,7.3,2010.0,7.3,Cc1cccc(CN2CCC(CCC(=O)c3ccc4c(c3)CCN4)CC2)c1,test,6.564001789487463
CHEMBL306776,CHEMBL220,6.09,2010.0,6.09,COc1ccccc1CN1CCC(CCC(=O)c2ccc3c(c2)CCN3)CC1,test,6.564001789487463
CHEMBL307908,CHEMBL220,8.57,2010.0,8.57,c1ccc2c(NCCCCCCCNc3c4c(nc5ccccc35)CCCCC4)c3c(nc2c1)CCCCC3,test,7.5802499224794815
CHEMBL3085398,CHEMBL220,4.54,2020.0,4.54,C=CC(C)(C)c1cc([C@@H]2CC(=O)c3c(O)cc(O)c(CC=C(C)C)c3O2)c(O)cc1O,test,5.41009565256852
CHEMBL3086277,CHEMBL220,6.64,2013.0,6.64,COc1cc2[se]n(CCCC3CCN(Cc4ccccc4)CC3)c(=O)c2cc1OC,test,6.138019392515065
CHEMBL3086279,CHEMBL220,6.79,2013.0,6.79,COc1cc2c(cc1OC)[Se](=O)N(CCC1CCN(Cc3ccccc3)CC1)C2=O,test,6.138019392515065
CHEMBL3087675,CHEMBL220,5.02,2013.0,5.02,CC1=C(CC(=O)NCCCNCCCNC2=CC(=O)C(NCCCNCCCNC(=O)CC3=C(C)/C(=C\c4ccc([S+](C)[O-])cc4)c4ccc(F)cc43)=CC2=O)c2cc(F)ccc2/C1=C/c1ccc([S+](C)[O-])cc1,test,5.41009565256852
CHEMBL3087682,CHEMBL220,4.698970004336019,2013.0,4.698970004336019,CC(C(=O)NCCCNC1=CC(=O)C(NCCCNC(=O)C(C)c2ccc(-c3ccccc3)c(F)c2)=CC1=O)c1ccc(-c2ccccc2)c(F)c1,test,5.41009565256852
CHEMBL3087683,CHEMBL220,3.9706162223147903,2013.0,3.9706162223147903,CC(C(=O)NCCCNCCCNC1=CC(=O)c2ccccc2C1=O)c1ccc(-c2ccccc2)c(F)c1,test,5.41009565256852
CHEMBL308793,CHEMBL220,7.96,2010.0,7.96,CCN1CCc2cc(C(=O)CCC3CCN(Cc4ccccc4)CC3)ccc21,test,6.564001789487463
CHEMBL308807,CHEMBL220,7.8,2010.0,7.8,O=C(CCC1CCN(Cc2cccc(F)c2)CC1)c1ccc2c(c1)CCN2,test,6.564001789487463
CHEMBL3093175,CHEMBL220,6.92,2013.0,6.92,COc1ccc(/C=C2\COc3cc(OCCCCCCCCNc4c5c(nc6ccccc46)CCCC5)ccc3C2=O)cc1,test,7.5802499224794815
CHEMBL3093794,CHEMBL220,6.1,2013.0,6.1,[Br-].[Br-].c1cc[n+](CCCCCCC[n+]2ccc3ccccc3c2)cc1,test,5.829443183237055
CHEMBL3093798,CHEMBL220,7.52,2013.0,7.52,[Br-].[Br-].c1cc[n+](CCCCCCCCCCC[n+]2ccc3ccccc3c2)cc1,val,5.829443183237055
CHEMBL3093801,CHEMBL220,6.92,2013.0,6.92,[Br-].[Br-].c1cc[n+](CCCCCCCCC[n+]2cccc3ccccc32)cc1,test,5.41009565256852
CHEMBL3093802,CHEMBL220,6.4,2013.0,6.4,[Br-].[Br-].c1cc[n+](CCCCCCCCCC[n+]2cccc3ccccc32)cc1,test,5.41009565256852
CHEMBL3099499,CHEMBL220,8.3,2013.0,8.3,CN(CCCCNc1c2c(nc3ccccc13)CCCC2)CCCNc1c2c(nc3c(NC(=O)CNC(=O)CC[C@H](NC(=O)CNC(=O)OCc4ccccc4)C(=O)N[C@@H](Cc4ccccc4)C(=O)OCc4ccccc4)cccc13)CCCC2,test,7.5802499224794815
CHEMBL310918,CHEMBL220,7.19,2010.0,7.19,O=C(CCC1CCN(Cc2cccc([N+](=O)[O-])c2)CC1)c1ccc2c(c1)CCN2,test,6.564001789487463
CHEMBL311017,CHEMBL220,8.0,2010.0,8.0,CN1CCc2cc(C(=O)CCC3CCN(Cc4ccccc4)CC3)ccc21,test,6.564001789487463
CHEMBL3115020,CHEMBL220,5.37,2014.0,5.37,COc1cc2[se]n(-c3ccc(CN4CCCC4)cc3)c(=O)c2cc1OC,test,5.525620454134874
CHEMBL3115025,CHEMBL220,6.35,2014.0,6.35,COc1cc2[se]n(-c3ccc(OCCN4CCCCC4)cc3)c(=O)c2cc1OC,val,5.525620454134874
CHEMBL3115029,CHEMBL220,4.96,2014.0,4.96,O=c1c2ccccc2[se]n1-c1ccc(OCCN2CCCCC2)cc1,val,5.41009565256852
CHEMBL3115030,CHEMBL220,5.33,2014.0,5.33,COc1ccccc1/C=C1\CN(C(=O)[C@@H]2CCN(C)[C@]23C(=O)Nc2ccccc23)C[C@]2(C1=O)[C@H](c1ccccc1OC)CN(C)[C@]21C(=O)Nc2ccccc21,test,5.525620454134874
CHEMBL3115031,CHEMBL220,5.29,2014.0,5.29,CN1CC[C@@H](C(=O)N2C/C(=C\c3ccccc3Cl)C(=O)[C@@]3(C2)[C@H](c2ccccc2Cl)CN(C)[C@]32C(=O)Nc3ccccc32)[C@@]12C(=O)Nc1ccccc12,test,5.41009565256852
CHEMBL3115032,CHEMBL220,5.21,2014.0,5.21,CN1CC[C@@H](C(=O)N2C/C(=C\c3ccccc3F)C(=O)[C@@]3(C2)[C@H](c2ccccc2F)CN(C)[C@]32C(=O)Nc3ccccc32)[C@@]12C(=O)Nc1ccccc12,test,5.41009565256852
CHEMBL3115033,CHEMBL220,5.61,2014.0,5.61,CN1CC[C@@H](C(=O)N2C/C(=C\c3cccc([N+](=O)[O-])c3)C(=O)[C@@]3(C2)[C@H](c2cccc([N+](=O)[O-])c2)CN(C)[C@]32C(=O)Nc3ccccc32)[C@@]12C(=O)Nc1ccccc12,test,5.41009565256852
CHEMBL3115034,CHEMBL220,5.36,2014.0,5.36,CN1CC[C@@H](C(=O)N2C/C(=C\c3ccc(Cl)cc3Cl)C(=O)[C@@]3(C2)[C@H](c2ccc(Cl)cc2Cl)CN(C)[C@]32C(=O)Nc3ccccc32)[C@@]12C(=O)Nc1ccccc12,test,5.41009565256852
CHEMBL3115035,CHEMBL220,5.12,2014.0,5.12,Cc1ccc(/C=C2\CN(C(=O)[C@@H]3CCN(C)[C@]34C(=O)Nc3ccccc34)C[C@]3(C2=O)[C@H](c2ccc(C)cc2)CN(C)[C@]32C(=O)Nc3ccccc32)cc1,test,5.41009565256852
CHEMBL3115036,CHEMBL220,5.21,2014.0,5.21,CN1CC[C@@H](C(=O)N2C/C(=C\c3ccc(Cl)cc3)C(=O)[C@@]3(C2)[C@H](c2ccc(Cl)cc2)CN(C)[C@]32C(=O)Nc3ccccc32)[C@@]12C(=O)Nc1ccccc12,test,5.41009565256852
CHEMBL3115037,CHEMBL220,5.665,2014.0,5.665,CN1CC[C@@H](C(=O)N2C/C(=C\c3ccc(F)cc3)C(=O)[C@@]3(C2)[C@H](c2ccc(F)cc2)CN(C)[C@]32C(=O)Nc3ccccc32)[C@@]12C(=O)Nc1ccccc12,test,5.41009565256852
CHEMBL3115039,CHEMBL220,5.06,2014.0,5.06,C=CC(=O)N1C/C(=C\c2ccccc2)C(=O)[C@@]2(C1)[C@H](c1ccccc1)CN(C)[C@]21C(=O)Nc2ccccc21,test,5.41009565256852
CHEMBL3115040,CHEMBL220,5.4,2014.0,5.4,C=CC(=O)N1C/C(=C\c2ccccc2C)C(=O)[C@@]2(C1)[C@H](c1ccccc1C)CN(C)[C@]21C(=O)Nc2ccccc21,test,5.41009565256852
CHEMBL3115041,CHEMBL220,5.39,2014.0,5.39,C=CC(=O)N1C/C(=C\c2ccccc2OC)C(=O)[C@@]2(C1)[C@H](c1ccccc1OC)CN(C)[C@]21C(=O)Nc2ccccc21,test,5.525620454134874
CHEMBL3115042,CHEMBL220,5.29,2014.0,5.29,C=CC(=O)N1C/C(=C\c2ccccc2Cl)C(=O)[C@@]2(C1)[C@H](c1ccccc1Cl)CN(C)[C@]21C(=O)Nc2ccccc21,test,5.41009565256852
CHEMBL3115043,CHEMBL220,5.16,2014.0,5.16,C=CC(=O)N1C/C(=C\c2ccccc2F)C(=O)[C@@]2(C1)[C@H](c1ccccc1F)CN(C)[C@]21C(=O)Nc2ccccc21,test,5.41009565256852
CHEMBL3115044,CHEMBL220,5.27,2014.0,5.27,C=CC(=O)N1C/C(=C\c2cccc([N+](=O)[O-])c2)C(=O)[C@@]2(C1)[C@H](c1cccc([N+](=O)[O-])c1)CN(C)[C@]21C(=O)Nc2ccccc21,test,5.41009565256852
CHEMBL3115045,CHEMBL220,5.21,2014.0,5.21,C=CC(=O)N1C/C(=C\c2ccc(Cl)cc2Cl)C(=O)[C@@]2(C1)[C@H](c1ccc(Cl)cc1Cl)CN(C)[C@]21C(=O)Nc2ccccc21,test,5.41009565256852
CHEMBL3115046,CHEMBL220,5.13,2014.0,5.13,C=CC(=O)N1C/C(=C\c2ccc(C)cc2)C(=O)[C@@]2(C1)[C@H](c1ccc(C)cc1)CN(C)[C@]21C(=O)Nc2ccccc21,test,5.41009565256852
CHEMBL3115047,CHEMBL220,5.08,2014.0,5.08,C=CC(=O)N1C/C(=C\c2ccc(Cl)cc2)C(=O)[C@@]2(C1)[C@H](c1ccc(Cl)cc1)CN(C)[C@]21C(=O)Nc2ccccc21,test,5.41009565256852
CHEMBL3115048,CHEMBL220,5.11,2014.0,5.11,C=CC(=O)N1C/C(=C\c2ccc(F)cc2)C(=O)[C@@]2(C1)[C@H](c1ccc(F)cc1)CN(C)[C@]21C(=O)Nc2ccccc21,test,5.41009565256852
CHEMBL3115196,CHEMBL220,5.12,2014.0,5.12,C=CC(=O)N1C/C(=C\c2cccc3ccccc23)C(=O)[C@@]2(C1)[C@H](c1cccc3ccccc13)CN(C)[C@]21C(=O)Nc2ccccc21,test,5.41009565256852
CHEMBL3115197,CHEMBL220,5.58,2014.0,5.58,CN1CC[C@@H](C(=O)N2C/C(=C\c3ccccc3)C(=O)[C@@]3(C2)[C@H](c2ccccc2)CN(C)[C@]32C(=O)Nc3ccccc32)[C@@]12C(=O)Nc1ccccc12,test,5.41009565256852
CHEMBL3115198,CHEMBL220,5.03,2014.0,5.03,Cc1ccccc1/C=C1\CN(C(=O)[C@@H]2CCN(C)[C@]23C(=O)Nc2ccccc23)C[C@]2(C1=O)[C@H](c1ccccc1C)CN(C)[C@]21C(=O)Nc2ccccc21,test,5.41009565256852
CHEMBL3116279,CHEMBL220,5.54,2014.0,5.54,c1ccc(COc2nn(Cc3ccccc3)c3ccccc23)cc1,val,5.41009565256852
CHEMBL3116281,CHEMBL220,5.0,2014.0,5.0,COc1ccc(COc2nn(Cc3ccc(OC)cc3)c3ccccc23)cc1,val,5.41009565256852
CHEMBL3116283,CHEMBL220,5.0,2014.0,5.0,c1ccc2c(COc3nn(CCN4CCCC4)c4ccccc34)cccc2c1,test,5.41009565256852
CHEMBL3116287,CHEMBL220,5.38,2014.0,5.38,CCCCCOc1nn(CCCCC)c2ccc([N+](=O)[O-])cc12,test,5.41009565256852
CHEMBL3116288,CHEMBL220,5.0,2014.0,5.0,O=[N+]([O-])c1ccc2c(c1)c(OCC1CCCCC1)nn2Cc1ccccc1,test,5.41009565256852
CHEMBL3116291,CHEMBL220,4.6020599913279625,2014.0,4.6020599913279625,O=[N+]([O-])c1ccc2c(c1)c(OCc1cccc3ccccc13)nn2CCN1CCCC1,test,5.41009565256852
CHEMBL3116298,CHEMBL220,5.07,2014.0,5.07,Nc1ccc2c(c1)c(OCc1ccccc1)nn2Cc1ccccc1,val,5.41009565256852
CHEMBL3116299,CHEMBL220,4.6020599913279625,2014.0,4.6020599913279625,Nc1ccc2c(c1)c(OCc1cccc3ccccc13)nn2CCN1CCCC1,test,5.41009565256852
CHEMBL31184,CHEMBL220,4.55,,4.55,c1ccc2c(c1)cc1ccc3cccc4ccc2c1c34,test,5.41009565256852
CHEMBL3120185,CHEMBL220,4.6020599913279625,2014.0,4.6020599913279625,CCOC(=O)c1ccc2nc(-c3ccc(C(=O)OC)cc3)c3c(c2c1)N(Cc1ccccc1)C(=O)CC3,test,5.41009565256852
CHEMBL3122170,CHEMBL220,5.38,2014.0,5.38,CCOC(=O)c1ccc2nc(-c3ccc(Cl)cc3)c3c(c2c1)N(Cc1ccccc1)C(=O)CC3,test,5.41009565256852
CHEMBL3127002,CHEMBL220,5.68,2020.0,5.68,CCN(CCCCOc1ccc(-c2coc3cc(OCCCCN(CC)Cc4ccccc4)cc(O)c3c2=O)cc1)Cc1ccccc1,test,5.41009565256852
CHEMBL3127003,CHEMBL220,6.46,2014.0,6.46,CCN(CCCCOc1ccc(-c2coc3cc(OCCCCN(CC)Cc4ccccc4OC)cc(O)c3c2=O)cc1)Cc1ccccc1OC,test,5.525620454134874
CHEMBL313271,CHEMBL220,7.5,2002.0,7.5,COc1cc2cc(C(=O)CCC3CC[N+](C)(Cc4ccc([N+](=O)[O-])o4)CC3)sc2cc1OC.[Br-],test,6.467293876587128
CHEMBL3137700,CHEMBL220,6.785,2015.0,6.785,C[Si](C)(C)c1cccc(C(=O)C(F)(F)F)c1,val,5.41009565256852
CHEMBL315385,CHEMBL220,6.301029995663981,2002.0,6.301029995663981,C[N+]1(Cc2ccccc2)CCC(CCC(=O)c2ccc3c(c2)NCCCC3)CC1,test,6.403538208847509
CHEMBL315515,CHEMBL220,7.55,2002.0,7.55,COc1cc2cc(C(=O)CCC3CC[N+](C)(CC4CCCCO4)CC3)sc2cc1OC.[Br-],test,6.467293876587128
CHEMBL31561,CHEMBL220,6.355,1992.0,6.355,Cc1ccc(C)cc1,val,5.41009565256852
CHEMBL318749,CHEMBL220,3.0,1997.0,3.0,C[N+](C)(C)CCOC(=O)Sc1ccccc1.[Cl-],val,5.686782563971077
CHEMBL319541,CHEMBL220,6.61,1997.0,6.61,CN1CC[C@@]2(C)c3cc(OC(=O)Nc4ccccc4)ccc3N(Cc3ccccc3)C12,test,6.473726484007239
CHEMBL3215535,CHEMBL220,6.85,1999.0,6.85,Cl.Cl.c1ccc(CN2CCC(CCNc3ccc(-c4ccccc4)nn3)CC2)cc1,val,6.138019392515065
CHEMBL3215816,CHEMBL220,9.3,2010.0,9.3,Cc1ccc2ccc(CNCCCCCCCCNc3c4c(nc5ccccc35)CCCC4)c(O)c2n1.Cl.Cl,test,7.5802499224794815
CHEMBL3216116,CHEMBL220,8.45,2012.0,8.45,CC1=CC2Cc3nc4cc(Cl)ccc4c(NCCCCCCCCCNc4c5c(nc6ccccc46)CCCC5)c3C(C1)C2.Cl.Cl.Cl,test,7.977255816806988
CHEMBL3216209,CHEMBL220,8.67,2008.0,8.67,COc1cc2c(cc1OC)CC(CC1CCN(CCCNc3c4c(nc5ccccc35)CCCC4)CC1)C2.Cl.Cl,val,7.5802499224794815
CHEMBL3216221,CHEMBL220,7.84,2009.0,7.84,Cl.Cl.Cl.O=C(CCc1ccc2nc(-c3ccccc3)c3c(c2c1)OCCC3)NCCCCCCCNc1c2c(nc3cc(Cl)ccc13)CCCC2,val,7.977255816806988
CHEMBL3216422,CHEMBL220,9.17,2008.0,9.17,COc1cc2c(cc1OC)C(=O)C(CC1CCN(CCNc3c4c(nc5cc(Cl)ccc35)CCCC4)CC1)C2.Cl.Cl.Cl,test,7.977255816806988
CHEMBL3216778,CHEMBL220,8.49,2012.0,8.49,CC1=CC2Cc3nc4cc(Cl)ccc4c(NCCCCCCCCCNc4c5c(nc6cc(Cl)ccc46)CCCC5)c3C(C1)C2.Cl.Cl.Cl.Cl,test,7.977255816806988
CHEMBL3217103,CHEMBL220,8.97,2008.0,8.97,COc1cc2c(cc1OC)CC(CC1CCN(CCCNc3c4c(nc5cc(Cl)ccc35)CCCC4)CC1)C2.Cl.Cl.Cl,val,7.977255816806988
CHEMBL3220507,CHEMBL220,4.38,2012.0,4.38,Cc1ccc(C(=O)Nc2cc3cc(C)ccc3oc2=O)cc1,val,5.41009565256852
CHEMBL3220508,CHEMBL220,4.16,2012.0,4.16,COc1ccc(C(=O)Nc2cc3ccccc3oc2=O)cc1,val,5.41009565256852
CHEMBL3220509,CHEMBL220,4.73,2012.0,4.73,O=C(Nc1cc2ccccc2oc1=O)c1ccc(Cl)cc1,val,5.41009565256852
CHEMBL3220510,CHEMBL220,4.89,2012.0,4.89,O=C(Nc1cc2ccccc2oc1=O)c1ccc([N+](=O)[O-])cc1,val,5.41009565256852
CHEMBL3220513,CHEMBL220,4.82,2012.0,4.82,O=C(Nc1cc2ccccc2oc1=O)c1ccc(Cl)c(Cl)c1,val,5.41009565256852
CHEMBL3220801,CHEMBL220,3.823908740944318,2012.0,3.823908740944318,C[C@@]12CC[C@@H]3[C@@](CC[C@H]4[C@@]3(C)CCC[C@@]4(C)C(=O)OCC[N+](C)(C)C)(CC1=O)C2.[I-],test,5.686782563971077
CHEMBL3220804,CHEMBL220,5.66,2012.0,5.66,C[C@@]12CC[C@@H]3[C@@](CC[C@H]4[C@@]3(C)CCC[C@@]4(C)C(=O)OCC[N+](C)(C)CCCCCCCCCCCC[N+](C)(C)CCOC(=O)[C@]3(C)CCC[C@@]4(C)[C@@H]5CC[C@@]6(C)C[C@]5(CC[C@@H]43)CC6=O)(CC1=O)C2.[Br-].[Br-],val,5.41009565256852
CHEMBL3220806,CHEMBL220,4.1,2012.0,4.1,CC[N+](CC)(CC)CCOCCOCCOC(=O)[C@]1(C)CCC[C@@]2(C)[C@@H]3CC[C@@]4(C)C[C@]3(CC[C@@H]21)CC4=O.[Br-],test,5.41009565256852
CHEMBL322628,CHEMBL220,4.3,1997.0,4.3,CC(C)CCSC(=O)OCC[N+](C)(C)C.[Cl-],test,5.686782563971077
CHEMBL3233022,CHEMBL220,3.421360790031928,2014.0,3.421360790031928,COc1ccc(C(C#N)N2CCN(C)CC2)cc1OC,test,5.525620454134874
CHEMBL3233990,CHEMBL220,4.38,2014.0,4.38,COc1ccc(C(C#N)N2CCCC2)cc1OC,test,5.525620454134874
CHEMBL3233994,CHEMBL220,3.4190750243243806,2014.0,3.4190750243243806,COc1cc(C(C#N)N2CCCCC2)cc(OC)c1OC,test,5.525620454134874
CHEMBL3233995,CHEMBL220,3.493494967595128,2014.0,3.493494967595128,COc1cc(C(C#N)N2CCCC2)cc(OC)c1OC,test,5.525620454134874
CHEMBL3233996,CHEMBL220,3.3205721033878812,2014.0,3.3205721033878812,COc1ccc(C(C#N)N2CCCCC2)cc1O,test,5.525620454134874
CHEMBL3233997,CHEMBL220,3.404503778174426,2014.0,3.404503778174426,COc1ccc(C(C#N)N2CCCC2)cc1O,test,5.525620454134874
CHEMBL3233999,CHEMBL220,3.4558078892349675,2014.0,3.4558078892349675,COc1ccc(C(C#N)N2CCN(C)CC2)cc1O,test,5.525620454134874
CHEMBL3234000,CHEMBL220,3.445874418486987,2014.0,3.445874418486987,COc1cc(C(C#N)N2CCCC2)ccc1O,test,5.525620454134874
CHEMBL3234001,CHEMBL220,3.4682656907234497,2014.0,3.4682656907234497,COc1cc(C(C#N)N2CCN(C)CC2)ccc1O,test,5.525620454134874
CHEMBL3234038,CHEMBL220,8.12,2014.0,8.12,CC1=CC2Cc3nc4cc(Cl)ccc4c(NCCCCCCCCCCNC(=O)c4cc(O)c5c(c4)C(=O)c4cccc(O)c4C5=O)c3C(C1)C2.Cl,test,7.977255816806988
CHEMBL3234040,CHEMBL220,7.74,2014.0,7.74,CC1=CC2Cc3nc4cc(Cl)ccc4c(NCc4ccc(CNC(=O)c5cc(O)c6c(c5)C(=O)c5cccc(O)c5C6=O)cc4)c3C(C1)C2.Cl,test,6.081441099332389
CHEMBL3234589,CHEMBL220,6.79,2014.0,6.79,O/N=C/c1ncc(CCCCCNc2c3c(nc4ccccc24)CCCC3)cc1O,test,6.921819725586673
CHEMBL3234592,CHEMBL220,7.11,2014.0,7.11,O/N=C/c1nccc(CCCCCNc2c3c(nc4ccccc24)CCCC3)c1O,val,6.921819725586673
CHEMBL3235205,CHEMBL220,2.614393726401688,2014.0,2.614393726401688,O=C(/C=N/O)NC1CCN(Cc2ccccc2)CC1,test,4.125468201324837
CHEMBL3235206,CHEMBL220,2.4978461071286393,2014.0,2.4978461071286393,O=C(/C=N/O)NCC1CCN(Cc2ccccc2)CC1,test,4.125468201324837
CHEMBL3235207,CHEMBL220,3.6311554931741785,2014.0,3.6311554931741785,CC(=O)/C(=N\O)C(=O)NC1CCN(Cc2ccccc2)CC1,test,5.41009565256852
CHEMBL3235208,CHEMBL220,4.138853031017884,2014.0,4.138853031017884,CC(=O)/C(=N\O)C(=O)NCC1CCN(Cc2ccccc2)CC1,test,5.462585614318426
CHEMBL3235209,CHEMBL220,3.135192370973853,2014.0,3.135192370973853,N#C/C(=N\O)C(=O)NC1CCN(Cc2ccccc2)CC1,test,5.41009565256852
CHEMBL3235210,CHEMBL220,1.0224455739306173,2014.0,1.0224455739306173,N#C/C(=N\O)C(=O)NCC1CCN(Cc2ccccc2)CC1,test,5.462585614318426
CHEMBL3235211,CHEMBL220,2.789146634685107,2014.0,2.789146634685107,COc1ccc(CN2CCC(CNC(=O)/C(=N/O)C(C)=O)CC2)cc1OC,test,5.514354748145158
CHEMBL3235214,CHEMBL220,2.573326111978627,2014.0,2.573326111978627,COc1cc2c(cc1OC)CN(CCCNC(=O)/C(=N/O)C(C)=O)CC2,test,5.525620454134874
CHEMBL3235229,CHEMBL220,3.4624327428473247,2014.0,3.4624327428473247,COc1ccc(CN2CCCC(COc3ccc(C(=O)/C=N/O)cn3)C2)cc1OC,val,3.5897003810752453
CHEMBL323655,CHEMBL220,4.48,2002.0,4.48,COc1ccccc1CN(CCCCCCCCN(Cc1ccccc1OC)C(=O)CCCCCN)C(=O)CCCCCN,val,5.872221156241087
CHEMBL3237527,CHEMBL220,5.63,2014.0,5.63,O=C(c1ccc(CN2CCC(CCO)CC2)cc1)c1ccc(O)c(F)c1,test,6.060100539634407
CHEMBL32452,CHEMBL220,7.05,1992.0,7.05,CCCCNC(=O)Oc1ccc2c(c1)[C@]1(C)CCN(CC)C1C2,val,6.574677739331882
CHEMBL32453,CHEMBL220,6.42,1992.0,6.42,CCCCCCCNC(=O)Oc1ccc2c(c1)[C@@H]1CCN(CC)C1C2,val,6.204719948814561
CHEMBL32543,CHEMBL220,6.275,1992.0,6.275,CCCCCCNC(=O)Oc1ccc2c(c1)[C@@H]1CCN(CCC)C1C2,val,6.204719948814561
CHEMBL325505,CHEMBL220,3.9800000199290153,2002.0,3.9800000199290153,CCCCCCCCCN(Cc1ccccc1OC)C(=O)CCCCCN(C)Cc1ccc(-c2ccc(CN(C)CCCCCC(=O)NCc3ccccc3OC)cc2)cc1,val,5.8625734075699265
CHEMBL3261987,CHEMBL220,4.52,2014.0,4.52,O=C(/C=N\O)Nc1ccc[n+](CCCCC[n+]2cccc(NC(=O)/C=N\O)c2)c1.[Br-].[Br-],test,4.193672091482517
CHEMBL3261989,CHEMBL220,4.07,2014.0,4.07,O=C(/C=N\O)Nc1ccc[n+](CCCCCCC[n+]2cccc(NC(=O)/C=N\O)c2)c1.[Br-].[Br-],test,4.193672091482517
CHEMBL3261991,CHEMBL220,4.26,2014.0,4.26,O=C(/C=N/O)Nc1ccc[n+](Cc2cccc(C[n+]3cccc(NC(=O)/C=N/O)c3)c2)c1.[Br-].[Br-],test,4.193672091482517
CHEMBL3262251,CHEMBL220,5.19,2017.0,5.19,CC(C)Nc1nc(NCc2ccccc2)c2ccccc2n1,test,5.41009565256852
CHEMBL3262658,CHEMBL220,5.3,2014.0,5.3,CCN(CC)CCCCCCOc1ccc(CC2NCCc3cc(OC)c(OC)cc32)cc1,test,5.525620454134874
CHEMBL3262661,CHEMBL220,5.15,2014.0,5.15,COc1cc2c(cc1OC)C(Cc1ccc(OCCCCCCN(C)C)cc1)NCC2,test,5.525620454134874
CHEMBL3262662,CHEMBL220,5.46,2014.0,5.46,CCCN(CCC)CCCCCCOc1ccc(CC2NCCc3cc(OC)c(OC)cc32)cc1,test,5.525620454134874
CHEMBL3262663,CHEMBL220,5.42,2014.0,5.42,CCCCN(CCCC)CCCCCCOc1ccc(CC2NCCc3cc(OC)c(OC)cc32)cc1,test,5.525620454134874
CHEMBL32653,CHEMBL220,5.66,1992.0,5.66,CCCNC(=O)Oc1ccc2c(c1)[C@@H]1CCN(CC)C1C2,val,6.103768693489917
CHEMBL327135,CHEMBL220,6.57,1992.0,6.57,CN(C)Cc1ccc(CSCCNc2cc(Oc3ccc([N+](=O)[O-])cc3)c([N+](=O)[O-])cc2[N+](=O)[O-])o1,test,5.525620454134874
CHEMBL32749,CHEMBL220,4.0,2020.0,4.0,COc1cc(/C=C/C(=O)O)ccc1O,val,5.525620454134874
CHEMBL328468,CHEMBL220,9.02,1995.0,9.02,O=C1Cc2cc3onc(CCC4CCN(Cc5ccccc5)CC4)c3cc2N1,test,7.7192131247231615
CHEMBL3290189,CHEMBL220,5.02,2014.0,5.02,O=C1/C(=C\c2ccc(N3CCCC3)cc2)CNC/C1=C\c1ccc(N2CCCC2)cc1,test,5.41009565256852
CHEMBL3290190,CHEMBL220,5.56,2014.0,5.56,CN1C/C(=C/c2ccc(N3CCCC3)cc2)C(=O)/C(=C/c2ccc(N3CCCC3)cc2)C1,test,5.41009565256852
CHEMBL3290196,CHEMBL220,4.0,2014.0,4.0,O=C(/C=C/c1ccc(N2CCCC2)cc1)C1CCc2ccccc2C1=O,test,5.41009565256852
CHEMBL329231,CHEMBL220,9.24,1995.0,9.24,O=C1CCc2cc3c(CCC4CCN(Cc5ccccc5)CC4)noc3cc2N1,test,6.868728091162481
CHEMBL329531,CHEMBL220,6.47,1994.0,6.47,c1ccc(CN2CCC(CCc3ncnc4ccccc34)CC2)cc1,test,6.008930437161791
CHEMBL32964,CHEMBL220,6.81,1992.0,6.81,CCCNC(=O)Oc1ccc2c(c1)[C@]1(C)CCN(CC)C1C2,val,6.473726484007239
CHEMBL32966,CHEMBL220,6.94,1992.0,6.94,CCCCCCCNC(=O)Oc1ccc2c(c1)[C@]1(C)CCN(C)C1C2,val,6.574677739331882
CHEMBL329733,CHEMBL220,5.0,2010.0,5.0,CCN(CCOCCNC(=O)NCc1ccccc1)CC1CCCCC1,val,5.41009565256852
CHEMBL330004,CHEMBL220,7.3,1994.0,7.3,Brc1ccc2c(CCC3CCN(Cc4ccccc4)CC3)noc2c1,test,6.868728091162481
CHEMBL3303094,CHEMBL220,8.12,2016.0,8.12,CC1=CC2Cc3nc4cc(Cl)ccc4c(NCCCCCCCCCCNC(=O)c4cc(O)c5c(c4)C(=O)c4cccc(O)c4C5=O)c3C(C1)C2,test,7.977255816806988
CHEMBL3304178,CHEMBL220,7.74,2016.0,7.74,CC1=CC2Cc3nc4cc(Cl)ccc4c(NCc4ccc(CNC(=O)c5cc(O)c6c(c5)C(=O)c5cccc(O)c5C6=O)cc4)c3C(C1)C2,test,6.081441099332389
CHEMBL33098,CHEMBL220,6.2,1992.0,6.2,CCCCCCCNC(=O)Oc1ccc2c(c1)[C@@H]1CCN(CCC)C1C2,val,6.204719948814561
CHEMBL3310699,CHEMBL220,4.12,2014.0,4.12,COC(=O)C(CC1=NO[C@@H]2CCC[C@@H]2[C@H]1c1ccccc1)C(=O)OC,test,5.41009565256852
CHEMBL331637,CHEMBL220,3.958607314841775,2010.0,3.958607314841775,CC12CCC(c3c1nc1ccccc1c3N)C2(C)C,test,5.41009565256852
CHEMBL3318018,CHEMBL220,7.26,2014.0,7.26,O=c1cc(-c2ccc(CN3CCCCC3)cc2)oc2ccccc12,val,5.41009565256852
CHEMBL3319256,CHEMBL220,4.11,2019.0,4.11,Cn1ncc2cc(C(=O)Nc3ccc(Cl)c(Cl)c3)ccc21,test,5.41009565256852
CHEMBL3322158,CHEMBL220,5.54,2014.0,5.54,O=C(Cc1cc(=O)oc2cc(O)ccc12)NCCNc1c2c(nc3ccccc13)CCCC2,test,7.662582155645785
CHEMBL3322159,CHEMBL220,6.56,2014.0,6.56,O=C(Cc1cc(=O)oc2cc(O)ccc12)NCCCNc1c2c(nc3ccccc13)CCCC2,test,7.662582155645785
CHEMBL3322160,CHEMBL220,7.81,2014.0,7.81,O=C(Cc1cc(=O)oc2cc(O)ccc12)NCCCCNc1c2c(nc3ccccc13)CCCC2,test,7.662582155645785
CHEMBL3322162,CHEMBL220,4.8,2014.0,4.8,O=C(Cc1cc(=O)oc2cc(O)ccc12)N/N=C1\SCC(=O)N1c1c2c(nc3ccccc13)CCCC2,val,5.686782563971077
CHEMBL3323042,CHEMBL220,6.665,2014.0,6.665,O=c1c2cc(OCCCN3CCCCC3)ccc2nc2n1CCc1ccccc1-2,test,5.41009565256852
CHEMBL3323043,CHEMBL220,6.17,2014.0,6.17,CCN(CC)CCCOc1ccc2nc3n(c(=O)c2c1)CCc1ccccc1-3,test,5.41009565256852
CHEMBL3323051,CHEMBL220,4.25,2014.0,4.25,O=c1c2cc(OCCCn3ccnc3)ccc2nc2n1CCCc1ccccc1-2,test,5.41009565256852
CHEMBL3323056,CHEMBL220,5.915,2014.0,5.915,CCN(CC)CCCOc1ccc2nc3n(c(=O)c2c1)CCC3,test,5.41009565256852
CHEMBL332454,CHEMBL220,3.779630367548606,2010.0,3.779630367548606,Nc1c2c(nc3ccccc13)-c1ccccc1CCC2,test,5.41009565256852
CHEMBL3326698,CHEMBL220,7.46,2014.0,7.46,O=C(NCCCCCNc1c2c(nc3ccccc13)CCCC2)c1cc2ccccc2oc1=O,test,7.5802499224794815
CHEMBL3326699,CHEMBL220,7.35,2014.0,7.35,COc1ccc2cc(C(=O)NCCCCCNc3c4c(nc5ccccc35)CCCC4)c(=O)oc2c1,test,7.5802499224794815
CHEMBL3326700,CHEMBL220,7.41,2014.0,7.41,COc1ccc2oc(=O)c(C(=O)NCCCCCNc3c4c(nc5ccccc35)CCCC4)cc2c1,test,7.5802499224794815
CHEMBL3326701,CHEMBL220,7.45,2014.0,7.45,Cc1ccc2oc(=O)c(C(=O)NCCCCCNc3c4c(nc5ccccc35)CCCC4)cc2c1,test,7.5802499224794815
CHEMBL3326702,CHEMBL220,7.16,2014.0,7.16,COc1cc2cc(C(=O)NCCCCCNc3c4c(nc5ccccc35)CCCC4)c(=O)oc2cc1OC,test,7.5802499224794815
CHEMBL3326703,CHEMBL220,7.12,2014.0,7.12,O=C(NCCCCCNc1c2c(nc3ccccc13)CCCC2)c1cc2cc(OC(F)(F)F)ccc2oc1=O,test,7.5802499224794815
CHEMBL3335031,CHEMBL220,5.68,2014.0,5.68,CN(CCCOc1ccc2c3c(c(=O)oc2c1)CCCC3)Cc1ccccc1,test,5.41009565256852
CHEMBL3335032,CHEMBL220,5.57,2014.0,5.57,COc1cccc(CN(C)CCCOc2ccc3c4c(c(=O)oc3c2)CCCC4)c1,test,5.41009565256852
CHEMBL3335046,CHEMBL220,5.37,2014.0,5.37,O=c1oc2cc(OCCCN3CCC(Cc4ccccc4)CC3)ccc2c2c1CCCC2,val,5.441470277855202
CHEMBL3335047,CHEMBL220,5.31,2014.0,5.31,COc1cccc(CC2CCN(CCCOc3ccc4c5c(c(=O)oc4c3)CCCC5)CC2)c1,val,5.340574772675305
CHEMBL3335052,CHEMBL220,5.04,2014.0,5.04,O=c1oc2cc(OCCCCN3CCC(Cc4ccccc4)CC3)ccc2c2c1CCCC2,test,5.441470277855202
CHEMBL3335053,CHEMBL220,4.86,2014.0,4.86,COc1cccc(CC2CCN(CCCCOc3ccc4c5c(c(=O)oc4c3)CCCC5)CC2)c1,test,5.340574772675305
CHEMBL3335054,CHEMBL220,5.19,2014.0,5.19,O=c1oc2cc(OCCCCN3CCN(Cc4ccccc4)CC3)ccc2c2c1CCCC2,test,5.41009565256852
CHEMBL3335055,CHEMBL220,5.06,2014.0,5.06,COc1cccc(CN2CCN(CCCCOc3ccc4c5c(c(=O)oc4c3)CCCC5)CC2)c1,test,5.41009565256852
CHEMBL3335064,CHEMBL220,5.39,2014.0,5.39,O=c1oc2cc(OCCCN3CCC(Cc4ccccc4)CC3)ccc2c2ccccc12,test,5.860817808523736
CHEMBL3335065,CHEMBL220,4.73,2014.0,4.73,COc1cccc(CC2CCN(CCCOc3ccc4c(c3)oc(=O)c3ccccc34)CC2)c1,test,5.75992230334384
CHEMBL3335068,CHEMBL220,5.96,2014.0,5.96,CN(CCCCOc1ccc2c(c1)oc(=O)c1ccccc12)Cc1ccccc1,test,5.829443183237055
CHEMBL3335069,CHEMBL220,5.08,2014.0,5.08,COc1cccc(CN(C)CCCCOc2ccc3c(c2)oc(=O)c2ccccc23)c1,test,5.829443183237055
CHEMBL3335076,CHEMBL220,3.656394491895828,2014.0,3.656394491895828,NC(=O)c1cc[n+](C/C=C\C[n+]2ccc(/C=N/O)cc2)cc1.[Br-].[Br-],val,4.193672091482517
CHEMBL3343705,CHEMBL220,6.54,2014.0,6.54,COc1cc2c(cc1OCCN1CCCCC1)C(=O)/C(=C/c1ccc(N(C)C)cc1)C2,test,5.872221156241087
CHEMBL3343708,CHEMBL220,6.27,2014.0,6.27,CCN(CC)c1ccc(/C=C2\Cc3cc(OC)c(OCCN4CCCCC4)cc3C2=O)cc1,test,5.872221156241087
CHEMBL3343711,CHEMBL220,6.52,2014.0,6.52,CNc1ccc(/C=C2\Cc3cc(OC)c(OCCN4CCCCC4)cc3C2=O)cc1,test,5.872221156241087
CHEMBL3343712,CHEMBL220,6.37,2014.0,6.37,CCN(C)c1ccc(/C=C2\Cc3cc(OC)c(OCCN4CCCCC4)cc3C2=O)cc1,test,5.872221156241087
CHEMBL3343713,CHEMBL220,6.41,2014.0,6.41,CCCN(C)c1ccc(/C=C2\Cc3cc(OC)c(OCCN4CCCCC4)cc3C2=O)cc1,test,5.872221156241087
CHEMBL3343714,CHEMBL220,6.02,2014.0,6.02,CCCN(CCC)c1ccc(/C=C2\Cc3cc(OC)c(OCCN4CCCCC4)cc3C2=O)cc1,test,5.872221156241087
CHEMBL3343923,CHEMBL220,6.8,2014.0,6.8,O=C(NCCCCCCNc1c2c(nc3ccccc13)CCCC2)c1cc2c([nH]c3ccccc32)c(-c2ccccc2)n1,test,7.5802499224794815
CHEMBL3343924,CHEMBL220,6.51,2014.0,6.51,O=C(NCCCCCCNc1c2c(nc3ccccc13)CCCC2)c1cc2c([nH]c3ccccc32)c(-c2ccc(F)cc2)n1,test,7.5802499224794815
CHEMBL3343925,CHEMBL220,6.83,2014.0,6.83,COc1ccc(-c2nc(C(=O)NCCCCCCNc3c4c(nc5ccccc35)CCCC4)cc3c2[nH]c2ccccc23)cc1,test,7.5802499224794815
CHEMBL3343930,CHEMBL220,6.94,2014.0,6.94,CC(C)(C)OC(=O)N[C@@H](Cc1c[nH]c2ccccc12)C(=O)NCCCCCCNc1c2c(nc3ccccc13)CCCC2,val,7.5802499224794815
CHEMBL3343931,CHEMBL220,7.02,2014.0,7.02,N[C@@H](Cc1c[nH]c2ccccc12)C(=O)NCCCCCCNc1c2c(nc3ccccc13)CCCC2,val,7.5802499224794815
CHEMBL3343932,CHEMBL220,6.82,2014.0,6.82,CC(=O)N[C@@H](Cc1c[nH]c2ccccc12)C(=O)NCCCCCCNc1c2c(nc3ccccc13)CCCC2,val,7.5802499224794815
CHEMBL335108,CHEMBL220,3.6219999968922534,1997.0,3.6219999968922534,COc1cccc([N+](C)(C)C)c1C,val,5.525620454134874
CHEMBL335133,CHEMBL220,5.28,2003.0,5.28,C[C@@H]([C@H]1CC[C@H]2[C@@H]3CC[C@H]4C(=O)C(NC(=O)c5ccccc5)=CC[C@]4(C)[C@H]3CC[C@]12C)N(C)C,test,5.41009565256852
CHEMBL3353039,CHEMBL220,6.72,2014.0,6.72,CC1=C[C@H]2Cc3nc4cc(Cl)ccc4c(NCCCCCCNc4c5c(nc6cc(Cl)ccc46)C[C@@H]4C=C(C)C[C@H]5C4)c3[C@@H](C1)C2,test,7.977255816806988
CHEMBL3353566,CHEMBL220,4.2,2014.0,4.2,CNc1ccccc1-c1nc(C(=O)OC)cs1,val,5.41009565256852
CHEMBL3353567,CHEMBL220,4.28,2014.0,4.28,CNc1ccccc1-c1nc(C(N)=O)cs1,val,5.41009565256852
CHEMBL3353568,CHEMBL220,4.17,2014.0,4.17,CNc1ccccc1-c1nc(C(=O)O)cs1,val,5.41009565256852
CHEMBL3355579,CHEMBL220,8.17,2014.0,8.17,COc1cc(CCC(=O)/C=C/CCCNc2c3c(nc4cc(Cl)ccc24)CC2CC(C)=CC3C2)ccc1O,test,7.977255816806988
CHEMBL3356529,CHEMBL220,5.21,2014.0,5.21,COc1ccc2nc3c(c(NCCCNC4=CC(=O)c5ccccc5C4=O)c2c1)CCCC3,val,5.652375464767667
CHEMBL3356531,CHEMBL220,7.27,2014.0,7.27,O=C1C=C(NCCCNc2c3c(nc4ccccc24)CCCC3)C(=O)c2ccccc21,val,7.5802499224794815
CHEMBL3356533,CHEMBL220,8.27,2014.0,8.27,O=C1C=C(NCCCNc2c3c(nc4cc(Cl)ccc24)CCCC3)C(=O)c2ccccc21,val,8.090561668950551
CHEMBL3356535,CHEMBL220,6.99,2014.0,6.99,O=C1C(NCCCNc2c3c(nc4ccccc24)CCCC3)=CC(=O)c2c(O)cccc21,val,7.5802499224794815
CHEMBL3356537,CHEMBL220,8.03,2014.0,8.03,O=C1C(NCCCNc2c3c(nc4cc(Cl)ccc24)CCCC3)=CC(=O)c2c(O)cccc21,val,8.090561668950551
CHEMBL3356539,CHEMBL220,6.46,2014.0,6.46,COc1ccc2nc3c(c(NCCCNC4=CC(=O)c5c(O)cccc5C4=O)c2c1)CCCC3,val,5.652375464767667
CHEMBL3356950,CHEMBL220,6.09,2014.0,6.09,COc1ccc2nc3c(c(NCCCNC4=C(Cl)C(=O)c5ccccc5C4=O)c2c1)CCCC3,val,5.604361752925308
CHEMBL3356952,CHEMBL220,8.05,2014.0,8.05,O=C1C(Cl)=C(NCCCNc2c3c(nc4cc(Cl)ccc24)CCCC3)C(=O)c2ccccc21,val,8.090561668950551
CHEMBL3356954,CHEMBL220,7.42,2014.0,7.42,O=C1C(Cl)=C(NCCCNc2c3c(nc4ccccc24)CCCC3)C(=O)c2ccccc21,val,7.5802499224794815
CHEMBL33642,CHEMBL220,7.03,1992.0,7.03,CCCCCCCNC(=O)Oc1ccc2c(c1)[C@]1(C)CCN(CCC)C1C2,val,6.574677739331882
CHEMBL337002,CHEMBL220,4.7,2001.0,4.7,N#Cc1ccc(C(=O)n2cc(/C=C3\CN(Cc4ccccc4)CCC3=O)c3ccccc32)cc1,test,5.41009565256852
CHEMBL337142,CHEMBL220,3.326999996677582,1997.0,3.326999996677582,C[N+](C)(C)CCCCI,test,5.686782563971077
CHEMBL33727,CHEMBL220,5.97,1992.0,5.97,CCCCNC(=O)Oc1ccc2c(c1)[C@@H]1CCN(CC)C1C2,val,6.204719948814561
CHEMBL337486,CHEMBL220,4.301029995663981,2004.0,4.301029995663981,CCCCCCSc1nc(-c2ccc(Cl)cc2)nn1C(=O)N1CCOCC1,test,5.41009565256852
CHEMBL338492,CHEMBL220,5.27,1997.0,5.27,CC(=O)Oc1ccc(C)c([N+](C)(C)C)c1,val,5.41009565256852
CHEMBL338975,CHEMBL220,7.55,2002.0,7.55,CNC(=O)Oc1ccc2c(c1)[C@]1(C)CCN(C)[C@@H]1N2C.O=C(O)c1ccccc1O,test,6.473726484007239
CHEMBL3393674,CHEMBL220,4.66,2015.0,4.66,C=CC[C@@H]1[C@H](O)[C@@H](OCc2ccccc2)[C@H](O)CN1CCCCCCCC,test,5.41009565256852
CHEMBL3393675,CHEMBL220,4.34,2015.0,4.34,O=C1N[C@H](COCc2ccccc2)[C@@H](OCc2ccccc2)[C@H](OCc2ccccc2)[C@H]1OCc1ccccc1,test,5.41009565256852
CHEMBL34000,CHEMBL220,4.67,1989.0,4.67,Cn1cc[n+](COCCCc2ccccc2)c1/C=N/O.[Cl-],test,4.344546798860902
CHEMBL34002,CHEMBL220,4.9,1992.0,4.9,CCN1CC[C@@]2(C)c3cc(OC(=O)NC(C)(C)C)ccc3CC12,val,6.473726484007239
CHEMBL3402707,CHEMBL220,6.44,2015.0,6.44,CN(CCCCCN1C(=O)c2ccccc2C1=O)Cc1ccccc1.Cl,test,5.41009565256852
CHEMBL3402708,CHEMBL220,5.74,2015.0,5.74,CN(CCCCCCN1C(=O)c2ccccc2C1=O)Cc1ccccc1.Cl,test,5.41009565256852
CHEMBL3402712,CHEMBL220,6.28,2015.0,6.28,CN(CCCCCN1C(=O)c2ccccc2C1=O)Cc1ccccc1F.Cl,test,5.41009565256852
CHEMBL3402713,CHEMBL220,5.7,2015.0,5.7,CN(CCCCCCN1C(=O)c2ccccc2C1=O)Cc1ccccc1F.Cl,test,5.41009565256852
CHEMBL3402717,CHEMBL220,6.27,2015.0,6.27,CN(CCCCCN1C(=O)c2ccccc2C1=O)Cc1cccc(Cl)c1.Cl,test,5.41009565256852
CHEMBL3402718,CHEMBL220,5.92,2015.0,5.92,CN(CCCCCCN1C(=O)c2ccccc2C1=O)Cc1cccc(Cl)c1.Cl,test,5.41009565256852
CHEMBL3403877,CHEMBL220,7.76,2015.0,7.76,COc1cc2oc(-c3cccc(OCC(=O)NCCCCCNc4c5c(nc6cc(Cl)ccc46)CCCC5)c3)cc(=O)c2c(OC)c1OC,val,7.977255816806988
CHEMBL340542,CHEMBL220,4.16,2001.0,4.16,COc1ccc(C(=O)n2cc(/C=C3\CN(Cc4ccccc4)CCC3=O)c3ccccc32)cc1,test,5.41009565256852
CHEMBL340599,CHEMBL220,4.3,2001.0,4.3,O=C1CCN(Cc2ccccc2)C/C1=C\c1cn(C(=O)c2ccc(Cl)cc2)c2ccccc12,test,5.41009565256852
CHEMBL340621,CHEMBL220,7.19,2010.0,7.19,O=C(c1ccncc1)N(CCC1CCN(Cc2ccccc2)CC1)c1ccccc1,test,6.138019392515065
CHEMBL340625,CHEMBL220,8.24,2010.0,8.24,CNC(=O)Oc1cccc(CN(C)CCCOc2ccc3ccc(=O)oc3c2)c1,test,7.500396214194842
CHEMBL340807,CHEMBL220,4.62,2012.0,4.62,COc1ccc2c3c([nH]c2c1)C(C)=NCC3,test,5.41009565256852
CHEMBL340866,CHEMBL220,4.75,2001.0,4.75,O=C1/C(=C/c2ccc[nH]2)CN(Cc2ccccc2)C/C1=C\c1ccc[nH]1,test,5.41009565256852
CHEMBL3410089,CHEMBL220,6.0,2020.0,6.0,COc1nc(-c2ccnc(NC(=O)C3CC3)c2)sc1C(N)=O,test,5.41009565256852
CHEMBL3410478,CHEMBL220,5.14,2023.0,5.14,COc1ccc2c(c1)c(=O)c1ccccc1n2Cc1cn(Cc2ccc(Cl)cc2)nn1,val,5.41009565256852
CHEMBL3410957,CHEMBL220,6.34,2015.0,6.34,Cc1c(C)c2c(c(C)c1O)CCC(C)(C(=O)NCCCCCCCCCCNc1c3c(nc4ccccc14)CCCC3)O2,test,7.5802499224794815
CHEMBL341251,CHEMBL220,5.22,2001.0,5.22,O=C1CCN(Cc2ccccc2)C/C1=C\c1cc[nH]c1,val,5.41009565256852
CHEMBL341437,CHEMBL220,4.301029995663981,2004.0,4.301029995663981,CCSc1nc(-c2ccc(OC)cc2)nn1C(=O)N1CCOCC1,test,5.41009565256852
CHEMBL3414597,CHEMBL220,6.03,2015.0,6.03,COc1cc(N)c(Cl)cc1C(=O)CCC1CCN(CC2CC2)CC1,test,6.564001789487463
CHEMBL3415558,CHEMBL220,6.7,2015.0,6.7,O=C1c2ccccc2C(=O)N1CCCCCNCc1ccccc1,test,5.41009565256852
CHEMBL3415559,CHEMBL220,5.68,2015.0,5.68,O=C1c2ccccc2C(=O)N1CCCCCCNCc1ccccc1,test,5.41009565256852
CHEMBL3415563,CHEMBL220,6.78,2015.0,6.78,O=C1c2ccccc2C(=O)N1CCCCCNCc1ccccc1F,test,5.41009565256852
CHEMBL3415564,CHEMBL220,6.03,2015.0,6.03,O=C1c2ccccc2C(=O)N1CCCCCCNCc1ccccc1F,test,5.41009565256852
CHEMBL3415568,CHEMBL220,6.57,2015.0,6.57,O=C1c2ccccc2C(=O)N1CCCCCNCc1ccc(F)cc1,test,5.41009565256852
CHEMBL3415569,CHEMBL220,5.5,2015.0,5.5,O=C1c2ccccc2C(=O)N1CCCCCCNCc1ccc(F)cc1,test,5.41009565256852
CHEMBL3415573,CHEMBL220,6.59,2015.0,6.59,O=C1c2ccccc2C(=O)N1CCCCCNCc1ccc(F)cc1F,test,5.41009565256852
CHEMBL3415574,CHEMBL220,5.8,2015.0,5.8,O=C1c2ccccc2C(=O)N1CCCCCCNCc1ccc(F)cc1F,test,5.41009565256852
CHEMBL3415578,CHEMBL220,6.8,2015.0,6.8,O=C1c2ccccc2C(=O)N1CCCCCNCc1cccc(Cl)c1,test,5.41009565256852
CHEMBL3415579,CHEMBL220,5.7,2015.0,5.7,O=C1c2ccccc2C(=O)N1CCCCCCNCc1cccc(Cl)c1,test,5.41009565256852
CHEMBL3416654,CHEMBL220,6.07,2021.0,6.07,COc1ccc(/C=C2\Oc3cc(OCCN4CCCCC4)ccc3C2=O)cc1,val,5.41009565256852
CHEMBL3416657,CHEMBL220,6.19,2021.0,6.19,COc1cc(/C=C2\Oc3cc(OCCN4CCCC4)ccc3C2=O)cc(OC)c1OC,val,5.525620454134874
CHEMBL3416658,CHEMBL220,6.38,2021.0,6.38,COc1cc(/C=C2\Oc3cc(OCCN4CCCCC4)ccc3C2=O)cc(OC)c1OC,val,5.525620454134874
CHEMBL3416997,CHEMBL220,7.24,2015.0,7.24,COc1cc(N)c(Cl)cc1C(=O)CCC1CCN(CC2CCCCCC2)CC1,test,6.564001789487463
CHEMBL3416998,CHEMBL220,6.93,2015.0,6.93,COc1cc(N)c(Cl)cc1C(=O)CCC1CCN(CC2CCNCC2)CC1.Cl,test,6.564001789487463
CHEMBL3416999,CHEMBL220,6.65,2015.0,6.65,COc1cc(N)c(Cl)cc1C(=O)CCC1CCN(CCC2CCCCC2)CC1,test,6.564001789487463
CHEMBL3417001,CHEMBL220,8.07,2015.0,8.07,COc1cc(N)c(Cl)cc1C(=O)CCC1CCN(Cc2ccccc2)CC1,test,6.564001789487463
CHEMBL3417006,CHEMBL220,5.99,2015.0,5.99,COc1cc(N)c(Cl)cc1C(O)CCC1CCN(CC2CCCCC2)CC1,test,6.138019392515065
CHEMBL3417299,CHEMBL220,7.61,2015.0,7.61,Cc1c(Cl)c(=O)oc2cc(OCCN3CCN(CCCNc4c5c(nc6ccccc46)CCCC5)CC3)ccc12,test,7.662582155645785
CHEMBL3417300,CHEMBL220,7.79,2015.0,7.79,Cc1c(C)c2ccc(OCCN3CCN(CCCNc4c5c(nc6ccccc46)CCCC5)CC3)cc2oc1=O,test,7.662582155645785
CHEMBL341956,CHEMBL220,2.622000000529848,1997.0,2.622000000529848,C[N+](C)(C)CCCl,test,5.686782563971077
CHEMBL34222,CHEMBL220,7.35,1992.0,7.35,CCCCCCNC(=O)Oc1ccc2c(c1)[C@]1(C)CCN(CC)C1C2,val,6.574677739331882
CHEMBL342394,CHEMBL220,4.37,2003.0,4.37,CO[C@H]1CC[C@@]2(C)C(=CC[C@H]3[C@@H]4CC[C@H]([C@H](C)N(C)C)[C@@]4(C)CC[C@@H]32)C1,test,5.41009565256852
CHEMBL342413,CHEMBL220,8.38,2010.0,8.38,O=c1[nH]c2ccccc2c(=O)n1CCC1CCN(Cc2ccccc2)CC1,test,6.138019392515065
CHEMBL342902,CHEMBL220,3.639999991045883,1997.0,3.639999991045883,CCCC(=O)OCC[N+](C)(C)C,test,6.033383266077291
CHEMBL343319,CHEMBL220,3.850000013719576,1997.0,3.850000013719576,Cc1c(O)cccc1[N+](C)(C)C,val,5.41009565256852
CHEMBL343344,CHEMBL220,5.52,1997.0,5.52,CC(=O)Oc1cccc([N+](C)(C)C)c1,val,5.5081768205792825
CHEMBL343673,CHEMBL220,4.48,2002.0,4.48,C#CCN(C)C(C)Cc1cccc(OC(=O)N(C)CCC)c1,val,5.41009565256852
CHEMBL344196,CHEMBL220,3.2719999995100837,1997.0,3.2719999995100837,C[N+](C)(C)CCCCCBr,test,5.686782563971077
CHEMBL344384,CHEMBL220,4.4,2003.0,4.4,C[C@@H]([C@H]1CC[C@H]2[C@@H]3CC=C4C[C@@H](N(C)C)CC[C@]4(C)[C@H]3CC[C@]12C)N(C)C,test,5.41009565256852
CHEMBL344924,CHEMBL220,3.22399999751502,1997.0,3.22399999751502,C[N+](C)(C)CCCCBr,test,5.686782563971077
CHEMBL345698,CHEMBL220,7.154999999999999,1992.0,7.154999999999999,Cc1cccc(F)c1,val,5.41009565256852
CHEMBL346605,CHEMBL220,6.664999999999999,1992.0,6.664999999999999,Cc1ccc(F)cc1,val,5.41009565256852
CHEMBL347354,CHEMBL220,6.8,1992.0,6.8,CC1CCN(Cc2ccccc2[N+](=O)[O-])CC1,test,5.41009565256852
CHEMBL347503,CHEMBL220,6.66,2002.0,6.66,C#CCNCCc1cccc(OC(=O)N(C)C)c1,val,5.41009565256852
CHEMBL347527,CHEMBL220,6.55,2002.0,6.55,CNCCc1cccc(OC(=O)N(C)C)c1,val,5.41009565256852
CHEMBL349791,CHEMBL220,5.984999999999999,1992.0,5.984999999999999,COc1cccc(C)c1,val,5.41009565256852
CHEMBL352215,CHEMBL220,6.664999999999999,1992.0,6.664999999999999,Cc1ccccc1F,val,5.41009565256852
CHEMBL352500,CHEMBL220,8.35,1992.0,8.35,Nc1c2c(nc3cc(Cl)ccc13)C1CCC2C1,test,5.41009565256852
CHEMBL353468,CHEMBL220,6.61,2016.0,6.61,COc1cc2c(cc1OC)C(=O)C(CC1CCN(Cc3ccccc3C)CC1)C2,test,5.622328367035209
CHEMBL3546835,CHEMBL220,6.93,2017.0,6.93,COc1cc(N)c(Cl)cc1C(=O)CCC1CCN(CC2CCNCC2)CC1,test,6.564001789487463
CHEMBL354848,CHEMBL220,6.9,2016.0,6.9,COc1cc2c(cc1OC)C(=O)C(CC1CCN(Cc3ccc(C)cc3)CC1)C2,test,5.622328367035209
CHEMBL355740,CHEMBL220,7.07,1992.0,7.07,Nc1c2c(nc3c(Cl)cccc13)C1CCC2C1,test,5.41009565256852
CHEMBL355821,CHEMBL220,5.62,1996.0,5.62,c1ccc2c(c1)CN1CCCC1=N2,test,5.41009565256852
CHEMBL356224,CHEMBL220,3.585026652029182,2010.0,3.585026652029182,c1ccc(-c2cc(-c3ccccc3)c(NCCN3CCOCC3)nn2)cc1,val,5.41009565256852
CHEMBL356385,CHEMBL220,5.51,2002.0,5.51,C#CCN(C)C(C)Cc1cccc(OC(=O)N(C)CCCCCC)c1,val,5.41009565256852
CHEMBL357551,CHEMBL220,4.0,1998.0,4.0,CN(C)c1ccc(CC(=O)NCCCCCCCCNC23CC4CC(CC(C4)C2)C3)cc1,val,5.41009565256852
CHEMBL357843,CHEMBL220,4.58,1989.0,4.58,CC(OC[n+]1ccn(C)c1/C=N/O)C1CCCCC1.[Cl-],test,4.344546798860902
CHEMBL357953,CHEMBL220,4.86,2002.0,4.86,C#CC(C)NCCc1cccc(OC(=O)N(C)CC)c1,val,5.41009565256852
CHEMBL358026,CHEMBL220,6.27,2002.0,6.27,C#CCNC(C)Cc1cccc(OC(=O)N(C)C)c1,val,5.41009565256852
CHEMBL3581573,CHEMBL220,4.59,2015.0,4.59,C=C(C)[C@H]1CC[C@@](C)(O)[C@@H](C2=C(O)C(CC=C(C)C)(CC=C(C)C)C(=O)C(C(=O)C(C)C)=C2O)C1,test,5.41009565256852
CHEMBL3581580,CHEMBL220,5.01,2015.0,5.01,C/C(=C\C[C@]12C[C@H]3C[C@@H]4C(C)(C)CC[C@@]4(C1=O)C(=O)[C@](C(=O)c1ccccc1)(C2=O)C3(C)C)CC/C=C/C(C)C,test,5.756696354674734
CHEMBL3582201,CHEMBL220,6.48,2015.0,6.48,N#Cc1cc2c(cn1)[nH]c1ncc(-c3ccc(CN4CCCCC4)cc3)cc12,test,5.41009565256852
CHEMBL3582202,CHEMBL220,6.87,2015.0,6.87,C[C@@H]1CCC[C@H](C)N1Cc1ccc(-c2cnc3[nH]c4cnc(C#N)cc4c3c2)cc1,test,5.41009565256852
CHEMBL3582203,CHEMBL220,5.39,2015.0,5.39,C[C@@H]1C[C@H](C)CN(Cc2ccc(-c3cnc4[nH]c5cnc(C#N)cc5c4c3)cc2)C1,test,5.41009565256852
CHEMBL3582204,CHEMBL220,5.48,2015.0,5.48,CC1(C)CCCN(Cc2ccc(-c3cnc4[nH]c5cnc(C#N)cc5c4c3)cc2)C1,test,5.41009565256852
CHEMBL3582205,CHEMBL220,7.96,2015.0,7.96,CC1(C)CCN(Cc2ccc(-c3cnc4[nH]c5cnc(C#N)cc5c4c3)cc2)CC1,test,5.41009565256852
CHEMBL3582206,CHEMBL220,6.29,2015.0,6.29,CC(C)(c1ccc(-c2cnc3[nH]c4cnc(C#N)cc4c3c2)cc1)N1CCCCC1,test,5.41009565256852
CHEMBL3582207,CHEMBL220,6.42,2015.0,6.42,N#Cc1cc2c(cn1)[nH]c1ncc(-c3ccc(CN4CCC(O)CC4)cc3)cc12,test,5.41009565256852
CHEMBL3582208,CHEMBL220,6.15,2015.0,6.15,N#Cc1cc2c(cn1)[nH]c1ncc(-c3ccc(CN4CCC[C@@H](O)C4)cc3)cc12,test,5.41009565256852
CHEMBL3582209,CHEMBL220,6.05,2015.0,6.05,N#Cc1cc2c(cn1)[nH]c1ncc(-c3ccc(CN4CCC(F)CC4)cc3)cc12,test,5.41009565256852
CHEMBL3582210,CHEMBL220,5.57,2015.0,5.57,N#Cc1cc2c(cn1)[nH]c1ncc(-c3ccc(CN4CCC(C#N)CC4)cc3)cc12,test,5.41009565256852
CHEMBL3582213,CHEMBL220,6.73,2015.0,6.73,N#Cc1cc2c(cn1)[nH]c1ncc(-c3ccc(CN4CCCCC4)nc3)cc12,test,5.41009565256852
CHEMBL3582218,CHEMBL220,6.66,2015.0,6.66,NC(=O)c1cc2c(cn1)[nH]c1ncc(-c3ccc(CN4CCCCC4)cc3)cc12,test,5.41009565256852
CHEMBL3582225,CHEMBL220,6.35,2015.0,6.35,c1nnc(-c2cc3c(cn2)[nH]c2ncc(-c4ccc(CN5CCCCC5)cc4)cc23)o1,test,5.41009565256852
CHEMBL3582226,CHEMBL220,6.18,2015.0,6.18,c1cc(-c2cnc3[nH]c4cnc(-c5cnoc5)cc4c3c2)ccc1CN1CCCCC1,test,5.41009565256852
CHEMBL3582228,CHEMBL220,6.31,2015.0,6.31,c1cncc(-c2cc3c(cn2)[nH]c2ncc(-c4ccc(CN5CCCCC5)cc4)cc23)c1,test,5.41009565256852
CHEMBL3582229,CHEMBL220,6.11,2015.0,6.11,c1cc(-c2cc3c(cn2)[nH]c2ncc(-c4ccc(CN5CCCCC5)cc4)cc23)ccn1,val,5.41009565256852
CHEMBL3582231,CHEMBL220,5.98,2015.0,5.98,c1cc(-c2cc3c(cn2)[nH]c2ncc(-c4ccc(CN5CCCCC5)cc4)cc23)cnn1,val,5.41009565256852
CHEMBL3585375,CHEMBL220,6.16,2014.0,6.16,Cc1ccc2[nH]c3c(c2c1)CN(CCCCCCCN1CCc2[nH]c4ccc(C)cc4c2C1)CC3,test,5.41009565256852
CHEMBL3585780,CHEMBL220,10.495,2015.0,10.495,COc1ccccc1C(C)NS(N)(=O)=O,val,5.944967984803408
CHEMBL3585781,CHEMBL220,10.885329725273207,2015.0,10.885329725273207,COc1ccc(C(C)NS(N)(=O)=O)cc1,val,5.829443183237055
CHEMBL3585782,CHEMBL220,10.939901959985743,2015.0,10.939901959985743,COc1ccc(C(C)NS(N)(=O)=O)cc1OC,val,5.944967984803408
CHEMBL3585783,CHEMBL220,10.9109059864969,2015.0,10.9109059864969,COc1ccc(OC)c(C(C)NS(N)(=O)=O)c1,val,5.944967984803408
CHEMBL3585784,CHEMBL220,10.830757490560677,2015.0,10.830757490560677,COc1cccc(OC)c1C(C)NS(N)(=O)=O,val,5.944967984803408
CHEMBL3586200,CHEMBL220,5.435,2015.0,5.435,C[C@@]12CC[C@@H]3[C@](C)(CC[C@H](OC(=O)CCc4ccc(O)cc4)[C@]3(C)C(=O)O)[C@H]1CC[C@H]1C(=CC[C@@H]3[C@]1(C)CC[C@@H](O)[C@]3(C)CO)C2,test,5.836078049540918
CHEMBL3586202,CHEMBL220,4.522878745280337,2015.0,4.522878745280337,C[C@@]12CC[C@@H]3[C@](C)(CC[C@H](O)[C@]3(C)C(=O)O)[C@H]1CC[C@H]1C(=CC(=O)[C@@H]3[C@]1(C)CC[C@@H](O)[C@]3(C)CO)C2,test,5.41009565256852
CHEMBL3586206,CHEMBL220,4.522878745280337,2015.0,4.522878745280337,CC1(C)[C@H](O)CC[C@]2(C)[C@H]3CC[C@H]4[C@@](C)(CC[C@@H]5[C@]4(C)CC[C@@H](O)[C@]5(C)C(=O)O)CC3=CC(=O)[C@@H]12,test,5.41009565256852
CHEMBL3586207,CHEMBL220,6.295,2015.0,6.295,CCCC[C@@H](O)/C=C/C=C/C(=O)O,test,5.756696354674734
CHEMBL3586574,CHEMBL220,6.0,2015.0,6.0,Cc1c(C)c2ccc(OCCCN(C)Cc3ccccc3)cc2oc1=O.Cl,test,5.41009565256852
CHEMBL3586577,CHEMBL220,6.52,2015.0,6.52,Cc1c(C)c2ccc(OCCCCCNCc3ccccc3)cc2oc1=O.Cl,test,5.41009565256852
CHEMBL3586592,CHEMBL220,6.02,2015.0,6.02,CN(Cc1ccccc1)Cc1ccc(COc2ccc3ccc(=O)oc3c2)cc1,test,5.41009565256852
CHEMBL3586593,CHEMBL220,6.3,2015.0,6.3,Cc1cc2ccc(OCc3ccc(CN(C)Cc4ccccc4)cc3)cc2oc1=O.Cl,test,5.41009565256852
CHEMBL3586594,CHEMBL220,6.04,2015.0,6.04,Cc1cc(=O)oc2cc(OCc3ccc(CN(C)Cc4ccccc4)cc3)ccc12.Cl,test,5.41009565256852
CHEMBL3586595,CHEMBL220,6.35,2015.0,6.35,Cc1c(C)c2ccc(OCc3ccc(CN(C)Cc4ccccc4)cc3)cc2oc1=O.Cl,test,5.41009565256852
CHEMBL3586600,CHEMBL220,6.0,2015.0,6.0,Cc1cc(=O)oc2cc(OCc3ccc(CN(C)Cc4cccc(Cl)c4)cc3)ccc12.Cl,test,5.41009565256852
CHEMBL3586602,CHEMBL220,5.22,2015.0,5.22,CN(Cc1ccc(C#N)cc1)Cc1ccc(COc2ccc3ccc(=O)oc3c2)cc1.Cl,test,5.41009565256852
CHEMBL3586604,CHEMBL220,5.07,2015.0,5.07,Cc1cc(=O)oc2cc(OCc3ccc(CN(C)Cc4ccc(C#N)cc4)cc3)ccc12.Cl,test,5.41009565256852
CHEMBL3586605,CHEMBL220,5.41,2015.0,5.41,Cc1c(C)c2ccc(OCc3ccc(CN(C)Cc4ccc(C#N)cc4)cc3)cc2oc1=O.Cl,test,5.41009565256852
CHEMBL3586608,CHEMBL220,6.92,2015.0,6.92,CN(Cc1ccccc1)Cc1ccc(COc2ccc3c(CO)cc(=O)oc3c2)cc1.Cl,test,5.41009565256852
CHEMBL3586610,CHEMBL220,6.48,2015.0,6.48,CN(Cc1ccc(COc2ccc3c(CO)cc(=O)oc3c2)cc1)Cc1cccc(Cl)c1.Cl,test,5.41009565256852
CHEMBL3586771,CHEMBL220,6.92,2022.0,6.92,CN(Cc1ccccc1)Cc1ccc(COc2ccc3c(CO)cc(=O)oc3c2)cc1,test,5.41009565256852
CHEMBL359198,CHEMBL220,6.63,1991.0,6.63,CCCCCCNC(=O)Oc1ccc2c(c1)[C@@]1(C)CCN(CC)[C@H]1C2,val,6.574677739331882
CHEMBL359412,CHEMBL220,4.38,1989.0,4.38,Cn1cc[n+](COCC2CCCCC2)c1/C=N/O.[Cl-],test,4.344546798860902
CHEMBL360055,CHEMBL220,3.5528587723511533,2007.0,3.5528587723511533,CC[N+](CC)(CC)CCOc1cccc(OCC[N+](CC)(CC)CC)c1OCC[N+](CC)(CC)CC,val,5.525620454134874
CHEMBL360186,CHEMBL220,5.58,2010.0,5.58,Cc1nn(S(=O)(=O)c2cc(C(F)(F)F)cc(C(F)(F)F)c2)cc1-c1nsc(Nc2ccccc2)n1,test,6.266593675279568
CHEMBL3604192,CHEMBL220,5.885,2015.0,5.885,CN(C)c1ccc(C(=O)NCCNc2c3c(nc4ccccc24)CCCC3)cc1.Cl,test,7.5802499224794815
CHEMBL3604193,CHEMBL220,7.72,2015.0,7.72,CN(C)c1ccc(C(=O)NCCCNc2c3c(nc4ccccc24)CCCC3)cc1.Cl,test,7.5802499224794815
CHEMBL3604194,CHEMBL220,6.53,2015.0,6.53,CN(C)c1ccc(C(=O)NCCCCNc2c3c(nc4ccccc24)CCCC3)cc1.Cl,test,7.5802499224794815
CHEMBL3604195,CHEMBL220,6.45,2015.0,6.45,CN(C)c1ccc(C(=O)NCCCCCNc2c3c(nc4ccccc24)CCCC3)cc1.Cl,test,7.5802499224794815
CHEMBL3604197,CHEMBL220,7.12,2015.0,7.12,CN(C)c1ccc(C(=O)NCCCCCCCNc2c3c(nc4ccccc24)CCCC3)cc1.Cl,test,7.5802499224794815
CHEMBL3605437,CHEMBL220,3.5991685508837747,2015.0,3.5991685508837747,CN(C)CCC[C@@]1(c2ccc(F)cc2)OCc2cc(-c3nnc(-c4ccc(-c5nnn[nH]5)cc4)[nH]3)ccc21,test,5.41009565256852
CHEMBL361165,CHEMBL220,6.035,2005.0,6.035,COc1ccccc1CN(C)CCCN(C)CCCNCCC[n+]1c(-c2ccccc2)c2cc(N)ccc2c2ccc(N)cc21,test,5.525620454134874
CHEMBL361869,CHEMBL220,7.37,2004.0,7.37,COc1cc2cc(C(=O)C3CC[N+](C)(Cc4ccccc4)CCC3O)sc2cc1OC,test,5.525620454134874
CHEMBL3621332,CHEMBL220,7.23,2014.0,7.23,CC[N+]1(Cc2ccccc2[N+](=O)[O-])CCCCCC[N+](CC)(Cc2ccccc2[N+](=O)[O-])CCCCCn2c(=O)cc(C)n(c2=O)CCCCC1.[Br-].[Br-],test,5.41009565256852
CHEMBL3621334,CHEMBL220,6.89,2014.0,6.89,CC[N+]1(Cc2ccccc2[N+](=O)[O-])CCCCCn2c(C)cc(=O)n(c2=O)CCCCC[N+](CC)(Cc2ccccc2[N+](=O)[O-])CCCCCn2c(=O)cc(C)n(c2=O)CCCCC1.[Br-].[Br-],test,5.41009565256852
CHEMBL3621335,CHEMBL220,5.4,2014.0,5.4,CC[N+]1(Cc2ccccc2[N+](=O)[O-])CCCCCn2c(C)c3c(=O)n(c2=O)CCCCC[N+](CC)(Cc2ccccc2[N+](=O)[O-])CCCCCn2c(C)c(c(=O)n(c2=O)CCCCC1)C3.[Br-].[Br-],test,5.756696354674734
CHEMBL3621413,CHEMBL220,5.3,2020.0,5.3,COc1ccc2cc3[n+](cc2c1OCc1ccccc1)CCc1cc2c(cc1-3)OCO2.[Br-],test,5.944967984803408
CHEMBL362238,CHEMBL220,7.42,2013.0,7.42,COc1cc2c(cc1OC)C(=O)C(Oc1cccc(C(C)N3CCCCC3)c1)C2,test,5.525620454134874
CHEMBL3623552,CHEMBL220,8.245000000000001,2015.0,8.245000000000001,O=C(c1cnn(C2CCCC2)c1)C(F)(F)F,test,5.41009565256852
CHEMBL3623554,CHEMBL220,8.14,2015.0,8.14,CC(C)(C)c1cccc(C(=O)C(F)F)c1,val,5.686782563971077
CHEMBL3623559,CHEMBL220,6.645,2015.0,6.645,O=C(c1cnn(C2CCCC2)c1)C(F)F,test,5.41009565256852
CHEMBL3623561,CHEMBL220,6.195,2015.0,6.195,CC(C)(C)c1cccc(C(=O)CF)c1,val,5.686782563971077
CHEMBL3623566,CHEMBL220,5.74,2015.0,5.74,O=C(CF)c1cnn(C2CCCC2)c1,test,5.41009565256852
CHEMBL362378,CHEMBL220,4.77,2019.0,4.77,CC1(C)C=Cc2c(ccc(C(=O)/C=C/c3ccc(O)cc3)c2O)O1,val,5.41009565256852
CHEMBL362685,CHEMBL220,6.77,2005.0,6.77,CCCCNC(=O)OCCCCCCCCCCCCCCCCOC(=O)NCCCC,test,5.41009565256852
CHEMBL362704,CHEMBL220,6.08,2005.0,6.08,CCNC(=O)Oc1ccc2c(c1)C1(C)COC(C1)O2,val,6.473726484007239
CHEMBL3628184,CHEMBL220,6.28,2015.0,6.28,COc1ccc2[nH]cc(CCNC(=O)CCc3cc[n+](Cc4ccccc4F)cc3)c2c1.[Br-],test,5.756696354674734
CHEMBL3628185,CHEMBL220,6.36,2015.0,6.36,COc1ccc2[nH]cc(CCNC(=O)CCc3cc[n+](Cc4cccc(F)c4)cc3)c2c1.[Br-],test,5.756696354674734
CHEMBL3628186,CHEMBL220,6.24,2015.0,6.24,COc1ccc2[nH]cc(CCNC(=O)CCc3cc[n+](Cc4ccc(F)cc4)cc3)c2c1.[Br-],test,5.756696354674734
CHEMBL363186,CHEMBL220,4.0,2005.0,4.0,CC1C(=O)CCC1=O,val,5.41009565256852
CHEMBL363588,CHEMBL220,5.01,2005.0,5.01,CNC(=O)Oc1cccc(CN(C)CCCCCCCOc2ccc3c(c2)OC/C(=C\c2cc(OC)c(OC)c(OC)c2)C3=O)c1,test,7.619973583450161
CHEMBL363855,CHEMBL220,4.0,2005.0,4.0,CC(=O)CCC(=O)c1ccccc1,val,5.756696354674734
CHEMBL364125,CHEMBL220,7.28,2004.0,7.28,COCC[N+]1(C)CCCC(C(=O)c2cc3cc(OC)c(OC)cc3s2)CC1,test,5.525620454134874
CHEMBL3642047,CHEMBL220,6.42,2014.0,6.42,CC(=O)NCCc1c[nH]c2ccc(OC(=O)NCCCCNc3c4c(nc5ccccc35)CCCC4)cc12,test,7.581136443948518
CHEMBL364585,CHEMBL220,7.1,2004.0,7.1,COc1cc2cc(C(=O)C3CCC[N+](C)(CC(=O)OC(C)(C)C)CC3)sc2cc1OC,test,5.525620454134874
CHEMBL364588,CHEMBL220,4.0,2005.0,4.0,CCCCC(=O)C(C)=O,test,5.756696354674734
CHEMBL365129,CHEMBL220,4.0,2005.0,4.0,O=S(=O)(Cc1ccccc1)Cc1ccccc1,test,5.829443183237055
CHEMBL365392,CHEMBL220,4.0,2005.0,4.0,O=C(C(=O)c1ccccc1Cl)c1ccccc1Cl,val,5.41009565256852
CHEMBL365445,CHEMBL220,4.0,2005.0,4.0,O=C(C(=O)c1cccs1)c1cccs1,test,5.41009565256852
CHEMBL365517,CHEMBL220,4.0,2005.0,4.0,O=C(C(=O)c1ccc([N+](=O)[O-])cc1[N+](=O)[O-])c1ccccc1,val,5.41009565256852
CHEMBL365809,CHEMBL220,4.0,2005.0,4.0,CC(=O)C(C)=O,test,5.41009565256852
CHEMBL366114,CHEMBL220,6.05,2004.0,6.05,COc1cc2c(cc1OC)SC(C(=O)CCc1cc[n+](C)cc1)C2,test,5.95160285110727
CHEMBL366205,CHEMBL220,4.0,2005.0,4.0,O=C(C(=O)c1cc(Br)ccc1O)c1cc(Br)ccc1O,val,5.41009565256852
CHEMBL366931,CHEMBL220,6.44,2005.0,6.44,CCCCNC(=O)OCCOC(=O)NCCCC,test,5.41009565256852
CHEMBL368075,CHEMBL220,7.47,2003.0,7.47,CCCOc1ccccc1CN(CC)CCCCCC(=O)N(C)CCCCCCCCN(C)C(=O)CCCCCN(CC)Cc1ccccc1OCCC,test,5.872221156241087
CHEMBL368196,CHEMBL220,7.375,1992.0,7.375,Nc1c2c(nc3cccc(Cl)c13)C1CCC2C1,test,5.41009565256852
CHEMBL369768,CHEMBL220,4.13,2019.0,4.13,COc1ccc(/C=C/C(=O)c2ccc3c(c2O)C=CC(C)(C)O3)cc1,val,5.41009565256852
CHEMBL369772,CHEMBL220,5.82,2005.0,5.82,CCCCNC(=O)OCCO,test,5.41009565256852
CHEMBL370059,CHEMBL220,4.0,2005.0,4.0,O=C(O)c1ccc(C(=O)C(=O)c2ccccc2)cc1,val,5.41009565256852
CHEMBL370561,CHEMBL220,3.9788107009300617,2005.0,3.9788107009300617,COc1cc2cc[n+](C)c3c2c(c1OC)C(Br)OC3=O,val,5.525620454134874
CHEMBL371006,CHEMBL220,4.02,2005.0,4.02,COc1cc2ccnc3c2c(c1OC)COC3(CC(O)CO)OC,val,5.525620454134874
CHEMBL371181,CHEMBL220,4.0,2005.0,4.0,O=C(C(=O)c1ccco1)c1ccco1,val,5.41009565256852
CHEMBL371276,CHEMBL220,4.71,2005.0,4.71,COc1cc2ccnc3c2c(c1OC)COC3=O,test,5.525620454134874
CHEMBL371651,CHEMBL220,4.34,2005.0,4.34,COc1cc2ccnc3c2c(c1OC)C(Br)OC3=O,test,5.525620454134874
CHEMBL371858,CHEMBL220,4.0,2005.0,4.0,Cc1ccc(C(=O)C(=O)c2ccccc2)cc1,val,5.41009565256852
CHEMBL372856,CHEMBL220,4.0,2005.0,4.0,COc1ccc(C(=O)C(=O)c2ccc(OC)c([N+](=O)[O-])c2)cc1[N+](=O)[O-],val,5.525620454134874
CHEMBL374130,CHEMBL220,3.979506476544557,2012.0,3.979506476544557,CC(C)=CCC/C(C)=C/Cc1c(O)cc2c(c1O)C(=O)C[C@@H](c1ccc(O)cc1)O2,test,5.756696354674734
CHEMBL3751866,CHEMBL220,7.11,2016.0,7.11,O=C(NCCCCCCCNc1c2c(nc3ccccc13)CCCC2)c1cc2ccccc2o1,val,7.5802499224794815
CHEMBL3752227,CHEMBL220,5.25,2016.0,5.25,CCN(CCCCCCCCc1cccc(OC)c1)Cc1ccccc1OC,test,5.525620454134874
CHEMBL3752926,CHEMBL220,7.36,2016.0,7.36,COc1cccc2cc(C(=O)NCCCCCCCNc3c4c(nc5ccccc35)CCCC4)oc12,val,7.5802499224794815
CHEMBL3753957,CHEMBL220,6.58,2016.0,6.58,COc1cccc2cc(CN(CCCCCCNc3c4c(nc5ccccc35)CCCC4)Cc3cc4cccc(OC)c4o3)oc12,test,7.5802499224794815
CHEMBL3754146,CHEMBL220,6.38,2016.0,6.38,COc1cccc2cc(C(=O)NCCCCCCCNc3c4c(nc5ccccc35)CCCCC4)oc12,val,7.5802499224794815
CHEMBL3754448,CHEMBL220,5.16,2016.0,5.16,CCN(Cc1cccc2[nH]c3cc(Cl)ccc3c12)C(=O)/C=C/c1ccc(O)c(OC)c1,test,5.525620454134874
CHEMBL3754480,CHEMBL220,6.49,2016.0,6.49,O=C(NCCCCCCCNc1c2c(nc3ccccc13)CCCCC2)c1cc2ccccc2o1,val,7.5802499224794815
CHEMBL3754631,CHEMBL220,4.66,2016.0,4.66,COc1cc(/C=C/C(=O)N(Cc2cccc3[nH]c4ccccc4c23)C(C)C)ccc1O,test,5.525620454134874
CHEMBL3754778,CHEMBL220,5.99,2016.0,5.99,COc1cccc2cc(CN(CCCCCCNc3c4c(nc5ccccc35)CCCCC4)Cc3cc4cccc(OC)c4o3)oc12,val,7.5802499224794815
CHEMBL375976,CHEMBL220,3.2262135550188065,2007.0,3.2262135550188065,CN(CCCCCCCOc1ccc2c(=O)c3ccccc3oc2c1)Cc1cccc(Cl)c1,test,5.41009565256852
CHEMBL376186,CHEMBL220,5.66,2007.0,5.66,COc1ccccc1CN(C)CCCCCCCOc1ccc2c(=O)c3ccccc3oc2c1,test,5.525620454134874
CHEMBL376425,CHEMBL220,5.522878745280337,2006.0,5.522878745280337,CCCC(CC1(C(=O)NC2Cc3ccccc3C2)CCCC1)C(=O)O,val,5.41009565256852
CHEMBL3764305,CHEMBL220,6.21,2016.0,6.21,COc1ccc2c3c1O[C@H]1CC(O)CC[C@@]31CCN(C)C2,test,5.525620454134874
CHEMBL377037,CHEMBL220,5.522878745280337,2006.0,5.522878745280337,CCCC(CC1(C(=O)NC2(CO)Cc3ccccc3C2)CCCC1)C(=O)O,val,5.41009565256852
CHEMBL3770516,CHEMBL220,5.12,2015.0,5.12,O=C(Cc1ccccc1)N1c2ccccc2Sc2ccc(Cl)cc21,test,5.41009565256852
CHEMBL377431,CHEMBL220,5.522878745280337,2006.0,5.522878745280337,CCCC(CC1(C(=O)N[C@H](CO)Cc2ccccc2)CCCC1)C(=O)O,test,5.41009565256852
CHEMBL377618,CHEMBL220,5.522878745280337,2006.0,5.522878745280337,CCCC(CC1(C(=O)NCc2nnc(C)s2)CCCC1)C(=O)O,test,5.41009565256852
CHEMBL3785187,CHEMBL220,3.983802646487561,2016.0,3.983802646487561,COc1ccc(C2N(C)Cc3cc(O)ccc3N2C)cc1,val,5.41009565256852
CHEMBL3785229,CHEMBL220,3.714892970433188,2016.0,3.714892970433188,COc1ccccc1C1N(C)Cc2cc(O)ccc2N1C,val,5.525620454134874
CHEMBL3785481,CHEMBL220,3.4663550212012373,2016.0,3.4663550212012373,CN1Cc2cc(O)ccc2N(C)C1c1cccc2ccccc12,test,5.41009565256852
CHEMBL3785644,CHEMBL220,3.627824713884936,2016.0,3.627824713884936,CN1Cc2cc(O)ccc2N(C)C1c1ccc(Cl)cc1,val,5.41009565256852
CHEMBL3785803,CHEMBL220,3.843450848668218,2016.0,3.843450848668218,Cc1ccccc1C1N(C)Cc2cc(O)ccc2N1C,val,5.41009565256852
CHEMBL3785808,CHEMBL220,3.485452247339714,2016.0,3.485452247339714,CN1Cc2cc(O)ccc2N(C)C1c1ccccc1,val,5.41009565256852
CHEMBL3785861,CHEMBL220,6.07,2016.0,6.07,CCCCCCCNC(=O)Oc1ccc2c(c1)CN(C)C(c1cc[nH]c1)N2C,test,6.204719948814561
CHEMBL3786323,CHEMBL220,3.359518563029578,2016.0,3.359518563029578,Cc1cccc(C2N(C)Cc3cc(O)ccc3N2C)c1,val,5.41009565256852
CHEMBL3786505,CHEMBL220,3.615467384505751,2016.0,3.615467384505751,CN1Cc2cc(O)ccc2N(C)C1c1cccc(Cl)c1,val,5.41009565256852
CHEMBL3786544,CHEMBL220,3.553929064298995,2016.0,3.553929064298995,CCCN1Cc2cc(O)ccc2N(C)C1c1ccccc1,val,5.41009565256852
CHEMBL3786589,CHEMBL220,3.9590023075765095,2016.0,3.9590023075765095,Cc1ccc(C2N(C)Cc3cc(O)ccc3N2C)cc1,val,5.41009565256852
CHEMBL3786655,CHEMBL220,3.935916564036404,2016.0,3.935916564036404,CN1Cc2cc(O)ccc2N(C)C1c1cc[nH]c1,test,5.41009565256852
CHEMBL3786666,CHEMBL220,4.87,2016.0,4.87,CN1Cc2cc(O)ccc2N(C)C1c1c(Cl)cccc1Cl,val,5.41009565256852
CHEMBL3787116,CHEMBL220,5.79,2016.0,5.79,CCCCCCCNC(=O)Oc1ccc2c(c1)CN(C)C(c1ccc(F)cc1)N2C,val,6.204719948814561
CHEMBL3787307,CHEMBL220,3.596879478824182,2016.0,3.596879478824182,CC(C)N1Cc2cc(O)ccc2N(C)C1c1ccccc1,val,5.5081768205792825
CHEMBL3787666,CHEMBL220,3.843450848668218,2016.0,3.843450848668218,CN1Cc2cc(O)ccc2N(C)C1c1ccc(F)cc1,val,5.41009565256852
CHEMBL379935,CHEMBL220,5.522878745280337,2006.0,5.522878745280337,CCCC(CC1(C(=O)Nc2nnc(Cc3ccccc3)s2)CCCC1)C(=O)O,val,5.41009565256852
CHEMBL379950,CHEMBL220,5.522878745280337,2006.0,5.522878745280337,CCCC(CC1(c2nnc(Cc3ccccc3)o2)CCCC1)C(=O)O,val,5.41009565256852
CHEMBL380830,CHEMBL220,6.21,2006.0,6.21,CCNC(=O)Oc1ccc2c(c1)[C@@]1(C)CO[C@H](C1)O2,val,6.473726484007239
CHEMBL3809337,CHEMBL220,5.0,2016.0,5.0,COc1cc2occ(-c3ccc(O)cc3O)c(=O)c2c(O)c1CC=C(C)C,test,5.525620454134874
CHEMBL3818250,CHEMBL220,5.27,2016.0,5.27,COc1cc(CCC(=O)NCCC2CCN(Cc3ccccc3)CC2)ccc1O,test,6.3781093177167545
CHEMBL3818374,CHEMBL220,4.9,2016.0,4.9,O=C(CCCCCCCCc1ccc(O)c(O)c1)c1c(O)ccc(C(CCCCCCCCc2ccc(O)c(O)c2)c2c(O)cccc2O)c1O,test,5.756696354674734
CHEMBL3818801,CHEMBL220,6.0649999999999995,2016.0,6.0649999999999995,O=C1/C(=C/C2CCN(Cc3ccccc3)CC2)Cc2cc3c(cc21)OCO3,test,5.836078049540918
CHEMBL3819024,CHEMBL220,4.51,2016.0,4.51,O=C(CCCCCCCCc1ccc(O)c(O)c1)c1c(O)ccc(C(CCCCCCCCc2ccc(O)cc2)c2c(O)cccc2O)c1O,test,5.756696354674734
CHEMBL3822559,CHEMBL220,5.42,2016.0,5.42,O=C(CC1CCN(Cc2ccccc2)CC1)NCCc1c[nH]c2ccccc12,test,5.462585614318426
CHEMBL3822670,CHEMBL220,5.31,2016.0,5.31,Cc1ccc(CN2CCC(CC(=O)NCCc3c[nH]c4ccccc34)CC2)cc1,test,5.462585614318426
CHEMBL3822790,CHEMBL220,5.03,2016.0,5.03,COc1ccc2[nH]cc(CCNC(=O)CC3CCN(Cc4ccc(C)cc4)CC3)c2c1,test,5.462585614318426
CHEMBL3822890,CHEMBL220,5.45,2016.0,5.45,Cc1ccccc1CN1CCC(C(=O)NCCc2c[nH]c3ccccc23)CC1,test,5.41009565256852
CHEMBL3823197,CHEMBL220,5.08,2016.0,5.08,O=C(CCc1c[nH]c2ccccc12)NC1CCN(Cc2ccccc2)CC1,test,5.836078049540918
CHEMBL3823317,CHEMBL220,5.44,2016.0,5.44,COc1ccc2[nH]cc(CCNC(=O)CC3CCN(Cc4ccccc4C)CC3)c2c1,test,5.462585614318426
CHEMBL3823464,CHEMBL220,5.33,2016.0,5.33,Cc1cccc(CN2CCC(CC(=O)NCCc3c[nH]c4ccccc34)CC2)c1,test,5.462585614318426
CHEMBL3823538,CHEMBL220,4.87,2016.0,4.87,COc1ccc2[nH]cc(CCNC(=O)CC3CCN(Cc4cccc(C)c4)CC3)c2c1,test,5.462585614318426
CHEMBL3823578,CHEMBL220,5.13,2016.0,5.13,COc1ccc2[nH]cc(CCNC(=O)C3CCN(Cc4ccccc4C)CC3)c2c1,test,5.41009565256852
CHEMBL3824057,CHEMBL220,5.11,2016.0,5.11,O=C(NCCc1c[nH]c2ccccc12)C1CCN(Cc2ccccc2)CC1,test,5.41009565256852
CHEMBL382423,CHEMBL220,7.8,2006.0,7.8,C/C=C1\C2C=C(C)C[C@]1(N)CC(NCCCCCCCNc1c3c(nc4ccccc14)CCCC3)C2,test,7.5802499224794815
CHEMBL3824239,CHEMBL220,5.81,2016.0,5.81,Cc1ccccc1CN1CCC(CC(=O)NCCc2c[nH]c3ccccc23)CC1,test,5.462585614318426
CHEMBL3824362,CHEMBL220,4.91,2016.0,4.91,COc1ccc2[nH]cc(CCNC(=O)C3CCN(Cc4ccccc4)CC3)c2c1,test,5.41009565256852
CHEMBL3826998,CHEMBL220,3.802719441874381,2016.0,3.802719441874381,CCCCCCCNC(=O)Oc1ccc(-n2cc(COc3ccc4ccc(=O)oc4c3)nn2)cc1,test,5.871289924687602
CHEMBL3827220,CHEMBL220,6.04,2016.0,6.04,O=C(NCCCCCc1ccccc1)Oc1cccc(Cn2cc(COc3ccc4ccc(=O)oc4c3)nn2)c1,test,6.010537217759476
CHEMBL3827288,CHEMBL220,7.67,2016.0,7.67,CCCCCCCNC(=O)Oc1cccc(CN(C)CCCOc2ccc3c4c(c(=O)oc3c2)CCCC4)c1,test,7.500396214194842
CHEMBL3827734,CHEMBL220,7.05,2016.0,7.05,CN(CCCOc1ccc2c3c(c(=O)oc2c1)CCCC3)Cc1cccc(OC(=O)NCCCCCc2ccccc2)c1,test,7.500396214194842
CHEMBL3827765,CHEMBL220,5.42,2016.0,5.42,CCCCCCc1ccc(NC(=O)Oc2cccc(CN(C)CCCOc3ccc4ccc(=O)oc4c3)c2)cc1,test,7.500396214194842
CHEMBL3828054,CHEMBL220,6.59,2016.0,6.59,O=C(NCCCCCc1ccccc1)Oc1ccc(Cn2cc(COc3ccc4ccc(=O)oc4c3)nn2)cc1,val,5.871289924687602
CHEMBL3828281,CHEMBL220,5.93,2016.0,5.93,O=C(NCCCCCc1ccccc1)Oc1cccc(-n2cc(COc3ccc4ccc(=O)oc4c3)nn2)c1,test,6.010537217759476
CHEMBL3828293,CHEMBL220,7.05,2016.0,7.05,CN(CCCCCOc1ccc2ccc(=O)oc2c1)Cc1cccc(OC(=O)NCCCCCc2ccccc2)c1,test,7.500396214194842
CHEMBL3828443,CHEMBL220,6.15,2016.0,6.15,CCCCCCCNC(=O)Oc1cccc(-n2cc(COc3ccc4ccc(=O)oc4c3)nn2)c1,test,6.010537217759476
CHEMBL3828586,CHEMBL220,4.18,2016.0,4.18,NC(=O)c1cc[n+](CCCCC[n+]2cccc(NC(=O)/C=N\O)c2)cc1.[Br-].[Br-],test,4.193672091482517
CHEMBL3828693,CHEMBL220,7.95,2016.0,7.95,CCCCCCCNC(=O)Oc1cccc(CN(C)CCCCCOc2ccc3ccc(=O)oc3c2)c1,test,7.500396214194842
CHEMBL383242,CHEMBL220,5.26,2006.0,5.26,COc1ccc(CC2=[N+](C)CCc3cc(OC)c(OC)cc32)cc1OC,test,5.525620454134874
CHEMBL385130,CHEMBL220,7.82,2004.0,7.82,CCN(CCCCCC(=O)N(C)CCCCCCCCN(C)C(=O)CCCCCN(CC)Cc1ccccc1OC)Cc1ccccc1OC.O=C(O)C(=O)O,test,5.872221156241087
CHEMBL385269,CHEMBL220,7.29,2006.0,7.29,COc1cc(C(=O)NCC(=O)NNc2c3c(nc4ccccc24)CCCC3)cc(OC)c1OC,test,5.981609797166927
CHEMBL386053,CHEMBL220,5.522878745280337,2006.0,5.522878745280337,CCCC(CC1(C(=O)NCc2ccc3c(c2)OCO3)CCCC1)C(=O)O,test,5.41009565256852
CHEMBL387849,CHEMBL220,3.8096683018297086,2007.0,3.8096683018297086,COc1ccc(CN(C)CCCCCCCOc2ccc3c(=O)c4ccccc4oc3c2)c(OC)c1OC,test,5.525620454134874
CHEMBL3884690,CHEMBL220,8.21,2016.0,8.21,O=S(=O)(c1ccccc1)n1ccc2c(N3CCN(CCCCCCCNc4c5c(nc6ccccc46)CCCC5)CC3)cccc21,test,7.5802499224794815
CHEMBL388575,CHEMBL220,6.75,2010.0,6.75,O=C(NCCCCCNc1c2c(nc3cc(Cl)ccc13)CCCC2)c1c[nH]c2ccccc12,test,7.977255816806988
CHEMBL388615,CHEMBL220,7.02,2010.0,7.02,O=C(NCCCCCCCNc1c2c(nc3cc(Cl)ccc13)CCCC2)c1n[nH]c2ccccc12,val,7.977255816806988
CHEMBL388883,CHEMBL220,4.0,2007.0,4.0,O=C(C(=O)c1cc(C(F)(F)F)ccc1C(F)(F)F)c1cc(C(F)(F)F)ccc1C(F)(F)F,val,5.41009565256852
CHEMBL3889625,CHEMBL220,5.07,2016.0,5.07,COc1cc2c(cc1OC)C(=O)C(CC1CCN(Cc3ccc4ccccc4n3)CC1)C2,test,5.622328367035209
CHEMBL3889713,CHEMBL220,5.24,2016.0,5.24,COC(=O)c1cccc(CN2CCC(CC3Cc4cc(OC)c(OC)cc4C3=O)CC2)n1,val,5.622328367035209
CHEMBL3890758,CHEMBL220,5.31,2016.0,5.31,COc1cc2c(cc1OC)C(=O)C(CC1CCN(Cc3ccccc3C(F)(F)F)CC1)C2,test,5.622328367035209
CHEMBL3891025,CHEMBL220,5.08,2017.0,5.08,COc1cc(/C=C/C(=O)Nc2ccc(CN(C)Cc3ccccc3)cc2)ccc1O,val,5.525620454134874
CHEMBL3891369,CHEMBL220,6.95,2016.0,6.95,COc1cc2c(cc1OC)C(=O)C(CC1CCN(Cc3ncccc3C)CC1)C2,val,5.493239411681935
CHEMBL3892118,CHEMBL220,5.39,2016.0,5.39,C#CCN(CCC1CCN(Cc2ccccc2)CC1)Cc1ccc2cccc(O)c2n1,test,6.060100539634407
CHEMBL3892502,CHEMBL220,5.26,2016.0,5.26,COc1cc2c(cc1OC)C(=O)C(CC1CCN(Cc3ccc(C(F)(F)F)cc3)CC1)C2,test,5.622328367035209
CHEMBL389668,CHEMBL220,3.860120913598763,2007.0,3.860120913598763,COc1cccc(CN(C)CCCCCCCOc2ccc3c(=O)c4ccccc4oc3c2)c1OC,test,5.525620454134874
CHEMBL3900401,CHEMBL220,6.09,2016.0,6.09,COc1cc2c(cc1OC)C(=O)C(CC1CCN(Cc3ncc(C)cc3C)CC1)C2,val,5.493239411681935
CHEMBL3900977,CHEMBL220,6.08,2016.0,6.08,CC1=C(C(=O)OC(C)C)C(c2cncnc2)c2c(nc3c(c2N)CC(C)(C)CC3)N1,test,5.41009565256852
CHEMBL3901082,CHEMBL220,4.19,2016.0,4.19,C#CCN(Cc1ccc2cccc(O)c2n1)C(C#N)C1CCN(Cc2ccccc2)CC1,test,5.41009565256852
CHEMBL3910142,CHEMBL220,7.68,2016.0,7.68,C#CCN(Cc1ccc2cccc(O)c2n1)C(C#N)CCC1CCN(Cc2ccccc2)CC1,test,6.060100539634407
CHEMBL3910513,CHEMBL220,6.83,2016.0,6.83,COc1cc2c(cc1OC)C(=O)C(CC1CCN(Cc3ccccn3)CC1)C2,val,5.493239411681935
CHEMBL3913078,CHEMBL220,5.96,2015.0,5.96,CC(=O)/C(=N\O)C(=O)Nc1cnc2c(c1)CC(N(C)CCc1ccccc1)CC2,test,5.41009565256852
CHEMBL391356,CHEMBL220,4.301029995663981,2007.0,4.301029995663981,CN(C(=O)Oc1ccc(Oc2c(Cl)cncc2Cl)cc1)c1ccccc1,test,5.41009565256852
CHEMBL3917990,CHEMBL220,5.465,2016.0,5.465,COc1ccc(/C=C/C(=O)Nc2ccc(CN(C)Cc3ccccc3)cc2)cc1OC,val,5.525620454134874
CHEMBL3919086,CHEMBL220,5.33,2016.0,5.33,COc1cccc(/C=C/C(=O)Nc2ccc(CN(C)Cc3ccccc3)cc2)c1,val,5.41009565256852
CHEMBL3919441,CHEMBL220,7.14,2016.0,7.14,COc1cc2c(cc1OC)C(=O)C(CC1CCN(Cc3cccc(C)n3)CC1)C2,val,5.622328367035209
CHEMBL392385,CHEMBL220,4.301029995663981,2007.0,4.301029995663981,CN(C(=O)Oc1ccc(Oc2ccc(C(F)(F)F)cn2)cc1)c1cccc(Cl)c1,test,5.41009565256852
CHEMBL392577,CHEMBL220,8.46,2011.0,8.46,O=C(c1c2ccccc2cc2ccccc12)N1c2ccccc2Sc2ccccc21,test,5.41009565256852
CHEMBL3926911,CHEMBL220,5.54,2016.0,5.54,COc1cc2c(cc1OC)C(=O)C(CC1CCN(Cc3ccc(Cl)cc3)CC1)C2,test,5.622328367035209
CHEMBL3927363,CHEMBL220,7.27,2016.0,7.27,COc1cc2c(cc1OC)C(=O)C(CC1CCN(Cc3cccc(F)c3)CC1)C2,test,5.622328367035209
CHEMBL3928343,CHEMBL220,6.71,2016.0,6.71,COc1cc2c(cc1OC)C(=O)C(CC1CCN(Cc3cccc(F)n3)CC1)C2,val,5.622328367035209
CHEMBL3931599,CHEMBL220,5.01,2016.0,5.01,C#CCN(Cc1ccc2cccc(O)c2n1)CC1CCN(Cc2ccccc2)CC1,test,5.570559233208476
CHEMBL3933395,CHEMBL220,7.01,2016.0,7.01,COc1cc2c(cc1OC)C(=O)C(CC1CCN(Cc3ccccc3Cl)CC1)C2,test,5.622328367035209
CHEMBL3934564,CHEMBL220,4.53,2016.0,4.53,COc1cc2c(cc1OC)C(=O)C(CC1CCN(Cc3ccc4cccc(O)c4n3)CC1)C2,test,5.622328367035209
CHEMBL3936989,CHEMBL220,5.06,2016.0,5.06,COc1ccc(/C=C/C(=O)Nc2ccc(CN(C)Cc3ccccc3)cc2)c(OC)c1,val,5.525620454134874
CHEMBL3939698,CHEMBL220,3.3010299956639813,2016.0,3.3010299956639813,Fc1ccccc1COc1ccccc1CNCCN1CCOCC1,val,5.525620454134874
CHEMBL3943450,CHEMBL220,7.5,2016.0,7.5,COc1cc2c(cc1OC)C(=O)C(CC1CCN(Cc3ccccc3F)CC1)C2,test,5.622328367035209
CHEMBL3944652,CHEMBL220,6.05,2016.0,6.05,COc1cc2c(cc1OC)C(=O)C(CC1CCN(Cc3cccc(Cl)n3)CC1)C2,val,5.622328367035209
CHEMBL394753,CHEMBL220,5.13,2015.0,5.13,O=C(Cc1ccccc1)N1c2ccccc2Sc2ccccc21,test,5.41009565256852
CHEMBL3949439,CHEMBL220,5.46,2016.0,5.46,CN(Cc1ccccc1)Cc1ccc(NC(=O)/C=C/c2cccc(O)c2)cc1,val,5.41009565256852
CHEMBL3950063,CHEMBL220,4.68,2016.0,4.68,COc1cc2c(cc1OC)C(=O)C(CC1CCN(Cc3ccc(O)c4ncccc34)CC1)C2,test,5.493239411681935
CHEMBL3950130,CHEMBL220,6.01,2017.0,6.01,CC(C)Cc1ccc(/C=C2\Oc3ccccc3C2=O)cc1,test,5.41009565256852
CHEMBL395018,CHEMBL220,4.0,2007.0,4.0,O=C(C(=O)c1cccc(F)c1F)c1cccc(F)c1F,val,5.41009565256852
CHEMBL395019,CHEMBL220,4.0,2007.0,4.0,O=C(C(=O)c1cccc(C(F)(F)F)c1)c1cccc(C(F)(F)F)c1,val,5.686782563971077
CHEMBL395280,CHEMBL220,7.33,1996.0,7.33,C/C=C1\[C@H]2C=C(C)C[C@]1(N)c1ccc(=O)[nH]c1C2,test,5.41009565256852
CHEMBL395652,CHEMBL220,4.0,2007.0,4.0,Cc1cc(C)c(C(=O)C(=O)c2c(C)cc(C)cc2C)c(C)c1,val,5.41009565256852
CHEMBL3960861,CHEMBL220,6.94,2016.0,6.94,COc1cc2c(cc1OC)C(=O)C(CC1CCN(Cc3cccc(Cl)c3)CC1)C2,test,5.622328367035209
CHEMBL3961103,CHEMBL220,5.82,2016.0,5.82,C#CCN(CCCC1CCN(Cc2ccccc2)CC1)Cc1ccc2cccc(O)c2n1,test,6.060100539634407
CHEMBL3961494,CHEMBL220,5.67,2016.0,5.67,COc1cc2c(cc1OC)C(=O)C(CC1CCN(Cc3cccc(C(F)(F)F)c3)CC1)C2,test,5.622328367035209
CHEMBL3965046,CHEMBL220,4.51,2016.0,4.51,CCN1CCN(C2CCN(C(=O)COc3ccc(-c4ccccc4)cc3)CC2)CC1,test,5.41009565256852
CHEMBL3972214,CHEMBL220,5.48,2016.0,5.48,C#CCN(Cc1ccc2cccc(O)c2n1)C(C#N)CC1CCN(Cc2ccccc2)CC1,test,5.570559233208476
CHEMBL3973337,CHEMBL220,5.7,2016.0,5.7,COc1cc2c(cc1OC)C(=O)C(CC1CCN(Cc3cccc(Br)n3)CC1)C2,val,5.622328367035209
CHEMBL397739,CHEMBL220,4.0,2007.0,4.0,O=C(C(=O)c1ccc(F)c(F)c1)c1ccc(F)c(F)c1,val,5.41009565256852
CHEMBL3978533,CHEMBL220,5.29,2016.0,5.29,COc1ccc(/C=C/C(=O)Nc2ccc(CN(C)Cc3ccccc3)cc2)cc1,val,5.41009565256852
CHEMBL3983878,CHEMBL220,6.01,2016.0,6.01,CC1=C(C(=O)OCC2CC2)C(c2ccccc2Cl)c2c(nc3c(c2N)CC(C)(C)CC3)N1,test,5.829443183237055
CHEMBL3985059,CHEMBL220,7.39,2016.0,7.39,COc1cc2c(cc1OC)C(=O)C(CC1CCN(Cc3ccc(F)cc3)CC1)C2,test,5.622328367035209
CHEMBL399040,CHEMBL220,5.92,2012.0,5.92,CCOC(=O)c1c(C)nc2nc3c(c(N)c2c1-c1cccc(OC)c1)CCCC3,test,5.41009565256852
CHEMBL399121,CHEMBL220,2.606231819841255,2012.0,2.606231819841255,COc1ccc([C@@H]2CC(=O)c3c(O)cc(O)cc3O2)cc1O,test,5.525620454134874
CHEMBL400675,CHEMBL220,6.03,2012.0,6.03,CCOC(=O)c1c(C)nc2nc3c(c(N)c2c1-c1cccc([N+](=O)[O-])c1)CCCC3,test,5.41009565256852
CHEMBL403260,CHEMBL220,7.44,2008.0,7.44,CCN(CCCCCC(=O)Nc1ccc(-c2ccc(NC(=O)CCCCCN(CC)Cc3ccccc3OC)cc2)cc1)Cc1ccccc1OC,test,5.872221156241087
CHEMBL4059684,CHEMBL220,5.5,2017.0,5.5,CCN(CC)CCCCCCCCOc1ccc(/C=C/C(=O)O)cc1OC,val,5.525620454134874
CHEMBL4059887,CHEMBL220,5.22,2017.0,5.22,COc1cc2c(cc1OC)C(=O)/C(=C/c1ccc(CN3CCOCC3)c(O)c1)O2,test,5.525620454134874
CHEMBL4060687,CHEMBL220,5.07,2017.0,5.07,COc1ccc(CNc2nc(NC(N)=O)nc3ccccc23)cc1OC,test,5.525620454134874
CHEMBL4060800,CHEMBL220,5.36,2017.0,5.36,N#CC1=C(N)N(Cc2ccccc2)C(NCc2ccccc2)=C([N+](=O)[O-])C12c1ccccc1-c1nc3ccc([N+](=O)[O-])cc3nc12,test,5.41009565256852
CHEMBL4060972,CHEMBL220,5.301029995663981,2017.0,5.301029995663981,COc1ncccc1/C=C/c1ccc2ccccc2[n+]1C.[I-],test,5.41009565256852
CHEMBL4061746,CHEMBL220,5.12,2017.0,5.12,CC(=O)Nc1nc(NCc2ccccc2)c2ccccc2n1,test,5.41009565256852
CHEMBL4062146,CHEMBL220,5.18,2017.0,5.18,Cc1cc2nc3c(nc2cc1C)C1(C(C#N)=C(N)N2CCNC2=C1[N+](=O)[O-])c1ccccc1-3,test,5.41009565256852
CHEMBL4063045,CHEMBL220,5.08,2017.0,5.08,COc1cc(/C=C/C(=O)Nc2ccccc2)ccc1OCCCCCCN(C)C,val,5.525620454134874
CHEMBL4063109,CHEMBL220,3.1646265475299913,2017.0,3.1646265475299913,COc1cc2c(cc1OC)C(c1ccccc1)N(CC1CCN(Cc3cc(F)cc(/C=N/O)c3O)CC1)CC2,test,4.055582838373885
CHEMBL4063583,CHEMBL220,8.42,2017.0,8.42,COc1cc2c(cc1OC)C(=O)/C(=C/c1cc[n+](Cc3ccccc3Br)cc1)C2.[Br-],val,5.872221156241087
CHEMBL4063663,CHEMBL220,4.61,2017.0,4.61,COc1cc(/C=C/C(=O)Nc2ccccc2)ccc1OCCCCN1CCCC1,test,5.525620454134874
CHEMBL4063877,CHEMBL220,7.32,2017.0,7.32,CN1CCN(Cc2ccc3c(c2)C(=O)C(=O)N3C(=O)c2ccccc2)CC1,val,5.41009565256852
CHEMBL4064304,CHEMBL220,3.264880365918128,2017.0,3.264880365918128,COc1cc(/C=N/O)c(O)c(CN2CCC(CN3CCc4cc(OC)c(OC)cc4C3c3ccccc3)CC2)c1,test,4.055582838373885
CHEMBL4064806,CHEMBL220,3.9208187539523753,2017.0,3.9208187539523753,COc1ccccc1NC(=S)NCCN(C)C,val,5.525620454134874
CHEMBL4064846,CHEMBL220,4.39,2017.0,4.39,CCN(CC)CCOc1ccc(/C=C/C(=O)Nc2ccccc2)cc1OC,val,5.525620454134874
CHEMBL4065242,CHEMBL220,2.9492336887669577,2017.0,2.9492336887669577,COc1cc2c(cc1OC)C(c1ccccc1)N(Cc1cc(C)cc(/C=N/O)c1O)CC2,val,3.9538274133728812
CHEMBL4065639,CHEMBL220,6.0,2017.0,6.0,COC(=O)C(=O)c1cc(C)ccc1NC(=O)c1ccccc1,val,5.41009565256852
CHEMBL4065799,CHEMBL220,4.47,2017.0,4.47,COc1cc(/C=C/C(=O)Nc2ccccc2)ccc1OCCCN(C)C,val,5.525620454134874
CHEMBL4066365,CHEMBL220,5.074999999999999,2017.0,5.074999999999999,CCO[P@](=O)(SCC)c1ccccc1,val,5.41009565256852
CHEMBL4066891,CHEMBL220,3.0265026912679365,2017.0,3.0265026912679365,COc1cc2c(cc1OC)C(c1ccccc1)N(CC1CCN(Cc3cc(Cl)cc(/C=N/O)c3O)CC1)CC2,test,4.055582838373885
CHEMBL4067497,CHEMBL220,5.76,2017.0,5.76,Nc1c2c(nc3c1C(c1ccccc1)c1ccc4cccnc4c1O3)CCCC2,test,5.41009565256852
CHEMBL4067562,CHEMBL220,4.72,2017.0,4.72,CCN(CC)CCCCCOc1ccc(/C=C/C(=O)Nc2ccccc2)cc1OC,val,5.525620454134874
CHEMBL4068410,CHEMBL220,6.12,2017.0,6.12,CC(C)c1ccc(NC(=O)Oc2ccc3c(c2)[C@]2(C)CCC(C)[C@@H]2C3C)cc1,val,6.253866816868773
CHEMBL4068888,CHEMBL220,7.35,2017.0,7.35,CCN(CC)Cc1ccc(NC(=O)c2ccccc2)c(C(=O)C(=O)N(CC)CC)c1,val,5.41009565256852
CHEMBL4069184,CHEMBL220,6.29,2017.0,6.29,COc1cc2c(cc1OC)C(=O)/C(=C/c1ccc(O)c(CN(C)C)c1)O2,test,5.525620454134874
CHEMBL4069385,CHEMBL220,5.15,2017.0,5.15,COc1cc(/C=C/C(=O)Nc2ccccc2)ccc1OCCCCN1CCCCC1,val,5.525620454134874
CHEMBL4069847,CHEMBL220,2.9415739755429944,2017.0,2.9415739755429944,CCCCN(CC(=O)NC(C)C)C(=O)CCCCCn1ccnc1/C=N/O,test,3.777870327754415
CHEMBL4070182,CHEMBL220,6.1,2017.0,6.1,COc1ccc(CNc2c3c(nc4cc(Cl)ccc24)CCCC3)cc1OC,test,5.976456679015872
CHEMBL4070471,CHEMBL220,7.22,2017.0,7.22,COc1cc2c(cc1OC)C(=O)/C(=C/c1cc[n+](Cc3ccc([N+](=O)[O-])cc3)cc1)C2.[Br-],val,5.872221156241087
CHEMBL4071149,CHEMBL220,5.0,2017.0,5.0,CCOC(=O)CC[C@H](NC(=O)OCc1ccccc1)C(=O)OCC,val,5.756696354674734
CHEMBL4072405,CHEMBL220,5.71,2017.0,5.71,CCOC(=O)/C=C/c1ccc(OCCCCCCN(CC)CC)c(OC)c1,val,5.525620454134874
CHEMBL4073193,CHEMBL220,5.14,2017.0,5.14,NC(=O)Cc1nc(NCc2ccccc2)c2ccccc2n1,test,5.41009565256852
CHEMBL4073287,CHEMBL220,8.39,2017.0,8.39,COc1cc2c(cc1OC)C(=O)/C(=C/c1cc[n+](Cc3ccc(F)cc3)cc1)C2.[Br-],val,5.872221156241087
CHEMBL4073582,CHEMBL220,6.0,2017.0,6.0,Cc1ccc2c(c1)C(=O)C(=O)N2C(=O)c1ccccc1,test,5.41009565256852
CHEMBL4073838,CHEMBL220,3.0420098215931697,2017.0,3.0420098215931697,COc1cc2c(cc1OC)C(c1ccccc1)N(Cc1cccc(/C=N/O)c1O)CC2,val,3.9538274133728812
CHEMBL4074566,CHEMBL220,5.28,2017.0,5.28,N#CC1=C(N)N(Cc2ccccc2)C(NCc2ccccc2)=C([N+](=O)[O-])C12c1ccccc1-c1nc3ccccc3nc12,test,5.41009565256852
CHEMBL4075021,CHEMBL220,4.34,2017.0,4.34,COc1cc(/C=C/C(=O)O)ccc1OCCCCCCN1CCCCC1,test,5.525620454134874
CHEMBL4075136,CHEMBL220,4.34,2017.0,4.34,COc1ccc(NC(=S)NCCN(C)C)cc1Cl,val,5.525620454134874
CHEMBL4075571,CHEMBL220,6.16,2017.0,6.16,CCN(CC)Cc1ccc(/C=C2\Oc3cc(OC)c(OC)cc3C2=O)cc1O,test,5.525620454134874
CHEMBL4075624,CHEMBL220,4.78,2017.0,4.78,CN1c2ccccc2C(n2cnc([N+](=O)[O-])n2)c2ccccc21,test,5.41009565256852
CHEMBL4075825,CHEMBL220,5.105,2017.0,5.105,CN1c2ccccc2C(n2cncn2)c2ccccc21,test,5.41009565256852
CHEMBL4076034,CHEMBL220,5.66,2017.0,5.66,COc1ccc(CNc2c3c(nc4ccccc24)CCCC3)cc1OC,test,5.761100575284056
CHEMBL4076580,CHEMBL220,9.1,2017.0,9.1,COc1cc2c(cc1OC)C(=O)/C(=C/c1cc[n+](Cc3ccccc3F)cc1)C2.[Br-],val,5.872221156241087
CHEMBL4076907,CHEMBL220,3.122225650008602,2017.0,3.122225650008602,COc1cc2c(cc1OC)C(c1ccccc1)N(Cc1cc(F)cc(/C=N/O)c1O)CC2,val,3.9538274133728812
CHEMBL4076986,CHEMBL220,7.73,2017.0,7.73,COc1cc2c(cc1OC)C(=O)/C(=C/c1cc[n+](Cc3ccc(C)cc3)cc1)C2.[Br-],val,5.872221156241087
CHEMBL4077088,CHEMBL220,5.2,2017.0,5.2,CCNc1nc(NCc2ccc(OC)c(OC)c2)c2ccccc2n1,test,5.525620454134874
CHEMBL4078463,CHEMBL220,4.62,2017.0,4.62,CCN(CC)CCCOc1ccc(/C=C/C(=O)Nc2ccccc2)cc1OC,val,5.525620454134874
CHEMBL4079345,CHEMBL220,5.12,2017.0,5.12,CCNc1nc(NCc2ccccc2)c2ccccc2n1,test,5.41009565256852
CHEMBL4080800,CHEMBL220,4.698970004336019,2017.0,4.698970004336019,Cc1ccc(C2c3ccccc3N(C)c3ccccc32)cc1,test,5.41009565256852
CHEMBL4081013,CHEMBL220,5.08,2017.0,5.08,NC(=O)Nc1nc(NCc2ccccc2)c2ccccc2n1,test,5.41009565256852
CHEMBL4081795,CHEMBL220,5.06,2017.0,5.06,Oc1cc(O)cc(/C=C/c2ccc(Nc3c4c(nc5cc(Cl)ccc35)CCCC4)cc2)c1,val,5.860931877449518
CHEMBL4082048,CHEMBL220,8.28,2017.0,8.28,COc1cc2c(cc1OC)C(=O)/C(=C/c1cc[n+](Cc3cccc(Br)c3)cc1)C2.[Br-],val,5.872221156241087
CHEMBL4083039,CHEMBL220,7.16,2017.0,7.16,COc1cc2c(cc1OC)C(=O)/C(=C/c1cc[n+](Cc3ccc(Br)cc3)cc1)C2.[Br-],val,5.872221156241087
CHEMBL4083524,CHEMBL220,5.25,2017.0,5.25,CCCNc1nc(NCc2ccc(OC)c(OC)c2)c2ccccc2n1,test,5.525620454134874
CHEMBL4083875,CHEMBL220,5.19,2017.0,5.19,N#CC1=C(N)N2CCNC2=C([N+](=O)[O-])C12c1ccccc1-c1nc3ccc([N+](=O)[O-])cc3nc12,test,5.41009565256852
CHEMBL4084189,CHEMBL220,3.0403386297265045,2017.0,3.0403386297265045,COc1cc(/C=N/O)c(O)c(CN2CCc3cc(OC)c(OC)cc3C2c2ccccc2)c1,val,3.9538274133728812
CHEMBL4084714,CHEMBL220,5.05,2017.0,5.05,COc1cc(/C=C/C(=O)Nc2ccccc2)ccc1OCCCCCCCCN(C)C,val,5.525620454134874
CHEMBL4084842,CHEMBL220,8.4,2017.0,8.4,COc1cc2c(cc1OC)C(=O)/C(=C/c1cc[n+](Cc3cccc(C)c3)cc1)C2.[Br-],val,5.872221156241087
CHEMBL4085671,CHEMBL220,3.997833938243492,2017.0,3.997833938243492,COc1cc(/C=C/C(=O)Nc2ccccc2)ccc1OCCCCN(C)C,val,5.525620454134874
CHEMBL4085738,CHEMBL220,5.82,2017.0,5.82,COc1ccc(C2c3ccc4cccnc4c3Oc3nc4c(c(N)c32)CCCC4)cc1,test,5.41009565256852
CHEMBL4086323,CHEMBL220,5.0,2017.0,5.0,COc1cc(/C=C/C(=O)Nc2ccccc2)ccc1OCCCCCCCCCCN(C)C,val,5.525620454134874
CHEMBL4086639,CHEMBL220,3.1305335899191333,2017.0,3.1305335899191333,COc1cc2c(cc1OC)C(c1ccccc1)N(CC1CCN(Cc3cccc(/C=N/O)c3O)CC1)CC2,test,4.055582838373885
CHEMBL4087300,CHEMBL220,4.83,2017.0,4.83,CCN(CC)CCCCCCCCCCOc1ccc(/C=C/C(=O)Nc2ccccc2)cc1OC,val,5.525620454134874
CHEMBL4087841,CHEMBL220,3.6989700043360183,2017.0,3.6989700043360183,COc1ccc(NC(=S)NCCN(C)C)cc1,val,5.41009565256852
CHEMBL4087978,CHEMBL220,5.81,2017.0,5.81,CCOC(=O)/C=C/c1ccc(OCCCCCCCCN(CC)CC)c(OC)c1,val,5.525620454134874
CHEMBL4088116,CHEMBL220,3.3010299956639813,2017.0,3.3010299956639813,COc1cc(/C=C/C(=O)Nc2ccccc2)ccc1O,val,5.525620454134874
CHEMBL4089155,CHEMBL220,5.301029995663981,2017.0,5.301029995663981,C[n+]1c(/C=C/c2cccnc2)ccc2ccccc21.[I-],test,5.41009565256852
CHEMBL4089264,CHEMBL220,6.23,2017.0,6.23,CCN(CCCCCCN1C(=O)c2ccccc2C1=O)Cc1ccccc1OC,test,5.525620454134874
CHEMBL4089910,CHEMBL220,5.59,2021.0,5.59,Cc1cc2c(c(C)c1CCO[C@@H]1O[C@H](CO)[C@@H](O)[C@H](O)[C@H]1O)C(=O)[C@H](C)C2,test,5.41009565256852
CHEMBL4090583,CHEMBL220,4.61,2017.0,4.61,COc1cc2c(cc1OC)C(=O)/C(=C/c1ccc(CN(C)C)c(O)c1)O2,test,5.525620454134874
CHEMBL4091001,CHEMBL220,3.009927665307847,2017.0,3.009927665307847,COc1cc2c(cc1OC)C(c1ccccc1)N(CC1CCN(Cc3cc(Br)cc(/C=N/O)c3O)CC1)CC2,test,4.055582838373885
CHEMBL4091317,CHEMBL220,5.07,2017.0,5.07,COc1ccc(CNc2nc(NC(C)=O)nc3ccccc23)cc1OC,test,5.525620454134874
CHEMBL4091945,CHEMBL220,3.047788941891331,2017.0,3.047788941891331,COc1cc2c(cc1OC)C(c1ccccc1)N(Cc1cc(Br)cc(/C=N/O)c1O)CC2,val,3.9538274133728812
CHEMBL4092905,CHEMBL220,2.918292729902651,2017.0,2.918292729902651,COc1cc2c(cc1OC)C(c1ccccc1)N(Cc1cc(Cl)cc(/C=N/O)c1O)CC2,val,3.9538274133728812
CHEMBL4093201,CHEMBL220,2.8239087409443187,2017.0,2.8239087409443187,CSP(C)(=O)OC(C)C,test,5.41009565256852
CHEMBL4093408,CHEMBL220,4.63,2017.0,4.63,COc1cc(/C=C/C(=O)Nc2ccccc2)ccc1OCCN(C)C,val,5.525620454134874
CHEMBL4093928,CHEMBL220,3.823908740944318,2017.0,3.823908740944318,CCO[P@@](=O)(SCC)c1ccccc1,val,5.41009565256852
CHEMBL4094380,CHEMBL220,3.280088935801661,2017.0,3.280088935801661,COc1cc2c(cc1OC)C(c1ccccc1)N(CC1CCN(Cc3cc(C)cc(/C=N/O)c3O)CC1)CC2,test,4.055582838373885
CHEMBL4094761,CHEMBL220,5.58,2017.0,5.58,CCOC(=O)/C=C/c1ccc(OCCCCCCN2CCCCC2)c(OC)c1,test,5.525620454134874
CHEMBL4094833,CHEMBL220,5.0,2017.0,5.0,CCOC(=O)CC[C@@H](NC(=O)OCc1ccccc1)C(=O)OCC,val,5.756696354674734
CHEMBL4094837,CHEMBL220,4.698970004336019,2017.0,4.698970004336019,COc1ccc(C2c3ccccc3N(C)c3ccccc32)cc1,test,5.41009565256852
CHEMBL4094981,CHEMBL220,5.74,2017.0,5.74,CCN(CC)CCCCCCOc1ccc(/C=C/C(=O)Nc2ccccc2)cc1OC,val,5.525620454134874
CHEMBL4095032,CHEMBL220,5.24,2017.0,5.24,Cc1cc2nc3c(nc2cc1C)C1(C(C#N)=C(N)N(Cc2ccccc2)C(NCc2ccccc2)=C1[N+](=O)[O-])c1ccccc1-3,test,5.41009565256852
CHEMBL4095035,CHEMBL220,8.54,2017.0,8.54,COc1cc2c(cc1OC)C(=O)/C(=C/c1cc[n+](Cc3cccc(F)c3)cc1)C2.[Br-],val,5.872221156241087
CHEMBL4095755,CHEMBL220,7.66,2017.0,7.66,CC1CC[C@@]2(C)c3cc(OC(=O)Nc4ccccc4)ccc3C(C)[C@@H]12,val,6.473726484007239
CHEMBL4095908,CHEMBL220,6.09,2017.0,6.09,COc1cccc(C2c3ccc4cccnc4c3Oc3nc4c(c(N)c32)CCCC4)c1,test,5.41009565256852
CHEMBL4096024,CHEMBL220,5.0,2017.0,5.0,CCC(C)(C)NCC(O)c1cc(OC(=O)N(C)C)cc(OC(=O)N(C)C)c1.Cl,val,5.41009565256852
CHEMBL4096862,CHEMBL220,6.0,2017.0,6.0,CCN(CC)c1ccc(/C=C/c2ccc3ccccc3[n+]2C)c(OC)n1.[I-],test,5.41009565256852
CHEMBL4096963,CHEMBL220,5.43,2017.0,5.43,CCN(CCCCCCN1C(=O)c2ccccc2C1=O)Cc1ccccc1,test,5.41009565256852
CHEMBL4097266,CHEMBL220,3.1426675035687315,2017.0,3.1426675035687315,CSP(C)(=O)OC(C)C(C)(C)C,test,5.41009565256852
CHEMBL4097388,CHEMBL220,4.56,2021.0,4.56,Cc1cc2c(c(C)c1CCO[C@@H]1O[C@H](CO)[C@@H](O)[C@H](O)[C@H]1O)C(=O)C(C)(C)[C@H]2O,test,5.982634963080263
CHEMBL4098421,CHEMBL220,5.14,2017.0,5.14,CNc1nc(NCc2ccc(OC)c(OC)c2)c2ccccc2n1,test,5.525620454134874
CHEMBL4098455,CHEMBL220,5.0,2017.0,5.0,CCN(C)C(=O)Oc1cc(OC(=O)N(C)CC)cc(C(O)CNC(C)(C)CC)c1.Cl,val,5.41009565256852
CHEMBL4098703,CHEMBL220,8.47,2017.0,8.47,COc1cc2c(cc1OC)C(=O)/C(=C/c1cc[n+](Cc3ccccc3)cc1)C2.[Br-],val,5.872221156241087
CHEMBL4099340,CHEMBL220,5.57,2017.0,5.57,CCN(CC)CCCCCCOc1ccc(/C=C/C(=O)O)cc1OC,val,5.525620454134874
CHEMBL4099391,CHEMBL220,8.24,2017.0,8.24,COc1cc2c(cc1OC)C(=O)/C(=C/c1cc[n+](Cc3ccccc3C)cc1)C2.[Br-],val,5.872221156241087
CHEMBL4099404,CHEMBL220,5.301029995663981,2017.0,5.301029995663981,C[n+]1c(/C=C/c2cc3ccccc3[nH]2)cc(N2CCN(CCO)CC2)c2ccccc21.[I-],test,5.41009565256852
CHEMBL4099486,CHEMBL220,3.0,2017.0,3.0,COCCN(CC(=O)NC(C)C)C(=O)CCCCCn1ccnc1/C=N/O,test,3.707984964803464
CHEMBL4099598,CHEMBL220,5.19,2017.0,5.19,N#CC1=C(N)N2CCNC2=C([N+](=O)[O-])C12c1ccccc1-c1nc3ccccc3nc12,test,5.41009565256852
CHEMBL4099790,CHEMBL220,5.17,2017.0,5.17,COc1ccc(CNc2nc(NC(C)C)nc3ccccc23)cc1OC,test,5.525620454134874
CHEMBL4100046,CHEMBL220,5.13,2017.0,5.13,COc1ccc(CNc2nc(CC(N)=O)nc3ccccc23)cc1OC,test,5.525620454134874
CHEMBL4100253,CHEMBL220,3.6989700043360183,2017.0,3.6989700043360183,CN(C)CCNC(=S)Nc1ccccc1Cl.O=S(=O)(O)O,val,5.829443183237055
CHEMBL4100639,CHEMBL220,3.2037032599482083,2017.0,3.2037032599482083,COc1cc2c(cc1OC)C(c1ccccc1)N(Cc1ccc(O)c(/C=N/O)c1)CC2,val,3.8355428296446625
CHEMBL4101018,CHEMBL220,8.44,2017.0,8.44,COc1cc2c(cc1OC)C(=O)/C(=C/c1cc[n+](Cc3cccc([N+](=O)[O-])c3)cc1)C2.[Br-],val,5.872221156241087
CHEMBL4102718,CHEMBL220,4.38,2017.0,4.38,CCN(CC)CCCCOc1ccc(/C=C/C(=O)Nc2ccccc2)cc1OC,val,5.525620454134874
CHEMBL4103604,CHEMBL220,4.48,2017.0,4.48,COc1cc(/C=C/C(=O)Nc2ccccc2)ccc1OCCCCCN(C)C,val,5.525620454134874
CHEMBL4103664,CHEMBL220,5.54,2017.0,5.54,Cc1ccc(C2c3ccc4cccnc4c3Oc3nc4c(c(N)c32)CCCC4)cc1,test,5.41009565256852
CHEMBL4104534,CHEMBL220,3.631341287607773,2017.0,3.631341287607773,COc1cc2c(cc1OC)C(c1ccccc1)N(CC1CCN(Cc3ccc(O)c(/C=N/O)c3)CC1)CC2,test,3.937298254645667
CHEMBL4104551,CHEMBL220,5.66,2017.0,5.66,Nc1c2c(nc3c1C(c1cccc(F)c1)c1ccc4cccnc4c1O3)CCCC2,test,5.41009565256852
CHEMBL4105088,CHEMBL220,5.11,2017.0,5.11,CCCNc1nc(NCc2ccccc2)c2ccccc2n1,test,5.41009565256852
CHEMBL4105158,CHEMBL220,5.87,2017.0,5.87,CCN(CC)CCCCCCCCOc1ccc(/C=C/C(=O)Nc2ccccc2)cc1OC,val,5.525620454134874
CHEMBL413765,CHEMBL220,7.7,1991.0,7.7,CCCCCCNC(=O)Oc1ccc2c(c1)[C@]1(C)CCN(CC)[C@@H]1C2,val,6.574677739331882
CHEMBL415675,CHEMBL220,6.54,2007.0,6.54,CCCCC1=NC2(CCCC2)C(=O)N1CC(=O)c1ccc(Cl)cc1,test,5.41009565256852
CHEMBL4159609,CHEMBL220,6.54,2018.0,6.54,Cc1cc(=O)oc2cc(OCCCSC(=S)N3CCCCC3)ccc12,test,5.41009565256852
CHEMBL4159880,CHEMBL220,7.65,2018.0,7.65,COc1ccc(C(=O)CCc2cc[n+](Cc3cccc(Cl)c3)cc2C#N)cc1OC.[Br-],val,5.953988552807649
CHEMBL416,CHEMBL220,5.195,2001.0,5.195,COc1c2occc2cc2ccc(=O)oc12,test,5.41009565256852
CHEMBL4160151,CHEMBL220,4.0,2018.0,4.0,C[C@@]1(c2nccc3cc4c(cc23)OCO4)Oc2ccc3c(c2O1)OCO3,test,5.41009565256852
CHEMBL4160310,CHEMBL220,6.04,2018.0,6.04,COc1ccc(C(=O)CCC2C=CN(Cc3cccc(Cl)c3)C=C2C#N)cc1OC,test,6.224062266942226
CHEMBL4160790,CHEMBL220,6.12,2017.0,6.12,O=C(Nc1cc(Cl)nc(Cl)c1)OCCCCCCNCc1ccccc1,test,5.41009565256852
CHEMBL4160856,CHEMBL220,3.6989700043360183,2017.0,3.6989700043360183,CN[C@H]1C[C@H](OC)C=C[C@@]12C(=O)N(CCC(C)C)Cc1cc3c(cc12)OCO3,test,5.41009565256852
CHEMBL4161860,CHEMBL220,5.5,2017.0,5.5,O=C(NCCCCCCNCc1ccccc1)c1cc(Cl)nc(Cl)c1,test,5.41009565256852
CHEMBL4162043,CHEMBL220,3.6989700043360183,2017.0,3.6989700043360183,CO[C@@H]1C=C[C@@]23c4cc5c(cc4C[N@@+]([O-])(CCc4ccccc4)[C@@H]2C(=O)N(C)[C@H]3C1)OCO5,test,5.41009565256852
CHEMBL4162070,CHEMBL220,4.0,2018.0,4.0,CN1CCc2cc3c(cc2[C@H]1[C@H]1O[C@@H](O)c2c1ccc1c2OCO1)OCO3,test,5.41009565256852
CHEMBL4162121,CHEMBL220,5.0,2018.0,5.0,CCC[n+]1ccc(CC2CCc3cc(OC)ccc3C2=O)c(C(C)=O)c1.[I-],test,5.829443183237055
CHEMBL4163678,CHEMBL220,7.96,2018.0,7.96,COc1ccc(C(=O)CCc2cc[n+](Cc3cccc(F)c3)cc2C#N)cc1OC.[Br-],val,5.953988552807649
CHEMBL4163705,CHEMBL220,5.0,2017.0,5.0,OCC1CCN(Cc2cc(Cl)c3ccccc3n2)CC1,test,5.570559233208476
CHEMBL4164010,CHEMBL220,5.0,2017.0,5.0,O=CC1CCN(Cc2cc(Cl)c3ccccc3n2)CC1,test,5.41009565256852
CHEMBL4164186,CHEMBL220,6.19,2017.0,6.19,O=C(Nc1cc(Cl)nc(Cl)c1)OCCCCCNCc1c[nH]c2ccccc12,test,5.41009565256852
CHEMBL4164315,CHEMBL220,3.6989700043360183,2017.0,3.6989700043360183,CO[C@@H]1C=C[C@@]23c4cc5c(cc4C[N@@+]([O-])(CCc4ccc(O)cc4)[C@@H]2C(=O)N(C)[C@H]3C1)OCO5,test,5.41009565256852
CHEMBL4164347,CHEMBL220,5.0,2017.0,5.0,COc1cc2c(cc1OC)C(=O)/C(=C/C1CCN(Cc3cc(Cl)c4ccccc4n3)CC1)C2,test,5.95160285110727
CHEMBL4164418,CHEMBL220,4.0,2018.0,4.0,CO[C@@H]1O[C@H]([C@@H]2c3cc4c(cc3CCN2C)OCO4)c2ccc3c(c21)OCO3,test,5.41009565256852
CHEMBL416464,CHEMBL220,3.0,1986.0,3.0,COc1ccc(C(=O)/C(=N/O)SCCN(C)C)cc1,val,5.41009565256852
CHEMBL4165299,CHEMBL220,5.05,2017.0,5.05,O=C(NCCCCCCNCc1c[nH]c2ccccc12)c1cc(Cl)nc(Cl)c1,val,5.41009565256852
CHEMBL4165471,CHEMBL220,4.11,2018.0,4.11,c1cc2cc3c(cc2c([C@H]2Oc4ccc5c(c4O2)OCO5)n1)OCO3,test,5.41009565256852
CHEMBL4165562,CHEMBL220,6.84,2018.0,6.84,COc1ccc(C(=O)CCc2cc[n+](Cc3cccc(Cl)c3)cc2C(C)=O)cc1OC.[Br-],val,5.953988552807649
CHEMBL4165631,CHEMBL220,5.0,2018.0,5.0,COc1ccc(C(=O)CCC2C=CN(Cc3cccc(Cl)c3)C=C2C(C)=O)cc1OC,test,6.224062266942226
CHEMBL416586,CHEMBL220,7.24,1992.0,7.24,CCCCCCCNC(=O)Oc1ccc2c(c1)[C@]1(C)CCN(CC)C1C2,val,6.574677739331882
CHEMBL4165897,CHEMBL220,3.6989700043360183,2017.0,3.6989700043360183,COc1cc2c(cc1O)[C@@H]1[C@H](O)[C@@H](OC)C=C3CC[N@@+]([O-])(C2)[C@H]31,test,5.525620454134874
CHEMBL4165973,CHEMBL220,7.74,2018.0,7.74,COc1ccc(C(=O)CCc2cc[n+](Cc3cccc(Cl)c3)cc2C(=O)O)cc1OC.[Br-],val,5.953988552807649
CHEMBL4166300,CHEMBL220,7.85,2017.0,7.85,COc1cc2c(cc1OC)C(=O)/C(=C/C1CCN(Cc3cc(N)c4ccccc4n3)CC1)C2,test,5.95160285110727
CHEMBL416644,CHEMBL220,3.1426675035687315,1986.0,3.1426675035687315,CC[N+](C)(CC)CCS/C(=N\O)C(=O)c1ccc(F)cc1.[Cl-],val,5.41009565256852
CHEMBL4167127,CHEMBL220,5.0,2018.0,5.0,COc1ccc(C(=O)CCc2cc[n+](Cc3ccc(Cl)cc3)cc2C#N)cc1OC.[Br-],val,5.953988552807649
CHEMBL4167398,CHEMBL220,4.0,2018.0,4.0,C[C@@H](c1ccc2c(c1O)OCO2)c1nccc2cc3c(cc12)OCO3,test,5.630604874451391
CHEMBL4167524,CHEMBL220,7.5,2018.0,7.5,Cc1cc(=O)oc2cc(OCCCCSC(=S)N3CCCCC3)ccc12,test,5.41009565256852
CHEMBL4167958,CHEMBL220,4.24,2017.0,4.24,COc1ccc2c3c1O[C@H]1C[C@H](O)CC[C@@]31CCN(C)C2,test,5.525620454134874
CHEMBL4168225,CHEMBL220,5.0,2018.0,5.0,COC(=O)C1=CN(Cc2cccc(Cl)c2)C=CC1CCC(=O)c1ccc(OC)c(OC)c1,test,6.224062266942226
CHEMBL4169394,CHEMBL220,4.97,2018.0,4.97,Cc1cc(=O)oc2cc(OCCSC(=S)N(C)C)ccc12,val,5.41009565256852
CHEMBL4170793,CHEMBL220,4.0,2018.0,4.0,C[C@]1(c2nccc3cc4c(cc23)OCO4)Oc2ccc3c(c2O1)OCO3,test,5.41009565256852
CHEMBL4171568,CHEMBL220,6.77,2018.0,6.77,COC(=O)c1c[n+](Cc2cccc(Cl)c2)ccc1CCC(=O)c1ccc(OC)c(OC)c1.[Br-],val,5.953988552807649
CHEMBL4172401,CHEMBL220,6.175,2017.0,6.175,CNC(=O)Oc1ccc2c(c1)[C@]1(C)CCN[C@@H]1N2.O=C(O)c1ccccc1O,test,6.473726484007239
CHEMBL4172587,CHEMBL220,5.31,2017.0,5.31,COc1cc2c(cc1OC)C(=O)/C(=C/C1CCN(Cc3cc(N=[N+]=[N-])c4ccccc4n3)CC1)C2,test,5.95160285110727
CHEMBL4172883,CHEMBL220,5.0,2018.0,5.0,COc1ccc(C(=O)CCc2cc[n+](Cc3cccc(Cl)c3)cc2C(N)=O)cc1OC.[Br-],val,5.953988552807649
CHEMBL4173313,CHEMBL220,6.05,2018.0,6.05,COc1cc2c(cc1OC)C(=O)C(Cc1cc[n+](CCc3ccccc3)cc1C(N)=O)C2.[Br-],test,5.944967984803408
CHEMBL4173389,CHEMBL220,4.0,2018.0,4.0,c1cc2cc3c(cc2c([C@@H]2Oc4ccc5c(c4O2)OCO5)n1)OCO3,test,5.41009565256852
CHEMBL4173562,CHEMBL220,5.0,2018.0,5.0,COc1ccc(C(=O)CCC2C=CN(Cc3cccc(Cl)c3)C=C2C(N)=O)cc1OC,test,6.224062266942226
CHEMBL4173815,CHEMBL220,3.6989700043360183,2017.0,3.6989700043360183,COc1cc2c(cc1OC)[C@@H]1[C@H](O)[C@@H](OC)C=C3CC[N@+]([O-])(C2)[C@H]31,test,5.525620454134874
CHEMBL4174269,CHEMBL220,6.15,2017.0,6.15,COc1cc2c(cc1OC)C(=O)C(CC1CCN(Cc3cc(N)c4ccccc4n3)CC1)C2,test,5.622328367035209
CHEMBL4174514,CHEMBL220,5.0,2017.0,5.0,COc1cc2c(cc1OC)C(=O)C(CC1CCN(Cc3cc(Cl)c4ccccc4n3)CC1)C2,test,5.622328367035209
CHEMBL4175003,CHEMBL220,6.56,2018.0,6.56,COc1ccc(C(=O)CCc2cc[n+](Cc3ccccc3C(F)(F)F)cc2C#N)cc1OC.[Br-],val,5.953988552807649
CHEMBL4175274,CHEMBL220,4.0,2018.0,4.0,C[C@H](c1ccc2c(c1O)OCO2)c1nccc2cc3c(cc12)OCO3,test,5.630604874451391
CHEMBL4175914,CHEMBL220,5.08,2017.0,5.08,COc1ccccc1CNCCCCCCNC(=O)c1cc(Cl)nc(Cl)c1,test,5.525620454134874
CHEMBL4176598,CHEMBL220,5.0,2017.0,5.0,[N-]=[N+]=Nc1cc(CN2CCC(C=O)CC2)nc2ccccc12,test,5.41009565256852
CHEMBL4177242,CHEMBL220,5.71,2018.0,5.71,CCN(CC)C(=S)SCCOc1ccc2c(C)cc(=O)oc2c1,val,5.41009565256852
CHEMBL418643,CHEMBL220,5.8,2000.0,5.8,O=[N+]([O-])c1ccc2nc3c(c(NCc4ccccc4)c2c1)CCCC3,test,5.41009565256852
CHEMBL418955,CHEMBL220,8.08,1994.0,8.08,COc1ccc2c(CCC3CCN(Cc4ccccc4)CC3)noc2c1,test,6.868728091162481
CHEMBL419184,CHEMBL220,4.57,2010.0,4.57,O=C1c2ccc([N+](=O)[O-])cc2C(=O)N1C1CCN(Cc2ccccc2)CC1,test,5.41009565256852
CHEMBL4203988,CHEMBL220,7.97,2017.0,7.97,CCCCCCCCNCC(=O)Nc1ccc2nc3n(c(=O)c2c1)CCC3,test,5.41009565256852
CHEMBL4205144,CHEMBL220,10.59,2017.0,10.59,COc1ccccc1C(=O)Nc1ccc2c(c1)CN(C(=O)c1cccc(C)c1)C(=O)C2,test,5.872221156241087
CHEMBL4205425,CHEMBL220,10.96,2017.0,10.96,COc1ccccc1C(=O)N1Cc2cc(NC(=O)c3cccc(Cl)c3)ccc2CC1=O,test,5.872221156241087
CHEMBL4205426,CHEMBL220,8.28,2017.0,8.28,CCCCCCCCCCCCCCCCNCC(=O)Nc1ccc2nc3n(c(=O)c2c1)CCC3,test,5.41009565256852
CHEMBL4205910,CHEMBL220,5.0,2018.0,5.0,COc1ccc(Cn2cc(C(=O)NCCCCCCNc3c4c(nc5ccc(OC)cc35)CCCC4)c(=O)c3ccccc32)cc1,test,5.547057211312842
CHEMBL4205954,CHEMBL220,10.88,2017.0,10.88,O=C(Nc1ccc2c(c1)CN(C(=O)c1ccccc1)C(=O)C2)c1cccc(Cl)c1,test,5.756696354674734
CHEMBL420625,CHEMBL220,7.7,1994.0,7.7,Nc1ccc2c(CCC3CCN(Cc4ccccc4)CC3)noc2c1,test,6.868728091162481
CHEMBL4206484,CHEMBL220,6.71,2018.0,6.71,COc1ccc(Cn2cc(C(=O)NCCCCCCNc3c4c(nc5ccccc35)CCCC4)c(=O)c3ccccc32)cc1,test,7.5802499224794815
CHEMBL4207386,CHEMBL220,7.59,2017.0,7.59,CC(C)=CCNCC(=O)Nc1ccc2nc3n(c(=O)c2c1)CCC3,test,5.41009565256852
CHEMBL4208322,CHEMBL220,7.67,2017.0,7.67,CCCCNCC(=O)Nc1ccc2nc3n(c(=O)c2c1)CCC3,test,5.41009565256852
CHEMBL4208866,CHEMBL220,10.55,2017.0,10.55,O=C(Nc1ccc2c(c1)CN(C(=O)c1cccc(Cl)c1)C(=O)C2)c1ccccc1,test,5.756696354674734
CHEMBL4208869,CHEMBL220,7.62,2017.0,7.62,CCCCCCCCCCNCC(=O)Nc1ccc2nc3n(c(=O)c2c1)CCC3,test,5.41009565256852
CHEMBL4209420,CHEMBL220,6.25,2017.0,6.25,CCNCC(=O)Nc1ccc2nc3n(c(=O)c2c1)CCC3,test,5.41009565256852
CHEMBL4209518,CHEMBL220,10.53,2017.0,10.53,COc1ccccc1C(=O)Nc1ccc2c(c1)CN(C(=O)c1ccccc1)C(=O)C2,test,5.872221156241087
CHEMBL4209803,CHEMBL220,10.87,2017.0,10.87,Cc1cccc(C(=O)Nc2ccc3c(c2)CN(C(=O)c2cccc(C)c2)C(=O)C3)c1,test,5.756696354674734
CHEMBL4210041,CHEMBL220,10.67,2017.0,10.67,COc1ccccc1C(=O)Nc1ccc2c(c1)CN(C(=O)c1ccccc1OC)C(=O)C2,test,5.872221156241087
CHEMBL4210316,CHEMBL220,10.84,2017.0,10.84,Cc1cccc(C(=O)N2Cc3cc(NC(=O)c4cccc(Cl)c4)ccc3CC2=O)c1,test,5.756696354674734
CHEMBL4210729,CHEMBL220,8.48,2018.0,8.48,COc1ccc(Cn2cc(C(=O)NCCCNc3c4c(nc5cc(Cl)ccc35)CCCC4)c(=O)c3ccccc32)cc1,test,8.090561668950551
CHEMBL4212275,CHEMBL220,7.33,2017.0,7.33,C#CCNCC(=O)Nc1ccc2nc3n(c(=O)c2c1)CCC3,test,5.41009565256852
CHEMBL4212713,CHEMBL220,7.18,2017.0,7.18,C=CCNCC(=O)Nc1ccc2nc3n(c(=O)c2c1)CCC3,test,5.41009565256852
CHEMBL4213147,CHEMBL220,6.51,2017.0,6.51,CCCNCC(=O)Nc1ccc2nc3n(c(=O)c2c1)CCC3,test,5.41009565256852
CHEMBL4213253,CHEMBL220,10.72,2017.0,10.72,COc1ccccc1C(=O)N1Cc2cc(NC(=O)c3ccccc3)ccc2CC1=O,test,5.872221156241087
CHEMBL4213591,CHEMBL220,7.29,2018.0,7.29,COc1ccc(Cn2cc(C(=O)NCCCCCCCNc3c4c(nc5cc(Cl)ccc35)CCCC4)c(=O)c3ccccc32)cc1,val,7.977255816806988
CHEMBL4213792,CHEMBL220,9.29,2017.0,9.29,O=C(Nc1ccc2c(c1)CN(C(=O)c1ccccc1)C(=O)C2)c1ccccc1,test,5.756696354674734
CHEMBL4214430,CHEMBL220,10.78,2017.0,10.78,COc1ccccc1C(=O)Nc1ccc2c(c1)CN(C(=O)c1cccc(Cl)c1)C(=O)C2,test,5.872221156241087
CHEMBL4214668,CHEMBL220,6.89,2018.0,6.89,COc1ccc(Cn2cc(C(=O)NCCCNc3c4c(nc5ccccc35)CCCC4)c(=O)c3ccccc32)cc1,test,7.5802499224794815
CHEMBL4214707,CHEMBL220,10.68,2017.0,10.68,Cc1cccc(C(=O)Nc2ccc3c(c2)CN(C(=O)c2cccc(Cl)c2)C(=O)C3)c1,test,5.756696354674734
CHEMBL4214900,CHEMBL220,6.71,2018.0,6.71,COc1ccc(Cn2cc(C(=O)NCCCCCCCNc3c4c(nc5ccccc35)CCCC4)c(=O)c3ccccc32)cc1,val,7.5802499224794815
CHEMBL4216806,CHEMBL220,5.27,2017.0,5.27,CN(Cc1ccccc1)Cc1ccc(NC(=O)/C=C/c2ccc(O)c(O)c2)cc1,val,5.41009565256852
CHEMBL4217126,CHEMBL220,5.65,2018.0,5.65,COc1ccc(Cn2cc(C(=O)NCCCNc3c4c(nc5ccc(OC)cc35)CCCC4)c(=O)c3ccccc32)cc1,test,5.547057211312842
CHEMBL4217139,CHEMBL220,7.43,2017.0,7.43,CCCCCCCCCCCCNCC(=O)Nc1ccc2nc3n(c(=O)c2c1)CCC3,test,5.41009565256852
CHEMBL4217346,CHEMBL220,7.03,2018.0,7.03,COc1ccc(Cn2cc(C(=O)NCCCCCCNc3c4c(nc5cc(Cl)ccc35)CCCC4)c(=O)c3ccccc32)cc1,test,7.977255816806988
CHEMBL4217617,CHEMBL220,5.82,2018.0,5.82,COc1ccc(Cn2cc(C(=O)NCCCCCCCNc3c4c(nc5ccc(OC)cc35)CCCC4)c(=O)c3ccccc32)cc1,val,5.547057211312842
CHEMBL4217663,CHEMBL220,10.85,2017.0,10.85,O=C(Nc1ccc2c(c1)CN(C(=O)c1cccc(Cl)c1)C(=O)C2)c1cccc(Cl)c1,test,5.756696354674734
CHEMBL4217666,CHEMBL220,7.88,2017.0,7.88,C=CCCNCC(=O)Nc1ccc2nc3n(c(=O)c2c1)CCC3,test,5.394343716613748
CHEMBL4217746,CHEMBL220,7.6,2017.0,7.6,CCCCCCNCC(=O)Nc1ccc2nc3n(c(=O)c2c1)CCC3,test,5.41009565256852
CHEMBL4218191,CHEMBL220,10.58,2017.0,10.58,Cc1cccc(C(=O)N2Cc3cc(NC(=O)c4ccccc4)ccc3CC2=O)c1,test,5.756696354674734
CHEMBL422459,CHEMBL220,6.01,1997.0,6.01,C[N+](C)(C)c1cccc(O)c1,val,5.41009565256852
CHEMBL422971,CHEMBL220,5.22,2001.0,5.22,O=C1/C(=C/c2cc[nH]c2)CN(Cc2ccccc2)C/C1=C\c1cc[nH]c1,test,5.41009565256852
CHEMBL422977,CHEMBL220,5.35,1998.0,5.35,COc1ccccc1CNCCCCCCNCCCCCCCNCCCCCCNCc1ccccc1OC,test,5.525620454134874
CHEMBL424,CHEMBL220,3.4609239012072233,2018.0,3.4609239012072233,O=C(O)c1ccccc1O,val,5.41009565256852
CHEMBL4242359,CHEMBL220,7.49,2018.0,7.49,COc1ccc2c(c1)C/C(=C/c1ccccc1-c1ccc3ccccc3c1)C2=O,test,5.756696354674734
CHEMBL425165,CHEMBL220,6.82,2005.0,6.82,CCCCNC(=O)OCCCCCCCCOC(=O)NCCCC,test,5.41009565256852
CHEMBL425192,CHEMBL220,4.0,2005.0,4.0,O=C(C(=O)c1ccc(O)cc1)c1ccccc1,val,5.41009565256852
CHEMBL426441,CHEMBL220,9.32,2004.0,9.32,CN1C(=O)Cc2cc3onc(CCC4CCN(Cc5ccccc5)CC4)c3cc21,test,7.86714889140772
CHEMBL4276694,CHEMBL220,4.72,2018.0,4.72,CCN1CCN(C2CCN(C(=O)COc3ccc(-c4ccccc4F)cc3)CC2)CC1,test,5.41009565256852
CHEMBL4276921,CHEMBL220,2.813467435407603,2018.0,2.813467435407603,CN(C)Cc1cc(N)ccc1O.Cl.Cl,val,5.41009565256852
CHEMBL4277332,CHEMBL220,6.24,2018.0,6.24,O=C(NCCC1CCN(Cc2ccccc2)CC1)c1cc(=O)c2c(O)cc(O)cc2o1,test,5.952126920744356
CHEMBL4277548,CHEMBL220,7.8,2018.0,7.8,O=C(NCCC1CCN(Cc2ccccc2)CC1)c1cc(=O)c2cc([N+](=O)[O-])ccc2o1,test,6.030045773625014
CHEMBL4277895,CHEMBL220,4.66,2018.0,4.66,NC(=O)c1cc[n+](C/C=C/C[n+]2cc(Cl)c(/C=N/O)c(Cl)c2)cc1.[Br-].[Br-],val,4.193672091482517
CHEMBL4278046,CHEMBL220,5.34,2018.0,5.34,O=C(COc1ccc(-c2ccccc2)cc1)N1CCC(N2CCCCC2)CC1,test,5.41009565256852
CHEMBL4278287,CHEMBL220,7.42,2018.0,7.42,COc1ccc2nc3c(c(NCCCNC(=O)c4sc(-c5ccnc(NC(=O)C6CC6)c5)nc4OC)c2c1)CCCC3,val,5.826675464767667
CHEMBL4278686,CHEMBL220,8.19,2018.0,8.19,COc1nc(-c2ccnc(NC(=O)C3CC3)c2)sc1C(=O)NCCCNc1c2c(nc3ccccc13)CCCC2,val,7.5802499224794815
CHEMBL4279249,CHEMBL220,5.22,2018.0,5.22,O=C(O)/C=C/c1ccc2oc(C(=O)Nc3ccccc3)cc(=O)c2c1,val,5.41009565256852
CHEMBL4279297,CHEMBL220,6.68,2018.0,6.68,Cc1ccc(NC(=O)c2cc(=O)c3cc(/C=C/C(=O)OCCN(C)C)ccc3o2)cc1C,val,5.41009565256852
CHEMBL4279488,CHEMBL220,5.86,2018.0,5.86,CC(C)(C)c1cc(C(=O)CNCCC2CCN(Cc3ccccc3)CC2)cc(C(C)(C)C)c1O,val,6.138019392515065
CHEMBL4280224,CHEMBL220,4.59,2018.0,4.59,CCN(CC)Cc1cc(N)ccc1O.Cl.Cl,val,5.41009565256852
CHEMBL4280725,CHEMBL220,5.38,2018.0,5.38,O=C(NCCC1CCN(Cc2ccccc2)CC1)c1cc(=O)c2cc(O)c(O)cc2o1,test,5.952126920744356
CHEMBL4280753,CHEMBL220,4.06,2018.0,4.06,CCN1CCN(CCCNC(=O)COc2ccc(I)cc2)CC1,val,5.41009565256852
CHEMBL4280848,CHEMBL220,3.902395671125589,2018.0,3.902395671125589,CCCCN(C)Cc1cc(N)ccc1O.Cl.Cl,val,5.41009565256852
CHEMBL4281203,CHEMBL220,3.860120913598763,2018.0,3.860120913598763,CN1CCN(CCCNC(=O)COc2ccc(I)cc2)CC1,val,5.41009565256852
CHEMBL4281409,CHEMBL220,4.88,2017.0,4.88,C[N+](C)(CC#CCOC1=NOCC1)CCCCCCCCCC[N+](C)(C)CCCN1C(=O)c2ccccc2C1=O.[Br-].[Br-],test,5.41009565256852
CHEMBL4281440,CHEMBL220,7.28,2017.0,7.28,Cn1c2nc3ccccc3c-2c(NCCCCNc2c3c(nc4ccccc24)CCCC3)c2ccccc21,val,7.5802499224794815
CHEMBL4282037,CHEMBL220,5.91,2018.0,5.91,CN(C)CCOC(=O)/C=C/c1ccc2oc(C(=O)Nc3ccc(Cl)cc3)cc(=O)c2c1,val,5.41009565256852
CHEMBL4282163,CHEMBL220,5.2,2018.0,5.2,Cl.Cl.Nc1ccc(O)c(CN2CCCC2)c1,test,5.41009565256852
CHEMBL4282360,CHEMBL220,2.977365460055881,2018.0,2.977365460055881,CCCCCCN(C)Cc1cc(N)ccc1O.Cl.Cl,val,5.41009565256852
CHEMBL4282502,CHEMBL220,4.0,2018.0,4.0,C[C@@H]1C[C@H]2CC(=O)[C@H]3CCC[N+]4([O-])CCC[C@@H]2[C@]34C1,test,5.41009565256852
CHEMBL4282527,CHEMBL220,6.35,2018.0,6.35,COc1ccc2c(=O)cc(C(=O)NCCC3CCN(Cc4ccccc4)CC3)[nH]c2c1,test,6.030045773625014
CHEMBL4282755,CHEMBL220,5.01,2018.0,5.01,CCN(CC)CCOC(=O)/C=C/c1ccc2oc(C(=O)Nc3ccc(C)cc3)cc(=O)c2c1,val,5.41009565256852
CHEMBL4283189,CHEMBL220,5.35,2018.0,5.35,CCN(CC)CCOC(=O)/C=C/c1ccc2oc(C(=O)Nc3cccc(Cl)c3)cc(=O)c2c1,val,5.41009565256852
CHEMBL4283450,CHEMBL220,6.77,2018.0,6.77,COc1ccc2oc(C(=O)NCCC3CCN(Cc4ccccc4)CC3)cc(=O)c2c1,test,6.030045773625014
CHEMBL4283814,CHEMBL220,5.29,2018.0,5.29,Cc1ccc(NC(=O)c2cc(=O)c3cc(/C=C/C(=O)O)ccc3o2)cc1,val,5.41009565256852
CHEMBL4283986,CHEMBL220,3.094150173357681,2018.0,3.094150173357681,CCCCCN(C)Cc1cc(N)ccc1O.Cl.Cl,val,5.41009565256852
CHEMBL4284261,CHEMBL220,3.0154276843783676,2018.0,3.0154276843783676,CCN(C)Cc1cc(N)ccc1O.Cl.Cl,val,5.41009565256852
CHEMBL4284591,CHEMBL220,6.5,2018.0,6.5,COc1cc(OC)c2c(=O)cc(C(=O)NCCC3CCN(Cc4ccccc4)CC3)oc2c1,test,6.030045773625014
CHEMBL4284619,CHEMBL220,4.75,2018.0,4.75,CCN1CCN(C2CCN(C(=O)COc3ccc(-c4ccc(OC)cc4)cc3)CC2)CC1,test,5.41009565256852
CHEMBL4285213,CHEMBL220,3.882397308309915,2018.0,3.882397308309915,CCCN(CCC)Cc1cc(N)ccc1O.Cl.Cl,val,5.41009565256852
CHEMBL4285714,CHEMBL220,6.13,2018.0,6.13,CN(C)CCOC(=O)/C=C/c1ccc2oc(C(=O)Nc3ccccc3)cc(=O)c2c1,val,5.41009565256852
CHEMBL4285779,CHEMBL220,7.48,2018.0,7.48,COc1ccc2c(=O)cc(C(=O)NCCC3CCN(Cc4ccccc4)CC3)oc2c1,test,6.030045773625014
CHEMBL4285912,CHEMBL220,5.94,2018.0,5.94,O=C(NCCC1CCN(Cc2ccccc2)CC1)c1cc(=O)c2cccc(O)c2[nH]1,test,5.952126920744356
CHEMBL4285972,CHEMBL220,5.0,2018.0,5.0,CN1CCN(C2CCN(C(=O)COc3ccc(-c4ccccc4)cc3)CC2)CC1,test,5.41009565256852
CHEMBL4286799,CHEMBL220,7.1,2018.0,7.1,O=C(NCCC1CCN(Cc2ccccc2)CC1)c1cc(=O)c2ccccc2o1,test,6.030045773625014
CHEMBL4287340,CHEMBL220,5.31,2018.0,5.31,CCN1CCN(C2CCN(C(=O)COc3ccc4c(c3)CCC4=O)CC2)CC1,test,5.41009565256852
CHEMBL4287548,CHEMBL220,6.06,2018.0,6.06,COc1ccc2[nH]c(C(=O)NCCC3CCN(Cc4ccccc4)CC3)cc(=O)c2c1,test,6.030045773625014
CHEMBL4287595,CHEMBL220,6.04,2018.0,6.04,COc1ccc(NC(=O)c2cc(=O)c3cc(/C=C/C(=O)OCCN(C)C)ccc3o2)cc1,val,5.41009565256852
CHEMBL4287748,CHEMBL220,8.75,2017.0,8.75,C[N+](C)(CC#CCOC1=NOCC1)CCCCCCCCCCNc1c2c(nc3ccccc13)CCCC2.[Br-],val,7.5802499224794815
CHEMBL4287826,CHEMBL220,5.47,2018.0,5.47,CC(C)(C)c1cc(CCC(=O)NCCC2CCN(Cc3ccccc3)CC2)cc(C(C)(C)C)c1O,test,6.456028170597413
CHEMBL4287889,CHEMBL220,5.44,2018.0,5.44,COc1ccc2oc(C(=O)NCC3CCN(Cc4ccccc4)CC3)cc(=O)c2c1,val,5.462585614318426
CHEMBL4287970,CHEMBL220,7.34,2018.0,7.34,COc1cc2oc(C(=O)NCCC3CCN(Cc4ccccc4)CC3)cc(=O)c2cc1OC,test,6.030045773625014
CHEMBL4288558,CHEMBL220,3.3410351573355648,2018.0,3.3410351573355648,Cl.Cl.Nc1ccc(O)c(CN2CCCCC2)c1,test,5.41009565256852
CHEMBL4288742,CHEMBL220,2.938924676370208,2018.0,2.938924676370208,CCCN(C)Cc1cc(N)ccc1O.Cl.Cl,val,5.41009565256852
CHEMBL4289221,CHEMBL220,4.62,2018.0,4.62,NC(=O)c1cc[n+](C/C=C/C[n+]2ccc(/C=N/O)c(Cl)c2)cc1.[Br-].[Br-],val,4.193672091482517
CHEMBL4289318,CHEMBL220,6.21,2018.0,6.21,COc1cc2nc(C(=O)NCCC3CCN(Cc4ccccc4)CC3)cc(OC)c2cc1OC,test,6.030045773625014
CHEMBL4289362,CHEMBL220,6.23,2018.0,6.23,C[C@@H]1C[C@H]2CC(=O)[C@H]3CCC[N+]4([O-])CCC[C@]2(O)[C@]34C1,test,5.41009565256852
CHEMBL4289908,CHEMBL220,5.23,2018.0,5.23,CN(C)CCOC(=O)/C=C/c1ccc2oc(C(=O)Nc3cccc(Cl)c3)cc(=O)c2c1,val,5.41009565256852
CHEMBL4289981,CHEMBL220,5.46,2018.0,5.46,CCN(CC)CCOC(=O)/C=C/c1ccc2oc(C(=O)Nc3ccccc3)cc(=O)c2c1,val,5.41009565256852
CHEMBL4290236,CHEMBL220,5.48,2018.0,5.48,Cc1coc2c1c(=O)oc(=O)c1c3c(ccc12)C(C)(C)CCC3,val,5.41009565256852
CHEMBL4290401,CHEMBL220,5.79,2018.0,5.79,COc1cccc2c(=O)cc(C(=O)NCCC3CCN(Cc4ccccc4)CC3)[nH]c12,test,6.030045773625014
CHEMBL4291046,CHEMBL220,6.07,2018.0,6.07,CCN(CC)CCOC(=O)/C=C/c1ccc2oc(C(=O)Nc3ccc(Cl)cc3)cc(=O)c2c1,val,5.41009565256852
CHEMBL4291296,CHEMBL220,7.04,2018.0,7.04,O=C(NCCC1CCN(Cc2ccccc2)CC1)c1cc(=O)c2cc(O)ccc2o1,test,6.030045773625014
CHEMBL4291400,CHEMBL220,4.7,2018.0,4.7,CCN1CCN(C2CCN(C(=O)COc3ccc(I)cc3)CC2)CC1,val,5.41009565256852
CHEMBL4291845,CHEMBL220,5.68,2018.0,5.68,CCN1CCN(C2CCN(C(=O)COc3ccc(-c4ccc([N+](=O)[O-])cc4)cc3)CC2)CC1,test,5.41009565256852
CHEMBL4292235,CHEMBL220,6.699999999999999,2018.0,6.699999999999999,Cc1ccc(NC(=O)c2cc(=O)c3cc(/C=C/C(=O)OCCN(C)C)ccc3o2)cc1,val,5.41009565256852
CHEMBL4292477,CHEMBL220,7.3,2018.0,7.3,Nc1ccc2oc(C(=O)NCCC3CCN(Cc4ccccc4)CC3)cc(=O)c2c1,test,6.030045773625014
CHEMBL4292574,CHEMBL220,3.476904161747432,2018.0,3.476904161747432,CNCc1cc(N)ccc1O.Cl.Cl,val,5.41009565256852
CHEMBL4293364,CHEMBL220,5.94,2018.0,5.94,CCN(CC)CCOC(=O)/C=C/c1ccc2oc(C(=O)Nc3ccc(OC)cc3)cc(=O)c2c1,val,5.41009565256852
CHEMBL4293418,CHEMBL220,8.44,2018.0,8.44,COc1nc(-c2ccnc(NC(=O)C3CC3)c2)sc1C(=O)NCCCNc1c2c(nc3cc(Cl)ccc13)CCCC2,val,8.090561668950551
CHEMBL4293801,CHEMBL220,6.994999999999999,2018.0,6.994999999999999,COc1cc2[nH]c(C(=O)NCCC3CCN(Cc4ccccc4)CC3)cc(=O)c2cc1OC,test,6.030045773625014
CHEMBL4294389,CHEMBL220,5.13,2018.0,5.13,COc1ccc(NC(=O)c2cc(=O)c3cc(/C=C/C(=O)O)ccc3o2)cc1,val,5.41009565256852
CHEMBL4294446,CHEMBL220,5.61,2018.0,5.61,CCN(CC)CCOC(=O)/C=C/c1ccc2oc(C(=O)Nc3ccc(C)c(C)c3)cc(=O)c2c1,val,5.41009565256852
CHEMBL4294609,CHEMBL220,6.52,2018.0,6.52,O=C(NCCC1CCN(Cc2ccccc2)CC1)c1cc(=O)c2cc(O)ccc2[nH]1,test,6.030045773625014
CHEMBL4294701,CHEMBL220,6.06,2018.0,6.06,COc1cccc2oc(C(=O)NCCC3CCN(Cc4ccccc4)CC3)cc(=O)c12,test,6.030045773625014
CHEMBL4295144,CHEMBL220,5.84,2018.0,5.84,COc1cc2oc(C(=O)NCC3CCN(Cc4ccccc4)CC3)cc(=O)c2cc1OC,val,5.514354748145158
CHEMBL430886,CHEMBL220,7.52,2010.0,7.52,[Br-].[Br-].c1cc[n+](CCCCCCCCCCC[n+]2ccccc2)cc1,test,5.41009565256852
CHEMBL431844,CHEMBL220,7.5,1992.0,7.5,Nc1c2c(nc3ccccc13)C1CCC2C1,test,5.41009565256852
CHEMBL432376,CHEMBL220,6.92,2002.0,6.92,COc1cc2cc(C(=O)CCC3CC[N+](C)(Cc4ccccc4)CC3)n(C)c2cc1OC,val,6.467293876587128
CHEMBL433282,CHEMBL220,6.07,2007.0,6.07,O=C1C(=O)c2cc([N+](=O)[O-])ccc2-c2ccccc21,test,5.41009565256852
CHEMBL433379,CHEMBL220,8.11,1994.0,8.11,Cc1ccc2onc(CCC3CCN(Cc4ccccc4)CC3)c2c1,test,6.516499474267691
CHEMBL434948,CHEMBL220,4.7,2005.0,4.7,CC1CCCCN1CCCN1CC(=O)N(CCc2ccc(F)cc2)CC1=O,test,5.41009565256852
CHEMBL435071,CHEMBL220,6.19,2016.0,6.19,COc1cc2c(cc1OC)C(=O)C(CC1CCN(Cc3cccc([N+](=O)[O-])c3)CC1)C2,test,5.622328367035209
CHEMBL435109,CHEMBL220,4.0,2005.0,4.0,COc1cccc(C(=O)C(=O)c2cccc(OC)c2)c1,val,5.41009565256852
CHEMBL435763,CHEMBL220,3.0,1986.0,3.0,O/N=C/c1nc(-c2ccccc2)no1,test,3.9139376374937194
CHEMBL438324,CHEMBL220,4.301029995663981,2007.0,4.301029995663981,CN(C(=O)Oc1ccc(Oc2ccc(C(F)(F)F)cn2)cc1)C1CCCCC1,test,5.41009565256852
CHEMBL439508,CHEMBL220,5.522878745280337,2006.0,5.522878745280337,CCCC(CC1(C(=O)N[C@H]2CC[C@@H](C(N)=O)CC2)CCCC1)C(=O)O,test,5.41009565256852
CHEMBL440526,CHEMBL220,7.43,2016.0,7.43,CCCCCCCNC(=O)Oc1cccc(CN(C)CCCOc2ccc3ccc(=O)oc3c2)c1,test,7.500396214194842
CHEMBL442361,CHEMBL220,5.0,2002.0,5.0,COc1ccc([N+](C)(C)Cc2ccccc2)cc1.[Br-],val,5.41009565256852
CHEMBL4435058,CHEMBL220,6.11,2019.0,6.11,S=C(NNc1c2c(nc3ccccc13)CCCC2)Nc1ccc(Cl)cc1,test,5.492940456942919
CHEMBL4435178,CHEMBL220,6.24,2019.0,6.24,S=C(NNc1c2c(nc3ccccc13)CCCC2)Nc1ccc(Br)cc1,test,5.492940456942919
CHEMBL4439554,CHEMBL220,5.83,2019.0,5.83,Oc1ccc(/C=N/c2c3c(nc4ccccc24)CCCC3)cc1,test,5.41009565256852
CHEMBL4439928,CHEMBL220,3.221848749616356,2019.0,3.221848749616356,CC(C)Cc1ccc(C(C)C(=O)NS(=O)(=O)c2ccc(N)cc2)cc1,test,6.106130094639612
CHEMBL4441005,CHEMBL220,4.94,2019.0,4.94,COc1cc(C(=O)n2nc(OCCN3CCCC3)c3ccccc32)cc(OC)c1OC,test,5.525620454134874
CHEMBL4441059,CHEMBL220,5.98,2019.0,5.98,Cl.O=[N+]([O-])c1ccc(-n2cc(COc3ccc(/C=N/Nc4c5c(nc6ccccc46)CCCC5)cc3)nn2)cc1,test,5.492940456942919
CHEMBL4441666,CHEMBL220,8.43,2019.0,8.43,CCOc1ccc(Cc2nc3cc(C(=O)NCCCNc4c5c(nc6ccccc46)CCCC5)ccc3n2CCC(C)C)cc1,test,7.5802499224794815
CHEMBL4443988,CHEMBL220,5.15,2019.0,5.15,Cl.Clc1ccc(-n2cc(COc3ccc(/C=N/Nc4c5c(nc6ccccc46)CCCC5)cc3)nn2)cc1,test,5.492940456942919
CHEMBL4444030,CHEMBL220,5.96,2019.0,5.96,Cl.NS(=O)(=O)c1ccc(-n2cc(COc3ccc(/C=N/Nc4c5c(nc6ccccc46)CCCC5)cc3)nn2)cc1,test,5.96039399472227
CHEMBL4444822,CHEMBL220,6.8,2019.0,6.8,Cl.Cl.N[C@@H](Cc1c[nH]c2ccccc12)C(=O)NCCNc1c2c(nc3cc(Cl)ccc13)CCCC2,test,7.977255816806988
CHEMBL4445026,CHEMBL220,6.05,2019.0,6.05,C(=N/Nc1c2c(nc3ccccc13)CCCC2)\c1ccc(OCc2cn(-c3ccccc3)nn2)cc1.Cl,test,5.492940456942919
CHEMBL4445099,CHEMBL220,5.0,2019.0,5.0,CC(=O)N[C@@H](CCCCn1cc(-c2ccccc2)nn1)C(=O)NCC1CCN(Cc2ccccc2)CC1,test,5.462585614318426
CHEMBL4447258,CHEMBL220,5.84,2019.0,5.84,Cl.O=[N+]([O-])c1cccc(-n2cc(COc3ccc(/C=N/Nc4c5c(nc6ccccc46)CCCC5)cc3)nn2)c1,test,5.645575773717703
CHEMBL4448071,CHEMBL220,3.4959371173213083,2019.0,3.4959371173213083,COc1ccc(C2=NN(C(C)=O)C(c3ccc(-n4cnc5ccccc54)cc3)C2)cc1OC,val,5.525620454134874
CHEMBL4448634,CHEMBL220,5.0,2019.0,5.0,O=C(Cc1c[nH]c2ccccc12)NCc1cn(CC2CCN(Cc3ccccc3)CC2)nn1,val,5.462585614318426
CHEMBL4449083,CHEMBL220,8.16,2019.0,8.16,Cl.Cl.N[C@H](Cc1c[nH]c2ccccc12)C(=O)NCCCCCCNc1c2c(nc3cc(Cl)ccc13)CCCC2,val,7.977255816806988
CHEMBL4453856,CHEMBL220,5.96,2022.0,5.96,Cc1c(C)c2ccc(OCC3CCCN(CCCO)C3)cc2oc1=O,val,5.41009565256852
CHEMBL4455690,CHEMBL220,6.32,2020.0,6.32,Cc1ccc2oc(-c3ccc(OCCCCCCN4CCCCCC4)cc3)cc(=O)c2c1,val,5.41009565256852
CHEMBL4456336,CHEMBL220,4.58,2019.0,4.58,O=C(O)CC1(CC(=O)c2cc(O)ccc2O)C=C(CO)CCC1,val,5.41009565256852
CHEMBL4456433,CHEMBL220,7.0,2019.0,7.0,CCOc1ccc(Cc2nc3cc(C(=O)N(CC)CC)ccc3n2CCOCCOCCNc2c3c(nc4ccccc24)CCCC3)cc1,test,7.726874238936626
CHEMBL4456665,CHEMBL220,5.85,2022.0,5.85,Cc1c(C)c2ccc(OCC3CCCN(Cc4ccccc4)C3)cc2oc1=O.Cl,test,5.41009565256852
CHEMBL4456928,CHEMBL220,8.44,2019.0,8.44,c1ccc2c(NCc3ccc(-c4ccc(CNc5c6c(nc7ccccc57)CCCC6)cc4)cc3)c3c(nc2c1)CCCC3,test,5.492940456942919
CHEMBL4459154,CHEMBL220,6.02,2019.0,6.02,NS(=O)(=O)c1ccc(NC(=S)NNc2c3c(nc4ccccc24)CCCC3)cc1,test,5.96039399472227
CHEMBL4459500,CHEMBL220,6.14,2019.0,6.14,Cl.Cl.N[C@@H](Cc1c[nH]c2ccccc12)C(=O)NCCNc1c2c(nc3ccccc13)CCCC2,test,7.5802499224794815
CHEMBL446060,CHEMBL220,5.9350000000000005,2015.0,5.9350000000000005,CNC(=O)Oc1ccccc1OC(C)C,val,5.525620454134874
CHEMBL4461027,CHEMBL220,5.0,2019.0,5.0,O=C(c1cccc2ccccc12)n1nc(OCCN2CCCCC2)c2ccccc21,test,5.41009565256852
CHEMBL4462369,CHEMBL220,8.89,2019.0,8.89,O=C(CCCCNc1c2c(nc3cc(Cl)ccc13)CCCC2)NC12CC3CC(F)(CC(C1)c1ccccc13)C2,test,8.897091006451113
CHEMBL4464759,CHEMBL220,6.05,2019.0,6.05,Cc1c(C)c2ccc(OCC3CCN(CCCO)CC3)cc2oc1=O,test,5.441470277855202
CHEMBL4464883,CHEMBL220,8.0,2019.0,8.0,CCOc1ccc(Cc2nc3cc(C(=O)NCCCCNc4c5c(nc6ccccc46)CCCC5)ccc3n2CCC(C)C)cc1,test,7.5802499224794815
CHEMBL4465544,CHEMBL220,4.2,2019.0,4.2,COc1ccc(C2=NN(C(C)=O)C(c3ccc(N4CCN(Cc5ccccc5)CC4)cc3)C2)cc1OC,test,5.525620454134874
CHEMBL4466829,CHEMBL220,5.98,2019.0,5.98,C(=N/Nc1c2c(nc3ccccc13)CCCC2)\c1ccc(OCc2cn(Cc3ccccc3)nn2)cc1.Cl,test,5.492940456942919
CHEMBL4466903,CHEMBL220,5.09,2019.0,5.09,COC(=O)/C(=C\C(=O)c1cc(O)ccc1O)CC/C=C(\C)CCC=C(C)C,val,5.756696354674734
CHEMBL4467345,CHEMBL220,5.0,2019.0,5.0,N[C@@H](CCCCn1cc(-c2ccccc2)nn1)C(=O)NCC1CCN(Cc2ccccc2)CC1,test,5.462585614318426
CHEMBL4467355,CHEMBL220,6.03,2019.0,6.03,COc1ccc2nc3c(c(NCCCCCCNC(=O)[C@@H](N)Cc4c[nH]c5ccccc45)c2c1)CCCC3.Cl.Cl,val,5.604361752925308
CHEMBL446997,CHEMBL220,4.61,2017.0,4.61,CCOP(=O)(C#N)N(C)C,test,5.41009565256852
CHEMBL4473438,CHEMBL220,7.5,2019.0,7.5,CCOc1ccc(Cc2nc3cc(C(=O)N(CC)CC)ccc3n2CCCCNc2c3c(nc4ccccc24)CCCC3)cc1,test,7.726874238936626
CHEMBL4474399,CHEMBL220,6.89,2020.0,6.89,Cc1ccc2oc(-c3ccc(OCCCCCCN4CCCCC4)cc3)cc(=O)c2c1,test,5.41009565256852
CHEMBL4475228,CHEMBL220,6.67,2019.0,6.67,COc1ccc(CCOCCCCCNc2c3c(nc4ccccc24)CCCC3)cc1,test,7.5802499224794815
CHEMBL4475612,CHEMBL220,3.999132278468773,2019.0,3.999132278468773,COc1ccc(C2=NN(C(C)=O)C(c3ccc(N4CCN(Cc5ccccc5)CC4)cc3)C2)cc1,test,5.41009565256852
CHEMBL4476861,CHEMBL220,5.0,2019.0,5.0,O=C(c1cccc2ccccc12)n1nc(OCCCN2CCCC2)c2ccccc21,val,5.41009565256852
CHEMBL448060,CHEMBL220,4.16,2001.0,4.16,CC(C)=CCOc1c2ccoc2cc2oc(=O)ccc12,test,5.41009565256852
CHEMBL45005,CHEMBL220,6.654999999999999,1992.0,6.654999999999999,Cc1ccccc1C,val,5.41009565256852
CHEMBL450931,CHEMBL220,4.81,2002.0,4.81,C#CCNCCc1cccc(OC(=O)N(C)CCC)c1,val,5.41009565256852
CHEMBL45118,CHEMBL220,3.0,1986.0,3.0,CC[N+](C)(CC)CCS/C(=N\O)C(=O)c1ccc(OC)cc1.[Cl-],val,5.41009565256852
CHEMBL4514959,CHEMBL220,7.42,2019.0,7.42,O=C(Cc1cc(=O)oc2cc(O)ccc12)NCCCNCCNCCCNc1c2c(nc3ccccc13)CCCC2,test,7.662582155645785
CHEMBL4516508,CHEMBL220,6.43,2016.0,6.43,Fc1ccc(CN2CCC(Nc3nc(-c4ccc(Cl)cc4)c(-c4ccc(Cl)cc4)s3)CC2)c(Cl)c1,test,5.41009565256852
CHEMBL4519072,CHEMBL220,5.89,2016.0,5.89,Cc1ccc(-c2nc(NC3CCN(Cc4ccccc4)CC3)sc2-c2ccc(C)cc2)cc1,test,5.41009565256852
CHEMBL4521755,CHEMBL220,5.98,2019.0,5.98,Oc1cc(/C=N/c2c3c(nc4ccccc24)CCCC3)cc(O)c1O,test,5.41009565256852
CHEMBL4522757,CHEMBL220,7.22,2019.0,7.22,O=C(/C=C/c1ccc(OCc2ccccc2)cc1)NCCNc1c2c(nc3ccccc13)CCCC2,test,7.5802499224794815
CHEMBL4525409,CHEMBL220,6.53,2019.0,6.53,COc1ccc(NC(=S)NNc2c3c(nc4ccccc24)CCCC3)cc1,test,5.492940456942919
CHEMBL4525824,CHEMBL220,5.0,2019.0,5.0,O=C(c1cccc(Cl)c1Cl)n1nc(OCCN2CCCC2)c2ccccc21,test,5.41009565256852
CHEMBL4526049,CHEMBL220,6.86,2019.0,6.86,COc1cc(N)c(Cl)cc1C(=O)CCC1CCN(Cc2ccc(O)c(O)c2)CC1,test,6.486082936606804
CHEMBL4526050,CHEMBL220,7.69,2019.0,7.69,COc1c(C(=O)CCC2CCN(Cc3ccccc3)CC2)cc(Cl)c2[nH]ccc12,test,6.430278788602296
CHEMBL4526428,CHEMBL220,4.89,2019.0,4.89,Brc1ccc(-n2cc(COc3ccc(/C=N/Nc4c5c(nc6ccccc46)CCCC5)cc3)nn2)cc1.Cl,test,5.492940456942919
CHEMBL4527729,CHEMBL220,6.27,2019.0,6.27,COc1cc(CN2CCC(CCC(=O)c3cc(Cl)c(N)cc3OC)CC2)ccc1O,test,6.486082936606804
CHEMBL452895,CHEMBL220,4.01,2019.0,4.01,COc1cc2c3cc1Oc1c(O)c(OC)cc4c1[C@@H](Cc1ccc(O)c(c1)Oc1ccc(cc1)C[C@@H]3N(C)CC2)N(C)CC4,test,5.525620454134874
CHEMBL4529341,CHEMBL220,4.0,2020.0,4.0,OCC1CCN(Cc2ccccc2)CC1,test,5.570559233208476
CHEMBL4530960,CHEMBL220,6.07,2019.0,6.07,Cc1c(C)c2ccc(OCC3CCN(CCCO[N+](=O)[O-])CC3)cc2oc1=O,test,5.441470277855202
CHEMBL4531167,CHEMBL220,6.85,2019.0,6.85,Oc1ccc(CCOCCCCCNc2c3c(nc4ccccc24)CCCC3)cc1,test,7.5802499224794815
CHEMBL4532224,CHEMBL220,3.655214877367339,2019.0,3.655214877367339,CCN1CCN(c2ccc(C3CC(c4ccc(OC)cc4)=NN3C(C)=O)cc2)CC1,test,5.41009565256852
CHEMBL4532770,CHEMBL220,14.30102999566398,2019.0,14.30102999566398,COc1ccc2[nH]cc(CCNC(=O)CCCCCCCNc3c4c(nc5ccccc35)CCCC4)c2c1,test,12.921856120512654
CHEMBL4534662,CHEMBL220,7.26,2019.0,7.26,COc1cc(/C=C/C(=O)NCCNc2c3c(nc4ccccc24)CCCC3)ccc1OCc1ccccc1,test,7.5802499224794815
CHEMBL4535585,CHEMBL220,7.0,2019.0,7.0,Oc1ccc(CNc2c3c(nc4ccccc24)CCCC3)cc1O,test,5.645575773717703
CHEMBL453641,CHEMBL220,4.38,2024.0,4.38,C=C(C)[C@H](CC=C(C)C)Cc1c(O)cc(OC)c2c1O[C@H](c1ccc(O)cc1O)CC2=O,test,5.525620454134874
CHEMBL4536715,CHEMBL220,6.21,2019.0,6.21,Oc1ccc(/C=N/c2c3c(nc4ccccc24)CCCC3)cc1O,test,5.41009565256852
CHEMBL4538398,CHEMBL220,5.24,2019.0,5.24,COc1ccc2nc3c(c(NCCNC(=O)[C@@H](N)Cc4c[nH]c5ccccc45)c2c1)CCCC3.Cl.Cl,test,5.604361752925308
CHEMBL4540355,CHEMBL220,6.56,2019.0,6.56,COc1c(C(=O)CCC2CCN(Cc3ccccc3)CC2)cc(Cl)c2[nH]c([Si](C)(C)C)cc12,test,6.564001789487463
CHEMBL4540429,CHEMBL220,6.92,2019.0,6.92,Cl.Cl.N[C@@H](Cc1c[nH]c2ccccc12)C(=O)NCCCCCCNc1c2c(nc3ccccc13)CCCC2,val,7.5802499224794815
CHEMBL4540644,CHEMBL220,5.96,2016.0,5.96,Cc1ccc(CN2CCC(Nc3nc(-c4ccc(C)cc4)c(-c4ccc(C)cc4)s3)CC2)cc1,test,5.41009565256852
CHEMBL4540814,CHEMBL220,5.01,2019.0,5.01,O=C(c1ccccc1Cl)n1nc(OCCN2CCCC2)c2ccccc21,test,5.41009565256852
CHEMBL4541077,CHEMBL220,7.58,2019.0,7.58,COc1ccc2[nH]cc(CCNC(=O)CN(CCCC3CCN(Cc4ccccc4)CC3)C(=O)/C=C/c3ccc(O)c(OC)c3)c2c1,val,5.81840391985919
CHEMBL4541746,CHEMBL220,2.259637310505756,2020.0,2.259637310505756,Cc1cc(=O)n(C)c(=O)n1CCCCCn1cnc(C(=O)NO)n1,test,4.084317748678645
CHEMBL4544950,CHEMBL220,6.12,2016.0,6.12,COc1ccc(-c2nc(NC3CCN(Cc4ccc(C(F)(F)F)cc4)CC3)sc2-c2ccc(OC)cc2)cc1,test,5.41009565256852
CHEMBL4545210,CHEMBL220,5.3,2019.0,5.3,COc1cc2c(cc1OC)-c1cc(OCCN3CCCCC3)nc(=O)n1CC2,test,5.525620454134874
CHEMBL4545532,CHEMBL220,7.2,2019.0,7.2,CCOc1ccc(Cc2nc3cc(C(=O)N(CC)CCCCNc4c5c(nc6ccccc46)CCCC5)ccc3n2CCC(C)C)cc1,test,7.726874238936626
CHEMBL4551316,CHEMBL220,5.95,2016.0,5.95,COc1ccc(CN2CCC(Nc3nc(-c4ccc(Cl)cc4)c(-c4ccc(Cl)cc4)s3)CC2)cc1,test,5.41009565256852
CHEMBL4552547,CHEMBL220,4.0,2024.0,4.0,COc1cc2c(cc1OC)[C@@H]1[C@H](O)[C@@H](OC)[C@H](O)C3=CCN(C2)[C@H]31,test,5.525620454134874
CHEMBL4552675,CHEMBL220,7.65,2021.0,7.65,COc1ccc2nc3c(c(NCCCCCCCCN(CC(=O)Nc4ccc5ccccc5c4)C(=O)/C=C/c4ccc(O)c(OC)c4)c2c1)CCCC3,val,5.604361752925308
CHEMBL4553902,CHEMBL220,5.64,2019.0,5.64,COc1ccc(-n2cc(COc3ccc(/C=N/Nc4c5c(nc6ccccc46)CCCC5)cc3)nn2)cc1.Cl,test,5.492940456942919
CHEMBL4555120,CHEMBL220,6.78,2019.0,6.78,COc1ccc(CCOCCCCCNc2c3c(nc4ccccc24)CCCC3)cc1OC,test,7.5802499224794815
CHEMBL4555730,CHEMBL220,6.08,2016.0,6.08,COc1ccc(-c2nc(NC3CCN(Cc4ccc(C)cc4)CC3)sc2-c2ccc(OC)cc2)cc1,test,5.41009565256852
CHEMBL4555887,CHEMBL220,6.4,2019.0,6.4,CCOc1ccc(Cc2nc3cc(C(=O)NCCOCCOCCNc4c5c(nc6ccccc46)CCCC5)ccc3n2CCC(C)C)cc1,val,7.5802499224794815
CHEMBL4556281,CHEMBL220,8.2,2019.0,8.2,Cl.Cl.N[C@@H](Cc1c[nH]c2ccccc12)C(=O)NCCCCCCNc1c2c(nc3cc(Cl)ccc13)CCCC2,val,7.977255816806988
CHEMBL4556734,CHEMBL220,14.30102999566398,2019.0,14.30102999566398,O=C(CCCCCCCNc1c2c(nc3ccccc13)CCCC2)NCCc1c[nH]c2ccccc12,test,12.715005809675743
CHEMBL4557164,CHEMBL220,5.39,2019.0,5.39,Cl.O=C(O)c1ccc(-n2cc(COc3ccc(/C=N/Nc4c5c(nc6ccccc46)CCCC5)cc3)nn2)cc1,test,5.492940456942919
CHEMBL4558335,CHEMBL220,7.7,2019.0,7.7,CCOc1ccc(Cc2nc3cc(C(=O)NCCCCCCNc4c5c(nc6ccccc46)CCCC5)ccc3n2CCC(C)C)cc1,val,7.5802499224794815
CHEMBL4559593,CHEMBL220,8.13,2019.0,8.13,Cl.Cl.NC(Cc1c[nH]c2ccccc12)C(=O)NCCCCCCNc1c2c(nc3cc(Cl)ccc13)CCCC2,val,7.977255816806988
CHEMBL4562938,CHEMBL220,6.11,2016.0,6.11,COc1ccc(CN2CCC(Nc3nc(-c4ccc(OC)cc4)c(-c4ccc(OC)cc4)s3)CC2)cc1,test,5.41009565256852
CHEMBL4563523,CHEMBL220,4.96,2019.0,4.96,O=C(c1cccc(F)c1F)n1nc(OCCN2CCCC2)c2ccccc21,test,5.41009565256852
CHEMBL456881,CHEMBL220,4.325,2008.0,4.325,O=c1c2ccccc2nc2n1CCC2,test,5.41009565256852
CHEMBL4571402,CHEMBL220,4.0,2020.0,4.0,OCC1CCCN(Cc2ccccc2)C1,test,5.41009565256852
CHEMBL4571763,CHEMBL220,5.89,2022.0,5.89,Cc1c(C)c2ccc(OCC3CCCN(Cc4ccccc4)C3)cc2oc1=O,test,5.41009565256852
CHEMBL4575730,CHEMBL220,5.86,2016.0,5.86,Clc1ccc(-c2nc(NC3CCN(Cc4ccccc4)CC3)sc2-c2ccc(Cl)cc2)cc1,test,5.41009565256852
CHEMBL4579667,CHEMBL220,14.30102999566398,2019.0,14.30102999566398,O=C(CCCCCCCNc1c2c(nc3ccccc13)CCCC2)NCCc1c[nH]c2ccc(O)cc12,test,12.243363335011624
CHEMBL4580216,CHEMBL220,6.21,2019.0,6.21,S=C(NNc1c2c(nc3ccccc13)CCCC2)Nc1ccccc1,test,5.492940456942919
CHEMBL4581664,CHEMBL220,5.14,2023.0,5.14,Cc1ccc(-c2cn(Cc3ccc4ccccc4c3)nn2)cc1C(=O)NCCN1CCOCC1,test,5.41009565256852
CHEMBL4582736,CHEMBL220,5.695,2019.0,5.695,COc1ccc(C2=NN(C(C)=O)C(c3ccc(N4CCN(C)CC4)cc3)C2)cc1OC,test,5.525620454134874
CHEMBL4585711,CHEMBL220,4.0,2019.0,4.0,COc1cc2c(cc1Oc1c3c(cc(OC)c1OC)CCN(C)C3)C(Cc1ccc(O)cc1)N(C)CC2,test,5.525620454134874
CHEMBL4585990,CHEMBL220,7.88,2019.0,7.88,O=C(CCC1CCN(Cc2ccccc2)CC1)c1ccc2[nH]ccc2c1,test,6.430278788602296
CHEMBL4588487,CHEMBL220,5.5,2016.0,5.5,Cc1ccc(CN2CCC(Nc3nc(-c4ccc(Cl)cc4)c(-c4ccc(Cl)cc4)s3)CC2)cc1,test,5.41009565256852
CHEMBL4588525,CHEMBL220,6.34,2019.0,6.34,c1ccc(COc2ccc(CCOCCCCCNc3c4c(nc5ccccc35)CCCC4)cc2)cc1,test,7.5802499224794815
CHEMBL4588547,CHEMBL220,7.1,2019.0,7.1,CCOc1ccc(Cc2nc3cc(C(=O)NCCNc4c5c(nc6ccccc46)CCCC5)ccc3n2CCC(C)C)cc1,test,7.5802499224794815
CHEMBL4589250,CHEMBL220,6.27,2019.0,6.27,Oc1ccc(CCOCCCCCNc2c3c(nc4ccccc24)CCCC3)cc1O,test,7.5802499224794815
CHEMBL4590539,CHEMBL220,4.17,2019.0,4.17,CCN(CC)Cc1cc2cc(c1O)Oc1ccc(cc1)C[C@H]1c3cc(c(OC)cc3CCN1C)Oc1c(OC)c(OC)cc3c1[C@@H](C2)N(C)CC3,test,5.525620454134874
CHEMBL4590945,CHEMBL220,14.30102999566398,2019.0,14.30102999566398,O=C(CCCCCCCNc1c2c(nc3cc(Cl)cc(Cl)c13)CCCC2)NCCc1c[nH]c2ccccc12,test,11.595630308002495
CHEMBL4591167,CHEMBL220,8.6,2019.0,8.6,NC12CC3CC(F)(CC(C1)c1cc(NC(=O)CCCCNc4c5c(nc6cc(Cl)ccc46)CCCC5)ccc13)C2,test,8.973584062006669
CHEMBL4592037,CHEMBL220,5.43,2019.0,5.43,Cc1ccc(-n2cc(COc3ccc(/C=N/Nc4c5c(nc6ccccc46)CCCC5)cc3)nn2)cc1.Cl,test,5.492940456942919
CHEMBL459258,CHEMBL220,4.24,2012.0,4.24,COc1cc([C@H]2Oc3cc(O)c(C/C=C(\C)CCC=C(C)C)c(O)c3C(=O)[C@@H]2O)ccc1O,test,5.872221156241087
CHEMBL4593917,CHEMBL220,5.99,2016.0,5.99,N#Cc1ccc(CN2CCC(Nc3nc(-c4ccc(Cl)cc4)c(-c4ccc(Cl)cc4)s3)CC2)cc1,test,5.41009565256852
CHEMBL4594199,CHEMBL220,4.32,2019.0,4.32,CCN1CCN(c2ccc(C3CC(c4ccc(OC)c(OC)c4)=NN3C(C)=O)cc2)CC1,test,5.525620454134874
CHEMBL459825,CHEMBL220,4.17,2001.0,4.17,CC(C)(O[C@@H]1O[C@H](CO)[C@@H](O)[C@H](O)[C@H]1O)[C@H]1Cc2cc3ccc(=O)oc3cc2O1,test,5.41009565256852
CHEMBL459826,CHEMBL220,3.744727494896694,2001.0,3.744727494896694,CC(C)(O)C(=O)Cc1cc2ccc(=O)oc2cc1O,val,5.41009565256852
CHEMBL46151,CHEMBL220,3.585026652029182,1986.0,3.585026652029182,CCN(CC)CCS/C(=N\O)C(=O)c1ccc(OC)cc1,val,5.41009565256852
CHEMBL461949,CHEMBL220,3.886056647693163,2001.0,3.886056647693163,C=C(C)[C@H](O)Cc1cc2ccc(=O)oc2cc1O,val,5.41009565256852
CHEMBL4633410,CHEMBL220,7.55,2020.0,7.55,COc1ccc([C@H]2O[C@@H](O)[C@H]3[C@@H]2C(=O)O[C@@H]3c2ccc(OC)c(OC)c2)cc1OC,test,5.525620454134874
CHEMBL4634371,CHEMBL220,4.0,2020.0,4.0,COc1c2c(cc3c1OCO3)[C@]13C=C[C@H](OC)C[C@@H]1[N@](C2)C[C@H]3OC(=O)c1ccco1,val,5.41009565256852
CHEMBL4635134,CHEMBL220,4.0,2021.0,4.0,CNC(=O)c1cc(C(=O)NC2CC2)cn(Cc2ccccc2)c1=O,test,5.41009565256852
CHEMBL4636399,CHEMBL220,4.77,2020.0,4.77,O=[N+]([O-])C1C(Cc2c[nH]cn2)NC2(c3ccccc3-c3nc4ccccc4nc32)C1c1ccccn1,test,5.41009565256852
CHEMBL4636736,CHEMBL220,4.0,2020.0,4.0,COc1c2c(cc3c1OCO3)[C@]13C=C[C@H](OC)C[C@@H]1[N@](C2)C[C@H]3OC(=O)c1ccc2ccccc2c1,test,5.41009565256852
CHEMBL4639105,CHEMBL220,6.13,2020.0,6.13,COc1cc2cc(NC(=O)CCCNCc3ccccc3)c(=O)oc2cc1OC,val,5.872221156241087
CHEMBL464538,CHEMBL220,7.52,2006.0,7.52,C=CC[N+](C)(C)c1ccc(CCC(=O)CCc2ccc([N+](C)(C)CC=C)cc2)cc1.[Br-].[Br-],val,5.756696354674734
CHEMBL4647106,CHEMBL220,9.0,2020.0,9.0,COc1ccc([C@H](O)[C@H](N)C(=O)O)cc1OC,val,5.525620454134874
CHEMBL468002,CHEMBL220,5.55,2008.0,5.55,CC1(C)CC(=O)C2=C(C1)Nc1nc3c(c(N)c1C2c1ccncc1)CCCC3,test,5.41009565256852
CHEMBL468568,CHEMBL220,5.34,2021.0,5.34,COc1cc(CO)ccc1O[C@@H]1O[C@H](CO)[C@@H](O)[C@H](O)[C@H]1O,test,5.525620454134874
CHEMBL469638,CHEMBL220,4.7,2017.0,4.7,COc1ccc2c3c1O[C@H]1C[C@@H](O)CC[C@@]31CCN(C)C2,test,5.525620454134874
CHEMBL470867,CHEMBL220,6.27,2006.0,6.27,COc1ccc2c(=O)oc3c(OC)cc(CCN(C)C)c4c(=O)oc1c2c34,test,5.525620454134874
CHEMBL471187,CHEMBL220,4.675,2018.0,4.675,Oc1cc(O)cc(Oc2c(O)cc(O)c3c2Oc2c(O)cc(O)cc2O3)c1,val,5.41009565256852
CHEMBL472776,CHEMBL220,7.23,2013.0,7.23,COc1cc2c(cc1OC)C(=O)C(Cc1cccc(CN3CCCCC3)c1)C2,test,5.525620454134874
CHEMBL472813,CHEMBL220,7.66,2013.0,7.66,CCN(CC)Cc1cccc(CC2Cc3cc(OC)c(OC)cc3C2=O)c1,test,5.525620454134874
CHEMBL472814,CHEMBL220,5.98,2013.0,5.98,CCN(CC)Cc1ccc(CC2Cc3cc(OC)c(OC)cc3C2=O)cc1,test,5.525620454134874
CHEMBL47375,CHEMBL220,3.0,1986.0,3.0,COc1ccc(C(=O)/C(=N/O)SCC[N+](C)(C)C)cc1.[Cl-],val,5.686782563971077
CHEMBL4741070,CHEMBL220,4.91,2020.0,4.91,COc1cc(/C=C/C(=O)N2CCc3ccccc3C2)ccc1OC(=O)N(C)OC,test,5.525620454134874
CHEMBL4741219,CHEMBL220,7.41,2020.0,7.41,CNC(=O)c1sc(-c2ccnc(NC(=O)C3CC3)c2)nc1OCCc1cn(CCNc2c3c(nc4cc(Cl)ccc24)CCCC3)nn1,test,7.977255816806988
CHEMBL474190,CHEMBL220,6.04,2013.0,6.04,CCN(C)Cc1ccc(CC2Cc3cc(OC)c(OC)cc3C2=O)cc1,test,5.525620454134874
CHEMBL474268,CHEMBL220,8.59,2008.0,8.59,Clc1ccc2c(NCCCNCCCCCCOc3cccc4[nH]c5ccccc5c34)c3c(nc2c1)CCCC3,test,8.090561668950551
CHEMBL4743162,CHEMBL220,5.47,2019.0,5.47,O=[N+]([O-])c1ccccc1-c1nnc(Nc2ncccn2)o1,test,5.41009565256852
CHEMBL4743358,CHEMBL220,5.99,2019.0,5.99,Cc1ccc(-c2nnc(N3CCN(c4ccccn4)CC3)o2)cc1,test,5.41009565256852
CHEMBL4743436,CHEMBL220,5.57,2020.0,5.57,COc1ccc2cc3[n+](cc2c1OCc1cccc(Br)c1)CCc1cc2c(cc1-3)OCO2.[Br-],test,5.944967984803408
CHEMBL4744191,CHEMBL220,5.92,2019.0,5.92,COc1cccc(-c2nnc(N3CCN(c4ccccn4)CC3)o2)c1OC,test,5.525620454134874
CHEMBL4744911,CHEMBL220,6.0,2020.0,6.0,CNC(=O)c1sc(-c2ccnc(NC(=O)C3CC3)c2)nc1OCCCc1cn(CCNc2c3c(nc4ccc(OC)cc24)CCCC3)nn1,test,5.652375464767667
CHEMBL4745154,CHEMBL220,5.81,2019.0,5.81,COc1ccc(-c2nnc(Nc3ncccn3)o2)cc1,test,5.41009565256852
CHEMBL4745328,CHEMBL220,6.0,2020.0,6.0,COc1ccc2cc3[n+](cc2c1OCc1ccc([N+](=O)[O-])cc1)CCc1cc2c(cc1-3)OCO2.[Br-],test,5.944967984803408
CHEMBL4745534,CHEMBL220,6.65,2019.0,6.65,COc1cc(-c2nnc(N3CCN(c4ccccn4)CC3)o2)cc(OC)c1OC,test,5.525620454134874
CHEMBL474577,CHEMBL220,6.28,2013.0,6.28,COc1cc2c(cc1OC)C(=O)C(Cc1cccc(CN(C)C)c1)C2,test,5.525620454134874
CHEMBL474578,CHEMBL220,6.79,2013.0,6.79,COc1cc2c(cc1OC)C(=O)C(Cc1ccc(CN(C)C)cc1)C2,test,5.525620454134874
CHEMBL4745801,CHEMBL220,5.77,2020.0,5.77,COc1ccc2cc3[n+](cc2c1OCc1ccccc1Br)CCc1cc2c(cc1-3)OCO2.[Br-],test,5.944967984803408
CHEMBL4745802,CHEMBL220,4.12,2020.0,4.12,COc1ccc2cc3[n+](cc2c1OCc1ccc(C)cc1)CCc1cc2c(cc1-3)OCO2.[Br-],test,5.944967984803408
CHEMBL4746180,CHEMBL220,5.93,2019.0,5.93,Oc1ccc(-c2nnc(N3CCN(c4ccccn4)CC3)o2)cc1,test,5.41009565256852
CHEMBL4746559,CHEMBL220,6.47,2019.0,6.47,c1ccc(-c2nnc(N3CCN(c4ccccn4)CC3)o2)cc1,test,5.41009565256852
CHEMBL4747146,CHEMBL220,5.48,2019.0,5.48,Brc1cccc(-c2nnc(Nc3ncccn3)o2)c1,test,5.41009565256852
CHEMBL4747158,CHEMBL220,5.91,2020.0,5.91,COc1ccc2cc3[n+](cc2c1OCc1ccc(Cl)c(Cl)c1)CCc1cc2c(cc1-3)OCO2.[Br-],test,5.944967984803408
CHEMBL4747992,CHEMBL220,6.51,2021.0,6.51,NC(=O)c1sc(-c2ccnc(NC(=O)C3CC3)c2)nc1OCCCC1CCN(Cc2ccc(F)cc2)CC1,test,5.908034931981894
CHEMBL4748939,CHEMBL220,5.58,2020.0,5.58,COC(=O)c1ccc(COc2c(OC)ccc3cc4[n+](cc23)CCc2cc3c(cc2-4)OCO3)cc1.[Br-],test,5.944967984803408
CHEMBL4748993,CHEMBL220,5.88,2021.0,5.88,NC(=O)c1sc(-c2ccnc(NC(=O)C3CC3)c2)nc1OCCCC1CCN(Cc2ccccc2F)CC1,test,5.908034931981894
CHEMBL4749346,CHEMBL220,5.6,2020.0,5.6,COc1ccc2cc3[n+](cc2c1OCc1ccc(Cl)cc1)CCc1cc2c(cc1-3)OCO2.[Br-],test,5.944967984803408
CHEMBL4750190,CHEMBL220,6.92,2020.0,6.92,COCCn1cnc2cc(NC(=O)c3ccccc3)cc(C(=O)NCc3cc(F)cc(F)c3)c21,val,5.41009565256852
CHEMBL4750838,CHEMBL220,5.03,2020.0,5.03,COc1ccc2nc3cc(Cl)ccc3c(Nc3ccc(C(=O)NO)cc3)c2n1,test,5.723532924311098
CHEMBL475161,CHEMBL220,7.15,2013.0,7.15,COc1cc2c(cc1OC)C(=O)/C(=C/c1cccc(CN3CCCCC3)c1)C2,test,5.872221156241087
CHEMBL4752175,CHEMBL220,7.615,2020.0,7.615,COc1ccc2cc3[n+](cc2c1OCc1ccc(C(F)(F)F)cc1)CCc1cc2c(cc1-3)OCO2.[Br-],test,5.944967984803408
CHEMBL4752466,CHEMBL220,5.28,2019.0,5.28,Cc1cccc(-c2nnc(N3CCN(c4ccccn4)CC3)o2)c1,test,5.41009565256852
CHEMBL4752558,CHEMBL220,6.08,2020.0,6.08,O=C(NO)c1ccc(Nc2ccnc3ccccc23)cc1,val,5.41009565256852
CHEMBL4752813,CHEMBL220,6.1,2020.0,6.1,COc1ccc2cc3[n+](cc2c1OC(C)c1ccccc1)CCc1cc2c(cc1-3)OCO2.[Br-],test,5.944967984803408
CHEMBL4752879,CHEMBL220,6.0,2021.0,6.0,Cc1cc(/C=N/O)c(O)c(CNc2ccc(Cn3cncn3)cc2)c1,val,3.001073377080921
CHEMBL4753534,CHEMBL220,5.72,2020.0,5.72,COc1ccc2cc3[n+](cc2c1OCc1cccc(Cl)c1)CCc1cc2c(cc1-3)OCO2.[Br-],test,5.944967984803408
CHEMBL4754192,CHEMBL220,6.53,2020.0,6.53,O=C(NCCCNc1c2c(nc3ccccc13)CCCC2)c1sc(-c2ccnc(NC(=O)C3CCC3)c2)nc1OCC1CC1,test,7.5802499224794815
CHEMBL4754304,CHEMBL220,6.66,2019.0,6.66,O=[N+]([O-])c1ccc(-c2nnc(N3CCN(c4ccccn4)CC3)o2)cc1,test,5.41009565256852
CHEMBL4755561,CHEMBL220,5.62,2019.0,5.62,Fc1ccc(-c2nnc(Nc3ncccn3)o2)cc1,test,5.41009565256852
CHEMBL4755736,CHEMBL220,5.300000202445418,2019.0,5.300000202445418,Clc1ccccc1-c1nnc(Nc2ncccn2)o1,test,5.41009565256852
CHEMBL4755968,CHEMBL220,9.03,2020.0,9.03,O=C(CCN1CCC2c3ccccc3NC2C1)Oc1ccc(/C=C2\CCn3c2nc2ccccc2c3=O)cc1,test,5.836078049540918
CHEMBL4756491,CHEMBL220,4.98,2020.0,4.98,COc1ccc2cc3[n+](cc2c1OCc1ccccc1C)CCc1cc2c(cc1-3)OCO2.[Br-],test,5.944967984803408
CHEMBL4756730,CHEMBL220,6.99,2019.0,6.99,Clc1ccc(-c2nnc(N3CCN(c4ccccn4)CC3)o2)cc1,test,5.41009565256852
CHEMBL4756997,CHEMBL220,7.64,2020.0,7.64,CNC(=O)c1sc(-c2ccnc(NC(=O)CNCCCCNc3c4c(nc5ccccc35)CCCC4)c2)nc1OCC1CC1,test,7.5802499224794815
CHEMBL4757466,CHEMBL220,8.01,2020.0,8.01,O=C(CCN1CCC2c3ccccc3NC2C1)Nc1ccc(/C=C2\CCn3c2nc2ccccc2c3=O)cc1,test,5.836078049540918
CHEMBL4757955,CHEMBL220,4.78,2016.0,4.78,O=C1c2ccccc2C(=O)C12N1CSC[C@@H]1[C@@H](c1cccc3ccccc13)[C@@]21CSc2ccccc2C1=O,test,5.41009565256852
CHEMBL4758271,CHEMBL220,5.38,2020.0,5.38,COc1ccc2cc3[n+](cc2c1OCc1ccc(C(C)C)cc1)CCc1cc2c(cc1-3)OCO2.[Br-],test,5.944967984803408
CHEMBL4758460,CHEMBL220,5.14,2020.0,5.14,COc1ccc2cc3[n+](cc2c1OCc1cccc(C)c1)CCc1cc2c(cc1-3)OCO2.[Br-],test,5.944967984803408
CHEMBL4758531,CHEMBL220,6.41,2020.0,6.41,CC(=O)Nc1cc(-c2nc(OCC3CC3)c(C(=O)NCCCNc3c4c(nc5ccccc35)CCCC4)s2)ccn1,test,7.5802499224794815
CHEMBL4759107,CHEMBL220,5.17,2020.0,5.17,C/C=C1\C2C=C(C)CC1(NCC(=O)OC)c1ccc(=O)[nH]c1C2,test,5.41009565256852
CHEMBL4759108,CHEMBL220,7.395,2019.0,7.395,Fc1ccc(-c2nnc(N3CCN(c4ccccn4)CC3)o2)c(F)c1,test,5.41009565256852
CHEMBL4759227,CHEMBL220,5.84,2020.0,5.84,COc1ccc2cc3[n+](cc2c1OCc1cccc([N+](=O)[O-])c1)CCc1cc2c(cc1-3)OCO2.[Br-],test,5.944967984803408
CHEMBL4759959,CHEMBL220,4.75,2020.0,4.75,COc1cc(/C=C/C(=O)N2CCc3ccccc3C2)ccc1OC(=O)N(C)C,test,5.525620454134874
CHEMBL4760288,CHEMBL220,6.78,2020.0,6.78,CNC(=O)c1sc(-c2ccnc(NC(=O)C3CC3)c2)nc1OCCCc1cn(CCNc2c3c(nc4ccccc24)CCCC3)nn1,test,7.5802499224794815
CHEMBL4760940,CHEMBL220,6.645,2019.0,6.645,c1cnc(Nc2nnc(-c3cccc4ccccc34)o2)nc1,val,5.41009565256852
CHEMBL4761564,CHEMBL220,5.87,2019.0,5.87,Oc1ccc(-c2nnc(N3CCN(c4ccccn4)CC3)o2)c(O)c1,test,5.41009565256852
CHEMBL4761802,CHEMBL220,5.0,2016.0,5.0,COc1ccc2nc3c(c(NCCCCCCCN(CC(=O)NCCc4c[nH]c5ccc(OC)cc45)C(=O)CCCC[C@@H]4CCSS4)c2c1)CCCC3,test,5.694271392062006
CHEMBL4761840,CHEMBL220,5.48,2020.0,5.48,COc1ccc2cc3[n+](cc2c1OCc1ccc(Br)cc1)CCc1cc2c(cc1-3)OCO2.[Br-],test,5.944967984803408
CHEMBL4761911,CHEMBL220,6.87,2019.0,6.87,Fc1ccc(-c2nnc(N3CCN(c4ccccn4)CC3)o2)cc1,test,5.41009565256852
CHEMBL4762419,CHEMBL220,8.42,2020.0,8.42,COc1cc2c(cc1O)CCC(C)(CCC(=O)NCCCCCCNc1c3c(nc4cc(Cl)ccc14)CCCC3)O2,val,7.977255816806988
CHEMBL4762463,CHEMBL220,5.03,2020.0,5.03,Cc1cc(S(=O)(=O)NN)c(C(C)C)cc1O,val,5.829443183237055
CHEMBL4762533,CHEMBL220,5.28,2020.0,5.28,COc1ccc(COc2c(OC)ccc3cc4[n+](cc23)CCc2cc3c(cc2-4)OCO3)cc1.[Br-],test,5.944967984803408
CHEMBL4762548,CHEMBL220,4.55,2020.0,4.55,CCN(Cc1ccccc1)C(=O)/C=C/c1ccc(OC(=O)N(c2ccccc2)c2ccccc2)c(OC)c1,test,5.525620454134874
CHEMBL4762653,CHEMBL220,4.54,2020.0,4.54,COc1cc(/C=C/C(=O)N2CCN(Cc3ccccc3)CC2)ccc1OC(=O)N(c1ccccc1)c1ccccc1,test,5.525620454134874
CHEMBL4762721,CHEMBL220,5.69,2019.0,5.69,c1ccc(-c2nnc(Nc3ncccn3)o2)cc1,test,5.41009565256852
CHEMBL4762943,CHEMBL220,5.46,2020.0,5.46,COc1cccc(COc2c(OC)ccc3cc4[n+](cc23)CCc2cc3c(cc2-4)OCO3)c1.[Br-],test,5.944967984803408
CHEMBL4764279,CHEMBL220,5.300000202445418,2019.0,5.300000202445418,Oc1ccccc1-c1nnc(Nc2ncccn2)o1,test,5.41009565256852
CHEMBL4764422,CHEMBL220,5.43,2019.0,5.43,Brc1ccc(-c2nnc(Nc3ncccn3)o2)cc1,test,5.41009565256852
CHEMBL4764740,CHEMBL220,6.74,2019.0,6.74,FC(F)(F)c1ccc(-c2nnc(N3CCN(c4ccccn4)CC3)o2)cc1,test,5.41009565256852
CHEMBL4776811,CHEMBL220,5.52,2021.0,5.52,NC(=O)c1sc(-c2ccnc(NC(=O)C3CC3)c2)nc1OCCCC1CCN(Cc2cccc(F)c2)CC1,test,5.908034931981894
CHEMBL4777412,CHEMBL220,5.17,2020.0,5.17,CCN(C)C(=O)Oc1ccc(/C=C/C(=O)N2CCc3ccccc3C2)cc1,test,5.41009565256852
CHEMBL4777427,CHEMBL220,5.72,2019.0,5.72,COc1ccc(-c2nnc(Nc3ncccn3)o2)cc1OC,test,5.525620454134874
CHEMBL4777899,CHEMBL220,5.29,2020.0,5.29,O=C(/C=C/c1ccc(OCCCCN2CCCCC2)cc1)c1c(O)cc(OCCCCN2CCCCC2)cc1O,test,5.604361752925308
CHEMBL4778409,CHEMBL220,7.92,2021.0,7.92,COc1cc2c(cc1OC)/C(=C\c1ccc(N3CCCCC3)c(O)c1)OC2=O,test,5.525620454134874
CHEMBL4778694,CHEMBL220,2.3821612522829967,2021.0,2.3821612522829967,O=c1[nH]c2cc(Cl)ccc2n1C1CCN(Cc2cc(Cl)cc(/C=N/O)c2O)CC1,val,3.8796257527554188
CHEMBL4779514,CHEMBL220,4.8,2020.0,4.8,CCN(CC)C(=O)Oc1ccc(/C=C/C(=O)N2CCc3ccccc3C2)cc1OC,test,5.525620454134874
CHEMBL4779792,CHEMBL220,5.76,2019.0,5.76,Oc1ccc(-c2nnc(Nc3ncccn3)o2)cc1,test,5.41009565256852
CHEMBL4779999,CHEMBL220,7.13,2019.0,7.13,Brc1ccc(-c2nnc(N3CCN(c4ccccn4)CC3)o2)cc1,test,5.41009565256852
CHEMBL4780148,CHEMBL220,7.3,2021.0,7.3,COc1cc2c(cc1OC)/C(=C/c1ccc(N3CCCCC3)c(O)c1)OC2=O,test,5.525620454134874
CHEMBL4780719,CHEMBL220,5.43,2021.0,5.43,O=c1ccoc2ccc(OCCCCN3CCCC3)cc12,test,5.41009565256852
CHEMBL4780895,CHEMBL220,4.0,2020.0,4.0,C#CCN1CCCC(OC(=O)Nc2ccccc2)C1,val,5.41009565256852
CHEMBL4782180,CHEMBL220,5.91,2019.0,5.91,Oc1ccccc1-c1nnc(N2CCN(c3ccccn3)CC2)o1,test,5.41009565256852
CHEMBL4782186,CHEMBL220,4.0,2020.0,4.0,CCN(C)C(=O)OC1CCCN(Cc2ccccc2)C1,test,5.41009565256852
CHEMBL4782267,CHEMBL220,7.6,2021.0,7.6,COc1cc(CNC(=O)c2ccc(CNc3c4c(nc5cc(Cl)ccc35)CC3C=C(C)CC4C3)cc2)ccc1O,test,6.196965900898742
CHEMBL4782422,CHEMBL220,4.0,2020.0,4.0,O=C(Nc1ccccc1)OC1CCCN(C2Cc3ccccc3C2)C1,val,5.41009565256852
CHEMBL4782477,CHEMBL220,5.89,2020.0,5.89,CCN(CCCCOc1ccc(/C=C/C(=O)c2c(O)cc(OCCCCN(CC)Cc3ccccc3OC)cc2O)cc1)Cc1ccccc1OC,test,5.604361752925308
CHEMBL4782921,CHEMBL220,8.53,2021.0,8.53,COc1cc(CNC(=O)CCCCCCCCNc2c3c(nc4cc(Cl)ccc24)CC2C=C(C)CC3C2)ccc1O,val,8.81663267311778
CHEMBL4783427,CHEMBL220,6.425000000000001,2020.0,6.425000000000001,CCN(CCCCOc1ccc(-c2cc(=O)c3c(O)cc(OCCCCN(CC)Cc4ccccc4)cc3o2)cc1)Cc1ccccc1,val,5.41009565256852
CHEMBL4783438,CHEMBL220,2.720105019988362,2021.0,2.720105019988362,Cc1cc(/C=N/O)c(O)c(CN2CCC(n3c(=O)[nH]c4cc(Cl)ccc43)CC2)c1,val,3.8796257527554188
CHEMBL4783624,CHEMBL220,6.92,2020.0,6.92,O=c1c2cc(Cl)ccc2oc2ccc(OCCCCCN3CCCCCC3)cc12,test,5.41009565256852
CHEMBL4784191,CHEMBL220,6.42,2020.0,6.42,COc1cc2c(cc1OC)C(=O)/C(=C/c1ccc(N3CC[N+](C)(Cc4ccccn4)CC3)cc1)C2.[Cl-],test,5.872221156241087
CHEMBL4784480,CHEMBL220,5.91,2019.0,5.91,COc1cc(-c2nnc(Nc3ncccn3)o2)cc(OC)c1OC,test,5.525620454134874
CHEMBL4785620,CHEMBL220,5.25,2020.0,5.25,Cc1cc(S(=O)(=O)N2CCOCC2)c(C(C)C)cc1O,test,5.989906763877011
CHEMBL478666,CHEMBL220,8.67,2008.0,8.67,Clc1ccc2c(NCCCNCCCOc3cccc4[nH]c5ccccc5c34)c3c(nc2c1)CCCC3,val,8.090561668950551
CHEMBL4786712,CHEMBL220,4.0,2020.0,4.0,CS[C@@H](Cn1nnc2cc(C#Cc3ccc(N4CC5(C4)C[S+]([O-])C5)cc3)ccc21)N(O)C=O,val,5.41009565256852
CHEMBL4787251,CHEMBL220,8.08,2020.0,8.08,COc1cc2c(cc1O)CCC(C)(CCNCCOCCOCCNc1c3c(nc4cc(Cl)ccc14)CCCC3)O2,val,7.977255816806988
CHEMBL4787579,CHEMBL220,8.43,2020.0,8.43,COc1cc2c(cc1O)CCC(C)(CC(=O)NCCCCCCCCNc1c3c(nc4cc(Cl)ccc14)CCCC3)O2,test,7.977255816806988
CHEMBL4787590,CHEMBL220,6.0,2020.0,6.0,CNC(=O)c1sc(-c2ccnc(NC(=O)C3CC3)c2)nc1OCCc1cn(CCNc2c3c(nc4ccc(OC)cc24)CCCC3)nn1,test,5.652375464767667
CHEMBL4787690,CHEMBL220,6.09,2020.0,6.09,O=c1c(-c2ccc(OCCCCN3CCCCC3)cc2)coc2cc(OCCCCN3CCCCC3)cc(O)c12,test,5.41009565256852
CHEMBL4787873,CHEMBL220,3.0,2021.0,3.0,NC(=O)c1sc(-c2ccnc(NC(=O)C3CC3)c2)nc1O,test,5.41009565256852
CHEMBL4789099,CHEMBL220,5.6,2020.0,5.6,COc1ccc2cc3[n+](cc2c1OCc1cc(C)cc(C)c1)CCc1cc2c(cc1-3)OCO2.[Br-],test,5.944967984803408
CHEMBL4789172,CHEMBL220,7.96,2020.0,7.96,COc1cc2c(cc1OCc1ccccc1)CCC(C)(CC(=O)NCCCCCCNc1c3c(nc4cc(Cl)ccc14)CCCC3)O2,test,7.977255816806988
CHEMBL4789292,CHEMBL220,5.1,2020.0,5.1,CC(C)c1ccc(NC(=O)OC2CCCN(C3Cc4ccccc4C3)C2)cc1,val,5.41009565256852
CHEMBL4789995,CHEMBL220,4.88,2020.0,4.88,CCN(CC)C(=O)/C=C/c1ccc(OC(=O)N(C)C)c(OC)c1,val,5.525620454134874
CHEMBL4790739,CHEMBL220,5.58,2020.0,5.58,COc1ccc2cc3[n+](cc2c1OCc1ccc(SC)cc1)CCc1cc2c(cc1-3)OCO2.[Br-],test,5.944967984803408
CHEMBL4791143,CHEMBL220,4.0,2020.0,4.0,C#CCN1CCC(OC(=O)Nc2ccccc2)CC1,test,5.41009565256852
CHEMBL4791528,CHEMBL220,5.09,2020.0,5.09,O=c1c(-c2ccc(OCCCCN3CCc4ccccc4C3)cc2)coc2cc(OCCCCN3CCc4ccccc4C3)cc(O)c12,test,5.41009565256852
CHEMBL4791726,CHEMBL220,5.54,2019.0,5.54,Clc1ccc(-c2nnc(Nc3ncccn3)o2)cc1,test,5.41009565256852
CHEMBL4792100,CHEMBL220,5.300000202445418,2019.0,5.300000202445418,O=[N+]([O-])c1ccc(-c2nnc(Nc3ncccn3)o2)cc1,test,5.41009565256852
CHEMBL4792240,CHEMBL220,6.23,2020.0,6.23,O=c1cc(-c2ccc(OCCCCN3CCc4ccccc4C3)cc2)oc2cc(OCCCCN3CCc4ccccc4C3)cc(O)c12,test,5.41009565256852
CHEMBL4792248,CHEMBL220,5.28,2020.0,5.28,CC1c2ccccc2CCN1CCCCOc1ccc(-c2coc3cc(OCCCCN4CCc5ccccc5C4C)cc(O)c3c2=O)cc1,test,5.41009565256852
CHEMBL4792460,CHEMBL220,7.16,2020.0,7.16,COc1cc2c(cc1O)CCC(C)(CC(=O)NCCCCCCCCNc1c3c(nc4ccccc14)CCCC3)O2,test,7.5802499224794815
CHEMBL4792483,CHEMBL220,4.01,2020.0,4.01,CCN(C)C(=O)OCC1CCCN(Cc2ccccc2)C1,test,5.41009565256852
CHEMBL4792634,CHEMBL220,4.0,2020.0,4.0,C#CCN1CCC(OC(=O)Nc2ccc(C(C)C)cc2)CC1,test,5.41009565256852
CHEMBL4793075,CHEMBL220,4.97,2020.0,4.97,CCN(C)C(=O)Oc1ccc(/C=C/C(=O)N2CCc3ccccc3C2)cc1OC,test,5.525620454134874
CHEMBL4793365,CHEMBL220,7.05,2019.0,7.05,FC(F)(F)Oc1ccc(-c2nnc(N3CCN(c4ccccn4)CC3)o2)cc1,test,5.41009565256852
CHEMBL4794769,CHEMBL220,8.25,2021.0,8.25,COc1cc(CNC(=O)CCCC/C=C/CCCNc2c3c(nc4cc(Cl)ccc24)CC2C=C(C)CC3C2)ccc1O,test,8.81663267311778
CHEMBL4794823,CHEMBL220,6.42,2021.0,6.42,NC(=O)c1sc(-c2ccnc(NC(=O)C3CC3)c2)nc1OCCCC1CCN(Cc2ccccc2)CC1,test,5.908034931981894
CHEMBL4795843,CHEMBL220,5.77,2020.0,5.77,COc1ccc2cc3[n+](cc2c1OCc1ccc(C#N)cc1)CCc1cc2c(cc1-3)OCO2.[Br-],test,5.944967984803408
CHEMBL4796237,CHEMBL220,4.0,2020.0,4.0,OC1CCN(Cc2ccccc2)CC1,test,5.41009565256852
CHEMBL4796461,CHEMBL220,9.36,2020.0,9.36,COc1cc2c(cc1O)CCC(C)(CCNCCCCCCCNc1c3c(nc4cc(Cl)ccc14)CCCC3)O2,test,7.977255816806988
CHEMBL4796602,CHEMBL220,6.57,2020.0,6.57,CNC(=O)c1sc(-c2ccnc(NC(=O)C3CC3)c2)nc1OCCc1cn(CCNc2c3c(nc4ccccc24)CCCC3)nn1,test,7.5802499224794815
CHEMBL4796736,CHEMBL220,4.6,2020.0,4.6,O=c1c(-c2ccc(OCCCCN3CCN(Cc4ccccc4)CC3)cc2)coc2cc(OCCCCN3CCN(Cc4ccccc4)CC3)cc(O)c12,test,5.41009565256852
CHEMBL4797355,CHEMBL220,6.41,2020.0,6.41,O=c1c2ccccc2oc2ccc(OCCCCCN3CCCCCC3)cc12,test,5.41009565256852
CHEMBL4797938,CHEMBL220,5.79,2019.0,5.79,Cc1ccc(-c2nnc(Nc3ncccn3)o2)cc1,test,5.41009565256852
CHEMBL4798315,CHEMBL220,4.0,2020.0,4.0,C#CCN1CCCC(OC(=O)Nc2ccc(C(C)C)cc2)C1,val,5.41009565256852
CHEMBL4798419,CHEMBL220,7.82,2020.0,7.82,CNC(=O)c1sc(-c2ccnc(NC(=O)CNCCCCCCCCNc3c4c(nc5ccccc35)CCCC4)c2)nc1OCC1CC1,test,7.5802499224794815
CHEMBL4798516,CHEMBL220,5.12,2020.0,5.12,O=C1CC(c2ccc(OCCCCN3CCC(Cc4ccccc4)CC3)cc2)Oc2cc(OCCCCN3CCC(Cc4ccccc4)CC3)cc(O)c21,test,5.441470277855202
CHEMBL4798907,CHEMBL220,4.0,2020.0,4.0,CCN(C)C(=O)OC1CCN(Cc2ccccc2)CC1,test,5.41009565256852
CHEMBL4799313,CHEMBL220,4.14,2020.0,4.14,CCN(C)C(=O)OCC1CCN(Cc2ccccc2)CC1,test,5.570559233208476
CHEMBL4800270,CHEMBL220,5.06,2020.0,5.06,Cc1cc(S(=O)(=O)Nc2ccccc2O)c(C(C)C)cc1O,test,5.829443183237055
CHEMBL4846450,CHEMBL220,8.34,2021.0,8.34,COc1cc2c(cc1OC)C(=O)C(CC1(F)CCN(Cc3ccccc3)CC1)C2,test,5.525620454134874
CHEMBL4847987,CHEMBL220,6.32,2021.0,6.32,CCOC(=O)/C(=N\Nc1ccccc1C(=O)OCC)C(=O)C(F)(F)F,val,5.41009565256852
CHEMBL4848548,CHEMBL220,5.62,2021.0,5.62,COc1cccc(NC(=O)CCNC(=O)/C=C/c2ccc(O)c(OC)c2)c1,test,5.872221156241087
CHEMBL4849276,CHEMBL220,5.72,2021.0,5.72,C[n+]1ccc2[nH]c3ccc(F)cc3c2c1.[I-],test,5.829443183237055
CHEMBL4849361,CHEMBL220,5.13,2021.0,5.13,CCOC(=O)/C(=N\Nc1ccc(C)cc1)C(=O)C(F)(F)F,val,5.41009565256852
CHEMBL4849427,CHEMBL220,7.75,2021.0,7.75,COc1ccc2[nH]cc(CCNC(=O)CCCCn3cc(CCCCN4CC[C@@]56C=C[C@H](O)C[C@@H]5Oc5c(OC)ccc(c56)C4)nn3)c2c1,test,5.872221156241087
CHEMBL4849436,CHEMBL220,4.7,2021.0,4.7,COC(=O)/C(=N\Nc1ccccc1)C(=O)C(F)(F)F,val,5.41009565256852
CHEMBL4853637,CHEMBL220,4.52,2021.0,4.52,CCOC(=O)/C(=N\Nc1cccc(C)c1)C(=O)C(F)(F)F,val,5.41009565256852
CHEMBL4853675,CHEMBL220,5.36,2021.0,5.36,O=C(NCCC1CCN(Cc2cccc(Cl)c2)CC1)c1cncc(NC(=O)c2cccc(NC(=O)C3CC3)c2)c1,val,5.997730086055379
CHEMBL4853698,CHEMBL220,8.3,2021.0,8.3,COc1cc2c(cc1OC)C(=O)C(CC1(F)CCN(Cc3cccc(F)c3)CC1)C2,test,5.525620454134874
CHEMBL4853742,CHEMBL220,5.49,2021.0,5.49,CCOC(=O)/C(=N\Nc1ccccc1)C(=O)C(F)(F)F,val,5.41009565256852
CHEMBL4854298,CHEMBL220,6.12,2021.0,6.12,CCOC(=O)/C(=N\Nc1ccccc1[N+](=O)[O-])C(=O)C(F)(F)F,val,5.41009565256852
CHEMBL4854555,CHEMBL220,5.27,2021.0,5.27,COc1ccc2[nH]cc(CCNC(=O)Cn3cc(CN4CC[C@@]56C=C[C@H](O)C[C@@H]5Oc5c(OC)ccc(c56)C4)nn3)c2c1,test,5.525620454134874
CHEMBL4855201,CHEMBL220,5.86,2021.0,5.86,O=C(Nc1cccc(OCC2CCN(Cc3ccccc3)CC2)c1)c1ccnc(NC(=O)C2CC2)c1,test,5.441470277855202
CHEMBL4855714,CHEMBL220,5.0,2021.0,5.0,O=C(Nc1cncc(OC2CCN(Cc3ccccc3)CC2)c1)c1ccnc(NC(=O)C2CC2)c1,val,6.021841346811084
CHEMBL4855755,CHEMBL220,5.33,2021.0,5.33,CCOC(=O)/C(=N\Nc1ccc(OC)cc1)C(=O)C(F)(F)F,val,5.41009565256852
CHEMBL4855838,CHEMBL220,4.68,2021.0,4.68,COC(=O)/C(=N\Nc1ccccc1[N+](=O)[O-])C(=O)C(F)(F)F,val,5.41009565256852
CHEMBL4856140,CHEMBL220,5.42,2021.0,5.42,CCOC(=O)/C(=N\Nc1ccc(C(=O)OCC)cc1)C(=O)C(F)(F)F,val,5.41009565256852
CHEMBL4856181,CHEMBL220,5.27,2021.0,5.27,COc1cc(/C=C/C(=O)NCCC(=O)Nc2ccc(Cl)cc2)ccc1O,test,5.872221156241087
CHEMBL4856400,CHEMBL220,7.93,2021.0,7.93,CC1=CC2Cc3nc4cc(Cl)ccc4c(NCCCCCCNC(=O)[C@@H](N)Cc4c[nH]c5ccccc45)c3C(C1)C2.Cl.Cl,test,7.977255816806988
CHEMBL4857100,CHEMBL220,8.28,2021.0,8.28,COc1cc2c(cc1OC)C(=O)C(CC1(F)CCN(Cc3cc(F)c(F)cc3F)CC1)C2,test,5.525620454134874
CHEMBL4857791,CHEMBL220,8.56,2021.0,8.56,COc1cc2c(cc1OC)C(=O)C(CC1(F)CCN(Cc3ccc(F)cc3)CC1)C2,test,5.525620454134874
CHEMBL4857977,CHEMBL220,4.83,2021.0,4.83,COc1ccc2[nH]c3cc[n+](C)cc3c2c1.[I-],test,5.829443183237055
CHEMBL4858186,CHEMBL220,5.57,2021.0,5.57,CCOC(=O)/C(=N\Nc1ccc(F)cc1)C(=O)C(F)(F)F,val,5.41009565256852
CHEMBL4859647,CHEMBL220,8.46,2021.0,8.46,COc1cc2c(cc1OC)C(=O)C(CC1(F)CCN(Cc3ccccc3F)CC1)C2,test,5.525620454134874
CHEMBL4860467,CHEMBL220,4.83,2021.0,4.83,COc1cc(/C=C/C(=O)NCCC(=O)Nc2ccccc2)ccc1O,test,5.872221156241087
CHEMBL4860501,CHEMBL220,5.11,2021.0,5.11,CN1CCc2c(c3ccccc3n2CCC(=O)N2c3ccccc3Sc3ccccc32)C1,test,5.756696354674734
CHEMBL4863615,CHEMBL220,8.62,2021.0,8.62,CC1=CC2Cc3nc4cc(Cl)ccc4c(NCCCCCCCCC(=O)Nc4cn[nH]c4)c3C(C1)C2,test,11.649595781962514
CHEMBL4863960,CHEMBL220,8.59,2021.0,8.59,O=C(Nc1cncc(OCC2CCN(Cc3ccccc3)CC2)c1)c1ccnc(NC(=O)C2CC2)c1,val,5.963041346811083
CHEMBL4864004,CHEMBL220,3.799696817018415,2021.0,3.799696817018415,COc1ccc2[nH]c(CCNC(=O)CCCn3cc(CCCCN4CCc5cc(OC)c(OC)cc5C4CCCN4C(=O)c5ccccc5C4=O)nn3)cc2c1,test,6.224062266942226
CHEMBL4865061,CHEMBL220,8.33,2021.0,8.33,O=C(Nc1cncc(OCC2CCN(Cc3ccccc3F)CC2)c1)c1ccnc(NC(=O)C2CC2)c1,val,5.963041346811083
CHEMBL4865927,CHEMBL220,5.04,2021.0,5.04,Cc1ccc2[nH]c3cc[n+](C)cc3c2c1.[I-],test,5.829443183237055
CHEMBL4867249,CHEMBL220,7.09,2021.0,7.09,O=C(Nc1cncc(OCC2CCN(Cc3ccccc3Cl)CC2)c1)c1ccnc(NC(=O)C2CC2)c1,val,5.963041346811083
CHEMBL4868014,CHEMBL220,5.87,2021.0,5.87,CCOC(=O)/C(=N\Nc1ccc(Br)cc1)C(=O)C(F)(F)F,val,5.41009565256852
CHEMBL4868687,CHEMBL220,4.775,2021.0,4.775,COC(=O)/C(=N\Nc1ccc(C)cc1)C(=O)C(F)(F)F,val,5.41009565256852
CHEMBL4869432,CHEMBL220,7.51,2021.0,7.51,COc1ccc2c3c1O[C@H]1C[C@@H](O)C=C[C@@]31CCN(CCCCc1cn(CCCCC(=O)NCCc3c[nH]c4ccccc34)nn1)C2,test,5.872221156241087
CHEMBL4872514,CHEMBL220,8.9,2021.0,8.9,COc1cc(CNC(=O)CCCCCCCCNc2c3c(nc4cc(Cl)ccc24)CC2C=C(C)CC3C2)ccn1,val,8.897091006451113
CHEMBL4872772,CHEMBL220,4.52,2021.0,4.52,COC(=O)/C(=N\Nc1ccc(OC)cc1)C(=O)C(F)(F)F,val,5.41009565256852
CHEMBL4873612,CHEMBL220,9.0,2021.0,9.0,O=C(Nc1cncc(OCC2CCN(Cc3ccc(F)cc3)CC2)c1)c1ccnc(NC(=O)C2CC2)c1,val,6.302477244246981
CHEMBL4877175,CHEMBL220,8.41,2021.0,8.41,O=C(Nc1cncc(OCC2CCN(Cc3ccccc3)CC2)c1)c1ccnc2[nH]ccc12,test,6.251614939884677
CHEMBL4877556,CHEMBL220,5.0,2021.0,5.0,CC(=O)Nc1cc(C(=O)Nc2cccc(OCC3CCN(Cc4ccccc4)CC3)c2)ccn1,test,5.441470277855202
CHEMBL4877719,CHEMBL220,8.46,2021.0,8.46,COc1cc2c(cc1OC)C(=O)C(CC1(F)CCN(Cc3ccc(F)cc3F)CC1)C2,test,5.525620454134874
CHEMBL4878434,CHEMBL220,7.92,2021.0,7.92,CC1=CC2Cc3nc4cc(Cl)ccc4c(NCCCCCCCNC(=O)[C@@H](N)Cc4c[nH]c5ccccc45)c3C(C1)C2.Cl.Cl,val,7.977255816806988
CHEMBL490338,CHEMBL220,7.15,2009.0,7.15,CCOC(=O)C1=C(C)Nc2nc3c(c(N)c2C1c1ccc(-c2ccccc2)cc1)CCCC3,test,5.41009565256852
CHEMBL491346,CHEMBL220,3.462180904926726,2009.0,3.462180904926726,COc1ccc(C(=O)c2ccc(CN3CCOCC3)cc2)cc1OC,val,5.525620454134874
CHEMBL494887,CHEMBL220,3.4685210829577446,2006.0,3.4685210829577446,CC(C)NP(=O)(NC(C)C)OP(=O)(NC(C)C)NC(C)C,test,5.41009565256852
CHEMBL495711,CHEMBL220,5.72,2008.0,5.72,N[C@@H](Cc1ccccc1)C(=O)NCC(=O)Nc1c2c(nc3ccccc13)CCCC2,test,5.492940456942919
CHEMBL496946,CHEMBL220,4.95,2008.0,4.95,N[C@@H](Cc1ccc2ccccc2c1)C(=O)NCC(=O)Nc1c2c(nc3ccccc13)CCCC2,test,5.645575773717703
CHEMBL502,CHEMBL220,7.75,1992.0,7.75,COc1cc2c(cc1OC)C(=O)C(CC1CCN(Cc3ccccc3)CC1)C2,test,5.622328367035209
CHEMBL502244,CHEMBL220,6.89,2008.0,6.89,CC(C)(C)OC(=O)N[C@@H](Cc1c[nH]c2ccccc12)C(=O)NCCNc1c2c(nc3ccccc13)CCCC2,test,7.5802499224794815
CHEMBL502689,CHEMBL220,2.619788758288394,2001.0,2.619788758288394,CC(C)=CCc1cc2ccc(=O)oc2cc1O,val,5.41009565256852
CHEMBL504323,CHEMBL220,4.0,2019.0,4.0,COc1cc2c3cc1Oc1c(OC)c(OC)cc4c1[C@@H](Cc1ccc(O)c(c1)Oc1ccc(cc1)C[C@@H]3N(C)CC2)N(C)CC4,test,5.525620454134874
CHEMBL50608,CHEMBL220,4.94,1997.0,4.94,Nc1cc(-c2ccccc2)nc2ccccc12,test,5.41009565256852
CHEMBL506258,CHEMBL220,4.522878745280337,2015.0,4.522878745280337,COC(=O)[C@]1(C)[C@@H]2CC[C@@]3(C)CC4=CC(=O)[C@@H]5[C@](C)(CC[C@@H](O)[C@]5(C)CO)[C@H]4CC[C@@H]3[C@@]2(C)CC[C@@H]1O,test,5.41009565256852
CHEMBL5072382,CHEMBL220,6.32,2022.0,6.32,Cc1c(C)c2ccc(OCC3CCCN(CCCC(F)F)C3)cc2oc1=O,val,5.41009565256852
CHEMBL5072428,CHEMBL220,8.38,2021.0,8.38,Oc1cccc(CCCCCCCCNc2c3c(nc4cc(Cl)ccc24)CCCC3)c1,val,7.977255816806988
CHEMBL5073819,CHEMBL220,7.72,2021.0,7.72,Oc1cccc(CCCCCCCCNc2c3c(nc4ccccc24)CCCC3)c1,val,7.5802499224794815
CHEMBL5077234,CHEMBL220,8.29,2021.0,8.29,COc1cc(CCCCCCCCNc2c3c(nc4cc(Cl)ccc24)CCCC3)cc(OC)c1,val,7.977255816806988
CHEMBL5077388,CHEMBL220,4.0,2021.0,4.0,CO[C@H]1C[C@H]2C(=C[C@@H]1OC(=O)c1cccs1)[C@H]1CN2Cc2cc3c(cc21)OCO3,val,5.41009565256852
CHEMBL5077463,CHEMBL220,4.0,2021.0,4.0,CO[C@H]1C[C@H]2C(=C[C@@H]1OC(=O)c1ccoc1)[C@H]1CN2Cc2cc3c(cc21)OCO3,test,5.41009565256852
CHEMBL5078555,CHEMBL220,8.6,2021.0,8.6,COC(=O)c1c(CCCCCCCCNc2c3c(nc4cc(Cl)ccc24)CCCC3)cccc1OC,val,7.977255816806988
CHEMBL5078914,CHEMBL220,7.87,2021.0,7.87,O=C(O)c1c(O)cccc1CCCCCCCCNc1c2c(nc3cc(Cl)ccc13)CCCC2,val,7.977255816806988
CHEMBL507903,CHEMBL220,8.11,2008.0,8.11,CCN(CCCCCCn1c(=O)c2cc3c(=O)n(CCCCCCN(CC)Cc4ccccc4OC)c(=O)c3cc2c1=O)Cc1ccccc1OC,test,5.525620454134874
CHEMBL5080685,CHEMBL220,7.68,2021.0,7.68,COC(=O)c1c(CCCCCCCCNc2c3c(nc4ccccc24)CCCC3)cccc1OC,val,7.5802499224794815
CHEMBL5081574,CHEMBL220,5.92,2022.0,5.92,Cc1c(C)c2ccc(OCC3CCN(CCCC(F)F)CC3)cc2oc1=O,test,5.441470277855202
CHEMBL5081663,CHEMBL220,5.92,2022.0,5.92,CCN(CCCOc1ccc2c(C)c(C)c(=O)oc2c1)Cc1cccc(F)c1,test,5.41009565256852
CHEMBL5082250,CHEMBL220,9.24,2022.0,9.24,N#Cc1ccc2[nH]cc(CCCCN3CCN(c4ccc(C(=O)CCC5CCN(Cc6ccccc6)CC5)cc4)CC3)c2c1,test,6.430278788602296
CHEMBL5082773,CHEMBL220,8.55,2021.0,8.55,COC(=O)c1c(O)cccc1CCCCCCCCNc1c2c(nc3cc(Cl)ccc13)CCCC2,val,7.977255816806988
CHEMBL5083014,CHEMBL220,5.92,2022.0,5.92,Cc1c(C)c2ccc(OCC3CCCN(Cc4cccc(F)c4)C3)cc2oc1=O,test,5.41009565256852
CHEMBL5083613,CHEMBL220,6.25,2022.0,6.25,CN(Cc1ccccc1)Cc1ccc(COc2ccc3c(C(F)F)cc(=O)oc3c2)cc1,test,5.41009565256852
CHEMBL5084379,CHEMBL220,5.9,2021.0,5.9,COC(=O)c1c(CCCCCCCCNc2c3c(nc4ccc(OC)cc24)CCCC3)cccc1OC,val,5.604361752925308
CHEMBL5087646,CHEMBL220,6.74,2021.0,6.74,O=C(O)c1c(O)cccc1CCCCCCCCNc1c2c(nc3ccccc13)CCCC2,val,7.5802499224794815
CHEMBL508781,CHEMBL220,4.0,2019.0,4.0,COc1cc2c3cc1Oc1c(O)c(OC)cc4c1[C@H](Cc1ccc(cc1)Oc1cc(ccc1O)C[C@H]3N(C)CC2)N(C)CC4,test,5.525620454134874
CHEMBL5088074,CHEMBL220,4.0,2021.0,4.0,CO[C@H]1C[C@H]2C(=C[C@@H]1OCCN1CCCCC1)[C@H]1CN2Cc2cc3c(cc21)OCO3,test,5.41009565256852
CHEMBL5088176,CHEMBL220,3.2365720064370627,2022.0,3.2365720064370627,OC[C@H]1O[C@@H](OCCCCc2cn(CCCCc3ccc(O)c(/C=N/O)n3)nn2)[C@H](O)[C@@H](O)[C@@H]1O,test,3.777870327754415
CHEMBL5088541,CHEMBL220,7.33,2021.0,7.33,COc1cc(CCCCCCCCNc2c3c(nc4ccccc24)CCCC3)cc(OC)c1,val,7.5802499224794815
CHEMBL5088557,CHEMBL220,8.24,2021.0,8.24,COc1cccc(CCCCCCCCNc2c3c(nc4cc(Cl)ccc24)CCCC3)c1,val,7.977255816806988
CHEMBL5089821,CHEMBL220,4.345,2022.0,4.345,COc1cc2c(c(CO)c1OC)C[C@H]1c3c(cc4c(c3OC)OCO4)CC[N+]1=C2.O=C([O-])C(F)(F)F,test,5.80230736553743
CHEMBL5090057,CHEMBL220,4.0,2021.0,4.0,CO[C@H]1C[C@H]2C(=C[C@@H]1OC(=O)C1CCCCC1)[C@H]1CN2Cc2cc3c(cc21)OCO3,test,5.41009565256852
CHEMBL5090153,CHEMBL220,6.48,2022.0,6.48,CN(Cc1ccc(COc2ccc3c(CO)cc(=O)oc3c2)cc1)Cc1cccc(F)c1,test,5.41009565256852
CHEMBL5091660,CHEMBL220,7.4,2021.0,7.4,COc1cccc(CCCCCCCCNc2c3c(nc4ccccc24)CCCC3)c1,val,7.5802499224794815
CHEMBL5092094,CHEMBL220,7.77,2021.0,7.77,COC(=O)c1c(O)cccc1CCCCCCCCNc1c2c(nc3ccccc13)CCCC2,val,7.5802499224794815
CHEMBL5094348,CHEMBL220,6.04,2022.0,6.04,Cc1c(C)c2ccc(OCCCN(Cc3cccc(F)c3)C(C)C)cc2oc1=O,test,5.41009565256852
CHEMBL510363,CHEMBL220,4.0,2014.0,4.0,COc1cc2c(cc1OC)C(Cc1ccc(O)cc1)NCC2,test,5.525620454134874
CHEMBL510508,CHEMBL220,4.03,2018.0,4.03,Oc1cc(O)cc(Oc2c(O)cc(O)c3c2Oc2c(O)cc4oc5c(Oc6cc(O)cc(O)c6)c(O)cc(O)c5c4c2O3)c1,val,5.41009565256852
CHEMBL51085,CHEMBL220,5.01695437047216,2014.0,5.01695437047216,O=c1c2ccccc2[se]n1-c1ccccc1,test,5.41009565256852
CHEMBL512475,CHEMBL220,6.3,2022.0,6.3,Clc1ccc2c(NCCCNCC34CC5CC(CC(C5)C3)C4)ccnc2c1,test,5.41009565256852
CHEMBL513279,CHEMBL220,3.619788758288394,2001.0,3.619788758288394,COc1cc(OCC=C(C)C)c2ccc(=O)oc2c1,val,5.525620454134874
CHEMBL515891,CHEMBL220,6.29,2013.0,6.29,CCN(C)Cc1cccc(CC2Cc3cc(OC)c(OC)cc3C2=O)c1,test,5.525620454134874
CHEMBL51628,CHEMBL220,2.768801001050522,2001.0,2.768801001050522,O=c1ccc2ccc(O)cc2o1,val,5.41009565256852
CHEMBL5170984,CHEMBL220,5.77,2022.0,5.77,O=C(COc1ccc(-c2ccccc2)cc1)NCC1CCN(Cc2ccccc2)CC1,test,5.441470277855202
CHEMBL5171010,CHEMBL220,5.19,2022.0,5.19,CCOc1ccc(C(=O)Cc2ncc(C(=O)N(C)CCCOc3ccc([N+](=O)[O-])cc3)cn2)cc1,val,5.41009565256852
CHEMBL5171192,CHEMBL220,4.53,2022.0,4.53,COc1ccc(C(=O)Cc2ncc(C(=O)N(C)CCCOc3ccc(C(F)(F)F)cc3)cn2)cc1,val,5.41009565256852
CHEMBL5172037,CHEMBL220,3.8079904073463298,2022.0,3.8079904073463298,COc1ccc(CCc2cc(=O)c3c(o2)[C@H]2O[C@H]2[C@@H](O)[C@H]3OC)cc1,val,5.41009565256852
CHEMBL5172256,CHEMBL220,4.4,2022.0,4.4,Cc1cccc2sc(NC(=O)CCN3CCN(Cc4ccc(C(C)(C)C)cc4)CC3)nc12,test,5.756696354674734
CHEMBL5172343,CHEMBL220,5.34,2022.0,5.34,COc1ccc(C(=O)Cc2ncc(C(=O)N(C)CCCOc3ccc([N+](=O)[O-])cc3)cn2)cc1,val,5.41009565256852
CHEMBL5172348,CHEMBL220,5.01,2022.0,5.01,CCN(C)C(=O)Oc1ccc(C2CC(=O)c3c(O)cc(OC(=O)N(C)CC)cc3O2)cc1,test,5.41009565256852
CHEMBL5173420,CHEMBL220,5.28,2022.0,5.28,Cc1cccc2sc(NC(=O)CCN3CCN(Cc4ccccc4F)CC3)nc12,test,5.756696354674734
CHEMBL5175950,CHEMBL220,5.78,2022.0,5.78,O=C(COc1ccc(Cl)cc1)NCC1CCN(Cc2ccccc2)CC1,test,5.441470277855202
CHEMBL5177371,CHEMBL220,6.06,2022.0,6.06,COc1ccc(OCC(=O)NCC2CCN(Cc3ccccc3)CC2)cc1,test,5.340574772675305
CHEMBL5177419,CHEMBL220,6.04,2022.0,6.04,CC(=O)N1N=C(c2ccc(Br)cc2)CC1c1ccc(-c2ccccc2)cc1,test,5.41009565256852
CHEMBL5178350,CHEMBL220,6.22,2022.0,6.22,Cc1cc(Br)cc(C)c1OCC(=O)NCC1CCN(Cc2ccccc2)CC1,test,5.441470277855202
CHEMBL5180014,CHEMBL220,6.29,2022.0,6.29,O=C(COc1ccc([N+](=O)[O-])cc1)NCC1CCN(Cc2ccccc2)CC1,test,5.441470277855202
CHEMBL5180422,CHEMBL220,4.24,2022.0,4.24,C[C@H]1CN2C(=O)[C@]34Cc5c([nH]c6c7c(ccc56)OC(C)(C)CC7=O)C(C)(C)[C@@H]3C[C@@]2(C1)C(=O)N4,val,5.41009565256852
CHEMBL5181657,CHEMBL220,5.48,2022.0,5.48,CCCCC1OC(=O)c2cc(OCc3ccc(CN4CCOCC4)c(O)c3)ccc21,test,5.797204393204977
CHEMBL5181664,CHEMBL220,6.67,2022.0,6.67,c1ccc2c(c1)CCN1Cc3cc(OCCCN4CCCCC4)ccc3N=C21,test,5.41009565256852
CHEMBL5182803,CHEMBL220,6.87,2022.0,6.87,O=C(COc1ccc(CCc2ccccc2)cc1)NCC1CCN(Cc2ccccc2)CC1,test,5.441470277855202
CHEMBL5183314,CHEMBL220,2.947690900352677,2022.0,2.947690900352677,COc1ccc(C2=NN(C(C)=O)C(c3ccc(-c4ccccc4)cc3)C2)c(OC)c1,test,5.525620454134874
CHEMBL5183866,CHEMBL220,4.52,2021.0,4.52,OCCCCCCCCc1ccc(CN2CCCCC2)c(O)c1,test,5.41009565256852
CHEMBL5184154,CHEMBL220,2.710634048479968,2022.0,2.710634048479968,COc1cc(C2=NN(C(C)=O)C(c3ccc(-c4ccccc4)cc3)C2)cc(OC)c1OC,test,5.525620454134874
CHEMBL5184601,CHEMBL220,3.4624327428473247,2022.0,3.4624327428473247,O=C(O)C1=Nc2ccccc2CN1,val,5.41009565256852
CHEMBL5185065,CHEMBL220,5.4,2022.0,5.4,COc1cccc(C(=O)Cc2ncc(C(=O)N(C)CCCOc3ccc([N+](=O)[O-])cc3)cn2)c1,val,5.41009565256852
CHEMBL5185234,CHEMBL220,6.05,2022.0,6.05,O=C(COc1ccc(CCc2ccccc2)cc1)NCCN1CCN(Cc2ccccc2)CC1,test,5.41009565256852
CHEMBL5185580,CHEMBL220,2.993533957750768,2022.0,2.993533957750768,CC(=O)N1N=C(c2cccc3ccccc23)CC1c1ccc(-c2ccccc2)cc1,test,5.41009565256852
CHEMBL5185843,CHEMBL220,4.55,2022.0,4.55,COc1ccc(C(=O)Cc2ncc(C(=O)NC3CCN(Cc4ccccc4)CC3)cn2)cc1,test,5.41009565256852
CHEMBL5186051,CHEMBL220,4.35,2022.0,4.35,COc1ccc(C(=O)Cc2ncc(C(=O)N(C)CCCOc3cccc(OC)c3)cn2)cc1,val,5.41009565256852
CHEMBL5186394,CHEMBL220,5.29,2022.0,5.29,COc1ccc(C(=O)Cc2ncc(C(=O)N(C)CCCOc3c(F)c(F)c(F)c(F)c3F)cn2)cc1,val,5.41009565256852
CHEMBL5186796,CHEMBL220,4.76,2022.0,4.76,COc1ccc(C(=O)Cc2ncc(C(=O)N3CCN(Cc4ccccc4)CC3)cn2)cc1,test,5.41009565256852
CHEMBL5186955,CHEMBL220,4.97,2022.0,4.97,CCN(C)C(=O)Oc1ccc(C2CC(=O)c3c(OC(=O)N(C)CC)cc(OC(=O)N(C)CC)cc3O2)cc1,test,5.525620454134874
CHEMBL5187221,CHEMBL220,5.14,2021.0,5.14,C[N+](C)(C)CCNC(=O)/C=C/c1ccc(O)c(O)c1,val,5.686782563971077
CHEMBL5187436,CHEMBL220,7.17,2022.0,7.17,CC(=O)N1N=C(c2ccc3ccccc3c2)CC1c1ccc(-c2ccccc2)cc1,test,5.41009565256852
CHEMBL5189505,CHEMBL220,6.07,2022.0,6.07,CC(=O)N1N=C(c2ccc(C)cc2)CC1c1ccc(-c2ccccc2)cc1,test,5.41009565256852
CHEMBL5190179,CHEMBL220,3.1051303432547472,2021.0,3.1051303432547472,OCCCCCCCCc1ccc(CN2CCCCCC2)c(O)c1,test,5.41009565256852
CHEMBL5190569,CHEMBL220,8.668745543646882,2021.0,8.668745543646882,COc1cc(/C=C/c2nnc(-c3ccc(C(F)(F)F)cc3)o2)ccc1O,val,5.525620454134874
CHEMBL5191187,CHEMBL220,7.28,2022.0,7.28,CC(=O)N1N=C(c2ccccc2[N+](=O)[O-])CC1c1ccc(-c2ccccc2)cc1,test,5.41009565256852
CHEMBL5191224,CHEMBL220,2.7682756166714833,2022.0,2.7682756166714833,COc1ccc(OC)c(C2=NN(C(C)=O)C(c3ccc(-c4ccccc4)cc3)C2)c1,test,5.525620454134874
CHEMBL5192450,CHEMBL220,5.71,2022.0,5.71,O=C(CN1CCN(c2ccccc2)CC1)Nc1n[nH]c2ncccc12,test,5.41009565256852
CHEMBL5192958,CHEMBL220,4.32,2021.0,4.32,OCCCCCCCCc1ccc(CN2CCCC2)c(O)c1,test,5.41009565256852
CHEMBL5193082,CHEMBL220,4.9,2022.0,4.9,Cc1cccc2sc(NC(=O)CCN3CCN(Cc4cc(F)ccc4F)CC3)nc12,test,5.756696354674734
CHEMBL51931,CHEMBL220,4.0,2007.0,4.0,O=C1C(=O)c2ccccc2-c2ccccc21,test,5.41009565256852
CHEMBL5193255,CHEMBL220,4.53,2022.0,4.53,COc1ccc(C(=O)Cc2ncc(C(=O)N(C)CCCOc3ccc(OC)c(OC)c3)cn2)cc1,val,5.525620454134874
CHEMBL5194732,CHEMBL220,6.56,2022.0,6.56,O=C(CCN1CCOCC1)Nc1n[nH]c2ncccc12,val,5.756696354674734
CHEMBL5195980,CHEMBL220,6.99,2022.0,6.99,O=C(COc1cc(F)ccc1[N+](=O)[O-])NCC1CCN(Cc2ccccc2)CC1,test,5.493239411681935
CHEMBL5196199,CHEMBL220,3.3549709352788573,2022.0,3.3549709352788573,COc1ccc(CCc2cc(=O)c3c(o2)[C@H]2O[C@H]2[C@@H](O)[C@H]3OC)cc1O,val,5.525620454134874
CHEMBL5196988,CHEMBL220,5.01,2022.0,5.01,COc1ccc(OCCCN(C)C(=O)c2cnc(CC(=O)c3ccc(OC)cc3)nc2)cc1,val,5.41009565256852
CHEMBL5197518,CHEMBL220,8.538106086327222,2021.0,8.538106086327222,COc1cc(/C=C/c2nnc(-c3ccc(OC(F)(F)F)cc3)o2)ccc1O,val,5.525620454134874
CHEMBL5197832,CHEMBL220,6.1,2022.0,6.1,CC(=O)N1N=C(c2ccc(-c3ccccc3)cc2)CC1c1ccc2ccccc2c1,test,5.41009565256852
CHEMBL5198724,CHEMBL220,5.2,2022.0,5.2,Cc1ccc2nc3c(c(NCCN4CCN(Cc5ccccc5)CC4)c2c1)CCCC3,test,5.700623657687212
CHEMBL5199361,CHEMBL220,6.61,2022.0,6.61,CN1CCN(c2c3c(nc4ccc([N+](=O)[O-])cc24)CCCC3)CC1,test,5.41009565256852
CHEMBL5200462,CHEMBL220,7.46,2022.0,7.46,O=c1cc(/N=N/N=P(CCP(=N/N=N/c2cc(=O)oc3ccccc23)(c2ccccc2)c2ccccc2)(c2ccccc2)c2ccccc2)c2ccccc2o1,test,5.41009565256852
CHEMBL5202267,CHEMBL220,6.12,2022.0,6.12,O=C(COc1ccccc1C(F)(F)F)NCC1CCN(Cc2ccccc2)CC1,test,5.493239411681935
CHEMBL5203109,CHEMBL220,6.36,2022.0,6.36,Cc1ccc2nc3c(c(N4CCN(C)CC4)c2c1)CCCC3,test,5.41009565256852
CHEMBL5203325,CHEMBL220,5.9,2022.0,5.9,O=C(COc1ccc(Cc2ccccc2)cc1)NCC1CCN(Cc2ccccc2)CC1,test,5.441470277855202
CHEMBL5203792,CHEMBL220,5.42,2022.0,5.42,COc1ccc(C(=O)Cc2ncc(C(=O)N(C)CCCOc3ccc([N+](=O)[O-])cc3)cn2)cc1OC,val,5.525620454134874
CHEMBL5204532,CHEMBL220,6.13,2022.0,6.13,O=C(COc1ccc(-c2ccccc2)cc1)NCCN1CCN(Cc2ccccc2)CC1,test,5.41009565256852
CHEMBL5204734,CHEMBL220,5.0,2022.0,5.0,CN(CCCOc1ccc([N+](=O)[O-])cc1)C(=O)c1cnc(CC(=O)c2ccccc2)nc1,val,5.41009565256852
CHEMBL5206245,CHEMBL220,6.0,2022.0,6.0,O=C(COc1ccc(Cc2ccccc2)cc1)NCCN1CCN(Cc2ccccc2)CC1,test,5.41009565256852
CHEMBL5206644,CHEMBL220,4.17,2022.0,4.17,NC(=O)c1cc[n+](C/C=C/C[n+]2cc(F)c(/C=N/O)c(F)c2)cc1.[Br-].[Br-],val,4.193672091482517
CHEMBL5207120,CHEMBL220,6.91,2022.0,6.91,O=C(COc1ccc(Cl)cc1[N+](=O)[O-])NCC1CCN(Cc2ccccc2)CC1,test,5.493239411681935
CHEMBL5208027,CHEMBL220,7.1,2022.0,7.1,COc1ccccc1/C=C/C=C(\Br)S(=O)(=O)F,val,5.944967984803408
CHEMBL5208032,CHEMBL220,6.0,2022.0,6.0,CN(CCCOc1ccc([N+](=O)[O-])cc1)C(=O)c1cnc(CC(=O)c2ccc3c(c2)OCO3)nc1,test,5.41009565256852
CHEMBL521,CHEMBL220,3.6287288985124153,2019.0,3.6287288985124153,CC(C)Cc1ccc(C(C)C(=O)O)cc1,val,5.41009565256852
CHEMBL521589,CHEMBL220,4.52,2017.0,4.52,CN(C)C(=O)Oc1cc(OC(=O)N(C)C)cc(C(O)CNC(C)(C)C)c1,val,5.41009565256852
CHEMBL5218447,CHEMBL220,6.28,2022.0,6.28,CN(CCCOc1ccc2ccc(=O)oc2c1)Cc1cccc(OC(=O)NC2CCCC2)c1,test,7.500396214194842
CHEMBL5218804,CHEMBL220,9.58,2022.0,9.58,COc1cccc2c1CCC(NC(=O)OCc1ccccc1)C2,test,5.525620454134874
CHEMBL5219098,CHEMBL220,7.89,2021.0,7.89,O=c1c(NCCCCCCCc2c3c(nc4ccccc24)CCCC3)c(NCCCCCCCc2c3c(nc4ccccc24)CCCC3)c1=O,test,5.604361752925308
CHEMBL5219123,CHEMBL220,9.58,2022.0,9.58,COc1cc2c(c(OC)c1)CC(NC(=O)OCc1ccccc1)C2,val,5.525620454134874
CHEMBL521935,CHEMBL220,9.12,2008.0,9.12,c1cc(CCNc2c3c(nc4ccccc24)CCCC3)nc(CCNc2c3c(nc4ccccc24)CCCC3)c1,test,7.5802499224794815
CHEMBL5219483,CHEMBL220,6.94,2022.0,6.94,Cc1c(Cl)c(=O)oc2cc(OCCCCSC(=S)N3C(C)CCCC3C)ccc12,test,5.41009565256852
CHEMBL5219522,CHEMBL220,8.17,2022.0,8.17,Cc1c(Cl)c(=O)oc2cc(OCCCCSC(=S)N3CCCCC3C)ccc12,test,5.41009565256852
CHEMBL5219841,CHEMBL220,9.68,2022.0,9.68,COc1cccc2c1CCCC2NS(=O)(=O)NC(=O)OCc1ccccc1,test,5.944967984803408
CHEMBL5220228,CHEMBL220,5.38,2022.0,5.38,CCN(C)C(=O)Oc1cccc(CN2CCC(CCC(=O)c3cc(Cl)c(N)cc3OC)CC2)c1,test,6.564001789487463
CHEMBL5220250,CHEMBL220,8.7,2021.0,8.7,O=c1c(NCCCCc2c3c(nc4cc(Cl)ccc24)CCCC3)c(NCCCCc2c3c(nc4ccc(Cl)cc24)CCCC3)c1=O,test,5.604361752925308
CHEMBL5220283,CHEMBL220,9.28,2022.0,9.28,CNC(=O)Oc1cccc(CN(C)CCCCCCOc2ccc3c(c2)O/C(=C\c2cc(OC)c(OC)c(OC)c2)C3=O)c1,test,7.619973583450161
CHEMBL5220375,CHEMBL220,6.98,2022.0,6.98,CN(CCCOc1ccc2ccc(=O)oc2c1)Cc1cccc(OC(=O)NC2CCCCC2)c1,test,7.500396214194842
CHEMBL5220560,CHEMBL220,4.7,2022.0,4.7,CCC(C)(C)NCC(O)c1cc(O)cc(OC(=O)N(C)C)c1,val,5.41009565256852
CHEMBL522073,CHEMBL220,5.2,2008.0,5.2,CN[C@@H](Cc1ccccc1)C(=O)NCC(=O)Nc1c2c(nc3ccccc13)CCCC2,test,5.492940456942919
CHEMBL523630,CHEMBL220,3.82131076022441,2014.0,3.82131076022441,O/N=C/c1cc[n+](Cc2cccc(C[n+]3ccc(/C=N/O)cc3)c2)cc1.[Br-].[Br-],test,4.193672091482517
CHEMBL525917,CHEMBL220,6.55,2008.0,6.55,N[C@@H](Cc1c[nH]c2ccccc12)C(=O)NCCNc1c2c(nc3ccccc13)CCCC2,test,7.5802499224794815
CHEMBL5265814,CHEMBL220,6.12,2023.0,6.12,O=C1CC2CCc3ccsc3C2=NN1CCCCN1CCN(Cc2ccccc2)CC1,val,5.41009565256852
CHEMBL5266033,CHEMBL220,9.48,2021.0,9.48,COc1cc(/C=C/c2nnc(-c3ccc(Cl)cc3)o2)ccc1O,val,5.525620454134874
CHEMBL5266165,CHEMBL220,6.52,2022.0,6.52,COc1cc2c(cc1OC)C(=O)/C(=C/c1ccc(OCCN3CCCCC3)cc1)C2,test,5.872221156241087
CHEMBL5267519,CHEMBL220,6.96,2021.0,6.96,Cn1c2ccccc2c2cc[n+](-c3ccc(Br)cc3Br)cc21,test,5.829443183237055
CHEMBL5267817,CHEMBL220,5.16,2021.0,5.16,CN1c2ccc(OC(=O)Nc3ccncc3)cc2[C@]2(C)CCO[C@H]12,test,6.3549736041713665
CHEMBL5267972,CHEMBL220,5.7,2022.0,5.7,COc1ccc2[nH]cc(CCNC(=O)CN(CCCCC3CCN(Cc4ccccc4)CC3)C(=O)c3cc(=O)c4ccccc4o3)c2c1,test,5.896322772739849
CHEMBL5268704,CHEMBL220,5.79,2023.0,5.79,COc1ccc2c(c1)c(C=O)cn2CCCCCCCN(C)Cc1ccc(O)cc1,test,5.41009565256852
CHEMBL5269238,CHEMBL220,9.55,2021.0,9.55,COc1cc(/C=C/c2nnc(-c3ccc(F)cc3)o2)ccc1O,val,5.525620454134874
CHEMBL5270788,CHEMBL220,6.52,2021.0,6.52,COc1ccc(-[n+]2ccc3c4ccccc4n(C)c3c2)cc1,test,5.829443183237055
CHEMBL5271644,CHEMBL220,5.58,2023.0,5.58,COc1ccc2c(c1)c(C=O)cn2CCCCCCCCN(C)Cc1cccc(O)c1,val,5.41009565256852
CHEMBL5271815,CHEMBL220,5.43,2021.0,5.43,C/C=C1/CN2CCc3c([nH]c4ccccc34)[C@@H]2CC1/C(=C\C(=O)OC)OC,test,5.41009565256852
CHEMBL5272095,CHEMBL220,6.26,2021.0,6.26,O=C1/C(=C/c2ccc(OCCN3CCCC3)cc2)Oc2ccccc21,test,5.41009565256852
CHEMBL5272511,CHEMBL220,6.72,2022.0,6.72,COc1cc2c(cc1OC)/C(=N\N)C(CC1CCN(Cc3ccccc3)CC1)C2,test,6.041675897703743
CHEMBL5272549,CHEMBL220,4.68,2021.0,4.68,CC1c2[nH]c3ccccc3c2CCN1C(=O)/C=C/c1ccc(O)c(O)c1,test,5.41009565256852
CHEMBL5272625,CHEMBL220,9.66,2021.0,9.66,COc1cc(/C=C/c2nnc(-c3ccc(Cl)cc3Cl)o2)ccc1O,val,5.525620454134874
CHEMBL5272675,CHEMBL220,5.26,2023.0,5.26,COc1ccc2c(c1)c(C=O)cn2CCCCCCCN(C)Cc1cccc(O)c1,test,5.41009565256852
CHEMBL5275394,CHEMBL220,5.45,2023.0,5.45,O=C1CC2Cc3ccsc3C2=NN1CCCCN1CCN(Cc2cccc3c2ccn3S(=O)(=O)c2ccccc2)CC1,test,6.266593675279568
CHEMBL5275931,CHEMBL220,5.35,2023.0,5.35,O=C1CC2CCc3ccsc3C2=NN1CCCCCN1CCN(Cc2cccc3c2ccn3S(=O)(=O)c2ccccc2)CC1,val,6.266593675279568
CHEMBL5276202,CHEMBL220,3.7931741239681505,2022.0,3.7931741239681505,Cl.Oc1cccc2ccc(/C=C/C3=CCN(Cc4ccccc4C(F)(F)F)CC3)nc12,test,5.41009565256852
CHEMBL5276273,CHEMBL220,5.56,2018.0,5.56,CN(C)CCNC(=O)COc1cc(O)c2c(=O)c(-c3ccc(O)cc3)coc2c1.Cl,test,5.41009565256852
CHEMBL5276404,CHEMBL220,6.52,2021.0,6.52,Cn1c2ccccc2c2cc[n+](-c3ccc(Br)cc3)cc21,test,5.829443183237055
CHEMBL5276617,CHEMBL220,7.54,2021.0,7.54,CCC1=CC2Cc3nc4cc(Cl)ccc4c(NCCN4CCC(CC5Cc6cc(OC)c(OC)cc6C5)CC4)c3C(C1)C2.Cl.Cl,val,7.977255816806988
CHEMBL5276955,CHEMBL220,7.96,2018.0,7.96,COc1ccc(-c2cc(=O)c3ccc(OCCN4CCOCC4)cc3o2)cc1,test,5.41009565256852
CHEMBL5278532,CHEMBL220,5.42,2021.0,5.42,Cc1cc2c(c(C)c1CCO[C@@H]1O[C@H](CO)[C@@H](O)[C@H](O)[C@H]1O)C(=O)[C@H](C)[C@H]2O,test,5.982634963080263
CHEMBL5279102,CHEMBL220,5.12,2023.0,5.12,CC(C)C[C@@H](NC(=O)C1(C(F)(F)F)CCCCC1)C(=O)Nc1nnc(Cc2ccc(C#N)cc2)s1,test,5.41009565256852
CHEMBL5280435,CHEMBL220,5.69,2023.0,5.69,COc1ccc2c(c1)c(C=O)cn2CCCCCCCCN(C)Cc1ccc(O)cc1,val,5.41009565256852
CHEMBL5281758,CHEMBL220,6.385,2021.0,6.385,Cn1c2ccccc2c2cc[n+](-c3ccc(Cl)cc3)cc21,test,5.829443183237055
CHEMBL5282158,CHEMBL220,5.34,2023.0,5.34,O=C1CC2CCc3ccsc3C2=NN1CCCCCCCN1CCN(Cc2cccc3c2ccn3S(=O)(=O)c2ccccc2)CC1,test,6.266593675279568
CHEMBL5282182,CHEMBL220,7.0,2018.0,7.0,CCC(=O)CNC(=O)Nc1nc2ccc(-c3oc4c(OC)c(O)c(O)c(OC)c4c(=O)c3O)cc2s1,test,5.41009565256852
CHEMBL5282524,CHEMBL220,6.62,2021.0,6.62,Cn1c2ccccc2c2cc[n+](-c3ccc(I)cc3)cc21,test,5.829443183237055
CHEMBL5282788,CHEMBL220,6.27,2023.0,6.27,O=C1CC2Cc3ccsc3C2=NN1CCCCN1CCN(Cc2ccccc2)CC1,test,5.41009565256852
CHEMBL5283780,CHEMBL220,6.38,2021.0,6.38,Cc1ccc2c(c1)c1cc[n+](-c3ccccc3)cc1n2C,test,5.829443183237055
CHEMBL5284235,CHEMBL220,5.29,2023.0,5.29,COc1ccc2c(c1)c(C=O)cn2CCCCCCCCCN(C)Cc1cccc(O)c1,test,5.41009565256852
CHEMBL5284423,CHEMBL220,6.82,2022.0,6.82,COc1ccc2cc([C@H](C)C(=O)N/N=C3\c4cc(OC)c(OC)cc4CC3CC3CCN(Cc4ccccc4)CC3)ccc2c1,test,5.622328367035209
CHEMBL5285645,CHEMBL220,5.04,2023.0,5.04,O=C1CC2Cc3ccsc3C2=NN1CCCCCCN1CCN(Cc2cccc3c2ccn3S(=O)(=O)c2ccccc2)CC1,test,6.266593675279568
CHEMBL5285678,CHEMBL220,5.89,2021.0,5.89,CC(C)n1c2ccccc2c2cc[n+](-c3ccccc3)cc21,test,5.829443183237055
CHEMBL5286006,CHEMBL220,5.21,2023.0,5.21,COc1ccc2c(c1)c(C=O)cn2CCCCCCCCCN(C)Cc1ccc(O)cc1,test,5.41009565256852
CHEMBL5286146,CHEMBL220,5.72,2021.0,5.72,C=C[C@H]1[C@@H](/C(=C/O)C(=O)OC)C[C@H]2c3[nH]c4ccccc4c3CCN2[C@H]1O[C@@H]1O[C@H](CO)[C@@H](O)[C@H](O)[C@H]1O,val,5.41009565256852
CHEMBL5286535,CHEMBL220,9.72,2021.0,9.72,COc1cc(/C=C/c2nnc(-c3ccc(F)cc3F)o2)ccc1O,val,5.525620454134874
CHEMBL5286597,CHEMBL220,7.0,2018.0,7.0,CCN(CC)CCCCOc1cc(O)c2c(=O)c(-c3ccc(O)cc3)coc2c1,test,5.41009565256852
CHEMBL5287353,CHEMBL220,5.34,2021.0,5.34,CC(C)=CCCC1(C)C=Cc2c(ccc3cc(-c4cc(O)cc(O)c4CC=C(C)C)oc23)O1,val,5.41009565256852
CHEMBL5287537,CHEMBL220,6.54,2021.0,6.54,Cc1ccc(-[n+]2ccc3c4ccccc4n(C)c3c2)cc1,test,5.829443183237055
CHEMBL5287874,CHEMBL220,5.39,2021.0,5.39,C=C[C@H]1C[N+]2=C(C[C@@H]1/C(=C\OC)C(=O)OC)c1[nH]c3cccc(OC)c3c1CC2,test,5.525620454134874
CHEMBL5287890,CHEMBL220,5.04,2021.0,5.04,Cc1cc2c(c(C)c1CCO[C@@H]1O[C@H](CO)[C@@H](O)[C@H](O)[C@H]1O)C(=O)[C@@H](C)[C@H]2O,test,5.982634963080263
CHEMBL5289604,CHEMBL220,7.34,2022.0,7.34,COc1cc2c(cc1OC)/C(=N\NC(=O)c1ccccc1OC(C)=O)C(CC1CCN(Cc3ccccc3)CC1)C2,test,5.622328367035209
CHEMBL5290959,CHEMBL220,7.89,2021.0,7.89,COc1cc2c(cc1OC)CC(CC1CCN(CCNc3c4c(nc5cc(Cl)ccc35)CC3C=C(C)CC4C3)CC1)C2.Cl.Cl,val,7.977255816806988
CHEMBL5291438,CHEMBL220,5.68,2023.0,5.68,O=C1CC2CCc3ccsc3C2=NN1CCCCN1CCCCC1,val,5.41009565256852
CHEMBL5315772,CHEMBL220,4.66,2021.0,4.66,Cc1cc2cc3n(c(=O)c2cn1)CCc1c-3[nH]c2ccccc12,test,5.41009565256852
CHEMBL535,CHEMBL220,5.23,2016.0,5.23,CCN(CC)CCNC(=O)c1c(C)[nH]c(/C=C2\C(=O)Nc3ccc(F)cc32)c1C,test,5.41009565256852
CHEMBL537908,CHEMBL220,7.48,1995.0,7.48,Cl.O=C(CCC1CCN(Cc2ccccc2)CC1)c1ccc2[nH]c(-c3ccccc3)nc2c1,test,6.564001789487463
CHEMBL538852,CHEMBL220,7.0,2002.0,7.0,CNC(=O)Oc1ccc2c(c1)[C@]1(C)CC[N@@+](C)([O-])[C@@H]1N2C.Cl,test,6.473726484007239
CHEMBL539072,CHEMBL220,6.36,2001.0,6.36,CC1=CC2CC(C1)Cc1nc3ccccc3c(N)c12.Cl,test,5.630604874451391
CHEMBL539109,CHEMBL220,7.47,1996.0,7.47,CNC(=O)Oc1ccc2c(c1)[C@]1(C)CC[N+](C)(C)C1N2C.COS(=O)(=O)[O-],test,6.473726484007239
CHEMBL5394805,CHEMBL220,5.0,2023.0,5.0,C#CCN(CCc1ccccc1OC)Cc1cccc(OC)c1OCc1ccccc1,test,5.525620454134874
CHEMBL5395312,CHEMBL220,5.77,2022.0,5.77,CN1CCN(c2ccc(C(=O)Nc3cc(-c4nc5ccccc5[nH]4)n[nH]3)cc2)CC1,val,5.41009565256852
CHEMBL5397159,CHEMBL220,5.86,2022.0,5.86,COC(=O)/C=C/C(=O)Nc1cccc(OCCSC(=S)N2CCCCC2)c1,val,5.41009565256852
CHEMBL5397379,CHEMBL220,4.3,2023.0,4.3,O=C1c2c(ccc(O)c2O)CCn2cccc21,val,5.41009565256852
CHEMBL5397804,CHEMBL220,3.468393368067278,2024.0,3.468393368067278,Cc1ccc(N2CCN(Cc3cc(C)cc(/C=N/O)c3O)CC2)cc1,val,3.8796257527554188
CHEMBL5397813,CHEMBL220,5.0,2023.0,5.0,C#CCOc1ccc(CCN(CC=C)Cc2cccc(OC)c2OCc2ccccc2)cc1,test,5.525620454134874
CHEMBL5398025,CHEMBL220,5.0,2023.0,5.0,C#CCN(CCc1ccc(O)cc1)Cc1cccc(OC)c1OCc1ccccc1,test,5.525620454134874
CHEMBL5399112,CHEMBL220,5.0,2022.0,5.0,O=C(Nc1cc(-c2nc3ccccc3[nH]2)n[nH]1)c1ccc(N2CCNCC2)cc1,val,5.41009565256852
CHEMBL5399453,CHEMBL220,3.4313290219901034,2024.0,3.4313290219901034,Cc1cc(/C=N/O)c(O)c(CN2CCN(c3ccccc3Cl)CC2)c1,val,3.96461757266463
CHEMBL5400013,CHEMBL220,3.5122961368362735,2024.0,3.5122961368362735,CC(=O)n1c2c(c3ccccc31)Oc1nc(C)[nH]c(=O)c1C2c1cccc([N+](=O)[O-])c1,test,5.41009565256852
CHEMBL5400395,CHEMBL220,7.23,2023.0,7.23,Cc1cc(=O)[nH]c2c1C(=O)C(NCCCCNc1c3c(nc4ccccc14)CCCC3)=CC2=O,val,7.5802499224794815
CHEMBL5400426,CHEMBL220,5.0,2023.0,5.0,C#CCN(CCc1ccccc1)Cc1cccc(OC)c1OCc1ccccc1,test,5.525620454134874
CHEMBL5400996,CHEMBL220,5.0,2023.0,5.0,C=CCN(CCc1ccccc1OC)Cc1cccc(OC)c1OCc1ccccc1,test,5.525620454134874
CHEMBL5401121,CHEMBL220,5.0,2023.0,5.0,CCN(CCc1ccc(O)cc1)Cc1cccc(OC)c1OCc1ccccc1,test,5.525620454134874
CHEMBL54014,CHEMBL220,7.0,1999.0,7.0,Cc1ccccc1NC(=O)Oc1ccc2c(c1)[C@]1(C)CCN(C)C1N2Cc1ccccc1,test,6.7154594125618345
CHEMBL5401627,CHEMBL220,5.24,2024.0,5.24,O/N=C/c1cc(Cl)cc(CN2CCC(c3ccncc3)CC2)c1O,val,3.8097403898044684
CHEMBL5402369,CHEMBL220,3.5361070110140926,2024.0,3.5361070110140926,O/N=C/c1cc(Cl)cc(CN2CCN(c3ccc(Br)cc3)CC2)c1O,val,3.8796257527554188
CHEMBL5402411,CHEMBL220,5.0,2022.0,5.0,O=C(Nc1cc(-c2nc3ccccc3[nH]2)[nH]n1)c1ccc(N2CCOCC2)cc1,test,5.41009565256852
CHEMBL5402537,CHEMBL220,5.0,2023.0,5.0,COc1cccc(CN(CCCc2ccccc2F)C2CCC2)c1OCc1ccccc1,test,5.525620454134874
CHEMBL5403494,CHEMBL220,5.0,2023.0,5.0,C#CCOc1ccc(CCN(CC#C)Cc2cccc(OC)c2OCc2ccccc2)cc1,test,5.525620454134874
CHEMBL5403619,CHEMBL220,3.1334763744671563,2024.0,3.1334763744671563,O/N=C/c1cc(Cl)cc(CN2CCN(c3ccccc3Cl)CC2)c1O,val,3.96461757266463
CHEMBL5404050,CHEMBL220,5.0,2023.0,5.0,COc1cccc(CNCCc2ccccc2)c1OCc1ccccc1,test,5.525620454134874
CHEMBL5404725,CHEMBL220,3.4188471080337113,2024.0,3.4188471080337113,Cc1cc(/C=N/O)c(O)c(CN2CCN(c3ccccc3F)CC2)c1,val,3.96461757266463
CHEMBL5405601,CHEMBL220,3.0535968661009454,2024.0,3.0535968661009454,O/N=C/c1cc(Cl)cc(CN2CCN(c3ccccc3F)CC2)c1O,val,3.96461757266463
CHEMBL5406363,CHEMBL220,3.4928190227397593,2024.0,3.4928190227397593,Cc1cc(/C=N/O)c(O)c(CN2CCN(c3ccc(F)cc3)CC2)c1,val,3.8796257527554188
CHEMBL5406712,CHEMBL220,5.27,2024.0,5.27,CC(=O)n1c2c(c3ccccc31)Oc1nc(C)[nH]c(=O)c1C2c1ccccc1,test,5.41009565256852
CHEMBL5406889,CHEMBL220,5.0,2023.0,5.0,CCCN(C/C=C/c1ccccc1)Cc1cccc(OC)c1OCc1ccccc1,test,5.525620454134874
CHEMBL5407081,CHEMBL220,4.04,2024.0,4.04,COc1ccc(C2c3c(nc(C)[nH]c3=O)Oc3c2n(C(C)=O)c2ccccc32)cc1[N+](=O)[O-],test,5.525620454134874
CHEMBL5407369,CHEMBL220,5.45,2023.0,5.45,CN(CCC1CCCCCC1)Cc1c[nH]c2c(OC(=O)N3CCOCC3)cccc12,test,5.907588478729563
CHEMBL5407446,CHEMBL220,5.56,2022.0,5.56,O=c1nc2sc3ccccc3n2c2ncccc12,test,5.41009565256852
CHEMBL5409365,CHEMBL220,7.19,2022.0,7.19,FC(F)(F)c1ccc(-c2nnc(CNC3CCN(Cc4ccccc4)C3)o2)cc1,test,5.41009565256852
CHEMBL541044,CHEMBL220,3.1487416512809245,1986.0,3.1487416512809245,CN(C)CCS/C(=N\O)C(=O)c1ccc(Br)cc1.Cl,val,5.41009565256852
CHEMBL5411138,CHEMBL220,3.5228787452803374,2023.0,3.5228787452803374,COC1=C(CC(=O)CCc2ccccc2)C(=O)O[C@@H]1O,test,5.756696354674734
CHEMBL5411628,CHEMBL220,5.7,2024.0,5.7,Cc1cc(/C=N/O)c(O)c(CN2CCN(c3ccc([N+](=O)[O-])cc3)CC2)c1,val,3.8796257527554188
CHEMBL5412297,CHEMBL220,3.0,2024.0,3.0,O/N=C/c1cc(Cl)cc(CN2CCN(c3ccc(F)cc3)CC2)c1O,val,3.8796257527554188
CHEMBL54126,CHEMBL220,7.35,1993.0,7.35,CN(C)C(=O)Oc1cccc([N+](C)(C)C)c1.[Br-],val,5.5081768205792825
CHEMBL5412906,CHEMBL220,3.0,2024.0,3.0,Cc1ccc(N2CCN(Cc3cc(Cl)cc(/C=N/O)c3O)CC2)cc1,val,3.8796257527554188
CHEMBL5414196,CHEMBL220,4.59,2023.0,4.59,COc1ccc(C[C@H]2c3c(ccc(OC)c3O)CCN2C)cc1,test,5.525620454134874
CHEMBL5414976,CHEMBL220,5.0,2023.0,5.0,C=CCN(CCc1cccc(OC)c1)Cc1cccc(OC)c1OCc1ccccc1,test,5.525620454134874
CHEMBL5415204,CHEMBL220,5.0,2023.0,5.0,COc1cccc(CNCC(C)c2ccccc2)c1OCc1ccccc1,test,5.525620454134874
CHEMBL5415364,CHEMBL220,3.0,2024.0,3.0,O/N=C/c1cc(Cl)cc(CN2CCN(c3ccccc3)CC2)c1O,val,4.125468201324837
CHEMBL5415881,CHEMBL220,3.6989700043360183,2023.0,3.6989700043360183,Cl.O=C1CSC(c2ccc(Cl)cc2Cl)N1CCNC1CC1,val,5.41009565256852
CHEMBL5416559,CHEMBL220,5.0,2023.0,5.0,COc1cccc(CCNCc2cccc(OC)c2OCc2ccccc2)c1,test,5.525620454134874
CHEMBL5417629,CHEMBL220,3.648590248074561,2024.0,3.648590248074561,Cc1cc(/C=N/O)c(O)c(CN2CCN(c3ccc(Br)cc3)CC2)c1,val,3.8796257527554188
CHEMBL5417632,CHEMBL220,9.0,2023.0,9.0,CC[N+](CC)(CCCCCn1c(=O)cc(C)n(CCCCn2c(C)cc(=O)n(C)c2=O)c1=O)Cc1ccccc1C(F)(F)F.[Br-],val,7.998350637529986
CHEMBL5418052,CHEMBL220,5.0,2023.0,5.0,C=CCOc1ccc(CCN(CC=C)Cc2cccc(OC)c2OCc2ccccc2)cc1,test,5.525620454134874
CHEMBL5419436,CHEMBL220,3.752026733638193,2023.0,3.752026733638193,CN(C)CCCN1C(=O)CSC1c1cccc2ccccc12.Cl,val,5.41009565256852
CHEMBL5419644,CHEMBL220,6.04,2022.0,6.04,CCN(CCCCCOc1cc(O)c2c(c1)OC(c1ccc(O)cc1)CC2=O)Cc1ccccc1,test,5.41009565256852
CHEMBL5420342,CHEMBL220,5.0,2023.0,5.0,C=CCN(CCc1ccccc1)Cc1cccc(OC)c1OCc1ccccc1,test,5.525620454134874
CHEMBL5420880,CHEMBL220,5.0,2023.0,5.0,CCCN(CCc1ccc(O)cc1)Cc1cccc(OC)c1OCc1ccccc1,test,5.525620454134874
CHEMBL5422164,CHEMBL220,5.0,2023.0,5.0,C#CCN(CCc1ccc(OC)cc1)Cc1cccc(OC)c1OCc1ccccc1,test,5.525620454134874
CHEMBL5422439,CHEMBL220,5.0,2023.0,5.0,C=CCN(CCc1ccc(OC)cc1)Cc1cccc(OC)c1OCc1ccccc1,test,5.525620454134874
CHEMBL5422505,CHEMBL220,3.0,2024.0,3.0,O/N=C/c1cc(Br)cc(CN2CCN(c3ccc(C(F)(F)F)cc3)CC2)c1O,val,3.8796257527554188
CHEMBL5422875,CHEMBL220,5.0,2023.0,5.0,COc1ccc(CCN(C)Cc2cccc(OC)c2OCc2ccccc2)cc1,test,5.525620454134874
CHEMBL5423171,CHEMBL220,3.686765708305276,2024.0,3.686765708305276,Cc1cc(/C=N/O)c(O)c(CN2CCN(c3ccc(O)cc3)CC2)c1,val,3.8796257527554188
CHEMBL542360,CHEMBL220,3.0,1986.0,3.0,CN(C)CCS/C(=N\O)C(=O)c1ccc(Cl)cc1.Cl,val,5.41009565256852
CHEMBL5423918,CHEMBL220,8.25,2023.0,8.25,Cc1cc(=O)[nH]c2c1C(=O)C(NCCCCNc1c3c(nc4cc(Cl)ccc14)CCCC3)=CC2=O,val,7.977255816806988
CHEMBL5424094,CHEMBL220,4.73,2024.0,4.73,Cc1cc(/C=N/O)c(O)c(CN2CCN(c3ccc([N+](=O)[O-])cc3Cl)CC2)c1,val,3.8796257527554188
CHEMBL5424871,CHEMBL220,3.0,2024.0,3.0,O/N=C/c1cc(Cl)cc(CN2CCN(c3ccc(C(F)(F)F)cc3)CC2)c1O,val,3.8796257527554188
CHEMBL5424891,CHEMBL220,4.77,2024.0,4.77,COc1cccc(C2c3c(nc(C)[nH]c3=O)Oc3c2n(C(C)=O)c2ccccc32)c1,test,5.41009565256852
CHEMBL542497,CHEMBL220,7.11,2001.0,7.11,CCC1=CC2CC(C1)Cc1nc3ccccc3c(N)c12.Cl,test,5.630604874451391
CHEMBL5425032,CHEMBL220,3.5578966780685435,2024.0,3.5578966780685435,CC(=O)n1c2c(c3ccccc31)Oc1nc(C)[nH]c(=O)c1C2c1ccc(C)cc1,test,5.41009565256852
CHEMBL5425341,CHEMBL220,5.0,2023.0,5.0,CCN(CCc1cccc(OC)c1)Cc1cccc(OC)c1OCc1ccccc1,test,5.525620454134874
CHEMBL542543,CHEMBL220,8.17,1995.0,8.17,Cc1nc2ccc(C(=O)CCC3CCN(Cc4ccccc4)CC3)cc2s1.Cl,test,6.564001789487463
CHEMBL5426044,CHEMBL220,3.5462842482992327,2024.0,3.5462842482992327,CC(=O)n1c2c(c3ccccc31)Oc1nc(C)[nH]c(=O)c1C2c1cccc(Br)c1,test,5.604361752925308
CHEMBL542609,CHEMBL220,3.0,1986.0,3.0,Cc1ccc(C(=O)/C(=N/O)SCCN(C)C)cc1.Cl,val,5.41009565256852
CHEMBL5427121,CHEMBL220,5.0,2023.0,5.0,C#CCN(CCc1ccc(OCC=C)cc1)Cc1cccc(OC)c1OCc1ccccc1,test,5.525620454134874
CHEMBL5427488,CHEMBL220,3.9442395353122657,2024.0,3.9442395353122657,CC(=O)n1c2c(c3ccccc31)Oc1nc(C)[nH]c(=O)c1C2c1ccc(Br)cc1,test,5.41009565256852
CHEMBL5427748,CHEMBL220,5.55,2024.0,5.55,O=[N+]([O-])c1ccc(N2CCN(Cc3cc(Br)cc(/C=N/O)c3O)CC2)cc1,val,3.8796257527554188
CHEMBL5428266,CHEMBL220,5.19,2024.0,5.19,Cc1cc(/C=N/O)c(O)c(CN2CCN(c3ccc(C(F)(F)F)cc3)CC2)c1,val,3.8796257527554188
CHEMBL5428301,CHEMBL220,4.51,2024.0,4.51,O=[N+]([O-])c1ccc(N2CCN(Cc3cc(Cl)cc(/C=N/O)c3O)CC2)c(Cl)c1,val,3.8796257527554188
CHEMBL5428335,CHEMBL220,3.405386490839902,2024.0,3.405386490839902,O/N=C/c1cc(Cl)cc(CN2CCN(c3ccc(O)cc3)CC2)c1O,val,3.8796257527554188
CHEMBL5428694,CHEMBL220,5.0,2023.0,5.0,COc1ccccc1CCNCc1cccc(OC)c1OCc1ccccc1,test,5.525620454134874
CHEMBL5428807,CHEMBL220,5.0,2023.0,5.0,C#CCN(CCc1cccc(OC)c1)Cc1cccc(OC)c1OCc1ccccc1,test,5.525620454134874
CHEMBL5429288,CHEMBL220,5.6,2024.0,5.6,O=[N+]([O-])c1ccc(N2CCN(Cc3cc(Cl)cc(/C=N/O)c3O)CC2)cc1,val,3.8796257527554188
CHEMBL5429403,CHEMBL220,3.189901959318857,2024.0,3.189901959318857,Cc1cc(/C=N/O)c(O)c(CN2CCN(c3ccccc3)CC2)c1,val,4.125468201324837
CHEMBL5429752,CHEMBL220,4.55,2024.0,4.55,Cc1cc(/C=N/O)c(O)c(CN2CCC(c3ccncc3)CC2)c1,val,3.8097403898044684
CHEMBL5429766,CHEMBL220,5.0,2023.0,5.0,CCCN(CCc1ccccc1OC)Cc1cccc(OC)c1OCc1ccccc1,test,5.525620454134874
CHEMBL5430507,CHEMBL220,4.32,2024.0,4.32,CC(=O)n1c2c(c3ccccc31)Oc1nc(C)[nH]c(=O)c1C2c1ccccc1[N+](=O)[O-],test,5.41009565256852
CHEMBL5430829,CHEMBL220,5.0,2023.0,5.0,CCOc1ccc(CCN(CC)Cc2cccc(OC)c2OCc2ccccc2)cc1,test,5.525620454134874
CHEMBL5431200,CHEMBL220,3.7456936676687143,2024.0,3.7456936676687143,O/N=C/c1cc(Cl)cc(CN2CCN(c3ccc(Cl)cc3)CC2)c1O,val,3.8796257527554188
CHEMBL5431310,CHEMBL220,3.5122961368362735,2024.0,3.5122961368362735,CC(=O)n1c2c(c3ccccc31)Oc1nc(C)[nH]c(=O)c1C2c1ccc([N+](=O)[O-])cc1,test,5.41009565256852
CHEMBL5431346,CHEMBL220,3.6794383198047633,2024.0,3.6794383198047633,Cc1cc(/C=N/O)c(O)c(CN2CCN(c3ccc(Cl)cc3)CC2)c1,val,3.8796257527554188
CHEMBL5431372,CHEMBL220,5.0,2023.0,5.0,C=CCN(CCc1ccc(O)cc1)Cc1cccc(OC)c1OCc1ccccc1,test,5.525620454134874
CHEMBL543215,CHEMBL220,4.38,2002.0,4.38,C#CCNC1CCc2ccc(OC(=O)N(C)C3CCCCC3)cc21.Cl,test,5.41009565256852
CHEMBL5433193,CHEMBL220,6.89,2022.0,6.89,Cc1ccc(S(=O)(=O)NCCCCCNc2c3c(nc4ccccc24)CCCC3)cc1,test,7.5802499224794815
CHEMBL5434381,CHEMBL220,3.690199554398266,2024.0,3.690199554398266,COc1ccc(C2c3c(nc(C)[nH]c3=O)Oc3c2n(C(C)=O)c2ccccc32)cc1,test,5.41009565256852
CHEMBL5434452,CHEMBL220,5.0,2023.0,5.0,CCN(CCc1ccccc1OC)Cc1cccc(OC)c1OCc1ccccc1,test,5.525620454134874
CHEMBL5434553,CHEMBL220,9.22,2023.0,9.22,Br.CC[N+](CC)(CCCCCn1c(=O)cc(C)n(CCCCn2c(C)cc(=O)n(C)c2=O)c1=O)Cc1ccccc1[N+](=O)[O-],val,7.998350637529986
CHEMBL5434763,CHEMBL220,5.0,2023.0,5.0,COc1ccc(CCNCc2cccc(OC)c2OCc2ccccc2)cc1,test,5.525620454134874
CHEMBL5434796,CHEMBL220,5.0,2023.0,5.0,CCCN(CCc1cccc(OC)c1)Cc1cccc(OC)c1OCc1ccccc1,test,5.525620454134874
CHEMBL5434888,CHEMBL220,4.47,2024.0,4.47,CCN1/C(=C/C(C)=O)Sc2ccc(OC(=O)NCc3cccnc3)cc21,test,5.871289924687602
CHEMBL543546,CHEMBL220,3.4814860601221125,1986.0,3.4814860601221125,CC(C)N(CCS/C(=N\O)C(=O)c1ccc(Cl)cc1)C(C)C.Cl,val,5.41009565256852
CHEMBL5436185,CHEMBL220,5.0,2023.0,5.0,CCN(CCc1ccccc1)Cc1cccc(OC)c1OCc1ccccc1,test,5.525620454134874
CHEMBL543655,CHEMBL220,9.49,2001.0,9.49,CNC(=O)Oc1cccc(CN(C)CCCCCCCOc2ccc3c(=O)c4ccccc4oc3c2)c1.Cl,test,7.619973583450161
CHEMBL543711,CHEMBL220,4.33,1999.0,4.33,Cl.c1ccc(-c2ccc(NCCCCCN3CCc4ccccc4C3)nn2)cc1,test,5.41009565256852
CHEMBL5437114,CHEMBL220,3.4909319549828384,2024.0,3.4909319549828384,CC(=O)n1c2c(c3ccccc31)Oc1nc(C)[nH]c(=O)c1C2c1ccc(C#N)cc1,test,5.41009565256852
CHEMBL5437254,CHEMBL220,5.0,2023.0,5.0,CCCN(CCc1ccc(OC)cc1)Cc1cccc(OC)c1OCc1ccccc1,test,5.525620454134874
CHEMBL5437596,CHEMBL220,3.5011383110071157,2024.0,3.5011383110071157,CC(=O)n1c2c(c3ccccc31)Oc1nc(C)[nH]c(=O)c1C2c1ccc(Cl)cc1,test,5.41009565256852
CHEMBL543779,CHEMBL220,3.744727494896694,1986.0,3.744727494896694,CCN(CC)CCS/C(=N\O)C(=O)c1ccc(C#N)cc1.Cl,val,5.41009565256852
CHEMBL5438175,CHEMBL220,5.0,2023.0,5.0,COc1ccccc1CCN(C)Cc1cccc(OC)c1OCc1ccccc1,test,5.525620454134874
CHEMBL5438801,CHEMBL220,5.05,2023.0,5.05,Cc1ccc(NCCC[C@@H]2CCCN3CCCC[C@H]23)c2c(=O)c3ccccc3oc12,test,5.813705897096392
CHEMBL5439067,CHEMBL220,5.0,2023.0,5.0,COc1cccc(CNCCc2ccc(O)cc2)c1OCc1ccccc1,test,5.525620454134874
CHEMBL5440083,CHEMBL220,5.0,2023.0,5.0,CCN(CCc1ccc(OC)cc1)Cc1cccc(OC)c1OCc1ccccc1,test,5.525620454134874
CHEMBL544022,CHEMBL220,3.283996656365201,1986.0,3.283996656365201,CCN(CC)CCS/C(=N\O)C(=O)c1ccc(Cl)cc1.Cl,val,5.41009565256852
CHEMBL5441139,CHEMBL220,5.0,2023.0,5.0,CCCN(CCc1ccccc1)Cc1cccc(OC)c1OCc1ccccc1,test,5.525620454134874
CHEMBL544395,CHEMBL220,5.4,2002.0,5.4,CN(C(=O)Oc1ccc2c(c1)C(N)CC2)C1CCCCC1.Cl,test,5.41009565256852
CHEMBL544669,CHEMBL220,3.677780705266081,1986.0,3.677780705266081,CCN(CC)CCS/C(=N\O)C(=O)c1ccc(Br)cc1.Cl,val,5.41009565256852
CHEMBL550989,CHEMBL220,5.0,2009.0,5.0,CCOC(=O)c1ccc2nc(-c3ccc(Cl)cc3)c3c(c2c1)OCCC3.Cl,val,5.41009565256852
CHEMBL5517638,CHEMBL220,5.99,2024.0,5.99,COc1cc2ncnc(N3CCN(Cc4ccc(C)cc4)CC3)c2cc1OC,test,5.525620454134874
CHEMBL5517663,CHEMBL220,6.58,2024.0,6.58,COc1cc2ncnc(N3CCN(Cc4ccccc4)CC3)c2cc1OC,test,5.525620454134874
CHEMBL552832,CHEMBL220,6.52,1995.0,6.52,Cl.O=C(CCC1CCN(Cc2ccccc2)CC1)c1ccccc1,test,6.564001789487463
CHEMBL553212,CHEMBL220,4.75,1991.0,4.75,C[n+]1ccn(CCN2CCCC2)c1/C=N/O.[Cl-],val,4.193672091482517
CHEMBL553245,CHEMBL220,3.801342913045578,2017.0,3.801342913045578,O=C([O-])C(F)(F)F.O=C1C2=C3C4=[N+](CCc5c[nH]c1c54)[C@@H]1C(=O)C=C4S[C@@H](C[C@@]43[C@H]1O)N2,test,5.41009565256852
CHEMBL553599,CHEMBL220,5.75,2002.0,5.75,C#CCNC1CCc2ccc(OC(=O)N(C)Cc3ccccc3)cc21.Cl,test,5.41009565256852
CHEMBL554056,CHEMBL220,4.75,2002.0,4.75,C#CCNC1CCc2ccc(OC(=O)N(CC)C3CCCCC3)cc21.Cl,test,5.41009565256852
CHEMBL5556622,CHEMBL220,5.9,2024.0,5.9,O=C(NCCNc1c2c(nc3ccccc13)CCCC2)Oc1ccc2cc[nH]c2c1,test,7.5802499224794815
CHEMBL5559245,CHEMBL220,6.04,2024.0,6.04,COc1cc2ncnc(N3CCN(Cc4ccc(Cl)cc4)CC3)c2cc1OC,test,5.525620454134874
CHEMBL556172,CHEMBL220,3.0,1986.0,3.0,CCN(CC)CCS/C(=N\O)C(=O)c1ccccc1.Cl,val,5.41009565256852
CHEMBL5563454,CHEMBL220,5.33,2024.0,5.33,CCOc1cc2c(cc1OCC)-c1c(-c3ccc(Cl)cc3)c(/C=N/c3ccc(/N=C/c4c(-c5ccc(Cl)cc5)c5n(c4-c4ccccc4)CCc4cc(OC)c(OC)cc4-5)cc3)c(-c3ccccc3)n1CC2,val,5.944967984803408
CHEMBL5564010,CHEMBL220,6.82,2024.0,6.82,O=C(NCCCCCNc1c2c(nc3ccccc13)CCCC2)Oc1ccc(-c2cc3cccnc3[nH]2)cc1,test,7.5802499224794815
CHEMBL5565153,CHEMBL220,5.56,2024.0,5.56,CC(C)(C)c1ccc(Oc2ccc3nc4c(c(N)c3c2)CCC4)cc1.Cl,val,5.41009565256852
CHEMBL5565340,CHEMBL220,5.24,2024.0,5.24,CC(=O)c1ccc(Oc2ccc3nc4c(c(N)c3c2)CCC4)cc1.Cl,val,5.41009565256852
CHEMBL5565570,CHEMBL220,5.29,2024.0,5.29,Cl.Nc1c2c(nc3ccc(Oc4ccc(Cl)cc4)cc13)CCC2,val,5.41009565256852
CHEMBL5565926,CHEMBL220,5.43,2024.0,5.43,Cc1cc(C)cc(Oc2ccc3nc4c(c(N)c3c2)CCC4)c1.Cl,val,5.41009565256852
CHEMBL5565956,CHEMBL220,5.505,2024.0,5.505,CN(Cc1ccc(COc2ccc3c(CO)cc(=O)oc3c2)cc1)Cc1cccnc1,test,5.41009565256852
CHEMBL5567396,CHEMBL220,6.82,2024.0,6.82,O=C(NCCCCCNc1c2c(nc3cc(F)ccc13)CCCC2)Oc1ccc(-c2cc3cccnc3[nH]2)cc1,test,7.662582155645785
CHEMBL5567533,CHEMBL220,6.6,2024.0,6.6,C[C@@H](c1cccc(OC(=O)NCCNc2c3c(nc4ccccc24)CCCC3)c1)N(C)C,val,7.5802499224794815
CHEMBL5567590,CHEMBL220,6.93,2024.0,6.93,C[C@@H](c1cccc(OC(=O)NCCCCCNc2c3c(nc4ccccc24)CCCC3)c1)N(C)C,val,7.5802499224794815
CHEMBL5568634,CHEMBL220,6.61,2024.0,6.61,O=C(NCCCCCNc1c2c(nc3cc(Cl)ccc13)CCCC2)Oc1ccc2cc[nH]c2c1,test,7.977255816806988
CHEMBL556939,CHEMBL220,4.84,2009.0,4.84,C[C@]1(CO)CCC[C@]2(C)[C@H]1C[C@H](O)[C@@]13C[C@@H](CC[C@@H]21)[C@]1(C)O[C@@H]13,test,5.41009565256852
CHEMBL5569423,CHEMBL220,6.5,2024.0,6.5,O=C(NCCCCCNc1c2c(nc3cc(Br)ccc13)CCCC2)Oc1ccc2cc[nH]c2c1,test,7.662582155645785
CHEMBL5570753,CHEMBL220,5.08,2024.0,5.08,Cc1ccc(Oc2ccc3nc4c(c(N)c3c2)CCC4)cc1.Cl,val,5.41009565256852
CHEMBL5570989,CHEMBL220,8.08,2024.0,8.08,C[C@@H](c1cccc(OC(=O)NCCCCCNc2c3c(nc4cc(Cl)ccc24)CCCC3)c1)N(C)C,val,7.977255816806988
CHEMBL5571160,CHEMBL220,6.41,2024.0,6.41,C[C@@H](c1cccc(OC(=O)NCCCNc2c3c(nc4ccccc24)CCCC3)c1)N(C)C,test,7.5802499224794815
CHEMBL557181,CHEMBL220,7.52,1995.0,7.52,Cl.O=C(CCC1CCN(Cc2ccccc2)CC1)c1ccc2c(c1)OCCO2,test,6.564001789487463
CHEMBL5572008,CHEMBL220,7.64,2024.0,7.64,O=C(NCCCCCNc1c2c(nc3cc(Cl)ccc13)CCCC2)Oc1ccc(-c2cc3cccnc3[nH]2)cc1,test,7.977255816806988
CHEMBL5572620,CHEMBL220,5.0,2024.0,5.0,O=C(NCCNc1c2c(nc3ccccc13)CCCC2)Oc1ccc(-c2cc3cccnc3[nH]2)cc1,test,7.5802499224794815
CHEMBL5572861,CHEMBL220,7.32,2024.0,7.32,C[C@@H](c1cccc(OC(=O)NCCCCCNc2c3c(nc4cc(Br)ccc24)CCCC3)c1)N(C)C,val,7.662582155645785
CHEMBL5573311,CHEMBL220,5.28,2024.0,5.28,Cc1cccc(Oc2ccc3nc4c(c(N)c3c2)CCC4)c1.Cl,val,5.41009565256852
CHEMBL5573526,CHEMBL220,5.28,2024.0,5.28,COc1cccc(Oc2ccc3nc4c(c(N)c3c2)CCC4)c1.Cl,val,5.41009565256852
CHEMBL5573638,CHEMBL220,4.55,2024.0,4.55,Cc1ccccc1Oc1ccc2nc3c(c(N)c2c1)CCC3.Cl,val,5.525620454134874
CHEMBL5574521,CHEMBL220,5.07,2024.0,5.07,COc1ccccc1Oc1ccc2nc3c(c(N)c2c1)CCC3.Cl,val,5.525620454134874
CHEMBL5574879,CHEMBL220,6.38,2024.0,6.38,O=C(NCCCCCNc1c2c(nc3ccccc13)CCCC2)Oc1ccc2cc[nH]c2c1,test,7.5802499224794815
CHEMBL5574923,CHEMBL220,8.48,2024.0,8.48,O=C(CCCCN1CCN(Cc2ccccc2)CC1)Nc1ccc2nc3n(c(=O)c2c1)CCC3,test,5.756696354674734
CHEMBL5575070,CHEMBL220,5.37,2024.0,5.37,COc1ccc(Oc2ccc3nc4c(c(N)c3c2)CCC4)cc1.Cl,val,5.41009565256852
CHEMBL5575440,CHEMBL220,6.29,2024.0,6.29,O=C(NCCCCNc1c2c(nc3ccccc13)CCCC2)Oc1ccc2cc[nH]c2c1,test,7.5802499224794815
CHEMBL557586,CHEMBL220,6.77,2007.0,6.77,COc1ccccc1CN(C)CCCCCC(=O)N(C)CCCCCCCCN(C)C(=O)CCCCCN(C)Cc1ccccc1OC.Cl.Cl,test,5.872221156241087
CHEMBL5583545,CHEMBL220,5.71,2024.0,5.71,Cc1ccc(C(C)C)cc1OCC(=O)N(C(C)C)C(C)C,val,5.525620454134874
CHEMBL5583827,CHEMBL220,6.56,2024.0,6.56,O=C(NCCCCCNc1c2c(nc3cc(F)ccc13)CCCC2)Oc1ccc2cc[nH]c2c1,test,7.662582155645785
CHEMBL5583846,CHEMBL220,6.87,2024.0,6.87,Cc1ccc(C(C)C)cc1OCC(O)CNC(C)(C)C,val,5.525620454134874
CHEMBL5589962,CHEMBL220,6.87,2024.0,6.87,C=CCNCC(O)COc1cc(C(C)C)ccc1C,val,5.525620454134874
CHEMBL5590201,CHEMBL220,6.87,2024.0,6.87,Cc1ccc(C(C)C)cc1OCC(O)CNCCC1=CCCCC1,val,5.525620454134874
CHEMBL5590702,CHEMBL220,6.87,2024.0,6.87,CCN(CC)CC(O)COc1cc(C(C)C)ccc1C,val,5.525620454134874
CHEMBL5591073,CHEMBL220,5.71,2024.0,5.71,CNC(=O)COc1cc(C(C)C)ccc1C,val,5.525620454134874
CHEMBL5591282,CHEMBL220,5.19,2024.0,5.19,Cl.Nc1c2c(nc3ccc(Oc4ccccc4)cc13)CCC2,val,5.41009565256852
CHEMBL5591504,CHEMBL220,5.71,2024.0,5.71,CCCNC(=O)COc1cc(C(C)C)ccc1C,val,5.525620454134874
CHEMBL5591982,CHEMBL220,5.375,2024.0,5.375,CN(Cc1ccc(COc2ccc3c(CO)cc(=O)oc3c2)cc1)Cc1cscn1,val,5.41009565256852
CHEMBL5592053,CHEMBL220,5.71,2024.0,5.71,Cc1ccc(C(C)C)cc1OCC(=O)NC1CCCCC1,test,5.525620454134874
CHEMBL5592335,CHEMBL220,7.42,2024.0,7.42,C[C@@H](c1cccc(OC(=O)NCCCCCNc2c3c(nc4cc(F)ccc24)CCCC3)c1)N(C)C,val,7.662582155645785
CHEMBL5593429,CHEMBL220,5.71,2024.0,5.71,Cc1ccc(C(C)C)cc1OCC(=O)NCCN1CCCC1,test,5.525620454134874
CHEMBL5593745,CHEMBL220,5.71,2024.0,5.71,CCN(CC)C(=O)COc1cc(C(C)C)ccc1C,val,5.525620454134874
CHEMBL5594195,CHEMBL220,4.85,2024.0,4.85,c1ccc2c(c1)-c1ccccc1C2NC1CCCCC1,test,5.41009565256852
CHEMBL5594238,CHEMBL220,7.23,2024.0,7.23,O=C(NCCCCCNc1c2c(nc3cc(Br)ccc13)CCCC2)Oc1ccc(-c2cc3cccnc3[nH]2)cc1,test,7.662582155645785
CHEMBL5594849,CHEMBL220,5.84,2024.0,5.84,O=C(CNCCCCNCC(=O)Nc1c2c(nc3c1CCC3)CCCC2)Nc1c2c(nc3c1CCC3)CCCC2,val,5.41009565256852
CHEMBL5597498,CHEMBL220,3.8109871953997585,2024.0,3.8109871953997585,COc1ccc2c3c1O[C@H]1C[C@@H](O)CC[C@@]31CCNC2,test,6.243015986561791
CHEMBL5597500,CHEMBL220,4.0,2024.0,4.0,CCO[C@H]1c2cc(OC)c(OC)cc2[C@@]23CC[C@H](OC)C[C@@H]2N1CC3,test,5.525620454134874
CHEMBL5597667,CHEMBL220,4.0,2024.0,4.0,CCO[C@H]1O[C@@H]2CC=C3CCN(C)[C@H]3[C@@H]2c2cc(OC)c(O)cc21,test,5.525620454134874
CHEMBL5597952,CHEMBL220,4.0,2024.0,4.0,COc1cc2c(c(O)c1OC)[C@@]13CC[C@H](O)C[C@@H]1N(CC3)C2O,test,5.525620454134874
CHEMBL5629932,CHEMBL220,6.21,2023.0,6.21,Brc1ccc(Cn2cc(CNC3CCCCCC3)nn2)cc1,test,5.41009565256852
CHEMBL5631356,CHEMBL220,7.04,2023.0,7.04,Brc1ccc(Cn2cc(CNC34CC5CC(CC(C5)C3)C4)nn2)cc1,test,5.41009565256852
CHEMBL5633087,CHEMBL220,6.03,2023.0,6.03,Clc1ccc(Cn2cc(CNC3CCCCCC3)nn2)cc1,test,5.41009565256852
CHEMBL5633239,CHEMBL220,6.88,2023.0,6.88,Clc1ccc(Cn2cc(CNC34CC5CC(CC(C5)C3)C4)nn2)cc1,test,5.41009565256852
CHEMBL5647316,CHEMBL220,6.65,2023.0,6.65,O=c1[nH]c(COCCC2CCN(Cc3ccccc3)CC2)nc2c1cnn2C1CCCC1,test,6.138019392515065
CHEMBL57003,CHEMBL220,5.0,2002.0,5.0,C=CC[N+](C)(C)c1ccc(OC(C)=O)cc1.[Br-],val,5.41009565256852
CHEMBL570159,CHEMBL220,6.5,2010.0,6.5,CCc1c(C(=O)NCCCCNc2c3c(nc4ccccc24)CCCC3)nc(-c2ccccc2Cl)n1-c1ccc(Cl)cc1,test,7.6446842797615515
CHEMBL572532,CHEMBL220,6.82,2009.0,6.82,CCN(CCCCCCNC1=CC(=O)C(NCCCNC(=O)CCCCC2CCSS2)=CC1=O)Cc1ccccc1OC,test,6.30344396180841
CHEMBL572858,CHEMBL220,4.3,2009.0,4.3,CSc1n[nH]c2nc3c(c(N)c12)C1CC(C)=CC(C3)C1,test,5.630604874451391
CHEMBL574948,CHEMBL220,4.3,2009.0,4.3,CC1=CC2Cc3nc4[nH]ncc4c(N)c3C(C1)C2,test,5.630604874451391
CHEMBL57842,CHEMBL220,5.0,2002.0,5.0,C=CC[N+](C)(C)c1ccc(OC)cc1.[Br-],val,5.41009565256852
CHEMBL58034,CHEMBL220,5.0,2002.0,5.0,C[N+](C)(C)Cc1cccc(O)c1.[Br-],val,5.686782563971077
CHEMBL58190,CHEMBL220,5.0,2002.0,5.0,CC(=O)Oc1cccc([N+](C)(C)Cc2ccccc2)c1.[Br-],val,5.5081768205792825
CHEMBL58194,CHEMBL220,6.0,2002.0,6.0,C=CC[N+](C)(C)c1ccccc1OC.[Br-],val,5.525620454134874
CHEMBL58252,CHEMBL220,5.0,2002.0,5.0,C=CC[N+](C)(C)c1ccc(O)cc1.[Br-],val,5.41009565256852
CHEMBL583855,CHEMBL220,4.499999953328896,2010.0,4.499999953328896,CCc1c(C(=O)NN2CCCCC2)nc(-c2ccccc2Cl)n1-c1ccc(Cl)cc1,test,5.686782563971077
CHEMBL58521,CHEMBL220,6.375,1992.0,6.375,Cc1ccc(N)cc1,val,5.41009565256852
CHEMBL589390,CHEMBL220,4.35,2009.0,4.35,Cc1ccc2c(c1)c1c(n2CCc2ccc(C)nc2)CCN(C)C1,test,5.41009565256852
CHEMBL589536,CHEMBL220,4.53,2010.0,4.53,O=C(NCCN1CCCC1)N1c2ccccc2Sc2ccccc21,val,5.41009565256852
CHEMBL589563,CHEMBL220,6.21,2010.0,6.21,O=C(NCCN1CCCCC1)N1c2ccccc2Sc2ccccc21,val,5.41009565256852
CHEMBL59074,CHEMBL220,5.98,2002.0,5.98,COc1ccc(C(=O)CCc2cccc([N+](C)(C)Cc3ccccc3)c2)cc1OC.[Br-],test,5.872221156241087
CHEMBL5914393,CHEMBL220,5.43,2017.0,5.43,COc1c(C(N)=O)cc(Cl)c(N)c1CC1CCN(CC2CCCCC2)CC1,val,5.570559233208476
CHEMBL59192,CHEMBL220,6.0,2002.0,6.0,C=CC[N+](C)(C)c1cccc(OC(C)=O)c1.[Br-],val,5.5081768205792825
CHEMBL594229,CHEMBL220,5.79,2013.0,5.79,COc1cc2occ(-c3ccc(N4CCCC4)cc3)c(=O)c2cc1OC,test,5.525620454134874
CHEMBL59490,CHEMBL220,5.0,2002.0,5.0,C=CC[N+](C)(C)Cc1cccc(OC)c1.[Br-],val,5.41009565256852
CHEMBL595504,CHEMBL220,4.44,2022.0,4.44,NC(=O)c1cc[n+](C/C=C/C[n+]2ccc(/C=N/O)c(F)c2)cc1.[Br-].[Br-],val,4.193672091482517
CHEMBL59628,CHEMBL220,6.77,2000.0,6.77,Clc1ccc2c(NCc3ccccc3)c3c(nc2c1)CCCC3,test,5.860931877449518
CHEMBL59790,CHEMBL220,5.52,2002.0,5.52,COc1ccc(C(=O)CCc2ccc([N+](C)(C)C)cc2)cc1OC.[Br-],test,5.872221156241087
CHEMBL5992630,CHEMBL220,4.47,2018.0,4.47,COc1cc(O)cc2c1Oc1c(Oc3cc(O)cc(O)c3)c(O)cc(O)c1O2,val,5.525620454134874
CHEMBL599644,CHEMBL220,7.28,2010.0,7.28,CN(Cc1ccccc1)Cc1ccc(/C=C2\CCc3cc(OCCCCCN4CCCCC4)ccc3C2=O)cc1,val,5.41009565256852
CHEMBL5996918,CHEMBL220,4.18,2018.0,4.18,COc1cc2oc3c(Oc4cc(O)cc(O)c4)c(O)cc(O)c3c2c2c1Oc1c(Oc3cc(O)cc(O)c3)c(O)cc(O)c1O2,val,5.525620454134874
CHEMBL60596,CHEMBL220,5.73,2002.0,5.73,C=CC[N+](C)(C)c1ccccc1O.[Br-],val,5.41009565256852
CHEMBL60745,CHEMBL220,6.11,1996.0,6.11,CC[N+](C)(C)c1cccc(O)c1.[Br-],val,5.41009565256852
CHEMBL60874,CHEMBL220,5.0,2002.0,5.0,C[N+](C)(Cc1ccccc1)c1cccc(O)c1.[Br-],val,5.41009565256852
CHEMBL609718,CHEMBL220,3.2019999991794243,1997.0,3.2019999991794243,C[N+](C)(C)c1cccc([N+](=O)[O-])c1.[Cl-],val,5.41009565256852
CHEMBL610243,CHEMBL220,7.495,2004.0,7.495,COc1cc2cc(C(=O)C3CCC[N+](C)(Cc4ccc([N+](=O)[O-])o4)CC3)sc2cc1OC.[I-],test,5.525620454134874
CHEMBL61126,CHEMBL220,5.0,2002.0,5.0,C=C(C)C[N+](C)(C)c1cccc(O)c1.[Br-],val,5.41009565256852
CHEMBL611941,CHEMBL220,5.9,2017.0,5.9,COc1ccc(/C=C2\Oc3ccccc3C2=O)cc1,test,5.41009565256852
CHEMBL61312,CHEMBL220,5.52,2002.0,5.52,C=CC[N+](C)(C)c1cccc(O)c1.[Br-],val,5.41009565256852
CHEMBL61506,CHEMBL220,5.32,2000.0,5.32,O=[N+]([O-])c1ccc2c(NCc3ccccc3)c3c(nc2c1)CCCC3,test,5.645575773717703
CHEMBL61515,CHEMBL220,5.0,2002.0,5.0,C=CCC[N+](C)(C)c1ccccc1O.[Br-],val,5.3047576864623665
CHEMBL61905,CHEMBL220,5.0,2002.0,5.0,COc1ccccc1[N+](C)(C)Cc1ccccc1.[Br-],val,5.525620454134874
CHEMBL61965,CHEMBL220,5.0,2002.0,5.0,COc1ccc(C(=O)COc2ccc([N+](C)(C)Cc3ccccc3)cc2)cc1OC.[Br-],test,5.525620454134874
CHEMBL62210,CHEMBL220,5.0,2002.0,5.0,CC(=O)Oc1ccc([N+](C)(C)Cc2ccccc2)cc1.[Br-],val,5.41009565256852
CHEMBL62373,CHEMBL220,5.0,1987.0,5.0,CCCN1CCCC(c2cccc(OC(=O)NC(C)C)c2)C1,val,6.142133462268544
CHEMBL636,CHEMBL220,5.52,2002.0,5.52,CCN(C)C(=O)Oc1cccc([C@H](C)N(C)C)c1,val,5.41009565256852
CHEMBL640,CHEMBL220,6.0,1997.0,6.0,CCN(CC)CCNC(=O)c1ccc(N)cc1,val,5.41009565256852
CHEMBL64465,CHEMBL220,6.125,2000.0,6.125,Cc1ccc2c(NCc3ccccc3)c3c(nc2c1)CCCC3,test,5.645575773717703
CHEMBL64815,CHEMBL220,5.43,2000.0,5.43,Cc1ccc2nc3c(c(NCc4ccccc4)c2c1)CCCC3,test,5.41009565256852
CHEMBL65356,CHEMBL220,6.03,1995.0,6.03,CN1CC[C@@]2(C)c3cc(OC(=O)NCCCCCCN4CCOCC4)ccc3N(C)[C@@H]12,val,6.574677739331882
CHEMBL69059,CHEMBL220,3.585026652029182,1986.0,3.585026652029182,CCN(CC)CC/N=C(\NO)c1nc(-c2ccccc2)no1,test,5.41009565256852
CHEMBL71851,CHEMBL220,3.773142429711276,2004.0,3.773142429711276,COc1cc2ccc(=O)oc2cc1O,val,5.525620454134874
CHEMBL73160,CHEMBL220,9.22,2010.0,9.22,Clc1ccc2c(NCCCCCCNc3c4c(nc5cc(Cl)ccc35)CCCC4)c3c(nc2c1)CCCC3,val,7.977255816806988
CHEMBL73339,CHEMBL220,7.33,2010.0,7.33,CCCCCN1CCc2cc(C(=O)CCC3CCN(Cc4ccccc4)CC3)ccc21,test,6.564001789487463
CHEMBL73447,CHEMBL220,5.57,2010.0,5.57,COc1cccc(CN2CCC(CCC(=O)c3ccc4c(c3)CCN4)CC2)c1,test,6.564001789487463
CHEMBL73800,CHEMBL220,8.85,2010.0,8.85,c1ccc2c(NCCCCCCNc3c4c(nc5ccccc35)CCCC4)c3c(nc2c1)CCCC3,val,7.5802499224794815
CHEMBL73974,CHEMBL220,7.37,2010.0,7.37,O=C(CCC1CCN(Cc2ccccc2F)CC1)c1ccc2c(c1)CCN2,test,6.564001789487463
CHEMBL74257,CHEMBL220,6.48,1990.0,6.48,CNC(=O)Oc1ccc2c(c1)[C@]1(C)CCN(Cc3ccccc3)[C@@H]1N2C,test,6.473726484007239
CHEMBL74560,CHEMBL220,7.66,2010.0,7.66,CCCN1CCc2cc(C(=O)CCC3CCN(Cc4ccccc4)CC3)ccc21,test,6.564001789487463
CHEMBL74809,CHEMBL220,7.23,2010.0,7.23,O=C(CCC1CCN(Cc2cccc(Cl)c2)CC1)c1ccc2c(c1)CCN2,test,6.564001789487463
CHEMBL74827,CHEMBL220,7.66,2010.0,7.66,c1ccc2c(NCCCCCCCCNc3c4c(nc5ccccc35)CCC4)c3c(nc2c1)CCC3,test,7.5802499224794815
CHEMBL74832,CHEMBL220,7.05,2010.0,7.05,O=C(CCC1CCN(Cc2ccc(F)cc2)CC1)c1ccc2c(c1)CCN2,test,6.564001789487463
CHEMBL74922,CHEMBL220,7.54,2010.0,7.54,CCCCN1CCc2cc(C(=O)CCC3CCN(Cc4ccccc4)CC3)ccc21,test,6.564001789487463
CHEMBL74940,CHEMBL220,9.05,2010.0,9.05,Fc1ccc2c(NCCCCCCNc3c4c(nc5cc(F)ccc35)CCCC4)c3c(nc2c1)CCCC3,val,7.662582155645785
CHEMBL75110,CHEMBL220,7.49,2010.0,7.49,O=C(CCC1CCN(Cc2ccccc2)CC1)c1ccc2c(c1)CCN2,test,6.564001789487463
CHEMBL75305,CHEMBL220,8.32,2010.0,8.32,c1cnc2nc3c(c(NCCCCCCNc4c5c(nc6ncccc46)CCCC5)c2c1)CCCC3,test,7.12434355507479
CHEMBL75649,CHEMBL220,5.2,2010.0,5.2,O=C(CCC1CCN(Cc2ccc(Cl)cc2)CC1)c1ccc2c(c1)CCN2,test,6.564001789487463
CHEMBL75985,CHEMBL220,8.72,2010.0,8.72,c1cnc2nc3c(c(NCCCCCCCCNc4c5c(nc6ncccc46)CCCC5)c2c1)CCCC3,test,7.12434355507479
CHEMBL76014,CHEMBL220,7.12,2010.0,7.12,c1ccc2c(NCCCCCCCNc3c4c(nc5ccccc35)CCC4)c3c(nc2c1)CCC3,test,7.5802499224794815
CHEMBL76108,CHEMBL220,4.88,2010.0,4.88,COc1ccc(CN2CCC(CCC(=O)c3ccc4c(c3)CCN4)CC2)cc1,test,6.564001789487463
CHEMBL76241,CHEMBL220,6.48,1998.0,6.48,CNC(=O)Oc1ccc2c(c1)[C@]1(C)CCN(Cc3ccccc3)C1N2C,test,6.473726484007239
CHEMBL772,CHEMBL220,5.77,2022.0,5.77,COC(=O)[C@H]1[C@H]2C[C@@H]3c4[nH]c5cc(OC)ccc5c4CCN3C[C@H]2C[C@@H](OC(=O)c2cc(OC)c(OC)c(OC)c2)[C@@H]1OC,val,5.525620454134874
CHEMBL779,CHEMBL220,4.58,2024.0,4.58,CN1CC(=O)N2[C@H](c3ccc4c(c3)OCO4)c3[nH]c4ccccc4c3C[C@@H]2C1=O,test,5.41009565256852
CHEMBL79012,CHEMBL220,5.24,2003.0,5.24,COc1ccc(CN(C)CCCCCC(=O)N(C)CCCCCCCCN(C)C(=O)CCCCCN(C)Cc2ccc(OC)cc2)cc1,test,5.756696354674734
CHEMBL85473,CHEMBL220,4.71,2002.0,4.71,COc1cc2cc(C(O)C3CC[N+](C)(Cc4ccccc4)CC3)sc2cc1OC.[Br-],test,5.525620454134874
CHEMBL86,CHEMBL220,4.698970004336019,1993.0,4.698970004336019,CCN(CC)CCNC(=O)c1cc(Cl)c(N)cc1OC,val,5.525620454134874
CHEMBL86233,CHEMBL220,5.0,2002.0,5.0,COc1cc2cc(CC3CC[N+](C)(Cc4ccccc4)CC3)sc2cc1OC.[Br-],test,5.525620454134874
CHEMBL86835,CHEMBL220,7.18,2002.0,7.18,C[N@+]1(Cc2ccccc2)CC[C@H](CCC(=O)c2ccc3c(c2)CCO3)CC1,test,6.403538208847509
CHEMBL87014,CHEMBL220,7.66,2002.0,7.66,Cc1cc(C(=O)CCC2CC[N+](C)(Cc3ccccc3)CC2)nn1-c1ccccc1,test,6.403538208847509
CHEMBL8706,CHEMBL220,3.3010299956639813,2016.0,3.3010299956639813,C#CCN(C)CCCOc1ccc(Cl)cc1Cl,val,5.525620454134874
CHEMBL87344,CHEMBL220,7.77,2002.0,7.77,C[N+]1(Cc2ccccc2)CCC(CCC(=O)c2ccc3c(c2)CCO3)CC1,test,6.403538208847509
CHEMBL89354,CHEMBL220,8.07,2015.0,8.07,CC(C)(C)c1cccc(C(=O)C(F)(F)F)c1,val,5.686782563971077
CHEMBL8996,CHEMBL220,2.778898880038495,2012.0,2.778898880038495,O=C1C[C@@H](c2ccc(O)c(O)c2)Oc2cc(O)cc(O)c21,test,5.41009565256852
CHEMBL9113,CHEMBL220,6.795,1992.0,6.795,Cc1ccccc1,val,5.41009565256852
CHEMBL91291,CHEMBL220,8.24,1994.0,8.24,Cc1cc2onc(CCC3CCN(Cc4ccccc4)CC3)c2cc1C,test,6.868728091162481
CHEMBL91774,CHEMBL220,6.36,2010.0,6.36,c1ccc(CN2CCC(CCN=c3[nH]nc(-c4ccccc4)c4ccccc34)CC2)cc1,test,6.138019392515065
CHEMBL920,CHEMBL220,2.521000000603387,1997.0,2.521000000603387,C[N+](C)(C)CCO,test,5.686782563971077
CHEMBL92142,CHEMBL220,6.66,1994.0,6.66,c1ccc(CN2CCC(CCc3nccc4ccccc34)CC2)cc1,val,6.008930437161791
CHEMBL92460,CHEMBL220,7.26,1994.0,7.26,c1ccc(CN2CCC(CCc3noc4ccccc34)CC2)cc1,test,6.516499474267691
CHEMBL92463,CHEMBL220,7.58,1994.0,7.58,Oc1ccc2c(CCC3CCN(Cc4ccccc4)CC3)noc2c1,test,6.868728091162481
CHEMBL92663,CHEMBL220,8.06,1994.0,8.06,NC(=O)c1ccc2c(CCC3CCN(Cc4ccccc4)CC3)noc2c1,test,6.868728091162481
CHEMBL92736,CHEMBL220,8.55,1994.0,8.55,CC(=O)Nc1ccc2c(CCC3CCN(Cc4ccccc4)CC3)noc2c1,test,6.868728091162481
CHEMBL92775,CHEMBL220,7.0,1994.0,7.0,N#Cc1ccc2c(CCC3CCN(Cc4ccccc4)CC3)noc2c1,test,6.868728091162481
CHEMBL92955,CHEMBL220,7.85,1994.0,7.85,O=S(=O)(Nc1ccc2c(CCC3CCN(Cc4ccccc4)CC3)noc2c1)c1ccccc1,test,7.206308225264453
CHEMBL9352,CHEMBL220,2.6893066876566394,2012.0,2.6893066876566394,O=C1C[C@@H](c2ccc(O)cc2)Oc2cc(O)cc(O)c21,test,5.41009565256852
CHEMBL93619,CHEMBL220,8.15,1994.0,8.15,COc1cccc2c(CCC3CCN(Cc4ccccc4)CC3)noc12,test,6.388509639815657
CHEMBL93936,CHEMBL220,9.1,1994.0,9.1,c1ccc(CN2CCC(CCc3noc4cc(N5CCOCC5)ccc34)CC2)cc1,test,6.868728091162481
CHEMBL94186,CHEMBL220,8.14,1994.0,8.14,COc1ccc2onc(CCC3CCN(Cc4ccccc4)CC3)c2c1,test,6.516499474267691
CHEMBL94217,CHEMBL220,8.55,1995.0,8.55,CC(=O)Nc1ccc2c(CCC3CCN(Cc4ccccc4)CC3)noc2c1.O=C(O)/C=C/C(=O)O,test,6.868728091162481
CHEMBL96246,CHEMBL220,6.68,1994.0,6.68,C(=C\C1CCN(Cc2ccccc2)CC1)\c1noc2ccccc12,test,5.41009565256852
CHEMBL972,CHEMBL220,3.3010299956639813,2016.0,3.3010299956639813,C#CCN(C)[C@H](C)Cc1ccccc1,val,5.41009565256852
CHEMBL99655,CHEMBL220,4.95,1997.0,4.95,CN1CC[C@]2(C)c3cc(OC(=O)Nc4ccccc4)ccc3N(Cc3ccccc3)C12,test,6.473726484007239
