molecule_chembl_id,target_chembl_id,pchembl_value,year,label,smiles,split
CHEMBL100091,CHEMBL230,7.22,2000.0,7.22,CCCCOCCOC(=O)Cc1c(C)n(C(=O)c2ccc(Cl)cc2)c2ccc(OC)cc12,train
CHEMBL100092,CHEMBL230,7.22,2000.0,7.22,CCCCCCOC(=O)Cc1c(C)n(C(=O)c2ccc(Cl)cc2)c2ccc(OC)cc12,train
CHEMBL100156,CHEMBL230,5.4,1996.0,5.4,CS(=O)(=O)c1ccc(-c2cscc2-c2ccccc2)cc1,train
CHEMBL100250,CHEMBL230,5.4,1996.0,5.4,CS(=O)(=O)c1ccc(-c2ccsc2-c2ccccc2)cc1,train
CHEMBL100331,CHEMBL230,7.4,2000.0,7.4,CCCCCCCCNC(=O)Cc1c(C)n(C(=O)c2ccc(Cl)cc2)c2ccc(OC)cc12,train
CHEMBL10042,CHEMBL230,4.481486060122113,2001.0,4.481486060122113,CS(=O)(=O)c1ccc(-c2cc(Cl)cnc2-c2ccc(CO)nc2)cc1,val
CHEMBL100422,CHEMBL230,7.52,1995.0,7.52,COc1ccc(-c2cscc2-c2ccc(S(C)(=O)=O)cc2)cc1F,train
CHEMBL101,CHEMBL230,3.5466816599529625,1995.0,3.5466816599529625,CCCCC1C(=O)N(c2ccccc2)N(c2ccccc2)C1=O,train
CHEMBL101459,CHEMBL230,4.31,1996.0,4.31,CS(=O)(=O)c1ccc(-c2cc(CC#N)sc2-c2ccc(F)cc2)cc1,train
CHEMBL101503,CHEMBL230,4.96,1996.0,4.96,CS(=O)(=O)c1ccc(-c2ccccc2-c2ccccc2)cc1,test
CHEMBL1020,CHEMBL230,6.09,2023.0,6.09,Cc1ccc(C(=O)c2ccc(CC(=O)O)n2C)cc1,train
CHEMBL102223,CHEMBL230,6.71,2001.0,6.71,[N-]=[N+]=Nc1ccc(C2=C(c3ccccc3)C(=O)OC2)cc1,train
CHEMBL102243,CHEMBL2094253,4.0,1994.0,4.0,Cc1c(O)c(C)c2sc(NCc3cccnc3)nc2c1C,train
CHEMBL1030,CHEMBL2094253,2.1500000002356523,2013.0,2.1500000002356523,O=C(O)Cc1ccccc1Nc1c(Cl)cc(O)cc1Cl,train
CHEMBL1031,CHEMBL2094253,3.3500000020913046,2013.0,3.3500000020913046,O=C(O)Cc1cc(O)ccc1Nc1c(Cl)cccc1Cl,train
CHEMBL1032,CHEMBL2094253,3.0399999996932876,2013.0,3.0399999996932876,O=C(O)Cc1cc(O)ccc1Nc1c(Cl)cc(O)cc1Cl,train
CHEMBL1033,CHEMBL2094253,2.470000000178415,2013.0,2.470000000178415,COc1cc(Cl)c(Nc2ccccc2CC(=O)O)c(Cl)c1O,train
CHEMBL1034,CHEMBL230,6.09,2018.0,6.09,O=C([O-])Cc1ccccc1Nc1c(Cl)cccc1Cl.[Na+],train
CHEMBL10345,CHEMBL230,6.52,1999.0,6.52,CC(C)OC1=C(c2ccc(S(C)(=O)=O)cc2)C(C)(C)OC1=O,train
CHEMBL1035,CHEMBL2094253,1.0,2013.0,1.0,O=C(O)Cc1ccccc1Nc1c(Cl)ccc(O)c1Cl,train
CHEMBL104,CHEMBL230,4.38,,4.38,Clc1ccccc1C(c1ccccc1)(c1ccccc1)n1ccnc1,train
CHEMBL104009,CHEMBL230,7.85,1999.0,7.85,CCOc1cccc(-c2ccc(C(C)C(=O)O)cc2F)c1,train
CHEMBL104147,CHEMBL230,6.5,1999.0,6.5,CCOc1cc(OCC)cc(-c2ccc(C(C)C(=O)O)cc2)c1,train
CHEMBL104156,CHEMBL2094253,4.0,1994.0,4.0,CCc1c(O)c(OC)c(Cc2cccnc2)c2nc(NC)sc12,test
CHEMBL104336,CHEMBL230,6.17,1999.0,6.17,C/C=C/c1cncc(-c2ccc(C(C)C(=O)O)cc2)c1,train
CHEMBL104422,CHEMBL230,4.72,1999.0,4.72,Cc1cc(C)cc(-c2ccc(C(C)C(=O)O)cc2F)c1,train
CHEMBL104502,CHEMBL230,5.81,2001.0,5.81,Cc1ccc(-c2cc(C(F)(F)F)nn2-c2ccc(N=[N+]=[N-])cc2)cc1,train
CHEMBL104592,CHEMBL230,6.72,1999.0,6.72,CC(C(=O)O)c1ccc(-c2ccc3[nH]ccc3c2)cc1,test
CHEMBL105139,CHEMBL2094253,3.7614393726401687,1994.0,3.7614393726401687,CNc1nc2c(Cc3cccnc3)c(C)c(O)c(C)c2s1,test
CHEMBL105350,CHEMBL230,4.44,2005.0,4.44,O=C(/C=C/c1ccc(O)cc1)CC(=O)/C=C/c1ccc(O)cc1,train
CHEMBL105386,CHEMBL2094253,4.0,1994.0,4.0,CCNc1nc2c(C)c(C)c(O)c(Cc3cccnc3)c2s1,val
CHEMBL105587,CHEMBL2094253,4.0,1994.0,4.0,CCNc1nc2c(C)c(Cc3cccnc3)c(O)c(C)c2s1,test
CHEMBL105766,CHEMBL230,6.29,2000.0,6.29,Cc1cncc(-c2nc(C(F)(F)F)cn2-c2ccc(S(N)(=O)=O)cc2)c1,train
CHEMBL106023,CHEMBL230,6.47,2000.0,6.47,NS(=O)(=O)c1ccc(-n2cc(C(F)(F)F)nc2-c2cncc(Br)c2)cc1,train
CHEMBL106151,CHEMBL230,5.92,2000.0,5.92,COc1ccc(-c2nc(C(F)(F)F)cn2-c2ccc(S(C)(=O)=O)cc2)cn1,train
CHEMBL106192,CHEMBL230,5.77,2000.0,5.77,CS(=O)(=O)c1ccc(-n2cc(C(F)(F)F)nc2-c2nccc3ccccc23)cc1,train
CHEMBL106203,CHEMBL230,5.62,1999.0,5.62,CCc1cccc(-c2ccc(C(C)C(=O)O)cc2)c1,train
CHEMBL106255,CHEMBL230,6.285,1999.0,6.285,CC1(C)OC(=O)C(Oc2ccncc2)=C1c1ccc(S(C)(=O)=O)cc1,train
CHEMBL106302,CHEMBL230,7.075,1999.0,7.075,CC1(C)OC(=O)C(Oc2cc(F)cc(F)c2)=C1c1ccc(S(C)(=O)=O)cc1,train
CHEMBL106445,CHEMBL230,6.64,1999.0,6.64,Cc1cc2cc(-c3ccc(C(C)C(=O)O)cc3)ccc2[nH]1,test
CHEMBL106828,CHEMBL230,6.72,1999.0,6.72,C=Cc1cncc(-c2ccc(C(C)C(=O)O)cc2)c1,train
CHEMBL107088,CHEMBL230,7.550000000000001,1999.0,7.550000000000001,Cc1ccc(OC2=C(c3ccc(S(C)(=O)=O)cc3)C(C)(C)OC2=O)cc1,train
CHEMBL1071,CHEMBL230,5.7,2019.0,5.7,O=C(O)CCc1nc(-c2ccccc2)c(-c2ccccc2)o1,train
CHEMBL1075636,CHEMBL230,5.68,2009.0,5.68,O=S(=O)(Nc1ccncc1Nc1ccccc1Cl)C(F)(F)F,train
CHEMBL107600,CHEMBL230,5.82,2000.0,5.82,CS(=O)(=O)c1ccc(-n2cc(C(F)(F)F)nc2-c2ccccn2)cc1,train
CHEMBL1076742,CHEMBL230,4.03,2010.0,4.03,O=C(Nc1ccc(-c2ccccc2)cc1)C1=C(O)c2ccccc2S(=O)(=O)N1,train
CHEMBL1076751,CHEMBL230,4.02,2010.0,4.02,Cc1cccc(-c2ccc(NC(=O)C3=C(O)c4ccccc4S(=O)(=O)N3)cc2)c1C,train
CHEMBL1077,CHEMBL230,8.32,,8.32,Nc1c(CC(=O)O)cccc1C(=O)c1ccc(Br)cc1,train
CHEMBL107706,CHEMBL230,7.25,1999.0,7.25,CC1(C)OC(=O)C(Oc2ccc(F)cn2)=C1c1ccc(S(C)(=O)=O)cc1,train
CHEMBL1077388,CHEMBL230,6.57,2009.0,6.57,O=S(=O)(Nc1ccncc1Nc1cccc(Cl)c1)C(F)(F)F,train
CHEMBL1077398,CHEMBL230,5.23,2009.0,5.23,CS(=O)(=O)Nc1ccncc1Nc1ccc(Cl)cc1,train
CHEMBL1077403,CHEMBL230,6.35,2009.0,6.35,Cc1cccc(Nc2cnccc2NS(=O)(=O)C(F)(F)F)c1,train
CHEMBL1077436,CHEMBL230,4.0,2009.0,4.0,CS(=O)(=O)Nc1ccncc1NC1CCCC1,train
CHEMBL1077442,CHEMBL230,4.0,2009.0,4.0,COc1ccccc1Nc1cnccc1NS(C)(=O)=O,train
CHEMBL1078090,CHEMBL230,6.14,2009.0,6.14,CS(=O)(=O)Nc1ccncc1Nc1cccc(Cl)c1,train
CHEMBL1078091,CHEMBL230,5.59,2009.0,5.59,CS(=O)(=O)Nc1ccncc1Nc1cccc(Br)c1,train
CHEMBL1078373,CHEMBL230,4.66,2009.0,4.66,CS(=O)(=O)Nc1ccncc1Nc1ccc(Br)cc1,train
CHEMBL1078374,CHEMBL230,4.73,2009.0,4.73,Cc1ccccc1Nc1cnccc1NS(C)(=O)=O,train
CHEMBL1078375,CHEMBL230,5.05,2009.0,5.05,Cc1cccc(Nc2cnccc2NS(C)(=O)=O)c1,train
CHEMBL1078376,CHEMBL230,4.92,2009.0,4.92,Cc1ccc(Nc2cnccc2NS(C)(=O)=O)cc1,train
CHEMBL1078377,CHEMBL230,4.0,2009.0,4.0,CCc1ccccc1Nc1cnccc1NS(C)(=O)=O,train
CHEMBL1078378,CHEMBL230,4.0,2009.0,4.0,CCc1cccc(Nc2cnccc2NS(C)(=O)=O)c1,train
CHEMBL1078557,CHEMBL230,5.09,2009.0,5.09,CCc1ccc(Nc2cnccc2NS(C)(=O)=O)cc1,train
CHEMBL1078682,CHEMBL230,4.0,2009.0,4.0,COc1cccc(Nc2cnccc2NS(C)(=O)=O)c1,train
CHEMBL1078683,CHEMBL230,4.67,2009.0,4.67,COc1ccc(Nc2cnccc2NS(C)(=O)=O)cc1,train
CHEMBL1078860,CHEMBL230,5.43,2009.0,5.43,O=S(=O)(Nc1ccncc1NC1CCCC1)C(F)(F)F,train
CHEMBL1079073,CHEMBL230,5.79,2009.0,5.79,O=S(=O)(Nc1ccncc1NC1CCCCCC1)C(F)(F)F,train
CHEMBL1079074,CHEMBL230,4.96,2009.0,4.96,O=S(=O)(CCC(F)(F)F)Nc1ccncc1Nc1ccccc1,train
CHEMBL1079333,CHEMBL230,6.39,2009.0,6.39,O=S(=O)(Nc1ccncc1Nc1ccc(Cl)cc1)C(F)(F)F,train
CHEMBL1079335,CHEMBL230,6.92,2009.0,6.92,O=S(=O)(Nc1ccncc1Nc1cccc(Br)c1)C(F)(F)F,train
CHEMBL107938,CHEMBL230,6.48,1999.0,6.48,CCSc1cccc(-c2ccc(C(C)C(=O)O)cc2)c1,train
CHEMBL107953,CHEMBL230,7.0,1999.0,7.0,CCOc1cc(OCC)cc(-c2ccc(C(C)C(=O)O)cc2F)c1,train
CHEMBL1079875,CHEMBL230,5.8,2009.0,5.8,COc1cccc(Nc2cnccc2NS(=O)(=O)C(F)(F)F)c1,train
CHEMBL1079876,CHEMBL230,6.8,2009.0,6.8,COc1ccc(Nc2cnccc2NS(=O)(=O)C(F)(F)F)cc1,train
CHEMBL1079877,CHEMBL230,5.57,2009.0,5.57,CS(=O)(=O)Nc1ccncc1Nc1ccccc1,train
CHEMBL1079878,CHEMBL230,5.03,2009.0,5.03,CS(=O)(=O)Nc1ccncc1Nc1ccccc1Cl,train
CHEMBL1080231,CHEMBL230,6.34,2009.0,6.34,Cc1ccc(Nc2cnccc2NS(=O)(=O)C(F)(F)F)cc1,train
CHEMBL1080404,CHEMBL230,5.14,2009.0,5.14,CCc1ccccc1Nc1cnccc1NS(=O)(=O)C(F)(F)F,train
CHEMBL1080405,CHEMBL230,6.62,2009.0,6.62,CCc1cccc(Nc2cnccc2NS(=O)(=O)C(F)(F)F)c1,train
CHEMBL1080406,CHEMBL230,6.04,2009.0,6.04,CCc1ccc(Nc2cnccc2NS(=O)(=O)C(F)(F)F)cc1,train
CHEMBL1080407,CHEMBL230,5.6,2009.0,5.6,COc1ccccc1Nc1cnccc1NS(=O)(=O)C(F)(F)F,train
CHEMBL1080552,CHEMBL230,4.150514997831991,2010.0,4.150514997831991,O=C(Nc1ccc(-c2ccc(Cl)c(Cl)c2)cc1)C1NS(=O)(=O)c2ccccc2C1O,test
CHEMBL1080553,CHEMBL230,4.0,2010.0,4.0,O=C(CNS(=O)(=O)c1ccccc1C(=O)O)Nc1ccc(-c2ccc(Cl)c(Cl)c2)cc1,train
CHEMBL1080852,CHEMBL230,4.0,2010.0,4.0,COc1ccc2c(c1)C(O)=C(C(=O)Nc1ccc(-c3ccc(Cl)c(Cl)c3)cc1)NS2(=O)=O,train
CHEMBL1080853,CHEMBL230,4.0,2010.0,4.0,O=C(Nc1ccc(-c2ccc(Cl)c(Cl)c2)cc1)C1=C(O)c2cc(O)ccc2S(=O)(=O)N1,train
CHEMBL1081855,CHEMBL230,6.04,2009.0,6.04,O=S(=O)(Nc1ccncc1Nc1ccc(Br)cc1)C(F)(F)F,train
CHEMBL1081856,CHEMBL230,5.57,2009.0,5.57,Cc1ccccc1Nc1cnccc1NS(=O)(=O)C(F)(F)F,train
CHEMBL108201,CHEMBL230,8.3,1994.0,8.3,COc1ccc(C2=C(c3ccc(S(C)(=O)=O)cc3)CCC2)cc1,test
CHEMBL1082015,CHEMBL230,4.47,2010.0,4.47,O=C(Nc1ccc(-c2ccc(Cl)c(Cl)c2)nc1)C1=C(O)c2ccccc2S(=O)(=O)N1,train
CHEMBL1082723,CHEMBL230,4.522878745280337,2010.0,4.522878745280337,C[C@H]1Cc2c([nH]c3cc(Cl)c(F)cc23)[C@@]2(N1)C(=O)Nc1ccc(Cl)cc12,train
CHEMBL108281,CHEMBL230,4.0,1999.0,4.0,CC(C)c1cccc(-c2ccc(C(C)C(=O)O)cc2F)c1,train
CHEMBL1084,CHEMBL230,5.06,2000.0,5.06,CS(=O)(=O)c1ccc(C2=C(c3ccccc3)C(=O)OC2O)cc1,train
CHEMBL108452,CHEMBL230,6.36,2000.0,6.36,NS(=O)(=O)c1ccc(-n2cc(C(F)(F)F)nc2-c2cccnc2)cc1,train
CHEMBL108512,CHEMBL230,7.4,1999.0,7.4,CC1(C)OC(=O)C(Oc2ccc3sccc3c2)=C1c1ccc(S(C)(=O)=O)cc1,test
CHEMBL1086610,CHEMBL230,3.7490871033638253,2010.0,3.7490871033638253,O=C(Nc1ccc(CCc2ccc(Cl)c(Cl)c2)cc1)C1=C(O)c2ccccc2S(=O)(=O)N1,train
CHEMBL1086611,CHEMBL230,4.47,2010.0,4.47,O=C(Nc1ccc(-c2ccc(Cl)cc2)cc1)C1=C(O)c2ccccc2S(=O)(=O)N1,train
CHEMBL1086612,CHEMBL230,4.16,2010.0,4.16,O=C(Nc1ccc(Oc2ccc(Cl)cc2)cc1)C1=C(O)c2ccccc2S(=O)(=O)N1,test
CHEMBL1086757,CHEMBL230,4.35,2010.0,4.35,O=C(Nc1ccc(-c2cccc(Cl)c2Cl)cc1)C1=C(O)c2ccccc2S(=O)(=O)N1,train
CHEMBL1086883,CHEMBL230,4.126098402135539,2010.0,4.126098402135539,O=C(Nc1ccc(-c2ccc(Cl)cc2Cl)cc1)C1=C(O)c2ccccc2S(=O)(=O)N1,train
CHEMBL1086884,CHEMBL230,4.238824186844268,2010.0,4.238824186844268,Cc1ccc(-c2ccc(NC(=O)C3=C(O)c4ccccc4S(=O)(=O)N3)cc2)cc1C,train
CHEMBL1087143,CHEMBL230,4.0,2010.0,4.0,Cc1ccc(-c2ccc(NC(=O)C3=C(O)c4ccccc4S(=O)(=O)N3)cc2)cc1,train
CHEMBL1087254,CHEMBL230,4.045757490560675,2010.0,4.045757490560675,O=C(Nc1ccccc1CCc1ccc(Cl)c(Cl)c1)C1=C(O)c2ccccc2S(=O)(=O)C1,train
CHEMBL1087267,CHEMBL230,4.0,2010.0,4.0,O=C(Nc1ccc(-c2ccc(Cl)c(Cl)c2)cc1)C1=C(O)c2ccccc2S(=O)(=O)N1,train
CHEMBL108802,CHEMBL230,6.05,1999.0,6.05,CC1(C)OC(=O)C(Cc2ccccc2)=C1c1ccc(S(C)(=O)=O)cc1,test
CHEMBL1088299,CHEMBL230,4.0,2010.0,4.0,O=C(Nc1ccc(Nc2ccc(Cl)cc2)cc1)C1=C(O)c2ccccc2S(=O)(=O)N1,test
CHEMBL1088300,CHEMBL230,4.02,2010.0,4.02,O=C(Nc1ccc(C(=O)c2ccc(Cl)cc2)c(Cl)c1)C1=C(O)c2ccccc2S(=O)(=O)N1,train
CHEMBL1088301,CHEMBL230,4.02,2010.0,4.02,O=C(Nc1cccc(C(=O)c2ccc(Cl)cc2)c1)C1=C(O)c2ccccc2S(=O)(=O)N1,train
CHEMBL1088302,CHEMBL230,4.13,2010.0,4.13,O=C(Nc1ccc(-c2cccc(Cl)c2)cc1)C1=C(O)c2ccccc2S(=O)(=O)N1,train
CHEMBL108857,CHEMBL230,5.95,1999.0,5.95,CC1(C)OC(=O)C(Oc2cccc(Cl)n2)=C1c1ccc(S(C)(=O)=O)cc1,train
CHEMBL108917,CHEMBL230,6.9589700043360185,1999.0,6.9589700043360185,CC1(C)OC(=O)C(Oc2ccc(C3CC3)cn2)=C1c1ccc(S(C)(=O)=O)cc1,train
CHEMBL108936,CHEMBL230,6.54,2000.0,6.54,Cc1ccc(-c2nc(C(F)(F)F)cn2-c2ccc(S(N)(=O)=O)cc2)cn1,train
CHEMBL108961,CHEMBL230,6.36,2000.0,6.36,Cc1ccnc(-c2nc(C(F)(F)F)cn2-c2ccc(S(N)(=O)=O)cc2)c1,train
CHEMBL108975,CHEMBL230,7.28,1994.0,7.28,CS(=O)(=O)c1ccc(C2=C(c3ccc(Cl)cc3Cl)CCC2)cc1,test
CHEMBL108978,CHEMBL230,5.92,2000.0,5.92,CS(=O)(=O)c1ccc(-n2cc(C(F)(F)F)nc2-c2cc3ccccc3cn2)cc1,val
CHEMBL1089958,CHEMBL230,5.1,2010.0,5.1,O=C(O)Cc1cccn(C(F)F)c1=O,train
CHEMBL1089959,CHEMBL230,4.89,2010.0,4.89,O=C(O)Cc1ccn(C(F)F)c(=O)c1,train
CHEMBL109017,CHEMBL230,6.96,2000.0,6.96,Cc1csc(-c2nc(C(F)(F)F)cn2-c2ccc(S(N)(=O)=O)cc2)n1,train
CHEMBL109030,CHEMBL230,6.06,1994.0,6.06,CS(=O)(=O)c1ccc(C2=C(c3ccc(C(F)(F)F)cc3)CCC2)cc1,test
CHEMBL109047,CHEMBL230,7.35,1999.0,7.35,Cc1ccccc1OC1=C(c2ccc(S(C)(=O)=O)cc2)C(C)(C)OC1=O,train
CHEMBL109143,CHEMBL230,6.28,2000.0,6.28,Cc1nc(-c2nc(C(F)(F)F)cn2-c2ccc(S(N)(=O)=O)cc2)cs1,test
CHEMBL109177,CHEMBL230,7.550000000000001,1999.0,7.550000000000001,CC1(C)OC(=O)C(Oc2ccccc2)=C1c1ccc(S(C)(=O)=O)cc1,train
CHEMBL1092135,CHEMBL230,5.89,2010.0,5.89,O=C(O)Cc1ccc(=O)n(C(F)F)c1,train
CHEMBL1092136,CHEMBL230,5.23,2010.0,5.23,CC(C(=O)O)c1cccn(C(F)F)c1=O,train
CHEMBL1092137,CHEMBL230,5.26,2010.0,5.26,CC(C(=O)O)c1ccn(C(F)F)c(=O)c1,train
CHEMBL1092138,CHEMBL230,5.19,2010.0,5.19,CC(C(=O)O)c1ccc(=O)n(C(F)F)c1,train
CHEMBL109341,CHEMBL230,4.55,2012.0,4.55,COc1cc(/C=C/C(=O)O)cc(OC)c1O,train
CHEMBL109486,CHEMBL230,5.18,1994.0,5.18,COCc1ccc(C2=C(c3ccc(S(C)(=O)=O)cc3)CCC2)cc1,test
CHEMBL1095380,CHEMBL230,3.3010299956639813,2016.0,3.3010299956639813,O=C(O)c1cc(/C=C/c2ccc(O)cc2)ccc1O,train
CHEMBL109578,CHEMBL230,5.495,1994.0,5.495,CS(=O)(=O)c1ccc(C2=C(c3ccc(CO)cc3)CCC2)cc1,test
CHEMBL109623,CHEMBL230,8.3,1995.0,8.3,CN(C)c1ccc(C2=C(c3ccc(S(C)(=O)=O)cc3)CCC2)cc1Cl,test
CHEMBL110145,CHEMBL230,5.55,2000.0,5.55,Cc1ncccc1-c1nc(C(F)(F)F)cn1-c1ccc(S(N)(=O)=O)cc1,train
CHEMBL110331,CHEMBL230,6.38,2000.0,6.38,Cc1cccc(-c2nc(C(F)(F)F)cn2-c2ccc(S(N)(=O)=O)cc2)n1,train
CHEMBL110382,CHEMBL230,7.585,2000.0,7.585,CS(=O)(=O)c1ccc(-n2cc(C(F)(F)F)nc2-c2cc(Br)cs2)cc1,test
CHEMBL110392,CHEMBL230,7.125,1999.0,7.125,Cc1cccc(OC2=C(c3ccc(S(C)(=O)=O)cc3)C(C)(C)OC2=O)c1,train
CHEMBL110396,CHEMBL230,4.0,2000.0,4.0,CCOC(=O)c1cn(-c2ccc(S(C)(=O)=O)cc2)c(-c2cccnc2)n1,train
CHEMBL110401,CHEMBL230,7.609999999999999,1999.0,7.609999999999999,CC1(C)OC(=O)C(Oc2ccc(F)c(F)c2)=C1c1ccc(S(C)(=O)=O)cc1,train
CHEMBL110418,CHEMBL230,7.08,2001.0,7.08,CS(=O)(=O)c1ccc(-c2cc3c(cc2-c2ccc(F)cc2)COC3)cc1,train
CHEMBL110446,CHEMBL230,6.2,2000.0,6.2,CS(=O)(=O)c1ccc(-n2cc(C(F)(F)F)nc2-c2cnc3ccccc3c2)cc1,test
CHEMBL110448,CHEMBL230,4.1,2000.0,4.1,Cc1cn(-c2ccc(S(C)(=O)=O)cc2)c(-c2cccnc2)n1,train
CHEMBL110462,CHEMBL230,3.0296531237699065,2000.0,3.0296531237699065,CS(=O)(=O)c1ccc(-n2cc(CO)nc2-c2cccnc2)cc1,train
CHEMBL110514,CHEMBL230,6.43,1999.0,6.43,CC1(C)OC(=O)C(Oc2cccnc2)=C1c1ccc(S(C)(=O)=O)cc1,train
CHEMBL110574,CHEMBL230,5.02,2000.0,5.02,Cc1ncccc1-c1nc(C(F)(F)F)cn1-c1ccc(S(C)(=O)=O)cc1,train
CHEMBL110612,CHEMBL230,6.77,2001.0,6.77,Cc1ccncc1-c1cc(F)c(F)cc1-c1ccc(S(C)(=O)=O)cc1,train
CHEMBL110660,CHEMBL230,6.39,2000.0,6.39,Cc1cc(-c2nc(C(F)(F)F)cn2-c2ccc(S(N)(=O)=O)cc2)no1,train
CHEMBL110822,CHEMBL230,6.92,1999.0,6.92,CC1(C)OC(=O)C(Oc2ccccn2)=C1c1ccc(S(C)(=O)=O)cc1,train
CHEMBL110824,CHEMBL230,7.4,1999.0,7.4,CC1(C)OC(=O)C(Oc2ncc(Cl)cc2Cl)=C1c1ccc(S(C)(=O)=O)cc1,train
CHEMBL110836,CHEMBL230,7.550000000000001,1999.0,7.550000000000001,CC1(C)OC(=O)C(Oc2ccc(F)cc2F)=C1c1ccc(S(C)(=O)=O)cc1,train
CHEMBL110846,CHEMBL230,6.77,1995.0,6.77,NS(=O)(=O)c1ccc(C2=C(c3ccc(C(F)(F)F)c(F)c3)CCC2)cc1,test
CHEMBL110876,CHEMBL230,5.96,2000.0,5.96,Cc1ccsc1-c1nc(C(F)(F)F)cn1-c1ccc(S(C)(=O)=O)cc1,test
CHEMBL111039,CHEMBL230,6.66,1994.0,6.66,CSc1ccc(C2=C(c3ccc(S(C)(=O)=O)cc3)CCC2)cc1,test
CHEMBL111045,CHEMBL230,7.17,1994.0,7.17,CS(=O)(=O)c1ccc(C2=C(c3ccc(F)cc3)CC(C(F)(F)F)(C(F)(F)F)C2)cc1,test
CHEMBL111057,CHEMBL230,6.82,1995.0,6.82,NS(=O)(=O)c1ccc(C2=C(c3ccc(C(F)(F)F)cc3)CCC2)cc1,test
CHEMBL111095,CHEMBL230,8.05,1995.0,8.05,COc1ccc(C2=C(c3ccc(S(N)(=O)=O)cc3)CCC2)cc1Cl,test
CHEMBL111314,CHEMBL230,6.92,1995.0,6.92,COc1ccc(C2=C(c3ccc(S(C)(=O)=O)cc3)CCC2)cc1F,test
CHEMBL111321,CHEMBL230,8.7,1995.0,8.7,NS(=O)(=O)c1ccc(C2=C(c3ccc(Cl)c(Cl)c3)CCC2)cc1,test
CHEMBL111356,CHEMBL230,8.7,1995.0,8.7,CN(C)c1ccc(C2=C(c3ccc(S(N)(=O)=O)cc3)CCC2)cc1Cl,test
CHEMBL111427,CHEMBL230,7.8,1995.0,7.8,COc1ccc(C2=C(c3ccc(S(N)(=O)=O)cc3)CCC2)cc1F,test
CHEMBL111518,CHEMBL230,7.62,2001.0,7.62,NS(=O)(=O)c1ccc(-n2nc(C(F)(F)F)cc2-c2ccc3c(c2)OCO3)cc1,val
CHEMBL111562,CHEMBL230,8.7,1995.0,8.7,COc1ccc(C2=C(c3ccc(S(N)(=O)=O)cc3)CCC2)cc1,test
CHEMBL111590,CHEMBL230,8.52,1995.0,8.52,NS(=O)(=O)c1ccc(C2=C(c3ccc(Cl)cc3)CCC2)cc1,test
CHEMBL111597,CHEMBL230,8.0,1995.0,8.0,CS(=O)(=O)c1ccc(C2=C(c3ccc(Cl)c(Cl)c3)CCC2)cc1,test
CHEMBL111657,CHEMBL230,7.29,1995.0,7.29,CS(=O)(=O)c1ccc(C2=C(c3ccc(F)c(F)c3)CCC2)cc1,test
CHEMBL111786,CHEMBL230,8.0,1995.0,8.0,NS(=O)(=O)c1ccc(C2=C(c3ccc(F)c(Cl)c3)CCC2)cc1,test
CHEMBL111787,CHEMBL230,7.745,1995.0,7.745,NS(=O)(=O)c1ccc(C2=C(c3ccc(F)c(F)c3)CCC2)cc1,test
CHEMBL111904,CHEMBL230,6.3,2002.0,6.3,CC[C@@]1(C)OC(=O)C(OC(C)C)=C1c1ccc(S(C)(=O)=O)cc1,train
CHEMBL112,CHEMBL230,3.850390450532098,2008.0,3.850390450532098,CC(=O)Nc1ccc(O)cc1,train
CHEMBL114162,CHEMBL230,5.0,2003.0,5.0,CS(=O)(=O)c1ccc(-c2cncn2-c2ccc(F)cc2)cc1,val
CHEMBL1147,CHEMBL230,6.75,2000.0,6.75,NS(=O)(=O)c1ccc(-c2c(-c3ccccc3)noc2CO)cc1,train
CHEMBL114783,CHEMBL230,7.85,2003.0,7.85,CS(=O)(=O)c1ccc(-c2cnc(Cl)n2-c2ccc(F)cc2)cc1,val
CHEMBL115410,CHEMBL230,7.96,2003.0,7.96,CSc1ccc(-c2c(Cl)ncn2-c2ccc(S(C)(=O)=O)cc2)cc1,val
CHEMBL115458,CHEMBL230,5.0,2003.0,5.0,COC(=O)c1ncc(-c2ccc(S(C)(=O)=O)cc2)n1-c1ccc(F)cc1,val
CHEMBL115752,CHEMBL230,8.15,2003.0,8.15,CS(=O)(=O)c1ccc(-n2cnc(Cl)c2-c2ccc(F)cc2F)cc1,val
CHEMBL115864,CHEMBL230,5.0,2003.0,5.0,CS(=O)(=O)c1ccc(-n2c(CO)nc(Cl)c2-c2ccc(F)cc2)cc1,val
CHEMBL115905,CHEMBL230,6.0,2003.0,6.0,CS(=O)(=O)c1ccc(-n2cnc(Cl)c2-c2cc(Br)co2)cc1,train
CHEMBL115979,CHEMBL230,8.3,2003.0,8.3,COc1ccc(-c2c(Cl)ncn2-c2ccc(S(N)(=O)=O)cc2)cc1Cl,val
CHEMBL116016,CHEMBL230,8.15,2003.0,8.15,COc1c(Cl)cc(-c2c(Cl)ncn2-c2ccc(S(C)(=O)=O)cc2)cc1Cl,val
CHEMBL116199,CHEMBL230,5.0,2003.0,5.0,Cc1nc(Cl)c(-c2ccc(F)cc2)n1-c1ccc(S(C)(=O)=O)cc1,val
CHEMBL116252,CHEMBL230,7.37,2003.0,7.37,CS(=O)(=O)c1ccc(-n2cnc(Cl)c2-c2cnccc2Cl)cc1,train
CHEMBL116253,CHEMBL230,6.55,2003.0,6.55,Cc1ccncc1-c1c(Cl)ncn1-c1ccc(S(C)(=O)=O)cc1,train
CHEMBL1163219,CHEMBL230,3.7035542057936035,2010.0,3.7035542057936035,COc1ccc2c(c1)c1c(n2C(=O)c2ccc(Cl)cc2)CCN(CCCOc2cc(F)cc(C3(OC)CCOCC3)c2)C1.Cl,test
CHEMBL1163221,CHEMBL230,4.0,2010.0,4.0,COc1ccc2c(c1)c1c(n2C(=O)c2c(Cl)cc(Cl)cc2Cl)CCN(CCCOc2cc(F)cc(C3(OC)CCOCC3)c2)C1.Cl,test
CHEMBL1163223,CHEMBL230,3.9617773616312815,2010.0,3.9617773616312815,COc1ccc2c(c1)c1c(n2Cc2ccc(S(C)(=O)=O)cc2)CCN(CCCOc2cc(F)cc(C3(OC)CCOCC3)c2)C1.Cl,train
CHEMBL1163237,CHEMBL230,4.11,2010.0,4.11,COc1ccc2c(c1)c1c(n2C(=O)c2ccccc2)CCN(CCCOc2cc(F)cc(C3(OC)CCOCC3)c2)C1.Cl,test
CHEMBL1163238,CHEMBL230,3.899629454882437,2010.0,3.899629454882437,COc1ccc2c(c1)c1c(n2C(=O)c2ccccc2F)CCN(CCCOc2cc(F)cc(C3(OC)CCOCC3)c2)C1.Cl,test
CHEMBL1163243,CHEMBL230,4.27,2010.0,4.27,COc1ccc2c(c1)c1c(n2C(=O)c2ccc(F)cc2)CCN(CCCOc2cc(F)cc(C3(OC)CCOCC3)c2)C1.Cl,test
CHEMBL116343,CHEMBL230,7.29,2003.0,7.29,Cc1ncc(-c2ccc(S(C)(=O)=O)cc2)n1-c1ccc(F)cc1,val
CHEMBL116365,CHEMBL230,5.0,2003.0,5.0,CS(=O)(=O)c1ccc(-n2cnc(Cl)c2-c2ccncc2)cc1,test
CHEMBL1164245,CHEMBL230,4.06,2010.0,4.06,COc1ccc2c(c1)c1c(n2C(=O)c2ccccc2)CCNC1.Cl,train
CHEMBL1164396,CHEMBL230,4.07,2010.0,4.07,COc1ccc2c(c1)c1c(n2C(=O)c2ccc(Br)cc2)CCN(CCCOc2cc(F)cc(C3(OC)CCOCC3)c2)C1.Cl,test
CHEMBL1164949,CHEMBL230,3.9918258159935736,2010.0,3.9918258159935736,COC1(c2cc(F)cc(OCCCN3CCc4c(c5ccccc5n4C(=O)c4ccccc4)C3)c2)CCOCC1.Cl,test
CHEMBL1164950,CHEMBL230,3.447088549783491,2010.0,3.447088549783491,COc1ccc2c(c1)c1c(n2C(=O)c2cccc(F)c2)CCN(CCCOc2cc(F)cc(C3(OC)CCOCC3)c2)C1.Cl,test
CHEMBL116498,CHEMBL230,5.0,2003.0,5.0,CC(=O)Nc1ccc(-c2c(Cl)ncn2-c2ccc(S(C)(=O)=O)cc2)cc1,val
CHEMBL1165011,CHEMBL230,4.38,2014.0,4.38,Cc1c(N)c(=O)n(-c2ccccc2)n1C,train
CHEMBL116683,CHEMBL230,8.1,2003.0,8.1,COc1cc(-c2c(Cl)ncn2-c2ccc(S(N)(=O)=O)cc2)ccc1F,val
CHEMBL116719,CHEMBL2094253,4.44,1993.0,4.44,NC(=O)N(O)CC1=Cc2cc(Oc3ccccc3)ccc2OC1,train
CHEMBL116848,CHEMBL230,5.0,2003.0,5.0,CS(=O)(=O)c1ccc(-n2cnc(Cc3ccccc3)c2-c2ccc(F)cc2)cc1,train
CHEMBL116933,CHEMBL230,5.0,2003.0,5.0,CS(=O)(=O)c1ccc(-n2c(Cl)nc(Cl)c2-c2ccc(F)cc2)cc1,val
CHEMBL117,CHEMBL230,4.59,2014.0,4.59,O=c1cc(-c2ccccc2)oc2cc(O)cc(O)c12,train
CHEMBL1170264,CHEMBL230,4.3979400086720375,2010.0,4.3979400086720375,CCCCC(Sc1nc(OCCc2ccc(C(F)(F)F)cc2)cc(OCCc2ccc(C(F)(F)F)cc2)n1)C(=O)O,train
CHEMBL1171250,CHEMBL230,4.301029995663981,2010.0,4.301029995663981,C[C@@H]1O[C@@H](O[C@H]2[C@H](O)[C@@H](O)[C@H](OC[C@H]3O[C@@H](OC(=O)[C@]45CCC(C)(C)C[C@H]4C4=CC[C@@H]6[C@@]7(C)CC[C@H](O[C@@H]8OC[C@H](O)[C@H](O)[C@H]8O)C(C)(C)[C@@H]7CC[C@@]6(C)[C@]4(C)CC5)[C@H](O)[C@@H](O)[C@@H]3O)O[C@@H]2CO)[C@H](O)[C@H](O)[C@H]1O,train
CHEMBL1171251,CHEMBL230,5.17,2010.0,5.17,COc1ccc(/C=C/C(=O)O[C@H]2[C@H](O[C@H]3[C@H](O)[C@@H](O)[C@H](O[C@@H]4CO[C@@H](O[C@@H]5[C@@H](O)[C@H](C)O[C@@H](O[C@H]6[C@H](O[C@H]7CC[C@@]8(C)[C@@H](CC[C@]9(C)[C@@H]8CC=C8[C@@H]%10CC(C)(C)CC[C@]%10(C(=O)O[C@@H]%10O[C@H](CO[C@@H]%11O[C@H](CO)[C@@H](O[C@@H]%12O[C@@H](C)[C@H](O)[C@@H](O)[C@H]%12O)[C@H](O)[C@H]%11O)[C@@H](O)[C@H](O)[C@H]%10O)CC[C@]89C)[C@]7(C)CO)OC[C@@H](O)[C@@H]6O)[C@@H]5O)[C@H](O)[C@@H]4O)O[C@@H]3CO)O[C@H](CO)[C@@H](O)[C@@H]2O[C@@H]2O[C@H](CO[C@@H]3O[C@@H](C)[C@H](O)[C@@H](O)[C@H]3O[C@@H]3O[C@H](CO)[C@@H](O)[C@H](O)[C@H]3O)[C@@H](O)[C@H](O)[C@H]2O)cc1O,test
CHEMBL1171252,CHEMBL230,5.21,2010.0,5.21,COc1ccc(/C=C/C(=O)O[C@H]2[C@H](O[C@H]3[C@H](O)[C@@H](O)[C@H](O[C@@H]4CO[C@@H](O[C@@H]5[C@@H](O)[C@H](C)O[C@@H](O[C@H]6[C@H](O[C@H]7CC[C@@]8(C)[C@@H](CC[C@]9(C)[C@@H]8CC=C8[C@@H]%10CC(C)(C)CC[C@]%10(C(=O)O[C@@H]%10O[C@H](CO[C@@H]%11O[C@H](CO)[C@@H](O[C@@H]%12O[C@@H](C)[C@H](O)[C@@H](O)[C@H]%12O)[C@H](O)[C@H]%11O)[C@@H](O)[C@H](O)[C@H]%10O)CC[C@]89C)[C@]7(C)CO)OC[C@@H](O)[C@@H]6O)[C@@H]5O)[C@H](O)[C@@H]4O)O[C@@H]3CO)O[C@H](CO)[C@@H](O)[C@@H]2O[C@@H]2O[C@H](CO[C@@H]3O[C@@H](C)[C@H](O)[C@@H](O)[C@H]3O)[C@@H](O[C@@H]3O[C@H](CO)[C@@H](O)[C@H](O)[C@H]3O)[C@H](O)[C@H]2O)cc1O,train
CHEMBL1171253,CHEMBL230,5.11,2010.0,5.11,COc1ccc(/C=C/C(=O)O[C@@H]2[C@@H](O)[C@H](O[C@H]3[C@H](O)[C@@H](O)[C@H](O[C@@H]4CO[C@@H](O[C@@H]5[C@@H](O)[C@H](C)O[C@@H](O[C@H]6[C@H](O[C@H]7CC[C@@]8(C)[C@@H](CC[C@]9(C)[C@@H]8CC=C8[C@@H]%10CC(C)(C)CC[C@]%10(C(=O)O[C@@H]%10O[C@H](CO[C@@H]%11O[C@H](CO)[C@@H](O[C@@H]%12O[C@@H](C)[C@H](O)[C@@H](O)[C@H]%12O)[C@H](O)[C@H]%11O)[C@@H](O)[C@H](O)[C@H]%10O)CC[C@]89C)[C@]7(C)CO)OC[C@@H](O)[C@@H]6O)[C@@H]5O)[C@H](O)[C@@H]4O)O[C@@H]3CO)O[C@H](CO)[C@H]2O)cc1O,train
CHEMBL1171254,CHEMBL230,5.1,2010.0,5.1,COc1ccc(/C=C/C(=O)OC[C@H]2O[C@@H](O[C@H]3[C@H](O)[C@@H](O)[C@H](O[C@@H]4CO[C@@H](O[C@@H]5[C@@H](O)[C@H](C)O[C@@H](O[C@H]6[C@H](O[C@H]7CC[C@@]8(C)[C@@H](CC[C@]9(C)[C@@H]8CC=C8[C@@H]%10CC(C)(C)CC[C@]%10(C(=O)O[C@@H]%10O[C@H](CO[C@@H]%11O[C@H](CO)[C@@H](O[C@@H]%12O[C@@H](C)[C@H](O)[C@@H](O)[C@H]%12O)[C@H](O)[C@H]%11O)[C@@H](O)[C@H](O)[C@H]%10O)CC[C@]89C)[C@]7(C)CO)OC[C@@H](O)[C@@H]6O)[C@@H]5O)[C@H](O)[C@@H]4O)O[C@@H]3CO)[C@H](O)[C@@H](O)[C@@H]2O)cc1O,test
CHEMBL1171255,CHEMBL230,5.14,2010.0,5.14,COc1ccc(/C=C/C(=O)OC[C@H]2O[C@@H](O[C@H]3[C@H](O)[C@@H](O)[C@H](O[C@@H]4CO[C@@H](O[C@@H]5[C@@H](O)[C@H](C)O[C@@H](O[C@H]6[C@H](O[C@H]7CC[C@]8(C)[C@H]9CC=C%10[C@@H]%11CC(C)(C)CC[C@]%11(C(=O)O[C@@H]%11O[C@H](CO[C@@H]%12O[C@H](CO)[C@@H](O[C@@H]%13O[C@@H](C)[C@H](O)[C@@H](O)[C@H]%13O)[C@H](O)[C@H]%12O)[C@@H](O)[C@H](O)[C@H]%11O)CC[C@@]%10(C)[C@]9(C)CC[C@H]8C7(C)C)OC[C@@H](O)[C@@H]6O)[C@@H]5O)[C@H](O)[C@@H]4O)O[C@@H]3CO)[C@H](O)[C@@H](O)[C@@H]2O)cc1O,test
CHEMBL1171256,CHEMBL230,5.05,2010.0,5.05,COc1ccc(/C=C/C(=O)O[C@H]2[C@H](O[C@H]3[C@H](O)[C@@H](O)[C@H](O[C@@H]4CO[C@@H](O[C@@H]5[C@@H](O)[C@H](C)O[C@@H](O[C@H]6[C@H](O[C@H]7CC[C@@]8(C)[C@@H](CC[C@]9(C)[C@@H]8CC=C8[C@@H]%10CC(C)(C)CC[C@]%10(C(=O)O[C@@H]%10O[C@H](CO[C@@H]%11O[C@H](CO)[C@@H](O[C@@H]%12O[C@@H](C)[C@H](O)[C@@H](O)[C@H]%12O)[C@H](O)[C@H]%11O)[C@@H](O)[C@H](O)[C@H]%10O)CC[C@]89C)[C@]7(C)CO)OC[C@@H](O)[C@@H]6O)[C@@H]5O)[C@H](O)[C@@H]4O)O[C@@H]3CO)O[C@H](CO)[C@@H](O)[C@@H]2O[C@@H]2O[C@H](CO)[C@@H](O)[C@H](O)[C@H]2O)cc1O,train
CHEMBL1171257,CHEMBL230,5.12,2010.0,5.12,COc1ccc(/C=C/C(=O)O[C@@H]2[C@@H](O)[C@H](O[C@H]3[C@H](O)[C@@H](O)[C@H](O[C@@H]4CO[C@@H](O[C@@H]5[C@@H](O)[C@H](C)O[C@@H](O[C@H]6[C@H](O[C@H]7CC[C@]8(C)[C@H]9CC=C%10[C@@H]%11CC(C)(C)CC[C@]%11(C(=O)O[C@@H]%11O[C@H](CO[C@@H]%12O[C@H](CO)[C@@H](O[C@@H]%13O[C@@H](C)[C@H](O)[C@@H](O)[C@H]%13O)[C@H](O)[C@H]%12O)[C@@H](O)[C@H](O)[C@H]%11O)CC[C@@]%10(C)[C@]9(C)CC[C@H]8C7(C)C)OC[C@H](O)[C@@H]6O)[C@@H]5O)[C@H](O)[C@@H]4O)O[C@@H]3CO)O[C@H](CO)[C@H]2O)cc1O,train
CHEMBL1171258,CHEMBL230,5.06,2010.0,5.06,COc1ccc(/C=C/C(=O)O[C@H]2[C@H](O[C@H]3[C@H](O)[C@@H](O)[C@H](O[C@@H]4CO[C@@H](O[C@@H]5[C@@H](O)[C@H](C)O[C@@H](O[C@H]6[C@H](O[C@H]7CC[C@]8(C)[C@H]9CC=C%10[C@@H]%11CC(C)(C)CC[C@]%11(C(=O)O[C@@H]%11O[C@H](CO[C@@H]%12O[C@H](CO)[C@@H](O[C@@H]%13O[C@@H](C)[C@H](O)[C@@H](O)[C@H]%13O)[C@H](O)[C@H]%12O)[C@@H](O)[C@H](O)[C@H]%11O)CC[C@@]%10(C)[C@]9(C)CC[C@H]8C7(C)C)OC[C@H](O)[C@@H]6O)[C@@H]5O)[C@H](O)[C@@H]4O)O[C@@H]3CO)O[C@H](CO)[C@@H](O)[C@@H]2O)cc1O,train
CHEMBL1171445,CHEMBL230,5.05,2010.0,5.05,COc1ccc(/C=C/C(=O)O[C@H]2[C@H](O[C@H]3[C@H](O)[C@@H](O)[C@H](O[C@@H]4CO[C@@H](O[C@@H]5[C@@H](O)[C@H](C)O[C@@H](O[C@H]6[C@H](O[C@H]7CC[C@@]8(C)[C@@H](CC[C@]9(C)[C@@H]8CC=C8[C@@H]%10CC(C)(C)CC[C@]%10(C(=O)O[C@@H]%10O[C@H](CO[C@@H]%11O[C@H](CO)[C@@H](O[C@@H]%12O[C@@H](C)[C@H](O)[C@@H](O)[C@H]%12O)[C@H](O)[C@H]%11O)[C@@H](O)[C@H](O)[C@H]%10O)CC[C@]89C)[C@]7(C)CO)OC[C@H](O)[C@@H]6O)[C@@H]5O)[C@H](O)[C@@H]4O)O[C@@H]3CO)O[C@H](CO)[C@@H](O)[C@@H]2O[C@@H]2O[C@H](CO[C@@H]3O[C@@H](C)[C@H](O)[C@@H](O)[C@H]3O)[C@@H](O)[C@H](O)[C@H]2O)cc1O,train
CHEMBL1171446,CHEMBL230,5.07,2010.0,5.07,COc1ccc(/C=C/C(=O)O[C@H]2[C@H](O[C@H]3[C@H](O)[C@@H](O)[C@H](O[C@@H]4CO[C@@H](O[C@@H]5[C@@H](O)[C@H](C)O[C@@H](O[C@H]6[C@H](O[C@H]7CC[C@]8(C)[C@H]9CC=C%10[C@@H]%11CC(C)(C)CC[C@]%11(C(=O)O[C@@H]%11O[C@H](CO[C@@H]%12O[C@H](CO)[C@@H](O[C@@H]%13O[C@@H](C)[C@H](O)[C@@H](O)[C@H]%13O)[C@H](O)[C@H]%12O)[C@@H](O)[C@H](O)[C@H]%11O)CC[C@@]%10(C)[C@]9(C)CC[C@H]8C7(C)C)OC[C@H](O)[C@@H]6O)[C@@H]5O)[C@H](O)[C@@H]4O)O[C@@H]3CO)O[C@H](CO)[C@@H](O)[C@@H]2O[C@@H]2O[C@H](CO[C@@H]3O[C@@H](C)[C@H](O)[C@@H](O)[C@H]3O)[C@@H](O)[C@H](O)[C@H]2O)cc1O,train
CHEMBL1171447,CHEMBL230,5.17,2010.0,5.17,COc1ccc(/C=C/C(=O)O[C@H]2[C@H](O[C@H]3[C@H](O)[C@@H](O)[C@H](O[C@@H]4CO[C@@H](O[C@@H]5[C@@H](O)[C@H](C)O[C@@H](O[C@H]6[C@H](O[C@H]7CC[C@]8(C)[C@H]9CC=C%10[C@@H]%11CC(C)(C)CC[C@]%11(C(=O)O[C@@H]%11O[C@H](CO[C@@H]%12O[C@H](CO)[C@@H](O[C@@H]%13O[C@@H](C)[C@H](O)[C@@H](O)[C@H]%13O)[C@H](O)[C@H]%12O)[C@@H](O)[C@H](O)[C@H]%11O)CC[C@@]%10(C)[C@]9(C)CC[C@H]8C7(C)C)OC[C@H](O)[C@@H]6O)[C@@H]5O)[C@H](O)[C@@H]4O)O[C@@H]3CO)O[C@H](CO)[C@@H](O)[C@@H]2O[C@@H]2O[C@H](CO[C@@H]3O[C@@H](C)[C@H](O)[C@@H](O)[C@H]3O[C@@H]3O[C@H](CO)[C@@H](O)[C@H](O)[C@H]3O)[C@@H](O)[C@H](O)[C@H]2O)cc1O,test
CHEMBL1171448,CHEMBL230,4.301029995663981,2010.0,4.301029995663981,C[C@@H]1O[C@@H](O[C@H]2[C@H](O)[C@@H](O)[C@H](OC[C@H]3O[C@@H](OC(=O)[C@]45CCC(C)(C)C[C@H]4C4=CC[C@@H]6[C@@]7(C)CC[C@H](O)C(C)(C)[C@@H]7CC[C@@]6(C)[C@]4(C)CC5)[C@H](O)[C@@H](O)[C@@H]3O)O[C@@H]2CO)[C@H](O)[C@H](O)[C@H]1O,train
CHEMBL1171449,CHEMBL230,4.301029995663981,2010.0,4.301029995663981,C[C@@H]1O[C@@H](O[C@H]2[C@H](O[C@H]3CC[C@]4(C)[C@H]5CC=C6[C@@H]7CC(C)(C)CC[C@]7(C(=O)O[C@@H]7O[C@H](CO[C@@H]8O[C@H](CO)[C@@H](O[C@@H]9O[C@@H](C)[C@H](O)[C@@H](O)[C@H]9O)[C@H](O)[C@H]8O)[C@@H](O)[C@H](O)[C@H]7O)CC[C@@]6(C)[C@]5(C)CC[C@H]4C3(C)CO)OC[C@H](O)[C@@H]2O)[C@H](O)[C@H](O)[C@H]1O,test
CHEMBL1171450,CHEMBL230,4.301029995663981,2010.0,4.301029995663981,C[C@@H]1O[C@@H](O[C@H]2[C@H](O)[C@@H](O)[C@H](OC[C@H]3O[C@@H](OC(=O)[C@]45CCC(C)(C)C[C@H]4C4=CC[C@@H]6[C@@]7(C)CC[C@H](O[C@@H]8OC[C@H](O)[C@H](O)[C@H]8O[C@@H]8O[C@@H](C)[C@H](O)[C@@H](O[C@@H]9OC[C@@H](O)[C@@H](O)[C@H]9O)[C@H]8O)C(C)(C)[C@@H]7CC[C@@]6(C)[C@]4(C)CC5)[C@H](O)[C@@H](O)[C@@H]3O)O[C@@H]2CO)[C@H](O)[C@H](O)[C@H]1O,train
CHEMBL1171451,CHEMBL230,4.301029995663981,2010.0,4.301029995663981,C[C@@H]1O[C@@H](O[C@H]2[C@H](O)[C@@H](O)[C@H](OC[C@H]3O[C@@H](OC(=O)[C@]45CCC(C)(C)C[C@H]4C4=CC[C@@H]6[C@@]7(C)CC[C@H](O[C@@H]8OC[C@H](O)[C@H](O)[C@H]8O[C@@H]8O[C@@H](C)[C@H](O)[C@@H](O[C@@H]9OC[C@@H](O)[C@@H](O)[C@H]9O)[C@H]8O)[C@@](C)(CO)[C@@H]7CC[C@@]6(C)[C@]4(C)CC5)[C@H](O)[C@@H](O)[C@@H]3O)O[C@@H]2CO)[C@H](O)[C@H](O)[C@H]1O,train
CHEMBL1171452,CHEMBL230,4.301029995663981,2010.0,4.301029995663981,C[C@@H]1O[C@@H](O[C@H]2[C@H](O)[C@@H](O)[C@H](OC[C@H]3O[C@@H](OC(=O)[C@]45CCC(C)(C)C[C@H]4C4=CC[C@@H]6[C@@]7(C)CC[C@H](O[C@@H]8OC[C@H](O)[C@H](O)[C@H]8O[C@@H]8O[C@@H](C)[C@H](O)[C@@H](O[C@@H]9OC[C@@H](O[C@@H]%10O[C@H](CO)[C@@H](O)[C@H](O)[C@H]%10O)[C@@H](O)[C@H]9O)[C@H]8O)C(C)(C)[C@@H]7CC[C@@]6(C)[C@]4(C)CC5)[C@H](O)[C@@H](O)[C@@H]3O)O[C@@H]2CO)[C@H](O)[C@H](O)[C@H]1O,train
CHEMBL1171453,CHEMBL230,4.301029995663981,2010.0,4.301029995663981,C[C@@H]1O[C@@H](O[C@H]2[C@H](O)[C@@H](O)[C@H](OC[C@H]3O[C@@H](OC(=O)[C@]45CCC(C)(C)C[C@H]4C4=CC[C@@H]6[C@@]7(C)CC[C@H](O[C@@H]8OC[C@H](O)[C@H](O)[C@H]8O[C@@H]8O[C@@H](C)[C@H](O)[C@@H](O[C@@H]9OC[C@@H](O[C@@H]%10O[C@H](CO)[C@@H](O)[C@H](O)[C@H]%10O)[C@@H](O)[C@H]9O)[C@H]8O)[C@@](C)(CO)[C@@H]7CC[C@@]6(C)[C@]4(C)CC5)[C@H](O)[C@@H](O)[C@@H]3O)O[C@@H]2CO)[C@H](O)[C@H](O)[C@H]1O,train
CHEMBL1171454,CHEMBL230,4.301029995663981,2010.0,4.301029995663981,C[C@@H]1O[C@@H](O[C@H]2[C@H](O)[C@@H](O)[C@H](OC[C@H]3O[C@@H](OC(=O)[C@]45CCC(C)(C)C[C@H]4C4=CC[C@@H]6[C@@]7(C)CC[C@H](O[C@@H]8OC[C@H](O)[C@H](O)[C@H]8O[C@@H]8O[C@@H](C)[C@H](O)[C@@H](O[C@@H]9OC[C@@H](O[C@@H]%10O[C@H](CO)[C@@H](O[C@@H]%11O[C@H](CO)[C@@H](O)[C@H](O)[C@H]%11O)[C@H](O)[C@H]%10O)[C@@H](O)[C@H]9O)[C@H]8O)C(C)(C)[C@@H]7CC[C@@]6(C)[C@]4(C)CC5)[C@H](O)[C@@H](O)[C@@H]3O)O[C@@H]2CO)[C@H](O)[C@H](O)[C@H]1O,val
CHEMBL1171455,CHEMBL230,4.301029995663981,2010.0,4.301029995663981,C[C@@H]1O[C@@H](O[C@H]2[C@H](O)[C@@H](O)[C@H](OC[C@H]3O[C@@H](OC(=O)[C@]45CCC(C)(C)C[C@H]4C4=CC[C@@H]6[C@@]7(C)CC[C@H](O[C@@H]8OC[C@H](O)[C@H](O)[C@H]8O[C@@H]8O[C@@H](C)[C@H](O)[C@@H](O[C@@H]9OC[C@@H](O[C@@H]%10O[C@H](CO)[C@@H](O[C@@H]%11O[C@H](CO)[C@@H](O)[C@H](O)[C@H]%11O)[C@H](O)[C@H]%10O)[C@@H](O)[C@H]9O)[C@H]8O)[C@@](C)(CO)[C@@H]7CC[C@@]6(C)[C@]4(C)CC5)[C@H](O)[C@@H](O)[C@@H]3O)O[C@@H]2CO)[C@H](O)[C@H](O)[C@H]1O,val
CHEMBL117146,CHEMBL230,7.29,2003.0,7.29,CS(=O)(=O)c1ccc(-c2cnc(C#N)n2-c2ccc(F)cc2)cc1,val
CHEMBL1171834,CHEMBL230,4.96,2010.0,4.96,CCCCC(Sc1nc(OCCC2CCCCC2)cc(OCCC2CCCCC2)n1)C(=O)O,train
CHEMBL117295,CHEMBL230,8.1,2003.0,8.1,COc1ccc(-c2c(Cl)ncn2-c2ccc(S(C)(=O)=O)cc2)cc1Cl,val
CHEMBL117306,CHEMBL230,7.38,2003.0,7.38,NS(=O)(=O)c1ccc(-n2cnc(Cl)c2-c2ccc(Cl)nc2)cc1,train
CHEMBL1173450,CHEMBL230,5.05,2010.0,5.05,O=S(=O)([O-])Oc1ccc(/C=C/c2cc(O)cc(O)c2)cc1.[K+],train
CHEMBL1173685,CHEMBL230,5.12,2010.0,5.12,O=S(=O)([O-])Oc1cc(O)cc(/C=C/c2ccc(O)cc2)c1.[K+],train
CHEMBL117491,CHEMBL230,5.0,2003.0,5.0,CS(=O)(=O)c1ccc(-n2cnc(Cl)c2-c2cccnc2)cc1,train
CHEMBL117528,CHEMBL230,7.82,2003.0,7.82,COc1ccc(-c2c(Cl)ncn2-c2ccc(S(C)(=O)=O)cc2)c(F)c1,val
CHEMBL117547,CHEMBL230,7.28,2003.0,7.28,CCSc1ccc(-c2c(Cl)ncn2-c2ccc(S(C)(=O)=O)cc2)cc1,val
CHEMBL117615,CHEMBL230,5.35,1998.0,5.35,CCN(C)C(=O)c1cc(C(C)(C)C)c2c(c1)C(C)(C)CO2,train
CHEMBL117618,CHEMBL230,5.0,2003.0,5.0,CS(=O)(=O)c1ccc(-n2c(-c3ccc(F)cc3)cnc2CO)cc1,val
CHEMBL117650,CHEMBL230,7.55,2003.0,7.55,CS(=O)(=O)c1ccc(-n2cnc(Cl)c2-c2ccccc2F)cc1,val
CHEMBL117682,CHEMBL230,5.05,1998.0,5.05,CC(C)(C)c1cc(-c2csc(N=C(N)N)n2)cc2c1OCC2(C)C,train
CHEMBL117708,CHEMBL230,6.73,2003.0,6.73,CS(=O)(=O)c1ccc(-n2cnc(Cl)c2-c2ccc(N)cc2)cc1,val
CHEMBL117852,CHEMBL230,7.0,2003.0,7.0,CCCc1ccc(-c2c(Cl)ncn2-c2ccc(S(C)(=O)=O)cc2)cc1,val
CHEMBL117855,CHEMBL230,7.41,2003.0,7.41,CC(C)c1ccc(-c2c(Cl)ncn2-c2ccc(S(C)(=O)=O)cc2)cc1,val
CHEMBL117862,CHEMBL230,7.05,2003.0,7.05,COc1ccc(-c2c(Cl)ncn2-c2ccc(S(C)(=O)=O)cc2)cc1F,val
CHEMBL117911,CHEMBL230,7.46,1998.0,7.46,CC(C)(C)c1cc(/C=C\c2cccs2)cc2c1OCC2(C)C,train
CHEMBL117917,CHEMBL230,8.15,2003.0,8.15,CCOc1ccc(-c2c(Cl)ncn2-c2ccc(S(N)(=O)=O)cc2)cc1Cl,val
CHEMBL117946,CHEMBL230,5.0,2003.0,5.0,CS(=O)(=O)c1ccc(-n2c(-c3ccc(F)cc3)cnc2Cl)cc1,val
CHEMBL117947,CHEMBL230,7.7,2003.0,7.7,CCOc1ccc(-c2c(Cl)ncn2-c2ccc(S(N)(=O)=O)cc2)cc1F,val
CHEMBL118,CHEMBL2094253,7.05,2017.0,7.05,Cc1ccc(-c2cc(C(F)(F)F)nn2-c2ccc(S(N)(=O)=O)cc2)cc1,train
CHEMBL118,CHEMBL230,7.1,1997.0,7.1,Cc1ccc(-c2cc(C(F)(F)F)nn2-c2ccc(S(N)(=O)=O)cc2)cc1,train
CHEMBL118064,CHEMBL230,8.05,2003.0,8.05,NS(=O)(=O)c1ccc(-n2cnc(Cl)c2-c2ccccc2)cc1,val
CHEMBL118067,CHEMBL230,5.0,2003.0,5.0,CCOc1cc(OCC)cc(-c2c(Cl)ncn2-c2ccc(S(C)(=O)=O)cc2)c1,val
CHEMBL118081,CHEMBL230,7.89,2003.0,7.89,COc1ccc(-c2c(Cl)ncn2-c2ccc(S(C)(=O)=O)cc2)cc1C,val
CHEMBL118335,CHEMBL230,5.22,1998.0,5.22,CCNC(=O)c1cc(C(C)(C)C)c2c(c1)C(C)(C)CO2,train
CHEMBL118462,CHEMBL2094253,4.85,1995.0,4.85,c1ccc(CNc2nc(-c3ccncc3)nc3ccccc23)cc1,test
CHEMBL118839,CHEMBL230,7.16,1998.0,7.16,CC(C)(C)c1cc(-c2cccs2)cc2c1OCC2(C)C,train
CHEMBL118936,CHEMBL230,6.0,2003.0,6.0,CS(=O)(=O)c1ccc(-c2cnc(C=O)n2-c2ccc(F)cc2)cc1,val
CHEMBL118944,CHEMBL2094253,4.29,1995.0,4.29,c1ccc(CNc2nc(-n3ccnc3)nc3ccccc23)cc1,train
CHEMBL118962,CHEMBL230,6.56,2003.0,6.56,CCOc1ccncc1-c1c(Cl)ncn1-c1ccc(S(C)(=O)=O)cc1,train
CHEMBL119001,CHEMBL230,5.0,2003.0,5.0,CS(=O)(=O)c1ccc(-c2cnc(CF)n2-c2ccc(F)cc2)cc1,val
CHEMBL119002,CHEMBL230,5.0,2003.0,5.0,CS(=O)(=O)c1ccc(-c2cnc(CO)n2-c2ccc(F)cc2)cc1,val
CHEMBL119076,CHEMBL230,5.0,2003.0,5.0,CCCCCc1ncn(-c2ccc(S(C)(=O)=O)cc2)c1-c1ccc(F)cc1,val
CHEMBL119089,CHEMBL230,5.0,2003.0,5.0,CS(=O)(=O)c1ccc(-c2c(Cl)ncn2-c2ccc(F)cc2)cc1,val
CHEMBL119170,CHEMBL230,6.26,1998.0,6.26,CC(C)(C)c1cc(C(=O)NC2CC2)cc2c1OCC2(C)C,train
CHEMBL119418,CHEMBL230,6.6,1998.0,6.6,CCCCCNC(=O)c1cc(C(C)(C)C)c2c(c1)C(C)(C)CO2,train
CHEMBL119433,CHEMBL230,6.0,1998.0,6.0,CN(C(=O)c1cc(C(C)(C)C)c2c(c1)C(C)(C)CO2)C1CC1,train
CHEMBL119472,CHEMBL230,6.66,1998.0,6.66,CCCCNC(=O)c1cc(C(C)(C)C)c2c(c1)C(C)(C)CO2,train
CHEMBL119618,CHEMBL230,5.4,1998.0,5.4,CCCN(C(=O)c1cc(C(C)(C)C)c2c(c1)C(C)(C)CO2)C1CC1,train
CHEMBL119720,CHEMBL230,7.35,1998.0,7.35,Cn1cccc1C(=O)c1cc(C(C)(C)C)c2c(c1)C(C)(C)CO2,test
CHEMBL119841,CHEMBL2094253,4.3,1995.0,4.3,c1ccc(CNc2nc(-c3cccnc3)nc3ccccc23)cc1,train
CHEMBL119852,CHEMBL230,7.19,2003.0,7.19,CS(=O)(=O)c1ccc(-n2cnc(Cl)c2-c2cccc(F)c2)cc1,val
CHEMBL119853,CHEMBL230,5.0,2003.0,5.0,CS(=O)(=O)c1ccc(-c2c(Br)ncn2-c2ccc(F)cc2)cc1,val
CHEMBL1201124,CHEMBL230,5.57,2011.0,5.57,NC(CO)(CO)CO.O=C(c1ccccc1)c1ccc2n1CCC2C(=O)O,test
CHEMBL1204023,CHEMBL230,6.48,2009.0,6.48,Cl.O=S(=O)(Nc1ccncc1NC1CCCCC1)C(F)(F)F,train
CHEMBL1204024,CHEMBL230,5.61,2009.0,5.61,CS(=O)(=O)Nc1ccncc1NC1CCCCC1.Cl.O,train
CHEMBL1204025,CHEMBL230,4.87,2009.0,4.87,CS(=O)(=O)Nc1ccncc1NC1CCCCCC1.Cl,train
CHEMBL120467,CHEMBL230,5.67,2001.0,5.67,Cc1cn2nc(-c3ccc(S(C)(=O)=O)cc3)c(-c3ccc(F)cc3)c2nc1C,train
CHEMBL120608,CHEMBL230,7.92,2001.0,7.92,Cc1ccnc2c(-c3ccc(F)cc3)c(-c3ccc(S(C)(=O)=O)cc3)nn12,train
CHEMBL1206690,CHEMBL230,8.3,2019.0,8.3,CCC(=O)NS(=O)(=O)c1ccc(-c2c(-c3ccccc3)noc2C)cc1,train
CHEMBL1210017,CHEMBL230,5.21,2010.0,5.21,N.NS(=O)(=O)c1ccc(-n2nc(C(F)(F)F)cc2-c2ccc(/[N+]([O-])=N\O)cc2)cc1,train
CHEMBL1210018,CHEMBL230,5.8,2010.0,5.8,CO/N=[N+](/[O-])c1ccc(-c2cc(C(F)(F)F)nn2-c2ccc(S(C)(=O)=O)cc2)cc1,train
CHEMBL1210072,CHEMBL230,5.41,2010.0,5.41,CO/N=[N+](/[O-])c1ccc(-c2cc(C(F)(F)F)nn2-c2ccc(S(N)(=O)=O)cc2)cc1,train
CHEMBL1210073,CHEMBL230,4.84,2010.0,4.84,CC(=O)OC(C)O/N=[N+](/[O-])c1ccc(-c2cc(C(F)(F)F)nn2-c2ccc(S(C)(=O)=O)cc2)cc1,train
CHEMBL1210074,CHEMBL230,5.48,2010.0,5.48,CC(=O)OC(C)O/N=[N+](/[O-])c1ccc(-c2cc(C(F)(F)F)nn2-c2ccc(S(N)(=O)=O)cc2)cc1,train
CHEMBL1210423,CHEMBL230,4.0,2010.0,4.0,COc1cnc(-c2ccc(Cn3c(CC(C)(C)C(=O)[O-])c(SC(C)(C)C)c4cc(OCc5ccc(C)cn5)ccc43)cc2)nc1.[Na+],train
CHEMBL12131,CHEMBL230,5.74,,5.74,Cc1cc(C(C#N)c2ccc(Cl)cc2)c(Cl)cc1NC(=O)c1cc(I)cc(I)c1O,val
CHEMBL121626,CHEMBL230,6.06,2021.0,6.06,Cc1c(Cl)cccc1Nc1ccccc1C(=O)O,train
CHEMBL122,CHEMBL230,6.475,1999.0,6.475,CS(=O)(=O)c1ccc(C2=C(c3ccccc3)C(=O)OC2)cc1,train
CHEMBL122065,CHEMBL230,6.02,1998.0,6.02,CCCNC(=O)c1cc(C(C)(C)C)c2c(c1)C(C)(C)CO2,train
CHEMBL1221677,CHEMBL230,4.859999999999999,2010.0,4.859999999999999,CC/C(=C(\c1ccccc1)c1ccc(O)cc1)c1ccc(S(C)(=O)=O)cc1,train
CHEMBL1221678,CHEMBL230,4.93,2010.0,4.93,CCCC/C(=C(\c1ccccc1)c1ccc(O)cc1)c1ccc(S(C)(=O)=O)cc1,train
CHEMBL1221727,CHEMBL230,4.97,2010.0,4.97,CC/C(=C(\c1ccccc1)c1ccc(OC)cc1)c1ccc(S(C)(=O)=O)cc1,train
CHEMBL1221728,CHEMBL230,5.11,2010.0,5.11,CCCC/C(=C(\c1ccccc1)c1ccc(OC)cc1)c1ccc(S(C)(=O)=O)cc1,train
CHEMBL1221729,CHEMBL230,4.65,2010.0,4.65,CCCC/C(=C(\c1ccccc1)c1ccc(OCCF)cc1)c1ccc(S(C)(=O)=O)cc1,train
CHEMBL1221730,CHEMBL230,5.91,2010.0,5.91,CCC(=C(c1ccccc1)c1ccccc1)c1ccc(S(C)(=O)=O)cc1,train
CHEMBL1221731,CHEMBL230,7.85,2010.0,7.85,CCCCC(=C(c1ccccc1)c1ccccc1)c1ccc(S(C)(=O)=O)cc1,train
CHEMBL1221795,CHEMBL230,4.0,2010.0,4.0,CS(=O)(=O)c1ccc(C(CCF)=C(c2ccccc2)c2ccccc2)cc1,train
CHEMBL122193,CHEMBL2094253,6.1,2015.0,6.1,CC(C)(C)c1cc(-c2n[nH]c(=S)s2)cc(C(C)(C)C)c1O.C[N+](C)(C)CCO,train
CHEMBL122357,CHEMBL230,6.57,2001.0,6.57,Cc1cnc2c(-c3ccc(F)cc3)c(-c3ccc(S(C)(=O)=O)cc3)nn2c1,train
CHEMBL122397,CHEMBL230,7.0,2021.0,7.0,CCCCCCNC(=O)c1cc(NCc2cc(O)ccc2O)ccc1O,test
CHEMBL122890,CHEMBL230,5.47,2005.0,5.47,C=CCSS/C=C/C[S+]([O-])CC=C,train
CHEMBL1230209,CHEMBL230,7.21,2010.0,7.21,CC(C)(C)c1cc2c(cc1Cl)C=C(C(=O)O)[C@@H](C(F)(F)F)O2,train
CHEMBL1230348,CHEMBL230,8.004999999999999,2010.0,8.004999999999999,O=C(O)C1=Cc2cc(Cl)cc(Cl)c2O[C@@H]1C(F)(F)F,train
CHEMBL1232083,CHEMBL230,7.552841968657781,2010.0,7.552841968657781,CC(C)COc1c(Cl)cc2c(c1Cl)O[C@@H](C(F)(F)F)C(C(=O)O)=C2,train
CHEMBL1232461,CHEMBL230,4.0,2011.0,4.0,CCNC(=O)C[C@@H]1N=C(c2ccc(Cl)cc2)c2cc(OC)ccc2-n2c(C)nnc21,test
CHEMBL1235806,CHEMBL230,7.664999999999999,2015.0,7.664999999999999,NS(=O)(=O)c1ccc(-n2nc(C(F)(F)F)cc2-c2ccc(Br)cc2)cc1,train
CHEMBL123700,CHEMBL230,6.3,2001.0,6.3,Cc1ccn2nc(-c3ccc(S(C)(=O)=O)cc3)c(-c3ccc(F)cc3)c2n1,train
CHEMBL1240658,CHEMBL230,3.0,2010.0,3.0,CCCC(=O)N/N=C/c1coc2ccccc2c1=O,test
CHEMBL1241822,CHEMBL230,3.0956523816958255,2010.0,3.0956523816958255,O=C(N/N=C/c1coc2ccccc2c1=O)c1ccccc1,train
CHEMBL1241823,CHEMBL230,3.6910302918217504,2010.0,3.6910302918217504,Cc1ccc(S(=O)(=O)N/N=C/c2coc3ccccc3c2=O)cc1,val
CHEMBL124188,CHEMBL230,5.18,2004.0,5.18,Cc1cc(=O)c(C(C)C)c(-c2ccc(S(C)(=O)=O)cc2)o1,test
CHEMBL1241992,CHEMBL230,4.41,2011.0,4.41,Cc1c(CC(=O)O)c2ccccc2n1C(=O)c1ccc(Cl)cc1,train
CHEMBL1242095,CHEMBL230,6.4,2011.0,6.4,CC(=O)c1c(O)cc(O)c(C/C=C(\C)CCC=C(C)C)c1O,train
CHEMBL1242275,CHEMBL230,5.82,2014.0,5.82,c1ccc(-c2nnc(-c3cn(-c4ccccc4)nc3-c3ccccc3)o2)cc1,train
CHEMBL1242276,CHEMBL230,5.33,2014.0,5.33,Clc1ccc(-c2nn(-c3ccccc3)cc2-c2nnc(-c3ccccc3)o2)cc1,train
CHEMBL1242364,CHEMBL230,5.19,2014.0,5.19,Fc1ccc(-c2nn(-c3ccccc3)cc2-c2nnc(-c3ccccc3)o2)cc1,train
CHEMBL1242365,CHEMBL230,4.0,2014.0,4.0,Brc1ccc(-c2nn(-c3ccccc3)cc2-c2nnc(-c3ccccc3)o2)cc1,train
CHEMBL1242459,CHEMBL230,4.6,2014.0,4.6,Cc1ccc(-c2nn(-c3ccccc3)cc2-c2nnc(-c3ccccc3)o2)cc1,train
CHEMBL1242460,CHEMBL230,4.0,2014.0,4.0,COc1ccc(-c2nn(-c3ccccc3)cc2-c2nnc(-c3ccccc3)o2)cc1,train
CHEMBL1242554,CHEMBL230,6.51,2014.0,6.51,O=[N+]([O-])c1ccc(-c2nn(-c3ccccc3)cc2-c2nnc(-c3ccccc3)o2)cc1,train
CHEMBL12532,CHEMBL230,6.82,1999.0,6.82,CSc1nnc(-c2cc(C(C)(C)C)c(O)c(C(C)(C)C)c2)s1,train
CHEMBL125460,CHEMBL230,6.82,2004.0,6.82,Cc1cc(=O)c(Oc2ccc(Br)cc2F)c(-c2ccc(S(C)(=O)=O)cc2)o1,train
CHEMBL125682,CHEMBL230,5.47,2004.0,5.47,Cc1cc(=O)c(Oc2ccc(Cl)c(Cl)c2)c(-c2ccc(S(C)(=O)=O)cc2)o1,train
CHEMBL1257225,CHEMBL230,4.0,2010.0,4.0,COc1ccc2c(c1)c(CC(=O)O)c(C)n2CC1=CCC(=O)N(C(F)F)C1,train
CHEMBL1258844,CHEMBL230,4.0,2010.0,4.0,COc1ccc2c(c1)c(CC(=O)O)c(C)n2C(=O)c1ccn(C(F)F)c(=O)c1,train
CHEMBL1258959,CHEMBL230,4.0,2010.0,4.0,COc1ccc2c(c1)c(CC(=O)O)c(C)n2C(=O)C1=CCC(=O)N(C(F)F)C1,train
CHEMBL1258960,CHEMBL230,4.51,2010.0,4.51,COc1ccc2c(c1)c(CC(=O)O)c(C)n2Cc1ccn(C(F)F)c(=O)c1,train
CHEMBL126244,CHEMBL230,5.47,2004.0,5.47,Cc1cc(=O)c(-c2cccc(F)c2)c(-c2ccc(S(C)(=O)=O)cc2)o1,test
CHEMBL126303,CHEMBL230,6.77,2004.0,6.77,Cc1cc(=O)c(Oc2ccccc2C)c(-c2ccc(S(C)(=O)=O)cc2)o1,train
CHEMBL126345,CHEMBL230,4.14,1995.0,4.14,CS(=O)(=O)c1ccc(-c2[nH]c(SC#N)cc2-c2ccc(F)cc2)cc1,test
CHEMBL126364,CHEMBL230,5.19,2004.0,5.19,Cc1cc(=O)c(Cc2ccccc2)c(-c2ccc(S(C)(=O)=O)cc2)o1,train
CHEMBL126369,CHEMBL230,6.75,2004.0,6.75,COc1ccc(Oc2c(-c3ccc(S(C)(=O)=O)cc3)oc(C)cc2=O)c(Cl)c1,train
CHEMBL126392,CHEMBL230,5.82,2004.0,5.82,Cc1cc(=O)c(-c2ccccc2F)c(-c2ccc(S(C)(=O)=O)cc2)o1,test
CHEMBL126404,CHEMBL230,5.87,2004.0,5.87,Cc1cccc(Oc2c(-c3ccc(S(C)(=O)=O)cc3)oc(C)cc2=O)c1,train
CHEMBL126418,CHEMBL230,4.4,1995.0,4.4,CS(=O)(=O)c1ccc(-c2[nH]c(Br)cc2-c2ccc(F)cc2)cc1,test
CHEMBL126578,CHEMBL230,5.66,2004.0,5.66,Cc1ccc(-c2c(-c3ccc(S(C)(=O)=O)cc3)oc(C)cc2=O)cc1,test
CHEMBL126629,CHEMBL230,5.67,2004.0,5.67,Cc1cc(=O)c(-c2ccc(Cl)cc2)c(-c2ccc(S(C)(=O)=O)cc2)o1,test
CHEMBL126683,CHEMBL230,6.39,2004.0,6.39,Cc1cc(=O)c(Oc2ccc(I)cc2)c(-c2ccc(S(C)(=O)=O)cc2)o1,train
CHEMBL126743,CHEMBL230,5.0,2004.0,5.0,Cc1cc(=O)c(Oc2ccc(C(F)(F)C(F)(F)F)cc2)c(-c2ccc(S(C)(=O)=O)cc2)o1,train
CHEMBL126808,CHEMBL230,3.5228787452803374,1995.0,3.5228787452803374,CC(=O)n1c(Br)cc(-c2ccc(F)cc2)c1-c1ccc(S(C)(=O)=O)cc1,test
CHEMBL126810,CHEMBL230,5.95,2004.0,5.95,Cc1cc(=O)c(-c2ccc(F)cc2F)c(-c2ccc(S(C)(=O)=O)cc2)o1,test
CHEMBL126967,CHEMBL230,3.5228787452803374,1995.0,3.5228787452803374,CS(=O)(=O)c1ccc(-c2[nH]c(I)c(I)c2-c2ccc(F)cc2)cc1,test
CHEMBL126979,CHEMBL230,5.69,2004.0,5.69,Cc1cc(=O)c(-c2ccc(Cl)cc2F)c(-c2ccc(S(C)(=O)=O)cc2)o1,test
CHEMBL126991,CHEMBL230,6.72,2004.0,6.72,Cc1cc(=O)c(Oc2ccc(Cl)cc2C)c(-c2ccc(S(C)(=O)=O)cc2)o1,train
CHEMBL127084,CHEMBL230,6.01,2004.0,6.01,Cc1cc(=O)c(Oc2ccc(F)cc2)c(-c2ccc(S(C)(=O)=O)cc2)o1,train
CHEMBL127120,CHEMBL230,4.04,1995.0,4.04,CS(=O)(=O)c1ccc(-c2[nH]c(I)cc2-c2ccc(F)cc2)cc1,test
CHEMBL127125,CHEMBL230,6.0,2004.0,6.0,Cc1cc(=O)c(Oc2ccccc2)c(-c2ccc(S(C)(=O)=O)cc2)o1,train
CHEMBL1271476,CHEMBL230,4.0,2010.0,4.0,CCc1cccc(NC(=O)Nc2cccn(Cc3ccccc3Cl)c2=O)c1,train
CHEMBL127153,CHEMBL230,6.62,2004.0,6.62,Cc1ccc(Oc2c(-c3ccc(S(C)(=O)=O)cc3)oc(C)cc2=O)c(Cl)c1,train
CHEMBL127190,CHEMBL230,6.17,2004.0,6.17,Cc1cc(=O)c(-c2ccc(Cl)c(Cl)c2)c(-c2ccc(S(C)(=O)=O)cc2)o1,test
CHEMBL127203,CHEMBL230,4.25,1995.0,4.25,Cn1c(Br)c(Br)c(-c2ccc(F)cc2)c1-c1ccc(S(C)(=O)=O)cc1,test
CHEMBL127210,CHEMBL230,5.35,2004.0,5.35,Cc1cc(=O)c(Oc2ccc(F)c(F)c2)c(-c2ccc(S(C)(=O)=O)cc2)o1,train
CHEMBL127211,CHEMBL230,7.1,2004.0,7.1,Cc1cc(=O)c(Oc2ccc(F)cc2F)c(-c2ccc(S(C)(=O)=O)cc2)o1,train
CHEMBL127267,CHEMBL230,5.01,2004.0,5.01,Cc1cc(=O)c(-c2ccc(S(C)(=O)=O)cc2)c(-c2ccc(F)cc2)o1,test
CHEMBL127268,CHEMBL230,5.74,2004.0,5.74,Cc1cc(=O)c(-c2ccccc2)c(-c2ccc(S(C)(=O)=O)cc2)o1,test
CHEMBL127494,CHEMBL230,4.6,1995.0,4.6,Cn1c(Cl)c(Cl)c(-c2ccc(F)cc2)c1-c1ccc(S(C)(=O)=O)cc1,test
CHEMBL127514,CHEMBL230,6.44,2004.0,6.44,Cc1cc(=O)c(Oc2ccc(Br)cc2)c(-c2ccc(S(C)(=O)=O)cc2)o1,train
CHEMBL127560,CHEMBL230,5.725,2004.0,5.725,Cc1cc(=O)c(Oc2ccc(OC(F)(F)F)cc2)c(-c2ccc(S(C)(=O)=O)cc2)o1,train
CHEMBL1275921,CHEMBL230,4.845,2010.0,4.845,CC(C(=O)[O-])c1ccc(CC2CCCC2=O)cc1F.[Na+],train
CHEMBL1275940,CHEMBL230,4.1850000000000005,2010.0,4.1850000000000005,CC(C(=O)[O-])c1ccc(CC2CCCC2=O)cc1Br.[Na+],train
CHEMBL1275941,CHEMBL230,4.91,2010.0,4.91,CC(C(=O)O)c1ccc(C[C@@H]2CCC[C@@H]2O)cc1,test
CHEMBL1275942,CHEMBL230,5.62,2010.0,5.62,CC(C(=O)O)c1ccc(C[C@H]2CCC[C@@H]2O)cc1,test
CHEMBL1275970,CHEMBL230,4.32,2010.0,4.32,CC(C(=O)O)c1ccc(C[C@@H]2CCC[C@@H]2O)cc1F,test
CHEMBL1275971,CHEMBL230,4.47,2010.0,4.47,CC(C(=O)O)c1ccc(C[C@@H]2CCC[C@@H]2O)cc1Br,test
CHEMBL1275972,CHEMBL230,5.51,2010.0,5.51,CC(C(=O)O)c1ccc(C[C@H]2CCC[C@@H]2O)cc1F,test
CHEMBL1276001,CHEMBL230,5.07,2010.0,5.07,CC(C(=O)O)c1ccc(C[C@H]2CCC[C@@H]2O)cc1Br,test
CHEMBL127642,CHEMBL230,3.525492360883024,1995.0,3.525492360883024,CS(=O)(=O)c1ccc(-c2[nH]c(C(=O)C(F)(F)F)cc2-c2ccc(F)cc2)cc1,test
CHEMBL127674,CHEMBL230,8.52,1994.0,8.52,Cc1ccc(C2=C(c3ccc(S(C)(=O)=O)cc3)CCC2)cc1,test
CHEMBL127868,CHEMBL230,6.68,2004.0,6.68,Cc1ccc(Oc2c(-c3ccc(S(C)(=O)=O)cc3)oc(C)cc2=O)cc1,train
CHEMBL128000,CHEMBL2094253,3.9208187539523753,1993.0,3.9208187539523753,O=C(/C=C/c1ccc(O)c(O)c1)c1ccc(O)cc1O,train
CHEMBL128012,CHEMBL2094253,4.15,1993.0,4.15,O=C(/C=C/c1ccc(O)c(O)c1)c1ccccc1Cl,train
CHEMBL1288467,CHEMBL230,6.5,2010.0,6.5,O=C(O)C1=Cc2cc(Cl)ccc2OC1C(F)(F)F,train
CHEMBL1288468,CHEMBL230,5.8,2010.0,5.8,Cc1ccc2c(c1)C=C(C(=O)O)C(C(F)(F)F)O2,train
CHEMBL1288469,CHEMBL230,6.14,2010.0,6.14,O=Cc1ccc2c(c1)C=C(C(=O)O)C(C(F)(F)F)O2,train
CHEMBL1288533,CHEMBL230,8.26,2010.0,8.26,O=C(O)C1=Cc2c(ccc(Cl)c2Cl)OC1C(F)(F)F,train
CHEMBL1288537,CHEMBL230,4.0,2010.0,4.0,COc1ccc2c(c1)C=C(C(=O)O)C(C(F)(F)F)O2,train
CHEMBL1288538,CHEMBL230,7.14,2010.0,7.14,C#Cc1ccc2c(c1)C=C(C(=O)O)C(C(F)(F)F)O2,train
CHEMBL1288539,CHEMBL230,6.48,2010.0,6.48,CCc1ccc2c(c1)C=C(C(=O)O)C(C(F)(F)F)O2,train
CHEMBL1288554,CHEMBL230,7.21,2010.0,7.21,O=C(O)C1=Cc2cc(Cl)c(Cl)cc2OC1C(F)(F)F,train
CHEMBL1288555,CHEMBL230,6.52,2010.0,6.52,O=C(O)C1=Cc2cc(Cl)cc(Cl)c2OC1C(F)(F)F,train
CHEMBL1288556,CHEMBL230,4.92,2010.0,4.92,O=C(O)C1=Cc2c(Cl)cc(Cl)cc2OC1C(F)(F)F,train
CHEMBL1288564,CHEMBL230,6.96,2010.0,6.96,N#Cc1ccc2c(c1)C=C(C(=O)O)C(C(F)(F)F)O2,train
CHEMBL1288565,CHEMBL230,7.1850000000000005,2010.0,7.1850000000000005,Cc1cc(Cl)cc2c1OC(C(F)(F)F)C(C(=O)O)=C2,train
CHEMBL1288566,CHEMBL230,6.915,2010.0,6.915,Cc1cc(Cl)c2c(c1)C=C(C(=O)O)C(C(F)(F)F)O2,train
CHEMBL1288590,CHEMBL230,7.0,2010.0,7.0,O=C(O)C1=Cc2c(Cl)ccc(Cl)c2OC1C(F)(F)F,train
CHEMBL1288591,CHEMBL230,3.5228787452803374,2010.0,3.5228787452803374,O=C(O)C1=Cc2ccc(Cl)c(Cl)c2OC1C(F)(F)F,train
CHEMBL1288592,CHEMBL230,8.22,2010.0,8.22,O=C(O)C1=Cc2c(cc(Cl)c(Cl)c2Cl)OC1C(F)(F)F,train
CHEMBL1288600,CHEMBL230,6.809894379144197,2010.0,6.809894379144197,Cc1cc(C)c2c(c1)C=C(C(=O)O)C(C(F)(F)F)O2,train
CHEMBL1288601,CHEMBL230,6.62,2010.0,6.62,COc1cc(Cl)c2c(c1)C=C(C(=O)O)C(C(F)(F)F)O2,train
CHEMBL1288602,CHEMBL230,5.48,2010.0,5.48,COc1cc(C)cc2c1OC(C(F)(F)F)C(C(=O)O)=C2,train
CHEMBL1288617,CHEMBL230,7.37,2010.0,7.37,O=C(O)C1=Cc2cc(Cl)c(Cl)c(Cl)c2OC1C(F)(F)F,train
CHEMBL1288618,CHEMBL230,7.75,2010.0,7.75,C=Cc1cc(Cl)cc2c1OC(C(F)(F)F)C(C(=O)O)=C2,train
CHEMBL1288619,CHEMBL230,7.37,2010.0,7.37,C#Cc1cc(Cl)cc2c1OC(C(F)(F)F)C(C(=O)O)=C2,train
CHEMBL1288640,CHEMBL230,7.58,2010.0,7.58,C#Cc1cc(Cl)c2c(c1)C=C(C(=O)O)C(C(F)(F)F)O2,train
CHEMBL1288641,CHEMBL230,6.57,2010.0,6.57,CCc1cc(C)c2c(c1)C=C(C(=O)O)C(C(F)(F)F)O2,train
CHEMBL1288642,CHEMBL230,5.89,2010.0,5.89,Cc1cc2c(c(C)c1Cl)C=C(C(=O)O)[C@H](C(F)(F)F)O2,train
CHEMBL1288695,CHEMBL230,7.52,2010.0,7.52,Cc1c(Cl)cc2c(c1C)O[C@H](C(F)(F)F)C(C(=O)O)=C2,train
CHEMBL1288696,CHEMBL230,4.0,2010.0,4.0,Cc1c(Cl)cc2c(c1C)O[C@@H](C(F)(F)F)C(C(=O)O)=C2,train
CHEMBL1288697,CHEMBL230,6.54,2010.0,6.54,Cc1cc(C)c2c(c1)C=C(C(=O)O)[C@@H](C(F)(F)F)O2,train
CHEMBL1288728,CHEMBL230,7.34,2010.0,7.34,Cc1cc2c(c(C)c1Cl)C=C(C(=O)O)[C@@H](C(F)(F)F)O2,train
CHEMBL1288730,CHEMBL230,6.68,2010.0,6.68,Cc1cc(Cl)c(C)c2c1OC(C(F)(F)F)C(C(=O)O)=C2,train
CHEMBL1288771,CHEMBL230,7.025,2010.0,7.025,Cc1cc2c(c(C)c1Cl)C=C(C(=O)O)C(C(F)(F)F)O2,train
CHEMBL1288772,CHEMBL230,6.92,2010.0,6.92,Cc1c(Cl)cc2c(c1C)OC(C(F)(F)F)C(C(=O)O)=C2,train
CHEMBL1289128,CHEMBL230,5.77,2010.0,5.77,CCCc1cc(OC(F)(F)F)cc2c1O[C@@H](C(F)(F)F)C(C(=O)O)=C2,train
CHEMBL1289129,CHEMBL230,7.38,2010.0,7.38,CCCc1cc(OC(F)(F)F)cc2c1O[C@H](C(F)(F)F)C(C(=O)O)=C2,train
CHEMBL129021,CHEMBL230,6.82,2003.0,6.82,COc1ccc(-c2cc(C(F)(F)F)nn2-c2ccc(S(N)(=O)=O)cc2F)cc1,train
CHEMBL1290320,CHEMBL230,6.845000000000001,2010.0,6.845000000000001,O=C(O)C1=Cc2cc(Cl)cc(-c3ccccc3)c2OC1C(F)(F)F,val
CHEMBL1290321,CHEMBL230,6.85,2010.0,6.85,O=C(O)C1=Cc2cc(Cl)cc(C#Cc3ccccc3)c2OC1C(F)(F)F,train
CHEMBL1290433,CHEMBL230,6.12,2010.0,6.12,NS(=O)(=O)c1ccc(-c2cc(Cl)cc3c2OC(C(F)(F)F)C(C(=O)O)=C3)cc1,val
CHEMBL1290434,CHEMBL230,4.73,2010.0,4.73,NS(=O)(=O)c1ccc(C#Cc2cc(Cl)cc3c2OC(C(F)(F)F)C(C(=O)O)=C3)cc1,train
CHEMBL1290459,CHEMBL230,7.54,2010.0,7.54,O=C(O)C1=Cc2cc(OC(F)(F)F)ccc2OC1C(F)(F)F,train
CHEMBL1290563,CHEMBL230,7.39,2010.0,7.39,O=C(O)C1=Cc2cc(C(F)(F)F)ccc2OC1C(F)(F)F,train
CHEMBL1290564,CHEMBL230,7.8,2010.0,7.8,Cc1cc(OC(F)(F)F)cc2c1OC(C(F)(F)F)C(C(=O)O)=C2,train
CHEMBL1290565,CHEMBL230,7.22,2010.0,7.22,CCc1cc(OC(F)(F)F)cc2c1OC(C(F)(F)F)C(C(=O)O)=C2,train
CHEMBL1290682,CHEMBL230,7.37,2010.0,7.37,CCCc1cc(OC(F)(F)F)cc2c1OC(C(F)(F)F)C(C(=O)O)=C2,train
CHEMBL1290683,CHEMBL230,6.17,2010.0,6.17,COc1cc(OC(F)(F)F)cc2c1OC(C(F)(F)F)C(C(=O)O)=C2,train
CHEMBL1290684,CHEMBL230,7.22,2010.0,7.22,CCc1cc(OC(F)(F)F)cc2c1O[C@H](C(F)(F)F)C(C(=O)O)=C2,train
CHEMBL1290801,CHEMBL230,4.0,2010.0,4.0,Cc1cc(OC(F)(F)F)cc2c1O[C@@H](C(F)(F)F)C(C(=O)O)=C2,train
CHEMBL1290802,CHEMBL230,7.85,2010.0,7.85,Cc1cc(OC(F)(F)F)cc2c1O[C@H](C(F)(F)F)C(C(=O)O)=C2,train
CHEMBL1290803,CHEMBL230,6.07,2010.0,6.07,CCc1cc(OC(F)(F)F)cc2c1O[C@@H](C(F)(F)F)C(C(=O)O)=C2,train
CHEMBL129215,CHEMBL230,4.19,1994.0,4.19,CCC1(CC)CC(c2ccc(F)cc2)=C(c2ccc(S(C)(=O)=O)cc2)C1,test
CHEMBL129299,CHEMBL230,5.0,2004.0,5.0,Cc1cc(=O)c(Oc2ccc(C(=O)O)cc2)c(-c2ccc(S(C)(=O)=O)cc2)o1,train
CHEMBL129308,CHEMBL230,4.7,1995.0,4.7,Cn1ccc(-c2ccc(F)cc2)c1-c1ccc(S(C)(=O)=O)cc1,test
CHEMBL129473,CHEMBL230,5.4,2004.0,5.4,Cc1cc(=O)c(Oc2ccc([N+](=O)[O-])cc2)c(-c2ccc(S(C)(=O)=O)cc2)o1,train
CHEMBL12952,CHEMBL230,6.55,2015.0,6.55,COc1ccc2cc(C(C)C(=O)O)ccc2c1,train
CHEMBL129613,CHEMBL230,5.16,2004.0,5.16,Cc1cc(=O)c(-c2ccc(C(F)(F)F)cc2)c(-c2ccc(S(C)(=O)=O)cc2)o1,test
CHEMBL129640,CHEMBL230,6.75,2004.0,6.75,Cc1cc(=O)c(Oc2ccc(F)cc2C)c(-c2ccc(S(C)(=O)=O)cc2)o1,train
CHEMBL129795,CHEMBL2094253,3.886056647693163,1993.0,3.886056647693163,O=C(/C=C/c1ccc(O)cc1)c1ccc(O)cc1O,train
CHEMBL129861,CHEMBL230,4.45,1995.0,4.45,Cn1c(Br)cc(-c2ccc(F)cc2)c1-c1ccc(S(C)(=O)=O)cc1,test
CHEMBL130640,CHEMBL2094253,4.2,1993.0,4.2,COc1cc(/C=C/C(=O)c2ccccc2O)ccc1O,train
CHEMBL1316,CHEMBL230,6.99,2001.0,6.99,CC(C(=O)O)c1ccc2c(c1)[nH]c1ccc(Cl)cc12,train
CHEMBL131820,CHEMBL230,4.94,2020.0,4.94,COc1ccc(-c2nc3c(C(N)=O)cccc3[nH]2)cc1,train
CHEMBL1322701,CHEMBL230,7.2,2019.0,7.2,O=C(Nc1ccccc1)Nc1nnc(-c2ccccc2)o1,train
CHEMBL1333512,CHEMBL230,6.24,,6.24,c1ccc(Nc2ccc(Nc3ccccc3)cc2)cc1,train
CHEMBL1352020,CHEMBL230,4.0,2021.0,4.0,CCc1ccc(CSc2nccn2-c2ccccc2)cc1,train
CHEMBL13623,CHEMBL230,6.66,1998.0,6.66,CC(C)(C)c1cc(C(=O)CCCC2CC2)cc2c1OCC2(C)C,train
CHEMBL13661,CHEMBL230,7.4,1998.0,7.4,CCCCC(=O)c1cc(C(C)(C)C)c2c(c1)C(C)(C)CO2,train
CHEMBL1370630,CHEMBL230,4.0,2016.0,4.0,COc1ccc(C2CC(c3ccccc3)=NN2c2ccc(S(N)(=O)=O)cc2)cc1,train
CHEMBL1380054,CHEMBL230,7.77,2022.0,7.77,O=Cc1cn(-c2ccccc2)nc1-c1ccccc1,train
CHEMBL138191,CHEMBL230,6.3,2004.0,6.3,C[S+]([O-])c1ccc(C(Nc2cccnc2)C(=O)c2ccc(F)cc2)cc1,train
CHEMBL13878,CHEMBL230,7.0,1998.0,7.0,C#CCCCC(=O)c1cc(C(C)(C)C)c(O)c(C(C)(C)C)c1,train
CHEMBL1388,CHEMBL230,5.43,,5.43,Oc1ccc(OCc2ccccc2)cc1,train
CHEMBL139,CHEMBL230,7.23,1999.0,7.23,O=C(O)Cc1ccccc1Nc1c(Cl)cccc1Cl,train
CHEMBL1390514,CHEMBL230,4.0,2021.0,4.0,FC(F)(F)c1ccc(CSc2nccn2-c2ccccc2)cc1,train
CHEMBL13920,CHEMBL230,7.82,1998.0,7.82,C#CCCCC(=O)c1cc(C(C)(C)C)c2c(c1)C(C)(C)CO2,train
CHEMBL13980,CHEMBL230,7.02,1998.0,7.02,CCCC(=O)c1cc(C(C)(C)C)c2c(c1)C(C)(C)CO2,train
CHEMBL13988,CHEMBL230,6.6,1998.0,6.6,CC(C)(C)c1cc(C(=O)/C=C/CC2CC2)cc2c1OCC2(C)C,val
CHEMBL140,CHEMBL230,4.529999999999999,2005.0,4.529999999999999,COc1cc(/C=C/C(=O)CC(=O)/C=C/c2ccc(O)c(OC)c2)ccc1O,train
CHEMBL140167,CHEMBL230,9.92,2000.0,9.92,Fc1ccc(-c2[nH]c(-c3ccc(F)cc3)c3c2C2CCC3CC2)cc1,train
CHEMBL141113,CHEMBL230,5.68,2004.0,5.68,C[S+]([O-])c1ccc(C(Nc2nccs2)C(=O)c2ccc(F)cc2)cc1,test
CHEMBL14266,CHEMBL230,5.6,1998.0,5.6,CN(CC(=O)c1cc(C(C)(C)C)c2c(c1)C(C)(C)CO2)CC1CC1,train
CHEMBL143113,CHEMBL230,4.6,1998.0,4.6,C#CCSc1ccccc1OC(C)=O,train
CHEMBL143339,CHEMBL230,5.7,1998.0,5.7,CCCCCCCSc1ccccc1OC(C)=O,train
CHEMBL143340,CHEMBL230,4.3979400086720375,1998.0,4.3979400086720375,CCCCC#CCOc1ccccc1OC(C)=O,train
CHEMBL143776,CHEMBL230,10.1,2000.0,10.1,Fc1ccc(-c2[nH]c(-c3ccc(F)cc3)c3c2C2CCC3C2)cc1,test
CHEMBL143781,CHEMBL230,7.0,1995.0,7.0,CS(=O)(=O)Nc1cc2c(cc1Sc1c(F)cccc1F)C(=O)CC2,train
CHEMBL143962,CHEMBL230,4.3979400086720375,1998.0,4.3979400086720375,CCCCCCCCCSc1ccccc1OC(C)=O,train
CHEMBL144013,CHEMBL230,7.4,1995.0,7.4,O=C1CCc2cc(NS(=O)(=O)C(F)(F)F)c(Sc3ccc(F)cc3F)cc21,train
CHEMBL144100,CHEMBL230,6.0,1995.0,6.0,CS(=O)(=O)Nc1cc2c(cc1Sc1cccs1)C(=O)CC2,train
CHEMBL14420,CHEMBL230,7.0,1998.0,7.0,CC(C)(Cl)CC(=O)c1cc(C(C)(C)C)c2c(c1)C(C)(C)CO2,train
CHEMBL144218,CHEMBL230,5.46,1998.0,5.46,CCCCCCSc1ccccc1OC(C)=O,train
CHEMBL144232,CHEMBL230,4.7,1998.0,4.7,CC#CCSc1ccccc1OC(C)=O,train
CHEMBL144281,CHEMBL230,3.4436974992327127,1998.0,3.4436974992327127,CSc1ccccc1OC(=O)CCl,train
CHEMBL144317,CHEMBL230,5.0,1995.0,5.0,O=C1CCc2cc(NC(=O)C(F)(F)F)c(Sc3ccc(F)cc3F)cc21,train
CHEMBL144414,CHEMBL230,4.301029995663981,1998.0,4.301029995663981,CC(=O)Oc1ccccc1SCCCCC#N,train
CHEMBL144441,CHEMBL230,6.0,1995.0,6.0,CS(=O)(=O)Nc1cc2c(cc1OC1CCCC1)C(=O)CC2,train
CHEMBL144515,CHEMBL230,5.16,1998.0,5.16,CCCCC#CC(C)Sc1ccccc1OC(C)=O,train
CHEMBL144533,CHEMBL230,4.92,1998.0,4.92,CC(=O)Oc1ccccc1SCCCCCCBr,train
CHEMBL144547,CHEMBL230,4.58,1998.0,4.58,CCCCC#CCSc1ccccc1OC(=O)CBr,train
CHEMBL144658,CHEMBL230,4.47,1998.0,4.47,CCCCSc1ccccc1OC(C)=O,train
CHEMBL144675,CHEMBL230,7.0,1995.0,7.0,Cc1ccccc1Sc1cc2c(cc1NS(C)(=O)=O)CCC2=O,train
CHEMBL144728,CHEMBL230,8.0,1995.0,8.0,CS(=O)(=O)Nc1cc2c(cc1Sc1ccc(Br)cc1)C(=O)CC2,train
CHEMBL144787,CHEMBL230,7.3,1995.0,7.3,CS(=O)(=O)Nc1cc2c(cc1SC1CCCCC1)C(=O)CC2,val
CHEMBL144806,CHEMBL230,5.3,1998.0,5.3,CCCCCSc1ccccc1OC(C)=O,train
CHEMBL144819,CHEMBL230,7.0,1995.0,7.0,CS(=O)(=O)Nc1cc2c(cc1Sc1ccccc1F)C(=O)CC2,train
CHEMBL144840,CHEMBL230,3.0,1998.0,3.0,CCC(=O)Oc1ccccc1SC,train
CHEMBL144850,CHEMBL230,4.3979400086720375,1998.0,4.3979400086720375,CCCCCCCCSc1ccccc1OC(C)=O,train
CHEMBL144884,CHEMBL230,7.3,1995.0,7.3,Cc1ccc(Sc2cc3c(cc2NS(C)(=O)=O)CCC3=O)cc1,train
CHEMBL144913,CHEMBL230,3.585026652029182,1998.0,3.585026652029182,CSc1ccccc1OC(=O)C(F)(F)F,train
CHEMBL144920,CHEMBL230,5.52,1998.0,5.52,CCCC#CCSc1ccccc1OC(C)=O,train
CHEMBL144944,CHEMBL230,4.3979400086720375,1998.0,4.3979400086720375,CC(=O)Oc1ccccc1SC1CCCCCC1,train
CHEMBL145,CHEMBL230,3.88706002391592,2012.0,3.88706002391592,O=C(O)/C=C/c1ccc(O)c(O)c1,train
CHEMBL145029,CHEMBL230,4.0,1998.0,4.0,CC(=O)Oc1ccccc1SCCc1ccccc1,train
CHEMBL145071,CHEMBL230,4.3,1998.0,4.3,CC(=O)Oc1ccccc1SCCCCCC(=O)O,train
CHEMBL145138,CHEMBL230,4.3979400086720375,1998.0,4.3979400086720375,CCCCCCCN(C)c1ccccc1OC(C)=O,train
CHEMBL145180,CHEMBL230,5.0,1998.0,5.0,CC(=O)Oc1ccccc1SCCCCCCI,train
CHEMBL145220,CHEMBL230,3.6020599913279625,1998.0,3.6020599913279625,CC(=O)Oc1ccccc1SCc1ccccc1,train
CHEMBL145247,CHEMBL230,5.16,1998.0,5.16,CCCCOCCSc1ccccc1OC(C)=O,train
CHEMBL145257,CHEMBL230,5.0,1995.0,5.0,CS(=O)(=O)Nc1cc2c(cc1S(=O)(=O)c1ccc(F)cc1F)C(=O)CC2,test
CHEMBL145283,CHEMBL230,4.3979400086720375,1998.0,4.3979400086720375,CCCCC#CCSc1ccccc1OC(=O)CC,train
CHEMBL145315,CHEMBL230,5.0,1995.0,5.0,CS(=O)(=O)Nc1cc2c(cc1OC1CCOCC1)C(=O)CC2,train
CHEMBL145354,CHEMBL230,3.0,1998.0,3.0,CC(=O)Oc1ccccc1SCCCc1ccccc1,train
CHEMBL145358,CHEMBL230,4.301029995663981,1998.0,4.301029995663981,CC(=O)Oc1ccccc1SCCCCCO,train
CHEMBL145364,CHEMBL230,3.6020599913279625,1998.0,3.6020599913279625,CSc1ccccc1OC(C)=O,train
CHEMBL145412,CHEMBL230,5.19,1998.0,5.19,CCCC#CCCSc1ccccc1OC(C)=O,train
CHEMBL1454910,CHEMBL230,6.0,2013.0,6.0,O=[N+]([O-])c1ccc(O)c2ncccc12,train
CHEMBL145493,CHEMBL230,4.3979400086720375,1998.0,4.3979400086720375,CCCCCCC[S+]([O-])c1ccccc1OC(C)=O,train
CHEMBL145598,CHEMBL230,4.3979400086720375,1998.0,4.3979400086720375,CCCCCCCCc1ccccc1OC(C)=O,train
CHEMBL145626,CHEMBL230,3.0,1998.0,3.0,CC(=O)Oc1ccccc1SCCCOc1ccccc1,train
CHEMBL145646,CHEMBL230,4.3979400086720375,1998.0,4.3979400086720375,CCCCCCCOc1ccccc1OC(C)=O,train
CHEMBL145647,CHEMBL230,4.301029995663981,1998.0,4.301029995663981,CCCOCCCSc1ccccc1OC(C)=O,train
CHEMBL145710,CHEMBL230,7.0,1995.0,7.0,CSc1ccc(Oc2cc3c(cc2NS(C)(=O)=O)CCC3=O)cc1,train
CHEMBL145727,CHEMBL230,5.3,1998.0,5.3,CCC#CCSc1ccccc1OC(C)=O,train
CHEMBL145783,CHEMBL230,5.0,1995.0,5.0,CS(=O)(=O)Nc1cc2c(cc1Sc1ccc(C(=O)O)cc1)C(=O)CC2,train
CHEMBL146005,CHEMBL230,4.3,1998.0,4.3,CC(=O)OCCCCCSc1ccccc1OC(C)=O,train
CHEMBL146247,CHEMBL230,6.04,2004.0,6.04,CCOc1ccc(-c2cc(C(F)(F)F)nn2-c2ccc(S(N)(=O)=O)c(CO)c2)cc1,train
CHEMBL146441,CHEMBL230,3.2924298239020637,1998.0,3.2924298239020637,CSc1ccccc1OC(=O)CBr,train
CHEMBL146465,CHEMBL230,5.3,2004.0,5.3,CC(=O)NCc1cc(-n2nc(C(F)(F)F)cc2-c2ccc(Cl)cc2)ccc1S(N)(=O)=O,train
CHEMBL146703,CHEMBL230,6.52,2002.0,6.52,Cc1ccc(Cl)c(Nc2ccccc2C(=O)NCC(=O)O)c1Cl,train
CHEMBL146730,CHEMBL2094253,5.3,1988.0,5.3,CN(O)C(=O)/C=C/c1cccc(Oc2ccccc2)c1,val
CHEMBL146742,CHEMBL230,7.8,1997.0,7.8,CS(=O)(=O)c1ccc(-c2c(-c3ccccc3)nc3sccn23)cc1,train
CHEMBL146773,CHEMBL230,6.0,1995.0,6.0,CS(=O)(=O)Nc1cc2c(cc1Nc1ccc(F)cc1F)C(=O)CC2,train
CHEMBL146854,CHEMBL230,6.0,2002.0,6.0,Cc1ccc(Cl)c(Nc2ccccc2C(=O)NCCO)c1Cl,train
CHEMBL146920,CHEMBL230,4.18,2002.0,4.18,Cc1ccc(Cl)c(Nc2ccccc2C(=O)NOC(C)(C)C)c1Cl,train
CHEMBL147016,CHEMBL230,4.18,2002.0,4.18,Cc1ccc(Cl)c(Nc2ccccc2C(=O)NOCc2ccc([N+](=O)[O-])cc2)c1Cl,train
CHEMBL147074,CHEMBL230,4.68,1998.0,4.68,CC(C)(COc1ccc(Br)cc1)C(=O)NCCCN1c2ccccc2Sc2ccccc21,train
CHEMBL147141,CHEMBL230,5.22,2002.0,5.22,COC(=O)[C@@H](C)NC(=O)c1ccccc1Nc1c(Cl)ccc(C)c1Cl,train
CHEMBL147165,CHEMBL230,6.21,2002.0,6.21,O=S(=O)(Nc1ccncc1Oc1ccccc1)C(F)(F)F,val
CHEMBL147189,CHEMBL230,6.11,2002.0,6.11,CCc1ccc(/C=C/S(N)(=O)=O)cc1C(=O)c1ccccc1,train
CHEMBL147327,CHEMBL230,5.0,1995.0,5.0,CS(=O)(=O)Nc1cc2c(cc1Sc1cncs1)C(=O)CC2,test
CHEMBL14735,CHEMBL230,5.1,1998.0,5.1,CC1(C)COc2ccc(C(=O)CCCC3CC3)cc21,train
CHEMBL147580,CHEMBL230,7.68,1995.0,7.68,CS(=O)(=O)Nc1cc2c(cc1Oc1ccc(F)cc1F)C(=O)CC2,train
CHEMBL147607,CHEMBL230,6.23,2004.0,6.23,NS(=O)(=O)c1ccc(-n2nc(C(F)(F)F)cc2-c2ccc(Br)cc2)cc1CO,train
CHEMBL14767,CHEMBL230,6.82,1998.0,6.82,CCCC(=O)c1cc(C(C)(C)C)c2c(c1)C(C)(C)CS2,val
CHEMBL147704,CHEMBL230,5.15,2004.0,5.15,NS(=O)(=O)c1ccc(-n2nc(C(F)(F)F)cc2-c2cccc(F)c2)cc1CO,train
CHEMBL148100,CHEMBL230,6.44,2004.0,6.44,COc1ccc(-c2cc(C(F)(F)F)nn2-c2ccc(S(N)(=O)=O)c(CO)c2)cc1,train
CHEMBL148153,CHEMBL230,8.0,1995.0,8.0,CS(=O)(=O)Nc1cc2c(cc1Sc1ccc(Cl)cc1Cl)C(=O)CC2,train
CHEMBL148157,CHEMBL230,5.0,1995.0,5.0,CS(=O)(=O)Nc1cc2c(cc1Sc1cscn1)C(=O)CC2,train
CHEMBL148428,CHEMBL230,6.15,2004.0,6.15,NS(=O)(=O)c1ccc(-n2nc(C(F)(F)F)cc2-c2ccc(Cl)cc2)cc1CO,train
CHEMBL148542,CHEMBL230,4.0,2002.0,4.0,CS(=O)(=O)Nc1ccncc1Oc1ccccc1,val
CHEMBL148545,CHEMBL230,4.18,2002.0,4.18,Cc1ccc(Cl)c(Nc2ccccc2C(=O)NCCOc2ccccc2)c1Cl,train
CHEMBL148568,CHEMBL230,5.86,2004.0,5.86,CCc1ccc(-c2cc(C(F)(F)F)nn2-c2ccc(S(N)(=O)=O)c(CO)c2)cc1,train
CHEMBL148629,CHEMBL230,5.92,2002.0,5.92,COC(=O)CNC(=O)c1ccccc1Nc1c(Cl)ccc(C)c1Cl,train
CHEMBL148666,CHEMBL230,5.3,1997.0,5.3,CSc1ccc(-c2nc3sccn3c2-c2ccccc2)cc1,train
CHEMBL148691,CHEMBL230,4.29,2004.0,4.29,CCSc1ccc(-c2cc(C(F)(F)F)nn2-c2ccc(S(N)(=O)=O)c(CO)c2)cc1,train
CHEMBL148708,CHEMBL230,7.8,1997.0,7.8,CS(=O)(=O)c1ccc(-c2c(-c3ccc(Cl)cc3)nc3sc(Cl)cn23)cc1,train
CHEMBL1488723,CHEMBL230,4.0,2016.0,4.0,Cc1ccc(O)c(-c2cc(-c3ccccc3C)[nH]n2)c1,test
CHEMBL148931,CHEMBL230,7.22,2002.0,7.22,CCCCCCCCNC(=O)c1ccccc1Nc1c(Cl)ccc(C)c1Cl,train
CHEMBL148976,CHEMBL230,7.125,1997.0,7.125,CS(=O)(=O)c1ccc(-c2c(-c3ccc(F)cc3)nc3sccn23)cc1,train
CHEMBL149032,CHEMBL230,5.4,1998.0,5.4,CC(S)CN1c2ccccc2Sc2ccccc21,train
CHEMBL149040,CHEMBL230,6.85,1997.0,6.85,Cc1cn2c(-c3ccccc3)c(-c3ccc(S(C)(=O)=O)cc3)nc2s1,train
CHEMBL149076,CHEMBL230,5.52,1997.0,5.52,Cc1csc2nc(-c3ccccc3)c(-c3ccc(S(C)(=O)=O)cc3)n12,train
CHEMBL149134,CHEMBL230,5.4,2002.0,5.4,Cc1ccc(Cl)c(Nc2ccccc2C(=O)NCCc2ccccc2)c1Cl,test
CHEMBL149167,CHEMBL230,6.0,1997.0,6.0,Cc1csc2nc(-c3ccc(S(C)(=O)=O)cc3)c(-c3ccccc3)n12,train
CHEMBL149213,CHEMBL230,5.62,2002.0,5.62,Cc1ccc(Cl)c(Nc2ccccc2C(=O)NCCCCl)c1Cl,train
CHEMBL149335,CHEMBL230,5.4,2002.0,5.4,CCOC(=O)CNC(=O)c1ccccc1Nc1c(Cl)ccc(C)c1Cl,train
CHEMBL149402,CHEMBL230,5.3,2002.0,5.3,CCOC(=O)/C=C/c1cc(CC)cc(C(=O)c2ccccc2)c1,train
CHEMBL149506,CHEMBL230,5.698970004336019,2002.0,5.698970004336019,CNC(=O)c1ccccc1Nc1c(Cl)ccc(C)c1Cl,train
CHEMBL149597,CHEMBL230,5.44,1997.0,5.44,CS(=O)(=O)c1ccc(-c2c(-c3ccc(Cl)cc3)nc3sc(Cl)c(Cl)n23)cc1,train
CHEMBL149775,CHEMBL230,5.52,2002.0,5.52,COCCNC(=O)c1ccccc1Nc1c(Cl)ccc(C)c1Cl,train
CHEMBL149781,CHEMBL230,5.16,2004.0,5.16,CC(=O)NCc1cc(-n2nc(C(F)(F)F)cc2-c2ccc(C)cc2)ccc1S(N)(=O)=O,train
CHEMBL149936,CHEMBL230,6.05,1997.0,6.05,CCOC(=O)c1csc2nc(-c3ccccc3)c(-c3ccc(S(C)(=O)=O)cc3)n12,train
CHEMBL150,CHEMBL230,4.0,2007.0,4.0,O=c1c(O)c(-c2ccc(O)cc2)oc2cc(O)cc(O)c12,train
CHEMBL150006,CHEMBL230,5.49,1997.0,5.49,CS(=O)(=O)c1ccc(-c2nc3sccn3c2-c2ccccc2)cc1,train
CHEMBL150099,CHEMBL230,5.4,2002.0,5.4,COC(=O)c1ccccc1Nc1c(Cl)ccc(C)c1Cl,train
CHEMBL150130,CHEMBL230,5.75,2002.0,5.75,CCc1cc(/C=C/C(N)=O)cc(C(=O)c2ccccc2)c1,train
CHEMBL15014,CHEMBL230,5.3,1998.0,5.3,CCC1(C)COc2ccc(C(=O)CCCC3CC3)cc21,train
CHEMBL150340,CHEMBL230,5.15,2002.0,5.15,CCN(CC)Cc1cc(/C=C/S(N)(=O)=O)cc(C(=O)c2ccccc2)c1,train
CHEMBL150363,CHEMBL230,5.01,2002.0,5.01,CC(C(=O)O)c1cc(/C=C/S(C)(=O)=O)cc(C(=O)c2ccccc2)c1,train
CHEMBL15039,CHEMBL230,6.52,1998.0,6.52,CCCCC(=O)c1cc(C(C)(C)C)c2c(c1)C(C)(C)CCN2C,train
CHEMBL15058,CHEMBL230,5.52,1998.0,5.52,CC(C)(C)c1cc(C(=O)CCCC2CC2)cc2c1OCCC2(C)C,train
CHEMBL150773,CHEMBL230,4.7,2002.0,4.7,CC(=O)c1cc(/C=C/S(N)(=O)=O)cc(C(=O)c2ccccc2)c1,train
CHEMBL150969,CHEMBL230,4.698970004336019,2002.0,4.698970004336019,CC(=O)Nc1ccc(OC(=O)c2ccccc2Nc2c(Cl)ccc(C)c2Cl)cc1,test
CHEMBL151042,CHEMBL230,7.3,2003.0,7.3,NS(=O)(=O)c1ccc(-c2cc3c(cc2Cc2ccccc2)OCO3)cc1,train
CHEMBL151128,CHEMBL230,5.8100000000000005,2002.0,5.8100000000000005,CCc1cc(/C=C/S(N)(=O)=O)cc(C(=O)c2ccccc2)c1,train
CHEMBL151322,CHEMBL230,5.58,2002.0,5.58,COC(=O)[C@H](C)NC(=O)c1ccccc1Nc1c(Cl)ccc(C)c1Cl,train
CHEMBL151441,CHEMBL230,4.96,2002.0,4.96,COCCCNC(=O)c1ccccc1Nc1c(Cl)ccc(C)c1Cl,train
CHEMBL151535,CHEMBL230,5.01,2002.0,5.01,NS(=O)(=O)/C=C/c1cc(CO)cc(C(=O)c2ccccc2)c1,train
CHEMBL151590,CHEMBL230,5.08,2002.0,5.08,NS(=O)(=O)/C=C/c1ccc(C(=O)c2ccccc2)cc1CO,train
CHEMBL151658,CHEMBL230,5.3,1998.0,5.3,CC(O)CN1c2ccccc2Sc2ccccc21,train
CHEMBL151710,CHEMBL230,5.25,2002.0,5.25,N#Cc1cc(/C=C/S(N)(=O)=O)cc(C(=O)c2ccccc2)c1,train
CHEMBL151929,CHEMBL230,4.48,2002.0,4.48,Cc1ccc(Cl)c(Nc2ccccc2C(=O)N[C@@H](C)C(=O)O)c1Cl,train
CHEMBL1520238,CHEMBL230,4.0,2021.0,4.0,Brc1ccc(CSc2nccn2-c2ccccc2)cc1,train
CHEMBL153,CHEMBL230,5.85,2005.0,5.85,Cc1c(C)c2c(c(C)c1O)CCC(C)(C(=O)O)O2,train
CHEMBL153767,CHEMBL230,6.0,2003.0,6.0,CS(=O)(=O)c1ccc(-c2cc3c(cc2C(=O)c2cccc(F)c2)OCO3)cc1,train
CHEMBL153829,CHEMBL230,6.525,2003.0,6.525,CS(=O)(=O)c1ccc(-c2cnn(CC3CC3)c(=O)c2-c2ccccc2)cc1,train
CHEMBL154,CHEMBL230,4.91,1995.0,4.91,COc1ccc2cc([C@H](C)C(=O)O)ccc2c1,train
CHEMBL154253,CHEMBL230,6.43,2003.0,6.43,CC1(Cn2ncc(-c3ccc(S(C)(=O)=O)cc3)c(-c3ccc(F)cc3)c2=O)CC1,train
CHEMBL154373,CHEMBL230,8.0,2000.0,8.0,Cc1ccc(NNC(=O)c2ccc(Cl)cc2)cc1,train
CHEMBL154422,CHEMBL230,5.52,2003.0,5.52,CS(=O)(=O)c1ccc(-c2cnn(Cc3cccnc3)c(=O)c2-c2ccccc2)cc1,train
CHEMBL154480,CHEMBL230,6.84,2003.0,6.84,CC1(C)CC1Cn1ncc(-c2ccc(S(C)(=O)=O)cc2)c(-c2ccc(F)cc2)c1=O,train
CHEMBL154533,CHEMBL230,4.76,2020.0,4.76,CCCCCc1cc(O)cc(O)c1,train
CHEMBL154589,CHEMBL230,5.0,2000.0,5.0,Clc1ccc(-c2nn(-c3ccc(Cl)cc3)c3c2CCCCC3)cc1,test
CHEMBL154594,CHEMBL230,5.0,2000.0,5.0,CS(=O)(=O)c1ccc(NNC(=O)c2ccc(Cl)cc2)cc1,train
CHEMBL154839,CHEMBL230,6.33,2000.0,6.33,COc1ccc(C(=O)NNc2ccc(Cl)cc2)cc1,train
CHEMBL154907,CHEMBL230,5.6,2003.0,5.6,Cn1ncc(-c2ccc(S(C)(=O)=O)cc2)c(-c2ccccc2)c1=O,val
CHEMBL155185,CHEMBL230,5.0,2000.0,5.0,CS(=O)(=O)c1ccc(-n2nc(-c3ccc(F)cc3)c3c2CCCC3)cc1,train
CHEMBL155206,CHEMBL230,5.83,2003.0,5.83,CS(=O)(=O)c1ccc(-c2cnn(Cc3ccccc3)c(=O)c2Sc2ccccc2)cc1,train
CHEMBL155247,CHEMBL230,6.43,2003.0,6.43,CC(C1CC1)n1ncc(-c2ccc(S(C)(=O)=O)cc2)c(-c2ccc(F)cc2)c1=O,train
CHEMBL155436,CHEMBL230,5.0,2000.0,5.0,CS(=O)(=O)c1ccc(NNC(=O)c2ccccc2)cc1,train
CHEMBL155587,CHEMBL230,5.9399999999999995,2003.0,5.9399999999999995,Cc1ccc(-c2c(-c3ccc(S(C)(=O)=O)cc3)cnn(Cc3ccccc3)c2=O)cn1,test
CHEMBL155658,CHEMBL230,6.85,2000.0,6.85,Clc1ccc(-c2nn(-c3ccccc3)c3c2CCCCC3)cc1,test
CHEMBL155675,CHEMBL230,5.81,2000.0,5.81,COc1ccc(-n2nc(-c3ccc(Cl)cc3)c3c2CCCCC3)cc1,test
CHEMBL155676,CHEMBL230,4.891258027893047,2003.0,4.891258027893047,CS(=O)(=O)c1ccc(-c2cnnc(O)c2-c2ccccc2)cc1,test
CHEMBL155781,CHEMBL230,6.12,2003.0,6.12,CS(=O)(=O)c1ccc(-c2cnn(CCC3CC3)c(=O)c2-c2ccc(F)cc2)cc1,val
CHEMBL155806,CHEMBL230,5.0,2000.0,5.0,COc1ccc(-n2nc(-c3ccc(Cl)cc3)c3c2CCC(NOC(C)=O)C3)cc1,train
CHEMBL155887,CHEMBL230,5.91,2000.0,5.91,COc1ccc(-c2nn(-c3ccccc3)c3c2CCCCC3)cc1,test
CHEMBL155898,CHEMBL230,7.48,2003.0,7.48,CS(=O)(=O)c1ccc(-c2cnn(Cc3ccccc3)c(=O)c2OCC2CC2)cc1,train
CHEMBL155927,CHEMBL230,4.889999999948275,1997.0,4.889999999948275,CS(=O)(=O)c1ccc(-c2sc3nc(C(F)(F)F)nn3c2-c2cccc(F)c2)cc1,train
CHEMBL155980,CHEMBL230,4.100000000006638,1997.0,4.100000000006638,CS(=O)(=O)c1ccc(-c2sc3ncnn3c2-c2cc(F)cc(F)c2)cc1,train
CHEMBL155994,CHEMBL230,6.785,2003.0,6.785,CS(=O)(=O)c1ccc(-c2cnn(Cc3ccccc3)c(=O)c2-c2ccccc2)cc1,train
CHEMBL1560,CHEMBL230,4.92,2013.0,4.92,C[C@H](CS)C(=O)N1CCC[C@H]1C(=O)O,train
CHEMBL156053,CHEMBL230,4.891258027893047,2003.0,4.891258027893047,CC(C)(C)n1ncc(-c2ccc(S(C)(=O)=O)cc2)c(-c2ccccc2)c1=O,val
CHEMBL156256,CHEMBL230,6.21,2000.0,6.21,Clc1ccc(-c2nn(-c3ccccc3)c3c2CCCC3)cc1,train
CHEMBL1562610,CHEMBL230,8.25,2023.0,8.25,Cc1ccc(Cl)c(Nc2ccccc2C(=O)[O-])c1Cl.O.[Na+],train
CHEMBL156399,CHEMBL230,4.820000000062582,1997.0,4.820000000062582,CCc1nc2sc(-c3ccc(S(C)(=O)=O)cc3)c(-c3ccccc3)n2n1,train
CHEMBL156401,CHEMBL230,6.494999999999999,2003.0,6.494999999999999,C[C@@H]1C[C@H]1Cn1ncc(-c2ccc(S(C)(=O)=O)cc2)c(-c2ccc(F)cc2)c1=O,train
CHEMBL156482,CHEMBL230,8.52,1997.0,8.52,CS(=O)(=O)c1ccc(-c2sc3nc(C(F)(F)F)nn3c2-c2ccccc2)cc1,train
CHEMBL156493,CHEMBL230,4.439999999982119,1997.0,4.439999999982119,CS(=O)(=O)c1ccc(-c2sc3ncnn3c2-c2ccc(F)cc2)cc1,train
CHEMBL156533,CHEMBL230,5.0,2000.0,5.0,CS(=O)(=O)c1ccc(-n2nc(-c3ccc(Cl)cc3)c3c2CCCC3)cc1,train
CHEMBL157016,CHEMBL230,6.234999999999999,2003.0,6.234999999999999,CS(=O)(=O)c1ccc(-c2cnn(CC3CC3)c(=O)c2-c2ccc(F)cc2)cc1,train
CHEMBL157129,CHEMBL230,6.34,2000.0,6.34,COc1ccc(-n2nc(-c3ccc(Cl)cc3)c3c2CCC(O)C3)cc1,train
CHEMBL1573436,CHEMBL230,4.0,2011.0,4.0,CC(=O)NC(c1cccs1)c1cc(Br)c2cccnc2c1O,val
CHEMBL157358,CHEMBL230,4.301029995663981,1997.0,4.301029995663981,CS(=O)(=O)c1ccc(-c2c(-c3ccccc3)sc3nc(C(F)(F)F)nn23)cc1,train
CHEMBL157616,CHEMBL230,5.59,2000.0,5.59,Clc1ccc(-c2nn(-c3ccccc3)c3c2CCC3)cc1,test
CHEMBL157623,CHEMBL230,3.6399999999969452,1997.0,3.6399999999969452,CS(=O)(=O)c1ccc(-c2c(-c3ccccc3)sc3nncn23)cc1,val
CHEMBL157629,CHEMBL230,7.08,2003.0,7.08,Cc1ccc(-c2c(-c3ccc(S(C)(=O)=O)cc3)cnn(Cc3ccccc3)c2=O)cc1,train
CHEMBL15770,CHEMBL230,5.06,2015.0,5.06,CC1=C(CC(=O)O)c2cc(F)ccc2/C1=C\c1ccc([S+](C)[O-])cc1,test
CHEMBL157714,CHEMBL230,5.39,1997.0,5.39,C=Cc1nc2sc(-c3ccc(S(C)(=O)=O)cc3)c(-c3ccccc3)n2n1,train
CHEMBL157720,CHEMBL230,5.725,2003.0,5.725,CS(=O)(=O)c1ccc(-c2cnn(Cc3nccs3)c(=O)c2-c2ccc(F)cc2)cc1,train
CHEMBL157730,CHEMBL230,7.375,2003.0,7.375,CS(=O)(=O)c1ccc(-c2cnn(Cc3ccccc3)c(=O)c2Oc2ccc(F)cc2)cc1,train
CHEMBL15781,CHEMBL230,5.29,1999.0,5.29,CC(C)(C)c1cc(/C=C2\OC(N=C(N)N)=NC2=O)cc(C(C)(C)C)c1O,train
CHEMBL1578132,CHEMBL230,5.87,2017.0,5.87,CC(=O)c1ccc(Nc2nc(N3CCOCC3)nc(N3CCOCC3)n2)cc1,train
CHEMBL157820,CHEMBL230,5.38,1997.0,5.38,CS(=O)(=O)c1ccc(-c2sc3ncnn3c2-c2cccc(F)c2)cc1,train
CHEMBL157886,CHEMBL230,6.19,2000.0,6.19,Cc1ccc(-n2nc(-c3ccc(Cl)cc3)c3c2CCCCC3)cc1,test
CHEMBL15791,CHEMBL230,5.77,1999.0,5.77,CONC1=NC(=O)/C(=C/c2cc(C(C)(C)C)c(O)c(C(C)(C)C)c2)S1,train
CHEMBL157950,CHEMBL230,6.48,2000.0,6.48,Cc1ccc(NNC(=O)c2ccccc2)cc1,train
CHEMBL158148,CHEMBL230,6.895,2003.0,6.895,CS(=O)(=O)c1ccc(-c2cnn(CC3CCCCC3)c(=O)c2-c2ccc(F)cc2)cc1,train
CHEMBL158236,CHEMBL230,5.4707430300610564,2003.0,5.4707430300610564,Cc1ccccc1Cn1ncc(-c2ccc(S(C)(=O)=O)cc2)c(-c2ccccc2)c1=O,train
CHEMBL158310,CHEMBL230,6.76,2003.0,6.76,CC(C)=CCn1ncc(-c2ccc(S(C)(=O)=O)cc2)c(-c2ccc(F)cc2)c1=O,val
CHEMBL158316,CHEMBL230,5.64,1997.0,5.64,CS(=O)(=O)c1ccc(-c2sc3ncnn3c2-c2ccccc2)cc1,train
CHEMBL158421,CHEMBL230,5.83,2003.0,5.83,CCCCCCCCCCCCCCCc1cccc(OCC)c1CSc1nc2ccccc2[nH]1,train
CHEMBL158493,CHEMBL230,7.52,2002.0,7.52,Cc1nc(-c2ccc(Cl)s2)c(-c2ccc(S(C)(=O)=O)cc2)o1,train
CHEMBL158495,CHEMBL230,5.97,2003.0,5.97,CCCCCCCCCCCCCCCc1cccc(OC)c1CSc1nc2ccccc2s1,val
CHEMBL158509,CHEMBL230,5.92,2002.0,5.92,Cc1nc(-c2ccc(S(C)(=O)=O)cc2)c(-c2ccc(Cl)s2)o1,train
CHEMBL158733,CHEMBL230,5.0,2003.0,5.0,CCCCCCCCCCCCCCCc1cccc(OCC)c1CSc1nc2cc(C)ccc2[nH]1,train
CHEMBL158842,CHEMBL230,3.415668775632469,2003.0,3.415668775632469,CCCCCCCCCCCCCCCc1cccc(OCC)c1CSc1nc2cc([N+](=O)[O-])ccc2[nH]1,train
CHEMBL15904,CHEMBL230,4.09,1999.0,4.09,CN1C(NC(=N)N)=NC(=O)/C1=C/c1cc(C(C)(C)C)c(O)c(C(C)(C)C)c1,train
CHEMBL159206,CHEMBL230,5.64,2003.0,5.64,CCCCCCCCCCCCCCCc1cccc(OC)c1CSc1nc2cc([N+](=O)[O-])ccc2[nH]1,train
CHEMBL159303,CHEMBL230,4.16,2002.0,4.16,Oc1ccc([C@H]2Oc3cc(O)cc(O)c3C[C@H]2O)cc1,train
CHEMBL15945,CHEMBL230,6.58,1999.0,6.58,CC(C)(C)c1cc(/C=C2\NC(=S)NC2=O)cc(C(C)(C)C)c1O,train
CHEMBL160178,CHEMBL230,5.0,2003.0,5.0,CCCCCCCCCCCCCCCc1cccc(OC)c1CSc1nc2cc(OC(F)F)ccc2[nH]1,train
CHEMBL160295,CHEMBL230,5.0,2003.0,5.0,CCCCCCCCCCCCCCCc1cccc(OCC)c1CSc1nc2cc(OC(F)F)ccc2[nH]1,train
CHEMBL160418,CHEMBL230,5.0,2003.0,5.0,CCCCCCCCCCCCCCCc1cccc(OC)c1CSc1nc2cc(OC)ccc2[nH]1,train
CHEMBL16048,CHEMBL230,4.26,1999.0,4.26,CC(C)(C)c1cc(/C=C2\SC(NC#N)=NC2=O)cc(C(C)(C)C)c1O,train
CHEMBL160820,CHEMBL230,5.0,2003.0,5.0,CCCCCCCCCCCCCCCc1cccc(OC)c1CSc1nc2ccccc2[nH]1,train
CHEMBL16127,CHEMBL230,5.57,1999.0,5.57,C=CCONC1=NC(=O)/C(=C/c2cc(C(C)(C)C)c(O)c(C(C)(C)C)c2)S1,train
CHEMBL161377,CHEMBL230,4.42,2002.0,4.42,CCS(=O)(=O)c1ccc(-c2oc(C)nc2-c2ccc(F)cc2)cc1,train
CHEMBL161590,CHEMBL230,6.57,2002.0,6.57,CCc1nc(C2CCCCC2)c(-c2ccc(S(C)(=O)=O)cc2)o1,test
CHEMBL161619,CHEMBL230,5.56,2003.0,5.56,CCCCCCCCCCCCCCCc1cccc(OC)c1CSc1nc2ccccc2o1,train
CHEMBL161677,CHEMBL230,7.16,2002.0,7.16,Cc1nc(C2CCCCC2)c(-c2ccc(S(C)(=O)=O)cc2)o1,test
CHEMBL16171,CHEMBL230,4.34,2005.0,4.34,COc1c(O)cc(O)c2c(=O)cc(-c3ccccc3)oc12,train
CHEMBL161728,CHEMBL230,6.55,2002.0,6.55,Cc1nc(C2CCCCCC2)c(-c2ccc(S(C)(=O)=O)cc2)o1,test
CHEMBL161788,CHEMBL230,5.58,2003.0,5.58,CCCCCCCCCCCCCCCc1cccc(OC)c1CSc1nc2cc(C)ccc2[nH]1,train
CHEMBL161793,CHEMBL230,5.51,2002.0,5.51,CNS(=O)(=O)c1ccc(-c2oc(C)nc2C2CCCCC2)cc1,test
CHEMBL1618254,CHEMBL230,5.326029995663982,2016.0,5.326029995663982,COc1ccc2cc([C@@H](C)C(=O)O)ccc2c1,train
CHEMBL1619630,CHEMBL230,4.0,2016.0,4.0,O=C(c1ccccc1)c1ccc2n1CC[C@H]2C(=O)O,test
CHEMBL1622194,CHEMBL230,5.86,2012.0,5.86,COc1ccc(Nc2nc(-c3ccc(OC)cc3)cs2)cc1,train
CHEMBL162358,CHEMBL2094253,4.36,1987.0,4.36,CCCc1c(OCCCCc2nnn[nH]2)ccc(C(C)=O)c1O,train
CHEMBL162424,CHEMBL230,4.0,2011.0,4.0,c1ccc(Oc2ccc(OCCN3CCCC3)cc2)cc1,test
CHEMBL16251,CHEMBL230,5.75,1999.0,5.75,CC(C)c1cc(/C=C2\SC(N=C(N)N)=NC2=O)cc(C(C)C)c1O,train
CHEMBL1626804,CHEMBL230,3.133099999445895,2005.0,3.133099999445895,Cc1cc[s+](-c2c(C3CCC(S(C)(=O)=O)CC3)occ(Cl)c2=O)c1,val
CHEMBL16272,CHEMBL230,5.5,1999.0,5.5,CCONC1=NC(=O)/C(=C/c2cc(C(C)(C)C)c(O)c(C(C)(C)C)c2)S1,train
CHEMBL1629743,CHEMBL230,5.03,2010.0,5.03,CS(=O)(=O)c1ccc(C2=NN(C(N)=S)C(c3ccc(Cl)cc3)C2)cc1,test
CHEMBL1630223,CHEMBL230,6.28,2010.0,6.28,O=C(O)C1=Cc2c(ccc(Cl)c2Oc2ccccc2)OC1C(F)(F)F,train
CHEMBL1630224,CHEMBL230,6.52,2010.0,6.52,CC(C)c1cc2c(cc1Cl)C=C(C(=O)O)C(C(F)(F)F)O2,train
CHEMBL1630225,CHEMBL230,8.3,2010.0,8.3,CC(C)(C)c1cc2c(cc1Cl)C=C(C(=O)O)C(C(F)(F)F)O2,train
CHEMBL1630226,CHEMBL230,6.82,2010.0,6.82,CCCc1cc2c(cc1Cl)C=C(C(=O)O)C(C(F)(F)F)O2,train
CHEMBL1630227,CHEMBL230,7.7,2010.0,7.7,CC(C)Cc1cc2c(cc1Cl)C=C(C(=O)O)C(C(F)(F)F)O2,train
CHEMBL1630228,CHEMBL230,7.03,2010.0,7.03,CC(C)CCc1cc2c(cc1Cl)C=C(C(=O)O)C(C(F)(F)F)O2,train
CHEMBL1630229,CHEMBL230,7.72,2010.0,7.72,CC(C)CSc1cc2c(cc1Cl)C=C(C(=O)O)C(C(F)(F)F)O2,train
CHEMBL1630230,CHEMBL230,7.16,2010.0,7.16,CC(C)CN(C)c1cc2c(cc1Cl)C=C(C(=O)O)C(C(F)(F)F)O2,train
CHEMBL1630231,CHEMBL230,7.34,2010.0,7.34,CCC(CC)COc1cc2c(cc1Cl)C=C(C(=O)O)C(C(F)(F)F)O2,train
CHEMBL1630232,CHEMBL230,6.92,2010.0,6.92,Cc1c(Cl)ccc2c1C=C(C(=O)O)C(C(F)(F)F)O2,train
CHEMBL1630233,CHEMBL230,4.54,2010.0,4.54,CCc1c(Cl)ccc2c1C=C(C(=O)O)C(C(F)(F)F)O2,train
CHEMBL1630234,CHEMBL230,5.83,2010.0,5.83,Nc1c(Cl)ccc2c1C=C(C(=O)O)C(C(F)(F)F)O2,train
CHEMBL1630235,CHEMBL230,4.0,2010.0,4.0,CCOc1c(Cl)ccc2c1C=C(C(=O)O)C(C(F)(F)F)O2,train
CHEMBL1630236,CHEMBL230,6.47,2010.0,6.47,O=C(O)C1=Cc2c(ccc(Cl)c2Sc2ccccc2)OC1C(F)(F)F,train
CHEMBL1630237,CHEMBL230,5.33,2010.0,5.33,O=C(O)C1=Cc2c(ccc(Cl)c2-c2ccccc2)OC1C(F)(F)F,test
CHEMBL1630238,CHEMBL230,5.7,2010.0,5.7,Cc1ccccc1-c1c(Cl)ccc2c1C=C(C(=O)O)C(C(F)(F)F)O2,test
CHEMBL1630239,CHEMBL230,8.221848749616356,2010.0,8.221848749616356,O=C(O)C1=Cc2cc(Cl)c(OCC3CCCC3)c(Cl)c2OC1C(F)(F)F,val
CHEMBL1630240,CHEMBL230,7.6777807052660805,2010.0,7.6777807052660805,CCC(CC)COc1c(Cl)cc2c(c1Cl)OC(C(F)(F)F)C(C(=O)O)=C2,train
CHEMBL1630241,CHEMBL230,7.552841968657781,2010.0,7.552841968657781,CC(C)(C)Oc1c(Cl)cc2c(c1Cl)OC(C(F)(F)F)C(C(=O)O)=C2,train
CHEMBL1630242,CHEMBL230,7.468521082957745,2010.0,7.468521082957745,O=C(O)C1=Cc2cc(Cl)c(OCC3CCCCC3)c(Cl)c2OC1C(F)(F)F,train
CHEMBL1630243,CHEMBL230,4.67,2010.0,4.67,CCN(C)Cc1cc2c(cc1Cl)C=C(C(=O)O)C(C(F)(F)F)O2,train
CHEMBL1630244,CHEMBL230,4.0,2010.0,4.0,CC(C)N(C)Cc1cc2c(cc1Cl)C=C(C(=O)O)C(C(F)(F)F)O2,train
CHEMBL1630245,CHEMBL230,4.02,2010.0,4.02,CC1CCC(C)N1Cc1cc2c(cc1Cl)C=C(C(=O)O)C(C(F)(F)F)O2,train
CHEMBL1630246,CHEMBL230,4.0,2010.0,4.0,CC(C)N(c1cc2c(cc1Cl)C=C(C(=O)O)C(C(F)(F)F)O2)C(C)C,train
CHEMBL1630247,CHEMBL230,4.21,2010.0,4.21,CC1CCCC(C)N1Cc1cc2c(cc1Cl)C=C(C(=O)O)C(C(F)(F)F)O2,train
CHEMBL1630248,CHEMBL230,5.29,2010.0,5.29,CC(C)(C)c1cc2c(cc1Cl)C=C(C(=O)O)[C@H](C(F)(F)F)O2,train
CHEMBL1630249,CHEMBL230,8.3,2010.0,8.3,CCCc1cc2c(cc1Cl)C=C(C(=O)O)[C@H](C(F)(F)F)O2,train
CHEMBL1630250,CHEMBL230,6.85,2010.0,6.85,CCCc1cc2c(cc1Cl)C=C(C(=O)O)[C@@H](C(F)(F)F)O2,train
CHEMBL1630251,CHEMBL230,8.15,2010.0,8.15,CC(C)Cc1cc2c(cc1Cl)C=C(C(=O)O)[C@H](C(F)(F)F)O2,train
CHEMBL1630252,CHEMBL230,6.04,2010.0,6.04,CC(C)Cc1cc2c(cc1Cl)C=C(C(=O)O)[C@@H](C(F)(F)F)O2,train
CHEMBL1630253,CHEMBL230,8.1,2010.0,8.1,CC(C)CSc1cc2c(cc1Cl)C=C(C(=O)O)[C@H](C(F)(F)F)O2,train
CHEMBL1630254,CHEMBL230,6.82,2010.0,6.82,CC(C)CSc1cc2c(cc1Cl)C=C(C(=O)O)[C@@H](C(F)(F)F)O2,train
CHEMBL1630255,CHEMBL230,7.07,2010.0,7.07,CC(C)CN(C)c1cc2c(cc1Cl)C=C(C(=O)O)[C@H](C(F)(F)F)O2,train
CHEMBL1630256,CHEMBL230,6.06,2010.0,6.06,CC(C)CN(C)c1cc2c(cc1Cl)C=C(C(=O)O)[C@@H](C(F)(F)F)O2,train
CHEMBL1630257,CHEMBL230,7.17,2010.0,7.17,CC(C)CCc1cc2c(cc1Cl)C=C(C(=O)O)[C@H](C(F)(F)F)O2,train
CHEMBL1630258,CHEMBL230,5.95,2010.0,5.95,CC(C)CCc1cc2c(cc1Cl)C=C(C(=O)O)[C@@H](C(F)(F)F)O2,train
CHEMBL1631308,CHEMBL230,6.03,2010.0,6.03,Cc1ccc(-c2nn(-c3ccccc3)cc2C2N[C@H](C(=O)O)CS2)cc1,train
CHEMBL1631309,CHEMBL230,6.33,2010.0,6.33,NC(=O)[C@@H]1CSC(c2cn(-c3ccccc3)nc2-c2ccccc2)N1,train
CHEMBL1631310,CHEMBL230,6.42,2010.0,6.42,Cc1ccc(-c2nn(-c3ccccc3)cc2C2N[C@H](C(N)=O)CS2)cc1,train
CHEMBL1632396,CHEMBL230,4.66,2010.0,4.66,CC(=O)N1N=C(c2ccc(S(C)(=O)=O)cc2)CC1c1ccc(Cl)cc1,test
CHEMBL1632397,CHEMBL230,4.71,2010.0,4.71,CC(=O)N1N=C(c2ccc(S(C)(=O)=O)cc2)CC1c1ccc(F)cc1,test
CHEMBL1632398,CHEMBL230,5.17,2010.0,5.17,CC(=O)N1N=C(c2ccc(S(C)(=O)=O)cc2)CC1c1ccc(C)cc1,test
CHEMBL1632399,CHEMBL230,4.7,2010.0,4.7,CC(=O)N1N=C(c2ccc(S(C)(=O)=O)cc2)CC1c1ccc(C(F)(F)F)cc1,test
CHEMBL1632400,CHEMBL230,5.12,2010.0,5.12,COc1ccc(C2CC(c3ccc(S(C)(=O)=O)cc3)=NN2C(C)=O)cc1,test
CHEMBL1632401,CHEMBL230,5.5,2010.0,5.5,CC(=O)N1N=C(c2ccc(S(C)(=O)=O)cc2)CC1c1ccccc1OCc1ccccc1,train
CHEMBL1632404,CHEMBL230,4.3,2010.0,4.3,CS(=O)(=O)c1ccc(C2=NN(C(N)=S)C(c3ccccc3)C2)cc1,test
CHEMBL1632406,CHEMBL230,4.5,2010.0,4.5,Cc1ccc(C2CC(c3ccc(S(C)(=O)=O)cc3)=NN2C(N)=S)cc1,test
CHEMBL16353,CHEMBL230,4.698970004336019,1999.0,4.698970004336019,CC(C)Sc1nnc(-c2cc(C(C)C)c(O)c(C(C)C)c2)s1,train
CHEMBL16434,CHEMBL230,4.68,1999.0,4.68,CC(C)(C)c1cc(/C=C2\SC(N=C(N)N)=NC2=O)cc(C(C)(C)C)c1O,train
CHEMBL164393,CHEMBL230,5.0,2002.0,5.0,CCOC(=O)c1cc(-c2ccccc2)n(-c2ccc(S(C)(=O)=O)cc2)n1,train
CHEMBL164447,CHEMBL2094253,3.0222763947111524,1991.0,3.0222763947111524,CC(C)(OCc1ccc(-c2ccc(Cl)cc2)cc1)C(=O)O,train
CHEMBL165,CHEMBL230,5.89,2002.0,5.89,Oc1ccc(/C=C/c2cc(O)cc(O)c2)cc1,train
CHEMBL165090,CHEMBL2094253,2.1870866433571443,1991.0,2.1870866433571443,Cc1nc(-c2ccc(Cl)cc2)oc1COC(C)(C)C(=O)O,train
CHEMBL16516,CHEMBL230,8.15,1999.0,8.15,CS(=O)(=O)c1ccc(-c2sc(CCCc3ccc(Br)cc3)nc2-c2ccc(F)cc2)cc1,train
CHEMBL16522,CHEMBL230,4.698970004336019,1999.0,4.698970004336019,C[S+]([O-])c1nnc(-c2cc(C(C)(C)C)c(O)c(C(C)(C)C)c2)s1,train
CHEMBL165946,CHEMBL230,5.0,2002.0,5.0,CCCCc1cc(-c2ccccc2)n(-c2ccc(S(C)(=O)=O)cc2)n1,train
CHEMBL166156,CHEMBL230,5.0,2002.0,5.0,CS(=O)(=O)c1ccc(-n2nc(CO)cc2-c2ccccc2)cc1,train
CHEMBL16647,CHEMBL230,4.698970004336019,1999.0,4.698970004336019,CC(C)(C)c1cc(-c2nnc(SCC(F)(F)F)s2)cc(C(C)(C)C)c1O,train
CHEMBL16659,CHEMBL230,5.26,1999.0,5.26,CC(C)(C)c1cc(-c2nnc(S)s2)cc(C(C)(C)C)c1O,train
CHEMBL16674,CHEMBL230,4.698970004336019,1999.0,4.698970004336019,CC(C)Sc1nnc(-c2cc(C(C)(C)C)c(O)c(C(C)(C)C)c2)s1,train
CHEMBL1667876,CHEMBL230,5.74,2011.0,5.74,Nc1ccc(-c2cc(Cl)cc3c2OC(C(F)(F)F)C(C(=O)O)=C3)cc1,val
CHEMBL1668898,CHEMBL230,4.0,2011.0,4.0,CCOc1ccc(-c2ccc(-c3cc(CC(=O)[O-])ccc3OC)c(CN(CC)C(=O)C3CC3)c2)cn1.[Na+],train
CHEMBL16689,CHEMBL230,7.68,1999.0,7.68,CS(=O)(=O)c1ccc(-c2sc(-c3cccs3)nc2-c2ccc(F)cc2)cc1,train
CHEMBL1669027,CHEMBL230,4.67,2011.0,4.67,CS(=O)(=O)c1ccc(-c2cc(Cl)cc3c2OC(C(F)(F)F)C(C(=O)O)=C3)cc1,val
CHEMBL1669028,CHEMBL230,4.4,2011.0,4.4,CS(=O)(=O)Nc1ccc(-c2cc(Cl)cc3c2OC(C(F)(F)F)C(C(=O)O)=C3)cc1,val
CHEMBL1669029,CHEMBL230,5.2,2011.0,5.2,O=C(O)C1=Cc2cc(Cl)cc(-c3ccc(CO)cc3)c2OC1C(F)(F)F,val
CHEMBL1669030,CHEMBL230,5.46,2011.0,5.46,O=C(O)C1=Cc2cc(Cl)cc(-c3ccc(O)cc3)c2OC1C(F)(F)F,val
CHEMBL1669031,CHEMBL230,4.0,2011.0,4.0,O=C(O)C1=Cc2cc(Cl)cc(-c3ccc(C(=O)O)cc3)c2OC1C(F)(F)F,val
CHEMBL1669032,CHEMBL230,4.0,2011.0,4.0,O=C(O)C1=Cc2cc(Cl)cc(-c3ccc(F)cc3)c2OC1C(F)(F)F,val
CHEMBL1669033,CHEMBL230,7.68,2011.0,7.68,O=C(O)C1=Cc2cc(Cl)cc(-c3ccc(Cl)cc3)c2OC1C(F)(F)F,val
CHEMBL1669034,CHEMBL230,6.99,2011.0,6.99,Cc1ccc(-c2cc(Cl)cc3c2OC(C(F)(F)F)C(C(=O)O)=C3)cc1,val
CHEMBL1669035,CHEMBL230,7.11,2011.0,7.11,CCc1ccc(-c2cc(Cl)cc3c2OC(C(F)(F)F)C(C(=O)O)=C3)cc1,val
CHEMBL1669036,CHEMBL230,6.45,2011.0,6.45,CCOc1ccc(-c2cc(Cl)cc3c2OC(C(F)(F)F)C(C(=O)O)=C3)cc1,val
CHEMBL1669037,CHEMBL230,6.62,2011.0,6.62,CCSc1ccc(-c2cc(Cl)cc3c2OC(C(F)(F)F)C(C(=O)O)=C3)cc1,val
CHEMBL1669038,CHEMBL230,4.87,2011.0,4.87,CC(C)Cc1ccc(-c2cc(Cl)cc3c2OC(C(F)(F)F)C(C(=O)O)=C3)cc1,val
CHEMBL1669039,CHEMBL230,7.18,2011.0,7.18,Cc1ccc(-c2cc(Cl)cc3c2OC(C(F)(F)F)C(C(=O)O)=C3)cc1F,val
CHEMBL1669040,CHEMBL230,6.47,2011.0,6.47,COc1ccc(-c2cc(Cl)cc3c2OC(C(F)(F)F)C(C(=O)O)=C3)cc1C,val
CHEMBL16698,CHEMBL230,4.698970004336019,1999.0,4.698970004336019,COC(=O)CCSc1nnc(-c2cc(C(C)(C)C)c(O)c(C(C)(C)C)c2)s1,train
CHEMBL1672583,CHEMBL230,5.28,2016.0,5.28,CS(=O)(=O)c1ccc(-n2nc(C(F)(F)F)cc2-c2ccc(I)cc2)cc1,train
CHEMBL16733,CHEMBL230,5.21,1999.0,5.21,CCOc1nnc(-c2cc(C(C)(C)C)c(O)c(C(C)(C)C)c2)s1,train
CHEMBL16753,CHEMBL230,4.698970004336019,1999.0,4.698970004336019,CC(C)(C)c1cc(-c2nnc(SCCC(=O)O)s2)cc(C(C)(C)C)c1O,train
CHEMBL16797,CHEMBL230,6.28,1999.0,6.28,CS(=O)(=O)c1ccc(-c2sc(CCCc3ccccc3)nc2-c2ccc(F)cc2)cc1,train
CHEMBL168,CHEMBL230,3.7950889920109185,1998.0,3.7950889920109185,CC1(C)CC[C@]2(C(=O)O)CC[C@]3(C)C(=CC[C@@H]4[C@@]5(C)CC[C@H](O)C(C)(C)[C@@H]5CC[C@]43C)[C@@H]2C1,val
CHEMBL16814,CHEMBL230,4.96,1999.0,4.96,CC(C)(C)c1cc(-c2nnc(NC#N)o2)cc(C(C)(C)C)c1O,test
CHEMBL16819,CHEMBL230,5.19,1999.0,5.19,CCSc1nnc(-c2cc(C(C)(C)C)c(O)c(C(C)(C)C)c2)o1,test
CHEMBL1682200,CHEMBL230,6.13,2012.0,6.13,O=C(O)c1cccc(Nc2ccc([N+](=O)[O-])cc2)c1,train
CHEMBL1682201,CHEMBL230,4.0,2012.0,4.0,CC(=O)c1ccc(Nc2cccc(C(=O)O)c2)cc1,train
CHEMBL1682202,CHEMBL230,4.0,2012.0,4.0,O=C(O)c1cccc(Nc2ccc(C(F)(F)F)cc2)c1,train
CHEMBL1682204,CHEMBL230,4.0,2012.0,4.0,O=C(O)c1cccc(Nc2ccc(Br)cc2)c1,train
CHEMBL1682205,CHEMBL230,4.0,2012.0,4.0,CC(C)(C)c1ccc(Nc2cccc(C(=O)O)c2)cc1,train
CHEMBL1682229,CHEMBL230,3.6989700043360187,2011.0,3.6989700043360187,CS(=O)(=O)c1ccc(-c2nnnn2-c2ccccc2)cc1,val
CHEMBL1682230,CHEMBL230,4.35,2011.0,4.35,Cc1ccc(-n2nnnc2-c2ccc(S(C)(=O)=O)cc2)cc1,val
CHEMBL1682231,CHEMBL230,5.7,2011.0,5.7,COc1ccc(-n2nnnc2-c2ccc(S(C)(=O)=O)cc2)cc1,val
CHEMBL1682232,CHEMBL230,5.57,2011.0,5.57,CS(=O)(=O)c1ccc(-c2nnnn2-c2ccc(F)cc2)cc1,val
CHEMBL1682233,CHEMBL230,3.958607314841775,2011.0,3.958607314841775,CS(=O)(=O)c1ccc(-c2nnnn2-c2ccc(Cl)cc2)cc1,val
CHEMBL16826,CHEMBL230,4.77,1999.0,4.77,CC(C)(C)c1cc(-c2nnc(N=C(N)N)s2)cc(C(C)(C)C)c1O,train
CHEMBL16827,CHEMBL230,4.698970004336019,1999.0,4.698970004336019,CC(C)(C)c1cc(-c2nnc(O)s2)cc(C(C)(C)C)c1O,train
CHEMBL16828,CHEMBL230,5.82,1999.0,5.82,COc1c(C(C)(C)C)cc(-c2nnc(S)s2)cc1C(C)(C)C,train
CHEMBL1684136,CHEMBL230,4.71,2011.0,4.71,COc1cc2oc(C)cc(=O)c2c(O)c1OC,test
CHEMBL1684141,CHEMBL230,4.67,2011.0,4.67,C=CCOc1c(OC)c(OC)cc2oc(C)cc(=O)c12,test
CHEMBL1684142,CHEMBL230,4.75,2011.0,4.75,COc1cc2oc(C)cc(=O)c2c(OCC=C(C)C)c1OC,test
CHEMBL1684146,CHEMBL230,4.81,2011.0,4.81,COc1cc2oc(C)cc(=O)c2c(O)c1O,test
CHEMBL1684147,CHEMBL230,5.05,2011.0,5.05,Cc1cc(=O)c2c(O)c(O)c(O)cc2o1,test
CHEMBL1684148,CHEMBL230,4.74,2011.0,4.74,C=CCOc1c(OC)cc2oc(C)cc(=O)c2c1O,test
CHEMBL1684149,CHEMBL230,4.81,2011.0,4.81,COc1cc2oc(C)cc(=O)c2c(O)c1OCC=C(C)C,test
CHEMBL1684150,CHEMBL230,4.87,2011.0,4.87,C=CCOc1cc2oc(C)cc(=O)c2c(O)c1OCC=C,test
CHEMBL1684151,CHEMBL230,4.99,2011.0,4.99,CC(C)=CCOc1cc2oc(C)cc(=O)c2c(O)c1OCC=C(C)C,test
CHEMBL1684152,CHEMBL230,4.36,2011.0,4.36,COc1c(OC)c(O)c2c(=O)cc(C)oc2c1Cl,test
CHEMBL1684153,CHEMBL230,4.59,2011.0,4.59,COc1c(OC)c(O)c2c(=O)cc(C)oc2c1Br,test
CHEMBL16843,CHEMBL230,4.698970004336019,1999.0,4.698970004336019,CC[S+]([O-])c1nnc(-c2cc(C(C)(C)C)c(O)c(C(C)(C)C)c2)s1,train
CHEMBL16850,CHEMBL230,6.734999999999999,1996.0,6.734999999999999,Cc1nc(-c2ccc(F)cc2)c(-c2ccc(S(C)(=O)=O)cc2)s1,train
CHEMBL16854,CHEMBL230,4.698970004336019,1999.0,4.698970004336019,CC(C)Oc1nnc(-c2cc(C(C)(C)C)c(O)c(C(C)(C)C)c2)s1,train
CHEMBL16855,CHEMBL230,4.75,1999.0,4.75,CON(C)C1=NC(=O)/C(=C/c2cc(C(C)(C)C)c(O)c(C(C)(C)C)c2)S1,train
CHEMBL16878,CHEMBL230,4.64,1999.0,4.64,CC(C)(C)c1cc(-c2nnc(N=C(N)N)o2)cc(C(C)(C)C)c1O,test
CHEMBL16881,CHEMBL230,5.52,1999.0,5.52,COc1nnc(-c2cc(C(C)(C)C)c(O)c(C(C)(C)C)c2)s1,train
CHEMBL16891,CHEMBL230,5.89,1999.0,5.89,CC(C)(C)c1cc(-c2nnc(NN)s2)cc(C(C)(C)C)c1O,train
CHEMBL1689430,CHEMBL230,6.38,2011.0,6.38,COc1ccc2c(c1)c(CC(=O)OCCS(=O)(=O)NO)c(C)n2C(=O)c1ccc(Cl)cc1,train
CHEMBL1689431,CHEMBL230,5.64,2011.0,5.64,COc1ccc2cc([C@H](C)C(=O)OCCS(=O)(=O)NO)ccc2c1,train
CHEMBL1689432,CHEMBL230,4.0,2011.0,4.0,O=C(Cc1ccccc1)OCCS(=O)(=O)NO,train
CHEMBL1689433,CHEMBL230,4.8,2011.0,4.8,CC(C)Cc1ccc(C(C)C(=O)OCCS(=O)(=O)NO)cc1,train
CHEMBL1689434,CHEMBL230,6.2,2011.0,6.2,CONS(=O)(=O)CCOC(=O)C(C)c1ccc(CC(C)C)cc1,train
CHEMBL1689435,CHEMBL230,4.0,2011.0,4.0,CCS(=O)(=O)NO,train
CHEMBL169,CHEMBL230,4.07,1998.0,4.07,C[C@H]1[C@H](C)CC[C@]2(C(=O)O)CC[C@]3(C)C(=CC[C@@H]4[C@@]5(C)CC[C@H](O)C(C)(C)[C@@H]5CC[C@]43C)[C@H]12,val
CHEMBL16952,CHEMBL230,5.8,1999.0,5.8,CS(=O)(=O)c1ccc(-c2sc(-c3ccncc3)nc2-c2ccc(F)cc2)cc1,train
CHEMBL16977,CHEMBL230,4.698970004336019,1999.0,4.698970004336019,CC(C)(C)c1cc(-c2nnc(O)o2)cc(C(C)(C)C)c1O,test
CHEMBL16981,CHEMBL230,7.19,1999.0,7.19,CC(C)(C)c1cc(-c2noc(NC#N)n2)cc(C(C)(C)C)c1O,train
CHEMBL16996,CHEMBL230,7.23,1999.0,7.23,COc1ccc(-c2nc(NCc3ccccc3)sc2-c2ccc(S(N)(=O)=O)cc2)cc1F,train
CHEMBL170180,CHEMBL230,4.36,1999.0,4.36,CS(=O)(=O)c1ccc(-c2ccc([N+](=O)[O-])cc2-c2ccccc2)cc1,test
CHEMBL17043,CHEMBL230,7.68,1999.0,7.68,CS(=O)(=O)c1ccc(-c2sc(-c3ccccc3Cl)nc2-c2ccc(F)cc2F)cc1,train
CHEMBL17047,CHEMBL230,8.22,1999.0,8.22,CS(=O)(=O)c1ccc(-c2nc(C(F)(F)F)sc2-c2ccc(F)cc2)cc1,train
CHEMBL170522,CHEMBL230,3.5228787452803374,1999.0,3.5228787452803374,CS(=O)(=O)c1ccc(-c2ccccc2-c2cncnc2)cc1,train
CHEMBL170591,CHEMBL230,4.522878745280337,1996.0,4.522878745280337,CS(=O)(=O)c1ccc(-c2ncoc2-c2ccc(F)cc2)cc1,train
CHEMBL17062,CHEMBL230,7.54,1999.0,7.54,Cc1nc(-c2ccc(S(N)(=O)=O)cc2)c(-c2ccccc2)s1,train
CHEMBL170639,CHEMBL230,4.522878745280337,1996.0,4.522878745280337,CS(=O)(=O)c1ccc(-c2oc(=O)oc2-c2ccccc2)cc1,train
CHEMBL17064,CHEMBL230,6.96,1999.0,6.96,CC(C)(C)c1nc(-c2ccc(F)cc2)c(-c2ccc(S(C)(=O)=O)cc2)s1,train
CHEMBL17069,CHEMBL230,7.24,1999.0,7.24,CS(=O)(=O)c1ccc(-c2sc(-c3ccccc3Cl)nc2-c2cccs2)cc1,train
CHEMBL17075,CHEMBL230,7.75,1999.0,7.75,Cc1nc(-c2ccc(S(N)(=O)=O)cc2)c(-c2ccc(Cl)cc2)s1,train
CHEMBL170780,CHEMBL230,4.24,1999.0,4.24,CS(=O)(=O)c1ccc(-c2ccccc2-c2ccc3ccccc3n2)cc1,train
CHEMBL170834,CHEMBL230,3.5228787452803374,1999.0,3.5228787452803374,CS(=O)(=O)c1ccc(-c2ccccc2-c2ccncc2)cc1,train
CHEMBL17091,CHEMBL230,4.698970004336019,1999.0,4.698970004336019,CC(C)(C)c1cc(-c2nsc(N)n2)cc(C(C)(C)C)c1O,train
CHEMBL17101,CHEMBL230,7.42,1999.0,7.42,Cc1nc(-c2ccccc2)c(-c2ccc(S(N)(=O)=O)cc2)s1,train
CHEMBL1710350,CHEMBL230,4.0,2013.0,4.0,COC(=O)c1c(-c2ccccc2)noc1-c1ccccc1,train
CHEMBL17104,CHEMBL230,4.57,1999.0,4.57,CC(C)(C)c1cc(-c2nsc(N=C(N)N)n2)cc(C(C)(C)C)c1O,train
CHEMBL17111,CHEMBL230,4.0,1999.0,4.0,CC(C)(C)c1ccc(-c2nc(-c3ccc(F)cc3)c(-c3ccc(S(C)(=O)=O)cc3)s2)cc1,train
CHEMBL171147,CHEMBL230,4.85,1999.0,4.85,CS(=O)(=O)c1ccc(-c2ccccc2N2CCCCC2)cc1,train
CHEMBL17126,CHEMBL230,4.0,1999.0,4.0,CS(=O)(=O)c1ccc(-c2sc(-c3ccccc3Cl)nc2-c2cc(F)ccc2F)cc1,train
CHEMBL171299,CHEMBL230,4.42,1999.0,4.42,CS(=O)(=O)c1ccc(-c2cc([N+](=O)[O-])ccc2-c2ccccc2)cc1,test
CHEMBL171335,CHEMBL230,8.7,1995.0,8.7,NS(=O)(=O)c1ccc(C2=C(c3ccc(F)cc3)CC3(CCC3)C2)cc1,test
CHEMBL171360,CHEMBL230,4.522878745280337,1996.0,4.522878745280337,CS(=O)(=O)c1ccc(-c2ocnc2-c2ccc(F)cc2)cc1,train
CHEMBL171416,CHEMBL230,4.52,1999.0,4.52,COc1ccc2cc(-c3ccccc3-c3ccc(S(C)(=O)=O)cc3)ccc2c1,train
CHEMBL171417,CHEMBL230,4.39,1999.0,4.39,CS(=O)(=O)c1ccc(-c2cc3ccccc3cc2-c2ccccc2)cc1,train
CHEMBL171471,CHEMBL230,4.51,1999.0,4.51,CS(=O)(=O)c1ccc(-c2ccccc2C2CCCCC2)cc1,train
CHEMBL17161,CHEMBL230,5.69,2006.0,5.69,CSc1cc(N)ccc1/N=N/c1ccc(S(N)(=O)=O)cc1,test
CHEMBL171646,CHEMBL230,5.17,1996.0,5.17,CS(=O)(=O)c1ccc(-c2sncc2-c2ccc(F)cc2)cc1,test
CHEMBL17179,CHEMBL230,7.1,1999.0,7.1,CS(=O)(=O)c1ccc(-c2sc(-c3ccccc3Cl)nc2-c2ccsc2)cc1,train
CHEMBL17184,CHEMBL230,8.52,1995.0,8.52,NS(=O)(=O)c1ccc(C2=C(c3ccc(F)cc3)CC3(CC3)C2)cc1,test
CHEMBL172128,CHEMBL230,3.712198270069774,1999.0,3.712198270069774,CS(=O)(=O)c1ccc(-c2cc(N)ccc2-c2ccccc2)cc1,test
CHEMBL17218,CHEMBL230,5.7,1999.0,5.7,CCSc1nnc(-c2nc(C(C)(C)C)c(O)c(C(C)(C)C)n2)s1,train
CHEMBL172194,CHEMBL230,3.5228787452803374,1999.0,3.5228787452803374,CN1CC=C(c2ccccc2-c2ccc(S(C)(=O)=O)cc2)CC1,test
CHEMBL17229,CHEMBL230,7.33,1999.0,7.33,CC(C)(C)c1cc(-c2nsc(NC#N)n2)cc(C(C)(C)C)c1O,train
CHEMBL172364,CHEMBL230,4.48,1999.0,4.48,CS(=O)(=O)c1ccc(-c2ccccc2Oc2ccccc2)cc1,train
CHEMBL172720,CHEMBL230,3.5228787452803374,1999.0,3.5228787452803374,CS(=O)(=O)c1ccc(-c2nccnc2-c2ccccc2)cc1,train
CHEMBL17276,CHEMBL230,7.75,1999.0,7.75,CS(=O)(=O)c1ccc(-c2sc(Cc3ccccc3)nc2-c2ccc(F)cc2)cc1,train
CHEMBL17307,CHEMBL230,4.698970004336019,1999.0,4.698970004336019,CC(C)(C)c1cc(-c2nnc(NC#N)s2)cc(C(C)(C)C)c1O,train
CHEMBL173072,CHEMBL230,8.1,1997.0,8.1,CN1C(O)=C(C(=O)Nc2ccccc2Cl)c2cc(Cl)ccc2S1(=O)=O,train
CHEMBL173169,CHEMBL230,3.832682665251824,1999.0,3.832682665251824,CS(=O)(=O)c1ccc(-c2cc(O)ccc2-c2ccccc2)cc1,test
CHEMBL173186,CHEMBL230,4.32,1999.0,4.32,COC(=O)c1ccc(-c2ccccc2)c(-c2ccc(S(C)(=O)=O)cc2)c1,test
CHEMBL173283,CHEMBL230,4.48,1999.0,4.48,CS(=O)(=O)c1ccc(-c2ccccc2C2=CCCCC2)cc1,train
CHEMBL173724,CHEMBL230,8.15,1997.0,8.15,CN1C(O)=C(C(=O)Nc2ccc(Br)cc2Br)c2cc(Cl)ccc2S1(=O)=O,train
CHEMBL173961,CHEMBL230,4.522878745280337,1996.0,4.522878745280337,CS(=O)(=O)c1ccc(-c2[nH]nnc2-c2ccccc2)cc1,val
CHEMBL174009,CHEMBL230,5.0,1996.0,5.0,CS(=O)(=O)c1ccc(-c2c(-c3ccc(F)cc3)csc2CC(=O)O)cc1,train
CHEMBL174314,CHEMBL230,3.5228787452803374,1999.0,3.5228787452803374,CS(=O)(=O)c1ccc(-c2ccccc2Cc2ccccc2)cc1,train
CHEMBL174777,CHEMBL230,8.05,1997.0,8.05,CN1C(O)=C(C(=O)Nc2ccc(Cl)cc2Cl)c2cc(Cl)ccc2S1(=O)=O,train
CHEMBL174990,CHEMBL230,7.34,1997.0,7.34,CN1C(=O)/C(=C(/O)Nc2ccc(Cl)cc2)c2ccccc2C1=O,train
CHEMBL175,CHEMBL230,5.875,2011.0,5.875,CC(C)Cc1ccc([C@H](C)C(=O)O)cc1,train
CHEMBL1760551,CHEMBL230,3.3979400086720375,2012.0,3.3979400086720375,COc1cc(/C=C/C(=O)NCCc2c[nH]c3ccc(O)cc23)cc(OC)c1O,train
CHEMBL1766283,CHEMBL230,5.0,2011.0,5.0,NS(=O)(=O)c1ccc(-n2nc(CCCNC(=O)Nc3ccccc3)cc2-c2ccccc2)cc1,val
CHEMBL1766284,CHEMBL230,5.16,2011.0,5.16,NS(=O)(=O)c1ccc(-n2nc(CCCNC(=O)NC34CC5CC(CC(C5)C3)C4)cc2-c2ccccc2)cc1,train
CHEMBL1766285,CHEMBL230,5.7,2011.0,5.7,NS(=O)(=O)c1ccc(-n2nc(CCCNC(=O)NC3CCCCCC3)cc2-c2ccccc2)cc1,train
CHEMBL1766286,CHEMBL230,5.22,2011.0,5.22,NS(=O)(=O)c1ccc(-n2nc(CCCNC(=O)Nc3ccc(Cl)cc3)cc2-c2ccccc2)cc1,val
CHEMBL1766287,CHEMBL230,5.89,2011.0,5.89,NS(=O)(=O)c1ccc(-n2nc(CCCNC(=O)Nc3ccc(C(F)(F)F)cc3)cc2-c2ccccc2)cc1,val
CHEMBL1766288,CHEMBL230,6.05,2011.0,6.05,NS(=O)(=O)c1ccc(-n2nc(CCCNC(=O)Nc3ccc(OC(F)(F)F)cc3)cc2-c2ccccc2)cc1,val
CHEMBL1766289,CHEMBL230,5.0,2011.0,5.0,CS(=O)(=O)c1ccc(-n2nc(CNC(=O)NC34CC5CC(CC(C5)C3)C4)cc2-c2ccccc2)cc1,test
CHEMBL1766290,CHEMBL230,5.0,2011.0,5.0,CS(=O)(=O)c1ccc(-n2nc(CNC(=O)NC3CCCCCC3)cc2-c2ccccc2)cc1,val
CHEMBL1766291,CHEMBL230,5.0,2011.0,5.0,CS(=O)(=O)c1ccc(-n2nc(CNC(=O)Nc3ccccc3)cc2-c2ccccc2)cc1,test
CHEMBL1766292,CHEMBL230,5.16,2011.0,5.16,CS(=O)(=O)c1ccc(-n2nc(CNC(=O)Nc3ccc(OC(F)(F)F)cc3)cc2-c2ccccc2)cc1,test
CHEMBL1766293,CHEMBL230,5.0,2011.0,5.0,CS(=O)(=O)c1ccc(-n2nc(CNC(=O)Nc3ccc(C(F)(F)F)cc3)cc2-c2ccccc2)cc1,test
CHEMBL1766294,CHEMBL230,5.6,2011.0,5.6,CS(=O)(=O)c1ccc(-n2nc(CNC(=O)Nc3cccc(C(F)(F)F)c3)cc2-c2ccccc2)cc1,test
CHEMBL1766295,CHEMBL230,6.0,2011.0,6.0,NS(=O)(=O)c1ccc(-n2nc(CNC(=O)Nc3cccc(C(F)(F)F)c3)cc2-c2ccccc2)cc1,test
CHEMBL1766296,CHEMBL230,5.0,2011.0,5.0,CC(C)(C)c1cc(CNC(=O)Nc2cccc(C(F)(F)F)c2)nn1-c1ccc(S(C)(=O)=O)cc1,train
CHEMBL1766297,CHEMBL230,5.7,2011.0,5.7,NS(=O)(=O)c1ccc(-n2nc(NC(=O)Nc3cccc(C(F)(F)F)c3)cc2-c2ccccc2)cc1,train
CHEMBL1766298,CHEMBL230,6.0,2011.0,6.0,NS(=O)(=O)c1ccc(-n2nc(CCNC(=O)Nc3cccc(C(F)(F)F)c3)cc2-c2ccccc2)cc1,train
CHEMBL1766299,CHEMBL230,6.16,2011.0,6.16,NS(=O)(=O)c1ccc(-n2nc(CCCNC(=O)Nc3cccc(C(F)(F)F)c3)cc2-c2ccccc2)cc1,val
CHEMBL1766300,CHEMBL230,5.52,2011.0,5.52,CS(=O)(=O)c1ccc(-n2nc(CCCNC(=O)Nc3cccc(C(F)(F)F)c3)cc2-c2ccccc2)cc1,val
CHEMBL1766301,CHEMBL230,5.55,2011.0,5.55,Cc1ccc(-c2cc(CCCNC(=O)Nc3cccc(C(F)(F)F)c3)nn2-c2ccc(S(N)(=O)=O)cc2)cc1,val
CHEMBL1766302,CHEMBL230,5.0,2011.0,5.0,CC(C)c1cccc(C(C)C)c1NC(=O)NCCCc1cc(-c2ccccc2)n(-c2ccc(S(N)(=O)=O)cc2)n1,val
CHEMBL17739,CHEMBL230,7.89,1999.0,7.89,NS(=O)(=O)c1ccc(-c2sc(-c3ccccc3Cl)nc2-c2ccc(F)cc2)cc1,train
CHEMBL1775087,CHEMBL230,5.095000000000001,2011.0,5.095000000000001,O=[N+]([O-])c1ccccc1Oc1ccc(OCCN2CCCC2)cc1,test
CHEMBL1775088,CHEMBL230,4.445,2011.0,4.445,O=[N+]([O-])c1cccc(Oc2ccc(OCCN3CCCC3)cc2)c1,test
CHEMBL1775089,CHEMBL230,4.225,2011.0,4.225,O=[N+]([O-])c1ccc(Oc2ccc(OCCN3CCCC3)cc2)cc1,test
CHEMBL1775090,CHEMBL230,4.0,2011.0,4.0,O=[N+]([O-])c1ccc(Oc2ccc(OCCN3CCCC3)cc2)c([N+](=O)[O-])c1,test
CHEMBL1775091,CHEMBL230,4.23,2011.0,4.23,c1ccc(Oc2ccc(OCCN3CCCC3)cc2)nc1,test
CHEMBL1775092,CHEMBL230,4.0,2011.0,4.0,c1cc(Oc2ccc(OCCN3CCCC3)cc2)ccn1,val
CHEMBL1775093,CHEMBL230,4.0,2011.0,4.0,CS(=O)(=O)c1ccccc1Oc1ccc(OCCN2CCCC2)cc1,test
CHEMBL1775094,CHEMBL230,4.0,2011.0,4.0,CS(=O)(=O)c1cccc(Oc2ccc(OCCN3CCCC3)cc2)c1,test
CHEMBL1775095,CHEMBL230,4.0,2011.0,4.0,CS(=O)(=O)c1ccc(Oc2ccc(OCCN3CCCC3)cc2)cc1,test
CHEMBL1775096,CHEMBL230,4.0,2011.0,4.0,CS(=O)(=O)c1ccc(Oc2ccc(OCCN3CCCC3)cc2)c([N+](=O)[O-])c1,test
CHEMBL1775097,CHEMBL230,4.105,2011.0,4.105,c1cnc(Oc2ccc(OCCN3CCCC3)cc2)cn1,train
CHEMBL1775098,CHEMBL230,4.0,2011.0,4.0,O=[N+]([O-])c1cccnc1Oc1ccc(OCCN2CCCC2)cc1,test
CHEMBL1775099,CHEMBL230,4.84,2011.0,4.84,FC(F)(F)c1ccccc1Oc1ccc(OCCN2CCCC2)cc1,test
CHEMBL1775100,CHEMBL230,4.0,2011.0,4.0,FC(F)(F)c1cccc(Oc2ccc(OCCN3CCCC3)cc2)c1,test
CHEMBL1775101,CHEMBL230,4.0,2011.0,4.0,FC(F)(F)c1ccc(Oc2ccc(OCCN3CCCC3)cc2)cc1,test
CHEMBL1775102,CHEMBL230,4.0,2011.0,4.0,Fc1ccc(Oc2ccc(OCCN3CCCC3)cc2)cc1,test
CHEMBL1775103,CHEMBL230,4.33,2011.0,4.33,Clc1ccc(Oc2ccc(OCCN3CCCC3)cc2)cc1,test
CHEMBL1775104,CHEMBL230,4.645,2011.0,4.645,Brc1ccc(Oc2ccc(OCCN3CCCC3)cc2)cc1,test
CHEMBL1775105,CHEMBL230,4.0,2011.0,4.0,Nc1ccccc1Oc1ccc(OCCN2CCCC2)cc1,test
CHEMBL1775106,CHEMBL230,4.0,2011.0,4.0,Nc1cccc(Oc2ccc(OCCN3CCCC3)cc2)c1,test
CHEMBL1775107,CHEMBL230,4.220000000000001,2011.0,4.220000000000001,Nc1ccc(Oc2ccc(OCCN3CCCC3)cc2)cc1,test
CHEMBL1775108,CHEMBL230,4.0,2011.0,4.0,CS(=O)(=O)N(c1ccccc1Oc1ccc(OCCN2CCCC2)cc1)S(C)(=O)=O,test
CHEMBL1775109,CHEMBL230,4.0,2011.0,4.0,CS(=O)(=O)N(c1cccc(Oc2ccc(OCCN3CCCC3)cc2)c1)S(C)(=O)=O,test
CHEMBL1775110,CHEMBL230,4.0,2011.0,4.0,CS(=O)(=O)Nc1ccc(Oc2ccc(OCCN3CCCC3)cc2)cc1,test
CHEMBL1775111,CHEMBL230,4.02,2011.0,4.02,CN(c1ccccc1Oc1ccc(OCCN2CCCC2)cc1)S(C)(=O)=O,test
CHEMBL177606,CHEMBL230,6.52,1997.0,6.52,CN1C(O)=C(C(=O)Nc2ccc(F)cc2F)c2cc(Cl)ccc2S1(=O)=O,train
CHEMBL177808,CHEMBL230,6.7,1997.0,6.7,CN1C(=O)/C(=C(/O)Nc2ccc(Cl)cc2Cl)c2cc(Cl)ccc2C1=O,train
CHEMBL178383,CHEMBL230,4.49,2005.0,4.49,Oc1ccc(/C=C/c2cc(/C=C/c3ccc(O)cc3)[nH]n2)cc1,train
CHEMBL179204,CHEMBL230,4.5,2013.0,4.5,Cc1ccc(C(=Cc2ccc(S(C)(=O)=O)cc2)c2ccc(C)cc2)cc1,train
CHEMBL179512,CHEMBL230,4.67,2005.0,4.67,COc1cc(/C=C/C(O)=C/C(=O)/C=C/c2ccc(O)cc2)ccc1O,train
CHEMBL179723,CHEMBL230,4.5,2013.0,4.5,CS(=O)(=O)c1ccc(C=C(c2ccc(F)cc2)c2ccc(F)cc2)cc1,train
CHEMBL1797308,CHEMBL230,4.3979400086720375,2019.0,4.3979400086720375,CC1(C)CC[C@]2(C(=O)O)CC[C@]3(C)C(=CC[C@@H]4[C@@]5(C)C[C@H](O)[C@H](O)[C@@](C)(CO)[C@@H]5CC[C@]43C)[C@@H]2C1,val
CHEMBL1797511,CHEMBL230,5.38,2011.0,5.38,CS(=O)(=O)c1ccc(C2=C(c3ccc(CO)cc3)C(=O)OC2)cc1,train
CHEMBL1797512,CHEMBL230,5.62,2011.0,5.62,CC(=O)OCO/N=[N+](/[O-])N1CCC[C@@H]1C(=O)OCc1ccc(C2=C(c3ccc(S(C)(=O)=O)cc3)COC2=O)cc1,test
CHEMBL1800685,CHEMBL230,5.06,2021.0,5.06,O=C(O)c1cc(-c2ccc(C3CCNCC3)cc2)c2ccc(-c3ccc(C(F)(F)F)cc3)cc2c1,train
CHEMBL18020,CHEMBL230,7.22,1998.0,7.22,CC(C)S(=O)(=O)c1c(O)n(Cc2ccccc2)c(=O)c2ccc(Cl)cc12,test
CHEMBL1802044,CHEMBL230,4.3979400086720375,2019.0,4.3979400086720375,CC(=O)O[C@@H]1CC[C@@]2(C)[C@@H](CC[C@]3(C)[C@@H]2CC=C2[C@@H]4CC(C)(C)CC[C@]4(C)CC[C@]23C)[C@@]1(C)C(=O)O,val
CHEMBL180239,CHEMBL230,5.01,2005.0,5.01,COc1cc(/C=C/c2cc(/C=C/c3ccc(O)c(OC)c3)[nH]n2)ccc1O,train
CHEMBL18040,CHEMBL230,6.085,2003.0,6.085,CC1(O)OC(=O)C(c2ccc(F)cc2)=C1c1ccc(S(C)(=O)=O)cc1,train
CHEMBL18089,CHEMBL230,6.1,2003.0,6.1,CC(C)OC1(C)OC(=O)C(c2ccc(F)cc2)=C1c1ccc(S(C)(=O)=O)cc1,train
CHEMBL1813328,CHEMBL230,4.36,2011.0,4.36,C[C@]1(O)C[C@@H](O)[C@](O)(CC=O)[C@@H]1C=O,train
CHEMBL1814706,CHEMBL230,3.0,2011.0,3.0,CC(C(=O)[O-])c1ccc(CC2CCCC2=O)cc1-c1ccc(OC(F)(F)F)cc1.[Na+],test
CHEMBL1814707,CHEMBL230,5.7,2011.0,5.7,CC(C(=O)[O-])c1ccc(CC2CCCC2=O)cc1Cl.[Na+],train
CHEMBL1814708,CHEMBL230,3.2676062401770314,2011.0,3.2676062401770314,CC(C(=O)[O-])c1ccc(CC2CCCC2=O)cc1I.[Na+],train
CHEMBL1814709,CHEMBL230,4.31,2011.0,4.31,CC(C(=O)[O-])c1ccc(CC2CCCC2=O)cc1[N+](=O)[O-].[Na+],train
CHEMBL1814710,CHEMBL230,4.64,2011.0,4.64,CC(C(=O)[O-])c1ccc(CC2CCCC2=O)c(Br)c1.[Na+],train
CHEMBL1814711,CHEMBL230,4.91,2011.0,4.91,CC(C(=O)O)c1ccc(C[C@H]2CCC[C@H]2O)cc1,test
CHEMBL1814712,CHEMBL230,3.537602002101044,2011.0,3.537602002101044,CC(C(=O)[O-])c1ccc(CC2CCCC2=O)c(-c2ccccc2)c1.[Na+],val
CHEMBL1814713,CHEMBL230,3.3767507096020997,2011.0,3.3767507096020997,Cc1ccc(-c2cc(C(C)C(=O)[O-])ccc2CC2CCCC2=O)cc1.[Na+],val
CHEMBL1814714,CHEMBL230,3.0,2011.0,3.0,COc1ccc(-c2cc(C(C)C(=O)[O-])ccc2CC2CCCC2=O)cc1.[Na+],val
CHEMBL1814715,CHEMBL230,3.0,2011.0,3.0,CSc1ccc(-c2cc(C(C)C(=O)[O-])ccc2CC2CCCC2=O)cc1.[Na+],val
CHEMBL1814716,CHEMBL230,4.44,2011.0,4.44,CC(C(=O)[O-])c1ccc(CC2CCCC2=O)c(-c2ccc(F)cc2)c1.[Na+],val
CHEMBL1814717,CHEMBL230,4.14,2011.0,4.14,CC(C(=O)[O-])c1ccc(CC2CCCC2=O)c(-c2ccc(OC(F)(F)F)cc2)c1.[Na+],val
CHEMBL1814718,CHEMBL230,3.0,2011.0,3.0,CC(C(=O)[O-])c1ccc(CC2CCCC2=O)c(-c2ccc(C(=O)[O-])cc2)c1.[Na+].[Na+],val
CHEMBL1814720,CHEMBL230,4.16,2011.0,4.16,CC(C(=O)[O-])c1ccc(CC2CCCC2=O)cc1-c1ccccc1.[Na+],test
CHEMBL1814721,CHEMBL230,3.2676062401770314,2011.0,3.2676062401770314,Cc1ccc(-c2cc(CC3CCCC3=O)ccc2C(C)C(=O)[O-])cc1.[Na+],test
CHEMBL1814722,CHEMBL230,3.3665315444204134,2011.0,3.3665315444204134,COc1ccc(-c2cc(CC3CCCC3=O)ccc2C(C)C(=O)[O-])cc1.[Na+],test
CHEMBL1814723,CHEMBL230,3.8239087409443187,2011.0,3.8239087409443187,CSc1ccc(-c2cc(CC3CCCC3=O)ccc2C(C)C(=O)[O-])cc1.[Na+],test
CHEMBL1814724,CHEMBL230,4.44,2011.0,4.44,CC(C(=O)[O-])c1ccc(CC2CCCC2=O)cc1-c1ccc(F)cc1.[Na+],test
CHEMBL1814725,CHEMBL230,4.12,2011.0,4.12,CC(C(=O)[O-])c1ccc(CC2CCCC2=O)cc1-c1ccc(C(=O)[O-])cc1.[Na+].[Na+],test
CHEMBL1814726,CHEMBL230,4.96,2011.0,4.96,CC(C(=O)[O-])c1ccc(CC2CCCC2=O)cc1-c1ccc(O)cc1.[Na+],test
CHEMBL1814727,CHEMBL230,4.7,2011.0,4.7,CC(C(=O)[O-])c1ccc(C[C@H]2CCC[C@@H]2O)cc1-c1ccc(O)cc1.[Na+],train
CHEMBL1814728,CHEMBL230,4.77,2011.0,4.77,CC(C(=O)[O-])c1ccc(C[C@H]2CCC[C@H]2O)cc1-c1ccc(O)cc1.[Na+],train
CHEMBL18148,CHEMBL230,7.05,1998.0,7.05,CC(C)S(=O)(=O)c1c(O)n(Cc2ccc(F)cc2)c(=O)c2ccccc12,test
CHEMBL1814813,CHEMBL230,6.81,2011.0,6.81,CN=[S+](C)([O-])c1ccc(C2=C(c3ccccc3)C(=O)OC2)cc1,train
CHEMBL181529,CHEMBL230,4.97,2005.0,4.97,COc1cc(/C=C/c2cc(/C=C/c3ccc(O)c(OC)c3)on2)ccc1O,train
CHEMBL1819479,CHEMBL230,5.0,2015.0,5.0,CCCC/C(=C\c1cc(OCc2ccc(C(F)(F)F)cc2)ccc1OCc1ccc(C(F)(F)F)cc1)C(=O)O,train
CHEMBL182033,CHEMBL230,4.72,2005.0,4.72,COc1cc(/C=C/c2cc(/C=C/c3ccc(O)cc3)on2)ccc1O,train
CHEMBL18251,CHEMBL230,6.615,2003.0,6.615,CC1(O)OC(=O)C(c2ccc(Cl)c(Cl)c2)=C1c1ccc(S(C)(=O)=O)cc1,train
CHEMBL18254,CHEMBL230,5.52,2003.0,5.52,CC1(O)OC(=O)C(c2ccc(Cl)cc2Cl)=C1c1ccc(S(C)(=O)=O)cc1,train
CHEMBL18264,CHEMBL230,6.32,1999.0,6.32,CS(=O)(=O)c1ccc(C2=C(c3ccc(F)c(F)c3)C(=O)OC2)cc1,train
CHEMBL182695,CHEMBL230,8.22,2004.0,8.22,Cc1cc(-c2c(-c3ccc(S(C)(=O)=O)cc3)ccc(F)c2F)ccc1Cl,test
CHEMBL182820,CHEMBL230,7.89,2004.0,7.89,COc1ccc(-c2c(-c3ccc(S(N)(=O)=O)cc3)ccc(F)c2F)cc1F,test
CHEMBL1830335,CHEMBL230,5.0,2011.0,5.0,Cc1ccc(-c2cc(CCC(=O)Oc3ccc(C(C)C)cc3)nn2-c2ccc(Cl)nn2)cc1,train
CHEMBL1830338,CHEMBL230,5.0,2011.0,5.0,CC(C)(C)c1ccc(CN2CCN(C(=O)CCc3cc(-c4ccc(F)cc4)n(-c4ccc(Cl)nn4)n3)CC2)cc1,train
CHEMBL1830459,CHEMBL230,5.0,2011.0,5.0,CCOC(=O)C1CCN(C(=O)CCc2cc(-c3ccc(C(F)(F)F)cc3)n(-c3ccc(Cl)nn3)n2)CC1,test
CHEMBL1830468,CHEMBL230,5.0,2011.0,5.0,Cc1ccc(-c2cc(CCC(=O)N3CCN(Cc4ccc(C(C)(C)C)cc4)CC3)nn2-c2ccccc2)cc1,test
CHEMBL1830471,CHEMBL230,5.0,2011.0,5.0,Cc1ccc(-c2cc(CCC(=O)N3CCN(Cc4ccc(C(C)(C)C)cc4)CC3)nn2-c2ccc3ccccc3n2)cc1,train
CHEMBL1830477,CHEMBL230,5.0,2011.0,5.0,CCOC(=O)C1CCN(C(=O)CCc2cc(-c3ccc(C)cc3)n(-c3ccccc3)n2)CC1,train
CHEMBL1830478,CHEMBL230,5.0,2011.0,5.0,Cc1ccc(-c2cc(CCC(=O)Oc3ccc(C(C)C)cc3)nn2-c2ccccc2)cc1,test
CHEMBL1830479,CHEMBL230,5.0,2011.0,5.0,CCOC(=O)C1CCN(C(=O)CCc2cc(-c3ccc(C)cc3)n(-c3ccc4ccccc4n3)n2)CC1,train
CHEMBL1830480,CHEMBL230,5.0,2011.0,5.0,Cc1ccc(-c2cc(CCC(=O)Oc3ccc(C(C)C)cc3)nn2-c2ccc3ccccc3n2)cc1,train
CHEMBL183088,CHEMBL230,7.85,2004.0,7.85,CS(=O)(=O)c1ccc(-c2ccc(F)c(F)c2-c2ccc(F)cc2)cc1,test
CHEMBL183101,CHEMBL230,6.42,2004.0,6.42,COC(=O)c1[nH]c2cc(S(C)(=O)=O)ccc2c1Sc1ccc(F)cc1F,train
CHEMBL18312,CHEMBL230,5.925,2003.0,5.925,CC1(O)OC(=O)C(c2ccc3ccccc3c2)=C1c1ccc(S(C)(=O)=O)cc1,test
CHEMBL18316,CHEMBL230,5.92,2003.0,5.92,CC1(O)OC(=O)C(c2ccccc2)=C1c1ccc(S(C)(=O)=O)cc1,train
CHEMBL183178,CHEMBL230,6.25,2004.0,6.25,COc1ccc(Oc2c(C)[nH]c3cccc(S(C)(=O)=O)c23)cc1,val
CHEMBL183279,CHEMBL230,6.220000000000001,2004.0,6.220000000000001,COc1ccc(Sc2c(C#N)[nH]c3cc(S(C)(=O)=O)ccc23)c(Cl)c1,train
CHEMBL183294,CHEMBL230,6.5649999999999995,2004.0,6.5649999999999995,CS(=O)(=O)c1ccc2c(Sc3ccccc3Cl)c(C#N)[nH]c2c1,train
CHEMBL183515,CHEMBL230,7.92,2004.0,7.92,CS(=O)(=O)c1ccc(-c2ccc(F)c(F)c2-c2ccc3c(c2)OCO3)cc1,test
CHEMBL183653,CHEMBL230,5.515000000000001,2004.0,5.515000000000001,Cc1[nH]c2cc(S(C)(=O)=O)ccc2c1Sc1ccccn1,train
CHEMBL18373,CHEMBL230,6.54,1998.0,6.54,CC(C)S(=O)(=O)c1c(O)n(Cc2ccccc2)c(=O)c2ccccc12,test
CHEMBL18377,CHEMBL230,5.150514997831991,2003.0,5.150514997831991,CC1(O)OC(=O)C(Sc2ccccc2)=C1c1ccc(S(C)(=O)=O)cc1,train
CHEMBL183891,CHEMBL230,7.37,2004.0,7.37,CCOc1ccc2c(-c3ccc(S(C)(=O)=O)cc3)c(-c3ccc(F)cc3)nn2n1,train
CHEMBL183930,CHEMBL230,4.3979400086720375,2004.0,4.3979400086720375,Cc1[nH]c2cc(S(C)(=O)=O)ccc2c1[S+]([O-])c1ccc(F)cc1,test
CHEMBL183970,CHEMBL230,5.83,2004.0,5.83,Cc1[nH]c2cc(S(C)(=O)=O)ccc2c1Cc1ccc(F)cc1F,test
CHEMBL183977,CHEMBL230,5.77,2004.0,5.77,COc1ccc(C(=O)c2c(C)[nH]c3cc(S(C)(=O)=O)ccc23)cc1,train
CHEMBL184022,CHEMBL230,5.805,2004.0,5.805,CS(=O)(=O)c1ccc2c(Sc3ccc(F)cc3)c(CO)[nH]c2c1,train
CHEMBL184039,CHEMBL230,6.029999999999999,2004.0,6.029999999999999,COC(=O)c1[nH]c2cc(S(C)(=O)=O)ccc2c1Sc1ccc(F)cc1,train
CHEMBL184075,CHEMBL230,5.97,2004.0,5.97,Cc1[nH]c2cc(S(C)(=O)=O)ccc2c1Oc1ccc(Cl)cc1,val
CHEMBL184076,CHEMBL230,8.4,2004.0,8.4,Cc1ccc(-c2c(-c3ccc(S(N)(=O)=O)cc3)ccc(F)c2F)cc1,test
CHEMBL184122,CHEMBL230,7.89,2004.0,7.89,COc1ccc(-c2c(-c3ccc(S(N)(=O)=O)cc3)ccc(F)c2F)cc1Cl,test
CHEMBL184145,CHEMBL230,6.62,2004.0,6.62,CS(=O)(=O)c1ccc(-c2ccc(Cl)c(Cl)c2-c2ccc(F)cc2)cc1,test
CHEMBL184187,CHEMBL230,7.3,2004.0,7.3,COc1ccc2c(-c3ccc(S(C)(=O)=O)cc3)c(-c3ccc(C)cc3)nn2n1,train
CHEMBL184238,CHEMBL230,4.0,2016.0,4.0,NC(=O)c1cccc(-c2cccc(OC(=O)NC3CCCCC3)c2)c1,val
CHEMBL184281,CHEMBL230,5.825,2004.0,5.825,COc1ccc(Sc2c(C)[nH]c3cc(S(C)(=O)=O)ccc23)cc1,train
CHEMBL184327,CHEMBL230,7.19,2004.0,7.19,COc1ccc(-c2c(-c3ccc(S(N)(=O)=O)cc3)ccc(F)c2F)cc1OC,test
CHEMBL184341,CHEMBL230,8.3,2004.0,8.3,COc1ccc(-c2c(-c3ccc(S(N)(=O)=O)cc3)ccc(F)c2F)cc1C,test
CHEMBL184375,CHEMBL230,8.3,2004.0,8.3,Cc1ccc(-c2c(-c3ccc(S(N)(=O)=O)cc3)ccc(F)c2F)cc1C,test
CHEMBL184389,CHEMBL230,7.64,2004.0,7.64,Cc1ccc(-c2c(-c3ccc(S(C)(=O)=O)cc3)ccc(F)c2F)cc1C,test
CHEMBL184436,CHEMBL230,4.3979400086720375,2004.0,4.3979400086720375,CNC(=O)c1[nH]c2cc(S(C)(=O)=O)ccc2c1Sc1ccc(F)cc1F,train
CHEMBL184498,CHEMBL230,7.89,2004.0,7.89,COc1ccc(-c2c(-c3ccc(S(C)(=O)=O)cc3)ccc(F)c2F)cc1C,test
CHEMBL184613,CHEMBL230,7.508638306165727,2004.0,7.508638306165727,Cc1ccc2c(-c3ccc(S(C)(=O)=O)cc3)c(-c3ccccc3)nn2n1,train
CHEMBL184764,CHEMBL230,5.965,2004.0,5.965,CS(=O)(=O)c1ccc2c(Sc3ccc(F)cc3F)c(C#N)[nH]c2c1,train
CHEMBL18498,CHEMBL230,7.08,2003.0,7.08,COC1(C)OC(=O)C(c2ccc(F)cc2)=C1c1ccc(S(C)(=O)=O)cc1,train
CHEMBL185163,CHEMBL230,8.4,2004.0,8.4,NS(=O)(=O)c1ccc(-c2ccc(F)c(F)c2-c2ccc(F)cc2)cc1,test
CHEMBL185196,CHEMBL230,8.52,2004.0,8.52,Cc1cc(-c2c(-c3ccc(S(N)(=O)=O)cc3)ccc(F)c2F)ccc1Cl,test
CHEMBL185246,CHEMBL230,4.3979400086720375,2004.0,4.3979400086720375,CS(=O)(=O)c1ccc2c(Sc3ccc(F)cc3)c(C(=O)O)[nH]c2c1,train
CHEMBL185407,CHEMBL230,7.72,2004.0,7.72,COc1ccc(-c2c(-c3ccc(S(C)(=O)=O)cc3)ccc(F)c2F)cc1Cl,test
CHEMBL185420,CHEMBL230,8.0,2004.0,8.0,CS(=O)(=O)c1ccc(-c2ccc(F)c(F)c2-c2ccc(F)c(Cl)c2)cc1,test
CHEMBL185528,CHEMBL230,5.915,2004.0,5.915,Cc1[nH]c2cc(S(C)(=O)=O)ccc2c1Cc1ccc(Cl)cc1,test
CHEMBL185547,CHEMBL230,8.52,2004.0,8.52,Cc1ccc(-c2c(-c3ccc(S(N)(=O)=O)cc3)ccc(F)c2F)cc1Cl,test
CHEMBL185621,CHEMBL230,7.62,2004.0,7.62,Cc1ccc2c(-c3ccc(S(C)(=O)=O)cc3)c(-c3ccc(F)cc3)nn2n1,train
CHEMBL185638,CHEMBL230,4.0,2004.0,4.0,Cc1cc(C)c(S(N)(=O)=O)c(C)c1-c1noc(C)c1-c1ccccc1,train
CHEMBL185639,CHEMBL230,4.0,2004.0,4.0,Cc1onc(-c2ccc(Cl)o2)c1-c1ccc(S(N)(=O)=O)cc1,train
CHEMBL186632,CHEMBL230,9.36,2004.0,9.36,CCOc1ccc(-c2nn3ncccc3c2-c2ccc(S(N)(=O)=O)cc2)cc1,train
CHEMBL186634,CHEMBL230,7.49,2004.0,7.49,NS(=O)(=O)c1ccc(-c2ccc(F)c(F)c2-c2ccc3c(c2)OCCO3)cc1,train
CHEMBL186709,CHEMBL230,7.89,2004.0,7.89,CCOc1ccc(-c2nn3nc(SC)ccc3c2-c2ccc(S(N)(=O)=O)cc2)cc1,train
CHEMBL186764,CHEMBL230,4.0,2004.0,4.0,COc1cc(OC)c(-c2noc(C)c2-c2ccccc2)c(OC)c1,train
CHEMBL186817,CHEMBL230,4.0,2004.0,4.0,COc1cc(OC)c(-c2noc(C)c2-c2ccc(S(N)(=O)=O)cc2)c(OC)c1Cl,train
CHEMBL187137,CHEMBL230,7.7,2009.0,7.7,COc1ccc(-c2cc(-c3ccccc3)c(-c3ccc(S(C)(=O)=O)cc3)c(=O)o2)cc1,train
CHEMBL187468,CHEMBL230,7.32,2004.0,7.32,CCc1ccc2c(-c3ccc(S(C)(=O)=O)cc3)c(-c3ccc(F)cc3)nn2n1,train
CHEMBL18790,CHEMBL230,6.45,2003.0,6.45,CC1(OCC(F)(F)F)OC(=O)C(c2ccc(F)cc2)=C1c1ccc(S(C)(=O)=O)cc1,train
CHEMBL18796,CHEMBL230,4.891258027893047,2003.0,4.891258027893047,CC1(O)OC(=O)C(Oc2ccc(F)c(F)c2)=C1c1ccc(S(C)(=O)=O)cc1,train
CHEMBL18797,CHEMBL230,6.33,2010.0,6.33,CSc1ccc(/C=C2/C(C)=C(CC(=O)O)c3cc(F)ccc32)cc1,test
CHEMBL188071,CHEMBL230,8.3,2004.0,8.3,Cc1cc(-c2c(-c3ccc(S(C)(=O)=O)cc3)ccc(F)c2F)ccc1F,test
CHEMBL188115,CHEMBL230,7.29,2004.0,7.29,COc1ccc2c(-c3ccc(S(C)(=O)=O)cc3)c(-c3ccc(F)cc3)nn2n1,train
CHEMBL18867,CHEMBL230,5.88,2003.0,5.88,CC(C)c1ccc(C2=C(c3ccc(S(C)(=O)=O)cc3)C(C)(O)OC2=O)cc1,train
CHEMBL188739,CHEMBL230,4.0,2004.0,4.0,COc1cc(OC)c(-c2noc(C)c2-c2ccccc2)c(OC)c1Cl,train
CHEMBL18883,CHEMBL230,4.240743030061056,2004.0,4.240743030061056,C[C@@H](C(=O)O)c1ccc(C[C@@H]2CCC[C@H]2O)cc1,test
CHEMBL189171,CHEMBL230,8.0,2024.0,8.0,COc1ccc2c(c1)c(CC(=O)OCC(=O)O)c(C)n2C(=O)c1ccc(Cl)cc1,train
CHEMBL1894768,CHEMBL230,6.39,2012.0,6.39,c1ccc(-c2csc(Nc3ccc4c(c3)OCO4)n2)cc1,train
CHEMBL189701,CHEMBL230,4.0,2004.0,4.0,Cc1cc(C)c(S(N)(=O)=O)c(C)c1-c1noc(C)c1-c1ccc(S(N)(=O)=O)cc1,train
CHEMBL190011,CHEMBL230,5.92,2004.0,5.92,COC1(c2cc(-c3ccc(S(C)(=O)=O)cc3)n(-c3ccc(C)cc3)n2)CCCO1,test
CHEMBL190083,CHEMBL230,3.910094888560602,2005.0,3.910094888560602,C[C@@H](C(=O)O)c1ccc(-c2ccccc2)c(F)c1,train
CHEMBL1902481,CHEMBL230,5.301029995663981,2012.0,5.301029995663981,CC(=O)c1sc(Nc2ccc(Oc3ccccc3)cc2)nc1C,train
CHEMBL1903990,CHEMBL230,5.301029995663981,2012.0,5.301029995663981,COc1ccc(-c2csc(Nc3ccc(Oc4ccccc4)cc3)n2)cc1,train
CHEMBL19056,CHEMBL230,5.79,2003.0,5.79,CC1(O)OC(=O)C(c2ccsc2)=C1c1ccc(S(C)(=O)=O)cc1,test
CHEMBL1907447,CHEMBL230,5.301029995663981,2012.0,5.301029995663981,COc1cccc(-c2csc(Nc3ccc(Oc4ccccc4)cc3)n2)c1,train
CHEMBL1907465,CHEMBL230,5.301029995663981,2012.0,5.301029995663981,COc1ccccc1-c1csc(Nc2ccc(Oc3ccccc3)cc2)n1,train
CHEMBL1908355,CHEMBL230,6.57,,6.57,NC(=O)N1C(=O)/C(=C(\O)c2cccs2)c2cc(Cl)ccc21,train
CHEMBL191534,CHEMBL230,5.3,2014.0,5.3,CCCCC/C=C\C/C=C\C/C=C\C/C=C\CCCC(=O)NCCc1c[nH]c2ccc(O)cc12,test
CHEMBL1916947,CHEMBL230,4.8,2011.0,4.8,O=C(NS(=O)(=O)c1ccccc1)c1cccnc1,test
CHEMBL1916948,CHEMBL230,4.93,2011.0,4.93,O=C(NS(=O)(=O)c1ccc(F)cc1)c1cccnc1,test
CHEMBL1916949,CHEMBL230,5.18,2011.0,5.18,O=C(NS(=O)(=O)c1ccc(Cl)cc1)c1cccnc1,test
CHEMBL1916950,CHEMBL230,5.31,2011.0,5.31,O=C(NS(=O)(=O)c1ccc(Br)cc1)c1cccnc1,test
CHEMBL1916951,CHEMBL230,4.74,2011.0,4.74,Cc1ccc(S(=O)(=O)NC(=O)c2cccnc2)cc1,test
CHEMBL1916952,CHEMBL230,5.1,2011.0,5.1,O=C(NS(=O)(=O)c1ccccc1)c1cncc(C(=O)NS(=O)(=O)c2ccccc2)c1,train
CHEMBL1916953,CHEMBL230,5.25,2011.0,5.25,O=C(NS(=O)(=O)c1ccc(F)cc1)c1cncc(C(=O)NS(=O)(=O)c2ccc(F)cc2)c1,train
CHEMBL1916954,CHEMBL230,5.47,2011.0,5.47,O=C(NS(=O)(=O)c1ccc(Cl)cc1)c1cncc(C(=O)NS(=O)(=O)c2ccc(Cl)cc2)c1,train
CHEMBL1916955,CHEMBL230,5.55,2011.0,5.55,O=C(NS(=O)(=O)c1ccc(Br)cc1)c1cncc(C(=O)NS(=O)(=O)c2ccc(Br)cc2)c1,train
CHEMBL1916956,CHEMBL230,5.07,2011.0,5.07,Cc1ccc(S(=O)(=O)NC(=O)c2cncc(C(=O)NS(=O)(=O)c3ccc(C)cc3)c2)cc1,train
CHEMBL1916957,CHEMBL230,4.92,2011.0,4.92,O=C(NS(=O)(=O)c1ccc(F)cc1)c1ccncc1,test
CHEMBL1916958,CHEMBL230,4.9,2011.0,4.9,O=C(NS(=O)(=O)c1ccc(Cl)cc1)c1ccncc1,test
CHEMBL1916959,CHEMBL230,5.11,2011.0,5.11,O=C(NS(=O)(=O)c1ccc(Br)cc1)c1ccncc1,test
CHEMBL1916960,CHEMBL230,4.71,2011.0,4.71,Cc1ccc(S(=O)(=O)NC(=O)c2ccncc2)cc1,test
CHEMBL1916961,CHEMBL230,5.06,2011.0,5.06,O=C(NS(=O)(=O)c1ccccc1)c1ccccn1,test
CHEMBL1916962,CHEMBL230,5.2,2011.0,5.2,O=C(NS(=O)(=O)c1ccc(F)cc1)c1ccccn1,test
CHEMBL1916963,CHEMBL230,5.22,2011.0,5.22,O=C(NS(=O)(=O)c1ccc(Cl)cc1)c1ccccn1,test
CHEMBL1916964,CHEMBL230,5.44,2011.0,5.44,O=C(NS(=O)(=O)c1ccc(Br)cc1)c1ccccn1,test
CHEMBL1916965,CHEMBL230,5.1,2011.0,5.1,Cc1ccc(S(=O)(=O)NC(=O)c2ccccn2)cc1,test
CHEMBL1916966,CHEMBL230,5.43,2011.0,5.43,O=C(NS(=O)(=O)c1ccccc1)c1cccc(C(=O)NS(=O)(=O)c2ccccc2)n1,train
CHEMBL1916967,CHEMBL230,5.58,2011.0,5.58,O=C(NS(=O)(=O)c1ccc(F)cc1)c1cccc(C(=O)NS(=O)(=O)c2ccc(F)cc2)n1,train
CHEMBL1916968,CHEMBL230,5.72,2011.0,5.72,O=C(NS(=O)(=O)c1ccc(Cl)cc1)c1cccc(C(=O)NS(=O)(=O)c2ccc(Cl)cc2)n1,train
CHEMBL1916969,CHEMBL230,6.1,2011.0,6.1,O=C(NS(=O)(=O)c1ccc(Br)cc1)c1cccc(C(=O)NS(=O)(=O)c2ccc(Br)cc2)n1,train
CHEMBL1916970,CHEMBL230,5.25,2011.0,5.25,Cc1ccc(S(=O)(=O)NC(=O)c2cccc(C(=O)NS(=O)(=O)c3ccc(C)cc3)n2)cc1,train
CHEMBL1917087,CHEMBL230,5.64,2011.0,5.64,NS(=O)(=O)c1cc2c(cc1Cl)S(c1ccc(Br)cc1)=NS2(=O)=O,train
CHEMBL1917088,CHEMBL230,5.75,2011.0,5.75,CS(=O)(=O)c1ccc2c(c1)S(=O)(=O)N=S2c1ccc(Br)cc1,train
CHEMBL1917097,CHEMBL230,5.77,2011.0,5.77,CCc1ccc(S2=NS(=O)(=O)c3cc([N+](=O)[O-])ccc32)cc1,train
CHEMBL1917098,CHEMBL230,6.14,2011.0,6.14,CC(C)c1ccc(S2=NS(=O)(=O)c3cc([N+](=O)[O-])ccc32)cc1,train
CHEMBL1917099,CHEMBL230,6.57,2011.0,6.57,CC(C)(C)c1ccc(S2=NS(=O)(=O)c3cc([N+](=O)[O-])ccc32)cc1,train
CHEMBL1917100,CHEMBL230,6.06,2011.0,6.06,COc1ccc(S2=NS(=O)(=O)c3cc([N+](=O)[O-])ccc32)cc1,train
CHEMBL1917102,CHEMBL230,6.3,2011.0,6.3,O=[N+]([O-])c1ccc2c(c1)S(=O)(=O)N=S2c1ccc(-c2ccccc2)cc1,test
CHEMBL1917103,CHEMBL230,5.52,2011.0,5.52,O=[N+]([O-])c1ccc2c(c1)S(=O)(=O)N=S2c1ccc(C(F)(F)F)cc1,train
CHEMBL1922660,CHEMBL230,4.0,2011.0,4.0,CCOc1ccc(-c2ccc(Cn3c(CC(C)(C)C(=O)O)c(SC(C)(C)C)c4cc(OCc5ccc(C)cn5)ccc43)cc2)cn1,train
CHEMBL192678,CHEMBL230,5.16,2010.0,5.16,Cc1c(CC(=O)O)cc(-c2ccc(S(C)(=O)=O)cc2)n1-c1ccccc1,train
CHEMBL19286,CHEMBL230,4.85,2004.0,4.85,C[C@H](C(=O)O)c1ccc(C[C@@H]2CCC[C@H]2O)cc1,test
CHEMBL19299,CHEMBL230,4.4350000000000005,2004.0,4.4350000000000005,CC(C(=O)O)c1ccc(CC2CCCC2=O)cc1,train
CHEMBL1938840,CHEMBL230,7.22,2012.0,7.22,CC(C)(C)OC1Oc2ccccc2-c2nc(NN)ncc21,test
CHEMBL1939434,CHEMBL230,5.01,2012.0,5.01,O=C(O)/C=C/C12C=C(O)C(=O)C=C1C(=O)C1=Cc3cc(O)c(O)cc3O[C@@H](c3ccc(O)c(O)c3)[C@@H]12,train
CHEMBL1939435,CHEMBL230,5.12,2012.0,5.12,O=C(O)/C=C/c1ccc2c(c1)O[C@H](c1cc(O)cc(O)c1)[C@H](C(=O)O)O2,test
CHEMBL1939436,CHEMBL230,4.59,2012.0,4.59,O=C(O)/C=C/c1ccc2c(c1)O[C@@H](C(=O)O)[C@@H](c1cc(O)cc(O)c1)O2,test
CHEMBL1939437,CHEMBL230,4.28,2012.0,4.28,O=C(O)/C=C/c1ccc2c(c1)O[C@@H](C(=O)O)[C@@H](c1ccc(O)c(O)c1)O2,test
CHEMBL1939438,CHEMBL230,4.37,2012.0,4.37,O=C1O[C@@H](c2ccc(O)c(O)c2)[C@H](C(=O)O)/C1=C\c1ccc(O)c(O)c1,train
CHEMBL1939511,CHEMBL230,7.64,2015.0,7.64,Cc1c(CC(=O)OCCCO)cc(-c2ccc(S(C)(=O)=O)cc2)n1-c1cccc(F)c1,train
CHEMBL1939512,CHEMBL230,7.05,2015.0,7.05,Cc1c(CC(=O)OCCO)cc(-c2ccc(S(C)(=O)=O)cc2)n1-c1ccc(F)cc1,train
CHEMBL1939514,CHEMBL230,7.07,2015.0,7.07,CSc1ccc(-n2c(-c3ccc(S(C)(=O)=O)cc3)cc(CC(=O)OCCO)c2C)cc1,train
CHEMBL1939515,CHEMBL230,6.58,2015.0,6.58,CSc1ccc(-n2c(-c3ccc(S(C)(=O)=O)cc3)cc(CC(=O)OCCCO)c2C)cc1,train
CHEMBL1939516,CHEMBL230,5.96,2015.0,5.96,COc1ccc(-n2c(-c3ccc(S(C)(=O)=O)cc3)cc(CC(=O)OCCO)c2C)cc1,train
CHEMBL1939517,CHEMBL230,6.16,2015.0,6.16,COc1ccc(-n2c(-c3ccc(S(C)(=O)=O)cc3)cc(CC(=O)OCCCO)c2C)cc1,train
CHEMBL1939668,CHEMBL230,7.37,2015.0,7.37,Cc1c(CC(=O)OCCO[N+](=O)[O-])cc(-c2ccc(S(C)(=O)=O)cc2)n1-c1ccccc1,train
CHEMBL1939670,CHEMBL230,6.609999999999999,2011.0,6.609999999999999,Cc1c(CC(=O)OCCO[N+](=O)[O-])cc(-c2ccc(S(C)(=O)=O)cc2)n1-c1cccc(F)c1,train
CHEMBL1939671,CHEMBL230,8.15,2015.0,8.15,Cc1c(CC(=O)OCCCO[N+](=O)[O-])cc(-c2ccc(S(C)(=O)=O)cc2)n1-c1cccc(F)c1,train
CHEMBL1939675,CHEMBL230,7.57,2015.0,7.57,CSc1ccc(-n2c(-c3ccc(S(C)(=O)=O)cc3)cc(CC(=O)OCCCO[N+](=O)[O-])c2C)cc1,train
CHEMBL1939676,CHEMBL230,6.77,2015.0,6.77,COc1ccc(-n2c(-c3ccc(S(C)(=O)=O)cc3)cc(CC(=O)OCCO[N+](=O)[O-])c2C)cc1,train
CHEMBL1939677,CHEMBL230,8.7,2015.0,8.7,COc1ccc(-n2c(-c3ccc(S(C)(=O)=O)cc3)cc(CC(=O)OCCCO[N+](=O)[O-])c2C)cc1,train
CHEMBL1939678,CHEMBL230,7.57,2015.0,7.57,Cc1c(CC(=O)OCCO)cc(-c2ccc(S(C)(=O)=O)cc2)n1-c1ccccc1,train
CHEMBL1939680,CHEMBL230,6.42,2011.0,6.42,Cc1c(CC(=O)OCCO)cc(-c2ccc(S(C)(=O)=O)cc2)n1-c1cccc(F)c1,train
CHEMBL1945285,CHEMBL230,6.28,2011.0,6.28,CC(C)Cc1ccc([C@H](CF)C(=O)O)cc1,train
CHEMBL1946565,CHEMBL230,3.3979400086720375,2011.0,3.3979400086720375,CCc1c(CC(=O)O)c2ccccc2n1C(=O)c1ccc(Cl)cc1,train
CHEMBL1946749,CHEMBL230,3.3979400086720375,2011.0,3.3979400086720375,O=C(O)Cc1c(-c2ccccc2)n(C(=O)c2ccc(Cl)cc2)c2ccccc12,train
CHEMBL1950009,CHEMBL230,7.41,2012.0,7.41,Cc1ccnc(C(=O)c2[nH]c3cc(F)ccc3c2CC(=O)O)c1,train
CHEMBL1950010,CHEMBL230,6.305,2012.0,6.305,COc1ccc2c(CC(=O)O)c(C(=O)c3cc(C)ccn3)[nH]c2c1,train
CHEMBL1950011,CHEMBL230,6.38,2012.0,6.38,CCc1ccc2c(CC(=O)O)c(C(=O)c3cc(C)ccn3)[nH]c2c1,train
CHEMBL1950012,CHEMBL230,7.38,2012.0,7.38,Cc1ccnc(C(=O)c2[nH]c3ccc(C(C)(C)C)cc3c2CC(=O)O)c1,train
CHEMBL1950013,CHEMBL230,6.8,2012.0,6.8,CCc1ccc2[nH]c(C(=O)c3cc(C)ccn3)c(CC(=O)O)c2c1,train
CHEMBL1950014,CHEMBL230,6.5600000000000005,2012.0,6.5600000000000005,Cc1ccnc(C(=O)c2[nH]c3ccc(OC(F)(F)F)cc3c2CC(=O)O)c1,train
CHEMBL1950015,CHEMBL230,5.8100000000000005,2012.0,5.8100000000000005,CCc1ccnc(C(=O)c2[nH]c3ccc(OC(F)(F)F)cc3c2CC(=O)O)c1,train
CHEMBL1950016,CHEMBL230,7.585,2012.0,7.585,Cc1ccnc(C(=O)c2[nH]c3cc(Cl)c(F)cc3c2CC(=O)O)c1,train
CHEMBL1950017,CHEMBL230,7.535,2012.0,7.535,Cc1ccnc(C(=O)c2[nH]c3ccc(F)cc3c2CC(=O)O)c1,train
CHEMBL1950018,CHEMBL230,6.275,2012.0,6.275,COc1ccc2[nH]c(C(=O)c3cc(C)ccn3)c(CC(=O)O)c2c1,train
CHEMBL1950019,CHEMBL230,7.51,2012.0,7.51,CCc1cc(C(=O)c2[nH]c3cc(Cl)ccc3c2CC(=O)O)ncc1Cl,train
CHEMBL1950020,CHEMBL230,7.72,2012.0,7.72,O=C(O)Cc1c(C(=O)c2cc3c(cn2)CCCC3)[nH]c2cc(Cl)ccc12,test
CHEMBL1950021,CHEMBL230,6.22,2012.0,6.22,CCOc1cnc(C(=O)c2[nH]c3cc(Cl)ccc3c2CC(=O)O)cc1CC,train
CHEMBL195437,CHEMBL230,5.54,,5.54,CCCCCCCCc1ccc(O)cc1,train
CHEMBL195550,CHEMBL230,4.0,2005.0,4.0,CS(=O)(=O)c1ccc(C2=C(c3ccccc3)S(=O)OC2)cc1,train
CHEMBL1955883,CHEMBL230,4.82,2012.0,4.82,O=C(N[C@@H](CS)C(=O)N[C@@H](CO)C(=O)O)c1ccc(F)cc1,train
CHEMBL1956381,CHEMBL230,4.82,2012.0,4.82,NS(=O)(=O)c1ccc(-n2nnnc2-c2ccccc2)cc1,val
CHEMBL1956382,CHEMBL230,4.0,2012.0,4.0,Cc1ccc(-c2nnnn2-c2ccc(S(N)(=O)=O)cc2)cc1,val
CHEMBL1956383,CHEMBL230,4.0,2012.0,4.0,COc1ccc(-c2nnnn2-c2ccc(S(N)(=O)=O)cc2)cc1,val
CHEMBL1956384,CHEMBL230,4.25,2012.0,4.25,NS(=O)(=O)c1ccc(-n2nnnc2-c2ccc(F)cc2)cc1,val
CHEMBL1956385,CHEMBL230,4.21,2012.0,4.21,NS(=O)(=O)c1ccc(-n2nnnc2-c2ccc(Cl)cc2)cc1,val
CHEMBL1956386,CHEMBL230,4.0,2012.0,4.0,NS(=O)(=O)c1ccc(-n2nnnc2-c2ccc(C(F)(F)F)cc2)cc1,val
CHEMBL1956387,CHEMBL230,4.0,2012.0,4.0,NS(=O)(=O)c1ccc(-n2nnnc2-c2ccc([N+](=O)[O-])cc2)cc1,val
CHEMBL1956388,CHEMBL230,5.16,2012.0,5.16,CN(C)c1ccc(-c2nnnn2-c2ccc(S(N)(=O)=O)cc2)cc1,val
CHEMBL1956389,CHEMBL230,4.52,2012.0,4.52,CS(=O)(=O)c1ccc(-n2nnnc2-c2ccccc2)cc1,val
CHEMBL1956390,CHEMBL230,4.06,2012.0,4.06,Cc1ccc(-c2nnnn2-c2ccc(S(C)(=O)=O)cc2)cc1,val
CHEMBL1956391,CHEMBL230,4.0,2012.0,4.0,COc1ccc(-c2nnnn2-c2ccc(S(C)(=O)=O)cc2)cc1,val
CHEMBL1956392,CHEMBL230,4.82,2012.0,4.82,CS(=O)(=O)c1ccc(-n2nnnc2-c2ccc(F)cc2)cc1,val
CHEMBL1956393,CHEMBL230,4.5,2012.0,4.5,CS(=O)(=O)c1ccc(-n2nnnc2-c2ccc(Cl)cc2)cc1,val
CHEMBL1956394,CHEMBL230,4.0,2012.0,4.0,CS(=O)(=O)c1ccc(-n2nnnc2-c2ccc(C(F)(F)F)cc2)cc1,val
CHEMBL1956395,CHEMBL230,4.16,2012.0,4.16,CS(=O)(=O)c1ccc(-n2nnnc2-c2ccc([N+](=O)[O-])cc2)cc1,val
CHEMBL1956396,CHEMBL230,5.22,2012.0,5.22,CN(C)c1ccc(-c2nnnn2-c2ccc(S(C)(=O)=O)cc2)cc1,val
CHEMBL1957450,CHEMBL230,7.82,2012.0,7.82,N[C@@H](Cc1c[nH]c2ccccc12)C(=O)N[C@@H](CS)C(=O)N[C@@H](CO)C(=O)O,test
CHEMBL1957451,CHEMBL230,3.154901959985743,2012.0,3.154901959985743,N[C@@H](Cc1c[nH]c2ccccc12)C(=O)N[C@@H](Cc1ccc(O)cc1)C(=O)N[C@@H](CC(=O)O)C(=O)O,train
CHEMBL1957452,CHEMBL230,3.3467874862246565,2012.0,3.3467874862246565,CSCC[C@H](NC(=O)[C@H](Cc1c[nH]c2ccccc12)NC(=O)c1ccc(F)cc1)C(=O)N[C@@H](CC(=O)O)C(=O)O,train
CHEMBL1957453,CHEMBL230,3.4559319556497243,2012.0,3.4559319556497243,CSCC[C@H](NC(=O)[C@H](Cc1c[nH]c2ccccc12)NC(=O)c1ccc(F)cc1)C(=O)N[C@@H](CCC(=O)O)C(=O)O,train
CHEMBL1957454,CHEMBL230,3.0,2012.0,3.0,CSCC[C@H](NC(=O)[C@H](Cc1ccc(O)cc1)NC(=O)c1ccc(F)cc1)C(=O)N[C@@H](CC(=O)O)C(=O)O,test
CHEMBL1957455,CHEMBL230,3.3010299956639813,2012.0,3.3010299956639813,CSCC[C@H](NC(=O)[C@H](Cc1ccc(O)cc1)NC(=O)c1ccc(F)cc1)C(=O)N[C@@H](CCC(=O)O)C(=O)O,test
CHEMBL1957456,CHEMBL230,3.3467874862246565,2012.0,3.3467874862246565,CSCC[C@H](NC(=O)[C@H](Cc1ccccc1)NC(=O)c1ccc(F)cc1)C(=O)N[C@@H](CC(=O)O)C(=O)O,test
CHEMBL1957457,CHEMBL230,3.0,2012.0,3.0,CSCC[C@H](NC(=O)[C@H](Cc1ccccc1)NC(=O)c1ccc(F)cc1)C(=O)N[C@@H](CCC(=O)O)C(=O)O,test
CHEMBL1957567,CHEMBL230,3.744727494896694,2012.0,3.744727494896694,O=C(N[C@@H](Cc1ccc(O)cc1)C(=O)N[C@@H](Cc1c[nH]c2ccccc12)C(=O)N[C@@H](CO)C(=O)O)c1ccc(F)cc1,train
CHEMBL1957568,CHEMBL230,4.89,2012.0,4.89,O=C(N[C@@H](Cc1ccccc1)C(=O)N[C@@H](CS)C(=O)N[C@@H](CO)C(=O)O)c1ccc(F)cc1,test
CHEMBL1957569,CHEMBL230,4.07,2012.0,4.07,O=C(N[C@@H](Cc1c[nH]c2ccccc12)C(=O)N[C@@H](CS)C(=O)N[C@@H](CO)C(=O)O)c1ccc(F)cc1,train
CHEMBL1957571,CHEMBL230,4.85,2012.0,4.85,O=C(O)C[C@H](NC(=O)[C@H](CS)NC(=O)c1ccc(F)cc1)C(=O)O,train
CHEMBL1957572,CHEMBL230,3.853871964321762,2012.0,3.853871964321762,O=C(N[C@@H](Cc1ccc(O)cc1)C(=O)N[C@@H](CO)C(=O)O)c1ccc(F)cc1,test
CHEMBL1957573,CHEMBL230,3.6989700043360187,2012.0,3.6989700043360187,O=C(N[C@@H](Cc1c[nH]c2ccccc12)C(=O)N[C@@H](CO)C(=O)O)c1ccc(F)cc1,train
CHEMBL1957574,CHEMBL230,3.958607314841775,2012.0,3.958607314841775,O=C(O)C[C@H](NC(=O)[C@H](Cc1ccc(O)cc1)NC(=O)c1ccc(F)cc1)C(=O)O,test
CHEMBL1957877,CHEMBL230,4.76,2012.0,4.76,Fc1ccc(/N=C/c2c[nH]c3ccccc23)cc1,test
CHEMBL1957878,CHEMBL230,4.52,2012.0,4.52,Cc1ccc(/N=C/c2c[nH]c3ccccc23)cc1,test
CHEMBL1957879,CHEMBL230,4.94,2012.0,4.94,FC(F)(F)c1ccc(/N=C/c2c[nH]c3ccccc23)cc1,test
CHEMBL1957880,CHEMBL230,6.15,2012.0,6.15,Fc1ccc(/N=C/c2cn(Cc3ccccc3)c3ccccc23)cc1,train
CHEMBL1957881,CHEMBL230,4.76,2012.0,4.76,Cc1ccc(/N=C/c2cn(Cc3ccccc3)c3ccccc23)cc1,train
CHEMBL1957882,CHEMBL230,6.08,2012.0,6.08,FC(F)(F)c1ccc(/N=C/c2cn(Cc3ccccc3)c3ccccc23)cc1,train
CHEMBL1957883,CHEMBL230,6.37,2012.0,6.37,O=C(c1ccccc1)n1cc(/C=N/c2ccc(F)cc2)c2ccccc21,train
CHEMBL1957884,CHEMBL230,4.91,2012.0,4.91,Cc1ccc(/N=C/c2cn(C(=O)c3ccccc3)c3ccccc23)cc1,train
CHEMBL1957885,CHEMBL230,6.5,2012.0,6.5,O=C(c1ccccc1)n1cc(/C=N/c2ccc(C(F)(F)F)cc2)c2ccccc21,train
CHEMBL1957886,CHEMBL230,5.18,2012.0,5.18,O=C(c1ccccc1)n1cc(/C=N/c2ccc(Cl)cc2)c2ccccc21,train
CHEMBL195825,CHEMBL230,7.8,2005.0,7.8,Cc1ccc2c(c1F)CSc1c(C(F)(F)F)nn(-c3ccc(S(N)(=O)=O)cc3)c1-2,train
CHEMBL1958348,CHEMBL230,6.42,2012.0,6.42,CC(=O)Oc1ccccc1C(=O)Oc1ccc(CCO)cc1,test
CHEMBL1958349,CHEMBL230,9.7,2012.0,9.7,CC(C)Cc1ccc(C(C)C(=O)Oc2ccc(CCO)cc2)cc1,train
CHEMBL1958350,CHEMBL230,5.34,2012.0,5.34,COc1ccc2c(c1)c(CC(=O)Oc1ccc(CCO)cc1)c(C)n2C(=O)c1ccc(Cl)cc1,train
CHEMBL195887,CHEMBL230,4.94,2005.0,4.94,Oc1ccc(-c2nc(-c3ccc(O)cc3Cl)cn2-c2ccc(O)cc2)cc1,train
CHEMBL195894,CHEMBL230,7.12,2005.0,7.12,COc1ccc2c(c1F)CSc1c(C(F)(F)F)nn(-c3ccc(S(C)(=O)=O)cc3)c1-2,train
CHEMBL196041,CHEMBL230,8.1,2005.0,8.1,NS(=O)(=O)c1ccc(-c2c(-c3ccccc3)noc2CCF)cc1,train
CHEMBL196263,CHEMBL230,5.03,2005.0,5.03,Oc1ccc(-n2cc(-c3ccc(O)cc3Cl)nc2-c2ccc(O)cc2Cl)cc1,train
CHEMBL19657,CHEMBL2094253,6.4,1997.0,6.4,Cn1c2c(c3cc(O)ccc31)CCCCC2,train
CHEMBL196996,CHEMBL2094253,6.41,2005.0,6.41,CC(C)(C)c1cc(/C=C2/SC(N)=NC2=O)cc(C(C)(C)C)c1O,train
CHEMBL200812,CHEMBL230,7.55,2006.0,7.55,C[C@@H]1CN(c2c(C#N)c(C(F)F)nn2-c2ccc(S(C)(=O)=O)cn2)C[C@H](C)O1,train
CHEMBL201515,CHEMBL230,4.3979400086720375,2019.0,4.3979400086720375,CC1(C)CC[C@]2(C(=O)O)CC[C@]3(C)C(=CC[C@@H]4[C@@]5(C)C[C@@H](O)[C@H](O)C(C)(C)[C@@H]5CC[C@]43C)[C@@H]2C1,val
CHEMBL2016598,CHEMBL230,4.96,2012.0,4.96,Cc1noc2c(Cc3ccccc3)nn(Cc3nnc(Nc4ccccc4)s3)c(=O)c12,val
CHEMBL2017291,CHEMBL230,4.0,2011.0,4.0,COc1cc2c(cc1-c1c(C)noc1C)ncc1[nH]c(=O)n([C@H](C)c3ccccn3)c12,train
CHEMBL2018563,CHEMBL230,4.67,2012.0,4.67,CNc1nnc(Cn2nc(Cc3ccccc3)c3onc(C)c3c2=O)s1,train
CHEMBL2018564,CHEMBL230,4.0,2012.0,4.0,CCNc1nnc(Cn2nc(Cc3ccccc3)c3onc(C)c3c2=O)s1,train
CHEMBL2018565,CHEMBL230,5.22,2012.0,5.22,CNc1nnc(Cn2nc(Cc3ccc([N+](=O)[O-])cc3)c3onc(C)c3c2=O)s1,train
CHEMBL2018566,CHEMBL230,4.4,2012.0,4.4,CCNc1nnc(Cn2nc(Cc3ccc([N+](=O)[O-])cc3)c3onc(C)c3c2=O)s1,train
CHEMBL2018567,CHEMBL230,4.0,2012.0,4.0,Cc1noc2c(Cc3ccc([N+](=O)[O-])cc3)nn(Cc3nnc(Nc4ccccc4)s3)c(=O)c12,val
CHEMBL2018568,CHEMBL230,4.83,2012.0,4.83,CNc1nnc(Cn2nc(Cc3ccc(OC)cc3)c3onc(C)c3c2=O)s1,train
CHEMBL2018569,CHEMBL230,4.0,2012.0,4.0,CCNc1nnc(Cn2nc(Cc3ccc(OC)cc3)c3onc(C)c3c2=O)s1,train
CHEMBL2018570,CHEMBL230,4.0,2012.0,4.0,COc1ccc(Cc2nn(Cc3nnc(Nc4ccccc4)s3)c(=O)c3c(C)noc23)cc1,val
CHEMBL2018667,CHEMBL230,5.26,2012.0,5.26,Cc1noc2c(Cc3ccccc3)nn(Cc3n[nH]c(=S)n3C)c(=O)c12,test
CHEMBL2018668,CHEMBL230,5.21,2012.0,5.21,CCn1c(Cn2nc(Cc3ccccc3)c3onc(C)c3c2=O)n[nH]c1=S,test
CHEMBL2018669,CHEMBL230,4.0,2012.0,4.0,Cc1noc2c(Cc3ccccc3)nn(Cc3n[nH]c(=S)n3-c3ccccc3)c(=O)c12,test
CHEMBL2018670,CHEMBL230,5.34,2012.0,5.34,Cc1noc2c(Cc3ccc([N+](=O)[O-])cc3)nn(Cc3n[nH]c(=S)n3C)c(=O)c12,test
CHEMBL2018671,CHEMBL230,5.04,2012.0,5.04,CCn1c(Cn2nc(Cc3ccc([N+](=O)[O-])cc3)c3onc(C)c3c2=O)n[nH]c1=S,test
CHEMBL2018672,CHEMBL230,4.0,2012.0,4.0,Cc1noc2c(Cc3ccc([N+](=O)[O-])cc3)nn(Cc3n[nH]c(=S)n3-c3ccccc3)c(=O)c12,test
CHEMBL2018673,CHEMBL230,5.68,2012.0,5.68,COc1ccc(Cc2nn(Cc3n[nH]c(=S)n3C)c(=O)c3c(C)noc23)cc1,test
CHEMBL2018674,CHEMBL230,5.66,2012.0,5.66,CCn1c(Cn2nc(Cc3ccc(OC)cc3)c3onc(C)c3c2=O)n[nH]c1=S,test
CHEMBL2018675,CHEMBL230,4.97,2012.0,4.97,COc1ccc(Cc2nn(Cc3n[nH]c(=S)n3-c3ccccc3)c(=O)c3c(C)noc23)cc1,test
CHEMBL2023649,CHEMBL230,5.0,2012.0,5.0,O=C(O)Cc1cnc(C(=O)c2ccc(NC(=O)c3ccc(Cl)c(Cl)c3)cc2)c2ccccc12,train
CHEMBL2023820,CHEMBL230,4.0,2012.0,4.0,O=C(O)c1cccc(Nc2ccc([N+](=O)[O-])c3ccccc23)c1,val
CHEMBL2023846,CHEMBL230,5.0,2012.0,5.0,Clc1ccc(-c2csc(Nc3ccc(Oc4ccccc4)cc3)n2)cc1,train
CHEMBL2023847,CHEMBL230,6.08,2012.0,6.08,Clc1ccc(-c2csc(Nc3ccc4c(c3)OCO4)n2)cc1,train
CHEMBL2023848,CHEMBL230,5.86,2012.0,5.86,COc1cccc(Nc2nc(-c3ccc(Cl)cc3)cs2)c1,train
CHEMBL2023850,CHEMBL230,5.97,2012.0,5.97,CN(c1ccc(O)cc1)c1nc(-c2ccc(Cl)cc2)cs1,train
CHEMBL2023851,CHEMBL230,5.301029995663981,2012.0,5.301029995663981,COc1ccc(Nc2nc(-c3ccc(Cl)cc3)c(C)s2)cc1,train
CHEMBL2023852,CHEMBL230,5.301029995663981,2012.0,5.301029995663981,c1ccc(Oc2ccc(Nc3nc(-c4ccccc4)cs3)cc2)cc1,train
CHEMBL2023853,CHEMBL230,5.301029995663981,2012.0,5.301029995663981,Fc1ccc(-c2csc(Nc3ccc(Oc4ccccc4)cc3)n2)cc1,train
CHEMBL2023857,CHEMBL230,5.92,2012.0,5.92,COc1ccc(Nc2nc(-c3ccc(C)c(C)c3)cs2)cc1,train
CHEMBL2023858,CHEMBL230,6.09,2012.0,6.09,COc1ccc(-c2csc(Nc3ccc(C)cc3)n2)cc1,train
CHEMBL2023859,CHEMBL230,6.04,2012.0,6.04,Clc1ccccc1-c1csc(Nc2ccc3c(c2)OCO3)n1,train
CHEMBL2023860,CHEMBL230,6.03,2012.0,6.03,COc1ccccc1-c1csc(Nc2ccc3c(c2)OCO3)n1,train
CHEMBL2023861,CHEMBL230,6.04,2012.0,6.04,COc1cccc(-c2csc(Nc3ccc4c(c3)OCO4)n2)c1,train
CHEMBL2023862,CHEMBL230,6.04,2012.0,6.04,COc1ccc(-c2csc(Nc3ccc4c(c3)OCO4)n2)cc1,train
CHEMBL2023948,CHEMBL230,5.301029995663981,2012.0,5.301029995663981,CCc1sc(Nc2ccc(OC)cc2)nc1C,train
CHEMBL2023949,CHEMBL230,5.301029995663981,2012.0,5.301029995663981,CCc1sc(Nc2ccc(Oc3ccccc3)cc2)nc1C,train
CHEMBL2023950,CHEMBL230,5.301029995663981,2012.0,5.301029995663981,Cc1nc(Nc2ccc(Oc3ccccc3)cc2)sc1C(C)O,train
CHEMBL20403,CHEMBL230,4.0,2004.0,4.0,COC1(c2cc(F)cc(OCc3ccc4c(ccc(=O)n4C)c3)c2)CCOCC1,train
CHEMBL2040589,CHEMBL2094253,4.33,2018.0,4.33,Oc1cc2cc(c1O)Oc1ccc(cc1)CCc1cccc(O)c1Oc1cccc(c1)CC2,train
CHEMBL2040590,CHEMBL2094253,4.24,2018.0,4.24,COC1Cc2cccc(c2)Oc2c(O)cccc2CCc2ccc(cc2)Oc2cc1cc(O)c2O,train
CHEMBL2040593,CHEMBL2094253,4.25,2018.0,4.25,Oc1cc2cc(c1O)Oc1ccc(cc1)CCc1ccc(O)c(O)c1Oc1cccc(c1)CC2,train
CHEMBL2041554,CHEMBL230,4.0,2012.0,4.0,CC(=O)c1ccc(Nc2cccc(C(=O)O)c2)c(C(=O)O)c1,train
CHEMBL2041555,CHEMBL230,4.0,2012.0,4.0,O=C(O)c1cccc(Nc2ccc(C(F)(F)F)cc2[N+](=O)[O-])c1,train
CHEMBL2041556,CHEMBL230,4.0,2012.0,4.0,COc1ccc(Nc2cccc(C(=O)O)c2)c([N+](=O)[O-])c1,train
CHEMBL2063728,CHEMBL230,4.85,2012.0,4.85,CC(C(=O)O)c1ccc(N[C@H]2CCC[C@@H]2O)cc1F,test
CHEMBL2063730,CHEMBL230,4.67,2012.0,4.67,CC(C(=O)O)c1ccc(NC2CCCC2)cc1F,test
CHEMBL2063732,CHEMBL230,4.62,2012.0,4.62,CC(C(=O)O)c1ccc(OC2CCCC2=O)cc1F,train
CHEMBL2063734,CHEMBL230,4.58,2012.0,4.58,CC(C(=O)O)c1ccc(OC2CCCC2)cc1F,train
CHEMBL2063852,CHEMBL230,5.39,2012.0,5.39,CC(C(=O)O)c1ccc(Cc2ccco2)cc1F,test
CHEMBL2063853,CHEMBL230,4.89,2012.0,4.89,CC(C(=O)O)c1ccc(Cc2cccs2)cc1F,val
CHEMBL2063854,CHEMBL230,5.4,2012.0,5.4,CC(C(=O)O)c1ccc(Cc2ccoc2)cc1F,train
CHEMBL2063855,CHEMBL230,5.08,2012.0,5.08,CC(C(=O)O)c1ccc(Cc2ccsc2)cc1F,train
CHEMBL206765,CHEMBL230,6.22,2005.0,6.22,C=C1C(=O)O[C@H]2[C@H]1[C@H](OC(=O)[C@@]1(C)O[C@H]1C)[C@@H](OC(C)=O)/C(C(=O)OC)=C\CC[C@@]1(C)O[C@H]21,test
CHEMBL207594,CHEMBL230,5.31,2006.0,5.31,C[S+]([O-])c1ccc(C2=C(c3ccccc3)C(=O)OC2)cc1,train
CHEMBL208704,CHEMBL230,6.6,2006.0,6.6,Cc1cc(=O)c(Oc2ccc(Cl)cc2F)c(-c2ccc([S@+](C)[O-])cc2)o1,train
CHEMBL2087935,CHEMBL230,4.11,2012.0,4.11,NS(=O)(=O)c1ccc(NN2C(=O)CSC2c2ccccc2)cc1,train
CHEMBL2087936,CHEMBL230,4.34,2012.0,4.34,NS(=O)(=O)c1ccc(NN2C(=O)CSC2c2ccc(Cl)cc2)cc1,train
CHEMBL2087937,CHEMBL230,4.2,2012.0,4.2,NS(=O)(=O)c1ccc(NN2C(=O)CSC2c2ccc(F)cc2)cc1,train
CHEMBL2087938,CHEMBL230,4.61,2012.0,4.61,Cc1ccc(C2SCC(=O)N2Nc2ccc(S(N)(=O)=O)cc2)cc1,train
CHEMBL2087939,CHEMBL230,4.29,2012.0,4.29,NS(=O)(=O)c1ccc(NN2C(=O)CSC2c2ccc(C(F)(F)F)cc2)cc1,train
CHEMBL2087940,CHEMBL230,4.7,2012.0,4.7,CS(=O)(=O)c1ccc(NN2C(=O)CSC2c2ccccc2)cc1,train
CHEMBL2087941,CHEMBL230,3.914709421769935,2012.0,3.914709421769935,CS(=O)(=O)c1ccc(NN2C(=O)CSC2c2ccc(Cl)cc2)cc1,train
CHEMBL2087942,CHEMBL230,4.34,2012.0,4.34,CS(=O)(=O)c1ccc(NN2C(=O)CSC2c2ccc(F)cc2)cc1,train
CHEMBL2087943,CHEMBL230,4.84,2012.0,4.84,Cc1ccc(C2SCC(=O)N2Nc2ccc(S(C)(=O)=O)cc2)cc1,train
CHEMBL2087944,CHEMBL230,4.42,2012.0,4.42,CS(=O)(=O)c1ccc(NN2C(=O)CSC2c2ccc(C(F)(F)F)cc2)cc1,train
CHEMBL209408,CHEMBL230,6.7,2006.0,6.7,Cc1cc(=O)c(Oc2ccc(Br)cc2F)c(-c2ccc([S@+](C)[O-])cc2)o1,train
CHEMBL2096829,CHEMBL230,5.46,2006.0,5.46,Cc1ccc(-c2ncc(Cl)cc2-c2ccc([S@+](C)[O-])cc2)cn1,val
CHEMBL2096834,CHEMBL230,5.61,2006.0,5.61,Cc1cc(=O)c(Oc2ccc(Cl)cc2F)c(-c2ccc([S@@+](C)[O-])cc2)o1,train
CHEMBL2096835,CHEMBL230,5.8,2006.0,5.8,Cc1cc(=O)c(Oc2ccc(Br)cc2F)c(-c2ccc([S@@+](C)[O-])cc2)o1,train
CHEMBL2096836,CHEMBL230,6.57,2006.0,6.57,Cc1cc(=O)c(Oc2ccc(F)cc2F)c(-c2ccc([S@+](C)[O-])cc2)o1,train
CHEMBL209689,CHEMBL230,5.52,2006.0,5.52,Cc1ccc2c(c1)c(-c1ccnc3c(C)cccc13)c(C)n2CC(=O)O,test
CHEMBL209883,CHEMBL230,6.04,2006.0,6.04,Cc1cc(=O)c(Oc2ccc(F)cc2F)c(-c2ccc([S+](C)[O-])cc2)o1,train
CHEMBL210300,CHEMBL230,5.23,2009.0,5.23,COc1cc(/C=C/c2ccc([N+](=O)[O-])cc2)cc(OC)c1,train
CHEMBL2104993,CHEMBL230,8.51,2020.0,8.51,Cc1ccc(Sc2ccccc2N2CCNCC2)c(C)c1,train
CHEMBL2105528,CHEMBL230,6.0,2014.0,6.0,Cc1c(NCc2c(C(C)C)c(=O)n(-c3ccccc3)n2C)c(=O)n(-c2ccccc2)n1C,val
CHEMBL2106551,CHEMBL230,7.32,2012.0,7.32,CC(C(=O)O)c1ccc(-c2cn3ccccc3n2)cc1,train
CHEMBL210897,CHEMBL230,6.17,2006.0,6.17,Cc1cc(=O)c(Oc2ccc(Cl)cc2F)c(-c2ccc([S+](C)[O-])cc2)o1,train
CHEMBL2111539,CHEMBL230,6.3,2004.0,6.3,CS(=O)(=O)c1ccc(-c2cc(/C=C\CC[N+](=O)[O-])nn2C2CCCCC2)cc1,train
CHEMBL2111594,CHEMBL230,6.4,2000.0,6.4,COC(=O)[C@@H](C)NC(=O)Cc1c(C)n(C(=O)c2ccc(Cl)cc2)c2ccc(OC)cc12,train
CHEMBL2112399,CHEMBL230,6.72,2000.0,6.72,COC(=O)[C@H](C)NC(=O)Cc1c(C)n(C(=O)c2ccc(Cl)cc2)c2ccc(OC)cc12,train
CHEMBL2112567,CHEMBL230,8.46,1998.0,8.46,CC(C)(C)c1cc(/C=C2\CCOC2=O)cc2c1OCC2(C)C,train
CHEMBL2112872,CHEMBL230,6.24,2004.0,6.24,CCC(=O)OCc1cc(-n2nc(C(F)(F)F)cc2-c2ccc(C)cc2)ccc1S(N)(=O)=O,train
CHEMBL2114342,CHEMBL230,5.75,2002.0,5.75,COc1ccc2c(c1)c(CC(=O)NN1CCC[C@H]1CO)c(C)n2C(=O)c1ccc(Cl)cc1,train
CHEMBL2115108,CHEMBL2094253,4.0,1987.0,4.0,CN1C[C@@H](c2cccc(OCc3ccc4ccccc4n3)c2)OC1=O,train
CHEMBL2115305,CHEMBL230,5.77,2002.0,5.77,COc1ccc2c(c1)c(CC(=O)NN1CCC[C@@H]1CO)c(C)n2C(=O)c1ccc(Cl)cc1,train
CHEMBL212463,CHEMBL230,6.24,2006.0,6.24,Cc1cc(=O)c(Oc2ccc(Br)cc2F)c(-c2ccc([S+](C)[O-])cc2)o1,train
CHEMBL212527,CHEMBL230,5.68,2006.0,5.68,Cc1cc(=O)c(Oc2ccc(F)cc2F)c(-c2ccc([S@@+](C)[O-])cc2)o1,train
CHEMBL212918,CHEMBL230,4.96,2006.0,4.96,NS(=O)(=O)c1ccc(/N=N/c2ccc(OC(=O)Nc3ccccc3)c(OC(=O)Nc3ccccc3)c2)cc1,test
CHEMBL213267,CHEMBL230,4.83,2006.0,4.83,COc1ccc(/N=N/c2ccc(S(N)(=O)=O)cc2)cc1,test
CHEMBL213326,CHEMBL230,5.37,2006.0,5.37,COc1ccc(/N=N/c2ccc(S(N)(=O)=O)cc2)cc1OC,test
CHEMBL213338,CHEMBL230,8.72,2006.0,8.72,Cc1ccc(-c2cc(C(F)(F)F)nn2-c2ccc(-c3nn[nH]n3)cc2)cc1,train
CHEMBL213939,CHEMBL230,4.91,2006.0,4.91,CC(C)c1ccc(NC(=O)Oc2ccc(/N=N/c3ccc(S(N)(=O)=O)cc3)cc2OC(=O)Nc2ccc(C(C)C)cc2)cc1,test
CHEMBL214101,CHEMBL230,8.74,2006.0,8.74,O=C1OCC(c2ccc(-c3nn[nH]n3)cc2)=C1c1ccccc1,train
CHEMBL2146750,CHEMBL230,4.57,2011.0,4.57,CC1CCN([C@H](c2ccc(F)cc2)c2ccc([C@@H](C)C(=O)O)cc2-c2ccc(C(F)(F)F)cc2)CC1,test
CHEMBL214710,CHEMBL230,4.77,2006.0,4.77,COc1cc(/N=N/c2ccc(S(N)(=O)=O)cc2)ccc1O,test
CHEMBL2153825,CHEMBL230,6.09,2015.0,6.09,Cc1c(C(N)C(=O)OCCCO[N+](=O)[O-])cc(-c2ccc(S(C)(=O)=O)cc2)n1-c1ccc(F)cc1,train
CHEMBL2153827,CHEMBL230,6.0,2015.0,6.0,Cc1c(C(N)C(=O)OCCCCO[N+](=O)[O-])cc(-c2ccc(S(C)(=O)=O)cc2)n1-c1ccc(F)cc1,train
CHEMBL2158006,CHEMBL230,4.9,2012.0,4.9,CC(Oc1cc(=O)oc2ccccc12)C(=O)Nc1ccc(N2CCOCC2=O)cc1,test
CHEMBL2158024,CHEMBL230,5.17,2012.0,5.17,COc1ccc(C2CC(c3ccc(Cl)c(Cl)c3)=NN2C2=NC(=O)CS2)cc1,train
CHEMBL2158356,CHEMBL230,4.12,2012.0,4.12,Cc1c(Cl)cccc1NC(=O)C(C)Oc1cc(=O)oc2ccccc12,train
CHEMBL2158357,CHEMBL230,4.88,2012.0,4.88,CC(Oc1cc(=O)oc2ccccc12)C(=O)NCc1ccccc1,train
CHEMBL2158358,CHEMBL230,4.77,2012.0,4.77,CC(Oc1cc(=O)oc2ccccc12)C(=O)Nc1ccc(F)cc1F,train
CHEMBL2158359,CHEMBL230,4.41,2012.0,4.41,COc1ccc(NC(=O)C(C)Oc2cc(=O)oc3ccccc23)cc1,train
CHEMBL2158360,CHEMBL230,4.3,2012.0,4.3,CC(Oc1cc(=O)oc2ccccc12)C(=O)Nc1ccc(C(F)(F)F)cc1C#N,train
CHEMBL2158362,CHEMBL230,4.16,2012.0,4.16,CC(Oc1cc(=O)oc2ccccc12)C(=O)N1CCOCC1,train
CHEMBL2158363,CHEMBL230,5.08,2012.0,5.08,COC(=O)C(CC(C)C)NC(=O)C(C)Oc1cc(=O)oc2ccccc12,train
CHEMBL2158364,CHEMBL230,5.99,2012.0,5.99,CC(Oc1cc(=O)oc2ccccc12)C(=O)Nc1cccc2c(=O)[nH]ccc12,train
CHEMBL2158365,CHEMBL230,4.28,2012.0,4.28,CC(Oc1cc(=O)oc2ccccc12)C(=O)Nc1ccncc1,test
CHEMBL2158366,CHEMBL230,5.07,2012.0,5.07,CC(Oc1cc(=O)oc2ccccc12)C(=O)NC12CC3CC(C)(CC(C)(C3)C1)C2,train
CHEMBL215872,CHEMBL230,4.95,2006.0,4.95,NS(=O)(=O)c1ccc(/N=N/c2ccc(O)c(Cl)c2)cc1,test
CHEMBL2159921,CHEMBL230,6.3,2012.0,6.3,Cc1ccc(C2=NN(C3=NC(=O)CS3)C(c3ccccc3)C2)cc1C,train
CHEMBL2159922,CHEMBL230,5.19,2012.0,5.19,Cc1ccc(C2=NN(C3=NC(=O)CS3)C(c3ccc(F)cc3)C2)cc1C,train
CHEMBL2159923,CHEMBL230,5.35,2012.0,5.35,Cc1ccc(C2=NN(C3=NC(=O)CS3)C(c3ccc(Cl)cc3)C2)cc1C,train
CHEMBL2159924,CHEMBL230,5.75,2012.0,5.75,Cc1ccc(C2=NN(C3=NC(=O)CS3)C(c3ccc(Br)cc3)C2)cc1C,train
CHEMBL2159925,CHEMBL230,5.92,2012.0,5.92,Cc1ccc(C2CC(c3ccc(C)c(C)c3)=NN2C2=NC(=O)CS2)cc1,train
CHEMBL2159926,CHEMBL230,5.54,2012.0,5.54,COc1ccc(C2CC(c3ccc(C)c(C)c3)=NN2C2=NC(=O)CS2)cc1,train
CHEMBL2159927,CHEMBL230,5.28,2012.0,5.28,Cc1ccc(C2=NN(C3=NC(=O)CS3)C(c3cccc(Cl)c3)C2)cc1C,train
CHEMBL2160139,CHEMBL230,5.57,2012.0,5.57,Cc1cccc(C2CC(c3ccc(C)c(C)c3)=NN2C2=NC(=O)CS2)c1,train
CHEMBL2160140,CHEMBL230,5.14,2012.0,5.14,Cc1ccc(C2=NN(C3=NC(=O)CS3)C(c3ccccc3Cl)C2)cc1C,train
CHEMBL2160141,CHEMBL230,5.2,2012.0,5.2,Cc1ccc(C2=NN(C3=NC(=O)CS3)C(c3ccccc3C)C2)cc1C,train
CHEMBL2160142,CHEMBL230,5.57,2012.0,5.57,O=C1CSC(N2N=C(c3ccc(Cl)c(Cl)c3)CC2c2ccccc2)=N1,train
CHEMBL2160143,CHEMBL230,4.71,2012.0,4.71,O=C1CSC(N2N=C(c3ccc(Cl)c(Cl)c3)CC2c2ccc(F)cc2)=N1,train
CHEMBL2160144,CHEMBL230,4.93,2012.0,4.93,O=C1CSC(N2N=C(c3ccc(Cl)c(Cl)c3)CC2c2ccc(Cl)cc2)=N1,train
CHEMBL2160145,CHEMBL230,5.12,2012.0,5.12,O=C1CSC(N2N=C(c3ccc(Cl)c(Cl)c3)CC2c2ccc(Br)cc2)=N1,train
CHEMBL2160146,CHEMBL230,5.33,2012.0,5.33,Cc1ccc(C2CC(c3ccc(Cl)c(Cl)c3)=NN2C2=NC(=O)CS2)cc1,train
CHEMBL2160147,CHEMBL230,4.79,2012.0,4.79,O=C1CSC(N2N=C(c3ccc(Cl)c(Cl)c3)CC2c2cccc(Cl)c2)=N1,train
CHEMBL2160148,CHEMBL230,5.14,2012.0,5.14,Cc1cccc(C2CC(c3ccc(Cl)c(Cl)c3)=NN2C2=NC(=O)CS2)c1,train
CHEMBL2160149,CHEMBL230,4.74,2012.0,4.74,O=C1CSC(N2N=C(c3ccc(Cl)c(Cl)c3)CC2c2ccccc2Cl)=N1,train
CHEMBL2160150,CHEMBL230,4.79,2012.0,4.79,Cc1ccccc1C1CC(c2ccc(Cl)c(Cl)c2)=NN1C1=NC(=O)CS1,train
CHEMBL216986,CHEMBL230,4.0,2012.0,4.0,COc1cccc(Cn2c3ccc(Cl)cc3c3ccc(C(C)C(=O)O)cc32)c1,train
CHEMBL2171241,CHEMBL230,4.0,2012.0,4.0,CC(C(=O)O)c1ccc2c3cc(Cl)ccc3n(C(=O)c3ccc(F)cc3)c2c1,train
CHEMBL2171242,CHEMBL230,4.0,2012.0,4.0,COc1ccc(C(=O)n2c3ccc(Cl)cc3c3ccc(C(C)C(=O)O)cc32)cc1,train
CHEMBL2171243,CHEMBL230,4.0,2012.0,4.0,CC(C(=O)O)c1ccc2c3cc(Cl)ccc3n(C(=O)c3cccc(Cl)c3)c2c1,train
CHEMBL2171244,CHEMBL230,4.0,2012.0,4.0,CC(C(=O)O)c1ccc2c3cc(Cl)ccc3n(C(=O)c3ccccc3Cl)c2c1,train
CHEMBL2171245,CHEMBL230,4.0,2012.0,4.0,CC(C(=O)O)c1ccc2c3cc(Cl)ccc3n(C(=O)c3ccc(Cl)c(Cl)c3)c2c1,train
CHEMBL2171246,CHEMBL230,4.56,2012.0,4.56,CC(C(=O)O)c1ccc2c3cc(Cl)ccc3n(C(=O)c3cocn3)c2c1,train
CHEMBL2171247,CHEMBL230,4.0,2012.0,4.0,CC(C(=O)O)c1ccc2c3cc(Cl)ccc3n(C(=O)c3c[nH]cn3)c2c1,train
CHEMBL2171248,CHEMBL230,4.0,2012.0,4.0,CC(C(=O)O)c1ccc2c3cc(Cl)ccc3n(C(=O)c3cscn3)c2c1,train
CHEMBL2171249,CHEMBL230,5.28,2012.0,5.28,C[C@H](C(=O)O)c1ccc2c(c1)[nH]c1ccc(Cl)cc12,train
CHEMBL2171250,CHEMBL230,4.0,2012.0,4.0,C[C@@H](C(=O)O)c1ccc2c(c1)[nH]c1ccc(Cl)cc12,train
CHEMBL2171251,CHEMBL230,4.33,2012.0,4.33,C[C@H](C(=O)O)c1ccc2c3cc(Cl)ccc3n(C(=O)c3ccc(Cl)cc3)c2c1,train
CHEMBL2171252,CHEMBL230,4.0,2012.0,4.0,C[C@@H](C(=O)O)c1ccc2c3cc(Cl)ccc3n(C(=O)c3ccc(Cl)cc3)c2c1,train
CHEMBL2171253,CHEMBL230,5.6,2012.0,5.6,C[C@H](C(=O)O)c1ccc2c3cc(Cl)ccc3n(C(=O)c3cocn3)c2c1,train
CHEMBL2171254,CHEMBL230,4.0,2012.0,4.0,C[C@@H](C(=O)O)c1ccc2c3cc(Cl)ccc3n(C(=O)c3cocn3)c2c1,train
CHEMBL2171255,CHEMBL230,4.0,2012.0,4.0,CC(C(=O)O)c1ccc2c3cc(Cl)ccc3n(C)c2c1,train
CHEMBL2171256,CHEMBL230,4.0,2012.0,4.0,CC(C(=O)O)c1ccc2c3cc(Cl)ccc3n(Cc3ccccc3)c2c1,train
CHEMBL2171257,CHEMBL230,4.0,2012.0,4.0,CC(C(=O)O)c1ccc2c3cc(Cl)ccc3n(Cc3ccc(C#N)cc3)c2c1,train
CHEMBL2171258,CHEMBL230,4.0,2012.0,4.0,CC(C(=O)O)c1ccc2c3cc(Cl)ccc3n(Cc3ccc(Cl)cc3)c2c1,train
CHEMBL2171259,CHEMBL230,4.0,2012.0,4.0,COc1ccc(Cn2c3ccc(Cl)cc3c3ccc(C(C)C(=O)O)cc32)cc1,train
CHEMBL2171260,CHEMBL230,4.0,2012.0,4.0,COc1ccccc1Cn1c2ccc(Cl)cc2c2ccc(C(C)C(=O)O)cc21,train
CHEMBL2171261,CHEMBL230,4.0,2012.0,4.0,CCCCCCS(=O)(=O)n1c2ccc(Cl)cc2c2ccc(C(C)C(=O)O)cc21,train
CHEMBL2171262,CHEMBL230,4.0,2012.0,4.0,CCCCCCNC(=O)n1c2ccc(Cl)cc2c2ccc(C(C)C(=O)O)cc21,train
CHEMBL2171263,CHEMBL230,4.0,2012.0,4.0,CNC(=O)n1c2ccc(Cl)cc2c2ccc(C(C)C(=O)O)cc21,train
CHEMBL2171264,CHEMBL230,4.0,2012.0,4.0,CCCCNC(=O)n1c2ccc(Cl)cc2c2ccc(C(C)C(=O)O)cc21,train
CHEMBL2171265,CHEMBL230,4.0,2012.0,4.0,CCCCCCCCNC(=O)n1c2ccc(Cl)cc2c2ccc(C(C)C(=O)O)cc21,train
CHEMBL2171266,CHEMBL230,4.0,2012.0,4.0,CC(C(=O)O)c1ccc2c3cc(Cl)ccc3n(C(=O)Nc3ccc(Cl)cc3)c2c1,train
CHEMBL2171267,CHEMBL230,4.0,2012.0,4.0,CCCCCCN(C)C(=O)n1c2ccc(Cl)cc2c2ccc(C(C)C(=O)O)cc21,train
CHEMBL2171268,CHEMBL230,4.0,2012.0,4.0,CC(C(=O)O)c1ccc2c3cc(Cl)ccc3n(C(=O)NC3CCCCC3)c2c1,test
CHEMBL2171269,CHEMBL230,4.0,2012.0,4.0,CCCCCCOC(=O)n1c2ccc(Cl)cc2c2ccc(C(C)C(=O)O)cc21,train
CHEMBL2171270,CHEMBL230,4.0,2012.0,4.0,CC(=O)n1c2ccc(Cl)cc2c2ccc(C(C)C(=O)O)cc21,train
CHEMBL2171271,CHEMBL230,4.0,2012.0,4.0,CC(C(=O)O)c1ccc2c3cc(Cl)ccc3n(C(=O)c3ccccc3)c2c1,train
CHEMBL2171272,CHEMBL230,4.14,2012.0,4.14,CC(C(=O)O)c1ccc2c3cc(Cl)ccc3n(C(=O)c3ccc(Cl)cc3)c2c1,train
CHEMBL2171273,CHEMBL230,4.0,2012.0,4.0,CC(C(=O)O)c1ccc2c(c1)[nH]c1ccccc12,train
CHEMBL2171274,CHEMBL230,4.0,2012.0,4.0,COC(=O)C(C)c1ccc2c(c1)[nH]c1ccc(Cl)cc12,train
CHEMBL2171275,CHEMBL230,4.0,2012.0,4.0,CC(C(=O)NCCO)c1ccc2c(c1)[nH]c1ccc(Cl)cc12,train
CHEMBL2171276,CHEMBL230,4.0,2012.0,4.0,CC(C(=O)Nc1ccccc1)c1ccc2c(c1)[nH]c1ccc(Cl)cc12,test
CHEMBL2181776,CHEMBL230,5.0,2015.0,5.0,Cn1c(-c2ccccn2)c(C2CCCC2)c2ccc(C(=O)NC3(C(=O)Nc4ccc(/C=C/C(=O)O)cc4)CCC3)cc21,val
CHEMBL219885,CHEMBL230,4.0,2007.0,4.0,CS(=O)(=O)c1ccc(-n2cnc(Cl)c2-c2ccc(OCCCO)c(F)c2)cc1,val
CHEMBL219893,CHEMBL230,4.25,2007.0,4.25,CS(=O)(=O)c1ccc(-n2cnc(Cl)c2-c2ccc(OCCO)c(F)c2)cc1,val
CHEMBL220113,CHEMBL230,4.7,2007.0,4.7,NS(=O)(=O)c1ccc(-n2cnc(Cl)c2-c2ccc(OCCO)c(F)c2)cc1,val
CHEMBL2204556,CHEMBL230,4.89,2012.0,4.89,Cc1ccc(C(=O)n2nc(C)c3nnc4cc(Cl)c(F)cc4c32)cc1,train
CHEMBL2204564,CHEMBL230,5.0,2012.0,5.0,COc1ccc(C(=O)n2nc(C)c3nnc4cc(Cl)c(F)cc4c32)cc1,train
CHEMBL221907,CHEMBL230,5.6,2011.0,5.6,CC(C)=CCc1c(-c2ccc(O)cc2O)oc2cc3c(c(O)c2c1=O)C=CC(C)(C)O3,train
CHEMBL222021,CHEMBL230,4.71,2021.0,4.71,O=Cc1ccc(O)c(O)c1,train
CHEMBL222146,CHEMBL230,6.03,2004.0,6.03,COC1(c2cc(F)cc(OCc3cc(-c4ccccc4)n(-c4ccc(Cl)cc4)n3)c2)CCOCC1,train
CHEMBL222480,CHEMBL230,6.52,2004.0,6.52,COc1ccc(-n2nc(COc3cc(F)cc(C4(OC)CCOCC4)c3)cc2-c2ccccc2)cc1,train
CHEMBL222482,CHEMBL230,6.09,2004.0,6.09,COC1(c2cc(F)cc(OCc3cc(-c4ccccc4)n(-c4ccc(OC(F)(F)F)cc4)n3)c2)CCOCC1,train
CHEMBL222531,CHEMBL230,6.13,2004.0,6.13,CS(=O)(=O)c1ccc(-n2nc(COc3cccc([N+](=O)[O-])c3)cc2-c2ccccc2)cc1,test
CHEMBL222732,CHEMBL230,6.39,2004.0,6.39,COC1(c2cc(F)cc(OCc3cc(-c4ccccc4)n(-c4ccc(C)c(C)c4)n3)c2)CCOCC1,train
CHEMBL222902,CHEMBL230,6.06,2004.0,6.06,COc1cc(OC)cc(OCc2cc(-c3ccccc3)n(-c3ccc(S(C)(=O)=O)cc3)n2)c1,test
CHEMBL2230270,CHEMBL230,4.698970004336019,2019.0,4.698970004336019,CC1(C)C=Cc2c(O)cc(/C=C/c3ccc(O)cc3)cc2O1,val
CHEMBL223256,CHEMBL230,5.38,2017.0,5.38,CC(C)=CCC/C(C)=C/Cc1c(O)cc2c(c1O)C(=O)C[C@@H](c1ccc(O)c(O)c1)O2,val
CHEMBL2234864,CHEMBL230,4.4985950000216945,2012.0,4.4985950000216945,CS(=O)(=O)c1ccc(-c2nc(NC3CC=CCC3)cc(C(F)(F)F)n2)cc1,train
CHEMBL2234865,CHEMBL230,4.501390000149191,2012.0,4.501390000149191,CS(=O)(=O)c1ccc(-c2nc(NCCCc3cccs3)cc(C(F)(F)F)n2)cc1,test
CHEMBL2234866,CHEMBL230,4.499939998900396,2012.0,4.499939998900396,Cn1cccc1CCCNc1cc(C(F)(F)F)nc(-c2ccc(S(C)(=O)=O)cc2)n1,train
CHEMBL2234942,CHEMBL230,7.04,2024.0,7.04,COC(=O)N/N=C/c1coc2ccccc2c1=O,test
CHEMBL223529,CHEMBL230,4.54,2007.0,4.54,NS(=O)(=O)c1ccc(-n2cnc(Cl)c2-c2ccc(OCCO[N+](=O)[O-])c(F)c2)cc1,val
CHEMBL2235864,CHEMBL230,6.64,2012.0,6.64,CCOC(=O)c1nc2ccccn2c1[N+](=O)[O-],train
CHEMBL2235865,CHEMBL230,7.3,2012.0,7.3,O=C(O)c1nc2ccccn2c1[N+](=O)[O-],train
CHEMBL2235866,CHEMBL230,6.35,2012.0,6.35,Nc1c(C(=O)O)nc2ccccn12,train
CHEMBL223619,CHEMBL230,5.16,2007.0,5.16,CS(=O)(=O)c1ccc(-n2cnc(Cl)c2-c2ccc(OCCO[N+](=O)[O-])c(F)c2)cc1,val
CHEMBL223655,CHEMBL230,5.48,2004.0,5.48,CCS(=O)(=O)Nc1ccncc1Oc1ccc(Cl)cc1,val
CHEMBL223691,CHEMBL230,6.21,2004.0,6.21,COC1(c2cc(F)cc(OCc3cc(-c4ccccc4)n(-c4ccccc4)n3)c2)CCOCC1,train
CHEMBL224122,CHEMBL230,5.92,2004.0,5.92,CS(=O)(=O)Nc1ccncc1Sc1ccccc1,val
CHEMBL224136,CHEMBL230,6.92,2004.0,6.92,CS(=O)(=O)Nc1ccncc1Oc1ccc(Cl)cc1Cl,val
CHEMBL224192,CHEMBL230,5.7,2004.0,5.7,CS(=O)(=O)Nc1ccncc1Oc1cccc(Cl)c1,val
CHEMBL224193,CHEMBL230,5.12,2004.0,5.12,CS(=O)(=O)Nc1ccncc1Oc1ccc(Br)cc1,val
CHEMBL224201,CHEMBL230,4.0,2004.0,4.0,O=S(=O)(c1ccccc1)c1cnccc1NS(=O)(=O)C(F)(F)F,train
CHEMBL224256,CHEMBL230,4.0,2004.0,4.0,CS(=O)(=O)Nc1ccncc1S(=O)(=O)c1ccccc1,train
CHEMBL224400,CHEMBL230,7.05,2004.0,7.05,O=S(=O)(Nc1ccncc1Nc1ccccc1)C(F)(F)F,train
CHEMBL224401,CHEMBL230,4.32,2004.0,4.32,CN(c1ccccc1)c1cnccc1NS(=O)(=O)C(F)(F)F,train
CHEMBL224612,CHEMBL230,6.28,2004.0,6.28,O=S(=O)(Nc1ccncc1Sc1ccccc1)C(F)(F)F,val
CHEMBL224624,CHEMBL230,5.63,2004.0,5.63,COc1ccc(Oc2cnccc2NS(C)(=O)=O)cc1,val
CHEMBL224640,CHEMBL230,6.82,2004.0,6.82,O=S(=O)(Nc1ccncc1Oc1ccccc1Cl)C(F)(F)F,val
CHEMBL224693,CHEMBL230,4.0,2004.0,4.0,O=S(=O)(Nc1ccncc1Oc1cccc(Cl)c1)C(F)(F)F,val
CHEMBL224781,CHEMBL230,4.0,2004.0,4.0,O=S(=O)(Nc1ccncc1[S+]([O-])c1ccccc1)C(F)(F)F,train
CHEMBL225092,CHEMBL230,6.36,2004.0,6.36,COc1ccc(Oc2cnccc2NS(=O)(=O)C(F)(F)F)cc1,val
CHEMBL225113,CHEMBL230,5.82,2004.0,5.82,O=S(=O)(Nc1ccncc1Oc1ccc(Cl)cc1)C(F)(F)F,val
CHEMBL225236,CHEMBL230,4.0,2004.0,4.0,O=S(=O)(Nc1ccncc1Oc1cc(Cl)cc(Cl)c1)C(F)(F)F,val
CHEMBL225421,CHEMBL230,4.522878745280337,2015.0,4.522878745280337,CCc1oc(=O)c(Cc2c(O)c(CC=C(C)C)c(O)c(C(C)=O)c2O)c(O)c1C,test
CHEMBL225463,CHEMBL230,6.35,2004.0,6.35,CS(=O)(=O)c1ccc(-n2nc(COc3ccc4c(c3)OCO4)cc2-c2ccccc2)cc1,train
CHEMBL226061,CHEMBL230,6.0,2008.0,6.0,OC[C@H]1C[C@](O)(c2ccccc2Cl)[C@@H](c2ccccc2Cl)O1,train
CHEMBL226109,CHEMBL230,6.0,2008.0,6.0,COc1ccc([C@H]2O[C@@H](CO)C[C@]2(O)c2ccc(OC)cc2)cc1,train
CHEMBL2261940,CHEMBL230,2.7000000010815404,2004.0,2.7000000010815404,CS(=O)(=O)c1ccc(C2=C(c3ccc(F)cc3)SC(Br)C2)cc1,test
CHEMBL2262934,CHEMBL230,3.9208187539523753,2007.0,3.9208187539523753,Cc1c(CC(=O)O)cc(-c2ccccc2)cc1-c1ccccc1,test
CHEMBL227135,CHEMBL230,4.04,2007.0,4.04,O=C1O[C@H](c2ccc(O)c(O)c2)[C@H]2CO[C@H](c3ccc(O)c(O)c3)[C@@H]12,val
CHEMBL227187,CHEMBL230,4.0,2007.0,4.0,Oc1ccc([C@@H]2OC[C@@H]3[C@H]2CO[C@H]3c2ccc(O)c(O)c2)cc1O,train
CHEMBL227795,CHEMBL230,4.480172006224281,2007.0,4.480172006224281,COc1c(C)c(OC)c2c(c1O)CCc1c(O)cccc1O2,test
CHEMBL22812,CHEMBL230,7.41,1999.0,7.41,CS(=O)(=O)c1ccc(C2=C(c3ccc(F)cc3)C(=O)CC2)cc1,train
CHEMBL228120,CHEMBL230,4.330683119433888,2007.0,4.330683119433888,Oc1cc(O)cc(CCc2ccccc2)c1,test
CHEMBL228126,CHEMBL230,4.388276691992658,2007.0,4.388276691992658,COc1cc(O)cc(CCc2ccccc2O)c1,test
CHEMBL2283148,CHEMBL230,6.55,2013.0,6.55,CC/C(=C(\c1ccccc1)c1ccc(N=[N+]=[N-])cc1)c1ccccc1,train
CHEMBL2283149,CHEMBL230,5.7,2013.0,5.7,CCCCCC(=C(c1ccccc1)c1ccccc1)c1ccc(S(C)(=O)=O)cc1,train
CHEMBL2283150,CHEMBL230,6.2,2013.0,6.2,CC(=C(c1ccccc1)c1ccccc1)c1ccc(S(C)(=O)=O)cc1,train
CHEMBL2283151,CHEMBL230,6.51,2013.0,6.51,CS(=O)(=O)c1ccc(C=C(c2ccccc2)c2ccccc2)cc1,train
CHEMBL2283152,CHEMBL230,5.1,2013.0,5.1,CCCCC(=C(c1ccccc1)c1ccccc1)c1ccccc1,train
CHEMBL2283153,CHEMBL230,5.1,2013.0,5.1,CCCCCCC/C(=C(\c1ccccc1)c1ccc(OC(C)=O)cc1)c1ccc(S(C)(=O)=O)cc1,train
CHEMBL2283154,CHEMBL230,7.52,2013.0,7.52,CC/C(=C(\c1ccccc1)c1ccc(OC(C)=O)cc1)c1ccc(S(C)(=O)=O)cc1,train
CHEMBL2283155,CHEMBL230,6.51,2013.0,6.51,CS(=O)(=O)c1ccc(/C=C(/C(=O)O)c2cccc(Br)c2)cc1,train
CHEMBL2283156,CHEMBL230,6.82,2013.0,6.82,CCCCCCCC(=C(c1ccccc1)c1ccccc1)c1ccc(S(C)(=O)=O)cc1,train
CHEMBL2283157,CHEMBL230,5.28,2013.0,5.28,CS(=O)(=O)c1ccc(/C=C(/C(=O)O)c2ccc(O)cc2)cc1,train
CHEMBL2283158,CHEMBL230,5.75,2013.0,5.75,CC/C(=C(\c1ccccc1)c1cc(C(C)(C)C)c(O)c(C(C)(C)C)c1)c1ccc(S(C)(=O)=O)cc1,train
CHEMBL2283159,CHEMBL230,5.6,2013.0,5.6,CC(=O)Nc1ccc(/C(=C\c2ccc(S(C)(=O)=O)cc2)C(=O)O)cc1,train
CHEMBL2283160,CHEMBL230,6.5,2013.0,6.5,CS(=O)(=O)c1ccc(/C=C(/C(=O)O)c2ccc(-c3ccc(F)cc3F)cc2)cc1,train
CHEMBL2283161,CHEMBL230,6.5,2013.0,6.5,CC(C)Oc1ccc(-c2ccc(/C(=C\c3ccc(S(C)(=O)=O)cc3)C(=O)O)cc2)cc1,train
CHEMBL2283162,CHEMBL230,4.0,2013.0,4.0,CS(=O)(=O)c1ccc(/C=C(/C(=O)O)c2cccc(-c3ccc(F)cc3F)c2)cc1,train
CHEMBL2283163,CHEMBL230,4.0,2013.0,4.0,CC(C)Oc1ccc(-c2cccc(/C(=C\c3ccc(S(C)(=O)=O)cc3)C(=O)O)c2)cc1,train
CHEMBL2283164,CHEMBL230,6.5,2013.0,6.5,CS(=O)(=O)c1ccc(/C=C(/C(=O)O)c2ccc(-c3ccc(S(C)(=O)=O)cc3)cc2)cc1,train
CHEMBL2283165,CHEMBL230,5.68,2013.0,5.68,CS(=O)(=O)c1ccc(/C=C(/C(=O)O)c2cccc(-c3ccc(S(C)(=O)=O)cc3)c2)cc1,train
CHEMBL2283166,CHEMBL230,6.44,2013.0,6.44,CCCC/C(=C(\c1ccccc1)c1cc(C(C)(C)C)c(O)c(C(C)(C)C)c1)c1ccc(S(C)(=O)=O)cc1,train
CHEMBL2283167,CHEMBL230,5.44,2013.0,5.44,C/C(=C(\c1ccccc1)c1ccc(S(C)(=O)=O)cc1)c1cc(C(C)(C)C)c(O)c(C(C)(C)C)c1,train
CHEMBL2283168,CHEMBL230,4.5,2013.0,4.5,CC/C(=C(\c1ccccc1)c1ccc(S(C)(=O)=O)cc1)c1cc(C(C)(C)C)c(O)c(C(C)(C)C)c1,train
CHEMBL2283169,CHEMBL230,5.48,2013.0,5.48,CCCC/C(=C(\c1ccccc1)c1ccc(S(C)(=O)=O)cc1)c1cc(C(C)(C)C)c(O)c(C(C)(C)C)c1,train
CHEMBL2283170,CHEMBL230,4.0,2013.0,4.0,CCCC/C(=C(\c1ccccc1)c1cc(C(C)(C)C)c(C(C)=O)c(C(C)(C)C)c1)c1ccc(S(C)(=O)=O)cc1,train
CHEMBL2283171,CHEMBL230,6.92,2013.0,6.92,Cc1ccc(/C(=C/c2ccc(S(C)(=O)=O)cc2)c2ccccc2)cc1,train
CHEMBL2283172,CHEMBL230,7.5,2013.0,7.5,CS(=O)(=O)c1ccc(/C=C(\c2ccccc2)c2ccc(F)cc2)cc1,train
CHEMBL2283173,CHEMBL230,6.01,2013.0,6.01,CS(=O)(=O)c1ccc(/C=C(\c2ccccc2)c2ccc(F)c(F)c2)cc1,train
CHEMBL2283174,CHEMBL230,6.94,2013.0,6.94,CS(=O)(=O)c1ccc(/C=C(\c2ccccc2)c2ccc(Cl)cc2)cc1,train
CHEMBL2283175,CHEMBL230,7.52,2013.0,7.52,CCCCCC/C(=C(\c1ccccc1)c1ccc(NS(C)(=O)=O)cc1)c1ccccc1,train
CHEMBL2283176,CHEMBL230,6.5,2013.0,6.5,CCCC/C(=C(\c1ccccc1)c1ccc(NS(C)(=O)=O)cc1)c1ccccc1,train
CHEMBL2283177,CHEMBL230,5.75,2013.0,5.75,CC/C(=C(\c1ccccc1)c1ccc(NS(C)(=O)=O)cc1)c1ccccc1,train
CHEMBL2283178,CHEMBL230,4.48,2013.0,4.48,C/C(=C(\c1ccccc1)c1ccc(NS(C)(=O)=O)cc1)c1ccccc1,train
CHEMBL2283179,CHEMBL230,4.0,2013.0,4.0,CS(=O)(=O)Nc1ccc(/C(=C(\c2ccccc2)C2CCCCC2)c2ccccc2)cc1,train
CHEMBL2283180,CHEMBL230,6.96,2013.0,6.96,CCCCCC/C(=C(\c1ccccc1)c1ccc(N=[N+]=[N-])cc1)c1ccccc1,train
CHEMBL2283181,CHEMBL230,6.0,2013.0,6.0,CCCC/C(=C(\c1ccccc1)c1ccc(N=[N+]=[N-])cc1)c1ccccc1,train
CHEMBL228561,CHEMBL230,5.88,2007.0,5.88,COc1ccc(C2=Cc3ccccc3C2)c(OC)c1OC,train
CHEMBL229139,CHEMBL230,4.0,2007.0,4.0,C1=C(c2ccc3c(c2)OCO3)Cc2ccccc21,train
CHEMBL229245,CHEMBL230,6.18,2007.0,6.18,COc1ccc(C2=Cc3ccccc3CC2)c(OC)c1OC,train
CHEMBL229304,CHEMBL230,4.0,2007.0,4.0,C1=C(c2ccc3c(c2)OCO3)CCc2ccccc21,test
CHEMBL229955,CHEMBL230,7.52,2007.0,7.52,COc1ccc2c(c1)CCC(c1ccc(OC)c(OC)c1)=C2,train
CHEMBL229957,CHEMBL230,4.0,2007.0,4.0,COc1ccc2c(c1)CCC(c1ccc(OC)c(OC)c1OC)=C2,train
CHEMBL230006,CHEMBL230,4.3979400086720375,2019.0,4.3979400086720375,CC1(C)[C@@H](O)CC[C@]2(C)[C@H]3C(=O)C=C4[C@@H]5C[C@@](C)(C(=O)O)CC[C@]5(C)CC[C@@]4(C)[C@]3(C)CC[C@@H]12,val
CHEMBL2303696,CHEMBL230,4.481486060122113,2000.0,4.481486060122113,CS(=O)(=O)c1ccc(C2=C(c3ccccc3)C(=O)OC2O[C@@H]2O[C@@H](C(=O)O)[C@@H](O)[C@H](O)[C@@H]2O)cc1,train
CHEMBL2303697,CHEMBL230,4.481486060122113,2000.0,4.481486060122113,CS(=O)(=O)c1ccc(C2=C(c3ccc(O[C@@H]4O[C@@H](C(=O)O)[C@@H](O)[C@H](O)[C@@H]4O)cc3)C(=O)OC2)cc1,train
CHEMBL2303835,CHEMBL230,4.481486060122113,2001.0,4.481486060122113,CS(=O)(=O)c1ccc(-c2cc(Cl)cnc2-c2ccc(CO[C@@H]3O[C@@H](C(=O)O)[C@@H](O)[C@H](O)[C@@H]3O)nc2)cc1,train
CHEMBL2311577,CHEMBL230,5.04,2013.0,5.04,CC(C)Cc1ccc(C(C)C(=O)OCCNS(=O)(=O)c2cccc3c(N(C)C)cccc23)cc1,test
CHEMBL23128,CHEMBL230,5.415,1999.0,5.415,CS(=O)(=O)c1ccc(C2=C(c3ccccn3)C(=O)CC2)cc1,train
CHEMBL2315014,CHEMBL230,6.17,2013.0,6.17,CC(C)Cc1ccc(C(C)C(=O)OCCn2c3ccccc3c(=O)c3ccccc32)cc1,train
CHEMBL2315015,CHEMBL230,5.17,2013.0,5.17,COc1ccc2cc([C@H](C)C(=O)OCCn3c4ccccc4c(=O)c4ccccc43)ccc2c1,train
CHEMBL2315016,CHEMBL230,4.67,2013.0,4.67,CC(=O)Oc1ccccc1C(=O)OCCn1c2ccccc2c(=O)c2ccccc21,test
CHEMBL2315017,CHEMBL230,6.23,2013.0,6.23,O=c1c2ccccc2n(CCOS(=O)(=O)c2ccc(C(F)(F)F)cc2)c2ccccc12,train
CHEMBL2315018,CHEMBL230,5.75,2013.0,5.75,CC(C)Cc1ccc(C(C)C(=O)n2c3ccccc3c(=O)c3ccccc32)cc1,train
CHEMBL2315019,CHEMBL230,5.01,2013.0,5.01,COc1ccc2cc([C@H](C)C(=O)n3c4ccccc4c(=O)c4ccccc43)ccc2c1,train
CHEMBL2315325,CHEMBL230,5.14,2013.0,5.14,CN(C)c1cccc2c(S(=O)(=O)NCCNS(=O)(=O)c3ccc(C4=C(c5ccc(Cl)cc5)C(=O)OC4)cc3)cccc12,train
CHEMBL2315326,CHEMBL230,5.96,2013.0,5.96,Cc1ccc(-c2cc(C(F)(F)F)nn2-c2ccc(S(=O)(=O)NCCNS(=O)(=O)c3cccc4c(N(C)C)cccc34)cc2)cc1,test
CHEMBL2315327,CHEMBL230,5.41,2013.0,5.41,CCN(CC)c1ccc2c(c1)Oc1cc(N(CC)CC)ccc1C21c2ccccc2C(=O)N1CCNS(=O)(=O)c1ccc(-n2nc(C(F)(F)F)cc2-c2ccc(C)cc2)cc1,val
CHEMBL2315853,CHEMBL230,5.575,2013.0,5.575,O=C(N[C@H]1CCC[C@@H]1OCc1ccccc1)C1CCN(c2nc3cc(Cl)ccc3o2)CC1,train
CHEMBL2315854,CHEMBL230,5.545,2013.0,5.545,O=C(N[C@@H]1CCC[C@H]1OCc1ccccc1)C1CCN(c2nc3cc(Cl)ccc3o2)CC1,train
CHEMBL2315855,CHEMBL230,5.165,2013.0,5.165,O=C(N[C@H]1CCC[C@H]1OCc1ccccc1)C1CCN(c2nc3cc(Cl)ccc3o2)CC1,train
CHEMBL2315856,CHEMBL230,5.771830361305078,2013.0,5.771830361305078,O=C(N[C@H]1CCC[C@@H]1COc1ccccc1)C1CCN(c2nc3cc(Cl)ccc3o2)CC1,test
CHEMBL2315860,CHEMBL230,5.0,2013.0,5.0,O=C(N[C@H]1CC[C@H](CO)CC1)C1CCN(c2nc3cc(Cl)ccc3o2)CC1,train
CHEMBL2315861,CHEMBL230,5.43,2013.0,5.43,O=C(N[C@H]1CC[C@@H](CO)CC1)C1CCN(c2nc3cc(Cl)ccc3o2)CC1,train
CHEMBL2315877,CHEMBL230,5.0,2013.0,5.0,O=C(NC1CCCC1)C1CCN(c2nc3cc(Cl)ccc3o2)CC1,test
CHEMBL23170,CHEMBL230,7.34,1999.0,7.34,CS(=O)(=O)c1ccc(C2=C(c3ccccc3)C(=O)CC2)cc1,train
CHEMBL23175,CHEMBL230,7.32,1999.0,7.32,CS(=O)(=O)c1ccc(C2=C(c3ccc(Cl)c(F)c3)C(=O)CC2)cc1,train
CHEMBL23241,CHEMBL230,6.9350000000000005,1999.0,6.9350000000000005,COc1ccncc1C1=C(c2ccc(S(C)(=O)=O)cc2)CCC1=O,test
CHEMBL23245,CHEMBL230,7.16,1999.0,7.16,CS(=O)(=O)c1ccc(C2=C(c3cccc(F)c3)C(=O)CC2)cc1,train
CHEMBL2324850,CHEMBL230,6.19,2012.0,6.19,O=C(O)c1cn2ccccc2n1,train
CHEMBL2325079,CHEMBL230,5.0,2013.0,5.0,O=C(N[C@H]1CCC[C@H](CO)C1)C1CCN(c2nc3cc(Cl)c(-c4ccc(Cl)cc4)cc3o2)CC1,train
CHEMBL232615,CHEMBL230,6.2,2007.0,6.2,C[C@@]1(CO)C=Cc2cc(O)ccc2O1,train
CHEMBL2333733,CHEMBL230,5.7,2013.0,5.7,COc1ccc(/C=C/c2cc(OC)cc(OC)c2/C=C/C(=O)N2CC(C)CC(C)C2)cc1,train
CHEMBL2333734,CHEMBL230,4.99,2013.0,4.99,CCC1CCCCN1C(=O)/C=C/c1c(/C=C/c2ccc(OC)cc2)cc(OC)cc1OC,train
CHEMBL2333735,CHEMBL230,5.84,2013.0,5.84,COc1ccc(/C=C/c2cc(OC)cc(OC)c2/C=C/C(=O)N2CCC(Cl)CC2)cc1,train
CHEMBL2333736,CHEMBL230,5.07,2013.0,5.07,COc1ccc(/C=C/c2cc(OC)cc(OC)c2/C=C/C(=O)N2CCC(c3ccccc3)CC2)cc1,test
CHEMBL2333737,CHEMBL230,5.24,2013.0,5.24,COc1ccc(/C=C/c2cc(OC)cc(OC)c2/C=C/C(=O)N2CCN(C)CC2)cc1,train
CHEMBL2333738,CHEMBL230,5.73,2013.0,5.73,COc1ccc(/C=C/c2cc(OC)cc(OC)c2/C=C/C(=O)N2CCOCC2)cc1,train
CHEMBL2333739,CHEMBL230,5.1,2013.0,5.1,COc1ccc(/C=C/c2cc(OC)cc(OC)c2/C=C/C(=O)N2CCSCC2)cc1,test
CHEMBL2333740,CHEMBL230,5.05,2013.0,5.05,COc1ccc(/C=C/c2cc(OC)cc(OC)c2/C=C/C(=O)N2CCCC2)cc1,test
CHEMBL2333741,CHEMBL230,5.16,2013.0,5.16,COc1ccc(/C=C/c2cc(OC)cc(OC)c2/C=C/C(=O)O)cc1,train
CHEMBL2333742,CHEMBL230,5.87,2013.0,5.87,COc1ccc(/C=C/c2cc(OC)cc(OC)c2/C=C/C(=O)NCCCl)cc1,train
CHEMBL2333743,CHEMBL230,5.9,2013.0,5.9,COc1ccc(/C=C/c2cc(OC)cc(OC)c2/C=C/C(=O)NCCCCl)cc1,train
CHEMBL2333744,CHEMBL230,5.04,2013.0,5.04,C#CCNC(=O)/C=C/c1c(/C=C/c2ccc(OC)cc2)cc(OC)cc1OC,train
CHEMBL2333745,CHEMBL230,5.7,2013.0,5.7,COc1ccc(/C=C/c2cc(OC)cc(OC)c2/C=C/C(=O)NC(C)C)cc1,train
CHEMBL2333746,CHEMBL230,4.95,2013.0,4.95,COc1ccc(/C=C/c2cc(OC)cc(OC)c2/C=C/C(=O)NC(C)(C)C)cc1,train
CHEMBL2333747,CHEMBL230,4.82,2013.0,4.82,COc1ccc(/C=C/c2cc(OC)cc(OC)c2/C=C/C(=O)NCC(C)C)cc1,train
CHEMBL2333748,CHEMBL230,5.34,2013.0,5.34,CCC(C)NC(=O)/C=C/c1c(/C=C/c2ccc(OC)cc2)cc(OC)cc1OC,train
CHEMBL2333749,CHEMBL230,4.89,2013.0,4.89,COc1ccc(/C=C/c2cc(OC)cc(OC)c2/C=C/C(=O)NC2CC2)cc1,test
CHEMBL2333750,CHEMBL230,5.29,2013.0,5.29,COc1ccc(/C=C/c2cc(OC)cc(OC)c2/C=C/C(=O)NC2CCCCC2)cc1,test
CHEMBL2333751,CHEMBL230,5.01,2013.0,5.01,COc1ccc(/C=C/c2cc(OC)cc(OC)c2/C=C/C(=O)NCc2ccco2)cc1,train
CHEMBL2333752,CHEMBL230,5.05,2013.0,5.05,COc1ccc(/C=C/c2cc(OC)cc(OC)c2/C=C/C(=O)NCCCN2CCOCC2)cc1,train
CHEMBL2333753,CHEMBL230,5.18,2013.0,5.18,COc1ccc(/C=C/c2cc(OC)cc(OC)c2/C=C/C(=O)Nc2cc(OC)c(OC)c(OC)c2)cc1,train
CHEMBL2333754,CHEMBL230,4.89,2013.0,4.89,COc1ccc(/C=C/c2cc(OC)cc(OC)c2/C=C/C(=O)N(C)C)cc1,train
CHEMBL2333755,CHEMBL230,5.33,2013.0,5.33,CCN(CC)C(=O)/C=C/c1c(/C=C/c2ccc(OC)cc2)cc(OC)cc1OC,train
CHEMBL2334129,CHEMBL230,5.09,2013.0,5.09,CCCN(CCC)C(=O)/C=C/c1c(/C=C/c2ccc(OC)cc2)cc(OC)cc1OC,train
CHEMBL2334130,CHEMBL230,5.0,2013.0,5.0,CCCCN(CCCC)C(=O)/C=C/c1c(/C=C/c2ccc(OC)cc2)cc(OC)cc1OC,train
CHEMBL2334131,CHEMBL230,5.17,2013.0,5.17,COc1ccc(/C=C/c2cc(OC)cc(OC)c2/C=C/C(=O)N(CC(C)C)CC(C)C)cc1,train
CHEMBL2334132,CHEMBL230,4.78,2013.0,4.78,CCCCCN(CCCCC)C(=O)/C=C/c1c(/C=C/c2ccc(OC)cc2)cc(OC)cc1OC,train
CHEMBL2334133,CHEMBL230,5.04,2013.0,5.04,CCCCCCN(CCCCCC)C(=O)/C=C/c1c(/C=C/c2ccc(OC)cc2)cc(OC)cc1OC,train
CHEMBL2334134,CHEMBL230,5.1,2013.0,5.1,C=CCN(CC=C)C(=O)/C=C/c1c(/C=C/c2ccc(OC)cc2)cc(OC)cc1OC,train
CHEMBL2334135,CHEMBL230,4.63,2013.0,4.63,COc1ccc(/C=C/c2cc(OC)cc(OC)c2/C=C/C(=O)N2CCCCC2)cc1,train
CHEMBL2334136,CHEMBL230,5.17,2013.0,5.17,COc1ccc(/C=C/c2cc(OC)cc(OC)c2/C=C/C(=O)N2CCCCC2C)cc1,train
CHEMBL2334137,CHEMBL230,5.15,2013.0,5.15,COc1ccc(/C=C/c2cc(OC)cc(OC)c2/C=C/C(=O)N2CCCC(C)C2)cc1,train
CHEMBL2334138,CHEMBL230,4.99,2013.0,4.99,COc1ccc(/C=C/c2cc(OC)cc(OC)c2/C=C/C(=O)N2CCC(C)CC2)cc1,train
CHEMBL2334139,CHEMBL230,4.91,2013.0,4.91,CCNC(=O)/C=C/c1c(/C=C/c2ccc(OC)cc2)cc(OC)cc1OC,train
CHEMBL2334140,CHEMBL230,5.17,2013.0,5.17,CCCNC(=O)/C=C/c1c(/C=C/c2ccc(OC)cc2)cc(OC)cc1OC,train
CHEMBL2334141,CHEMBL230,5.99,2013.0,5.99,CCCCNC(=O)/C=C/c1c(/C=C/c2ccc(OC)cc2)cc(OC)cc1OC,train
CHEMBL2334142,CHEMBL230,5.05,2013.0,5.05,CCCCCCNC(=O)/C=C/c1c(/C=C/c2ccc(OC)cc2)cc(OC)cc1OC,train
CHEMBL2334143,CHEMBL230,4.7,2013.0,4.7,CCCCCCCCNC(=O)/C=C/c1c(/C=C/c2ccc(OC)cc2)cc(OC)cc1OC,train
CHEMBL2336619,CHEMBL230,5.9,2015.0,5.9,Cc1ccc(-c2cc(CO)nn2-c2ccc(S(N)(=O)=O)cc2)cc1,train
CHEMBL2337396,CHEMBL230,6.38,2015.0,6.38,Cc1c(CCOCCO)cc(-c2ccc(S(C)(=O)=O)cc2)n1-c1ccc(F)c(F)c1,train
CHEMBL2337398,CHEMBL230,5.82,2015.0,5.82,Cc1c(CCOCCCO)cc(-c2ccc(S(C)(=O)=O)cc2)n1-c1cccc(F)c1,train
CHEMBL2337399,CHEMBL230,6.03,2015.0,6.03,Cc1c(CCOCCCO)cc(-c2ccc(S(C)(=O)=O)cc2)n1-c1ccc(F)cc1,train
CHEMBL2337400,CHEMBL230,7.77,2015.0,7.77,Cc1c(CCOCCO[N+](=O)[O-])cc(-c2ccc(S(C)(=O)=O)cc2)n1-c1ccccc1,train
CHEMBL2337401,CHEMBL230,7.55,2015.0,7.55,Cc1c(CCOCCO[N+](=O)[O-])cc(-c2ccc(S(C)(=O)=O)cc2)n1-c1cccc(F)c1,train
CHEMBL2337402,CHEMBL230,7.02,2013.0,7.02,Cc1c(CCOCCO[N+](=O)[O-])cc(-c2ccc(S(C)(=O)=O)cc2)n1-c1ccc(F)cc1,train
CHEMBL2337403,CHEMBL230,6.04,2015.0,6.04,Cc1c(CCOCCO[N+](=O)[O-])cc(-c2ccc(S(C)(=O)=O)cc2)n1-c1ccc(F)c(F)c1,train
CHEMBL2337404,CHEMBL230,7.82,2015.0,7.82,Cc1c(CCOCCCO[N+](=O)[O-])cc(-c2ccc(S(C)(=O)=O)cc2)n1-c1ccccc1,train
CHEMBL2337405,CHEMBL230,6.37,2015.0,6.37,Cc1c(CCOCCCO[N+](=O)[O-])cc(-c2ccc(S(C)(=O)=O)cc2)n1-c1cccc(F)c1,train
CHEMBL2337406,CHEMBL230,6.72,2015.0,6.72,Cc1c(CCOCCCO[N+](=O)[O-])cc(-c2ccc(S(C)(=O)=O)cc2)n1-c1ccc(F)cc1,train
CHEMBL2337407,CHEMBL230,7.57,2015.0,7.57,Cc1c(CCOCCO)cc(-c2ccc(S(C)(=O)=O)cc2)n1-c1ccccc1,train
CHEMBL2337408,CHEMBL230,7.34,2015.0,7.34,Cc1c(CCOCCO)cc(-c2ccc(S(C)(=O)=O)cc2)n1-c1cccc(F)c1,train
CHEMBL2337409,CHEMBL230,6.725,2013.0,6.725,Cc1c(CCOCCO)cc(-c2ccc(S(C)(=O)=O)cc2)n1-c1ccc(F)cc1,train
CHEMBL23378,CHEMBL230,7.475,1999.0,7.475,CS(=O)(=O)c1ccc(C2=C(c3cc4ccccc4s3)C(=O)CC2)cc1,test
CHEMBL2346675,CHEMBL230,6.55,2013.0,6.55,CS(=O)(=O)c1ccc(-c2[nH]c(S(C)(=O)=O)nc2-c2ccc(F)cc2)cc1,train
CHEMBL2347667,CHEMBL230,7.16,2013.0,7.16,CSc1nc(-c2ccc(F)cc2)c(-c2ccc(S(C)(=O)=O)cc2)[nH]1,train
CHEMBL2347668,CHEMBL230,7.0,2013.0,7.0,CSc1nc(-c2ccc(Cl)cc2)c(-c2ccc(S(C)(=O)=O)cc2)[nH]1,train
CHEMBL2347669,CHEMBL230,6.55,2013.0,6.55,CS(=O)(=O)c1ccc(-c2[nH]c(S(C)(=O)=O)nc2-c2ccccc2)cc1,train
CHEMBL2347670,CHEMBL230,6.51,2013.0,6.51,CS(=O)(=O)c1ccc(-c2[nH]c(S(C)(=O)=O)nc2-c2ccc(Cl)cc2)cc1,train
CHEMBL2347671,CHEMBL230,7.3,2013.0,7.3,CCSc1nc(-c2ccccc2)c(-c2ccc(S(C)(=O)=O)cc2)[nH]1,train
CHEMBL2347672,CHEMBL230,7.1,2013.0,7.1,CCSc1nc(-c2ccc(F)cc2)c(-c2ccc(S(C)(=O)=O)cc2)[nH]1,train
CHEMBL2347673,CHEMBL230,6.96,2013.0,6.96,CCSc1nc(-c2ccc(Cl)cc2)c(-c2ccc(S(C)(=O)=O)cc2)[nH]1,train
CHEMBL2347674,CHEMBL230,6.62,2013.0,6.62,CCS(=O)(=O)c1nc(-c2ccccc2)c(-c2ccc(S(C)(=O)=O)cc2)[nH]1,train
CHEMBL2347675,CHEMBL230,6.51,2013.0,6.51,CCS(=O)(=O)c1nc(-c2ccc(F)cc2)c(-c2ccc(S(C)(=O)=O)cc2)[nH]1,train
CHEMBL2347676,CHEMBL230,6.5,2013.0,6.5,CCS(=O)(=O)c1nc(-c2ccc(Cl)cc2)c(-c2ccc(S(C)(=O)=O)cc2)[nH]1,train
CHEMBL2347677,CHEMBL230,7.22,2013.0,7.22,CSc1nc(-c2ccccc2)c(-c2ccc(S(C)(=O)=O)cc2)[nH]1,train
CHEMBL23556,CHEMBL230,6.529999999999999,1999.0,6.529999999999999,CS(=O)(=O)c1ccc(C2=C(/C=C/c3ccc(F)cc3)C(=O)CC2)cc1,test
CHEMBL235786,CHEMBL230,4.0,2007.0,4.0,O=C(O)Cc1ccc2c(c1)OCCO2,val
CHEMBL23588,CHEMBL230,7.75,2012.0,7.75,O=C(O)c1ccccc1Nc1cccc(C(F)(F)F)c1,train
CHEMBL23610,CHEMBL230,6.865,1999.0,6.865,CS(=O)(=O)c1ccc(C2=C(Oc3cc(F)cc(F)c3)C(=O)CC2)cc1,test
CHEMBL236238,CHEMBL230,5.21,2007.0,5.21,O=C(O)Cc1cccn1-c1ccccc1F,train
CHEMBL236433,CHEMBL230,4.78,2007.0,4.78,C[C@H](C(=O)O)c1ccc2c(c1)OCCO2,val
CHEMBL23649,CHEMBL230,6.984999999999999,1999.0,6.984999999999999,CS(=O)(=O)c1ccc(C2=C(Oc3ccccc3)C(=O)CC2)cc1,test
CHEMBL236906,CHEMBL230,4.3979400086720375,2019.0,4.3979400086720375,CC(=O)O[C@@H]1CC[C@@]2(C)[C@@H](CC[C@]3(C)[C@@H]2CC=C2[C@@H]4[C@@H](C)[C@H](C)CC[C@]4(C)CC[C@]23C)[C@@]1(C)C(=O)O,val
CHEMBL237021,CHEMBL230,5.92,2007.0,5.92,COc1ccc2c(c1)c(CC(=O)NCCCO[N+](=O)[O-])c(C)n2C(=O)c1ccc(Cl)cc1,train
CHEMBL237022,CHEMBL230,5.0,2007.0,5.0,COc1ccc2c(c1)c(CCNC(=O)NCCCO[N+](=O)[O-])c(C)n2C(=O)c1ccc(Cl)cc1,train
CHEMBL237111,CHEMBL230,4.3979400086720375,2019.0,4.3979400086720375,CC(=O)O[C@@H]1CC[C@@]2(C)[C@@H](CC[C@]3(C)[C@@H]2C(=O)C=C2[C@@H]4[C@@H](C)[C@H](C)CC[C@]4(C)CC[C@]23C)[C@@]1(C)C(=O)O,val
CHEMBL237204,CHEMBL230,5.46,2007.0,5.46,Cc1c(CC(=O)NCCCO[N+](=O)[O-])c2cc(O)ccc2n1C(=O)c1ccc(Cl)cc1,train
CHEMBL237205,CHEMBL230,4.58,2007.0,4.58,Cc1c(CC(=O)NCCCO[N+](=O)[O-])c2cc(OS(N)(=O)=O)ccc2n1C(=O)c1ccc(Cl)cc1,train
CHEMBL237207,CHEMBL230,5.92,2007.0,5.92,COc1ccc2c(c1)c(CCNS(=O)(=O)CCCO[N+](=O)[O-])c(C)n2C(=O)c1ccc(Cl)cc1,train
CHEMBL237208,CHEMBL230,5.96,2007.0,5.96,COc1ccc2c(c1)c(CCNS(=O)(=O)CCCO)c(C)n2C(=O)c1ccc(Cl)cc1,train
CHEMBL237221,CHEMBL230,5.0,2007.0,5.0,COc1ccc2c(c1)c(CCO[N+](=O)[O-])c(C)n2C(=O)c1ccc(Cl)cc1,train
CHEMBL237398,CHEMBL230,5.52,2007.0,5.52,Cc1c(CC(=O)NCCCO)c2cc(O)ccc2n1C(=O)c1ccc(Cl)cc1,train
CHEMBL237399,CHEMBL230,5.39,2007.0,5.39,COc1cc2c(CC(=O)O)c(C)n(C(=O)c3ccc(Cl)cc3)c2cc1Cl,train
CHEMBL237400,CHEMBL230,5.24,2007.0,5.24,COc1cc2c(CC(=O)NCCCO[N+](=O)[O-])c(C)n(C(=O)c3ccc(Cl)cc3)c2cc1Cl,train
CHEMBL2375786,CHEMBL230,4.301029995663981,2015.0,4.301029995663981,C/C=C(\C)C(=O)O[C@@H]1[C@@H](C)[C@@]2(O)[C@@H](C=C(CO)C[C@]3(O)C(=O)C(C)=C[C@@H]23)[C@@H]2C(C)(C)[C@]12OC(=O)C(C)CC,val
CHEMBL2375787,CHEMBL230,4.301029995663981,2015.0,4.301029995663981,C/C=C(\C)C(=O)O[C@@H]1[C@@H](C)[C@@]2(O)[C@@H](C=C(CO)C[C@]3(O)C(=O)C(C)=C[C@@H]23)[C@@H]2C(C)(C)[C@]12OC(=O)C(C)C,val
CHEMBL237592,CHEMBL230,5.68,2007.0,5.68,CCOC(=O)Cc1cc(-c2ccc(S(C)(=O)=O)cc2)n(-c2cccc(F)c2)c1C,train
CHEMBL23808,CHEMBL230,7.550000000000001,1999.0,7.550000000000001,CS(=O)(=O)c1ccc(C2=C(c3ccc(F)c(Cl)c3)C(=O)CC2)cc1,train
CHEMBL2380861,CHEMBL230,4.0,2013.0,4.0,CC(=O)/C(=C(\N)c1ccco1)c1ccccc1,train
CHEMBL2380862,CHEMBL230,6.57,2013.0,6.57,Cc1onc(-c2cccc(Cl)c2)c1-c1ccccc1,train
CHEMBL2380863,CHEMBL230,5.96,2013.0,5.96,Cc1onc(-c2ccccc2Cl)c1-c1ccccc1,train
CHEMBL2380864,CHEMBL230,4.0,2013.0,4.0,FC(F)(F)c1onc(-c2ccc(Cl)o2)c1-c1ccccc1,train
CHEMBL2380865,CHEMBL230,4.0,2013.0,4.0,Cc1onc(-c2ccc(Cl)o2)c1-c1ccccc1F,train
CHEMBL2380866,CHEMBL230,4.76,2013.0,4.76,Cc1onc(-c2ccc(Cl)o2)c1-c1ccc(F)cc1,train
CHEMBL2380867,CHEMBL230,4.17,2013.0,4.17,Cc1ccc(-c2noc(C)c2-c2ccccc2)o1,train
CHEMBL2380868,CHEMBL230,4.0,2013.0,4.0,O=C(O)c1onc(-c2ccc(Cl)o2)c1-c1ccccc1,train
CHEMBL2380869,CHEMBL230,4.0,2013.0,4.0,COC(=O)c1onc(-c2ccc(Cl)o2)c1-c1ccccc1,train
CHEMBL2380870,CHEMBL230,4.0,2013.0,4.0,OCc1onc(-c2ccc(Cl)o2)c1-c1ccccc1,train
CHEMBL2380871,CHEMBL230,4.0,2013.0,4.0,CC(=O)OCc1onc(-c2ccc(Cl)o2)c1-c1ccccc1,train
CHEMBL2380872,CHEMBL230,4.0,2013.0,4.0,O=C(OCCCN1CCOCC1)c1onc(-c2ccc(Cl)o2)c1-c1ccccc1,val
CHEMBL2380873,CHEMBL230,4.0,2013.0,4.0,O=C(OCCCO[N+](=O)[O-])c1onc(-c2ccc(Cl)o2)c1-c1ccccc1,train
CHEMBL2380874,CHEMBL230,4.69,2013.0,4.69,Cc1onc(-c2ccco2)c1-c1ccccc1,train
CHEMBL2380875,CHEMBL230,4.0,2013.0,4.0,Cc1onc(C2CCCO2)c1-c1ccccc1,test
CHEMBL2380876,CHEMBL230,4.47,2013.0,4.47,Cc1onc(-c2ccc(Br)o2)c1-c1ccccc1,train
CHEMBL2380877,CHEMBL230,4.0,2013.0,4.0,COC(=O)c1c(-c2ccc(Cl)o2)noc1-c1ccccc1,test
CHEMBL2380878,CHEMBL230,4.0,2013.0,4.0,O=C(O)c1c(-c2ccc(Cl)o2)noc1-c1ccccc1,test
CHEMBL2380879,CHEMBL230,4.0,2013.0,4.0,O=C(O)c1c(-c2ccccc2)noc1-c1ccccc1,train
CHEMBL2380880,CHEMBL230,4.0,2013.0,4.0,CC(=O)/C(=C(\N)c1ccc(Cl)o1)c1ccccc1,train
CHEMBL238240,CHEMBL230,5.82,2007.0,5.82,COc1ccc2c(c1)c(CCNC(=O)c1ccc(O[N+](=O)[O-])cc1)c(C)n2C(=O)c1ccc(Cl)cc1,train
CHEMBL2386352,CHEMBL230,6.41,2013.0,6.41,COc1ccc2c(c1)c(CC(=O)O)c(C(F)(F)F)n2C(=O)c1ccc(Cl)cc1,train
CHEMBL2387503,CHEMBL230,5.0,2013.0,5.0,O=c1[nH]c2cc(-c3ccccc3)ccc2c2[nH]c(-c3c(F)cccc3Cl)nc12,train
CHEMBL2391048,CHEMBL230,4.83,2013.0,4.83,Cc1c(C=O)cc(-c2ccc(S(C)(=O)=O)cc2)n1-c1ccc(F)c(F)c1,train
CHEMBL2391052,CHEMBL230,4.76,2013.0,4.76,Cc1c(/C=N\O)cc(-c2ccc(S(C)(=O)=O)cc2)n1-c1ccc(F)c(F)c1,train
CHEMBL2391054,CHEMBL230,5.89,2013.0,5.89,Cc1c(C#N)cc(-c2ccc(S(C)(=O)=O)cc2)n1-c1cccc(F)c1,train
CHEMBL2398532,CHEMBL230,4.57,2013.0,4.57,COc1ccc(-c2cn(CCc3ccc(S(N)(=O)=O)cc3)nn2)cc1,train
CHEMBL2398533,CHEMBL230,5.89,2013.0,5.89,NS(=O)(=O)c1ccc(-n2cc(-c3ccc(Cl)cc3)nn2)cc1,train
CHEMBL2398534,CHEMBL230,5.19,2013.0,5.19,NS(=O)(=O)c1ccc(Cn2cc(-c3ccccc3)nn2)cc1,train
CHEMBL2398535,CHEMBL230,5.82,2013.0,5.82,NS(=O)(=O)c1ccc(Cn2cc(-c3ccc(F)cc3)nn2)cc1,train
CHEMBL2398536,CHEMBL230,4.55,2013.0,4.55,NS(=O)(=O)c1ccc(Cn2cc(-c3ccc(Cl)cc3)nn2)cc1,train
CHEMBL2398537,CHEMBL230,5.92,2013.0,5.92,Cc1ccc(-c2cn(Cc3ccc(S(N)(=O)=O)cc3)nn2)cc1,train
CHEMBL2398538,CHEMBL230,4.89,2013.0,4.89,COc1ccc(-c2cn(Cc3ccc(S(N)(=O)=O)cc3)nn2)cc1,train
CHEMBL2398539,CHEMBL230,5.96,2013.0,5.96,NS(=O)(=O)c1ccc(CCn2cc(-c3ccccc3)nn2)cc1,train
CHEMBL2398540,CHEMBL230,6.0,2013.0,6.0,NS(=O)(=O)c1ccc(CCn2cc(-c3ccc(F)cc3)nn2)cc1,train
CHEMBL2398541,CHEMBL230,6.77,2013.0,6.77,NS(=O)(=O)c1ccc(CCn2cc(-c3ccc(Cl)cc3)nn2)cc1,train
CHEMBL2398542,CHEMBL230,5.47,2013.0,5.47,Cc1ccc(-c2cn(CCc3ccc(S(N)(=O)=O)cc3)nn2)cc1,train
CHEMBL24009,CHEMBL230,6.21,1999.0,6.21,CS(=O)(=O)c1ccc(C2=C(c3cc(F)cc(F)c3)C(=O)CC2)cc1,train
CHEMBL241970,CHEMBL230,6.89,2014.0,6.89,Cc1ccc(-c2cc(C(F)(F)F)nn2-c2ccc(S(C)(=O)=O)cc2)cc1,train
CHEMBL242459,CHEMBL230,4.0,2011.0,4.0,O=C(NC12CC3CC(CC(C3)C1)C2)N[C@H]1CC[C@H](Oc2ccc(C(=O)O)cc2)CC1,train
CHEMBL24288,CHEMBL230,6.62,2002.0,6.62,COC[C@H](C)NC(=O)Cc1c(C)n(C(=O)c2ccc(Cl)cc2)c2ccc(OC)cc12,train
CHEMBL24349,CHEMBL230,6.85,2002.0,6.85,COC[C@@H](C)NC(=O)Cc1c(C)n(C(=O)c2ccc(Cl)cc2)c2ccc(OC)cc12,train
CHEMBL24363,CHEMBL230,6.66,2002.0,6.66,COc1ccc2c(c1)c(CC(=O)N[C@@H](CO)Cc1ccccc1)c(C)n2C(=O)c1ccc(Cl)cc1,train
CHEMBL24381,CHEMBL230,6.145,1999.0,6.145,CS(=O)(=O)c1ccc(C2=C(c3cncc(Br)c3)C(=O)CC2)cc1,test
CHEMBL24407,CHEMBL230,8.1,2001.0,8.1,COc1ccc2c(c1)c(Cc1nc(-c3cccc(Br)c3)cs1)c(C)n2C(=O)c1ccc(Cl)cc1,train
CHEMBL24415,CHEMBL230,6.699999999999999,2000.0,6.699999999999999,COc1ccc2c(c1)c(CC(=O)NCCO)c(C)n2C(=O)c1ccc(Cl)cc1,train
CHEMBL24429,CHEMBL230,6.48,1999.0,6.48,CS(=O)(=O)c1ccc(C2=C(c3cccnc3)C(=O)CC2)cc1,test
CHEMBL24687,CHEMBL230,6.41,2001.0,6.41,COc1ccc2c(c1)c(Cc1csc(N)n1)c(C)n2C(=O)c1ccc(Cl)cc1,train
CHEMBL24798,CHEMBL230,6.96,2002.0,6.96,CCC(C)[C@@H](CO)NC(=O)Cc1c(C)n(C(=O)c2ccc(Cl)cc2)c2ccc(OC)cc12,train
CHEMBL24837,CHEMBL230,6.234999999999999,2002.0,6.234999999999999,COc1ccc2c(c1)c(CC(=O)NCCCCO)c(C)n2C(=O)c1ccc(Cl)cc1,train
CHEMBL24869,CHEMBL230,6.54,2002.0,6.54,COc1ccc2c(c1)c(CC(=O)NCCCCCO)c(C)n2C(=O)c1ccc(Cl)cc1,train
CHEMBL24874,CHEMBL230,6.77,2002.0,6.77,COc1ccc2c(c1)c(CC(=O)N[C@H](C)CO)c(C)n2C(=O)c1ccc(Cl)cc1,train
CHEMBL24957,CHEMBL230,7.0,2002.0,7.0,CC[C@H](CO)NC(=O)Cc1c(C)n(C(=O)c2ccc(Cl)cc2)c2ccc(OC)cc12,train
CHEMBL249995,CHEMBL230,6.92,2007.0,6.92,CS(=O)(=O)c1ccc(C2SCC(=O)N2c2ccc(F)cc2)cc1,train
CHEMBL25,CHEMBL2094253,4.82,1987.0,4.82,CC(=O)Oc1ccccc1C(=O)O,train
CHEMBL25,CHEMBL230,4.7,1995.0,4.7,CC(=O)Oc1ccccc1C(=O)O,train
CHEMBL25030,CHEMBL230,6.43,2002.0,6.43,COc1ccc2c(c1)c(CC(=O)N[C@H](CO)C(C)C)c(C)n2C(=O)c1ccc(Cl)cc1,train
CHEMBL25035,CHEMBL230,6.89,2002.0,6.89,CC[C@@H](C)NC(=O)Cc1c(C)n(C(=O)c2ccc(Cl)cc2)c2ccc(OC)cc12,train
CHEMBL25288,CHEMBL230,6.96,2002.0,6.96,CC[C@H](C)NC(=O)Cc1c(C)n(C(=O)c2ccc(Cl)cc2)c2ccc(OC)cc12,train
CHEMBL25371,CHEMBL230,6.5,2002.0,6.5,COc1ccc2c(c1)c(CC(=O)NC[C@H](C)O)c(C)n2C(=O)c1ccc(Cl)cc1,train
CHEMBL254377,CHEMBL230,7.3,2007.0,7.3,COc1ccc2c(c1)c(CCNC(=O)c1ccc(Cl)cc1)c(C)n2Cc1ccc(Br)cc1,train
CHEMBL254418,CHEMBL230,5.96,2008.0,5.96,Cc1onc(-c2ccccc2)c1-c1ccc(S(=O)(=O)NO)cc1.O,train
CHEMBL255174,CHEMBL230,5.43,2008.0,5.43,COC(=O)c1ccc(/N=C/c2ccc(S(N)(=O)=O)cc2)cc1,val
CHEMBL255175,CHEMBL230,5.52,2008.0,5.52,NS(=O)(=O)c1ccc(/N=C/c2ccc([N+](=O)[O-])cc2)cc1,val
CHEMBL255378,CHEMBL230,7.6,2008.0,7.6,CC(C)c1cc(NCc2ccccc2)nc(-c2ccc(S(C)(=O)=O)cc2)n1,train
CHEMBL256847,CHEMBL230,7.16,2008.0,7.16,Cc1c(Cl)nc(-c2ccc(S(C)(=O)=O)cc2)nc1NCc1ccc(F)cc1,train
CHEMBL257054,CHEMBL230,7.425000000000001,2008.0,7.425000000000001,CS(=O)(=O)c1ccc(-c2nc(NCC3CC=CCC3)cc(C(F)(F)F)n2)cc1,train
CHEMBL257103,CHEMBL230,6.32,2008.0,6.32,CS(=O)(=O)c1ccc(-c2nc(NC3CCCC3)cc(C(F)(F)F)n2)cc1,test
CHEMBL257108,CHEMBL230,7.43,2008.0,7.43,Cc1ccc(CNc2nc(-c3ccc(S(C)(=O)=O)cc3)nc(Cl)c2C)cc1,train
CHEMBL25725,CHEMBL230,6.205,2002.0,6.205,COc1ccc2c(c1)c(CC(=O)NCCCO)c(C)n2C(=O)c1ccc(Cl)cc1,train
CHEMBL257295,CHEMBL230,6.609999999999999,2008.0,6.609999999999999,CS(=O)(=O)c1ccc(-c2nc(NC3CCCCC3)cc(C(F)(F)F)n2)cc1,val
CHEMBL257299,CHEMBL230,7.35,2008.0,7.35,Cc1ccc(CNc2cc(Cl)nc(-c3ccc(S(C)(=O)=O)cc3)n2)cc1,train
CHEMBL257300,CHEMBL230,6.2,2008.0,6.2,CS(=O)(=O)c1ccc(-c2nc(NCc3ccc(O)cc3)cc(C(F)(F)F)n2)cc1,train
CHEMBL257301,CHEMBL230,5.0,2008.0,5.0,CS(=O)(=O)c1ccc(-c2nc(NCc3nc4ccccc4[nH]3)cc(C(F)(F)F)n2)cc1,train
CHEMBL257483,CHEMBL230,5.605,2008.0,5.605,CC(C)CNc1cc(C(F)(F)F)nc(-c2ccc(S(C)(=O)=O)cc2)n1,train
CHEMBL257489,CHEMBL230,5.38,2008.0,5.38,COc1ccc(/N=C/c2ccc(S(N)(=O)=O)cc2)cc1,val
CHEMBL257491,CHEMBL230,5.57,2008.0,5.57,CCCCCNc1cc(C(F)(F)F)nc(-c2ccc(S(C)(=O)=O)cc2)n1,train
CHEMBL257493,CHEMBL230,5.0,2008.0,5.0,CS(=O)(=O)c1ccc(-c2nc(NCc3ccc4ccccc4c3)cc(C(F)(F)F)n2)cc1,test
CHEMBL257539,CHEMBL230,7.0,2007.0,7.0,CCOc1cccc(OCC)c1-c1ccc(C(C)C(=O)O)cc1F,train
CHEMBL257677,CHEMBL230,7.47,2008.0,7.47,CS(=O)(=O)c1ccc(-c2nc(Cl)cc(NCc3ccc(F)cc3)n2)cc1,train
CHEMBL257678,CHEMBL230,7.65,2008.0,7.65,Cc1c(NCc2ccc(F)cc2)nc(-c2ccc(S(C)(=O)=O)cc2)nc1C(F)(F)F,train
CHEMBL258656,CHEMBL230,4.0,2008.0,4.0,Nc1ccnc(NC(=O)c2cccc(C(F)(F)F)c2)c1,train
CHEMBL258738,CHEMBL230,6.78,2007.0,6.78,O=C(O)Cc1ccccc1Nc1c(Cl)cccc1C(F)(F)F,train
CHEMBL259218,CHEMBL230,7.33,2007.0,7.33,Cc1ccc(Nc2c(Cl)cccc2Cl)c(CC(=O)O)c1,train
CHEMBL259468,CHEMBL230,8.21,2008.0,8.21,CCN(CC)c1cc(NCc2cccs2)nc(-c2ccc(S(C)(=O)=O)cc2)n1,test
CHEMBL259469,CHEMBL230,5.72,2008.0,5.72,CS(=O)(=O)c1ccc(-c2nc(NCc3ccc(C(F)(F)F)cc3)cc(C(F)(F)F)n2)cc1,train
CHEMBL259539,CHEMBL230,4.0,2008.0,4.0,Nc1ccccc1NC(=O)c1ccc(C(F)(F)F)cc1,val
CHEMBL259678,CHEMBL230,6.52,2008.0,6.52,CS(=O)(=O)c1ccc(-c2nc(NCc3cc(F)cc(F)c3)cc(C(F)(F)F)n2)cc1,train
CHEMBL259680,CHEMBL230,5.0,2008.0,5.0,CS(=O)(=O)c1ccc(-c2nc(NCc3cccnc3)cc(C(F)(F)F)n2)cc1,train
CHEMBL259842,CHEMBL230,6.49,2007.0,6.49,CCc1cccc(C)c1Nc1ccccc1CC(=O)O,train
CHEMBL259972,CHEMBL230,4.301029995663981,2008.0,4.301029995663981,COc1ccc(-c2noc(CC(=O)O)c2-c2ccc(OC)cc2)cc1,train
CHEMBL260386,CHEMBL230,4.0,2008.0,4.0,Nc1ccc(C(=O)Nc2ccc(C(F)(F)F)cc2)nc1,test
CHEMBL260387,CHEMBL230,4.0,2008.0,4.0,Nc1ccc(C(=O)Nc2ccc(C(F)(F)F)cn2)cc1,train
CHEMBL260553,CHEMBL230,5.7,2005.0,5.7,CC(C)=CCc1c(O)cc2oc3cc(O)c(O)c(CC=C(C)C)c3c(=O)c2c1O,test
CHEMBL260564,CHEMBL230,4.0,2008.0,4.0,Nc1cccc(C(=O)Nc2cccc(C(F)(F)F)c2)c1,val
CHEMBL260566,CHEMBL230,4.0,2008.0,4.0,Nc1ccc(NC(=O)c2cccc(C(F)(F)F)c2)cc1,val
CHEMBL261265,CHEMBL230,4.0,2008.0,4.0,Nc1cccc(NC(=O)c2cccc(C(F)(F)F)c2)c1,val
CHEMBL261266,CHEMBL230,4.0,2008.0,4.0,Nc1ccccc1NC(=O)c1cccc(C(F)(F)F)c1,val
CHEMBL261321,CHEMBL230,4.0,2008.0,4.0,Nc1ccc(C(=O)Nc2ccccc2C(F)(F)F)cc1,val
CHEMBL261485,CHEMBL230,4.0,2008.0,4.0,Nc1cccc(NC(=O)c2ccccc2C(F)(F)F)c1,val
CHEMBL261520,CHEMBL230,4.0,2008.0,4.0,Nc1ccc(C(=O)Nc2cccc(C(F)(F)F)c2)cc1,val
CHEMBL261550,CHEMBL230,4.0,2008.0,4.0,Nc1ccnc(NC(=O)c2ccc(C(F)(F)F)cc2)c1,train
CHEMBL261598,CHEMBL230,4.0,2008.0,4.0,Nc1ccc(C(=O)Nc2ccc(C(F)(F)F)cc2)cc1,val
CHEMBL261815,CHEMBL230,4.0,2008.0,4.0,Nc1ccccc1C(=O)Nc1ccc(C(F)(F)F)cc1,val
CHEMBL262744,CHEMBL230,6.869999999999999,2003.0,6.869999999999999,C[C@H]1C[C@@H]1Cn1ncc(-c2ccc(S(C)(=O)=O)cc2)c(-c2ccc(F)cc2)c1=O,train
CHEMBL264163,CHEMBL230,4.0,2008.0,4.0,Nc1ccccc1C(=O)Nc1ccccc1C(F)(F)F,val
CHEMBL264300,CHEMBL230,6.24,1997.0,6.24,COc1ccc(-c2nc(C(F)(F)F)cn2-c2ccc(S(C)(=O)=O)cc2)cc1,train
CHEMBL264503,CHEMBL230,4.3979400086720375,2004.0,4.3979400086720375,CS(=O)(=O)Cc1[nH]c2cc(S(C)(=O)=O)ccc2c1Sc1ccccc1Cl,train
CHEMBL265071,CHEMBL230,5.83,2004.0,5.83,Cc1cc(=O)c(C2CCCCC2)c(-c2ccc(S(C)(=O)=O)cc2)o1,train
CHEMBL265078,CHEMBL230,7.26,2000.0,7.26,COc1ccc2c(c1)c(CC(=O)Nc1ccc(Cl)cc1)c(C)n2C(=O)c1ccc(Cl)cc1,test
CHEMBL26509,CHEMBL230,6.36,2002.0,6.36,COc1ccc2c(c1)c(CC(=O)N[C@@H](CO)c1ccccc1)c(C)n2C(=O)c1ccc(Cl)cc1,train
CHEMBL265562,CHEMBL230,8.15,1995.0,8.15,NS(=O)(=O)c1ccc(C2=C(c3ccc(F)cc3)CCC2)cc1,test
CHEMBL265585,CHEMBL230,7.64,1999.0,7.64,CS(=O)(=O)c1ccc(-c2sc(C(F)(F)F)nc2-c2ccc(F)cc2)cc1,train
CHEMBL266100,CHEMBL2094253,7.335329725273208,1989.0,7.335329725273208,CC(C)(C)c1cc(/C=C/c2cccs2)cc(C(C)(C)C)c1O,train
CHEMBL266858,CHEMBL230,5.7,1998.0,5.7,CC(C)(C)c1cc(C(=O)CS(=O)(=O)CC2CC2)cc2c1OCC2(C)C,test
CHEMBL267225,CHEMBL230,4.3979400086720375,2019.0,4.3979400086720375,C[C@H]1[C@H](C)CC[C@]2(C)CC[C@]3(C)C(=CC[C@@H]4[C@@]5(C)CC[C@@H](O)[C@](C)(C(=O)O)[C@@H]5CC[C@]43C)[C@H]12,val
CHEMBL26829,CHEMBL230,8.15,2001.0,8.15,COc1ccc2c(c1)c(Cc1nc(-c3ccc([N+](=O)[O-])cc3)cs1)c(C)n2C(=O)c1ccc(Br)cc1,train
CHEMBL268470,CHEMBL230,4.68,2001.0,4.68,CS(=O)(=O)c1ccc(-c2cc(Cl)cnc2-c2ccc(C(=O)O)nc2)cc1,val
CHEMBL26915,CHEMBL230,5.0,1997.0,5.0,COc1ccc(-n2nc(C(F)(F)F)cc2-c2ccc(Cl)cc2)cc1,train
CHEMBL269818,CHEMBL230,7.93,2008.0,7.93,Cc1ccc(CNc2cc(C(F)(F)F)nc(-c3ccc(S(C)(=O)=O)cc3)n2)s1,test
CHEMBL269832,CHEMBL230,7.31,2008.0,7.31,CS(=O)(=O)c1ccc(-c2nc(O)cc(NCc3ccccc3)n2)cc1,train
CHEMBL270036,CHEMBL230,5.0,2008.0,5.0,NS(=O)(=O)c1ccc(-c2nc(NCc3cccnc3)cc(C(F)(F)F)n2)cc1,train
CHEMBL270043,CHEMBL230,5.46,2008.0,5.46,COc1ccc(/C=N/c2ccc(S(N)(=O)=O)cc2)cc1O,val
CHEMBL270060,CHEMBL230,5.34,2005.0,5.34,C=C1C(=O)O[C@@H]2[C@H]1CC[C@H](C)[C@]1(CCC(=O)O1)[C@@]2(C)O,train
CHEMBL270078,CHEMBL230,8.41,2008.0,8.41,CS(=O)(=O)c1ccc(-c2nc(Cl)cc(NCc3cccs3)n2)cc1,test
CHEMBL270087,CHEMBL230,5.57,2008.0,5.57,COc1cc(/C=N/c2ccc(S(N)(=O)=O)cc2)cc(OC)c1O,val
CHEMBL270111,CHEMBL230,5.415,2008.0,5.415,CS(=O)(=O)c1ccc(-c2nc(NCC3CCCCC3)cc(C(F)(F)F)n2)cc1,test
CHEMBL270243,CHEMBL230,5.56,2008.0,5.56,NS(=O)(=O)c1ccc(/N=C/c2cccc(O)c2)cc1,val
CHEMBL270246,CHEMBL230,5.34,2008.0,5.34,NS(=O)(=O)c1ccc(/N=C/c2ccc(C(F)(F)F)cc2)cc1,val
CHEMBL270256,CHEMBL230,5.43,2008.0,5.43,CCOc1cc(/C=N/c2ccc(S(N)(=O)=O)cc2)ccc1O,val
CHEMBL270263,CHEMBL230,5.54,2008.0,5.54,NS(=O)(=O)c1ccc(/N=C/c2ccc(O)c(O)c2)cc1,val
CHEMBL270264,CHEMBL230,5.53,2008.0,5.53,COc1cc(/C=N/c2ccc(S(N)(=O)=O)cc2)ccc1O,val
CHEMBL270293,CHEMBL230,9.4,2008.0,9.4,COc1cc(NCc2cccs2)nc(-c2ccc(S(C)(=O)=O)cc2)n1,test
CHEMBL270294,CHEMBL230,8.39,2008.0,8.39,CS(=O)(=O)c1ccc(-c2nc(SCc3cccs3)cc(C(F)(F)F)n2)cc1,test
CHEMBL270305,CHEMBL230,7.96,2008.0,7.96,CS(=O)(=O)c1ccc(-c2nc(Cl)cc(NCc3ccccc3)n2)cc1,train
CHEMBL270351,CHEMBL230,5.0,2008.0,5.0,NS(=O)(=O)c1ccc(-c2nc(NCc3csc4ccccc34)cc(C(F)(F)F)n2)cc1,train
CHEMBL270510,CHEMBL230,7.32,2008.0,7.32,Cc1ccc(CNc2cc(C(F)(F)F)nc(-c3ccc(S(C)(=O)=O)cc3)n2)cc1,train
CHEMBL270517,CHEMBL230,6.92,2008.0,6.92,CCc1c(NCc2cccs2)nc(-c2ccc(S(C)(=O)=O)cc2)nc1C(F)(F)F,test
CHEMBL270670,CHEMBL230,5.47,2008.0,5.47,NS(=O)(=O)c1ccc(/N=C/c2ccc(O)cc2)cc1,val
CHEMBL270671,CHEMBL230,5.47,2008.0,5.47,CN(C)c1ccc(/C=N/c2ccc(S(N)(=O)=O)cc2)cc1,val
CHEMBL270723,CHEMBL230,6.28,2008.0,6.28,CS(=O)(=O)c1ccc(-c2nc(SCc3ccccc3)cc(C(F)(F)F)n2)cc1,train
CHEMBL270730,CHEMBL230,7.145,2008.0,7.145,Cn1cccc1CNc1cc(C(F)(F)F)nc(-c2ccc(S(C)(=O)=O)cc2)n1,val
CHEMBL270886,CHEMBL230,5.37,2008.0,5.37,COc1ccc(/N=C/c2ccc(S(N)(=O)=O)cc2)cc1OC,val
CHEMBL271103,CHEMBL230,7.03,2008.0,7.03,CC(C)(C)c1cc(NCc2ccccc2)nc(-c2ccc(S(C)(=O)=O)cc2)n1,train
CHEMBL271104,CHEMBL230,8.01,2008.0,8.01,CC(C)c1cc(NCc2cccs2)nc(-c2ccc(S(C)(=O)=O)cc2)n1,test
CHEMBL271173,CHEMBL230,9.52,2008.0,9.52,CCOc1cc(NCc2cccs2)nc(-c2ccc(S(C)(=O)=O)cc2)n1,test
CHEMBL271312,CHEMBL230,6.28,2008.0,6.28,CC(Nc1cc(C(F)(F)F)nc(-c2ccc(S(C)(=O)=O)cc2)n1)c1ccccc1,train
CHEMBL271314,CHEMBL230,5.0,2008.0,5.0,CCN(Cc1ccccc1)c1cc(C(F)(F)F)nc(-c2ccc(S(C)(=O)=O)cc2)n1,train
CHEMBL271337,CHEMBL230,6.8,2008.0,6.8,NS(=O)(=O)c1ccc(-c2nc(NCc3cccs3)cc(C(F)(F)F)n2)cc1,test
CHEMBL271338,CHEMBL230,8.165,2008.0,8.165,CS(=O)(=O)c1ccc(-c2nc(NCc3cccs3)cc(C(F)(F)F)n2)cc1,test
CHEMBL271339,CHEMBL230,7.0,2008.0,7.0,CS(=O)(=O)c1ccc(-c2nc(NCc3ccccc3)cc(C(F)(F)F)n2)cc1,train
CHEMBL271348,CHEMBL230,8.12,2008.0,8.12,CS(=O)(=O)c1ccc(-c2nc(NCc3cccs3)cc(OC3CCCC3)n2)cc1,train
CHEMBL271549,CHEMBL230,8.62,2008.0,8.62,COCCOc1cc(NCc2cccs2)nc(-c2ccc(S(C)(=O)=O)cc2)n1,test
CHEMBL271551,CHEMBL230,6.775,2008.0,6.775,CS(=O)(=O)c1ccc(-c2nc(NCc3ccco3)cc(C(F)(F)F)n2)cc1,train
CHEMBL271561,CHEMBL230,5.47,2008.0,5.47,COc1cc(/C=N/c2ccc(S(N)(=O)=O)cc2)cc(OC)c1,val
CHEMBL271572,CHEMBL230,5.4,2008.0,5.4,Cn1cccc1CCNc1cc(C(F)(F)F)nc(-c2ccc(S(C)(=O)=O)cc2)n1,train
CHEMBL271614,CHEMBL230,7.99,2008.0,7.99,CC(C)Nc1cc(NCc2cccs2)nc(-c2ccc(S(C)(=O)=O)cc2)n1,test
CHEMBL271754,CHEMBL230,5.18,2008.0,5.18,NS(=O)(=O)c1ccc(/C=N/c2ccc(C(F)(F)F)cc2)cc1,val
CHEMBL271763,CHEMBL230,6.03,2008.0,6.03,CS(=O)(=O)c1ccc(-c2nc(NCc3ccncc3)cc(C(F)(F)F)n2)cc1,test
CHEMBL271832,CHEMBL230,5.51,2008.0,5.51,COc1ccc(/C=N/c2ccc(S(N)(=O)=O)cc2)cc1OC,val
CHEMBL271911,CHEMBL230,5.0,2008.0,5.0,COc1ccc(/C=N/c2ccc(S(N)(=O)=O)cc2)cc1,val
CHEMBL271930,CHEMBL230,5.26,2008.0,5.26,COc1cccc(/C=N/c2ccc(S(N)(=O)=O)cc2)c1,val
CHEMBL271932,CHEMBL230,8.29,2008.0,8.29,COc1cc(NCc2ccccc2)nc(-c2ccc(S(C)(=O)=O)cc2)n1,train
CHEMBL271962,CHEMBL230,5.33,2008.0,5.33,Cc1ccc(/N=C/c2ccc(S(N)(=O)=O)cc2)cc1,val
CHEMBL272145,CHEMBL230,5.0,2008.0,5.0,CC(C)c1ccc(Nc2cc(C(F)(F)F)nc(-c3ccc(S(C)(=O)=O)cc3)n2)cc1,train
CHEMBL272208,CHEMBL230,6.56,2008.0,6.56,CC(C)Nc1cc(NCc2ccccc2)nc(-c2ccc(S(C)(=O)=O)cc2)n1,train
CHEMBL272239,CHEMBL230,7.04,2008.0,7.04,CCS(=O)(=O)c1cc(NCc2ccccc2)nc(-c2ccc(S(C)(=O)=O)cc2)n1,train
CHEMBL272393,CHEMBL230,7.1,2008.0,7.1,CS(=O)(=O)c1ccc(-c2nc(O)cc(NCc3cccs3)n2)cc1,test
CHEMBL272433,CHEMBL230,8.92,2008.0,8.92,CCSc1cc(NCc2cccs2)nc(-c2ccc(S(C)(=O)=O)cc2)n1,test
CHEMBL272587,CHEMBL230,5.71,2008.0,5.71,Cc1cccc(CNc2cc(C(F)(F)F)nc(-c3ccc(S(C)(=O)=O)cc3)n2)c1,train
CHEMBL272605,CHEMBL230,5.24,2008.0,5.24,Cc1ccccc1CNc1cc(C(F)(F)F)nc(-c2ccc(S(C)(=O)=O)cc2)n1,train
CHEMBL272622,CHEMBL230,5.36,2008.0,5.36,NS(=O)(=O)c1ccc(/C=N/c2ccc(F)cc2)cc1,val
CHEMBL272626,CHEMBL230,5.0,2008.0,5.0,CS(=O)(=O)c1ccc(-c2nc(NCc3ccccn3)cc(C(F)(F)F)n2)cc1,train
CHEMBL272627,CHEMBL230,7.33,2008.0,7.33,CS(=O)(=O)c1ccc(-c2nc(NCc3ccsc3)cc(C(F)(F)F)n2)cc1,train
CHEMBL272678,CHEMBL230,7.42,2008.0,7.42,Cc1c(NCc2cccs2)nc(-c2ccc(S(C)(=O)=O)cc2)nc1C(F)(F)F,test
CHEMBL272862,CHEMBL230,7.75,2008.0,7.75,Cc1c(NCc2ccccc2)nc(-c2ccc(S(C)(=O)=O)cc2)nc1C(F)(F)F,train
CHEMBL272863,CHEMBL230,5.0,2008.0,5.0,COCOc1ccc(CNc2cc(C(F)(F)F)nc(-c3ccc(S(C)(=O)=O)cc3)n2)cc1,train
CHEMBL273118,CHEMBL230,6.53,2008.0,6.53,CS(=O)(=O)c1ccc(-c2nc(NCc3cc4ccccc4s3)cc(C(F)(F)F)n2)cc1,train
CHEMBL273340,CHEMBL230,5.744999999999999,2003.0,5.744999999999999,CC1(O)OC(=O)C(c2cccc(F)c2)=C1c1ccc(S(C)(=O)=O)cc1,train
CHEMBL273420,CHEMBL230,6.34,1996.0,6.34,NS(=O)(=O)c1ccc(-n2nc(C(F)(F)F)c3c2-c2ccccc2SC3)cc1,train
CHEMBL273815,CHEMBL230,6.31,2003.0,6.31,CC1(O)OC(=O)C(c2ccc(Br)cc2)=C1c1ccc(S(C)(=O)=O)cc1,train
CHEMBL274271,CHEMBL230,4.39,1999.0,4.39,CC(C)(C)c1cc(-c2nnc(SCCN)s2)cc(C(C)(C)C)c1O,train
CHEMBL274457,CHEMBL230,5.39,1999.0,5.39,CSc1nnc(-c2cc(C(C)(C)C)c(O)c(C(C)(C)C)c2)o1,test
CHEMBL274473,CHEMBL230,6.715,1996.0,6.715,Cc1nc(-c2ccc(S(C)(=O)=O)cc2)c(-c2ccc(F)cc2)s1,train
CHEMBL274587,CHEMBL230,6.52,2000.0,6.52,CC(C(=O)O)c1cc(C(=O)c2ccccc2)ccc1O,train
CHEMBL274642,CHEMBL2094253,4.92,1992.0,4.92,NC1=NN(c2cccc(C(F)(F)F)c2)CC1,train
CHEMBL274798,CHEMBL230,4.0,1997.0,4.0,Cc1ccc(F)cc1-c1nc(C(F)(F)F)cn1-c1ccc(S(C)(=O)=O)cc1,train
CHEMBL274811,CHEMBL230,5.4,1998.0,5.4,CC(C)(C)c1cc(C(=O)C[S+]([O-])CC2CC2)cc2c1OCC2(C)C,train
CHEMBL274841,CHEMBL230,4.75,2001.0,4.75,Cc1ccc(-c2ncc(Cl)cc2-c2ccc(S(C)(=O)=O)cc2)c[n+]1[O-],test
CHEMBL274893,CHEMBL230,7.58,1994.0,7.58,CS(=O)(=O)c1ccc(C2=C(c3ccc(F)cc3)CCC2)cc1,test
CHEMBL274990,CHEMBL230,7.0,1994.0,7.0,CS(=O)(=O)c1ccc(-n2nc(C(F)(F)F)cc2-c2ccc(F)cc2)cc1,train
CHEMBL275120,CHEMBL230,8.15,1998.0,8.15,CC(C)(C)c1cc(C(=O)c2ccccc2)cc2c1OCC2(C)C,train
CHEMBL275188,CHEMBL230,5.85,1999.0,5.85,CSc1nnc(-c2nc(C(C)(C)C)c(O)c(C(C)(C)C)n2)s1,train
CHEMBL275376,CHEMBL230,6.7,1998.0,6.7,CC(C)S(=O)(=O)c1c(O)n(Cc2ccc(F)c(F)c2)c(=O)c2ccccc12,test
CHEMBL275601,CHEMBL230,7.64,1999.0,7.64,CCc1nc(-c2ccc(F)cc2)c(-c2ccc(S(C)(=O)=O)cc2)s1,train
CHEMBL275650,CHEMBL230,5.100743030061056,2003.0,5.100743030061056,CC1(O)OC(=O)C(c2cccs2)=C1c1ccc(S(C)(=O)=O)cc1,train
CHEMBL275664,CHEMBL230,6.365,2003.0,6.365,CC1(O)OC(=O)C(c2ccc(Cl)cc2)=C1c1ccc(S(C)(=O)=O)cc1,train
CHEMBL275809,CHEMBL230,4.19,2008.0,4.19,COc1ccc(-c2nc(C(=O)N3CCN(C)CC3)sc2-c2ccc(OC)cc2)cc1,train
CHEMBL275838,CHEMBL230,4.0,1999.0,4.0,CCCSc1nnc(-c2cc(C(C)(C)C)c(O)c(C(C)(C)C)c2)s1,train
CHEMBL275843,CHEMBL230,6.37,1999.0,6.37,CS(=O)(=O)c1ccc(-c2sc(-c3cccnc3)nc2-c2ccc(F)cc2)cc1,test
CHEMBL276052,CHEMBL230,6.85,1998.0,6.85,O=c1c2ccccc2c(S(=O)(=O)c2ccccc2)c(O)n1Cc1ccccc1,train
CHEMBL276062,CHEMBL230,4.698970004336019,1999.0,4.698970004336019,CCSc1nnc(-c2cc(C(C)C)c(O)c(C(C)C)c2)s1,train
CHEMBL276324,CHEMBL230,8.05,1999.0,8.05,NS(=O)(=O)c1ccc(-c2sc(COc3cc(Cl)cc(Cl)c3)nc2-c2ccc(F)cc2)cc1,train
CHEMBL276436,CHEMBL230,5.35,1998.0,5.35,CC(C)CCCC(=O)c1cc(C(C)(C)C)c2c(c1)C(C)(C)CO2,train
CHEMBL276506,CHEMBL230,6.24,1999.0,6.24,CONC1=NC(=O)/C(=C/c2cc(C(C)C)c(O)c(C(C)C)c2)S1,train
CHEMBL276526,CHEMBL230,4.698970004336019,1999.0,4.698970004336019,CCCSc1nnc(-c2cc(C(C)(C)C)c(O)c(C(C)(C)C)c2)o1,test
CHEMBL276663,CHEMBL230,7.05,1998.0,7.05,CCCCCC(=O)c1cc(C(C)(C)C)c2c(c1)C(C)(C)CO2,train
CHEMBL276739,CHEMBL230,4.0,1999.0,4.0,COc1nc(-c2cc(C(C)(C)C)c(O)c(C(C)(C)C)c2)ns1,train
CHEMBL276762,CHEMBL230,5.61,1999.0,5.61,COc1ccc(-c2nc(-c3ccccc3Cl)sc2-c2ccc(S(N)(=O)=O)cc2)cc1F,train
CHEMBL276800,CHEMBL230,6.4,1998.0,6.4,CCCCC(=O)c1cc(C(C)(C)C)c2c(c1)C(C)(C)CCS2,val
CHEMBL276916,CHEMBL230,4.33,1999.0,4.33,CC(C)(C)c1cc(-c2nnc(S)o2)cc(C(C)(C)C)c1O,test
CHEMBL276976,CHEMBL230,6.355,1999.0,6.355,Cc1ccncc1C1=C(c2ccc(S(C)(=O)=O)cc2)CCC1=O,test
CHEMBL277006,CHEMBL230,7.07,2002.0,7.07,COc1ccc2c(c1)c(CC(=O)N[C@H](CO)c1ccccc1)c(C)n2C(=O)c1ccc(Cl)cc1,train
CHEMBL277115,CHEMBL230,7.3,1999.0,7.3,CS(=O)(=O)c1ccc(-c2sc(-c3ccccc3Cl)nc2-c2ccc(F)cc2)cc1,train
CHEMBL277116,CHEMBL230,7.3,1999.0,7.3,CS(=O)(=O)c1ccc(-c2sc(-c3ccc(Cl)cc3)nc2-c2ccc(F)cc2)cc1,train
CHEMBL277118,CHEMBL230,6.14,2003.0,6.14,CSc1ccc(C2=C(c3ccc(S(C)(=O)=O)cc3)C(C)(O)OC2=O)cc1,train
CHEMBL277124,CHEMBL230,4.698970004336019,1999.0,4.698970004336019,CONC1=NC(=O)/C(=C/c2cc(C(C)(C)C)c(O)c(C(C)(C)C)c2)O1,train
CHEMBL27733,CHEMBL230,4.84,1997.0,4.84,CN(C)c1ccccc1-c1cc(C(F)(F)F)nn1-c1ccc(S(N)(=O)=O)cc1,train
CHEMBL277385,CHEMBL230,7.5,1999.0,7.5,CS(=O)(=O)c1ccc(-c2sc(CCc3ccccc3)nc2-c2ccc(F)cc2)cc1,test
CHEMBL277515,CHEMBL230,4.58,1999.0,4.58,C=CCONC1=NC(=O)/C(=C/c2cc(C(C)(C)C)c(O)c(C(C)(C)C)c2)O1,train
CHEMBL277519,CHEMBL230,5.845000000000001,2003.0,5.845000000000001,CC1(O)OC(=O)C(c2cc3ccccc3s2)=C1c1ccc(S(C)(=O)=O)cc1,test
CHEMBL277721,CHEMBL230,5.82,1999.0,5.82,CC(C)(C)c1cc(/C=C2\SC(NO)=NC2=O)cc(C(C)(C)C)c1O,train
CHEMBL277813,CHEMBL230,6.57,1999.0,6.57,COc1ccc(-c2nc(-c3ccc(F)cc3)c(-c3ccc(S(C)(=O)=O)cc3)s2)cc1,train
CHEMBL27784,CHEMBL230,6.55,2002.0,6.55,CC[C@@H](CO)NC(=O)Cc1c(C)n(C(=O)c2ccc(Cl)cc2)c2ccc(OC)cc12,train
CHEMBL278040,CHEMBL230,4.698970004336019,1999.0,4.698970004336019,CCCSc1nnc(-c2cc(C(C)C)c(O)c(C(C)C)c2)s1,train
CHEMBL278231,CHEMBL230,6.3,2003.0,6.3,CCOC1(C)OC(=O)C(c2ccc(F)cc2)=C1c1ccc(S(C)(=O)=O)cc1,train
CHEMBL278246,CHEMBL230,4.92,1999.0,4.92,C/C(=C1/SC(N=C(N)N)=NC1=O)c1cc(C(C)(C)C)c(O)c(C(C)(C)C)c1,train
CHEMBL278336,CHEMBL230,7.205,1999.0,7.205,CS(=O)(=O)c1ccc(C2=C(C#Cc3ccccc3)C(=O)CC2)cc1,test
CHEMBL278392,CHEMBL230,7.125,1999.0,7.125,CS(=O)(=O)c1ccc(C2=C(c3cc(Cl)c(Cl)c(Cl)c3)C(=O)CC2)cc1,train
CHEMBL278492,CHEMBL230,8.3,1999.0,8.3,Cc1nc(-c2ccc(Cl)cc2)c(-c2ccc(S(N)(=O)=O)cc2)s1,train
CHEMBL278505,CHEMBL230,7.0,1998.0,7.0,CC(C)S(=O)(=O)c1c(O)n(Cc2ccc(F)c(F)c2)c(=O)c2ccc(Cl)cc12,test
CHEMBL278738,CHEMBL230,4.891258027893047,2003.0,4.891258027893047,CC1(O)OC(=O)C(c2ccc(O)cc2)=C1c1ccc(S(C)(=O)=O)cc1,train
CHEMBL27875,CHEMBL230,7.85,2001.0,7.85,COc1ccc2c(c1)c(Cc1nc(-c3ccc(Cl)cc3)cs1)c(C)n2C(=O)c1ccc(Cl)cc1,train
CHEMBL279133,CHEMBL230,6.21,1999.0,6.21,CCOC(=O)c1nc(-c2ccc(F)cc2)c(-c2ccc(S(C)(=O)=O)cc2)s1,train
CHEMBL279166,CHEMBL230,4.82,1998.0,4.82,CC(C)(C)c1cc(C(=O)CCCC2CC2)cc2c1OCC2,train
CHEMBL279249,CHEMBL230,7.265,1999.0,7.265,CS(=O)(=O)c1ccc(C2=C(c3ccc(F)c(F)c3)C(=O)CC2)cc1,train
CHEMBL279265,CHEMBL230,6.77,2002.0,6.77,COc1ccc2c(c1)c(CC(=O)N[C@H](CO)CC(C)C)c(C)n2C(=O)c1ccc(Cl)cc1,train
CHEMBL279268,CHEMBL230,6.3100000000000005,2003.0,6.3100000000000005,CC1(O)OC(=O)C(c2ccc(F)c(Cl)c2)=C1c1ccc(S(C)(=O)=O)cc1,train
CHEMBL279308,CHEMBL230,5.96,1999.0,5.96,CC(C)(C)c1cc(-c2nsc(O)n2)cc(C(C)(C)C)c1O,train
CHEMBL279336,CHEMBL230,4.72,1999.0,4.72,CCN(CC)CCSc1nnc(-c2cc(C(C)(C)C)c(O)c(C(C)(C)C)c2)s1,train
CHEMBL279387,CHEMBL230,4.698970004336019,1999.0,4.698970004336019,CCCOc1nnc(-c2cc(C(C)(C)C)c(O)c(C(C)(C)C)c2)s1,train
CHEMBL279404,CHEMBL230,4.0,2008.0,4.0,Nc1ccccc1C(=O)Nc1cccc(C(F)(F)F)c1,val
CHEMBL279550,CHEMBL230,4.7,1998.0,4.7,CC1(C)COc2c(C3CCCC3)cc(C(=O)CCCC3CC3)cc21,train
CHEMBL279552,CHEMBL230,8.0,1999.0,8.0,CS(=O)(=O)c1ccc(-c2sc(-c3ccccc3Cl)nc2-c2ccccc2F)cc1,train
CHEMBL279608,CHEMBL230,4.698970004336019,1999.0,4.698970004336019,CC(C)(C)c1cc(-c2nsc(NS(C)(=O)=O)n2)cc(C(C)(C)C)c1O,train
CHEMBL27975,CHEMBL230,7.51,1997.0,7.51,NS(=O)(=O)c1ccc(-n2ncc(Br)c2-c2ccc(Cl)cc2)cc1,train
CHEMBL279752,CHEMBL230,7.8,1999.0,7.8,CS(=O)(=O)c1ccc(-c2sc(-c3ccccc3Cl)nc2-c2cccc(F)c2)cc1,train
CHEMBL279753,CHEMBL230,4.698970004336019,1999.0,4.698970004336019,CC(=O)Nc1nc(-c2cc(C(C)(C)C)c(O)c(C(C)(C)C)c2)ns1,train
CHEMBL279755,CHEMBL230,5.02,1999.0,5.02,CNc1nnc(-c2cc(C(C)(C)C)c(O)c(C(C)(C)C)c2)s1,train
CHEMBL279801,CHEMBL230,6.85,1999.0,6.85,CCSc1nnc(-c2cc(C(C)(C)C)c(O)c(C(C)(C)C)c2)s1,train
CHEMBL27982,CHEMBL230,7.52,2001.0,7.52,COc1ccc2c(c1)c(Cc1nc(-c3ccc(Br)cc3)cs1)c(C)n2C(=O)c1ccc(Br)cc1,train
CHEMBL28,CHEMBL230,5.1,2005.0,5.1,O=c1cc(-c2ccc(O)cc2)oc2cc(O)cc(O)c12,train
CHEMBL280009,CHEMBL230,5.95,2003.0,5.95,CC1(O)OC(=O)C(c2ccc(F)c(F)c2)=C1c1ccc(S(C)(=O)=O)cc1,train
CHEMBL280018,CHEMBL2094253,5.0,1990.0,5.0,CCc1cc(/C=C/c2cccs2)cc(CC)c1O,train
CHEMBL280093,CHEMBL230,7.62,1999.0,7.62,Cc1nc(-c2ccc(S(N)(=O)=O)cc2)c(-c2ccc(Br)cc2)s1,train
CHEMBL280226,CHEMBL230,5.75,1999.0,5.75,CSC1=NC(=O)/C(=C/c2cc(C(C)(C)C)c(O)c(C(C)(C)C)c2)S1,train
CHEMBL280326,CHEMBL230,6.47,1999.0,6.47,COc1c(C(C)(C)C)cc(-c2nnc(SC)s2)cc1C(C)(C)C,train
CHEMBL280471,CHEMBL230,4.1,1999.0,4.1,CCONC1=NC(=O)/C(=C/c2cc(C(C)(C)C)c(O)c(C(C)(C)C)c2)O1,train
CHEMBL280496,CHEMBL230,6.27,1999.0,6.27,CS(=O)(=O)c1ccc(-c2nc(-c3ccccc3)sc2-c2ccc(F)cc2)cc1,train
CHEMBL280573,CHEMBL230,4.33,1997.0,4.33,Cc1cnn(-c2ccc(S(N)(=O)=O)cc2)c1-c1ccccc1,train
CHEMBL280601,CHEMBL230,6.54,1997.0,6.54,NS(=O)(=O)c1ccc(-n2ncc([N+](=O)[O-])c2-c2ccccc2)cc1,train
CHEMBL280636,CHEMBL230,8.28,1997.0,8.28,NS(=O)(=O)c1ccc(-n2nc(C(F)(F)F)c(Cl)c2-c2ccc(Cl)cc2)cc1,train
CHEMBL280772,CHEMBL230,4.0,1997.0,4.0,Cc1ccc(C)c(-c2cc(C(F)F)nn2-c2ccc(S(N)(=O)=O)cc2)c1,train
CHEMBL28084,CHEMBL230,4.0,1997.0,4.0,CS(=O)(=O)c1ccc(-c2cc(C(F)F)nn2-c2ccc(S(N)(=O)=O)cc2)cc1,train
CHEMBL281001,CHEMBL230,4.7,1997.0,4.7,CS(=O)(=O)c1cnn(-c2ccc(S(N)(=O)=O)cc2)c1-c1ccc(Cl)cc1,train
CHEMBL281014,CHEMBL230,4.698970004336019,2002.0,4.698970004336019,COC(=O)c1cc2cc(S(C)(=O)=O)ccc2n1Cc1ccc([N+](=O)[O-])cc1,val
CHEMBL281379,CHEMBL230,6.0,2002.0,6.0,COc1ccc2c(c1)c(CC(=O)N[C@H](CO)CCSC)c(C)n2C(=O)c1ccc(Cl)cc1,train
CHEMBL281457,CHEMBL230,6.68,2002.0,6.68,COc1ccc2c(c1)c(CC(=O)NCCCCCCO)c(C)n2C(=O)c1ccc(Cl)cc1,train
CHEMBL281504,CHEMBL230,4.53,1997.0,4.53,N#Cc1ccc(-c2cc(C(F)F)nn2-c2ccc(S(N)(=O)=O)cc2)cc1,train
CHEMBL281513,CHEMBL230,6.92,2001.0,6.92,COc1ccc2c(c1)c(Cc1nc(-c3ccc(C(=O)O)cc3)cs1)c(C)n2C(=O)c1ccc(Cl)cc1,train
CHEMBL28155,CHEMBL230,9.0,2001.0,9.0,COc1ccc2c(c1)c(Cc1nc(-c3csc4ccccc34)cs1)c(C)n2C(=O)c1ccc(Cl)cc1,test
CHEMBL281653,CHEMBL230,6.48,2002.0,6.48,COc1ccc2c(c1)c(CC(=O)NC[C@@H](C)O)c(C)n2C(=O)c1ccc(Cl)cc1,train
CHEMBL281694,CHEMBL230,7.62,1997.0,7.62,NS(=O)(=O)c1ccc(-n2nc(C(F)F)cc2-c2ccc3c(c2)OCO3)cc1,val
CHEMBL281847,CHEMBL230,6.57,2002.0,6.57,COc1ccc2c(c1)c(CC(=O)N[C@@H](C)CO)c(C)n2C(=O)c1ccc(Cl)cc1,train
CHEMBL281910,CHEMBL230,4.698970004336019,2002.0,4.698970004336019,COC(=O)c1cc2cc(S(C)(=O)=O)ccc2n1C(=O)c1ccc(Br)cc1,train
CHEMBL281975,CHEMBL230,7.89,1997.0,7.89,Cc1ccc(-c2cc(C(F)F)nn2-c2ccc(S(N)(=O)=O)cc2)cc1,train
CHEMBL281978,CHEMBL230,7.25,1997.0,7.25,NS(=O)(=O)c1ccc(-n2nc(C(F)(F)F)cc2-c2ccc(Cl)cc2Cl)cc1,train
CHEMBL282015,CHEMBL230,8.15,2001.0,8.15,COc1ccc2c(c1)c(Cc1nc(-c3ccc4ccccc4c3)cs1)c(C)n2C(=O)c1ccc(Cl)cc1,train
CHEMBL282084,CHEMBL230,6.47,1997.0,6.47,Nc1ccc(-c2cc(C(F)(F)F)nn2-c2ccc(S(N)(=O)=O)cc2)cc1,train
CHEMBL282085,CHEMBL230,7.82,1997.0,7.82,COc1ccc(-c2cc(C(F)F)nn2-c2ccc(S(N)(=O)=O)cc2)cc1,train
CHEMBL282093,CHEMBL230,8.0,1997.0,8.0,NS(=O)(=O)c1ccc(-n2nc(C(F)(F)F)cc2-c2ccc(Cl)cc2)cc1,train
CHEMBL282096,CHEMBL230,4.698970004336019,2002.0,4.698970004336019,CS(=O)(=O)c1ccc2c(c1)cc(C(=O)O)n2Cc1ccc(Cl)cc1,val
CHEMBL28216,CHEMBL230,6.3,2002.0,6.3,COc1ccc2c(c1)c(CC(=O)N[C@@H](CO)CC(C)C)c(C)n2C(=O)c1ccc(Cl)cc1,train
CHEMBL282177,CHEMBL230,4.698970004336019,2002.0,4.698970004336019,COC(=O)c1cc2cc(S(C)(=O)=O)ccc2n1C(=O)c1ccc([N+](=O)[O-])cc1,train
CHEMBL282185,CHEMBL230,6.14,2002.0,6.14,COC(=O)c1cc2cc(S(C)(=O)=O)ccc2n1C(=O)c1ccc(Cl)cc1,train
CHEMBL28220,CHEMBL230,8.15,2001.0,8.15,COc1ccc2c(c1)c(Cc1nc(-c3ccc(Cl)cc3)cs1)c(C)n2C(=O)c1ccc(Br)cc1,train
CHEMBL282242,CHEMBL230,6.265000000000001,1999.0,6.265000000000001,CS(=O)(=O)c1ccc(C2=C(c3cc(Br)ccn3)C(=O)CC2)cc1,train
CHEMBL282301,CHEMBL230,7.31,1997.0,7.31,NS(=O)(=O)c1ccc(-n2ncc(Cl)c2-c2ccccc2)cc1,train
CHEMBL282360,CHEMBL230,6.22,1997.0,6.22,COc1ccc(-c2cc(C(F)(F)F)nn2-c2ccc(S(N)(=O)=O)cc2)cc1OC,train
CHEMBL282390,CHEMBL230,4.0,1997.0,4.0,NS(=O)(=O)c1ccc(-n2nc(C(F)(F)F)cc2-c2ccc(O)cc2)cc1,train
CHEMBL282391,CHEMBL230,4.0,1997.0,4.0,CN(C)S(=O)(=O)c1ccc(-n2nc(C(F)(F)F)cc2-c2ccc(F)cc2)cc1,train
CHEMBL282415,CHEMBL230,7.92,2001.0,7.92,COc1ccc2c(c1)c(Cc1nc(-c3ccc([N+](=O)[O-])cc3)cs1)c(C)n2C(=O)c1ccc(Cl)cc1,train
CHEMBL282643,CHEMBL230,5.43,2002.0,5.43,COC(=O)c1cc2cc(S(C)(=O)=O)ccc2n1Cc1ccc(Br)cc1,val
CHEMBL282752,CHEMBL230,5.45,1997.0,5.45,NS(=O)(=O)c1ccc(-n2nc(C(F)(F)F)c(O)c2-c2ccccc2)cc1,train
CHEMBL282838,CHEMBL230,6.08,1997.0,6.08,NS(=O)(=O)c1ccc(-n2nc(CO)cc2-c2ccc(Cl)cc2)cc1,train
CHEMBL282839,CHEMBL230,7.68,1997.0,7.68,NS(=O)(=O)c1ccc(-n2nc(C(F)(F)F)cc2-c2ccc3c(c2)CCO3)cc1,train
CHEMBL282924,CHEMBL230,7.199999999999999,1999.0,7.199999999999999,CS(=O)(=O)c1ccc(C2=C(c3cc(Cl)cc(Cl)c3)C(=O)CC2)cc1,train
CHEMBL283038,CHEMBL230,6.92,1997.0,6.92,Cc1ccc(-c2cc(C(F)(F)F)nn2-c2ccc(S(N)(=O)=O)cc2)c(C)c1,train
CHEMBL283086,CHEMBL230,7.55,1997.0,7.55,Cc1nn(-c2ccc(S(N)(=O)=O)cc2)c(-c2ccccc2)c1Cl,train
CHEMBL283177,CHEMBL230,7.585,1997.0,7.585,NS(=O)(=O)c1ccc(-n2nc(C(F)(F)F)cc2-c2ccc(Cl)s2)cc1,train
CHEMBL283178,CHEMBL230,8.05,1997.0,8.05,CSc1ccc(-c2cc(C(F)(F)F)nn2-c2ccc(S(N)(=O)=O)cc2)cc1,train
CHEMBL283388,CHEMBL230,6.19,1997.0,6.19,CCOc1ccc(-c2cc(C(F)(F)F)nn2-c2ccc(S(N)(=O)=O)cc2)cc1,train
CHEMBL283425,CHEMBL230,4.19,1997.0,4.19,NS(=O)(=O)c1ccc(-n2nc(C(F)(F)F)cc2-c2ccncc2)cc1,val
CHEMBL283497,CHEMBL230,7.25,1997.0,7.25,NS(=O)(=O)c1ccc(-n2nc(C(=O)Nc3cccc(Cl)c3)cc2-c2ccc(F)cc2)cc1,test
CHEMBL283633,CHEMBL230,7.28,1997.0,7.28,NS(=O)(=O)c1ccc(-n2nc(-c3ccc(Cl)s3)cc2-c2ccc(Cl)cc2)cc1,test
CHEMBL283660,CHEMBL230,7.92,2001.0,7.92,COc1ccc2c(c1)c(Cc1nc(-c3ccc(F)cc3)cs1)c(C)n2C(=O)c1ccc(Cl)cc1,train
CHEMBL284761,CHEMBL230,7.58,2002.0,7.58,Cc1nc(-c2ccc(C)s2)c(-c2ccc(S(N)(=O)=O)c(F)c2)o1,train
CHEMBL28487,CHEMBL230,4.53,1997.0,4.53,Nc1cnn(-c2ccc(S(N)(=O)=O)cc2)c1-c1ccccc1,train
CHEMBL28491,CHEMBL230,6.8,1997.0,6.8,COC(=O)c1nn(-c2ccc(S(N)(=O)=O)cc2)c(-c2ccc(Cl)cc2)c1Cl,train
CHEMBL284914,CHEMBL230,5.32,1997.0,5.32,FC(F)(F)c1cc(-c2ccc(Cl)cc2)n(-c2ccc(Cl)cc2)n1,train
CHEMBL28527,CHEMBL230,7.39,1997.0,7.39,NS(=O)(=O)c1ccc(-n2nc(C(F)(F)F)cc2-c2ccc(F)cc2)cc1,train
CHEMBL28528,CHEMBL230,7.12,1997.0,7.12,Cc1ccc(-c2c(C#N)cnn2-c2ccc(S(N)(=O)=O)cc2)cc1,train
CHEMBL285335,CHEMBL230,6.7,1997.0,6.7,NS(=O)(=O)c1ccc(-n2nc(CF)cc2-c2ccccc2)cc1,train
CHEMBL28545,CHEMBL230,4.16,1997.0,4.16,NS(=O)(=O)c1ccc(-n2nc(C(=O)O)c(Cl)c2-c2ccc(Cl)cc2)cc1,train
CHEMBL285567,CHEMBL230,4.0,1997.0,4.0,O=C(c1ccc(-n2nc(C(F)(F)F)cc2-c2ccc(F)cc2)cc1)C(F)(F)F,train
CHEMBL285828,CHEMBL230,6.96,2002.0,6.96,COc1ccc2c(c1)c(CC(=O)N[C@@H](CO)C(C)C)c(C)n2C(=O)c1ccc(Cl)cc1,train
CHEMBL285831,CHEMBL230,5.08,1997.0,5.08,NS(=O)(=O)c1ccc(-n2nc(C(F)(F)F)cc2-c2ccc(C(F)(F)F)cc2)cc1,train
CHEMBL285975,CHEMBL230,5.37,2002.0,5.37,COC(=O)c1cc2cc(S(C)(=O)=O)ccc2n1Cc1ccc(Cl)cc1,val
CHEMBL28599,CHEMBL230,7.16,1997.0,7.16,Cc1ccccc1-c1cc(C(F)(F)F)nn1-c1ccc(S(N)(=O)=O)cc1,train
CHEMBL286256,CHEMBL230,4.0,1997.0,4.0,NS(=O)(=O)c1ccc(-n2nc(C(F)(F)F)cc2-c2cc(Cl)ccc2Cl)cc1,train
CHEMBL286277,CHEMBL230,5.33,1997.0,5.33,NS(=O)(=O)c1ccc(-n2ncc(F)c2-c2ccccc2)cc1,train
CHEMBL286282,CHEMBL230,6.68,2002.0,6.68,COc1ccc2c(c1)c(CC(=O)NC[C@H](O)c1ccccc1)c(C)n2C(=O)c1ccc(Cl)cc1,train
CHEMBL28636,CHEMBL230,7.3,1997.0,7.3,COc1ccc(-c2cc(C(F)F)nn2-c2ccc(S(N)(=O)=O)cc2)cc1F,train
CHEMBL286490,CHEMBL230,6.4399999999999995,1999.0,6.4399999999999995,CS(=O)(=O)c1ccc(C2=C(c3cncc(Cl)c3)C(=O)CC2)cc1,test
CHEMBL28662,CHEMBL230,4.0,1997.0,4.0,FC(F)(F)c1cc(-c2ccccc2)n(-c2ccccc2)n1,train
CHEMBL28664,CHEMBL230,5.58,1997.0,5.58,NS(=O)(=O)c1ccc(-n2nc(C(F)(F)F)cc2-c2ccc([N+](=O)[O-])cc2)cc1,train
CHEMBL286756,CHEMBL230,6.92,1997.0,6.92,N#CCc1cc(-c2ccc(Cl)cc2)n(-c2ccc(S(N)(=O)=O)cc2)n1,train
CHEMBL286953,CHEMBL230,7.57,1997.0,7.57,COc1ccc(-c2cc(C(F)F)nn2-c2ccc(S(N)(=O)=O)cc2)cc1Cl,train
CHEMBL287170,CHEMBL230,5.96,1997.0,5.96,NC(=O)c1nn(-c2ccc(S(N)(=O)=O)cc2)c(-c2ccc(Cl)cc2)c1Cl,train
CHEMBL287447,CHEMBL230,6.47,1997.0,6.47,NS(=O)(=O)c1ccc(-n2nc(CO)c(Cl)c2-c2ccc(Cl)cc2)cc1,train
CHEMBL287646,CHEMBL230,7.68,1997.0,7.68,COc1c(Cl)cc(-c2cc(C(F)F)nn2-c2ccc(S(N)(=O)=O)cc2)cc1Cl,train
CHEMBL287909,CHEMBL230,6.890000000000001,1999.0,6.890000000000001,CS(=O)(=O)Nc1cc2c(cc1Sc1nccs1)C(=O)OC2,test
CHEMBL287919,CHEMBL230,7.59,1995.0,7.59,CS(=O)(=O)Nc1cc2c(cc1Sc1ccc(F)cc1F)C(=O)CC2,train
CHEMBL28801,CHEMBL230,6.07,1997.0,6.07,CCc1ccc(-c2cc(C(F)(F)F)nn2-c2ccc(S(N)(=O)=O)cc2)cc1,train
CHEMBL288423,CHEMBL230,6.17,2003.0,6.17,CSc1ccc(C2=C3c4cc(C)ccc4CCC3(O)OC2=O)cc1,train
CHEMBL288570,CHEMBL230,4.0,1997.0,4.0,CS(=O)(=O)c1cccc(-n2cccc2-c2ccc(F)cc2)c1,train
CHEMBL288773,CHEMBL230,4.0,1997.0,4.0,Cc1ccc(-c2ccc(S(C)(=O)=O)cc2)n1Cc1ccc(F)cc1,train
CHEMBL28881,CHEMBL230,8.33,1997.0,8.33,CN(C)c1ccc(-c2cc(C(F)(F)F)nn2-c2ccc(S(N)(=O)=O)cc2)cc1,train
CHEMBL28913,CHEMBL230,8.43,1997.0,8.43,CSc1ccc(-c2cc(C(F)(F)F)nn2-c2ccc(S(N)(=O)=O)cc2)cc1C,train
CHEMBL289169,CHEMBL230,6.05,1997.0,6.05,CS(=O)(=O)c1ccc(-n2cc(C(F)(F)F)nc2-c2ccccc2Cl)cc1,train
CHEMBL289262,CHEMBL230,6.5,1995.0,6.5,CS(=O)(=O)Nc1cc2c(cc1Sc1nccs1)C(=O)CC2,train
CHEMBL289447,CHEMBL230,6.24,2003.0,6.24,Cc1ccc2c(c1)C1=C(c3ccc(S(C)(=O)=O)cc3)C(=O)OC1CC2,train
CHEMBL289484,CHEMBL230,5.24,1997.0,5.24,CCOC(=O)c1cn(-c2ccc(S(C)(=O)=O)cc2)c(-c2ccc(Cl)cc2)n1,train
CHEMBL289561,CHEMBL230,7.7,1997.0,7.7,COc1cc(-c2nc(C(F)(F)F)cn2-c2ccc(S(N)(=O)=O)cc2)ccc1Cl,train
CHEMBL289653,CHEMBL230,7.4,2002.0,7.4,Cc1nc(-c2ccc(F)cc2)c(-c2ccc(S(N)(=O)=O)c(F)c2)o1,train
CHEMBL289731,CHEMBL230,6.93,1999.0,6.93,CCc1csc(Sc2cc3c(cc2NS(C)(=O)=O)CCC3=O)n1,train
CHEMBL289813,CHEMBL230,5.49,1997.0,5.49,Cc1c(C=O)cc(-c2ccc(S(C)(=O)=O)cc2)n1-c1ccc(F)cc1,train
CHEMBL290031,CHEMBL230,7.16,2002.0,7.16,Cc1nc(C2CCCCC2)c(-c2ccc(S(N)(=O)=O)cc2)o1,test
CHEMBL290192,CHEMBL230,7.66,2002.0,7.66,Cc1nc(-c2ccc(F)cc2)c(-c2ccc(S(N)(=O)=O)cc2)o1,train
CHEMBL290739,CHEMBL230,6.68,1999.0,6.68,CS(=O)(=O)Nc1cc2c(cc1Sc1ncc(Cl)cc1Cl)C(=O)CC2,train
CHEMBL29075,CHEMBL230,4.34,1997.0,4.34,NS(=O)(=O)c1ccc(-n2nc(C(F)(F)F)cc2-c2ccccn2)cc1,train
CHEMBL29083,CHEMBL230,7.55,1997.0,7.55,CCc1c(C(F)(F)F)nn(-c2ccc(S(N)(=O)=O)cc2)c1-c1ccc(Cl)cc1,train
CHEMBL290945,CHEMBL230,7.05,1997.0,7.05,Cc1cc(-c2nc(C(F)(F)F)cn2-c2ccc(S(C)(=O)=O)cc2)ccc1Cl,train
CHEMBL29097,CHEMBL230,6.12,2008.0,6.12,CC(C)c1ccc2c(c1)c(SC(C)(C)C)c(CC(C)(C)C(=O)O)n2Cc1ccc(Cl)cc1,val
CHEMBL291129,CHEMBL230,4.0,1997.0,4.0,CCN(CC)C(=O)c1cn(-c2ccc(S(C)(=O)=O)cc2)c(-c2ccc(Cl)cc2)n1,train
CHEMBL29133,CHEMBL230,7.66,1997.0,7.66,Cc1c(C(F)(F)F)nn(-c2ccc(S(N)(=O)=O)cc2)c1-c1ccc(Cl)cc1,train
CHEMBL291338,CHEMBL230,6.27,,6.27,O=C(Nc1ccc(Cl)c(Cl)c1)c1cc(Cl)cc(Cl)c1O,val
CHEMBL29136,CHEMBL230,6.47,1997.0,6.47,N#Cc1cc(-c2ccc(F)cc2)n(-c2ccc(S(N)(=O)=O)cc2)n1,train
CHEMBL291501,CHEMBL230,4.71,2009.0,4.71,COc1ccc(/C=C/c2cc(O)cc(O)c2)cc1,train
CHEMBL291710,CHEMBL2094253,5.5,1990.0,5.5,Cc1ccc(/C=C/c2cc(C)c(O)c(C)c2)cc1,train
CHEMBL291912,CHEMBL230,6.58,1996.0,6.58,CS(=O)(=O)c1ccc(-c2ccccc2-c2ccc(F)cc2)cc1,test
CHEMBL29204,CHEMBL230,6.12,1997.0,6.12,COc1ccc(-c2cc(C(F)(F)F)nn2-c2ccc(OC)cc2)cc1,train
CHEMBL292136,CHEMBL2094253,6.96,1990.0,6.96,Cc1cc(CCc2cccs2)cc(C)c1O,train
CHEMBL292413,CHEMBL230,7.29,1996.0,7.29,Cc1ccc(-c2cc(F)c(F)cc2-c2ccc(S(N)(=O)=O)cc2)cn1,train
CHEMBL29257,CHEMBL230,8.0,1997.0,8.0,NS(=O)(=O)c1ccc(-c2cc(C(F)(F)F)nn2-c2ccc(F)cc2)cc1,train
CHEMBL292607,CHEMBL230,4.28,1996.0,4.28,Cc1ccc(-c2cc(F)c(F)cc2-c2ccc(S(C)(=O)=O)cc2)nc1,train
CHEMBL292948,CHEMBL230,5.14,1995.0,5.14,CNS(=O)(=O)c1ccc(-c2ccsc2-c2ccc(F)cc2)cc1,train
CHEMBL293150,CHEMBL2094253,6.0,1990.0,6.0,Cc1cc(/C=C/c2c(F)cccc2F)cc(C)c1O,train
CHEMBL293229,CHEMBL230,4.522878745280337,1995.0,4.522878745280337,OCc1ccc(-c2ccsc2-c2ccc(F)cc2)cc1,train
CHEMBL29333,CHEMBL230,4.0,1997.0,4.0,NC(=O)c1ccc(-c2cc(C(F)F)nn2-c2ccc(S(N)(=O)=O)cc2)cc1,train
CHEMBL293492,CHEMBL230,3.6108339156354674,2005.0,3.6108339156354674,O=C/C=C/c1ccccc1,train
CHEMBL293755,CHEMBL2094253,5.89,1990.0,5.89,Cc1cc(/C=C/c2ccc(Cl)s2)cc(C)c1O,train
CHEMBL293771,CHEMBL230,8.15,1996.0,8.15,Cc1ccc(-c2cc(F)c(F)cc2-c2ccc(S(C)(=O)=O)cc2)cc1,test
CHEMBL293821,CHEMBL2094253,5.0,1990.0,5.0,Cc1cc(/C=C/c2ccncc2)cc(C)c1O,test
CHEMBL293825,CHEMBL2094253,5.85,1990.0,5.85,CCc1cc(/C=C/c2cccs2)cc(OC)c1O,train
CHEMBL29397,CHEMBL230,6.46,1997.0,6.46,NS(=O)(=O)c1ccc(-n2nc(C(F)(F)F)cc2-c2csc3ccccc23)cc1,train
CHEMBL294003,CHEMBL2094253,5.0,1990.0,5.0,CCc1cc(/C=C/c2cccnc2)cc(CC)c1O,val
CHEMBL29403,CHEMBL230,7.28,1997.0,7.28,Cc1cc(-c2cc(C(F)(F)F)nn2-c2ccc(S(N)(=O)=O)cc2)cc2c1OCO2,val
CHEMBL294050,CHEMBL230,4.522878745280337,1995.0,4.522878745280337,N#Cc1ccc(-c2ccsc2-c2ccc(F)cc2)cc1,train
CHEMBL29423,CHEMBL230,7.1850000000000005,1997.0,7.1850000000000005,COc1ccc(-c2cc(-c3ccc(Cl)cc3)n(-c3ccc(S(N)(=O)=O)cc3)n2)cc1,train
CHEMBL29424,CHEMBL230,7.54,1997.0,7.54,NS(=O)(=O)c1ccc(-n2nc(COCc3ccccc3)cc2-c2ccc(Cl)cc2)cc1,train
CHEMBL29439,CHEMBL230,7.8,1997.0,7.8,CNc1ccc(-c2cc(C(F)(F)F)nn2-c2ccc(S(N)(=O)=O)cc2)cc1,train
CHEMBL29445,CHEMBL230,6.89,1997.0,6.89,NS(=O)(=O)c1ccc(-n2nc(C(F)F)cc2-c2ccccc2)cc1,train
CHEMBL29456,CHEMBL230,6.46,1997.0,6.46,COc1c(F)cc(-c2cc(C(F)F)nn2-c2ccc(S(N)(=O)=O)cc2)cc1F,train
CHEMBL294650,CHEMBL230,4.0,1996.0,4.0,CS(=O)(=O)c1ccc(-c2cc3ccccc3cc2-c2ccc(F)cc2)cc1,train
CHEMBL29469,CHEMBL230,6.64,1997.0,6.64,NS(=O)(=O)c1ccc(-n2nc(C(F)(F)F)cc2-c2ccc3c(c2)CCCS3)cc1,train
CHEMBL294715,CHEMBL230,7.21,1996.0,7.21,NS(=O)(=O)c1ccc(-c2ccccc2-c2ccc(F)cc2)cc1,test
CHEMBL29472,CHEMBL230,7.92,1997.0,7.92,NS(=O)(=O)c1ccc(-n2nc(C(F)(F)F)cc2-c2ccc(Br)s2)cc1,train
CHEMBL29492,CHEMBL230,4.2,1997.0,4.2,Cc1cc(-c2ccccc2)n(-c2ccc(S(N)(=O)=O)cc2)n1,train
CHEMBL294967,CHEMBL230,6.7,1997.0,6.7,Cc1ccccc1-c1nc(C(F)(F)F)cn1-c1ccc(S(N)(=O)=O)cc1,train
CHEMBL294969,CHEMBL230,4.0,1997.0,4.0,CS(=O)(=O)c1ccc(-n2cc(CN)nc2-c2ccc(Cl)cc2)cc1,train
CHEMBL294971,CHEMBL230,6.33,1997.0,6.33,CC(=O)OCc1cc(-c2ccc(S(C)(=O)=O)cc2)n(-c2ccc(F)cc2)c1C,train
CHEMBL29500,CHEMBL230,7.51,1997.0,7.51,NS(=O)(=O)c1ccc(-n2nc(C(F)(F)F)cc2-c2ccc3c(c2)CCC3)cc1,train
CHEMBL295032,CHEMBL230,7.1,1997.0,7.1,Cc1cc(Cl)cc(-c2nc(C(F)(F)F)cn2-c2ccc(S(C)(=O)=O)cc2)c1,train
CHEMBL295068,CHEMBL230,5.98,2000.0,5.98,Cc1ccc(N2CC(c3ccc(S(C)(=O)=O)cc3)=C(c3ccc(F)cc3)C2=O)cc1,train
CHEMBL29533,CHEMBL230,7.25,1997.0,7.25,NS(=O)(=O)c1ccc(-n2nc(C(F)(F)F)cc2-c2ccccc2Cl)cc1,train
CHEMBL295416,CHEMBL230,8.0,2008.0,8.0,Cc1cccc(Nc2cc(Cl)nc(SCC(=O)O)n2)c1C,train
CHEMBL29562,CHEMBL230,6.05,1997.0,6.05,NS(=O)(=O)c1ccc(-n2nc(C(F)(F)F)cc2-c2cc3ccccc3o2)cc1,train
CHEMBL295640,CHEMBL230,6.07,2003.0,6.07,CSc1ccc(C2=C3c4ccccc4CCC3(O)OC2=O)cc1,train
CHEMBL295654,CHEMBL230,4.0,1997.0,4.0,CS(=O)(=O)c1ccc(-n2cc(C(=O)O)nc2-c2ccc(Cl)cc2)cc1,train
CHEMBL295707,CHEMBL230,4.17,1997.0,4.17,COCc1cccc(-c2nc(C(F)(F)F)cn2-c2ccc(S(C)(=O)=O)cc2)c1,train
CHEMBL295739,CHEMBL230,5.82,1999.0,5.82,CC(C)(C)c1cc(/C=C2\SC(=S)NC2=O)cc(C(C)(C)C)c1O,train
CHEMBL29575,CHEMBL230,4.0,1997.0,4.0,NC(=O)c1cc(-c2ccc(F)cc2)n(-c2ccc(S(N)(=O)=O)cc2)n1,train
CHEMBL295752,CHEMBL230,6.02,1997.0,6.02,COc1cc(F)cc(-c2nc(C(F)(F)F)cn2-c2ccc(S(C)(=O)=O)cc2)c1,train
CHEMBL29576,CHEMBL230,4.0,1997.0,4.0,COC(=O)c1cc(-c2ccc(F)cc2)n(-c2ccc(S(N)(=O)=O)cc2)n1,train
CHEMBL29583,CHEMBL230,8.17,1997.0,8.17,COc1ccc(-n2nc(C(F)(F)F)cc2-c2ccc(S(N)(=O)=O)cc2)cc1,train
CHEMBL295991,CHEMBL2094253,4.57,1996.0,4.57,O=C(O)c1ccc(CN2C(=O)C=CC2=O)cc1,val
CHEMBL296078,CHEMBL230,6.495,1997.0,6.495,CN(C)c1ccc(-c2nc(C(F)(F)F)cn2-c2ccc(S(C)(=O)=O)cc2)cc1Cl,train
CHEMBL296098,CHEMBL230,5.1,2004.0,5.1,CS(=O)(=O)Nc1ccc(-c2cc(C(F)F)nn2-c2ccc(F)cc2)cc1,train
CHEMBL29620,CHEMBL230,5.11,1997.0,5.11,NS(=O)(=O)c1ccc(-n2nc(C(F)(F)F)cc2-c2cccc(F)c2)cc1,train
CHEMBL296220,CHEMBL230,6.548455006504028,1999.0,6.548455006504028,CS(=O)(=O)c1ccc(-c2cc(C(F)(F)F)cnc2Oc2ccccc2)cc1,test
CHEMBL296307,CHEMBL230,4.0,1997.0,4.0,Cc1ccc(-c2ccc(F)cc2)n1-c1ccc(S(C)(=O)=O)cc1,train
CHEMBL296318,CHEMBL230,4.0,1997.0,4.0,C[S+]([O-])c1ccc(-c2nc(C(F)(F)F)cn2-c2ccc(S(C)(=O)=O)cc2)cc1,train
CHEMBL296370,CHEMBL230,6.774485002168009,1999.0,6.774485002168009,C[C@H](CO)Sc1ncc(C(F)(F)F)cc1-c1ccc(S(C)(=O)=O)cc1,train
CHEMBL296384,CHEMBL230,8.4,1996.0,8.4,NS(=O)(=O)c1ccc(-c2cc(F)c(F)cc2-c2ccc(F)cc2)cc1,test
CHEMBL296411,CHEMBL230,5.78,2016.0,5.78,COc1ccc(/C=C/c2cc(OC)cc(OC)c2)cc1,train
CHEMBL296447,CHEMBL230,6.66,1997.0,6.66,CS(=O)(=O)c1ccc(-n2cc(C(F)(F)F)nc2-c2ccc3c(c2)OCO3)cc1,train
CHEMBL296515,CHEMBL230,5.24,1997.0,5.24,CS(=O)(=O)c1ccc(-c2nc(C(F)(F)F)cn2-c2ccc(S(C)(=O)=O)cc2)cc1,train
CHEMBL296571,CHEMBL230,7.52,1997.0,7.52,NS(=O)(=O)c1ccc(-n2cc(C(F)(F)F)nc2-c2ccc(F)c(F)c2)cc1,train
CHEMBL29662,CHEMBL230,4.0,1997.0,4.0,NS(=O)(=O)c1ccc(-n2nccc2-c2ccc(F)cc2)cc1,train
CHEMBL296662,CHEMBL230,7.52,1997.0,7.52,COc1ccc(-c2nc(C(F)(F)F)cn2-c2ccc(S(N)(=O)=O)cc2)cc1F,train
CHEMBL296673,CHEMBL230,7.52,1997.0,7.52,Cc1ccc(-c2nc(C(F)(F)F)cn2-c2ccc(S(C)(=O)=O)cc2)cc1Cl,train
CHEMBL29697,CHEMBL230,4.0,1997.0,4.0,O=[N+]([O-])c1ccc(-n2nc(C(F)(F)F)cc2-c2ccc(F)cc2)cc1,train
CHEMBL296984,CHEMBL230,7.4,1997.0,7.4,NS(=O)(=O)c1ccc(-n2cc(C(F)(F)F)nc2-c2ccccc2)cc1,train
CHEMBL297008,CHEMBL230,7.22,1997.0,7.22,Cc1ccc(-c2ccc(S(C)(=O)=O)cc2)n1-c1ccccc1,train
CHEMBL297108,CHEMBL230,7.4,1997.0,7.4,Cc1ccc(-c2nc(C(F)(F)F)cn2-c2ccc(S(N)(=O)=O)cc2)cc1,train
CHEMBL29717,CHEMBL230,7.82,1997.0,7.82,NS(=O)(=O)c1ccc(-n2nc(C(F)(F)F)cc2-c2ccc(Cl)c(Cl)c2)cc1,train
CHEMBL297177,CHEMBL230,6.01,2000.0,6.01,CS(=O)(=O)c1ccc(C2=C(c3ccccc3)C(=O)N(c3ccc(C(F)(F)F)cc3)C2)cc1,train
CHEMBL297332,CHEMBL2094253,5.05,1996.0,5.05,CCCCCCCCN1C(=O)C=CC1=O,train
CHEMBL297409,CHEMBL230,4.0,1997.0,4.0,CCCCn1c(C)ccc1-c1ccc(S(C)(=O)=O)cc1,train
CHEMBL297527,CHEMBL230,5.58,2004.0,5.58,CS(=O)(=O)Nc1ccc(-c2cc(C(F)(F)F)nn2-c2ccc(N)cc2)cc1,train
CHEMBL29766,CHEMBL230,8.77,1997.0,8.77,NS(=O)(=O)c1ccc(-n2nc(C(F)(F)F)c(F)c2-c2ccccc2)cc1,train
CHEMBL297788,CHEMBL230,6.64,2004.0,6.64,CS(=O)(=O)Nc1ccc(-c2cc(C(F)(F)F)nn2-c2ccc(Br)cc2)cc1,train
CHEMBL297799,CHEMBL230,6.77,1997.0,6.77,Cc1cc(-c2nc(C(F)(F)F)cn2-c2ccc(S(C)(=O)=O)cc2)ccc1F,train
CHEMBL297820,CHEMBL230,5.54,1997.0,5.54,CC(=O)c1ccc(-n2c(C)ccc2-c2ccc(S(C)(=O)=O)cc2)cc1,train
CHEMBL298031,CHEMBL230,6.02,2004.0,6.02,COc1ccc(-n2nc(C(F)(F)F)cc2-c2ccc(NS(C)(=O)=O)cc2)cc1,train
CHEMBL298084,CHEMBL230,7.3,1997.0,7.3,CS(=O)(=O)c1ccc(-n2cc(CSc3ccc(Cl)cc3)nc2-c2ccc(Cl)cc2)cc1,val
CHEMBL298171,CHEMBL2094253,4.4,1996.0,4.4,O=C(O)CCCCCCCCCCN1C(=O)C=CC1=O,train
CHEMBL298208,CHEMBL230,6.6,1997.0,6.6,Cc1ccc(-c2ccc(S(C)(=O)=O)cc2)n1-c1ccc(F)c(F)c1,train
CHEMBL298231,CHEMBL230,4.0,1997.0,4.0,CS(=O)(=O)c1ccc(-c2ccc(CCC(=O)O)n2-c2ccc(F)cc2)cc1,train
CHEMBL298269,CHEMBL230,8.1,1997.0,8.1,NS(=O)(=O)c1ccc(-n2cc(C(F)(F)F)nc2-c2cccc(Cl)c2)cc1,train
CHEMBL298281,CHEMBL230,4.0,1997.0,4.0,CNS(=O)(=O)c1ccc(-n2cccc2-c2ccc(F)cc2)cc1,train
CHEMBL298296,CHEMBL230,6.62,1997.0,6.62,CS(=O)(=O)c1ccc(-n2cc(-c3ccccc3)nc2-c2ccc(Cl)cc2)cc1,train
CHEMBL298313,CHEMBL230,7.7,1997.0,7.7,COc1ccc(-c2nc(C(F)(F)F)cn2-c2ccc(S(N)(=O)=O)cc2)cc1Cl,train
CHEMBL298356,CHEMBL230,6.51,2000.0,6.51,CS(=O)(=O)c1ccc(C2=C(c3ccc(F)cc3)C(=O)N(c3ccccc3)C2)cc1,train
CHEMBL29839,CHEMBL230,8.1,1997.0,8.1,COc1ccc(-c2cc(C(F)(F)F)nn2-c2ccc(S(N)(=O)=O)cc2)cc1,train
CHEMBL29840,CHEMBL230,8.0,1997.0,8.0,N#Cc1nn(-c2ccc(S(N)(=O)=O)cc2)c(-c2ccc(Cl)cc2)c1Cl,train
CHEMBL29842,CHEMBL230,7.1,1997.0,7.1,COc1c(C(F)(F)F)nn(-c2ccc(S(N)(=O)=O)cc2)c1-c1ccccc1,train
CHEMBL29844,CHEMBL230,7.18,1997.0,7.18,COc1c(C)cc(-c2cc(C(F)(F)F)nn2-c2ccc(S(N)(=O)=O)cc2)cc1Cl,train
CHEMBL29847,CHEMBL230,5.48,1997.0,5.48,Cc1ccc(-c2cc(C(F)F)nn2-c2ccc(S(N)(=O)=O)cc2)o1,test
CHEMBL298476,CHEMBL230,8.52,1997.0,8.52,Cc1ccc(-c2nc(C(F)(F)F)cn2-c2ccc(S(N)(=O)=O)cc2)cc1Cl,train
CHEMBL298573,CHEMBL2094253,4.3,1996.0,4.3,Cc1ccccc1CN1C(=O)C=CC1=O,val
CHEMBL298729,CHEMBL230,7.08,1996.0,7.08,CS(=O)(=O)c1ccc(-c2cc3c(cc2-c2ccc(F)cc2)OCO3)cc1,val
CHEMBL298762,CHEMBL230,6.05,2000.0,6.05,CS(=O)(=O)c1ccc(C2=C(c3ccccc3)C(=O)N(c3ccccc3F)C2)cc1,train
CHEMBL29887,CHEMBL230,8.03,1997.0,8.03,COc1ccc(-c2cc(C(F)(F)F)nn2-c2ccc(S(N)(=O)=O)cc2)cc1C,train
CHEMBL29899,CHEMBL230,8.24,1997.0,8.24,CN(C)c1ccc(-c2cc(C(F)(F)F)nn2-c2ccc(S(N)(=O)=O)cc2)cc1F,train
CHEMBL299048,CHEMBL2094253,6.0,1990.0,6.0,Cc1cc(/C=C/c2ccccc2C(F)(F)F)cc(C)c1O,train
CHEMBL29920,CHEMBL230,7.49,1997.0,7.49,NS(=O)(=O)c1ccc(-n2nc(C(F)(F)F)cc2-c2ccccc2)cc1,train
CHEMBL29923,CHEMBL230,6.96,1997.0,6.96,Cc1cccc(-c2cc(C(F)(F)F)nn2-c2ccc(S(N)(=O)=O)cc2)c1,train
CHEMBL299251,CHEMBL230,6.77,1996.0,6.77,Cc1ccc(-c2cc(F)c(F)cc2-c2ccc(S(C)(=O)=O)cc2)cn1,train
CHEMBL29941,CHEMBL230,4.0,1997.0,4.0,CCCc1c(C(F)(F)F)nn(-c2ccc(S(N)(=O)=O)cc2)c1-c1ccc(F)cc1,train
CHEMBL29942,CHEMBL230,6.54,1997.0,6.54,COc1ccccc1-c1cc(C(F)(F)F)nn1-c1ccc(S(N)(=O)=O)cc1,train
CHEMBL29943,CHEMBL230,4.0,1997.0,4.0,NS(=O)(=O)c1ccc(-n2nc(C(=O)O)cc2-c2ccc(F)cc2)cc1,train
CHEMBL299567,CHEMBL230,4.94,1996.0,4.94,COc1ccc(-c2ccccc2-c2ccc(S(C)(=O)=O)cc2)cc1Cl,test
CHEMBL299765,CHEMBL230,6.0,2000.0,6.0,CS(=O)(=O)c1ccc(C2=C(c3ccc(F)c(F)c3)C(=O)N(c3ccccc3)C2)cc1,train
CHEMBL299806,CHEMBL230,8.1,1996.0,8.1,CN(C)c1ccc(-c2cc(F)c(F)cc2-c2ccc(S(C)(=O)=O)cc2)cc1Cl,test
CHEMBL300021,CHEMBL230,6.47,2000.0,6.47,COc1ccc(C2=C(c3ccc(S(C)(=O)=O)cc3)CN(c3ccccc3)C2=O)cc1,train
CHEMBL300047,CHEMBL230,6.5,2000.0,6.5,CS(=O)(=O)c1ccc(C2=C(c3ccc(F)cc3)C(=O)N(c3ccccc3F)C2)cc1,train
CHEMBL30011,CHEMBL230,6.12,1997.0,6.12,COc1ccc(-c2cc(C(F)(F)F)nn2-c2ccc(Cl)cc2)cc1,train
CHEMBL300159,CHEMBL2094253,5.96,1990.0,5.96,COc1ccccc1/C=C/c1cc(C)c(O)c(C)c1,train
CHEMBL300597,CHEMBL230,7.68,1996.0,7.68,COc1c(Cl)cc(-c2cc(F)c(F)cc2-c2ccc(S(N)(=O)=O)cc2)cc1Cl,test
CHEMBL300600,CHEMBL230,8.4,1996.0,8.4,NS(=O)(=O)c1ccc(-c2cc(F)c(F)cc2-c2ccc3c(c2)OCO3)cc1,test
CHEMBL300601,CHEMBL230,7.64,1996.0,7.64,Cc1ccc(-c2cc(F)c(F)cc2-c2ccc(S(C)(=O)=O)cc2)cc1C,test
CHEMBL300687,CHEMBL230,5.98,2000.0,5.98,COc1ccccc1N1CC(c2ccc(S(C)(=O)=O)cc2)=C(c2ccc(F)cc2)C1=O,train
CHEMBL300710,CHEMBL230,6.4294850021680094,1999.0,6.4294850021680094,CC(C)(O)CSc1ncc(C(F)(F)F)cc1-c1ccc(S(C)(=O)=O)cc1,train
CHEMBL30084,CHEMBL230,7.57,1997.0,7.57,CNc1ccc(-c2cc(C(F)(F)F)nn2-c2ccc(S(N)(=O)=O)cc2)cc1Cl,train
CHEMBL30091,CHEMBL230,7.08,1997.0,7.08,NS(=O)(=O)c1ccc(-n2nc(C(F)(F)F)cc2C2=CCCCC2)cc1,val
CHEMBL300976,CHEMBL2094253,5.0,1990.0,5.0,COc1cc(/C=C/c2cccs2)cc(OC)c1O,train
CHEMBL300982,CHEMBL2094253,6.8,1994.0,6.8,CC1(C)Cc2c(-c3ccccc3)c(-c3ccc(Cl)cc3)c(CC(=O)O)n2C1,train
CHEMBL300982,CHEMBL230,5.84,2005.0,5.84,CC1(C)Cc2c(-c3ccccc3)c(-c3ccc(Cl)cc3)c(CC(=O)O)n2C1,train
CHEMBL301017,CHEMBL2094253,5.0,1990.0,5.0,Cc1cc(/C=C/C(=O)c2cccs2)cc(C)c1O,test
CHEMBL301304,CHEMBL2094253,6.0,1990.0,6.0,CCCC/C(=C\c1cc(C)c(O)c(C)c1)c1ccc(F)cc1,train
CHEMBL301582,CHEMBL230,6.55,2000.0,6.55,COc1ccc(C2=C(c3ccc(S(C)(=O)=O)cc3)CN(c3cccc(F)c3)C2=O)cc1,train
CHEMBL30200,CHEMBL230,4.0,1997.0,4.0,CNS(=O)(=O)c1ccc(-n2nc(C(F)(F)F)cc2-c2ccc(F)cc2)cc1,train
CHEMBL302266,CHEMBL230,7.48,1997.0,7.48,CCn1nc(-c2ccc(S(N)(=O)=O)cc2)c(-c2ccc(F)cc2)c1C(F)(F)F,val
CHEMBL30236,CHEMBL230,6.37,1997.0,6.37,CCc1cc(-c2cc(C(F)(F)F)nn2-c2ccc(S(N)(=O)=O)cc2)ccc1OC,train
CHEMBL302527,CHEMBL230,4.0,1997.0,4.0,C=CCn1cc(-c2ccc(F)cc2)c(-c2ccc(S(C)(=O)=O)cc2)n1,val
CHEMBL302543,CHEMBL230,4.522878745280337,1995.0,4.522878745280337,O=C(O)Cc1ccc(-c2ccsc2-c2ccc(F)cc2)cc1,train
CHEMBL302663,CHEMBL230,4.522878745280337,1995.0,4.522878745280337,O=C(O)c1ccc(-c2ccsc2-c2ccc(F)cc2)cc1,train
CHEMBL302687,CHEMBL230,4.522878745280337,1995.0,4.522878745280337,CC(C)(O)c1ccc(-c2sccc2-c2ccc(S(N)(=O)=O)cc2)cc1,train
CHEMBL302771,CHEMBL230,6.29,2000.0,6.29,CS(=O)(=O)c1ccc(-c2coc(=O)n2-c2ccc(F)cc2)cc1,test
CHEMBL302950,CHEMBL230,4.522878745280337,1995.0,4.522878745280337,O=Cc1ccc(-c2ccsc2-c2ccc(F)cc2)cc1,train
CHEMBL303023,CHEMBL230,6.03,2000.0,6.03,Cc1cccc(-n2c(-c3ccc(S(N)(=O)=O)cc3)c(C)oc2=O)c1,test
CHEMBL303036,CHEMBL230,4.522878745280337,1995.0,4.522878745280337,COC(=O)c1ccc(-c2ccsc2-c2ccc(F)cc2)cc1,train
CHEMBL303674,CHEMBL230,5.8,1995.0,5.8,CC(C)(O)c1cc(-c2ccc(F)cc2)c(-c2ccc(S(N)(=O)=O)cc2)s1,train
CHEMBL303688,CHEMBL230,7.52,1995.0,7.52,NS(=O)(=O)c1ccc(-c2ccsc2-c2ccc(F)cc2)cc1,train
CHEMBL303728,CHEMBL230,5.95,2000.0,5.95,COc1ccc(-n2c(-c3ccc(S(N)(=O)=O)cc3)coc2=O)cc1F,test
CHEMBL303870,CHEMBL230,7.16,1995.0,7.16,COC(=O)c1cc(-c2ccc(S(N)(=O)=O)cc2)c(-c2ccc(F)cc2)s1,train
CHEMBL303891,CHEMBL230,4.0,1997.0,4.0,CS(=O)(=O)c1ccc(-c2[nH]ncc2-c2ccc(F)cc2)cc1,train
CHEMBL304054,CHEMBL230,6.29,2000.0,6.29,Cc1cccc(-n2c(-c3ccc(S(N)(=O)=O)cc3)coc2=O)c1,test
CHEMBL304560,CHEMBL230,6.4,2000.0,6.4,NS(=O)(=O)c1ccc(-c2coc(=O)n2-c2ccc(Cl)c(Cl)c2)cc1,test
CHEMBL304793,CHEMBL230,3.1426000001506464,2005.0,3.1426000001506464,CCc1ccc(-c2c(-c3ccc(S(C)(=O)=O)cc3)occ(Cl)c2=O)cc1,test
CHEMBL304810,CHEMBL230,5.7,2000.0,5.7,NS(=O)(=O)c1ccc(-c2coc(=O)n2-c2ccc(C(F)(F)F)cc2)cc1,test
CHEMBL304967,CHEMBL230,4.48,1999.0,4.48,COC1=C(c2ccc(S(C)(=O)=O)cc2)C(C)(C)OC1=O,train
CHEMBL304982,CHEMBL230,7.4,1999.0,7.4,CCC(C)OC1=C(c2ccc(S(C)(=O)=O)cc2)C(C)(C)OC1=O,train
CHEMBL305060,CHEMBL230,6.6,1995.0,6.6,CS(=O)(=O)c1ccc(-c2ccsc2-c2ccc(F)cc2)cc1,train
CHEMBL305505,CHEMBL230,5.33,2000.0,5.33,NS(=O)(=O)c1ccc(-c2coc(=O)n2-c2cccc3ccccc23)cc1,test
CHEMBL305507,CHEMBL230,7.1,1999.0,7.1,CC(OC1=C(c2ccc(S(C)(=O)=O)cc2)C(C)(C)OC1=O)C1CC1,train
CHEMBL306217,CHEMBL230,4.0,1997.0,4.0,CS(=O)(=O)c1ccc(-c2[nH]nc(C(F)(F)F)c2-c2ccc(F)cc2)cc1,train
CHEMBL306232,CHEMBL230,6.32,2000.0,6.32,Cc1ccc(-n2c(-c3ccc(S(C)(=O)=O)cc3)coc2=O)cc1,test
CHEMBL306639,CHEMBL230,2.6504999997518937,2005.0,2.6504999997518937,CS(=O)(=O)c1ccc(-c2occc(=O)c2-c2ccc(F)cc2)cc1,test
CHEMBL306673,CHEMBL230,2.846000001097364,2005.0,2.846000001097364,CS(=O)(=O)c1ccc(-c2occ(Cl)c(=O)c2-c2cccc(F)c2)cc1,test
CHEMBL306716,CHEMBL230,6.16,2000.0,6.16,CCc1ccc(-n2c(-c3ccc(S(C)(=O)=O)cc3)coc2=O)cc1,test
CHEMBL306946,CHEMBL230,7.19,2005.0,7.19,O=C1c2ccccc2-n2c1nc1ccccc1c2=O,val
CHEMBL306994,CHEMBL2094253,1.0,2013.0,1.0,O=C(O)Cc1ccccc1Nc1cccc(Cl)c1Cl,train
CHEMBL307145,CHEMBL230,3.8416375079047502,2005.0,3.8416375079047502,Oc1cccc(O)c1O,train
CHEMBL307197,CHEMBL230,5.82,2000.0,5.82,NS(=O)(=O)c1ccc(-c2coc(=O)n2-c2cccc(Cl)c2)cc1,test
CHEMBL307233,CHEMBL230,5.7,2000.0,5.7,CS(=O)(=O)c1ccc(-c2coc(=O)n2-c2ccc(C(F)(F)F)cc2)cc1,test
CHEMBL307602,CHEMBL230,6.3979400086720375,1999.0,6.3979400086720375,CC1(C)OC(=O)C(OC2CCCC2)=C1c1ccc(S(C)(=O)=O)cc1,train
CHEMBL307606,CHEMBL230,4.23,2000.0,4.23,NS(=O)(=O)c1ccc(-c2coc(=O)n2-c2ccc(C(=O)O)cc2)cc1,test
CHEMBL307766,CHEMBL230,5.87,2000.0,5.87,CS(=O)(=O)c1ccc(-c2coc(=O)n2-c2ccc(F)cc2F)cc1,test
CHEMBL307983,CHEMBL230,4.522878745280337,1995.0,4.522878745280337,COC(=O)c1cc(-c2ccc(F)cc2)c(-c2ccc(S(N)(=O)=O)cc2)s1,train
CHEMBL308266,CHEMBL2094253,0.2799999999998118,2013.0,0.2799999999998118,O=C([O-])Cc1ccccc1Nc1c(Cl)cccc1Br.[Na+],train
CHEMBL308378,CHEMBL2094253,0.7800000000098292,2013.0,0.7800000000098292,Cc1cc(C)c(C)c(Nc2ccccc2CC(=O)O)c1C,train
CHEMBL3084325,CHEMBL230,5.68,2006.0,5.68,C[S@+]([O-])c1ccc(C2=C(c3ccccc3)C(=O)OC2)cc1,train
CHEMBL308682,CHEMBL230,6.39,1995.0,6.39,CC(C)(O)c1cc(-c2ccc(S(N)(=O)=O)cc2)c(-c2ccc(F)cc2)s1,train
CHEMBL308692,CHEMBL230,4.06,2005.0,4.06,CS(=O)(=O)c1ccc(-c2occ(Cl)c(=O)c2-c2ccc(-c3ccccc3)c(F)c2)cc1,val
CHEMBL3087871,CHEMBL230,5.25,2013.0,5.25,Cc1ccc2c(c1)oc(=O)n2Cc1cn(-c2ccc(Cl)cc2)nn1,train
CHEMBL3087872,CHEMBL230,5.62,2013.0,5.62,Cc1ccc2c(c1)oc(=O)n2Cc1cn(-c2ccc(F)cc2)nn1,train
CHEMBL3087873,CHEMBL230,5.56,2013.0,5.56,Cc1ccc2oc(=O)n(Cc3cn(-c4ccc(Br)cc4)nn3)c2c1,train
CHEMBL3087874,CHEMBL230,5.44,2013.0,5.44,Cc1ccc2c(c1)oc(=O)n2Cc1cn(-c2ccccc2Cl)nn1,train
CHEMBL3087875,CHEMBL230,5.57,2013.0,5.57,O=c1oc2ccc(Cl)cc2n1Cc1cn(-c2ccc(Cl)cc2)nn1,train
CHEMBL3087876,CHEMBL230,5.51,2013.0,5.51,O=c1oc2ccc(Cl)cc2n1Cc1cn(-c2ccccc2F)nn1,train
CHEMBL308821,CHEMBL2094253,0.29999999999763627,2013.0,0.29999999999763627,Cc1cccc(Nc2ccccc2CC(=O)O)c1C,train
CHEMBL309156,CHEMBL230,2.200000000330522,2005.0,2.200000000330522,CS(=O)(=O)c1ccc(-c2occ(Cl)c(=O)c2-c2ccccc2F)cc1,test
CHEMBL309569,CHEMBL2094253,1.8999999999289934,2013.0,1.8999999999289934,O=C(O)Cc1ccccc1Nc1cc(Cl)cc(Cl)c1,train
CHEMBL3098648,CHEMBL230,7.16,2019.0,7.16,O=C(CSc1nnc(-c2ccncc2)o1)N/N=C/c1ccc(Cl)cc1,test
CHEMBL3098650,CHEMBL230,7.42,2019.0,7.42,O=C(CSc1nnc(-c2ccncc2)o1)N/N=C/c1ccc([N+](=O)[O-])cc1,test
CHEMBL3099218,CHEMBL230,5.06,2014.0,5.06,CC(C)(C)c1cc(/C=N/NC(=O)c2cccnc2)c(O)c(C(C)(C)C)c1,val
CHEMBL3099219,CHEMBL230,5.29,2014.0,5.29,CC(C)(C)c1cc(/C=N/NC(=O)c2ccccc2O)c(O)c(C(C)(C)C)c1,val
CHEMBL3099220,CHEMBL230,5.15,2014.0,5.15,CC(C)(C)c1cc(/C=N/NC(=O)c2ccncc2)c(O)c(C(C)(C)C)c1,val
CHEMBL3099221,CHEMBL230,5.19,2014.0,5.19,CC(C)(C)c1cc(/C=N/NC(=O)c2ccccc2)c(O)c(C(C)(C)C)c1,val
CHEMBL3100124,CHEMBL230,5.21,2014.0,5.21,CC1=NN(c2cccc(Cl)c2)C(=O)/C1=C\c1cn(CCCCOc2cc(O)c3c(=O)cc(-c4ccccc4)oc3c2)c2ccccc12,train
CHEMBL3100125,CHEMBL230,5.1,2014.0,5.1,O=C1Nc2ccccc2/C1=C/c1cn(CCCOc2cc(O)c3c(=O)cc(-c4ccccc4)oc3c2)c2ccccc12,train
CHEMBL3100127,CHEMBL230,5.14,2014.0,5.14,O=C1/C(=C\c2cn(CCCOc3cc(O)c4c(=O)cc(-c5ccccc5)oc4c3)c3ccccc23)c2ccccc2N1c1c(Cl)cccc1Cl,train
CHEMBL3100129,CHEMBL230,6.16,2014.0,6.16,CC1=NN(c2cccc(Cl)c2)C(=O)/C1=C\c1cn(CCCOc2cc(O)c3c(=O)cc(-c4ccccc4)oc3c2)c2ccccc12,train
CHEMBL3104539,CHEMBL230,6.185,2014.0,6.185,Cc1c(CC(=O)NCCO)cc(-c2ccc(S(C)(=O)=O)cc2)n1-c1ccc(F)cc1,train
CHEMBL3104540,CHEMBL230,7.17,2015.0,7.17,Cc1c(CC(=O)NCCCO)cc(-c2ccc(S(C)(=O)=O)cc2)n1-c1ccc(F)cc1,train
CHEMBL3104544,CHEMBL230,5.8,2015.0,5.8,Cc1c(CC(=O)NC(CCO[N+](=O)[O-])C(=O)O)cc(-c2ccc(S(C)(=O)=O)cc2)n1-c1ccc(F)cc1,train
CHEMBL3104548,CHEMBL230,7.07,2015.0,7.07,Cc1c(CC(=O)NC(CCO)C(=O)O)cc(-c2ccc(S(C)(=O)=O)cc2)n1-c1ccc(F)cc1,train
CHEMBL3104549,CHEMBL230,4.68,2014.0,4.68,Cc1c(C(N)C(=O)NCCO[N+](=O)[O-])cc(-c2ccc(S(C)(=O)=O)cc2)n1-c1cccc(F)c1,train
CHEMBL3104551,CHEMBL230,4.86,2014.0,4.86,Cc1c(C(N)C(=O)NCCO)cc(-c2ccc(S(C)(=O)=O)cc2)n1-c1cccc(F)c1,train
CHEMBL3104553,CHEMBL230,6.13,2015.0,6.13,Cc1c(C(N)C(=O)OCCO[N+](=O)[O-])cc(-c2ccc(S(C)(=O)=O)cc2)n1-c1ccc(F)cc1,train
CHEMBL3104556,CHEMBL230,6.62,2014.0,6.62,Cc1c(CC(=O)NCCO[N+](=O)[O-])cc(-c2ccc(S(C)(=O)=O)cc2)n1-c1ccc(F)cc1,train
CHEMBL3104558,CHEMBL230,6.54,2015.0,6.54,Cc1c(CC(=O)NCCO)cc(-c2ccc(S(C)(=O)=O)cc2)n1-c1cccc(F)c1,train
CHEMBL3104559,CHEMBL230,7.85,2015.0,7.85,Cc1c(CC(=O)NCCCO)cc(-c2ccc(S(C)(=O)=O)cc2)n1-c1cccc(F)c1,train
CHEMBL31060,CHEMBL230,5.2,2002.0,5.2,COC(=O)c1cc2cc(S(C)(=O)=O)ccc2n1Cc1ccc(OC)cc1,val
CHEMBL310696,CHEMBL2094253,1.849999999884013,2013.0,1.849999999884013,O=C(O)Cc1ccccc1Nc1ccc(Cl)cc1Cl,train
CHEMBL3113224,CHEMBL230,6.58,2014.0,6.58,O=S(=O)(Nc1ccncc1Nc1cccc(I)c1)C(F)(F)F,train
CHEMBL3113225,CHEMBL230,4.0,2014.0,4.0,O=S(=O)(Nc1ccncc1Nc1ccc(O)cc1)C(F)(F)F,train
CHEMBL3113226,CHEMBL230,4.44,2014.0,4.44,N#Cc1cccc(Nc2cnccc2NS(=O)(=O)C(F)(F)F)c1,train
CHEMBL3113227,CHEMBL230,4.25,2014.0,4.25,O=S(=O)(C1CC1)N(c1ccncc1Nc1ccccc1)S(=O)(=O)C1CC1,train
CHEMBL3113228,CHEMBL230,4.46,2014.0,4.46,O=S(=O)(Nc1ccncc1Nc1ccccc1)C1CC1,train
CHEMBL3113229,CHEMBL230,5.98,2014.0,5.98,Cc1cc(C)cc(Nc2cnccc2NS(=O)(=O)C(F)(F)F)c1,train
CHEMBL3113230,CHEMBL230,4.0,2014.0,4.0,Cc1cc(C)cc(Nc2cnccc2NS(C)(=O)=O)c1,train
CHEMBL3113231,CHEMBL230,6.26,2014.0,6.26,Cc1ccc(Nc2cnccc2NS(=O)(=O)C(F)(F)F)cc1C,train
CHEMBL3113232,CHEMBL230,4.51,2014.0,4.51,Cc1ccc(Nc2cnccc2NS(C)(=O)=O)cc1C,train
CHEMBL3113233,CHEMBL230,5.71,2014.0,5.71,Cc1ccc(Nc2cnccc2NS(=O)(=O)C(F)(F)F)cc1Cl,train
CHEMBL3113234,CHEMBL230,7.05,2014.0,7.05,Cc1ccc(Nc2cnccc2NS(=O)(=O)C(F)(F)F)cc1Br,train
CHEMBL3113235,CHEMBL230,6.52,2014.0,6.52,Cc1cc(Nc2cnccc2NS(=O)(=O)C(F)(F)F)ccc1Br,train
CHEMBL3113236,CHEMBL230,5.8,2014.0,5.8,O=S(=O)(Nc1ccncc1Nc1ccc(F)c(Cl)c1)C(F)(F)F,train
CHEMBL3113237,CHEMBL230,5.64,2014.0,5.64,O=S(=O)(Nc1ccncc1Nc1ccc(F)c(Br)c1)C(F)(F)F,train
CHEMBL3113238,CHEMBL230,4.0,2014.0,4.0,O=S(=O)(Nc1ccncc1Nc1ccc(O)c(Br)c1)C(F)(F)F,train
CHEMBL3113239,CHEMBL230,6.62,2014.0,6.62,O=S(=O)(Nc1ccncc1Nc1cccc(F)c1)C(F)(F)F,train
CHEMBL3113240,CHEMBL230,6.52,2014.0,6.52,O=S(=O)(Nc1ccncc1Nc1ccc(F)cc1)C(F)(F)F,train
CHEMBL3113241,CHEMBL230,5.0,2014.0,5.0,CS(=O)(=O)Nc1ccncc1Nc1cccc(F)c1,train
CHEMBL3113242,CHEMBL230,4.68,2014.0,4.68,CS(=O)(=O)Nc1ccncc1Nc1ccc(F)cc1,train
CHEMBL3113617,CHEMBL230,5.04,2015.0,5.04,Cc1ccc(S(=O)(=O)n2cc(C(=O)C(=O)NCC(=O)O)c3ccccc32)cc1,val
CHEMBL311498,CHEMBL230,3.9580283238465817,2002.0,3.9580283238465817,Oc1cc(O)c2c(c1)O[C@H](c1ccc(O)c(O)c1)[C@@H](O)C2,train
CHEMBL312221,CHEMBL230,7.03,1995.0,7.03,COc1ccc(-c2c(-c3ccc(S(C)(=O)=O)cc3)oc3ccccc23)cc1F,train
CHEMBL3127306,CHEMBL230,5.12,2014.0,5.12,COc1c(-c2cc(C)nn2-c2ccc(S(N)(=O)=O)cc2)c(O)cc2occc12,train
CHEMBL3127307,CHEMBL230,5.16,2014.0,5.16,COc1c(-c2cc(C(F)(F)F)nn2-c2ccc(S(N)(=O)=O)cc2)c(O)cc2occc12,train
CHEMBL3127308,CHEMBL230,6.4,2014.0,6.4,COc1c(-c2cc(-c3cccnc3)nn2-c2ccc(S(N)(=O)=O)cc2)c(O)cc2occc12,test
CHEMBL3127309,CHEMBL230,6.28,2014.0,6.28,COc1c(-c2cc(C(F)(F)F)nn2-c2ccc(S(N)(=O)=O)cc2)c(O)c(OC)c2occc12,train
CHEMBL3127458,CHEMBL230,6.44,2014.0,6.44,COc1c(-c2cc(-c3cccnc3)nn2-c2ccc(S(N)(=O)=O)cc2)c(O)c(OC)c2occc12,test
CHEMBL3127459,CHEMBL230,4.46,2014.0,4.46,COc1cc2occc2c(OC)c1-c1cc(-c2ccccc2)n(-c2ccc(S(N)(=O)=O)cc2)n1,train
CHEMBL3127460,CHEMBL230,4.58,2014.0,4.58,COc1cc2occc2c(OC)c1-c1cc(-c2ccc(Cl)cc2)n(-c2ccc(S(N)(=O)=O)cc2)n1,train
CHEMBL3127461,CHEMBL230,6.34,2014.0,6.34,COc1cc2occc2c(OC)c1-c1cc(-c2ccc(F)cc2)n(-c2ccc(S(N)(=O)=O)cc2)n1,train
CHEMBL3127462,CHEMBL230,6.47,2014.0,6.47,COc1cc2occc2c(OC)c1-c1cc(-c2ccc(C(F)(F)F)cc2)n(-c2ccc(S(N)(=O)=O)cc2)n1,train
CHEMBL312822,CHEMBL230,8.82,1996.0,8.82,NS(=O)(=O)c1ccc(C2=C(c3ccc(F)c(Cl)c3)CC3(CC3)C2)cc1,test
CHEMBL313048,CHEMBL230,4.481486060122113,2000.0,4.481486060122113,CS(=O)(=O)c1ccc([C@@H](CO)[C@H](C(=O)O)c2ccccc2)cc1,test
CHEMBL313245,CHEMBL2094253,4.6,1992.0,4.6,CC(C)(C)c1cc(-c2cn3ncc(=O)nc3s2)cc(C(C)(C)C)c1O,train
CHEMBL313313,CHEMBL230,8.7,1996.0,8.7,COc1ccc(C2=C(c3ccc(S(N)(=O)=O)cc3)CC3(CC3)C2)cc1Br,test
CHEMBL313387,CHEMBL230,9.0,1996.0,9.0,NS(=O)(=O)c1ccc(C2=C(c3ccc(Cl)c(Cl)c3)CC3(CC3)C2)cc1,test
CHEMBL313527,CHEMBL230,4.461029995663981,2000.0,4.461029995663981,CS(=O)(=O)c1ccc(C2=C(c3ccc(O)cc3)C(=O)OC2)cc1,train
CHEMBL313584,CHEMBL230,4.522878745280337,2000.0,4.522878745280337,CS(=O)(=O)c1ccc([C@H]2COC(=O)[C@@H]2c2ccccc2)cc1,train
CHEMBL314225,CHEMBL230,8.52,1996.0,8.52,NS(=O)(=O)c1ccc(C2=C(c3ccc(F)c(F)c3)CC3(CC3)C2)cc1,test
CHEMBL314297,CHEMBL230,7.66,1996.0,7.66,CS(=O)(=O)c1ccc(C2=C(c3ccc(F)cc3F)CC3(CC3)C2)cc1,test
CHEMBL314337,CHEMBL2094253,8.7,1992.0,8.7,CC(C)(C)CC(=O)c1c(CC(C)(C)C(=O)O)n(Cc2ccc(Cl)cc2)c2ccc(OCc3ccc4ccccc4n3)cc12,train
CHEMBL314360,CHEMBL2094253,5.5,1988.0,5.5,CC(=O)N(O)C/C=C/c1cccc(Oc2ccccc2)c1,val
CHEMBL314360,CHEMBL230,8.0,2008.0,8.0,CC(=O)N(O)C/C=C/c1cccc(Oc2ccccc2)c1,val
CHEMBL314774,CHEMBL230,5.66,2018.0,5.66,COc1cc(/C=C/c2ccc([N+](=O)[O-])cc2)cc(OC)c1OC,train
CHEMBL315520,CHEMBL230,8.22,1996.0,8.22,COc1c(Cl)cc(C2=C(c3ccc(S(C)(=O)=O)cc3)CC3(CC3)C2)cc1Cl,test
CHEMBL315585,CHEMBL230,8.7,1996.0,8.7,COc1ccc(C2=C(c3ccc(S(N)(=O)=O)cc3)CC3(CC3)C2)cc1Cl,test
CHEMBL316040,CHEMBL230,5.54,2021.0,5.54,COc1ccc(-n2nc(CCC(=O)N(C)O)cc2-c2ccc(Cl)cc2)cc1,train
CHEMBL316455,CHEMBL230,7.4,1996.0,7.4,NS(=O)(=O)c1ccc(-n2nc(C(F)(F)F)c3c2-c2ccc(F)cc2CS3)cc1,train
CHEMBL316484,CHEMBL230,4.180456064458132,2000.0,4.180456064458132,COc1ccc2c(c1)c(CC(=O)OCCc1ccccc1)c(C)n2Cc1ccc(Br)cc1,train
CHEMBL316771,CHEMBL230,7.16,1999.0,7.16,COc1cc(OC)cc(-c2ccc(C(C)C(=O)O)cc2F)c1,train
CHEMBL316786,CHEMBL230,4.18,1996.0,4.18,CS(=O)(=O)c1ccc(-c2cc(Sc3ccccc3)sc2-c2ccc(F)cc2)cc1,train
CHEMBL316823,CHEMBL230,8.1,1995.0,8.1,NS(=O)(=O)c1ccc(-c2cscc2-c2ccc(F)cc2)cc1,train
CHEMBL316846,CHEMBL230,8.7,2022.0,8.7,CN1C/C(=C\c2cccs2)C2=NN(c3ccccc3)C(c3cccs3)C2C1,test
CHEMBL316866,CHEMBL230,7.4,2000.0,7.4,COc1ccc(OC(=O)Cc2c(C)n(C(=O)c3ccc(Cl)cc3)c3ccc(OC)cc23)cc1,train
CHEMBL317321,CHEMBL230,6.16,2000.0,6.16,CCn1nccc1NC(=O)Cc1c(C)n(C(=O)c2ccc(Cl)cc2)c2ccc(OC)cc12,train
CHEMBL317332,CHEMBL230,7.22,2000.0,7.22,COc1ccc2c(c1)c(CC(=O)NCc1ccc(C)cc1)c(C)n2C(=O)c1ccc(Cl)cc1,train
CHEMBL317434,CHEMBL230,7.68,1999.0,7.68,CC(C(=O)O)c1ccc(-c2ccccc2)cc1,train
CHEMBL317517,CHEMBL230,4.72,1996.0,4.72,CS(=O)(=O)c1ccc(-c2c(-c3ccccc3)sc3c2CCCC3)cc1,train
CHEMBL317606,CHEMBL230,4.85,1996.0,4.85,CS(=O)(=O)c1ccc(-c2cc([N+](=O)[O-])sc2-c2ccc(F)cc2)cc1,train
CHEMBL318053,CHEMBL230,6.92,2000.0,6.92,CCC#CCC(C)OC(=O)Cc1c(C)n(C(=O)c2ccc(Cl)cc2)c2ccc(OC)cc12,train
CHEMBL318206,CHEMBL230,7.22,2000.0,7.22,COc1ccc2c(c1)c(CC(=O)N[C@H](C)c1ccc(C)cc1)c(C)n2C(=O)c1ccc(Cl)cc1,train
CHEMBL318410,CHEMBL230,6.92,2000.0,6.92,COc1ccc2c(c1)c(CC(=O)OC1CCCCC1)c(C)n2C(=O)c1ccc(Cl)cc1,test
CHEMBL318464,CHEMBL230,7.5,1996.0,7.5,COc1cc2c(cc1F)-c1c(c(C(F)F)nn1-c1ccc(S(N)(=O)=O)cc1)SC2,train
CHEMBL318495,CHEMBL230,6.16,2000.0,6.16,CNC(=O)Cc1c(C)n(C(=O)c2ccc(Cl)cc2)c2ccc(OC)cc12,train
CHEMBL318678,CHEMBL230,3.5228787452803374,1996.0,3.5228787452803374,c1ccc(-c2ccsc2-c2ccccc2)cc1,train
CHEMBL318881,CHEMBL230,7.12,2000.0,7.12,COc1ccc2c(c1)c(CC(=O)Oc1ccc(F)cc1)c(C)n2C(=O)c1ccc(Cl)cc1,train
CHEMBL319072,CHEMBL230,6.16,1995.0,6.16,CS(=O)(=O)c1ccc(-c2c(Br)sc(Br)c2-c2ccc(F)cc2)cc1,train
CHEMBL319099,CHEMBL230,3.5228787452803374,1996.0,3.5228787452803374,CS(=O)(=O)c1ccc(-c2cscc2-c2ccc(S(C)(=O)=O)cc2)cc1,train
CHEMBL319148,CHEMBL230,7.3,2000.0,7.3,COc1ccc2c(c1)c(CC(=O)Nc1cccnc1Cl)c(C)n2C(=O)c1ccc(Cl)cc1,train
CHEMBL319244,CHEMBL230,4.09,2005.0,4.09,O=C(/C=C/c1ccc(O)c(O)c1)OCCc1ccccc1,train
CHEMBL319284,CHEMBL230,3.5228787452803374,1996.0,3.5228787452803374,CS(=O)(=O)c1ccc(-c2cc(CCC(=O)O)sc2-c2ccc(F)cc2)cc1,train
CHEMBL319306,CHEMBL230,6.33,1995.0,6.33,CS(=O)(=O)c1ccc(-c2cscc2-c2ccc(F)cc2)cc1,train
CHEMBL319326,CHEMBL230,5.27,2001.0,5.27,CN1CC(c2ccc(F)cc2)=C(c2ccccc2)O1,test
CHEMBL319359,CHEMBL230,7.22,2000.0,7.22,COc1ccc2c(c1)c(CC(=O)NOCc1ccc([N+](=O)[O-])cc1)c(C)n2C(=O)c1ccc(Cl)cc1,train
CHEMBL319446,CHEMBL230,5.654999999999999,1999.0,5.654999999999999,CC1(C)OC(=O)C(Oc2ncnc3ccccc23)=C1c1ccc(S(C)(=O)=O)cc1,train
CHEMBL319512,CHEMBL230,7.89,1996.0,7.89,COc1ccc2c(c1)CSc1c(C(F)(F)F)nn(-c3ccc(S(N)(=O)=O)cc3)c1-2,train
CHEMBL319578,CHEMBL230,6.7,2000.0,6.7,COc1ccc2c(c1)c(CC(=O)N[C@@H](C)c1ccc(C)cc1)c(C)n2C(=O)c1ccc(Cl)cc1,train
CHEMBL319590,CHEMBL230,5.3,2001.0,5.3,CN1CC(c2ccccc2)=C(c2ccc(F)cc2)O1,test
CHEMBL319764,CHEMBL230,7.3,2000.0,7.3,COc1ccc2c(c1)c(CC(=O)NCCCCl)c(C)n2C(=O)c1ccc(Cl)cc1,train
CHEMBL319766,CHEMBL230,6.19,2000.0,6.19,CCOc1cccc(NC(=O)Cc2c(C)n(C(=O)c3ccc(Cl)cc3)c3ccc(OC)cc23)c1,test
CHEMBL319825,CHEMBL230,6.4,2000.0,6.4,COc1ccc2c(c1)c(CC(=O)Oc1ccccc1)c(C)n2C(=O)c1ccc(Cl)cc1,train
CHEMBL319999,CHEMBL230,4.180456064458132,2000.0,4.180456064458132,COc1ccc2c(c1)c(CC(=O)NCCc1ccccc1)c(C)n2Cc1ccc(Br)cc1,train
CHEMBL320006,CHEMBL230,3.5228787452803374,1996.0,3.5228787452803374,CCOC(=O)/C=C/c1cc(-c2ccc(S(C)(=O)=O)cc2)c(-c2ccc(F)cc2)s1,train
CHEMBL320111,CHEMBL230,6.62,1999.0,6.62,Cc1ccc(OC2=C(c3ccc(S(C)(=O)=O)cc3)C(C)(C)OC2=O)nc1,train
CHEMBL320118,CHEMBL230,4.42,2000.0,4.42,COc1cncc(-c2nc(C(F)(F)F)cn2-c2ccc(S(C)(=O)=O)cc2)c1,train
CHEMBL320140,CHEMBL230,5.6,2000.0,5.6,COc1ccc2c(c1)c(CC(=O)O)c(C)n2Cc1ccc(Br)cc1,val
CHEMBL320273,CHEMBL230,5.84,1999.0,5.84,CC1(C)OC(=O)C(Oc2cnccn2)=C1c1ccc(S(C)(=O)=O)cc1,test
CHEMBL320318,CHEMBL230,4.61,2000.0,4.61,CS(=O)(=O)c1ccc(-n2cc(C#N)nc2-c2cccnc2)cc1,train
CHEMBL320330,CHEMBL230,6.02,2000.0,6.02,CS(=O)(=O)c1ccc(-n2cc(C(F)(F)F)nc2-c2cncc(Br)c2)cc1,train
CHEMBL320394,CHEMBL2094253,4.0,1994.0,4.0,Cc1cc(O)c(C)c2sc(NCc3cccnc3)nc12,train
CHEMBL320433,CHEMBL230,5.58,2001.0,5.58,Cc1ccc(-c2cc(C(F)(F)F)n(-c3ccc(N=[N+]=[N-])cc3)n2)cc1,train
CHEMBL320585,CHEMBL230,7.85,1999.0,7.85,CC1(C)OC(=O)C(Oc2ccc(Cl)cn2)=C1c1ccc(S(C)(=O)=O)cc1,train
CHEMBL320784,CHEMBL230,8.15,1994.0,8.15,CC1(C)CC(c2ccc(Cl)cc2)=C(c2ccc(S(C)(=O)=O)cc2)C1,test
CHEMBL320790,CHEMBL230,6.33,2000.0,6.33,CS(=O)(=O)c1ccc(-n2cc(C(F)(F)F)nc2-c2cccc3c2OCO3)cc1,val
CHEMBL320926,CHEMBL230,6.37,2000.0,6.37,Cc1ncc(-c2nc(C(F)(F)F)cn2-c2ccc(S(N)(=O)=O)cc2)s1,train
CHEMBL320961,CHEMBL230,5.54,2000.0,5.54,Cc1cccc(-c2nc(C(F)(F)F)cn2-c2ccc(S(C)(=O)=O)cc2)n1,train
CHEMBL320986,CHEMBL230,4.27,2000.0,4.27,Cc1ccncc1-c1nc(C(F)(F)F)cn1-c1ccc(S(C)(=O)=O)cc1,train
CHEMBL320998,CHEMBL230,6.28,2001.0,6.28,Cc1ccc(-c2ccc(S(C)(=O)=O)cc2)n1C1CCC(F)CC1,train
CHEMBL321016,CHEMBL230,5.805,2000.0,5.805,Cc1cccnc1-c1nc(C(F)(F)F)cn1-c1ccc(S(N)(=O)=O)cc1,train
CHEMBL321156,CHEMBL230,7.155,2000.0,7.155,NS(=O)(=O)c1ccc(-n2cc(C(F)(F)F)nc2-c2cccs2)cc1,test
CHEMBL321160,CHEMBL230,7.77,1995.0,7.77,COc1c(Cl)cc(C2=C(c3ccc(S(C)(=O)=O)cc3)CCC2)cc1Cl,test
CHEMBL321182,CHEMBL230,7.12,1994.0,7.12,Cc1cc(F)ccc1C1=C(c2ccc(S(C)(=O)=O)cc2)CCC1,test
CHEMBL321216,CHEMBL230,6.28,2000.0,6.28,Cc1ccnc(-c2nc(C(F)(F)F)cn2-c2ccc(S(C)(=O)=O)cc2)c1,train
CHEMBL321217,CHEMBL230,6.96,1999.0,6.96,CC1(C)OC(=O)C(c2cccc(F)c2)=C1c1ccc(S(C)(=O)=O)cc1,train
CHEMBL321358,CHEMBL2094253,5.26,1994.0,5.26,Cc1c(O)c2ccccc2c2nc(NCc3cccnc3)sc12,train
CHEMBL321407,CHEMBL230,5.74,2000.0,5.74,NS(=O)(=O)c1ccc(-n2cc(C(F)F)nc2-c2cccnc2)cc1,train
CHEMBL3215555,CHEMBL2094253,4.0,1994.0,4.0,CCCNc1nc2c(Cc3cccnc3)c(C)c(O)c(C)c2s1.Cl.Cl,test
CHEMBL3215733,CHEMBL2094253,4.0,1994.0,4.0,CNc1nc2c(C)c(Cc3cccnc3)c(O)c(C)c2s1.Cl.Cl,test
CHEMBL321597,CHEMBL230,6.33,1999.0,6.33,CC1(C)OC(=O)C(Oc2ccc3ccccc3n2)=C1c1ccc(S(C)(=O)=O)cc1,train
CHEMBL3216177,CHEMBL2094253,4.0,1994.0,4.0,Cc1c(O)c(Cc2cccnc2)c2sc(N)nc2c1C.Cl.Cl,val
CHEMBL321643,CHEMBL230,8.05,1995.0,8.05,COc1c(Cl)cc(C2=C(c3ccc(S(N)(=O)=O)cc3)CCC2)cc1Cl,test
CHEMBL3216618,CHEMBL2094253,4.0,1994.0,4.0,COc1c(O)c(C)c2sc(N)nc2c1Cc1cccnc1.Cl.Cl,test
CHEMBL3217077,CHEMBL2094253,3.7614393726401687,1994.0,3.7614393726401687,CCNc1nc2c(Cc3cccnc3)c(C)c(O)c(C)c2s1.Cl.Cl,test
CHEMBL321881,CHEMBL230,5.89,2000.0,5.89,Cc1ccc(-c2nc(C(F)(F)F)cn2-c2ccc(S(C)(=O)=O)cc2)nc1,train
CHEMBL321898,CHEMBL230,4.29,2000.0,4.29,CS(=O)(=O)c1ccc(-n2cc(C(F)(F)F)nc2-c2ccsc2)cc1,train
CHEMBL322015,CHEMBL2094253,5.02,1994.0,5.02,Oc1cc(-c2ccccc2)c2nc(NCc3cccnc3)sc2c1,val
CHEMBL322045,CHEMBL230,7.29,1994.0,7.29,CS(=O)(=O)c1ccc(C2=C(c3ccc(F)cc3)CC(CF)(CF)C2)cc1,test
CHEMBL322132,CHEMBL230,7.43,1999.0,7.43,CC1(C)OC(=O)C(Oc2cccc(F)c2)=C1c1ccc(S(C)(=O)=O)cc1,train
CHEMBL322136,CHEMBL230,5.745,2000.0,5.745,Cc1cncc(-c2nc(C(F)(F)F)cn2-c2ccc(S(C)(=O)=O)cc2)c1,train
CHEMBL322240,CHEMBL230,7.5,2001.0,7.5,CC1C(c2ccc(F)cc2)=C(c2ccc(S(C)(=O)=O)cc2)ON1C,test
CHEMBL322276,CHEMBL230,7.07,1999.0,7.07,CC1(C)OC(=O)C(Oc2ccc3[nH]ccc3c2)=C1c1ccc(S(C)(=O)=O)cc1,train
CHEMBL322305,CHEMBL230,4.0,2000.0,4.0,COc1cncc(-c2nc(C(F)(F)F)cn2-c2ccc(S(N)(=O)=O)cc2)c1,train
CHEMBL322703,CHEMBL230,7.609999999999999,1999.0,7.609999999999999,CC1(C)OC(=O)C(Oc2ccc(Br)cn2)=C1c1ccc(S(C)(=O)=O)cc1,train
CHEMBL322720,CHEMBL230,4.68,2000.0,4.68,CS(=O)(=O)c1ccc(-n2cc(C(F)F)nc2-c2cccnc2)cc1,train
CHEMBL322807,CHEMBL230,6.723970004336019,1999.0,6.723970004336019,CC1(C)OC(=O)C(Oc2ncccc2Cl)=C1c1ccc(S(C)(=O)=O)cc1,train
CHEMBL322949,CHEMBL230,7.52,1995.0,7.52,CS(=O)(=O)c1ccc(C2=C(c3ccc(F)c(Cl)c3)CCC2)cc1,test
CHEMBL323267,CHEMBL230,6.375,1999.0,6.375,CC1(C)OC(=O)C(Oc2cccc3cnccc23)=C1c1ccc(S(C)(=O)=O)cc1,train
CHEMBL323277,CHEMBL230,5.24,2000.0,5.24,Cc1cccnc1-c1nc(C(F)(F)F)cn1-c1ccc(S(C)(=O)=O)cc1,train
CHEMBL3233596,CHEMBL230,5.82,2014.0,5.82,Cc1ccc(C2=C(c3ccc(S(N)(=O)=O)cc3)C(=O)NC2=O)cc1,train
CHEMBL3233597,CHEMBL230,5.92,2014.0,5.92,COc1ccc(C2=C(c3ccc(S(N)(=O)=O)cc3)C(=O)NC2=O)cc1,train
CHEMBL3233598,CHEMBL230,4.58,2014.0,4.58,NS(=O)(=O)c1ccc(C2=C(c3ccc(Cl)cc3)C(=O)NC2=O)cc1,train
CHEMBL3233599,CHEMBL230,7.44,2014.0,7.44,CN1C(=O)C(c2ccccc2)=C(c2ccc(S(N)(=O)=O)cc2)C1=O,train
CHEMBL3233600,CHEMBL230,7.07,2014.0,7.07,Cc1ccc(C2=C(c3ccc(S(N)(=O)=O)cc3)C(=O)N(C)C2=O)cc1,train
CHEMBL3233601,CHEMBL230,7.28,2014.0,7.28,COc1ccc(C2=C(c3ccc(S(N)(=O)=O)cc3)C(=O)N(C)C2=O)cc1,train
CHEMBL3233602,CHEMBL230,8.22,2014.0,8.22,CN1C(=O)C(c2ccc(Cl)cc2)=C(c2ccc(S(N)(=O)=O)cc2)C1=O,train
CHEMBL3234224,CHEMBL230,5.53,2014.0,5.53,COC(=O)/C(=C/c1ccc(C(F)(F)F)cc1)CSc1nc2ccccc2o1,train
CHEMBL3234225,CHEMBL230,5.32,2014.0,5.32,COC(=O)/C(=C/c1ccc(OC)cc1)CSc1nc2ccccc2o1,train
CHEMBL3234226,CHEMBL230,5.36,2014.0,5.36,COC(=O)/C(=C/c1ccc2ccccc2c1)CSc1nc2ccccc2o1,val
CHEMBL3234231,CHEMBL230,5.53,2014.0,5.53,COC(=O)/C(=C/c1ccc2ccccc2c1)CSc1nc2ccccc2s1,test
CHEMBL3234232,CHEMBL230,5.41,2014.0,5.41,CCOC(=O)/C(=C/c1cccc(F)c1)CSc1nncn1C,train
CHEMBL3234234,CHEMBL230,5.23,2014.0,5.23,CCOC(=O)/C(=C/c1cccc(Cl)c1)CSc1nc(C)cc(C)n1,train
CHEMBL3234235,CHEMBL230,5.5,2014.0,5.5,CCOC(=O)/C(=C/c1ccc(Br)cc1)CSc1nc(C)cc(C)n1,train
CHEMBL3236777,CHEMBL230,4.17,2014.0,4.17,CNC(=O)c1nc(-c2cc(OC)c(OC)c(OC)c2)n(-c2ccc(OC)cc2)n1,val
CHEMBL3237067,CHEMBL230,4.0,2014.0,4.0,COc1ccc(-n2nc(C(=O)Nc3ccc(Br)cc3)nc2-c2cc(OC)c(OC)c(OC)c2)cc1,test
CHEMBL3237068,CHEMBL230,4.0,2014.0,4.0,COc1ccc(-n2nc(C(=O)Nc3ccc(Cl)cc3)nc2-c2cc(OC)c(OC)c(OC)c2)cc1,test
CHEMBL3237071,CHEMBL230,4.0,2014.0,4.0,COc1ccc(-n2nc(C(=O)Nc3ccc(OC)c(OC)c3)nc2-c2cc(OC)c(OC)c(OC)c2)cc1,test
CHEMBL3237075,CHEMBL230,4.33,2014.0,4.33,COc1ccc(-n2nc(C(=O)NN)nc2-c2cc(OC)c(OC)c(OC)c2)cc1,val
CHEMBL323732,CHEMBL230,6.12,1995.0,6.12,CS(=O)(=O)c1ccc(C2=C(c3ccc(C(F)(F)F)c(F)c3)CCC2)cc1,test
CHEMBL3238414,CHEMBL230,5.17,2014.0,5.17,CS(=O)(=O)c1ccc(-n2nc(C(F)(F)F)cc2-c2ccccc2)cc1,train
CHEMBL3238415,CHEMBL230,6.52,2014.0,6.52,Cc1ccc(C2=C(c3ccc(S(C)(=O)=O)cc3)COC2=O)cc1,train
CHEMBL3238416,CHEMBL230,6.96,2014.0,6.96,Cc1ccc(C2=C(c3ccc(S(N)(=O)=O)cc3)COC2=O)cc1,train
CHEMBL323954,CHEMBL230,5.96,2000.0,5.96,Cn1cc(-c2nc(C(F)(F)F)cn2-c2ccc(S(C)(=O)=O)cc2)c2ccccc21,test
CHEMBL324042,CHEMBL230,5.0,2003.0,5.0,Cc1nc(Cl)n(-c2ccc(F)cc2)c1-c1ccc(S(C)(=O)=O)cc1,val
CHEMBL324048,CHEMBL230,7.57,2003.0,7.57,CN(C)c1ccc(-c2c(Cl)ncn2-c2ccc(S(C)(=O)=O)cc2)cc1Cl,val
CHEMBL324093,CHEMBL230,7.32,2003.0,7.32,CS(=O)(=O)c1ccc(-c2cnc(Br)n2-c2ccc(F)cc2)cc1,val
CHEMBL324275,CHEMBL230,7.13,2003.0,7.13,CC1Cc2cc(-c3c(Cl)ncn3-c3ccc(S(C)(=O)=O)cc3)ccc2O1,train
CHEMBL324312,CHEMBL230,8.135,2003.0,8.135,CCOc1ccc(-c2c(Cl)ncn2-c2ccc(S(N)(=O)=O)cc2)cc1,val
CHEMBL324472,CHEMBL230,5.0,2003.0,5.0,CS(=O)(=O)c1ccc(-n2cnc(Cl)c2-c2ccc(OC(F)(F)F)cc2)cc1,val
CHEMBL324509,CHEMBL230,8.4,2003.0,8.4,CCOc1ccc(-c2c(Cl)ncn2-c2ccc(S(C)(=O)=O)cc2)cc1,val
CHEMBL324580,CHEMBL230,7.12,2003.0,7.12,CS(=O)(=O)c1ccc(-n2cnc(Cl)c2-c2cc(F)cc(F)c2)cc1,val
CHEMBL324670,CHEMBL230,6.49,1999.0,6.49,CC1(C)OC(=O)C(Sc2ccccc2)=C1c1ccc(S(C)(=O)=O)cc1,train
CHEMBL324700,CHEMBL230,5.0,2003.0,5.0,CCS(=O)(=O)c1ccc(-c2c(Cl)ncn2-c2ccc(S(C)(=O)=O)cc2)cc1,val
CHEMBL324823,CHEMBL230,6.0,2003.0,6.0,CS(=O)(=O)c1ccc(-n2cnc(Cl)c2-c2cnccc2O)cc1,train
CHEMBL324825,CHEMBL230,5.0,2003.0,5.0,C=CCc1ncn(-c2ccc(S(C)(=O)=O)cc2)c1-c1ccc(F)cc1,val
CHEMBL324826,CHEMBL230,8.22,2003.0,8.22,CS(=O)(=O)c1ccc(-n2cnc(Cl)c2-c2cccc(Cl)c2Cl)cc1,val
CHEMBL324841,CHEMBL230,6.0,2003.0,6.0,CS(=O)(=O)c1ccc(-n2cnc(Cl)c2-c2cc3ccccc3o2)cc1,val
CHEMBL324863,CHEMBL230,6.85,1995.0,6.85,COc1ccc(C2=C(c3ccc(S(C)(=O)=O)cc3)CCC2)cc1Cl,test
CHEMBL324876,CHEMBL230,7.0,1999.0,7.0,CC1(C)OC(=O)C(Oc2ccc(F)cc2)=C1c1ccc(S(C)(=O)=O)cc1,train
CHEMBL324923,CHEMBL230,7.8,2003.0,7.8,COc1cc(-c2c(Cl)ncn2-c2ccc(S(C)(=O)=O)cc2)ccc1F,val
CHEMBL324957,CHEMBL230,6.84,2003.0,6.84,Cc1ncn(-c2ccc(S(C)(=O)=O)cc2)c1-c1ccc(F)cc1,val
CHEMBL325297,CHEMBL230,5.0,2003.0,5.0,CS(=O)(=O)c1ccc(-n2c(-c3ccc(F)cc3)cnc2C(=O)c2ccccc2)cc1,train
CHEMBL325298,CHEMBL230,8.22,2003.0,8.22,Cc1ccc(-c2c(Cl)ncn2-c2ccc(S(C)(=O)=O)cc2)cc1F,val
CHEMBL325370,CHEMBL230,6.16,1999.0,6.16,CC1(C)OC(=O)C(C(=O)c2ccccc2)=C1c1ccc(S(C)(=O)=O)cc1,train
CHEMBL325437,CHEMBL230,7.75,2003.0,7.75,CS(=O)(=O)c1ccc(-n2cnc(Cl)c2-c2ccc(Cl)cc2)cc1,val
CHEMBL325442,CHEMBL230,5.89,2002.0,5.89,CC(C)OC1=C(c2ccc(S(C)(=O)=O)cc2)C(C)(CC(F)(F)F)OC1=O,train
CHEMBL325492,CHEMBL230,5.0,2003.0,5.0,CS(=O)(=O)c1ccc(-n2cncc2-c2ccc(F)cc2)cc1,val
CHEMBL325755,CHEMBL230,5.77,2000.0,5.77,CS(=O)(=O)c1ccc(-n2cc(C(F)(F)F)nc2-c2cccnc2)cc1,train
CHEMBL325787,CHEMBL230,6.82,1999.0,6.82,C=CCc1cccc(-c2ccc(C(C)C(=O)O)cc2)c1,train
CHEMBL325790,CHEMBL230,5.745,2000.0,5.745,Cc1ccc(-c2nc(C(F)(F)F)cn2-c2ccc(S(C)(=O)=O)cc2)cn1,train
CHEMBL325804,CHEMBL230,7.85,1999.0,7.85,CC1(C)OC(=O)C(Oc2ccc(Cl)cc2)=C1c1ccc(S(C)(=O)=O)cc1,train
CHEMBL325894,CHEMBL230,8.05,2003.0,8.05,CS(=O)(=O)c1ccc(-n2cnc(Cl)c2-c2ccc3c(c2)CCO3)cc1,train
CHEMBL326005,CHEMBL230,4.29,2000.0,4.29,Cc1ccncc1-c1nc(C(F)(F)F)cn1-c1ccc(S(N)(=O)=O)cc1,train
CHEMBL326024,CHEMBL230,5.38,2001.0,5.38,Cc1nc(-c2nc(C(F)(F)F)cn2-c2ccc(S(=O)(=O)N(C)C)cc2)co1,train
CHEMBL326097,CHEMBL230,7.82,2003.0,7.82,COc1cc(-c2c(Cl)ncn2-c2ccc(S(C)(=O)=O)cc2)ccc1C,val
CHEMBL326254,CHEMBL230,6.140000000000001,1999.0,6.140000000000001,CC1(C)OC(=O)C(Oc2ncccn2)=C1c1ccc(S(C)(=O)=O)cc1,test
CHEMBL326270,CHEMBL230,7.75,2003.0,7.75,NS(=O)(=O)c1ccc(-n2cnc(Cl)c2-c2ccc(F)cc2)cc1,val
CHEMBL326291,CHEMBL230,7.96,2003.0,7.96,Cc1cc(-c2c(Cl)ncn2-c2ccc(S(C)(=O)=O)cc2)ccc1Cl,val
CHEMBL326295,CHEMBL230,4.0,1998.0,4.0,CC(C)(C)c1cc(NN2CCC=N2)cc2c1OCC2(C)C,train
CHEMBL326335,CHEMBL230,8.22,2003.0,8.22,CS(=O)(=O)c1ccc(-n2cnc(Cl)c2-c2ccc3c(c2)OCO3)cc1,train
CHEMBL326362,CHEMBL230,5.52,1998.0,5.52,CC(C)(C)c1cc(/C=C2/SC(N)=NC2=O)cc2c1OCC2(C)C,train
CHEMBL326365,CHEMBL230,5.46,1998.0,5.46,CC(=O)Nc1cc(C(C)(C)C)c2c(c1)C(C)(C)CO2,train
CHEMBL3264514,CHEMBL230,4.73,2014.0,4.73,CCOC(=O)c1c(C)oc2ccc(Oc3ccccc3)cc12,train
CHEMBL3264515,CHEMBL230,5.21,2014.0,5.21,CCOC(=O)c1c(C)oc2ccc(Oc3ccccc3C)cc12,train
CHEMBL3264516,CHEMBL230,5.38,2014.0,5.38,CCOC(=O)c1c(C)oc2ccc(Oc3ccc(C)cc3)cc12,train
CHEMBL3264517,CHEMBL230,5.07,2014.0,5.07,CCOC(=O)c1c(C)oc2ccc(Oc3ccc(OC)cc3)cc12,train
CHEMBL3264518,CHEMBL230,4.74,2014.0,4.74,CCOC(=O)c1c(-c2ccccc2)oc2ccc(Oc3ccccc3)cc12,test
CHEMBL3264519,CHEMBL230,4.7,2014.0,4.7,CCOC(=O)c1c(-c2ccccc2)oc2ccc(Oc3ccccc3C)cc12,test
CHEMBL3264520,CHEMBL230,4.72,2014.0,4.72,CCOC(=O)c1c(-c2ccccc2)oc2ccc(Oc3ccc(C)cc3)cc12,test
CHEMBL3264523,CHEMBL230,5.09,2014.0,5.09,CCOC(=O)c1c(C)oc2ccc(Oc3ccccn3)cc12,train
CHEMBL3264524,CHEMBL230,4.8,2014.0,4.8,CCOC(=O)c1c(C)oc2ccc(Oc3ccc4ccccc4c3)cc12,train
CHEMBL3264687,CHEMBL230,5.02,2014.0,5.02,O=[N+]([O-])c1cccc(-n2cc(CSc3nc4ccccc4o3)nn2)c1,train
CHEMBL3264688,CHEMBL230,5.01,2014.0,5.01,O=[N+]([O-])c1ccc(-n2cc(CSc3nc4ccccc4o3)nn2)cc1,train
CHEMBL3264689,CHEMBL230,5.19,2014.0,5.19,c1ccc(-n2cc(CSc3nc4ccccc4o3)nn2)cc1,train
CHEMBL3264690,CHEMBL230,5.42,2014.0,5.42,CCc1ccc(-n2cc(CSc3nc4ccccc4o3)nn2)cc1,train
CHEMBL3264691,CHEMBL230,5.64,2014.0,5.64,COc1ccc(-n2cc(CSc3nc4ccccc4o3)nn2)cc1,train
CHEMBL3264692,CHEMBL230,5.33,2014.0,5.33,Clc1cccc(-n2cc(CSc3nc4ccccc4o3)nn2)c1,train
CHEMBL3264693,CHEMBL230,5.72,2014.0,5.72,Clc1ccc(-n2cc(CSc3nc4ccccc4o3)nn2)cc1,train
CHEMBL3264694,CHEMBL230,5.45,2014.0,5.45,Clc1ccccc1-n1cc(CSc2nc3ccccc3o2)nn1,train
CHEMBL3264695,CHEMBL230,5.55,2014.0,5.55,Brc1ccc(-n2cc(CSc3nc4ccccc4o3)nn2)cc1,train
CHEMBL3264696,CHEMBL230,5.28,2014.0,5.28,Fc1ccc(-n2cc(CSc3nc4ccccc4o3)nn2)cc1,train
CHEMBL3264697,CHEMBL230,5.33,2014.0,5.33,Cc1ccccc1-n1cc(CSc2nc3ccccc3o2)nn1,train
CHEMBL3264698,CHEMBL230,5.56,2014.0,5.56,Brc1ccccc1-n1cc(CSc2nc3ccccc3o2)nn1,train
CHEMBL3264699,CHEMBL230,5.62,2014.0,5.62,Fc1ccccc1-n1cc(CSc2nc3ccccc3o2)nn1,train
CHEMBL3264700,CHEMBL230,5.36,2014.0,5.36,Cc1ccc(-n2cc(CSc3nc4ccccc4o3)nn2)cc1C,train
CHEMBL3264701,CHEMBL230,5.42,2014.0,5.42,CC(C)(C)c1ccc(-n2cc(CSc3nc4ccccc4o3)nn2)cc1,train
CHEMBL3264702,CHEMBL230,5.46,2014.0,5.46,CCOc1ccc(-n2cc(CSc3nc4ccccc4o3)nn2)cc1,train
CHEMBL3264703,CHEMBL230,5.4,2014.0,5.4,c1cncc(-n2cc(CSc3nc4ccccc4o3)nn2)c1,val
CHEMBL3264704,CHEMBL230,5.3,2014.0,5.3,Clc1ncccc1-n1cc(CSc2nc3ccccc3o2)nn1,val
CHEMBL3265345,CHEMBL230,4.42,2014.0,4.42,Clc1ccc(-c2nnc(-c3cn(-c4ccccc4)nc3-c3ccccc3)o2)cc1,train
CHEMBL3265346,CHEMBL230,4.24,2014.0,4.24,Cc1ccc(-c2nn(-c3ccccc3)cc2-c2nnc(-c3ccc(Cl)cc3)o2)cc1,train
CHEMBL3265347,CHEMBL230,5.26,2014.0,5.26,Fc1ccc(-c2nn(-c3ccccc3)cc2-c2nnc(-c3ccc(Cl)cc3)o2)cc1,train
CHEMBL3265348,CHEMBL230,5.06,2014.0,5.06,Clc1ccc(-c2nnc(-c3cn(-c4ccccc4)nc3-c3ccc(Cl)cc3)o2)cc1,train
CHEMBL3265349,CHEMBL230,4.3,2014.0,4.3,Clc1ccc(-c2nnc(-c3cn(-c4ccccc4)nc3-c3ccc(Br)cc3)o2)cc1,train
CHEMBL3265350,CHEMBL230,4.17,2014.0,4.17,COc1ccc(-c2nn(-c3ccccc3)cc2-c2nnc(-c3ccc(Cl)cc3)o2)cc1,train
CHEMBL3265351,CHEMBL230,5.92,2014.0,5.92,O=[N+]([O-])c1ccc(-c2nn(-c3ccccc3)cc2-c2nnc(-c3ccc(Cl)cc3)o2)cc1,train
CHEMBL3265352,CHEMBL230,4.96,2014.0,4.96,c1ccc(-c2nn(-c3ccccc3)cc2-c2nnc(-c3ccncc3)o2)cc1,test
CHEMBL3265353,CHEMBL230,4.28,2014.0,4.28,Cc1ccc(-c2nn(-c3ccccc3)cc2-c2nnc(-c3ccncc3)o2)cc1,test
CHEMBL3265354,CHEMBL230,5.64,2014.0,5.64,Fc1ccc(-c2nn(-c3ccccc3)cc2-c2nnc(-c3ccncc3)o2)cc1,test
CHEMBL3265355,CHEMBL230,5.36,2014.0,5.36,Clc1ccc(-c2nn(-c3ccccc3)cc2-c2nnc(-c3ccncc3)o2)cc1,test
CHEMBL3265356,CHEMBL230,4.41,2014.0,4.41,Brc1ccc(-c2nn(-c3ccccc3)cc2-c2nnc(-c3ccncc3)o2)cc1,test
CHEMBL3265357,CHEMBL230,4.38,2014.0,4.38,COc1ccc(-c2nn(-c3ccccc3)cc2-c2nnc(-c3ccncc3)o2)cc1,test
CHEMBL3265358,CHEMBL230,6.3,2014.0,6.3,O=[N+]([O-])c1ccc(-c2nn(-c3ccccc3)cc2-c2nnc(-c3ccncc3)o2)cc1,test
CHEMBL326577,CHEMBL230,7.44,2003.0,7.44,CS(=O)(=O)c1ccc(-n2cnc(Br)c2-c2ccc(F)cc2)cc1,val
CHEMBL326639,CHEMBL230,6.03,2000.0,6.03,Cc1nc(-c2nc(C(F)(F)F)cn2-c2ccc(S(C)(=O)=O)cc2)cs1,test
CHEMBL327078,CHEMBL230,6.14,2000.0,6.14,Cc1ccc(-c2nc(C(F)(F)F)cn2-c2ccc(S(N)(=O)=O)cc2)nc1,train
CHEMBL327150,CHEMBL230,8.15,2003.0,8.15,CCOc1ccc(-c2c(Cl)ncn2-c2ccc(S(C)(=O)=O)cc2)cc1Cl,val
CHEMBL327384,CHEMBL230,9.0,1996.0,9.0,CS(=O)(=O)c1ccc(C2=C(c3ccc(Cl)cc3)CC3(CC3)C2)cc1,test
CHEMBL327468,CHEMBL230,4.481486060122113,2000.0,4.481486060122113,CS(=O)(=O)c1ccc([C@@H](CO)[C@@H](CCC(=O)[O-])c2ccccc2)cc1.[Na+],test
CHEMBL327510,CHEMBL230,4.6,2000.0,4.6,CCN(CC)C(=O)Cc1c(C)n(C(=O)c2ccc(Cl)cc2)c2ccc(OC)cc12,train
CHEMBL327751,CHEMBL230,6.85,2000.0,6.85,COc1ccc2c(c1)c(CC(=O)Nc1ccc(C(N)=O)cc1)c(C)n2C(=O)c1ccc(Cl)cc1,test
CHEMBL327900,CHEMBL230,7.21,1995.0,7.21,CS(=O)(=O)c1ccc(C2=C(c3ccc(F)cc3)CC3(CCCC3)C2)cc1,train
CHEMBL328003,CHEMBL230,6.96,1996.0,6.96,CS(=O)(=O)c1ccc(C2=C(c3ccccc3)C(=O)C2)cc1,train
CHEMBL328009,CHEMBL230,8.05,1996.0,8.05,COc1cc2c(cc1F)-c1c(c(C(F)(F)F)nn1-c1ccc(S(N)(=O)=O)cc1)SC2,train
CHEMBL328146,CHEMBL230,4.0,1995.0,4.0,CS(=O)(=O)c1ccc(C2=C(c3ccc(F)cc3)CC3(CCCCC3)C2)cc1,test
CHEMBL328161,CHEMBL230,6.0,2000.0,6.0,COc1ccc2c(c1)c(CC(=O)Nc1cc(OC)c(OC)c(OC)c1)c(C)n2C(=O)c1ccc(Cl)cc1,test
CHEMBL328521,CHEMBL230,6.28,1996.0,6.28,CC1(C)C(c2ccc(S(C)(=O)=O)cc2)=C(c2ccccc2)C1O,test
CHEMBL328616,CHEMBL230,8.46,2002.0,8.46,CC(=O)Oc1ccccc1C1=C(c2ccc(S(C)(=O)=O)cc2)COC1=O,train
CHEMBL3287559,CHEMBL230,6.39,2014.0,6.39,Oc1ccc(-c2ccccc2-c2nc3ccccc3o2)cc1Cl,train
CHEMBL3287560,CHEMBL230,5.87,2014.0,5.87,CS(=O)(=O)c1ccc(-c2ccccc2-c2nc3ccccc3o2)cc1,train
CHEMBL3287567,CHEMBL230,6.17,2014.0,6.17,COc1ccc(-c2ccccc2-c2nc3ccccc3o2)cc1Cl,train
CHEMBL328837,CHEMBL230,7.31,1995.0,7.31,CS(=O)(=O)c1ccc(-c2csc(Br)c2-c2ccc(F)cc2)cc1,train
CHEMBL328864,CHEMBL230,7.0,2000.0,7.0,CCOC(=O)Cc1c(C)n(C(=O)c2ccc(Cl)cc2)c2ccc(OC)cc12,train
CHEMBL328906,CHEMBL230,7.66,1996.0,7.66,Cc1ccc2c(c1)CSc1c(C(F)(F)F)nn(-c3ccc(S(N)(=O)=O)cc3)c1-2,train
CHEMBL3289096,CHEMBL230,5.0,2014.0,5.0,CC(C)=CCC[C@H](C(=O)O)[C@@H]1CC[C@]2(C)C3=C(CC[C@@]12C)[C@@]1(C)CC[C@@H](O)C(C)(C)[C@@H]1CC3,val
CHEMBL3289097,CHEMBL230,5.0,2014.0,5.0,CC(=O)O[C@@H]1CC[C@]2(C)C3=C(CC[C@H]2C1(C)C)[C@@]1(C)CC[C@@H]([C@H](CCC=C(C)C)C(=O)O)[C@]1(C)CC3,val
CHEMBL3289098,CHEMBL230,5.0,2014.0,5.0,CC(C)=CCC[C@H](C(=O)O)[C@@H]1CC[C@]2(C)C3=C(CC[C@@]12C)[C@@]1(C)CC[C@H](O)C(C)(C)[C@@H]1CC3,val
CHEMBL3289099,CHEMBL230,5.0,2014.0,5.0,CC(C)=CCC[C@H](C(=O)O)[C@@H]1CC[C@]2(C)C3=CC[C@H]4C(C)(C)[C@H](O)CC[C@]4(C)[C@H]3CC[C@@]12C,val
CHEMBL3289100,CHEMBL230,5.0,2014.0,5.0,CC(=O)O[C@@H]1CC[C@]2(C)[C@H]3CC[C@@]4(C)[C@H]([C@H](CCC=C(C)C)C(=O)O)CC[C@]4(C)C3=CC[C@H]2C1(C)C,val
CHEMBL3289101,CHEMBL230,5.0,2014.0,5.0,C=C(C)[C@@H]1CC[C@]2(C)[C@H](CC=C3[C@@H]4[C@@H](C)[C@H](C)CC[C@]4(C)CC[C@]32C)[C@@]1(C)CCC(=O)O,train
CHEMBL3289102,CHEMBL230,5.0,2014.0,5.0,CC(C)[C@@H]1CC[C@]2(C)[C@H](CC=C3[C@@H]4[C@@H](C)[C@H](C)CC[C@]4(C)CC[C@]32C)[C@@]1(C)CCC(=O)O,train
CHEMBL3289103,CHEMBL230,5.0,2014.0,5.0,CC(C)[C@@H]1CC[C@]2(C)[C@H](C(=O)C=C3[C@@H]4[C@@H](C)[C@H](C)CC[C@]4(C)CC[C@]32C)[C@@]1(C)CCC(=O)O,train
CHEMBL3289104,CHEMBL230,5.0,2014.0,5.0,CC(C)[C@@H]1CC[C@]2(C)[C@H](CC=C3[C@@H]4CC(C)(C)CC[C@]4(C)CC[C@]32C)[C@@]1(C)CCC(=O)O,train
CHEMBL3289105,CHEMBL230,5.0,2014.0,5.0,C=C(C)[C@@H]1CC[C@]2(C)CC[C@]3(C)[C@H](CC[C@@H]4[C@@]5(C)CC[C@H](O)[C@](C)(C(=O)O)[C@@H]5CC[C@]43C)[C@@H]12,train
CHEMBL3289106,CHEMBL230,5.0,2014.0,5.0,C=C(C)[C@@H]1CC[C@]2(C)CC[C@]3(C)[C@H](CC[C@@H]4[C@@]5(C)CC[C@H](OC(C)=O)[C@](C)(C(=O)O)[C@@H]5CC[C@]43C)[C@@H]12,train
CHEMBL3289107,CHEMBL230,5.0,2014.0,5.0,C=C(C)[C@@H]1CC[C@]2(CO)CC[C@]3(C)[C@H](CC[C@@H]4[C@@]5(C)CC[C@H](OC(C)=O)[C@](C)(C(=O)O)[C@@H]5CC[C@]43C)[C@@H]12,train
CHEMBL3289924,CHEMBL230,4.76,2014.0,4.76,CCOC(OCC)c1ccc(/C=C2\CCC/C(=C\c3ccc(C(OCC)OCC)cc3)C2=O)cc1,train
CHEMBL3289925,CHEMBL230,4.95,2014.0,4.95,CCOC(OCC)c1ccc(/C=C2\COC/C(=C\c3ccc(C(OCC)OCC)cc3)C2=O)cc1,val
CHEMBL3289926,CHEMBL230,4.56,2014.0,4.56,CCOC(OCC)c1ccc(/C=C2\CNC/C(=C\c3ccc(C(OCC)OCC)cc3)C2=O)cc1,train
CHEMBL3289927,CHEMBL230,4.42,2014.0,4.42,CCOC(OCC)c1ccc(/C=C2\CN(C)C/C(=C\c3ccc(C(OCC)OCC)cc3)C2=O)cc1,train
CHEMBL3289928,CHEMBL230,4.0,2014.0,4.0,CCOC(OCC)c1ccc(/C=C2\CN(Cc3ccccc3)C/C(=C\c3ccc(C(OCC)OCC)cc3)C2=O)cc1,val
CHEMBL3289929,CHEMBL230,4.5,2014.0,4.5,CCOC(OCC)c1ccc(/C=C/C(=O)/C=C/c2ccc(C(OCC)OCC)cc2)cc1,train
CHEMBL3289930,CHEMBL230,4.83,2014.0,4.83,CCOC(OCC)c1ccc(/C=C2\CC/C(=C\c3ccc(C(OCC)OCC)cc3)C2=O)cc1,test
CHEMBL3289931,CHEMBL230,4.71,2014.0,4.71,CCOC(OCC)c1ccc(/C=C2\Cc3ccccc3C2=O)cc1,train
CHEMBL3289932,CHEMBL230,4.0,2014.0,4.0,CCOC(OCC)c1ccc(/C=C2\CCc3ccccc3C2=O)cc1,train
CHEMBL3289933,CHEMBL230,4.88,2014.0,4.88,CCOC(OCC)c1ccc(/C=C/C(=O)C2CCc3ccccc3C2=O)cc1,train
CHEMBL3289934,CHEMBL230,4.0,2014.0,4.0,CN(C)c1ccc(/C=C2/CCC/C(=C\c3ccc(N(C)C)cc3[N+](=O)[O-])C2=O)c([N+](=O)[O-])c1,train
CHEMBL3289939,CHEMBL230,4.82,2014.0,4.82,CN(C)c1ccc(/C=C/C(=O)/C=C/c2ccc(N(C)C)cc2[N+](=O)[O-])c([N+](=O)[O-])c1,train
CHEMBL3289940,CHEMBL230,4.0,2014.0,4.0,CN(C)c1ccc(/C=C2\CC/C(=C\c3ccc(N(C)C)cc3[N+](=O)[O-])C2=O)c([N+](=O)[O-])c1,test
CHEMBL3289941,CHEMBL230,4.83,2014.0,4.83,CN(C)c1ccc(/C=C2\Cc3ccccc3C2=O)c([N+](=O)[O-])c1,train
CHEMBL3289942,CHEMBL230,4.55,2014.0,4.55,CN(C)c1ccc(/C=C2\CCc3ccccc3C2=O)c([N+](=O)[O-])c1,train
CHEMBL3290192,CHEMBL230,4.16,2014.0,4.16,O=C(/C=C/c1ccc(N2CCCC2)cc1)/C=C/c1ccc(N2CCCC2)cc1,test
CHEMBL3290193,CHEMBL230,4.33,2014.0,4.33,O=C1/C(=C/c2ccc(N3CCCC3)cc2)CC/C1=C\c1ccc(N2CCCC2)cc1,train
CHEMBL3290194,CHEMBL230,4.26,2014.0,4.26,O=C1/C(=C/c2ccc(N3CCCC3)cc2)Cc2ccccc21,train
CHEMBL3290195,CHEMBL230,4.0,2014.0,4.0,O=C1/C(=C/c2ccc(N3CCCC3)cc2)CCc2ccccc21,test
CHEMBL3290196,CHEMBL230,4.21,2014.0,4.21,O=C(/C=C/c1ccc(N2CCCC2)cc1)C1CCc2ccccc2C1=O,train
CHEMBL3290197,CHEMBL230,6.42,2014.0,6.42,NS(=O)(=O)c1ccc(-n2nc(C(=O)Nc3nc4ccccc4s3)nc2-c2ccccc2)cc1,train
CHEMBL3290199,CHEMBL230,6.33,2014.0,6.33,NS(=O)(=O)c1ccc(-n2nc(C(=O)Nc3ccc(Cl)cc3)nc2-c2ccccc2)cc1,test
CHEMBL3290200,CHEMBL230,5.89,2014.0,5.89,COc1ccc(NC(=O)c2nc(-c3ccccc3)n(-c3ccc(S(N)(=O)=O)cc3)n2)cc1OC,test
CHEMBL3290201,CHEMBL230,6.05,2014.0,6.05,COc1ccc(NC(=O)c2nc(-c3ccccc3)n(-c3ccc(S(N)(=O)=O)cc3)n2)cc1,test
CHEMBL3290202,CHEMBL230,5.77,2014.0,5.77,NS(=O)(=O)c1ccc(-n2nc(C(=O)NCc3ccccc3)nc2-c2ccccc2)cc1,train
CHEMBL3290203,CHEMBL230,5.72,2014.0,5.72,Cc1ccc(NC(=O)c2nc(-c3ccccc3)n(-c3ccc(S(N)(=O)=O)cc3)n2)cc1,test
CHEMBL3290204,CHEMBL230,6.18,2014.0,6.18,NS(=O)(=O)c1ccc(-n2nc(C(=O)NC3CCCCC3)nc2-c2ccccc2)cc1,test
CHEMBL3290205,CHEMBL230,4.8,2014.0,4.8,CC(C)NC(=O)c1nc(-c2ccccc2)n(-c2ccc(S(N)(=O)=O)cc2)n1,val
CHEMBL3290441,CHEMBL230,7.89,2014.0,7.89,COc1cc(/C=C/c2cc(/C=C/c3cc(CC=C(C)C)c(O)c(OC)c3)[nH]n2)cc(CC=C(C)C)c1O,train
CHEMBL329052,CHEMBL230,6.6,2000.0,6.6,COc1ccc2c(c1)c(CC(=O)OC(C)C)c(C)n2C(=O)c1ccc(Cl)cc1,train
CHEMBL329120,CHEMBL230,6.07,1998.0,6.07,Cc1cnc(-c2cccnc2)c(-c2ccc(S(C)(=O)=O)cc2)c1,val
CHEMBL329292,CHEMBL230,6.3,2000.0,6.3,COc1ccc2c(c1)c(CC(=O)Nc1ccc(-c3ccccc3)cc1)c(C)n2C(=O)c1ccc(Cl)cc1,train
CHEMBL329419,CHEMBL230,5.3457430300610564,1998.0,5.3457430300610564,CS(=O)(=O)c1ccc(-c2cccnc2-c2cccnc2)cc1,val
CHEMBL329480,CHEMBL230,7.28,2000.0,7.28,COc1ccc2c(c1)c(CC(=O)Nc1cccnc1)c(C)n2C(=O)c1ccc(Cl)cc1,train
CHEMBL329688,CHEMBL230,5.95,2005.0,5.95,COc1ccc(C2SCC(=O)N2CCN2C(=O)CSC2c2ccc(OC)cc2)cc1,test
CHEMBL329716,CHEMBL230,4.0,2001.0,4.0,Cc1noc(-c2ccc(S(C)(=O)=O)cc2)c1-c1ccc(F)cc1,train
CHEMBL329919,CHEMBL230,7.7,1996.0,7.7,NS(=O)(=O)c1ccc(-n2nc(C(F)(F)F)c3c2-c2ccccc2CS3)cc1,train
CHEMBL329999,CHEMBL230,8.7,1996.0,8.7,CS(=O)(=O)c1ccc(C2=C(c3ccc(C(F)(F)F)cc3)CC3(CC3)C2)cc1,test
CHEMBL330162,CHEMBL230,7.1,2000.0,7.1,COc1ccc2c(c1)c(CC(=O)NCc1ccc(C(C)=O)cc1)c(C)n2C(=O)c1ccc(Cl)cc1,train
CHEMBL330194,CHEMBL230,7.4,2000.0,7.4,CCCCCCCOC(=O)Cc1c(C)n(C(=O)c2ccc(Cl)cc2)c2ccc(OC)cc12,train
CHEMBL330200,CHEMBL230,5.096910013008056,2000.0,5.096910013008056,COc1ccc2c(c1)c(CC(=O)Oc1ccc3ccccc3c1)c(C)n2C(=O)c1ccc(Cl)cc1,test
CHEMBL330314,CHEMBL230,9.0,1996.0,9.0,NS(=O)(=O)c1ccc(C2=C(c3ccc(C(F)(F)F)cc3)CC3(CC3)C2)cc1,test
CHEMBL330381,CHEMBL230,6.66,2000.0,6.66,COc1ccc2c(c1)c(CC(=O)Nc1cccc(SC)c1)c(C)n2C(=O)c1ccc(Cl)cc1,test
CHEMBL330516,CHEMBL230,7.21,1996.0,7.21,CC1(C)C(c2ccc(S(C)(=O)=O)cc2)=C(c2ccccc2)/C1=N/O,val
CHEMBL3309443,CHEMBL230,7.0,2014.0,7.0,NS(=O)(=O)c1ccc(N2N=C(C(F)(F)F)CC2c2cccc3ccccc23)cc1,train
CHEMBL3309444,CHEMBL230,4.84,2014.0,4.84,NS(=O)(=O)c1ccc(N2N=C(C(F)(F)F)CC2c2ccc3ccccc3c2)cc1,test
CHEMBL3309445,CHEMBL230,8.1,2014.0,8.1,NS(=O)(=O)c1ccc(N2N=C(C(F)(F)F)CC2c2ccc3c(c2)OCCO3)cc1,train
CHEMBL3309446,CHEMBL230,7.82,2014.0,7.82,NS(=O)(=O)c1ccc(N2N=C(C(F)(F)F)CC2c2ccc3c(c2)OCO3)cc1,train
CHEMBL3309447,CHEMBL230,7.23,2014.0,7.23,NS(=O)(=O)c1ccc(N2N=C(C(F)(F)F)CC2c2cccc3c2OCCO3)cc1,test
CHEMBL3309448,CHEMBL230,7.29,2014.0,7.29,NS(=O)(=O)c1ccc(N2N=C(C(F)(F)F)CC2c2cccc3c2OCO3)cc1,train
CHEMBL3309449,CHEMBL230,6.96,2014.0,6.96,CS(=O)(=O)c1ccc(N2N=C(C(F)(F)F)CC2c2cccc3ccccc23)cc1,train
CHEMBL3309450,CHEMBL230,4.75,2014.0,4.75,CS(=O)(=O)c1ccc(N2N=C(C(F)(F)F)CC2c2ccc3ccccc3c2)cc1,test
CHEMBL3309451,CHEMBL230,6.62,2014.0,6.62,CS(=O)(=O)c1ccc(N2N=C(C(F)(F)F)CC2c2ccc3c(c2)OCCO3)cc1,train
CHEMBL330976,CHEMBL230,5.38,2001.0,5.38,CS(=O)(=O)c1ccc(-c2nn3cccnc3c2-c2ccc(F)cc2)cc1,train
CHEMBL3309818,CHEMBL230,6.85,2014.0,6.85,CS(=O)(=O)c1ccc(N2N=C(C(F)(F)F)CC2c2ccc3c(c2)OCO3)cc1,train
CHEMBL3309819,CHEMBL230,6.68,2014.0,6.68,CS(=O)(=O)c1ccc(N2N=C(C(F)(F)F)CC2c2cccc3c2OCCO3)cc1,test
CHEMBL3309820,CHEMBL230,7.39,2014.0,7.39,CS(=O)(=O)c1ccc(N2N=C(C(F)(F)F)CC2c2cccc3c2OCO3)cc1,train
CHEMBL3309821,CHEMBL230,4.17,2014.0,4.17,O=S(=O)(c1ccccc1)N1N=C(C(F)(F)F)CC1c1cccc2ccccc12,train
CHEMBL3309822,CHEMBL230,3.7604502791595267,2014.0,3.7604502791595267,O=S(=O)(c1ccccc1)N1N=C(C(F)(F)F)CC1c1ccc2ccccc2c1,train
CHEMBL3309823,CHEMBL230,5.71,2014.0,5.71,O=S(=O)(c1ccccc1)N1N=C(C(F)(F)F)CC1c1ccc2c(c1)OCCO2,train
CHEMBL3309824,CHEMBL230,5.25,2014.0,5.25,O=S(=O)(c1ccccc1)N1N=C(C(F)(F)F)CC1c1ccc2c(c1)OCO2,train
CHEMBL3309825,CHEMBL230,4.57,2014.0,4.57,O=S(=O)(c1ccccc1)N1N=C(C(F)(F)F)CC1c1cccc2c1OCCO2,train
CHEMBL3309826,CHEMBL230,4.21,2014.0,4.21,O=S(=O)(c1ccccc1)N1N=C(C(F)(F)F)CC1c1cccc2c1OCO2,train
CHEMBL3309827,CHEMBL230,4.05,2014.0,4.05,Cc1ccc(S(=O)(=O)N2N=C(C(F)(F)F)CC2c2cccc3ccccc23)cc1,train
CHEMBL3309828,CHEMBL230,4.02,2014.0,4.02,Cc1ccc(S(=O)(=O)N2N=C(C(F)(F)F)CC2c2ccc3ccccc3c2)cc1,train
CHEMBL3309829,CHEMBL230,5.88,2014.0,5.88,Cc1ccc(S(=O)(=O)N2N=C(C(F)(F)F)CC2c2ccc3c(c2)OCCO3)cc1,train
CHEMBL3309830,CHEMBL230,6.28,2014.0,6.28,Cc1ccc(S(=O)(=O)N2N=C(C(F)(F)F)CC2c2ccc3c(c2)OCO3)cc1,train
CHEMBL3309831,CHEMBL230,3.3010299956639813,2014.0,3.3010299956639813,Cc1ccc(S(=O)(=O)N2N=C(C(F)(F)F)CC2c2cccc3c2OCCO3)cc1,train
CHEMBL3309832,CHEMBL230,4.24,2014.0,4.24,Cc1ccc(S(=O)(=O)N2N=C(C(F)(F)F)CC2c2cccc3c2OCO3)cc1,train
CHEMBL3309947,CHEMBL230,4.73,2014.0,4.73,CN(C)c1ccc(/C=C2\COC/C(=C\c3ccc(N(C)C)cc3[N+](=O)[O-])C2=O)c([N+](=O)[O-])c1,val
CHEMBL3309948,CHEMBL230,5.1,2014.0,5.1,CN(C)c1ccc(/C=C2\CNC/C(=C\c3ccc(N(C)C)cc3[N+](=O)[O-])C2=O)c([N+](=O)[O-])c1,train
CHEMBL3309949,CHEMBL230,5.04,2014.0,5.04,CN1C/C(=C\c2ccc(N(C)C)cc2[N+](=O)[O-])C(=O)/C(=C/c2ccc(N(C)C)cc2[N+](=O)[O-])C1,train
CHEMBL3309950,CHEMBL230,4.72,2014.0,4.72,CN(C)c1ccc(/C=C2\CN(Cc3ccccc3)C/C(=C\c3ccc(N(C)C)cc3[N+](=O)[O-])C2=O)c([N+](=O)[O-])c1,val
CHEMBL3309953,CHEMBL230,4.26,2014.0,4.26,O=C1/C(=C/c2ccc(N3CCCC3)cc2)CCC/C1=C\c1ccc(N2CCCC2)cc1,train
CHEMBL3309954,CHEMBL230,4.0,2014.0,4.0,O=C1/C(=C/c2ccc(N3CCCC3)cc2)COC/C1=C\c1ccc(N2CCCC2)cc1,train
CHEMBL3309955,CHEMBL230,4.0,2014.0,4.0,O=C1/C(=C/c2ccc(N3CCCC3)cc2)CNC/C1=C\c1ccc(N2CCCC2)cc1,train
CHEMBL3309956,CHEMBL230,4.0,2014.0,4.0,CN1C/C(=C\c2ccc(N3CCCC3)cc2)C(=O)/C(=C/c2ccc(N3CCCC3)cc2)C1,train
CHEMBL3309957,CHEMBL230,4.24,2014.0,4.24,O=C1/C(=C/c2ccc(N3CCCC3)cc2)CN(Cc2ccccc2)C/C1=C\c1ccc(N2CCCC2)cc1,train
CHEMBL3311308,CHEMBL230,4.0,2014.0,4.0,COc1ccc(S(=O)(=O)Nc2c(C)cc(C)cc2C)cc1,test
CHEMBL331135,CHEMBL230,6.91,2003.0,6.91,CS(=O)(=O)c1ccc(-n2cnc(Cl)c2-c2ccccc2)cc1,val
CHEMBL331148,CHEMBL230,7.8,2003.0,7.8,Cc1ccc(-c2c(Cl)ncn2-c2ccc(S(C)(=O)=O)cc2)cc1,val
CHEMBL331278,CHEMBL230,7.52,2003.0,7.52,CS(=O)(=O)c1ccc(-c2cnc(C(=O)c3ccccc3)n2-c2ccc(F)cc2)cc1,train
CHEMBL3314084,CHEMBL230,8.89,2014.0,8.89,O=C1/C(=C/c2coc3ccccc3c2=O)c2ccccc2N1c1c(Cl)cccc1Cl,train
CHEMBL3314085,CHEMBL230,5.12,2014.0,5.12,O=C1/C(=C/c2coc3ccc(Br)cc3c2=O)c2ccccc2N1c1c(Cl)cccc1Cl,train
CHEMBL3314086,CHEMBL230,8.24,2014.0,8.24,CC(C)c1ccc2occ(/C=C3/C(=O)N(c4c(Cl)cccc4Cl)c4ccccc43)c(=O)c2c1,train
CHEMBL3314087,CHEMBL230,7.62,2014.0,7.62,O=C1Nc2ccccc2/C1=C/c1coc2ccccc2c1=O,test
CHEMBL3314088,CHEMBL230,7.7,2014.0,7.7,O=C1Nc2ccccc2/C1=C/c1coc2ccc(Br)cc2c1=O,test
CHEMBL3314089,CHEMBL230,5.0,2014.0,5.0,CC1=NN(c2cccc(Cl)c2)C(=O)/C1=C/c1coc2c([N+](=O)[O-])cc(F)cc2c1=O,val
CHEMBL331749,CHEMBL230,5.4,1998.0,5.4,CC(C)(C)c1cc(Nc2ccccc2C(=O)O)cc2c1OCC2(C)C,train
CHEMBL331921,CHEMBL230,7.92,2001.0,7.92,Cc1cnc2c(-c3ccc(F)cc3)c(-c3ccc(S(C)(=O)=O)cc3)nn2c1C,train
CHEMBL332028,CHEMBL230,7.82,1998.0,7.82,CC(C)(C)c1cc(-c2cn3ccsc3n2)cc2c1OCC2(C)C,train
CHEMBL332169,CHEMBL230,6.72,2001.0,6.72,Cc1nc2c(-c3ccc(F)cc3)c(-c3ccc(S(C)(=O)=O)cc3)nn2c(C)c1C,train
CHEMBL3322393,CHEMBL230,5.0,2014.0,5.0,CC1CN(c2ccc(S(C)(=O)=O)cc2)C(c2ccc(Cl)cc2)=N1,train
CHEMBL3322394,CHEMBL230,5.0,2014.0,5.0,CS(=O)(=O)c1ccc(N2CCN=C2c2ccc(F)cc2)cc1,train
CHEMBL3322395,CHEMBL230,5.0,2014.0,5.0,CC1CN(c2ccc(S(C)(=O)=O)cc2)C(c2ccc(F)cc2)=N1,train
CHEMBL3322396,CHEMBL230,5.15,2014.0,5.15,CS(=O)(=O)c1ccc(N2CCN=C2c2ccc(Cl)cc2)cc1,train
CHEMBL3322397,CHEMBL230,5.17,2014.0,5.17,CS(=O)(=O)c1ccc(N2CCN=C2c2cccc(Br)c2)cc1,train
CHEMBL3322398,CHEMBL230,5.0,2014.0,5.0,CC1CN(c2ccc(S(C)(=O)=O)cc2)C(c2cccc(Br)c2)=N1,train
CHEMBL3322399,CHEMBL230,5.0,2014.0,5.0,CS(=O)(=O)c1ccc(N2CCN=C2c2cccc(F)c2)cc1,train
CHEMBL3322400,CHEMBL230,5.09,2014.0,5.09,CS(=O)(=O)c1ccc(N2CCN=C2c2cccc(Cl)c2)cc1,train
CHEMBL3322401,CHEMBL230,5.0,2014.0,5.0,Cc1cccc(C2=NCCN2c2ccc(S(C)(=O)=O)cc2)c1,train
CHEMBL3322402,CHEMBL230,5.0,2014.0,5.0,COc1ccc(C2=NCCN2c2ccc(S(C)(=O)=O)cc2)cc1F,train
CHEMBL3322403,CHEMBL230,5.0,2014.0,5.0,COc1cc(C2=NCCN2c2ccc(S(C)(=O)=O)cc2)ccc1F,train
CHEMBL3322404,CHEMBL230,5.0,2014.0,5.0,COc1ccc(C2=NCCN2c2ccc(S(C)(=O)=O)cc2)cc1Cl,train
CHEMBL3322405,CHEMBL230,5.0,2014.0,5.0,CS(=O)(=O)c1ccc(N2CCN=C2c2ccc(F)c(F)c2)cc1,train
CHEMBL3322406,CHEMBL230,5.68,2014.0,5.68,CS(=O)(=O)c1ccc(N2CCN=C2c2ccc(Cl)c(Cl)c2)cc1,train
CHEMBL3322407,CHEMBL230,5.44,2014.0,5.44,CS(=O)(=O)c1ccc(N2CCN=C2c2ccc(Cl)c(C(F)(F)F)c2)cc1,train
CHEMBL3322408,CHEMBL230,5.16,2014.0,5.16,NS(=O)(=O)c1ccc(N2CCN=C2c2ccc(F)cc2)cc1,train
CHEMBL3322409,CHEMBL230,5.0,2014.0,5.0,CC1CN(c2ccc(S(N)(=O)=O)cc2)C(c2ccc(F)cc2)=N1,train
CHEMBL3322410,CHEMBL230,5.47,2014.0,5.47,NS(=O)(=O)c1ccc(N2CCN=C2c2ccc(Cl)cc2)cc1,train
CHEMBL3322411,CHEMBL230,5.0,2014.0,5.0,CC1CN(c2ccc(S(N)(=O)=O)cc2)C(c2ccc(Cl)cc2)=N1,train
CHEMBL3322412,CHEMBL230,5.54,2014.0,5.54,NS(=O)(=O)c1ccc(N2CCN=C2c2cccc(Br)c2)cc1,train
CHEMBL3322413,CHEMBL230,5.0,2014.0,5.0,CC1CN(c2ccc(S(N)(=O)=O)cc2)C(c2cccc(Br)c2)=N1,train
CHEMBL3322414,CHEMBL230,5.14,2014.0,5.14,NS(=O)(=O)c1ccc(N2CCN=C2c2cccc(F)c2)cc1,train
CHEMBL3322415,CHEMBL230,5.6,2014.0,5.6,NS(=O)(=O)c1ccc(N2CCN=C2c2cccc(Cl)c2)cc1,train
CHEMBL3322416,CHEMBL230,5.0,2014.0,5.0,Cc1cccc(C2=NCCN2c2ccc(S(N)(=O)=O)cc2)c1,train
CHEMBL3322417,CHEMBL230,5.02,2014.0,5.02,COc1ccc(C2=NCCN2c2ccc(S(N)(=O)=O)cc2)cc1F,train
CHEMBL3322418,CHEMBL230,5.0,2014.0,5.0,COc1cc(C2=NCCN2c2ccc(S(N)(=O)=O)cc2)ccc1F,train
CHEMBL3322419,CHEMBL230,5.21,2014.0,5.21,COc1ccc(C2=NCCN2c2ccc(S(N)(=O)=O)cc2)cc1Cl,train
CHEMBL3322420,CHEMBL230,5.17,2014.0,5.17,NS(=O)(=O)c1ccc(N2CCN=C2c2ccc(F)c(F)c2)cc1,train
CHEMBL3322421,CHEMBL230,6.52,2014.0,6.52,NS(=O)(=O)c1ccc(N2CCN=C2c2ccc(Cl)c(Cl)c2)cc1,train
CHEMBL3322422,CHEMBL230,5.75,2014.0,5.75,NS(=O)(=O)c1ccc(N2CCN=C2c2ccc(Cl)c(C(F)(F)F)c2)cc1,train
CHEMBL332251,CHEMBL230,8.52,2003.0,8.52,Cc1ccc(-c2c(Cl)ncn2-c2ccc(S(N)(=O)=O)cc2)cc1,val
CHEMBL3323320,CHEMBL230,4.0,2016.0,4.0,CC(C)(C)C1=NN(c2ccc(C(=O)O)cc2)C(c2ccc(O)cc2)C1,train
CHEMBL3325729,CHEMBL230,6.32,2022.0,6.32,Cc1nn(-c2ccccc2)c(N2CCN(C)CC2)c1/C=N/Nc1nc2ccccc2nc1O,test
CHEMBL3325733,CHEMBL230,6.4,2022.0,6.4,Cc1nn(-c2ccccc2)c(N(C)C)c1/C=N/Nc1nc2ccccc2nc1O,train
CHEMBL3325870,CHEMBL230,4.5,2022.0,4.5,Cc1nn(-c2ccccc2)c(Cl)c1/C=N/Nc1nc2ccccc2[nH]c1=O,train
CHEMBL3325872,CHEMBL230,6.3,2022.0,6.3,Cc1nn(-c2ccccc2)c(N2CCOCC2)c1/C=N/Nc1nc2ccccc2nc1O,train
CHEMBL3325873,CHEMBL230,4.66,2022.0,4.66,Cc1nn(-c2ccccc2)c(N2CCCCC2)c1/C=N/Nc1nc2ccccc2nc1O,train
CHEMBL3325874,CHEMBL230,4.8,2022.0,4.8,Cc1nn(-c2ccccc2)c(N2CCNCC2)c1/C=N/Nc1nc2ccccc2nc1O,test
CHEMBL3325875,CHEMBL230,6.34,2022.0,6.34,CC(=O)N1CCN(c2c(/C=N/Nc3nc4ccccc4nc3O)c(C)nn2-c2ccccc2)CC1,test
CHEMBL332725,CHEMBL230,7.6,2003.0,7.6,CCOc1ccc(-c2c(Cl)ncn2-c2ccc(S(C)(=O)=O)cc2)cc1F,val
CHEMBL332937,CHEMBL230,7.42,1998.0,7.42,CC(C)(C)c1cc(C(=O)c2cccs2)cc2c1OCC2(C)C,train
CHEMBL333084,CHEMBL230,5.0,2003.0,5.0,CC(C)Oc1ccc(-c2c(Cl)ncn2-c2ccc(S(C)(=O)=O)cc2)cc1,val
CHEMBL3331343,CHEMBL230,5.82,2014.0,5.82,CC(C)Cc1ccc(C(C)C(=O)OCc2c(C(C)C)c(=O)n(-c3ccccc3)n2C)cc1,train
CHEMBL3331465,CHEMBL230,5.0,2014.0,5.0,CC(C)c1c(COC(=O)Cc2ccccc2Nc2c(Cl)cccc2Cl)n(C)n(-c2ccccc2)c1=O,train
CHEMBL3331466,CHEMBL230,6.53,2014.0,6.53,CC(C)c1c(COC(=O)C(C)c2cccc(C(=O)c3ccccc3)c2)n(C)n(-c2ccccc2)c1=O,train
CHEMBL333170,CHEMBL230,5.0,2003.0,5.0,CCc1ncn(-c2ccc(S(C)(=O)=O)cc2)c1-c1ccc(F)cc1,val
CHEMBL333505,CHEMBL230,6.0,2003.0,6.0,CCN(CC)c1ccncc1-c1c(Cl)ncn1-c1ccc(S(C)(=O)=O)cc1,train
CHEMBL333651,CHEMBL230,7.96,2003.0,7.96,COc1ccc(-c2c(Cl)ncn2-c2ccc(S(C)(=O)=O)cc2)cc1,val
CHEMBL333755,CHEMBL230,5.0,2003.0,5.0,CS(=O)(=O)c1ccc(-c2c(Cl)nc(Cl)n2-c2ccc(F)cc2)cc1,val
CHEMBL3342568,CHEMBL230,6.72,2014.0,6.72,Cc1cc2c(c(C)c1Br)C=C(C(=O)O)C(C(F)(F)F)O2,train
CHEMBL3342569,CHEMBL230,7.16,2014.0,7.16,Cc1c(Br)c(C)c2c(c1Br)OC(C(F)(F)F)C(C(=O)O)=C2,train
CHEMBL3342570,CHEMBL230,7.55,2014.0,7.55,Cc1cc(Br)cc2c1OC(C(F)(F)F)C(C(=O)O)=C2,train
CHEMBL3342574,CHEMBL230,7.85,2014.0,7.85,[3H]C([3H])([3H])c1cc(Br)cc2c1O[C@H](C(F)(F)F)C(C(=O)O)=C2,train
CHEMBL3355602,CHEMBL230,7.27,2014.0,7.27,[2H]C([2H])([2H])c1cc2c(c(C([2H])([2H])[2H])c1Cl)C=C(C(=O)O)C(C(F)(F)F)O2,train
CHEMBL3355603,CHEMBL230,7.37,2014.0,7.37,[2H]C([2H])([2H])c1cc2c(c(C([2H])([2H])[2H])c1Br)C=C(C(=O)O)C(C(F)(F)F)O2,train
CHEMBL3355604,CHEMBL230,7.08,2014.0,7.08,[2H]C([2H])([2H])c1c(Br)c2c(c(C([2H])([2H])[2H])c1Br)C=C(C(=O)O)C(C(F)(F)F)O2,train
CHEMBL3355605,CHEMBL230,5.0,2014.0,5.0,[2H]C([2H])([2H])c1ccc2c(c1)C=C(C(=O)O)C(C(F)(F)F)O2,train
CHEMBL3355606,CHEMBL230,7.2,2014.0,7.2,[2H]C([2H])([2H])c1cc(Cl)c2c(c1)C=C(C(=O)O)C(C(F)(F)F)O2,train
CHEMBL3355607,CHEMBL230,6.82,2014.0,6.82,[2H]C([2H])([2H])c1cc2c(c(C([2H])([2H])[2H])c1)OC(C(F)(F)F)C(C(=O)O)=C2,train
CHEMBL3355608,CHEMBL230,7.23,2014.0,7.23,[2H]C([2H])([2H])c1cc(Cl)cc2c1OC(C(F)(F)F)C(C(=O)O)=C2,train
CHEMBL3355609,CHEMBL230,7.41,2014.0,7.41,[2H]C([2H])([2H])c1cc(Br)cc2c1OC(C(F)(F)F)C(C(=O)O)=C2,train
CHEMBL3355610,CHEMBL230,7.21,2014.0,7.21,[2H]C([2H])([2H])C([2H])([2H])c1cc(OC(F)(F)F)cc2c1OC(C(F)(F)F)C(C(=O)O)=C2,train
CHEMBL3355611,CHEMBL230,7.8,2014.0,7.8,[2H]C([2H])([2H])c1cc2c(c(C([2H])([2H])[2H])c1Cl)C=C(C(=O)O)[C@@H](C(F)(F)F)O2,train
CHEMBL3355612,CHEMBL230,8.05,2014.0,8.05,[2H]C([2H])([2H])c1cc2c(c(C([2H])([2H])[2H])c1Br)C=C(C(=O)O)[C@@H](C(F)(F)F)O2,train
CHEMBL3355613,CHEMBL230,7.7,2014.0,7.7,[2H]C([2H])([2H])c1cc(Cl)cc2c1O[C@H](C(F)(F)F)C(C(=O)O)=C2,train
CHEMBL3357095,CHEMBL230,5.301029995663981,2014.0,5.301029995663981,O=C1OCC(c2ccccc2)=C1c1ccc(F)cc1,train
CHEMBL3357099,CHEMBL230,5.301029995663981,2014.0,5.301029995663981,Cc1ccc(C2=C(c3ccc(F)cc3)C(=O)OC2)cc1,train
CHEMBL3357103,CHEMBL230,4.951544993495972,2014.0,4.951544993495972,COc1ccc(C2=C(c3cccc(F)c3)C(=O)OC2)cc1,train
CHEMBL3357104,CHEMBL230,5.301029995663981,2014.0,5.301029995663981,COc1ccc(C2=C(c3ccc(F)cc3)C(=O)OC2)cc1,train
CHEMBL3357106,CHEMBL230,5.301029995663981,2014.0,5.301029995663981,COc1ccc(C2=C(c3ccc(I)cc3)C(=O)OC2)cc1,train
CHEMBL3357954,CHEMBL230,4.42,2014.0,4.42,CN(C)c1ccc(/C=C/C(=O)C2CCc3ccccc3C2=O)c([N+](=O)[O-])c1,train
CHEMBL3359443,CHEMBL230,5.76,2020.0,5.76,O=C(NCCc1c[nH]c2ccc(O)cc12)c1ccccc1O,train
CHEMBL3359450,CHEMBL230,5.16,2014.0,5.16,CC(C(=O)NCCc1c[nH]c2ccc(O)cc12)c1cccc(Oc2ccccc2)c1,train
CHEMBL3359451,CHEMBL230,4.75,2014.0,4.75,COc1ccc2cc([C@H](C)C(=O)NCCc3c[nH]c4ccc(O)cc34)ccc2c1,train
CHEMBL3359452,CHEMBL230,5.0,2014.0,5.0,CC(C)Cc1ccc(C(C)C(=O)NCCc2c[nH]c3ccc(O)cc23)cc1,test
CHEMBL3359453,CHEMBL230,5.1,2014.0,5.1,CC(C(=O)NCCc1c[nH]c2ccc(O)cc12)c1ccc(-c2ccccc2)c(F)c1,val
CHEMBL336011,CHEMBL230,5.54,1995.0,5.54,NS(=O)(=O)c1ccc(C2=C(c3cc(F)c(F)c(F)c3)CCC2)cc1,test
CHEMBL338097,CHEMBL230,4.87,2003.0,4.87,COc1ccc(-c2cc(C(F)(F)F)nn2-c2ccc(S(N)(=O)=O)c(F)c2)cc1,train
CHEMBL338105,CHEMBL230,4.11,1994.0,4.11,CS(=O)(=O)c1ccc(C2=C(c3ccc(C#N)cc3)CCC2)cc1,test
CHEMBL338126,CHEMBL230,4.04,1995.0,4.04,CS(=O)(=O)c1ccc(-c2[nH]c(S(C)(=O)=O)cc2-c2ccc(F)cc2)cc1,test
CHEMBL338347,CHEMBL230,5.83,2004.0,5.83,Cc1cc(=O)c(Oc2ccc(N)cc2)c(-c2ccc(S(C)(=O)=O)cc2)o1,train
CHEMBL338371,CHEMBL230,5.0,2004.0,5.0,Cc1cc(=O)c(-c2ccc3c(c2)CCCC3)c(-c2ccc(S(C)(=O)=O)cc2)o1,val
CHEMBL338457,CHEMBL230,6.51,2004.0,6.51,Cc1cc(=O)c(Oc2ccc(Br)cc2Cl)c(-c2ccc(S(C)(=O)=O)cc2)o1,train
CHEMBL338705,CHEMBL230,5.97,2004.0,5.97,Cc1cc(=O)c(-c2ccc(F)cc2)c(-c2ccc(S(C)(=O)=O)cc2)o1,test
CHEMBL338914,CHEMBL230,4.16,1995.0,4.16,CS(=O)(=O)c1ccc(-c2[nH]c(Cl)c(Cl)c2-c2ccc(F)cc2)cc1,test
CHEMBL338927,CHEMBL230,5.76,2004.0,5.76,Cc1cc(=O)c(-c2ccc(Br)cc2)c(-c2ccc(S(C)(=O)=O)cc2)o1,test
CHEMBL339150,CHEMBL230,5.16,2004.0,5.16,Cc1cc(=O)c(-c2ccccc2)c(-c2ccc(S(N)(=O)=O)cc2)o1,test
CHEMBL339221,CHEMBL230,4.06,1995.0,4.06,CS(=O)(=O)c1ccc(-c2[nH]c(Cl)c(Br)c2-c2ccc(F)cc2)cc1,test
CHEMBL339222,CHEMBL230,3.5228787452803374,1995.0,3.5228787452803374,CC(C)(C)OC(=O)n1c(Br)cc(-c2ccc(F)cc2)c1-c1ccc(S(C)(=O)=O)cc1,test
CHEMBL339258,CHEMBL230,5.61,2004.0,5.61,Cc1cc(=O)c(Oc2ccc(C(F)(F)F)cc2)c(-c2ccc(S(C)(=O)=O)cc2)o1,train
CHEMBL339301,CHEMBL230,4.9,1995.0,4.9,CS(=O)(=O)c1ccc(-c2[nH]ccc2-c2ccc(F)cc2)cc1,test
CHEMBL339355,CHEMBL230,5.0,2004.0,5.0,COC(=O)c1ccc(Oc2c(-c3ccc(S(C)(=O)=O)cc3)oc(C)cc2=O)cc1,train
CHEMBL339587,CHEMBL2094253,4.36,1993.0,4.36,O=C(/C=C/c1ccc(O)c(O)c1)c1ccccc1O,train
CHEMBL3397710,CHEMBL230,5.0,2015.0,5.0,CCCC/C(=C\c1cc(OCc2ccccc2)ccc1OCc1ccc(C(F)(F)F)cc1)C(=O)O,train
CHEMBL3397711,CHEMBL230,5.0,2015.0,5.0,CCCC/C(=C\c1cc(OC/C=C/c2ccccc2)ccc1OCc1ccc(C(F)(F)F)cc1)C(=O)O,test
CHEMBL3397715,CHEMBL230,5.0,2015.0,5.0,CCCC/C(=C\c1cc(OCc2ccc(F)cc2)ccc1OCc1ccc(C(F)(F)F)cc1)C(=O)O,train
CHEMBL3397716,CHEMBL230,5.0,2015.0,5.0,CCCC/C(=C\c1cc(OCc2ccc(Cl)c(Cl)c2)ccc1OCc1ccc(C(F)(F)F)cc1)C(=O)O,train
CHEMBL3397717,CHEMBL230,5.0,2015.0,5.0,CCCC/C(=C\c1cc(OCc2cc(C(F)(F)F)cc(C(F)(F)F)c2)ccc1OCc1ccc(C(F)(F)F)cc1)C(=O)O,train
CHEMBL3397719,CHEMBL230,5.0,2015.0,5.0,CCCC/C(=C\c1cc(OCc2cc3ccccc3s2)ccc1OCc1ccc(C(F)(F)F)cc1)C(=O)O,val
CHEMBL3397720,CHEMBL230,5.0,2015.0,5.0,CCCC/C(=C\c1cc(OCc2csc(-c3ccc(C(F)(F)F)cc3)n2)ccc1OCc1ccc(C(F)(F)F)cc1)C(=O)O,train
CHEMBL3397721,CHEMBL230,5.0,2015.0,5.0,CCCC/C(=C\c1cc(OCc2ccc3nc(C(F)(F)F)cc(OC)c3c2)ccc1OCc1ccc(C(F)(F)F)cc1)C(=O)O,val
CHEMBL3397723,CHEMBL230,5.0,2015.0,5.0,CCCC/C(=C\c1cc(OCc2ccc(Oc3ccccn3)cc2)ccc1OCc1ccc(C(F)(F)F)cc1)C(=O)O,train
CHEMBL3397724,CHEMBL230,5.0,2015.0,5.0,CCCC/C(=C\c1cc(OCc2ccc(OCCN3CCOCC3)cc2)ccc1OCc1ccc(C(F)(F)F)cc1)C(=O)O,val
CHEMBL3397726,CHEMBL230,5.0,2015.0,5.0,CCCC/C(=C\c1cc(OCC(c2ccccc2)c2ccccc2)ccc1OCc1ccc(C(F)(F)F)cc1)C(=O)O,train
CHEMBL3397727,CHEMBL230,5.0,2015.0,5.0,CCCC/C(=C\c1cc(OCC2CCC(C(F)(F)F)CC2)ccc1OCc1ccc(C(F)(F)F)cc1)C(=O)O,train
CHEMBL3397728,CHEMBL230,5.0,2015.0,5.0,CCCC/C(=C\c1cc(OCCc2ccc(C(F)(F)F)cc2)ccc1OCc1ccc(C(F)(F)F)cc1)C(=O)O,train
CHEMBL339798,CHEMBL230,7.47,2003.0,7.47,CSc1ccc(-c2cc(C(F)(F)F)nn2-c2ccc(S(N)(=O)=O)cc2F)cc1,train
CHEMBL339817,CHEMBL230,5.59,2004.0,5.59,Cc1cc(=O)c(-c2ccc3ccccc3c2)c(-c2ccc(S(C)(=O)=O)cc2)o1,test
CHEMBL339890,CHEMBL230,4.2,1995.0,4.2,CS(=O)(=O)c1ccc(-c2[nH]c([N+](=O)[O-])cc2-c2ccc(F)cc2)cc1,test
CHEMBL3400658,CHEMBL230,4.301029995663981,2015.0,4.301029995663981,CC(=O)O[C@@H]1[C@@H](C)[C@@]2(O)[C@@H](C=C(CO)C[C@]3(O)C(=O)C(C)=C[C@@H]23)[C@@H]2C(C)(C)[C@]12OC(=O)C(C)C,val
CHEMBL3400659,CHEMBL230,5.07,2015.0,5.07,CCC(C)C(=O)O[C@@]12[C@H](OC(=O)c3ccccc3)[C@@H](C)[C@@]3(O)[C@@H](C=C(CO)C[C@]4(O)C(=O)C(C)=C[C@@H]34)[C@@H]1C2(C)C,train
CHEMBL3400660,CHEMBL230,4.301029995663981,2015.0,4.301029995663981,C/C=C(\C)C(=O)O[C@@H]1[C@@H](C)[C@@]2(O)[C@@H](C(=O)C(CO)=C[C@]3(O)C(=O)C(C)=C[C@@H]23)[C@@H]2C(C)(C)[C@]12OC(=O)C(C)CC,train
CHEMBL3400661,CHEMBL230,4.301029995663981,2015.0,4.301029995663981,CCC(C)C(=O)O[C@@]12[C@H](O)[C@@H](C)[C@]3(O)[C@@H]4C=C(C)C(=O)[C@@H]4CC(CO)=C[C@H]3[C@@H]1C2(C)C,val
CHEMBL3400662,CHEMBL230,4.301029995663981,2015.0,4.301029995663981,CCC(C)C(=O)O[C@@]12[C@H](OC(C)=O)[C@@H](C)[C@@]3(O)[C@@H](C(=O)C(CO)=C[C@]4(O)C(=O)C(C)=C[C@@H]34)[C@@H]1C2(C)C,train
CHEMBL340101,CHEMBL230,5.0,2004.0,5.0,Cc1cc(=O)c(-c2ccc(F)cc2)c(-c2ccc(S(N)(=O)=O)cc2)o1,test
CHEMBL3402317,CHEMBL230,4.61,2015.0,4.61,COc1ccc2cc(C(C)c3nc4s/c(=C\C(C)=C\c5ccccc5)c(=O)n4n3)ccc2c1,test
CHEMBL3402318,CHEMBL230,4.0,2015.0,4.0,COc1ccc2cc(C(C)c3nc4s/c(=C\c5ccc(C(C)C)cc5)c(=O)n4n3)ccc2c1,train
CHEMBL3402325,CHEMBL230,4.0,2015.0,4.0,COc1ccc2cc(C(C)c3nc4s/c(=C\c5ccc(-c6ccccc6)cc5)c(=O)n4n3)ccc2c1,train
CHEMBL3402326,CHEMBL230,4.17,2015.0,4.17,COc1ccc2cc(C(C)c3nc4s/c(=C\c5cccc6ccccc56)c(=O)n4n3)ccc2c1,train
CHEMBL3402332,CHEMBL230,4.69,2015.0,4.69,COc1ccc2cc(C(C)c3nc4s/c(=C\c5ccc(C)s5)c(=O)n4n3)ccc2c1,train
CHEMBL3402334,CHEMBL230,4.76,2015.0,4.76,COc1ccc2cc(C(C)c3nc4s/c(=C\c5ccc(Br)s5)c(=O)n4n3)ccc2c1,train
CHEMBL3402594,CHEMBL230,5.16,2015.0,5.16,Cc1c(CC(=O)NC(C)C)cc(-c2ccc(S(C)(=O)=O)cc2)n1-c1cccc(F)c1,train
CHEMBL3402595,CHEMBL230,5.31,2015.0,5.31,Cc1c(CC(=O)NC(C)C)cc(-c2ccc(S(C)(=O)=O)cc2)n1-c1ccc(F)cc1,train
CHEMBL3402596,CHEMBL230,6.04,2015.0,6.04,CCOC(=O)Cc1cc(-c2ccc(S(N)(=O)=O)cc2)n(-c2cccc(F)c2)c1C,train
CHEMBL3402597,CHEMBL230,5.97,2015.0,5.97,CCOC(=O)Cc1cc(-c2ccc(S(N)(=O)=O)cc2)n(-c2ccc(F)cc2)c1C,train
CHEMBL3402600,CHEMBL230,5.24,2015.0,5.24,CCCNC(=O)Cc1cc(-c2ccc(S(N)(=O)=O)cc2)n(-c2cccc(F)c2)c1C,train
CHEMBL340458,CHEMBL230,5.65,1994.0,5.65,CS(=O)(=O)c1ccc(C2=C(c3ccccc3)CCC2)cc1,test
CHEMBL340573,CHEMBL230,8.52,1994.0,8.52,CS(=O)(=O)c1ccc(C2=C(c3ccc(Cl)cc3)CCC2)cc1,test
CHEMBL340717,CHEMBL230,4.38,1995.0,4.38,CS(=O)(=O)c1ccc(-c2[nH]c(Cl)cc2-c2ccc(F)cc2)cc1,test
CHEMBL3410338,CHEMBL230,5.08,2015.0,5.08,NS(=O)(=O)c1ccc(N2N=C3c4ccccc4CCC3C2c2ccccc2)cc1,train
CHEMBL3410339,CHEMBL230,5.48,2015.0,5.48,Cc1ccccc1C1C2CCc3ccccc3C2=NN1c1ccc(S(N)(=O)=O)cc1,train
CHEMBL3410340,CHEMBL230,5.61,2015.0,5.61,Cc1cccc(C2C3CCc4ccccc4C3=NN2c2ccc(S(N)(=O)=O)cc2)c1,train
CHEMBL3410341,CHEMBL230,5.67,2015.0,5.67,Cc1ccc(C2C3CCc4ccccc4C3=NN2c2ccc(S(N)(=O)=O)cc2)cc1,train
CHEMBL3410342,CHEMBL230,5.58,2015.0,5.58,COc1ccccc1C1C2CCc3ccccc3C2=NN1c1ccc(S(N)(=O)=O)cc1,train
CHEMBL3410343,CHEMBL230,5.95,2015.0,5.95,COc1cccc(C2C3CCc4ccccc4C3=NN2c2ccc(S(N)(=O)=O)cc2)c1,train
CHEMBL3410344,CHEMBL230,4.92,2015.0,4.92,NS(=O)(=O)c1ccc(N2N=C3c4ccccc4CCC3C2c2ccccc2F)cc1,train
CHEMBL3410345,CHEMBL230,5.32,2015.0,5.32,NS(=O)(=O)c1ccc(N2N=C3c4ccccc4CCC3C2c2cccc(F)c2)cc1,train
CHEMBL3410346,CHEMBL230,4.82,2015.0,4.82,NS(=O)(=O)c1ccc(N2N=C3c4ccccc4CCC3C2c2ccc(F)cc2)cc1,train
CHEMBL3410347,CHEMBL230,5.31,2015.0,5.31,NS(=O)(=O)c1ccc(N2N=C3c4ccccc4CCC3C2c2ccccc2Cl)cc1,train
CHEMBL3410348,CHEMBL230,4.9,2015.0,4.9,NS(=O)(=O)c1ccc(N2N=C3c4ccccc4CCC3C2c2ccccc2Br)cc1,train
CHEMBL3410349,CHEMBL230,5.46,2015.0,5.46,NS(=O)(=O)c1ccc(N2N=C3c4ccccc4CCC3C2c2cccc(Br)c2)cc1,train
CHEMBL3410350,CHEMBL230,4.58,2015.0,4.58,NS(=O)(=O)c1ccc(N2N=C3c4ccccc4CCC3C2c2ccc(Br)cc2)cc1,train
CHEMBL3410351,CHEMBL230,5.75,2015.0,5.75,NS(=O)(=O)c1ccc(N2N=C3c4ccccc4CCC3C2c2cccc(O)c2)cc1,train
CHEMBL3410352,CHEMBL230,4.74,2015.0,4.74,NS(=O)(=O)c1ccc(N2N=C3c4ccccc4CCC3C2c2ccc(C(F)(F)F)cc2)cc1,train
CHEMBL3410353,CHEMBL230,4.49,2015.0,4.49,NS(=O)(=O)c1ccc(N2N=C3c4ccccc4CCC3C2c2ccc(Cl)cc2Cl)cc1,train
CHEMBL3410354,CHEMBL230,5.44,2015.0,5.44,NS(=O)(=O)c1ccc(N2N=C3c4ccccc4CCC3C2c2c(F)cccc2Cl)cc1,train
CHEMBL3410355,CHEMBL230,6.34,2015.0,6.34,Cc1ccccc1C1C2COc3ccccc3C2=NN1c1ccc(S(N)(=O)=O)cc1,test
CHEMBL3410356,CHEMBL230,6.48,2015.0,6.48,COc1ccccc1C1C2COc3ccccc3C2=NN1c1ccc(S(N)(=O)=O)cc1,test
CHEMBL3410357,CHEMBL230,5.99,2015.0,5.99,COc1ccc(C2C3COc4ccccc4C3=NN2c2ccc(S(N)(=O)=O)cc2)cc1,test
CHEMBL3410358,CHEMBL230,5.14,2015.0,5.14,NS(=O)(=O)c1ccc(N2N=C3c4ccccc4OCC3C2c2ccccc2F)cc1,test
CHEMBL3410359,CHEMBL230,5.64,2015.0,5.64,NS(=O)(=O)c1ccc(N2N=C3c4ccccc4OCC3C2c2ccccc2Cl)cc1,test
CHEMBL3410360,CHEMBL230,5.08,2015.0,5.08,NS(=O)(=O)c1ccc(N2N=C3c4ccccc4OCC3C2c2ccc(Cl)cc2)cc1,test
CHEMBL3410361,CHEMBL230,5.9,2015.0,5.9,NS(=O)(=O)c1ccc(N2N=C3c4ccccc4OCC3C2c2ccccc2Br)cc1,test
CHEMBL3410362,CHEMBL230,5.16,2015.0,5.16,NS(=O)(=O)c1ccc(N2N=C3c4ccccc4OCC3C2c2ccc(Br)cc2)cc1,test
CHEMBL3410363,CHEMBL230,5.56,2015.0,5.56,NS(=O)(=O)c1ccc(N2N=C3c4ccccc4OCC3C2c2ccc(Cl)cc2Cl)cc1,test
CHEMBL3410364,CHEMBL230,4.79,2015.0,4.79,NS(=O)(=O)c1ccc(N2N=C3c4ccccc4OCC3C2c2c(F)cccc2Cl)cc1,test
CHEMBL341298,CHEMBL230,4.46,1995.0,4.46,CSc1cc(-c2ccc(F)cc2)c(-c2ccc(S(C)(=O)=O)cc2)[nH]1,test
CHEMBL341320,CHEMBL230,7.22,2004.0,7.22,Cc1ccc(Oc2c(-c3ccc(S(C)(=O)=O)cc3)oc(C)cc2=O)c(F)c1,train
CHEMBL342317,CHEMBL230,3.6989700043360187,1998.0,3.6989700043360187,CCSc1ccccc1OC(C)=O,train
CHEMBL342538,CHEMBL230,7.0,1995.0,7.0,CCc1ccc(Sc2cc3c(cc2NS(C)(=O)=O)CCC3=O)cc1,train
CHEMBL3425978,CHEMBL230,5.6,2015.0,5.6,CCO[C@@]1(c2ccc(O)c(O)c2)Oc2ccc(CCO)cc2O[C@@H]1O,test
CHEMBL3425979,CHEMBL230,5.22,2015.0,5.22,CCOC1(c2ccc(O)c(O)c2)Oc2ccc(CCO)cc2OC1O,test
CHEMBL3425980,CHEMBL230,5.08,2015.0,5.08,CO[C@@]1(c2ccc(O)c(O)c2)Oc2ccc(CCO)cc2O[C@@H]1O,test
CHEMBL3425981,CHEMBL230,5.22,2015.0,5.22,CO[C@]1(c2ccc(O)c(O)c2)Oc2ccc(CCO)cc2O[C@H]1O,test
CHEMBL3425982,CHEMBL230,4.86,2015.0,4.86,CCO[C@@]1(c2ccc(O)c(O)c2)Oc2cc(CCO)ccc2O[C@@H]1O,test
CHEMBL3425983,CHEMBL230,5.07,2015.0,5.07,CCO[C@]1(c2ccc(O)c(O)c2)Oc2cc(CCO)ccc2O[C@H]1O,test
CHEMBL3425984,CHEMBL230,4.75,2015.0,4.75,CO[C@@]1(c2ccc(O)c(O)c2)Oc2cc(CCO)ccc2O[C@@H]1O,test
CHEMBL3425985,CHEMBL230,5.01,2015.0,5.01,CO[C@]1(c2ccc(O)c(O)c2)Oc2cc(CCO)ccc2O[C@H]1O,test
CHEMBL3425986,CHEMBL230,5.58,2015.0,5.58,CC(=O)NCCc1ccc2c(c1)O[C@H](NC(C)=O)[C@@H](c1ccc(O)c(O)c1)O2,test
CHEMBL3425987,CHEMBL230,5.44,2015.0,5.44,CC(=O)NCCc1ccc2c(c1)O[C@H](c1ccc(O)c(O)c1)[C@@H](NC(C)=O)O2,test
CHEMBL3425988,CHEMBL230,5.89,2015.0,5.89,CC(=O)N[C@H]1Oc2cc(CCO)ccc2O[C@@H]1c1ccc(O)c(O)c1,test
CHEMBL3425989,CHEMBL230,5.6,2015.0,5.6,CC(=O)N[C@H]1Oc2ccc(CCO)cc2O[C@@H]1c1ccc(O)c(O)c1,test
CHEMBL3425990,CHEMBL230,5.57,2015.0,5.57,CC(=O)/N=C/Cc1ccc2c(c1)O[C@H](c1ccc(O)c(O)c1)[C@@H](NC(C)=O)O2,test
CHEMBL3427203,CHEMBL230,5.5,2015.0,5.5,COc1ccc(-c2nc(OC)nn2-c2ccc(OC)cc2)cc1,val
CHEMBL342770,CHEMBL230,6.14,2004.0,6.14,Cc1cccc(-c2cc(C(F)(F)F)nn2-c2ccc(S(N)(=O)=O)c(CO)c2)c1,train
CHEMBL342799,CHEMBL230,4.92,1998.0,4.92,CCCCCCC[Se]c1ccccc1OC(C)=O,train
CHEMBL343198,CHEMBL230,5.0,1995.0,5.0,CS(=O)(=O)Nc1cc2c(cc1Sc1cccc(F)c1)C(=O)CC2,train
CHEMBL343853,CHEMBL230,6.698970004336019,1995.0,6.698970004336019,CS(=O)(=O)Nc1cc2c(cc1Cc1ccc(F)cc1F)C(=O)CC2,train
CHEMBL343865,CHEMBL230,5.2,2002.0,5.2,Cc1ccc(Cl)c(Nc2ccccc2C(=O)NNCc2ccccc2)c1Cl,train
CHEMBL343889,CHEMBL230,5.0,1995.0,5.0,CC(=O)Nc1cc2c(cc1Sc1ccc(F)cc1F)C(=O)CC2,train
CHEMBL343912,CHEMBL230,5.2,2004.0,5.2,NS(=O)(=O)c1ccc(-n2nc(C(F)(F)F)cc2-c2ccccc2Cl)cc1CO,train
CHEMBL344089,CHEMBL230,4.3979400086720375,1998.0,4.3979400086720375,CCCCC#CCSc1ccccc1OC(=O)CN,train
CHEMBL344351,CHEMBL230,6.0,1995.0,6.0,CS(=O)(=O)Nc1cc2c(cc1Sc1ccncc1)C(=O)CC2,test
CHEMBL344540,CHEMBL230,5.55,2004.0,5.55,COc1ccc(-c2cc(C(F)(F)F)nn2-c2ccc(S(N)(=O)=O)c(CNC(C)=O)c2)cc1,train
CHEMBL344959,CHEMBL230,7.3,1995.0,7.3,CS(=O)(=O)Nc1cc2c(cc1OC1CCCCC1)C(=O)CC2,train
CHEMBL344960,CHEMBL230,4.301029995663981,1998.0,4.301029995663981,CC(=O)Oc1ccccc1SCCCCC(=O)O,train
CHEMBL345018,CHEMBL230,6.1,1998.0,6.1,CCCCC#CCSc1ccccc1OC(C)=O,train
CHEMBL345108,CHEMBL230,6.26,2004.0,6.26,Cc1nn(-c2ccccc2)c2c1c(O)nc1ccc([N+](=O)[O-])cc12,test
CHEMBL345333,CHEMBL230,5.301029995663981,1997.0,5.301029995663981,CS(=O)(=O)c1ccc(-c2c(-c3ccccc3)nc3scc(C(=O)O)n23)cc1,train
CHEMBL345620,CHEMBL230,6.85,2002.0,6.85,CCc1ccc(-c2nc(C)oc2-c2ccc(S(C)(=O)=O)cc2)s1,train
CHEMBL346094,CHEMBL230,4.522878745280337,1997.0,4.522878745280337,CS(=O)(=O)c1ccc(-c2c(-c3ccccc3)sc3ncnn23)cc1,train
CHEMBL346258,CHEMBL230,5.0,2000.0,5.0,COc1ccc(C(=O)NNc2ccccc2)cc1,train
CHEMBL346288,CHEMBL230,3.350000000000468,1997.0,3.350000000000468,CS(=O)(=O)c1ccc(-c2sc3nncn3c2-c2ccccc2)cc1,val
CHEMBL346470,CHEMBL230,6.48,2000.0,6.48,O=C(NNc1ccccc1)c1ccc(Cl)cc1,train
CHEMBL346697,CHEMBL230,5.62,2000.0,5.62,COc1ccc(-n2nc(-c3ccc(Cl)cc3)c3c2CCC(N(O)C(C)=O)C3)cc1,train
CHEMBL346743,CHEMBL230,5.63,2003.0,5.63,CS(=O)(=O)c1ccc(-c2cnn(CC(F)(F)F)c(=O)c2-c2ccccc2)cc1,val
CHEMBL347147,CHEMBL230,5.7207430300610564,2003.0,5.7207430300610564,CS(=O)(=O)c1ccc(-c2cnn(C3CC3)c(=O)c2-c2ccc(F)cc2)cc1,test
CHEMBL347187,CHEMBL230,6.89,2000.0,6.89,COc1ccc(NNC(=O)c2ccc(Cl)cc2)cc1,train
CHEMBL347198,CHEMBL230,6.75,2000.0,6.75,COc1ccc(NNC(=O)c2ccccc2)cc1,train
CHEMBL347267,CHEMBL230,6.28,2000.0,6.28,O=C(NNc1ccc(Cl)cc1)c1ccccc1,train
CHEMBL347378,CHEMBL230,3.5849999999973696,1997.0,3.5849999999973696,COc1cccc(-c2c(-c3ccc(S(C)(=O)=O)cc3)sc3ncnn23)c1,train
CHEMBL347441,CHEMBL230,6.46,2003.0,6.46,C[C@H]1C[C@H]1Cn1ncc(-c2ccc(S(C)(=O)=O)cc2)c(-c2ccc(F)cc2)c1=O,train
CHEMBL347688,CHEMBL230,5.68,2000.0,5.68,COc1ccc(-n2nc(-c3ccc(Cl)cc3)c3c2CCC(F)C3)cc1,train
CHEMBL347697,CHEMBL230,5.0,2003.0,5.0,CCCCCCCCCCCCCCCc1cccc(OCC)c1CSc1nc2ccccc2o1,train
CHEMBL347705,CHEMBL230,6.0,2003.0,6.0,CCCCCCCCCCCCCCCc1cccc(O)c1CSc1nc2cc(OC)ccc2[nH]1,train
CHEMBL347720,CHEMBL230,7.16,2003.0,7.16,CS(=O)(=O)c1ccc(-c2cc3c(cc2C=C2CCCCC2)OCO3)cc1,train
CHEMBL347842,CHEMBL230,6.3149999999999995,2003.0,6.3149999999999995,CS(=O)(=O)c1ccc(-c2cnn(Cc3ccccc3)c(=O)c2Oc2ccc(Cl)cn2)cc1,test
CHEMBL347945,CHEMBL230,5.0,2000.0,5.0,Clc1ccc(-c2nn(-c3ccc(Cl)cc3)c3c2CCC3)cc1,test
CHEMBL348041,CHEMBL230,7.4,2002.0,7.4,Cc1nc(-c2ccc(C)s2)c(-c2ccc(S(C)(=O)=O)cc2)o1,train
CHEMBL348087,CHEMBL230,5.0,1997.0,5.0,Cc1nc2sc(-c3ccc(S(C)(=O)=O)cc3)c(-c3ccccc3)n2n1,train
CHEMBL348104,CHEMBL230,4.85,1997.0,4.85,Cc1nc2sc(-c3ccc(S(C)(=O)=O)cc3)c(-c3cccc(F)c3)n2n1,train
CHEMBL348115,CHEMBL230,4.960000000028357,1997.0,4.960000000028357,CC(C)c1nc2sc(-c3ccc(S(C)(=O)=O)cc3)c(-c3ccccc3)n2n1,train
CHEMBL348348,CHEMBL230,5.68,2002.0,5.68,Cc1nc(-c2ccc(S(C)(=O)=O)cc2)c(-c2ccc(F)cc2)o1,train
CHEMBL348390,CHEMBL230,6.77,2000.0,6.77,c1ccc(-c2nn(-c3ccccc3)c3c2CCCCC3)cc1,test
CHEMBL348645,CHEMBL230,4.522878745280337,1997.0,4.522878745280337,CS(=O)(=O)c1ccc(-c2sc3ncnn3c2-c2ccc(F)c(F)c2)cc1,train
CHEMBL348825,CHEMBL230,7.0,2002.0,7.0,COC1(c2cc(F)cc(OCc3nc(-c4ccc(F)cc4)c(S(N)(=O)=O)o3)c2)CCOCC1,train
CHEMBL34913,CHEMBL230,7.07,2002.0,7.07,Cc1nc(C2CCCCC2)c(-c2ccc(S(N)(=O)=O)c(F)c2)o1,test
CHEMBL349310,CHEMBL230,5.21,2000.0,5.21,c1ccc(-c2nn(-c3ccccc3)c3c2CCC3)cc1,test
CHEMBL349370,CHEMBL230,7.0,2002.0,7.0,COC1(c2cc(F)cc(OCc3cc(-c4ccc(Cl)cc4)n(S(N)(=O)=O)n3)c2)CCOCC1,train
CHEMBL349518,CHEMBL230,5.0,2002.0,5.0,Cc1cc(-c2ccccc2)n(-c2ccc(S(C)(=O)=O)cc2)n1,train
CHEMBL349564,CHEMBL230,6.843608071640132,2003.0,6.843608071640132,CS(=O)(=O)c1ccc(-c2cnn(Cc3cccs3)c(=O)c2-c2ccc(F)cc2)cc1,train
CHEMBL350039,CHEMBL230,6.215,2003.0,6.215,CS(=O)(=O)c1ccc(-c2cnn(-c3ccccc3)c(=O)c2-c2ccccc2)cc1,val
CHEMBL350422,CHEMBL230,7.7,2002.0,7.7,Cc1nc(-c2ccc(Cl)s2)c(-c2ccc(S(N)(=O)=O)cc2)o1,train
CHEMBL350549,CHEMBL230,7.05,2002.0,7.05,Cc1nc(-c2ccccc2)c(-c2ccc(S(C)(=O)=O)cc2)o1,train
CHEMBL350662,CHEMBL230,5.0,2000.0,5.0,CS(=O)(=O)c1ccc(-n2nc(-c3ccc(Cl)cc3)c3c2CCCCC3)cc1,test
CHEMBL350815,CHEMBL230,4.75,2002.0,4.75,Cc1nc(C2CCCC2)c(-c2ccc(S(C)(=O)=O)cc2)o1,train
CHEMBL350940,CHEMBL230,4.0,2002.0,4.0,CS(=O)(=O)c1ccc(-c2oc(-c3ccccc3)nc2C2CCCCC2)cc1,train
CHEMBL351436,CHEMBL230,5.0,2003.0,5.0,CCCCCCCCCCCCCCCc1cccc(OCC)c1CSc1nc2ccccc2s1,val
CHEMBL351914,CHEMBL230,7.16,2002.0,7.16,Cc1nc(-c2ccc(F)cc2)c(-c2ccc(S(C)(=O)=O)cc2)o1,train
CHEMBL353353,CHEMBL230,5.2,2003.0,5.2,CCCCCCCCCCCCCCCc1cccc(OCC)c1CSc1nc2cc(OC)ccc2[nH]1,train
CHEMBL353688,CHEMBL230,4.06,1999.0,4.06,CS(=O)(=O)c1ccc(-c2ccccc2-c2cccnc2)cc1,train
CHEMBL355263,CHEMBL230,5.92,1996.0,5.92,CS(=O)(=O)c1ccc(-c2cc(C(F)(F)F)nn2-c2ccc(F)cc2)cc1,train
CHEMBL355677,CHEMBL230,3.5228787452803374,1999.0,3.5228787452803374,CS(=O)(=O)c1ccc(-c2ccccc2-c2ccccn2)cc1,train
CHEMBL355771,CHEMBL230,4.52,1996.0,4.52,CS(=O)(=O)c1ccc(C2=C(c3ccc(F)cc3)C3CCC2C3)cc1,train
CHEMBL355781,CHEMBL230,5.0,1996.0,5.0,CS(=O)(=O)c1ccc(-c2csc(CC(=O)O)c2-c2ccc(F)cc2)cc1,train
CHEMBL356093,CHEMBL230,4.3979400086720375,1998.0,4.3979400086720375,CC(=O)Oc1ccccc1SC1CCCCC1,train
CHEMBL356203,CHEMBL230,5.7,2002.0,5.7,Cc1ccc(Cl)c(Nc2ccccc2C(=O)NCCBr)c1Cl,train
CHEMBL356206,CHEMBL230,5.301029995663981,1997.0,5.301029995663981,CS(=O)(=O)c1ccc(-c2nc3sc4ccccc4n3c2-c2ccccc2)cc1,train
CHEMBL356283,CHEMBL230,5.7,2004.0,5.7,NS(=O)(=O)c1ccc(-n2nc(C(F)(F)F)cc2-c2ccc(F)cc2)cc1CO,train
CHEMBL356596,CHEMBL230,6.01,2002.0,6.01,CC(C)=Cc1cc(/C=C/S(N)(=O)=O)cc(C(=O)c2ccccc2)c1,train
CHEMBL356794,CHEMBL230,4.96,1998.0,4.96,CCCC/C=C/CSc1ccccc1OC(C)=O,train
CHEMBL356804,CHEMBL230,5.0,1995.0,5.0,COc1ccccc1Sc1cc2c(cc1NS(C)(=O)=O)CCC2=O,train
CHEMBL35685,CHEMBL230,4.71,2002.0,4.71,Cc1nc(C2CCCCC2)c(-c2ccc(S(N)(=O)=O)c(O)c2)o1,test
CHEMBL356940,CHEMBL230,6.0,1995.0,6.0,CS(=O)(=O)Nc1cc2c(cc1Sc1ccc(F)cc1)C(=O)CC2,train
CHEMBL356980,CHEMBL230,5.48,2004.0,5.48,NS(=O)(=O)c1ccc(-n2nc(C(F)(F)F)cc2-c2ccccc2F)cc1CO,train
CHEMBL356997,CHEMBL230,5.0,1995.0,5.0,CC(C)c1ccc(Sc2cc3c(cc2NS(C)(=O)=O)CCC3=O)cc1,train
CHEMBL357002,CHEMBL230,6.63,2004.0,6.63,CSc1ccc(-c2cc(C(F)(F)F)nn2-c2ccc(S(N)(=O)=O)c(CO)c2)cc1,train
CHEMBL357044,CHEMBL230,4.54,2004.0,4.54,COc1ccccc1-c1cc(C(F)(F)F)nn1-c1ccc(S(N)(=O)=O)c(CO)c1,train
CHEMBL357163,CHEMBL230,5.0,1995.0,5.0,CC(C)(C)c1ccc(Sc2cc3c(cc2NS(C)(=O)=O)CCC3=O)cc1,train
CHEMBL357262,CHEMBL230,5.58,2002.0,5.58,CCc1cc(/C=C/C(=O)O)cc(C(=O)c2ccccc2)c1,train
CHEMBL357315,CHEMBL230,6.7,2003.0,6.7,CS(=O)(=O)c1ccc(-c2cc3c(cc2C=C2CCCCCC2)OCO3)cc1,train
CHEMBL357380,CHEMBL230,5.16,1998.0,5.16,CCCCCC#CCSc1ccccc1OC(C)=O,train
CHEMBL357543,CHEMBL230,6.12,2004.0,6.12,Cc1ccc(-c2cc(C(F)(F)F)nn2-c2ccc(S(N)(=O)=O)c(CO)c2)cc1,train
CHEMBL3576973,CHEMBL230,5.779999999999999,2015.0,5.779999999999999,Cc1ccc(S(=O)(=O)n2cc(C(=O)C(=O)NCC(=O)NCC(=O)O)c3ccccc32)cc1,val
CHEMBL3576974,CHEMBL230,7.65,2015.0,7.65,Cc1ccc(S(=O)(=O)n2cc(C(=O)C(=O)NCC(=O)N[C@@H](Cc3c[nH]c4ccccc34)C(=O)O)c3ccccc32)cc1,val
CHEMBL3576975,CHEMBL230,4.67,2015.0,4.67,Cc1ccc(S(=O)(=O)n2cc(C(=O)C(=O)N[C@H](Cc3cnc[nH]3)C(=O)N[C@H](CCC(=O)O)C(=O)O)c3ccccc32)cc1,train
CHEMBL3576976,CHEMBL230,7.095,2015.0,7.095,Cc1ccc(S(=O)(=O)n2cc(C(=O)C(=O)N[C@@H](Cc3cnc[nH]3)C(=O)N[C@@H](CCC(=O)O)C(=O)O)c3ccccc32)cc1,train
CHEMBL3576977,CHEMBL230,5.16,2015.0,5.16,COC(=O)CNC(=O)CNC(=O)C(=O)c1cn(S(=O)(=O)c2ccc(C)cc2)c2ccccc12,val
CHEMBL3576978,CHEMBL230,6.0,2015.0,6.0,Cc1ccc(S(=O)(=O)n2cc(C(=O)C(=O)N[C@H](Cc3c[nH]c4ccccc34)C(=O)NCC(=O)O)c3ccccc32)cc1,train
CHEMBL3576979,CHEMBL230,7.58,2015.0,7.58,Cc1ccc(S(=O)(=O)n2cc(C(=O)C(=O)N[C@@H](Cc3c[nH]c4ccccc34)C(=O)NCC(=O)O)c3ccccc32)cc1,train
CHEMBL3576980,CHEMBL230,5.6,2015.0,5.6,Cc1ccc(S(=O)(=O)n2cc(C(=O)C(=O)NCC(=O)N[C@H](Cc3c[nH]c4ccccc34)C(=O)O)c3ccccc32)cc1,val
CHEMBL3576981,CHEMBL230,5.46,2015.0,5.46,COC(=O)[C@H](Cc1c[nH]c2ccccc12)NC(=O)CNC(=O)C(=O)c1cn(S(=O)(=O)c2ccc(C)cc2)c2ccccc12,val
CHEMBL3576982,CHEMBL230,5.08,2015.0,5.08,COC(=O)CC[C@@H](NC(=O)[C@@H](Cc1cnc[nH]1)NC(=O)C(=O)c1cn(S(=O)(=O)c2ccc(C)cc2)c2ccccc12)C(=O)OC,train
CHEMBL3576983,CHEMBL230,5.725,2015.0,5.725,COC(=O)CC[C@H](NC(=O)[C@H](Cc1cnc[nH]1)NC(=O)C(=O)c1cn(S(=O)(=O)c2ccc(C)cc2)c2ccccc12)C(=O)OC,train
CHEMBL3576984,CHEMBL230,6.01,2015.0,6.01,Cc1ccc(S(=O)(=O)n2cc(C(=O)C(=O)N[C@@H](Cc3cnc[nH]3)C(=O)O)c3ccccc32)cc1,train
CHEMBL3576985,CHEMBL230,4.99,2015.0,4.99,COC(=O)CNC(=O)[C@@H](Cc1c[nH]c2ccccc12)NC(=O)C(=O)c1cn(S(=O)(=O)c2ccc(C)cc2)c2ccccc12,train
CHEMBL3576986,CHEMBL230,6.4350000000000005,2015.0,6.4350000000000005,COC(=O)CNC(=O)[C@H](Cc1c[nH]c2ccccc12)NC(=O)C(=O)c1cn(S(=O)(=O)c2ccc(C)cc2)c2ccccc12,train
CHEMBL3576987,CHEMBL230,5.18,2015.0,5.18,COC(=O)[C@@H](Cc1c[nH]c2ccccc12)NC(=O)CNC(=O)C(=O)c1cn(S(=O)(=O)c2ccc(C)cc2)c2ccccc12,val
CHEMBL3576988,CHEMBL230,4.87,2015.0,4.87,Cc1ccc(S(=O)(=O)n2cc(C(=O)C(=O)N[C@@H](Cc3c[nH]c4ccccc34)C(=O)O)c3ccccc32)cc1,train
CHEMBL35783,CHEMBL230,5.7,2002.0,5.7,Cc1nc(C2CCCCC2)c(-c2ccc(S(N)(=O)=O)c(C)c2)o1,test
CHEMBL357918,CHEMBL230,5.0,1995.0,5.0,CCS(=O)(=O)Nc1cc2c(cc1Sc1ccc(F)cc1F)C(=O)CC2,train
CHEMBL358097,CHEMBL230,4.18,1998.0,4.18,CCCSc1ccccc1OC(C)=O,train
CHEMBL358122,CHEMBL230,5.5,2004.0,5.5,COc1ccc(-c2cc(C(F)(F)F)nn2-c2ccc(S(C)(=O)=O)c(CO)c2)cc1,train
CHEMBL3581346,CHEMBL230,5.19,2017.0,5.19,COc1cc([C@@H]2CC(=O)c3c(cc(O)c(C/C=C(\C)CCC=C(C)C)c3O)O2)cc(O)c1OC,val
CHEMBL358140,CHEMBL230,4.0,1995.0,4.0,CS(=O)(=O)c1ccc(C2=C(c3cc(F)c(F)c(F)c3)CCC2)cc1,test
CHEMBL358210,CHEMBL230,5.25,2002.0,5.25,CCc1cc(C(=O)c2ccccc2)ccc1/C=C/S(N)(=O)=O,train
CHEMBL358222,CHEMBL230,4.18,2002.0,4.18,Cc1ccc(Cl)c(Nc2ccccc2C(=O)NOCc2ccccc2)c1Cl,train
CHEMBL358246,CHEMBL230,5.0,2003.0,5.0,CS(=O)(=O)c1ccc(-c2cc3c(cc2Cc2ccccc2)OCO3)cc1,train
CHEMBL358295,CHEMBL230,7.0,1995.0,7.0,COc1ccc(Sc2cc3c(cc2NS(C)(=O)=O)CCC3=O)cc1,train
CHEMBL358309,CHEMBL230,5.02,1998.0,5.02,CC(=O)Oc1ccccc1SCCCCCBr,train
CHEMBL358372,CHEMBL230,5.46,2004.0,5.46,NS(=O)(=O)c1ccc(-n2nc(C(F)(F)F)cc2-c2ccccc2)cc1CO,train
CHEMBL358482,CHEMBL230,5.3,1997.0,5.3,Cc1sc2nc(-c3ccccc3)c(-c3ccc(S(C)(=O)=O)cc3)n2c1C,train
CHEMBL358500,CHEMBL230,4.481486060122113,2002.0,4.481486060122113,Cc1ccc(Cl)c(Nc2ccccc2C(=O)N[C@H](C)C(=O)O)c1Cl,train
CHEMBL358609,CHEMBL230,6.34,1997.0,6.34,Cc1cn2c(-c3ccc(S(C)(=O)=O)cc3)c(-c3ccccc3)nc2s1,train
CHEMBL358666,CHEMBL230,5.301029995663981,1997.0,5.301029995663981,Cc1sc2nc(-c3ccc(S(C)(=O)=O)cc3)c(-c3ccccc3)n2c1C,train
CHEMBL358783,CHEMBL230,4.3979400086720375,1998.0,4.3979400086720375,CCCCCCCS(=O)(=O)c1ccccc1OC(C)=O,train
CHEMBL359113,CHEMBL230,5.89,1998.0,5.89,CC(C)(Oc1ccc(Cl)cc1)C(=O)NCCCN1c2ccccc2Sc2ccccc21,test
CHEMBL359143,CHEMBL230,6.38,1997.0,6.38,CSc1ccc(-c2c(-c3ccccc3)nc3sccn23)cc1,train
CHEMBL359202,CHEMBL230,4.72,2002.0,4.72,Cc1ccc(/C=C/S(N)(=O)=O)cc1C(=O)c1ccccc1,train
CHEMBL359269,CHEMBL230,5.71,2004.0,5.71,NS(=O)(=O)c1ccc(-n2nc(C(F)(F)F)cc2-c2cccc(Cl)c2)cc1CO,train
CHEMBL359563,CHEMBL230,6.175,2004.0,6.175,Cc1[nH]c2cc(S(C)(=O)=O)ccc2c1Oc1ccc(F)cc1F,val
CHEMBL359586,CHEMBL230,7.68,2004.0,7.68,COc1c(Cl)cc(-c2c(-c3ccc(S(N)(=O)=O)cc3)ccc(F)c2F)cc1Cl,test
CHEMBL3596280,CHEMBL230,5.77,2015.0,5.77,COc1ccc([C@H]2C(CN3CCN(c4ccc(OC)cc4)CC3)=NO[C@@H]3CCCC[C@H]23)cc1,test
CHEMBL3596281,CHEMBL230,5.58,2015.0,5.58,COc1ccc(N2CCN(CC3=NOC(C)(C)CC3c3ccccc3)CC2)cc1,train
CHEMBL3596282,CHEMBL230,5.75,2015.0,5.75,COc1ccc(N2CCN(CC3=NO[C@@H]4CCCC[C@@H]4[C@H]3c3ccccc3)CC2)cc1,test
CHEMBL3596283,CHEMBL230,4.98,2015.0,4.98,CC1(C)CC(c2ccccc2)C(CN2CCC(c3noc4cc(F)ccc34)CC2)=NO1,test
CHEMBL3596284,CHEMBL230,5.33,2015.0,5.33,Fc1ccc2c(C3CCN(CC4=NO[C@@H]5CCCC[C@@H]5[C@H]4c4ccccc4)CC3)noc2c1,train
CHEMBL3596285,CHEMBL230,5.39,2015.0,5.39,CC1(C)CC(c2ccc(Cl)cc2)C(CN2CCC(c3noc4cc(F)ccc34)CC2)=NO1,test
CHEMBL3596286,CHEMBL230,5.17,2015.0,5.17,CC1(C)CC(c2ccccc2)C(CN2CCN(c3cccc(Cl)c3Cl)CC2)=NO1,train
CHEMBL3596287,CHEMBL230,5.0,2015.0,5.0,c1ccc([C@H]2C(Cn3c4ccccc4c4ccccc43)=NO[C@@H]3CCCC[C@H]23)cc1,train
CHEMBL3596288,CHEMBL230,5.23,2015.0,5.23,COc1ccc([C@H]2C(Cn3c4ccccc4c4ccccc43)=NO[C@@H]3CCCC[C@H]23)cc1,train
CHEMBL3596289,CHEMBL230,5.41,2015.0,5.41,CC1(C)CC(c2ccc(Cl)cc2)C(Cn2c3ccccc3c3ccccc32)=NO1,train
CHEMBL359775,CHEMBL230,8.0,2004.0,8.0,COc1ccc(-c2nn3ncccc3c2-c2ccc(S(C)(=O)=O)cc2)cc1,train
CHEMBL359787,CHEMBL230,7.41,2004.0,7.41,CS(=O)(=O)c1ccc(-c2c(-c3ccc(F)cc3)nn3ncccc23)cc1,train
CHEMBL35992,CHEMBL230,6.3,1995.0,6.3,CS(=O)(=O)Nc1cc2c(cc1Sc1ccccn1)C(=O)CC2,train
CHEMBL3601276,CHEMBL230,6.05,2015.0,6.05,Cc1ccc(-c2cc(CO[N+](=O)[O-])nn2-c2ccc(S(N)(=O)=O)cc2)cc1,train
CHEMBL3601277,CHEMBL230,6.66,2015.0,6.66,Cc1ccc(-c2c(Cl)c(CCl)nn2-c2ccc(S(N)(=O)=O)cc2)cc1,train
CHEMBL3601278,CHEMBL230,6.01,2015.0,6.01,Cc1ccc(-c2cc(CCl)nn2-c2ccc(S(N)(=O)=O)cc2)cc1,train
CHEMBL3601279,CHEMBL230,6.55,2015.0,6.55,Cc1ccc(-c2c(Cl)c(CO[N+](=O)[O-])nn2-c2ccc(S(N)(=O)=O)cc2)cc1,train
CHEMBL3601280,CHEMBL230,4.35,2015.0,4.35,CC(=O)Oc1ccccc1C(=O)OCCCCO[N+](=O)[O-],train
CHEMBL360182,CHEMBL230,6.41,2004.0,6.41,NS(=O)(=O)c1ccc(-c2c(-c3ccc(OC(F)(F)F)cc3)nn3ncccc23)cc1,train
CHEMBL360343,CHEMBL230,6.175,2004.0,6.175,Cc1[nH]c2cc(S(C)(=O)=O)ccc2c1Oc1ccc(Cl)cc1Cl,val
CHEMBL3604186,CHEMBL230,5.0,2015.0,5.0,COc1ccccc1C(=O)N/N=C/c1cc(Cc2ccccc2Cl)ccc1O,train
CHEMBL3604187,CHEMBL230,5.0,2015.0,5.0,CCOc1cc(/C=C2\SC(=S)N(NC(=O)c3ccccc3Cl)C2=O)ccc1O,train
CHEMBL361055,CHEMBL230,5.97,2004.0,5.97,Cc1[nH]c2cc(S(C)(=O)=O)ccc2c1C(=O)c1ccc(F)cc1,train
CHEMBL361141,CHEMBL230,4.81,2005.0,4.81,COc1cc(/C=C/c2cc(/C=C/c3ccc(O)cc3)[nH]n2)ccc1O,train
CHEMBL361472,CHEMBL230,7.77,2004.0,7.77,Cc1ccc(-c2nn3ncccc3c2-c2ccc(S(C)(=O)=O)cc2)cc1,train
CHEMBL361494,CHEMBL230,6.58,2004.0,6.58,CCOc1ccc(-c2nn3nc(S(C)(=O)=O)ccc3c2-c2ccc(S(N)(=O)=O)cc2)cc1,train
CHEMBL361504,CHEMBL230,5.83,2004.0,5.83,CCc1onc(-c2ccccc2)c1-c1ccccc1,train
CHEMBL361563,CHEMBL230,7.3,1997.0,7.3,CS(=O)(=O)Nc1cc2c(cc1Sc1cccc(F)c1F)C(=O)CC2,train
CHEMBL361848,CHEMBL230,5.7,2013.0,5.7,CS(=O)(=O)c1ccc(C=C(c2ccc(Cl)cc2)c2ccc(Cl)cc2)cc1,train
CHEMBL362093,CHEMBL230,6.609999999999999,2004.0,6.609999999999999,Cc1[nH]c2cc(S(C)(=O)=O)ccc2c1Oc1ccc(F)cc1,val
CHEMBL362137,CHEMBL230,7.89,2004.0,7.89,Cc1ccc(-c2c(-c3ccc(S(C)(=O)=O)cc3)ccc(F)c2F)cc1Cl,test
CHEMBL362138,CHEMBL230,6.025,2004.0,6.025,Cc1[nH]c2cc(S(C)(=O)=O)ccc2c1Cc1ccc(F)cc1,test
CHEMBL362149,CHEMBL230,5.47,2005.0,5.47,Cc1cc(=O)c(Oc2ccc(Cl)cc2Cl)c(-c2ccc(S(C)(=O)=O)cc2)o1,train
CHEMBL362290,CHEMBL230,6.68,2004.0,6.68,Cc1[nH]c2cc(S(C)(=O)=O)ccc2c1Sc1ccc(F)cc1,train
CHEMBL3623735,CHEMBL230,4.92,2015.0,4.92,O=C(O)c1ccccc1Nc1cccc(S(F)(F)(F)(F)F)c1,train
CHEMBL3623736,CHEMBL230,4.0,2015.0,4.0,O=C(O)c1cccc(Nc2cccc(S(F)(F)(F)(F)F)c2)c1,train
CHEMBL3623737,CHEMBL230,4.0,2015.0,4.0,O=C(O)c1cccc(Nc2ccc(S(F)(F)(F)(F)F)cc2)c1,train
CHEMBL3623738,CHEMBL230,4.0,2015.0,4.0,O=C(O)c1ccccc1Nc1ccc(S(F)(F)(F)(F)F)cc1,train
CHEMBL362779,CHEMBL230,8.7,2004.0,8.7,NS(=O)(=O)c1ccc(-c2ccc(F)c(F)c2-c2ccc(F)c(Cl)c2)cc1,test
CHEMBL363102,CHEMBL230,7.47,2004.0,7.47,CS(=O)(=O)c1ccc(-c2c(-c3cccc(F)c3)nn3ncccc23)cc1,train
CHEMBL363228,CHEMBL230,4.0,2004.0,4.0,Cc1onc(-c2ccc(Cl)o2)c1-c1ccccc1,train
CHEMBL363270,CHEMBL230,8.22,2004.0,8.22,CN(C)c1ccc(-c2c(-c3ccc(S(N)(=O)=O)cc3)ccc(F)c2F)cc1Cl,test
CHEMBL363574,CHEMBL230,8.22,2005.0,8.22,NS(=O)(=O)c1ccc(-n2nc(C(F)(F)F)c3c2-c2ccc(F)c(F)c2CS3)cc1,train
CHEMBL363741,CHEMBL230,5.023970004336019,2004.0,5.023970004336019,CS(=O)(=O)c1ccc2c(Sc3ccc(F)cc3F)c(C(N)=O)[nH]c2c1,train
CHEMBL363756,CHEMBL230,6.21,2004.0,6.21,Cc1[nH]c2cc(S(C)(=O)=O)ccc2c1Cc1ccccc1Cl,test
CHEMBL363767,CHEMBL230,6.11,2004.0,6.11,Cc1[nH]c2cc(S(C)(=O)=O)ccc2c1Sc1ccc(F)cc1F,train
CHEMBL364166,CHEMBL230,6.47,2004.0,6.47,COc1ccc(-c2c(-c3ccc(S(C)(=O)=O)cc3)ccc(F)c2F)cc1OC,test
CHEMBL3643413,CHEMBL230,4.522878745280337,2024.0,4.522878745280337,CCC(=O)N1CC[C@H](Nc2ncnc3c2CN(c2cnc(OC)c(C(F)(F)F)c2)CC3)C1,val
CHEMBL364598,CHEMBL230,8.1,2004.0,8.1,CN(C)c1ccc(-c2c(-c3ccc(S(C)(=O)=O)cc3)ccc(F)c2F)cc1Cl,test
CHEMBL364804,CHEMBL230,8.52,2004.0,8.52,CCOc1ccc(-c2nn3ncccc3c2-c2ccc(S(C)(=O)=O)cc2)cc1,train
CHEMBL364966,CHEMBL230,6.6,2005.0,6.6,CS(=O)(=O)c1ccc(-c2cc(C(F)(F)F)cnc2C(=O)c2ccccc2)cc1,train
CHEMBL365033,CHEMBL230,5.6,2004.0,5.6,Cc1onc(-c2ccccc2)c1-c1ccccc1,train
CHEMBL365060,CHEMBL230,7.08,2004.0,7.08,CS(=O)(=O)c1ccc(-c2ccc3c(c2-c2ccc(F)cc2)OCO3)cc1,test
CHEMBL365252,CHEMBL230,7.68,2004.0,7.68,COc1ccc(-c2c(-c3ccc(S(C)(=O)=O)cc3)ccc(F)c2F)cc1F,test
CHEMBL365267,CHEMBL230,7.58,2004.0,7.58,COc1ccc2c(-c3ccc(S(N)(=O)=O)cc3)c(-c3ccc(F)cc3)nn2n1,train
CHEMBL365301,CHEMBL230,8.7,2004.0,8.7,Cc1cc(-c2c(-c3ccc(S(N)(=O)=O)cc3)ccc(F)c2F)ccc1F,test
CHEMBL36542,CHEMBL230,4.0,2002.0,4.0,COc1cc(-c2oc(C)nc2C2CCCCC2)ccc1S(N)(=O)=O,test
CHEMBL365436,CHEMBL230,4.3979400086720375,2004.0,4.3979400086720375,CC(=O)OCc1[nH]c2cc(S(C)(=O)=O)ccc2c1Sc1ccccc1Cl,train
CHEMBL365473,CHEMBL230,7.24,2004.0,7.24,CC(C)Oc1ccc2c(-c3ccc(S(C)(=O)=O)cc3)c(-c3ccc(F)cc3)nn2n1,train
CHEMBL365603,CHEMBL230,7.49,2005.0,7.49,COc1ccc2c(c1F)CSc1c(C(F)F)nn(-c3ccc(S(N)(=O)=O)cc3)c1-2,train
CHEMBL365622,CHEMBL230,8.16,2004.0,8.16,Cc1ccc(-c2c(-c3ccc(S(C)(=O)=O)cc3)ccc(F)c2F)cc1,test
CHEMBL365769,CHEMBL230,8.05,2005.0,8.05,COc1ccc2c(c1F)CSc1c(C(F)(F)F)nn(-c3ccc(S(N)(=O)=O)cc3)c1-2,train
CHEMBL365778,CHEMBL230,7.68,2005.0,7.68,NS(=O)(=O)c1ccc(-n2nc(C(F)(F)F)c3c2-c2cccc(F)c2CS3)cc1,train
CHEMBL365865,CHEMBL230,8.7,2004.0,8.7,CS(=O)(=O)c1ccc(-c2c(-c3ccccc3)nn3ncccc23)cc1,train
CHEMBL365883,CHEMBL230,8.4,2004.0,8.4,NS(=O)(=O)c1ccc(-c2ccc(F)c(F)c2-c2ccc3c(c2)OCO3)cc1,test
CHEMBL365890,CHEMBL230,6.47,2004.0,6.47,CS(=O)(=O)c1ccc(-c2ccc(F)c(F)c2-c2ccc3c(c2)OCCO3)cc1,train
CHEMBL366102,CHEMBL230,8.0,2004.0,8.0,NS(=O)(=O)c1ccc(-c2c(-c3ccc(F)cc3)nn3ncccc23)cc1,train
CHEMBL366121,CHEMBL230,5.158970004336019,2004.0,5.158970004336019,CS(=O)(=O)c1ccc2c(Sc3ccc(F)cc3)c(C(N)=O)[nH]c2c1,train
CHEMBL366306,CHEMBL230,4.3979400086720375,2004.0,4.3979400086720375,Cc1[nH]c2cc(S(C)(=O)=O)ccc2c1S(=O)(=O)c1ccc(F)cc1,train
CHEMBL366807,CHEMBL230,5.68,1996.0,5.68,CS(=O)(=O)c1ccc(-c2cnsc2-c2ccc(F)cc2)cc1,test
CHEMBL366886,CHEMBL230,4.522878745280337,1996.0,4.522878745280337,CS(=O)(=O)c1ccc(-n2nnnc2-c2ccc(F)c(F)c2)cc1,val
CHEMBL36722,CHEMBL230,5.0,2002.0,5.0,Cc1nc(C2CCCCC2)c(-c2ccc(S(N)(=O)=O)c(Cl)c2)o1,test
CHEMBL367328,CHEMBL230,3.595166283380062,1999.0,3.595166283380062,CS(=O)(=O)c1ccc(-c2ccc(N)cc2-c2ccccc2)cc1,test
CHEMBL367739,CHEMBL230,6.29,1997.0,6.29,Cc1cnc(NC(=O)C2=C(O)c3sccc3S(=O)(=O)N2C)s1,train
CHEMBL367778,CHEMBL230,5.23,1996.0,5.23,CC(C)(O)c1scc(-c2ccc(S(C)(=O)=O)cc2)c1-c1ccc(F)cc1,train
CHEMBL367864,CHEMBL230,6.08,1997.0,6.08,Cc1csc(NC(=O)C2=C(O)c3ccccc3S(=O)(=O)N2C)n1,test
CHEMBL367885,CHEMBL230,4.522878745280337,1996.0,4.522878745280337,CC(C)(O)c1scc(-c2ccc(F)cc2)c1-c1ccc(S(C)(=O)=O)cc1,train
CHEMBL36815,CHEMBL230,6.22,2002.0,6.22,CC(C)c1nc(C2CCCCC2)c(-c2ccc(S(N)(=O)=O)c(F)c2)o1,test
CHEMBL368409,CHEMBL230,5.19,1996.0,5.19,CS(=O)(=O)c1ccc(-c2snnc2-c2ccc(F)cc2)cc1,val
CHEMBL368468,CHEMBL230,6.77,1997.0,6.77,CN1C(=O)/C(=C(/O)Nc2ccccc2)c2ccccc2C1=O,train
CHEMBL369492,CHEMBL230,7.19,1997.0,7.19,CN1C(O)=C(C(=O)Nc2ccc(Cl)cc2)c2cc(Cl)ccc2S1(=O)=O,train
CHEMBL369699,CHEMBL230,3.5228787452803374,1999.0,3.5228787452803374,CS(=O)(=O)c1ccc(-c2ncccc2-c2ccccc2)cc1,train
CHEMBL371477,CHEMBL230,8.7,2005.0,8.7,NS(=O)(=O)c1ccc(-c2c(-c3ccccc3)noc2CF)cc1,train
CHEMBL371849,CHEMBL230,5.1,2005.0,5.1,COc1ccccc1-n1c(-c2ccc(S(N)(=O)=O)cc2)nc2ccccc21,train
CHEMBL372838,CHEMBL230,7.14,2018.0,7.14,Cc1onc(-c2ccc(F)cc2)c1-c1ccc(S(N)(=O)=O)cc1,train
CHEMBL373434,CHEMBL230,6.66,2004.0,6.66,COc1cc(OCc2cc(-c3ccccc3)n(-c3ccc(S(C)(=O)=O)cc3)n2)cc(OC)c1OC,test
CHEMBL3734866,CHEMBL230,5.33,2015.0,5.33,COc1cccc(C2CC(c3ccc(S(C)(=O)=O)cc3)=NN2c2ccc(C(=O)O)cc2)c1,train
CHEMBL3734939,CHEMBL230,6.01,2015.0,6.01,CS(=O)(=O)c1ccc(C2=NN(c3ccc(C(=O)O)cc3)C(c3ccccc3)C2)cc1,train
CHEMBL3735002,CHEMBL230,5.75,2015.0,5.75,COc1cccc(C2CC(c3ccc(S(C)(=O)=O)cc3)=NN2c2ccc(S(N)(=O)=O)cc2)c1,train
CHEMBL373514,CHEMBL230,6.04,2004.0,6.04,CS(=O)(=O)c1ccc(-n2nc(COc3cccc(N4CCOCC4)c3)cc2-c2ccccc2)cc1,train
CHEMBL3735352,CHEMBL230,5.76,2015.0,5.76,CS(=O)(=O)c1ccc(C2=NN(c3ccc(S(N)(=O)=O)cc3)C(c3cccs3)C2)cc1,train
CHEMBL3735457,CHEMBL230,5.47,2015.0,5.47,CS(=O)(=O)c1ccc(C2=NN(c3ccc(S(N)(=O)=O)cc3)C(c3ccc(F)cc3)C2)cc1,train
CHEMBL3735490,CHEMBL230,5.43,2015.0,5.43,COc1ccc(C2CC(c3ccc(S(C)(=O)=O)cc3)=NN2c2ccc(C(=O)O)cc2)cc1OC,train
CHEMBL3735534,CHEMBL230,5.79,2015.0,5.79,CS(=O)(=O)c1ccc(C2=NN(c3ccc(S(N)(=O)=O)cc3)C(c3ccccc3)C2)cc1,train
CHEMBL3735601,CHEMBL230,5.94,2015.0,5.94,CS(=O)(=O)c1ccc(C2=NN(c3ccc(C(=O)O)cc3)C(c3cccs3)C2)cc1,train
CHEMBL3735721,CHEMBL230,5.57,2015.0,5.57,CS(=O)(=O)c1ccc(C2=NN(c3ccc(S(N)(=O)=O)cc3)C(c3ccc(Cl)cc3)C2)cc1,train
CHEMBL3735808,CHEMBL230,5.23,2015.0,5.23,COc1cc(C2CC(c3ccc(S(C)(=O)=O)cc3)=NN2c2ccc(C(=O)O)cc2)cc(OC)c1OC,train
CHEMBL3735888,CHEMBL230,5.4,2015.0,5.4,CS(=O)(=O)c1ccc(C2=NN(c3ccc(C(=O)O)cc3)C(c3ccc(Cl)cc3)C2)cc1,train
CHEMBL3735929,CHEMBL230,5.33,2015.0,5.33,COc1cc(C2CC(c3ccc(S(C)(=O)=O)cc3)=NN2c2ccc(S(N)(=O)=O)cc2)cc(OC)c1OC,train
CHEMBL3736014,CHEMBL230,5.55,2015.0,5.55,CS(=O)(=O)c1ccc(C2=NN(c3ccc(C(=O)O)cc3)C(c3ccc(F)cc3)C2)cc1,train
CHEMBL3736140,CHEMBL230,5.68,2015.0,5.68,COc1ccc(C2CC(c3ccc(S(C)(=O)=O)cc3)=NN2c2ccc(S(N)(=O)=O)cc2)cc1,train
CHEMBL3736245,CHEMBL230,5.66,2015.0,5.66,COc1ccc(C2CC(c3ccc(S(C)(=O)=O)cc3)=NN2c2ccc(C(=O)O)cc2)cc1,train
CHEMBL3736416,CHEMBL230,5.7,2015.0,5.7,COc1ccc(C2CC(c3ccc(S(C)(=O)=O)cc3)=NN2c2ccc(S(N)(=O)=O)cc2)cc1OC,train
CHEMBL37371,CHEMBL230,6.095000000000001,1999.0,6.095000000000001,Cc1ccc(Sc2cc3c(cc2NS(C)(=O)=O)CCC3=O)nc1,train
CHEMBL373819,CHEMBL230,4.85,2007.0,4.85,CS(=O)(=O)c1ccc(-n2cnc(Cl)c2-c2ccc(OCCCO[N+](=O)[O-])c(F)c2)cc1,val
CHEMBL373867,CHEMBL230,4.12,2007.0,4.12,CS(=O)(=O)c1ccc(-n2cnc(Cl)c2-c2ccc(OCC(CO[N+](=O)[O-])O[N+](=O)[O-])c(F)c2)cc1,val
CHEMBL3739527,CHEMBL230,5.0,2015.0,5.0,C#Cc1cccc(Nc2ncnc3cc(OCCOC(=O)CC4=C(C)/C(=C/c5ccc([S+](C)[O-])cc5)c5ccc(F)cc54)c(OCCOC(=O)CC4=C(C)/C(=C/c5ccc([S+](C)[O-])cc5)c5ccc(F)cc54)cc23)c1,test
CHEMBL3739528,CHEMBL230,5.0,2015.0,5.0,C#Cc1cccc(Nc2ncnc3cc(OCCOC(=O)C(C)c4ccc(CC(C)C)cc4)c(OCCOC(=O)C(C)c4ccc(CC(C)C)cc4)cc23)c1,val
CHEMBL3739771,CHEMBL230,5.0,2015.0,5.0,C#Cc1cccc(Nc2ncnc3cc(OCCOC(=O)Cc4c(C)n(C(=O)c5ccc(Cl)cc5)c5ccc(OC)cc45)c(OCCOC(=O)Cc4c(C)n(C(=O)c5ccc(Cl)cc5)c5ccc(OC)cc45)cc23)c1,train
CHEMBL3740105,CHEMBL230,5.0,2015.0,5.0,C#Cc1cccc(Nc2ncnc3cc(OCCOC(=O)c4ccc(C(=O)Nc5ccc6c(c5)C(C)(C)CCC6(C)C)cc4)c(OCCOC(=O)c4ccc(C(=O)Nc5ccc6c(c5)C(C)(C)CCC6(C)C)cc4)cc23)c1,train
CHEMBL3740595,CHEMBL230,5.0,2015.0,5.0,C#Cc1cccc(Nc2ncnc3cc(OCCOC(=O)Cc4c(C)n(C(=O)c5ccc(Cl)cc5)c5ccc(OC)cc45)c(OCCOC)cc23)c1,train
CHEMBL3740850,CHEMBL230,4.82,2015.0,4.82,C#Cc1cccc(Nc2ncnc3cc(OCCOC(=O)C(C)c4ccc5cc(OC)ccc5c4)c(OCCOC)cc23)c1,train
CHEMBL3741026,CHEMBL230,5.0,2015.0,5.0,C#Cc1cccc(Nc2ncnc3cc(OCCOC(=O)C(C)c4ccc(CC(C)C)cc4)c(OCCOC)cc23)c1,train
CHEMBL374130,CHEMBL230,5.22,2017.0,5.22,CC(C)=CCC/C(C)=C/Cc1c(O)cc2c(c1O)C(=O)C[C@@H](c1ccc(O)cc1)O2,val
CHEMBL3741304,CHEMBL230,5.0,2015.0,5.0,C#Cc1cccc(Nc2ncnc3cc(OCCOC(=O)c4ccc(C(=O)Nc5ccc6c(c5)C(C)(C)CCC6(C)C)cc4)c(OCCOC)cc23)c1,train
CHEMBL3741399,CHEMBL230,5.0,2015.0,5.0,C#Cc1cccc(Nc2ncnc3cc(OCCOC(=O)c4ccccc4OC(C)=O)c(OCCOC(=O)c4ccccc4OC(C)=O)cc23)c1,train
CHEMBL37414,CHEMBL230,6.97,1999.0,6.97,Cc1csc(Sc2cc3c(cc2NS(C)(=O)=O)CCC3=O)n1,train
CHEMBL3741424,CHEMBL230,5.0,2015.0,5.0,C#Cc1cccc(Nc2ncnc3cc(OCCOC(=O)c4ccccc4OC(C)=O)c(OCCOC)cc23)c1,test
CHEMBL3741490,CHEMBL230,5.0,2015.0,5.0,C#Cc1cccc(Nc2ncnc3cc(OCCO)c(OCCOC)cc23)c1,test
CHEMBL374168,CHEMBL230,4.86,2004.0,4.86,O=S(=O)(Nc1ccncc1Oc1ccc(Br)cc1)C(F)(F)F,val
CHEMBL374169,CHEMBL230,5.01,2004.0,5.01,CCCS(=O)(=O)Nc1ccncc1Oc1ccc(Cl)cc1,val
CHEMBL3741768,CHEMBL230,5.0,2015.0,5.0,C#Cc1cccc(Nc2ncnc3cc(OCCOC(=O)C(C)c4ccc5cc(OC)ccc5c4)c(OCCOC(=O)C(C)c4ccc5cc(OC)ccc5c4)cc23)c1,test
CHEMBL3742059,CHEMBL230,5.0,2015.0,5.0,C#Cc1cccc(Nc2ncnc3cc(OCCOC(=O)CC4=C(C)/C(=C\c5ccc([S+](C)[O-])cc5)c5ccc(F)cc54)c(OCCOC)cc23)c1,test
CHEMBL374427,CHEMBL230,7.0,2004.0,7.0,COC1(c2cc(F)cc(OCc3cc(-c4ccccc4)n(-c4ccc(S(N)(=O)=O)cc4)n3)c2)CCOCC1,train
CHEMBL3745732,CHEMBL230,5.38,2016.0,5.38,NS(=O)(=O)c1ccc(N2N=C(c3ccco3)CC2c2ccco2)cc1,train
CHEMBL3745861,CHEMBL230,5.71,2016.0,5.71,COc1cc(C2CC(c3ccco3)=NN2c2ccc(S(N)(=O)=O)cc2)cc(OC)c1OC,train
CHEMBL3746042,CHEMBL230,5.2,2016.0,5.2,COc1cc(C2CC(c3cccs3)=NN2c2ccc(S(N)(=O)=O)cc2)cc(OC)c1OC,train
CHEMBL3746265,CHEMBL230,6.01,2016.0,6.01,NS(=O)(=O)c1ccc(N2N=C(c3cccs3)CC2c2ccc(C(F)(F)F)cc2)cc1,train
CHEMBL3746308,CHEMBL230,6.43,2016.0,6.43,CSc1nc(-c2ccc(S(N)(=O)=O)cc2)n(-c2ccc(Cl)cc2)n1,val
CHEMBL374646,CHEMBL230,4.0,2012.0,4.0,CC(C(=O)O)c1ccc2c3cc(Cl)ccc3n(S(=O)(=O)c3ccc(Cl)cc3)c2c1,train
CHEMBL3746730,CHEMBL230,5.84,2016.0,5.84,CS(=O)(=O)c1ccc(N2N=C(C(=O)O)CC2c2cccs2)cc1,train
CHEMBL3746878,CHEMBL230,5.68,2016.0,5.68,CS(=O)(=O)c1ccc(N2N=C(C(=O)O)CC2c2ccco2)cc1,val
CHEMBL3746891,CHEMBL230,5.21,2016.0,5.21,NS(=O)(=O)c1ccc(N2N=C(c3cccs3)CC2c2cccs2)cc1,test
CHEMBL3746930,CHEMBL230,5.41,2016.0,5.41,NS(=O)(=O)c1ccc(N2N=C(c3ccco3)CC2c2ccccc2)cc1,train
CHEMBL3747171,CHEMBL230,6.0,2016.0,6.0,COc1ccc(S(=O)(=O)N(Nc2ccccc2)C(=O)Oc2ccccc2OC)cc1,train
CHEMBL3747206,CHEMBL230,6.25,2016.0,6.25,NS(=O)(=O)c1ccc(N2N=C(c3ccco3)CC2c2ccc(C(F)(F)F)cc2)cc1,train
CHEMBL3747306,CHEMBL230,5.58,2016.0,5.58,NS(=O)(=O)c1ccc(N2N=C(c3cccs3)CC2c2ccc(Cl)cc2)cc1,train
CHEMBL3747437,CHEMBL230,5.82,2016.0,5.82,NS(=O)(=O)c1ccc(N2N=C(c3ccco3)CC2c2ccc(Cl)cc2)cc1,train
CHEMBL3747473,CHEMBL230,6.0,2016.0,6.0,COc1ccc(S(=O)(=O)N(Nc2ccccc2)C(=O)Oc2ccc(OCc3ccccc3)cc2)cc1,train
CHEMBL3747561,CHEMBL230,5.21,2016.0,5.21,NS(=O)(=O)c1ccc(N2N=C(c3cccs3)CC2c2ccco2)cc1,val
CHEMBL3747566,CHEMBL230,5.74,2016.0,5.74,NS(=O)(=O)c1ccc(N2N=C(C(=O)O)CC2c2cccs2)cc1,train
CHEMBL3747568,CHEMBL230,5.44,2016.0,5.44,NS(=O)(=O)c1ccc(N2N=C(c3ccco3)CC2c2cccs2)cc1,train
CHEMBL3747612,CHEMBL230,5.45,2016.0,5.45,NS(=O)(=O)c1ccc(N2N=C(C(=O)O)CC2c2ccco2)cc1,val
CHEMBL3747733,CHEMBL230,5.7,2016.0,5.7,COc1ccc(C2CC(c3ccco3)=NN2c2ccc(S(N)(=O)=O)cc2)cc1,train
CHEMBL3747777,CHEMBL230,5.36,2016.0,5.36,COc1ccc(C2CC(c3cccs3)=NN2c2ccc(S(N)(=O)=O)cc2)cc1,train
CHEMBL37481,CHEMBL230,6.92,2002.0,6.92,CCc1nc(C2CCCCC2)c(-c2ccc(S(N)(=O)=O)c(F)c2)o1,test
CHEMBL375127,CHEMBL230,6.51,2004.0,6.51,COc1cc(F)cc(OCc2cc(-c3ccccc3)n(-c3ccc(S(C)(=O)=O)cc3)n2)c1,test
CHEMBL375308,CHEMBL230,6.02,2004.0,6.02,COC1(c2cc(F)cc(OCc3cc(-c4ccccc4)n(-c4ccc(F)cc4)n3)c2)CCOCC1,train
CHEMBL375309,CHEMBL230,6.16,2004.0,6.16,COc1ccc(OCc2cc(-c3ccccc3)n(-c3ccc(S(C)(=O)=O)cc3)n2)cc1OC,test
CHEMBL37537,CHEMBL230,4.59,2021.0,4.59,O=C(O)c1ccc(O)c(O)c1,train
CHEMBL376143,CHEMBL230,4.85,2004.0,4.85,CCS(=O)(=O)Nc1ccncc1Oc1ccccc1,val
CHEMBL376246,CHEMBL230,4.8,2007.0,4.8,NS(=O)(=O)c1ccc(-n2cnc(Cl)c2-c2ccc(OCCCO[N+](=O)[O-])c(F)c2)cc1,val
CHEMBL3763742,CHEMBL230,4.99,2016.0,4.99,O=C(O)c1cc(/C=C/c2cc(O)cc(O)c2)ccc1O,train
CHEMBL3765737,CHEMBL230,6.0,2016.0,6.0,COC(=O)c1cc(/C=C/c2cc(O)cc(O)c2)ccc1O,train
CHEMBL376583,CHEMBL230,4.21,2007.0,4.21,COc1ccccc1C1=Cc2ccccc2C1,train
CHEMBL376711,CHEMBL230,6.24,2004.0,6.24,CS(=O)(=O)c1ccc(-n2nc(COc3cc(F)cc(C#N)c3)cc2-c2ccccc2)cc1,test
CHEMBL377353,CHEMBL230,5.05,2006.0,5.05,NS(=O)(=O)c1ccc(/N=N/c2ccc(O)c(C(=O)O)c2)cc1,test
CHEMBL3774393,CHEMBL230,4.0,2016.0,4.0,CCCCCCNC(=O)Oc1cccc(-c2ccc(C)cc2F)c1,train
CHEMBL3774439,CHEMBL230,2.7614393726401687,2016.0,2.7614393726401687,CCCCNC(=O)Oc1cccc(-c2ccc(C(C)C(=O)O)cc2F)c1,train
CHEMBL3774442,CHEMBL230,6.77,2016.0,6.77,CCCCCCOC(=O)Nc1cccc(-c2ccc(C(C)C(=O)O)cc2F)c1,train
CHEMBL3774467,CHEMBL230,4.965,2016.0,4.965,CC(C(=O)O)c1ccc(-c2cccc(OC(=O)NCCC3CCCCC3)c2)c(F)c1,train
CHEMBL3774538,CHEMBL230,5.6,2016.0,5.6,CS(=O)(=O)c1ccc(-c2cc(C(F)(F)F)nc(OCc3ccc(I)cc3)n2)cc1,val
CHEMBL3774541,CHEMBL230,2.7614393726401687,2016.0,2.7614393726401687,CC(C(=O)O)c1ccc(-c2cccc(OC(=O)NCC3CCCCC3)c2)c(F)c1,train
CHEMBL3774572,CHEMBL230,4.13,2016.0,4.13,CC(C(=O)O)c1ccc(-c2cccc(OC(=O)NC3CC3)c2)c(F)c1,train
CHEMBL3774586,CHEMBL230,5.21,2016.0,5.21,CC(C(=O)O)c1ccc(-c2cccc(OC(=O)NCCCc3ccccc3)c2)c(F)c1,train
CHEMBL3774612,CHEMBL230,6.07,2016.0,6.07,CS(=O)(=O)c1ccc(-c2cc(C(F)(F)F)nc(NCc3ccc(I)cc3)n2)cc1,test
CHEMBL3774618,CHEMBL230,4.0,2016.0,4.0,CCNC(=O)Oc1cccc(-c2ccc(C(C)C(=O)O)cc2F)c1,train
CHEMBL3774686,CHEMBL230,6.16,2016.0,6.16,CCCCCCNC(=O)Oc1cccc(-c2ccc(C(C)C(=O)O)cc2)c1,train
CHEMBL3774706,CHEMBL230,4.64,2016.0,4.64,CCCCCCNC(=O)Oc1cccc(-c2ccc([C@@H](C)C(=O)O)cc2F)c1,train
CHEMBL3774754,CHEMBL230,5.57,2016.0,5.57,CC(C(=O)O)c1ccc(-c2cccc(OC(=O)Nc3ccccc3)c2)c(F)c1,test
CHEMBL3774781,CHEMBL230,4.0,2016.0,4.0,CC(C)NC(=O)Oc1cccc(-c2ccc(C(C)C(=O)O)cc2F)c1,train
CHEMBL3774784,CHEMBL230,7.3,2016.0,7.3,CCCCCCNC(=O)Oc1cccc(-c2ccc([C@H](C)C(=O)O)cc2F)c1,train
CHEMBL3774805,CHEMBL230,2.7614393726401687,2016.0,2.7614393726401687,CC(C(=O)O)c1ccc(-c2cccc(OC(=O)NCCCCc3ccccc3)c2)c(F)c1,train
CHEMBL3774833,CHEMBL230,5.85,2016.0,5.85,CCCCCCNC(=O)Oc1cccc(-c2ccc(C(C)C(=O)O)cc2C)c1,train
CHEMBL3774867,CHEMBL230,2.7614393726401687,2016.0,2.7614393726401687,CC(C)CNC(=O)Oc1cccc(-c2ccc(C(C)C(=O)O)cc2F)c1,train
CHEMBL3774873,CHEMBL230,4.54,2016.0,4.54,CCCCCCCCNC(=O)Oc1cccc(-c2ccc(C(C)C(=O)O)cc2F)c1,train
CHEMBL3774876,CHEMBL230,4.0,2016.0,4.0,CCCNC(=O)Oc1cccc(-c2ccc(C(C)C(=O)O)cc2F)c1,train
CHEMBL3774941,CHEMBL230,6.14,2016.0,6.14,CCCCCCNC(=O)Oc1cccc(-c2ccc(C(C)C(=O)O)cc2Cl)c1,train
CHEMBL3774963,CHEMBL230,4.89,2016.0,4.89,NS(=O)(=O)c1ccc(-c2cc(C(F)(F)F)nc(NCc3ccc(I)cc3)n2)cc1,test
CHEMBL3774999,CHEMBL230,4.0,2016.0,4.0,CCCCCCNC(=O)Oc1cccc(-c2ccc(C(=O)O)cc2F)c1,train
CHEMBL3775041,CHEMBL230,6.37,2016.0,6.37,CCCCCCNC(=O)Oc1cccc(-c2ccc(C(C)C(=O)O)cc2F)c1,train
CHEMBL3775104,CHEMBL230,6.8,2016.0,6.8,CCCCCNC(=O)Oc1cccc(-c2ccc(C(C)C(=O)O)cc2F)c1,train
CHEMBL3775280,CHEMBL230,2.7614393726401687,2016.0,2.7614393726401687,CCCCCCNC(=O)Oc1cccc(-c2ccc(C(C)CO)cc2F)c1,train
CHEMBL3775360,CHEMBL230,4.0,2016.0,4.0,CCCCCCNC(=O)Oc1cccc(-c2ccc(C(C)C(=O)OC)cc2F)c1,train
CHEMBL3775392,CHEMBL230,2.7614393726401687,2016.0,2.7614393726401687,CC(C(=O)O)c1ccc(-c2cccc(OC(=O)NCc3ccccc3)c2)c(F)c1,val
CHEMBL3775406,CHEMBL230,5.6,2016.0,5.6,Cc1ccc(Nc2c(F)cccc2I)c(CC(=O)O)c1,train
CHEMBL3775430,CHEMBL230,6.03,2016.0,6.03,CCCCCCNC(=O)Oc1cccc(-c2ccc(C(C)C(=O)O)cc2[N+](=O)[O-])c1,train
CHEMBL3775462,CHEMBL230,2.7614393726401687,2016.0,2.7614393726401687,CC(C(=O)O)c1ccc(-c2cccc(OC(=O)NC3CCCCC3)c2)c(F)c1,val
CHEMBL3775475,CHEMBL230,4.0,2016.0,4.0,CCCCCCNC(=O)Oc1ccc(-c2ccc(C(C)C(=O)O)cc2F)cc1,train
CHEMBL3775510,CHEMBL230,6.7,2016.0,6.7,CCCCCCNC(=O)Oc1cccc(-c2ccc(C(C)C(=O)O)cc2C(F)(F)F)c1,train
CHEMBL3775528,CHEMBL230,4.92,2016.0,4.92,CCCCCCNC(=O)Oc1cccc(-c2ccc(C(C)C(=O)O)cc2N)c1,train
CHEMBL3775610,CHEMBL230,2.7614393726401687,2016.0,2.7614393726401687,CCCCCCNC(=O)Oc1ccccc1-c1ccc(C(C)C(=O)O)cc1F,train
CHEMBL3775653,CHEMBL230,6.25,2016.0,6.25,CCCCCCNC(=O)Nc1cccc(-c2ccc(C(C)C(=O)O)cc2F)c1,train
CHEMBL3775676,CHEMBL230,4.89,2016.0,4.89,CCCCCCNC(=O)Oc1cccc(-c2ccc(C(C)C(=O)O)cc2O)c1,train
CHEMBL3775699,CHEMBL230,2.7614393726401687,2016.0,2.7614393726401687,CC(C(=O)O)c1ccc(-c2cccc(OC(=O)NC3CCCC3)c2)c(F)c1,train
CHEMBL3775770,CHEMBL230,6.62,2016.0,6.62,CCCCCCNC(=O)Oc1cccc(-c2ccc(CC(=O)O)cc2F)c1,train
CHEMBL3775954,CHEMBL230,4.0,2016.0,4.0,CC(C(=O)O)c1ccc(-c2cccc(OC(=O)NC3CCC3)c2)c(F)c1,train
CHEMBL3775973,CHEMBL230,2.7614393726401687,2016.0,2.7614393726401687,CC(C(=O)O)c1ccc(-c2cccc(OC(=O)NCCc3ccccc3)c2)c(F)c1,train
CHEMBL3775974,CHEMBL230,5.09,2016.0,5.09,NS(=O)(=O)c1ccc(-n2nc(C(F)(F)F)cc2-c2ccc(I)cc2)cc1,train
CHEMBL3775979,CHEMBL230,6.5,2016.0,6.5,CCCCCCCNC(=O)Oc1cccc(-c2ccc(C(C)C(=O)O)cc2F)c1,train
CHEMBL3808516,CHEMBL230,4.66,2016.0,4.66,COC(=O)[C@H](CC(C)C)NC(=O)[C@@H](NC(=O)[C@H](C)NC(=O)CNC(=O)OCc1ccccc1)C(C)C,train
CHEMBL3808627,CHEMBL230,7.0,2016.0,7.0,COC(=O)[C@@H](NC(=O)[C@H](C)NC(=O)CNC(=O)OCc1ccccc1)C(C)C,train
CHEMBL3808663,CHEMBL230,5.1,2016.0,5.1,COC(=O)[C@@H](NC(=O)[C@H](C)NC(=O)CN)C(C)C,train
CHEMBL3808774,CHEMBL230,4.25,2016.0,4.25,COC(=O)[C@H](CC(C)C)NC(=O)CNC(=O)[C@@H](NC(=O)OCc1ccccc1)C(C)C,train
CHEMBL3809099,CHEMBL230,4.72,2016.0,4.72,COC(=O)[C@H](CC(C)C)NC(=O)[C@H](C)NC(=O)[C@@H](NC(=O)CNC(=O)OCc1ccccc1)C(C)C,train
CHEMBL3809116,CHEMBL230,6.4,2016.0,6.4,CC(C)C[C@H](NC(=O)[C@H](Cc1ccccc1)NC(=O)CNC(=O)CN)C(=O)O,train
CHEMBL3809120,CHEMBL230,6.52,2016.0,6.52,CC(C)C[C@H](NC(=O)[C@H](C)NC(=O)[C@@H](NC(=O)CNC(=O)OCc1ccccc1)C(C)C)C(=O)O,train
CHEMBL3809154,CHEMBL230,6.0,2016.0,6.0,COC(=O)CNC(=O)CNC(=O)OCc1ccccc1,train
CHEMBL3809156,CHEMBL230,7.22,2016.0,7.22,COC(=O)[C@H](CC(C)C)NC(=O)[C@H](Cc1ccccc1)NC(=O)CNC(=O)CN,train
CHEMBL3809163,CHEMBL230,4.55,2016.0,4.55,CC(C)C[C@H](NC(=O)CNC(=O)[C@@H](NC(=O)OCc1ccccc1)C(C)C)C(=O)O,train
CHEMBL3809328,CHEMBL230,5.7,2016.0,5.7,CC(C)C[C@H](NC(=O)CNC(=O)[C@@H](N)C(C)C)C(=O)O,train
CHEMBL3809760,CHEMBL230,5.52,2016.0,5.52,CC(C)[C@H](NC(=O)[C@H](C)NC(=O)CNC(=O)OCc1ccccc1)C(=O)O,train
CHEMBL3809842,CHEMBL230,7.1,2016.0,7.1,COC(=O)[C@H](C)NC(=O)[C@H](CC(C)C)NC(=O)CNC(=O)[C@@H](NC(=O)OCc1ccccc1)C(C)C,train
CHEMBL3809863,CHEMBL230,7.3,2016.0,7.3,CC(C)C[C@H](NC(=O)CNC(=O)[C@@H](NC(=O)OCc1ccccc1)C(C)C)C(=O)N[C@@H](C)C(=O)O,train
CHEMBL3809922,CHEMBL230,5.0,2016.0,5.0,COC(=O)[C@H](CC(C)C)NC(=O)CNC(=O)[C@@H](N)C(C)C,train
CHEMBL3809958,CHEMBL230,6.7,2016.0,6.7,CC(C)[C@H](NC(=O)[C@H](C)NC(=O)CN)C(=O)O,train
CHEMBL3810027,CHEMBL230,4.12,2016.0,4.12,COC(=O)CNC(=O)[C@@H](NC(=O)OCc1ccccc1)C(C)C,train
CHEMBL3810057,CHEMBL230,5.7,2016.0,5.7,O=C(O)CNC(=O)CNC(=O)OCc1ccccc1,train
CHEMBL3810167,CHEMBL230,6.3,2016.0,6.3,CC(C)C[C@H](NC(=O)[C@H](Cc1ccccc1)NC(=O)CNC(=O)CNC(=O)OCc1ccccc1)C(=O)O,val
CHEMBL3810231,CHEMBL230,4.26,2016.0,4.26,CC(C)[C@H](NC(=O)OCc1ccccc1)C(=O)NCC(=O)O,train
CHEMBL3810258,CHEMBL230,5.1,2016.0,5.1,CC(C)C[C@H](NC(=O)[C@@H](NC(=O)[C@H](C)NC(=O)CNC(=O)OCc1ccccc1)C(C)C)C(=O)O,train
CHEMBL3810371,CHEMBL230,4.7,2016.0,4.7,COC(=O)[C@H](CC(C)C)NC(=O)[C@H](Cc1ccccc1)NC(=O)CNC(=O)CNC(=O)OCc1ccccc1,val
CHEMBL381680,CHEMBL230,5.77,2005.0,5.77,CC1([O-])OC(=O)C(c2ccc(Cl)cc2)=C1c1ccc(S(C)(=O)=O)cc1.[Na+],train
CHEMBL3822638,CHEMBL230,4.98,2016.0,4.98,COc1ccc(-c2cc(C(=O)N/N=C/c3c(Cl)c4ccccc4oc3=O)nn2-c2ccc(S(N)(=O)=O)cc2)cc1OC,test
CHEMBL3822695,CHEMBL230,6.58,2016.0,6.58,NS(=O)(=O)c1ccc(-n2nc(C(=O)N/N=C/c3c(Cl)c4ccccc4oc3=O)cc2-c2cccc(F)c2)cc1,test
CHEMBL3822753,CHEMBL230,5.34,2016.0,5.34,NS(=O)(=O)c1ccc(-n2nc(C(=O)N/N=C/c3c(Cl)c4ccccc4oc3=O)cc2-c2ccccc2)cc1,test
CHEMBL3822899,CHEMBL230,5.97,2016.0,5.97,NS(=O)(=O)c1ccc(-n2nc(C(=O)N/N=C/c3c(Cl)c4ccccc4oc3=O)cc2-c2ccccc2Cl)cc1,test
CHEMBL3823115,CHEMBL230,7.05,2016.0,7.05,NS(=O)(=O)c1ccc(-n2nc(C(=O)N/N=C/c3c(Cl)c4ccccc4oc3=O)cc2-c2ccc(C(F)(F)F)cc2)cc1,test
CHEMBL3823187,CHEMBL230,6.33,2016.0,6.33,NS(=O)(=O)c1ccc(-n2nc(C(=O)N/N=C/c3c(Cl)c4ccccc4oc3=O)cc2-c2ccccc2F)cc1,test
CHEMBL3823208,CHEMBL230,6.27,2016.0,6.27,NS(=O)(=O)c1ccc(-n2nc(C(=O)N/N=C/c3c(Cl)c4ccccc4oc3=O)cc2-c2cccc(Cl)c2)cc1,test
CHEMBL3823238,CHEMBL230,5.16,2016.0,5.16,Cc1ccc(-c2cc(C(=O)N/N=C/c3c(Cl)c4ccccc4oc3=O)nn2-c2ccc(S(N)(=O)=O)cc2)cc1,test
CHEMBL3823276,CHEMBL230,4.66,2016.0,4.66,COc1cc(-c2cc(C(=O)N/N=C/c3c(Cl)c4ccccc4oc3=O)nn2-c2ccc(S(N)(=O)=O)cc2)cc(OC)c1OC,test
CHEMBL3823400,CHEMBL230,4.99,2016.0,4.99,COc1ccc(-c2cc(C(=O)N/N=C/c3c(Cl)c4ccccc4oc3=O)nn2-c2ccc(S(N)(=O)=O)cc2)cc1,test
CHEMBL3823420,CHEMBL230,5.12,2016.0,5.12,NS(=O)(=O)c1ccc(-n2nc(C(=O)N/N=C/c3c(Cl)c4ccccc4oc3=O)cc2-c2ccccc2O)cc1,test
CHEMBL3823440,CHEMBL230,6.77,2016.0,6.77,NS(=O)(=O)c1ccc(-n2nc(C(=O)N/N=C/c3c(Cl)c4ccccc4oc3=O)cc2-c2ccc(F)cc2)cc1,test
CHEMBL3823600,CHEMBL230,5.32,2016.0,5.32,Cc1cccc(-c2cc(C(=O)N/N=C/c3c(Cl)c4ccccc4oc3=O)nn2-c2ccc(S(N)(=O)=O)cc2)c1,test
CHEMBL3823689,CHEMBL230,5.0,2016.0,5.0,NS(=O)(=O)c1ccc(-n2nc(C(=O)N/N=C/c3c(Cl)c4ccccc4oc3=O)cc2-c2ccc(O)cc2)cc1,test
CHEMBL3823735,CHEMBL230,6.89,2016.0,6.89,NS(=O)(=O)c1ccc(-n2nc(C(=O)N/N=C/c3c(Cl)c4ccccc4oc3=O)cc2-c2ccc([N+](=O)[O-])cc2)cc1,test
CHEMBL3823759,CHEMBL230,5.15,2016.0,5.15,Cc1ccc(-c2cc(C(=O)N/N=C/c3c(Cl)c4ccccc4oc3=O)nn2-c2ccc(S(N)(=O)=O)cc2)c(C)c1,test
CHEMBL3823814,CHEMBL230,5.2,2016.0,5.2,Cc1ccc(-c2cc(C(=O)N/N=C/c3c(Cl)c4ccccc4oc3=O)nn2-c2ccc(S(N)(=O)=O)cc2)cc1C,test
CHEMBL3824003,CHEMBL230,5.21,2016.0,5.21,COc1cccc(-c2cc(C(=O)N/N=C/c3c(Cl)c4ccccc4oc3=O)nn2-c2ccc(S(N)(=O)=O)cc2)c1,test
CHEMBL3824049,CHEMBL230,6.52,2016.0,6.52,NS(=O)(=O)c1ccc(-n2nc(C(=O)N/N=C/c3c(Cl)c4ccccc4oc3=O)cc2-c2ccc(Cl)c(Cl)c2)cc1,test
CHEMBL3824071,CHEMBL230,5.05,2016.0,5.05,CCOc1ccc(-c2cc(C(=O)N/N=C/c3c(Cl)c4ccccc4oc3=O)nn2-c2ccc(S(N)(=O)=O)cc2)cc1,test
CHEMBL383092,CHEMBL230,5.43,2006.0,5.43,Cc1ccc(-c2ncc(Cl)cc2-c2ccc([S+](C)[O-])cc2)cn1,val
CHEMBL38368,CHEMBL230,7.92,2002.0,7.92,Cc1nc(-c2ccc(C)s2)c(-c2ccc(S(N)(=O)=O)cc2)o1,train
CHEMBL384659,CHEMBL230,6.03,2004.0,6.03,COC1(c2cc(F)cc(OCc3cc(-c4ccccc4)n(-c4ccc(C)cc4)n3)c2)CCOCC1,train
CHEMBL386006,CHEMBL230,4.0,2007.0,4.0,NS(=O)(=O)c1ccc(-n2cnc(Cl)c2-c2ccc(OCCCO)c(F)c2)cc1,val
CHEMBL386992,CHEMBL230,4.91,2006.0,4.91,NS(=O)(=O)c1ccc(/N=N/c2ccc(O)c(O)c2)cc1,test
CHEMBL387879,CHEMBL230,5.59,2004.0,5.59,O=S(=O)(Nc1ccncc1Oc1ccc(Cl)cc1Cl)C(F)(F)F,val
CHEMBL3884141,CHEMBL230,5.35,2017.0,5.35,Cc1ccc(-c2cc(C(=O)NCCCCCCC(=O)NO)nn2-c2ccc(S(C)(=O)=O)cc2)cc1,train
CHEMBL3885011,CHEMBL230,5.34,2017.0,5.34,COC(=O)Cc1c(C)n(Cc2ccc(-c3cn(CCCCCCCC(=O)NO)nn3)cc2)c2ccc(OC)cc12,val
CHEMBL388531,CHEMBL230,5.52,2008.0,5.52,OC[C@H]1C[C@](O)(c2ccc(Cl)cc2)[C@@H](c2ccc(Cl)cc2)O1,train
CHEMBL388532,CHEMBL230,6.0,2008.0,6.0,OC[C@H]1C[C@](O)(c2ccc(F)cc2)[C@@H](c2ccc(F)cc2)O1,train
CHEMBL3885367,CHEMBL230,6.48,2017.0,6.48,COc1ccc2c(c1)c(CC(=O)NCCCCCCC(=O)NO)c(C)n2C(=O)c1ccc(Cl)cc1,train
CHEMBL3885496,CHEMBL230,6.52,2017.0,6.52,Cc1ccc(-c2cc(C(F)(F)F)nn2-c2ccc(S(=O)(=O)NCCCCCCC(=O)NO)cc2)cc1,train
CHEMBL388606,CHEMBL230,5.16,2007.0,5.16,COc1c(O)c(C)c(OC)c2c1CCc1c(O)cccc1O2,test
CHEMBL388625,CHEMBL230,5.73,2004.0,5.73,CS(=O)(=O)Nc1ccncc1Oc1ccc(Cl)cc1,val
CHEMBL388628,CHEMBL230,6.89,2004.0,6.89,CS(=O)(=O)Nc1ccncc1Oc1ccccc1Cl,val
CHEMBL388756,CHEMBL230,5.19,2008.0,5.19,CS(=O)(=O)c1ccc([C@H]2O[C@@H](CO)C[C@]2(O)c2ccc(S(C)(=O)=O)cc2)cc1,train
CHEMBL3892572,CHEMBL230,4.97,2017.0,4.97,O=C(O)CNc1nc(-c2ccccc2)c(-c2ccccc2)s1,train
CHEMBL3893185,CHEMBL230,4.0,2016.0,4.0,CC(C)(C)C1=NN(c2ccc(C(=O)O)cc2)C(c2ccc(Cl)c(Cl)c2)C1,train
CHEMBL389398,CHEMBL230,5.0,2007.0,5.0,COC1=C(C)C(=O)C2=C(CCc3cc(O)ccc3O2)C1=O,train
CHEMBL389485,CHEMBL230,4.0,2004.0,4.0,CCCS(=O)(=O)Nc1ccncc1Oc1ccccc1,val
CHEMBL389849,CHEMBL230,4.45717457304082,2007.0,4.45717457304082,COC1=C(C)C(=O)C2=C(CCc3c(O)cccc3O2)C1=O,train
CHEMBL3899044,CHEMBL230,4.0,2016.0,4.0,O=C(O)c1ccccc1Nc1cc(C(F)(F)F)ccc1[N+](=O)[O-],train
CHEMBL3899621,CHEMBL230,4.0,2016.0,4.0,CC(C)(C)C1=NN(c2ccc(C(=O)O)cc2)C(c2ccc(Cl)cc2Cl)C1,train
CHEMBL39,CHEMBL230,3.3979400086720375,2012.0,3.3979400086720375,NCCc1c[nH]c2ccc(O)cc12,test
CHEMBL390117,CHEMBL230,4.0,2007.0,4.0,COc1ccc(C2=Cc3ccccc3CC2)cc1OC,train
CHEMBL39013,CHEMBL230,5.757363747448347,1999.0,5.757363747448347,Cc1nc(Sc2cc3c(cc2NS(C)(=O)=O)CCC3=O)sc1C,train
CHEMBL3901520,CHEMBL230,5.08,2017.0,5.08,O=C(CNc1nc(-c2ccccc2)c(-c2ccccc2)s1)N1CCOCC1,test
CHEMBL390317,CHEMBL230,4.0,2004.0,4.0,CS(=O)(=O)Nc1ccncc1Oc1cc(Cl)cc(Cl)c1,val
CHEMBL390320,CHEMBL230,4.0,2007.0,4.0,COc1cc2oc(=O)ccc2cc1O,train
CHEMBL3903347,CHEMBL230,3.491958110324827,2017.0,3.491958110324827,Cc1cc(C)c2c(=O)n(CCC(=O)N3CCN(c4ccccc4)CC3)sc2n1,train
CHEMBL3905241,CHEMBL230,3.5447809267279067,2017.0,3.5447809267279067,Cc1cc(C)c2c(=O)n(CCCC(=O)O)sc2n1,train
CHEMBL3905421,CHEMBL230,7.16,2015.0,7.16,Cc1c(CC(=O)OCCCCO[N+](=O)[O-])cc(-c2ccc(S(C)(=O)=O)cc2)n1-c1cccc(F)c1,train
CHEMBL3906128,CHEMBL230,6.96,2015.0,6.96,Cc1c(CC(=O)OCCCCO)cc(-c2ccc(S(C)(=O)=O)cc2)n1-c1cccc(F)c1,train
CHEMBL3906347,CHEMBL230,3.304086422363305,2017.0,3.304086422363305,Cc1cc(C)c2c(=O)n(CC(=O)N3CCN(c4cccc(Cl)c4)CC3)sc2n1,train
CHEMBL3906394,CHEMBL230,4.88,2017.0,4.88,O=C(Cn1cnc(-c2ccccc2)c1-c1ccccc1)N1CCCCC1,val
CHEMBL3906921,CHEMBL230,4.0,2016.0,4.0,CC(C)(C)C1=NN(c2ccc(C(=O)O)cc2)C(c2ccccc2F)C1,train
CHEMBL3908211,CHEMBL230,6.26,2015.0,6.26,COc1ccc(-n2c(-c3ccc(S(C)(=O)=O)cc3)cc(CC(=O)OCCCCO[N+](=O)[O-])c2C)cc1,train
CHEMBL3908604,CHEMBL230,4.7,2016.0,4.7,CC(=O)NC1=NN(C(C)=O)C(c2cn(-c3ccccc3)nc2-c2ccc([N+](=O)[O-])cc2)S1,train
CHEMBL3908967,CHEMBL230,4.0,2016.0,4.0,CC(C)(C)C1=NN(c2ccc(C(=O)O)cc2)C(c2ccc(Br)cc2)C1,train
CHEMBL3909240,CHEMBL230,4.0,2016.0,4.0,COc1cc(C(=O)O)ccc1C1CC(C(C)(C)C)=NN1c1ccc(C(=O)O)cc1,train
CHEMBL3909479,CHEMBL230,5.04,2017.0,5.04,COc1ccc(-c2nc(NCC(=O)O)sc2-c2ccc(OC)cc2)cc1,train
CHEMBL3909725,CHEMBL230,4.0,2016.0,4.0,CC(C)(C)C1=NN(c2ccc(C(=O)O)cc2)C(c2ccccc2Cl)C1,train
CHEMBL3910060,CHEMBL230,4.0,2016.0,4.0,CC(C)(C)C1=NN(c2ccc(C(=O)O)cc2)C(c2ccc(Cl)cc2)C1,train
CHEMBL3910569,CHEMBL230,4.82,2017.0,4.82,O=C(CNc1nc(-c2ccccc2)c(-c2ccccc2)s1)N1CCCCC1,test
CHEMBL3912571,CHEMBL230,2.900000000618938,2017.0,2.900000000618938,Cc1cc(C)c2c(=O)n(CN3CCN(c4ccccc4F)CC3)sc2n1,test
CHEMBL3912663,CHEMBL230,4.0,2016.0,4.0,CC(C)(C)C1=NN(c2ccc(C(=O)O)cc2)C(c2cccc(Cl)c2)C1,train
CHEMBL3912685,CHEMBL230,4.0,2016.0,4.0,COc1ccc(C2CC(c3cccc(OC)c3)=NN2c2ccc(C(=O)O)cc2)cc1,train
CHEMBL3914590,CHEMBL230,4.0,2016.0,4.0,CC(C)(C)C1=NN(c2ccc(C(=O)O)cc2)C(c2ccc([N+](=O)[O-])cc2)C1,train
CHEMBL3915322,CHEMBL230,3.5289922120100554,2017.0,3.5289922120100554,COc1cc2c(cc1OC)CN(C(=O)CCn1sc3nc(C)cc(C)c3c1=O)CC2,train
CHEMBL391533,CHEMBL230,4.3979400086720375,2019.0,4.3979400086720375,C[C@H]1[C@H](C)CC[C@]2(C(=O)O)CC[C@]3(C)C(=CC[C@@H]4[C@@]5(C)C[C@@H](O)[C@H](O)C(C)(C)[C@@H]5CC[C@]43C)[C@H]12,val
CHEMBL3915359,CHEMBL230,4.99,2017.0,4.99,CN1CCN(C(=O)Cn2cnc(-c3ccccc3)c2-c2ccccc2)CC1,train
CHEMBL3918044,CHEMBL230,4.0,2016.0,4.0,COc1ccc(C2CC(C(C)(C)C)=NN2c2ccc(C(=O)O)cc2)cc1,train
CHEMBL3918115,CHEMBL230,4.0,2016.0,4.0,CC(C)(C)C1=NN(c2ccc(C(=O)O)cc2)C(c2ccccc2)C1,train
CHEMBL3920270,CHEMBL230,4.85,2017.0,4.85,COc1ccc(-c2ncn(CC(=O)N3CCCCC3)c2-c2ccc(OC)cc2)cc1,val
CHEMBL3921118,CHEMBL230,4.0,2016.0,4.0,CC(C)(C)C1=NN(c2ccc(S(=O)(=O)O)cc2)C(c2ccc(F)cc2)C1,train
CHEMBL3921251,CHEMBL230,6.0,2016.0,6.0,O=C(Oc1ccc2c(c1)CCC2)N(NS(=O)(=O)c1ccc(Cl)cc1)c1ccccc1,train
CHEMBL3922249,CHEMBL230,4.0,2016.0,4.0,CC(C)(C)C1=NN(c2ccc(C(=O)O)cc2)C(c2ccccc2Br)C1,train
CHEMBL3922351,CHEMBL230,6.0,2016.0,6.0,O=C(Oc1ccc2c(c1)CCC2)N(Nc1ccccc1)S(=O)(=O)c1ccc(Cl)cc1,test
CHEMBL3924311,CHEMBL230,3.590123861386317,2017.0,3.590123861386317,Cc1cc(C)c2c(OCCCC(=O)O)nsc2n1,test
CHEMBL3924357,CHEMBL230,4.87,2017.0,4.87,O=C(O)Cn1cnc(-c2ccccc2)c1-c1ccccc1,train
CHEMBL392569,CHEMBL230,4.0,2007.0,4.0,COc1ccc2c(c1)c(CCOC(=O)NCCCO[N+](=O)[O-])c(C)n2C(=O)c1ccc(Cl)cc1,train
CHEMBL3926786,CHEMBL230,4.0,2016.0,4.0,COc1ccc(C2CC(c3ccc(OC)c(OC)c3)=NN2c2ccc(C(=O)O)cc2)cc1,train
CHEMBL3927064,CHEMBL230,4.0,2016.0,4.0,COc1ccc(C2CC(c3ccccc3OC)=NN2c2ccc(C(=O)O)cc2)cc1,train
CHEMBL3927500,CHEMBL230,6.66,2015.0,6.66,CSc1ccc(-n2c(-c3ccc(S(C)(=O)=O)cc3)cc(CC(=O)OCCCCO[N+](=O)[O-])c2C)cc1,train
CHEMBL3927662,CHEMBL230,5.16,2017.0,5.16,COc1ccc(-c2nc(NCC(=O)N3CCOCC3)sc2-c2ccc(OC)cc2)cc1,test
CHEMBL393127,CHEMBL230,6.16,2007.0,6.16,COc1ccc2c(c1)c(CC(=O)NOCCCO)c(C)n2C(=O)c1ccc(Cl)cc1,train
CHEMBL3931444,CHEMBL230,4.0,2016.0,4.0,CC(C)(C)C1=NN(c2cccc(C(=O)O)c2)C(c2ccc(Cl)cc2)C1,train
CHEMBL393292,CHEMBL230,3.309803919971486,2005.0,3.309803919971486,C[C@H]1O[C@H](O[C@@H]2[C@@H](O)[C@H](OCCc3ccc(O)c(O)c3)O[C@H](CO[C@H]3OCC(O)(CO)[C@@H]3O)[C@H]2OC(=O)/C=C/c2ccc(O)c(O)c2)[C@@H](O)[C@@H](O)[C@@H]1O,train
CHEMBL3933250,CHEMBL230,3.5727925420869386,2017.0,3.5727925420869386,Cc1cc(C)c2c(OC(C)C(=O)O)nsc2n1,test
CHEMBL3934363,CHEMBL230,5.04,2017.0,5.04,COc1ccc(-c2ncn(CC(=O)N3CCOCC3)c2-c2ccc(OC)cc2)cc1,train
CHEMBL3935079,CHEMBL230,5.1,2017.0,5.1,COc1ccc(-c2nc(NCC(=O)N3CCN(C)CC3)sc2-c2ccc(OC)cc2)cc1,train
CHEMBL3937157,CHEMBL230,4.0,2016.0,4.0,CC(C)C1=NN(c2ccc(C(=O)O)cc2)C(c2cccc([N+](=O)[O-])c2)C1,train
CHEMBL3937416,CHEMBL230,4.95,2017.0,4.95,O=C(Cn1cnc(-c2ccccc2)c1-c1ccccc1)N1CCOCC1,train
CHEMBL3945188,CHEMBL230,4.0,2016.0,4.0,COc1ccc([N+](=O)[O-])c(Nc2ccccc2C(=O)O)c1,train
CHEMBL3948850,CHEMBL230,3.3740936600189486,2017.0,3.3740936600189486,Cc1cc(C)c2c(=O)n(CCCC(=O)N3CCN(c4ccccc4)CC3)sc2n1,val
CHEMBL3949091,CHEMBL230,7.26,2015.0,7.26,CSc1ccc(-n2c(-c3ccc(S(C)(=O)=O)cc3)cc(CC(=O)OCCCCO)c2C)cc1,train
CHEMBL3950016,CHEMBL230,4.0,2016.0,4.0,COC(=O)c1cccc(Nc2ccc([N+](=O)[O-])c3ccccc23)c1,val
CHEMBL3952057,CHEMBL230,5.08,2017.0,5.08,COc1ccc(-c2ncn(CC(=O)N3CCN(C)CC3)c2-c2ccc(OC)cc2)cc1,train
CHEMBL39521,CHEMBL230,5.33,2001.0,5.33,C=C[C@@H]1[C@@H](O)C[C@@H]2[C@]3(CC[C@]4(C)[C@@H]([C@H](C)CCC=C(C)C)CC[C@@]24C)C[C@]13CCC(=O)O,train
CHEMBL3952880,CHEMBL230,4.79,2017.0,4.79,COc1ccc(-c2nc(NCC(=O)N3CCCCC3)sc2-c2ccc(OC)cc2)cc1,test
CHEMBL395428,CHEMBL230,4.3979400086720375,2019.0,4.3979400086720375,CC1(C)CC[C@]2(C)CC[C@]3(C)C(=CC[C@@H]4[C@@]5(C)CC[C@@H](O)[C@](C)(C(=O)O)[C@@H]5CC[C@]43C)[C@@H]2C1,val
CHEMBL3954425,CHEMBL230,4.0,2016.0,4.0,COc1ccc(C2CC(c3ccc(F)cc3)=NN2c2ccc(C(=O)O)cc2)cc1,train
CHEMBL3958352,CHEMBL230,3.888195416320885,2017.0,3.888195416320885,O=C(CCn1sc2ccccc2c1=O)N1CCN(c2cccc(Cl)c2)CC1,train
CHEMBL3960150,CHEMBL230,4.0,2016.0,4.0,CC(C)(C)C1=NN(c2ccc(C(=O)O)cc2)C(c2cccc(Br)c2)C1,train
CHEMBL3960755,CHEMBL230,4.9,2017.0,4.9,COc1ccc(-c2ncn(CC(=O)O)c2-c2ccc(OC)cc2)cc1,train
CHEMBL396182,CHEMBL230,5.66,2007.0,5.66,O=C(O)Cc1cccn1-c1ccc2c(c1)OCCO2,test
CHEMBL3963184,CHEMBL230,4.0,2016.0,4.0,CC(C)(C)C1=NN(c2ccc(S(=O)(=O)O)cc2)C(c2ccc(Cl)cc2)C1,train
CHEMBL3963234,CHEMBL230,4.0,2016.0,4.0,CC(C)(C)C1=NN(c2ccc(C(=O)O)cc2)C(c2cccc(F)c2)C1,train
CHEMBL3965079,CHEMBL230,4.0,2016.0,4.0,Cc1ccc(C2CC(C(C)(C)C)=NN2c2ccc(C(=O)O)cc2)cc1,train
CHEMBL3965233,CHEMBL230,3.5275737842014943,2017.0,3.5275737842014943,Cc1cc(C)c2c(=O)n(CN3CCN(C4CCCCC4)CC3)sc2n1,train
CHEMBL3971575,CHEMBL230,5.96,2015.0,5.96,COc1ccc(-n2c(-c3ccc(S(C)(=O)=O)cc3)cc(CC(=O)OCCCCO)c2C)cc1,train
CHEMBL3973623,CHEMBL230,4.0,2016.0,4.0,CC(=O)c1ccc(C(=O)O)c(Nc2ccccc2C(=O)O)c1,train
CHEMBL3974298,CHEMBL230,3.470584139164984,2017.0,3.470584139164984,Cc1cc(C)c2c(=O)n(CCC(=O)N3CCN(c4cccc(Cl)c4)CC3)sc2n1,train
CHEMBL3974473,CHEMBL230,2.793004694872959,2017.0,2.793004694872959,Cc1cc(C)c2c(=O)n(CN(C)CCNc3ccccc3)sc2n1,test
CHEMBL3976289,CHEMBL230,4.0,2016.0,4.0,CCOc1ccc(C2CC(C(C)(C)C)=NN2c2ccc(C(=O)O)cc2)cc1,train
CHEMBL3977032,CHEMBL230,3.5319734251443338,2017.0,3.5319734251443338,CCC(C(=O)N1CCN(c2ccccc2)CC1)n1sc2nc(C)cc(C)c2c1=O,train
CHEMBL3978014,CHEMBL230,2.33999999963408,2017.0,2.33999999963408,Cc1cc(C)c2c(OCCCC(=O)N3CCN(c4cccc(Cl)c4)CC3)nsc2n1,train
CHEMBL3978955,CHEMBL230,4.85,2016.0,4.85,CC(=O)NC1=NN(C(C)=O)C(c2cn(-c3ccccc3)nc2-c2ccc(O)cc2)S1,train
CHEMBL3979746,CHEMBL230,4.0,2016.0,4.0,COc1ccc(C2CC(c3ccccc3)=NN2c2ccc(C(=O)O)cc2)cc1,train
CHEMBL398087,CHEMBL230,5.62,2007.0,5.62,O=C(O)Cc1ccn(-c2ccccc2F)c1,train
CHEMBL3981625,CHEMBL230,4.96,2017.0,4.96,CN1CCN(C(=O)CNc2nc(-c3ccccc3)c(-c3ccccc3)s2)CC1,train
CHEMBL399198,CHEMBL230,5.92,2007.0,5.92,COc1ccc2c(c1)c(CC(=O)NCC(C)(C)CO[N+](=O)[O-])c(C)n2C(=O)c1ccc(Cl)cc1,train
CHEMBL399878,CHEMBL230,6.7,2007.0,6.7,CS(=O)(=O)c1ccc(C2SCC(=O)N2c2ccccc2)cc1,train
CHEMBL399879,CHEMBL230,6.82,2007.0,6.82,Cc1ccc(N2C(=O)CSC2c2ccc(S(C)(=O)=O)cc2)cc1,train
CHEMBL400080,CHEMBL230,6.8,2007.0,6.8,COc1ccc(N2C(=O)CSC2c2ccc(S(C)(=O)=O)cc2)cc1,train
CHEMBL40245,CHEMBL230,7.7,1997.0,7.7,Cc1c(Br)cc(-c2ccc(S(C)(=O)=O)cc2)n1-c1ccc(F)cc1,train
CHEMBL402784,CHEMBL230,5.0,2008.0,5.0,CS(=O)(=O)Oc1ccc(CNc2cc(C(F)(F)F)nc(-c3ccc(S(C)(=O)=O)cc3)n2)cc1,train
CHEMBL402978,CHEMBL230,3.9030899869919438,2008.0,3.9030899869919438,CCCCC[C@H](O)CC(=O)CCc1ccc(O)c(OC)c1,train
CHEMBL403099,CHEMBL230,6.28,2008.0,6.28,Cc1ccsc1CNc1cc(C(F)(F)F)nc(-c2ccc(S(C)(=O)=O)cc2)n1,test
CHEMBL403720,CHEMBL230,6.34,2008.0,6.34,CN(Cc1ccccc1)c1cc(C(F)(F)F)nc(-c2ccc(S(C)(=O)=O)cc2)n1,train
CHEMBL403827,CHEMBL230,6.67,2008.0,6.67,CS(=O)(=O)c1ccc(-c2nc(NCc3ccc(N)cc3)cc(C(F)(F)F)n2)cc1,train
CHEMBL403828,CHEMBL230,5.0,2008.0,5.0,CS(=O)(=O)c1ccc(-c2nc(NCC3CCCC3)cc(C(F)(F)F)n2)cc1,val
CHEMBL403957,CHEMBL230,8.27,2008.0,8.27,CS(=O)(=O)c1ccc(-c2nc(NCc3ccc(Cl)s3)cc(C(F)(F)F)n2)cc1,test
CHEMBL403985,CHEMBL230,5.0,2008.0,5.0,CS(=O)(=O)c1ccc(-c2nc(Nc3ccccc3)cc(C(F)(F)F)n2)cc1,train
CHEMBL404107,CHEMBL230,7.3,2007.0,7.3,COc1ccc2c(c1)c(CCOC(=O)c1ccc(Cl)cc1)c(C)n2Cc1ccc(Br)cc1,train
CHEMBL404108,CHEMBL230,6.869999999999999,2007.0,6.869999999999999,Cc1ccc(Nc2c(F)cccc2Cl)c(CC(=O)O)c1,train
CHEMBL404313,CHEMBL230,4.3979400086720375,2019.0,4.3979400086720375,C[C@H]1[C@H](C)CC[C@]2(C(=O)O)CC[C@]3(C)C(=CC[C@@H]4[C@@]5(C)C[C@@H](O)[C@H](O)[C@@](C)(CO)[C@@H]5CC[C@]43C)[C@H]12,val
CHEMBL404362,CHEMBL230,6.99,2008.0,6.99,CCc1c(NCc2ccc(F)cc2)nc(-c2ccc(S(C)(=O)=O)cc2)nc1C(F)(F)F,train
CHEMBL404476,CHEMBL230,5.29,2008.0,5.29,NS(=O)(=O)c1ccc(/C=N/c2ccc(O)cc2)cc1,val
CHEMBL404515,CHEMBL230,1.2218487496163564,1999.0,1.2218487496163564,Oc1cc(O)c2cc(O)c(-c3ccc(O)c(O)c3)[o+]c2c1,test
CHEMBL404607,CHEMBL230,5.53,2008.0,5.53,COc1cc(/C=N/c2ccc(S(N)(=O)=O)cc2)cc(OC)c1OC,val
CHEMBL404921,CHEMBL230,5.17,2008.0,5.17,NS(=O)(=O)c1ccc(/N=C/c2cccc([N+](=O)[O-])c2)cc1,val
CHEMBL405071,CHEMBL230,7.51,2008.0,7.51,CC(C)(C)c1cc(NCc2cccs2)nc(-c2ccc(S(C)(=O)=O)cc2)n1,test
CHEMBL405123,CHEMBL230,6.71,2008.0,6.71,CS(=O)(=O)c1ccc(-c2nc(NCc3nccs3)cc(C(F)(F)F)n2)cc1,train
CHEMBL405127,CHEMBL230,5.52,2013.0,5.52,CS(=O)(=O)c1ccc(/C=C(/C(=O)O)c2ccccc2)cc1,train
CHEMBL405319,CHEMBL230,4.0,2008.0,4.0,Nc1cccnc1NC(=O)c1ccc(C(F)(F)F)cc1,train
CHEMBL405417,CHEMBL230,4.0,2008.0,4.0,Nc1ccc(NC(=O)c2ccc(C(F)(F)F)cc2)cc1,val
CHEMBL405564,CHEMBL230,8.04,2008.0,8.04,CS(=O)(=O)c1ccc(-c2nccc(NCc3cccs3)n2)cc1,test
CHEMBL405623,CHEMBL230,7.68,1995.0,7.68,CS(=O)(=O)c1ccc(C2=C(c3ccc4c(c3)OCO4)CCC2)cc1,test
CHEMBL405743,CHEMBL230,5.0,2008.0,5.0,CS(=O)(=O)c1ccc(-c2nccc(NCc3ccccc3)n2)cc1,train
CHEMBL405744,CHEMBL230,6.13,2008.0,6.13,NS(=O)(=O)c1ccc(/N=C/c2ccc(O)c(C(=O)O)c2)cc1,val
CHEMBL405841,CHEMBL230,7.11,2008.0,7.11,CS(=O)(=O)c1ccc(-c2nc(NCc3ccc(F)cc3)cc(C(F)(F)F)n2)cc1,train
CHEMBL4059594,CHEMBL230,6.82,2017.0,6.82,CC1=NN(C(=O)c2ccccc2O)C(=O)C1,train
CHEMBL405972,CHEMBL230,3.5816987086802543,2008.0,3.5816987086802543,O=C1N/C(=N\c2nccs2)S/C1=C/c1cccc(Cl)c1,test
CHEMBL4061105,CHEMBL230,5.59,2017.0,5.59,Cc1c(C(=O)NCCc2ccccc2)nc2ccc(Cl)cc2c1O,train
CHEMBL406140,CHEMBL230,4.35,1997.0,4.35,NS(=O)(=O)c1ccc(-n2nc(C(F)(F)F)cc2-c2cccnc2)cc1,test
CHEMBL4062140,CHEMBL230,6.52,2017.0,6.52,O=C(O)C1=Cc2cc(S(F)(F)(F)(F)F)ccc2O[C@H]1C(F)(F)F,train
CHEMBL4062197,CHEMBL230,6.54,2017.0,6.54,COc1cc(-c2cc(C(=O)OCCOc3cc(=O)oc4ccccc34)nn2-c2ccc(S(N)(=O)=O)cc2)cc(OC)c1OC,train
CHEMBL4062843,CHEMBL230,6.26,2017.0,6.26,CN(C)/C=C/C(=O)c1ccc(Nc2nc(N3CCOCC3)nc(N3CCOCC3)n2)cc1,train
CHEMBL4063233,CHEMBL230,5.84,2017.0,5.84,NS(=O)(=O)c1ccc(-n2nc(C(=O)OCCOc3cc(=O)oc4ccccc34)cc2-c2cccc(Cl)c2)cc1,train
CHEMBL4063273,CHEMBL230,6.06,2017.0,6.06,COc1cc(/C=C/C(=O)c2ccc(Nc3nc(N4CCOCC4)nc(N4CCOCC4)n3)cc2)cc(OC)c1OC,train
CHEMBL406328,CHEMBL230,4.0,2008.0,4.0,Nc1cccc(NC(=O)c2ccc(C(F)(F)F)cc2)c1,val
CHEMBL4063300,CHEMBL230,6.13,2017.0,6.13,CS(=O)(=O)c1ccc(-n2nccc2-c2ccc(Nc3nc(N4CCOCC4)nc(N4CCOCC4)n3)cc2)cc1,train
CHEMBL4064047,CHEMBL230,5.35,2017.0,5.35,Cc1c(C(=O)c2conc2C(=O)c2cnn(-c3ccccc3)c2C)cnn1-c1ccccc1,test
CHEMBL406434,CHEMBL230,5.56,2008.0,5.56,COC(=O)c1ccc(/C=N/c2ccc(S(N)(=O)=O)cc2)cc1,val
CHEMBL406515,CHEMBL230,4.0,2008.0,4.0,Nc1cccc(C(=O)Nc2ccc(C(F)(F)F)cc2)c1,val
CHEMBL4065185,CHEMBL230,6.35,2017.0,6.35,N#Cc1c(N=Cc2ccco2)c(C(=O)Nc2ccc(Cl)cc2)n2c1CCC2,train
CHEMBL406527,CHEMBL230,7.42,2008.0,7.42,CC[S+]([O-])c1cc(NCc2cccs2)nc(-c2ccc(S(C)(=O)=O)cc2)n1,test
CHEMBL406528,CHEMBL230,5.6,2008.0,5.6,NS(=O)(=O)c1ccc(-c2nc(NCc3ccncc3)cc(C(F)(F)F)n2)cc1,test
CHEMBL4065530,CHEMBL230,7.79,2017.0,7.79,O=C(c1ccccc1O)n1nc(Nc2ccccc2)cc1-c1ccccc1O,test
CHEMBL4065539,CHEMBL230,5.6,2017.0,5.6,NS(=O)(=O)c1ccc(-n2nc(C(=O)Oc3ccc4ccc(=O)oc4c3)cc2-c2ccccc2)cc1,train
CHEMBL4065986,CHEMBL230,6.27,2017.0,6.27,NS(=O)(=O)c1ccc(-n2nc(C(=O)OCCOc3cc(=O)oc4ccccc34)cc2-c2ccccc2)cc1,train
CHEMBL4066211,CHEMBL230,5.56,2017.0,5.56,Cc1c(C(=O)NC(CO)Cc2ccccc2)nc2ccc(Cl)cc2c1O,train
CHEMBL4066899,CHEMBL230,5.55,2017.0,5.55,Cc1c(C(=O)N2CCNCC2)nc2ccc(Cl)cc2c1O,train
CHEMBL4067079,CHEMBL230,5.76,2017.0,5.76,c1cc(-c2ccc(Nc3nc(N4CCOCC4)nc(N4CCOCC4)n3)cc2)[nH]n1,train
CHEMBL4067108,CHEMBL230,5.74,2017.0,5.74,Cc1c(C2=C(N=O)Sc3ccccc3N2)cnn1-c1ccccc1,train
CHEMBL4067898,CHEMBL230,8.22,2017.0,8.22,COc1ccccc1-n1cc(COC(=O)C2CCn3c(C(=O)c4ccccc4)ccc32)nn1,test
CHEMBL4067927,CHEMBL230,5.0,2017.0,5.0,CC1(C)Oc2cc(C#Cc3cc(Cl)ccc3F)ccc2-c2[nH]c(-c3c(F)cccc3Cl)nc21,test
CHEMBL4068589,CHEMBL230,7.22,2017.0,7.22,CCc1cc(S(F)(F)(F)(F)F)cc2c1OC(C(F)(F)F)C(C(=O)O)=C2,train
CHEMBL406881,CHEMBL230,4.0,2008.0,4.0,Nc1ccccc1NC(=O)c1ccccc1C(F)(F)F,val
CHEMBL4069250,CHEMBL230,5.85,2017.0,5.85,CC(=O)Nc1ccc(OC(=O)c2c(-c3ccccc3)sc3c2CCCC3)cc1,val
CHEMBL4069602,CHEMBL230,7.34,2017.0,7.34,CCCc1cc(S(F)(F)(F)(F)F)cc2c1OC(C(F)(F)F)C(C(=O)O)=C2,train
CHEMBL4069692,CHEMBL230,6.04,2017.0,6.04,NS(=O)(=O)c1ccc(-n2nc(C(=O)OCCOc3ccc4ccc(=O)oc4c3)cc2-c2ccc(Cl)cc2)cc1,train
CHEMBL4069774,CHEMBL230,5.92,2017.0,5.92,Cc1c(C(=O)NCc2nc3ccccc3[nH]2)nc2ccc(Cl)cc2c1O,val
CHEMBL4069833,CHEMBL230,5.0,2017.0,5.0,CC1(C)Oc2cc(-c3cccc(OC(F)(F)F)c3)ccc2-c2[nH]c(-c3c(F)cccc3Cl)nc21,train
CHEMBL4069891,CHEMBL230,6.31,2017.0,6.31,NS(=O)(=O)c1ccc(-n2nc(C(=O)OCCOc3ccc4ccc(=O)oc4c3)cc2-c2cccc(Cl)c2)cc1,train
CHEMBL407019,CHEMBL230,5.51,2008.0,5.51,NS(=O)(=O)c1ccc(/C=N/c2ccccc2)cc1,val
CHEMBL407035,CHEMBL230,4.44,2013.0,4.44,CS(=O)(=O)c1ccc(/C=C(/C(=O)O)c2ccc(F)cc2)cc1,train
CHEMBL4070457,CHEMBL230,5.16,2017.0,5.16,CCc1ccc(N2C(=O)CS/C2=N/NC(=O)COc2ccc(Cl)cc2Cl)cc1,train
CHEMBL4070807,CHEMBL230,6.52,2017.0,6.52,NS(=O)(=O)c1ccc(-n2nc(C(=O)OCCOc3cc(=O)oc4ccccc34)cc2-c2cccc(F)c2)cc1,train
CHEMBL4071061,CHEMBL230,6.72,2017.0,6.72,Cc1ccc(NC(=O)c2c(N=Cc3ccco3)c(C#N)c3n2CCC3)cc1,train
CHEMBL407109,CHEMBL230,7.55,2007.0,7.55,Cc1ccc(Nc2c(Cl)cc(Cl)cc2Cl)c(CC(=O)O)c1,train
CHEMBL4071145,CHEMBL230,5.0,2017.0,5.0,CCCCCCCCCCCC(=O)c1c(O)c(-c2ccc(O)cc2)c[nH]c1=O,train
CHEMBL4071957,CHEMBL230,5.76,2017.0,5.76,Cc1c(-c2nc3ccccn3c2N=O)cnn1-c1ccccc1,train
CHEMBL4071983,CHEMBL230,7.7,2017.0,7.7,CCOC(=O)C1=C(N)n2c(=O)c3ncccc3c(=O)n2C1c1ccccc1O,train
CHEMBL4072067,CHEMBL230,7.25,2017.0,7.25,O=C(O)C1=Cc2cc(S(F)(F)(F)(F)F)cc(Br)c2OC1C(F)(F)F,train
CHEMBL4072244,CHEMBL230,6.44,2017.0,6.44,N#Cc1c(N=Cc2cccs2)c(C(=O)Nc2ccc(Cl)cc2)n2c1CCC2,test
CHEMBL4072432,CHEMBL230,5.0,2017.0,5.0,CCCCCCCCCCOC(=O)c1c(O)c(-c2ccc(O)cc2)c[nH]c1=O,train
CHEMBL4072576,CHEMBL230,5.93,2017.0,5.93,c1cc(-c2ccc(Nc3nc(N4CCOCC4)nc(N4CCOCC4)n3)cc2)on1,test
CHEMBL4072884,CHEMBL230,5.0,2017.0,5.0,CCCCCCCC(=O)c1c(O)c(-c2ccc(O)cc2)c[nH]c1=O,train
CHEMBL4072942,CHEMBL230,5.73,2017.0,5.73,c1ccc(-n2nccc2-c2ccc(Nc3nc(N4CCCCC4)nc(N4CCCCC4)n3)cc2)cc1,train
CHEMBL4073566,CHEMBL230,6.28,2017.0,6.28,N#Cc1c(N=Cc2ccc3ccccc3c2)c(C(=O)Nc2ccccc2)n2c1CCC2,train
CHEMBL407368,CHEMBL230,7.22,2007.0,7.22,Cc1ccc(Nc2c(C)cccc2Cl)c(CC(=O)O)c1,train
CHEMBL4073779,CHEMBL230,6.96,2017.0,6.96,Cc1ccc(NC(=O)c2c(N=Cc3cccs3)c(C#N)c3n2CCC3)cc1,test
CHEMBL4074153,CHEMBL230,7.04,2017.0,7.04,CCOC(=O)C1=C(N)n2c(=O)ccc(=O)n2C1c1ccccc1O,train
CHEMBL4074351,CHEMBL230,6.17,2017.0,6.17,N#Cc1c(N=Cc2cccnc2)c(C(=O)Nc2ccc(Cl)cc2)n2c1CCC2,train
CHEMBL4074716,CHEMBL230,8.0,2017.0,8.0,O=C(O)C1=Cc2cc(S(F)(F)(F)(F)F)ccc2O[C@@H]1C(F)(F)F,train
CHEMBL4074825,CHEMBL230,5.95,2017.0,5.95,Cc1c(C(=O)N2CCN(c3ccccc3)CC2)nc2ccc(Cl)cc2c1O,test
CHEMBL4075294,CHEMBL230,6.47,2017.0,6.47,O=C(O)C1=Cc2cc(S(F)(F)(F)(F)F)cc(Br)c2O[C@H]1C(F)(F)F,train
CHEMBL4075687,CHEMBL230,5.4350000000000005,2017.0,5.4350000000000005,NCc1c(-c2ccccc2)c(C(=O)O)c2ccccn12,train
CHEMBL407577,CHEMBL230,4.0,2008.0,4.0,Nc1cccnc1NC(=O)c1cccc(C(F)(F)F)c1,train
CHEMBL4075910,CHEMBL230,5.71,2017.0,5.71,CS(=O)(=O)c1ccc(-n2nccc2-c2ccc(Nc3nc(N4CCCCC4)nc(N4CCCCC4)n3)cc2)cc1,train
CHEMBL4075969,CHEMBL230,6.4,2017.0,6.4,Cc1ccc(-c2cc(C(=O)OCCOc3ccc4ccc(=O)oc4c3)nn2-c2ccc(S(N)(=O)=O)cc2)cc1,train
CHEMBL4076002,CHEMBL230,6.11,2017.0,6.11,NS(=O)(=O)c1ccc(-n2nc(C(=O)OCCOc3ccc4ccc(=O)oc4c3)cc2-c2ccccc2Cl)cc1,train
CHEMBL4076205,CHEMBL230,5.45,2017.0,5.45,Cc1c(C(=O)NC2CCCN(Cc3ccccc3)C2)nc2ccc(Cl)cc2c1O,val
CHEMBL4076451,CHEMBL230,6.09,2017.0,6.09,COc1cccc(-c2cc(C(=O)OCCOc3ccc4ccc(=O)oc4c3)nn2-c2ccc(S(N)(=O)=O)cc2)c1,train
CHEMBL4076689,CHEMBL230,7.0,2017.0,7.0,N#Cc1c(N=Cc2cccnc2)c(C(=O)Nc2ccccc2)n2c1CCC2,train
CHEMBL4076889,CHEMBL230,5.47,2017.0,5.47,NS(=O)(=O)c1ccc(-n2nc(COC(=O)c3cc4ccccc4oc3=O)cc2-c2ccc(F)cc2)cc1,train
CHEMBL4077052,CHEMBL230,6.36,2017.0,6.36,NS(=O)(=O)c1ccc(-n2nc(C(=O)OCCOc3cc(=O)oc4ccccc34)cc2-c2ccc(F)cc2)cc1,train
CHEMBL407712,CHEMBL230,5.26,2008.0,5.26,NS(=O)(=O)c1ccc(-c2nc(NCc3ccccn3)cc(C(F)(F)F)n2)cc1,train
CHEMBL4077191,CHEMBL230,5.89,2017.0,5.89,Cc1ccc(-c2nnc(-c3cnn(-c4ccccc4)c3C)c3nocc23)cc1,train
CHEMBL4077653,CHEMBL230,6.37,2017.0,6.37,COc1cccc(-c2cc(C(=O)OCCOc3cc(=O)oc4ccccc34)nn2-c2ccc(S(N)(=O)=O)cc2)c1,train
CHEMBL4077764,CHEMBL230,5.18,2017.0,5.18,Cc1c(-c2nc3ccccc3nc2N=O)cnn1-c1ccccc1,train
CHEMBL4078762,CHEMBL230,5.75,2017.0,5.75,CN(C)/C=C/C(=O)c1ccc(Nc2nc(N3CCCCC3)nc(N3CCCCC3)n2)cc1,test
CHEMBL4079032,CHEMBL230,6.96,2017.0,6.96,Cc1ccc(NC(=O)c2c(N=Cc3ccc4ccccc4c3)c(C#N)c3n2CCC3)cc1,train
CHEMBL4079043,CHEMBL230,6.11,2017.0,6.11,NS(=O)(=O)c1ccc(-n2nc(C(=O)OCCOc3ccc4ccc(=O)oc4c3)cc2-c2ccccc2)cc1,train
CHEMBL407951,CHEMBL230,5.0,2008.0,5.0,CS(=O)(=O)c1ccc(-c2nc(NCc3csc4ccccc34)cc(C(F)(F)F)n2)cc1,train
CHEMBL4080317,CHEMBL230,5.0,2017.0,5.0,O=CC1=Cc2cc(S(F)(F)(F)(F)F)ccc2OC1C(F)(F)F,train
CHEMBL4080473,CHEMBL230,5.78,2017.0,5.78,Cc1c(C(=O)NCCc2ccc(N(C)C)cc2)nc2ccc(Cl)cc2c1O,train
CHEMBL4080823,CHEMBL230,5.7,2017.0,5.7,c1cc(-c2ccc(Nc3nc(N4CCCCC4)nc(N4CCCCC4)n3)cc2)on1,train
CHEMBL4081499,CHEMBL230,5.0,2017.0,5.0,O=C(O)C1=Cc2ccc(S(F)(F)(F)(F)F)cc2OC1C(F)(F)F,train
CHEMBL408156,CHEMBL230,6.2,2007.0,6.2,O=C(O)Cc1ccccc1Nc1c(F)cccc1C(F)(F)F,train
CHEMBL408215,CHEMBL230,7.215,2008.0,7.215,NS(=O)(=O)c1ccc(-c2nc(NCc3ccsc3)cc(C(F)(F)F)n2)cc1,train
CHEMBL408216,CHEMBL230,6.84,2008.0,6.84,CCS(=O)(=O)c1cc(NCc2cccs2)nc(-c2ccc(S(C)(=O)=O)cc2)n1,test
CHEMBL4082443,CHEMBL230,5.38,2017.0,5.38,Cc1c(C2=C(N=O)Oc3ccccc3N2)cnn1-c1ccccc1,train
CHEMBL4082622,CHEMBL230,6.64,2017.0,6.64,COc1cc(-c2cc(C(=O)OCCOc3ccc4ccc(=O)oc4c3)nn2-c2ccc(S(N)(=O)=O)cc2)cc(OC)c1OC,train
CHEMBL408442,CHEMBL230,5.92,2008.0,5.92,CS(=O)(=O)c1ccc(-c2nc(NCCc3cccs3)cc(C(F)(F)F)n2)cc1,train
CHEMBL4084676,CHEMBL230,8.1,2017.0,8.1,O=C(O)C1=Cc2cc(S(F)(F)(F)(F)F)cc(Br)c2O[C@@H]1C(F)(F)F,train
CHEMBL4084887,CHEMBL230,6.31,2017.0,6.31,Cc1ccc(-c2cc(C(=O)OCCOc3cc(=O)oc4ccccc34)nn2-c2ccc(S(N)(=O)=O)cc2)cc1,train
CHEMBL4084975,CHEMBL230,5.63,2017.0,5.63,Cc1c(C(=O)/C(Cl)=N/O)cnn1-c1ccccc1,train
CHEMBL4085306,CHEMBL230,5.95,2017.0,5.95,c1cc(-c2ccc(Nc3nc(N4CCCCC4)nc(N4CCCCC4)n3)cc2)[nH]n1,test
CHEMBL4085615,CHEMBL230,5.95,2017.0,5.95,Cc1ccc(C(=O)c2conc2C(=O)c2cnn(-c3ccccc3)c2C)cc1,train
CHEMBL4085904,CHEMBL230,5.84,2017.0,5.84,c1ccc(-n2nccc2-c2ccc(Nc3nc(N4CCOCC4)nc(N4CCOCC4)n3)cc2)cc1,train
CHEMBL408619,CHEMBL230,5.54,2008.0,5.54,NS(=O)(=O)c1ccc(/N=C/c2ccccc2)cc1,val
CHEMBL4086242,CHEMBL230,5.0,2017.0,5.0,CCCCCCCCCCCCCCCCCC(=O)c1c(O)c(-c2ccc(O)cc2)c[nH]c1=O,train
CHEMBL4086580,CHEMBL230,6.17,2017.0,6.17,NS(=O)(=O)c1ccc(OC(=O)c2c(-c3ccccc3)sc3c2CCCC3)cc1,val
CHEMBL4086962,CHEMBL230,6.74,2017.0,6.74,CCOC(=O)C1=C(N)N2C(=O)CCC(=O)N2C1c1ccccc1O,train
CHEMBL4087573,CHEMBL230,5.85,2017.0,5.85,Cc1c(C(=O)NC2CCCCC2)nc2ccc(Cl)cc2c1O,train
CHEMBL408788,CHEMBL230,7.62,2008.0,7.62,CCSc1cc(NCc2ccccc2)nc(-c2ccc(S(C)(=O)=O)cc2)n1,train
CHEMBL4088012,CHEMBL230,6.72,2017.0,6.72,CCCCc1cc(S(F)(F)(F)(F)F)cc2c1OC(C(F)(F)F)C(C(=O)O)=C2,train
CHEMBL408808,CHEMBL230,4.0,2008.0,4.0,Nc1ccc(NC(=O)c2ccccc2C(F)(F)F)cc1,val
CHEMBL4088373,CHEMBL230,5.79,2017.0,5.79,Cc1c(C2=C(N=O)Nc3ccccc3N2)cnn1-c1ccccc1,train
CHEMBL408865,CHEMBL230,5.71,2008.0,5.71,CN(C)c1ccc(/N=C/c2ccc(S(N)(=O)=O)cc2)cc1,val
CHEMBL408897,CHEMBL230,6.09,2008.0,6.09,NS(=O)(=O)c1ccc(-c2nc(NCC3CCCCC3)cc(C(F)(F)F)n2)cc1,test
CHEMBL4089144,CHEMBL230,6.16,2017.0,6.16,COc1cc(C2CC(c3ccc(Nc4nc(N5CCCCC5)nc(N5CCCCC5)n4)cc3)=NN2C(C)=O)cc(OC)c1OC,train
CHEMBL4089272,CHEMBL230,5.72,2017.0,5.72,Cc1c(C(=O)NCCc2ccc(N3CCCC3C)cc2)nc2ccc(Cl)cc2c1O,train
CHEMBL409023,CHEMBL230,3.677780705266081,2008.0,3.677780705266081,Nc1ccc(NC(=O)c2ccc(C(F)(F)F)cc2)nc1,train
CHEMBL4090622,CHEMBL230,4.0,2017.0,4.0,O=C(O)C1=Cc2cc(S(F)(F)(F)(F)F)cc(Cc3ccccc3)c2OC1C(F)(F)F,train
CHEMBL4091547,CHEMBL230,7.75,2017.0,7.75,O=C(O)C1=Cc2cc(S(F)(F)(F)(F)F)ccc2OC1C(F)(F)F,train
CHEMBL4091890,CHEMBL230,6.11,2017.0,6.11,N#Cc1c(N=Cc2ccco2)c(C(=O)Nc2ccccc2)n2c1CCC2,train
CHEMBL4092434,CHEMBL230,6.48,2017.0,6.48,NS(=O)(=O)c1ccc(-n2nc(C(=O)OCCOc3cc(=O)oc4ccccc34)cc2-c2ccc([N+](=O)[O-])cc2)cc1,train
CHEMBL4092736,CHEMBL230,5.81,2017.0,5.81,Cc1c(-c2c(N=O)nc3ncccn23)cnn1-c1ccccc1,test
CHEMBL4092847,CHEMBL230,6.25,2017.0,6.25,N#Cc1c(N=Cc2cccs2)c(C(=O)Nc2ccccc2)n2c1CCC2,test
CHEMBL4093362,CHEMBL230,6.11,2017.0,6.11,Cc1c(-c2nnc(-c3ccccc3)c3conc23)cnn1-c1ccccc1,train
CHEMBL409467,CHEMBL230,5.0,2008.0,5.0,CS(=O)(=O)c1ccc(-c2nc(NCc3ccc(OC(F)(F)F)cc3)cc(C(F)(F)F)n2)cc1,train
CHEMBL409468,CHEMBL230,5.55,2008.0,5.55,NS(=O)(=O)c1ccc(-c2nc(NCc3ccco3)cc(C(F)(F)F)n2)cc1,train
CHEMBL4095272,CHEMBL230,5.72,2017.0,5.72,CCOC(=O)C(Cc1ccccc1)NC(=O)c1nc2ccc(Cl)cc2c(O)c1C,train
CHEMBL4095906,CHEMBL230,7.58,2017.0,7.58,Cc1cc(S(F)(F)(F)(F)F)cc2c1OC(C(F)(F)F)C(C(=O)O)=C2,train
CHEMBL409627,CHEMBL230,5.54,2005.0,5.54,C=C1C(=O)O[C@@H]2[C@H]1[C@@H](OC(C)=O)C[C@H](C)[C@@H]1CCC(=O)[C@@]21C,val
CHEMBL4096849,CHEMBL230,5.79,2017.0,5.79,COc1cc(/C=C/C(=O)c2ccc(Nc3nc(N4CCCCC4)nc(N4CCCCC4)n3)cc2)cc(OC)c1OC,test
CHEMBL4096865,CHEMBL230,6.8,2017.0,6.8,Cc1ccc(NC(=O)c2c(N=Cc3cccnc3)c(C#N)c3n2CCC3)cc1,train
CHEMBL4096972,CHEMBL230,5.76,2017.0,5.76,Cc1c(C(=O)N(C)c2ccccc2)nc2ccc(Cl)cc2c1O,val
CHEMBL4097045,CHEMBL230,6.77,2017.0,6.77,N#Cc1c(N=Cc2ccc3ccccc3c2)c(C(=O)Nc2ccc(Cl)cc2)n2c1CCC2,train
CHEMBL4097207,CHEMBL230,6.07,2017.0,6.07,NS(=O)(=O)c1ccc(-n2nc(C(=O)OCCOc3ccc4ccc(=O)oc4c3)cc2-c2cccc(F)c2)cc1,train
CHEMBL4097499,CHEMBL230,6.48,2017.0,6.48,O=C(Oc1ccccc1)c1c(-c2ccccc2)sc2c1CCCC2,val
CHEMBL4097555,CHEMBL230,5.54,2017.0,5.54,COc1cc(C2CC(c3ccc(Nc4nc(N5CCOCC5)nc(N5CCOCC5)n4)cc3)=NN2C(C)=O)cc(OC)c1OC,train
CHEMBL4098347,CHEMBL230,5.0,2017.0,5.0,O=CC1=Cc2cc(S(F)(F)(F)(F)F)cc(Br)c2OC1C(F)(F)F,train
CHEMBL4098600,CHEMBL230,6.51,2017.0,6.51,CC(=O)c1cccc(OC(=O)c2c(-c3ccccc3)sc3c2CCCC3)c1,val
CHEMBL4098802,CHEMBL230,5.48,2017.0,5.48,O=C(COc1ccc(Cl)cc1Cl)N/N=C1/SCC(=O)N1Cc1ccccc1,train
CHEMBL4099420,CHEMBL230,5.68,2017.0,5.68,Cc1c(C(=O)NCCc2ccc(N3CCCCC3)cc2)nc2ccc(Cl)cc2c1O,train
CHEMBL4100043,CHEMBL230,5.02,2017.0,5.02,O=C(COc1ccc(Cl)cc1Cl)N/N=C1/SCC(=O)N1c1ccc(Br)cc1,train
CHEMBL4100461,CHEMBL230,5.91,2017.0,5.91,Cc1c(C2=C(N=O)Oc3cccnc3N2)cnn1-c1ccccc1,test
CHEMBL4101105,CHEMBL230,5.16,2017.0,5.16,Cc1c(-c2nnc(-c3cnn(-c4ccccc4)c3C)c3nocc23)cnn1-c1ccccc1,test
CHEMBL4101763,CHEMBL230,6.31,2017.0,6.31,NS(=O)(=O)c1ccc(-n2nc(C(=O)NCCOc3ccc4ccc(=O)oc4c3)cc2-c2ccccc2)cc1,train
CHEMBL4102029,CHEMBL230,5.83,2017.0,5.83,Cc1c(C(=O)c2nocc2C(=O)c2ccccc2)cnn1-c1ccccc1,train
CHEMBL4102241,CHEMBL230,6.28,2017.0,6.28,NS(=O)(=O)c1ccc(-n2nc(C(=O)OCCOc3ccc4ccc(=O)oc4c3)cc2-c2ccc(F)cc2)cc1,train
CHEMBL410232,CHEMBL230,5.0,2008.0,5.0,CC(C)c1ccc(CNc2cc(C(F)(F)F)nc(-c3ccc(S(C)(=O)=O)cc3)n2)cc1,train
CHEMBL4103022,CHEMBL230,5.77,2017.0,5.77,Cc1c(C(=O)NCCc2ccc(N3CCCC3)cc2)nc2ccc(Cl)cc2c1O,train
CHEMBL4103357,CHEMBL230,6.88,2017.0,6.88,O=C(NN1C(=O)c2ccccc2C1=O)c1ccccc1O,train
CHEMBL4103621,CHEMBL230,5.0,2017.0,5.0,CC1(C)Oc2cc(-c3cccc(C(F)(F)F)c3)ccc2-c2[nH]c(-c3c(F)cccc3Cl)nc21,train
CHEMBL410419,CHEMBL230,5.824999999999999,1999.0,5.824999999999999,CC1(C)OC(=O)C(Nc2ccccc2)=C1c1ccc(S(C)(=O)=O)cc1,train
CHEMBL4104574,CHEMBL230,5.62,2017.0,5.62,CC(=O)c1ccc(Nc2nc(N3CCCCC3)nc(N3CCCCC3)n2)cc1,test
CHEMBL4104705,CHEMBL230,5.5,2017.0,5.5,Cc1c(C(=O)N2CCCCC2)nc2ccc(Cl)cc2c1O,train
CHEMBL410524,CHEMBL230,5.2,2008.0,5.2,NS(=O)(=O)c1ccc(-c2nc(NCc3ccccc3)cc(C(F)(F)F)n2)cc1,train
CHEMBL410911,CHEMBL230,5.0,2008.0,5.0,CS(=O)(=O)c1ccc(-c2nc(C(F)(F)F)cc(S(=O)(=O)Cc3ccccc3)n2)cc1,train
CHEMBL4109738,CHEMBL230,7.24,2015.0,7.24,Cc1c(CC(=O)N[C@H](CO)C(=O)O)cc(-c2ccc(S(C)(=O)=O)cc2)n1-c1cccc(F)c1,train
CHEMBL4109772,CHEMBL230,6.8,2015.0,6.8,Cc1c(CC(=O)N[C@H](CO)C(=O)O)cc(-c2ccc(S(C)(=O)=O)cc2)n1-c1ccc(F)cc1,train
CHEMBL4110339,CHEMBL230,6.51,2015.0,6.51,Cc1c(CC(=O)N[C@H](CO[N+](=O)[O-])C(=O)O)cc(-c2ccc(S(C)(=O)=O)cc2)n1-c1ccc(F)cc1,train
CHEMBL4111609,CHEMBL230,6.85,2015.0,6.85,Cc1c(CC(=O)N[C@H](CO[N+](=O)[O-])C(=O)O)cc(-c2ccc(S(C)(=O)=O)cc2)n1-c1cccc(F)c1,train
CHEMBL411317,CHEMBL2094253,4.27,2018.0,4.27,Oc1ccc2c(c1)CCc1ccc(cc1)Oc1cc(ccc1O)CCc1ccc-2c(O)c1,train
CHEMBL411894,CHEMBL230,7.68,1996.0,7.68,NS(=O)(=O)c1ccc(-n2nc(C(F)(F)F)c3c2-c2cc(F)ccc2CS3)cc1,train
CHEMBL412307,CHEMBL230,7.07,2002.0,7.07,COc1ccc2c(c1)c(CC(=O)N[C@H](CO)Cc1ccccc1)c(C)n2C(=O)c1ccc(Cl)cc1,train
CHEMBL4126559,CHEMBL230,6.51,2018.0,6.51,CCN1C(C)=CC/C1=N/N=C(\C)c1cc2ccccc2oc1=O,val
CHEMBL4127794,CHEMBL230,6.51,2018.0,6.51,C/C(=N\N=C1\CCC(=O)N1C)c1cc2ccccc2oc1=O,train
CHEMBL4127948,CHEMBL230,6.51,2018.0,6.51,CC1=CC/C(=N/N=C(\C)c2cc3ccccc3oc2=O)N1C,val
CHEMBL4129191,CHEMBL230,6.41,2018.0,6.41,C/C(=N\N=C1\CC(C)C(=O)N1C)c1cc2ccccc2oc1=O,train
CHEMBL4129984,CHEMBL230,6.51,2018.0,6.51,CCOC(=O)C1=C(C)N(CC)/C(=N\N=C(/C)c2cc3ccccc3oc2=O)C1,val
CHEMBL413324,CHEMBL2094253,5.51,1990.0,5.51,COc1cc(/C=C/c2cccs2)cc(C)c1O,train
CHEMBL414005,CHEMBL230,6.57,2008.0,6.57,COc1ccc(CNc2cc(C(F)(F)F)nc(-c3ccc(S(C)(=O)=O)cc3)n2)cc1,train
CHEMBL41405,CHEMBL230,6.68,1999.0,6.68,C=Cc1csc(Sc2cc3c(cc2NS(C)(=O)=O)COC3=O)n1,test
CHEMBL414162,CHEMBL230,5.8,1997.0,5.8,CS(=O)(=O)c1ccc(-n2cc(C=O)nc2-c2ccc(Cl)cc2)cc1,train
CHEMBL414437,CHEMBL230,6.62,2004.0,6.62,Cc1nn(-c2ccc(S(N)(=O)=O)cc2)c2c1c(O)nc1ccc([N+](=O)[O-])cc12,test
CHEMBL414824,CHEMBL2094253,6.375,1989.0,6.375,CC(C)(C)c1cc(/C=C/c2cccnc2)cc(C(C)(C)C)c1O,val
CHEMBL414883,CHEMBL230,7.57,2005.0,7.57,C[C@@H]1C[C@H]2O[C@@H]2/C=C\C=C\C(=O)Cc2c(Cl)c(O)cc(O)c2C(=O)O1,val
CHEMBL415895,CHEMBL230,6.64,1997.0,6.64,CS(=O)(=O)c1ccc(-n2cc(C#N)nc2-c2ccc(Cl)cc2)cc1,train
CHEMBL4159582,CHEMBL230,4.89,2018.0,4.89,CS(=O)(=O)c1ccc(NC(=O)NNC(=S)Nc2ccccc2)cc1,train
CHEMBL4159797,CHEMBL230,5.22,2018.0,5.22,O=C(NCCOc1nc(Cl)nc(Nc2ccc(N3CCOCC3=O)cc2)n1)C1CCCN1C(=O)OCc1ccccc1,train
CHEMBL4160157,CHEMBL230,4.1,2018.0,4.1,Cc1ccc(S(=O)(=O)NCCOc2nc(Cl)nc(Nc3ccc(N4CCOCC4=O)cc3)n2)cc1,train
CHEMBL4160466,CHEMBL230,4.0,2018.0,4.0,O=C1COCCN1c1ccc(Nc2nc(Cl)nc(N3CCN(c4ccccc4)CC3)n2)cc1,train
CHEMBL4160954,CHEMBL230,6.01,2017.0,6.01,CS(=O)(=O)c1ccc(-n2nc(-c3ccc(O)cc3)cc2-c2ccc(C(F)(F)F)cc2)cc1,train
CHEMBL416126,CHEMBL230,7.92,1996.0,7.92,CS(=O)(=O)c1ccc(-c2cc(F)c(F)cc2-c2ccc3c(c2)OCO3)cc1,test
CHEMBL4161423,CHEMBL230,6.82,2018.0,6.82,CS(=O)(=O)c1ccc(-c2nc(SCCN(O)C(N)=O)nn2-c2ccc(Br)cc2)cc1,val
CHEMBL416146,CHEMBL230,6.25,1998.0,6.25,Cc1ccc(-c2ncc(Cl)cc2-c2ccc(S(C)(=O)=O)cc2)cn1,val
CHEMBL416165,CHEMBL230,4.698970004336019,1999.0,4.698970004336019,CC(C)(C)c1cc(-c2nnc(SCc3ccccc3)s2)cc(C(C)(C)C)c1O,test
CHEMBL4161755,CHEMBL2094253,7.3,2017.0,7.3,COc1ccc2c(c1)c1c(n2C(=O)c2ccc(Cl)cc2)CC(C)(C)CC1=O,train
CHEMBL4161755,CHEMBL230,6.01,2017.0,6.01,COc1ccc2c(c1)c1c(n2C(=O)c2ccc(Cl)cc2)CC(C)(C)CC1=O,train
CHEMBL4162045,CHEMBL230,6.0,2018.0,6.0,O=C1COCCN1c1ccc(Nc2nc(Cl)nc(OCCCl)n2)cc1,test
CHEMBL4162061,CHEMBL2094253,7.48,2017.0,7.48,CS(=O)(=O)c1ccc2c(c1)c1c(n2Cc2ccc(Cl)cc2)CCCC1=O,train
CHEMBL4162061,CHEMBL230,6.24,2017.0,6.24,CS(=O)(=O)c1ccc2c(c1)c1c(n2Cc2ccc(Cl)cc2)CCCC1=O,train
CHEMBL4162459,CHEMBL230,5.22,2018.0,5.22,COc1ccc(Nc2nc(Cl)nc(Nc3ccc(N4CCOCC4=O)cc3)n2)cc1,train
CHEMBL416250,CHEMBL230,6.18,1997.0,6.18,CNc1ccc(-c2nc(C(F)(F)F)cn2-c2ccc(S(C)(=O)=O)cc2)cc1Cl,train
CHEMBL4162939,CHEMBL230,5.5,2018.0,5.5,Cc1cccc(C)c1NC(=S)NNC(=O)Nc1ccc(S(C)(=O)=O)cc1,train
CHEMBL4163044,CHEMBL230,5.51,2017.0,5.51,COc1ccc(-c2noc(CC(=O)OC[C@H]3O[C@@H](O)[C@H](O)[C@@H](O)[C@H]3O)c2-c2ccc(OC)cc2)cc1,train
CHEMBL4163160,CHEMBL230,5.22,2018.0,5.22,O=C1COCCN1c1ccc(Nc2nc(Nc3ccc(Cl)cc3)nc(N3CCOCC3)n2)cc1,train
CHEMBL416363,CHEMBL230,5.5649999999999995,2003.0,5.5649999999999995,CC1(O)OC(=O)C(c2cc(F)cc(F)c2)=C1c1ccc(S(C)(=O)=O)cc1,train
CHEMBL416394,CHEMBL230,4.0,1997.0,4.0,COc1cc(-c2ccccc2)n(-c2ccc(S(N)(=O)=O)cc2)n1,train
CHEMBL4164251,CHEMBL230,6.3,2018.0,6.3,Nc1nc(Cl)nc(Nc2ccc(N3CCOCC3=O)cc2)n1,test
CHEMBL416542,CHEMBL230,4.631029995663981,2004.0,4.631029995663981,CC(C(=O)O)c1ccc(CC2CCCC2O)cc1,test
CHEMBL4165467,CHEMBL230,6.01,2017.0,6.01,CCOc1ccc(-c2cc(-c3ccc(C(F)(F)F)cc3)n(-c3ccc(S(C)(=O)=O)cc3)n2)cc1,train
CHEMBL4165528,CHEMBL230,4.84,2017.0,4.84,O=C(NCc1ccc(F)cc1)C(=O)Oc1sc2ccccc2c1Br,test
CHEMBL4165597,CHEMBL2094253,7.42,2017.0,7.42,CS(=O)(=O)c1ccc2c(c1)c1c(n2C(=O)c2ccc(Cl)cc2)CCCC1,train
CHEMBL4165597,CHEMBL230,6.09,2017.0,6.09,CS(=O)(=O)c1ccc2c(c1)c1c(n2C(=O)c2ccc(Cl)cc2)CCCC1,train
CHEMBL4165753,CHEMBL230,7.0,2018.0,7.0,O=C1COCCN1c1ccc(Nc2nc(Cl)nc(Nc3ccccc3)n2)cc1,train
CHEMBL416589,CHEMBL230,6.03,2002.0,6.03,Cc1nc(C2CCCCC2)c(-c2ccc(S(N)(=O)=O)c(N)c2)o1,test
CHEMBL4165902,CHEMBL230,7.1,2018.0,7.1,O=C1COCCN1c1ccc(Nc2nc(Cl)nc(Nc3ccc(Cl)cc3)n2)cc1,train
CHEMBL4166395,CHEMBL230,4.9,2018.0,4.9,CS(=O)(=O)c1ccc(NC(=O)NNC(=S)Nc2ccc(F)cc2)cc1,train
CHEMBL416687,CHEMBL230,4.522878745280337,1995.0,4.522878745280337,CCS(=O)(=O)c1ccc(-c2ccsc2-c2ccc(F)cc2)cc1,train
CHEMBL4166924,CHEMBL230,4.46,2017.0,4.46,CCC(C)C(C(=O)O)N(C(=O)C(N)CC(C)C)C(C(=O)O)C(C)CC,train
CHEMBL4166937,CHEMBL230,6.32,2017.0,6.32,CS(=O)(=O)c1ccc(C2NN=C(c3ccc([N+](=O)[O-])cc3)O2)cc1,train
CHEMBL4167700,CHEMBL230,7.22,2018.0,7.22,O=C1COCCN1c1ccc(Nc2nc(Cl)nc(N3CCCC3)n2)cc1,train
CHEMBL4167707,CHEMBL230,4.16,2018.0,4.16,O=C(NCCOc1nc(Cl)nc(Nc2ccc(N3CCOCC3=O)cc2)n1)c1ccccc1F,test
CHEMBL4168891,CHEMBL230,7.1,2017.0,7.1,NS(=O)(=O)c1ccc(N2N=C(c3ccc(N4CCOCC4)cc3)CC2c2ccc(F)cc2F)cc1,train
CHEMBL416902,CHEMBL230,7.55,1999.0,7.55,COc1ccc(-c2nc(C)sc2-c2ccc(S(N)(=O)=O)cc2)cc1F,train
CHEMBL4169030,CHEMBL2094253,7.36,2017.0,7.36,COc1ccc2c(c1)c1c(n2Cc2ccc(Cl)cc2)CC(C)(C)CC1=O,train
CHEMBL4169030,CHEMBL230,6.04,2017.0,6.04,COc1ccc2c(c1)c1c(n2Cc2ccc(Cl)cc2)CC(C)(C)CC1=O,train
CHEMBL4169332,CHEMBL230,4.12,2018.0,4.12,[N-]=[N+]=NCCOc1nc(Cl)nc(Nc2ccc(N3CCOCC3=O)cc2)n1,test
CHEMBL4169347,CHEMBL2094253,7.64,2017.0,7.64,CS(=O)(=O)c1ccc2c(c1)c1c(n2C(=O)c2ccc(Cl)cc2)CCCC1=O,train
CHEMBL4169347,CHEMBL230,6.64,2017.0,6.64,CS(=O)(=O)c1ccc2c(c1)c1c(n2C(=O)c2ccc(Cl)cc2)CCCC1=O,train
CHEMBL4169819,CHEMBL230,5.27,2018.0,5.27,CS(=O)(=O)c1ccc(NC(=O)NNC(=S)Nc2ccc(Cl)cc2)cc1,train
CHEMBL416989,CHEMBL230,6.46,1997.0,6.46,CSc1cccc(-c2nc(C(F)(F)F)cn2-c2ccc(S(C)(=O)=O)cc2)c1,train
CHEMBL4170011,CHEMBL230,4.91,2017.0,4.91,O=C(NCc1ccccc1)c1sc2ccccc2c1Br,train
CHEMBL4170210,CHEMBL230,5.67,2018.0,5.67,Cc1ccc(NC(=S)NNC(=O)Nc2ccc(S(C)(=O)=O)cc2)cc1,train
CHEMBL4170326,CHEMBL230,4.25,2017.0,4.25,COc1ccc2ccc(=O)oc2c1C/C=C(\C)COC(=O)CC(C)C,train
CHEMBL4170378,CHEMBL230,7.4,2018.0,7.4,O=C1COCCN1c1ccc(Nc2nc(Cl)nc(Nc3ccc(O)cc3)n2)cc1,train
CHEMBL4170508,CHEMBL230,7.05,2017.0,7.05,CS(=O)(=O)c1ccc(C2C(c3ccccc3)=NOC23COc2ccccc2C3=O)cc1,val
CHEMBL417073,CHEMBL230,5.46,1999.0,5.46,CC(C)(C)c1cc(-c2nnc(N)s2)cc(C(C)(C)C)c1O,train
CHEMBL4170800,CHEMBL230,6.3,2018.0,6.3,O=C(NCCOc1nc(Cl)nc(Nc2ccc(N3CCOCC3=O)cc2)n1)c1ccc(Cl)s1,train
CHEMBL4171063,CHEMBL230,6.22,2018.0,6.22,O=C1COCCN1c1ccc(Nc2nc(Cl)nc(NC3CCCCC3)n2)cc1,val
CHEMBL4171075,CHEMBL230,6.22,2018.0,6.22,COC(=O)C(N)Cc1ccc(Oc2nc(Cl)nc(Nc3ccc(N4CCOCC4=O)cc3)n2)cc1,val
CHEMBL4171339,CHEMBL230,6.57,2017.0,6.57,COc1ccc(-c2noc(CC(=O)NCCCCCCCCCCC(=O)OC[C@H]3OC(O)[C@H](O)[C@@H](O)[C@H]3O)c2-c2ccc(OC)cc2)cc1,test
CHEMBL417170,CHEMBL230,7.52,1997.0,7.52,Cc1cc(F)cc(-c2nc(C(F)(F)F)cn2-c2ccc(S(N)(=O)=O)cc2)c1,train
CHEMBL417204,CHEMBL230,8.0,1995.0,8.0,CC(C)c1cc(-c2ccc(S(N)(=O)=O)cc2)c(-c2ccc(F)cc2)s1,train
CHEMBL4172129,CHEMBL230,5.16,2018.0,5.16,O=C1COCCN1c1ccc(Nc2nc(Cl)nc(Cl)n2)cc1,test
CHEMBL4172247,CHEMBL230,7.7,2017.0,7.7,Cc1ccc(-c2c(-c3ccc(S(C)(=O)=O)cc3)c3cccc4ccn2c43)cc1,train
CHEMBL417254,CHEMBL230,6.4,1998.0,6.4,CC(C)(C)c1cc(C(=O)CSCC2CC2)cc2c1OCC2(C)C,train
CHEMBL4172542,CHEMBL230,3.8239087409443187,2021.0,3.8239087409443187,c1ccc(-c2cc(-c3ccccc3)c3ncccc3n2)cc1,train
CHEMBL417266,CHEMBL230,6.46,1999.0,6.46,CS(=O)(=O)c1ccc(-c2sc(CC#N)nc2-c2ccc(F)cc2)cc1,train
CHEMBL4172724,CHEMBL230,6.3,2018.0,6.3,O=C1COCCN1c1ccc(Nc2nc(Cl)nc(Nc3ccc(Br)cc3)n2)cc1,train
CHEMBL4172740,CHEMBL2094253,7.47,2017.0,7.47,CS(=O)(=O)c1ccc2c(c1)c1c(n2S(=O)(=O)c2ccc(Cl)cc2)CCCC1=O,test
CHEMBL4172740,CHEMBL230,6.1,2017.0,6.1,CS(=O)(=O)c1ccc2c(c1)c1c(n2S(=O)(=O)c2ccc(Cl)cc2)CCCC1=O,test
CHEMBL4173449,CHEMBL230,4.75,2017.0,4.75,O=C(NCCc1ccccc1)c1sc2ccccc2c1Br,val
CHEMBL4173526,CHEMBL2094253,7.57,2017.0,7.57,CS(=O)(=O)c1ccc2c(c1)c1c(n2Cc2ccc(Cl)cc2)CCCC1,train
CHEMBL4173526,CHEMBL230,6.55,2017.0,6.55,CS(=O)(=O)c1ccc2c(c1)c1c(n2Cc2ccc(Cl)cc2)CCCC1,train
CHEMBL4173650,CHEMBL230,5.15,2018.0,5.15,COc1ccc(NC(=S)NNC(=O)Nc2ccc(S(C)(=O)=O)cc2)cc1,train
CHEMBL4173674,CHEMBL230,4.22,2018.0,4.22,O=C1COCCN1c1ccc(Nc2nc(Cl)nc(NCc3ccccc3)n2)cc1,train
CHEMBL4173681,CHEMBL230,4.34,2017.0,4.34,COc1ccc2ccc(=O)oc2c1C/C=C(\C)COC(=O)C=C(C)C,train
CHEMBL4173747,CHEMBL230,4.301029995663981,2017.0,4.301029995663981,COc1ccc(-c2noc(CC(=O)NCCCCC(=O)OC[C@H]3OC(O)[C@H](O)[C@@H](O)[C@H]3O)c2-c2ccc(OC)cc2)cc1,train
CHEMBL417378,CHEMBL2094253,5.0,1990.0,5.0,Cc1cc(/C=C/c2ccc(C(=O)O)cc2)cc(C)c1O,train
CHEMBL417379,CHEMBL2094253,6.12,1990.0,6.12,Cc1cc(/C=C/c2ccc(Cl)cc2)cc(C)c1O,train
CHEMBL417380,CHEMBL2094253,5.0,1990.0,5.0,CCCCOc1ccc(/C=C/c2cc(C)c(O)c(C)c2)cc1,train
CHEMBL4173819,CHEMBL230,4.16,2018.0,4.16,Cc1ccc(Nc2nc(Cl)nc(Nc3ccc(N4CCOCC4=O)cc3)n2)cc1,train
CHEMBL41739,CHEMBL230,6.470000000000001,1999.0,6.470000000000001,CS(=O)(=O)Nc1cc2c(cc1Sc1ncccc1Cl)C(=O)CC2,train
CHEMBL417452,CHEMBL230,4.0,2004.0,4.0,C[C@@H](C(=O)O)c1ccc(C[C@H]2CCC[C@@H]2O)cc1,test
CHEMBL4175569,CHEMBL230,4.0,2018.0,4.0,O=C1COCCN1c1ccc(Nc2nc(Cl)nc(N3CCOCC3)n2)cc1,train
CHEMBL4176074,CHEMBL230,7.85,2017.0,7.85,Cc1ccc(Nc2c(F)cccc2Cl)c(Cc2nnn[nH]2)c1,train
CHEMBL4176892,CHEMBL2094253,7.39,2017.0,7.39,COc1ccc2c(c1)c1c(n2S(=O)(=O)c2ccc(Cl)cc2)CC(C)(C)CC1=O,test
CHEMBL4176892,CHEMBL230,6.06,2017.0,6.06,COc1ccc2c(c1)c1c(n2S(=O)(=O)c2ccc(Cl)cc2)CC(C)(C)CC1=O,test
CHEMBL4177013,CHEMBL230,5.19,2018.0,5.19,CS(=O)(=O)c1ccc(NC(=O)NNC(=S)Nc2c(F)cccc2F)cc1,train
CHEMBL4177170,CHEMBL230,4.05,2018.0,4.05,NCCOc1nc(Cl)nc(Nc2ccc(N3CCOCC3=O)cc2)n1,test
CHEMBL4177185,CHEMBL2094253,7.55,2017.0,7.55,CS(=O)(=O)c1ccc2c(c1)c1c(n2S(=O)(=O)c2ccc(Cl)cc2)CCCC1,train
CHEMBL4177185,CHEMBL230,6.47,2017.0,6.47,CS(=O)(=O)c1ccc2c(c1)c1c(n2S(=O)(=O)c2ccc(Cl)cc2)CCCC1,train
CHEMBL417748,CHEMBL230,7.89,1996.0,7.89,Cc1ccc(-c2cc(F)c(F)cc2-c2ccc(S(C)(=O)=O)cc2)cc1Cl,test
CHEMBL417894,CHEMBL230,5.23,1997.0,5.23,CS(=O)(=O)c1ccc(-c2nc(C(F)(F)F)cn2-c2ccc(F)cc2)cc1,train
CHEMBL417968,CHEMBL2094253,4.0,1987.0,4.0,CCN(CC)C(=O)N(C)C[C@H](O)c1cccc(OCc2ccc3ccccc3n2)c1,test
CHEMBL418448,CHEMBL230,7.89,1996.0,7.89,COc1ccc(-c2cc(F)c(F)cc2-c2ccc(S(C)(=O)=O)cc2)cc1C,test
CHEMBL418516,CHEMBL230,6.28,2004.0,6.28,CN(C)c1ccc(-n2nc(C(F)(F)F)cc2-c2ccc(NS(C)(=O)=O)cc2)cc1,train
CHEMBL418574,CHEMBL230,7.24,1997.0,7.24,NS(=O)(=O)c1ccc(-n2nc(C(F)(F)F)cc2-c2ccccc2F)cc1,train
CHEMBL418859,CHEMBL230,7.85,2003.0,7.85,CS(=O)(=O)c1ccc(-n2cnc(Cl)c2-c2ccc(F)cc2)cc1,val
CHEMBL419268,CHEMBL230,6.64,2000.0,6.64,Cc1oc(=O)n(-c2ccc(Cl)c(Cl)c2)c1-c1ccc(S(N)(=O)=O)cc1,test
CHEMBL419407,CHEMBL230,8.7,2003.0,8.7,NS(=O)(=O)c1ccc(-n2cnc(Cl)c2-c2cc(Cl)cc(Cl)c2)cc1,val
CHEMBL419561,CHEMBL230,5.38,2000.0,5.38,Cc1nc(-c2nc(C(F)(F)F)cn2-c2ccc(S(C)(=O)=O)cc2)co1,train
CHEMBL419777,CHEMBL230,4.19,1995.0,4.19,CS(=O)(=O)c1ccc(-c2[nH]c(C#N)cc2-c2ccc(F)cc2)cc1,test
CHEMBL419947,CHEMBL230,7.52,1998.0,7.52,COCCNC(=O)c1cc(C(C)(C)C)c2c(c1)C(C)(C)CO2,train
CHEMBL42011,CHEMBL230,6.08,2003.0,6.08,CSc1ccc(C2=C3c4ccccc4CCC3OC2=O)cc1,train
CHEMBL4202666,CHEMBL230,5.13,2018.0,5.13,COc1ccc(-c2nc3cc(NC(=O)c4cc([N+](=O)[O-])ccc4Cl)ccc3o2)cc1OC,train
CHEMBL420281,CHEMBL2094253,4.0,1994.0,4.0,COc1cc2nc(NCc3cccnc3)sc2c(OC)c1O,train
CHEMBL4203006,CHEMBL230,5.92,2018.0,5.92,COc1ccc(-c2nc3cc(NC(=O)c4ccc(Cl)cc4)ccc3o2)cc1OC,train
CHEMBL420351,CHEMBL230,6.5,2004.0,6.5,Cc1cc(=O)c(Oc2ccc(Cl)cc2)c(-c2ccc(S(C)(=O)=O)cc2)o1,train
CHEMBL420479,CHEMBL230,4.0,2000.0,4.0,CS(=O)(=O)c1ccc(-n2cc(C(F)(F)F)nc2-c2ccncc2)cc1,train
CHEMBL4204840,CHEMBL230,5.86,2018.0,5.86,COc1ccc(-c2nc3cc(NC(=O)c4cccc(Cl)c4)ccc3o2)cc1OC,train
CHEMBL4205552,CHEMBL230,7.4,2018.0,7.4,COc1ccc(-c2nc3cc(NC(=O)c4ccccc4Cl)ccc3o2)cc1OC,train
CHEMBL4206085,CHEMBL230,5.4,2018.0,5.4,CCOc1ccc(/C=C/c2ccc([N+](=O)[O-])cc2)cc1,train
CHEMBL4206180,CHEMBL230,5.57,2018.0,5.57,COc1ccc(C(=O)Nc2ccc3oc(-c4ccc(OC)c(OC)c4)nc3c2)cc1OC,train
CHEMBL420628,CHEMBL230,6.63,1998.0,6.63,Cc1ccc(-c2ncc(Cl)cc2-c2ccc(S(N)(=O)=O)cc2)cn1,val
CHEMBL4206988,CHEMBL230,5.33,2018.0,5.33,COc1ccc(/C=C/c2ccc([N+](=O)[O-])cc2)cc1OC,train
CHEMBL42074,CHEMBL230,4.91,1997.0,4.91,COc1cc(C)c(-c2nc(C(F)(F)F)cn2-c2ccc(S(C)(=O)=O)cc2)cc1C,train
CHEMBL42077,CHEMBL230,4.7,2000.0,4.7,CC(=O)[N-]S(=O)(=O)c1ccc(-c2c(-c3ccccc3)noc2C)cc1.[Na+],train
CHEMBL4208086,CHEMBL230,5.81,2018.0,5.81,COc1ccc(-c2nc3cc(NC(=O)c4cccc(C)c4)ccc3o2)cc1OC,train
CHEMBL42085,CHEMBL230,7.1,1997.0,7.1,Cc1ccc(-c2ccc(S(C)(=O)=O)cc2)n1-c1ccc(C(F)(F)F)cc1,train
CHEMBL420869,CHEMBL230,7.1,2003.0,7.1,CCN(CC)c1ccc(-c2c(Cl)ncn2-c2ccc(S(C)(=O)=O)cc2)cc1,val
CHEMBL42094,CHEMBL230,6.68,1997.0,6.68,CS(=O)(=O)c1ccc(-n2cc(C(F)(F)F)nc2-c2cccc(C(F)(F)F)c2)cc1,train
CHEMBL420987,CHEMBL230,8.55,1996.0,8.55,CC1(C)C(=O)C(c2ccccc2)=C1c1ccc(S(C)(=O)=O)cc1,train
CHEMBL4209915,CHEMBL230,4.34,2018.0,4.34,COc1ccc(-c2nc3cc(NC(=O)c4ccc(O)cc4)ccc3o2)cc1OC,train
CHEMBL4210463,CHEMBL230,6.36,2018.0,6.36,COc1cc(OC)cc(C(=O)Nc2ccc3oc(-c4ccc(OC)c(OC)c4)nc3c2)c1,train
CHEMBL4210856,CHEMBL230,6.34,2018.0,6.34,COc1ccc(-c2nc3cc(NC(=O)c4ccc([N+](=O)[O-])cc4Cl)ccc3o2)cc1OC,train
CHEMBL4211316,CHEMBL230,5.86,2018.0,5.86,COc1ccc(-c2nc3cc(NC(=O)c4ccc(C)cc4)ccc3o2)cc1OC,train
CHEMBL42119,CHEMBL230,6.77,1997.0,6.77,COc1c(F)cc(-c2nc(C(F)(F)F)cn2-c2ccc(S(C)(=O)=O)cc2)cc1F,train
CHEMBL42120,CHEMBL230,4.0,1997.0,4.0,O=S(=O)(c1ccccc1)c1ccc(-n2cccc2-c2ccc(F)cc2)cc1,train
CHEMBL42121,CHEMBL230,4.0,1997.0,4.0,CCS(=O)(=O)c1ccc(-n2cccc2-c2ccc(F)cc2)cc1,train
CHEMBL4212341,CHEMBL230,6.8,2018.0,6.8,COc1ccc(-c2nc3cc(NC(=O)c4ccc([N+](=O)[O-])cc4)ccc3o2)cc1OC,train
CHEMBL4212465,CHEMBL230,5.85,2018.0,5.85,COc1ccc(-c2nc3cc(NC(=O)c4ccccc4)ccc3o2)cc1OC,train
CHEMBL421259,CHEMBL230,6.81,2001.0,6.81,Cc1cc(C)n2nc(-c3ccc(S(C)(=O)=O)cc3)c(-c3ccc(F)cc3)c2n1,train
CHEMBL4212716,CHEMBL230,5.65,2018.0,5.65,COc1ccc(-c2nc3cc(NC(=O)c4ccccc4Br)ccc3o2)cc1OC,train
CHEMBL4213360,CHEMBL230,6.55,2018.0,6.55,O=[N+]([O-])c1ccc(/C=C/c2cc(O)c(O)c(O)c2)cc1,train
CHEMBL421381,CHEMBL230,5.74,2002.0,5.74,CS(=O)(=O)c1ccc(C2=C(c3ccccc3O)C(=O)OC2)cc1,train
CHEMBL421385,CHEMBL230,7.3,2000.0,7.3,COc1ccc2c(c1)c(CC(=O)NOCc1ccccc1)c(C)n2C(=O)c1ccc(Cl)cc1,train
CHEMBL4213903,CHEMBL230,5.32,2018.0,5.32,COc1ccc(-c2nc3cc(NC(=O)c4ccccc4C)ccc3o2)cc1OC,train
CHEMBL421417,CHEMBL230,6.33,2000.0,6.33,CS(=O)(=O)c1ccc(-n2cc(C(F)(F)F)nc2-c2cccs2)cc1,test
CHEMBL4215506,CHEMBL230,6.03,2018.0,6.03,COc1ccc(-c2nc3cc(NC(=O)c4cccc([N+](=O)[O-])c4)ccc3o2)cc1OC,train
CHEMBL421570,CHEMBL230,7.22,2000.0,7.22,COc1ccc2c(c1)c(CC(=O)Nc1ccc(F)cc1)c(C)n2C(=O)c1ccc(Cl)cc1,test
CHEMBL4216007,CHEMBL230,4.97,2018.0,4.97,COc1ccc(C(=O)Nc2ccc3oc(-c4ccc(OC)c(OC)c4)nc3c2)cc1,train
CHEMBL421608,CHEMBL230,6.7,1998.0,6.7,CC1(C)CC(c2cc(C(C)(C)C)c3c(c2)C(C)(C)CO3)=NO1,train
CHEMBL4216426,CHEMBL230,5.12,2018.0,5.12,COC(=O)COc1ccc(/C=C/c2ccc(Cl)cc2)cc1,train
CHEMBL42174,CHEMBL230,5.98,1997.0,5.98,CN(C)c1cc(-c2nc(C(F)(F)F)cn2-c2ccc(S(C)(=O)=O)cc2)ccc1Cl,train
CHEMBL42175,CHEMBL230,7.22,1997.0,7.22,CS(=O)(=O)c1ccc(-n2cc(C(F)(F)F)nc2-c2cccc(Cl)c2)cc1,train
CHEMBL4217988,CHEMBL230,5.44,2017.0,5.44,N#Cc1cc(S(=O)(=O)Nc2ncns2)ccc1Oc1ccc(-c2cccc(C(F)(F)F)c2)cc1-c1ccnc(CNCCC2CCNCC2)c1,val
CHEMBL42180,CHEMBL230,6.96,1997.0,6.96,Cc1ccc(-c2nc(C(F)(F)F)cn2-c2ccc(S(C)(=O)=O)cc2)cc1F,train
CHEMBL4218075,CHEMBL230,5.13,2018.0,5.13,COC(=O)COc1ccc(/C=C/c2ccc([N+](=O)[O-])cc2)cc1,train
CHEMBL421826,CHEMBL230,5.520000000028906,1997.0,5.520000000028906,Cc1cccc(-c2c(-c3ccc(S(C)(=O)=O)cc3)sc3nc(C(F)(F)F)nn23)c1,train
CHEMBL422075,CHEMBL230,4.0,1998.0,4.0,CC(C)(C)c1cc(C(=N)N2CCCC2)cc2c1OCC2(C)C,train
CHEMBL42223,CHEMBL230,6.6,1997.0,6.6,COc1cc(-c2nc(C(F)(F)F)cn2-c2ccc(S(C)(=O)=O)cc2)ccc1Cl,train
CHEMBL42225,CHEMBL230,6.92,1997.0,6.92,CS(=O)(=O)c1ccc(-n2cc(C(F)(F)F)nc2-c2ccccc2)cc1,train
CHEMBL422530,CHEMBL230,6.47,2000.0,6.47,O=C(NNc1ccc(Cl)cc1)c1ccc(Cl)cc1,train
CHEMBL42277,CHEMBL230,7.4,1997.0,7.4,CSc1ccc(-c2nc(C(F)(F)F)cn2-c2ccc(S(C)(=O)=O)cc2)cc1Cl,train
CHEMBL423004,CHEMBL230,4.0,1995.0,4.0,CS(=O)(=O)c1ccc(C2=C(c3ccc(F)c(C(F)(F)F)c3)CCC2)cc1,test
CHEMBL423296,CHEMBL230,9.52,2001.0,9.52,COc1ccc2c(c1)c(Cc1nc(-c3ccc(Br)cc3)cs1)c(C)n2C(=O)c1ccc(Cl)cc1,train
CHEMBL423576,CHEMBL230,6.79,1997.0,6.79,CS(=O)(=O)c1ccc(-c2c(-c3ccc(F)c(F)c3)nc3sccn23)cc1,train
CHEMBL423638,CHEMBL230,7.3,2002.0,7.3,COC1(c2cc(F)cc(OCc3cc(-c4ccccc4)n(-c4ccc(S(C)(=O)=O)cc4)n3)c2)CCOCC1,train
CHEMBL4237875,CHEMBL230,5.45,2018.0,5.45,O=C(COc1cc(O)c2c(=O)cc(-c3ccccc3)oc2c1)OCc1cc(-c2cccc(F)c2)n(-c2ccccc2)n1,train
CHEMBL4238329,CHEMBL230,5.97,2018.0,5.97,Cc1ccc(-n2nc(COC(=O)COc3cc(O)c4c(=O)cc(-c5ccccc5)oc4c3)cc2-c2ccc(Br)cc2)cc1,train
CHEMBL4238681,CHEMBL230,5.78,2018.0,5.78,O=C(COc1cc(O)c2c(=O)cc(-c3ccccc3)oc2c1)OCc1cc(-c2ccc([N+](=O)[O-])cc2)n(-c2ccccc2)n1,train
CHEMBL4239213,CHEMBL230,5.92,2018.0,5.92,COc1cccc(-c2cc(COC(=O)COc3cc(O)c4c(=O)cc(-c5ccccc5)oc4c3)nn2-c2ccccc2)c1,train
CHEMBL4239360,CHEMBL230,6.03,2018.0,6.03,Cc1ccc(-c2cc(COC(=O)COc3cc(O)c4c(=O)cc(-c5ccccc5)oc4c3)nn2-c2ccccc2)cc1,train
CHEMBL4239643,CHEMBL230,6.27,2018.0,6.27,COc1ccc(-c2cc(COC(=O)COc3cc(O)c4c(=O)cc(-c5ccccc5)oc4c3)nn2-c2ccccc2)cc1,train
CHEMBL42398,CHEMBL230,7.52,1997.0,7.52,Cc1cccc(-c2nc(C(F)(F)F)cn2-c2ccc(S(N)(=O)=O)cc2)c1,train
CHEMBL4239825,CHEMBL230,5.17,2018.0,5.17,O=C(COc1cc(O)c2c(=O)cc(-c3ccccc3)oc2c1)OCc1cc(-c2ccc(Cl)c(Cl)c2)n(-c2ccccc2)n1,train
CHEMBL424,CHEMBL230,4.3979400086720375,2020.0,4.3979400086720375,O=C(O)c1ccccc1O,train
CHEMBL4240276,CHEMBL230,5.3,2018.0,5.3,Cc1ccc(-n2nc(COC(=O)COc3cc(O)c4c(=O)cc(-c5ccccc5)oc4c3)cc2-c2ccc(Cl)c(Cl)c2)cc1,train
CHEMBL424063,CHEMBL230,8.7,1995.0,8.7,NS(=O)(=O)c1ccc(C2=C(c3ccc4c(c3)OCO4)CCC2)cc1,test
CHEMBL42408,CHEMBL230,6.85,1997.0,6.85,COc1c(Cl)cc(-c2nc(C(F)(F)F)cn2-c2ccc(S(C)(=O)=O)cc2)cc1Cl,train
CHEMBL42409,CHEMBL230,6.92,1997.0,6.92,Cc1c(C(=O)C(F)(F)F)cc(-c2ccc(S(C)(=O)=O)cc2)n1-c1ccc(F)cc1,train
CHEMBL4241367,CHEMBL230,5.55,2018.0,5.55,Cc1ccc(-n2nc(COC(=O)COc3cc(O)c4c(=O)cc(-c5ccccc5)oc4c3)cc2-c2ccc(F)cc2)cc1,train
CHEMBL4241547,CHEMBL230,5.36,2018.0,5.36,O=C(COc1cc(O)c2c(=O)cc(-c3ccccc3)oc2c1)OCc1cc(-c2ccc(C(F)(F)F)cc2)n(-c2ccccc2)n1,train
CHEMBL4241591,CHEMBL230,5.67,2018.0,5.67,Cc1ccc(-n2nc(COC(=O)COc3cc(O)c4c(=O)cc(-c5ccccc5)oc4c3)cc2-c2ccc(Cl)cc2)cc1,train
CHEMBL4242033,CHEMBL230,5.85,2018.0,5.85,O=C(COc1cc(O)c2c(=O)cc(-c3ccccc3)oc2c1)OCc1cc(-c2ccc(Cl)cc2)n(-c2ccccc2)n1,train
CHEMBL4242144,CHEMBL230,5.87,2018.0,5.87,Cc1cccc(-c2cc(COC(=O)COc3cc(O)c4c(=O)cc(-c5ccccc5)oc4c3)nn2-c2ccccc2)c1,train
CHEMBL4242256,CHEMBL230,5.32,2018.0,5.32,Cc1ccc(-n2nc(COC(=O)COc3cc(O)c4c(=O)cc(-c5ccccc5)oc4c3)cc2-c2cccc(Cl)c2)cc1,train
CHEMBL4242859,CHEMBL230,5.86,2018.0,5.86,Cc1ccc(-n2nc(COC(=O)COc3cc(O)c4c(=O)cc(-c5ccccc5)oc4c3)cc2-c2ccc([N+](=O)[O-])cc2)cc1,train
CHEMBL424303,CHEMBL230,5.0,1995.0,5.0,Cc1cccc(Sc2cc3c(cc2NS(C)(=O)=O)CCC3=O)c1,train
CHEMBL424313,CHEMBL230,5.301029995663981,1997.0,5.301029995663981,CS(=O)(=O)c1ccc(-c2c(-c3ccccc3)nc3sc4ccccc4n23)cc1,train
CHEMBL4243440,CHEMBL230,6.46,2018.0,6.46,COc1ccc(-c2cc(COC(=O)COc3cc(O)c4c(=O)cc(-c5ccccc5)oc4c3)nn2-c2ccc(Cl)cc2)cc1,train
CHEMBL4243589,CHEMBL230,6.38,2018.0,6.38,Cc1ccc(-c2cc(COC(=O)COc3cc(O)c4c(=O)cc(-c5ccccc5)oc4c3)nn2-c2ccc(C)cc2)cc1,train
CHEMBL4244043,CHEMBL230,5.23,2018.0,5.23,O=C(COc1cc(O)c2c(=O)cc(-c3ccccc3)oc2c1)OCc1cc(-c2cccc([N+](=O)[O-])c2)n(-c2ccccc2)n1,train
CHEMBL4245581,CHEMBL230,5.59,2018.0,5.59,O=C(COc1cc(O)c2c(=O)cc(-c3ccccc3)oc2c1)OCc1cc(-c2ccc(F)cc2)n(-c2ccccc2)n1,train
CHEMBL4245838,CHEMBL230,5.35,2018.0,5.35,O=C(COc1cc(O)c2c(=O)cc(-c3ccccc3)oc2c1)OCc1cc(-c2cccc(Cl)c2)n(-c2ccccc2)n1,train
CHEMBL4245964,CHEMBL230,5.75,2018.0,5.75,Cc1cccc(-c2cc(COC(=O)COc3cc(O)c4c(=O)cc(-c5ccccc5)oc4c3)nn2-c2ccc(Cl)cc2)c1,train
CHEMBL4246412,CHEMBL230,5.84,2018.0,5.84,Cc1ccc(-c2cc(COC(=O)COc3cc(O)c4c(=O)cc(-c5ccccc5)oc4c3)nn2-c2ccc(Cl)cc2)cc1,train
CHEMBL4247391,CHEMBL230,5.3,2018.0,5.3,Cc1ccc(-n2nc(COC(=O)COc3cc(O)c4c(=O)cc(-c5ccccc5)oc4c3)cc2-c2ccc(C(F)(F)F)cc2)cc1,train
CHEMBL4247830,CHEMBL230,5.32,2018.0,5.32,O=C(COc1cc(O)c2c(=O)cc(-c3ccccc3)oc2c1)OCc1cc(-c2cccc(C(F)(F)F)c2)n(-c2ccccc2)n1,train
CHEMBL4248176,CHEMBL230,5.66,2018.0,5.66,O=C(COc1cc(O)c2c(=O)cc(-c3ccccc3)oc2c1)OCc1cc(-c2ccccc2)n(-c2ccccc2)n1,train
CHEMBL4248344,CHEMBL230,5.67,2018.0,5.67,O=C(COc1cc(O)c2c(=O)cc(-c3ccccc3)oc2c1)OCc1cc(-c2ccc(Br)cc2)n(-c2ccccc2)n1,train
CHEMBL42485,CHEMBL230,7.7,1995.0,7.7,CS(=O)(=O)c1ccc(-c2cc(Br)sc2-c2ccc(F)cc2)cc1,train
CHEMBL4248810,CHEMBL230,6.38,2018.0,6.38,O=C(COc1cc(O)c2c(=O)cc(-c3ccccc3)oc2c1)OCc1cc(-c2cccc(Cl)c2)n(-c2ccc(Cl)cc2)n1,train
CHEMBL4249752,CHEMBL230,6.64,2018.0,6.64,COc1ccc(-c2cc(COC(=O)COc3cc(O)c4c(=O)cc(-c5ccccc5)oc4c3)nn2-c2ccc(C)cc2)cc1,train
CHEMBL4250212,CHEMBL230,5.92,2018.0,5.92,Cc1ccc(-n2nc(COC(=O)COc3cc(O)c4c(=O)cc(-c5ccccc5)oc4c3)cc2-c2cccc(C)c2)cc1,train
CHEMBL4250397,CHEMBL230,5.07,2018.0,5.07,O=C(COc1cc(O)c2c(=O)cc(-c3ccccc3)oc2c1)OCc1cc(-c2ccc(Cl)c(Cl)c2)n(-c2ccc(Cl)cc2)n1,train
CHEMBL42549,CHEMBL230,6.24,1997.0,6.24,CS(=O)(=O)c1ccc(-n2cc(C(F)(F)F)nc2-c2cccc([N+](=O)[O-])c2)cc1,train
CHEMBL42561,CHEMBL230,6.8,1997.0,6.8,Cc1ccc(-c2nc(C(F)(F)F)cn2-c2ccc(S(C)(=O)=O)cc2)cc1,train
CHEMBL42595,CHEMBL230,6.92,1997.0,6.92,CS(=O)(=O)c1ccc(-n2cc(C(F)(F)F)nc2-c2ccc(F)c(F)c2)cc1,train
CHEMBL42651,CHEMBL230,6.82,1997.0,6.82,COc1ccc(-c2nc(C(F)(F)F)cn2-c2ccc(S(C)(=O)=O)cc2)cc1F,train
CHEMBL426571,CHEMBL230,6.16,2004.0,6.16,COC1(c2cc(F)cc(OCc3cc(-c4ccccc4)n(-c4ccc(Cl)c(Cl)c4)n3)c2)CCOCC1,train
CHEMBL42674,CHEMBL230,8.0,1997.0,8.0,CSc1ccc(-c2nc(C(F)(F)F)cn2-c2ccc(S(N)(=O)=O)cc2)cc1Cl,train
CHEMBL426767,CHEMBL230,3.5228787452803374,1999.0,3.5228787452803374,CS(=O)(=O)c1ccc(-c2cc(C(=O)O)ccc2-c2ccccc2)cc1,test
CHEMBL426856,CHEMBL230,5.38,2006.0,5.38,C[S@@+]([O-])c1ccc(C2=C(c3ccccc3)C(=O)OC2)cc1,train
CHEMBL42709,CHEMBL230,7.4,1997.0,7.4,Cc1cc(Cl)cc(-c2nc(C(F)(F)F)cn2-c2ccc(S(N)(=O)=O)cc2)c1,train
CHEMBL42710,CHEMBL230,3.8894102897007508,2002.0,3.8894102897007508,C=CCc1ccc(O)c(OC)c1,train
CHEMBL4276876,CHEMBL230,4.42,2018.0,4.42,C[Si](C)(C)c1c(-c2ccc(F)cc2)noc1-c1ccc(S(N)(=O)=O)cc1,train
CHEMBL4277468,CHEMBL230,6.17,2018.0,6.17,COc1ccc(-n2c(SCc3cn(-c4ccc(Br)cc4)nn3)nc3ccccc3c2=O)cc1,train
CHEMBL4277505,CHEMBL230,6.11,2018.0,6.11,COc1ccc(-n2c(SCc3cc(-c4ccc(OC)c(OC)c4)no3)nc3ccccc3c2=O)cc1,train
CHEMBL4277617,CHEMBL230,6.17,2018.0,6.17,O=C(O)c1ccc(-n2cc(CSc3nc4ccccc4c(=O)n3-c3ccccc3)nn2)cc1,train
CHEMBL4277907,CHEMBL230,6.89,2018.0,6.89,C[Si](C)(C)c1onc(-c2ccccc2)c1-c1ccc(S(N)(=O)=O)cc1,train
CHEMBL4277993,CHEMBL230,6.27,2018.0,6.27,O=c1c2ccccc2nc(SCc2cn(-c3ccc(Br)cc3)nn2)n1-c1ccccc1,train
CHEMBL4278024,CHEMBL230,6.61,2018.0,6.61,CS(=O)(=O)c1ccc(-c2conc2-c2ccccc2)cc1,train
CHEMBL4278057,CHEMBL230,6.08,2018.0,6.08,O=c1c2ccccc2nc(SCc2cc(-c3ccc(Cl)cc3)no2)n1-c1ccc(Cl)cc1,train
CHEMBL4278258,CHEMBL230,5.02,2017.0,5.02,COc1cc([C@@H]2CC(=O)c3c(cc4c(c3O)C=CC(C)(CCC=C(C)C)O4)O2)ccc1O,test
CHEMBL427835,CHEMBL230,5.65,2008.0,5.65,NS(=O)(=O)c1ccc(/N=C/c2ccc(F)cc2)cc1,val
CHEMBL4278439,CHEMBL230,4.86,2018.0,4.86,CS(=O)(=O)c1ccc(-c2c(-c3ccc(F)cc3)noc2C=O)cc1,train
CHEMBL4278472,CHEMBL230,6.43,2018.0,6.43,COc1ccc(-c2cc(CSc3nc4ccccc4c(=O)n3-c3ccccc3)on2)cc1,train
CHEMBL4278833,CHEMBL230,4.0,2018.0,4.0,CC(=O)c1onc(-c2ccc(F)cc2)c1-c1ccc(S(C)(=O)=O)cc1,train
CHEMBL4278979,CHEMBL230,4.0,2018.0,4.0,COC(=O)c1onc(-c2ccc(F)cc2)c1-c1ccc(S(C)(=O)=O)cc1,train
CHEMBL4279063,CHEMBL230,6.41,2018.0,6.41,C#CCSc1nc2ccccc2c(=O)n1-c1ccc(Cl)cc1,test
CHEMBL4279197,CHEMBL230,4.0,2018.0,4.0,C[Si](C)(C)c1c(-c2ccc(F)cc2)noc1-c1ccc(S(C)(=O)=O)cc1,train
CHEMBL4279217,CHEMBL230,4.9,2018.0,4.9,NS(=O)(=O)c1ccc(/N=c2\scc(-c3cccs3)n2-c2ccccc2)cc1,train
CHEMBL4279346,CHEMBL230,6.77,2018.0,6.77,O=c1c2ccccc2nc(SCc2cn(-c3ccc(Br)cc3)nn2)n1-c1ccc(Br)cc1,train
CHEMBL4279764,CHEMBL230,6.96,2018.0,6.96,O=C(O)c1ccc(-n2cc(CSc3nc4ccccc4c(=O)n3-c3ccc(Cl)cc3)nn2)cc1,train
CHEMBL4279921,CHEMBL230,4.0,2018.0,4.0,CS(=O)(=O)c1ccc(-c2cc(-c3ccc(F)cc3)no2)cc1,train
CHEMBL42801,CHEMBL230,4.0,1997.0,4.0,Cc1c(CN(C)C)cc(-c2ccc(S(C)(=O)=O)cc2)n1-c1ccc(F)cc1,train
CHEMBL4281362,CHEMBL230,4.09,2018.0,4.09,NS(=O)(=O)c1ccc(-c2cc(-c3ccc(F)cc3)no2)cc1,train
CHEMBL4281448,CHEMBL230,6.05,2018.0,6.05,O=c1c2ccccc2nc(SCc2cn(-c3ccccc3)nn2)n1-c1ccccc1,train
CHEMBL4281944,CHEMBL230,6.25,2018.0,6.25,O=c1c2ccccc2nc(SCc2cc(-c3ccc(Cl)cc3)no2)n1-c1ccccc1,train
CHEMBL4282329,CHEMBL230,6.03,2018.0,6.03,C[Si](C)(C)c1onc(-c2ccc(F)cc2)c1-c1ccc(S(N)(=O)=O)cc1,train
CHEMBL4282434,CHEMBL230,4.0,2018.0,4.0,CS(=O)(=O)c1ccc(-c2c(-c3ccc(F)cc3)noc2C(=O)c2ccccc2)cc1,test
CHEMBL4282681,CHEMBL230,4.74,2018.0,4.74,NS(=O)(=O)c1ccc(/N=c2\scc(-c3ccc(Cl)cc3Cl)n2-c2ccccc2)cc1,val
CHEMBL4282685,CHEMBL230,4.66,2018.0,4.66,COc1ccc(-c2cs/c(=N\c3ccc(S(N)(=O)=O)cc3)n2-c2ccccc2)cc1,val
CHEMBL4282782,CHEMBL230,5.99,2018.0,5.99,N#CCC(=O)N/N=C/c1c[nH]c2ccccc12,test
CHEMBL4283242,CHEMBL230,6.28,2018.0,6.28,O=c1c2ccccc2nc(SCc2cn(-c3ccc(Cl)cc3)nn2)n1-c1ccc(Cl)cc1,train
CHEMBL4283447,CHEMBL230,6.25,2018.0,6.25,O=c1c2ccccc2nc(SCc2cc(-c3ccc(Cl)cc3)no2)n1-c1ccc(Br)cc1,train
CHEMBL4285341,CHEMBL230,7.38,2018.0,7.38,NS(=O)(=O)c1ccc(-c2conc2-c2ccc(F)cc2)cc1,train
CHEMBL4285368,CHEMBL230,5.88,2018.0,5.88,COc1ccc(-c2cc(CSc3nc4ccccc4c(=O)n3-c3ccc(Cl)cc3)on2)cc1OC,train
CHEMBL4285512,CHEMBL230,6.02,2018.0,6.02,O=c1c2ccccc2nc(SCc2cn(-c3ccccc3)nn2)n1-c1ccc(Cl)cc1,train
CHEMBL4285836,CHEMBL230,5.73,2018.0,5.73,C[Si](C)(C)c1onc(-c2ccc(F)cc2)c1-c1ccc(S(C)(=O)=O)cc1,train
CHEMBL4285920,CHEMBL230,6.72,2018.0,6.72,O=c1c2ccccc2nc(SCc2cn(-c3ccc(Cl)cc3)nn2)n1-c1ccccc1,train
CHEMBL4286359,CHEMBL230,5.09,2018.0,5.09,CS(=O)(=O)c1ccc(-c2c(-c3ccc(F)cc3)noc2C(F)(F)F)cc1,train
CHEMBL4286390,CHEMBL230,5.87,2018.0,5.87,COc1ccc(-n2c(SCc3cn(-c4ccc(C(=O)O)cc4)nn3)nc3ccccc3c2=O)cc1,train
CHEMBL4286599,CHEMBL230,6.05,2018.0,6.05,O=C(O)c1ccc(-n2cc(CSc3nc4ccccc4c(=O)n3-c3ccc(Br)cc3)nn2)cc1,train
CHEMBL428710,CHEMBL230,6.5,1999.0,6.5,CS(=O)(=O)c1ccc(C2=C(c3cc(Cl)ccn3)C(=O)CC2)cc1,train
CHEMBL4287121,CHEMBL230,4.96,2018.0,4.96,C[Si](C)(C)c1c(-c2ccccc2)noc1-c1ccc(S(N)(=O)=O)cc1,train
CHEMBL4287517,CHEMBL230,4.87,2018.0,4.87,CS(=O)(=O)c1ccc(-c2cc(-c3ccccc3)no2)cc1,train
CHEMBL4287667,CHEMBL230,6.6,2018.0,6.6,O=c1c2ccccc2nc(SCc2cn(-c3ccccc3)nn2)n1-c1ccc(Br)cc1,train
CHEMBL4288111,CHEMBL230,6.28,2018.0,6.28,COc1ccc(-n2c(SCc3cn(-c4ccc(Cl)cc4)nn3)nc3ccccc3c2=O)cc1,train
CHEMBL4288146,CHEMBL230,6.19,2018.0,6.19,COc1ccc(-c2cc(CSc3nc4ccccc4c(=O)n3-c3ccc(OC)cc3)on2)cc1,train
CHEMBL42884,CHEMBL230,6.96,1997.0,6.96,Cc1cc(F)cc(-c2nc(C(F)(F)F)cn2-c2ccc(S(C)(=O)=O)cc2)c1,train
CHEMBL4288684,CHEMBL230,7.24,2018.0,7.24,CS(=O)(=O)c1ccc(-c2conc2-c2ccc(F)cc2)cc1,train
CHEMBL4288714,CHEMBL230,6.25,2018.0,6.25,COc1ccc(-c2cc(CSc3nc4ccccc4c(=O)n3-c3ccc(Br)cc3)on2)cc1,train
CHEMBL4289235,CHEMBL230,5.38,2018.0,5.38,C[Si](C)(C)c1onc(-c2ccccc2)c1-c1ccc(S(C)(=O)=O)cc1,train
CHEMBL4289328,CHEMBL230,6.36,2018.0,6.36,C#CCSc1nc2ccccc2c(=O)n1-c1ccc(OC)cc1,test
CHEMBL4289748,CHEMBL230,6.75,2018.0,6.75,C#CCSc1nc2ccccc2c(=O)n1-c1ccc(Br)cc1,test
CHEMBL4289814,CHEMBL230,5.99,2018.0,5.99,COc1ccc(-c2cc(CSc3nc4ccccc4c(=O)n3-c3ccccc3)on2)cc1OC,train
CHEMBL4289901,CHEMBL230,4.71,2018.0,4.71,NS(=O)(=O)c1ccc(/N=c2\scc(-c3ccc(Br)cc3)n2-c2ccccc2)cc1,val
CHEMBL4290032,CHEMBL230,6.8,2018.0,6.8,O=c1c2ccccc2nc(SCc2cn(-c3ccc(Cl)cc3)nn2)n1-c1ccc(Br)cc1,train
CHEMBL4290080,CHEMBL230,4.0,2018.0,4.0,C[Si](C)(C)c1c(-c2ccccc2)noc1-c1ccc(S(C)(=O)=O)cc1,train
CHEMBL4290673,CHEMBL230,6.6,2018.0,6.6,N#CCC(=O)N/N=C/c1c[nH]c2ccc(Br)cc12,test
CHEMBL4290946,CHEMBL230,4.97,2018.0,4.97,NS(=O)(=O)c1ccc(-c2cc(-c3ccccc3)no2)cc1,train
CHEMBL4291092,CHEMBL230,6.62,2018.0,6.62,O=c1c2ccccc2nc(SCc2cn(-c3ccc(Br)cc3)nn2)n1-c1ccc(Cl)cc1,train
CHEMBL4291293,CHEMBL230,6.47,2018.0,6.47,COc1ccc(-c2cc(CSc3nc4ccccc4c(=O)n3-c3ccc(Br)cc3)on2)cc1OC,train
CHEMBL429148,CHEMBL230,4.0,2008.0,4.0,Nc1ccc(NC(=O)c2cccc(C(F)(F)F)c2)nc1,train
CHEMBL4291556,CHEMBL230,6.2,2018.0,6.2,COc1ccc(-n2c(SCc3cc(-c4ccc(Cl)cc4)no3)nc3ccccc3c2=O)cc1,train
CHEMBL4293133,CHEMBL230,6.57,2018.0,6.57,C#CCSc1nc2ccccc2c(=O)n1-c1ccccc1,test
CHEMBL4293163,CHEMBL230,7.32,2018.0,7.32,NS(=O)(=O)c1ccc(-c2conc2-c2ccccc2)cc1,train
CHEMBL4293190,CHEMBL230,5.87,2018.0,5.87,COc1ccc(-c2cc(CSc3nc4ccccc4c(=O)n3-c3ccc(Cl)cc3)on2)cc1,train
CHEMBL4293285,CHEMBL230,4.79,2018.0,4.79,NS(=O)(=O)c1ccc(/N=c2\scc(-c3ccc(Cl)cc3)n2-c2ccccc2)cc1,val
CHEMBL42940,CHEMBL230,7.05,1997.0,7.05,COc1c(Br)cc(-c2nc(C(F)(F)F)cn2-c2ccc(S(C)(=O)=O)cc2)cc1Br,train
CHEMBL4294127,CHEMBL230,6.46,2018.0,6.46,CS(=O)(=O)c1ccc(-c2c(-c3ccc(F)cc3)noc2Cl)cc1,train
CHEMBL4294497,CHEMBL230,5.98,2018.0,5.98,COc1ccc(-n2c(SCc3cn(-c4ccccc4)nn3)nc3ccccc3c2=O)cc1,train
CHEMBL429796,CHEMBL230,4.0,2007.0,4.0,COc1ccc2c(c1)c(CCOC(=O)NS(=O)(=O)NCCCO[N+](=O)[O-])c(C)n2C(=O)c1ccc(Cl)cc1,train
CHEMBL4298697,CHEMBL230,6.1,2005.0,6.1,C=C1C(=O)O[C@@H]2C3O[C@]3(C)CC/C=C(\C)CC[C@@H]12,train
CHEMBL429915,CHEMBL230,5.31,2008.0,5.31,Cc1ccc(/C=N/c2ccc(S(N)(=O)=O)cc2)cc1,val
CHEMBL42996,CHEMBL230,6.155,1997.0,6.155,CN(C)c1ccc(-c2nc(C(F)(F)F)cn2-c2ccc(S(C)(=O)=O)cc2)cc1,train
CHEMBL43002,CHEMBL230,7.22,1997.0,7.22,Cc1ccc(-c2ccc(S(C)(=O)=O)cc2)n1-c1ccc(F)cc1,train
CHEMBL43065,CHEMBL230,3.962573502059376,2002.0,3.962573502059376,Oc1cc(O)cc(/C=C/c2ccc(O)cc2O)c1,train
CHEMBL430728,CHEMBL230,4.0,1997.0,4.0,CS(=O)(=O)Nc1ccc(-n2nc(C(F)(F)F)cc2-c2ccc(F)cc2)cc1,train
CHEMBL430783,CHEMBL230,5.66,2000.0,5.66,NS(=O)(=O)c1ccc(-c2coc(=O)n2-c2ccccc2F)cc1,test
CHEMBL43089,CHEMBL230,6.34,1997.0,6.34,COc1cc(F)cc(-c2nc(C(F)(F)F)cn2-c2ccc(S(N)(=O)=O)cc2)c1,train
CHEMBL43090,CHEMBL230,5.81,1997.0,5.81,CS(=O)(=O)c1ccc(-n2cc(CC#N)nc2-c2ccc(Cl)cc2)cc1,train
CHEMBL43103,CHEMBL230,5.83,1997.0,5.83,CNc1ccc(-c2nc(C(F)(F)F)cn2-c2ccc(S(C)(=O)=O)cc2)cc1,train
CHEMBL43149,CHEMBL230,6.89,1997.0,6.89,COc1ccc(-c2nc(C(F)(F)F)cn2-c2ccc(S(C)(=O)=O)cc2)cc1Cl,train
CHEMBL431546,CHEMBL230,6.1,1999.0,6.1,NS(=O)(=O)c1ccc(C2=C(c3ccc(F)cc3)C(=O)OC2)cc1,train
CHEMBL43165,CHEMBL230,4.522878745280337,1996.0,4.522878745280337,CS(=O)(=O)c1ccc(-c2[nH]cnc2-c2ccc(F)cc2)cc1,train
CHEMBL43210,CHEMBL230,4.99,1997.0,4.99,CS(=O)(=O)c1ccc(-c2cccn2-c2ccc(F)cc2)cc1,train
CHEMBL432112,CHEMBL230,7.0,1997.0,7.0,CS(=O)(=O)c1ccc(-n2cc(C(F)(F)F)nc2-c2ccc(F)cc2)cc1,train
CHEMBL43217,CHEMBL230,4.0,1997.0,4.0,CS(=O)(=O)Cc1cn(-c2ccc(S(C)(=O)=O)cc2)c(-c2ccc(Cl)cc2)n1,train
CHEMBL432260,CHEMBL230,6.6,2002.0,6.6,COc1ccc2c(c1)c(CC(=O)N[C@@H](CO)CCSC)c(C)n2C(=O)c1ccc(Cl)cc1,train
CHEMBL432335,CHEMBL230,4.72,2000.0,4.72,NS(=O)(=O)c1ccc(-c2coc(=O)n2C2CCCCC2)cc1,train
CHEMBL43265,CHEMBL230,6.39,1997.0,6.39,CS(=O)(=O)c1ccc(-n2cc(CF)nc2-c2ccc(Cl)cc2)cc1,train
CHEMBL43270,CHEMBL230,4.0,1997.0,4.0,Cc1cn(-c2ccc(F)cc2)c(-c2ccc(S(C)(=O)=O)cc2)n1,train
CHEMBL432782,CHEMBL230,6.14,1999.0,6.14,C=Cc1cccc(-c2ccc(C(C)C(=O)O)cc2)c1,train
CHEMBL43282,CHEMBL230,6.92,1997.0,6.92,CS(=O)(=O)c1ccc(-n2cc(C(F)(F)F)nc2-c2cccc(F)c2)cc1,train
CHEMBL432945,CHEMBL230,9.0,1996.0,9.0,COc1ccc(C2=C(c3ccc(S(N)(=O)=O)cc3)CC3(CC3)C2)cc1,test
CHEMBL433160,CHEMBL230,7.35,2000.0,7.35,COc1ccc2c(c1)c(CC(=O)OCCNC(=O)OC(C)(C)C)c(C)n2C(=O)c1ccc(Cl)cc1,train
CHEMBL43317,CHEMBL230,7.52,1997.0,7.52,COc1c(F)cc(-c2nc(C(F)(F)F)cn2-c2ccc(S(N)(=O)=O)cc2)cc1F,train
CHEMBL433287,CHEMBL230,4.26,2002.0,4.26,CONC(=O)c1ccccc1Nc1c(Cl)ccc(C)c1Cl,train
CHEMBL43331,CHEMBL230,6.14,1997.0,6.14,COc1c(C)cc(-c2nc(C(F)(F)F)cn2-c2ccc(S(C)(=O)=O)cc2)cc1C,train
CHEMBL433427,CHEMBL230,6.72,2002.0,6.72,COc1ccc2c(c1)c(CC(=O)NC(C)(C)CO)c(C)n2C(=O)c1ccc(Cl)cc1,train
CHEMBL433428,CHEMBL230,8.0,1997.0,8.0,NS(=O)(=O)c1ccc(-n2nc(C(F)F)cc2-c2ccc(Cl)cc2)cc1,train
CHEMBL433585,CHEMBL230,5.82,2004.0,5.82,CS(=O)(=O)c1ccc2c(Sc3ccc(F)cc3)c(C#N)[nH]c2c1,train
CHEMBL43366,CHEMBL230,6.12,1997.0,6.12,Cc1c(C#N)cc(-c2ccc(S(C)(=O)=O)cc2)n1-c1ccc(F)cc1,train
CHEMBL433756,CHEMBL230,6.25,2004.0,6.25,COc1ccc(Oc2c(C)[nH]c3cc(S(C)(=O)=O)ccc23)cc1,val
CHEMBL433892,CHEMBL230,6.24,2000.0,6.24,c1ccc(-c2nn(-c3ccccc3)c3c2CCCC3)cc1,train
CHEMBL434014,CHEMBL230,5.75,1999.0,5.75,CSc1csc(Sc2cc3c(cc2NS(C)(=O)=O)COC3=O)n1,test
CHEMBL43402,CHEMBL230,5.9399999999999995,1999.0,5.9399999999999995,Cc1cnc(Sc2cc3c(cc2NS(C)(=O)=O)CCC3=O)s1,train
CHEMBL434520,CHEMBL230,6.43,2004.0,6.43,CS(=O)(=O)c1ccc(-c2c(-c3ccc(F)cc3)nn3nc(S(C)(=O)=O)ccc23)cc1,train
CHEMBL43461,CHEMBL230,6.945,1999.0,6.945,CCc1csc(Sc2cc3c(cc2NS(C)(=O)=O)COC3=O)n1,test
CHEMBL434673,CHEMBL230,6.734999999999999,2003.0,6.734999999999999,CC(C)Oc1c(-c2ccc(S(C)(=O)=O)cc2)cnn(Cc2ccccc2)c1=O,test
CHEMBL434783,CHEMBL2094253,5.89,1990.0,5.89,CCCc1cc(/C=C/c2cccs2)cc(OC)c1O,train
CHEMBL43493,CHEMBL230,6.48,1997.0,6.48,Cc1ccc(-c2nc(C(F)(F)F)cn2-c2ccc(S(C)(=O)=O)cc2)cc1C,train
CHEMBL43511,CHEMBL230,7.85,1997.0,7.85,NS(=O)(=O)c1ccc(-n2cccc2-c2ccc(F)cc2)cc1,train
CHEMBL43520,CHEMBL230,6.265000000000001,1999.0,6.265000000000001,Cc1csc(Sc2cc3c(cc2NS(C)(=O)=O)COC3=O)n1,test
CHEMBL435298,CHEMBL230,6.04,2005.0,6.04,C[C@H](C(=O)O)c1ccc(-c2ccccc2)c(F)c1,train
CHEMBL435381,CHEMBL230,7.74,2003.0,7.74,COc1ccc(-c2c(Cl)ncn2-c2ccc(S(N)(=O)=O)cc2)cc1F,val
CHEMBL43553,CHEMBL230,6.85,1997.0,6.85,CN(C)c1c(Cl)cc(-c2nc(C(F)(F)F)cn2-c2ccc(S(C)(=O)=O)cc2)cc1Cl,train
CHEMBL435907,CHEMBL2094253,7.52,2005.0,7.52,COc1ccc(-n2nc(C#CC(C)N(O)C(C)=O)cc2-c2ccc(Cl)cc2)cc1,train
CHEMBL436116,CHEMBL230,6.7,2005.0,6.7,NS(=O)(=O)c1ccc(-c2nc3ccccc3n2-c2ccc(Cl)cc2)cc1,train
CHEMBL43616,CHEMBL230,7.1,1997.0,7.1,CS(=O)(=O)c1ccc(-n2cc(C(F)(F)F)nc2-c2cccc(Br)c2)cc1,train
CHEMBL43640,CHEMBL230,4.0,1997.0,4.0,CS(=O)(=O)c1ccc(-n2cc(C(F)(F)F)nc2-c2cc(F)cc(C(F)(F)F)c2)cc1,train
CHEMBL43645,CHEMBL230,6.4,1997.0,6.4,CS(=O)(=O)c1ccc(-n2cc(C(F)(F)F)nc2-c2ccccc2F)cc1,train
CHEMBL43647,CHEMBL230,4.0,1997.0,4.0,Cc1c(C(Oc2cccc(Cl)c2)C(F)(F)F)cc(-c2ccc(S(C)(=O)=O)cc2)n1-c1ccc(F)cc1,train
CHEMBL436494,CHEMBL230,6.05,2004.0,6.05,CCOc1cccc(OCc2cc(-c3ccccc3)n(-c3ccc(S(C)(=O)=O)cc3)n2)c1,test
CHEMBL436539,CHEMBL230,6.050000000000001,1999.0,6.050000000000001,CC(C)(C)C#CC1=C(c2ccc(S(C)(=O)=O)cc2)CCC1=O,train
CHEMBL43654,CHEMBL230,4.0,1997.0,4.0,Cc1cccc(Cl)c1-c1nc(C(F)(F)F)cn1-c1ccc(S(C)(=O)=O)cc1,train
CHEMBL43664,CHEMBL230,5.48,1997.0,5.48,COc1ccc(-c2ccc(CCC(=O)O)n2-c2ccc(C(C)=O)cc2)cc1,train
CHEMBL43672,CHEMBL230,7.52,1997.0,7.52,NS(=O)(=O)c1ccc(-n2cc(C(F)(F)F)nc2-c2cccc(F)c2)cc1,train
CHEMBL436990,CHEMBL230,4.13,2007.0,4.13,OC[C@@H]1[C@@H]([C@H](O)c2ccc(O)c(O)c2)CO[C@@H]1c1ccc(O)c(O)c1,train
CHEMBL43736,CHEMBL230,7.1,1997.0,7.1,Cc1c(COc2cccc(Cl)c2)cc(-c2ccc(S(C)(=O)=O)cc2)n1-c1ccc(F)cc1,train
CHEMBL43737,CHEMBL230,7.4,1997.0,7.4,Cc1ccc(-n2c(C)ccc2-c2ccc(S(C)(=O)=O)cc2)cc1,train
CHEMBL43755,CHEMBL230,5.12,1997.0,5.12,CN(C)S(=O)(=O)c1ccc(-n2c(CCC(=O)O)ccc2-c2ccc(F)cc2)cc1,train
CHEMBL437964,CHEMBL230,4.3979400086720375,2019.0,4.3979400086720375,C[C@H]1[C@H](C)CC[C@]2(C)CC[C@]3(C)C(=CC(=O)[C@@H]4[C@@]5(C)CC[C@@H](O)[C@](C)(C(=O)O)[C@@H]5CC[C@]43C)[C@H]12,val
CHEMBL43842,CHEMBL230,7.16,2004.0,7.16,CC(=O)Nc1ccc(-c2cc(C(F)(F)F)nn2-c2ccc(Br)cc2)cc1,train
CHEMBL43863,CHEMBL230,4.0,1997.0,4.0,Cc1ccc(-c2ccc(S(C)(=O)=O)cc2)n1C(C)C,train
CHEMBL43864,CHEMBL230,6.28,1997.0,6.28,Cc1ccc(-c2ccc(S(C)(=O)=O)cc2)n1C1CCCCC1,train
CHEMBL43933,CHEMBL230,6.495,1997.0,6.495,CSCc1cn(-c2ccc(S(C)(=O)=O)cc2)c(-c2ccc(Cl)cc2)n1,train
CHEMBL43957,CHEMBL230,6.29,1997.0,6.29,CS(=O)(=O)c1ccc(-n2cccc2-c2ccc(F)cc2)cc1,train
CHEMBL440001,CHEMBL230,6.73,2003.0,6.73,C[C@H]1C(Cn2ncc(-c3ccc(S(C)(=O)=O)cc3)c(-c3ccc(F)cc3)c2=O)[C@@H]1C,train
CHEMBL44038,CHEMBL230,6.85,1997.0,6.85,Cc1c(CC(F)(F)F)cc(-c2ccc(S(C)(=O)=O)cc2)n1-c1ccc(F)cc1,train
CHEMBL440480,CHEMBL2094253,6.11,1990.0,6.11,Cc1ccc(/C=C/c2cc(C)c(O)c(C)c2)s1,train
CHEMBL44068,CHEMBL230,4.0,1997.0,4.0,Cc1ccc(-c2ccc(S(C)(=O)=O)cc2)[nH]1,train
CHEMBL440798,CHEMBL230,4.33,1997.0,4.33,NS(=O)(=O)c1ccc(-n2nc(C(F)F)cc2-c2ccc(C(=O)O)cc2)cc1,train
CHEMBL44101,CHEMBL230,5.41,1997.0,5.41,Cc1c(CO)cc(-c2ccc(S(C)(=O)=O)cc2)n1-c1ccc(F)cc1,train
CHEMBL441236,CHEMBL230,7.52,1997.0,7.52,CS(=O)(=O)c1ccc(-n2cc(COc3ccc(Cl)cc3)nc2-c2ccc(Cl)cc2)cc1,train
CHEMBL441275,CHEMBL230,5.48,2001.0,5.48,Cc1ccc(-c2cc(C(F)(F)F)nn2-c2ccc(S(N)(=O)=O)cc2)s1,train
CHEMBL44141,CHEMBL230,6.275,2003.0,6.275,CS(=O)(=O)c1ccc(C2=C3c4ccccc4CCC3OC2=O)cc1,train
CHEMBL441414,CHEMBL230,6.465,2004.0,6.465,C[C@H](C(=O)O)c1ccc(C[C@H]2CCC[C@@H]2O)cc1,test
CHEMBL44142,CHEMBL230,6.01,2003.0,6.01,CSc1ccc(C2=C3c4cc(C)ccc4CCC3OC2=O)cc1,train
CHEMBL44152,CHEMBL230,7.52,1997.0,7.52,Cc1c(COc2ccc(Cl)cc2)cc(-c2ccc(S(C)(=O)=O)cc2)n1-c1ccc(F)cc1,train
CHEMBL441769,CHEMBL230,7.33,2002.0,7.33,COc1ccc2c(c1)c(CC(=O)NC[C@@H](O)c1ccccc1)c(C)n2C(=O)c1ccc(Cl)cc1,train
CHEMBL44194,CHEMBL230,4.0,1997.0,4.0,CCc1ccc(-c2ccc(S(C)(=O)=O)cc2)n1-c1ccc(F)cc1,train
CHEMBL442018,CHEMBL230,5.0,2003.0,5.0,CCCOc1ccc(-c2c(Cl)ncn2-c2ccc(S(C)(=O)=O)cc2)cc1,val
CHEMBL442036,CHEMBL230,5.93,2004.0,5.93,COc1ccc(Cc2c(C)[nH]c3cc(S(C)(=O)=O)ccc23)cc1,test
CHEMBL442063,CHEMBL230,4.522878745280337,1999.0,4.522878745280337,CS(=O)(=O)c1ccc(-c2sc(-c3ccccc3)nc2-c2ccc(F)cc2)cc1,train
CHEMBL442164,CHEMBL230,7.85,1996.0,7.85,CS(=O)(=O)c1ccc(-c2cc(F)c(F)cc2-c2ccc(F)cc2)cc1,test
CHEMBL442166,CHEMBL230,7.48,1996.0,7.48,COc1ccc(-c2ccccc2-c2ccc(S(N)(=O)=O)cc2)cc1F,test
CHEMBL442167,CHEMBL2094253,5.0,1990.0,5.0,Cc1cc(/C=C/c2cccc(C(=O)O)c2)cc(C)c1O,train
CHEMBL442224,CHEMBL230,4.0,2004.0,4.0,Cc1cc(C)c(-c2noc(C)c2-c2ccccc2)c(C)c1,train
CHEMBL44244,CHEMBL230,7.22,1997.0,7.22,Cc1c(S(=O)(=O)C(F)(F)F)cc(-c2ccc(S(C)(=O)=O)cc2)n1-c1ccc(F)cc1,train
CHEMBL442441,CHEMBL230,7.0,2007.0,7.0,C/C(=N/OCc1ccccc1Nc1c(Cl)cccc1Cl)C(=O)O,train
CHEMBL442465,CHEMBL230,4.0,2008.0,4.0,Nc1cccc(C(=O)Nc2ccccc2C(F)(F)F)c1,val
CHEMBL442548,CHEMBL230,6.12,2004.0,6.12,CS(=O)(=O)Nc1ccc(-c2cc(C(F)(F)F)nn2-c2ccc(F)cc2)cc1,train
CHEMBL442706,CHEMBL230,6.85,2008.0,6.85,NS(=O)(=O)c1ccc(-c2nc(NCc3cc4ccccc4s3)cc(C(F)(F)F)n2)cc1,train
CHEMBL442760,CHEMBL230,4.0,2001.0,4.0,CN1CC(c2ccccc2)=C(c2ccc(S(C)(=O)=O)cc2)O1,test
CHEMBL442767,CHEMBL230,6.7,2004.0,6.7,Cc1cc(=O)c(Oc2ccc(Cl)cc2F)c(-c2ccc(S(C)(=O)=O)cc2)o1,train
CHEMBL44283,CHEMBL230,7.3,1997.0,7.3,Cc1c(Cl)cc(-c2ccc(S(C)(=O)=O)cc2)n1-c1ccc(F)cc1,train
CHEMBL44290,CHEMBL230,5.79,1997.0,5.79,CC(=O)c1cc(-c2ccc(S(C)(=O)=O)cc2)n(-c2ccc(F)cc2)c1C,train
CHEMBL44313,CHEMBL230,5.99,1997.0,5.99,Cc1c(C(=O)c2ccccc2)cc(-c2ccc(S(C)(=O)=O)cc2)n1-c1ccc(F)cc1,test
CHEMBL44319,CHEMBL230,5.54,2004.0,5.54,CS(=O)(=O)Nc1ccc(-c2cc(C(F)(F)F)nn2-c2ccccc2)cc1,train
CHEMBL443278,CHEMBL230,6.4,2002.0,6.4,CC[C@]1(C)OC(=O)C(OC(C)C)=C1c1ccc(S(C)(=O)=O)cc1,train
CHEMBL4434843,CHEMBL230,4.0,2019.0,4.0,COc1ccc2c(c1)c(Cc1nonc1O)c(C)n2C(=O)c1ccc(Cl)cc1,test
CHEMBL4435643,CHEMBL230,7.74,2019.0,7.74,Cc1cccc(/C=C/C2=NNC(=O)CC2)c1,test
CHEMBL4436095,CHEMBL230,6.82,2019.0,6.82,O=C1NC(=S)S/C1=C\c1ccc(OCc2cn(CC(=O)c3ccc(Cl)cc3)nn2)cc1,val
CHEMBL44362,CHEMBL230,5.84,1997.0,5.84,Cc1c(C(O)C(F)(F)F)cc(-c2ccc(S(C)(=O)=O)cc2)n1-c1ccc(F)cc1,train
CHEMBL4436511,CHEMBL230,4.301029995663981,2019.0,4.301029995663981,COc1ccc(-c2noc(N)c2-c2ccc(OC)cc2)cc1,train
CHEMBL44367,CHEMBL230,4.0,1997.0,4.0,CS(=O)(=O)c1ccc(-n2cccc2-c2ccc(F)cc2)cc1Cl,train
CHEMBL4436821,CHEMBL230,6.96,2019.0,6.96,CC(Cl)C(=O)Nc1c(C#N)cnn1-c1ccc(S(N)(=O)=O)cc1,train
CHEMBL4437353,CHEMBL230,4.7,2019.0,4.7,CCOC(=O)c1cnn(-c2ccccn2)c1-n1nnc2ccccc2c1=O,train
CHEMBL4437518,CHEMBL230,6.6,2019.0,6.6,O=C(/C=C/C1=Cc2c(ccc3ccccc23)OC1)c1ccc([N+](=O)[O-])cc1,train
CHEMBL44376,CHEMBL2094253,4.54,1996.0,4.54,CC(=O)Oc1ccc(N2C(=O)C=CC2=O)cc1C(=O)O,val
CHEMBL4437752,CHEMBL230,7.25,2019.0,7.25,N#Cc1cnn(-c2ccc(S(N)(=O)=O)cc2)c1NC(=O)c1ccccc1,train
CHEMBL443791,CHEMBL230,8.3,1996.0,8.3,Cc1cc(-c2cc(F)c(F)cc2-c2ccc(S(C)(=O)=O)cc2)ccc1F,test
CHEMBL4438026,CHEMBL230,6.25,2019.0,6.25,COc1c(CCC(=O)O)cccc1NC(=O)C(c1ccc(-c2cncc(Cl)c2)cc1)C1CCCC1,train
CHEMBL4438116,CHEMBL230,6.38,2019.0,6.38,NS(=O)(=O)c1ccc(-n2nc(C(=O)NCCCN3CCOCC3)cc2-c2ccccc2)cc1,train
CHEMBL443819,CHEMBL230,4.522878745280337,1996.0,4.522878745280337,CS(=O)(=O)c1ccc(-c2nnnn2-c2ccc(F)c(F)c2)cc1,val
CHEMBL4438502,CHEMBL230,6.96,2019.0,6.96,O=C1NC(=S)S/C1=C\c1ccc(OCc2cn(CC(=O)c3ccc(Br)cc3)nn2)cc1,val
CHEMBL4438795,CHEMBL230,7.63,2019.0,7.63,COc1ccc(CN2CCN(C(=O)c3cc4cc(Cl)ccc4n3Cc3ccc(F)cc3)CC2)cc1,train
CHEMBL4439030,CHEMBL230,7.6850000000000005,2019.0,7.6850000000000005,Cc1c(CCC(=O)O)cccc1NC(=O)[C@@H](c1ccc(-c2cncc(C(F)(F)F)c2)cc1)C1CCCC1,train
CHEMBL4439374,CHEMBL230,6.68,2019.0,6.68,NS(=O)(=O)c1ccc(-n2nc(C(=O)OCCN3CCOCC3)cc2-c2ccc(F)cc2)cc1,train
CHEMBL4439919,CHEMBL230,6.42,2019.0,6.42,O=C1NC(=O)/C(=C/c2ccc(OCc3cn(-c4ccccc4)nn3)cc2)S1,train
CHEMBL443993,CHEMBL230,8.0,1999.0,8.0,CS(=O)(=O)c1ccc(-c2sc(-c3ccccc3Cl)nc2-c2ccccc2)cc1,train
CHEMBL444002,CHEMBL230,5.0,1995.0,5.0,CS(=O)(=O)Nc1cc2c(cc1Oc1ccc(S(C)(=O)=O)cc1)C(=O)CC2,train
CHEMBL4440435,CHEMBL230,6.01,2019.0,6.01,CCOc1ccc(-c2cc(C(=O)N3CCSCC3)nn2-c2ccc(S(N)(=O)=O)cc2)cc1,test
CHEMBL4440531,CHEMBL230,6.96,2019.0,6.96,CCO/C=N/c1nnc(-c2ccccc2)o1,test
CHEMBL4440769,CHEMBL230,6.06,2019.0,6.06,COc1ccc(-c2cc(C(=O)NCCN3CCOCC3)nn2-c2ccc(S(N)(=O)=O)cc2)cc1,train
CHEMBL4440883,CHEMBL230,7.53,2019.0,7.53,Cc1c(NC(=O)C(c2ccc(-c3cncc(Cl)c3)cc2)C2CCCC2)cccc1C1CC1C(=O)O,train
CHEMBL4440931,CHEMBL230,5.9,2019.0,5.9,Clc1ccc(-c2cc(-c3cn(-c4ccccc4)nc3-c3ccc(OCc4ccccc4)cc3)on2)cc1,val
CHEMBL4440945,CHEMBL230,6.08,2019.0,6.08,O=C(/C=C/C1=Cc2ccccc2OC1)c1ccc(C(F)(F)F)cc1,test
CHEMBL4440974,CHEMBL230,6.68,2019.0,6.68,NS(=O)(=O)c1ccc(-n2nc(C(=O)N3CCSCC3)cc2-c2cccc(Cl)c2)cc1,test
CHEMBL4441218,CHEMBL230,5.96,2019.0,5.96,CCOc1ccc(-c2cc(C(=O)OCCN3CCOCC3)nn2-c2ccc(S(N)(=O)=O)cc2)cc1,train
CHEMBL4441970,CHEMBL230,6.52,2019.0,6.52,COc1ccc(-c2noc(CF)c2-c2ccc(OC)cc2)cc1,train
CHEMBL44421,CHEMBL230,4.0,1997.0,4.0,CN(C)S(=O)(=O)c1ccc(-n2cccc2-c2ccc(F)cc2)cc1,train
CHEMBL4442101,CHEMBL230,7.81,2019.0,7.81,Cc1cccc(/C=C/c2ccc(=O)[nH]n2)c1,test
CHEMBL4443307,CHEMBL230,3.3665315444204134,2019.0,3.3665315444204134,COOC[C@@]1(C)CC[C@]2(C)CC[C@]3(C)[C@@H]4CCc5cc(O)c(O)cc5[C@]4(C)CC[C@@]3(C)C2C1,test
CHEMBL4443350,CHEMBL230,6.0,2019.0,6.0,S=c1nc(-c2ccccc2)cc(-c2cn(-c3ccccc3)nc2-c2ccc(OCc3ccccc3)cc2)[nH]1,train
CHEMBL4443521,CHEMBL230,6.22,2019.0,6.22,O=C(/C=C/c1cn(-c2ccccc2)nc1-c1ccc(OCc2ccccc2)cc1)c1ccc(Cl)cc1,train
CHEMBL4443644,CHEMBL230,7.4,2019.0,7.4,N#Cc1cnn(-c2ccc(S(N)(=O)=O)cc2)c1NC(=O)CCN1CCOCC1,train
CHEMBL4443726,CHEMBL230,5.73,2019.0,5.73,O=C(/C=C/c1cn(-c2ccccc2)nc1-c1ccc(OCc2ccccc2)cc1)c1ccccc1,train
CHEMBL4443940,CHEMBL230,5.0,2019.0,5.0,CCOC(=O)CSc1nnc(-c2ccc(S(C)(=O)=O)cc2)c(-c2ccc(OC)cc2)n1,train
CHEMBL444396,CHEMBL230,6.11,2008.0,6.11,CC(C(=O)OCCO[N+](=O)[O-])c1cccc(C(=O)c2ccccc2)c1,train
CHEMBL4443996,CHEMBL230,6.68,2019.0,6.68,NS(=O)(=O)c1ccc(-n2nc(C(=O)N3CCSCC3)cc2-c2ccc(F)cc2)cc1,test
CHEMBL4444316,CHEMBL230,6.96,2019.0,6.96,Brc1ccc(/C=N/Nc2nnc(-c3ccncc3)o2)cc1,val
CHEMBL4444391,CHEMBL230,7.05,2020.0,7.05,Cc1cc(-n2cc(-c3ccc(F)cc3)nn2)n(-c2ccc(S(C)(=O)=O)cc2)n1,train
CHEMBL4444603,CHEMBL230,7.31,2019.0,7.31,COc1ccccc1/C=C/C1=NN(c2ccc(F)cc2)C(=O)CC1,test
CHEMBL44447,CHEMBL230,4.0,1997.0,4.0,CS(=O)(=O)c1ccc(-c2ccc(C(F)(F)F)n2-c2ccc(F)cc2)cc1,train
CHEMBL4444717,CHEMBL230,7.66,2019.0,7.66,Cc1nc(C)c(CN2CCN(C(=O)c3cc4cc(Cl)ccc4n3Cc3ccc(Cl)cc3)CC2)nc1C,test
CHEMBL4444718,CHEMBL230,3.1870866433571443,2019.0,3.1870866433571443,CC(C)[C@@H]1CC[C@]2(C)[C@@H]3C(C=C4[C@@H]5CC(C)(C)CC[C@]5(C)CC[C@]42C)OC(=O)CC[C@]31C,train
CHEMBL4445036,CHEMBL230,4.301029995663981,2019.0,4.301029995663981,COc1ccc(-c2c(-c3ccc(F)cc3)noc2N)cc1,train
CHEMBL4445257,CHEMBL230,7.585,2019.0,7.585,COc1ccc(NC(=O)C(c2ccc(-c3cncc(Cl)c3)cc2)C2CCCC2)c(C)c1CCC(=O)O,train
CHEMBL444539,CHEMBL230,5.0,2000.0,5.0,O=C(NNc1ccccc1)c1ccccc1,train
CHEMBL4445481,CHEMBL230,6.77,2019.0,6.77,NS(=O)(=O)c1ccc(-n2nc(C(=O)NCCCN3CCOCC3)cc2-c2ccc(C(F)(F)F)cc2)cc1,train
CHEMBL4445524,CHEMBL230,6.38,2019.0,6.38,O=C(O)CCCc1nc(-c2ccc(Cl)c(Cl)c2)c(-c2ccccc2)o1,train
CHEMBL4445953,CHEMBL230,6.44,2019.0,6.44,O=C1NC(=S)S/C1=C\c1ccc(OCc2cn(-c3ccc(C(=O)O)cc3)nn2)cc1,train
CHEMBL4446093,CHEMBL230,6.4,2019.0,6.4,Cc1ccc(Nc2c(F)cccc2Cl)c(CNS(=O)(=O)C(F)(F)F)c1,train
CHEMBL44466,CHEMBL230,6.1,1997.0,6.1,Cc1ccccc1-c1nc(C(F)(F)F)cn1-c1ccc(S(C)(=O)=O)cc1,train
CHEMBL44468,CHEMBL230,6.46,1997.0,6.46,COc1cccc(-c2nc(C(F)(F)F)cn2-c2ccc(S(C)(=O)=O)cc2)c1,train
CHEMBL4447565,CHEMBL230,6.92,2019.0,6.92,C#CCOc1ccc(/C=C2\SC(=S)NC2=O)cc1,train
CHEMBL4447638,CHEMBL230,6.64,2019.0,6.64,NS(=O)(=O)c1ccc(-n2nc(C(=O)N3CCOCC3)cc2-c2ccc(F)cc2)cc1,val
CHEMBL444805,CHEMBL230,8.38,2001.0,8.38,CC1C(c2ccccc2)=C(c2ccc(S(C)(=O)=O)cc2)ON1C,test
CHEMBL4448450,CHEMBL230,5.12,2019.0,5.12,N#Cc1ccc(/C=N/NC(=O)c2cn(Cc3ccc(Cl)cc3)c3ccccc23)cc1,train
CHEMBL4448607,CHEMBL230,5.55,2019.0,5.55,CC(=O)n1nc(-c2ccc(Cl)cc2)cc1-c1cn(-c2ccccc2)nc1-c1ccc(OCc2ccccc2)cc1,train
CHEMBL4448997,CHEMBL230,6.38,2019.0,6.38,O=C(/C=C/C1=Cc2ccccc2OC1)c1ccc(Br)cc1,test
CHEMBL4449234,CHEMBL230,6.48,2019.0,6.48,O=C1NC(=S)S/C1=C\c1ccc(OCc2cn(Cc3ccccc3)nn2)cc1,train
CHEMBL4449420,CHEMBL230,4.301029995663981,2019.0,4.301029995663981,Nc1onc(-c2ccc([N+](=O)[O-])cc2)c1-c1ccc(F)cc1,train
CHEMBL4449466,CHEMBL230,4.35,2019.0,4.35,CCCCn1c(C)c2c(c1C)C(=O)N(CN1CCN(c3ccccc3)CC1)C2=O,train
CHEMBL4449489,CHEMBL230,6.89,2019.0,6.89,O=[N+]([O-])c1ccc(/C=N/c2nnc(-c3ccc(Cl)cc3)o2)cc1,test
CHEMBL4449905,CHEMBL230,5.71,2019.0,5.71,CC(=O)n1nc(-c2ccccc2)cc1-c1cn(-c2ccccc2)nc1-c1ccc(OCc2ccccc2)cc1,train
CHEMBL4450052,CHEMBL230,3.2676062401770314,2019.0,3.2676062401770314,C=C(C)[C@@H]1CC[C@]2(C)CC[C@]3(C)[C@H](CCC4[C@@]5(C)[C@H](O)C[C@H](OC(C)=O)C(C)(C)[C@@H]5CC[C@]43C)[C@@H]12,train
CHEMBL4450095,CHEMBL230,6.54,2019.0,6.54,Clc1ccc(/C=N/Nc2nnc(-c3ccncc3)o2)cc1,val
CHEMBL4450213,CHEMBL230,7.01,2019.0,7.01,COc1ccccc1/C=C/c1ccc(=O)[nH]n1,test
CHEMBL4450248,CHEMBL230,6.43,2019.0,6.43,O=C(/C=C/C1=Cc2ccccc2OC1)c1ccc(F)cc1,test
CHEMBL4450458,CHEMBL230,7.05,2019.0,7.05,Clc1ccc(-c2nnc(CSc3nnc(-c4ccncc4)o3)o2)cc1,train
CHEMBL4450483,CHEMBL230,6.28,2019.0,6.28,Cc1ccc(-n2cc(COc3ccc(/C=C4\SC(=O)NC4=O)cc3)nn2)cc1,train
CHEMBL4450776,CHEMBL230,7.08,2019.0,7.08,N#Cc1cnn(-c2ccc(S(N)(=O)=O)cc2)c1/N=C/c1ccccc1,train
CHEMBL4451192,CHEMBL230,5.55,2019.0,5.55,Nc1nc(-c2ccccc2)cc(-c2cn(-c3ccccc3)nc2-c2ccc(OCc3ccccc3)cc2)n1,test
CHEMBL4451436,CHEMBL230,5.12,2020.0,5.12,N#Cc1c(/N=C/c2ccc(Cl)cc2)c(C(=O)Nc2ccc(Br)cc2)n2c1CCC2,train
CHEMBL44516,CHEMBL230,6.96,1997.0,6.96,CS(=O)(=O)c1ccc(-n2cc(C(F)(F)F)nc2-c2ccc(Cl)cc2)cc1,train
CHEMBL4451723,CHEMBL230,5.68,2019.0,5.68,c1ccc(COc2ccc(-c3nn(-c4ccccc4)cc3-c3cc(-c4ccccc4)no3)cc2)cc1,val
CHEMBL4451916,CHEMBL230,6.68,2019.0,6.68,NS(=O)(=O)c1ccc(-n2nc(C(=O)OCCCN3CCOCC3)cc2-c2ccc(C(F)(F)F)cc2)cc1,train
CHEMBL4452428,CHEMBL230,5.83,2020.0,5.83,N#Cc1c(/N=C/c2ccccc2)c(C(=O)Nc2ccc(Br)cc2)n2c1CCC2,train
CHEMBL4452435,CHEMBL230,5.96,2019.0,5.96,S=c1nc(-c2ccc(Cl)cc2)cc(-c2cn(-c3ccccc3)nc2-c2ccc(OCc3ccccc3)cc2)[nH]1,train
CHEMBL4452534,CHEMBL230,6.91,2019.0,6.91,CC(C(=O)Nc1c(C#N)cnn1-c1ccc(S(N)(=O)=O)cc1)N1CCOCC1,train
CHEMBL4453592,CHEMBL230,3.337242168318426,2019.0,3.337242168318426,CC(C)[C@@H]1CC[C@]2(C)[C@@H]3C(C=C4[C@@H]5CC(C)(C)C(=O)C[C@]5(C)CC[C@]42C)OC(=O)CC(O)[C@]31C,train
CHEMBL4454204,CHEMBL230,6.39,2019.0,6.39,Cc1ccc(-n2cc(COc3ccc(/C=C4\SC(=S)NC4=O)cc3)nn2)cc1,train
CHEMBL4454216,CHEMBL230,5.78,2020.0,5.78,N#Cc1c(/N=C/c2ccco2)c(C(=O)Nc2ccc(Br)cc2)n2c1CCC2,train
CHEMBL4454251,CHEMBL230,6.48,2019.0,6.48,C#CCOc1ccc(/C=C2\SC(=O)NC2=O)cc1,train
CHEMBL4455511,CHEMBL230,6.92,2019.0,6.92,CCc1ccc(-n2cc(CNC(=O)C(=O)c3cc4ccccc4[nH]3)nn2)cc1,train
CHEMBL4455944,CHEMBL230,6.04,2019.0,6.04,CCOc1ccc(-c2cc(C(=O)NCCCN3CCOCC3)nn2-c2ccc(S(N)(=O)=O)cc2)cc1,train
CHEMBL4456191,CHEMBL230,7.0,2019.0,7.0,CCO/C=N/c1nnc(-c2ccc(Cl)cc2)o1,test
CHEMBL4456451,CHEMBL230,4.36,2019.0,4.36,Cc1c2c(c(C)n1-c1cccc(Cl)c1)C(=O)N(CN1CCN(S(C)(=O)=O)CC1)C2=O,train
CHEMBL4456497,CHEMBL230,5.0,2019.0,5.0,CCOC(=O)CSc1nnc(-c2ccc(S(C)(=O)=O)cc2)c(-c2ccc(C)cc2)n1,train
CHEMBL4456822,CHEMBL230,7.63,2019.0,7.63,COc1ccc2[nH]cc(CCNC(=O)c3cc4cc(Cl)ccc4n3Cc3ccc(F)cc3)c2c1,val
CHEMBL4458211,CHEMBL230,6.16,2019.0,6.16,NS(=O)(=O)c1ccc(-n2nc(C(=O)N3CCOCC3)cc2-c2ccccc2)cc1,val
CHEMBL4458369,CHEMBL230,5.71,2019.0,5.71,COc1cccc(-c2cc(C(=O)N3CCSCC3)nn2-c2ccc(S(N)(=O)=O)cc2)c1,test
CHEMBL4458529,CHEMBL230,6.4,2019.0,6.4,COC(=O)CNC(=O)[C@H](C)NC(=O)[C@@H]1CCCN1C(=O)CNC(=O)[C@H](C)NC(=O)OCc1ccccc1,test
CHEMBL4460448,CHEMBL230,4.88,2020.0,4.88,CC/C=N/c1c(C#N)c2n(c1C(=O)Nc1ccc(Br)cc1)CCC2,test
CHEMBL4460665,CHEMBL230,5.26,2019.0,5.26,NS(=O)(=O)c1ccc(-n2nc(C(=O)OCCCN3CCOCC3)cc2-c2ccc(Cl)cc2)cc1,train
CHEMBL4460882,CHEMBL230,4.37,2019.0,4.37,CCCCn1c(C)c2c(c1C)C(=O)N(CN1CCN(S(C)(=O)=O)CC1)C2=O,test
CHEMBL4461022,CHEMBL230,6.92,2019.0,6.92,O=C1NC(=O)/C(=C/c2ccc(OCc3cn(-c4ccc(Br)cc4)nn3)cc2)S1,train
CHEMBL4461039,CHEMBL230,3.6989700043360187,2016.0,3.6989700043360187,CS(=O)(=O)c1ccc(Cc2nnnn2-c2ccc(O)cc2)cc1,train
CHEMBL4461324,CHEMBL230,3.3010299956639813,2016.0,3.3010299956639813,CS(=O)(=O)c1ccc(-c2nnnn2-c2ccc(CO)cc2)cc1,val
CHEMBL446198,CHEMBL230,5.5,2008.0,5.5,COC(=O)c1cc(/N=C/c2ccc(S(N)(=O)=O)cc2)ccc1O,val
CHEMBL4462245,CHEMBL230,6.72,2019.0,6.72,NS(=O)(=O)c1ccc(-n2nc(C(=O)N3CCSCC3)cc2-c2ccc(C(F)(F)F)cc2)cc1,test
CHEMBL4462267,CHEMBL230,6.54,2019.0,6.54,O=C(Nc1ccccc1)Nc1nnc(-c2ccc(Cl)cc2)o1,train
CHEMBL4462667,CHEMBL230,7.22,2019.0,7.22,Cc1c(CCC(=O)O)cccc1NC(=O)C(c1ccc(-c2cncc(Cl)c2)cc1)C1CCCC1,train
CHEMBL4462846,CHEMBL230,5.28,2019.0,5.28,NC(=S)n1nc(-c2ccccc2)cc1-c1cn(-c2ccccc2)nc1-c1ccc(OCc2ccccc2)cc1,train
CHEMBL4462866,CHEMBL230,4.3979400086720375,2019.0,4.3979400086720375,CC1(C)CC[C@]2(C)CC[C@]3(C)C(=CC(=O)[C@@H]4[C@@]5(C)CC[C@H](O)C(C)(C)[C@@H]5CC[C@]43C)[C@@H]2C1,val
CHEMBL4462870,CHEMBL230,6.46,2019.0,6.46,COc1ccc(-c2noc(C)c2-c2ccc(OC)cc2)cc1,train
CHEMBL4463147,CHEMBL230,6.52,2019.0,6.52,Cc1ccc(-c2ccc(C(C(=O)Nc3cccc(CCC(=O)O)c3C)C3CCCC3)cc2)cn1,train
CHEMBL4463182,CHEMBL230,5.33,2019.0,5.33,NC(=S)n1nc(-c2ccc(Cl)cc2)cc1-c1cn(-c2ccccc2)nc1-c1ccc(OCc2ccccc2)cc1,train
CHEMBL446319,CHEMBL230,4.86,2002.0,4.86,CC(C)(O)[C@H](O)Cc1cc(/C=C/c2cc(O)cc(O)c2)ccc1O,train
CHEMBL446323,CHEMBL230,5.72,2005.0,5.72,O=c1c2ccccc2oc2c(O)c(O)ccc12,test
CHEMBL4463619,CHEMBL230,6.06,2020.0,6.06,CCCCCCCCCCCCCC1=CC(=O)C=C(OC)C1=O,train
CHEMBL446368,CHEMBL230,5.0,2008.0,5.0,CS(=O)(=O)c1ccc(-c2nc([S+]([O-])Cc3ccccc3)cc(C(F)(F)F)n2)cc1,train
CHEMBL4464158,CHEMBL230,6.6,2019.0,6.6,N#CCC(=O)Nc1nnc(-c2ccc(Cl)cc2)o1,test
CHEMBL4464902,CHEMBL230,7.84,2019.0,7.84,Cc1c(CCC(=O)O)cccc1NC(=O)C(c1ccc(-c2cncc(C(F)(F)F)c2)cc1)C1CCCC1,train
CHEMBL4465079,CHEMBL230,7.21,2019.0,7.21,CC(=O)Nc1c(C#N)cnn1-c1ccc(S(=O)(=O)NC(C)=O)cc1,train
CHEMBL4465168,CHEMBL230,5.89,2019.0,5.89,NS(=O)(=O)c1ccc(-n2nc(C(=O)N3CCSCC3)cc2-c2ccc(Br)cc2)cc1,test
CHEMBL4465207,CHEMBL230,7.7,2019.0,7.7,COc1ccccc1/C=C/c1ccc(=O)n(-c2ccc(F)cc2)n1,test
CHEMBL4465261,CHEMBL230,5.52,2019.0,5.52,CCOc1ccc(-c2cc(C(=O)N3CCOCC3)nn2-c2ccc(S(N)(=O)=O)cc2)cc1,val
CHEMBL4465282,CHEMBL230,7.23,2019.0,7.23,Clc1ccc(/C=N/c2nnc(-c3ccc(Cl)cc3)o2)cc1,test
CHEMBL4465694,CHEMBL230,5.24,2019.0,5.24,CC(C)=CCc1c(O)cc(O)c(CC=C(C)C)c1/C=C/c1ccc(O)cc1,train
CHEMBL4465808,CHEMBL230,7.67,2019.0,7.67,Cc1c(NC(=O)C(c2ccc(-c3cncc(Cl)c3)cc2)C2CCCC2)cccc1OCC(=O)O,train
CHEMBL4465969,CHEMBL230,4.301029995663981,2019.0,4.301029995663981,COc1ccc(-c2c(-c3ccc(N)cc3)noc2CC(=O)O)cc1,train
CHEMBL4466030,CHEMBL230,7.3,2020.0,7.3,Cc1cc(-n2cc(-c3ccc(N)cc3)nn2)n(-c2ccc(S(C)(=O)=O)cc2)n1,train
CHEMBL4466102,CHEMBL230,7.05,2019.0,7.05,COc1ccccc1/C=C/c1ccc(=O)n(-c2ccccc2)n1,test
CHEMBL4466133,CHEMBL230,5.9,2020.0,5.9,CCC1SCC(=O)N1c1c(C#N)c2n(c1C(=O)Nc1ccc(C)cc1)CCC2,train
CHEMBL4466390,CHEMBL230,6.04,2019.0,6.04,O=C(O)C[C@@H]1C(=O)O[C@H]2[C@@H]3OC(=O)c4cc(O)c(O)c(O)c4-c4ccccc4C(=O)OC[C@H]2O[C@@H](OC(=O)c2cc(O)c(O)c(O)c2)[C@@H]3OC(=O)c2cc(O)c(O)c3c2[C@H]1[C@H](O)C(=O)O3,val
CHEMBL4466610,CHEMBL230,4.6020599913279625,2022.0,4.6020599913279625,CC[C@H](C(=O)O)c1ccc2cc(OC)ccc2c1,train
CHEMBL4466770,CHEMBL230,6.72,2019.0,6.72,N#Cc1cnn(-c2ccc(S(N)(=O)=O)cc2)c1/N=C/c1ccc(Cl)cc1,train
CHEMBL4466839,CHEMBL230,5.0,2019.0,5.0,CCOC(=O)CSc1nnc(-c2ccc(S(C)(=O)=O)cc2)c(-c2ccc(F)cc2)n1,train
CHEMBL4467569,CHEMBL230,6.51,2019.0,6.51,NS(=O)(=O)c1ccc(-n2nc(C(=O)N3CCOCC3)cc2-c2ccc(Br)cc2)cc1,val
CHEMBL4467934,CHEMBL230,6.79,2019.0,6.79,Cc1cncc(-c2ccc(C(C(=O)Nc3cccc(CCC(=O)O)c3C)C3CCCC3)cc2)c1,train
CHEMBL4468689,CHEMBL230,3.5228787452803374,2016.0,3.5228787452803374,CS(=O)(=O)c1ccc(-c2nnnn2-c2ccc(O)cc2)cc1,val
CHEMBL446974,CHEMBL230,4.7,2011.0,4.7,COc1cc(O)c2c(=O)cc(C)oc2c1,test
CHEMBL447023,CHEMBL230,4.0,2002.0,4.0,Oc1ccc([C@H]2Oc3c(c(O)cc(O)c3[C@H]3c4c(O)cc(O)cc4O[C@H](c4ccc(O)c(O)c4)[C@@H]3O)C[C@H]2O)cc1,train
CHEMBL4470517,CHEMBL230,7.85,2019.0,7.85,Cc1ccc(Nc2c(F)cccc2Cl)c(CNc2nnn[nH]2)c1,train
CHEMBL4470526,CHEMBL230,4.3979400086720375,2020.0,4.3979400086720375,O=C(NCCc1c[nH]c2ccccc12)c1cc(Cl)ccc1O,train
CHEMBL4470659,CHEMBL230,4.301029995663981,2019.0,4.301029995663981,CS(=O)(=O)c1ccc(-c2noc(N)c2-c2ccc(F)cc2)cc1,train
CHEMBL4470970,CHEMBL230,4.301029995663981,2019.0,4.301029995663981,COc1ccc(-c2c(-c3ccc(F)cc3)noc2C)cc1,train
CHEMBL4471015,CHEMBL230,5.0,2019.0,5.0,CS(=O)(=O)Nc1cc(Cc2ccc(Cl)cc2)c2ccccc2c1,test
CHEMBL4471266,CHEMBL230,4.42,2016.0,4.42,CS(=O)(=O)c1ccc(Cc2nnnn2-c2ccc(CO)cc2)cc1,train
CHEMBL4471314,CHEMBL230,5.37,2020.0,5.37,CC/C=N/c1c(C#N)c2n(c1C(=O)Nc1ccc(Cl)cc1)CCC2,test
CHEMBL4471323,CHEMBL230,4.97,2020.0,4.97,CCC1SCC(=O)N1c1c(C#N)c2n(c1C(=O)Nc1ccccc1)CCC2,train
CHEMBL447148,CHEMBL230,5.22,2009.0,5.22,NS(=O)(=O)c1ccc(C#Cc2ccc(=O)n(C(F)F)c2)cc1,val
CHEMBL4471677,CHEMBL230,4.34,2019.0,4.34,CCCCn1c(C)c2c(c1C)C(=O)N(CN1CCN(c3ccc(F)cc3F)CC1)C2=O,train
CHEMBL4471996,CHEMBL230,5.65,2019.0,5.65,COc1cccc(-c2cc(C(=O)N3CCOCC3)nn2-c2ccc(S(N)(=O)=O)cc2)c1,val
CHEMBL4472111,CHEMBL230,5.65,2023.0,5.65,CCOC(=O)[C@H](CO)NC(=O)c1cccc(O)c1O,train
CHEMBL4472170,CHEMBL230,6.85,2019.0,6.85,COc1ccc(-n2cc(COc3ccc(/C=C4\SC(=O)NC4=O)cc3)nn2)cc1,train
CHEMBL4473089,CHEMBL230,4.36,2019.0,4.36,CCCCn1c(C)c2c(c1C)C(=O)N(CN1CCN(c3ccccc3F)CC1)C2=O,train
CHEMBL4473414,CHEMBL230,5.7,2019.0,5.7,COC(=O)CNC(=O)[C@H](C)NC(=O)[C@@H]1CCCN1C(=O)CNC(=O)CNC(=O)[C@H](C)N,train
CHEMBL4473503,CHEMBL230,6.22,2019.0,6.22,COC(=O)[C@H](C)NC(=O)[C@@H]1CCCN1C(=O)CNC(=O)[C@H](C)N,train
CHEMBL4473603,CHEMBL230,6.25,2019.0,6.25,NS(=O)(=O)c1ccc(-n2nc(C(=O)OCCCN3CCOCC3)cc2-c2ccccc2)cc1,train
CHEMBL4473838,CHEMBL230,7.7,2019.0,7.7,CS(=O)(=O)c1ccc(-c2c(-c3ccc(F)cc3)oc3ccccc23)cc1,train
CHEMBL4474290,CHEMBL230,7.0,2019.0,7.0,COc1ccc(-n2cc(COc3ccc(/C=C4\SC(=S)NC4=O)cc3)nn2)cc1,train
CHEMBL4474324,CHEMBL230,7.0,2019.0,7.0,COC(=O)CNC(=O)[C@H](C)NC(=O)[C@@H]1CCCN1C(=O)CNC(=O)[C@H](C)N,train
CHEMBL4474936,CHEMBL230,5.0,2019.0,5.0,CCOC(=O)CSc1nnc(-c2ccc(S(C)(=O)=O)cc2)c(-c2ccc(Cl)cc2)n1,train
CHEMBL4475138,CHEMBL230,4.36,2019.0,4.36,Cc1c2c(c(C)n1-c1ccccc1)C(=O)N(CN1CCN(S(C)(=O)=O)CC1)C2=O,train
CHEMBL4475190,CHEMBL230,7.0,2019.0,7.0,O=C1NC(=O)/C(=C/c2ccc(OCc3cn(Cc4ccc(Br)cc4)nn3)cc2)S1,val
CHEMBL4475300,CHEMBL230,3.3467874862246565,2019.0,3.3467874862246565,C=C(C)[C@@H]1CC[C@]2(C)CC[C@]3(C)[C@H](CCC4[C@@]5(C)[C@H](O)C[C@H](O)C(C)(C)[C@@H]5CC[C@]43C)[C@@H]12,train
CHEMBL4475349,CHEMBL230,6.75,2019.0,6.75,COc1ccc(-c2noc(CBr)c2-c2ccc(OC)cc2)cc1,train
CHEMBL4475455,CHEMBL230,5.45,2019.0,5.45,NS(=O)(=O)c1ccc(-n2nc(C(=O)OCCCN3CCOCC3)cc2-c2ccc(F)cc2)cc1,train
CHEMBL4475508,CHEMBL230,7.03,2019.0,7.03,O=[N+]([O-])c1ccc(/C=N/c2nnc(-c3ccccc3)o2)cc1,test
CHEMBL4476757,CHEMBL230,6.72,2019.0,6.72,NS(=O)(=O)c1ccc(-n2nc(C(=O)OCCN3CCOCC3)cc2-c2ccc(C(F)(F)F)cc2)cc1,train
CHEMBL44829,CHEMBL230,5.495,1997.0,5.495,CN(C)c1cccc(-c2nc(C(F)(F)F)cn2-c2ccc(S(C)(=O)=O)cc2)c1,train
CHEMBL44924,CHEMBL230,5.23,1997.0,5.23,CS(=O)(=O)c1ccc(-n2cc(C(F)(F)F)nc2-c2cccc(N)c2)cc1,train
CHEMBL44926,CHEMBL230,7.0,1997.0,7.0,NS(=O)(=O)c1ccc(-n2cc(C(F)(F)F)nc2-c2ccccc2F)cc1,train
CHEMBL44977,CHEMBL230,6.48,1997.0,6.48,CN(C)c1ccc(-c2nc(C(F)(F)F)cn2-c2ccc(S(C)(=O)=O)cc2)cc1F,train
CHEMBL449930,CHEMBL230,6.82,2009.0,6.82,CS(=O)(=O)c1ccc(-n2cc(-c3ccccc3)nn2)cc1,train
CHEMBL449952,CHEMBL2094253,1.3000000000236323,2013.0,1.3000000000236323,Cc1cccc(Nc2ccccc2CC(=O)O)c1Cl,train
CHEMBL45090,CHEMBL230,6.77,1997.0,6.77,CS(=O)(=O)c1ccc(-n2cc(C(F)(F)F)nc2-c2cc(Cl)cc(Cl)c2)cc1,train
CHEMBL451044,CHEMBL230,5.56,2020.0,5.56,CCCCCCCCCCCCCc1cc(O)cc(O)c1,train
CHEMBL4513580,CHEMBL230,4.301029995663981,2019.0,4.301029995663981,Cc1onc(-c2ccc([N+](=O)[O-])cc2)c1-c1ccc(F)cc1,train
CHEMBL45139,CHEMBL230,5.05,1997.0,5.05,COc1ccccc1-c1nc(C(F)(F)F)cn1-c1ccc(S(C)(=O)=O)cc1,train
CHEMBL4515463,CHEMBL230,6.05,2019.0,6.05,Cc1ccc(-c2cc(C(=O)N3CCSCC3)nn2-c2ccc(S(N)(=O)=O)cc2)cc1,test
CHEMBL4515706,CHEMBL230,4.83,2019.0,4.83,COc1ccc(/C=C/c2c(CC=C(C)C)c(O)cc(O)c2CC=C(C)C)cc1O,train
CHEMBL4515876,CHEMBL230,7.16,2019.0,7.16,Cc1onc(-c2ccc(S(C)(=O)=O)cc2)c1-c1ccc(F)cc1,train
CHEMBL4516009,CHEMBL230,5.92,2019.0,5.92,COc1ccc(-c2cc(C(=O)N3CCSCC3)nn2-c2ccc(S(N)(=O)=O)cc2)cc1,test
CHEMBL4517895,CHEMBL230,4.45,2019.0,4.45,COc1ccc(/C=C/c2c(CC=C(C)C)c(O)cc3c2CCC(C)(C)O3)cc1O,train
CHEMBL451919,CHEMBL230,5.72,2020.0,5.72,CCCCCC1=CC(=O)C=C(OC)C1=O,train
CHEMBL45192,CHEMBL230,8.0,1997.0,8.0,NS(=O)(=O)c1ccc(-n2cc(C(F)(F)F)nc2-c2ccc(Cl)cc2)cc1,train
CHEMBL45197,CHEMBL230,6.8,1997.0,6.8,CSc1ccc(-c2nc(C(F)(F)F)cn2-c2ccc(S(C)(=O)=O)cc2)cc1,train
CHEMBL4520676,CHEMBL230,6.15,2019.0,6.15,COc1ccc(-c2cc(C(=O)NCCCN3CCOCC3)nn2-c2ccc(S(N)(=O)=O)cc2)cc1,train
CHEMBL4520818,CHEMBL230,6.07,2019.0,6.07,NS(=O)(=O)c1ccc(N2C(=O)/C(=C\c3ccccc3Cl)N=C2c2ccc(Cl)cc2)cc1,test
CHEMBL4521668,CHEMBL230,6.66,2019.0,6.66,O=C1NC(=O)/C(=C/c2ccc(OCc3cn(CC(=O)c4ccc(Cl)cc4)nn3)cc2)S1,val
CHEMBL4521969,CHEMBL230,6.64,2019.0,6.64,NS(=O)(=O)c1ccc(-n2nc(C(=O)N3CCOCC3)cc2-c2cccc(F)c2)cc1,val
CHEMBL45247,CHEMBL230,6.82,2004.0,6.82,CS(=O)(=O)Nc1ccc(-c2cc(C(F)F)nn2-c2ccc(Cl)cc2)cc1,train
CHEMBL4526207,CHEMBL230,7.455,2019.0,7.455,Cc1c(CCC(=O)O)cccc1NC(=O)[C@@H](c1ccc(-c2cncc(Cl)c2)cc1)C1CCCC1,train
CHEMBL452660,CHEMBL230,6.72,2009.0,6.72,CS(=O)(=O)c1ccc(-n2cc(-c3ccc(Cl)cc3)nn2)cc1,train
CHEMBL4526939,CHEMBL230,7.14,2019.0,7.14,Cc1c(CCC(=O)O)cccc1NC(=O)C(c1ccc(-c2cncc(Cl)c2)cc1)C1CCC1,train
CHEMBL4527106,CHEMBL230,7.22,2019.0,7.22,,
CHEMBL452744,CHEMBL230,6.22,2008.0,6.22,CS(=O)(=O)c1ccc(-c2[se]ncc2-c2ccc(F)cc2)cc1,test
CHEMBL4527978,CHEMBL230,4.28,2020.0,4.28,CC/C=N/c1c(C#N)c2n(c1C(=O)Nc1ccccc1)CCC2,test
CHEMBL4528204,CHEMBL230,3.3010299956639813,2016.0,3.3010299956639813,NS(=O)(=O)c1ccc(-c2nnnn2-c2ccc(O)cc2)cc1,val
CHEMBL4528233,CHEMBL230,5.94,2020.0,5.94,CCC1SCC(=O)N1c1c(C#N)c2n(c1C(=O)Nc1ccc(Cl)cc1)CCC2,train
CHEMBL4528376,CHEMBL230,4.37,2019.0,4.37,Cc1c2c(c(C)n1-c1ccccc1)C(=O)N(CN1CCN(c3ccccc3)CC1)C2=O,train
CHEMBL4528493,CHEMBL230,7.1,2019.0,7.1,CC(C)(C)OC(=O)N1CCC[C@H]1C(=O)N[C@@H](Cc1ccccc1)C(=O)O,train
CHEMBL4528653,CHEMBL230,4.35,2019.0,4.35,CCCCn1c(C)c2c(c1C)C(=O)N(CN1CCN(c3ccccc3OC)CC1)C2=O,train
CHEMBL4529375,CHEMBL230,6.72,2019.0,6.72,NS(=O)(=O)c1ccc(-n2nc(C(=O)N3CCSCC3)cc2-c2cccc(F)c2)cc1,test
CHEMBL4529760,CHEMBL230,6.99,2019.0,6.99,COc1ccccc1/C=C/C1=NNC(=O)CC1,test
CHEMBL4529762,CHEMBL230,7.28,2019.0,7.28,Brc1ccc(-c2nnc(CSc3nnc(-c4ccncc4)o3)o2)cc1,train
CHEMBL4529874,CHEMBL230,6.52,2019.0,6.52,COC(=O)[C@@H]1CCCN1C(=O)CNC(=O)[C@H](C)NC(=O)OCc1ccccc1,test
CHEMBL4530072,CHEMBL230,6.72,2019.0,6.72,O=C1NC(=S)S/C1=C\c1ccc(OCc2cn(-c3ccc(Cl)cc3)nn2)cc1,train
CHEMBL4530289,CHEMBL230,6.6,2019.0,6.6,NS(=O)(=O)c1ccc(-n2nc(C(=O)OCCN3CCOCC3)cc2-c2ccc(Cl)cc2)cc1,train
CHEMBL4531165,CHEMBL230,7.7,2019.0,7.7,N#Cc1cnn(-c2ccc(S(N)(=O)=O)cc2)c1NC(=O)CCl,train
CHEMBL4531924,CHEMBL230,5.01,2020.0,5.01,N#Cc1c(/N=C/c2cccnc2)c(C(=O)Nc2ccc(Br)cc2)n2c1CCC2,train
CHEMBL4532080,CHEMBL230,6.62,2019.0,6.62,NS(=O)(=O)c1ccc(-n2nc(C(=O)N3CCOCC3)cc2-c2cccc(Cl)c2)cc1,val
CHEMBL4532831,CHEMBL230,4.3979400086720375,2020.0,4.3979400086720375,Cc1ccc2[nH]cc(CCNC(=O)c3ccccc3O)c2c1,train
CHEMBL4532838,CHEMBL230,6.07,2019.0,6.07,CCOc1ccc(-c2cc(C(=O)NCCN3CCOCC3)nn2-c2ccc(S(N)(=O)=O)cc2)cc1,train
CHEMBL4532877,CHEMBL230,7.47,2019.0,7.47,N#Cc1cnn(-c2ccc(S(N)(=O)=O)cc2)c1NC(=O)CN1CCOCC1,train
CHEMBL4533060,CHEMBL230,6.34,2019.0,6.34,COc1ccc(C(=O)/C=C/C2=Cc3ccccc3OC2)cc1,test
CHEMBL45331,CHEMBL230,6.11,2004.0,6.11,Cc1cc(-c2ccc(NS(C)(=O)=O)cc2)n(-c2ccc(Br)cc2)n1,train
CHEMBL4533116,CHEMBL230,5.3,2019.0,5.3,COC(=O)CNC(=O)[C@H](Cc1ccccc1)NC(=O)[C@@H]1CCCN1C(=O)[C@H](Cc1ccccc1)NC(=O)[C@H](C)NC(=O)OCc1ccccc1,test
CHEMBL4533150,CHEMBL230,7.96,2019.0,7.96,CS(=O)(=O)c1ccc(C2=C(c3ccc(F)cc3)Cc3ccccc32)cc1,train
CHEMBL4533452,CHEMBL230,6.42,2019.0,6.42,CCO/C=N/c1nnc(-c2cccnc2)o1,train
CHEMBL4535128,CHEMBL230,6.35,2019.0,6.35,O=C1NC(=O)/C(=C/c2ccc(OCc3cn(-c4ccc(C(=O)O)cc4)nn3)cc2)S1,train
CHEMBL4535676,CHEMBL230,7.7,2019.0,7.7,C[C@H](NC(=O)OCc1ccccc1)C(=O)NCC(=O)N1CCC[C@H]1C(=O)O,test
CHEMBL4535881,CHEMBL230,6.77,2019.0,6.77,O=C(Nc1ccccc1)Nc1nnc(-c2cccnc2)o1,train
CHEMBL4536976,CHEMBL230,7.71,2019.0,7.71,O=C1CCC(/C=C/c2cccnc2)=NN1,train
CHEMBL4537150,CHEMBL230,4.37,2019.0,4.37,CCOc1ccccc1N1CCN(CN2C(=O)c3c(c(C)n(-c4ccccc4)c3C)C2=O)CC1,train
CHEMBL4537499,CHEMBL230,4.36,2019.0,4.36,Cc1c2c(c(C)n1-c1cccc(Cl)c1)C(=O)N(CN1CCN(c3ccccc3)CC1)C2=O,train
CHEMBL4537621,CHEMBL230,5.0,2019.0,5.0,COc1ccc2cc(CCS(C)(=O)=O)ccc2c1,train
CHEMBL4538175,CHEMBL230,4.16,2016.0,4.16,CS(=O)(=O)c1ccc(-c2nnnn2-c2ccc(CCO)cc2)cc1,val
CHEMBL45383,CHEMBL230,5.08,1997.0,5.08,CS(=O)(=O)c1ccc(-n2cc(CO)nc2-c2ccc(Cl)cc2)cc1,train
CHEMBL45387,CHEMBL230,6.58,2004.0,6.58,Cc1cc(-c2ccc(NS(C)(=O)=O)cc2)n(-c2ccc(Cl)cc2)n1,train
CHEMBL4539136,CHEMBL230,6.03,2019.0,6.03,Cc1ccc(-c2cc(C(=O)N3CCOCC3)nn2-c2ccc(S(N)(=O)=O)cc2)cc1,val
CHEMBL4539396,CHEMBL230,7.52,2019.0,7.52,Cc1c(CCC(=O)O)cccc1NC(=O)C(c1ccc(-c2cncc(Cl)c2)c(F)c1)C1CCCC1,train
CHEMBL4540374,CHEMBL230,8.0,2020.0,8.0,Cc1cnc(Cn2cc(-c3onc(-c4ccccc4)c3-c3ccc(S(N)(=O)=O)cc3)nn2)c(C)c1[18F],train
CHEMBL4540611,CHEMBL230,6.06,2019.0,6.06,COc1ccc(-c2nn(-c3ccc(S(C)(=O)=O)cc3)cc2/C=C2\SC(=O)NC2=O)cc1,test
CHEMBL4540796,CHEMBL230,4.78,2020.0,4.78,Cc1ccc(C(=O)NCCc2c[nH]c3ccccc23)c(O)c1,train
CHEMBL4540871,CHEMBL230,6.19,2019.0,6.19,NS(=O)(=O)c1ccc(-n2nc(C(=O)NCCN3CCOCC3)cc2-c2ccccc2)cc1,train
CHEMBL4541315,CHEMBL230,7.09,2019.0,7.09,Clc1ccc(-c2nnc(/N=C/c3ccccc3)o2)cc1,test
CHEMBL4542774,CHEMBL230,6.96,2019.0,6.96,O=C1NC(=S)S/C1=C\c1ccc(OCc2cn(-c3ccc(Br)cc3)nn2)cc1,train
CHEMBL4544031,CHEMBL230,6.58,2019.0,6.58,O=C1NC(=O)/C(=C/c2ccc(OCc3cn(-c4ccc(Cl)cc4)nn3)cc2)S1,train
CHEMBL4544072,CHEMBL230,6.4,2019.0,6.4,COC(=O)CNC(=O)[C@H](CCSC)NC(=O)[C@H](Cc1ccccc1)NC(=O)[C@@H]1CCCN1C(=O)OC(C)(C)C,train
CHEMBL4544804,CHEMBL230,4.301029995663981,2019.0,4.301029995663981,COc1ccc(-c2c(-c3ccc(N)cc3)noc2C)cc1,train
CHEMBL4545038,CHEMBL230,5.4,2019.0,5.4,Nc1nc(-c2ccc(Cl)cc2)cc(-c2cn(-c3ccccc3)nc2-c2ccc(OCc3ccccc3)cc2)n1,test
CHEMBL4545249,CHEMBL230,5.7,2019.0,5.7,COc1ccc(-c2cc(C(=O)N3CCOCC3)nn2-c2ccc(S(N)(=O)=O)cc2)cc1,val
CHEMBL4545277,CHEMBL230,6.41,2019.0,6.41,NS(=O)(=O)c1ccc(-n2nc(C(=O)N3CCOCC3)cc2-c2ccc(C(F)(F)F)cc2)cc1,val
CHEMBL4546047,CHEMBL230,4.27,2019.0,4.27,CCCCn1c(C)c2c(c1C)C(=O)N(CN1CCN(c3ccccc3OCC)CC1)C2=O,train
CHEMBL454691,CHEMBL230,8.0,2008.0,8.0,Cc1cccc(Nc2cc(Cl)nc(SC(C)C(=O)O)n2)c1C,train
CHEMBL4547430,CHEMBL230,4.93,2019.0,4.93,N#CC1=C(N)OC(c2ccc(Cl)cc2)=CC1c1cn(-c2ccccc2)nc1-c1ccc(OCc2ccccc2)cc1,train
CHEMBL4547592,CHEMBL230,5.15,2020.0,5.15,CC/C=N/c1c(C#N)c2n(c1C(=O)Nc1ccccc1)CCCC2,train
CHEMBL4547736,CHEMBL230,7.28,2019.0,7.28,Cc1cccc(/C=C/C2=NN(c3ccc(F)cc3)C(=O)CC2)c1,test
CHEMBL4548001,CHEMBL230,6.79,2019.0,6.79,Cc1c(CCC(=O)O)cccc1NC(=O)C(c1ccc(-c2cncc(F)c2)cc1)C1CCCC1,train
CHEMBL4549116,CHEMBL230,7.595000000000001,2019.0,7.595000000000001,Cc1c(NC(=O)C(c2ccc(-c3cncc(Cl)c3)cc2)C2CCCC2)cccc1C(C)CC(=O)O,train
CHEMBL4550999,CHEMBL230,5.05,2020.0,5.05,CCCCCCCCCCCCCCCC1=CC(=O)C=C(OC)C1=O,train
CHEMBL4552101,CHEMBL230,6.8,2019.0,6.8,NS(=O)(=O)c1ccc(-n2nc(C(=O)NCCN3CCOCC3)cc2-c2ccc(F)cc2)cc1,train
CHEMBL4552843,CHEMBL230,3.1804560644581312,2019.0,3.1804560644581312,COOC[C@@]1(C)CC[C@]2(C)CC[C@]3(C)[C@@H]4CC(=O)c5cc(OC)c(O)cc5[C@]4(C)CC[C@@]3(C)C2C1,test
CHEMBL4553272,CHEMBL230,5.33,2019.0,5.33,COc1ccc(/C=C/c2c(CC=C(C)C)c(O)cc(O)c2CC=C(C)C)cc1,train
CHEMBL4553634,CHEMBL230,5.98,2019.0,5.98,COc1ccc(-c2cc(C(=O)OCCCN3CCOCC3)nn2-c2ccc(S(N)(=O)=O)cc2)cc1,train
CHEMBL4553947,CHEMBL230,6.64,2019.0,6.64,NS(=O)(=O)c1ccc(-n2nc(C(=O)N3CCSCC3)cc2-c2ccc(Cl)cc2)cc1,test
CHEMBL4555690,CHEMBL230,5.0,2019.0,5.0,CCOC(=O)CSc1nnc(-c2ccc(S(C)(=O)=O)cc2)c(-c2ccccc2)n1,train
CHEMBL4555803,CHEMBL230,5.21,2019.0,5.21,C#CCc1cn(C)c2c(O)cccc12,test
CHEMBL4556356,CHEMBL230,4.33,2019.0,4.33,COc1ccccc1N1CCN(CN2C(=O)c3c(c(C)n(-c4ccccc4)c3C)C2=O)CC1,train
CHEMBL4557315,CHEMBL230,6.19,2020.0,6.19,N#Cc1c(/N=C/c2ccc(O)cc2)c(C(=O)Nc2ccc(Br)cc2)n2c1CCC2,train
CHEMBL4557726,CHEMBL230,4.301029995663981,2019.0,4.301029995663981,COc1ccc(-c2c(-c3ccc([N+](=O)[O-])cc3)noc2C)cc1,train
CHEMBL4558162,CHEMBL230,5.0,2019.0,5.0,Cc1ccc2c(c1)nc(CCN1C(=O)c3cccc4cccc(c34)C1=O)n2-c1ccncc1,train
CHEMBL455827,CHEMBL230,3.221848749616356,2005.0,3.221848749616356,C[C@@H]1OC(O[C@@H]2[C@@H](O)[C@H](OCCc3ccc(O)c(O)c3)O[C@H](CO[C@@H]3OC[C@@H](O)[C@H](O)[C@H]3O)[C@H]2OC(=O)/C=C/c2ccc(O)c(O)c2)[C@H](O)[C@H](O)[C@H]1O,test
CHEMBL45583,CHEMBL230,6.274485002168009,1999.0,6.274485002168009,CS(=O)(=O)c1ccc(-c2cc(C(F)(F)F)cnc2OCC2(O)CCCC2)cc1,train
CHEMBL455837,CHEMBL230,7.4,2009.0,7.4,CS(=O)(=O)c1ccc(-n2nncc2-c2ccc(Cl)cc2)cc1,test
CHEMBL4559201,CHEMBL230,6.17,2019.0,6.17,NS(=O)(=O)c1ccc(-n2nc(C(=O)N3CCSCC3)cc2-c2ccccc2)cc1,test
CHEMBL4559331,CHEMBL230,4.0,2016.0,4.0,NS(=O)(=O)c1ccc(-c2nnnn2-c2ccc(CCO)cc2)cc1,val
CHEMBL4559652,CHEMBL230,7.0,2019.0,7.0,COC(=O)[C@H](Cc1ccccc1)NC(=O)[C@@H]1CCCN1C(=O)CNC(=O)[C@H](CCSC)NC(=O)OCc1ccccc1,test
CHEMBL4559732,CHEMBL230,4.35,2019.0,4.35,Cc1c2c(c(C)n1-c1cccc(Cl)c1)C(=O)N(CN1CCN(c3ccccc3F)CC1)C2=O,train
CHEMBL4559991,CHEMBL230,6.58,2019.0,6.58,O=C1NC(=S)S/C1=C\c1ccc(OCc2cn(-c3ccccc3)nn2)cc1,train
CHEMBL4560186,CHEMBL230,5.03,2020.0,5.03,N#Cc1c(/N=C/c2cccs2)c(C(=O)Nc2ccc(Br)cc2)n2c1CCC2,test
CHEMBL4560235,CHEMBL230,6.51,2019.0,6.51,NS(=O)(=O)c1ccc(-n2nc(C(=O)NCCN3CCOCC3)cc2-c2ccc(Cl)cc2)cc1,train
CHEMBL456147,CHEMBL230,8.0,2008.0,8.0,CCCCCCCCC(Sc1nc(Cl)cc(Nc2cccc(C)c2C)n1)C(=O)O,train
CHEMBL4561483,CHEMBL230,4.3979400086720375,2019.0,4.3979400086720375,CC1(C)[C@@H](O)CC[C@]2(C)[C@H]3C(=O)C=C4[C@@H]5C[C@@](C)(CO)CC[C@]5(C)CC[C@@]4(C)[C@]3(C)CC[C@@H]12,val
CHEMBL4561572,CHEMBL230,7.39,2019.0,7.39,O=[N+]([O-])c1ccc(/C=N/Nc2nnc(-c3ccncc3)o2)cc1,val
CHEMBL4562121,CHEMBL230,6.34,2019.0,6.34,COc1ccc(C(=O)/C=C/C2=Cc3ccccc3OC2)cc1OC,test
CHEMBL456234,CHEMBL230,5.03,2008.0,5.03,CCc1ccc(-c2ccc(O)c(OC)c2)o1,train
CHEMBL456235,CHEMBL230,5.08,2008.0,5.08,CCCCCCc1ccc(-c2ccc(O)c(OC)c2)o1,train
CHEMBL4562695,CHEMBL230,7.24,2019.0,7.24,N#Cc1cnn(-c2ccc(S(N)(=O)=O)cc2)c1NC(=O)CCCl,train
CHEMBL456272,CHEMBL230,5.46,2008.0,5.46,O=C(O)[C@H]1C[C@](O)(c2ccccc2Cl)[C@@H](c2ccccc2Cl)O1,train
CHEMBL4563408,CHEMBL230,5.0,2019.0,5.0,O=C(Nc1ccc(OC(F)F)nc1)NC1CCN(c2ncnc3c2nc(-c2ccccc2Cl)n3-c2ccc(Cl)cc2)CC1,train
CHEMBL4563498,CHEMBL230,5.52,2016.0,5.52,CS(=O)(=O)c1ccc(Cc2nnnn2-c2ccc(CCO)cc2)cc1,train
CHEMBL4564780,CHEMBL230,6.87,2019.0,6.87,COc1ccccc1/C=C/C1=NN(c2ccccc2)C(=O)CC1,test
CHEMBL456486,CHEMBL230,5.5,2008.0,5.5,O=C(O)[C@H]1C[C@](O)(c2ccc(F)cc2)[C@@H](c2ccc(F)cc2)O1,train
CHEMBL456575,CHEMBL230,8.0,2008.0,8.0,CCCCCCC(Sc1nc(Cl)cc(NCc2ccc(-c3ccccc3)cc2)n1)C(=O)OCC,train
CHEMBL456619,CHEMBL230,6.16,2009.0,6.16,COc1ccc(O)c(O)c1/C=C1\[C@@H](C)CC[C@H]2C(C)(C)CCC[C@]12C,test
CHEMBL4566953,CHEMBL230,4.3979400086720375,2019.0,4.3979400086720375,CC1(C)[C@@H](O)CC[C@]2(C)[C@H]3CC=C4[C@@H]5C[C@@](C)(CO)CC[C@]5(C)CC[C@@]4(C)[C@]3(C)CC[C@@H]12,val
CHEMBL4567195,CHEMBL230,7.19,2019.0,7.19,N#Cc1cnn(-c2ccc(S(N)(=O)=O)cc2)c1/N=C/c1ccc(Br)cc1,train
CHEMBL4567742,CHEMBL230,4.301029995663981,2019.0,4.301029995663981,COc1ccc(-c2c(-c3ccc(NC(C)=O)cc3)noc2CC(=O)O)cc1,train
CHEMBL4567855,CHEMBL230,6.42,2019.0,6.42,COc1ccc(C(=O)/C=C/C2=Cc3c(ccc4ccccc34)OC2)cc1,train
CHEMBL456792,CHEMBL230,8.0,2008.0,8.0,CCCCCCC(Sc1nc(Cl)cc(Nc2ccc(-c3ccc(C#N)cc3)cc2)n1)C(=O)O,test
CHEMBL456800,CHEMBL230,8.0,2008.0,8.0,CCCCCC[C@H](Sc1nc(Cl)cc(Nc2ccc(-c3ccc(C#N)cc3)cc2)n1)C(=O)O,test
CHEMBL456807,CHEMBL230,5.82,,5.82,NNc1ccccc1,train
CHEMBL4569221,CHEMBL230,6.46,2019.0,6.46,NS(=O)(=O)c1ccc(-n2nc(C(=O)N3CCOCC3)cc2-c2ccc(Cl)cc2)cc1,val
CHEMBL4569755,CHEMBL230,6.89,2019.0,6.89,Clc1ccc(/C=N/c2nnc(-c3cccnc3)o2)cc1,test
CHEMBL4569790,CHEMBL230,7.41,2019.0,7.41,N#Cc1cnn(-c2ccc(S(N)(=O)=O)cc2)c1/N=C/c1ccc(F)cc1,train
CHEMBL4569865,CHEMBL230,5.12,2019.0,5.12,CCOc1ccc(-c2cc(C(=O)OCCCN3CCOCC3)nn2-c2ccc(S(N)(=O)=O)cc2)cc1,train
CHEMBL4570476,CHEMBL230,6.37,2019.0,6.37,CCc1ccc(C(=O)/C=C/C2=Cc3c(ccc4ccccc34)OC2)cc1,train
CHEMBL4570802,CHEMBL230,4.301029995663981,2019.0,4.301029995663981,COc1ccc(-c2c(-c3ccc(F)cc3)noc2CC(=O)O)cc1,train
CHEMBL4570970,CHEMBL230,6.57,2019.0,6.57,O=C1NC(=O)/C(=C/c2ccc(OCc3cn(Cc4ccccc4)nn3)cc2)S1,val
CHEMBL457145,CHEMBL230,5.02,2002.0,5.02,CC(C)=CCc1cc(/C=C/c2cc(O)cc(O)c2)ccc1O,train
CHEMBL4571499,CHEMBL230,6.72,2019.0,6.72,COc1ccc(-c2noc(CCO)c2-c2ccc(OC)cc2)cc1,train
CHEMBL4571604,CHEMBL230,6.37,2019.0,6.37,C(=N/Nc1nnc(-c2ccncc2)o1)\c1ccccc1,val
CHEMBL4571917,CHEMBL230,6.52,2019.0,6.52,Clc1ccc(/C=N/c2nnc(-c3ccccc3)o2)cc1,test
CHEMBL4571936,CHEMBL230,7.15,2019.0,7.15,Cc1c(CCC(=O)O)cccc1NC(=O)C(c1ccc(-c2cncc(Cl)c2)c(Cl)c1)C1CCCC1,train
CHEMBL457204,CHEMBL230,8.0,2008.0,8.0,CCCCCC[C@@H](Sc1nc(Cl)cc(Nc2ccc(-c3ccc(C#N)cc3)cc2)n1)C(=O)O,test
CHEMBL4572657,CHEMBL230,7.36,2019.0,7.36,COc1ccc(/C=N/c2c(C#N)cnn2-c2ccc(S(N)(=O)=O)cc2)cc1OC,train
CHEMBL457331,CHEMBL230,6.44,2009.0,6.44,CN(C)c1ccc(-c2cnnn2-c2ccc(S(C)(=O)=O)cc2)cc1,test
CHEMBL457332,CHEMBL230,7.52,2009.0,7.52,CS(=O)(=O)c1ccc(-n2nncc2-c2ccc(F)cc2)cc1,test
CHEMBL4573875,CHEMBL230,6.68,2019.0,6.68,O=[N+]([O-])c1ccc(/C=N/c2nnc(-c3cccnc3)o2)cc1,test
CHEMBL4574215,CHEMBL230,6.54,2019.0,6.54,O=C(/C=C/C1=Cc2c(ccc3ccccc23)OC1)c1ccc(Cl)cc1Cl,train
CHEMBL4574444,CHEMBL230,4.99,2020.0,4.99,CC/C=N/c1c(C#N)c2n(c1C(=O)Nc1ccc(C)cc1)CCC2,test
CHEMBL4574755,CHEMBL230,7.44,2019.0,7.44,Cc1cccc(/C=C/c2ccc(=O)n(-c3ccc(F)cc3)n2)c1,test
CHEMBL4576297,CHEMBL230,4.35,2019.0,4.35,CCCCn1c(C)c2c(c1C)C(=O)N(CN1CCN(c3ccccc3Cl)CC1)C2=O,train
CHEMBL4576864,CHEMBL230,7.0,2019.0,7.0,Oc1ccc(-c2nnc(CSc3nnc(-c4ccncc4)o3)o2)cc1,train
CHEMBL4579212,CHEMBL230,4.25,2020.0,4.25,CCC1SCC(=O)N1c1c(C#N)c2n(c1C(=O)Nc1ccccc1)CCCC2,train
CHEMBL4579799,CHEMBL230,6.96,2019.0,6.96,O=C1NC(=S)S/C1=C\c1ccc(OCc2cn(Cc3ccc(Br)cc3)nn2)cc1,train
CHEMBL458025,CHEMBL230,5.6,2009.0,5.6,Cc1ccc(-c2cn(-c3ccc(S(C)(=O)=O)cc3)nn2)cc1,train
CHEMBL458026,CHEMBL230,5.6,2009.0,5.6,COc1ccc(-c2cn(-c3ccc(S(C)(=O)=O)cc3)nn2)cc1,train
CHEMBL4580607,CHEMBL230,7.34,2019.0,7.34,Cc1cc(C(C(=O)Nc2cccc(CCC(=O)O)c2C)C2CCCC2)ccc1-c1cncc(Cl)c1,train
CHEMBL4582020,CHEMBL230,6.9,2019.0,6.9,Cc1c(CC(C)C(=O)O)cccc1NC(=O)C(c1ccc(-c2cncc(Cl)c2)cc1)C1CCCC1,train
CHEMBL4582518,CHEMBL230,6.25,2019.0,6.25,N#CCC(=O)Nc1nnc(-c2cccnc2)o1,train
CHEMBL4582667,CHEMBL230,6.14,2019.0,6.14,N#CC1=C(N)OC(c2ccccc2)=CC1c1cn(-c2ccccc2)nc1-c1ccc(OCc2ccccc2)cc1,train
CHEMBL4583354,CHEMBL230,6.48,2019.0,6.48,O=C(/C=C/C1=Cc2c(ccc3ccccc23)OC1)c1ccc(C(F)(F)F)cc1,train
CHEMBL458470,CHEMBL230,5.1,2005.0,5.1,O=C(O)[C@H]1O[C@@H](Oc2c(-c3cc(O)c(O)c(O)c3)oc3cc(O)cc(O)c3c2=O)[C@H](O)[C@@H](O)[C@@H]1O,train
CHEMBL4584799,CHEMBL230,6.41,2019.0,6.41,CCc1ccc(C(=O)/C=C/C2=Cc3ccccc3OC2)cc1,test
CHEMBL458647,CHEMBL230,6.96,2009.0,6.96,CS(=O)(=O)c1ccc(-n2nncc2-c2ccccc2)cc1,test
CHEMBL458707,CHEMBL230,3.744727494896694,2005.0,3.744727494896694,CC/C=C/C/C=C/C/C=C/C/C=C/CC/C=C/COCC(=O)O,train
CHEMBL4588254,CHEMBL230,4.62,2016.0,4.62,NS(=O)(=O)c1ccc(-c2nnnn2-c2ccc(CO)cc2)cc1,val
CHEMBL45886,CHEMBL230,6.52,2000.0,6.52,COc1ccc(C2=C(c3ccc(S(C)(=O)=O)cc3)CN(c3ccc(F)cc3)C2=O)cc1,train
CHEMBL4588699,CHEMBL230,5.35,2019.0,5.35,O=C(O[C@@H]1[C@@H](c2c(O)cc(O)c3c2O[C@H](c2cc(O)c(O)c(O)c2)[C@H](OC(=O)c2cc(O)c(O)c(O)c2)C3)c2c(O)cc(O)c([C@H]3c4c(O)cc(O)cc4O[C@H](c4cc(O)c(O)c(O)c4)[C@@H]3OC(=O)c3cc(O)c(O)c(O)c3)c2O[C@@H]1c1cc(O)c(O)c(O)c1)c1cc(O)c(O)c(O)c1,test
CHEMBL4588711,CHEMBL230,7.41,2019.0,7.41,COc1ccc(/C=N/c2c(C#N)cnn2-c2ccc(S(N)(=O)=O)cc2)cc1,train
CHEMBL4589007,CHEMBL230,7.0,2019.0,7.0,O=C1NC(=O)/C(=C/c2ccc(OCc3cn(CC(=O)c4ccc(Br)cc4)nn3)cc2)S1,val
CHEMBL4589764,CHEMBL230,6.24,2019.0,6.24,Cc1ccncc1-c1ccc(C(C(=O)Nc2cccc(CCC(=O)O)c2C)C2CCCC2)cc1,train
CHEMBL4590005,CHEMBL230,4.0,2019.0,4.0,COc1ccc2c(c1)c(Cc1nn(C)nc1O)c(C)n2C(=O)c1ccc(Cl)cc1,train
CHEMBL4590829,CHEMBL230,4.301029995663981,2019.0,4.301029995663981,C=Cc1onc(-c2ccc(OC)cc2)c1-c1ccc(OC)cc1,train
CHEMBL4591257,CHEMBL230,6.51,2019.0,6.51,O=C(/C=C/C1=Cc2c(ccc3ccccc23)OC1)c1ccccc1F,train
CHEMBL4591824,CHEMBL230,7.5,2019.0,7.5,O=C(c1cc2cc(Cl)ccc2n1Cc1ccc(Cl)cc1)N1CCN(Cc2ccc(Cl)cc2)CC1,train
CHEMBL4592358,CHEMBL230,4.87,2020.0,4.87,CC(C)C/C=N/c1c(C#N)c2n(c1C(=O)Nc1ccc(Br)cc1)CCC2,test
CHEMBL459294,CHEMBL230,5.29,2008.0,5.29,OC[C@H]1C[C@](O)(c2ccccc2)[C@@H](c2ccccc2)O1,train
CHEMBL459720,CHEMBL230,8.0,2008.0,8.0,CCCCCCC(Sc1nc(Cl)cc(Nc2cccc(C)c2C)n1)C(=O)OCC,train
CHEMBL459721,CHEMBL230,8.0,2008.0,8.0,CCCCCCC(Sc1nc(Cl)cc(Nc2ccc3ncccc3c2)n1)C(=O)O,train
CHEMBL459722,CHEMBL230,8.0,2008.0,8.0,CCCCCCC(Sc1nc(Cl)cc(Nc2ccc3ncccc3c2)n1)C(=O)OCC,train
CHEMBL459814,CHEMBL230,5.64,2005.0,5.64,CC1=CCC[C@H]2[C@](C)(Cc3cc(O)ccc3O)[C@@H](C)CC[C@]12C,train
CHEMBL459932,CHEMBL230,8.0,2008.0,8.0,CCCCCCC(Sc1nc(Cl)cc(Oc2ccc3ncccc3c2)n1)C(=O)O,test
CHEMBL459972,CHEMBL230,8.0,2008.0,8.0,CCCCC(Sc1nc(Cl)cc(Nc2cccc(C)c2C)n1)C(=O)O,train
CHEMBL460015,CHEMBL230,5.47,2009.0,5.47,CS(=O)(=O)Nn1c(Sc2cc([N+](=O)[O-])cc([N+](=O)[O-])c2)nc2sc(-c3ccccc3)cc2c1=O,test
CHEMBL460184,CHEMBL230,8.0,2008.0,8.0,CCCCC(Sc1nc(OCCc2ccccc2)cc(OCCc2ccccc2)n1)C(=O)OCC,train
CHEMBL460185,CHEMBL230,8.0,2008.0,8.0,CCCCCCC(Sc1nc(Cl)cc(NCCc2ccccc2)n1)C(=O)O,val
CHEMBL460216,CHEMBL230,5.24,2009.0,5.24,CC(Sc1nc2ccccc2c(=O)n1N)C(=O)O,test
CHEMBL460396,CHEMBL230,8.0,2008.0,8.0,CCCCCCC(Sc1nc(Cl)cc(NCCOc2ccccc2)n1)C(=O)O,train
CHEMBL460615,CHEMBL230,8.0,2008.0,8.0,CCCCCCC(Sc1nc(Cl)cc(NCCOc2ccccc2)n1)C(=O)OCC,train
CHEMBL460616,CHEMBL230,8.0,2008.0,8.0,CCCCCCC(Sc1nc(Cl)cc(Nc2ccc(-c3ccccc3)cc2)n1)C(=O)O,test
CHEMBL460862,CHEMBL230,4.0,2007.0,4.0,COc1cc([C@@H]2OC[C@H]3[C@@H]2CO[C@H]3c2ccc(O)c(OC)c2)ccc1O,train
CHEMBL46088,CHEMBL2094253,3.853871964321762,1996.0,3.853871964321762,O=C(O)CCCCCCCCCCCN1C(=O)C=CC1=O,train
CHEMBL461409,CHEMBL230,8.0,2008.0,8.0,Cc1cccc(Nc2cc(Cl)nc(SC(C(=O)O)c3ccccc3)n2)c1C,train
CHEMBL46171,CHEMBL230,5.590228032229065,1999.0,5.590228032229065,CS(=O)(=O)c1ccc(-c2cc(C(F)(F)F)cnc2OCc2ccc(Cl)cc2)cc1,train
CHEMBL461883,CHEMBL230,4.3979400086720375,2008.0,4.3979400086720375,CCCCC(Sc1nc(OCCc2ccccc2)cc(OCCc2ccccc2)n1)C(=O)O,train
CHEMBL462523,CHEMBL230,8.0,2008.0,8.0,CCCCCCC(Sc1nc(Cl)cc(NCc2ccc(-c3ccccc3)cc2)n1)C(=O)O,train
CHEMBL462709,CHEMBL230,7.33,2009.0,7.33,COc1c(C(C)(C)C)cc(-c2cc(=S)ss2)cc1C(C)(C)C,train
CHEMBL462911,CHEMBL230,8.14,2009.0,8.14,CC(C)(C)c1cc(-c2cc(=S)ss2)cc(C(C)(C)C)c1O,train
CHEMBL463125,CHEMBL230,4.5,2002.0,4.5,CC(C)=CCc1c(O)ccc2cc(-c3cc(O)cc(O)c3)oc12,train
CHEMBL463126,CHEMBL230,4.43,2002.0,4.43,CC(C)=CCc1cc(/C=C/c2cc(O)cc(O)c2)c(O)cc1O,train
CHEMBL463145,CHEMBL230,4.0,2002.0,4.0,O=c1cc(-c2ccc(O)cc2O)oc2cc(O)cc(O)c12,train
CHEMBL463232,CHEMBL230,6.72,2009.0,6.72,CS(=O)(=O)c1ccc(-n2nc(C(F)(F)F)cc2-c2ccnc(Cl)c2)cc1,val
CHEMBL4633416,CHEMBL230,5.52,2020.0,5.52,COC(=O)[C@H](Cc1ccc(O)cc1)n1cc(COc2nc(Cl)nc(Nc3ccc(N4CCOCC4=O)cc3)n2)nn1,train
CHEMBL4633586,CHEMBL230,6.72,2020.0,6.72,CSc1nc2ccccc2n1-c1csc(NC(=O)c2ccccc2)n1,val
CHEMBL4633930,CHEMBL230,6.64,2020.0,6.64,CSc1nc2ccccc2n1-c1csc(N)n1,val
CHEMBL4634111,CHEMBL230,6.66,2020.0,6.66,CSc1nc2ccccc2n1-c1csc2nc(-c3ccccc3)cn12,train
CHEMBL463453,CHEMBL230,4.0,2002.0,4.0,O=C1c2c(O)cc(O)cc2O[C@H](c2ccc(O)cc2O)[C@H]1O,val
CHEMBL4634582,CHEMBL230,6.7,2020.0,6.7,COC(=O)[C@H](Cc1ccccc1)n1cc(COc2nc(Cl)nc(N3CCOCC3)n2)nn1,train
CHEMBL4635134,CHEMBL230,4.0,2021.0,4.0,CNC(=O)c1cc(C(=O)NC2CC2)cn(Cc2ccccc2)c1=O,train
CHEMBL4635384,CHEMBL230,6.0,2020.0,6.0,O=C(O)c1ccccc1Nc1nc(Cl)nc(Nc2ccc(N3CCOCC3=O)cc2)n1,train
CHEMBL4635388,CHEMBL230,5.05,2020.0,5.05,COC(=O)[C@H](Cc1ccccc1)n1cc(COc2nc(Cl)nc(Nc3ccc(N4CCOCC4=O)cc3)n2)nn1,train
CHEMBL4635571,CHEMBL230,5.4,2020.0,5.4,COC(=O)[C@H](Cc1ccc(O)cc1)n1cc(COc2nc(Cl)nc(N3CCCC3)n2)nn1,train
CHEMBL4635572,CHEMBL230,7.22,2020.0,7.22,O=[N+]([O-])c1ccc(-c2nnc(Cn3c(CN4CCCCC4)nc4ccccc43)o2)cc1,train
CHEMBL463559,CHEMBL230,5.96,2005.0,5.96,C=C1C(=O)O[C@@H]2/C=C(\C)[C@@H]3O[C@@H]3/C=C(/C(=O)OC)[C@H](O)[C@@H](OC(=O)[C@]3(C)O[C@@H]3C)[C@@H]12,train
CHEMBL4635616,CHEMBL230,7.22,2020.0,7.22,Clc1ccc(-c2nnc(Cn3c(CN4CCCCC4)nc4ccccc43)o2)cc1,train
CHEMBL463571,CHEMBL230,6.4,2005.0,6.4,C=C1C(=O)O[C@H]2[C@H]1[C@H](OC(=O)[C@]1(C)O[C@@H]1C)[C@@H](OC(C)=O)/C(C(=O)O)=C\[C@H]1O[C@H]1[C@]1(C)O[C@H]21,train
CHEMBL463624,CHEMBL230,5.74,2009.0,5.74,CS(=O)(=O)c1ccc(-n2nc(C(F)(F)F)cc2-c2ccn(C(F)F)c(=O)c2)cc1,train
CHEMBL463675,CHEMBL230,4.97,2017.0,4.97,COc1cc([C@@H]2CC(=O)c3c(cc(O)c(C/C=C(\C)CCC=C(C)C)c3O)O2)cc(O)c1O,val
CHEMBL4636792,CHEMBL230,7.0,2020.0,7.0,N[C@@H](Cc1cn(-c2nc(Cl)nc(N3CCOCC3)n2)c2ccccc12)C(=O)O,train
CHEMBL4636881,CHEMBL230,4.0,2021.0,4.0,CC(=O)Nc1c(F)cc(C(=O)N[C@H]2CC[C@H](O)CC2)cc1O[C@@H](C)c1ccccc1,test
CHEMBL4637009,CHEMBL230,6.75,2020.0,6.75,Br.CSc1nc2ccccc2n1-c1csc(=N)n1CC(=O)c1ccccc1,train
CHEMBL463763,CHEMBL230,7.4,2005.0,7.4,CC(C)[C@]12O[C@H]1[C@@H]1O[C@]13[C@]1(O[C@H]1C[C@H]1C4=C(CC[C@@]13C)C(=O)OC4)[C@@H]2O,train
CHEMBL463769,CHEMBL230,5.52,2005.0,5.52,COc1cc2c(=O)c3c(OC)c(O)ccc3oc2cc1O,test
CHEMBL4637729,CHEMBL230,3.9913998282380825,2020.0,3.9913998282380825,O=[N+]([O-])c1ccc(-n2c(-c3ccc(Br)cc3)nc3ccccc32)cc1,train
CHEMBL463776,CHEMBL230,8.0,2008.0,8.0,CCCCCCC(Sc1nc(Cl)cc(Nc2cc(C)c(-c3ccccc3)cc2OC)n1)C(=O)O,test
CHEMBL4637840,CHEMBL230,6.58,2020.0,6.58,CSc1nc2ccccc2n1-c1csc(NC(=O)c2ccc(C)cc2)n1,val
CHEMBL4639025,CHEMBL230,7.24,2020.0,7.24,CSc1nc2ccccc2n1-c1csc(NC/C(C)=N/N=c2\scc(-c3ccccc3)n2-c2ccccc2)n1,train
CHEMBL4639128,CHEMBL230,4.0,2021.0,4.0,COCc1nc2cnc3cc(-c4c(C)noc4C)c(OC[C@H]4CCNC4)cc3c2n1[C@H](C)c1ccccc1,train
CHEMBL4639368,CHEMBL230,7.16,2020.0,7.16,O=C1N/C(=N\c2nnc(-c3ccc(O)cc3)s2)S/C1=C\c1ccc(Cl)c(Cl)c1,test
CHEMBL4639953,CHEMBL230,5.3,2020.0,5.3,COC(=O)[C@@H](N)Cc1ccc(Oc2nc(Cl)nc(N3CCCCC3)n2)cc1,train
CHEMBL464006,CHEMBL230,4.0,2005.0,4.0,CC(C)=CCc1c(-c2ccc(O)cc2O)oc2c3c(cc(O)c2c1=O)OC(C)(C)C=C3,train
CHEMBL4640256,CHEMBL230,7.7,2020.0,7.7,COC(=O)[C@@H](N)Cc1cn(-c2nc(Cl)nc(N3CCCCC3)n2)c2ccccc12,train
CHEMBL4640306,CHEMBL230,7.0,2020.0,7.0,Clc1nc(OCc2cn(Cc3ccccc3)nn2)nc(N2CCOCC2)n1,train
CHEMBL4640352,CHEMBL2094253,4.58,2018.0,4.58,C=C(C)[C@H]1Cc2c(CCc3ccccc3)cc(O)c(O)c2O1,train
CHEMBL4640385,CHEMBL230,6.85,2020.0,6.85,CSc1nc2ccccc2n1-c1csc(NCC(=O)c2ccc(Cl)cc2)n1,test
CHEMBL4640459,CHEMBL230,3.7619538968712045,2020.0,3.7619538968712045,Nc1ccc(-c2nc3ccccc3n2-c2ccc(N)cc2)cc1,train
CHEMBL4640817,CHEMBL230,7.52,2020.0,7.52,COC(=O)[C@@H](N)Cc1cn(-c2nc(Cl)nc(Nc3ccc(N4CCOCC4=O)cc3)n2)c2ccccc12,train
CHEMBL4641524,CHEMBL230,7.22,2020.0,7.22,Fc1ccccc1-c1nnc(Cn2c(CN3CCCCC3)nc3ccccc32)o1,train
CHEMBL4641800,CHEMBL230,6.6,2020.0,6.6,CSc1nc2ccccc2n1Cc1nnc2n1N=C(c1ccc(C)cc1)CS2,test
CHEMBL4642268,CHEMBL230,7.17,2020.0,7.17,CSc1nc2ccccc2n1-c1csc(NC/C(C)=N/N=C2\SCC(=O)N2c2ccccc2)n1,train
CHEMBL4643198,CHEMBL230,5.22,2020.0,5.22,CC[C@H](C)[C@H](Nc1nc(Cl)nc(Nc2ccc(N3CCOCC3=O)cc2)n1)C(=O)OC,test
CHEMBL4643407,CHEMBL230,7.27,2020.0,7.27,CSc1nc2ccccc2n1-c1csc(NC/C(C)=N/N=c2\scc(-c3ccc(C)cc3)n2-c2ccccc2)n1,train
CHEMBL4643613,CHEMBL230,5.0,2020.0,5.0,COC(=O)[C@H](Cc1c[nH]c2ccccc12)n1cc(COc2nc(Cl)nc(N3CCCCC3)n2)nn1,test
CHEMBL4644109,CHEMBL230,3.714442690992226,2020.0,3.714442690992226,Nc1ccc(-n2c(-c3ccc(Cl)cc3)nc3ccccc32)cc1,train
CHEMBL4644150,CHEMBL230,7.16,2020.0,7.16,CSc1nc2ccccc2n1-c1csc(NCC(C)=O)n1,val
CHEMBL4644152,CHEMBL230,3.7904849854573692,2020.0,3.7904849854573692,O=[N+]([O-])c1ccc(-n2c(-c3ccccc3)nc3ccccc32)cc1,train
CHEMBL4644265,CHEMBL230,5.52,2020.0,5.52,COC(=O)[C@H](Cc1ccc(O)cc1)n1cc(COc2nc(Cl)nc(N3CCOCC3)n2)nn1,train
CHEMBL464466,CHEMBL230,4.3979400086720375,2019.0,4.3979400086720375,CC1(C)CC[C@]2(C(=O)O)CC[C@]3(C)C(=CC[C@@H]4[C@@]5(C)C[C@@H](O)[C@H](O)[C@@](C)(CO)[C@@H]5CC[C@]43C)[C@@H]2C1,val
CHEMBL4645058,CHEMBL230,5.22,2020.0,5.22,COC(=O)[C@H](Cc1ccccc1)n1cc(COc2nc(Cl)nc(N3CCCC3)n2)nn1,train
CHEMBL4645275,CHEMBL230,5.3,2020.0,5.3,Clc1nc(OCc2cn(Cc3ccccc3)nn2)nc(N2CCCC2)n1,val
CHEMBL4645665,CHEMBL2094253,4.4,2020.0,4.4,C[C@]12COc3cc(CCc4ccccc4)c(C(=O)O)c(O)c3[C@H]1C2,test
CHEMBL464610,CHEMBL230,4.14,2005.0,4.14,CC(C)=CCC12Oc3cc(O)ccc3C1(O)Oc1cc(O)c([C@H]3C=C(C)C[C@@H](c4ccc(O)cc4O)[C@@H]3C(=O)c3ccc(O)cc3O)c(O)c1C2=O,test
CHEMBL4646570,CHEMBL230,5.0,2020.0,5.0,COC(=O)[C@H](Cc1c[nH]c2ccccc12)n1cc(COc2nc(Cl)nc(N3CCOCC3)n2)nn1,val
CHEMBL4647794,CHEMBL230,7.35,2020.0,7.35,CSc1nc2ccccc2n1-c1csc(NC/C(C)=N/N=c2\scc(-c3ccc(Cl)cc3)n2-c2ccccc2)n1,train
CHEMBL4648342,CHEMBL230,7.22,2020.0,7.22,Fc1ccc(-c2nnc(Cn3c(CN4CCCCC4)nc4ccccc43)o2)cc1,train
CHEMBL4648690,CHEMBL230,5.16,2020.0,5.16,Clc1ccc(Nc2nc(Cl)nc(OCc3cn(Cc4ccccc4)nn3)n2)cc1,val
CHEMBL4648858,CHEMBL230,7.12,2020.0,7.12,CSc1nc2ccccc2n1-c1csc(NC/C(C)=N/NC(=S)Nc2ccccc2)n1,train
CHEMBL4649027,CHEMBL230,5.1,2020.0,5.1,COC(=O)[C@H](Cc1ccccc1)Nc1nc(Cl)nc(Nc2ccc(N3CCOCC3=O)cc2)n1,val
CHEMBL4649049,CHEMBL230,6.68,2020.0,6.68,CSc1nc2ccccc2n1-c1csc(NC(=O)c2ccc(Cl)cc2)n1,val
CHEMBL4649179,CHEMBL230,5.1,2020.0,5.1,COC(=O)[C@H](Cc1ccccc1)n1cc(COc2nc(Cl)nc(Nc3ccc(Cl)cc3)n2)nn1,test
CHEMBL465194,CHEMBL230,4.33,2002.0,4.33,O=C1CC(c2ccc(O)cc2O)Oc2cc(O)cc(O)c21,val
CHEMBL465371,CHEMBL230,4.0,2005.0,4.0,CC(C)=CCc1c([C@@H]2CCc3ccc(O)cc3O2)cc2c(c1O)OC(C)(C)C=C2,test
CHEMBL46576,CHEMBL230,5.43,1997.0,5.43,COCc1cn(-c2ccc(S(C)(=O)=O)cc2)c(-c2ccc(Cl)cc2)n1,train
CHEMBL46584,CHEMBL230,8.15,1997.0,8.15,NS(=O)(=O)c1ccc(-n2cc(C(F)(F)F)nc2-c2cccc(Br)c2)cc1,train
CHEMBL466188,CHEMBL230,4.73,2009.0,4.73,c1ccc(Nc2c(-c3ccccn3)nc3ccccn23)cc1,train
CHEMBL46623,CHEMBL230,8.0,1997.0,8.0,NS(=O)(=O)c1ccc(-n2cc(C(F)(F)F)nc2-c2ccc(F)cc2)cc1,train
CHEMBL466243,CHEMBL230,5.77,2009.0,5.77,CC(C)Cc1ccc(C(C)C(=O)OC(CO[N+](=O)[O-])CO[N+](=O)[O-])cc1,train
CHEMBL46636,CHEMBL230,6.21,1997.0,6.21,CS(=O)(=O)c1ccc(-n2cc(C(F)F)nc2-c2ccc(Cl)cc2)cc1,train
CHEMBL46637,CHEMBL230,4.0,1997.0,4.0,CS(=O)(=O)c1ccc(-n2ccnc2-c2ccccc2)cc1,train
CHEMBL466447,CHEMBL230,6.22,2009.0,6.22,COc1ccc2c(c1)c(CC(=O)OC(CO[N+](=O)[O-])CO[N+](=O)[O-])c(C)n2C(=O)c1ccc(Cl)cc1,train
CHEMBL46667,CHEMBL230,6.04,1997.0,6.04,CNc1cccc(-c2nc(C(F)(F)F)cn2-c2ccc(S(C)(=O)=O)cc2)c1,train
CHEMBL466815,CHEMBL230,5.55,2009.0,5.55,COc1ccc(Nc2c(-c3ccc(S(C)(=O)=O)cc3)nc3ccccn23)cc1,test
CHEMBL466861,CHEMBL230,5.66,2009.0,5.66,CC(=O)OCO/N=[N+](\[O-])N1CCC[C@H]1COC(=O)c1ccccc1OC(C)=O,train
CHEMBL466862,CHEMBL230,5.03,2009.0,5.03,COc1ccc2c(c1)c(CC(=O)OC[C@@H]1CCCN1/[N+]([O-])=N/OCOC(C)=O)c(C)n2C(=O)c1ccc(Cl)cc1,train
CHEMBL466863,CHEMBL230,5.19,2009.0,5.19,CC(=O)OCO/N=[N+](\[O-])N1CCC[C@H]1COC(=O)C(C)c1ccc(CC(C)C)cc1,train
CHEMBL467114,CHEMBL230,4.0,2009.0,4.0,O=C([O-])c1cccc(Cc2cc(Cl)ccc2OCc2ccc(Cl)cc2F)n1.[Na+],train
CHEMBL46712,CHEMBL230,7.22,1997.0,7.22,Cc1cccc(-c2nc(C(F)(F)F)cn2-c2ccc(S(C)(=O)=O)cc2)c1,train
CHEMBL46761,CHEMBL230,6.62,1997.0,6.62,Cc1cn(-c2ccc(S(C)(=O)=O)cc2)c(-c2ccc(Cl)cc2)n1,train
CHEMBL467837,CHEMBL230,6.19,2008.0,6.19,CN(C)/C=N/S(=O)(=O)c1ccc(-n2cc(/C=N\N=C3/SCC(=O)N3c3ccc(Cl)cc3)c(-c3ccccc3)n2)cc1,train
CHEMBL467905,CHEMBL230,5.11,2009.0,5.11,CC(=O)Oc1ccccc1C(=O)OC(CO[N+](=O)[O-])CO[N+](=O)[O-],train
CHEMBL468367,CHEMBL230,4.87,2013.0,4.87,NS(=O)(=O)c1ccc(-n2cc(-c3ccc(F)cc3)nn2)cc1,train
CHEMBL468886,CHEMBL230,5.59,2009.0,5.59,C/C(=C\c1cc(O)cc(O)c1)c1cccc(F)c1,train
CHEMBL469,CHEMBL230,6.37,2016.0,6.37,O=C(c1ccccc1)c1ccc2n1CCC2C(=O)O,test
CHEMBL469220,CHEMBL230,4.85,2013.0,4.85,Cc1ccc(-c2cn(-c3ccc(S(N)(=O)=O)cc3)nn2)cc1,train
CHEMBL469433,CHEMBL230,6.24,2020.0,6.24,CCCCCCCCCCCC1=CC(=O)C=C(OC)C1=O,train
CHEMBL469785,CHEMBL230,7.06,2009.0,7.06,CCCN1CC(c2ccc(S(C)(=O)=O)cc2)=C(c2ccc(CO)cc2)C1=O,train
CHEMBL470304,CHEMBL230,5.1,2008.0,5.1,COc1ccc(-c2cn[se]c2-c2ccc(OC)cc2)cc1,test
CHEMBL470938,CHEMBL230,5.66,2009.0,5.66,CC/C(=C\c1ccc(N(C)C)cc1)c1cc(O)cc(O)c1,train
CHEMBL471103,CHEMBL230,4.75,2009.0,4.75,CC/C(=C\c1cc(O)cc(O)c1)c1cccc(F)c1,train
CHEMBL471104,CHEMBL230,4.83,2009.0,4.83,CC/C(=C\c1cc(O)cc(O)c1)c1ccc(N(C)C)cc1,train
CHEMBL47147,CHEMBL230,7.52,1997.0,7.52,COc1ccc(-c2nc(C(F)(F)F)cn2-c2ccc(S(N)(=O)=O)cc2)cc1Br,train
CHEMBL472721,CHEMBL230,4.301029995663981,2009.0,4.301029995663981,CS(=O)(=O)c1ccc(-c2c(-c3ccccc3)ssc2=S)cc1,train
CHEMBL472722,CHEMBL230,4.301029995663981,2009.0,4.301029995663981,Oc1ccc(-c2ssc(=S)c2-c2ccc(O)cc2)cc1,train
CHEMBL47294,CHEMBL230,6.519485002168009,1999.0,6.519485002168009,C[C@H](Oc1ncc(C(F)(F)F)cc1-c1ccc(S(C)(=O)=O)cc1)C(C)(C)O,train
CHEMBL47299,CHEMBL2094253,4.92,1996.0,4.92,CCCCCCCCCN1C(=O)C=CC1=O,train
CHEMBL473518,CHEMBL230,4.67,2009.0,4.67,COc1ccc(/C=C/c2cc(O)cc(O)c2)cc1OC,train
CHEMBL47391,CHEMBL2094253,3.0969100130080562,1996.0,3.0969100130080562,O=C(O)CCCCCN1C(=O)C=CC1=O,train
CHEMBL473946,CHEMBL230,6.1,2009.0,6.1,COc1ccc(-c2cnsc2-c2ccc(OC)cc2)cc1,test
CHEMBL4739960,CHEMBL230,5.33,2020.0,5.33,CCCCCc1cccc(OC)c1O,train
CHEMBL4740435,CHEMBL230,4.72,2020.0,4.72,COC(=O)CC1N(C(=O)Nc2nc(C)cs2)C(=O)c2ccccc2S1(=O)=O,train
CHEMBL4740522,CHEMBL230,4.41,2020.0,4.41,COc1ccc2[nH]cc(CCNC(=O)c3ccccc3Nc3ccccc3)c2c1,test
CHEMBL4740788,CHEMBL230,6.92,2021.0,6.92,COc1ccc(-c2noc(CC(=O)NCCNC(=O)Cc3onc(-c4ccc(OC)cc4)c3-c3ccc(OC)cc3)c2-c2ccc(OC)cc2)cc1,val
CHEMBL474127,CHEMBL230,5.8,2009.0,5.8,C/C(=C\c1cc(O)cc(O)c1)c1ccc(O)cc1,train
CHEMBL4742702,CHEMBL230,5.32,2020.0,5.32,COc1cc(O)cc(Br)c1O,train
CHEMBL4742775,CHEMBL230,4.221848749616356,2020.0,4.221848749616356,COc1ccc2c(c1)c(CCNC(C)=O)cn2C(=O)c1ccc(Cl)cc1,train
CHEMBL4743827,CHEMBL230,4.3979400086720375,2020.0,4.3979400086720375,O=C(NCCc1c[nH]c2ccccc12)c1ccc(O)cc1O,train
CHEMBL4744314,CHEMBL230,6.43,2020.0,6.43,Fc1ccc(COc2nc3ccccc3s2)cc1,val
CHEMBL4744394,CHEMBL230,4.301029995663981,2021.0,4.301029995663981,COc1ccc(-c2noc(CC(=O)NCCCCCCCCCCCCNC(=O)Cc3onc(-c4ccc(OC)cc4)c3-c3ccc(OC)cc3)c2-c2ccc(OC)cc2)cc1,train
CHEMBL47447,CHEMBL230,6.26,2004.0,6.26,CC(=O)Nc1ccc(-c2cc(C)nn2-c2ccc(Br)cc2)cc1,train
CHEMBL4745350,CHEMBL230,4.0,2021.0,4.0,CS(=O)(=O)c1ccc(-c2csc(N/N=C/c3ccc(O)cc3O)n2)cc1,train
CHEMBL4745894,CHEMBL230,3.6430185990068686,2020.0,3.6430185990068686,COc1ccc(NC(=O)N2C(=O)c3ccccc3S(=O)(=O)C2C)cc1,train
CHEMBL4745938,CHEMBL230,4.0,2021.0,4.0,Nc1cc(-c2ccco2)nn1-c1ccc(F)cc1,test
CHEMBL4746714,CHEMBL230,4.301029995663981,2021.0,4.301029995663981,CCCCC/C=C\C/C=C\C/C=C\C/C=C\CCCC(=O)Nc1ccc(NC(=O)Cc2onc(-c3ccc(OC)cc3)c2-c2ccc(OC)cc2)cc1,test
CHEMBL4747094,CHEMBL230,6.4,2020.0,6.4,NS(=O)(=O)c1ccc(-n2nc(C(=O)O)cc2-c2ccc(Cl)s2)cc1,train
CHEMBL4747321,CHEMBL230,5.3,2021.0,5.3,O=C(/C=C/c1ccc(O)c(O)c1)NNC(=O)COc1cccnc1,train
CHEMBL4748665,CHEMBL230,3.5403060235220294,2020.0,3.5403060235220294,COC(=O)CC1N(C(=O)Nc2cccc(C)n2)C(=O)c2ccccc2S1(=O)=O,train
CHEMBL4749004,CHEMBL230,4.41,2020.0,4.41,O=C(NCCc1c[nH]c2ccccc12)c1cc2ccccc2cc1O,train
CHEMBL4749219,CHEMBL230,4.301029995663981,2021.0,4.301029995663981,COc1ccc(-c2noc(CC(=O)NCCCCNC(=O)Cc3onc(-c4ccc(OC)cc4)c3-c3ccc(OC)cc3)c2-c2ccc(OC)cc2)cc1,train
CHEMBL4749298,CHEMBL230,6.16,2020.0,6.16,Cn1nc(C(F)(F)F)cc1-c1ccn(C(F)F)c(=O)c1,test
CHEMBL474935,CHEMBL230,4.8,2009.0,4.8,COc1ccc(/C(C)=C/c2cc(O)cc(O)c2)cc1,train
CHEMBL4749908,CHEMBL230,4.57,2020.0,4.57,Cc1ccc2[nH]cc(CCNC(=O)c3ccccc3Nc3ccccc3)c2c1,test
CHEMBL4750050,CHEMBL230,6.55,2020.0,6.55,Fc1cccc(COc2nc3ccccc3s2)c1,val
CHEMBL4750539,CHEMBL230,5.31,2021.0,5.31,O=C(/C=C/c1ccc(O)c(O)c1)NNC(=O)COc1cccc2cccnc12,train
CHEMBL4750551,CHEMBL230,3.938547520912807,2020.0,3.938547520912807,CC1N(C(=O)Nc2nccs2)C(=O)c2ccccc2S1(=O)=O,train
CHEMBL4750752,CHEMBL230,5.57,2020.0,5.57,CCCCCCCCCCCCCCCc1cc(O)cc(OC)c1O,train
CHEMBL4751020,CHEMBL230,4.301029995663981,2021.0,4.301029995663981,COc1ccc(CNc2nc(Cl)nc3cc(-c4cccs4)ccc23)cc1,train
CHEMBL4753324,CHEMBL230,4.301029995663981,2021.0,4.301029995663981,Fc1ccc(Nc2nc(/C=C/c3ccccc3)nc3cc(Br)ccc23)cc1F,train
CHEMBL475347,CHEMBL230,5.96,2009.0,5.96,CS(=O)(=O)c1ccc(-c2ssc(=O)c2-c2ccccc2)cc1,test
CHEMBL47540,CHEMBL230,6.274485002168009,1999.0,6.274485002168009,C[C@]1(O)CCC[C@H]1Oc1ncc(C(F)(F)F)cc1-c1ccc(S(C)(=O)=O)cc1,test
CHEMBL4754406,CHEMBL230,6.85,2021.0,6.85,CS(=O)(=O)c1ccc(-c2csc(N/N=C/c3cccc(O)c3)n2)cc1,train
CHEMBL4754793,CHEMBL230,3.712198270069774,2020.0,3.712198270069774,COC(=O)CC1N(C(=O)Nc2ncc(C)s2)C(=O)c2ccccc2S1(=O)=O,train
CHEMBL4754867,CHEMBL230,3.975104039892515,2020.0,3.975104039892515,COC(=O)CC1N(C(=O)Nc2cccc(Cl)c2)C(=O)c2ccccc2S1(=O)=O,train
CHEMBL4755060,CHEMBL230,4.301029995663981,2021.0,4.301029995663981,Fc1ccc(CNc2nc(/C=C/c3ccccc3)nc3cc(-c4cccs4)ccc23)cc1F,train
CHEMBL4755188,CHEMBL230,5.5,2021.0,5.5,O=C(/C=C/c1ccc(O)c(O)c1)NNC(=O)COc1ccc(Cl)cc1,train
CHEMBL4755330,CHEMBL230,5.68,2021.0,5.68,Cc1ccc(OCC(=O)NNC(=O)/C=C/c2ccc(O)c(O)c2)c(C)c1,train
CHEMBL475545,CHEMBL230,4.301029995663981,2009.0,4.301029995663981,Cc1ccc(-c2c(-c3ccc(Cl)cc3)ssc2=O)cc1,test
CHEMBL4755592,CHEMBL230,4.51,2021.0,4.51,COc1ccc(-n2nc(-c3ccco3)cc2N)cc1,test
CHEMBL4757345,CHEMBL230,6.39,2020.0,6.39,Clc1ccc(OCCOc2nc3ccccc3s2)c(Cl)c1,train
CHEMBL47576,CHEMBL2094253,3.5228787452803374,1996.0,3.5228787452803374,CC(=O)Oc1cc(N2C(=O)C=CC2=O)ccc1C(=O)O,val
CHEMBL4757602,CHEMBL230,4.0,2021.0,4.0,Nc1cc(-c2ccco2)nn1-c1ccccc1,test
CHEMBL4757667,CHEMBL230,6.33,2020.0,6.33,O=C(NCCc1c[nH]c2ccccc12)c1ccccc1Nc1ccccc1,test
CHEMBL4758065,CHEMBL230,6.11,2020.0,6.11,Clc1ccc(COc2nc3ccccc3s2)cc1,val
CHEMBL4758387,CHEMBL230,4.0,2021.0,4.0,COc1cc(/C=N/Nc2nc(-c3ccc(S(C)(=O)=O)cc3)cs2)cc(OC)c1O,train
CHEMBL4758581,CHEMBL230,6.1,2023.0,6.1,Cc1c(Nc2ccc(S(=O)(=O)N3CCN(C)CC3)cc2F)nc2ccc(Nc3cnn(C4CC4)c3)cn2c1=O,train
CHEMBL4758829,CHEMBL230,4.0,2021.0,4.0,O=C(O)c1ccc(-n2nc(-c3ccco3)cc2-n2cc(CNc3ccc([N+](=O)[O-])c4nonc34)nn2)cc1,test
CHEMBL4758894,CHEMBL230,6.3,2021.0,6.3,COc1ccc(-c2noc(CC(=O)Nc3ccc(N)cc3)c2-c2ccc(OC)cc2)cc1,test
CHEMBL4759732,CHEMBL230,6.52,2021.0,6.52,COc1ccc(-c2noc(CC(=O)Nc3ccc(-c4ccc(N)cc4)cc3)c2-c2ccc(OC)cc2)cc1,train
CHEMBL4760091,CHEMBL230,5.08,2020.0,5.08,CC(C(=O)O)c1ccc(C[SiH](C)C)cc1,train
CHEMBL4760140,CHEMBL230,4.301029995663981,2021.0,4.301029995663981,COc1ccc(-c2noc(CC(=O)Nc3ccc(-c4ccc(NC(=O)Cc5onc(-c6ccc(OC)cc6)c5-c5ccc(OC)cc5)cc4)cc3)c2-c2ccc(OC)cc2)cc1,test
CHEMBL4760459,CHEMBL230,4.301029995663981,2021.0,4.301029995663981,Cc1ccc(Nc2nc(/C=C/c3ccccc3)nc3cc(Br)ccc23)cc1,train
CHEMBL4761194,CHEMBL230,6.62,2021.0,6.62,COc1ccc(OC)c(/C=N/Nc2nc(-c3ccc(S(C)(=O)=O)cc3)cs2)c1,train
CHEMBL4761227,CHEMBL230,6.26,2020.0,6.26,CCCCCCCCCCCc1cc(O)cc(OC)c1O,train
CHEMBL4761676,CHEMBL230,5.87,2020.0,5.87,O=C(NCCc1c[nH]c2ccc(Cl)cc12)c1ccccc1Nc1ccccc1,test
CHEMBL4761793,CHEMBL230,4.0,2021.0,4.0,Nc1cc(-c2ccco2)nn1-c1ccc(Cl)cc1,test
CHEMBL4762525,CHEMBL230,4.3979400086720375,2020.0,4.3979400086720375,Cc1ccc(O)c(C(=O)NCCc2c[nH]c3ccccc23)c1,train
CHEMBL4763059,CHEMBL230,6.76,2021.0,6.76,COc1ccc(/C=N/Nc2nc(-c3ccc(S(C)(=O)=O)cc3)cs2)cc1O,train
CHEMBL4763348,CHEMBL230,4.301029995663981,2021.0,4.301029995663981,Fc1ccc(CNc2nc(Cl)nc3cc(-c4cccs4)ccc23)cc1F,train
CHEMBL4763455,CHEMBL230,5.47,2021.0,5.47,O=C(/C=C/c1ccc(O)c(O)c1)NNC(=O)COc1ccc(Br)cc1,train
CHEMBL4763530,CHEMBL230,5.0,2021.0,5.0,Fc1ccc(Nc2nc(/C=C/c3ccccc3)nc3ccccc23)cc1F,train
CHEMBL47638,CHEMBL230,7.52,2004.0,7.52,CS(=O)(=O)Nc1ccc(-c2cc(C(F)(F)F)nn2-c2ccc(Cl)cc2)cc1,train
CHEMBL4763941,CHEMBL230,3.4943074925878,2020.0,3.4943074925878,CC1N(C(=O)Nc2ccccc2)C(=O)c2ccccc2S1(=O)=O,train
CHEMBL4763976,CHEMBL230,3.6633401765455798,2020.0,3.6633401765455798,COC(=O)CC1N(C(=O)Nc2ccccn2)C(=O)c2ccccc2S1(=O)=O,train
CHEMBL47644,CHEMBL2094253,7.0,1996.0,7.0,O=C(O)CCCCCCCN1C(=O)C=CC1=O,train
CHEMBL4764453,CHEMBL230,5.24,2020.0,5.24,CCCCCC1=CC(=O)C=C(OC)C1=N,test
CHEMBL47645,CHEMBL2094253,3.2441251443275085,1996.0,3.2441251443275085,O=C(O)CCCCCCN1C(=O)C=CC1=O,train
CHEMBL47687,CHEMBL230,6.89,2004.0,6.89,COc1ccc(-n2nc(C(F)(F)F)cc2-c2ccc(N)cc2)cc1,train
CHEMBL476870,CHEMBL230,5.94,2008.0,5.94,Cc1ccc(N2C(=O)CS/C2=N\N=C/c2cn(-c3ccc(S(=O)(=O)/N=C/N(C)C)cc3)nc2-c2ccccc2)cc1,train
CHEMBL47697,CHEMBL2094253,4.85,1996.0,4.85,CCCCCCCCCCN1C(=O)C=CC1=O,train
CHEMBL4777518,CHEMBL230,5.61,2020.0,5.61,NS(=O)(=O)c1ccc(-n2nc(C(=O)NC3CCCCC3)cc2-c2ccccc2)cc1,test
CHEMBL4777820,CHEMBL230,3.3375254962496905,2020.0,3.3375254962496905,COC(=O)CC1N(C(=O)Nc2nccs2)C(=O)c2ccccc2S1(=O)=O,train
CHEMBL4778555,CHEMBL230,4.0,2020.0,4.0,CC1N(C(=O)Nc2cccc(Cl)c2)C(=O)c2ccccc2S1(=O)=O,train
CHEMBL4779383,CHEMBL230,3.5584619612978394,2020.0,3.5584619612978394,Cc1cnc(NC(=O)N2C(=O)c3ccccc3S(=O)(=O)C2C)s1,train
CHEMBL4779437,CHEMBL230,7.3,2020.0,7.3,C/C(=N\NC(N)=S)c1nnn(-c2ccc(S(=O)(=O)Nc3nccs3)cc2)c1C,test
CHEMBL4779635,CHEMBL230,6.54,2020.0,6.54,C/C(=N\NC(N)=O)c1nnn(-c2ccc(C(=O)O)cc2)c1C,train
CHEMBL4779788,CHEMBL230,5.69,2020.0,5.69,NS(=O)(=O)c1ccc(-n2nc(NC(=O)NC3CCCCC3)cc2-c2ccccc2)cc1,train
CHEMBL4780406,CHEMBL230,7.4,2020.0,7.4,C/C(=N\Nc1nc(-c2ccc(Cl)cc2)cs1)c1nnn(-c2ccc(S(N)(=O)=O)cc2)c1C,train
CHEMBL4780636,CHEMBL230,4.0,2021.0,4.0,CS(=O)(=O)c1ccc(-c2csc(N/N=C/c3ccc(O)cc3)n2)cc1,train
CHEMBL4780951,CHEMBL230,6.71,2021.0,6.71,COc1ccc(/C=N/Nc2nc(-c3ccc(S(C)(=O)=O)cc3)cs2)cc1OC,train
CHEMBL4781068,CHEMBL230,6.38,2020.0,6.38,CC(=O)c1nnn(-c2ccc(C(=O)O)cc2)c1C,train
CHEMBL4781090,CHEMBL230,4.0,2021.0,4.0,COc1cc(/C=N/Nc2nc(-c3ccc(S(C)(=O)=O)cc3)cs2)cc(OC)c1OC,train
CHEMBL4781249,CHEMBL230,5.35,2020.0,5.35,COC1=CC(=O)C=C(Br)C1=O,train
CHEMBL4781301,CHEMBL230,7.4,2020.0,7.4,Cc1c(-c2nn(-c3ccccc3)cc2/C=N/O)nnn1-c1ccc(C(=O)O)cc1,val
CHEMBL4781926,CHEMBL230,6.5,2020.0,6.5,C/C(=N\NC(N)=O)c1nnn(-c2ccc(Cl)cc2)c1C,train
CHEMBL4782861,CHEMBL230,3.372736583431779,2020.0,3.372736583431779,CC1NC(=O)c2ccccc2S1(=O)=O,train
CHEMBL4783386,CHEMBL230,5.91,2020.0,5.91,NS(=O)(=O)c1ccc(-n2nc(NC(=O)Nc3ccc(C(F)(F)F)cc3)cc2-c2ccccc2)cc1,train
CHEMBL4783879,CHEMBL230,7.3,2020.0,7.3,C/C(=N\Nc1nc(-c2ccc(Cl)cc2)cs1)c1nnn(-c2ccc(F)cc2)c1C,train
CHEMBL4784073,CHEMBL230,4.0,2021.0,4.0,COC(=O)c1ccc(-n2nc(-c3ccco3)cc2N)cc1,test
CHEMBL4784956,CHEMBL230,6.64,2020.0,6.64,CC(=O)c1nnn(-c2ccc(F)cc2)c1C,train
CHEMBL4785042,CHEMBL230,4.3979400086720375,2020.0,4.3979400086720375,CNc1ccccc1C(=O)NCCc1c[nH]c2ccccc12,train
CHEMBL4785750,CHEMBL230,4.0,2021.0,4.0,COc1ccccc1/C=N/Nc1nc(-c2ccc(S(C)(=O)=O)cc2)cs1,train
CHEMBL4785934,CHEMBL230,8.0,2020.0,8.0,NS(=O)(=O)c1ccc(-n2nc(C(=O)O)cc2-c2cc3ccccc3s2)cc1,val
CHEMBL4786489,CHEMBL230,7.3,2020.0,7.3,Cc1c(-c2nn(-c3ccccc3)cc2/C=N/O)nnn1-c1ccc(Cl)cc1,val
CHEMBL4786548,CHEMBL230,6.57,2020.0,6.57,C/C(=N\NC(N)=O)c1nnn(-c2ccc(F)cc2)c1C,train
CHEMBL4786755,CHEMBL230,6.27,2020.0,6.27,CC(=O)c1nnn(-c2ccc(S(N)(=O)=O)cc2)c1C,train
CHEMBL4786875,CHEMBL230,6.54,2020.0,6.54,CC(=O)c1nnn(-c2ccc(S(=O)(=O)Nc3nccs3)cc2)c1C,test
CHEMBL4787114,CHEMBL230,4.301029995663981,2021.0,4.301029995663981,Nc1ccc(Oc2nc(/C=C/c3ccccc3)nc3ccccc23)cc1,val
CHEMBL4787953,CHEMBL230,4.12,2020.0,4.12,CC1N(C(=O)Nc2ccccn2)C(=O)c2ccccc2S1(=O)=O,train
CHEMBL4788147,CHEMBL230,7.22,2020.0,7.22,C/C(=N\Nc1nc(-c2ccc(Cl)cc2)cs1)c1nnn(-c2ccc(Cl)cc2)c1C,train
CHEMBL4788232,CHEMBL230,4.0,2021.0,4.0,CC(C)c1ccc(-n2nc(-c3ccco3)cc2N)cc1,test
CHEMBL4788569,CHEMBL230,4.301029995663981,2021.0,4.301029995663981,COc1ccc(-c2noc(CC(=O)NCCCCCCNC(=O)Cc3onc(-c4ccc(OC)cc4)c3-c3ccc(OC)cc3)c2-c2ccc(OC)cc2)cc1,test
CHEMBL4788670,CHEMBL230,5.73,2020.0,5.73,NS(=O)(=O)c1ccc(-n2nc(NC(=O)NC34CC5CC(CC(C5)C3)C4)cc2-c2ccccc2)cc1,test
CHEMBL4788698,CHEMBL230,7.4,2020.0,7.4,Cc1c(-c2nn(-c3ccccc3)cc2/C=N/O)nnn1-c1ccc(S(N)(=O)=O)cc1,val
CHEMBL4789246,CHEMBL230,3.5349147124425673,2020.0,3.5349147124425673,Cc1csc(NC(=O)N2C(=O)c3ccccc3S(=O)(=O)C2C)n1,train
CHEMBL4789344,CHEMBL230,5.66,2020.0,5.66,NS(=O)(=O)c1ccc(-n2nc(NC(=O)NCCCCCCCCCCC(=O)O)cc2-c2ccccc2)cc1,train
CHEMBL4789403,CHEMBL230,7.05,2021.0,7.05,CCCCC/C=C\C/C=C\C/C=C\C/C=C\CCCC(=O)Nc1ccc(-c2ccc(NC(=O)Cc3onc(-c4ccc(OC)cc4)c3-c3ccc(OC)cc3)cc2)cc1,train
CHEMBL4789452,CHEMBL230,5.46,2021.0,5.46,COc1ccc(-c2noc(CC(=O)NCCCCN)c2-c2ccc(OC)cc2)cc1,train
CHEMBL4789520,CHEMBL230,5.4,2020.0,5.4,NS(=O)(=O)c1ccc(-n2nc(C(=O)NCCCC(=O)O)cc2-c2ccccc2)cc1,train
CHEMBL4789884,CHEMBL230,4.37,2021.0,4.37,Cc1ccc(Nc2nc(/C=C/c3ccccc3)nc3ccccc23)cc1,train
CHEMBL4789910,CHEMBL230,6.42,2020.0,6.42,O=C(NCCc1c[nH]c2ccc(O)cc12)c1ccccc1Nc1ccccc1,test
CHEMBL4790061,CHEMBL230,5.54,2020.0,5.54,CCOC(=O)C1CCN(C(=O)Nc2cc(-c3ccccc3)n(-c3ccc(S(N)(=O)=O)cc3)n2)CC1,train
CHEMBL4790291,CHEMBL230,7.16,2020.0,7.16,C/C(=N\NC(N)=S)c1nnn(-c2ccc(F)cc2)c1C,train
CHEMBL4790377,CHEMBL230,6.67,2021.0,6.67,COc1ccc(O)c(/C=N/Nc2nc(-c3ccc(S(C)(=O)=O)cc3)cs2)c1,train
CHEMBL4790503,CHEMBL230,5.67,2020.0,5.67,NS(=O)(=O)c1ccc(-n2nc(C(=O)NC34CC5CC(CC(C5)C3)C4)cc2-c2ccccc2)cc1,train
CHEMBL4790676,CHEMBL230,6.74,2021.0,6.74,COc1cccc(/C=N/Nc2nc(-c3ccc(S(C)(=O)=O)cc3)cs2)c1OC,train
CHEMBL4791001,CHEMBL230,3.096964303211503,2020.0,3.096964303211503,COC(=O)CC1N(C(=O)Nc2nnc(C)s2)C(=O)c2ccccc2S1(=O)=O,train
CHEMBL4791495,CHEMBL230,4.301029995663981,2021.0,4.301029995663981,COc1ccc(-c2noc(CC(=O)Nc3ccc(NC(=O)Cc4onc(-c5ccc(OC)cc5)c4-c4ccc(OC)cc4)cc3)c2-c2ccc(OC)cc2)cc1,train
CHEMBL4791577,CHEMBL230,7.3,2020.0,7.3,C/C(=N\NC(N)=S)c1nnn(-c2ccc(S(N)(=O)=O)cc2)c1C,train
CHEMBL4792442,CHEMBL230,6.47,2020.0,6.47,C/C(=N\NC(N)=O)c1nnn(-c2ccc(S(=O)(=O)Nc3nccs3)cc2)c1C,test
CHEMBL4792522,CHEMBL230,5.7,2020.0,5.7,NS(=O)(=O)c1ccc(-n2nc(NC(=O)NCCCC(=O)O)cc2-c2ccccc2)cc1,train
CHEMBL4792565,CHEMBL230,3.7765040590376056,2020.0,3.7765040590376056,COC(=O)CC1N(C(=O)Nc2nc3ccccc3s2)C(=O)c2ccccc2S1(=O)=O,val
CHEMBL4792690,CHEMBL230,4.43,2021.0,4.43,COc1ccc(Nc2nc(/C=C/c3ccccc3)nc3ccccc23)cc1,train
CHEMBL4792785,CHEMBL230,7.3,2020.0,7.3,C/C(=N\NC(N)=S)c1nnn(-c2ccc(C(=O)O)cc2)c1C,train
CHEMBL4793035,CHEMBL230,6.44,2020.0,6.44,Brc1ccc(OCCOc2nc3ccccc3s2)c(Br)c1,train
CHEMBL4794089,CHEMBL230,7.4,2020.0,7.4,C/C(=N\Nc1nc(-c2ccc(Cl)cc2)cs1)c1nnn(-c2ccc(S(=O)(=O)Nc3nccs3)cc2)c1C,train
CHEMBL4794203,CHEMBL230,6.62,2020.0,6.62,C/C(=N\NC(N)=S)c1nnn(-c2ccc(Cl)cc2)c1C,train
CHEMBL4794283,CHEMBL230,4.3979400086720375,2020.0,4.3979400086720375,O=C(NCCc1c[nH]c2ccccc12)c1ccc(F)cc1O,train
CHEMBL4794474,CHEMBL230,6.1,2021.0,6.1,CCCCC/C=C\C/C=C\C/C=C\C/C=C\CCCC(=O)NCCCCNC(=O)Cc1onc(-c2ccc(OC)cc2)c1-c1ccc(OC)cc1,train
CHEMBL4794910,CHEMBL230,5.52,2020.0,5.52,NS(=O)(=O)c1ccc(-n2nc(C(=O)NCCCCCCCCCCC(=O)O)cc2-c2ccccc2)cc1,train
CHEMBL4795119,CHEMBL230,6.38,2020.0,6.38,C/C(=N\NC(N)=O)c1nnn(-c2ccc(S(N)(=O)=O)cc2)c1C,train
CHEMBL4795293,CHEMBL230,4.301029995663981,2021.0,4.301029995663981,Fc1ccc(CNc2nc(N3CCOCC3)nc3cc(-c4cccs4)ccc23)cc1F,train
CHEMBL4796006,CHEMBL230,3.3054825461888435,2020.0,3.3054825461888435,Cc1cccc(NC(=O)N2C(=O)c3ccccc3S(=O)(=O)C2C)n1,train
CHEMBL4796545,CHEMBL230,3.351347304868777,2020.0,3.351347304868777,COC(=O)CC1N(C(=O)Nc2ccccc2)C(=O)c2ccccc2S1(=O)=O,train
CHEMBL4796831,CHEMBL230,4.301029995663981,2021.0,4.301029995663981,Cc1ccc(Nc2nc(/C=C/c3ccccc3)nc3cc(-c4cccs4)ccc23)cc1,train
CHEMBL4797035,CHEMBL230,4.0,2021.0,4.0,[N-]=[N+]=Nc1cc(-c2ccco2)nn1-c1ccc(C(=O)O)cc1,test
CHEMBL4797164,CHEMBL230,4.0,2021.0,4.0,COc1ccc(/C=N/Nc2nc(-c3ccc(S(C)(=O)=O)cc3)cs2)c(OC)c1,train
CHEMBL4797170,CHEMBL230,6.92,2020.0,6.92,CC(=O)c1nnn(-c2ccc(Cl)cc2)c1C,train
CHEMBL4797489,CHEMBL230,7.16,2020.0,7.16,C/C(=N\Nc1nc(-c2ccc(Cl)cc2)cs1)c1nnn(-c2ccc(C(=O)O)cc2)c1C,train
CHEMBL4798135,CHEMBL230,5.81,2020.0,5.81,CCCCCCCCCCCCCc1cc(O)cc(OC)c1O,train
CHEMBL4798519,CHEMBL230,7.3,2020.0,7.3,Cc1c(-c2nn(-c3ccccc3)cc2/C=N/O)nnn1-c1ccc(F)cc1,val
CHEMBL4799227,CHEMBL230,5.38,2020.0,5.38,CCOC(=O)C1CCN(C(=O)c2cc(-c3ccccc3)n(-c3ccc(S(N)(=O)=O)cc3)n2)CC1,train
CHEMBL4799379,CHEMBL230,5.69,2020.0,5.69,NS(=O)(=O)c1ccc(-n2nc(C(=O)Nc3ccc(C(F)(F)F)cc3)cc2-c2ccccc2)cc1,test
CHEMBL4799478,CHEMBL230,4.301029995663981,2021.0,4.301029995663981,COc1ccc(-c2noc(CC(=O)NCc3ccc(CNC(=O)Cc4onc(-c5ccc(OC)cc5)c4-c4ccc(OC)cc4)cc3)c2-c2ccc(OC)cc2)cc1,train
CHEMBL4799825,CHEMBL230,3.559405738160169,2020.0,3.559405738160169,COC(=O)CC1NC(=O)c2ccccc2S1(=O)=O,train
CHEMBL4800072,CHEMBL230,4.0,2021.0,4.0,Nc1cc(-c2ccco2)nn1-c1ccc(C(=O)O)cc1,test
CHEMBL4800449,CHEMBL230,6.3,2020.0,6.3,Brc1ccc(OCCOc2nc3ccccc3s2)cc1,train
CHEMBL480462,CHEMBL230,4.1,2001.0,4.1,Oc1ccc([C@@H]2c3c(O)cc(O)cc3[C@H]3[C@H](c4ccc(O)cc4)c4c(O)cc(O)cc4[C@@H]23)cc1,test
CHEMBL48073,CHEMBL230,6.014485002168009,1999.0,6.014485002168009,CCC(O)(CC)[C@H](C)Oc1ncc(C(F)(F)F)cc1-c1ccc(S(C)(=O)=O)cc1,train
CHEMBL48092,CHEMBL2094253,5.0,1985.0,5.0,O=C(O)CCCCCc1cccc2cncn12,train
CHEMBL481613,CHEMBL230,5.29,2009.0,5.29,CS(=O)(=O)c1ccc(C#Cc2ccc(=O)n(C(F)F)c2)cc1,val
CHEMBL482162,CHEMBL230,5.76,2009.0,5.76,C/C(=C\c1ccc(C(F)(F)F)cc1)c1ccc(O)c(O)c1,train
CHEMBL482199,CHEMBL230,4.99,2009.0,4.99,CS(=O)(=O)Nc1cc2c(cc1C(=O)N/N=C/c1ccccc1)OCO2,val
CHEMBL482206,CHEMBL230,5.43,2009.0,5.43,CS(=O)(=O)c1cccc(C#Cc2ccc(=O)n(C(F)F)c2)c1,val
CHEMBL48332,CHEMBL230,6.46,2000.0,6.46,CS(=O)(=O)c1ccc(C2=C(c3ccccc3)C(=O)N(c3ccc(F)cc3)C2)cc1,train
CHEMBL4845806,CHEMBL230,4.3979400086720375,2021.0,4.3979400086720375,O=C(NCCc1c[nH]c2ccccc12)c1ccccc1Nc1ccccc1I,test
CHEMBL4846538,CHEMBL230,4.301029995663981,2021.0,4.301029995663981,CCCCOc1nc(OCC(C)(C)O)c(-c2ccc(S(C)(=O)=O)cc2)cc1C(=O)O,train
CHEMBL4847404,CHEMBL230,7.27,2021.0,7.27,O=c1c(Cc2ccccc2)n[nH]c(=S)n1/N=C/c1cc2ccccc2nc1O,test
CHEMBL4848113,CHEMBL230,8.0,2021.0,8.0,O=S(=O)(Oc1ccccc1)n1nc(-c2ccccc2)cc1-c1ccccc1,train
CHEMBL4848190,CHEMBL230,5.755,2021.0,5.755,CCc1cnc(OCC(C)(C)O)c(-c2ccc(S(C)(=O)=O)cc2)c1,train
CHEMBL4848265,CHEMBL230,4.845514997831991,2021.0,4.845514997831991,CC(C)Oc1nc(OCC(C)(C)O)c(-c2ccc(S(C)(=O)=O)cc2)cc1CO,train
CHEMBL4848416,CHEMBL230,5.21,2021.0,5.21,COc1ccc(Nc2ccccc2C(=O)NCCc2c[nH]c3ccccc23)cc1,test
CHEMBL4848763,CHEMBL230,5.8,2021.0,5.8,COc1ccc(-c2cc(-c3nnc(SC/C(=N/O)c4ccccc4)n3-c3ccccc3)c3ccccc3n2)cc1,train
CHEMBL4848882,CHEMBL230,6.89,2021.0,6.89,COc1ccc2ccc(F)c(CC(=O)N/N=C/c3ccc(C(F)(F)F)cc3)c2n1,train
CHEMBL4849413,CHEMBL230,4.3979400086720375,2021.0,4.3979400086720375,O=C(NCCc1c[nH]c2ccccc12)c1ccccc1Nc1ccc2nccnc2c1,train
CHEMBL4849659,CHEMBL230,8.15,2021.0,8.15,COc1ccc(N2CCN(CCc3c(C)nc4oc(-c5ccccc5)nn4c3=O)CC2)cc1,val
CHEMBL4851236,CHEMBL230,7.44,2021.0,7.44,CCCCOc1nc(OCC2COC2)c(-c2ccc(S(C)(=O)=O)cc2)cc1CO,train
CHEMBL4851853,CHEMBL230,8.96,2021.0,8.96,Cc1ccc(-c2cc(C)n(S(=O)(=O)Oc3ccccc3)n2)cc1,train
CHEMBL4852008,CHEMBL230,6.92,2021.0,6.92,COc1cc(Cc2n[nH]c(=S)n(/N=C/c3cc4ccc(OCc5ccccc5)cc4nc3Cl)c2=O)cc(OC)c1OC,val
CHEMBL4852569,CHEMBL230,6.28,2021.0,6.28,Cc1ccc(-c2cc(C)n(S(=O)(=O)Oc3ccccc3Cl)n2)cc1,train
CHEMBL4852960,CHEMBL230,5.71,2021.0,5.71,Cc1ncccc1Nc1ccccc1C(=O)NCCc1c[nH]c2ccccc12,train
CHEMBL4853361,CHEMBL230,7.14,2021.0,7.14,COc1ccc2cc(/C=N/n3c(=S)[nH]nc(Cc4ccccc4)c3=O)c(O)nc2c1,test
CHEMBL485462,CHEMBL230,5.0,2017.0,5.0,CCC(C)/C=C(C)/C=C/C=C/C=C/C(=O)c1c(O)c(-c2ccc(O)cc2)c[nH]c1=O,train
CHEMBL4856126,CHEMBL230,5.92,2021.0,5.92,CCCCOc1nc(OCC(C)(C)O)c(-c2ccc(S(C)(=O)=O)cc2)cc1C(C)(C)O,train
CHEMBL4856646,CHEMBL230,7.22,2021.0,7.22,COc1ccc2nc(O)c(/C=N/n3c(=S)[nH]nc(Cc4cc(OC)c(OC)c(OC)c4)c3=O)cc2c1,test
CHEMBL4856711,CHEMBL230,5.22,2021.0,5.22,Cc1ccc(Nc2ccccc2C(=O)NCCc2c[nH]c3ccccc23)cc1,test
CHEMBL4856727,CHEMBL230,7.115,2021.0,7.115,O=C1N/C(=N\c2nnc(-c3ccc(O)cc3)s2)S/C1=C\c1ccccc1,test
CHEMBL48568,CHEMBL230,4.47,1999.0,4.47,CC(C)(C)c1cc(/C=C2\OC(=O)NC2=O)cc(C(C)(C)C)c1O,val
CHEMBL4857474,CHEMBL230,6.494999999999999,2021.0,6.494999999999999,CCCCOc1nc(OCC(C)(C)O)c(-c2ccc(S(N)(=O)=O)cn2)cc1CO,test
CHEMBL4857562,CHEMBL230,4.95,2021.0,4.95,Cc1ccccc1-c1cc(C)n(S(=O)(=O)Oc2ccccc2)n1,train
CHEMBL4857659,CHEMBL230,5.84,2021.0,5.84,CN(C)c1ccc(Nc2ccccc2C(=O)NCCc2c[nH]c3ccccc23)cc1,test
CHEMBL4857790,CHEMBL230,6.55,2021.0,6.55,Cc1ccc2nc(O)c(/C=N/n3c(=S)[nH]nc(Cc4ccccc4)c3=O)cc2c1,test
CHEMBL4858751,CHEMBL230,8.24,2021.0,8.24,Cc1cc(-c2ccccn2)nn1S(=O)(=O)Oc1ccc(Cl)cc1,test
CHEMBL4858939,CHEMBL230,5.4,2021.0,5.4,O=C(NCCc1c[nH]c2ccccc12)c1ccccc1Nc1ccc(Cl)cc1,test
CHEMBL4859331,CHEMBL230,4.3979400086720375,2021.0,4.3979400086720375,O=C(NCCc1c[nH]c2ccccc12)c1ccccc1Nc1cccc(Br)c1,test
CHEMBL4859571,CHEMBL230,6.785,2021.0,6.785,CC(C)(O)COc1nc(OCCCC(F)(F)F)c(CO)cc1-c1ccc(S(C)(=O)=O)cc1,train
CHEMBL4859662,CHEMBL230,6.7,2021.0,6.7,Cc1cc(-c2ccc(Br)cc2)nn1S(=O)(=O)Oc1ccccc1,train
CHEMBL4860909,CHEMBL230,7.51,2021.0,7.51,Cc1cc(-c2ccco2)nn1S(=O)(=O)Oc1ccccc1,train
CHEMBL4861158,CHEMBL230,5.08,2021.0,5.08,COc1cc(Nc2ccccc2C(=O)NCCc2c[nH]c3ccccc23)cc(OC)c1OC,test
CHEMBL4861713,CHEMBL230,8.0,2021.0,8.0,Cc1cc(-c2ccc(C(F)(F)F)cc2)nn1S(=O)(=O)Oc1ccccc1,train
CHEMBL4861765,CHEMBL230,7.17,2021.0,7.17,COc1ccc2nc(O)c(/C=N/n3c(=S)[nH]nc(Cc4ccccc4)c3=O)cc2c1,test
CHEMBL4862239,CHEMBL230,3.5434821421947373,2021.0,3.5434821421947373,CC1=C(CC(=O)O)c2cc(F)ccc2/C1=C\c1cccc(OCc2ccccc2)c1,train
CHEMBL4862389,CHEMBL230,6.96,2021.0,6.96,Cc1ccc2nc(O)c(/C=N/n3c(=S)[nH]nc(Cc4cccs4)c3=O)cc2c1,train
CHEMBL4862415,CHEMBL230,6.5,2021.0,6.5,CC(C)Oc1ccc2nc(O)c(/C=N/n3c(=S)[nH]nc(Cc4ccccc4)c3=O)cc2c1,test
CHEMBL4862802,CHEMBL230,6.150924374808178,2021.0,6.150924374808178,CCCOc1nc(OCC(C)(C)O)c(-c2ccc(S(C)(=O)=O)cc2)cc1CO,train
CHEMBL4863487,CHEMBL230,4.3979400086720375,2021.0,4.3979400086720375,Cc1ccccc1Nc1ccccc1C(=O)NCCc1c[nH]c2ccccc12,test
CHEMBL4864146,CHEMBL230,5.61,2021.0,5.61,O=C(NCCc1c[nH]c2ccccc12)c1ccccc1Nc1ccc(F)cc1,test
CHEMBL4864897,CHEMBL230,4.301029995663981,2021.0,4.301029995663981,CC(C)(O)COc1ncc(CO)cc1-c1ccc(S(C)(=O)=O)cc1,train
CHEMBL4865464,CHEMBL230,6.99,2021.0,6.99,CCCCOc1nc(OCC(C)(C)O)c(-c2ccc(S(C)(=O)=O)cc2)cc1CO,train
CHEMBL4866509,CHEMBL230,4.53551499783199,2021.0,4.53551499783199,COc1nc(OCC(C)(C)O)c(-c2ccc(S(C)(=O)=O)cc2)cc1CO,train
CHEMBL4866615,CHEMBL230,5.46,2021.0,5.46,Cc1cnc(OCC(C)(C)O)c(-c2ccc(S(C)(=O)=O)cc2)c1,train
CHEMBL4867038,CHEMBL230,7.31,2021.0,7.31,CCCCOc1nc(-c2ccc(F)cc2)c(-c2ccc(S(C)(=O)=O)cc2)cc1CO,train
CHEMBL48671,CHEMBL230,6.49948500216801,1999.0,6.49948500216801,CS(=O)(=O)c1ccc(-c2cc(C(F)(F)F)cnc2OCC(F)(F)F)cc1,train
CHEMBL4867315,CHEMBL230,4.75,2021.0,4.75,Cc1cncc(Nc2ccccc2C(=O)NCCc2c[nH]c3ccccc23)c1,train
CHEMBL4867405,CHEMBL230,5.135,2021.0,5.135,COCCOc1nc(OCC(C)(C)O)c(-c2ccc(S(C)(=O)=O)cc2)cc1CO,train
CHEMBL4867950,CHEMBL230,7.33,2021.0,7.33,O=c1c(Cc2ccccc2)n[nH]c(=S)n1/N=C/c1cc2cc(OCc3ccccc3)ccc2nc1O,train
CHEMBL4868049,CHEMBL230,4.0,2021.0,4.0,Cc1cc(-c2ccccc2)nn1S(=O)(=O)Oc1ccccc1C(F)(F)F,train
CHEMBL4868061,CHEMBL230,4.51,2021.0,4.51,Cc1cccc(Nc2ccccc2C(=O)NCCc2c[nH]c3ccccc23)c1,test
CHEMBL4868446,CHEMBL230,6.595,2021.0,6.595,CC(C)(O)COc1nc(OCCC(F)(F)F)c(CO)cc1-c1ccc(S(C)(=O)=O)cc1,train
CHEMBL4868926,CHEMBL230,4.3979400086720375,2021.0,4.3979400086720375,O=C(NCCc1c[nH]c2ccccc12)c1ccccc1Nc1ccccc1Br,test
CHEMBL4869763,CHEMBL230,7.01,2021.0,7.01,COc1ccc2cc(/C=N/n3c(=S)[nH]nc(Cc4cc(OC)c(OC)c(OC)c4)c3=O)c(O)nc2c1,test
CHEMBL4869842,CHEMBL230,7.04,2021.0,7.04,Cc1ccc(-c2cc(C)n(S(=O)(=O)Oc3ccccc3I)n2)cc1,train
CHEMBL4869963,CHEMBL230,4.3979400086720375,2021.0,4.3979400086720375,CCCCc1ccc(Nc2ccccc2C(=O)NCCc2c[nH]c3ccccc23)cc1,test
CHEMBL4870569,CHEMBL230,7.175,2021.0,7.175,CCCCOc1nc(OCC2(O)CCC2)c(-c2ccc(S(C)(=O)=O)cc2)cc1CO,train
CHEMBL4870684,CHEMBL230,5.63,2021.0,5.63,CCCCOc1nc(OCC(C)(C)O)c(-c2ccc(S(C)(=O)=O)cc2)cc1C(C)O,train
CHEMBL4870953,CHEMBL230,4.3979400086720375,2021.0,4.3979400086720375,O=C(NCCc1c[nH]c2ccccc12)c1ccccc1Nc1cccc2cccnc12,train
CHEMBL4871081,CHEMBL230,8.04,2021.0,8.04,Cc1ccc(-c2cc(C)n(S(=O)(=O)Oc3ccc(I)cc3)n2)cc1,train
CHEMBL4871207,CHEMBL230,7.43,2021.0,7.43,COc1ccc(/C=C\C(=O)c2cc(-n3cc(CN4C(=O)C(=O)c5ccccc54)nn3)ccc2O)cc1,train
CHEMBL4871538,CHEMBL230,6.96,2021.0,6.96,Cc1cc(-c2cccc(Cl)c2)nn1S(=O)(=O)Oc1ccccc1,train
CHEMBL4871719,CHEMBL230,4.63,2021.0,4.63,O=C(NCCc1c[nH]c2ccccc12)c1ccccc1Nc1cccnc1,train
CHEMBL4872034,CHEMBL230,4.3979400086720375,2021.0,4.3979400086720375,O=C(NCCc1c[nH]c2ccccc12)c1ccccc1Nc1cccc(F)c1,test
CHEMBL4872636,CHEMBL230,7.19,2021.0,7.19,COc1cc(Cc2n[nH]c(=S)n(/N=C/c3cc4cc(C)ccc4nc3O)c2=O)cc(OC)c1OC,test
CHEMBL4872909,CHEMBL230,5.37,2021.0,5.37,O=C(NCCc1c[nH]c2ccccc12)c1ccccc1Nc1ccccc1F,test
CHEMBL4873017,CHEMBL230,5.53,2021.0,5.53,O=C(NCCc1c[nH]c2ccccc12)c1ccccc1Nc1cccnc1Cl,train
CHEMBL4873048,CHEMBL230,4.3979400086720375,2021.0,4.3979400086720375,O=C(NCCc1c[nH]c2ccccc12)c1ccccc1Nc1cccc(Cl)c1,test
CHEMBL4873184,CHEMBL230,6.68,2021.0,6.68,CCCCOc1nc(OCC2(C)COC2)c(-c2ccc(S(C)(=O)=O)cc2)cc1CO,train
CHEMBL4873372,CHEMBL230,4.71,2021.0,4.71,Cc1ccc(Nc2ccccc2C(=O)NCCc2c[nH]c3ccccc23)cn1,train
CHEMBL4873475,CHEMBL230,4.3979400086720375,2021.0,4.3979400086720375,O=C(NCCc1c[nH]c2ccccc12)c1ccccc1Nc1ccc(C(F)(F)F)cc1,test
CHEMBL4873961,CHEMBL230,7.0,2021.0,7.0,Cc1cc(-c2ccccn2)nn1S(=O)(=O)Oc1ccccc1,test
CHEMBL4873966,CHEMBL230,5.0,2021.0,5.0,Cc1cc(-c2ccc(F)cc2)nn1S(=O)(=O)Oc1ccccc1,train
CHEMBL4874336,CHEMBL230,7.82,2021.0,7.82,COc1ccc(N2CCN(CCc3c(C)nc4oc(-c5ccc(Cl)cc5)nn4c3=O)CC2)cc1,val
CHEMBL48758,CHEMBL230,6.0,2000.0,6.0,Cc1ccc(N2CC(c3ccc(S(C)(=O)=O)cc3)=C(c3ccccc3)C2=O)cc1,train
CHEMBL4876293,CHEMBL230,7.1,2021.0,7.1,O=c1c(Cc2cccs2)n[nH]c(=S)n1/N=C/c1cc2ccccc2nc1O,train
CHEMBL4876413,CHEMBL230,7.0,2021.0,7.0,Cc1nc2oc(-c3ccccc3)nn2c(=O)c1CCN1CCCCC1,test
CHEMBL4876637,CHEMBL230,6.8,2021.0,6.8,COc1cc(Cc2n[nH]c(=S)n(/N=C/c3cc4cccc(C)c4nc3Cl)c2=O)cc(OC)c1OC,test
CHEMBL4876862,CHEMBL230,7.07,2021.0,7.07,COc1cc(Cc2n[nH]c(=S)n(/N=C/c3cc4cc(C)ccc4nc3O)c2=O)ccc1O,test
CHEMBL4876947,CHEMBL230,4.3979400086720375,2021.0,4.3979400086720375,O=C(NCCc1c[nH]c2ccccc12)c1ccccc1Nc1cncc(Br)c1,train
CHEMBL4877517,CHEMBL230,6.27,2021.0,6.27,CCCCOc1nc(OCC(C)(C)O)c(-c2ccc(S(C)(=O)=O)cc2)cc1COCCO,train
CHEMBL4877659,CHEMBL230,5.25,2021.0,5.25,O=C(NCCc1c[nH]c2ccccc12)c1ccccc1Nc1ccc(Br)cc1,test
CHEMBL4878265,CHEMBL230,4.3979400086720375,2021.0,4.3979400086720375,O=C(NCCc1c[nH]c2ccccc12)c1ccccc1Nc1ccccc1Cl,test
CHEMBL4878422,CHEMBL230,7.4,2021.0,7.4,Cc1nc2oc(-c3ccc(Cl)cc3)nn2c(=O)c1CCN1CCN(c2ccccc2)CC1,val
CHEMBL4878968,CHEMBL230,5.92,2021.0,5.92,Nc1ccccc1Nc1ccccc1C(=O)NCCc1c[nH]c2ccccc12,test
CHEMBL4879174,CHEMBL230,5.88,2021.0,5.88,CCCCOc1nc(OCC2(O)COC2)c(-c2ccc(S(C)(=O)=O)cc2)cc1CO,train
CHEMBL487933,CHEMBL230,4.3979400086720375,2019.0,4.3979400086720375,CC1(C)[C@@H](O)CC[C@]2(C)[C@H]3CC=C4[C@@H]5C[C@@](C)(C(=O)O)CC[C@]5(C)CC[C@@]4(C)[C@]3(C)CC[C@@H]12,val
CHEMBL489489,CHEMBL230,5.76,2009.0,5.76,C/C(=C\c1ccc(N(C)C)cc1)c1cc(O)cc(O)c1,train
CHEMBL489701,CHEMBL230,4.301029995663981,2009.0,4.301029995663981,CS(=O)(=O)c1ccc(-c2ssc(=S)c2-c2ccccc2)cc1,train
CHEMBL489702,CHEMBL230,4.301029995663981,2009.0,4.301029995663981,CS(=O)(=O)c1ccc(-c2ssc(=S)c2-c2ccc(F)cc2)cc1,train
CHEMBL489898,CHEMBL230,4.301029995663981,2009.0,4.301029995663981,Cc1ccc(-c2c(-c3ccc(Cl)cc3)ssc2=S)cc1,train
CHEMBL489899,CHEMBL230,4.7,2009.0,4.7,COc1ccc(-c2ssc(=S)c2-c2ccc(OC)cc2)cc1,train
CHEMBL49008,CHEMBL230,5.33,1999.0,5.33,CC(C)(C)c1cc(/C=C2\SC(=O)NC2=O)cc(C(C)(C)C)c1O,train
CHEMBL49011,CHEMBL230,6.02,2000.0,6.02,CS(=O)(=O)c1ccc(C2=C(c3ccc(F)cc3)C(=O)N(c3ccc(C(F)(F)F)cc3)C2)cc1,train
CHEMBL490292,CHEMBL230,6.0,2009.0,6.0,COc1ccc(-c2ssc(=O)c2-c2ccc(OC)cc2)cc1,test
CHEMBL490324,CHEMBL230,4.75,2005.0,4.75,C[C@@H]1C[C@@H]2OC(=O)[C@]3(C)[C@H]2[C@@H](OC3(C)O)[C@]2(C)C(=O)C=C[C@@H]12,test
CHEMBL490482,CHEMBL230,6.09,2009.0,6.09,Oc1cc(O)cc(/C=C/c2cccc(F)c2)c1,train
CHEMBL49056,CHEMBL230,6.66,2000.0,6.66,COc1ccc(C2=C(c3ccc(S(C)(=O)=O)cc3)CN(c3ccccc3Cl)C2=O)cc1,train
CHEMBL490673,CHEMBL230,4.5,2009.0,4.5,O=[N+]([O-])c1ccc(/C=C/c2cc(O)cc(O)c2)cc1,train
CHEMBL491079,CHEMBL230,6.33,2009.0,6.33,C/C(=C\c1ccc(C(F)(F)F)cc1)c1ccc(O)cc1,train
CHEMBL491080,CHEMBL230,5.75,2009.0,5.75,C/C(=C\c1ccc(O)cc1)c1cc(O)cc(O)c1,train
CHEMBL491081,CHEMBL230,4.89,2009.0,4.89,COc1ccc(/C=C(\C)c2cc(O)cc(O)c2)cc1OC,train
CHEMBL491088,CHEMBL230,5.4,2009.0,5.4,Clc1ccc(-c2cnsc2-c2ccc(Cl)cc2)cc1,test
CHEMBL491090,CHEMBL230,4.301029995663981,2009.0,4.301029995663981,Oc1ccc(-c2cnsc2-c2ccc(O)cc2)cc1,test
CHEMBL49114,CHEMBL230,6.0,2000.0,6.0,CS(=O)(=O)c1ccc(C2=C(c3ccccc3)C(=O)N(c3cccc(Cl)c3)C2)cc1,train
CHEMBL491272,CHEMBL230,4.3,2009.0,4.3,CS(=O)(=O)c1ccc(-c2c(-c3ccccc3)ssc2=O)cc1,test
CHEMBL491477,CHEMBL230,5.05,2009.0,5.05,Cc1ccc(-c2c(-c3ccc(S(C)(=O)=O)cc3)ssc2=S)cc1,train
CHEMBL491582,CHEMBL230,3.8416375079047502,2002.0,3.8416375079047502,c1ccc(-c2ccc(-c3ccccc3)cc2)cc1,train
CHEMBL49319,CHEMBL230,6.205,1999.0,6.205,CC(C)(O)COc1ncc(C(F)(F)F)cc1-c1ccc(S(C)(=O)=O)cc1,train
CHEMBL49394,CHEMBL230,6.399485002168009,1999.0,6.399485002168009,CS(=O)(=O)c1ccc(-c2cc(C(F)(F)F)cnc2N2CCCC(CO)C2)cc1,train
CHEMBL493969,CHEMBL230,5.57,2009.0,5.57,CC(=O)c1cc(C(C)=O)c2c(=O)cc(-c3ccccc3)oc2c1,train
CHEMBL494905,CHEMBL230,5.42,2008.0,5.42,CCOC(=O)C(O)c1cc(-c2ccc(S(C)(=O)=O)cc2)n(-c2cccc(F)c2)c1C,train
CHEMBL496,CHEMBL230,6.19,,6.19,Oc1c(Cl)cc(Cl)c(Cl)c1Cc1c(O)c(Cl)cc(Cl)c1Cl,train
CHEMBL49606,CHEMBL230,5.92,2000.0,5.92,COc1ccc(N2CC(c3ccc(S(C)(=O)=O)cc3)=C(c3ccc(F)cc3)C2=O)cc1,train
CHEMBL496240,CHEMBL230,5.84,2016.0,5.84,O=C(c1ccccc1)c1ccc2n1CC[C@@H]2C(=O)O,test
CHEMBL496464,CHEMBL230,5.3979400086720375,2012.0,5.3979400086720375,CSc1ccc(/C=C2\C=C(CC(=O)O)c3cc(F)ccc32)cc1,test
CHEMBL497507,CHEMBL230,5.24,2008.0,5.24,CC(C(=O)OCCO[N+](=O)[O-])c1ccc(C(=O)c2cccs2)cc1,test
CHEMBL497677,CHEMBL230,5.57,2008.0,5.57,CC(C(=O)OCC(CO[N+](=O)[O-])O[N+](=O)[O-])c1ccc(C(=O)c2cccs2)cc1,test
CHEMBL497678,CHEMBL230,4.19,2008.0,4.19,CC(C(=O)OCCO[N+](=O)[O-])c1ccc2c(c1)[nH]c1ccc(Cl)cc12,train
CHEMBL497716,CHEMBL230,4.42,2002.0,4.42,C/C(=C/Cc1c(O)ccc(C(=O)/C=C/c2ccc(O)cc2)c1O)COC(=O)/C=C/c1ccc(O)cc1,val
CHEMBL49775,CHEMBL230,6.55,2000.0,6.55,CS(=O)(=O)c1ccc(C2=C(c3ccccc3)C(=O)N(c3ccccc3)C2)cc1,train
CHEMBL497858,CHEMBL230,6.14,2008.0,6.14,CC(COC(=O)C(C)c1cccc(C(=O)c2ccccc2)c1)O[N+](=O)[O-],train
CHEMBL497859,CHEMBL230,6.13,2008.0,6.13,CC(C(=O)OCC(CO[N+](=O)[O-])O[N+](=O)[O-])c1cccc(C(=O)c2ccccc2)c1,train
CHEMBL49831,CHEMBL2094253,4.43,1996.0,4.43,O=C(O)CCCCCCCCCN1C(=O)C=CC1=O,train
CHEMBL49832,CHEMBL2094253,4.58,1996.0,4.58,O=C(O)CCCCCCCCN1C(=O)C=CC1=O,train
CHEMBL498529,CHEMBL230,4.35,2008.0,4.35,CC(COC(=O)C(C)c1ccc2c(c1)[nH]c1ccc(Cl)cc12)O[N+](=O)[O-],train
CHEMBL498882,CHEMBL230,3.8600604512310874,2008.0,3.8600604512310874,COc1cc(NC(C)=O)ccc1O,train
CHEMBL498917,CHEMBL230,6.6,2021.0,6.6,COc1cc(O)cc(/C=C/c2ccc(O)cc2)c1,train
CHEMBL499041,CHEMBL230,8.08,2008.0,8.08,NS(=O)(=O)c1ccc(-c2[nH]c3ccccc3c2-c2ccc(Br)cc2)cc1,train
CHEMBL499068,CHEMBL230,11.221848749616356,2008.0,11.221848749616356,COc1ccc(-c2c(-c3ccc(S(N)(=O)=O)cc3)[nH]c3ccccc23)cc1,train
CHEMBL499069,CHEMBL230,10.7,2008.0,10.7,COc1ccc(-c2c(-c3ccc(S(C)(=O)=O)cc3)[nH]c3ccccc23)cc1,train
CHEMBL499070,CHEMBL230,9.22,2008.0,9.22,CS(=O)(=O)c1ccc(-c2[nH]c3ccccc3c2-c2ccccc2)cc1,train
CHEMBL49918,CHEMBL230,6.49948500216801,1999.0,6.49948500216801,CS(=O)(=O)c1ccc(-c2cc(C(F)(F)F)cnc2OC(C(F)(F)F)C(F)(F)F)cc1,train
CHEMBL499347,CHEMBL230,8.29,2008.0,8.29,NS(=O)(=O)c1ccc(-c2[nH]c3ccccc3c2-c2ccc(F)cc2)cc1,train
CHEMBL499348,CHEMBL230,8.7,2008.0,8.7,NS(=O)(=O)c1ccc(-c2[nH]c3ccc(F)cc3c2-c2ccccc2)cc1,train
CHEMBL499349,CHEMBL230,9.85,2008.0,9.85,NS(=O)(=O)c1ccc(-c2[nH]c3ccc(Cl)cc3c2-c2ccccc2)cc1,train
CHEMBL50,CHEMBL230,4.54,2007.0,4.54,O=c1c(O)c(-c2ccc(O)c(O)c2)oc2cc(O)cc(O)c12,train
CHEMBL50011,CHEMBL2094253,3.6020599913279625,1996.0,3.6020599913279625,O=C(O)c1ccccc1OCCN1C(=O)C=CC1=O,train
CHEMBL500387,CHEMBL230,5.66,2006.0,5.66,CC(=O)O[C@@]12[C@H](OC(=O)[C@@H](C(C)C)N(C)C)[C@@H](C)[C@]3(O)[C@@H]4C=C(C)C(=O)[C@@H]4CC(CO)=C[C@H]3[C@@H]1C2(C)C,val
CHEMBL500674,CHEMBL230,9.27,2008.0,9.27,NS(=O)(=O)c1ccc(-c2[nH]c3ccc(Cl)cc3c2-c2ccc(Cl)cc2)cc1,train
CHEMBL500675,CHEMBL230,9.1,2008.0,9.1,CS(=O)(=O)c1ccc(-c2[nH]c3ccc(Cl)cc3c2-c2cccc(Cl)c2)cc1,train
CHEMBL500935,CHEMBL230,7.0,2008.0,7.0,NS(=O)(=O)c1ccc(-c2[nH]c3ccc(Cl)cc3c2-c2ccccc2Cl)cc1,train
CHEMBL500936,CHEMBL230,10.05,2008.0,10.05,NS(=O)(=O)c1ccc(-c2[nH]c3ccccc3c2-c2ccccc2)cc1,train
CHEMBL500943,CHEMBL230,9.74,2008.0,9.74,CC(=O)NS(=O)(=O)c1ccc(-c2[nH]c3ccccc3c2-c2ccccc2)cc1,train
CHEMBL501208,CHEMBL230,9.199485002168009,2008.0,9.199485002168009,CS(=O)(=O)c1ccc(-c2[nH]c3ccccc3c2-c2ccc(F)cc2)cc1,train
CHEMBL501782,CHEMBL230,5.42,2008.0,5.42,O=C(O)[C@H]1C[C@](O)(c2ccc(Cl)cc2)[C@@H](c2ccc(Cl)cc2)O1,train
CHEMBL50198,CHEMBL230,4.891258027893047,1999.0,4.891258027893047,CS(=O)(=O)c1ccc(C2=C(c3cccnc3)C(=O)OC2)cc1,train
CHEMBL502285,CHEMBL230,9.44,2008.0,9.44,CS(=O)(=O)c1ccc(-c2[nH]c3ccc(Cl)cc3c2-c2ccccc2)cc1,train
CHEMBL502286,CHEMBL230,8.3,2008.0,8.3,NS(=O)(=O)c1ccc(-c2[nH]c3ccc(Br)cc3c2-c2ccccc2)cc1,train
CHEMBL502554,CHEMBL230,9.43,2008.0,9.43,CS(=O)(=O)c1ccc(-c2[nH]c3ccccc3c2-c2ccc(Br)cc2)cc1,train
CHEMBL502555,CHEMBL230,10.155000000000001,2008.0,10.155000000000001,Cc1ccc(-c2c(-c3ccc(S(N)(=O)=O)cc3)[nH]c3ccccc23)cc1,train
CHEMBL502556,CHEMBL230,8.84,2008.0,8.84,Cc1ccc(-c2c(-c3ccc(S(N)(=O)=O)cc3)[nH]c3ccccc23)cc1C,train
CHEMBL502799,CHEMBL230,5.66,2006.0,5.66,CC(=O)O[C@@]12[C@H](OC(=O)[C@@H](C(C)C)N(C)C)[C@@H](C)[C@@]3(O)[C@@H](C=C(CO)C[C@@]4(O)C(=O)C(C)=C[C@@H]34)[C@@H]1C2(C)C,val
CHEMBL503071,CHEMBL230,5.66,2006.0,5.66,COC(=O)[C@H]1CC[C@]2(C)[C@H]3CC=C4[C@@H]5CC(C)(C)CC[C@]5(C(=O)O)CC[C@@]4(C)[C@]3(C)CC[C@H]2C1(C)C,val
CHEMBL503412,CHEMBL230,5.12,2001.0,5.12,OC[C@H]1O[C@@H](Oc2cc(O)cc([C@H]3c4cc(/C=C/c5cc(O)cc(O)c5)ccc4O[C@@H]3c3ccc(O)cc3)c2)[C@H](O)[C@@H](O)[C@@H]1O,val
CHEMBL503641,CHEMBL230,3.970308112218815,2008.0,3.970308112218815,CC(=O)Nc1ccc2[nH]ncc2c1,train
CHEMBL503824,CHEMBL230,4.8,2020.0,4.8,CCCCCc1cc(O)cc(OC)c1,train
CHEMBL504541,CHEMBL230,4.301029995663981,2009.0,4.301029995663981,Cc1ccc(-c2ssc(=O)c2-c2ccc(Cl)cc2)cc1,test
CHEMBL504631,CHEMBL230,6.43,2006.0,6.43,CCCCCCCCCCCCCCCCCC(=O)O[C@H]1C[C@@H](O)[C@]2(C)[C@H]3CC[C@@H]4[C@@H]([C@@](C)(O)CCC=C(C)C)CC[C@@]4(C)[C@]3(C)CC[C@H]2C1(C)C,val
CHEMBL506880,CHEMBL230,4.301029995663981,2010.0,4.301029995663981,C[C@@H]1O[C@@H](O[C@H]2[C@H](O[C@H]3CC[C@]4(C)[C@H]5CC=C6[C@@H]7CC(C)(C)CC[C@]7(C(=O)O[C@@H]7O[C@H](CO[C@@H]8O[C@H](CO)[C@@H](O[C@@H]9O[C@@H](C)[C@H](O)[C@@H](O)[C@H]9O)[C@H](O)[C@H]8O)[C@@H](O)[C@H](O)[C@H]7O)CC[C@@]6(C)[C@]5(C)CC[C@H]4C3(C)C)OC[C@H](O)[C@@H]2O)[C@H](O)[C@H](O)[C@H]1O,test
CHEMBL507398,CHEMBL230,6.14,2009.0,6.14,NS(=O)(=O)c1ccc(-n2nc(C(F)(F)F)cc2-c2ccnc(Cl)c2)cc1,val
CHEMBL507430,CHEMBL230,4.0,2005.0,4.0,CC(C)=CCC12Oc3cc(O)c(C4=CC5(C)CC(C4)c4ccc(O)cc4O5)c(O)c3C(=O)C1(O)Oc1cc(O)ccc12,test
CHEMBL5074784,CHEMBL230,3.8239087409443187,2021.0,3.8239087409443187,COc1ccc(NC(=O)c2ccccc2Nc2cccc(Cl)c2)cc1,train
CHEMBL5075058,CHEMBL230,4.64,2021.0,4.64,CCOC(=O)Cn1nncc1COc1ccc2ccccc2c1-c1c(OCc2cnnn2CC(=O)OCC)ccc2ccccc12,train
CHEMBL5075246,CHEMBL230,6.0,2021.0,6.0,O=C(O)[C@H](OCc1cnnn1[C@@H](Cc1ccccc1)C(=O)O)[C@@H](OCc1cnnn1[C@@H](Cc1ccccc1)C(=O)O)C(=O)O,test
CHEMBL5075348,CHEMBL230,6.16,2021.0,6.16,CCOC(=O)[C@H](OCc1cnnn1[C@H](Cc1ccc(O)cc1)C(=O)OC)[C@@H](OCc1cnnn1[C@@H](Cc1ccc(O)cc1)C(=O)OC)C(=O)OCC,test
CHEMBL5076562,CHEMBL230,3.8239087409443187,2021.0,3.8239087409443187,COc1ccc(NC(=O)c2ccccc2Nc2cccc(C(F)(F)F)c2)cc1,train
CHEMBL5077595,CHEMBL230,8.4,2021.0,8.4,O=C(O)Cn1nncc1CO[C@@H](C(=O)O)[C@@H](OCc1cnnn1CC(=O)O)C(=O)O,train
CHEMBL507789,CHEMBL230,6.68,2009.0,6.68,CS(=O)(=O)c1ccc(-n2cc(-c3ccc(F)cc3)nn2)cc1,train
CHEMBL5078078,CHEMBL230,5.0,2023.0,5.0,CC(C)(O)c1ccc(N2Cc3c(ccnc3-c3ccc(F)cc3OCC(F)(F)F)C2=O)cc1,test
CHEMBL5078291,CHEMBL230,3.8239087409443187,2021.0,3.8239087409443187,COc1ccc(CCCNC(=O)c2ccccc2Nc2ccccc2)cc1,train
CHEMBL5078677,CHEMBL230,3.8239087409443187,2021.0,3.8239087409443187,COc1ccc(NC(=O)c2ccccc2Nc2ccccc2)cc1,train
CHEMBL5079590,CHEMBL230,3.8239087409443187,2021.0,3.8239087409443187,CSc1ccc(NC(=O)c2ccccc2Nc2cccc(C(F)(F)F)c2)cc1,train
CHEMBL5079967,CHEMBL230,7.0,2021.0,7.0,CCOC(=O)Cn1nncc1CO[C@@H](C(=O)OCC)[C@@H](OCc1cnnn1CC(=O)OCC)C(=O)OCC,train
CHEMBL5080484,CHEMBL230,4.03,2021.0,4.03,COc1ccc(NC(=O)c2ccccc2Nc2cccc(Cl)c2C)cc1OC,train
CHEMBL5080730,CHEMBL230,4.5,2021.0,4.5,CCOC(=O)[C@H](O)[C@@H](OCc1cnnn1[C@@H](Cc1ccccc1)C(=O)OC)C(=O)OCC,test
CHEMBL5080948,CHEMBL230,5.55,2021.0,5.55,COC(=O)[C@H](Cc1c[nH]c2ccccc12)n1nncc1COc1ccc2ccccc2c1-c1c(OCc2cnnn2[C@@H](Cc2c[nH]c3ccccc23)C(=O)OC)ccc2ccccc12,val
CHEMBL5081272,CHEMBL230,4.27,2021.0,4.27,COC(=O)[C@H](Cc1ccccc1)n1nncc1COc1ccc2ccccc2c1-c1c(OCc2cnnn2[C@@H](Cc2ccccc2)C(=O)OC)ccc2ccccc12,train
CHEMBL5081898,CHEMBL230,3.8239087409443187,2021.0,3.8239087409443187,COc1ccc(NC(=O)c2cccnc2Nc2cccc(Cl)c2C)cc1,train
CHEMBL5082428,CHEMBL230,6.16,2021.0,6.16,CCOC(=O)[C@H](OCc1cnnn1[C@@H](Cc1ccc(O)cc1)C(=O)OC)[C@@H](OCc1cnnn1[C@@H](Cc1ccc(O)cc1)C(=O)OC)C(=O)OCC,test
CHEMBL5082822,CHEMBL230,3.8239087409443187,2021.0,3.8239087409443187,COc1ccc(NC(=O)c2ccccc2Nc2cccc(C)c2C)cc1,train
CHEMBL5083953,CHEMBL230,6.27,2021.0,6.27,Cc1ccc(S(=O)(=O)n2cc(C(=O)C(=O)N[C@H](C(=O)NCC(=O)O)c3c[nH]c4ccccc34)c3ccccc32)cc1,train
CHEMBL5084005,CHEMBL230,4.46,2021.0,4.46,CCOC(=O)[C@H](O)[C@@H](OCc1cnnn1[C@@H](Cc1ccc(O)cc1)C(=O)OC)C(=O)OCC,test
CHEMBL5084816,CHEMBL230,6.3,2021.0,6.3,CCOC(=O)[C@H](OCc1cnnn1[C@@H](Cc1c[nH]c2ccccc12)C(=O)OC)[C@@H](OCc1cnnn1[C@@H](Cc1c[nH]c2ccccc12)C(=O)OC)C(=O)OCC,train
CHEMBL5085345,CHEMBL230,5.82,2021.0,5.82,COC(=O)[C@H](Cc1ccc(O)cc1)n1nncc1COc1ccc2ccccc2c1-c1c(OCc2cnnn2[C@@H](Cc2ccc(O)cc2)C(=O)OC)ccc2ccccc12,train
CHEMBL5085349,CHEMBL230,3.8239087409443187,2021.0,3.8239087409443187,COc1ccc(CCNC(=O)c2ccccc2Nc2ccccc2)cc1,test
CHEMBL5085564,CHEMBL230,6.64,2021.0,6.64,COc1cc(-c2cc(C(=O)CCCOc3ccc4ccc(=O)oc4c3)nn2-c2ccccc2)cc(OC)c1OC,train
CHEMBL508588,CHEMBL230,5.89,2008.0,5.89,Cc1ccc(-n2c(-c3ccc(Br)cc3)cs/c2=N\N=C/c2cn(-c3ccc(S(=O)(=O)/N=C/N(C)C)cc3)nc2-c2ccccc2)cc1,train
CHEMBL5087242,CHEMBL230,3.9301839574280044,2021.0,3.9301839574280044,COc1cc(NC(=O)c2ccccc2Nc2cccc(Cl)c2C)cc(OC)c1OC,train
CHEMBL5087462,CHEMBL230,4.47,2021.0,4.47,COc1ccc(NC(=O)c2ccccc2Nc2cccc(Cl)c2C)cc1,train
CHEMBL5088859,CHEMBL230,3.8239087409443187,2021.0,3.8239087409443187,COc1ccc(NC(=O)c2ncccc2Nc2cccc(C(F)(F)F)c2)cc1,train
CHEMBL5089124,CHEMBL230,6.4,2021.0,6.4,CCOC(=O)[C@H](OCc1cnnn1[C@@H](CO)C(=O)OC)[C@@H](OCc1cnnn1[C@@H](CO)C(=O)OC)C(=O)OCC,train
CHEMBL5089355,CHEMBL230,9.0,2021.0,9.0,O=C1NC(=O)C(=Cc2cn(C[C@H](O)COc3cc(O)c4c(=O)cc(-c5ccccc5)oc4c3)c3ccccc23)C(=O)N1,test
CHEMBL5089985,CHEMBL230,3.9390378869061675,2021.0,3.9390378869061675,COc1ccc(NC(=O)c2ccccc2Nc2cccc(Cl)c2C)c(OC)c1,train
CHEMBL509,CHEMBL230,7.4,2002.0,7.4,Cc1ccc(Cl)c(Nc2ccccc2C(=O)O)c1Cl,train
CHEMBL5090197,CHEMBL230,3.978645286918577,2021.0,3.978645286918577,O=C(Nc1ccc2c(c1)OCO2)c1ccccc1Nc1cccc(C(F)(F)F)c1,test
CHEMBL5090304,CHEMBL230,4.52,2021.0,4.52,COC(=O)[C@H](CO)n1nncc1COc1ccc2ccccc2c1-c1c(OCc2cnnn2[C@@H](CO)C(=O)OC)ccc2ccccc12,train
CHEMBL5090568,CHEMBL230,3.8239087409443187,2021.0,3.8239087409443187,COc1ccc(NC(=O)c2ccccc2Nc2cccc(C(F)(F)F)c2)cc1OC,train
CHEMBL509159,CHEMBL230,5.42,2005.0,5.42,C=C1C(=O)O[C@@H]2C[C@H](C)[C@@H]3[C@@H](O)CC(=O)[C@@]3(C)C[C@H]12,test
CHEMBL5091817,CHEMBL230,4.26,2021.0,4.26,CCOC(=O)Cn1nncc1CO[C@@H](C(=O)OCC)[C@@H](O)C(=O)OCC,test
CHEMBL5092058,CHEMBL230,5.0,2022.0,5.0,Cc1cn([C@H](C)CC#N)c(=O)c2cc(Cn3nc(C(F)F)cc3Cl)nn12,test
CHEMBL5092199,CHEMBL230,4.35,2021.0,4.35,Cc1c(Cl)cccc1Nc1ccccc1C(=O)Nc1ccc2c(c1)OCO2,test
CHEMBL5093769,CHEMBL230,4.76,2021.0,4.76,COc1ccc(CNC(=O)c2ccccc2Nc2ccccc2)cc1,train
CHEMBL5094539,CHEMBL230,3.8239087409443187,2021.0,3.8239087409443187,COc1ccc(NC(=O)c2ccccc2NCc2ccccc2)cc1,train
CHEMBL5094553,CHEMBL230,3.8239087409443187,2021.0,3.8239087409443187,COc1cc(NC(=O)c2ccccc2Nc2cccc(C(F)(F)F)c2)cc(OC)c1OC,train
CHEMBL5094564,CHEMBL230,4.32,2021.0,4.32,COc1ccc(NC(=O)c2ccccc2Nc2cccc(C)c2C)cc1OC,train
CHEMBL5094855,CHEMBL230,4.4,2021.0,4.4,CCOC(=O)[C@H](O)[C@@H](OCc1cnnn1[C@@H](CO)C(=O)OC)C(=O)OCC,test
CHEMBL510672,CHEMBL230,3.9208187539523753,2005.0,3.9208187539523753,CC/C=C/C/C=C/C/C=C/C/C=C/CCSCCCC(=O)O,train
CHEMBL512227,CHEMBL230,5.8,2005.0,5.8,CC(C)=CCC1C(=O)C(C(=O)CC(C)C)=C(O)C(O)(CC=C(C)C)C1=O,train
CHEMBL512400,CHEMBL230,6.4,2005.0,6.4,C=C1C(=O)O[C@@H]2C[C@@]3(C)C=CC(=O)C(=C)[C@@H]3C[C@H]12,train
CHEMBL512563,CHEMBL230,8.0,2008.0,8.0,Cc1cccc(Nc2cc(Cl)nc(SC(C)(C)C(=O)O)n2)c1C,train
CHEMBL512578,CHEMBL230,4.65,2002.0,4.65,Oc1cc(O)cc(-c2cc3ccc(O)cc3o2)c1,train
CHEMBL512916,CHEMBL230,5.0,2009.0,5.0,CN(C)c1ccc(-c2cn(-c3ccc(S(C)(=O)=O)cc3)nn2)cc1,train
CHEMBL512917,CHEMBL230,6.92,2009.0,6.92,Cc1ccc(-c2cnnn2-c2ccc(S(C)(=O)=O)cc2)cc1,test
CHEMBL513053,CHEMBL230,5.48,2009.0,5.48,CC/C(=C\c1cc(O)cc(O)c1)c1ccc2ccccc2c1,test
CHEMBL513096,CHEMBL230,5.16,2009.0,5.16,Nn1c(SC(C(=O)O)c2ccccc2)nc2ccc(Br)cc2c1=O,test
CHEMBL513184,CHEMBL230,5.89,2013.0,5.89,NS(=O)(=O)c1ccc(-n2cc(-c3ccccc3)nn2)cc1,train
CHEMBL513185,CHEMBL230,4.96,2013.0,4.96,COc1ccc(-c2cn(-c3ccc(S(N)(=O)=O)cc3)nn2)cc1,train
CHEMBL51434,CHEMBL230,7.109999999999999,1999.0,7.109999999999999,CS(=O)(=O)c1ccc(C2=C(c3ccc(F)cc3)C(=O)OC2)cc1,train
CHEMBL514418,CHEMBL230,6.77,2009.0,6.77,COc1ccc(-c2cnnn2-c2ccc(S(C)(=O)=O)cc2)cc1,test
CHEMBL514950,CHEMBL230,4.301029995663981,2009.0,4.301029995663981,COc1ccc(-c2sncc2-c2ccc(C)cc2)cc1,test
CHEMBL515547,CHEMBL230,4.301029995663981,2009.0,4.301029995663981,Cc1ccc(-c2ssc(=S)c2-c2ccc(S(C)(=O)=O)cc2)cc1,train
CHEMBL516139,CHEMBL230,6.0,2008.0,6.0,O=C(O)[C@H]1C[C@](O)(c2ccccc2)[C@@H](c2ccccc2)O1,train
CHEMBL516680,CHEMBL230,6.16,2009.0,6.16,NS(=O)(=O)c1ccc(-n2nc(C(F)(F)F)cc2-c2ccn(C(F)F)c(=O)c2)cc1,train
CHEMBL5169729,CHEMBL230,8.3,2021.0,8.3,CS(=O)(=O)c1ccc(-n2c(-c3ccc(O[11CH3])c(F)c3)cnc2Cl)cc1,val
CHEMBL5170243,CHEMBL230,5.06,2022.0,5.06,COc1ccc2c(CO)cn(C)c2c1C(=O)NCC(F)(F)F,test
CHEMBL5170378,CHEMBL230,5.17,2021.0,5.17,NC(=O)c1ccc(-c2nc(CSc3nc4ccccc4s3)no2)cc1,train
CHEMBL517149,CHEMBL230,4.71,2002.0,4.71,C[C@@H]1O[C@@H](O[C@H]2Cc3c(O)cc(O)cc3O[C@@H]2c2ccc(O)cc2)[C@H](O)[C@H](O)[C@H]1O,train
CHEMBL5171570,CHEMBL230,7.75,2021.0,7.75,[11CH3]S(=O)(=O)c1ccc(C2=C(c3ccccc3)C(=O)OC2)cc1,train
CHEMBL517334,CHEMBL230,4.82,2002.0,4.82,C/C(=C\Cc1c(O)ccc(C(=O)/C=C/c2ccc(O)cc2)c1O)COC(=O)/C=C/c1ccc(O)cc1,val
CHEMBL5174073,CHEMBL230,8.19,2023.0,8.19,COc1ccc2cc(C(C)C(=O)O/N=C(\N)c3ccc(Cl)cc3)ccc2c1,train
CHEMBL5174327,CHEMBL230,3.42021640338319,2022.0,3.42021640338319,COc1ccc2ccn(C)c2c1C(=O)OCC(F)(F)F,test
CHEMBL5174387,CHEMBL230,6.64,2021.0,6.64,COc1ccc(/C=C/C(=O)c2cc(-n3cc(CN4C(=O)C(=O)c5ccccc54)nn3)ccc2O)cc1,train
CHEMBL517675,CHEMBL230,5.89,2008.0,5.89,CCCOCCc1cc(-c2ccc(S(C)(=O)=O)cc2)n(-c2ccccc2)c1C,train
CHEMBL5177372,CHEMBL230,5.0,2022.0,5.0,O=C(NC1CCN(C(=O)C2CC2)CC1)NC12CC3CC(F)(CC(C1)c1ccccc13)C2,train
CHEMBL5177548,CHEMBL230,5.32,2021.0,5.32,C/C(=C\CC/C(C)=C/C/C=C(/CC(=O)c1cc(O)ccc1O)C(=O)O)CO,train
CHEMBL5178658,CHEMBL230,5.0,2022.0,5.0,O=c1[nH]cc(CSc2ccc(C(F)(F)F)cc2)[nH]c1=O,train
CHEMBL5178995,CHEMBL230,8.4,2021.0,8.4,[11CH3]Oc1ccc(-c2cnc(Cl)n2-c2ccc(S(N)(=O)=O)cc2)cc1F,val
CHEMBL5179776,CHEMBL230,5.46,2021.0,5.46,C/C(=C/CC/C(C)=C/CC/C(=C/C(=O)c1cc(O)ccc1O)C(=O)O)CO,train
CHEMBL518038,CHEMBL230,8.0,2008.0,8.0,CCCCCCC(Sc1nc(Cl)cc(Nc2cccc(C)c2C)n1)C(=O)O,train
CHEMBL5180809,CHEMBL230,4.59,2021.0,4.59,O=C1C[C@]23CC[C@H](O)[C@]2(COC3=O)c2c(O)ccc(O)c21,train
CHEMBL5181234,CHEMBL230,5.54,2021.0,5.54,COC(=O)C([11CH3])c1cccc(C(=O)c2ccccc2)c1,train
CHEMBL5181965,CHEMBL230,6.4,2021.0,6.4,NS(=O)(=O)c1ccc(-n2nc3ccccc3c2-c2ccc([18F])cc2)cc1,train
CHEMBL5182027,CHEMBL230,4.46,2022.0,4.46,N.O=C(O)c1cc(-c2ccc(CNc3ccc(Br)cc3)o2)ccc1O,train
CHEMBL5182048,CHEMBL230,3.42021640338319,2022.0,3.42021640338319,Cn1ccc2ccc(O)c(C(=O)OCC(F)(F)F)c21,test
CHEMBL5183018,CHEMBL230,3.6250684460218117,2022.0,3.6250684460218117,Cn1ccc2cc(CCCO)c(O)c(C(=O)OCC(F)(F)F)c21,test
CHEMBL5184562,CHEMBL230,7.63,2022.0,7.63,O=C(c1cc2cc(Cl)ccc2n1Cc1ccc(F)cc1)N1CCN(c2ccccc2)CC1,val
CHEMBL518475,CHEMBL230,4.3979400086720375,2019.0,4.3979400086720375,C[C@H]1[C@H](C)CC[C@]2(C)CC[C@]3(C)C(=CC[C@@H]4[C@@]5(C)CCC(=O)C(C)(C)[C@@H]5CC[C@]43C)[C@H]12,train
CHEMBL5184826,CHEMBL230,6.08,2021.0,6.08,[2H]C([2H])([18F])Oc1nc(-c2ccc(OC)cc2)n(-c2ccc(OC)cc2)n1,val
CHEMBL518507,CHEMBL230,8.0,2008.0,8.0,O=C(O)CSc1nc(OCCc2ccccc2)cc(OCCc2ccccc2)n1,train
CHEMBL518543,CHEMBL230,4.0,2005.0,4.0,CC(C)=CCc1c(-c2ccc(O)cc2O)oc2c(CC=C(C)C)c(O)cc(O)c2c1=O,train
CHEMBL51860,CHEMBL230,8.3,1996.0,8.3,COc1ccc(-c2cc(F)c(F)cc2-c2ccc(S(N)(=O)=O)cc2)cc1C,test
CHEMBL518643,CHEMBL230,8.0,2008.0,8.0,CCCCCCC(Sc1nc(Cl)cc(NCc2ccc3ncccc3c2)n1)C(=O)O,train
CHEMBL5187700,CHEMBL230,5.71,2022.0,5.71,COc1ccc2cc([C@H](C)C(=O)NC(Cn3cncn3)C(=O)c3ccccc3)ccc2c1,train
CHEMBL5188821,CHEMBL230,5.3,2021.0,5.3,O=C(c1ccc(-c2nc(CSc3nc4ccccc4s3)no2)cc1)N1CCOCC1,test
CHEMBL518935,CHEMBL230,5.43,2001.0,5.43,Oc1ccc([C@H]2Oc3ccc(/C=C/c4cc(O)cc(O)c4)cc3[C@@H]2c2cc(O)cc(O)c2)cc1,test
CHEMBL5189985,CHEMBL230,5.89,2021.0,5.89,CC(C)=CCC/C(C)=C/CCC1=C[C@]2(OC1=O)c1cc(O)ccc1OC(=O)[C@@]2(CCC=C(C)C)CC(=O)c1cc(O)ccc1O,train
CHEMBL5190868,CHEMBL230,6.87,2022.0,6.87,O=C(c1nn(Cc2ccc(F)cc2)c2ccccc12)N1CCN(c2ncccn2)CC1,test
CHEMBL5190903,CHEMBL230,3.42021640338319,2022.0,3.42021640338319,CCOC(=O)c1c(O)ccc2ccn(C)c12,test
CHEMBL5191146,CHEMBL230,5.0,2022.0,5.0,O=C(NC1CCN(C(=O)C2CCOCC2)CC1)NC12CC3CC(Cl)(CC(C1)c1ccccc13)C2,val
CHEMBL5191304,CHEMBL230,3.7269987279362624,2022.0,3.7269987279362624,Cc1cc2ccn(C)c2c(C(=O)OCC(F)(F)F)c1O,test
CHEMBL5191384,CHEMBL230,5.98,2021.0,5.98,C/C(=C/CC/C(C)=C/CC[C@]1(C(=O)O)CC(=O)c2cc(O)ccc2O1)C(=O)O,test
CHEMBL5191675,CHEMBL230,8.1,2021.0,8.1,[11CH3]Oc1ccc(-c2cc(C(F)(F)F)nn2-c2ccc(S(N)(=O)=O)cc2)cc1,train
CHEMBL5191702,CHEMBL230,5.0,2022.0,5.0,O=c1[nH]cc(CSc2ccc(C(F)F)cc2)[nH]c1=O,train
CHEMBL5192908,CHEMBL230,6.0,2021.0,6.0,COc1ccc(-c2nc(O[11CH3])nn2-c2ccc(OC)cc2)cc1,val
CHEMBL5193344,CHEMBL230,5.86,2021.0,5.86,C/C(=C\CC/C(C)=C/CCCC1(O)Oc2ccc(O)cc2C1=O)CO,train
CHEMBL5193790,CHEMBL230,8.19,2023.0,8.19,COc1ccc2cc(C(C)C(=O)O/N=C(\N)c3ccc(OC)c(OC)c3)ccc2c1,train
CHEMBL519521,CHEMBL230,4.18,2010.0,4.18,O=C(O)c1ccccc1/N=C/c1coc2ccccc2c1=O,test
CHEMBL5195879,CHEMBL230,5.52,2022.0,5.52,CC(C)NC(=O)[C@@H](Cn1ccnc1)NC(=O)[C@@H](C)c1cccc(C(=O)c2ccccc2)c1,train
CHEMBL5196097,CHEMBL230,11.221848749616356,2021.0,11.221848749616356,[11CH3]Oc1ccc(-c2c(-c3ccc(S(N)(=O)=O)cc3)[nH]c3ccccc23)cc1,train
CHEMBL5197095,CHEMBL230,5.47,2022.0,5.47,CC(C)OC(=O)[C@@H](Cn1cncn1)NC(=O)[C@@H](C)c1cccc(C(=O)c2ccccc2)c1,test
CHEMBL5197207,CHEMBL230,5.89,2021.0,5.89,CC(C)=CCC/C(C)=C/CCC1=C[C@]2(OC1=O)c1cc(O)ccc1OC(=O)[C@]2(CC/C=C(\C)CCC=C(C)C)CC(=O)c1cc(O)ccc1O,train
CHEMBL5198246,CHEMBL230,3.42021640338319,2022.0,3.42021640338319,Cn1ccc2ccc(C(=O)OCC(F)(F)F)c(O)c21,test
CHEMBL5198267,CHEMBL230,6.14,2021.0,6.14,CC1=NN(c2ccccc2C(=O)O)C(=O)/C1=N/Nc1ccc(S(N)(=O)=O)cc1,train
CHEMBL52,CHEMBL230,4.301029995663981,2009.0,4.301029995663981,CC(Cc1ccc(O)c(O)c1)C(C)Cc1ccc(O)c(O)c1,train
CHEMBL5200000,CHEMBL230,7.4,2021.0,7.4,CS(=O)(=O)c1ccc(-c2cc(C(F)(F)F)nc(NCc3ccc([18F])cc3)n2)cc1,test
CHEMBL5200454,CHEMBL230,9.0,2021.0,9.0,CS(=O)(=O)c1ccc(-c2cc(O[11CH3])nc(NCc3cccs3)n2)cc1,test
CHEMBL5200803,CHEMBL230,3.42021640338319,2022.0,3.42021640338319,Cn1ccc2c(CCCO)cc(O)c(C(=O)OCC(F)(F)F)c21,test
CHEMBL5200916,CHEMBL230,7.03,2022.0,7.03,O=C(c1cc2ccccc2n1Cc1ccc(F)cc1)N1CCN(c2ncccn2)CC1,train
CHEMBL5201017,CHEMBL230,7.63,2022.0,7.63,O=C(NCCc1c[nH]c2ccccc12)c1cc2cc(Cl)ccc2n1Cc1ccc(F)cc1,val
CHEMBL5201530,CHEMBL230,5.14,2021.0,5.14,CC(C)Cc1ccc(C([11CH3])C(=O)O)cc1,train
CHEMBL52019,CHEMBL230,7.72,1996.0,7.72,COc1ccc(-c2cc(F)c(F)cc2-c2ccc(S(C)(=O)=O)cc2)cc1Cl,test
CHEMBL52020,CHEMBL230,8.7,1996.0,8.7,Cc1cc(-c2cc(F)c(F)cc2-c2ccc(S(N)(=O)=O)cc2)ccc1F,test
CHEMBL5202074,CHEMBL230,5.89,2021.0,5.89,CC(C)=CCCC1=C[C@]2(OC1=O)c1cc(O)ccc1OC(=O)[C@@]2(CC/C=C(\C)CCC=C(C)C)CC(=O)c1cc(O)ccc1O,train
CHEMBL5202840,CHEMBL230,2.5228787452803374,2021.0,2.5228787452803374,CC1=NN(c2cccc(Cl)c2)C(=O)/C1=C\c1cn(-c2nc(N3CCOCC3)nc(N3CCOCC3)n2)c2ccccc12,test
CHEMBL5203505,CHEMBL230,6.44,2021.0,6.44,Cc1ccc(-n2nc(C(F)(F)F)cc2-c2ccc(S(=O)(=O)Nc3ccc([18F])cc3)cc2)cc1,test
CHEMBL5203787,CHEMBL230,5.0,2022.0,5.0,O=C(NC1CCN(C(=O)C2CCOCC2)CC1)NC12CC3CC(F)(CC(C1)c1ccccc13)C2,val
CHEMBL5204083,CHEMBL230,4.44,2022.0,4.44,C#CCCCC(=O)Nc1ccc(C(=O)c2ccc(NCc3ccc(-c4ccc(O)c(C(=O)O)c4)o3)cc2)cc1.N,train
CHEMBL5204848,CHEMBL230,5.0,2021.0,5.0,COC1(c2cc(O)ccc2O)C=C(CC[C@@H]2C(C)(C)[C@@H]3CC[C@]2(C)O3)C(=O)O1,train
CHEMBL5206077,CHEMBL230,6.0,2021.0,6.0,COc1ccc(-n2nc(OCC(F)(F)F)nc2-c2ccc(O[11CH3])cc2)cc1,val
CHEMBL520726,CHEMBL230,4.3979400086720375,2019.0,4.3979400086720375,CC1(C)CC[C@]2(C(=O)O)CC[C@]3(C)C(=CC[C@@H]4[C@@]5(C)C[C@H](O)[C@H](O)[C@@](C)(C(=O)O)[C@@H]5CC[C@]43C)[C@@H]2C1,val
CHEMBL5208551,CHEMBL230,8.77,2021.0,8.77,NS(=O)(=O)c1ccc(-n2nc(C(F)(F)F)c([18F])c2-c2ccccc2)cc1,train
CHEMBL5209066,CHEMBL230,5.54,2022.0,5.54,Cc1c(C(=O)NN)nnn1-c1ccc(S(N)(=O)=O)cc1,train
CHEMBL521,CHEMBL230,5.43,1995.0,5.43,CC(C)Cc1ccc(C(C)C(=O)O)cc1,train
CHEMBL521440,CHEMBL230,5.03,2009.0,5.03,CS(=O)(=O)c1ccccc1C#Cc1ccc(=O)n(C(F)F)c1,val
CHEMBL5219013,CHEMBL230,5.64,2022.0,5.64,C[C@H](C(=O)N(C)CC(O)(Cn1ccnc1)c1ccc(Cl)cc1)c1ccc(-c2ccccc2)c(F)c1,test
CHEMBL5219227,CHEMBL230,5.71,2022.0,5.71,C[C@H](C(=O)N(C)CC(O)(Cn1ccnc1)c1ccc(Cl)cc1Cl)c1cccc(C(=O)c2ccccc2)c1,val
CHEMBL5220891,CHEMBL230,5.42,2022.0,5.42,C[C@H](C(=O)OC(Cn1ccnc1)c1ccc(F)cc1)c1ccc(-c2ccccc2)c(F)c1,train
CHEMBL522267,CHEMBL230,4.3,2009.0,4.3,Cc1ccc(-c2ssc(=S)c2-c2ccc(Cl)cc2)cc1,train
CHEMBL52229,CHEMBL230,4.09,2017.0,4.09,COc1ccc2ccc(=O)oc2c1CC=C(C)C,train
CHEMBL522624,CHEMBL230,4.301029995663981,2009.0,4.301029995663981,COc1ccc(-c2sncc2-c2ccc(Cl)cc2)cc1,test
CHEMBL52285,CHEMBL230,5.89,1999.0,5.89,CS(=O)(=O)c1ccc(C2=C(c3cccc(F)c3)C(=O)OC2)cc1,train
CHEMBL52402,CHEMBL230,8.22,1996.0,8.22,NS(=O)(=O)c1ccc(-c2ccccc2-c2ccc(Cl)cc2)cc1,test
CHEMBL524133,CHEMBL230,4.301029995663981,2009.0,4.301029995663981,Cc1ccc(-c2cnsc2-c2ccc(Cl)cc2)cc1,test
CHEMBL524304,CHEMBL230,6.84,2008.0,6.84,CS(=O)(=O)c1ccc(-c2[nH]c3ccccc3c2-c2ccc(Cl)cc2)cc1,train
CHEMBL52454,CHEMBL230,6.44,1996.0,6.44,CS(=O)(=O)c1ccc(-c2ccccc2-c2ccc(F)c(Cl)c2)cc1,test
CHEMBL524542,CHEMBL230,8.5,2008.0,8.5,NS(=O)(=O)c1ccc(-c2[nH]c3ccc(Cl)cc3c2-c2cccc(Cl)c2)cc1,train
CHEMBL524543,CHEMBL230,10.05,2008.0,10.05,Cc1ccc(-c2c(-c3ccc(S(C)(=O)=O)cc3)[nH]c3ccccc23)cc1,train
CHEMBL524662,CHEMBL230,7.47,2008.0,7.47,NS(=O)(=O)c1ccc(-c2[nH]c3ccccc3c2-c2ccc(Cl)cc2)cc1,train
CHEMBL524686,CHEMBL230,4.59,2010.0,4.59,Cc1cccc(/N=C/c2coc3ccccc3c2=O)c1,test
CHEMBL525020,CHEMBL230,8.0,2008.0,8.0,CS(=O)(=O)c1ccc(-c2[nH]c3ccc(Cl)cc3c2-c2ccccc2Cl)cc1,train
CHEMBL525021,CHEMBL230,9.77,2008.0,9.77,Cc1ccc(-c2c(-c3ccc(S(C)(=O)=O)cc3)[nH]c3ccccc23)cc1C,train
CHEMBL525246,CHEMBL230,8.3,2008.0,8.3,CS(=O)(=O)c1ccc(-c2[nH]c3ccc(F)cc3c2-c2ccccc2)cc1,train
CHEMBL525247,CHEMBL230,10.7,2008.0,10.7,Cc1ccc2[nH]c(-c3ccc(S(N)(=O)=O)cc3)c(-c3ccccc3)c2c1,train
CHEMBL525250,CHEMBL230,9.55,2008.0,9.55,Cc1ccc2[nH]c(-c3ccc(S(C)(=O)=O)cc3)c(-c3ccccc3)c2c1,train
CHEMBL525601,CHEMBL230,4.0,2006.0,4.0,CC(=O)O[C@@]12[C@H](OC(=O)[C@H](C(C)C)N(C)C)[C@@H](C)[C@]3(O)[C@@H]4C=C(C)C(=O)[C@@H]4CC(CO)=C[C@H]3[C@@H]1C2(C)C,val
CHEMBL526370,CHEMBL230,8.19,2008.0,8.19,NS(=O)(=O)c1ccc(-c2[nH]c3ccccc3c2-c2ccc(O)cc2)cc1,train
CHEMBL5265750,CHEMBL230,7.41,2022.0,7.41,COc1cc(C2CC(c3cccc(-n4cnnn4)c3)=NN2C(C)=O)cc(OC)c1OC,val
CHEMBL5265784,CHEMBL230,5.58,2022.0,5.58,CC(=O)N1N=C(c2nnn(-c3ccc(S(N)(=O)=O)cc3)c2C)CC1c1ccccc1,train
CHEMBL5265839,CHEMBL230,8.7,2022.0,8.7,CN1C/C(=C\c2ccc(O)s2)C2=NN(c3ccccc3)C(c3ccc(O)s3)C2C1,test
CHEMBL5265917,CHEMBL230,6.55,2022.0,6.55,CCOP(=O)(OCC)C(NC(=O)c1cc(-c2ccc(Cl)cc2)n(-c2ccc(S(N)(=O)=O)cc2)n1)c1ccccc1,test
CHEMBL5266009,CHEMBL230,7.0,2022.0,7.0,Cc1nnc(/N=C2\NC(=O)/C(=C/c3ccc(C(C)C)cc3)S2)s1,test
CHEMBL5266071,CHEMBL230,7.41,2022.0,7.41,COc1cc(C2CC(c3cccc(-n4cnnn4)c3)=NN2)cc(OC)c1OC,val
CHEMBL5266132,CHEMBL230,6.66,2022.0,6.66,CCOP(=O)(OCC)C(NC(=O)c1cc(-c2ccsc2)n(-c2ccc(S(N)(=O)=O)cc2)n1)c1ccccc1OC,val
CHEMBL5266208,CHEMBL230,5.96,2022.0,5.96,NC(=O)N1N=C(c2ccc(Cl)cc2)CC1c1cn(-c2ccccc2)nc1-c1ccc(F)cc1,val
CHEMBL5266357,CHEMBL230,5.26,2021.0,5.26,N#Cc1c(-c2ccc(Cl)cc2)csc1NC(=O)CN1CCOCC1,train
CHEMBL5266412,CHEMBL230,6.34,2020.0,6.34,CC1=C(c2ccc(C(=O)NNC(=S)Nc3ccccc3)cn2)SC2Nc3ccccc3N12,train
CHEMBL526643,CHEMBL230,5.34,2008.0,5.34,CC(COC(=O)C(C)c1ccc(C(=O)c2cccs2)cc1)O[N+](=O)[O-],test
CHEMBL5266540,CHEMBL230,5.68,2021.0,5.68,CC(C)CC(=O)NC[C@H](O)CC[C@@H](CO)NC(=O)c1nc2ccccc2cc1O,train
CHEMBL5266680,CHEMBL230,6.8,2020.0,6.8,CCOc1cc(C)nn1C(=O)CNc1ncnc2c1c(C)nn2-c1ccccc1,train
CHEMBL5266699,CHEMBL230,7.0,2022.0,7.0,O=C(/C=C/c1cccnc1)c1cccc(-n2cnnn2)c1,val
CHEMBL5266705,CHEMBL230,7.39,2022.0,7.39,COc1ccc(-c2cc(-c3cccc(-n4cnnn4)c3)no2)cc1OC,test
CHEMBL5266912,CHEMBL230,6.72,2022.0,6.72,COc1ccc(-c2nnc(/N=C3\NC(=O)CS3)s2)cc1OC,train
CHEMBL5266991,CHEMBL230,6.96,2020.0,6.96,C=C1c2nc3ccccc3n2CC(c2ccc(S(C)(=O)=O)cc2)N1c1cc(OC)c(OC)c(OC)c1,test
CHEMBL5267001,CHEMBL230,6.72,2022.0,6.72,COc1cc(-c2nnc(/N=C3\NC(=O)CS3)s2)cc(OC)c1OC,train
CHEMBL5267080,CHEMBL230,5.82,2022.0,5.82,CCCCNc1cc(C(=O)N/N=c2\scc(-c3ccc(Cl)cc3)n2-c2ccccc2)cc(S(N)(=O)=O)c1Oc1ccccc1,train
CHEMBL5267093,CHEMBL230,6.55,2022.0,6.55,CCOP(=O)(OCC)C(NC(=O)c1cc(-c2cccc(OC)c2)n(-c2ccc(S(N)(=O)=O)cc2)n1)c1ccc(Br)cc1,test
CHEMBL5267118,CHEMBL230,5.96,2022.0,5.96,COc1ccc(C2=NN(C(N)=O)C(c3cn(-c4ccccc4)nc3-c3ccc(Cl)cc3)C2)cc1,val
CHEMBL526720,CHEMBL230,7.07,2008.0,7.07,CS(=O)(=O)c1ccc(-c2[nH]c3ccc(Cl)cc3c2-c2ccc(Cl)cc2)cc1,train
CHEMBL5267222,CHEMBL230,7.89,2021.0,7.89,C=C1C(O)CCC2C1(C)CCC(C)C2(C)CCC1=CC(=O)OC1O,train
CHEMBL5267243,CHEMBL230,5.96,2022.0,5.96,NC(=O)N1N=C(c2ccc(F)cc2)CC1c1cn(-c2ccccc2)nc1-c1ccc(Cl)cc1,val
CHEMBL5267258,CHEMBL230,6.77,2022.0,6.77,CCCCNc1cc(-c2n[nH]c(=S)n2-c2ccc(Br)cc2)cc(S(N)(=O)=O)c1Oc1ccccc1,test
CHEMBL5267453,CHEMBL230,8.7,2022.0,8.7,CN1C/C(=C\c2ccc(Br)s2)C2=NN(c3ccccc3)C(c3ccc(Br)s3)C2C1,test
CHEMBL5267632,CHEMBL230,6.55,2022.0,6.55,CCOP(=O)(OCC)C(NC(=O)c1cc(-c2ccccc2F)n(-c2ccc(S(N)(=O)=O)cc2)n1)c1ccccc1,test
CHEMBL5267656,CHEMBL230,7.05,2022.0,7.05,Cc1ccc(-c2cs/c(=N\C(=O)c3cccs3)n2-c2ccccc2)cc1,train
CHEMBL5267677,CHEMBL230,5.12,2020.0,5.12,COc1ccc(NCc2nc3ccccc3n2C(=O)c2ccccc2)cc1,val
CHEMBL5267795,CHEMBL230,7.33,2022.0,7.33,COc1ccccc1/C=c1\c(=O)[nH]n2c(=O)c3ccccc3nc12,train
CHEMBL5267820,CHEMBL230,7.0,2020.0,7.0,CC1=NNC(=O)/C1=N/Nc1cccc(-c2nc3ccccc3s2)c1,train
CHEMBL5267823,CHEMBL230,5.58,2022.0,5.58,Cc1c(C(=O)NNC(=S)Nc2ccccc2)nnn1-c1ccc(S(N)(=O)=O)cc1,test
CHEMBL5268121,CHEMBL230,7.05,2022.0,7.05,N#Cc1ccc(-c2nc(N3CCOCC3)sc2C(=O)c2cccs2)cc1,val
CHEMBL5268168,CHEMBL230,5.96,2022.0,5.96,NC(=O)N1N=C(c2ccc(F)cc2)CC1c1cn(-c2ccccc2)nc1-c1ccccc1,val
CHEMBL5268637,CHEMBL230,6.55,2022.0,6.55,CCOP(=O)(OCC)C(NC(=O)c1cc(-c2ccc(Br)cc2)n(-c2ccc(S(N)(=O)=O)cc2)n1)c1ccccc1,test
CHEMBL5268826,CHEMBL230,5.82,2022.0,5.82,CCCCNc1cc(C(=O)N/N=c2\scc(-c3ccc(C)cc3)n2-c2ccc(Br)cc2)cc(S(N)(=O)=O)c1Oc1ccccc1,train
CHEMBL5268851,CHEMBL230,5.82,2022.0,5.82,CCCCNc1cc(C(=O)N/N=c2\scc(-c3ccc(C)cc3)n2-c2ccccc2)cc(S(N)(=O)=O)c1Oc1ccccc1,train
CHEMBL5268949,CHEMBL230,6.17,2020.0,6.17,Cc1ccc(N/N=C2\C(=N)N(c3ccc(S(N)(=O)=O)cc3)N=C2N)cc1,train
CHEMBL5268997,CHEMBL230,5.96,2022.0,5.96,Cc1ccc(C2=NN(C(N)=O)C(c3cn(-c4ccccc4)nc3-c3ccc(Cl)cc3)C2)cc1,val
CHEMBL5269100,CHEMBL230,7.36,2022.0,7.36,COc1ccc(/C=C/C2=NN(c3ccc(S(N)(=O)=O)cc3)C(=O)CC2)cc1,test
CHEMBL526931,CHEMBL230,4.0,2006.0,4.0,CC(=O)O[C@@]12[C@H](OC(=O)C(=C(C)C)N(C)C)[C@@H](C)[C@]3(O)[C@@H]4C=C(C)C(=O)[C@@H]4CC(CO)=C[C@H]3[C@@H]1C2(C)C,val
CHEMBL5269313,CHEMBL230,6.55,2022.0,6.55,CCOP(=O)(OCC)C(NC(=O)c1cc(-c2ccc(F)cc2)n(-c2ccc(S(N)(=O)=O)cc2)n1)c1ccccc1,test
CHEMBL5269431,CHEMBL230,5.08,2022.0,5.08,CCC(C)C(=O)[C@H]1C(=O)[C@@]2(CC=C(C)C)C[C@H](C[C@H]3[C@@H](C[C@H](C(C)(C)O)C3(C)C)C2=O)C1(C)C,train
CHEMBL5269462,CHEMBL230,8.1,2016.0,8.1,CS(=O)(=O)c1ccc(-c2cn3c(c2-c2ccc(Cl)cc2)CCC3)cc1,train
CHEMBL5269512,CHEMBL230,6.18,2021.0,6.18,CC1=NN(c2ccc(S(N)(=O)=O)cc2)C(=O)/C1=N/Nc1ccc(S(N)(=O)=O)cc1,train
CHEMBL5269531,CHEMBL230,7.39,2022.0,7.39,COc1cc(-c2cc(-c3cccc(-n4cnnn4)c3)no2)cc(OC)c1OC,test
CHEMBL5269549,CHEMBL230,6.72,2022.0,6.72,O=C1CS/C(=N/c2nnc(-c3ccccc3O)s2)N1,train
CHEMBL5269592,CHEMBL230,5.68,2016.0,5.68,CC1(C)Cn2c(CC(=O)O)c(-c3ccc(Cl)cc3)c(-c3ccccc3)c2C1=O,train
CHEMBL5269829,CHEMBL230,4.3,2022.0,4.3,COc1cc(/C=c2\sc3nc(C45CC6CC(CC(C6)C4)C5)nn3c2=O)ccc1O,test
CHEMBL5269887,CHEMBL230,5.58,2022.0,5.58,C/C(=N\NC(=O)c1nnn(-c2ccc(S(N)(=O)=O)cc2)c1C)c1cc2ccccc2o1,train
CHEMBL5269945,CHEMBL230,6.82,2022.0,6.82,CC1=NN(c2ccc(S(N)(=O)=O)cc2)C(=O)/C1=C\c1sccc1C,test
CHEMBL5269974,CHEMBL230,8.7,2022.0,8.7,CN1C/C(=C\c2ccc([N+](=O)[O-])s2)C2=NN(c3ccccc3)C(c3ccc([N+](=O)[O-])s3)C2C1,test
CHEMBL527,CHEMBL230,3.988006885340743,1995.0,3.988006885340743,CN1C(C(=O)Nc2ccccn2)=C(O)c2ccccc2S1(=O)=O,train
CHEMBL5270046,CHEMBL230,4.99,2022.0,4.99,O=c1c(/C=N/Nc2ccc(C(F)(F)F)cc2)coc2c1ccc1oc(-c3ccc(Cl)cc3)cc12,train
CHEMBL5270094,CHEMBL230,7.05,2022.0,7.05,O=C(c1cccs1)c1sc(N(c2ccccc2)c2ccccc2)nc1-c1ccccc1,train
CHEMBL5270103,CHEMBL230,6.96,2021.0,6.96,O=C(NC1CCCCC1)c1cc(/N=C/c2cc(O)ccc2O)ccc1O,train
CHEMBL5270111,CHEMBL230,6.66,2022.0,6.66,CCOP(=O)(OCC)C(NC(=O)c1cc(-c2cccs2)n(-c2ccc(S(N)(=O)=O)cc2)n1)c1ccccc1,train
CHEMBL5270219,CHEMBL230,5.96,2022.0,5.96,NC(=O)N1N=C(c2ccccc2)CC1c1cn(-c2ccccc2)nc1-c1ccc(Cl)cc1,val
CHEMBL5270458,CHEMBL230,7.0,2016.0,7.0,CSc1ccc(-c2cn3c(c2-c2ccc(F)cc2)CCC3)cc1,train
CHEMBL5270594,CHEMBL230,5.82,2022.0,5.82,CCCCNc1cc(C(=O)N/N=c2\scc(-c3ccc(OC)cc3)n2-c2ccccc2)cc(S(N)(=O)=O)c1Oc1ccccc1,train
CHEMBL5270605,CHEMBL230,6.24,2020.0,6.24,N=C1/C(=N\Nc2ccc(Cl)cc2)C(N)=NN1c1ccc(S(N)(=O)=O)cc1,train
CHEMBL5270639,CHEMBL230,7.0,2020.0,7.0,CCOC(=O)c1c(SC)nn(C(=O)CSc2nnc(CCCOc3ccc(C)cc3C(=O)c3ccc(F)cc3)o2)c1N,test
CHEMBL5270815,CHEMBL230,7.36,2022.0,7.36,NS(=O)(=O)c1ccc(N2N=C(/C=C/c3ccc(Cl)cc3)CCC2=O)cc1,test
CHEMBL5270840,CHEMBL230,7.33,2022.0,7.33,O=c1[nH]n2c(=O)c3ccccc3nc2/c1=C/c1ccccc1,train
CHEMBL5270907,CHEMBL230,6.72,2022.0,6.72,O=C1CS/C(=N/c2nnc(-c3ccccc3)s2)N1,train
CHEMBL5270973,CHEMBL230,5.37,2022.0,5.37,Fc1ccc(CSc2nnc(-c3cccs3)n2-c2ccc(Cl)cc2)cc1,train
CHEMBL5270978,CHEMBL230,5.0,2020.0,5.0,COC1CC(C2OC3CC(CCC4CC(O)CC(O)C4)CCC3OC2CO)CC(OC)C1O,train
CHEMBL527107,CHEMBL230,8.85,2008.0,8.85,CS(=O)(=O)c1ccc(-c2[nH]c3ccc(Br)cc3c2-c2ccccc2)cc1,train
CHEMBL5271087,CHEMBL230,6.75,2022.0,6.75,CS(=O)(=O)c1ccc(C(=O)/C=C/c2cccc(Cl)c2Cl)cc1,train
CHEMBL5271091,CHEMBL230,6.55,2022.0,6.55,CCOP(=O)(OCC)C(C)NC(=O)c1cc(-c2ccc(C)cc2)n(-c2ccc(S(N)(=O)=O)cc2)n1,train
CHEMBL5271136,CHEMBL230,7.05,2022.0,7.05,O=C(c1cccs1)c1sc(N2CCOCC2)nc1-c1ccccc1,val
CHEMBL5271224,CHEMBL230,7.33,2021.0,7.33,COc1cc(/C=c2\c(=O)[nH]n3c(=O)c4ccccc4nc23)cc(OC)c1OC,train
CHEMBL5271282,CHEMBL2094253,4.4,2018.0,4.4,CC1=CCc2c(cc(CCc3ccccc3)c(C(=O)O)c2O)OC1,train
CHEMBL5271327,CHEMBL230,6.66,2022.0,6.66,CCOP(=O)(OCC)C(NC(=O)c1cc(-c2cccs2)n(-c2ccc(S(N)(=O)=O)cc2)n1)c1ccc(OC)cc1,train
CHEMBL5271448,CHEMBL230,4.5,2020.0,4.5,CCCOC(=O)c1nc2c(cnn2-c2ccccc2)c(=O)[nH]1,test
CHEMBL5271593,CHEMBL230,6.82,2022.0,6.82,CC1=NN(c2ccc(S(N)(=O)=O)cc2)C(=O)/C1=C\c1ccc(F)cc1C,train
CHEMBL5271705,CHEMBL230,7.05,2022.0,7.05,NS(=O)(=O)c1ccc(N2C(=O)/C(=C/c3ccc(OC(=O)c4ccccc4)cc3)N=C2c2ccccc2)cc1,train
CHEMBL5271772,CHEMBL230,6.89,2021.0,6.89,COc1ccc2ccc(F)c(CC(=O)N/N=C/c3cccc(C(F)(F)F)c3)c2n1,train
CHEMBL5271850,CHEMBL230,6.22,2020.0,6.22,CS(=O)(=O)c1ccc(-n2cc(/C=C3\NC(=S)N(c4ccccc4)C3=O)c(-c3ccccc3)n2)cc1,test
CHEMBL5271852,CHEMBL230,6.55,2022.0,6.55,CCOP(=O)(OCC)C(NC(=O)c1cc(-c2ccc(C(F)(F)F)cc2)n(-c2ccc(S(N)(=O)=O)cc2)n1)c1ccc(Br)cc1,test
CHEMBL5271871,CHEMBL230,7.05,2022.0,7.05,N#Cc1ccc(-c2nc(N(c3ccccc3)c3ccccc3)sc2C(=O)c2cccs2)cc1,train
CHEMBL5271889,CHEMBL230,6.28,2020.0,6.28,NS(=O)(=O)c1ccc(-n2nc(C(=O)NNC(=O)c3cccc(C(F)(F)F)c3)cc2-c2ccccc2)cc1,val
CHEMBL5271933,CHEMBL230,6.88,2022.0,6.88,NS(=O)(=O)c1ccc(C(=O)OCCn2cc(-c3ccc(C(F)(F)F)cc3)nn2)cc1,test
CHEMBL5272126,CHEMBL230,7.05,2022.0,7.05,O=C(c1cccs1)c1sc(N2CCOCC2)nc1-c1ccc(C(F)(F)F)cc1,val
CHEMBL5272130,CHEMBL230,6.04,2021.0,6.04,N=C1/C(=N\Nc2ccc(S(N)(=O)=O)cc2)C(N)=NN1c1ccc(S(N)(=O)=O)cc1,train
CHEMBL5272219,CHEMBL230,5.55,2020.0,5.55,CC(=O)c1cc2cc(-c3cccc(Cl)c3)oc2cc1O,train
CHEMBL5272354,CHEMBL230,6.55,2022.0,6.55,CCOP(=O)(OCC)C(NC(=O)c1cc(-c2ccccc2Cl)n(-c2ccc(S(N)(=O)=O)cc2)n1)c1ccccc1,test
CHEMBL5272361,CHEMBL230,7.05,2022.0,7.05,O=C(/N=c1/scc(-c2ccccc2)n1-c1ccccc1)c1cccs1,train
CHEMBL5272619,CHEMBL230,5.28,2022.0,5.28,CC(C)=CC[C@H]1C[C@@H]2C[C@@H]3[C@@H](C[C@]4(C)C(C)(C)OC[C@]34C)C(=O)[C@](C(=O)c3ccccc3)(C1=O)C2(C)C,train
CHEMBL5272670,CHEMBL230,7.33,2022.0,7.33,O=c1[nH]n2c(=O)c3ccccc3nc2/c1=C/c1ccccc1F,train
CHEMBL5272671,CHEMBL230,7.05,2022.0,7.05,N#Cc1ccc(-c2cs/c(=N\C(=O)c3cccs3)n2-c2ccccc2)cc1,train
CHEMBL5272758,CHEMBL230,7.0,2022.0,7.0,Cc1nnc(/N=C2\NC(=O)/C(=C/c3ccc(O)cc3)S2)s1,test
CHEMBL5272855,CHEMBL230,5.96,2022.0,5.96,NC(=O)N1N=C(c2ccc(F)cc2)CC1c1cn(-c2ccccc2)nc1-c1ccc(F)cc1,val
CHEMBL5272856,CHEMBL230,5.17,2022.0,5.17,CC1=c2c(OCc3nnc(SCC(=O)N4CCN(c5ccccc5)CC4)o3)nn(C)c(=O)c2=C(C)C1c1ccccc1,val
CHEMBL5272932,CHEMBL230,5.75,2016.0,5.75,Cc1ccc(-c2cn3c(c2-c2ccccc2)CCC3)s1,test
CHEMBL5272969,CHEMBL230,6.55,2022.0,6.55,CCOP(=O)(OCC)C(NC(=O)c1cc(-c2ccc(Cl)cc2)n(-c2ccc(S(N)(=O)=O)cc2)n1)c1ccc(Br)cc1,test
CHEMBL5273124,CHEMBL230,4.43,2022.0,4.43,CCOc1ccc2nc(NC(=O)CSc3nnc(Cc4c[nH]c5ccccc45)o3)sc2c1,train
CHEMBL5273141,CHEMBL230,6.66,2022.0,6.66,CCOP(=O)(OCC)C(NC(=O)c1cc(-c2cccc3ccccc23)n(-c2ccc(F)cc2)n1)c1ccc(Br)cc1,test
CHEMBL5273339,CHEMBL230,7.96,2023.0,7.96,COc1cc(C(=O)[N-]S(=O)(=O)c2ccc(-n3nc(C(F)(F)F)cc3-c3ccc(C)cc3)cc2)ccc1[O-].[Na+].[Na+],train
CHEMBL5273343,CHEMBL230,5.24,2022.0,5.24,CCCCNc1cc(-c2n[nH]c(=S)o2)cc(S(N)(=O)=O)c1Oc1ccccc1,train
CHEMBL5273387,CHEMBL230,6.66,2022.0,6.66,CCOP(=O)(OCC)C(NC(=O)c1cc(-c2cccc3ccccc23)n(-c2ccc(Br)cc2)n1)c1ccc(Br)cc1,test
CHEMBL5273397,CHEMBL230,6.66,2022.0,6.66,CCOP(=O)(OCC)C(NC(=O)c1cc(-c2ccsc2)n(-c2ccc(S(N)(=O)=O)cc2)n1)c1ccc(Cl)cc1,val
CHEMBL5273538,CHEMBL2094253,4.34,2018.0,4.34,COc1cc(CCc2cccc(Oc3c(O)cccc3CCC3=CCC(O)C=C3)c2)cc(O)c1O,test
CHEMBL5273548,CHEMBL230,4.94,2018.0,4.94,Cc1ccccc1-c1nnc(Cn2c(CN3CCOCC3)nc3ccccc32)o1,train
CHEMBL5273576,CHEMBL230,6.55,2022.0,6.55,CCOP(=O)(OCC)C(NC(=O)c1cc(-c2ccc(OC)cc2)n(-c2ccc(S(N)(=O)=O)cc2)n1)c1ccccc1,test
CHEMBL5273595,CHEMBL230,6.6,2022.0,6.6,Cc1nnc(/N=C2\NC(=O)/C(=C/C=C/c3ccccc3)S2)s1,train
CHEMBL5273653,CHEMBL230,5.34,2022.0,5.34,C=CCc1ccc(-n2c(-c3cc(NCCCC)c(Oc4ccccc4)c(S(N)(=O)=O)c3)n[nH]c2=S)cc1,test
CHEMBL5273684,CHEMBL230,6.66,2022.0,6.66,CCOP(=O)(OCC)C(NC(=O)c1cc(-c2ccsc2)n(-c2ccc(S(N)(=O)=O)cc2)n1)c1ccc(OC)cc1,val
CHEMBL5273958,CHEMBL230,6.66,2022.0,6.66,CCOP(=O)(OCC)C(NC(=O)c1cc(-c2cccs2)n(-c2ccc(S(N)(=O)=O)cc2)n1)c1ccc(Cl)cc1,train
CHEMBL5274029,CHEMBL230,7.33,2022.0,7.33,O=c1[nH]n2c(=O)c3ccccc3nc2/c1=C/c1cccc(F)c1,train
CHEMBL5274140,CHEMBL230,6.92,2021.0,6.92,CCc1ccc(-c2ccc(-n3cc(CNC(=O)C(=O)c4c[nH]c5ccccc45)nn3)cc2)cc1,train
CHEMBL5274157,CHEMBL230,7.0,2020.0,7.0,CSc1nn(-c2ccc(S(C)(=O)=O)cc2)c2ncnc(NCC(=O)/N=C/c3ccco3)c12,train
CHEMBL5274242,CHEMBL230,6.0,2016.0,6.0,CSc1ccc(-c2cn3c(c2-c2ccccc2)CCC3)cc1,train
CHEMBL5274403,CHEMBL230,7.37,2022.0,7.37,CCOc1ccc(-c2cc(-c3ccc(Cl)cc3)n(-c3ccc(S(N)(=O)=O)cc3)n2)cc1,train
CHEMBL5274509,CHEMBL230,6.9399999999999995,2021.0,6.9399999999999995,COc1ccc(/C=c2\c(=O)[nH]n3c(=O)c4ccccc4nc23)cc1OC,train
CHEMBL5274548,CHEMBL230,7.34,2020.0,7.34,COc1ccc(N/N=C2\C(=O)N(CNc3c(C)cccc3C)N=C2Nc2ccccc2F)cc1,train
CHEMBL5274575,CHEMBL230,6.55,2022.0,6.55,CCOP(=O)(OCC)C(NC(=O)c1cc(-c2ccc(OC)cc2)n(-c2ccc(S(N)(=O)=O)cc2)n1)c1ccc(Br)cc1,test
CHEMBL5274739,CHEMBL230,7.37,2022.0,7.37,COc1ccc(-c2cc(-c3ccc(F)cc3)n(-c3ccc(S(N)(=O)=O)cc3)n2)cc1,train
CHEMBL5274783,CHEMBL230,6.55,2022.0,6.55,CCOP(=O)(OCC)C(NC(=O)c1cc(-c2cccc(Cl)c2)n(-c2ccc(S(N)(=O)=O)cc2)n1)c1ccc(Br)cc1,test
CHEMBL5274788,CHEMBL230,5.32,2022.0,5.32,CCCCNc1cc(C(=O)n2nc(C)cc2C)cc(S(N)(=O)=O)c1Oc1ccccc1,train
CHEMBL5274992,CHEMBL230,6.66,2022.0,6.66,CCOP(=O)(OCC)C(NC(=O)c1cc(-c2cccc3ccccc23)n(-c2ccc(S(N)(=O)=O)cc2)n1)c1ccccc1OC,test
CHEMBL5275045,CHEMBL230,5.904999999999999,2023.0,5.904999999999999,COc1ccnc(Nc2nn3c(SC)c(C#N)c(O)nc3c2C#N)c1,train
CHEMBL5275104,CHEMBL230,7.77,2022.0,7.77,CS(=O)(=O)c1ccc(-c2nn(-c3ccc(S(N)(=O)=O)cc3)cc2C=O)cc1,train
CHEMBL5275155,CHEMBL230,5.58,2022.0,5.58,Cc1c(C(=O)/C=C/c2ccccc2)nnn1-c1ccc(S(N)(=O)=O)cc1,train
CHEMBL5275198,CHEMBL230,7.0,2020.0,7.0,CC(=O)N1N=C(C)/C(=N\Nc2cccc(-c3nc4ccccc4s3)c2)C1=O,train
CHEMBL5275204,CHEMBL230,7.05,2022.0,7.05,O=C(c1cccs1)c1sc(N2CCOCC2)nc1-c1ccc(F)cc1,val
CHEMBL5275245,CHEMBL230,6.55,2022.0,6.55,CCOP(=O)(OCC)C(NC(=O)c1cc(-c2ccc(C)cc2)n(-c2ccc(S(N)(=O)=O)cc2)n1)c1ccccc1,test
CHEMBL5275257,CHEMBL230,0.7125999999943877,2020.0,0.7125999999943877,Cc1nn(-c2ccccc2)c2c1C(c1ccccc1[N+](=O)[O-])C(C#N)=C(/N=C/c1ccccc1)O2,train
CHEMBL5275290,CHEMBL230,6.98,2022.0,6.98,Nc1c(C(=O)N/N=C/c2ccc(Cl)cc2)sc2nc(-c3ccc(Cl)cc3)cc(-c3cccs3)c12,test
CHEMBL5275292,CHEMBL230,6.55,2022.0,6.55,CCOP(=O)(OCC)C(NC(=O)c1cc(-c2cccc(Cl)c2)n(-c2ccc(S(N)(=O)=O)cc2)n1)c1ccccc1,test
CHEMBL5275436,CHEMBL230,5.96,2022.0,5.96,NC(=O)N1N=C(c2ccccc2)CC1c1cn(-c2ccccc2)nc1-c1ccccc1,val
CHEMBL5275709,CHEMBL230,6.98,2022.0,6.98,Nc1c(C(=O)N/N=C/c2ccc(C(=O)Oc3ccccc3)cc2)sc2nc(-c3ccc(Cl)cc3)cc(-c3cccs3)c12,train
CHEMBL5275735,CHEMBL230,6.27,2020.0,6.27,COc1ccc(/C=C2/SC(=S)C(Nc3nc4c(cnn4-c4ccccc4)c(=O)n3-c3ccccc3)C2=O)cc1OC,train
CHEMBL5275772,CHEMBL230,7.0,2022.0,7.0,COc1ccc(/C=C/C(=O)c2cccc(-n3cnnn3)c2)cc1,train
CHEMBL5275786,CHEMBL230,7.0,2022.0,7.0,COc1cc(/C=C/C(=O)c2cccc(-n3cnnn3)c2)cc(OC)c1OC,train
CHEMBL5275883,CHEMBL230,7.0,2022.0,7.0,CCCc1ccc(/C=C2\S/C(=N/c3nnc(C)s3)NC2=O)cc1,test
CHEMBL5275892,CHEMBL230,6.75,2022.0,6.75,CS(=O)(=O)c1ccc(C(=O)/C=C/c2ccc(Cl)c(Cl)c2)cc1,train
CHEMBL5275971,CHEMBL230,6.66,2022.0,6.66,CCOP(=O)(OCC)C(NC(=O)c1cc(-c2ccsc2)n(-c2ccc(S(N)(=O)=O)cc2)n1)c1ccc(Br)cc1,val
CHEMBL52760,CHEMBL230,8.0,1996.0,8.0,CS(=O)(=O)c1ccc(-c2cc(F)c(F)cc2-c2ccc(F)c(Cl)c2)cc1,test
CHEMBL5276070,CHEMBL230,8.7,2022.0,8.7,Cc1csc(/C=C2\CN(C)CC3C2=NN(c2ccccc2)C3c2cc(C)cs2)c1,test
CHEMBL5276096,CHEMBL230,7.06,2022.0,7.06,COc1cc(/C=C2\N=C(c3ccccc3)N(c3ccc(S(N)(=O)=O)cc3)C2=O)ccc1OC(=O)c1ccccc1,train
CHEMBL5276174,CHEMBL230,6.27,2020.0,6.27,Nc1cc(-c2ccccc2)nn1-c1nc2c(cnn2-c2ccccc2)c(=O)n1-c1ccccc1,train
CHEMBL5276292,CHEMBL230,6.98,2022.0,6.98,Nc1c(C(=O)N/N=C/c2ccc(Br)cc2)sc2nc(-c3ccc(Cl)cc3)cc(-c3cccs3)c12,test
CHEMBL5276315,CHEMBL230,5.58,2022.0,5.58,C/C(=N\NC(=O)c1nnn(-c2ccc(S(N)(=O)=O)cc2)c1C)c1nnn(-c2ccc(S(N)(=O)=O)cc2)c1C,train
CHEMBL5276364,CHEMBL230,6.66,2022.0,6.66,CCOP(=O)(OCC)C(NC(=O)c1cc(-c2cccc3ccccc23)n(-c2ccc(F)cc2)n1)c1ccc(OC)cc1,test
CHEMBL5276444,CHEMBL230,6.6,2022.0,6.6,Cc1nnc(/N=C2\NC(=O)/C(=C/c3ccsc3)S2)s1,val
CHEMBL5276590,CHEMBL230,7.36,2022.0,7.36,COc1ccccc1/C=C/C1=NN(c2ccc(S(N)(=O)=O)cc2)C(=O)CC1,test
CHEMBL5276691,CHEMBL230,5.1,2020.0,5.1,Cc1c(-c2ccccc2)n(C(=O)c2ccccc2)c2ccc(S(C)(=O)=O)cc12,train
CHEMBL5276722,CHEMBL230,6.66,2022.0,6.66,CCOP(=O)(OCC)C(NC(=O)c1cc(-c2cccs2)n(-c2ccc(S(N)(=O)=O)cc2)n1)c1ccc(Br)cc1,train
CHEMBL5276738,CHEMBL230,7.16,2021.0,7.16,O=C(c1sc(N(c2ccccc2)c2ccccc2)nc1-c1ccc([N+](=O)[O-])cc1)c1cccc2ccccc12,train
CHEMBL5276771,CHEMBL230,6.31,2021.0,6.31,COc1cccc(/C=c2\c(=O)[nH]n3c(=O)c4ccccc4nc23)c1,train
CHEMBL5276782,CHEMBL230,7.37,2022.0,7.37,CCOc1ccc(-c2cc(-c3ccc(Br)cc3)n(-c3ccc(S(N)(=O)=O)cc3)n2)cc1,train
CHEMBL5276822,CHEMBL230,7.05,2022.0,7.05,O=C(c1cccs1)c1sc(Nc2ccccc2)nc1-c1ccc(F)cc1,val
CHEMBL5277139,CHEMBL230,6.55,2022.0,6.55,CCOP(=O)(OCC)C(NC(=O)c1cc(-c2ccc(Br)cc2)n(-c2ccc(S(N)(=O)=O)cc2)n1)c1ccc(Br)cc1,test
CHEMBL5277159,CHEMBL230,5.96,2022.0,5.96,COc1ccc(C2=NN(C(N)=O)C(c3cn(-c4ccccc4)nc3-c3ccccc3)C2)cc1,val
CHEMBL5277168,CHEMBL230,8.7,2022.0,8.7,CN1C/C(=C\c2ccc(F)s2)C2=NN(c3ccccc3)C(c3ccc(F)s3)C2C1,test
CHEMBL5277238,CHEMBL230,5.82,2022.0,5.82,CCCCNc1cc(C(=O)N/N=c2\scc(-c3ccc(OC)cc3)n2-c2ccc(Br)cc2)cc(S(N)(=O)=O)c1Oc1ccccc1,train
CHEMBL5277274,CHEMBL230,5.12,2016.0,5.12,COC1c2c(-c3ccccc3)c(-c3ccc(Cl)cc3)c(C)n2CC1(C)C,train
CHEMBL5277424,CHEMBL230,6.66,2022.0,6.66,CCOP(=O)(OCC)C(NC(=O)c1cc(-c2cccc3ccccc23)n(-c2ccccc2F)n1)c1ccccc1OC,test
CHEMBL5277473,CHEMBL230,6.66,2022.0,6.66,CCOP(=O)(OCC)C(NC(=O)c1cc(-c2cccc3ccccc23)n(-c2ccccc2F)n1)c1ccc(Cl)cc1,test
CHEMBL5277494,CHEMBL230,7.36,2022.0,7.36,Cc1ccccc1/C=C/C1=NNC(S)CC1,train
CHEMBL5277545,CHEMBL230,6.66,2022.0,6.66,CCOP(=O)(OCC)C(NC(=O)c1cc(-c2cccc3ccccc23)n(-c2ccccc2F)n1)c1ccc(Br)cc1,test
CHEMBL5277598,CHEMBL230,6.66,2022.0,6.66,CCOP(=O)(OCC)C(NC(=O)c1cc(-c2cccc3ccccc23)n(-c2ccccc2F)n1)c1ccc(OC)cc1,test
CHEMBL5277627,CHEMBL230,7.38,2020.0,7.38,COc1c2occc2c(OC)c2c(C)c(/C(=N/c3cc(N4CCNCC4)nc(N4CCNCC4)n3)N3CCNCC3)oc12,test
CHEMBL5277657,CHEMBL230,6.66,2022.0,6.66,CCOP(=O)(OCC)C(NC(=O)c1cc(-c2cccc3ccccc23)n(-c2ccc(S(N)(=O)=O)cc2)n1)c1ccccc1,test
CHEMBL5277674,CHEMBL230,7.78,2020.0,7.78,O=C(NNC(=S)NCc1ccccc1)c1ccc(C2=CN3c4ccccc4NC3S2)nc1,train
CHEMBL5277740,CHEMBL230,7.0,2022.0,7.0,Cc1nnc(/N=C2\NC(=O)/C(=C/c3ccc(F)cc3)S2)s1,test
CHEMBL5277910,CHEMBL230,6.55,2022.0,6.55,CCOP(=O)(OCC)C(NC(=O)c1cc(-c2cccc(F)c2)n(-c2ccc(S(N)(=O)=O)cc2)n1)c1ccccc1,test
CHEMBL5278033,CHEMBL230,8.7,2022.0,8.7,Cc1sc(/C=C2\CN(C)CC3C2=NN(c2ccccc2)C3c2cc(F)c(C)s2)cc1F,test
CHEMBL5278337,CHEMBL230,6.66,2022.0,6.66,CCOP(=O)(OCC)C(NC(=O)c1cc(-c2cccc3ccccc23)n(-c2ccc(S(N)(=O)=O)cc2)n1)c1ccc(OC)cc1,test
CHEMBL5278348,CHEMBL230,6.72,2022.0,6.72,COc1ccc(-c2nnc(/N=C3\NC(=O)CS3)s2)cc1,train
CHEMBL5278421,CHEMBL230,5.82,2022.0,5.82,C=CCn1c(-c2ccc(Cl)cc2)cs/c1=N\NC(=O)c1cc(NCCCC)c(Oc2ccccc2)c(S(N)(=O)=O)c1,train
CHEMBL5278506,CHEMBL230,7.0,2021.0,7.0,CCCCNC(=O)c1cc(NCc2cc(O)ccc2O)ccc1O,test
CHEMBL5278569,CHEMBL230,7.41,2022.0,7.41,COc1ccc(C2CC(c3cccc(-n4cnnn4)c3)=NN2C(C)=O)cc1,val
CHEMBL5278682,CHEMBL230,7.33,2022.0,7.33,COc1ccc(/C=c2\c(=O)[nH]n3c(=O)c4ccccc4nc23)cc1,train
CHEMBL5278797,CHEMBL230,7.37,2022.0,7.37,CS(=O)(=O)c1ccc(-c2cc(-c3ccc(Br)cc3)n(-c3ccc(S(N)(=O)=O)cc3)n2)cc1,train
CHEMBL5278893,CHEMBL230,6.82,2022.0,6.82,CCOc1cc(/C=C2\C(=O)N(c3ccc(S(N)(=O)=O)cc3)N=C2C)ccc1O,train
CHEMBL5278905,CHEMBL230,7.77,2022.0,7.77,O=Cc1cn(-c2ccc(Br)cc2)nc1-c1ccc(Br)cc1,train
CHEMBL5278906,CHEMBL230,7.3,2022.0,7.3,CC(=O)Oc1cc2oc(-c3cccc(F)c3)cc2cc1-c1c[se]nn1,test
CHEMBL5279011,CHEMBL230,5.13,2020.0,5.13,O=C1NC(=O)C(=NNc2cccc(-c3nc4ccccc4[nH]3)c2)C(=O)N1,train
CHEMBL5279070,CHEMBL230,6.55,2022.0,6.55,CCOP(=O)(OCC)C(C)NC(=O)c1cc(-c2cccc(OC)c2)n(-c2ccc(S(N)(=O)=O)cc2)n1,train
CHEMBL5279078,CHEMBL230,7.05,2022.0,7.05,O=C(c1cccs1)c1sc(N2CCOCC2)nc1-c1ccc([N+](=O)[O-])cc1,val
CHEMBL5279090,CHEMBL230,7.37,2022.0,7.37,COc1ccc(-c2cc(-c3ccc(Cl)cc3)n(-c3ccc(S(N)(=O)=O)cc3)n2)cc1OC,train
CHEMBL5279109,CHEMBL230,5.17,2022.0,5.17,CCCCCC1C(C)=c2c(OCc3nnc(SCC(=O)N4CCN(c5ccccc5)CC4)o3)nn(C)c(=O)c2=C1C,train
CHEMBL5279175,CHEMBL230,7.05,2022.0,7.05,O=C(/N=c1\scc(-c2ccc([N+](=O)[O-])cc2)n1-c1ccccc1)c1cccs1,train
CHEMBL5279336,CHEMBL230,7.37,2022.0,7.37,CCOc1ccc(-c2cc(-c3ccc(F)cc3)n(-c3ccc(S(N)(=O)=O)cc3)n2)cc1,train
CHEMBL5279361,CHEMBL230,7.3,2022.0,7.3,CC(=O)Oc1cc2oc(-c3ccc(C)cc3)cc2cc1-c1c[se]nn1,test
CHEMBL5279490,CHEMBL230,7.0,2022.0,7.0,COc1ccc(/C=C2\S/C(=N/c3nnc(C)s3)NC2=O)cc1,test
CHEMBL5279593,CHEMBL230,6.05,2016.0,6.05,CSc1ccc(-c2cn3c(c2-c2ccc(C)cc2)CCC3)cc1,train
CHEMBL5279601,CHEMBL230,6.66,2022.0,6.66,CCOP(=O)(OCC)C(NC(=O)c1cc(-c2cccs2)n(-c2ccc(S(N)(=O)=O)cc2)n1)c1ccccc1OC,train
CHEMBL5279631,CHEMBL230,6.75,2021.0,6.75,CCc1cc(OC)c(OC)c(OC)c1,train
CHEMBL5279742,CHEMBL230,5.1,2018.0,5.1,Clc1ccccc1-c1nnc(Cn2c(CN3CCOCC3)nc3ccccc32)o1,train
CHEMBL5279811,CHEMBL230,6.82,2022.0,6.82,COc1cc(/C=C2\C(=O)N(c3ccc(S(N)(=O)=O)cc3)N=C2C)ccc1OCC#N,train
CHEMBL5279915,CHEMBL230,6.06,2020.0,6.06,Cc1cc(-c2ccccc2)n(-c2nc3c(cnn3-c3ccccc3)c(=O)n2-c2ccccc2)n1,train
CHEMBL5279920,CHEMBL230,5.82,2022.0,5.82,C=CCn1c(-c2ccc(C)cc2)cs/c1=N\NC(=O)c1cc(NCCCC)c(Oc2ccccc2)c(S(N)(=O)=O)c1,train
CHEMBL5279940,CHEMBL230,8.7,2022.0,8.7,CN1C/C(=C\c2ccc(Cl)s2)C2=NN(c3ccccc3)C(c3ccc(Cl)s3)C2C1,test
CHEMBL5280300,CHEMBL230,6.66,2022.0,6.66,CCOP(=O)(OCC)C(NC(=O)c1cc(-c2cccc3ccccc23)n(-c2ccc(F)cc2)n1)c1ccccc1,test
CHEMBL5280343,CHEMBL230,6.55,2022.0,6.55,CCOP(=O)(OCC)C(NC(=O)c1cc(-c2ccc(C)cc2)n(-c2ccc(S(N)(=O)=O)cc2)n1)c1ccc(Br)cc1,test
CHEMBL5280391,CHEMBL230,7.0,2020.0,7.0,CC1=NN(c2ccccc2)C(=O)/C1=N/Nc1cccc(-c2nc3ccccc3s2)c1,train
CHEMBL5280463,CHEMBL230,8.7,2022.0,8.7,Cc1ccc(/C=C2\CN(C)CC3C2=NN(c2ccccc2)C3c2ccc(C)s2)s1,test
CHEMBL5280475,CHEMBL230,5.58,2022.0,5.58,CCC(=O)c1nnn(-c2ccc(S(N)(=O)=O)cc2)c1C,train
CHEMBL5280574,CHEMBL230,5.96,2022.0,5.96,NC(=O)N1N=C(c2ccc(Cl)cc2)CC1c1cn(-c2ccccc2)nc1-c1ccc(Cl)cc1,val
CHEMBL5280862,CHEMBL230,5.96,2023.0,5.96,COc1ccnc(Nc2nn3c(C)cc(C)nc3c2C#N)c1,train
CHEMBL5280920,CHEMBL230,6.6,2021.0,6.6,O=C1/C(=C/c2ccc(Cl)cc2)N=C(c2ccccc2)N1c1ccc(-c2nc3ccccc3o2)cc1,train
CHEMBL5280992,CHEMBL230,5.12,2021.0,5.12,CON(C)C(=O)c1ccc(-c2nc(CSc3nc4ccccc4s3)no2)cc1,train
CHEMBL5281053,CHEMBL230,7.36,2022.0,7.36,COc1ccc(/C=C/C2=NN(c3ccc(S(N)(=O)=O)cc3)C(=O)CC2)cc1OC,test
CHEMBL5281098,CHEMBL230,6.82,2022.0,6.82,CC1=NN(c2ccc(S(N)(=O)=O)cc2)C(=O)/C1=C\c1c[nH]c2ccccc12,test
CHEMBL5281211,CHEMBL230,7.37,2022.0,7.37,CS(=O)(=O)c1ccc(-c2cc(-c3ccc(Cl)cc3)n(-c3ccc(S(N)(=O)=O)cc3)n2)cc1,train
CHEMBL5281215,CHEMBL230,7.3,2022.0,7.3,COc1ccc(-c2cc3cc(-c4c[se]nn4)c(OC(C)=O)cc3o2)cc1,test
CHEMBL5281224,CHEMBL230,6.55,2022.0,6.55,CCOP(=O)(OCC)C(NC(=O)c1cc(-c2cccc(F)c2)n(-c2ccc(S(N)(=O)=O)cc2)n1)c1ccc(Br)cc1,test
CHEMBL5281317,CHEMBL230,6.55,2022.0,6.55,CCOP(=O)(OCC)C(C)NC(=O)c1cc(-c2ccc(Br)cc2)n(-c2ccc(S(N)(=O)=O)cc2)n1,train
CHEMBL5281490,CHEMBL230,6.55,2022.0,6.55,CCCCNc1cc(-c2n[nH]c(=S)n2-c2ccccc2)cc(S(N)(=O)=O)c1Oc1ccccc1,test
CHEMBL5281497,CHEMBL230,7.37,2022.0,7.37,COc1ccc(-c2cc(-c3ccc(F)cc3)n(-c3ccc(S(N)(=O)=O)cc3)n2)cc1OC,train
CHEMBL5281666,CHEMBL230,7.0,2022.0,7.0,O=C(/C=C/c1cccs1)c1cccc(-n2cnnn2)c1,train
CHEMBL5281678,CHEMBL230,7.36,2022.0,7.36,COc1ccccc1/C=C/C1=NNC(S)CC1,train
CHEMBL5281704,CHEMBL230,7.05,2022.0,7.05,O=C(c1cccs1)c1sc(N(c2ccccc2)c2ccccc2)nc1-c1ccc(F)cc1,train
CHEMBL5281749,CHEMBL230,6.66,2022.0,6.66,CCOP(=O)(OCC)C(NC(=O)c1cc(-c2cccc3ccccc23)n(-c2ccc(Br)cc2)n1)c1ccccc1,test
CHEMBL5281865,CHEMBL230,4.15,2020.0,4.15,CC(=O)N(CN1C(=O)/C(=C\c2nnc(-c3ccc(-c4ccncc4)cc3)s2)c2ccccc21)C1C(c2ccc(O)cc2)=NNC1S,train
CHEMBL52820,CHEMBL230,8.7,1996.0,8.7,NS(=O)(=O)c1ccc(-c2cc(F)c(F)cc2-c2ccc(F)c(Cl)c2)cc1,test
CHEMBL5282037,CHEMBL230,7.0,2022.0,7.0,Cc1nnc(/N=C2\NC(=O)/C(=C/c3ccc(Cl)cc3)S2)s1,test
CHEMBL5282152,CHEMBL230,7.41,2022.0,7.41,COc1ccc(C2CC(c3cccc(-n4cnnn4)c3)=NN2C(C)=O)cc1OC,val
CHEMBL5282180,CHEMBL230,7.05,2022.0,7.05,O=C(/N=c1\scc(-c2ccc(C(F)(F)F)cc2)n1-c1ccccc1)c1cccs1,train
CHEMBL5282220,CHEMBL230,6.41,2020.0,6.41,NS(=O)(=O)c1ccc(N/N=C/c2cn(-c3ccc(S(N)(=O)=O)cc3)nc2-c2ccc(Cl)cc2)cc1,test
CHEMBL5282224,CHEMBL230,6.0,2020.0,6.0,O=C1c2ccccc2C(=O)N1c1nc2cc([N+](=O)[O-])ccc2n1Cc1ccc(-c2ccccc2)cc1,val
CHEMBL5282385,CHEMBL230,6.75,2022.0,6.75,CS(=O)(=O)c1ccc(C(=O)/C=C/c2cccc(F)c2F)cc1,train
CHEMBL5282397,CHEMBL230,7.05,2021.0,7.05,Cc1ccc(-c2nc(N(c3ccccc3)c3ccccc3)sc2C(=O)c2cccs2)cc1,train
CHEMBL5282558,CHEMBL230,6.66,2022.0,6.66,CCOP(=O)(OCC)C(NC(=O)c1cc(-c2cccc3ccccc23)n(-c2ccccc2F)n1)c1ccccc1,test
CHEMBL5282806,CHEMBL230,6.75,2022.0,6.75,CS(=O)(=O)c1ccc(C(=O)/C=C/c2ccc(F)c(F)c2)cc1,train
CHEMBL5282826,CHEMBL230,5.29,2022.0,5.29,CCCCNc1cc(C(=O)N2N=C(C)CC2=O)cc(S(N)(=O)=O)c1Oc1ccccc1,train
CHEMBL5282918,CHEMBL230,7.05,2022.0,7.05,O=C(c1cccs1)c1sc(N(c2ccccc2)c2ccccc2)nc1-c1ccc([N+](=O)[O-])cc1,train
CHEMBL5283165,CHEMBL230,7.37,2022.0,7.37,COc1ccc(-c2cc(-c3ccc(Br)cc3)n(-c3ccc(S(N)(=O)=O)cc3)n2)cc1,train
CHEMBL5283166,CHEMBL230,5.68,2021.0,5.68,COc1ccc(-c2nc(-c3cn(C)c4ccccc34)c(C(=O)c3ccc(C#N)cc3)s2)cc1OC,train
CHEMBL5283203,CHEMBL230,7.33,2022.0,7.33,O=c1[nH]n2c(=O)c3ccccc3nc2/c1=C/c1ccc(Cl)cc1,train
CHEMBL5283256,CHEMBL230,4.63,2021.0,4.63,COc1cc(C(=O)O)cc(O)c1O,train
CHEMBL5283454,CHEMBL230,7.05,2022.0,7.05,C/C(=C/C(=O)Nc1nccs1)Nc1ccccc1,train
CHEMBL5283644,CHEMBL230,7.0,2022.0,7.0,COc1ccc(/C=C/C(=O)c2cccc(-n3cnnn3)c2)cc1OC,train
CHEMBL5283786,CHEMBL230,6.96,2020.0,6.96,CS(=O)(=O)c1ccc(-c2cc3ccccc3n2Cc2ccc(Cl)cc2)cc1,train
CHEMBL5283788,CHEMBL230,7.0,2022.0,7.0,CN(C)c1ccc(/C=C/C(=O)c2cccc(-n3cnnn3)c2)cc1,train
CHEMBL5283806,CHEMBL230,6.55,2022.0,6.55,CCOP(=O)(OCC)C(NC(=O)c1cc(-c2cccc(OC)c2)n(-c2ccc(S(N)(=O)=O)cc2)n1)c1ccccc1,test
CHEMBL5283814,CHEMBL230,7.64,2023.0,7.64,COc1cc(/C=C/C(=O)[N-]S(=O)(=O)c2ccc(-n3nc(C(F)(F)F)cc3-c3ccc(C)cc3)cc2)ccc1[O-].[Na+].[Na+],train
CHEMBL5283826,CHEMBL230,6.55,2022.0,6.55,CCOP(=O)(OCC)C(NC(=O)c1cc(-c2ccc(C(F)(F)F)cc2)n(-c2ccc(S(N)(=O)=O)cc2)n1)c1ccccc1,test
CHEMBL5283831,CHEMBL230,6.82,2020.0,6.82,CS(=O)(=O)c1ccc(-c2cc3cc(F)ccc3n2Cc2ccc(Cl)cc2)cc1,train
CHEMBL5283848,CHEMBL230,7.41,2022.0,7.41,COc1ccc(C2CC(c3cccc(-n4cnnn4)c3)=NN2)cc1OC,val
CHEMBL5283867,CHEMBL230,8.7,2022.0,8.7,CS(=O)(=O)c1ccc(C(=O)OCCn2cc(-c3ccc(C(F)(F)F)cc3)nn2)cc1,test
CHEMBL5283932,CHEMBL230,7.9,2021.0,7.9,CC1=CCCC2C1(C)CCC(C)C2(C)CC/C(=C\C(=O)O)CO,train
CHEMBL5283995,CHEMBL230,7.05,2022.0,7.05,O=C(c1cccs1)c1sc(N(c2ccccc2)c2ccccc2)nc1-c1ccc(C(F)(F)F)cc1,train
CHEMBL5284073,CHEMBL230,4.3,2022.0,4.3,O=c1/c(=C/c2cccc(O)c2)sc2nc(C34CC5CC(CC(C5)C3)C4)nn12,test
CHEMBL5284118,CHEMBL230,7.99,2021.0,7.99,CC1=CCCC2C1(C)CCC(C)C2(C)CCC1=CC(=O)OC1O,val
CHEMBL5284171,CHEMBL230,5.82,2022.0,5.82,C=CCn1c(-c2ccc(OC)cc2)cs/c1=N\NC(=O)c1cc(NCCCC)c(Oc2ccccc2)c(S(N)(=O)=O)c1,train
CHEMBL5284227,CHEMBL230,7.0,2022.0,7.0,Cc1nnc(/N=C2\NC(=O)/C(=C/c3ccc(N(C)C)cc3)S2)s1,test
CHEMBL5284488,CHEMBL230,6.25,2020.0,6.25,COc1ccc(N2C(=O)/C(=C/c3cn(-c4ccc(S(C)(=O)=O)cc4)nc3-c3cccc(Cl)c3)NC2=S)cc1,test
CHEMBL5284626,CHEMBL230,6.5,2022.0,6.5,CCCCNc1cc(C(=O)n2nc(C)cc2-c2ccccc2)cc(S(N)(=O)=O)c1Oc1ccccc1,train
CHEMBL5284686,CHEMBL230,6.66,2022.0,6.66,CCOP(=O)(OCC)C(NC(=O)c1cc(-c2cccc3ccccc23)n(-c2ccc(S(N)(=O)=O)cc2)n1)c1ccc(Cl)cc1,test
CHEMBL5284867,CHEMBL230,7.3,2022.0,7.3,CC(=O)Oc1cc2oc(-c3ccc(F)cc3)cc2cc1-c1c[se]nn1,test
CHEMBL5284897,CHEMBL230,7.33,2022.0,7.33,O=c1[nH]n2c(=O)c3ccccc3nc2/c1=C/c1ccc(F)cc1,train
CHEMBL5284968,CHEMBL230,4.775,2020.0,4.775,C[C@H](NC(=O)c1nc2c(cnn2-c2ccccc2)c(=O)[nH]1)c1ccccc1,train
CHEMBL5284988,CHEMBL230,7.3,2022.0,7.3,CC(=O)Oc1cc2oc(-c3ccccc3)cc2cc1-c1c[se]nn1,test
CHEMBL5285025,CHEMBL230,5.95,2021.0,5.95,N=C1/C(=N\Nc2ccc(S(N)(=O)=O)cc2)C(N)=NN1c1ccccc1C(=O)O,train
CHEMBL5285214,CHEMBL230,6.72,2022.0,6.72,O=C1CS/C(=N/c2nnc(-c3ccc(Br)cc3)s2)N1,train
CHEMBL5285268,CHEMBL230,6.66,2022.0,6.66,CCOP(=O)(OCC)C(NC(=O)c1cc(-c2cccc3ccccc23)n(-c2ccc(Br)cc2)n1)c1ccc(OC)cc1,test
CHEMBL5285405,CHEMBL230,7.37,2022.0,7.37,COc1ccc(-c2cc(-c3ccc(Br)cc3)n(-c3ccc(S(N)(=O)=O)cc3)n2)cc1OC,train
CHEMBL5285484,CHEMBL230,5.85,2021.0,5.85,CC(C)CC(=O)NC[C@H]1CC[C@H](NC(=O)c2nc3ccccc3cc2O)[C@H](O)O1,test
CHEMBL5285490,CHEMBL230,6.6,2022.0,6.6,Cc1nnc(/N=C2\NC(=O)/C(=C/c3cccnc3)S2)s1,val
CHEMBL5285514,CHEMBL230,6.6,2022.0,6.6,Cc1nnc(/N=C2\NC(=O)/C(=C/C3CCCCC3)S2)s1,train
CHEMBL5285524,CHEMBL230,6.27,2020.0,6.27,CC(=O)N1NC(c2ccccc2)=CC1c1nnc2n(Cc3ccccc3)c(=O)c3c4c(sc3n12)CCCC4,train
CHEMBL5285552,CHEMBL230,7.0,2022.0,7.0,Cc1nnc(/N=C2\NC(=O)/C(=C/c3ccc(Br)cc3)S2)s1,test
CHEMBL5285559,CHEMBL230,6.66,2022.0,6.66,CCOP(=O)(OCC)C(NC(=O)c1cc(-c2cccc3ccccc23)n(-c2ccc(Br)cc2)n1)c1ccccc1OC,test
CHEMBL5285584,CHEMBL230,6.92,2021.0,6.92,CC(=O)OC[C@@H]1O[C@@H](n2cc(CNC(=O)C(=O)c3cn(S(=O)(=O)c4ccc(C)cc4)c4ccccc34)nn2)[C@H](OC(C)=O)[C@@H](OC(C)=O)[C@H]1OC(C)=O,train
CHEMBL5285788,CHEMBL230,7.05,2022.0,7.05,Cc1ccc(-c2nc(N3CCOCC3)sc2C(=O)c2cccs2)cc1,val
CHEMBL5285980,CHEMBL230,7.05,2022.0,7.05,COc1ccc(N/C(C)=C\C(=O)Nc2nccs2)cc1,train
CHEMBL5286186,CHEMBL230,7.39,2022.0,7.39,COc1ccc(-c2cc(-c3cccc(-n4cnnn4)c3)no2)cc1,test
CHEMBL5286217,CHEMBL230,7.04,2022.0,7.04,COc1cc(/C=C2\N=C(c3ccccc3)N(c3ccc(C(=O)O)cc3)C2=O)ccc1OC(=O)c1ccccc1,train
CHEMBL5286316,CHEMBL230,7.1,2021.0,7.1,O=C(/N=C1\SC=C(c2ccc([N+](=O)[O-])cc2)C1c1ccccc1)c1cccc2ccccc12,train
CHEMBL5286360,CHEMBL230,5.96,2022.0,5.96,COc1ccc(C2=NN(C(N)=O)C(c3cn(-c4ccccc4)nc3-c3ccc(F)cc3)C2)cc1,val
CHEMBL5286505,CHEMBL230,5.96,2022.0,5.96,Cc1ccc(C2=NN(C(N)=O)C(c3cn(-c4ccccc4)nc3-c3ccccc3)C2)cc1,val
CHEMBL5286663,CHEMBL230,6.66,2022.0,6.66,CCOP(=O)(OCC)C(NC(=O)c1cc(-c2cccc3ccccc23)n(-c2ccc(Br)cc2)n1)c1ccc(Cl)cc1,test
CHEMBL5286816,CHEMBL230,7.0,2021.0,7.0,O=C(NC1CCCCC1)c1cc(NCc2cc(O)ccc2O)ccc1O,test
CHEMBL5286858,CHEMBL230,5.58,2022.0,5.58,Cc1c(C2=NNC(c3ccccc3)C2)nnn1-c1ccc(S(N)(=O)=O)cc1,train
CHEMBL5286930,CHEMBL230,6.8,2016.0,6.8,CS(=O)(=O)c1ccc(-c2cn3c(c2-c2ccc(F)cc2)CCC3)cc1,train
CHEMBL5287114,CHEMBL230,7.05,2022.0,7.05,O=C(/N=c1\scc(-c2ccc(F)cc2)n1-c1ccccc1)c1cccs1,train
CHEMBL5287123,CHEMBL230,5.17,2022.0,5.17,CC1=c2c(OCc3nnc(SCC(=O)N4CCN(c5ncccn5)CC4)o3)nn(C)c(=O)c2=C(C)C1c1ccccc1,train
CHEMBL5287186,CHEMBL230,6.55,2022.0,6.55,CCOP(=O)(OCC)C(NC(=O)c1cc(-c2ccccc2F)n(-c2ccc(S(N)(=O)=O)cc2)n1)c1ccc(Br)cc1,test
CHEMBL52872,CHEMBL230,8.22,1996.0,8.22,CN(C)c1ccc(-c2cc(F)c(F)cc2-c2ccc(S(N)(=O)=O)cc2)cc1Cl,test
CHEMBL5287239,CHEMBL230,5.82,2022.0,5.82,CCCCNc1cc(C(=O)N/N=c2\scc(-c3ccc(Cl)cc3)n2-c2ccc(Br)cc2)cc(S(N)(=O)=O)c1Oc1ccccc1,train
CHEMBL5287285,CHEMBL230,6.77,2020.0,6.77,CC1=NN(c2ccccc2)C(=O)/C1=N/Nc1cccc(-c2nc3ccccc3[nH]2)c1,train
CHEMBL5287406,CHEMBL230,6.66,2022.0,6.66,CCOP(=O)(OCC)C(NC(=O)c1cc(-c2ccsc2)n(-c2ccc(S(N)(=O)=O)cc2)n1)c1ccccc1,val
CHEMBL5287515,CHEMBL230,5.96,2022.0,5.96,Cc1ccc(C2=NN(C(N)=O)C(c3cn(-c4ccccc4)nc3-c3ccc(F)cc3)C2)cc1,val
CHEMBL5287611,CHEMBL230,5.17,2022.0,5.17,CCCCCC1C(C)=c2c(OCc3nnc(SCC(=O)N4CCN(c5ncccn5)CC4)o3)nn(C)c(=O)c2=C1C,test
CHEMBL5287931,CHEMBL230,6.72,2022.0,6.72,Cc1ccc(-c2nnc(/N=C3\NC(=O)CS3)s2)cc1,train
CHEMBL5287965,CHEMBL230,6.72,2022.0,6.72,O=C1CS/C(=N/c2nnc(-c3ccc(O)cc3)s2)N1,train
CHEMBL5287970,CHEMBL230,7.37,2022.0,7.37,CS(=O)(=O)c1ccc(-c2cc(-c3ccc(F)cc3)n(-c3ccc(S(N)(=O)=O)cc3)n2)cc1,train
CHEMBL5288176,CHEMBL230,4.28,2020.0,4.28,COc1ccc(C2=NNC(S)C2N(CN2C(=O)/C(=C\c3nnc(-c4ccc(-c5ccc(OC)cc5)cc4)s3)c3ccccc32)C(=O)c2ccccc2)cc1,test
CHEMBL5288220,CHEMBL230,6.11,2021.0,6.11,CC1=NN(c2ccc(S(N)(=O)=O)cc2)C(=O)/C1=N/Nc1ccc(C(=O)O)cc1,train
CHEMBL5288258,CHEMBL230,5.48,2022.0,5.48,NS(=O)(=O)c1ccc(-n2cc(-c3ccc(C(F)(F)F)cc3)nn2)cc1,train
CHEMBL5288527,CHEMBL230,6.92,2020.0,6.92,CC(=O)N1N=C(C)/C(=N\Nc2cccc(-c3nc4ccccc4[nH]3)c2)C1=O,train
CHEMBL5288533,CHEMBL230,5.78,2020.0,5.78,Cc1c(-c2ccccc2)n(C(=O)c2ccc(Cl)cc2)c2ccc(S(C)(=O)=O)cc12,train
CHEMBL5288590,CHEMBL230,6.72,2022.0,6.72,Cc1nnc(/N=C2\NC(=O)CS2)s1,train
CHEMBL5288634,CHEMBL230,6.38,2020.0,6.38,CS(=O)(=O)c1ccc(-n2cc(/C=N/Nc3ccc(S(N)(=O)=O)cc3)c(-c3ccc(Br)cc3)n2)cc1,test
CHEMBL5288656,CHEMBL230,6.66,2022.0,6.66,CCOP(=O)(OCC)C(NC(=O)c1cc(-c2cccc3ccccc23)n(-c2ccc(F)cc2)n1)c1ccc(Cl)cc1,test
CHEMBL5288685,CHEMBL230,7.32,2020.0,7.32,O=C1/C(=N\Nc2ccccc2Br)C(Nc2ccccc2F)=NN1CNc1ccccc1,train
CHEMBL5288720,CHEMBL230,5.96,2022.0,5.96,NC(=O)N1N=C(c2ccccc2)CC1c1cn(-c2ccccc2)nc1-c1ccc(F)cc1,val
CHEMBL5288740,CHEMBL230,6.65,2022.0,6.65,CS(=O)(=O)c1ccc(-n2cc(-c3ccc(C(F)(F)F)cc3)nn2)cc1,train
CHEMBL52888,CHEMBL230,7.19,1996.0,7.19,COc1ccc(-c2cc(F)c(F)cc2-c2ccc(S(N)(=O)=O)cc2)cc1OC,test
CHEMBL52889,CHEMBL230,6.47,1996.0,6.47,COc1ccc(-c2cc(F)c(F)cc2-c2ccc(S(C)(=O)=O)cc2)cc1OC,test
CHEMBL5288954,CHEMBL230,7.77,2022.0,7.77,NS(=O)(=O)c1ccc(-c2nn(-c3ccc([N+](=O)[O-])cc3)cc2C=O)cc1,train
CHEMBL5289008,CHEMBL230,6.98,2022.0,6.98,Cc1ccc(/C=N/NC(=O)c2sc3nc(-c4ccc(Cl)cc4)cc(-c4cccs4)c3c2N)cc1,test
CHEMBL5289112,CHEMBL230,7.05,2022.0,7.05,C/C(=C/C(=O)Nc1nccs1)Nc1ccc(Cl)cc1,train
CHEMBL5289200,CHEMBL230,6.66,2022.0,6.66,CCOP(=O)(OCC)C(NC(=O)c1cc(-c2cccc3ccccc23)n(-c2ccc(S(N)(=O)=O)cc2)n1)c1ccc(Br)cc1,test
CHEMBL5289245,CHEMBL230,8.7,2022.0,8.7,CCc1ccc(/C=C2\CN(C)CC3C2=NN(c2ccccc2)C3c2ccc(CC)s2)s1,test
CHEMBL5289353,CHEMBL230,6.98,2022.0,6.98,Nc1c(C(=O)N/N=C/c2ccccc2)sc2nc(-c3ccc(Cl)cc3)cc(-c3cccs3)c12,test
CHEMBL5289473,CHEMBL230,5.44,2016.0,5.44,CS(=O)(=O)Nc1ccc(-c2cn3c(c2-c2ccccc2)CCC3)cc1,train
CHEMBL5289598,CHEMBL230,7.0,2022.0,7.0,Cc1ccc(/C=C2\S/C(=N/c3nnc(C)s3)NC2=O)cc1,test
CHEMBL5289655,CHEMBL230,7.33,2022.0,7.33,O=c1[nH]n2c(=O)c3ccccc3nc2/c1=C/c1ccc(Br)cc1,train
CHEMBL5289753,CHEMBL230,4.92,2018.0,4.92,COc1c(O)cc2c3c1COc1cc(O)cc(c1-3)CC2,train
CHEMBL5289878,CHEMBL230,6.66,2022.0,6.66,CCOP(=O)(OCC)C(NC(=O)c1cc(-c2cccc3ccccc23)n(-c2ccc(F)cc2)n1)c1ccccc1OC,test
CHEMBL5289951,CHEMBL230,6.55,2022.0,6.55,CCOP(=O)(OCC)C(NC(=O)c1cc(-c2ccc(F)cc2)n(-c2ccc(S(N)(=O)=O)cc2)n1)c1ccc(Br)cc1,test
CHEMBL5289989,CHEMBL230,5.96,2022.0,5.96,NC(=O)N1N=C(c2ccc(Cl)cc2)CC1c1cn(-c2ccccc2)nc1-c1ccccc1,val
CHEMBL5290007,CHEMBL230,8.07,2021.0,8.07,C=C1CCCC2C1(C)CCC(C)C2(C)CCC1=CC(=O)OC1O,train
CHEMBL5290087,CHEMBL230,4.86,2018.0,4.86,COc1ccccc1-c1nnc(Cn2c(CN3CCOCC3)nc3ccccc32)o1,train
CHEMBL5290170,CHEMBL230,4.0,2021.0,4.0,COc1ccc2c(c1)c(Cc1nonc1O)c(C)n2C(=O)c1ccccc1,test
CHEMBL5290194,CHEMBL230,7.41,2022.0,7.41,COc1ccc(C2CC(c3cccc(-n4cnnn4)c3)=NN2)cc1,val
CHEMBL5290253,CHEMBL230,8.7,2022.0,8.7,Cc1sc(/C=C2\CN(C)CC3C2=NN(c2ccccc2)C3c2cc(Br)c(C)s2)cc1Br,test
CHEMBL5290356,CHEMBL230,7.3,2022.0,7.3,CC(=O)Oc1cc2oc(-c3cccc(Cl)c3)cc2cc1-c1c[se]nn1,test
CHEMBL5290801,CHEMBL230,6.82,2022.0,6.82,CC1=NN(c2ccc(S(N)(=O)=O)cc2)C(=O)/C1=C\c1cccc(OCc2ccccc2)c1,train
CHEMBL5290904,CHEMBL230,7.52,2016.0,7.52,CS(=O)(=O)c1ccc(-c2cn3c(c2-c2ccccc2)CCC3)cc1,train
CHEMBL5290910,CHEMBL230,7.16,2020.0,7.16,C=C1c2nc3ccccc3n2CC(c2ccc(S(C)(=O)=O)cc2)N1c1ccc(C)cc1,test
CHEMBL5291369,CHEMBL230,6.55,2022.0,6.55,Bc1ccc(C(NC(=O)c2cc(-c3ccccc3Cl)n(-c3ccc(S(N)(=O)=O)cc3)n2)P(=O)(OCC)OCC)cc1,test
CHEMBL538418,CHEMBL230,8.853871964321762,2009.0,8.853871964321762,CCCCNc1nc(-c2ccc(S(N)(=O)=O)cc2)cc(C(F)(F)F)n1,train
CHEMBL538919,CHEMBL230,4.301029995663981,2010.0,4.301029995663981,C[C@@H]1O[C@@H](O[C@H]2[C@H](O)[C@@H](O)[C@H](OC[C@H]3O[C@@H](OC(=O)[C@]45CCC(C)(C)C[C@H]4C4=CC[C@@H]6[C@@]7(C)CC[C@H](O[C@@H]8OC[C@H](O)[C@H](O)[C@H]8O)[C@@](C)(CO)[C@@H]7CC[C@@]6(C)[C@]4(C)CC5)[C@H](O)[C@@H](O)[C@@H]3O)O[C@@H]2CO)[C@H](O)[C@H](O)[C@H]1O,train
CHEMBL539663,CHEMBL230,7.92,2009.0,7.92,CCC(C)Nc1nc(-c2ccc(S(C)(=O)=O)cc2)cc(C(F)(F)F)n1,train
CHEMBL5396677,CHEMBL230,6.85,2023.0,6.85,Nc1c(C(=O)N/N=C/c2ccccc2[N+](=O)[O-])cnn1-c1ccc(S(N)(=O)=O)cc1,test
CHEMBL5396836,CHEMBL230,7.0,2023.0,7.0,O=C(CNc1ncnc2sc3c(c12)CCCC3)NN=Cc1ccc(Br)cc1,train
CHEMBL5397391,CHEMBL230,6.16,2023.0,6.16,CC1=NN(c2ccccc2)C(=O)/C1=C\c1cn(CCCOc2cc(O)c3c(=O)cc(-c4ccccc4)oc3c2)c2ccccc12,train
CHEMBL5399127,CHEMBL230,6.02,2023.0,6.02,CC1(O)CC(c2ccccc2)=NN1C(=O)CNc1ncnc2sc3c(c12)CCCC3,train
CHEMBL5399843,CHEMBL230,5.32,2023.0,5.32,CCCCOc1nnc(CNc2ncnc3sc4c(c23)CCCC4)o1,test
CHEMBL5400672,CHEMBL230,6.16,2023.0,6.16,NNC(=O)CNc1nc(-c2ccccc2)nc2sc3c(c12)CCCC3,train
CHEMBL5400914,CHEMBL230,7.05,2023.0,7.05,N=c1c2c(Nc3n[nH]c(=S)s3)csc2[nH]c(=S)n1-c1ccc(S(=O)(=O)Nc2cnc3ccccc3n2)cc1,train
CHEMBL5401155,CHEMBL230,6.28,2023.0,6.28,O=C(CNc1ncnc2sc3c(c12)CCCC3)NN=Cc1ccc([N+](=O)[O-])cc1,train
CHEMBL540166,CHEMBL230,5.77,2009.0,5.77,Cc1cc(-c2ccc(S(C)(=O)=O)cc2)nc(NC2CCCCC2)n1,train
CHEMBL5402860,CHEMBL230,4.17,2023.0,4.17,COC(=O)c1cc(=O)n2nc(N)c(/N=N/c3ccc(O)cc3)c2[nH]1,train
CHEMBL5403077,CHEMBL230,7.0,2023.0,7.0,Nc1c(C(=O)N/N=C/c2cccc([N+](=O)[O-])c2)cnn1-c1ccc(S(N)(=O)=O)cc1,test
CHEMBL5403487,CHEMBL230,5.67,2023.0,5.67,CC1=NN(C(=O)CNc2ncnc3sc4c(c23)CCCC4)C(C)(O)C1,test
CHEMBL54039,CHEMBL230,7.72,1996.0,7.72,COc1ccc(-c2ccccc2-c2ccc(S(N)(=O)=O)cc2)cc1Cl,test
CHEMBL5403984,CHEMBL230,5.95,2023.0,5.95,O=C(CNc1ncnc2sc3c(c12)CCCC3)NN=Cc1ccco1,train
CHEMBL5404379,CHEMBL230,7.31,2023.0,7.31,Nc1c(C(=O)N/N=C/c2ccccc2)cnn1-c1ccc(S(N)(=O)=O)cc1,test
CHEMBL5404402,CHEMBL230,6.18,2023.0,6.18,O=C(CNc1ncnc2sc3c(c12)CCCC3)NN=Cc1ccc(Cl)cc1,train
CHEMBL5406863,CHEMBL230,5.41,2023.0,5.41,O=C(CNc1ncnc2sc3c(c12)CCCC3)NN=C1C(=O)Nc2ccccc21,val
CHEMBL5408465,CHEMBL230,5.47,2023.0,5.47,Nc1nn2c(-c3cccs3)cc(-c3cccs3)nc2c1/N=N/c1ccc(O)cc1,train
CHEMBL5408885,CHEMBL230,6.81,2023.0,6.81,Nc1c(C(=O)N/N=C/c2ccc([N+](=O)[O-])cc2)cnn1-c1ccc(S(N)(=O)=O)cc1,test
CHEMBL5409238,CHEMBL230,4.0,2023.0,4.0,COc1cccc2[nH]cc(-c3cc(-c4ccccc4)oc3-c3ccccc3)c12,val
CHEMBL5409427,CHEMBL230,7.16,2023.0,7.16,O=C(CNc1ncnc2sc3c(c12)CCCC3)NN=Cc1ccc(Cl)c(Cl)c1,train
CHEMBL540943,CHEMBL230,4.301029995663981,2010.0,4.301029995663981,C[C@@H]1O[C@@H](O[C@H]2[C@H](O)[C@@H](O)[C@H](OC[C@H]3O[C@@H](OC(=O)[C@]45CCC(C)(C)C[C@H]4C4=CC[C@@H]6[C@@]7(C)CC[C@H](O)[C@@](C)(CO)[C@@H]7CC[C@@]6(C)[C@]4(C)CC5)[C@H](O)[C@@H](O)[C@@H]3O)O[C@@H]2CO)[C@H](O)[C@H](O)[C@H]1O,train
CHEMBL5410341,CHEMBL230,5.82,2023.0,5.82,Cc1c(C(=O)/C=C/c2ccco2)c(C(=O)/C=C/c2ccco2)nn1-c1ccc(Cl)cc1,val
CHEMBL5411261,CHEMBL230,3.529604211184971,2023.0,3.529604211184971,CC1=Nc2c(/N=N/c3ccc(O)cc3)c(N)nn2C1=O,val
CHEMBL5411339,CHEMBL230,4.66,2023.0,4.66,O=C(CNc1ncnc2sc3c(c12)CCCC3)NN=Cc1ccc(F)cc1,train
CHEMBL5412102,CHEMBL230,6.5,2023.0,6.5,COc1ccc(/C=C/C(=O)c2nn(-c3ccc(F)cc3)c(C)c2C(=O)/C=C/c2ccc(OC)cc2)cc1,train
CHEMBL5413403,CHEMBL230,7.22,2023.0,7.22,Nc1c(C(=O)N/N=C/c2cccs2)cnn1-c1ccc(S(N)(=O)=O)cc1,train
CHEMBL5414373,CHEMBL230,4.8,2023.0,4.8,CC(=O)Nc1nn2c(NC(C)=O)cc(=O)[nH]c2c1/N=N/c1ccc(O)cc1,test
CHEMBL5416397,CHEMBL230,5.25,2023.0,5.25,Cc1cc(=O)n2nc(N)c(/N=N/c3ccc(O)cc3)c2[nH]1,train
CHEMBL54169,CHEMBL2094253,5.0,1990.0,5.0,CCc1cc(/C=C/c2ccc(C)cc2)cc(CC)c1O,train
CHEMBL5417201,CHEMBL230,5.19,2023.0,5.19,CC(=O)N/C=C/c1ccc2c(c1)O[C@H](c1ccc(O)c(O)c1)[C@H](NC(C)=O)O2,test
CHEMBL5417525,CHEMBL230,6.52,2023.0,6.52,COc1ccc(/C=C/C(=O)c2nn(-c3ccc(Cl)cc3)c(C)c2C(=O)/C=C/c2ccc(OC)cc2)cc1,train
CHEMBL5418554,CHEMBL230,4.68,2023.0,4.68,COc1ccc(-c2nc3c(/N=N/c4ccc(O)cc4)c(N)nn3c(N)c2C#N)cc1,train
CHEMBL5418745,CHEMBL230,6.35,2023.0,6.35,O=C(O)/C=C\C(=O)NNC(=O)CNc1ncnc2sc3c(c12)CCCC3,train
CHEMBL5419055,CHEMBL230,6.12,2023.0,6.12,CC(=O)NCCc1cc(O)c(O)cc1C(=O)c1ccc(O)c(O)c1,train
CHEMBL5420858,CHEMBL230,6.89,2023.0,6.89,Nc1c(C(=O)N/N=C/c2ccccc2Cl)cnn1-c1ccc(S(N)(=O)=O)cc1,test
CHEMBL5421326,CHEMBL230,4.44,2023.0,4.44,Nc1n[nH]c(/N=C2/C(=O)Nc3ccc(S(=O)(=O)N4CCCC4)cc32)c1/N=N/c1ccc(O)cc1,test
CHEMBL54221,CHEMBL2094253,5.82,1990.0,5.82,COc1ccc(/C=C/c2cc(C)c(O)c(C)c2)cc1,train
CHEMBL5422492,CHEMBL230,6.82,2023.0,6.82,COc1ccc(/C=N/NC(=O)c2cnn(-c3ccc(S(N)(=O)=O)cc3)c2N)cc1,test
CHEMBL54226,CHEMBL2094253,5.0,1990.0,5.0,Cc1cc(Cc2cccnc2)cc(C)c1O,train
CHEMBL54227,CHEMBL2094253,5.0,1990.0,5.0,Cc1cc(C(=O)/C=C/c2cccs2)cc(C)c1O,val
CHEMBL5423229,CHEMBL230,5.12,2023.0,5.12,O=C(CNc1ncnc2sc3c(c12)CCCC3)NNC(=O)Nc1ccccc1,train
CHEMBL5423515,CHEMBL230,4.1,2023.0,4.1,CCOC(=O)C1=Nc2c(/N=N/c3ccc(O)cc3)c(N)nn2C1=O,val
CHEMBL5424006,CHEMBL230,7.1,2023.0,7.1,CN(C)c1ccc(/C=N/NC(=O)c2cnn(-c3ccc(S(N)(=O)=O)cc3)c2N)cc1,test
CHEMBL5424814,CHEMBL230,6.96,2023.0,6.96,CCOC(=O)CNc1ncnc2sc3c(c12)CCCC3,train
CHEMBL5425523,CHEMBL230,5.53,2023.0,5.53,COc1ccc(C=NNC(=O)CNc2ncnc3sc4c(c23)CCCC4)cc1,train
CHEMBL5426167,CHEMBL230,3.9043425596715107,2023.0,3.9043425596715107,CCOC(=O)CC(=O)Nc1[nH]nc(N)c1/N=N/c1ccc(O)cc1,train
CHEMBL5428573,CHEMBL230,5.16,2023.0,5.16,CC(=O)NCCc1ccc(NC(=O)c2ccc(O)c(O)c2)c(O)c1,val
CHEMBL5430086,CHEMBL230,4.21,2023.0,4.21,Nc1n[nH]c(N=c2c(=O)c3ccccc3c2=O)c1/N=N/c1ccc(O)cc1,train
CHEMBL5430378,CHEMBL230,7.22,2023.0,7.22,Nc1c(C(=O)N/N=C/c2ccc(O)cc2)cnn1-c1ccc(S(N)(=O)=O)cc1,test
CHEMBL5431270,CHEMBL230,7.05,2023.0,7.05,Nc1c(C(=O)N/N=C/c2ccc(Cl)cc2)cnn1-c1ccc(S(N)(=O)=O)cc1,test
CHEMBL5431461,CHEMBL230,4.07,2023.0,4.07,N#Cc1c(-c2ccccc2Cl)nc2c(/N=N/c3ccc(O)cc3)c(N)nn2c1N,train
CHEMBL54326,CHEMBL230,8.3,1996.0,8.3,Cc1ccc(-c2cc(F)c(F)cc2-c2ccc(S(N)(=O)=O)cc2)cc1C,test
CHEMBL54327,CHEMBL230,8.52,1996.0,8.52,Cc1ccc(-c2cc(F)c(F)cc2-c2ccc(S(N)(=O)=O)cc2)cc1Cl,test
CHEMBL5432941,CHEMBL230,6.16,2023.0,6.16,COc1ccc(/C=C/C(=O)c2nn(-c3ccc(Br)cc3)c(C)c2C(=O)/C=C/c2ccc(OC)cc2)cc1,train
CHEMBL5433854,CHEMBL230,6.19,2023.0,6.19,O=C(CNc1ncnc2sc3c(c12)CCCC3)NN=Cc1cccc(Cl)c1,train
CHEMBL5434060,CHEMBL230,6.04,2023.0,6.04,O=C(CNc1ncnc2sc3c(c12)CCCC3)NN=Cc1cccs1,train
CHEMBL54367,CHEMBL230,4.0,1996.0,4.0,CS(=O)(=O)c1ccc(-c2c(F)c(F)c(F)c(F)c2-c2ccc(F)cc2)cc1,test
CHEMBL54370,CHEMBL230,8.4,1996.0,8.4,Cc1ccc(-c2cc(F)c(F)cc2-c2ccc(S(N)(=O)=O)cc2)cc1,test
CHEMBL5437146,CHEMBL230,6.68,2023.0,6.68,NNC(=O)CNc1ncnc2sc3c(c12)CCCC3,train
CHEMBL5440386,CHEMBL230,4.522878745280337,2023.0,4.522878745280337,CC#C[C@@H](CC(=O)O)c1ccc(-c2ccc(C(F)(F)F)cc2)cc1,train
CHEMBL5440465,CHEMBL230,4.33,2023.0,4.33,Cc1cc(C)n2nc(N)c(/N=N/c3ccc(O)cc3)c2n1,test
CHEMBL54412,CHEMBL230,7.77,1996.0,7.77,NS(=O)(=O)c1ccc(-c2ccccc2-c2ccc(F)c(Cl)c2)cc1,test
CHEMBL54605,CHEMBL230,4.0,1996.0,4.0,COc1ccc(-c2ccccc2-c2ccc(S(C)(=O)=O)cc2)cc1F,test
CHEMBL54619,CHEMBL230,6.48,1996.0,6.48,Cc1ccc(-c2cc(F)c(F)cc2-c2ccc(S(N)(=O)=O)cc2)nc1,train
CHEMBL54649,CHEMBL230,7.68,1996.0,7.68,COc1ccc(-c2cc(F)c(F)cc2-c2ccc(S(C)(=O)=O)cc2)cc1F,test
CHEMBL54746,CHEMBL230,6.47,1996.0,6.47,CS(=O)(=O)c1ccc(-c2cc(F)c(F)cc2-c2ccc3c(c2)OCCO3)cc1,train
CHEMBL549393,CHEMBL230,8.025,2009.0,8.025,CCCCNc1nc(-c2ccc(S(C)(=O)=O)cc2)cc(C(F)(F)F)n1,train
CHEMBL54945,CHEMBL230,6.62,1996.0,6.62,CS(=O)(=O)c1ccc(-c2cc(Cl)c(Cl)cc2-c2ccc(F)cc2)cc1,test
CHEMBL549519,CHEMBL230,5.0,2009.0,5.0,CS(=O)(=O)c1ccc(-c2cc(C(F)(F)F)nc(NC3CCNCC3)n2)cc1,train
CHEMBL549927,CHEMBL230,5.0,2009.0,5.0,CS(=O)(=O)c1ccc(-c2cc(N)nc(NC3CCCCC3)n2)cc1,train
CHEMBL550069,CHEMBL230,7.92,2009.0,7.92,CS(=O)(=O)c1ccc(-c2cnc(CC3CCCCC3)nc2-c2ccc(F)cc2)cc1,train
CHEMBL550126,CHEMBL230,7.234999999999999,2009.0,7.234999999999999,CCCCOc1nc(-c2ccc(S(C)(=O)=O)cc2)cc(C(F)(F)F)n1,train
CHEMBL550473,CHEMBL230,7.54,2009.0,7.54,CS(=O)(=O)c1ccc(-c2cc(C(F)(F)F)nc(NCC3CCCCC3)n2)cc1,train
CHEMBL550537,CHEMBL230,7.48,2009.0,7.48,CC(C)(C)Oc1nc(-c2ccc(S(C)(=O)=O)cc2)cc(C(F)(F)F)n1,train
CHEMBL55072,CHEMBL230,7.89,1996.0,7.89,COc1ccc(-c2cc(F)c(F)cc2-c2ccc(S(N)(=O)=O)cc2)cc1F,test
CHEMBL550737,CHEMBL230,8.0,2009.0,8.0,Cc1cccc(Oc2nc(-c3ccc(S(C)(=O)=O)cc3)cc(C(F)(F)F)n2)c1,test
CHEMBL551017,CHEMBL230,7.2,2009.0,7.2,CC(C)Oc1nc(-c2ccc(S(C)(=O)=O)cc2)cc(C(F)(F)F)n1,train
CHEMBL551148,CHEMBL230,8.850000000000001,2009.0,8.850000000000001,CS(=O)(=O)c1ccc(-c2cc(C(F)(F)F)nc(NCc3ccc(F)cc3)n2)cc1,test
CHEMBL551418,CHEMBL230,8.0,2009.0,8.0,CS(=O)(=O)c1ccc(-c2cc(C(F)(F)F)nc(OC3CCCC3)n2)cc1,train
CHEMBL551419,CHEMBL230,7.66,2009.0,7.66,CS(=O)(=O)c1ccc(-c2cc(C(F)(F)F)nc(OCC3CCCC3)n2)cc1,test
CHEMBL551829,CHEMBL230,8.85,2009.0,8.85,CS(=O)(=O)c1ccc(-c2cc(C(F)(F)F)nc(NCc3ccccc3)n2)cc1,test
CHEMBL551830,CHEMBL230,8.0,2009.0,8.0,Cc1ccc(CNc2nc(-c3ccc(S(C)(=O)=O)cc3)cc(C(F)(F)F)n2)cc1,test
CHEMBL55188,CHEMBL230,6.85,1996.0,6.85,CS(=O)(=O)c1ccc(-c2ccccc2-c2ccc(Cl)cc2)cc1,test
CHEMBL55189,CHEMBL230,4.0,1996.0,4.0,CS(=O)(=O)c1ccc(-c2nccnc2-c2ccc(F)cc2)cc1,train
CHEMBL552081,CHEMBL230,8.0,2009.0,8.0,CS(=O)(=O)c1ccc(-c2cc(C(F)(F)F)nc(OC3CCCCC3)n2)cc1,val
CHEMBL552082,CHEMBL230,8.0,2009.0,8.0,CS(=O)(=O)c1ccc(-c2cc(C(F)(F)F)nc(OC3CCCCCCC3)n2)cc1,val
CHEMBL552145,CHEMBL230,5.28,2009.0,5.28,CS(=O)(=O)c1ccc(-c2cnc(CCc3ccccc3)nc2-c2ccc(F)cc2)cc1,test
CHEMBL55217,CHEMBL2094253,4.96,1990.0,4.96,Cc1cc(/C=C/c2cccnc2)cc(C)c1O,val
CHEMBL55224,CHEMBL230,4.0,1996.0,4.0,COc1c(Cl)cc(-c2cc(F)c(F)cc2-c2ccc(S(C)(=O)=O)cc2)cc1Cl,test
CHEMBL5523416,CHEMBL230,5.97,2024.0,5.97,Oc1cccc(N2[C@@H]3CC[C@H]2CN(CCCc2ccccc2)C3)c1,train
CHEMBL55293,CHEMBL2094253,5.85,1990.0,5.85,Cc1cc(/C=C/c2ccc(C(C)C)cc2)cc(C)c1O,train
CHEMBL553,CHEMBL230,5.0,2015.0,5.0,C#Cc1cccc(Nc2ncnc3cc(OCCOC)c(OCCOC)cc23)c1,test
CHEMBL553088,CHEMBL230,5.52,1996.0,5.52,CS(=O)(=O)c1ccc(-c2cc(N)sc2-c2ccc(F)cc2)cc1.Cl,train
CHEMBL5532578,CHEMBL230,5.82,2024.0,5.82,COc1ccc(NC(=O)c2c(-c3c(Cl)cccc3Cl)noc2C)cc1OC,train
CHEMBL5532591,CHEMBL230,6.28,2024.0,6.28,Cc1onc(-c2c(Cl)cccc2Cl)c1C(=O)Nc1ccc(-c2ccccc2)cc1,train
CHEMBL55348,CHEMBL230,7.89,1996.0,7.89,COc1ccc(-c2cc(F)c(F)cc2-c2ccc(S(N)(=O)=O)cc2)cc1Cl,test
CHEMBL55389,CHEMBL2094253,6.0,1990.0,6.0,Cc1cc(C(=O)c2cccs2)cc(C)c1O,test
CHEMBL55395,CHEMBL230,7.495,1996.0,7.495,NS(=O)(=O)c1ccc(-c2cc(F)c(F)cc2-c2ccc3c(c2)OCCO3)cc1,train
CHEMBL55435,CHEMBL2094253,5.0,1990.0,5.0,CCc1cc(/C=C/c2ccc(OC)cc2)cc(CC)c1O,train
CHEMBL55448,CHEMBL2094253,6.4,1990.0,6.4,Cc1cc(/C=C/c2csc3ccccc23)cc(C)c1O,test
CHEMBL554903,CHEMBL230,5.2,2009.0,5.2,CS(=O)(=O)c1ccc(-c2cnc(Cc3ccccn3)nc2-c2ccc(F)cc2)cc1,train
CHEMBL5558069,CHEMBL230,6.52,2024.0,6.52,Cc1onc(-c2c(Cl)cccc2Cl)c1C(=O)Nc1ccc(C(C)(C)C)cc1,train
CHEMBL5558625,CHEMBL230,6.22,2024.0,6.22,COc1ccccc1Oc1ccc(NC(=O)c2c(-c3c(Cl)cccc3Cl)noc2C)cc1,val
CHEMBL5561256,CHEMBL230,5.35,2024.0,5.35,COc1ccc(-n2cc(COC(=O)C(C)c3ccc(CC(C)C)cc3)nn2)cc1,val
CHEMBL5561303,CHEMBL230,6.14,2024.0,6.14,CSc1ccc(NC(=O)c2c(-c3c(Cl)cccc3Cl)noc2C)cc1,train
CHEMBL5561700,CHEMBL230,6.61,2024.0,6.61,Cc1onc(-c2c(Cl)cccc2Cl)c1C(=O)Nc1ccc(OC(F)(F)F)cc1,train
CHEMBL5562199,CHEMBL230,6.31,2024.0,6.31,COc1cc(NC(=O)c2c(-c3c(Cl)cccc3Cl)noc2C)cc(OC)c1,train
CHEMBL5562342,CHEMBL230,5.92,2024.0,5.92,COc1cc(Cl)cc(OC)c1NC(=O)c1c(-c2c(Cl)cccc2Cl)noc1C,train
CHEMBL5563326,CHEMBL230,4.301029995663981,2024.0,4.301029995663981,Cc1onc(-c2ccc(OCc3ccccc3)cc2)c1-c1ccc(OCc2ccccc2)cc1,train
CHEMBL5563480,CHEMBL230,4.301029995663981,2024.0,4.301029995663981,CCCCOc1ccc(-c2c(-c3ccc(OC)cc3)noc2C)cc1,train
CHEMBL5563763,CHEMBL230,6.96,2024.0,6.96,CCCn1nc(Oc2ccccc2C)ccc1=O,val
CHEMBL5564056,CHEMBL230,4.0,2024.0,4.0,C=CCc1cccc(-c2nc(-c3ccccc3Cl)c(-c3ccccc3Cl)[nH]2)c1OC(=O)COC,test
CHEMBL5564115,CHEMBL230,5.04,2024.0,5.04,Cc1ccc(C(C)C)c(O)c1/C=N/N=C1/SC(CC(=O)O)C(=O)N1c1cccc2ccccc12,val
CHEMBL5564400,CHEMBL230,4.91,2024.0,4.91,CC(C)Cc1ccc(C(C)C(=O)OCc2cn(-c3ccc(Cl)cc3)nn2)cc1,val
CHEMBL5564416,CHEMBL230,7.03,2024.0,7.03,CN/N=C/c1coc2ccc(OC)cc2c1=O,test
CHEMBL5564448,CHEMBL230,4.301029995663981,2024.0,4.301029995663981,O=C(O)Cc1onc(-c2ccc(OCc3ccccc3)cc2)c1-c1ccc(OCc2ccccc2)cc1,train
CHEMBL5564555,CHEMBL230,6.47,2024.0,6.47,COC(=O)N/N=C/c1coc2cc(OC)ccc2c1=O,test
CHEMBL5564783,CHEMBL230,4.301029995663981,2024.0,4.301029995663981,O=C(O)Cc1onc(-c2ccc(Oc3ccccc3)cc2)c1-c1ccc(Oc2ccccc2)cc1,train
CHEMBL5565293,CHEMBL230,5.82,2024.0,5.82,COc1ccccc1C1=Nn2c(Cc3ccccc3Nc3c(Cl)cccc3Cl)nnc2SC1,test
CHEMBL5565667,CHEMBL230,6.72,2024.0,6.72,CN/N=C/c1coc2ccccc2c1=O,test
CHEMBL5566103,CHEMBL230,5.88,2024.0,5.88,COc1cc(NC(=O)c2c(-c3c(Cl)cccc3Cl)noc2C)cc(OC)c1OC,train
CHEMBL5566175,CHEMBL230,7.31,2024.0,7.31,O=C(N/N=C/c1coc2ccccc2c1=O)OCc1ccccc1,train
CHEMBL556724,CHEMBL230,5.333482019445119,2009.0,5.333482019445119,CS(=O)(=O)c1ccc(-c2cnc(Oc3ccccc3)nc2-c2ccc(F)cc2)cc1,train
CHEMBL5567378,CHEMBL230,4.301029995663981,2024.0,4.301029995663981,CCCCOc1ccc(-c2noc(CC(=O)O)c2-c2ccc(OCCCC)cc2)cc1,train
CHEMBL5567935,CHEMBL230,5.46,2024.0,5.46,Cc1onc(-c2c(Cl)cccc2Cl)c1C(=O)Nc1ccccc1,train
CHEMBL55680,CHEMBL2094253,6.72,1990.0,6.72,CCCOc1ccc(/C=C/c2cc(C)c(O)c(C)c2)cc1,train
CHEMBL5568508,CHEMBL230,6.13,2024.0,6.13,CC(C)Cc1ccc(C(C)C(=O)OCc2cn(-c3ccccc3Cl)nn2)cc1,val
CHEMBL5568820,CHEMBL230,5.85,2023.0,5.85,O=C(/C=C/c1ccc(Br)cc1)c1cc(-n2cc(CN3C(=O)C(=O)c4ccccc43)nn2)ccc1O,train
CHEMBL5569005,CHEMBL230,7.43,2024.0,7.43,COc1ccc(N2C(=O)C(CC(=O)O)S/C2=N/N=C/c2c(C)ccc(C(C)C)c2O)cc1,train
CHEMBL5569084,CHEMBL230,6.33,2024.0,6.33,CN/N=C/c1coc2cc(OC)ccc2c1=O,test
CHEMBL556929,CHEMBL230,7.07,2009.0,7.07,CN(c1ccccc1)c1ncc(-c2ccc(S(C)(=O)=O)cc2)c(-c2ccc(F)cc2)n1,train
CHEMBL5569519,CHEMBL230,4.301029995663981,2024.0,4.301029995663981,CCCCOc1ccc(-c2noc(C)c2-c2ccc(OCCCC)cc2)cc1,train
CHEMBL5569710,CHEMBL230,4.301029995663981,2024.0,4.301029995663981,CCOc1ccc(-c2noc(C)c2-c2ccc(OCC)cc2)cc1,train
CHEMBL5569838,CHEMBL230,7.04,2024.0,7.04,Cc1ccc(C(C)C)c(O)c1/C=N/N=C1\NC(=O)C(CC(=O)O)S1,test
CHEMBL5570107,CHEMBL230,4.301029995663981,2024.0,4.301029995663981,CCCOc1ccc(-c2noc(C)c2-c2ccc(OCCC)cc2)cc1,train
CHEMBL5570747,CHEMBL230,5.06,2024.0,5.06,Cc1ccc(-c2csc(NC(=O)/C=C/c3ccc(O)c(O)c3)n2)cc1,train
CHEMBL5570797,CHEMBL230,5.54,2024.0,5.54,COc1cc(/C=C2/Oc3cc(O)ccc3C2=O)cc(OC)c1,train
CHEMBL5571205,CHEMBL230,5.31,2024.0,5.31,COc1ccc2c(c1)O/C(=C/c1cc(O)cc(O)c1)C2=O,train
CHEMBL557128,CHEMBL230,7.24,2009.0,7.24,CS(=O)(=O)c1ccc(-c2cnc(C(O)c3ccccc3)nc2-c2ccc(F)cc2)cc1,train
CHEMBL5571322,CHEMBL230,4.301029995663981,2024.0,4.301029995663981,Cc1onc(-c2ccc(OC(C)(C)C)cc2)c1-c1ccc(OC(C)(C)C)cc1,train
CHEMBL5571714,CHEMBL230,4.301029995663981,2024.0,4.301029995663981,CCCOc1ccc(-c2c(-c3ccc(OC)cc3)noc2C)cc1,train
CHEMBL5572235,CHEMBL230,8.19,2023.0,8.19,COc1ccc(/C(N)=N/OC(=O)C(C)c2ccc3cc(OC)ccc3c2)cc1,train
CHEMBL5572292,CHEMBL230,4.301029995663981,2024.0,4.301029995663981,CCOc1ccc(-c2noc(CC(=O)O)c2-c2ccc(OCC)cc2)cc1,train
CHEMBL5572619,CHEMBL230,4.301029995663981,2024.0,4.301029995663981,CCOc1ccc(-c2c(-c3ccc(OC)cc3)noc2CC(=O)O)cc1,train
CHEMBL5572914,CHEMBL230,5.16,2024.0,5.16,CCCOc1ccc(-c2c(-c3ccc(OC)cc3)noc2CC(=O)O)cc1,train
CHEMBL5573040,CHEMBL230,6.35,2024.0,6.35,CCCCOc1ccc(-c2c(-c3ccc(OC)cc3)noc2CC(=O)O)cc1,train
CHEMBL5573058,CHEMBL230,4.301029995663981,2024.0,4.301029995663981,Cc1onc(-c2ccc(Oc3ccccc3)cc2)c1-c1ccc(Oc2ccccc2)cc1,train
CHEMBL5573343,CHEMBL230,6.62,2024.0,6.62,Cc1cc(C)n(-c2ccc(=O)n(Cc3ccccc3)n2)n1,train
CHEMBL5573650,CHEMBL230,4.0,2024.0,4.0,C=CCc1cccc(-c2nc(-c3ccccc3Cl)c(-c3ccccc3Cl)[nH]2)c1OC(C)=O,test
CHEMBL55737,CHEMBL2094253,6.23,1990.0,6.23,Cc1cc(/C=C/c2cccc3ccccc23)cc(C)c1O,train
CHEMBL5573862,CHEMBL230,4.301029995663981,2024.0,4.301029995663981,CCOc1ccc(-c2c(-c3ccc(OC)cc3)noc2C)cc1,train
CHEMBL5574361,CHEMBL230,7.24,2024.0,7.24,COc1ccc2c(=O)c(/C=N/NC(=O)OCc3ccccc3)coc2c1,train
CHEMBL5574465,CHEMBL230,5.85,2023.0,5.85,CN(C)c1ccc(/C=C/C(=O)c2cc(-n3cc(CN4C(=O)C(=O)c5ccccc54)nn3)ccc2O)cc1,train
CHEMBL5574567,CHEMBL230,4.0,2024.0,4.0,CCOc1ccc(N)cc1C(=O)Nc1cccc(C(F)(F)F)c1,val
CHEMBL5574653,CHEMBL230,4.301029995663981,2024.0,4.301029995663981,COc1ccc(-c2noc(C)c2-c2ccc(OCc3ccccc3)cc2)cc1,train
CHEMBL5575020,CHEMBL230,5.04,2024.0,5.04,Clc1ccc(-c2cc(-c3ccco3)no2)c(Cl)c1,test
CHEMBL5575442,CHEMBL230,4.301029995663981,2024.0,4.301029995663981,COc1ccc(-c2noc(CC(=O)O)c2-c2ccc(OC(C)(C)C)cc2)cc1,train
CHEMBL557874,CHEMBL230,5.0,2009.0,5.0,CS(=O)(=O)c1ccc(-c2ccnc(NC3CCCCC3)n2)cc1,train
CHEMBL5579661,CHEMBL230,4.301029995663981,2024.0,4.301029995663981,COc1ccc(-c2noc(CC(=O)O)c2-c2ccc(OCc3ccccc3)cc2)cc1,train
CHEMBL5579684,CHEMBL230,7.05,2024.0,7.05,COc1ccc2occ(/C=N/NC(=O)OCc3ccccc3)c(=O)c2c1,train
CHEMBL5579718,CHEMBL230,6.0,2023.0,6.0,O=C1c2ccccc2C(=O)N1c1nc2cc([N+](=O)[O-])ccc2n1Cc1cccc(-c2ccccc2)c1,val
CHEMBL5579730,CHEMBL230,6.72,2024.0,6.72,Cc1ccccc1Oc1ccc(=O)n(CN2C(=O)c3ccccc3C2=O)n1,train
CHEMBL55805,CHEMBL230,8.52,1996.0,8.52,Cc1cc(-c2cc(F)c(F)cc2-c2ccc(S(N)(=O)=O)cc2)ccc1Cl,test
CHEMBL558230,CHEMBL230,7.64,2009.0,7.64,Cn1cccc1Cc1ncc(-c2ccc(S(C)(=O)=O)cc2)c(-c2ccc(F)cc2)n1,train
CHEMBL558340,CHEMBL230,8.52,1996.0,8.52,CS(=O)(=O)c1ccc(C2=C(c3ccc(Cl)c(Cl)c3)CC3(CC3)C2)cc1,test
CHEMBL5583683,CHEMBL230,4.301029995663981,2024.0,4.301029995663981,COc1ccc(-c2noc(C)c2-c2ccc(Oc3ccccc3)cc2)cc1,test
CHEMBL5583692,CHEMBL230,4.25,2024.0,4.25,COc1ccc(/C=N/C2=NN=C(N)C2c2ccc(Cl)nn2)cc1,train
CHEMBL5583992,CHEMBL230,5.01,2024.0,5.01,NC1=NN=C(/N=C/c2cccc(Br)c2)C1c1ccc(Cl)nn1,train
CHEMBL5584099,CHEMBL230,7.37,2024.0,7.37,CN(C)c1ccc(/C=C/C(=O)c2cccc(-n3cc(CN4C(=O)C(=O)c5ccccc54)nn3)c2)cc1,train
CHEMBL558727,CHEMBL230,6.57,2009.0,6.57,CS(=O)(=O)c1ccc(-c2cc(C(F)(F)F)nc(N)n2)cc1,train
CHEMBL558728,CHEMBL230,8.3,2009.0,8.3,CCCNc1nc(-c2ccc(S(C)(=O)=O)cc2)cc(C(F)(F)F)n1,train
CHEMBL55880,CHEMBL2094253,5.0,1990.0,5.0,Cc1cc(/C=C2\CCOC2=O)cc(C)c1O,train
CHEMBL558929,CHEMBL230,5.99,2009.0,5.99,CS(=O)(=O)c1ccc(-c2cc(C(F)(F)F)nc(OCC3CCCCCC3)n2)cc1,train
CHEMBL5589790,CHEMBL230,4.91,2024.0,4.91,COc1ccc(/C=N/C2=NNC(=O)C2c2ccc(Cl)nn2)cc1,train
CHEMBL559056,CHEMBL230,5.95,2009.0,5.95,CC(C)c1ncc(-c2ccc(S(C)(=O)=O)cc2)c(-c2ccc(F)cc2)n1,train
CHEMBL559089,CHEMBL230,4.275,2012.0,4.275,O=C(/C=C/c1ccc(O)c(O)c1)NCCc1c[nH]c2ccc(O)cc12,train
CHEMBL5591112,CHEMBL230,5.44,2024.0,5.44,CCCOc1ccc(-c2noc(CC(=O)O)c2-c2ccc(OCCC)cc2)cc1,train
CHEMBL5591193,CHEMBL230,5.42,2024.0,5.42,NC1=NN=C(/N=C/c2ccc(Cl)cc2)C1c1ccc(Cl)nn1,train
CHEMBL5591377,CHEMBL230,4.0,2024.0,4.0,N#Cc1cc(-c2ccc(C(=O)N3CCNCC3)cc2)ccc1-n1cc(O)c(=O)c(C(=O)O)c1,train
CHEMBL5591549,CHEMBL230,4.301029995663981,2024.0,4.301029995663981,CC(C)(C)Oc1ccc(-c2noc(CC(=O)O)c2-c2ccc(OC(C)(C)C)cc2)cc1,train
CHEMBL5591853,CHEMBL230,6.64,2024.0,6.64,COC(=O)N/N=C/c1coc2ccc(OC)cc2c1=O,test
CHEMBL5591890,CHEMBL230,5.04,2024.0,5.04,O=C1NN=C(/N=C/c2ccc(Cl)cc2)C1c1ccc(Cl)nn1,train
CHEMBL5591913,CHEMBL230,5.82,2024.0,5.82,COc1cc(/C=N/C2=NNC(=O)C2c2ccc(Cl)nn2)cc(OC)c1OC,train
CHEMBL5592380,CHEMBL230,4.0,2024.0,4.0,O=C(O)c1cn(-c2ccc(-c3ccc(C(=O)N4CCNCC4)cc3)cc2)cc(O)c1=O,train
CHEMBL5592921,CHEMBL230,8.75,2023.0,8.75,COc1ccc2cc(C(C)C(=O)O/N=C(\N)c3ccc(-c4ccccc4)c(-c4ccccc4)c3)ccc2c1,test
CHEMBL5593287,CHEMBL230,5.6,2024.0,5.6,NC1=NN=C(/N=C/c2ccc(Br)cc2)C1c1ccc(Cl)nn1,train
CHEMBL5593821,CHEMBL230,4.301029995663981,2024.0,4.301029995663981,COc1ccc(-c2noc(C)c2-c2ccc(OC(C)(C)C)cc2)cc1,train
CHEMBL5593987,CHEMBL230,5.94,2024.0,5.94,COc1cc(/C=N/C2=NN=C(N)C2c2ccc(Cl)nn2)cc(OC)c1OC,train
CHEMBL5594207,CHEMBL230,5.41,2024.0,5.41,O=C1NN=C(/N=C/c2ccc(Br)cc2)C1c1ccc(Cl)nn1,train
CHEMBL559422,CHEMBL230,5.142667503568732,2009.0,5.142667503568732,CS(=O)(=O)c1ccc(-c2cnc(Sc3ccccc3)nc2-c2ccc(F)cc2)cc1,train
CHEMBL5594504,CHEMBL230,8.19,2023.0,8.19,COc1ccc2cc(C(C)C(=O)O/N=C(\N)c3ccc4c(c3)OCO4)ccc2c1,train
CHEMBL5594691,CHEMBL230,5.11,2024.0,5.11,NC1=NN=C(/N=C/c2cccc(O)c2)C1c1ccc(Cl)nn1,train
CHEMBL5595090,CHEMBL230,4.68,2024.0,4.68,O=C1NN=C(/N=C/c2cccc(Br)c2)C1c1ccc(Cl)nn1,train
CHEMBL5595152,CHEMBL230,4.301029995663981,2024.0,4.301029995663981,COc1ccc(-c2noc(CC(=O)O)c2-c2ccc(Oc3ccccc3)cc2)cc1,test
CHEMBL5595694,CHEMBL230,5.27,2024.0,5.27,O=C1NN=C(/N=C/c2cccc(O)c2)C1c1ccc(Cl)nn1,train
CHEMBL5595934,CHEMBL230,6.24,2024.0,6.24,N=C1/C(=N/Nc2ccc(Cl)cc2)C(N)=NN1c1ccc(S(N)(=O)=O)cc1,train
CHEMBL55960,CHEMBL2094253,5.38,1990.0,5.38,Cc1cc(/C=C/c2ccccc2)cc(C)c1O,train
CHEMBL559613,CHEMBL230,8.52,2009.0,8.52,Cc1ccc(N(C)c2nc(-c3ccc(S(C)(=O)=O)cc3)cc(C(F)(F)F)n2)cc1,train
CHEMBL5596177,CHEMBL230,5.61,2024.0,5.61,O=C(/C=C/c1ccc(F)cc1)c1cccc(NC(=O)c2ccc(Cl)cc2)c1,train
CHEMBL5596467,CHEMBL230,5.79,2024.0,5.79,Cc1ccc(C(=O)Nc2cccc(C(=O)/C=C/c3ccc(F)cc3)c2)cc1,train
CHEMBL55976,CHEMBL2094253,5.0,1990.0,5.0,Cc1cc(CCC(=O)c2ccc(F)cc2)cc(C)c1O,train
CHEMBL559812,CHEMBL230,5.0,2009.0,5.0,Cc1c(-c2ccc(S(C)(=O)=O)cc2)nc(NC2CCCCC2)nc1C(F)(F)F,train
CHEMBL559886,CHEMBL230,7.75,2009.0,7.75,CS(=O)(=O)c1ccc(-c2cc(C(F)(F)F)nc(NC3CCOCC3)n2)cc1,train
CHEMBL559952,CHEMBL230,6.56,2009.0,6.56,CS(=O)(=O)c1ccc(-c2cnc(Cc3ccc(F)cc3)nc2-c2ccc(F)cc2)cc1,train
CHEMBL560013,CHEMBL230,6.14,2009.0,6.14,CS(=O)(=O)c1ccc(-c2cnc(Cc3ccccc3)[n+]([O-])c2-c2ccc(F)cc2)cc1,train
CHEMBL560088,CHEMBL230,7.37,2009.0,7.37,CS(=O)(=O)c1ccc(-c2cnc(Cc3ccccc3O)nc2-c2ccc(F)cc2)cc1,train
CHEMBL56009,CHEMBL2094253,6.2,1990.0,6.2,C/C(=C\c1cc(C)c(O)c(C)c1)c1ccc(F)cc1,train
CHEMBL560284,CHEMBL230,7.8,2009.0,7.8,CS(=O)(=O)c1ccc(-c2cc(OCC(F)(F)F)nc(NC3CCCCC3)n2)cc1,train
CHEMBL560285,CHEMBL230,5.0,2009.0,5.0,Cc1cnc(NC2CCCCC2)nc1-c1ccc(S(C)(=O)=O)cc1,train
CHEMBL56039,CHEMBL2094253,5.6,1990.0,5.6,Cc1cc(/C=C/c2ccccn2)cc(C)c1O,train
CHEMBL560887,CHEMBL230,7.96,2009.0,7.96,Cc1ccc(Nc2nc(-c3ccc(S(C)(=O)=O)cc3)cc(C(F)(F)F)n2)cc1,train
CHEMBL561005,CHEMBL230,8.0,2009.0,8.0,CS(=O)(=O)c1ccc(-c2cc(C(F)(F)F)nc(OC3CCCCCC3)n2)cc1,train
CHEMBL561086,CHEMBL230,8.14,2009.0,8.14,CS(=O)(=O)c1ccc(-c2cc(C(F)(F)F)nc(Nc3ccc(F)cc3)n2)cc1,train
CHEMBL561539,CHEMBL230,5.0,2009.0,5.0,Cc1c(CC(=O)O)c2cccnc2n1S(=O)(=O)c1ccc(Cl)cc1,train
CHEMBL561609,CHEMBL230,8.62,2009.0,8.62,NS(=O)(=O)c1ccc(-c2cc(C(F)(F)F)nc(NC3CCCCC3)n2)cc1,train
CHEMBL561888,CHEMBL230,6.94,2009.0,6.94,CS(=O)(=O)c1ccc(-c2cnc(Cc3ccc(F)cc3F)nc2-c2ccc(F)cc2)cc1,train
CHEMBL561891,CHEMBL230,8.255,2009.0,8.255,CS(=O)(=O)c1ccc(-c2cc(C(F)(F)F)nc(NC3CCCCC3)n2)cc1,train
CHEMBL5619134,CHEMBL230,5.67,2024.0,5.67,Cc1ccc(C(=O)NCCc2c[nH]c3ccc(N(C)C)cc23)c(O)c1,train
CHEMBL561950,CHEMBL230,8.25,2009.0,8.25,CS(=O)(=O)c1ccc(-c2cc(C(F)(F)F)nc(Nc3ccccc3)n2)cc1,train
CHEMBL56196,CHEMBL2094253,5.0,1990.0,5.0,Cc1cc(/C=C/c2ccc3ccccc3c2)cc(C)c1O,test
CHEMBL5624451,CHEMBL230,4.3,2023.0,4.3,O=C(OCc1c(-c2ccccc2)no[n+]1[O-])c1nc(CCl)n(-c2ccccc2F)n1,train
CHEMBL5624550,CHEMBL230,5.95,2023.0,5.95,O=C(OCc1c(-c2ccccc2)no[n+]1[O-])c1nc(CCl)n(-c2ccc(F)cc2)n1,train
CHEMBL5624611,CHEMBL230,4.3,2023.0,4.3,O=C(OCc1c(-c2ccccc2)no[n+]1[O-])c1nc(CCl)n(-c2ccccc2C(F)(F)F)n1,train
CHEMBL5624832,CHEMBL230,4.3,2023.0,4.3,Cc1cccc(-n2nc(C(=O)OCc3c(-c4ccccc4)no[n+]3[O-])nc2CCl)c1,train
CHEMBL5624959,CHEMBL230,6.89,2023.0,6.89,O=C(OCc1c(-c2ccccc2)no[n+]1[O-])c1nc(CCl)n(-c2ccc(C(F)(F)F)cc2)n1,train
CHEMBL562498,CHEMBL230,5.24,2018.0,5.24,COc1cc2c(cc1O)CCc1cc(O)cc(OC)c1-2,train
CHEMBL562768,CHEMBL230,6.16,2009.0,6.16,CS(=O)(=O)c1ccc(-c2cnc(NCc3ccccc3)nc2-c2ccc(F)cc2)cc1,train
CHEMBL562791,CHEMBL230,8.0,2009.0,8.0,CS(=O)(=O)c1ccc(-c2cc(C(F)(F)F)nc(OC3CCC3)n2)cc1,train
CHEMBL56283,CHEMBL2094253,6.0,1990.0,6.0,Cc1cc(/C=C/c2ccccc2OCc2ccccc2)cc(C)c1O,train
CHEMBL563,CHEMBL230,6.215,1999.0,6.215,CC(C(=O)O)c1ccc(-c2ccccc2)c(F)c1,train
CHEMBL5630020,CHEMBL230,7.35,2023.0,7.35,O=C(OCc1c(-c2ccccc2)no[n+]1[O-])c1nc(CCl)n(-c2cccc(C(F)(F)F)c2)n1,train
CHEMBL5630110,CHEMBL230,6.23,2023.0,6.23,O=C(OCc1c(-c2ccccc2)no[n+]1[O-])c1nc(CCl)n(-c2cccc(F)c2)n1,train
CHEMBL5630443,CHEMBL230,5.35,2023.0,5.35,COc1ccc(-n2nc(C(=O)OCc3c(-c4ccccc4)no[n+]3[O-])nc2CCl)cc1,train
CHEMBL5630837,CHEMBL230,4.42,2023.0,4.42,Cc1ccc(-n2nc(C(=O)OCc3c(-c4ccccc4)no[n+]3[O-])nc2CCl)cc1,train
CHEMBL5630924,CHEMBL230,6.16,2023.0,6.16,O=C(OCc1c(-c2ccccc2)no[n+]1[O-])c1nc(CCl)n(-c2ccccc2)n1,train
CHEMBL5631029,CHEMBL230,5.16,2023.0,5.16,N#Cc1ccc(-n2nc(C(=O)OCc3c(-c4ccccc4)no[n+]3[O-])nc2CCl)cc1,train
CHEMBL5631308,CHEMBL230,7.12,2023.0,7.12,COc1ccc(-c2nc(Nc3ccc(F)cc3)c3c4c(sc3n2)CCCC4)cc1,train
CHEMBL5631482,CHEMBL230,7.16,2024.0,7.16,NS(=O)(=O)c1ccc(-c2sncc2-c2ccc(F)cc2)cc1,test
CHEMBL5631674,CHEMBL230,4.8,2024.0,4.8,CCC(SC1=NC(c2ccccc2)C(c2ccccc2)N1)C(=O)O,test
CHEMBL5631731,CHEMBL230,7.0,2023.0,7.0,COc1cc(-c2nc(Nc3ccc(C)cc3)c3c4c(sc3n2)CCCC4)cc(OC)c1OC,train
CHEMBL5631812,CHEMBL230,6.28,2023.0,6.28,CSc1nnc2n(Cc3ccccc3)c(=O)c3c4c(sc3n12)CCCC4,test
CHEMBL5631827,CHEMBL230,6.65,2023.0,6.65,CS(=O)(=O)c1ccc(C2CN(c3ccc(C(F)(F)F)cc3)N=N2)cc1,test
CHEMBL5631928,CHEMBL230,7.02,2023.0,7.02,Fc1ccc(Nc2nc(-c3ccc(Cl)cc3)nc3sc4c(c23)CCCC4)cc1,train
CHEMBL5632088,CHEMBL230,7.19,2023.0,7.19,COc1ccc(-c2nc(NNc3ncnc4sc5c(c34)CCCC5)c3c4c(sc3n2)CCCC4)cc1,train
CHEMBL5632158,CHEMBL230,7.16,2023.0,7.16,O=c1[nH]/c(=C\c2nnc(-c3ccc(O)cc3)s2)s/c1=C\c1ccc(Cl)c(Cl)c1,train
CHEMBL5632241,CHEMBL230,6.82,2023.0,6.82,O=[N+]([O-])c1ccc(-c2nc(Nc3ccc(F)cc3)c3c4c(sc3n2)CCCC4)cc1,train
CHEMBL5632591,CHEMBL230,7.1,2023.0,7.1,O=C(C/C(=C/c1cccc([N+](=O)[O-])c1)c1n[nH]c(=S)o1)c1ccc(Cl)c(Cl)c1,train
CHEMBL5632616,CHEMBL230,7.15,2023.0,7.15,O=[N+]([O-])c1ccc(-c2nc(Nc3ccc(Br)cc3)c3c4c(sc3n2)CCCC4)cc1,train
CHEMBL563262,CHEMBL230,5.0,2009.0,5.0,O=S1(=O)CCCCCNc2nc(cc(C(F)(F)F)n2)-c2ccc1cc2,val
CHEMBL5632717,CHEMBL230,7.17,2023.0,7.17,COc1cc(-c2nc(Nc3ccc(F)cc3)c3c4c(sc3n2)CCCC4)cc(OC)c1OC,train
CHEMBL5632749,CHEMBL230,4.59,2024.0,4.59,O=C(Nc1ccccc1NC(=O)c1ccc2c(c1)OCO2)c1ccc2c(c1)OCO2,test
CHEMBL5632824,CHEMBL230,7.07,2023.0,7.07,Cc1ccc(Nc2nc(-c3ccc(Cl)cc3)nc3sc4c(c23)CCCC4)cc1,train
CHEMBL5632910,CHEMBL230,6.92,2023.0,6.92,Cc1ccc(Nc2nc(-c3ccc([N+](=O)[O-])cc3)nc3sc4c(c23)CCCC4)cc1,train
CHEMBL5632914,CHEMBL230,6.97,2023.0,6.97,Clc1ccc(-c2nc(Nc3ccc(Br)cc3)c3c4c(sc3n2)CCCC4)cc1,train
CHEMBL5632956,CHEMBL230,7.11,2023.0,7.11,Clc1ccc(-c2nc(Nc3cccc(Br)c3)c3c4c(sc3n2)CCCC4)cc1,train
CHEMBL5633161,CHEMBL230,4.83,2024.0,4.83,O=C(c1ccc(Cl)cc1)c1coc2c1cc(O)c1ccccc12,train
CHEMBL563322,CHEMBL230,8.3,2009.0,8.3,CS(=O)(=O)c1ccc(-c2cc(C(F)(F)F)nc(NCC3CCOCC3)n2)cc1,train
CHEMBL5633560,CHEMBL230,7.0,2023.0,7.0,COc1cc(/C=C2\S/C(=N/c3nnc(C)s3)NC2=O)cc(OC)c1OC,test
CHEMBL5633653,CHEMBL230,6.97,2023.0,6.97,O=[N+]([O-])c1ccc(-c2nc(Nc3cccc(Br)c3)c3c4c(sc3n2)CCCC4)cc1,train
CHEMBL5633780,CHEMBL230,7.12,2023.0,7.12,COc1ccc(-c2nc(Nc3ccc(Br)cc3)c3c4c(sc3n2)CCCC4)cc1,train
CHEMBL563455,CHEMBL230,6.98,2009.0,6.98,CS(=O)(=O)c1ccc(-c2cnc(Cc3ccccc3)nc2-c2ccc(F)cc2)cc1,train
CHEMBL563480,CHEMBL230,4.600000074606178,2009.0,4.600000074606178,CCN1CCOc2ccc(C(=O)Nc3nnc(-c4c(Cl)cccc4Cl)s3)cc21,train
CHEMBL56365,CHEMBL2094253,5.0,1990.0,5.0,Cc1cc(/C=C/c2ccccc2C(=O)O)cc(C)c1O,train
CHEMBL56367,CHEMBL230,5.865,1997.0,5.865,CS(=O)(=O)Nc1ccc([N+](=O)[O-])cc1Oc1ccccc1,val
CHEMBL563759,CHEMBL230,5.0,2009.0,5.0,CS(=O)(=O)c1ccc(-c2cc(C(N)=O)nc(NC3CCCCC3)n2)cc1,train
CHEMBL56422,CHEMBL2094253,6.0,1990.0,6.0,Cc1cc(/C=C/c2cc(F)cc(F)c2)cc(C)c1O,train
CHEMBL56460,CHEMBL2094253,6.0,1990.0,6.0,Cc1cc(/C=C/c2ccccc2Br)cc(C)c1O,train
CHEMBL56461,CHEMBL2094253,5.6,1990.0,5.6,Cc1cccc(/C=C/c2cc(C)c(O)c(C)c2)c1,train
CHEMBL564729,CHEMBL230,7.35,2009.0,7.35,CS(=O)(=O)c1ccc(-c2cc(C(F)(F)F)nc(OCC3CCCCC3)n2)cc1,train
CHEMBL564962,CHEMBL230,7.25,2009.0,7.25,CS(=O)(=O)c1ccc(-c2cnc(Nc3ccccc3)nc2-c2ccc(F)cc2)cc1,train
CHEMBL564993,CHEMBL230,8.0,2009.0,8.0,Cc1ccc(Oc2nc(-c3ccc(S(C)(=O)=O)cc3)cc(C(F)(F)F)n2)cc1,test
CHEMBL56531,CHEMBL2094253,5.0,1990.0,5.0,COc1ccc(/C=C/c2cc(C(C)C)c(O)c(C(C)C)c2)cc1,train
CHEMBL56551,CHEMBL2094253,6.29,1990.0,6.29,CCc1ccc(/C=C/c2cc(C)c(O)c(C)c2)cc1,train
CHEMBL56563,CHEMBL2094253,6.52,1990.0,6.52,Cc1cc(CCc2ccc(F)cc2)cc(C)c1O,test
CHEMBL56576,CHEMBL2094253,5.89,1990.0,5.89,Cc1ccc(C)c(/C=C/c2cc(C)c(O)c(C)c2)c1,train
CHEMBL566929,CHEMBL230,5.0,2014.0,5.0,CC(C)=CCC[C@H](C(=O)O)[C@H]1CC[C@]2(C)C3=C(CC[C@@]12C)[C@@]1(C)CCC(=O)C(C)(C)[C@H]1CC3,train
CHEMBL567160,CHEMBL230,6.05,2009.0,6.05,CC(=O)OCO/N=[N+](\[O-])N1CCC[C@H]1COC(=O)Cc1ccc(-c2cc(C(F)(F)F)nn2-c2ccc(S(N)(=O)=O)cc2)cc1,train
CHEMBL56798,CHEMBL2094253,6.11,1990.0,6.11,Cc1cc(/C=C/c2cccs2)cc(C)c1O,train
CHEMBL56833,CHEMBL2094253,6.14,1990.0,6.14,C=CCc1cc(/C=C/c2cccs2)cc(C)c1O,train
CHEMBL568715,CHEMBL230,5.34,2009.0,5.34,CC(=O)OCO/N=[N+](\[O-])N(C)CCOC(=O)Cc1ccc(-c2cc(C(F)(F)F)nn2-c2ccc(S(C)(=O)=O)cc2)cc1,train
CHEMBL568719,CHEMBL230,5.46,2009.0,5.46,CC(=O)OCO/N=[N+](\[O-])N(C)CCOC(=O)Cc1ccc(-c2cc(C(F)(F)F)nn2-c2ccc(S(N)(=O)=O)cc2)cc1,train
CHEMBL568723,CHEMBL230,6.05,2009.0,6.05,CC(=O)OCO/N=[N+](\[O-])N1CCC[C@H]1COC(=O)Cc1ccc(-c2cc(C(F)(F)F)nn2-c2ccc(S(C)(=O)=O)cc2)cc1,train
CHEMBL57016,CHEMBL2094253,6.0,1990.0,6.0,Cc1cc(/C=C/c2cccs2)cc(F)c1O,train
CHEMBL570773,CHEMBL230,5.0,2009.0,5.0,CS(=O)(=O)c1ccc(-c2cc(C(=O)O)nc(NC3CCCCC3)n2)cc1,train
CHEMBL571,CHEMBL230,6.79,2002.0,6.79,CC(C(=O)O)c1cccc(C(=O)c2ccccc2)c1,train
CHEMBL571658,CHEMBL230,5.36,2009.0,5.36,O=C(O)c1ccc(-c2ccn(C(F)F)c(=O)c2)cc1O,train
CHEMBL571852,CHEMBL230,4.75,2009.0,4.75,CC(=O)NS(=O)(=O)c1ccc(-c2ccn(C(F)F)c(=O)c2)cc1C(=O)O,train
CHEMBL57298,CHEMBL2094253,5.0,1990.0,5.0,CC(C)c1cc(/C=C/c2ccc(F)cc2)cc(C(C)C)c1O,train
CHEMBL57358,CHEMBL2094253,5.89,1990.0,5.89,Cc1cc(/C=C/c2ccc(F)cc2)cc(C)c1O,train
CHEMBL5742625,CHEMBL230,7.64,2019.0,7.64,Cc1ncc(-c2ccc(C(C(=O)Nc3cccc(C(C)CC(=O)O)c3C)C3CCCC3)cc2F)cc1Cl,train
CHEMBL5744428,CHEMBL230,7.41,2019.0,7.41,Cc1c(CCC(=O)O)cccc1NC(=O)C(c1ccc(-c2cncc(OC(C)C)c2)c(F)c1)C1CCC1,train
CHEMBL5747117,CHEMBL230,6.105,2019.0,6.105,Cc1c(CC(C)C(=O)O)cccc1NC(=O)C(c1ccc(-c2cncc(C(F)(F)F)c2)cc1)C1CCCC1,train
CHEMBL5749541,CHEMBL230,7.98,2019.0,7.98,CCC(CC(=O)O)c1cccc(NC(=O)[C@@H](c2ccc(-c3cncc(CC(C)C)c3)cc2)C2CCCC2)c1C,train
CHEMBL5750987,CHEMBL230,7.32,2019.0,7.32,Cc1ncc(-c2ccc(C(C(=O)Nc3cccc(C(C)CC(=O)O)c3C)C3CCC3)cc2)cc1Cl,train
CHEMBL5752459,CHEMBL230,7.82,2019.0,7.82,Cc1c(CCC(=O)O)cccc1NC(=O)[C@@H](c1ccc(-c2cncc(CC(C)C)c2)cc1)C1CCCC1,train
CHEMBL5752700,CHEMBL230,6.76,2019.0,6.76,Cc1cncc(-c2ccc(C(C(=O)Nc3cccc(CC(C)C(=O)O)c3C)C3CCCC3)cc2)c1,train
CHEMBL5753219,CHEMBL230,7.37,2019.0,7.37,Cc1c(CCC(=O)O)cccc1NC(=O)C(c1ccc(-c2cncc(C(F)F)c2)c(F)c1)C1CCCC1,train
CHEMBL5754064,CHEMBL230,7.18,2019.0,7.18,Cc1ncc(-c2cc(F)c(C(C(=O)Nc3cccc(CCC(=O)O)c3C)C3CCCC3)cc2F)cc1Cl,train
CHEMBL5754430,CHEMBL230,6.97,2019.0,6.97,CCOc1cncc(-c2ccc(C(C(=O)Nc3cccc(C(C)CC(=O)O)c3C)C3CCCC3)cc2)c1,train
CHEMBL5767087,CHEMBL230,5.64,2019.0,5.64,Cc1cc(C(C(=O)Nc2cccc(CCC(=O)O)c2C)C2CCCC2)c(F)cc1-c1cncc(Cl)c1,train
CHEMBL5769934,CHEMBL230,6.53,2019.0,6.53,Cc1c(CCC(=O)O)cc(F)cc1NC(=O)C(c1ccc(-c2cncc(C(F)(F)F)c2)cc1)C1CCCC1,train
CHEMBL577045,CHEMBL230,5.75,2009.0,5.75,NS(=O)(=O)c1ccc(-n2nc(C(F)(F)F)cc2-c2ccc(CC(=O)O)cc2)cc1,train
CHEMBL5770753,CHEMBL230,7.33,2019.0,7.33,Cc1c(CC(C)C(=O)O)cccc1NC(=O)C(c1ccc(-c2cncc(C(F)(F)F)c2)cc1)C1CCCCC1,train
CHEMBL577482,CHEMBL230,5.64,2009.0,5.64,CS(=O)(=O)c1ccc(-n2nc(C(F)(F)F)cc2-c2ccc(CC(=O)O)cc2)cc1,train
CHEMBL5779264,CHEMBL230,6.63,2019.0,6.63,Cc1c(NC(=O)[C@@H](c2ccc(-c3cncc(Cl)c3)cc2)C2CCCC2)cccc1C(O)CC(=O)O,train
CHEMBL5781556,CHEMBL230,7.27,2019.0,7.27,Cc1c(CCC(=O)O)cccc1NC(=O)C(c1ccc(-c2cncc(C(F)(F)F)c2)cc1)C1CCCCC1,train
CHEMBL5782978,CHEMBL230,6.48,2019.0,6.48,COc1c(CCC(=O)O)cccc1NC(=O)C(c1ccc(-c2cncc(C(F)(F)F)c2)cc1)C1CCCC1,train
CHEMBL57837,CHEMBL230,8.22,1996.0,8.22,Cc1cc(-c2cc(F)c(F)cc2-c2ccc(S(C)(=O)=O)cc2)ccc1Cl,test
CHEMBL578389,CHEMBL230,6.01,2009.0,6.01,O=C(O)c1cc(-c2ccn(C(F)F)c(=O)c2)ccc1O,train
CHEMBL5785601,CHEMBL230,6.36,2019.0,6.36,Cc1ccc(-c2ccc(C(C(=O)Nc3cccc(CC(C)C(=O)O)c3C)C3CCCC3)cc2)cn1,train
CHEMBL5786741,CHEMBL230,7.53,2019.0,7.53,CCc1cncc(-c2ccc(C(C(=O)Nc3cccc(C(CC(=O)O)C4CC4)c3C)C3CCCC3)cc2)c1,train
CHEMBL5787555,CHEMBL230,6.13,2019.0,6.13,Cc1cc(C(C(=O)Nc2cccc(CCC(=O)O)c2C)C2CCCC2)c(F)cc1-c1cnc(C)c(Cl)c1,train
CHEMBL5789131,CHEMBL230,7.46,2019.0,7.46,CCc1cncc(-c2ccc(C(C(=O)Nc3cccc(CCC(=O)O)c3C)C3CCC3)cc2F)c1,train
CHEMBL579022,CHEMBL230,5.58,2009.0,5.58,CC(=O)NS(=O)(=O)c1cc(-c2ccn(C(F)F)c(=O)c2)ccc1C(=O)O,train
CHEMBL5797461,CHEMBL230,7.38,2019.0,7.38,Cc1c(NC(=O)C(c2ccc(-c3cncc(F)c3)cc2)C2CCCC2)cccc1C(C)CC(=O)O,train
CHEMBL5797884,CHEMBL230,6.5,2019.0,6.5,Cc1c(NCC(=O)O)cccc1NC(=O)C(c1ccc(-c2cncc(C(F)(F)F)c2)cc1)C1CCCC1,train
CHEMBL5802635,CHEMBL230,6.68,2019.0,6.68,CCOc1cncc(-c2ccc(C(C(=O)Nc3cccc(CCC(=O)O)c3C)C3CCC3)cc2)c1,train
CHEMBL5803167,CHEMBL230,6.59,2019.0,6.59,O=C(O)CCc1cccc(NC(=O)[C@@H](c2ccc(-c3cncc(C(F)(F)F)c3)cc2)C2CCCC2)c1C(F)(F)F,train
CHEMBL5803930,CHEMBL230,6.97,2019.0,6.97,Cc1c(NC(=O)C(c2ccc(-c3cncc(Cl)c3)cc2)C2CCC2)cccc1C(C)CC(=O)O,train
CHEMBL5805546,CHEMBL230,7.66,2019.0,7.66,Cc1ncc(-c2ccc(C(C(=O)Nc3cccc(CCC(=O)O)c3C)C3CCCC3)cc2)cc1Cl,train
CHEMBL5806623,CHEMBL230,7.44,2019.0,7.44,Cc1c(CCC(=O)O)cccc1NC(=O)[C@@H](c1ccc(-c2cncc(OC(C)C)c2)cc1)C1CCCC1,train
CHEMBL5807086,CHEMBL230,7.07,2019.0,7.07,Cc1c(CCC(=O)O)cccc1NC(=O)C(c1cc(F)c(-c2cncc(C(F)(F)F)c2)cc1F)C1CCCC1,train
CHEMBL5810789,CHEMBL230,7.18,2019.0,7.18,Cc1c(CCC(=O)O)cccc1NC(=O)C(c1ccc(-c2cncc(CC(F)(F)F)c2)c(F)c1)C1CCC1,train
CHEMBL5813481,CHEMBL230,7.49,2019.0,7.49,Cc1ncc(-c2ccc(C(C(=O)Nc3cccc(CCC(=O)O)c3C)C3CCC3)cc2)cc1Cl,train
CHEMBL5813721,CHEMBL230,6.59,2019.0,6.59,Cc1ncc(-c2ccc(C(C(=O)Nc3cc(F)cc(CCC(=O)O)c3C)C3CCCC3)cc2)cc1Cl,train
CHEMBL5813889,CHEMBL230,7.14,2019.0,7.14,Cc1c(NC(=O)C(c2ccc(-c3cncc(C(F)(F)F)c3)cc2)C2CCC2)cccc1C(C)CC(=O)O,train
CHEMBL5816277,CHEMBL230,7.16,2019.0,7.16,Cc1c(NC(=O)[C@@H](c2ccc(-c3cncc(Cl)c3)cc2)C2CCCC2)ccc(F)c1CCC(=O)O,train
CHEMBL5817479,CHEMBL230,5.59,2019.0,5.59,COc1ncccc1-c1ccc(C(C(=O)Nc2cccc(CCC(=O)O)c2C)C2CCCC2)cc1,train
CHEMBL5818655,CHEMBL230,7.89,2019.0,7.89,Cc1ncc(-c2ccc(C(C(=O)Nc3cccc(C(C)CC(=O)O)c3C)C3CCCC3)cc2)cc1Cl,train
CHEMBL5820928,CHEMBL230,7.69,2019.0,7.69,Cc1c(NC(=O)C(c2ccc(-c3cncc(C(F)(F)F)c3)cc2)C2CCCC2)cccc1C(C)CC(=O)O,train
CHEMBL5822128,CHEMBL230,8.17,2019.0,8.17,CCC(CC(=O)O)c1cccc(NC(=O)C(c2ccc(-c3cncc(CC(C)C)c3)c(F)c2)C2CCCC2)c1C,train
CHEMBL5823678,CHEMBL230,6.83,2019.0,6.83,Cc1ncc(-c2ccc(C(C(=O)Nc3cccc(CCC(=O)O)c3C)C3CCC3)cc2)cc1F,train
CHEMBL5824459,CHEMBL230,5.91,2019.0,5.91,Cc1cc(C(C(=O)Nc2cccc(CCC(=O)O)c2C)C2CCCC2)c(Cl)cc1-c1cncc(C(F)(F)F)c1,train
CHEMBL5834434,CHEMBL230,6.7,2019.0,6.7,Cc1ncc(-c2ccc(C(C(=O)Nc3cccc(CCC(=O)O)c3C)C3CCCC3)cc2Cl)cc1Cl,train
CHEMBL5834911,CHEMBL230,7.46,2019.0,7.46,Cc1c(NC(=O)C(c2ccc(-c3cncc(C(F)(F)F)c3)c(F)c2)C2CCC2)cccc1C(C)CC(=O)O,train
CHEMBL5847009,CHEMBL230,6.35,2019.0,6.35,Cc1cc(C(C(=O)Nc2cccc(CCC(=O)O)c2C)C2CCCC2)c(Cl)cc1-c1cnc(C)c(Cl)c1,train
CHEMBL5850333,CHEMBL230,7.6,2019.0,7.6,Cc1c(NC(=O)C(c2ccc(-c3cncc(C(F)(F)F)c3)cc2)C2CCCC2)cccc1C(CC(=O)O)C1CC1,train
CHEMBL5858648,CHEMBL230,7.13,2019.0,7.13,Cc1c(CCC(=O)O)cccc1NC(=O)C(c1ccc(-c2cncc(CC(F)(F)F)c2)c(F)c1)C1CCCC1,train
CHEMBL5860066,CHEMBL230,6.85,2019.0,6.85,Cc1cncc(-c2ccc(C(C(=O)Nc3cccc(C(CC(=O)O)C4CC4)c3C)C3CCCC3)cc2)c1,train
CHEMBL5861923,CHEMBL230,5.28,2019.0,5.28,Cc1c(CCC(=O)O)cccc1NC(=O)C(c1ccc(-c2cccnc2F)cc1)C1CCCC1,train
CHEMBL5862040,CHEMBL230,7.26,2019.0,7.26,CCOc1cncc(-c2ccc(C(C(=O)Nc3cccc(CCC(=O)O)c3C)C3CCCC3)cc2F)c1,train
CHEMBL5867934,CHEMBL230,6.46,2019.0,6.46,Cc1cncc(-c2ccc(C(C(=O)Nc3cccc(CCC(=O)O)c3C)C3CCC3)cc2)c1,train
CHEMBL5870159,CHEMBL230,6.71,2019.0,6.71,Cc1cc(-c2ccc(C(C(=O)Nc3cccc(CCC(=O)O)c3C)C3CCC3)cc2)cnc1C,train
CHEMBL5870836,CHEMBL230,7.66,2019.0,7.66,CCc1cncc(-c2ccc(C(C(=O)Nc3cccc(C(C)CC(=O)O)c3C)C3CCCC3)cc2)c1,train
CHEMBL5873795,CHEMBL230,6.94,2019.0,6.94,Cc1c(CCC(=O)O)cccc1NC(=O)C(c1ccc(-c2cncc(C3CC3)c2)cc1)C1CCCC1,train
CHEMBL5874341,CHEMBL230,7.89,2019.0,7.89,CCc1cncc(-c2ccc(C(C(=O)Nc3cccc(C(CC)CC(=O)O)c3C)C3CCCC3)cc2)c1,train
CHEMBL5884303,CHEMBL230,5.45,2019.0,5.45,Cc1c(CCC(=O)O)cccc1NC(=O)C(c1ccc(-c2cncc(C(C)(C)O)c2)cc1)C1CCCC1,train
CHEMBL5884986,CHEMBL230,7.26,2019.0,7.26,Cc1c(NC(=O)C(c2ccc(-c3cncc(Cl)c3)cc2)C2CCCC2)cccc1C(CC(=O)O)C1CC1,train
CHEMBL5889816,CHEMBL230,7.04,2019.0,7.04,Cc1ncc(-c2ccc(C(C(=O)Nc3cccc(CC(C)C(=O)O)c3C)C3CCCC3)cc2)cc1F,train
CHEMBL5891502,CHEMBL230,7.78,2019.0,7.78,CCC(CC(=O)O)c1cccc(NC(=O)[C@@H](c2ccc(-c3cncc(OC(C)C)c3)cc2)C2CCCC2)c1C,train
CHEMBL589167,CHEMBL230,4.77,2010.0,4.77,Cc1c(CC(=O)O)cc(-c2ccc(S(C)(=O)=O)cc2)n1-c1cccc(F)c1,train
CHEMBL58929,CHEMBL2094253,5.0,1990.0,5.0,Cc1cc(/C=C/C(=O)c2ccc(F)cc2)cc(C)c1O,train
CHEMBL5895969,CHEMBL230,7.02,2019.0,7.02,CCC(CC(=O)O)c1cccc(NC(=O)C(c2ccc(-c3cncc(C)c3)cc2)C2CCCC2)c1C,train
CHEMBL5897417,CHEMBL230,7.32,2022.0,7.32,CCOC(=O)c1cn(-c2cc(C#N)ccc2O)cc(Oc2ccccc2)c1=O,train
CHEMBL58979,CHEMBL2094253,5.0,1990.0,5.0,Cc1cc(/C=C/c2ccsc2)cc(C)c1O,train
CHEMBL589812,CHEMBL230,5.7,2010.0,5.7,Cc1c(CC(=O)OC(C)C)cc(-c2ccc(S(C)(=O)=O)cc2)n1-c1cccc(F)c1,train
CHEMBL58987,CHEMBL2094253,6.15,1990.0,6.15,Cc1cc(/C=C/c2ccc(F)cc2F)cc(C)c1O,train
CHEMBL58990,CHEMBL2094253,6.64,1990.0,6.64,Cc1cc(/C=C/c2cccs2)cc(Cl)c1O,train
CHEMBL5904412,CHEMBL230,7.48,2019.0,7.48,Cc1c(NC(=O)C(c2ccc(-c3cncc(C(F)(F)F)c3)cc2)C2CCCC2)cccc1C1CC1C(=O)O,train
CHEMBL5905366,CHEMBL230,6.26,2019.0,6.26,Cc1c(CCC(=O)O)cccc1NC(=O)C(c1ccc(-c2ccc(F)nc2)cc1)C1CCCC1,train
CHEMBL5905971,CHEMBL230,6.63,2019.0,6.63,COc1ccc(-c2ccc(C(C(=O)Nc3cccc(CCC(=O)O)c3C)C3CCCC3)cc2)cn1,train
CHEMBL5907624,CHEMBL230,6.97,2019.0,6.97,CCOc1cncc(-c2ccc(C(C(=O)Nc3cccc(C(CC)CC(=O)O)c3C)C3CCCC3)cc2)c1,train
CHEMBL5911762,CHEMBL230,6.56,2019.0,6.56,Cc1c(CCC(=O)O)cccc1NC(=O)C(c1ccc(-c2cncc(C(F)(F)F)c2)cc1Cl)C1CCCC1,train
CHEMBL5915408,CHEMBL230,7.47,2019.0,7.47,Cc1c(NC(=O)C(c2ccc(-c3cncc(C(F)F)c3)cc2)C2CCCC2)cccc1C(C)CC(=O)O,train
CHEMBL5916986,CHEMBL230,6.7,2019.0,6.7,Cc1c(CCC(=O)O)cccc1NC(=O)[C@H](c1ccc(-c2cncc(C(F)(F)F)c2)cc1)C1CCCC1,train
CHEMBL5917897,CHEMBL230,7.62,2019.0,7.62,Cc1c(NC(=O)C(c2ccc(-c3cncc(C(F)(F)F)c3)c(F)c2)C2CCCC2)cccc1N(C)CC(=O)O,train
CHEMBL59198,CHEMBL2094253,5.0,1990.0,5.0,COc1cc(/C=C/c2cccs2)cc(F)c1O,train
CHEMBL5920693,CHEMBL230,7.37,2019.0,7.37,Cc1ncc(-c2ccc(C(C(=O)Nc3cccc(C4CC4C(=O)O)c3C)C3CCCC3)cc2)cc1Cl,train
CHEMBL5925696,CHEMBL230,6.99,2019.0,6.99,Cc1c(CCC(=O)O)cccc1NC(=O)C(c1ccc(-c2cncc(OC(F)F)c2)cc1)C1CCC1,train
CHEMBL5928950,CHEMBL230,6.42,2019.0,6.42,Cc1c(CCC(=O)O)cccc1NC(=O)C(c1ccc(-c2cncc(OC(F)F)c2)cc1)C1CCCC1,train
CHEMBL5931116,CHEMBL230,6.72,2019.0,6.72,Cc1ncc(-c2ccc(C(C(=O)Nc3cccc(CCC(=O)O)c3C)C3CCCC3)cc2)cc1F,train
CHEMBL5931366,CHEMBL230,7.11,2019.0,7.11,CCc1cncc(-c2ccc(C(C(=O)Nc3cccc(CCC(=O)O)c3C)C3CCCC3)cc2)c1,train
CHEMBL5931501,CHEMBL230,6.48,2019.0,6.48,CCOc1cncc(-c2ccc(C(C(=O)Nc3cccc(CCC(=O)O)c3C)C3CCCCC3)cc2)c1,train
CHEMBL5931710,CHEMBL230,6.0,2019.0,6.0,Cc1cc(C(C(=O)Nc2cccc(CCC(=O)O)c2C)C2CCCC2)c(F)cc1-c1cncc(C(F)(F)F)c1,train
CHEMBL593268,CHEMBL230,4.78,2010.0,4.78,CC(=O)Oc1ccc(C2=C(c3ccc(S(C)(=O)=O)cc3)C(=O)OC2=O)cc1,train
CHEMBL5935171,CHEMBL230,7.55,2019.0,7.55,Cc1c(CCC(=O)O)cccc1NC(=O)C(c1ccc(-c2cncc(C(F)(F)F)c2)c(F)c1)C1CCC1,train
CHEMBL5935416,CHEMBL230,6.8,2019.0,6.8,CCOc1cncc(-c2ccc(C(C(=O)Nc3cccc(CCC(=O)O)c3C)C3CCCC3)cc2)c1,train
CHEMBL5939745,CHEMBL230,6.42,2019.0,6.42,O=C(O)CCc1cccc(NC(=O)[C@@H](c2ccc(-c3cncc(Cl)c3)cc2)C2CCCC2)c1C(F)(F)F,train
CHEMBL5940445,CHEMBL230,6.8,2019.0,6.8,CCOc1cncc(-c2ccc(C(C(=O)Nc3cccc(C4CC4C(=O)O)c3C)C3CCCC3)cc2)c1,train
CHEMBL5941634,CHEMBL230,7.17,2022.0,7.17,Cc1cccc2[nH]c(C3CCCN(C(=O)c4ccccc4NCC(=O)O)C3)nc12,train
CHEMBL5944897,CHEMBL230,7.43,2019.0,7.43,Cc1ncc(-c2ccc(C(C(=O)Nc3cccc(C(C)CC(=O)O)c3C)C3CCCC3)cc2)cc1F,train
CHEMBL5948153,CHEMBL230,7.55,2019.0,7.55,COc1ccc(NC(=O)C(c2ccc(-c3cncc(C(F)(F)F)c3)cc2)C2CCCC2)c(C)c1CCC(=O)O,train
CHEMBL5951254,CHEMBL230,7.84,2019.0,7.84,Cc1c(NC(=O)C(c2ccc(-c3cncc(C(F)(F)F)c3)cc2)C2CCCC2)cccc1OCC(=O)O,train
CHEMBL595153,CHEMBL230,4.68,2010.0,4.68,CSc1ccc(C2=C(c3ccc(O)cc3)C(=O)NC2=O)cc1,train
CHEMBL5952464,CHEMBL230,7.52,2019.0,7.52,Cc1c(CCC(=O)O)cccc1NC(=O)C(c1ccc(-c2cncc(OC(C)C)c2)c(F)c1)C1CCCC1,train
CHEMBL5953463,CHEMBL230,7.5,2019.0,7.5,Cc1ncc(-c2ccc(C(C(=O)Nc3cccc(C(CC(=O)O)C4CC4)c3C)C3CCCC3)cc2)cc1Cl,train
CHEMBL5953919,CHEMBL230,7.71,2019.0,7.71,Cc1c(CCC(=O)O)cccc1NC(=O)C(c1ccc(-c2cnc(F)c(C(F)(F)F)c2)c(F)c1)C1CCCC1,train
CHEMBL595596,CHEMBL230,4.79,2010.0,4.79,O=C1NC(=O)C(c2ccc(O)c(O)c2)=C1c1ccccc1,train
CHEMBL5956277,CHEMBL230,7.505,2019.0,7.505,Cc1c(CCC(=O)O)cccc1NC(=O)C(c1ccc(-c2cncc(C(F)(F)F)c2)cc1)C1CCC1,train
CHEMBL5956811,CHEMBL230,6.81,2019.0,6.81,CCC(CC(=O)O)c1cccc(NC(=O)C(c2ccc(-c3cncc(F)c3)cc2)C2CCCC2)c1C,train
CHEMBL595838,CHEMBL230,4.925,2010.0,4.925,NS(=O)(=O)c1ccc(C2=C(c3ccccc3)C(=O)NC2=O)cc1,train
CHEMBL595852,CHEMBL230,4.7,2010.0,4.7,CSc1ccc(C2=C(c3ccc(NC(C)=O)cc3)C(=O)OC2=O)cc1,train
CHEMBL5961799,CHEMBL230,7.87,2019.0,7.87,Cc1ncc(-c2ccc([C@H](C(=O)Nc3cccc(CCC(=O)O)c3C)C3CCCC3)cc2)cc1C(F)(F)F,train
CHEMBL5964778,CHEMBL230,6.93,2019.0,6.93,Cc1cc(-c2ccc(C(C(=O)Nc3cccc(CC(C)C(=O)O)c3C)C3CCCC3)cc2)cnc1C,train
CHEMBL5965413,CHEMBL230,7.824999999999999,2019.0,7.824999999999999,Cc1c(CCC(=O)O)cccc1NC(=O)C(c1ccc(-c2cncc(C(F)(F)F)c2)c(F)c1)C1CCCC1,train
CHEMBL5965770,CHEMBL230,7.11,2019.0,7.11,Cc1c(CCC(=O)O)cccc1NC(=O)C(c1ccc(-c2cncc(C(F)F)c2)cc1)C1CCCC1,train
CHEMBL596692,CHEMBL230,6.05,2010.0,6.05,O=C(O)Cc1ccc(-c2ccn(C(F)F)c(=O)c2)cc1,train
CHEMBL5967134,CHEMBL230,5.5,2019.0,5.5,Cc1c(CCC(=O)O)cccc1NC(=O)C(c1ccc(-c2ccc(C#N)nc2)cc1)C1CCCC1,train
CHEMBL596887,CHEMBL230,5.58,2010.0,5.58,CC(C(=O)O)c1ccccc1-c1ccn(C(F)F)c(=O)c1,train
CHEMBL596888,CHEMBL230,5.92,2010.0,5.92,Cc1c(CC(=O)O)cccc1-c1ccn(C(F)F)c(=O)c1,train
CHEMBL597733,CHEMBL230,8.3,2016.0,8.3,Cc1ccc(-c2c(-c3ccc(S(C)(=O)=O)cc3)cn3c2CCC3)cc1,train
CHEMBL5979463,CHEMBL230,6.57,2019.0,6.57,Cc1c(CCC(=O)O)cccc1NC(=O)C(c1cc(F)c(-c2cncc(Cl)c2)cc1F)C1CCCC1,train
CHEMBL5987478,CHEMBL230,7.29,2019.0,7.29,Cc1c(NC(=O)C(c2ccc(-c3cncc(F)c3)cc2)C2CCCC2)cccc1C(CC(=O)O)C1CC1,train
CHEMBL598972,CHEMBL230,6.07,2010.0,6.07,O=C(O)Cc1ccccc1-c1ccn(C(F)F)c(=O)c1,train
CHEMBL599,CHEMBL230,6.234999999999999,1997.0,6.234999999999999,Cc1cnc(NC(=O)C2=C(O)c3ccccc3S(=O)(=O)N2C)s1,test
CHEMBL5990660,CHEMBL230,7.04,2019.0,7.04,Cc1cc(-c2ccc(C(C(=O)Nc3cccc(CCC(=O)O)c3C)C3CCCC3)cc2)cnc1C,train
CHEMBL5991932,CHEMBL230,6.71,2019.0,6.71,Cc1c(CCC(=O)O)cccc1NC(=O)C(c1ccc(-c2cncc(Cl)c2)cc1)C1CCCCC1,train
CHEMBL5993313,CHEMBL230,7.72,2019.0,7.72,Cc1cc(C(C(=O)Nc2cccc(CCC(=O)O)c2C)C2CCCC2)ccc1-c1cncc(C(F)(F)F)c1,train
CHEMBL5996315,CHEMBL230,5.99,2019.0,5.99,Cc1c(CCC(=O)O)cccc1NC(=O)C(c1ccc(-c2ccc(C(F)(F)F)nc2)cc1)C1CCCC1,train
CHEMBL5998848,CHEMBL230,6.35,2019.0,6.35,Cc1c(CCC(=O)O)cccc1NC(=O)C(c1ccc(-c2cncc(Cl)c2)cc1)C1CC1,train
CHEMBL5999783,CHEMBL230,6.32,2019.0,6.32,Cc1c(CCC(=O)O)cccc1NC(=O)C(c1ccc(-c2cncc(F)c2)cc1)C1CCC1,train
CHEMBL6,CHEMBL2094253,8.0,1987.0,8.0,COc1ccc2c(c1)c(CC(=O)O)c(C)n2C(=O)c1ccc(Cl)cc1,train
CHEMBL6,CHEMBL230,6.12,1994.0,6.12,COc1ccc2c(c1)c(CC(=O)O)c(C)n2C(=O)c1ccc(Cl)cc1,train
CHEMBL6002440,CHEMBL230,7.28,2019.0,7.28,Cc1c(NC(=O)C(c2ccc(-c3cncc(Cl)c3)c(F)c2)C2CCC2)cccc1C(C)CC(=O)O,train
CHEMBL6002834,CHEMBL230,8.0,2019.0,8.0,Cc1ncc(-c2ccc(C(C(=O)Nc3cccc(CCC(=O)O)c3C)C3CCC3)cc2F)cc1C(F)(F)F,train
CHEMBL6004658,CHEMBL230,7.27,2019.0,7.27,Cc1c(CCC(=O)O)cccc1NC(=O)C(c1ccc(-c2cncc(C(F)(F)F)c2)cc1F)C1CCCC1,train
CHEMBL6004744,CHEMBL230,6.33,2019.0,6.33,COCc1cncc(-c2ccc(C(C(=O)Nc3cccc(CCC(=O)O)c3C)C3CCCC3)cc2)c1,train
CHEMBL6006394,CHEMBL230,7.85,2019.0,7.85,Cc1c(CCC(=O)O)cccc1NC(=O)C(c1ccc(-c2cncc(CC(C)C)c2)c(F)c1)C1CCC1,train
CHEMBL600662,CHEMBL230,6.58,2024.0,6.58,COc1ccc(NC(=O)c2c(-c3c(Cl)cccc3Cl)noc2C)c(OC)c1,train
CHEMBL6006847,CHEMBL230,7.62,2019.0,7.62,Cc1ncc(-c2ccc([C@H](C(=O)Nc3cccc(N(C)CC(=O)O)c3C)C3CCCC3)cc2)cc1Cl,train
CHEMBL601015,CHEMBL230,4.89,2010.0,4.89,CS(=O)(=O)c1ccc(-n2nc(C(F)(F)F)cc2C2=CCN(CCCCO[N+](=O)[O-])CC2)cc1,train
CHEMBL601016,CHEMBL230,5.12,2010.0,5.12,NS(=O)(=O)c1ccc(-n2nc(C(F)(F)F)cc2C2=CCN(CCCCO[N+](=O)[O-])CC2)cc1,train
CHEMBL6011699,CHEMBL230,6.94,2019.0,6.94,Cc1c(CCC(=O)O)cccc1NC(=O)C(c1ccc(-c2cncc(OC3CCOCC3)c2)cc1)C1CCCC1,train
CHEMBL6012743,CHEMBL230,7.81,2019.0,7.81,Cc1ncc(-c2ccc([C@H](C(=O)Nc3cccc(CCC(=O)O)c3C)C3CCCC3)cc2)cc1Cl,train
CHEMBL6015628,CHEMBL230,7.5,2019.0,7.5,Cc1c(NC(=O)C(c2ccc(-c3cncc(Cl)c3)c(F)c2)C2CCCC2)cccc1C(C)CC(=O)O,train
CHEMBL6016795,CHEMBL230,6.73,2019.0,6.73,Cc1c(CCC(=O)O)cccc1NC(=O)C(c1ccc(-c2cncc(CF)c2)cc1)C1CCCC1,train
CHEMBL6020166,CHEMBL230,6.47,2019.0,6.47,COc1cncc(-c2ccc(C(C(=O)Nc3cccc(CCC(=O)O)c3C)C3CCCC3)cc2)c1,train
CHEMBL6021030,CHEMBL230,7.62,2019.0,7.62,Cc1ncc(-c2ccc([C@H](C(=O)Nc3ccc(F)c(CCC(=O)O)c3C)C3CCCC3)cc2)cc1Cl,train
CHEMBL6024033,CHEMBL230,7.46,2019.0,7.46,Cc1c(CCC(=O)O)cccc1NC(=O)C(c1ccc(-c2cncc(C(F)(F)F)c2)c(Cl)c1)C1CCCC1,train
CHEMBL602675,CHEMBL230,4.81,2010.0,4.81,CS(=O)(=O)c1ccc(-n2nc(C(F)(F)F)cc2C2CCN(CCCCO[N+](=O)[O-])CC2)cc1,test
CHEMBL602676,CHEMBL230,4.78,2010.0,4.78,NS(=O)(=O)c1ccc(-n2nc(C(F)(F)F)cc2C2CCN(CCCCO[N+](=O)[O-])CC2)cc1,test
CHEMBL6029512,CHEMBL230,7.68,2019.0,7.68,CCc1cncc(-c2ccc([C@H](C(=O)Nc3cccc(C(CC)CC(=O)O)c3C)C3CCCC3)cc2)c1,train
CHEMBL6033165,CHEMBL230,7.49,2019.0,7.49,Cc1cncc(-c2ccc(C(C(=O)Nc3cccc(C(C)CC(=O)O)c3C)C3CCCC3)cc2)c1,train
CHEMBL6033211,CHEMBL230,7.45,2019.0,7.45,Cc1cc(-c2ccc(C(C(=O)Nc3cccc(C(C)CC(=O)O)c3C)C3CCCC3)cc2)cnc1C,train
CHEMBL6034267,CHEMBL230,7.75,2019.0,7.75,CCC(CC(=O)O)c1cccc(NC(=O)[C@@H](c2ccc(-c3cncc(CC(F)(F)F)c3)cc2)C2CCCC2)c1C,train
CHEMBL603434,CHEMBL230,4.73,2010.0,4.73,O=C1OC(=O)C(c2ccc3c(c2)OCO3)=C1c1ccccc1,train
CHEMBL603439,CHEMBL230,4.79,2010.0,4.79,CSc1ccc(C2=C(c3ccccc3)C(=O)NC2=O)cc1,train
CHEMBL6034423,CHEMBL230,6.24,2019.0,6.24,CCOc1cncc(-c2ccc(C(C(=O)Nc3cc(F)cc(CCC(=O)O)c3C)C3CCCC3)cc2)c1,train
CHEMBL6036811,CHEMBL230,5.73,2019.0,5.73,Cc1cc(C(C(=O)Nc2cccc(CCC(=O)O)c2C)C2CCCC2)c(Cl)cc1-c1cncc(Cl)c1,train
CHEMBL603856,CHEMBL230,4.76,2010.0,4.76,CS(=O)(=O)c1ccc(C2=C(c3ccccc3)C(=O)NC2=O)cc1,train
CHEMBL6039519,CHEMBL230,8.18,2019.0,8.18,CCC(CC(=O)O)c1cccc(NC(=O)C(c2ccc(-c3cnc(C)c(C(F)(F)F)c3)c(F)c2)C2CCCC2)c1C,train
CHEMBL6039891,CHEMBL230,5.65,2019.0,5.65,Cc1ncc(-c2ccc([C@@H](C(=O)Nc3cccc(CCC(=O)O)c3C)C3CCCC3)cc2)cc1Cl,train
CHEMBL6040920,CHEMBL230,5.92,2019.0,5.92,Cc1c(CCC(=O)O)cc(F)cc1NC(=O)C(c1ccc(-c2cncc(Cl)c2)cc1)C1CCCC1,train
CHEMBL6041334,CHEMBL230,7.22,2019.0,7.22,Cc1c(CCC(=O)O)cccc1NC(=O)[C@@H](c1ccc(-c2cncc(CC(F)(F)F)c2)cc1)C1CCCC1,train
CHEMBL6046272,CHEMBL230,6.16,2019.0,6.16,Cc1ncc(-c2ccc(C(C(=O)Nc3cccc(CC(C)C(=O)O)c3C)C3CCCC3)cc2)cc1Cl,train
CHEMBL6049244,CHEMBL230,7.7,2019.0,7.7,Cc1ncc(-c2ccc(C(C(=O)Nc3cccc(CCC(=O)O)c3C)C3CCCC3)cc2F)cc1CC(C)C,train
CHEMBL6050104,CHEMBL230,6.33,2019.0,6.33,Cc1c(CCC(=O)O)cccc1NC(=O)C(c1ccc(-c2cncc(C(F)(F)F)c2)cc1)C1CC1,train
CHEMBL605161,CHEMBL230,5.77,2010.0,5.77,O=[N+]([O-])c1ccc2c(c1)S(=O)(=O)N=S2c1ccc(Br)cc1,train
CHEMBL6053309,CHEMBL230,7.27,2019.0,7.27,CCOc1cncc(-c2ccc(C(C(=O)Nc3cccc(C(CC(=O)O)C4CC4)c3C)C3CCCC3)cc2)c1,train
CHEMBL6055461,CHEMBL230,7.36,2019.0,7.36,Cc1c(NC(=O)[C@@H](c2ccc(-c3cncc(Cl)c3)cc2)C2CCCC2)cccc1N(C)CC(=O)O,train
CHEMBL6056312,CHEMBL230,6.78,2019.0,6.78,CCC(CC(=O)O)c1cccc(NC(=O)C(c2ccc(-c3cncc(Cl)c3)cc2)C2CCCC2)c1C,train
CHEMBL6056696,CHEMBL230,7.98,2019.0,7.98,CCc1cncc(-c2ccc(C(C(=O)Nc3cccc(C(CC)CC(=O)O)c3C)C3CCCC3)cc2F)c1,train
CHEMBL605820,CHEMBL230,5.6,2010.0,5.6,Cc1c(CC(=O)OC(C)C)cc(-c2ccc(S(C)(=O)=O)cc2)n1-c1ccccc1,train
CHEMBL6059408,CHEMBL230,6.56,2019.0,6.56,CCOc1cncc(-c2ccc(C(C(=O)Nc3cccc(CCC(=O)O)c3C)C3CCCC3)c(F)c2)c1,train
CHEMBL6063315,CHEMBL230,7.05,2019.0,7.05,Cc1c(CC(C)C(=O)O)cccc1NC(=O)C(c1ccc(-c2cncc(OC(F)F)c2)cc1)C1CCCC1,train
CHEMBL6065113,CHEMBL230,7.73,2019.0,7.73,Cc1c(NC(=O)C(c2ccc(-c3cncc(C(F)(F)F)c3)c(F)c2)C2CCCC2)cccc1C(C)CC(=O)O,train
CHEMBL607560,CHEMBL230,5.62,2010.0,5.62,CC(C(=O)O)c1ccc(-c2ccn(C(F)F)c(=O)c2)cc1,train
CHEMBL609572,CHEMBL230,4.73,2010.0,4.73,CSc1ccc(C2=C(c3ccccc3)C(=O)OC2=O)cc1,train
CHEMBL610196,CHEMBL230,4.76,2010.0,4.76,O=C1NC(=O)C(c2cc(O)c(O)c(O)c2)=C1c1ccccc1,train
CHEMBL610493,CHEMBL230,4.96,2010.0,4.96,O=C(O)Cc1cccc(-c2ccn(C(F)F)c(=O)c2)c1,train
CHEMBL611203,CHEMBL230,5.82,2005.0,5.82,COc1ccc2c(c1F)C[S+]([O-])c1c(C(F)(F)F)nn(-c3ccc(S(N)(=O)=O)cc3)c1-2,train
CHEMBL61608,CHEMBL2094253,4.66,1988.0,4.66,CC(=O)N(O)Cc1ccc(OCc2ccccc2)cc1,train
CHEMBL622,CHEMBL2094253,7.27,2023.0,7.27,CCc1cccc2c3c([nH]c12)C(CC)(CC(=O)O)OCC3,train
CHEMBL622,CHEMBL230,6.25,2008.0,6.25,CCc1cccc2c3c([nH]c12)C(CC)(CC(=O)O)OCC3,train
CHEMBL63283,CHEMBL230,4.522878745280337,1995.0,4.522878745280337,C[S+]([O-])c1ccc(-c2ccsc2-c2ccc(F)cc2)cc1,train
CHEMBL63286,CHEMBL230,4.522878745280337,1995.0,4.522878745280337,CSc1ccc(-c2ccsc2-c2ccc(F)cc2)cc1,train
CHEMBL63323,CHEMBL230,6.04,,6.04,O=C(O)c1cccnc1Nc1cccc(C(F)(F)F)c1,test
CHEMBL63706,CHEMBL230,5.27,1995.0,5.27,CC(=O)NS(=O)(=O)c1ccc(-c2ccsc2-c2ccc(F)cc2)cc1,train
CHEMBL65155,CHEMBL230,7.7,1995.0,7.7,CS(=O)(=O)c1ccc(-c2sc(Br)cc2-c2ccc(F)cc2)cc1,train
CHEMBL65793,CHEMBL230,6.36,1997.0,6.36,CCOC(=O)Cn1nc(-c2ccc(S(C)(=O)=O)cc2)c(-c2ccc(F)cc2)c1C(F)(F)F,val
CHEMBL66435,CHEMBL230,6.4,2004.0,6.4,CS(=O)(=O)c1ccc(-c2cc(CO[N+](=O)[O-])nn2C2CCCCC2)cc1,train
CHEMBL66445,CHEMBL230,5.37,1995.0,5.37,CS(=O)(=O)c1ccc(-c2sccc2-c2ccc(F)cc2)cc1,train
CHEMBL66552,CHEMBL230,5.0,2010.0,5.0,CC(C(=O)[O-])c1ccc(CC2CCCC2=O)cc1.[Na+],train
CHEMBL66630,CHEMBL230,4.522878745280337,1995.0,4.522878745280337,NC(=O)c1ccc(-c2ccsc2-c2ccc(F)cc2)cc1,train
CHEMBL66821,CHEMBL230,4.522878745280337,1995.0,4.522878745280337,CC(=O)c1ccc(-c2ccsc2-c2ccc(F)cc2)cc1,train
CHEMBL66856,CHEMBL230,7.12,1997.0,7.12,C=CCn1nc(-c2ccc(S(C)(=O)=O)cc2)c(-c2ccc(F)cc2)c1C(F)(F)F,val
CHEMBL67447,CHEMBL230,6.17,1995.0,6.17,NS(=O)(=O)c1ccc(-c2sccc2-c2ccc(F)cc2)cc1,train
CHEMBL67519,CHEMBL230,6.28,1997.0,6.28,CS(=O)(=O)c1ccc(-c2nn(CCc3ccccc3)cc2-c2ccc(F)cc2)cc1,train
CHEMBL67581,CHEMBL230,5.6,2004.0,5.6,COc1ccc(-n2nc(C(=O)CCCO[N+](=O)[O-])cc2-c2ccc(S(C)(=O)=O)cc2)cc1,train
CHEMBL67659,CHEMBL230,7.35,1997.0,7.35,CS(=O)(=O)c1ccc(-c2nn(CCc3ccccc3)c(C(F)(F)F)c2-c2ccc(F)cc2)cc1,train
CHEMBL67721,CHEMBL230,6.32,1997.0,6.32,CS(=O)(=O)c1ccc(-c2nn(CC(=O)Nc3ccccc3)c(C(F)(F)F)c2-c2ccc(F)cc2)cc1,test
CHEMBL67759,CHEMBL230,2.858200000387963,2005.0,2.858200000387963,CS(=O)(=O)c1ccc(-c2occ(Cl)c(=O)c2-c2ccc(F)cc2F)cc1,test
CHEMBL68127,CHEMBL230,6.89,1997.0,6.89,CCn1nc(-c2ccc(S(C)(=O)=O)cc2)c(-c2ccc(F)cc2)c1C(F)(F)F,val
CHEMBL68365,CHEMBL230,6.3979400086720375,1999.0,6.3979400086720375,CCC(CC)OC1=C(c2ccc(S(C)(=O)=O)cc2)C(C)(C)OC1=O,train
CHEMBL686,CHEMBL230,5.88,2013.0,5.88,Cc1cccc(Nc2ccccc2C(=O)O)c1C,train
CHEMBL68866,CHEMBL230,2.8302000001176983,2005.0,2.8302000001176983,CS(=O)(=O)c1ccc(-c2occ(Cl)c(=O)c2-c2ccc(F)cc2)cc1,test
CHEMBL68873,CHEMBL230,2.630099999782637,2005.0,2.630099999782637,CS(=O)(=O)c1ccc(-c2occ(Cl)c(=O)c2-c2cc(F)cc(F)c2)cc1,test
CHEMBL68972,CHEMBL230,2.8487000010785124,2005.0,2.8487000010785124,CS(=O)(=O)c1ccc(-c2occ(Cl)c(=O)c2-c2cccc(Cl)c2)cc1,test
CHEMBL69030,CHEMBL230,2.151900000138762,2005.0,2.151900000138762,CS(=O)(=O)c1ccc(-c2occ(Cl)c(=O)c2-c2cccnc2)cc1,test
CHEMBL69053,CHEMBL230,6.26,1995.0,6.26,C[Se](=O)(=O)c1ccc(-c2ccsc2-c2ccc(F)cc2)cc1,train
CHEMBL69261,CHEMBL230,5.01,2000.0,5.01,Cc1ccccc1-n1c(-c2ccc(S(N)(=O)=O)cc2)coc1=O,test
CHEMBL69557,CHEMBL230,5.64,2000.0,5.64,NS(=O)(=O)c1ccc(-c2coc(=O)n2-c2ccc(F)cc2F)cc1,test
CHEMBL69567,CHEMBL230,3.07789999744852,2005.0,3.07789999744852,CS(=O)(=O)c1ccc(-c2occ(Cl)c(=S)c2-c2ccc(F)cc2)cc1,test
CHEMBL69667,CHEMBL230,6.5,2000.0,6.5,CS(=O)(=O)c1ccc(-c2coc(=O)n2-c2ccc(Cl)cc2)cc1,test
CHEMBL69683,CHEMBL230,2.163000000008996,2005.0,2.163000000008996,COc1ccc(-c2c(-c3ccc(S(C)(=O)=O)cc3)occ(Cl)c2=O)cc1,test
CHEMBL69998,CHEMBL230,6.85,1999.0,6.85,CC1(C)OC(=O)C(OCC2CC2)=C1c1ccc(S(C)(=O)=O)cc1,train
CHEMBL70104,CHEMBL230,7.4,1999.0,7.4,CC1(C)OC(=O)C(OC2CCCCC2)=C1c1ccc(S(C)(=O)=O)cc1,train
CHEMBL70158,CHEMBL230,6.18,2000.0,6.18,CS(=O)(=O)c1ccc(-c2coc(=O)n2-c2ccccc2F)cc1,test
CHEMBL70264,CHEMBL230,2.90839999924685,2005.0,2.90839999924685,CS(=O)(=O)c1ccc(-c2occ(Cl)c(=O)c2-c2ccc(F)c(F)c2)cc1,test
CHEMBL70296,CHEMBL230,3.0287000012626586,2005.0,3.0287000012626586,CS(=O)(=O)c1ccc(-c2occ(Cl)c(=O)c2-c2ccc(Cl)cc2)cc1,test
CHEMBL704,CHEMBL230,5.12,2019.0,5.12,Nc1ccc(O)c(C(=O)O)c1,train
CHEMBL70478,CHEMBL230,6.68,2000.0,6.68,COc1ccc(-n2c(-c3ccc(S(N)(=O)=O)cc3)coc2=O)cc1,test
CHEMBL70588,CHEMBL230,6.1,2000.0,6.1,Cc1ccc(-n2c(-c3ccc(S(N)(=O)=O)cc3)coc2=O)cc1,test
CHEMBL70681,CHEMBL230,4.64,1999.0,4.64,CCOC1=C(c2ccc(S(C)(=O)=O)cc2)C(C)(C)OC1=O,train
CHEMBL70858,CHEMBL230,5.92,2000.0,5.92,NS(=O)(=O)c1ccc(-c2coc(=O)n2-c2ccc(Cl)cc2)cc1,test
CHEMBL70921,CHEMBL230,5.82,2000.0,5.82,NS(=O)(=O)c1ccc(-c2coc(=O)n2-c2ccc(F)cc2)cc1,test
CHEMBL71010,CHEMBL230,5.19,2000.0,5.19,NS(=O)(=O)c1ccc(-c2coc(=O)n2-c2ccccc2Cl)cc1,test
CHEMBL71022,CHEMBL230,5.8,2000.0,5.8,CS(=O)(=O)c1ccc(-c2coc(=O)n2-c2ccccc2)cc1,test
CHEMBL71052,CHEMBL230,5.62,2000.0,5.62,NS(=O)(=O)c1ccc(-c2coc(=O)n2-c2ccccc2)cc1,test
CHEMBL71372,CHEMBL230,6.29,2000.0,6.29,Cc1oc(=O)n(-c2ccc(F)cc2)c1-c1ccc(S(N)(=O)=O)cc1,test
CHEMBL71423,CHEMBL230,2.7542999992015957,2005.0,2.7542999992015957,Cc1ccc(-c2c(-c3ccc(S(C)(=O)=O)cc3)occ(Cl)c2=O)cc1,test
CHEMBL71455,CHEMBL230,5.81,2000.0,5.81,CCc1ccc(-n2c(-c3ccc(S(N)(=O)=O)cc3)coc2=O)cc1,test
CHEMBL7162,CHEMBL230,6.58,1994.0,6.58,CS(=O)(=O)Nc1ccc([N+](=O)[O-])cc1OC1CCCCC1,train
CHEMBL71851,CHEMBL230,4.0,2007.0,4.0,COc1cc2ccc(=O)oc2cc1O,train
CHEMBL71916,CHEMBL230,6.3979400086720375,1999.0,6.3979400086720375,CC1(C)OC(=O)C(OC2CCC2)=C1c1ccc(S(C)(=O)=O)cc1,val
CHEMBL72093,CHEMBL230,4.0,2000.0,4.0,NS(=O)(=O)c1ccc(-c2coc(=O)n2-c2cccc(C(=O)O)c2)cc1,test
CHEMBL72294,CHEMBL230,5.77,2000.0,5.77,Cc1ccc(-n2c(-c3ccc(S(N)(=O)=O)cc3)c(C)oc2=O)cc1,test
CHEMBL72352,CHEMBL230,2.966199998880782,2005.0,2.966199998880782,CS(=O)(=O)c1ccc(-c2occ(Cl)c(=O)c2-c2ccccc2)cc1,test
CHEMBL72515,CHEMBL230,6.11,2000.0,6.11,COc1ccc(-n2c(-c3ccc(S(N)(=O)=O)cc3)coc2=O)cc1Cl,test
CHEMBL72631,CHEMBL230,4.481486060122113,2000.0,4.481486060122113,COc1ccc2c(c1)c(CC(=O)N1CCOCC1)c(C)n2C(=O)c1ccc(Cl)cc1,train
CHEMBL72859,CHEMBL230,5.75,2000.0,5.75,Cc1oc(=O)n(-c2ccccc2)c1-c1ccc(S(N)(=O)=O)cc1,test
CHEMBL73572,CHEMBL230,6.6,2000.0,6.6,COC(=O)Cc1c(C)n(C(=O)c2ccc(Cl)cc2)c2ccc(OC)cc12,train
CHEMBL73997,CHEMBL230,5.28,1999.0,5.28,CC1(C)OC(=O)C(OC2CC2)=C1c1ccc(S(C)(=O)=O)cc1,train
CHEMBL74276,CHEMBL230,5.55,2000.0,5.55,COc1ccc(C(=O)c2ccccc2)cc1C(C)C(=O)O,train
CHEMBL743,CHEMBL230,4.95,1997.0,4.95,NS(=O)(=O)c1ccc(-n2nc(C(F)(F)F)cc2-c2ccc(C(=O)O)cc2)cc1,train
CHEMBL745,CHEMBL230,4.03,1997.0,4.03,NS(=O)(=O)c1ccc(-n2nc(C(F)(F)F)cc2-c2ccc(CO)cc2)cc1,train
CHEMBL75296,CHEMBL2094253,2.360000000238944,2013.0,2.360000000238944,O=C([O-])Cc1ccccc1Nc1c(F)cccc1F.[Na+],train
CHEMBL75435,CHEMBL230,7.105,2000.0,7.105,C[C@H](C(=O)O)c1cccc(C(=O)c2ccccc2)c1,train
CHEMBL75754,CHEMBL2094253,1.8200000001251635,2013.0,1.8200000001251635,Cc1cc(C)c(C)c(Nc2ccc(Cl)cc2CC(=O)O)c1C,train
CHEMBL75811,CHEMBL2094253,1.1499999999902693,2013.0,1.1499999999902693,Cc1ccc(Cl)c(Nc2ccccc2CC(=O)[O-])c1Cl.[Na+],train
CHEMBL75858,CHEMBL2094253,0.05000000000182515,2013.0,0.05000000000182515,O=C([O-])Cc1ccccc1Nc1c(Cl)cc(F)cc1Cl.[Na+],train
CHEMBL75976,CHEMBL2094253,1.85999999987506,2013.0,1.85999999987506,COc1c(O)cc(Cl)c(Nc2ccccc2CC(=O)O)c1Cl,train
CHEMBL76084,CHEMBL230,7.7,2007.0,7.7,Cc1cccc(Cl)c1Nc1ccccc1CC(=O)O,train
CHEMBL76151,CHEMBL2094253,1.8300000000493888,2013.0,1.8300000000493888,CCc1cccc(CC)c1Nc1ccccc1CC(=O)O,train
CHEMBL76154,CHEMBL2094253,0.7800000000098292,2013.0,0.7800000000098292,Cc1cccc(C)c1Nc1ccccc1CC(=O)O,train
CHEMBL76154,CHEMBL230,7.33,2007.0,7.33,Cc1cccc(C)c1Nc1ccccc1CC(=O)O,train
CHEMBL76300,CHEMBL2094253,1.0399999999790044,2013.0,1.0399999999790044,COc1ccc(Cl)c(Nc2ccccc2CC(=O)O)c1Cl,train
CHEMBL76372,CHEMBL2094253,0.29999999999763627,2013.0,0.29999999999763627,O=C(O)Cc1ccccc1Nc1c(Cl)cccc1I,train
CHEMBL76376,CHEMBL230,7.7,1995.0,7.7,CS(=O)(=O)c1ccc(-c2oc3ccccc3c2-c2ccc(F)cc2)cc1,train
CHEMBL7660,CHEMBL2094253,4.475,1992.0,4.475,O=C1CCN(c2ccccc2)N1,val
CHEMBL76657,CHEMBL2094253,2.1500000002356523,2013.0,2.1500000002356523,O=C(O)Cc1ccccc1Nc1ccc(Cl)c(Cl)c1,train
CHEMBL76692,CHEMBL230,8.3,1995.0,8.3,COc1ccc(-c2c(-c3ccc(S(N)(=O)=O)cc3)oc3ccccc23)cc1F,train
CHEMBL76818,CHEMBL2094253,1.7500000000095057,2013.0,1.7500000000095057,O=C([O-])Cc1ccccc1Nc1c(F)cccc1Cl.[Na+],train
CHEMBL76861,CHEMBL230,7.7,1995.0,7.7,COc1ccc(-c2c(-c3ccc(S(N)(=O)=O)cc3)oc3ccccc23)cc1Cl,train
CHEMBL76912,CHEMBL2094253,0.13000000000053752,2013.0,0.13000000000053752,O=C([O-])Cc1cc(F)ccc1Nc1c(Cl)cccc1Cl.[Na+],train
CHEMBL76913,CHEMBL2094253,0.10000000000234087,2013.0,0.10000000000234087,O=C([O-])Cc1cc(Cl)ccc1Nc1c(Cl)cccc1Cl.[Na+],train
CHEMBL77245,CHEMBL2094253,2.0099999999803617,2013.0,2.0099999999803617,O=C([O-])Cc1ccccc1Nc1ccc(F)cc1F.[Na+],train
CHEMBL77350,CHEMBL230,7.0,1995.0,7.0,COc1ccc(-c2c(-c3ccc(S(C)(=O)=O)cc3)oc3ccccc23)cc1Cl,train
CHEMBL77576,CHEMBL2094253,1.0399999999790044,2013.0,1.0399999999790044,Cc1c(Cl)cccc1Nc1ccccc1CC(=O)O,train
CHEMBL77714,CHEMBL230,8.15,1995.0,8.15,NS(=O)(=O)c1ccc(-c2oc3ccccc3c2-c2ccc(F)cc2)cc1,train
CHEMBL77731,CHEMBL2094253,1.180000000004993,2013.0,1.180000000004993,O=C(O)Cc1c(Br)cccc1Nc1c(Cl)cccc1Cl,train
CHEMBL77823,CHEMBL2094253,2.3100000003267067,2013.0,2.3100000003267067,O=C(O)Cc1ccccc1Nc1ccccc1Cl,train
CHEMBL77914,CHEMBL2094253,2.330000000266665,2013.0,2.330000000266665,O=C([O-])Cc1c(O)cccc1Nc1c(Cl)cccc1Cl.[Na+],train
CHEMBL77977,CHEMBL2094253,0.2500000000002695,2013.0,0.2500000000002695,O=C([O-])Cc1cc(F)ccc1Nc1c(Cl)cc(F)cc1Cl.[Na+],train
CHEMBL77981,CHEMBL2094253,2.0,2013.0,2.0,O=C(O)Cc1ccccc1Nc1cc(Cl)ccc1Cl,train
CHEMBL78188,CHEMBL2094253,2.4600000005668043,2013.0,2.4600000005668043,O=C(O)Cc1ccccc1Nc1ccccc1,train
CHEMBL800,CHEMBL230,5.3,2007.0,5.3,Cc1c(CC(=O)O)c2cc(O)ccc2n1C(=O)c1ccc(Cl)cc1,train
CHEMBL80047,CHEMBL230,7.96,1995.0,7.96,CS(=O)(=O)c1ccc(C2=C(c3ccc(F)cc3)c3ccccc3C2)cc1,train
CHEMBL80405,CHEMBL230,8.3,1995.0,8.3,NS(=O)(=O)c1ccc(C2=C(c3ccc(F)cc3)c3ccccc3C2)cc1,train
CHEMBL828,CHEMBL230,6.27,,6.27,c1ccc2c(c1)Nc1ccccc1S2,train
CHEMBL83527,CHEMBL230,5.654999999999999,2009.0,5.654999999999999,COc1cc(/C=C/c2ccc(O)cc2)cc(OC)c1,train
CHEMBL85139,CHEMBL230,6.535,2005.0,6.535,O=c1c2ccccc2nc2n1CCc1c-2[nH]c2ccccc12,train
CHEMBL8562,CHEMBL2094253,6.96,1990.0,6.96,CC(C)(C)c1cc(/C=C2\CCOC2=O)cc(C(C)(C)C)c1O,train
CHEMBL8595,CHEMBL2094253,6.0,1990.0,6.0,CC(C)c1cc(/C=C/c2cccs2)cc(C(C)C)c1O,train
CHEMBL8636,CHEMBL2094253,5.0,1990.0,5.0,Cc1ccc(/C=C/c2cc(C(C)(C)C)c(O)c(C(C)(C)C)c2)cc1,train
CHEMBL86363,CHEMBL230,8.39,1996.0,8.39,COc1ccc(C2=C(c3ccc(S(C)(=O)=O)cc3)CC3(CC3)C2)cc1Br,test
CHEMBL865,CHEMBL230,7.8500000000000005,2000.0,7.8500000000000005,Cc1onc(-c2ccccc2)c1-c1ccc(S(N)(=O)=O)cc1,train
CHEMBL8747,CHEMBL2094253,5.28,1987.0,5.28,CCCCCC(O)c1cccc(OCc2ccc3ccccc3n2)c1,test
CHEMBL8813,CHEMBL2094253,6.21,1990.0,6.21,CC(C)(C)c1cc(/C=C/c2ccc(F)cc2)cc(C(C)(C)C)c1O,train
CHEMBL88286,CHEMBL230,8.15,1996.0,8.15,CS(=O)(=O)c1ccc(C2=C(c3ccc(F)c(Cl)c3)CC3(CC3)C2)cc1,test
CHEMBL8842,CHEMBL2094253,5.0,1990.0,5.0,CC(C)c1cc(/C=C/c2cccnc2)cc(C(C)C)c1O,val
CHEMBL8846,CHEMBL2094253,7.27,1990.0,7.27,CC(C)(C)c1cc(C(=O)c2cccs2)cc(C(C)(C)C)c1O,test
CHEMBL88493,CHEMBL230,8.4,1996.0,8.4,COc1c(Cl)cc(C2=C(c3ccc(S(N)(=O)=O)cc3)CC3(CC3)C2)cc1Cl,test
CHEMBL88532,CHEMBL230,8.7,1996.0,8.7,COc1ccc(C2=C(c3ccc(S(N)(=O)=O)cc3)CC3(CC3)C2)cc1F,test
CHEMBL88549,CHEMBL230,8.6,1996.0,8.6,CS(=O)(=O)c1ccc(C2=C(c3ccc4c(c3)OCO4)CC3(CC3)C2)cc1,train
CHEMBL88550,CHEMBL230,8.0,1996.0,8.0,COc1ccc(C2=C(c3ccc(S(C)(=O)=O)cc3)CC3(CC3)C2)cc1F,test
CHEMBL88649,CHEMBL230,6.89,1996.0,6.89,NS(=O)(=O)c1ccc(C2=C(c3ccc(OC(F)(F)F)cc3)CC3(CC3)C2)cc1,test
CHEMBL88717,CHEMBL230,9.0,1996.0,9.0,NS(=O)(=O)c1ccc(C2=C(c3ccc(Cl)cc3)CC3(CC3)C2)cc1,test
CHEMBL88899,CHEMBL230,7.77,1996.0,7.77,COc1ccc(C2=C(c3ccc(S(C)(=O)=O)cc3)CC3(CC3)C2)cc1Cl,test
CHEMBL89089,CHEMBL230,8.3,1996.0,8.3,COc1ccc(C2=C(c3ccc(S(C)(=O)=O)cc3)CC3(CC3)C2)cc1,test
CHEMBL89263,CHEMBL230,6.87,1996.0,6.87,CS(=O)(=O)c1ccc(C2=C(c3ccc(OC(F)(F)F)cc3)CC3(CC3)C2)cc1,test
CHEMBL89392,CHEMBL230,4.0,2000.0,4.0,CS(=O)(=O)c1ccc([C@H]2COC(=O)[C@H]2c2ccccc2)cc1,train
CHEMBL89429,CHEMBL230,7.59,1996.0,7.59,CS(=O)(=O)c1ccc(C2=CC3(C=C2c2ccc(F)cc2)CC3)cc1,train
CHEMBL89578,CHEMBL230,7.82,1994.0,7.82,CC1(C)CC(c2ccc(F)cc2)=C(c2ccc(S(C)(=O)=O)cc2)C1,test
CHEMBL8959,CHEMBL2094253,5.0,1990.0,5.0,COc1ccc(/C=C/c2cc(C(C)(C)C)c(O)c(C(C)(C)C)c2)cc1,train
CHEMBL89625,CHEMBL230,7.57,1996.0,7.57,COc1ccc(C2=CC3(C=C2c2ccc(S(C)(=O)=O)cc2)CC3)cc1Cl,train
CHEMBL90447,CHEMBL230,8.4,1995.0,8.4,CS(=O)(=O)c1ccc(C2=C(c3ccc(F)cc3)CC3(CCC3)C2)cc1,test
CHEMBL9090,CHEMBL2094253,6.173925197299173,1989.0,6.173925197299173,CC(C)(C)c1cc(/C=C/c2ccc(Cl)s2)cc(C(C)(C)C)c1O,train
CHEMBL90988,CHEMBL230,7.92,1996.0,7.92,CS(=O)(=O)c1ccc(C2=C(c3ccccc3)C(=O)C23CCCC3)cc1,train
CHEMBL91,CHEMBL230,4.59,,4.59,Clc1ccc(COC(Cn2ccnc2)c2ccc(Cl)cc2Cl)c(Cl)c1,val
CHEMBL91118,CHEMBL230,8.92,1996.0,8.92,C=C1CC(c2ccc(S(C)(=O)=O)cc2)=C1c1ccccc1,train
CHEMBL91258,CHEMBL230,7.48,1996.0,7.48,CS(=O)(=O)c1ccc(C2=C(c3ccc(Cl)cc3Cl)CC3(CC3)C2)cc1,test
CHEMBL91832,CHEMBL230,8.3,1996.0,8.3,CC1(C)C(=O)C(c2ccc(F)cc2)=C1c1ccc(S(C)(=O)=O)cc1,train
CHEMBL91923,CHEMBL230,5.4,2002.0,5.4,CS(=O)(=O)c1ccc(C2=C(c3cccc(O)c3)C(=O)OC2)cc1,train
CHEMBL92102,CHEMBL230,8.82,1996.0,8.82,Cc1ccc(C2=C(c3ccc(S(C)(=O)=O)cc3)CC3(CC3)C2)cc1,test
CHEMBL92107,CHEMBL230,8.48,1996.0,8.48,CS(=O)(=O)c1ccc(C2=C(c3ccc(F)c(F)c3)CC3(CC3)C2)cc1,test
CHEMBL92154,CHEMBL230,8.12,1995.0,8.12,CS(=O)(=O)c1ccc(C2=C(c3ccc(F)cc3)CC3(CC3)C2)cc1,test
CHEMBL92233,CHEMBL230,5.825,1998.0,5.825,Cc1ccncc1-c1ncc(Cl)cc1-c1ccc(S(C)(=O)=O)cc1,val
CHEMBL92443,CHEMBL230,8.66,1996.0,8.66,C=C1C(c2ccccc2)=C(c2ccc(S(C)(=O)=O)cc2)C1(C)C,train
CHEMBL92485,CHEMBL230,7.02,1996.0,7.02,CC1(C)C(=O)C(c2ccc(S(C)(=O)=O)cc2)=C1c1ccccc1,train
CHEMBL92759,CHEMBL230,6.4,1998.0,6.4,CS(=O)(=O)c1ccc(-c2cc(C(F)(F)F)cnc2-c2cccnc2)cc1,val
CHEMBL92793,CHEMBL230,6.08,1998.0,6.08,CS(=O)(=O)c1ccc(-c2cc(Cl)cnc2-c2ccncc2)cc1,train
CHEMBL93,CHEMBL230,5.0,2002.0,5.0,CC(c1cc2ccccc2s1)N(O)C(N)=O,test
CHEMBL93024,CHEMBL230,8.78,2002.0,8.78,CC(=O)Oc1cccc(C2=C(c3ccc(S(C)(=O)=O)cc3)COC2=O)c1,train
CHEMBL93372,CHEMBL230,8.9,2002.0,8.9,CC(=O)Oc1ccc(C2=C(c3ccc(S(C)(=O)=O)cc3)COC2=O)cc1,train
CHEMBL93803,CHEMBL230,5.301029995663981,1996.0,5.301029995663981,CS(=O)(=O)c1ccc(C2=C(c3ccccc3)CC2)cc1,test
CHEMBL94274,CHEMBL230,5.82,1996.0,5.82,COc1cc2c(cc1F)-c1c(c(C(F)(F)F)nn1-c1ccc(S(N)(=O)=O)cc1)[S+]([O-])C2,train
CHEMBL94494,CHEMBL230,7.8,1996.0,7.8,Cc1cc2c(cc1F)-c1c(c(C(F)(F)F)nn1-c1ccc(S(N)(=O)=O)cc1)SC2,train
CHEMBL94935,CHEMBL230,5.96,1996.0,5.96,NS(=O)(=O)c1ccc(-n2nc(C(F)(F)F)c3c2-c2ccccc2CC3)cc1,train
CHEMBL94938,CHEMBL230,6.76,1998.0,6.76,CS(=O)(=O)c1ccc(-c2cc(Cl)cnc2-c2cccnc2)cc1,val
CHEMBL94939,CHEMBL230,6.205,1998.0,6.205,CS(=O)(=O)c1ccc(-c2cc(Cl)cnc2-c2ccccn2)cc1,val
CHEMBL94944,CHEMBL230,5.4,2000.0,5.4,COc1ccc2c(c1)c(CC(=O)Nc1cnccn1)c(C)n2C(=O)c1ccc(Cl)cc1,train
CHEMBL95021,CHEMBL230,5.88,1996.0,5.88,NS(=O)(=O)c1ccc(-n2nc(C(F)(F)F)c3c2-c2ccccc2OC3)cc1,test
CHEMBL95022,CHEMBL230,6.85,1996.0,6.85,N#Cc1nn(-c2ccc(S(N)(=O)=O)cc2)c2c1SCc1cc(F)ccc1-2,train
CHEMBL95052,CHEMBL230,4.769551078621726,2000.0,4.769551078621726,COc1ccc2c(c1)c(CC(=O)N1CCCCC1)c(C)n2C(=O)c1ccc(Cl)cc1,train
CHEMBL95156,CHEMBL230,6.775,1998.0,6.775,CS(=O)(=O)c1ccc(-c2cc(Cl)cnc2-c2ccc(C3CC3)nc2)cc1,val
CHEMBL95246,CHEMBL230,5.3,1996.0,5.3,COc1ccc(-c2sccc2-c2ccc(S(C)(=O)=O)cc2)cc1,train
CHEMBL95311,CHEMBL230,7.22,2000.0,7.22,COc1ccc2c(c1)c(CC(=O)NCCc1ccccc1)c(C)n2C(=O)c1ccc(Cl)cc1,train
CHEMBL95380,CHEMBL230,6.72,2000.0,6.72,COc1ccc2c(c1)c(CC(=O)NCCOC(=O)/C=C/c1ccc(N(C)C)cc1)c(C)n2C(=O)c1ccc(Cl)cc1,train
CHEMBL95402,CHEMBL230,7.4,2000.0,7.4,CCCCCCCCCNC(=O)Cc1c(C)n(C(=O)c2ccc(Cl)cc2)c2ccc(OC)cc12,train
CHEMBL95469,CHEMBL230,6.92,2000.0,6.92,COc1ccc2c(c1)c(CC(=O)Nc1ccc(NC(C)=O)cc1)c(C)n2C(=O)c1ccc(Cl)cc1,test
CHEMBL95479,CHEMBL230,6.0,2000.0,6.0,COc1ccc2c(c1)c(CC(=O)OCCC1CCCCC1)c(C)n2C(=O)c1ccc(Cl)cc1,train
CHEMBL95508,CHEMBL230,5.4,2000.0,5.4,COC(=O)CNC(=O)Cc1c(C)n(C(=O)c2ccc(Cl)cc2)c2ccc(OC)cc12,train
CHEMBL95558,CHEMBL230,7.24,2000.0,7.24,COC(=O)Cc1ccc(NC(=O)Cc2c(C)n(C(=O)c3ccc(Cl)cc3)c3ccc(OC)cc23)cc1,test
CHEMBL95572,CHEMBL230,6.82,2000.0,6.82,COc1ccc2c(c1)c(CC(=O)NCc1ccccc1C)c(C)n2C(=O)c1ccc(Cl)cc1,train
CHEMBL956,CHEMBL230,5.56,2008.0,5.56,CC(C(=O)O)c1ccc(C(=O)c2cccs2)cc1,test
CHEMBL95625,CHEMBL230,7.22,2000.0,7.22,COc1ccc2c(c1)c(CC(=O)Oc1ccccc1SC)c(C)n2C(=O)c1ccc(Cl)cc1,train
CHEMBL95640,CHEMBL230,4.180456064458132,2000.0,4.180456064458132,COc1ccc2c(c1)c(CC(=O)OCCc1ccccc1)cn2C(=O)c1ccc(Cl)cc1,val
CHEMBL95643,CHEMBL230,7.35,2000.0,7.35,COc1ccc2c(c1)c(CC(=O)OCCc1ccccc1)c(C)n2C(=O)c1ccc(Cl)cc1,val
CHEMBL95659,CHEMBL230,5.6,2000.0,5.6,COc1ccc2c(c1)c(CC(=O)NNCc1ccccc1)c(C)n2C(=O)c1ccc(Cl)cc1,train
CHEMBL95921,CHEMBL230,6.16,2000.0,6.16,COc1ccc2c(c1)c(CC(N)=O)c(C)n2C(=O)c1ccc(Cl)cc1,train
CHEMBL95988,CHEMBL230,6.6,2000.0,6.6,CCCCC#CCOC(=O)Cc1c(C)n(C(=O)c2ccc(Cl)cc2)c2ccc(OC)cc12,train
CHEMBL95989,CHEMBL230,7.3,2000.0,7.3,CCCC/C=C/COC(=O)Cc1c(C)n(C(=O)c2ccc(Cl)cc2)c2ccc(OC)cc12,train
CHEMBL96011,CHEMBL230,6.92,2000.0,6.92,COc1ccc2c(c1)c(CC(=O)Nc1ccc(SC)cc1)c(C)n2C(=O)c1ccc(Cl)cc1,test
CHEMBL96057,CHEMBL230,6.52,2000.0,6.52,COc1ccc2c(c1)c(CC(=O)Oc1ccc(SC)cc1)c(C)n2C(=O)c1ccc(Cl)cc1,train
CHEMBL96098,CHEMBL230,6.535,1998.0,6.535,CCc1ccc(-c2ncc(Cl)cc2-c2ccc(S(C)(=O)=O)cc2)cn1,val
CHEMBL96110,CHEMBL230,7.12,1996.0,7.12,COc1cc2c(cc1F)-c1c(c(C(F)(F)F)nn1-c1ccc(S(C)(=O)=O)cc1)SC2,train
CHEMBL96842,CHEMBL230,5.1,1998.0,5.1,CS(=O)(=O)c1ccc(-c2cccnc2-c2ccccc2)cc1,train
CHEMBL96947,CHEMBL230,6.24,1998.0,6.24,Cc1cncc(-c2ncc(Cl)cc2-c2ccc(S(C)(=O)=O)cc2)c1,val
CHEMBL96950,CHEMBL230,5.73,1998.0,5.73,Cc1ncccc1-c1ncc(Cl)cc1-c1ccc(S(C)(=O)=O)cc1,val
CHEMBL96954,CHEMBL230,7.3,2000.0,7.3,COc1ccc2c(c1)c(CC(=O)Oc1cccnc1)c(C)n2C(=O)c1ccc(Cl)cc1,train
CHEMBL97040,CHEMBL230,6.17,2000.0,6.17,COc1ccc2c(c1)c(CC(=O)OCCN1CCOCC1)c(C)n2C(=O)c1ccc(Cl)cc1,train
CHEMBL97042,CHEMBL230,4.769551078621726,2000.0,4.769551078621726,COc1ccc2c(c1)c(CC(=O)N(C)CCc1ccccc1)c(C)n2C(=O)c1ccc(Cl)cc1,train
CHEMBL97059,CHEMBL230,8.22,1996.0,8.22,NS(=O)(=O)c1ccc(-n2nc(C(F)(F)F)c3c2-c2cc(F)c(F)cc2CS3)cc1,train
CHEMBL97088,CHEMBL230,5.3,2000.0,5.3,COc1ccc2c(c1)c(CC(=O)Oc1cccc3ccccc13)c(C)n2C(=O)c1ccc(Cl)cc1,train
CHEMBL97130,CHEMBL230,4.180456064458132,2000.0,4.180456064458132,COc1ccc2c(c1)c(CC(=O)NCCc1ccccc1)cn2C(=O)c1ccc(Cl)cc1,train
CHEMBL97179,CHEMBL230,7.3,2000.0,7.3,CCCCOC(=O)Cc1c(C)n(C(=O)c2ccc(Cl)cc2)c2ccc(OC)cc12,train
CHEMBL97219,CHEMBL230,6.22,2000.0,6.22,COc1ccc2c(c1)c(CC(=O)Nc1cc(C)c(C(=O)Nc3ccccc3)cc1OC)c(C)n2C(=O)c1ccc(Cl)cc1,train
CHEMBL97411,CHEMBL230,7.05,2000.0,7.05,CCCCCCCCOC(=O)Cc1c(C)n(C(=O)c2ccc(Cl)cc2)c2ccc(OC)cc12,train
CHEMBL97467,CHEMBL230,5.096910013008056,2000.0,5.096910013008056,COc1ccc2c(c1)c(CC(=O)Oc1cc(C)cc(C)c1)c(C)n2C(=O)c1ccc(Cl)cc1,train
CHEMBL97562,CHEMBL230,7.3,2000.0,7.3,COc1ccc2c(c1)c(CC(=O)Oc1ccc(NC(C)=O)cc1)c(C)n2C(=O)c1ccc(Cl)cc1,train
CHEMBL97808,CHEMBL230,5.4,2000.0,5.4,COc1ccc2c(c1)c(CC(=O)Nc1ncc(C)s1)c(C)n2C(=O)c1ccc(Cl)cc1,train
CHEMBL97834,CHEMBL230,4.75,2000.0,4.75,COc1ccc2c(c1)c(CC(=O)N(C)C)c(C)n2C(=O)c1ccc(Cl)cc1,train
CHEMBL97846,CHEMBL230,7.25,2000.0,7.25,COc1ccc(NC(=O)Cc2c(C)n(C(=O)c3ccc(Cl)cc3)c3ccc(OC)cc23)cc1,test
CHEMBL97874,CHEMBL230,8.05,1995.0,8.05,COc1ccc(-c2cscc2-c2ccc(S(N)(=O)=O)cc2)cc1F,train
CHEMBL97935,CHEMBL230,4.261439372640169,1995.0,4.261439372640169,CS(=O)(=O)c1ccc(-c2c(-c3ccc(F)cc3)csc2Br)cc1,train
CHEMBL97943,CHEMBL230,6.0,2001.0,6.0,CS(=O)(=O)c1ccc(-c2noc(C(F)(F)F)c2-c2ccccc2)cc1,train
CHEMBL98193,CHEMBL230,5.27,2001.0,5.27,CN1CC(c2ccc(S(C)(=O)=O)cc2)=C(c2ccccc2)O1,test
CHEMBL98311,CHEMBL230,3.6989700043360187,1996.0,3.6989700043360187,CS(=O)(=O)c1ccc(-c2cc(S(C)(=O)=O)sc2-c2ccc(F)cc2)cc1,train
CHEMBL98489,CHEMBL230,5.22,1996.0,5.22,CSc1ccc(-c2cscc2-c2ccc(S(C)(=O)=O)cc2)cc1,train
CHEMBL98492,CHEMBL230,3.9956786262173574,1996.0,3.9956786262173574,CSc1ccc(-c2cscc2-c2ccc(SC)cc2)cc1,train
CHEMBL98514,CHEMBL230,7.33,2000.0,7.33,COc1ccc2c(c1)c(CC(=O)Nc1cncc(Cl)c1)c(C)n2C(=O)c1ccc(Cl)cc1,train
CHEMBL98610,CHEMBL230,5.63,2020.0,5.63,CCCCCCCCCCCCCCCc1cc(O)cc(O)c1,train
CHEMBL98903,CHEMBL230,6.3,1995.0,6.3,COc1ccc(-c2cscc2-c2ccc(S(C)(=O)=O)cc2)cc1,train
CHEMBL99167,CHEMBL230,4.07,1996.0,4.07,CS(=O)(=O)c1ccc(-c2ccsc2-c2ccc(O)cc2)cc1,train
CHEMBL99199,CHEMBL230,7.3,2000.0,7.3,CCCCCOC(=O)Cc1c(C)n(C(=O)c2ccc(Cl)cc2)c2ccc(OC)cc12,train
CHEMBL99374,CHEMBL230,5.4,1996.0,5.4,Cc1ccc(-c2cscc2-c2ccc(S(C)(=O)=O)cc2)cc1,train
CHEMBL99517,CHEMBL230,4.89,1996.0,4.89,Cc1ccc(-c2sccc2-c2ccc(S(C)(=O)=O)cc2)cc1,train
CHEMBL99727,CHEMBL230,3.886056647693163,1996.0,3.886056647693163,CCOC(=O)CCc1cc(-c2ccc(S(C)(=O)=O)cc2)c(-c2ccc(F)cc2)s1,train
CHEMBL99828,CHEMBL230,5.0,1996.0,5.0,Cc1cc(-c2ccc(S(C)(=O)=O)cc2)c(-c2ccc(F)cc2)s1,train
CHEMBL99933,CHEMBL230,7.0,2000.0,7.0,CCCOC(=O)Cc1c(C)n(C(=O)c2ccc(Cl)cc2)c2ccc(OC)cc12,train
