molecule_chembl_id,target_chembl_id,pchembl_value,year,label,smiles,split,y_pred
CHEMBL10042,CHEMBL230,4.481486060122113,2001.0,4.481486060122113,CS(=O)(=O)c1ccc(-c2cc(Cl)cnc2-c2ccc(CO)nc2)cc1,val,6.017211767477373
CHEMBL101503,CHEMBL230,4.96,1996.0,4.96,CS(=O)(=O)c1ccc(-c2ccccc2-c2ccccc2)cc1,test,5.546220572738893
CHEMBL104156,CHEMBL2094253,4.0,1994.0,4.0,CCc1c(O)c(OC)c(Cc2cccnc2)c2nc(NC)sc12,test,5.325867832019576
CHEMBL104592,CHEMBL230,6.72,1999.0,6.72,CC(C(=O)O)c1ccc(-c2ccc3[nH]ccc3c2)cc1,test,5.556699818025825
CHEMBL105139,CHEMBL2094253,3.7614393726401687,1994.0,3.7614393726401687,CNc1nc2c(Cc3cccnc3)c(C)c(O)c(C)c2s1,test,5.323197592329416
CHEMBL105386,CHEMBL2094253,4.0,1994.0,4.0,CCNc1nc2c(C)c(C)c(O)c(Cc3cccnc3)c2s1,val,5.415826728751035
CHEMBL105587,CHEMBL2094253,4.0,1994.0,4.0,CCNc1nc2c(C)c(Cc3cccnc3)c(O)c(C)c2s1,test,5.402990786384186
CHEMBL106445,CHEMBL230,6.64,1999.0,6.64,Cc1cc2cc(-c3ccc(C(C)C(=O)O)cc3)ccc2[nH]1,test,5.7017670984591895
CHEMBL1080552,CHEMBL230,4.150514997831991,2010.0,4.150514997831991,O=C(Nc1ccc(-c2ccc(Cl)c(Cl)c2)cc1)C1NS(=O)(=O)c2ccccc2C1O,test,5.151096952052938
CHEMBL108201,CHEMBL230,8.3,1994.0,8.3,COc1ccc(C2=C(c3ccc(S(C)(=O)=O)cc3)CCC2)cc1,test,5.970827864447786
CHEMBL108512,CHEMBL230,7.4,1999.0,7.4,CC1(C)OC(=O)C(Oc2ccc3sccc3c2)=C1c1ccc(S(C)(=O)=O)cc1,test,6.399520330377048
CHEMBL1086612,CHEMBL230,4.16,2010.0,4.16,O=C(Nc1ccc(Oc2ccc(Cl)cc2)cc1)C1=C(O)c2ccccc2S(=O)(=O)N1,test,4.610358065443323
CHEMBL108802,CHEMBL230,6.05,1999.0,6.05,CC1(C)OC(=O)C(Cc2ccccc2)=C1c1ccc(S(C)(=O)=O)cc1,test,6.095244003124671
CHEMBL1088299,CHEMBL230,4.0,2010.0,4.0,O=C(Nc1ccc(Nc2ccc(Cl)cc2)cc1)C1=C(O)c2ccccc2S(=O)(=O)N1,test,4.530804692196051
CHEMBL108975,CHEMBL230,7.28,1994.0,7.28,CS(=O)(=O)c1ccc(C2=C(c3ccc(Cl)cc3Cl)CCC2)cc1,test,6.351811261562725
CHEMBL108978,CHEMBL230,5.92,2000.0,5.92,CS(=O)(=O)c1ccc(-n2cc(C(F)(F)F)nc2-c2cc3ccccc3cn2)cc1,val,6.073386218237706
CHEMBL109030,CHEMBL230,6.06,1994.0,6.06,CS(=O)(=O)c1ccc(C2=C(c3ccc(C(F)(F)F)cc3)CCC2)cc1,test,6.219694311767779
CHEMBL109143,CHEMBL230,6.28,2000.0,6.28,Cc1nc(-c2nc(C(F)(F)F)cn2-c2ccc(S(N)(=O)=O)cc2)cs1,test,6.439639373451268
CHEMBL109486,CHEMBL230,5.18,1994.0,5.18,COCc1ccc(C2=C(c3ccc(S(C)(=O)=O)cc3)CCC2)cc1,test,5.8998921575843175
CHEMBL109578,CHEMBL230,5.495,1994.0,5.495,CS(=O)(=O)c1ccc(C2=C(c3ccc(CO)cc3)CCC2)cc1,test,5.801042453447028
CHEMBL109623,CHEMBL230,8.3,1995.0,8.3,CN(C)c1ccc(C2=C(c3ccc(S(C)(=O)=O)cc3)CCC2)cc1Cl,test,6.2232609128520995
CHEMBL110382,CHEMBL230,7.585,2000.0,7.585,CS(=O)(=O)c1ccc(-n2cc(C(F)(F)F)nc2-c2cc(Br)cs2)cc1,test,6.330229802146584
CHEMBL110446,CHEMBL230,6.2,2000.0,6.2,CS(=O)(=O)c1ccc(-n2cc(C(F)(F)F)nc2-c2cnc3ccccc3c2)cc1,test,6.16103769305411
CHEMBL110846,CHEMBL230,6.77,1995.0,6.77,NS(=O)(=O)c1ccc(C2=C(c3ccc(C(F)(F)F)c(F)c3)CCC2)cc1,test,6.606110868950946
CHEMBL110876,CHEMBL230,5.96,2000.0,5.96,Cc1ccsc1-c1nc(C(F)(F)F)cn1-c1ccc(S(C)(=O)=O)cc1,test,6.103125892794057
CHEMBL111039,CHEMBL230,6.66,1994.0,6.66,CSc1ccc(C2=C(c3ccc(S(C)(=O)=O)cc3)CCC2)cc1,test,6.180243335442587
CHEMBL111045,CHEMBL230,7.17,1994.0,7.17,CS(=O)(=O)c1ccc(C2=C(c3ccc(F)cc3)CC(C(F)(F)F)(C(F)(F)F)C2)cc1,test,6.261309452477209
CHEMBL111057,CHEMBL230,6.82,1995.0,6.82,NS(=O)(=O)c1ccc(C2=C(c3ccc(C(F)(F)F)cc3)CCC2)cc1,test,6.367016813427986
CHEMBL111095,CHEMBL230,8.05,1995.0,8.05,COc1ccc(C2=C(c3ccc(S(N)(=O)=O)cc3)CCC2)cc1Cl,test,6.449221629064185
CHEMBL111314,CHEMBL230,6.92,1995.0,6.92,COc1ccc(C2=C(c3ccc(S(C)(=O)=O)cc3)CCC2)cc1F,test,6.393062172572925
CHEMBL111321,CHEMBL230,8.7,1995.0,8.7,NS(=O)(=O)c1ccc(C2=C(c3ccc(Cl)c(Cl)c3)CCC2)cc1,test,6.357827464308857
CHEMBL111356,CHEMBL230,8.7,1995.0,8.7,CN(C)c1ccc(C2=C(c3ccc(S(N)(=O)=O)cc3)CCC2)cc1Cl,test,6.358109621387289
CHEMBL111427,CHEMBL230,7.8,1995.0,7.8,COc1ccc(C2=C(c3ccc(S(N)(=O)=O)cc3)CCC2)cc1F,test,6.533692642001047
CHEMBL111518,CHEMBL230,7.62,2001.0,7.62,NS(=O)(=O)c1ccc(-n2nc(C(F)(F)F)cc2-c2ccc3c(c2)OCO3)cc1,val,6.733558365253755
CHEMBL111562,CHEMBL230,8.7,1995.0,8.7,COc1ccc(C2=C(c3ccc(S(N)(=O)=O)cc3)CCC2)cc1,test,6.149565587483773
CHEMBL111590,CHEMBL230,8.52,1995.0,8.52,NS(=O)(=O)c1ccc(C2=C(c3ccc(Cl)cc3)CCC2)cc1,test,6.457785098659962
CHEMBL111597,CHEMBL230,8.0,1995.0,8.0,CS(=O)(=O)c1ccc(C2=C(c3ccc(Cl)c(Cl)c3)CCC2)cc1,test,6.263956656038368
CHEMBL111657,CHEMBL230,7.29,1995.0,7.29,CS(=O)(=O)c1ccc(C2=C(c3ccc(F)c(F)c3)CCC2)cc1,test,6.382360900576035
CHEMBL111786,CHEMBL230,8.0,1995.0,8.0,NS(=O)(=O)c1ccc(C2=C(c3ccc(F)c(Cl)c3)CCC2)cc1,test,6.584641429699593
CHEMBL111787,CHEMBL230,7.745,1995.0,7.745,NS(=O)(=O)c1ccc(C2=C(c3ccc(F)c(F)c3)CCC2)cc1,test,6.484006578003808
CHEMBL114162,CHEMBL230,5.0,2003.0,5.0,CS(=O)(=O)c1ccc(-c2cncn2-c2ccc(F)cc2)cc1,val,5.865893888172616
CHEMBL114783,CHEMBL230,7.85,2003.0,7.85,CS(=O)(=O)c1ccc(-c2cnc(Cl)n2-c2ccc(F)cc2)cc1,val,6.2532475173614435
CHEMBL115410,CHEMBL230,7.96,2003.0,7.96,CSc1ccc(-c2c(Cl)ncn2-c2ccc(S(C)(=O)=O)cc2)cc1,val,6.260107735036059
CHEMBL115458,CHEMBL230,5.0,2003.0,5.0,COC(=O)c1ncc(-c2ccc(S(C)(=O)=O)cc2)n1-c1ccc(F)cc1,val,5.8864958569781685
CHEMBL115752,CHEMBL230,8.15,2003.0,8.15,CS(=O)(=O)c1ccc(-n2cnc(Cl)c2-c2ccc(F)cc2F)cc1,val,6.2243629274165775
CHEMBL115864,CHEMBL230,5.0,2003.0,5.0,CS(=O)(=O)c1ccc(-n2c(CO)nc(Cl)c2-c2ccc(F)cc2)cc1,val,6.151605352594293
CHEMBL115979,CHEMBL230,8.3,2003.0,8.3,COc1ccc(-c2c(Cl)ncn2-c2ccc(S(N)(=O)=O)cc2)cc1Cl,val,6.4917283012805695
CHEMBL116016,CHEMBL230,8.15,2003.0,8.15,COc1c(Cl)cc(-c2c(Cl)ncn2-c2ccc(S(C)(=O)=O)cc2)cc1Cl,val,6.193768114399684
CHEMBL116199,CHEMBL230,5.0,2003.0,5.0,Cc1nc(Cl)c(-c2ccc(F)cc2)n1-c1ccc(S(C)(=O)=O)cc1,val,6.430674508487428
CHEMBL1163219,CHEMBL230,3.703554205793603,2010.0,3.703554205793603,COc1ccc2c(c1)c1c(n2C(=O)c2ccc(Cl)cc2)CCN(CCCOc2cc(F)cc(C3(OC)CCOCC3)c2)C1.Cl,test,5.975471672055816
CHEMBL1163221,CHEMBL230,4.0,2010.0,4.0,COc1ccc2c(c1)c1c(n2C(=O)c2c(Cl)cc(Cl)cc2Cl)CCN(CCCOc2cc(F)cc(C3(OC)CCOCC3)c2)C1.Cl,test,5.9032570746253565
CHEMBL1163237,CHEMBL230,4.11,2010.0,4.11,COc1ccc2c(c1)c1c(n2C(=O)c2ccccc2)CCN(CCCOc2cc(F)cc(C3(OC)CCOCC3)c2)C1.Cl,test,5.785373337580824
CHEMBL1163238,CHEMBL230,3.899629454882437,2010.0,3.899629454882437,COc1ccc2c(c1)c1c(n2C(=O)c2ccccc2F)CCN(CCCOc2cc(F)cc(C3(OC)CCOCC3)c2)C1.Cl,test,5.771670087566018
CHEMBL1163243,CHEMBL230,4.27,2010.0,4.27,COc1ccc2c(c1)c1c(n2C(=O)c2ccc(F)cc2)CCN(CCCOc2cc(F)cc(C3(OC)CCOCC3)c2)C1.Cl,test,5.816359809690731
CHEMBL116343,CHEMBL230,7.29,2003.0,7.29,Cc1ncc(-c2ccc(S(C)(=O)=O)cc2)n1-c1ccc(F)cc1,val,6.196430582299001
CHEMBL116365,CHEMBL230,5.0,2003.0,5.0,CS(=O)(=O)c1ccc(-n2cnc(Cl)c2-c2ccncc2)cc1,test,5.939553742508145
CHEMBL1164396,CHEMBL230,4.07,2010.0,4.07,COc1ccc2c(c1)c1c(n2C(=O)c2ccc(Br)cc2)CCN(CCCOc2cc(F)cc(C3(OC)CCOCC3)c2)C1.Cl,test,5.92785951392988
CHEMBL1164949,CHEMBL230,3.9918258159935736,2010.0,3.9918258159935736,COC1(c2cc(F)cc(OCCCN3CCc4c(c5ccccc5n4C(=O)c4ccccc4)C3)c2)CCOCC1.Cl,test,5.767649078141197
CHEMBL1164950,CHEMBL230,3.447088549783491,2010.0,3.447088549783491,COc1ccc2c(c1)c1c(n2C(=O)c2cccc(F)c2)CCN(CCCOc2cc(F)cc(C3(OC)CCOCC3)c2)C1.Cl,test,5.793902754685175
CHEMBL116498,CHEMBL230,5.0,2003.0,5.0,CC(=O)Nc1ccc(-c2c(Cl)ncn2-c2ccc(S(C)(=O)=O)cc2)cc1,val,5.821997074870249
CHEMBL116683,CHEMBL230,8.1,2003.0,8.1,COc1cc(-c2c(Cl)ncn2-c2ccc(S(N)(=O)=O)cc2)ccc1F,val,6.596561308472081
CHEMBL116933,CHEMBL230,5.0,2003.0,5.0,CS(=O)(=O)c1ccc(-n2c(Cl)nc(Cl)c2-c2ccc(F)cc2)cc1,val,6.348867452686648
CHEMBL1171251,CHEMBL230,5.17,2010.0,5.17,COc1ccc(/C=C/C(=O)O[C@H]2[C@H](O[C@H]3[C@H](O)[C@@H](O)[C@H](O[C@@H]4CO[C@@H](O[C@@H]5[C@@H](O)[C@H](C)O[C@@H](O[C@H]6[C@H](O[C@H]7CC[C@@]8(C)[C@@H](CC[C@]9(C)[C@@H]8CC=C8[C@@H]%10CC(C)(C)CC[C@]%10(C(=O)O[C@@H]%10O[C@H](CO[C@@H]%11O[C@H](CO)[C@@H](O[C@@H]%12O[C@@H](C)[C@H](O)[C@@H](O)[C@H]%12O)[C@H](O)[C@H]%11O)[C@@H](O)[C@H](O)[C@H]%10O)CC[C@]89C)[C@]7(C)CO)OC[C@@H](O)[C@@H]6O)[C@@H]5O)[C@H](O)[C@@H]4O)O[C@@H]3CO)O[C@H](CO)[C@@H](O)[C@@H]2O[C@@H]2O[C@H](CO[C@@H]3O[C@@H](C)[C@H](O)[C@@H](O)[C@H]3O[C@@H]3O[C@H](CO)[C@@H](O)[C@H](O)[C@H]3O)[C@@H](O)[C@H](O)[C@H]2O)cc1O,test,5.184268926185903
CHEMBL1171254,CHEMBL230,5.1,2010.0,5.1,COc1ccc(/C=C/C(=O)OC[C@H]2O[C@@H](O[C@H]3[C@H](O)[C@@H](O)[C@H](O[C@@H]4CO[C@@H](O[C@@H]5[C@@H](O)[C@H](C)O[C@@H](O[C@H]6[C@H](O[C@H]7CC[C@@]8(C)[C@@H](CC[C@]9(C)[C@@H]8CC=C8[C@@H]%10CC(C)(C)CC[C@]%10(C(=O)O[C@@H]%10O[C@H](CO[C@@H]%11O[C@H](CO)[C@@H](O[C@@H]%12O[C@@H](C)[C@H](O)[C@@H](O)[C@H]%12O)[C@H](O)[C@H]%11O)[C@@H](O)[C@H](O)[C@H]%10O)CC[C@]89C)[C@]7(C)CO)OC[C@@H](O)[C@@H]6O)[C@@H]5O)[C@H](O)[C@@H]4O)O[C@@H]3CO)[C@H](O)[C@@H](O)[C@@H]2O)cc1O,test,5.209833096531345
CHEMBL1171255,CHEMBL230,5.14,2010.0,5.14,COc1ccc(/C=C/C(=O)OC[C@H]2O[C@@H](O[C@H]3[C@H](O)[C@@H](O)[C@H](O[C@@H]4CO[C@@H](O[C@@H]5[C@@H](O)[C@H](C)O[C@@H](O[C@H]6[C@H](O[C@H]7CC[C@]8(C)[C@H]9CC=C%10[C@@H]%11CC(C)(C)CC[C@]%11(C(=O)O[C@@H]%11O[C@H](CO[C@@H]%12O[C@H](CO)[C@@H](O[C@@H]%13O[C@@H](C)[C@H](O)[C@@H](O)[C@H]%13O)[C@H](O)[C@H]%12O)[C@@H](O)[C@H](O)[C@H]%11O)CC[C@@]%10(C)[C@]9(C)CC[C@H]8C7(C)C)OC[C@@H](O)[C@@H]6O)[C@@H]5O)[C@H](O)[C@@H]4O)O[C@@H]3CO)[C@H](O)[C@@H](O)[C@@H]2O)cc1O,test,5.19562457519443
CHEMBL1171447,CHEMBL230,5.17,2010.0,5.17,COc1ccc(/C=C/C(=O)O[C@H]2[C@H](O[C@H]3[C@H](O)[C@@H](O)[C@H](O[C@@H]4CO[C@@H](O[C@@H]5[C@@H](O)[C@H](C)O[C@@H](O[C@H]6[C@H](O[C@H]7CC[C@]8(C)[C@H]9CC=C%10[C@@H]%11CC(C)(C)CC[C@]%11(C(=O)O[C@@H]%11O[C@H](CO[C@@H]%12O[C@H](CO)[C@@H](O[C@@H]%13O[C@@H](C)[C@H](O)[C@@H](O)[C@H]%13O)[C@H](O)[C@H]%12O)[C@@H](O)[C@H](O)[C@H]%11O)CC[C@@]%10(C)[C@]9(C)CC[C@H]8C7(C)C)OC[C@H](O)[C@@H]6O)[C@@H]5O)[C@H](O)[C@@H]4O)O[C@@H]3CO)O[C@H](CO)[C@@H](O)[C@@H]2O[C@@H]2O[C@H](CO[C@@H]3O[C@@H](C)[C@H](O)[C@@H](O)[C@H]3O[C@@H]3O[C@H](CO)[C@@H](O)[C@H](O)[C@H]3O)[C@@H](O)[C@H](O)[C@H]2O)cc1O,test,5.169100302986694
CHEMBL1171449,CHEMBL230,4.301029995663981,2010.0,4.301029995663981,C[C@@H]1O[C@@H](O[C@H]2[C@H](O[C@H]3CC[C@]4(C)[C@H]5CC=C6[C@@H]7CC(C)(C)CC[C@]7(C(=O)O[C@@H]7O[C@H](CO[C@@H]8O[C@H](CO)[C@@H](O[C@@H]9O[C@@H](C)[C@H](O)[C@@H](O)[C@H]9O)[C@H](O)[C@H]8O)[C@@H](O)[C@H](O)[C@H]7O)CC[C@@]6(C)[C@]5(C)CC[C@H]4C3(C)CO)OC[C@H](O)[C@@H]2O)[C@H](O)[C@H](O)[C@H]1O,test,4.975110085790413
CHEMBL1171454,CHEMBL230,4.301029995663981,2010.0,4.301029995663981,C[C@@H]1O[C@@H](O[C@H]2[C@H](O)[C@@H](O)[C@H](OC[C@H]3O[C@@H](OC(=O)[C@]45CCC(C)(C)C[C@H]4C4=CC[C@@H]6[C@@]7(C)CC[C@H](O[C@@H]8OC[C@H](O)[C@H](O)[C@H]8O[C@@H]8O[C@@H](C)[C@H](O)[C@@H](O[C@@H]9OC[C@@H](O[C@@H]%10O[C@H](CO)[C@@H](O[C@@H]%11O[C@H](CO)[C@@H](O)[C@H](O)[C@H]%11O)[C@H](O)[C@H]%10O)[C@@H](O)[C@H]9O)[C@H]8O)C(C)(C)[C@@H]7CC[C@@]6(C)[C@]4(C)CC5)[C@H](O)[C@@H](O)[C@@H]3O)O[C@@H]2CO)[C@H](O)[C@H](O)[C@H]1O,val,4.999990356340778
CHEMBL1171455,CHEMBL230,4.301029995663981,2010.0,4.301029995663981,C[C@@H]1O[C@@H](O[C@H]2[C@H](O)[C@@H](O)[C@H](OC[C@H]3O[C@@H](OC(=O)[C@]45CCC(C)(C)C[C@H]4C4=CC[C@@H]6[C@@]7(C)CC[C@H](O[C@@H]8OC[C@H](O)[C@H](O)[C@H]8O[C@@H]8O[C@@H](C)[C@H](O)[C@@H](O[C@@H]9OC[C@@H](O[C@@H]%10O[C@H](CO)[C@@H](O[C@@H]%11O[C@H](CO)[C@@H](O)[C@H](O)[C@H]%11O)[C@H](O)[C@H]%10O)[C@@H](O)[C@H]9O)[C@H]8O)[C@@](C)(CO)[C@@H]7CC[C@@]6(C)[C@]4(C)CC5)[C@H](O)[C@@H](O)[C@@H]3O)O[C@@H]2CO)[C@H](O)[C@H](O)[C@H]1O,val,5.011716988062102
CHEMBL117146,CHEMBL230,7.29,2003.0,7.29,CS(=O)(=O)c1ccc(-c2cnc(C#N)n2-c2ccc(F)cc2)cc1,val,6.161351179265406
CHEMBL117295,CHEMBL230,8.1,2003.0,8.1,COc1ccc(-c2c(Cl)ncn2-c2ccc(S(C)(=O)=O)cc2)cc1Cl,val,6.284165671584947
CHEMBL117528,CHEMBL230,7.82,2003.0,7.82,COc1ccc(-c2c(Cl)ncn2-c2ccc(S(C)(=O)=O)cc2)c(F)c1,val,6.239144985221718
CHEMBL117547,CHEMBL230,7.28,2003.0,7.28,CCSc1ccc(-c2c(Cl)ncn2-c2ccc(S(C)(=O)=O)cc2)cc1,val,6.098793029280661
CHEMBL117618,CHEMBL230,5.0,2003.0,5.0,CS(=O)(=O)c1ccc(-n2c(-c3ccc(F)cc3)cnc2CO)cc1,val,5.947479793930119
CHEMBL117650,CHEMBL230,7.55,2003.0,7.55,CS(=O)(=O)c1ccc(-n2cnc(Cl)c2-c2ccccc2F)cc1,val,6.005347602215745
CHEMBL117708,CHEMBL230,6.73,2003.0,6.73,CS(=O)(=O)c1ccc(-n2cnc(Cl)c2-c2ccc(N)cc2)cc1,val,6.037069830246795
CHEMBL117852,CHEMBL230,7.0,2003.0,7.0,CCCc1ccc(-c2c(Cl)ncn2-c2ccc(S(C)(=O)=O)cc2)cc1,val,6.050555561116505
CHEMBL117855,CHEMBL230,7.41,2003.0,7.41,CC(C)c1ccc(-c2c(Cl)ncn2-c2ccc(S(C)(=O)=O)cc2)cc1,val,6.109814364491399
CHEMBL117862,CHEMBL230,7.05,2003.0,7.05,COc1ccc(-c2c(Cl)ncn2-c2ccc(S(C)(=O)=O)cc2)cc1F,val,6.492658007240276
CHEMBL117917,CHEMBL230,8.15,2003.0,8.15,CCOc1ccc(-c2c(Cl)ncn2-c2ccc(S(N)(=O)=O)cc2)cc1Cl,val,6.415648846905198
CHEMBL117946,CHEMBL230,5.0,2003.0,5.0,CS(=O)(=O)c1ccc(-n2c(-c3ccc(F)cc3)cnc2Cl)cc1,val,6.2532475173614435
CHEMBL117947,CHEMBL230,7.7,2003.0,7.7,CCOc1ccc(-c2c(Cl)ncn2-c2ccc(S(N)(=O)=O)cc2)cc1F,val,6.602661992200148
CHEMBL118064,CHEMBL230,8.05,2003.0,8.05,NS(=O)(=O)c1ccc(-n2cnc(Cl)c2-c2ccccc2)cc1,val,6.14330169201877
CHEMBL118067,CHEMBL230,5.0,2003.0,5.0,CCOc1cc(OCC)cc(-c2c(Cl)ncn2-c2ccc(S(C)(=O)=O)cc2)c1,val,6.062960741939651
CHEMBL118081,CHEMBL230,7.89,2003.0,7.89,COc1ccc(-c2c(Cl)ncn2-c2ccc(S(C)(=O)=O)cc2)cc1C,val,6.387778379158845
CHEMBL118462,CHEMBL2094253,4.85,1995.0,4.85,c1ccc(CNc2nc(-c3ccncc3)nc3ccccc23)cc1,test,5.449239500189517
CHEMBL118936,CHEMBL230,6.0,2003.0,6.0,CS(=O)(=O)c1ccc(-c2cnc(C=O)n2-c2ccc(F)cc2)cc1,val,6.077856711445802
CHEMBL119001,CHEMBL230,5.0,2003.0,5.0,CS(=O)(=O)c1ccc(-c2cnc(CF)n2-c2ccc(F)cc2)cc1,val,6.124633867497343
CHEMBL119002,CHEMBL230,5.0,2003.0,5.0,CS(=O)(=O)c1ccc(-c2cnc(CO)n2-c2ccc(F)cc2)cc1,val,5.947479793930119
CHEMBL119076,CHEMBL230,5.0,2003.0,5.0,CCCCCc1ncn(-c2ccc(S(C)(=O)=O)cc2)c1-c1ccc(F)cc1,val,5.9514333876127266
CHEMBL119089,CHEMBL230,5.0,2003.0,5.0,CS(=O)(=O)c1ccc(-c2c(Cl)ncn2-c2ccc(F)cc2)cc1,val,6.249378792714233
CHEMBL119720,CHEMBL230,7.35,1998.0,7.35,Cn1cccc1C(=O)c1cc(C(C)(C)C)c2c(c1)C(C)(C)CO2,test,5.655470101195448
CHEMBL119852,CHEMBL230,7.19,2003.0,7.19,CS(=O)(=O)c1ccc(-n2cnc(Cl)c2-c2cccc(F)c2)cc1,val,6.160208929142529
CHEMBL119853,CHEMBL230,5.0,2003.0,5.0,CS(=O)(=O)c1ccc(-c2c(Br)ncn2-c2ccc(F)cc2)cc1,val,6.088355433382752
CHEMBL1201124,CHEMBL230,5.57,2011.0,5.57,NC(CO)(CO)CO.O=C(c1ccccc1)c1ccc2n1CCC2C(=O)O,test,5.228332087390895
CHEMBL12131,CHEMBL230,5.74,,5.74,Cc1cc(C(C#N)c2ccc(Cl)cc2)c(Cl)cc1NC(=O)c1cc(I)cc(I)c1O,val,5.7994654046902845
CHEMBL122397,CHEMBL230,7.0,2021.0,7.0,CCCCCCNC(=O)c1cc(NCc2cc(O)ccc2O)ccc1O,test,5.039589095887635
CHEMBL1232461,CHEMBL230,4.0,2011.0,4.0,CCNC(=O)C[C@@H]1N=C(c2ccc(Cl)cc2)c2cc(OC)ccc2-n2c(C)nnc21,test,5.820901428837961
CHEMBL1240658,CHEMBL230,3.0,2010.0,3.0,CCCC(=O)N/N=C/c1coc2ccccc2c1=O,test,5.303188868099787
CHEMBL1241823,CHEMBL230,3.6910302918217504,2010.0,3.6910302918217504,Cc1ccc(S(=O)(=O)N/N=C/c2coc3ccccc3c2=O)cc1,val,5.865889513477648
CHEMBL124188,CHEMBL230,5.18,2004.0,5.18,Cc1cc(=O)c(C(C)C)c(-c2ccc(S(C)(=O)=O)cc2)o1,test,6.025888976152077
CHEMBL126244,CHEMBL230,5.47,2004.0,5.47,Cc1cc(=O)c(-c2cccc(F)c2)c(-c2ccc(S(C)(=O)=O)cc2)o1,test,6.2287036904331465
CHEMBL126345,CHEMBL230,4.14,1995.0,4.14,CS(=O)(=O)c1ccc(-c2[nH]c(SC#N)cc2-c2ccc(F)cc2)cc1,test,6.30175180846359
CHEMBL126392,CHEMBL230,5.82,2004.0,5.82,Cc1cc(=O)c(-c2ccccc2F)c(-c2ccc(S(C)(=O)=O)cc2)o1,test,6.244937428725807
CHEMBL126418,CHEMBL230,4.4,1995.0,4.4,CS(=O)(=O)c1ccc(-c2[nH]c(Br)cc2-c2ccc(F)cc2)cc1,test,6.364148872851433
CHEMBL126578,CHEMBL230,5.66,2004.0,5.66,Cc1ccc(-c2c(-c3ccc(S(C)(=O)=O)cc3)oc(C)cc2=O)cc1,test,6.233385065990905
CHEMBL126629,CHEMBL230,5.67,2004.0,5.67,Cc1cc(=O)c(-c2ccc(Cl)cc2)c(-c2ccc(S(C)(=O)=O)cc2)o1,test,6.401433116035906
CHEMBL126808,CHEMBL230,3.5228787452803374,1995.0,3.5228787452803374,CC(=O)n1c(Br)cc(-c2ccc(F)cc2)c1-c1ccc(S(C)(=O)=O)cc1,test,5.930312819106371
CHEMBL126810,CHEMBL230,5.95,2004.0,5.95,Cc1cc(=O)c(-c2ccc(F)cc2F)c(-c2ccc(S(C)(=O)=O)cc2)o1,test,6.369005635341119
CHEMBL126967,CHEMBL230,3.5228787452803374,1995.0,3.5228787452803374,CS(=O)(=O)c1ccc(-c2[nH]c(I)c(I)c2-c2ccc(F)cc2)cc1,test,6.387684048205088
CHEMBL126979,CHEMBL230,5.69,2004.0,5.69,Cc1cc(=O)c(-c2ccc(Cl)cc2F)c(-c2ccc(S(C)(=O)=O)cc2)o1,test,6.534108502342939
CHEMBL127120,CHEMBL230,4.04,1995.0,4.04,CS(=O)(=O)c1ccc(-c2[nH]c(I)cc2-c2ccc(F)cc2)cc1,test,6.2254296994139375
CHEMBL127190,CHEMBL230,6.17,2004.0,6.17,Cc1cc(=O)c(-c2ccc(Cl)c(Cl)c2)c(-c2ccc(S(C)(=O)=O)cc2)o1,test,6.278916653939756
CHEMBL127203,CHEMBL230,4.25,1995.0,4.25,Cn1c(Br)c(Br)c(-c2ccc(F)cc2)c1-c1ccc(S(C)(=O)=O)cc1,test,6.1511849635497216
CHEMBL127267,CHEMBL230,5.01,2004.0,5.01,Cc1cc(=O)c(-c2ccc(S(C)(=O)=O)cc2)c(-c2ccc(F)cc2)o1,test,6.285888896188484
CHEMBL127268,CHEMBL230,5.74,2004.0,5.74,Cc1cc(=O)c(-c2ccccc2)c(-c2ccc(S(C)(=O)=O)cc2)o1,test,6.077675439196822
CHEMBL127494,CHEMBL230,4.6,1995.0,4.6,Cn1c(Cl)c(Cl)c(-c2ccc(F)cc2)c1-c1ccc(S(C)(=O)=O)cc1,test,6.171555944231849
CHEMBL1275941,CHEMBL230,4.91,2010.0,4.91,CC(C(=O)O)c1ccc(C[C@@H]2CCC[C@@H]2O)cc1,test,5.022788888176727
CHEMBL1275942,CHEMBL230,5.62,2010.0,5.62,CC(C(=O)O)c1ccc(C[C@H]2CCC[C@@H]2O)cc1,test,5.022788888176727
CHEMBL1275970,CHEMBL230,4.32,2010.0,4.32,CC(C(=O)O)c1ccc(C[C@@H]2CCC[C@@H]2O)cc1F,test,5.202552987133724
CHEMBL1275971,CHEMBL230,4.47,2010.0,4.47,CC(C(=O)O)c1ccc(C[C@@H]2CCC[C@@H]2O)cc1Br,test,5.1982593582857195
CHEMBL1275972,CHEMBL230,5.51,2010.0,5.51,CC(C(=O)O)c1ccc(C[C@H]2CCC[C@@H]2O)cc1F,test,5.202552987133724
CHEMBL1276001,CHEMBL230,5.07,2010.0,5.07,CC(C(=O)O)c1ccc(C[C@H]2CCC[C@@H]2O)cc1Br,test,5.1982593582857195
CHEMBL127642,CHEMBL230,3.525492360883024,1995.0,3.525492360883024,CS(=O)(=O)c1ccc(-c2[nH]c(C(=O)C(F)(F)F)cc2-c2ccc(F)cc2)cc1,test,6.126082324310331
CHEMBL127674,CHEMBL230,8.52,1994.0,8.52,Cc1ccc(C2=C(c3ccc(S(C)(=O)=O)cc3)CCC2)cc1,test,6.230385265014994
CHEMBL1290320,CHEMBL230,6.845000000000001,2010.0,6.845000000000001,O=C(O)C1=Cc2cc(Cl)cc(-c3ccccc3)c2OC1C(F)(F)F,val,6.428900662842415
CHEMBL1290433,CHEMBL230,6.12,2010.0,6.12,NS(=O)(=O)c1ccc(-c2cc(Cl)cc3c2OC(C(F)(F)F)C(C(=O)O)=C3)cc1,val,7.027469900098225
CHEMBL129215,CHEMBL230,4.19,1994.0,4.19,CCC1(CC)CC(c2ccc(F)cc2)=C(c2ccc(S(C)(=O)=O)cc2)C1,test,6.142290860207105
CHEMBL129308,CHEMBL230,4.7,1995.0,4.7,Cn1ccc(-c2ccc(F)cc2)c1-c1ccc(S(C)(=O)=O)cc1,test,5.966877849620868
CHEMBL129613,CHEMBL230,5.16,2004.0,5.16,Cc1cc(=O)c(-c2ccc(C(F)(F)F)cc2)c(-c2ccc(S(C)(=O)=O)cc2)o1,test,6.282186323048527
CHEMBL129861,CHEMBL230,4.45,1995.0,4.45,Cn1c(Br)cc(-c2ccc(F)cc2)c1-c1ccc(S(C)(=O)=O)cc1,test,6.13106163625884
CHEMBL13988,CHEMBL230,6.6,1998.0,6.6,CC(C)(C)c1cc(C(=O)/C=C/CC2CC2)cc2c1OCC2(C)C,val,5.73513962891804
CHEMBL141113,CHEMBL230,5.68,2004.0,5.68,C[S+]([O-])c1ccc(C(Nc2nccs2)C(=O)c2ccc(F)cc2)cc1,test,5.495848000682163
CHEMBL143776,CHEMBL230,10.1,2000.0,10.1,Fc1ccc(-c2[nH]c(-c3ccc(F)cc3)c3c2C2CCC3C2)cc1,test,5.473931984783788
CHEMBL144787,CHEMBL230,7.3,1995.0,7.3,CS(=O)(=O)Nc1cc2c(cc1SC1CCCCC1)C(=O)CC2,val,5.835808376466322
CHEMBL145257,CHEMBL230,5.0,1995.0,5.0,CS(=O)(=O)Nc1cc2c(cc1S(=O)(=O)c1ccc(F)cc1F)C(=O)CC2,test,5.846271114132552
CHEMBL146730,CHEMBL2094253,5.3,1988.0,5.3,CN(O)C(=O)/C=C/c1cccc(Oc2ccccc2)c1,val,4.927350710543534
CHEMBL147165,CHEMBL230,6.21,2002.0,6.21,O=S(=O)(Nc1ccncc1Oc1ccccc1)C(F)(F)F,val,5.62962367531325
CHEMBL147327,CHEMBL230,5.0,1995.0,5.0,CS(=O)(=O)Nc1cc2c(cc1Sc1cncs1)C(=O)CC2,test,6.030880192229572
CHEMBL14767,CHEMBL230,6.82,1998.0,6.82,CCCC(=O)c1cc(C(C)(C)C)c2c(c1)C(C)(C)CS2,val,5.49836578999391
CHEMBL148542,CHEMBL230,4.0,2002.0,4.0,CS(=O)(=O)Nc1ccncc1Oc1ccccc1,val,5.193641102861478
CHEMBL1488723,CHEMBL230,4.0,2016.0,4.0,Cc1ccc(O)c(-c2cc(-c3ccccc3C)[nH]n2)c1,test,5.280577310259886
CHEMBL149134,CHEMBL230,5.4,2002.0,5.4,Cc1ccc(Cl)c(Nc2ccccc2C(=O)NCCc2ccccc2)c1Cl,test,5.325162274307246
CHEMBL150969,CHEMBL230,4.698970004336019,2002.0,4.698970004336019,CC(=O)Nc1ccc(OC(=O)c2ccccc2Nc2c(Cl)ccc(C)c2Cl)cc1,test,5.376359182366233
CHEMBL154589,CHEMBL230,5.0,2000.0,5.0,Clc1ccc(-c2nn(-c3ccc(Cl)cc3)c3c2CCCCC3)cc1,test,6.08444011805487
CHEMBL154907,CHEMBL230,5.6,2003.0,5.6,Cn1ncc(-c2ccc(S(C)(=O)=O)cc2)c(-c2ccccc2)c1=O,val,6.054664413778377
CHEMBL155587,CHEMBL230,5.9399999999999995,2003.0,5.9399999999999995,Cc1ccc(-c2c(-c3ccc(S(C)(=O)=O)cc3)cnn(Cc3ccccc3)c2=O)cn1,test,6.189707448696127
CHEMBL155658,CHEMBL230,6.85,2000.0,6.85,Clc1ccc(-c2nn(-c3ccccc3)c3c2CCCCC3)cc1,test,6.038738399984887
CHEMBL155675,CHEMBL230,5.81,2000.0,5.81,COc1ccc(-n2nc(-c3ccc(Cl)cc3)c3c2CCCCC3)cc1,test,6.0696418385400825
CHEMBL155676,CHEMBL230,4.891258027893047,2003.0,4.891258027893047,CS(=O)(=O)c1ccc(-c2cnnc(O)c2-c2ccccc2)cc1,test,5.764401344368774
CHEMBL155781,CHEMBL230,6.12,2003.0,6.12,CS(=O)(=O)c1ccc(-c2cnn(CCC3CC3)c(=O)c2-c2ccc(F)cc2)cc1,val,6.307745266524021
CHEMBL155887,CHEMBL230,5.91,2000.0,5.91,COc1ccc(-c2nn(-c3ccccc3)c3c2CCCCC3)cc1,test,5.780934654061953
CHEMBL156053,CHEMBL230,4.891258027893047,2003.0,4.891258027893047,CC(C)(C)n1ncc(-c2ccc(S(C)(=O)=O)cc2)c(-c2ccccc2)c1=O,val,6.033591850727993
CHEMBL1573436,CHEMBL230,4.0,2011.0,4.0,CC(=O)NC(c1cccs1)c1cc(Br)c2cccnc2c1O,val,5.530173151452356
CHEMBL157616,CHEMBL230,5.59,2000.0,5.59,Clc1ccc(-c2nn(-c3ccccc3)c3c2CCC3)cc1,test,6.02154046834253
CHEMBL157623,CHEMBL230,3.6399999999969457,1997.0,3.6399999999969457,CS(=O)(=O)c1ccc(-c2c(-c3ccccc3)sc3nncn23)cc1,val,5.6174723421624835
CHEMBL15770,CHEMBL230,5.06,2015.0,5.06,CC1=C(CC(=O)O)c2cc(F)ccc2/C1=C\c1ccc([S+](C)[O-])cc1,test,5.486139947803317
CHEMBL157886,CHEMBL230,6.19,2000.0,6.19,Cc1ccc(-n2nc(-c3ccc(Cl)cc3)c3c2CCCCC3)cc1,test,6.269347213666781
CHEMBL158310,CHEMBL230,6.76,2003.0,6.76,CC(C)=CCn1ncc(-c2ccc(S(C)(=O)=O)cc2)c(-c2ccc(F)cc2)c1=O,val,6.27729653022034
CHEMBL158495,CHEMBL230,5.97,2003.0,5.97,CCCCCCCCCCCCCCCc1cccc(OC)c1CSc1nc2ccccc2s1,val,5.361226281110098
CHEMBL161590,CHEMBL230,6.57,2002.0,6.57,CCc1nc(C2CCCCC2)c(-c2ccc(S(C)(=O)=O)cc2)o1,test,5.954993876616804
CHEMBL161677,CHEMBL230,7.16,2002.0,7.16,Cc1nc(C2CCCCC2)c(-c2ccc(S(C)(=O)=O)cc2)o1,test,6.060668769578115
CHEMBL161728,CHEMBL230,6.55,2002.0,6.55,Cc1nc(C2CCCCCC2)c(-c2ccc(S(C)(=O)=O)cc2)o1,test,6.060668769578115
CHEMBL161793,CHEMBL230,5.51,2002.0,5.51,CNS(=O)(=O)c1ccc(-c2oc(C)nc2C2CCCCC2)cc1,test,5.937957902905291
CHEMBL1619630,CHEMBL230,4.0,2016.0,4.0,O=C(c1ccccc1)c1ccc2n1CC[C@H]2C(=O)O,test,5.061359301418975
CHEMBL162424,CHEMBL230,4.0,2011.0,4.0,c1ccc(Oc2ccc(OCCN3CCCC3)cc2)cc1,test,4.981486932532623
CHEMBL1626804,CHEMBL230,3.133099999445895,2005.0,3.133099999445895,Cc1cc[s+](-c2c(C3CCC(S(C)(=O)=O)CC3)occ(Cl)c2=O)c1,val,5.755481873630238
CHEMBL1629743,CHEMBL230,5.03,2010.0,5.03,CS(=O)(=O)c1ccc(C2=NN(C(N)=S)C(c3ccc(Cl)cc3)C2)cc1,test,5.774442550212209
CHEMBL1630237,CHEMBL230,5.33,2010.0,5.33,O=C(O)C1=Cc2c(ccc(Cl)c2-c2ccccc2)OC1C(F)(F)F,test,6.273868774478382
CHEMBL1630238,CHEMBL230,5.7,2010.0,5.7,Cc1ccccc1-c1c(Cl)ccc2c1C=C(C(=O)O)C(C(F)(F)F)O2,test,6.327744482157546
CHEMBL1630239,CHEMBL230,8.221848749616356,2010.0,8.221848749616356,O=C(O)C1=Cc2cc(Cl)c(OCC3CCCC3)c(Cl)c2OC1C(F)(F)F,val,6.666580831891947
CHEMBL1632396,CHEMBL230,4.66,2010.0,4.66,CC(=O)N1N=C(c2ccc(S(C)(=O)=O)cc2)CC1c1ccc(Cl)cc1,test,5.646288024687703
CHEMBL1632397,CHEMBL230,4.71,2010.0,4.71,CC(=O)N1N=C(c2ccc(S(C)(=O)=O)cc2)CC1c1ccc(F)cc1,test,5.56527574317172
CHEMBL1632398,CHEMBL230,5.17,2010.0,5.17,CC(=O)N1N=C(c2ccc(S(C)(=O)=O)cc2)CC1c1ccc(C)cc1,test,5.59972265309782
CHEMBL1632399,CHEMBL230,4.7,2010.0,4.7,CC(=O)N1N=C(c2ccc(S(C)(=O)=O)cc2)CC1c1ccc(C(F)(F)F)cc1,test,5.6377287396596785
CHEMBL1632400,CHEMBL230,5.12,2010.0,5.12,COc1ccc(C2CC(c3ccc(S(C)(=O)=O)cc3)=NN2C(C)=O)cc1,test,5.400234542144708
CHEMBL1632404,CHEMBL230,4.3,2010.0,4.3,CS(=O)(=O)c1ccc(C2=NN(C(N)=S)C(c3ccccc3)C2)cc1,test,5.535310183870487
CHEMBL1632406,CHEMBL230,4.5,2010.0,4.5,Cc1ccc(C2CC(c3ccc(S(C)(=O)=O)cc3)=NN2C(N)=S)cc1,test,5.726027721250918
CHEMBL1667876,CHEMBL230,5.74,2011.0,5.74,Nc1ccc(-c2cc(Cl)cc3c2OC(C(F)(F)F)C(C(=O)O)=C3)cc1,val,6.503179565919064
CHEMBL1669027,CHEMBL230,4.67,2011.0,4.67,CS(=O)(=O)c1ccc(-c2cc(Cl)cc3c2OC(C(F)(F)F)C(C(=O)O)=C3)cc1,val,6.941496780025325
CHEMBL1669028,CHEMBL230,4.4,2011.0,4.4,CS(=O)(=O)Nc1ccc(-c2cc(Cl)cc3c2OC(C(F)(F)F)C(C(=O)O)=C3)cc1,val,6.636414318463692
CHEMBL1669029,CHEMBL230,5.2,2011.0,5.2,O=C(O)C1=Cc2cc(Cl)cc(-c3ccc(CO)cc3)c2OC1C(F)(F)F,val,6.495325064332708
CHEMBL1669030,CHEMBL230,5.46,2011.0,5.46,O=C(O)C1=Cc2cc(Cl)cc(-c3ccc(O)cc3)c2OC1C(F)(F)F,val,6.426713813369549
CHEMBL1669031,CHEMBL230,4.0,2011.0,4.0,O=C(O)C1=Cc2cc(Cl)cc(-c3ccc(C(=O)O)cc3)c2OC1C(F)(F)F,val,6.526387196264888
CHEMBL1669032,CHEMBL230,4.0,2011.0,4.0,O=C(O)C1=Cc2cc(Cl)cc(-c3ccc(F)cc3)c2OC1C(F)(F)F,val,6.5639268144090845
CHEMBL1669033,CHEMBL230,7.68,2011.0,7.68,O=C(O)C1=Cc2cc(Cl)cc(-c3ccc(Cl)cc3)c2OC1C(F)(F)F,val,6.6524410388377895
CHEMBL1669034,CHEMBL230,6.99,2011.0,6.99,Cc1ccc(-c2cc(Cl)cc3c2OC(C(F)(F)F)C(C(=O)O)=C3)cc1,val,6.764144408200021
CHEMBL1669035,CHEMBL230,7.11,2011.0,7.11,CCc1ccc(-c2cc(Cl)cc3c2OC(C(F)(F)F)C(C(=O)O)=C3)cc1,val,6.551034468945471
CHEMBL1669036,CHEMBL230,6.45,2011.0,6.45,CCOc1ccc(-c2cc(Cl)cc3c2OC(C(F)(F)F)C(C(=O)O)=C3)cc1,val,6.470563662335296
CHEMBL1669037,CHEMBL230,6.62,2011.0,6.62,CCSc1ccc(-c2cc(Cl)cc3c2OC(C(F)(F)F)C(C(=O)O)=C3)cc1,val,6.538353779382701
CHEMBL1669038,CHEMBL230,4.87,2011.0,4.87,CC(C)Cc1ccc(-c2cc(Cl)cc3c2OC(C(F)(F)F)C(C(=O)O)=C3)cc1,val,6.6190609696916045
CHEMBL1669039,CHEMBL230,7.18,2011.0,7.18,Cc1ccc(-c2cc(Cl)cc3c2OC(C(F)(F)F)C(C(=O)O)=C3)cc1F,val,6.873269345651985
CHEMBL1669040,CHEMBL230,6.47,2011.0,6.47,COc1ccc(-c2cc(Cl)cc3c2OC(C(F)(F)F)C(C(=O)O)=C3)cc1C,val,6.690409200354729
CHEMBL168,CHEMBL230,3.7950889920109185,1998.0,3.7950889920109185,CC1(C)CC[C@]2(C(=O)O)CC[C@]3(C)C(=CC[C@@H]4[C@@]5(C)CC[C@H](O)C(C)(C)[C@@H]5CC[C@]43C)[C@@H]2C1,val,5.155222695108336
CHEMBL16814,CHEMBL230,4.96,1999.0,4.96,CC(C)(C)c1cc(-c2nnc(NC#N)o2)cc(C(C)(C)C)c1O,test,5.306109997514604
CHEMBL16819,CHEMBL230,5.19,1999.0,5.19,CCSc1nnc(-c2cc(C(C)(C)C)c(O)c(C(C)(C)C)c2)o1,test,5.273055118690437
CHEMBL1682229,CHEMBL230,3.6989700043360183,2011.0,3.6989700043360183,CS(=O)(=O)c1ccc(-c2nnnn2-c2ccccc2)cc1,val,6.074705764282064
CHEMBL1682230,CHEMBL230,4.35,2011.0,4.35,Cc1ccc(-n2nnnc2-c2ccc(S(C)(=O)=O)cc2)cc1,val,6.176215933499578
CHEMBL1682231,CHEMBL230,5.7,2011.0,5.7,COc1ccc(-n2nnnc2-c2ccc(S(C)(=O)=O)cc2)cc1,val,6.076915903355869
CHEMBL1682232,CHEMBL230,5.57,2011.0,5.57,CS(=O)(=O)c1ccc(-c2nnnn2-c2ccc(F)cc2)cc1,val,6.2333900677060035
CHEMBL1682233,CHEMBL230,3.958607314841775,2011.0,3.958607314841775,CS(=O)(=O)c1ccc(-c2nnnn2-c2ccc(Cl)cc2)cc1,val,6.366253484730288
CHEMBL1684136,CHEMBL230,4.71,2011.0,4.71,COc1cc2oc(C)cc(=O)c2c(O)c1OC,test,5.2615531070599255
CHEMBL1684141,CHEMBL230,4.67,2011.0,4.67,C=CCOc1c(OC)c(OC)cc2oc(C)cc(=O)c12,test,5.492222238614192
CHEMBL1684142,CHEMBL230,4.75,2011.0,4.75,COc1cc2oc(C)cc(=O)c2c(OCC=C(C)C)c1OC,test,5.432794199556794
CHEMBL1684146,CHEMBL230,4.81,2011.0,4.81,COc1cc2oc(C)cc(=O)c2c(O)c1O,test,5.1861617984412955
CHEMBL1684147,CHEMBL230,5.05,2011.0,5.05,Cc1cc(=O)c2c(O)c(O)c(O)cc2o1,test,5.257586522470627
CHEMBL1684148,CHEMBL230,4.74,2011.0,4.74,C=CCOc1c(OC)cc2oc(C)cc(=O)c2c1O,test,5.3605057863189876
CHEMBL1684149,CHEMBL230,4.81,2011.0,4.81,COc1cc2oc(C)cc(=O)c2c(O)c1OCC=C(C)C,test,5.379200617496778
CHEMBL1684150,CHEMBL230,4.87,2011.0,4.87,C=CCOc1cc2oc(C)cc(=O)c2c(O)c1OCC=C,test,5.349133723291697
CHEMBL1684151,CHEMBL230,4.99,2011.0,4.99,CC(C)=CCOc1cc2oc(C)cc(=O)c2c(O)c1OCC=C(C)C,test,5.36838022704162
CHEMBL1684152,CHEMBL230,4.36,2011.0,4.36,COc1c(OC)c(O)c2c(=O)cc(C)oc2c1Cl,test,5.453046597249304
CHEMBL1684153,CHEMBL230,4.59,2011.0,4.59,COc1c(OC)c(O)c2c(=O)cc(C)oc2c1Br,test,5.388564814397929
CHEMBL16878,CHEMBL230,4.64,1999.0,4.64,CC(C)(C)c1cc(-c2nnc(N=C(N)N)o2)cc(C(C)(C)C)c1O,test,5.3414998840817
CHEMBL169,CHEMBL230,4.07,1998.0,4.07,C[C@H]1[C@H](C)CC[C@]2(C(=O)O)CC[C@]3(C)C(=CC[C@@H]4[C@@]5(C)CC[C@H](O)C(C)(C)[C@@H]5CC[C@]43C)[C@H]12,val,5.260755647232762
CHEMBL16977,CHEMBL230,4.698970004336019,1999.0,4.698970004336019,CC(C)(C)c1cc(-c2nnc(O)o2)cc(C(C)(C)C)c1O,test,5.208895983832971
CHEMBL170180,CHEMBL230,4.36,1999.0,4.36,CS(=O)(=O)c1ccc(-c2ccc([N+](=O)[O-])cc2-c2ccccc2)cc1,test,5.836952171483322
CHEMBL171299,CHEMBL230,4.42,1999.0,4.42,CS(=O)(=O)c1ccc(-c2cc([N+](=O)[O-])ccc2-c2ccccc2)cc1,test,5.836952171483322
CHEMBL171335,CHEMBL230,8.7,1995.0,8.7,NS(=O)(=O)c1ccc(C2=C(c3ccc(F)cc3)CC3(CCC3)C2)cc1,test,6.417162596888842
CHEMBL17161,CHEMBL230,5.69,2006.0,5.69,CSc1cc(N)ccc1/N=N/c1ccc(S(N)(=O)=O)cc1,test,5.930184478141278
CHEMBL171646,CHEMBL230,5.17,1996.0,5.17,CS(=O)(=O)c1ccc(-c2sncc2-c2ccc(F)cc2)cc1,test,6.029087183894412
CHEMBL17184,CHEMBL230,8.52,1995.0,8.52,NS(=O)(=O)c1ccc(C2=C(c3ccc(F)cc3)CC3(CC3)C2)cc1,test,6.391776348737245
CHEMBL172128,CHEMBL230,3.712198270069774,1999.0,3.712198270069774,CS(=O)(=O)c1ccc(-c2cc(N)ccc2-c2ccccc2)cc1,test,5.702599210217075
CHEMBL172194,CHEMBL230,3.5228787452803374,1999.0,3.5228787452803374,CN1CC=C(c2ccccc2-c2ccc(S(C)(=O)=O)cc2)CC1,test,5.655846057844921
CHEMBL173169,CHEMBL230,3.832682665251824,1999.0,3.832682665251824,CS(=O)(=O)c1ccc(-c2cc(O)ccc2-c2ccccc2)cc1,test,5.4426631807554475
CHEMBL173186,CHEMBL230,4.32,1999.0,4.32,COC(=O)c1ccc(-c2ccccc2)c(-c2ccc(S(C)(=O)=O)cc2)c1,test,5.510972391425268
CHEMBL173961,CHEMBL230,4.522878745280337,1996.0,4.522878745280337,CS(=O)(=O)c1ccc(-c2[nH]nnc2-c2ccccc2)cc1,val,6.0920236261781175
CHEMBL1766283,CHEMBL230,5.0,2011.0,5.0,NS(=O)(=O)c1ccc(-n2nc(CCCNC(=O)Nc3ccccc3)cc2-c2ccccc2)cc1,val,5.753370974675414
CHEMBL1766286,CHEMBL230,5.22,2011.0,5.22,NS(=O)(=O)c1ccc(-n2nc(CCCNC(=O)Nc3ccc(Cl)cc3)cc2-c2ccccc2)cc1,val,5.969004375303785
CHEMBL1766287,CHEMBL230,5.89,2011.0,5.89,NS(=O)(=O)c1ccc(-n2nc(CCCNC(=O)Nc3ccc(C(F)(F)F)cc3)cc2-c2ccccc2)cc1,val,5.912247423612917
CHEMBL1766288,CHEMBL230,6.05,2011.0,6.05,NS(=O)(=O)c1ccc(-n2nc(CCCNC(=O)Nc3ccc(OC(F)(F)F)cc3)cc2-c2ccccc2)cc1,val,5.9214326259992776
CHEMBL1766289,CHEMBL230,5.0,2011.0,5.0,CS(=O)(=O)c1ccc(-n2nc(CNC(=O)NC34CC5CC(CC(C5)C3)C4)cc2-c2ccccc2)cc1,test,5.670763295616128
CHEMBL1766290,CHEMBL230,5.0,2011.0,5.0,CS(=O)(=O)c1ccc(-n2nc(CNC(=O)NC3CCCCCC3)cc2-c2ccccc2)cc1,val,5.754487768180679
CHEMBL1766291,CHEMBL230,5.0,2011.0,5.0,CS(=O)(=O)c1ccc(-n2nc(CNC(=O)Nc3ccccc3)cc2-c2ccccc2)cc1,test,5.666170183027284
CHEMBL1766292,CHEMBL230,5.16,2011.0,5.16,CS(=O)(=O)c1ccc(-n2nc(CNC(=O)Nc3ccc(OC(F)(F)F)cc3)cc2-c2ccccc2)cc1,test,5.848400861276713
CHEMBL1766293,CHEMBL230,5.0,2011.0,5.0,CS(=O)(=O)c1ccc(-n2nc(CNC(=O)Nc3ccc(C(F)(F)F)cc3)cc2-c2ccccc2)cc1,test,5.81310196993442
CHEMBL1766294,CHEMBL230,5.6,2011.0,5.6,CS(=O)(=O)c1ccc(-n2nc(CNC(=O)Nc3cccc(C(F)(F)F)c3)cc2-c2ccccc2)cc1,test,5.799209493726941
CHEMBL1766295,CHEMBL230,6.0,2011.0,6.0,NS(=O)(=O)c1ccc(-n2nc(CNC(=O)Nc3cccc(C(F)(F)F)c3)cc2-c2ccccc2)cc1,test,5.99176611069679
CHEMBL1766299,CHEMBL230,6.16,2011.0,6.16,NS(=O)(=O)c1ccc(-n2nc(CCCNC(=O)Nc3cccc(C(F)(F)F)c3)cc2-c2ccccc2)cc1,val,5.905285973607173
CHEMBL1766300,CHEMBL230,5.52,2011.0,5.52,CS(=O)(=O)c1ccc(-n2nc(CCCNC(=O)Nc3cccc(C(F)(F)F)c3)cc2-c2ccccc2)cc1,val,5.7319989448180335
CHEMBL1766301,CHEMBL230,5.55,2011.0,5.55,Cc1ccc(-c2cc(CCCNC(=O)Nc3cccc(C(F)(F)F)c3)nn2-c2ccc(S(N)(=O)=O)cc2)cc1,val,6.164557973254764
CHEMBL1766302,CHEMBL230,5.0,2011.0,5.0,CC(C)c1cccc(C(C)C)c1NC(=O)NCCCc1cc(-c2ccccc2)n(-c2ccc(S(N)(=O)=O)cc2)n1,val,5.863015367545828
CHEMBL1775087,CHEMBL230,5.095000000000001,2011.0,5.095000000000001,O=[N+]([O-])c1ccccc1Oc1ccc(OCCN2CCCC2)cc1,test,5.172555214769799
CHEMBL1775088,CHEMBL230,4.445,2011.0,4.445,O=[N+]([O-])c1cccc(Oc2ccc(OCCN3CCCC3)cc2)c1,test,5.37747721667706
CHEMBL1775089,CHEMBL230,4.225,2011.0,4.225,O=[N+]([O-])c1ccc(Oc2ccc(OCCN3CCCC3)cc2)cc1,test,5.280174029337439
CHEMBL1775090,CHEMBL230,4.0,2011.0,4.0,O=[N+]([O-])c1ccc(Oc2ccc(OCCN3CCCC3)cc2)c([N+](=O)[O-])c1,test,5.438377201535751
CHEMBL1775091,CHEMBL230,4.23,2011.0,4.23,c1ccc(Oc2ccc(OCCN3CCCC3)cc2)nc1,test,5.0718837810571
CHEMBL1775092,CHEMBL230,4.0,2011.0,4.0,c1cc(Oc2ccc(OCCN3CCCC3)cc2)ccn1,val,5.109258955068355
CHEMBL1775093,CHEMBL230,4.0,2011.0,4.0,CS(=O)(=O)c1ccccc1Oc1ccc(OCCN2CCCC2)cc1,test,5.262931378184565
CHEMBL1775094,CHEMBL230,4.0,2011.0,4.0,CS(=O)(=O)c1cccc(Oc2ccc(OCCN3CCCC3)cc2)c1,test,5.553758145576733
CHEMBL1775095,CHEMBL230,4.0,2011.0,4.0,CS(=O)(=O)c1ccc(Oc2ccc(OCCN3CCCC3)cc2)cc1,test,5.597385350395904
CHEMBL1775096,CHEMBL230,4.0,2011.0,4.0,CS(=O)(=O)c1ccc(Oc2ccc(OCCN3CCCC3)cc2)c([N+](=O)[O-])c1,test,5.739433920949772
CHEMBL1775098,CHEMBL230,4.0,2011.0,4.0,O=[N+]([O-])c1cccnc1Oc1ccc(OCCN2CCCC2)cc1,test,5.292827603838303
CHEMBL1775099,CHEMBL230,4.84,2011.0,4.84,FC(F)(F)c1ccccc1Oc1ccc(OCCN2CCCC2)cc1,test,5.315763311809168
CHEMBL1775100,CHEMBL230,4.0,2011.0,4.0,FC(F)(F)c1cccc(Oc2ccc(OCCN3CCCC3)cc2)c1,test,5.361776602342568
CHEMBL1775101,CHEMBL230,4.0,2011.0,4.0,FC(F)(F)c1ccc(Oc2ccc(OCCN3CCCC3)cc2)cc1,test,5.291442040617342
CHEMBL1775102,CHEMBL230,4.0,2011.0,4.0,Fc1ccc(Oc2ccc(OCCN3CCCC3)cc2)cc1,test,5.190008600213772
CHEMBL1775103,CHEMBL230,4.33,2011.0,4.33,Clc1ccc(Oc2ccc(OCCN3CCCC3)cc2)cc1,test,5.342694074796642
CHEMBL1775104,CHEMBL230,4.645,2011.0,4.645,Brc1ccc(Oc2ccc(OCCN3CCCC3)cc2)cc1,test,5.31934245552339
CHEMBL1775105,CHEMBL230,4.0,2011.0,4.0,Nc1ccccc1Oc1ccc(OCCN2CCCC2)cc1,test,5.002598263475545
CHEMBL1775106,CHEMBL230,4.0,2011.0,4.0,Nc1cccc(Oc2ccc(OCCN3CCCC3)cc2)c1,test,5.2028421830517955
CHEMBL1775107,CHEMBL230,4.220000000000001,2011.0,4.220000000000001,Nc1ccc(Oc2ccc(OCCN3CCCC3)cc2)cc1,test,5.047506818086924
CHEMBL1775108,CHEMBL230,4.0,2011.0,4.0,CS(=O)(=O)N(c1ccccc1Oc1ccc(OCCN2CCCC2)cc1)S(C)(=O)=O,test,5.328982338167083
CHEMBL1775109,CHEMBL230,4.0,2011.0,4.0,CS(=O)(=O)N(c1cccc(Oc2ccc(OCCN3CCCC3)cc2)c1)S(C)(=O)=O,test,5.48727375043079
CHEMBL1775110,CHEMBL230,4.0,2011.0,4.0,CS(=O)(=O)Nc1ccc(Oc2ccc(OCCN3CCCC3)cc2)cc1,test,5.319300234219015
CHEMBL1775111,CHEMBL230,4.02,2011.0,4.02,CN(c1ccccc1Oc1ccc(OCCN2CCCC2)cc1)S(C)(=O)=O,test,5.3138207279026455
CHEMBL1797308,CHEMBL230,4.3979400086720375,2019.0,4.3979400086720375,CC1(C)CC[C@]2(C(=O)O)CC[C@]3(C)C(=CC[C@@H]4[C@@]5(C)C[C@H](O)[C@H](O)[C@@](C)(CO)[C@@H]5CC[C@]43C)[C@@H]2C1,val,5.194601372308985
CHEMBL1797512,CHEMBL230,5.62,2011.0,5.62,CC(=O)OCO/N=[N+](/[O-])N1CCC[C@@H]1C(=O)OCc1ccc(C2=C(c3ccc(S(C)(=O)=O)cc3)COC2=O)cc1,test,5.835956629569035
CHEMBL18020,CHEMBL230,7.22,1998.0,7.22,CC(C)S(=O)(=O)c1c(O)n(Cc2ccccc2)c(=O)c2ccc(Cl)cc12,test,5.385021775426659
CHEMBL1802044,CHEMBL230,4.3979400086720375,2019.0,4.3979400086720375,CC(=O)O[C@@H]1CC[C@@]2(C)[C@@H](CC[C@]3(C)[C@@H]2CC=C2[C@@H]4CC(C)(C)CC[C@]4(C)CC[C@]23C)[C@@]1(C)C(=O)O,val,5.196722443836482
CHEMBL1814706,CHEMBL230,3.0,2011.0,3.0,CC(C(=O)[O-])c1ccc(CC2CCCC2=O)cc1-c1ccc(OC(F)(F)F)cc1.[Na+],test,5.426957320871991
CHEMBL1814711,CHEMBL230,4.91,2011.0,4.91,CC(C(=O)O)c1ccc(C[C@H]2CCC[C@H]2O)cc1,test,5.022788888176727
CHEMBL1814712,CHEMBL230,3.537602002101044,2011.0,3.537602002101044,CC(C(=O)[O-])c1ccc(CC2CCCC2=O)c(-c2ccccc2)c1.[Na+],val,5.241104846343837
CHEMBL1814713,CHEMBL230,3.3767507096020997,2011.0,3.3767507096020997,Cc1ccc(-c2cc(C(C)C(=O)[O-])ccc2CC2CCCC2=O)cc1.[Na+],val,5.537108468908782
CHEMBL1814714,CHEMBL230,3.0,2011.0,3.0,COc1ccc(-c2cc(C(C)C(=O)[O-])ccc2CC2CCCC2=O)cc1.[Na+],val,5.364075484353118
CHEMBL1814715,CHEMBL230,3.0,2011.0,3.0,CSc1ccc(-c2cc(C(C)C(=O)[O-])ccc2CC2CCCC2=O)cc1.[Na+],val,5.533667177416974
CHEMBL1814716,CHEMBL230,4.44,2011.0,4.44,CC(C(=O)[O-])c1ccc(CC2CCCC2=O)c(-c2ccc(F)cc2)c1.[Na+],val,5.393543578080377
CHEMBL1814717,CHEMBL230,4.14,2011.0,4.14,CC(C(=O)[O-])c1ccc(CC2CCCC2=O)c(-c2ccc(OC(F)(F)F)cc2)c1.[Na+],val,5.50711822733968
CHEMBL1814718,CHEMBL230,3.0,2011.0,3.0,CC(C(=O)[O-])c1ccc(CC2CCCC2=O)c(-c2ccc(C(=O)[O-])cc2)c1.[Na+].[Na+],val,5.417678702876155
CHEMBL1814720,CHEMBL230,4.16,2011.0,4.16,CC(C(=O)[O-])c1ccc(CC2CCCC2=O)cc1-c1ccccc1.[Na+],test,5.087348629142814
CHEMBL1814721,CHEMBL230,3.2676062401770314,2011.0,3.2676062401770314,Cc1ccc(-c2cc(CC3CCCC3=O)ccc2C(C)C(=O)[O-])cc1.[Na+],test,5.372844191930811
CHEMBL1814722,CHEMBL230,3.366531544420414,2011.0,3.366531544420414,COc1ccc(-c2cc(CC3CCCC3=O)ccc2C(C)C(=O)[O-])cc1.[Na+],test,5.207769458051635
CHEMBL1814723,CHEMBL230,3.823908740944318,2011.0,3.823908740944318,CSc1ccc(-c2cc(CC3CCCC3=O)ccc2C(C)C(=O)[O-])cc1.[Na+],test,5.38571485167227
CHEMBL1814724,CHEMBL230,4.44,2011.0,4.44,CC(C(=O)[O-])c1ccc(CC2CCCC2=O)cc1-c1ccc(F)cc1.[Na+],test,5.306860500090391
CHEMBL1814725,CHEMBL230,4.12,2011.0,4.12,CC(C(=O)[O-])c1ccc(CC2CCCC2=O)cc1-c1ccc(C(=O)[O-])cc1.[Na+].[Na+],test,5.265748560684657
CHEMBL1814726,CHEMBL230,4.96,2011.0,4.96,CC(C(=O)[O-])c1ccc(CC2CCCC2=O)cc1-c1ccc(O)cc1.[Na+],test,5.105002602008802
CHEMBL18148,CHEMBL230,7.05,1998.0,7.05,CC(C)S(=O)(=O)c1c(O)n(Cc2ccc(F)cc2)c(=O)c2ccccc12,test,5.45877041104133
CHEMBL182695,CHEMBL230,8.22,2004.0,8.22,Cc1cc(-c2c(-c3ccc(S(C)(=O)=O)cc3)ccc(F)c2F)ccc1Cl,test,6.497634714737659
CHEMBL182820,CHEMBL230,7.89,2004.0,7.89,COc1ccc(-c2c(-c3ccc(S(N)(=O)=O)cc3)ccc(F)c2F)cc1F,test,6.517330454552225
CHEMBL1830459,CHEMBL230,5.0,2011.0,5.0,CCOC(=O)C1CCN(C(=O)CCc2cc(-c3ccc(C(F)(F)F)cc3)n(-c3ccc(Cl)nn3)n2)CC1,test,5.632848047274154
CHEMBL1830468,CHEMBL230,5.0,2011.0,5.0,Cc1ccc(-c2cc(CCC(=O)N3CCN(Cc4ccc(C(C)(C)C)cc4)CC3)nn2-c2ccccc2)cc1,test,5.449180038032027
CHEMBL1830478,CHEMBL230,5.0,2011.0,5.0,Cc1ccc(-c2cc(CCC(=O)Oc3ccc(C(C)C)cc3)nn2-c2ccccc2)cc1,test,5.641284706206327
CHEMBL183088,CHEMBL230,7.85,2004.0,7.85,CS(=O)(=O)c1ccc(-c2ccc(F)c(F)c2-c2ccc(F)cc2)cc1,test,6.1526834421564995
CHEMBL18312,CHEMBL230,5.925,2003.0,5.925,CC1(O)OC(=O)C(c2ccc3ccccc3c2)=C1c1ccc(S(C)(=O)=O)cc1,test,6.0249328390438
CHEMBL183178,CHEMBL230,6.25,2004.0,6.25,COc1ccc(Oc2c(C)[nH]c3cccc(S(C)(=O)=O)c23)cc1,val,5.537745667556013
CHEMBL183515,CHEMBL230,7.92,2004.0,7.92,CS(=O)(=O)c1ccc(-c2ccc(F)c(F)c2-c2ccc3c(c2)OCO3)cc1,test,6.4688664250555306
CHEMBL18373,CHEMBL230,6.54,1998.0,6.54,CC(C)S(=O)(=O)c1c(O)n(Cc2ccccc2)c(=O)c2ccccc12,test,5.348940051261097
CHEMBL183930,CHEMBL230,4.3979400086720375,2004.0,4.3979400086720375,Cc1[nH]c2cc(S(C)(=O)=O)ccc2c1[S+]([O-])c1ccc(F)cc1,test,6.0216263912501375
CHEMBL183970,CHEMBL230,5.83,2004.0,5.83,Cc1[nH]c2cc(S(C)(=O)=O)ccc2c1Cc1ccc(F)cc1F,test,6.147858465828345
CHEMBL184075,CHEMBL230,5.97,2004.0,5.97,Cc1[nH]c2cc(S(C)(=O)=O)ccc2c1Oc1ccc(Cl)cc1,val,6.187584112439486
CHEMBL184076,CHEMBL230,8.4,2004.0,8.4,Cc1ccc(-c2c(-c3ccc(S(N)(=O)=O)cc3)ccc(F)c2F)cc1,test,6.532745100461215
CHEMBL184122,CHEMBL230,7.89,2004.0,7.89,COc1ccc(-c2c(-c3ccc(S(N)(=O)=O)cc3)ccc(F)c2F)cc1Cl,test,6.594911556447634
CHEMBL184145,CHEMBL230,6.62,2004.0,6.62,CS(=O)(=O)c1ccc(-c2ccc(Cl)c(Cl)c2-c2ccc(F)cc2)cc1,test,6.192256051803174
CHEMBL184238,CHEMBL230,4.0,2016.0,4.0,NC(=O)c1cccc(-c2cccc(OC(=O)NC3CCCCC3)c2)c1,val,5.189678551409092
CHEMBL184327,CHEMBL230,7.19,2004.0,7.19,COc1ccc(-c2c(-c3ccc(S(N)(=O)=O)cc3)ccc(F)c2F)cc1OC,test,6.45048490945393
CHEMBL184341,CHEMBL230,8.3,2004.0,8.3,COc1ccc(-c2c(-c3ccc(S(N)(=O)=O)cc3)ccc(F)c2F)cc1C,test,6.57970669358504
CHEMBL184375,CHEMBL230,8.3,2004.0,8.3,Cc1ccc(-c2c(-c3ccc(S(N)(=O)=O)cc3)ccc(F)c2F)cc1C,test,6.613546027924097
CHEMBL184389,CHEMBL230,7.64,2004.0,7.64,Cc1ccc(-c2c(-c3ccc(S(C)(=O)=O)cc3)ccc(F)c2F)cc1C,test,6.42615101950796
CHEMBL184498,CHEMBL230,7.89,2004.0,7.89,COc1ccc(-c2c(-c3ccc(S(C)(=O)=O)cc3)ccc(F)c2F)cc1C,test,6.401820279038331
CHEMBL185163,CHEMBL230,8.4,2004.0,8.4,NS(=O)(=O)c1ccc(-c2ccc(F)c(F)c2-c2ccc(F)cc2)cc1,test,6.29985463476541
CHEMBL185196,CHEMBL230,8.52,2004.0,8.52,Cc1cc(-c2c(-c3ccc(S(N)(=O)=O)cc3)ccc(F)c2F)ccc1Cl,test,6.665864256561104
CHEMBL185407,CHEMBL230,7.72,2004.0,7.72,COc1ccc(-c2c(-c3ccc(S(C)(=O)=O)cc3)ccc(F)c2F)cc1Cl,test,6.432145658551774
CHEMBL185420,CHEMBL230,8.0,2004.0,8.0,CS(=O)(=O)c1ccc(-c2ccc(F)c(F)c2-c2ccc(F)c(Cl)c2)cc1,test,6.393602092704005
CHEMBL185528,CHEMBL230,5.915,2004.0,5.915,Cc1[nH]c2cc(S(C)(=O)=O)ccc2c1Cc1ccc(Cl)cc1,test,6.136962634545475
CHEMBL185547,CHEMBL230,8.52,2004.0,8.52,Cc1ccc(-c2c(-c3ccc(S(N)(=O)=O)cc3)ccc(F)c2F)cc1Cl,test,6.746589170122618
CHEMBL18797,CHEMBL230,6.33,2010.0,6.33,CSc1ccc(/C=C2/C(C)=C(CC(=O)O)c3cc(F)ccc32)cc1,test,5.48641539532438
CHEMBL188071,CHEMBL230,8.3,2004.0,8.3,Cc1cc(-c2c(-c3ccc(S(C)(=O)=O)cc3)ccc(F)c2F)ccc1F,test,6.442338867786337
CHEMBL18883,CHEMBL230,4.240743030061056,2004.0,4.240743030061056,C[C@@H](C(=O)O)c1ccc(C[C@@H]2CCC[C@H]2O)cc1,test,5.022788888176727
CHEMBL190011,CHEMBL230,5.92,2004.0,5.92,COC1(c2cc(-c3ccc(S(C)(=O)=O)cc3)n(-c3ccc(C)cc3)n2)CCCO1,test,6.367890197702245
CHEMBL19056,CHEMBL230,5.79,2003.0,5.79,CC1(O)OC(=O)C(c2ccsc2)=C1c1ccc(S(C)(=O)=O)cc1,test,5.992236913700265
CHEMBL191534,CHEMBL230,5.3,2014.0,5.3,CCCCC/C=C\C/C=C\C/C=C\C/C=C\CCCC(=O)NCCc1c[nH]c2ccc(O)cc12,test,5.248510610684349
CHEMBL1916947,CHEMBL230,4.8,2011.0,4.8,O=C(NS(=O)(=O)c1ccccc1)c1cccnc1,test,5.064592832616655
CHEMBL1916948,CHEMBL230,4.93,2011.0,4.93,O=C(NS(=O)(=O)c1ccc(F)cc1)c1cccnc1,test,5.3270799772594986
CHEMBL1916949,CHEMBL230,5.18,2011.0,5.18,O=C(NS(=O)(=O)c1ccc(Cl)cc1)c1cccnc1,test,5.490172475562962
CHEMBL1916950,CHEMBL230,5.31,2011.0,5.31,O=C(NS(=O)(=O)c1ccc(Br)cc1)c1cccnc1,test,5.446145667404368
CHEMBL1916951,CHEMBL230,4.74,2011.0,4.74,Cc1ccc(S(=O)(=O)NC(=O)c2cccnc2)cc1,test,5.433493729928826
CHEMBL1916957,CHEMBL230,4.92,2011.0,4.92,O=C(NS(=O)(=O)c1ccc(F)cc1)c1ccncc1,test,5.3062103147087685
CHEMBL1916958,CHEMBL230,4.9,2011.0,4.9,O=C(NS(=O)(=O)c1ccc(Cl)cc1)c1ccncc1,test,5.492320823271652
CHEMBL1916959,CHEMBL230,5.11,2011.0,5.11,O=C(NS(=O)(=O)c1ccc(Br)cc1)c1ccncc1,test,5.447315723180999
CHEMBL1916960,CHEMBL230,4.71,2011.0,4.71,Cc1ccc(S(=O)(=O)NC(=O)c2ccncc2)cc1,test,5.430811886331533
CHEMBL1916961,CHEMBL230,5.06,2011.0,5.06,O=C(NS(=O)(=O)c1ccccc1)c1ccccn1,test,5.189050995602218
CHEMBL1916962,CHEMBL230,5.2,2011.0,5.2,O=C(NS(=O)(=O)c1ccc(F)cc1)c1ccccn1,test,5.4129550698245525
CHEMBL1916963,CHEMBL230,5.22,2011.0,5.22,O=C(NS(=O)(=O)c1ccc(Cl)cc1)c1ccccn1,test,5.478989273026401
CHEMBL1916964,CHEMBL230,5.44,2011.0,5.44,O=C(NS(=O)(=O)c1ccc(Br)cc1)c1ccccn1,test,5.531031591764064
CHEMBL1916965,CHEMBL230,5.1,2011.0,5.1,Cc1ccc(S(=O)(=O)NC(=O)c2ccccn2)cc1,test,5.514313965040191
CHEMBL1917102,CHEMBL230,6.3,2011.0,6.3,O=[N+]([O-])c1ccc2c(c1)S(=O)(=O)N=S2c1ccc(-c2ccccc2)cc1,test,5.60229415090971
CHEMBL19286,CHEMBL230,4.85,2004.0,4.85,C[C@H](C(=O)O)c1ccc(C[C@@H]2CCC[C@H]2O)cc1,test,5.022788888176727
CHEMBL1938840,CHEMBL230,7.22,2012.0,7.22,CC(C)(C)OC1Oc2ccccc2-c2nc(NN)ncc21,test,5.561362040851322
CHEMBL1939435,CHEMBL230,5.12,2012.0,5.12,O=C(O)/C=C/c1ccc2c(c1)O[C@H](c1cc(O)cc(O)c1)[C@H](C(=O)O)O2,test,5.182891682853187
CHEMBL1939436,CHEMBL230,4.59,2012.0,4.59,O=C(O)/C=C/c1ccc2c(c1)O[C@@H](C(=O)O)[C@@H](c1cc(O)cc(O)c1)O2,test,5.182891682853187
CHEMBL1939437,CHEMBL230,4.28,2012.0,4.28,O=C(O)/C=C/c1ccc2c(c1)O[C@@H](C(=O)O)[C@@H](c1ccc(O)c(O)c1)O2,test,5.099674076516841
CHEMBL1950020,CHEMBL230,7.72,2012.0,7.72,O=C(O)Cc1c(C(=O)c2cc3c(cn2)CCCC3)[nH]c2cc(Cl)ccc12,test,5.847887030134629
CHEMBL1956381,CHEMBL230,4.82,2012.0,4.82,NS(=O)(=O)c1ccc(-n2nnnc2-c2ccccc2)cc1,val,6.142557479783599
CHEMBL1956382,CHEMBL230,4.0,2012.0,4.0,Cc1ccc(-c2nnnn2-c2ccc(S(N)(=O)=O)cc2)cc1,val,6.434286760841686
CHEMBL1956383,CHEMBL230,4.0,2012.0,4.0,COc1ccc(-c2nnnn2-c2ccc(S(N)(=O)=O)cc2)cc1,val,6.345609696820785
CHEMBL1956384,CHEMBL230,4.25,2012.0,4.25,NS(=O)(=O)c1ccc(-n2nnnc2-c2ccc(F)cc2)cc1,val,6.4322344679868895
CHEMBL1956385,CHEMBL230,4.21,2012.0,4.21,NS(=O)(=O)c1ccc(-n2nnnc2-c2ccc(Cl)cc2)cc1,val,6.596211478853803
CHEMBL1956386,CHEMBL230,4.0,2012.0,4.0,NS(=O)(=O)c1ccc(-n2nnnc2-c2ccc(C(F)(F)F)cc2)cc1,val,6.502699826331653
CHEMBL1956387,CHEMBL230,4.0,2012.0,4.0,NS(=O)(=O)c1ccc(-n2nnnc2-c2ccc([N+](=O)[O-])cc2)cc1,val,6.295017694397203
CHEMBL1956388,CHEMBL230,5.16,2012.0,5.16,CN(C)c1ccc(-c2nnnn2-c2ccc(S(N)(=O)=O)cc2)cc1,val,6.269706637957852
CHEMBL1956389,CHEMBL230,4.52,2012.0,4.52,CS(=O)(=O)c1ccc(-n2nnnc2-c2ccccc2)cc1,val,5.891721494617207
CHEMBL1956390,CHEMBL230,4.06,2012.0,4.06,Cc1ccc(-c2nnnn2-c2ccc(S(C)(=O)=O)cc2)cc1,val,6.176215933499578
CHEMBL1956391,CHEMBL230,4.0,2012.0,4.0,COc1ccc(-c2nnnn2-c2ccc(S(C)(=O)=O)cc2)cc1,val,6.076915903355869
CHEMBL1956392,CHEMBL230,4.82,2012.0,4.82,CS(=O)(=O)c1ccc(-n2nnnc2-c2ccc(F)cc2)cc1,val,6.2333900677060035
CHEMBL1956393,CHEMBL230,4.5,2012.0,4.5,CS(=O)(=O)c1ccc(-n2nnnc2-c2ccc(Cl)cc2)cc1,val,6.366253484730288
CHEMBL1956394,CHEMBL230,4.0,2012.0,4.0,CS(=O)(=O)c1ccc(-n2nnnc2-c2ccc(C(F)(F)F)cc2)cc1,val,6.255978215010004
CHEMBL1956395,CHEMBL230,4.16,2012.0,4.16,CS(=O)(=O)c1ccc(-n2nnnc2-c2ccc([N+](=O)[O-])cc2)cc1,val,6.096175981926491
CHEMBL1956396,CHEMBL230,5.22,2012.0,5.22,CN(C)c1ccc(-c2nnnn2-c2ccc(S(C)(=O)=O)cc2)cc1,val,6.015228935258734
CHEMBL1957450,CHEMBL230,7.82,2012.0,7.82,N[C@@H](Cc1c[nH]c2ccccc12)C(=O)N[C@@H](CS)C(=O)N[C@@H](CO)C(=O)O,test,5.236976505658383
CHEMBL1957454,CHEMBL230,3.0,2012.0,3.0,CSCC[C@H](NC(=O)[C@H](Cc1ccc(O)cc1)NC(=O)c1ccc(F)cc1)C(=O)N[C@@H](CC(=O)O)C(=O)O,test,5.341492223933134
CHEMBL1957455,CHEMBL230,3.3010299956639813,2012.0,3.3010299956639813,CSCC[C@H](NC(=O)[C@H](Cc1ccc(O)cc1)NC(=O)c1ccc(F)cc1)C(=O)N[C@@H](CCC(=O)O)C(=O)O,test,5.294864630953361
CHEMBL1957456,CHEMBL230,3.3467874862246565,2012.0,3.3467874862246565,CSCC[C@H](NC(=O)[C@H](Cc1ccccc1)NC(=O)c1ccc(F)cc1)C(=O)N[C@@H](CC(=O)O)C(=O)O,test,5.359357223633103
CHEMBL1957457,CHEMBL230,3.0,2012.0,3.0,CSCC[C@H](NC(=O)[C@H](Cc1ccccc1)NC(=O)c1ccc(F)cc1)C(=O)N[C@@H](CCC(=O)O)C(=O)O,test,5.305128699831949
CHEMBL1957568,CHEMBL230,4.89,2012.0,4.89,O=C(N[C@@H](Cc1ccccc1)C(=O)N[C@@H](CS)C(=O)N[C@@H](CO)C(=O)O)c1ccc(F)cc1,test,5.1732421104986726
CHEMBL1957572,CHEMBL230,3.853871964321762,2012.0,3.853871964321762,O=C(N[C@@H](Cc1ccc(O)cc1)C(=O)N[C@@H](CO)C(=O)O)c1ccc(F)cc1,test,5.121968434264786
CHEMBL1957574,CHEMBL230,3.958607314841775,2012.0,3.958607314841775,O=C(O)C[C@H](NC(=O)[C@H](Cc1ccc(O)cc1)NC(=O)c1ccc(F)cc1)C(=O)O,test,5.144088334964786
CHEMBL1957877,CHEMBL230,4.76,2012.0,4.76,Fc1ccc(/N=C/c2c[nH]c3ccccc23)cc1,test,5.429377772106476
CHEMBL1957878,CHEMBL230,4.52,2012.0,4.52,Cc1ccc(/N=C/c2c[nH]c3ccccc23)cc1,test,5.518464924663204
CHEMBL1957879,CHEMBL230,4.94,2012.0,4.94,FC(F)(F)c1ccc(/N=C/c2c[nH]c3ccccc23)cc1,test,5.528474044154171
CHEMBL1958348,CHEMBL230,6.42,2012.0,6.42,CC(=O)Oc1ccccc1C(=O)Oc1ccc(CCO)cc1,test,4.812482490292777
CHEMBL201515,CHEMBL230,4.3979400086720375,2019.0,4.3979400086720375,CC1(C)CC[C@]2(C(=O)O)CC[C@]3(C)C(=CC[C@@H]4[C@@]5(C)C[C@@H](O)[C@H](O)C(C)(C)[C@@H]5CC[C@]43C)[C@@H]2C1,val,5.225819379868654
CHEMBL2016598,CHEMBL230,4.96,2012.0,4.96,Cc1noc2c(Cc3ccccc3)nn(Cc3nnc(Nc4ccccc4)s3)c(=O)c12,val,5.313213067120002
CHEMBL2018567,CHEMBL230,4.0,2012.0,4.0,Cc1noc2c(Cc3ccc([N+](=O)[O-])cc3)nn(Cc3nnc(Nc4ccccc4)s3)c(=O)c12,val,5.454876777539802
CHEMBL2018570,CHEMBL230,4.0,2012.0,4.0,COc1ccc(Cc2nn(Cc3nnc(Nc4ccccc4)s3)c(=O)c3c(C)noc23)cc1,val,5.322099604164455
CHEMBL2018667,CHEMBL230,5.26,2012.0,5.26,Cc1noc2c(Cc3ccccc3)nn(Cc3n[nH]c(=S)n3C)c(=O)c12,test,5.414022631027501
CHEMBL2018668,CHEMBL230,5.21,2012.0,5.21,CCn1c(Cn2nc(Cc3ccccc3)c3onc(C)c3c2=O)n[nH]c1=S,test,5.384968547432092
CHEMBL2018669,CHEMBL230,4.0,2012.0,4.0,Cc1noc2c(Cc3ccccc3)nn(Cc3n[nH]c(=S)n3-c3ccccc3)c(=O)c12,test,5.507986302955083
CHEMBL2018670,CHEMBL230,5.34,2012.0,5.34,Cc1noc2c(Cc3ccc([N+](=O)[O-])cc3)nn(Cc3n[nH]c(=S)n3C)c(=O)c12,test,5.564692182535951
CHEMBL2018671,CHEMBL230,5.04,2012.0,5.04,CCn1c(Cn2nc(Cc3ccc([N+](=O)[O-])cc3)c3onc(C)c3c2=O)n[nH]c1=S,test,5.540234002438911
CHEMBL2018672,CHEMBL230,4.0,2012.0,4.0,Cc1noc2c(Cc3ccc([N+](=O)[O-])cc3)nn(Cc3n[nH]c(=S)n3-c3ccccc3)c(=O)c12,test,5.633192111645001
CHEMBL2018673,CHEMBL230,5.68,2012.0,5.68,COc1ccc(Cc2nn(Cc3n[nH]c(=S)n3C)c(=O)c3c(C)noc23)cc1,test,5.438039272918063
CHEMBL2018674,CHEMBL230,5.66,2012.0,5.66,CCn1c(Cn2nc(Cc3ccc(OC)cc3)c3onc(C)c3c2=O)n[nH]c1=S,test,5.408886644387284
CHEMBL2018675,CHEMBL230,4.97,2012.0,4.97,COc1ccc(Cc2nn(Cc3n[nH]c(=S)n3-c3ccccc3)c(=O)c3c(C)noc23)cc1,test,5.515521206847156
CHEMBL2023820,CHEMBL230,4.0,2012.0,4.0,O=C(O)c1cccc(Nc2ccc([N+](=O)[O-])c3ccccc23)c1,val,5.026369777871408
CHEMBL2063728,CHEMBL230,4.85,2012.0,4.85,CC(C(=O)O)c1ccc(N[C@H]2CCC[C@@H]2O)cc1F,test,5.243646505613623
CHEMBL2063730,CHEMBL230,4.67,2012.0,4.67,CC(C(=O)O)c1ccc(NC2CCCC2)cc1F,test,5.252845379165266
CHEMBL2063852,CHEMBL230,5.39,2012.0,5.39,CC(C(=O)O)c1ccc(Cc2ccco2)cc1F,test,5.271873806865272
CHEMBL2063853,CHEMBL230,4.89,2012.0,4.89,CC(C(=O)O)c1ccc(Cc2cccs2)cc1F,val,5.3732438865207905
CHEMBL206765,CHEMBL230,6.22,2005.0,6.22,C=C1C(=O)O[C@H]2[C@H]1[C@H](OC(=O)[C@@]1(C)O[C@H]1C)[C@@H](OC(C)=O)/C(C(=O)OC)=C\CC[C@@]1(C)O[C@H]21,test,5.7454235168285575
CHEMBL2096829,CHEMBL230,5.46,2006.0,5.46,Cc1ccc(-c2ncc(Cl)cc2-c2ccc([S@+](C)[O-])cc2)cn1,val,5.878965535719807
CHEMBL209689,CHEMBL230,5.52,2006.0,5.52,Cc1ccc2c(c1)c(-c1ccnc3c(C)cccc13)c(C)n2CC(=O)O,test,5.607985231539259
CHEMBL2105528,CHEMBL230,6.0,2014.0,6.0,Cc1c(NCc2c(C(C)C)c(=O)n(-c3ccccc3)n2C)c(=O)n(-c2ccccc2)n1C,val,5.424307571713799
CHEMBL212918,CHEMBL230,4.96,2006.0,4.96,NS(=O)(=O)c1ccc(/N=N/c2ccc(OC(=O)Nc3ccccc3)c(OC(=O)Nc3ccccc3)c2)cc1,test,5.572892991466728
CHEMBL213267,CHEMBL230,4.83,2006.0,4.83,COc1ccc(/N=N/c2ccc(S(N)(=O)=O)cc2)cc1,test,5.801748307375499
CHEMBL213326,CHEMBL230,5.37,2006.0,5.37,COc1ccc(/N=N/c2ccc(S(N)(=O)=O)cc2)cc1OC,test,5.966638635889709
CHEMBL213939,CHEMBL230,4.91,2006.0,4.91,CC(C)c1ccc(NC(=O)Oc2ccc(/N=N/c3ccc(S(N)(=O)=O)cc3)cc2OC(=O)Nc2ccc(C(C)C)cc2)cc1,test,5.773779152613278
CHEMBL2146750,CHEMBL230,4.57,2011.0,4.57,CC1CCN([C@H](c2ccc(F)cc2)c2ccc([C@@H](C)C(=O)O)cc2-c2ccc(C(F)(F)F)cc2)CC1,test,5.602221947195695
CHEMBL214710,CHEMBL230,4.77,2006.0,4.77,COc1cc(/N=N/c2ccc(S(N)(=O)=O)cc2)ccc1O,test,5.611268836952515
CHEMBL2158006,CHEMBL230,4.9,2012.0,4.9,CC(Oc1cc(=O)oc2ccccc12)C(=O)Nc1ccc(N2CCOCC2=O)cc1,test,5.142629392311381
CHEMBL2158365,CHEMBL230,4.28,2012.0,4.28,CC(Oc1cc(=O)oc2ccccc12)C(=O)Nc1ccncc1,test,5.054574570290784
CHEMBL215872,CHEMBL230,4.95,2006.0,4.95,NS(=O)(=O)c1ccc(/N=N/c2ccc(O)c(Cl)c2)cc1,test,5.87590504909538
CHEMBL2171268,CHEMBL230,4.0,2012.0,4.0,CC(C(=O)O)c1ccc2c3cc(Cl)ccc3n(C(=O)NC3CCCCC3)c2c1,test,5.002309392693977
CHEMBL2171276,CHEMBL230,4.0,2012.0,4.0,CC(C(=O)Nc1ccccc1)c1ccc2c(c1)[nH]c1ccc(Cl)cc12,test,5.321209783783299
CHEMBL2181776,CHEMBL230,5.0,2015.0,5.0,Cn1c(-c2ccccn2)c(C2CCCC2)c2ccc(C(=O)NC3(C(=O)Nc4ccc(/C=C/C(=O)O)cc4)CCC3)cc21,val,5.573646645282633
CHEMBL219885,CHEMBL230,4.0,2007.0,4.0,CS(=O)(=O)c1ccc(-n2cnc(Cl)c2-c2ccc(OCCCO)c(F)c2)cc1,val,6.291915627507572
CHEMBL219893,CHEMBL230,4.25,2007.0,4.25,CS(=O)(=O)c1ccc(-n2cnc(Cl)c2-c2ccc(OCCO)c(F)c2)cc1,val,6.3390539860719395
CHEMBL220113,CHEMBL230,4.7,2007.0,4.7,NS(=O)(=O)c1ccc(-n2cnc(Cl)c2-c2ccc(OCCO)c(F)c2)cc1,val,6.463033447050346
CHEMBL222531,CHEMBL230,6.13,2004.0,6.13,CS(=O)(=O)c1ccc(-n2nc(COc3cccc([N+](=O)[O-])c3)cc2-c2ccccc2)cc1,test,5.969958447490708
CHEMBL222902,CHEMBL230,6.06,2004.0,6.06,COc1cc(OC)cc(OCc2cc(-c3ccccc3)n(-c3ccc(S(C)(=O)=O)cc3)n2)c1,test,6.0195243956404525
CHEMBL2230270,CHEMBL230,4.698970004336019,2019.0,4.698970004336019,CC1(C)C=Cc2c(O)cc(/C=C/c3ccc(O)cc3)cc2O1,val,5.431124412312282
CHEMBL223256,CHEMBL230,5.38,2017.0,5.38,CC(C)=CCC/C(C)=C/Cc1c(O)cc2c(c1O)C(=O)C[C@@H](c1ccc(O)c(O)c1)O2,val,5.351170012683321
CHEMBL2234865,CHEMBL230,4.501390000149191,2012.0,4.501390000149191,CS(=O)(=O)c1ccc(-c2nc(NCCCc3cccs3)cc(C(F)(F)F)n2)cc1,test,6.341107185753936
CHEMBL2234942,CHEMBL230,7.04,2024.0,7.04,COC(=O)N/N=C/c1coc2ccccc2c1=O,test,5.237969670853782
CHEMBL223529,CHEMBL230,4.54,2007.0,4.54,NS(=O)(=O)c1ccc(-n2cnc(Cl)c2-c2ccc(OCCO[N+](=O)[O-])c(F)c2)cc1,val,6.507173469401112
CHEMBL223619,CHEMBL230,5.16,2007.0,5.16,CS(=O)(=O)c1ccc(-n2cnc(Cl)c2-c2ccc(OCCO[N+](=O)[O-])c(F)c2)cc1,val,6.401804746860109
CHEMBL223655,CHEMBL230,5.48,2004.0,5.48,CCS(=O)(=O)Nc1ccncc1Oc1ccc(Cl)cc1,val,5.6464200545663195
CHEMBL224122,CHEMBL230,5.92,2004.0,5.92,CS(=O)(=O)Nc1ccncc1Sc1ccccc1,val,5.330225198605564
CHEMBL224136,CHEMBL230,6.92,2004.0,6.92,CS(=O)(=O)Nc1ccncc1Oc1ccc(Cl)cc1Cl,val,5.721704936126329
CHEMBL224192,CHEMBL230,5.7,2004.0,5.7,CS(=O)(=O)Nc1ccncc1Oc1cccc(Cl)c1,val,5.599848145400147
CHEMBL224193,CHEMBL230,5.12,2004.0,5.12,CS(=O)(=O)Nc1ccncc1Oc1ccc(Br)cc1,val,5.536401595373067
CHEMBL224612,CHEMBL230,6.28,2004.0,6.28,O=S(=O)(Nc1ccncc1Sc1ccccc1)C(F)(F)F,val,5.730775164410329
CHEMBL224624,CHEMBL230,5.63,2004.0,5.63,COc1ccc(Oc2cnccc2NS(C)(=O)=O)cc1,val,5.271457476906452
CHEMBL224640,CHEMBL230,6.82,2004.0,6.82,O=S(=O)(Nc1ccncc1Oc1ccccc1Cl)C(F)(F)F,val,5.820074245349891
CHEMBL224693,CHEMBL230,4.0,2004.0,4.0,O=S(=O)(Nc1ccncc1Oc1cccc(Cl)c1)C(F)(F)F,val,5.96511401177804
CHEMBL225092,CHEMBL230,6.36,2004.0,6.36,COc1ccc(Oc2cnccc2NS(=O)(=O)C(F)(F)F)cc1,val,5.730934611994565
CHEMBL225113,CHEMBL230,5.82,2004.0,5.82,O=S(=O)(Nc1ccncc1Oc1ccc(Cl)cc1)C(F)(F)F,val,5.968643870392893
CHEMBL225236,CHEMBL230,4.0,2004.0,4.0,O=S(=O)(Nc1ccncc1Oc1cc(Cl)cc(Cl)c1)C(F)(F)F,val,6.045129005141483
CHEMBL225421,CHEMBL230,4.522878745280337,2015.0,4.522878745280337,CCc1oc(=O)c(Cc2c(O)c(CC=C(C)C)c(O)c(C(C)=O)c2O)c(O)c1C,test,5.452363144758762
CHEMBL2261940,CHEMBL230,2.7000000010815404,2004.0,2.7000000010815404,CS(=O)(=O)c1ccc(C2=C(c3ccc(F)cc3)SC(Br)C2)cc1,test,6.112669630654749
CHEMBL2262934,CHEMBL230,3.9208187539523753,2007.0,3.9208187539523753,Cc1c(CC(=O)O)cc(-c2ccccc2)cc1-c1ccccc1,test,5.066062228475891
CHEMBL227135,CHEMBL230,4.04,2007.0,4.04,O=C1O[C@H](c2ccc(O)c(O)c2)[C@H]2CO[C@H](c3ccc(O)c(O)c3)[C@@H]12,val,4.918074307967773
CHEMBL227795,CHEMBL230,4.480172006224281,2007.0,4.480172006224281,COc1c(C)c(OC)c2c(c1O)CCc1c(O)cccc1O2,test,5.382670656412649
CHEMBL228120,CHEMBL230,4.330683119433888,2007.0,4.330683119433888,Oc1cc(O)cc(CCc2ccccc2)c1,test,4.648744036382995
CHEMBL228126,CHEMBL230,4.388276691992658,2007.0,4.388276691992658,COc1cc(O)cc(CCc2ccccc2O)c1,test,4.808460354662686
CHEMBL229304,CHEMBL230,4.0,2007.0,4.0,C1=C(c2ccc3c(c2)OCO3)CCc2ccccc21,test,5.665084002501317
CHEMBL230006,CHEMBL230,4.3979400086720375,2019.0,4.3979400086720375,CC1(C)[C@@H](O)CC[C@]2(C)[C@H]3C(=O)C=C4[C@@H]5C[C@@](C)(C(=O)O)CC[C@]5(C)CC[C@@]4(C)[C@]3(C)CC[C@@H]12,val,5.394499456350287
CHEMBL2311577,CHEMBL230,5.04,2013.0,5.04,CC(C)Cc1ccc(C(C)C(=O)OCCNS(=O)(=O)c2cccc3c(N(C)C)cccc23)cc1,test,5.509379175611571
CHEMBL2315016,CHEMBL230,4.67,2013.0,4.67,CC(=O)Oc1ccccc1C(=O)OCCn1c2ccccc2c(=O)c2ccccc21,test,5.074057034902359
CHEMBL2315326,CHEMBL230,5.96,2013.0,5.96,Cc1ccc(-c2cc(C(F)(F)F)nn2-c2ccc(S(=O)(=O)NCCNS(=O)(=O)c3cccc4c(N(C)C)cccc34)cc2)cc1,test,6.168069478985868
CHEMBL2315327,CHEMBL230,5.41,2013.0,5.41,CCN(CC)c1ccc2c(c1)Oc1cc(N(CC)CC)ccc1C21c2ccccc2C(=O)N1CCNS(=O)(=O)c1ccc(-n2nc(C(F)(F)F)cc2-c2ccc(C)cc2)cc1,val,6.134828628376518
CHEMBL2315856,CHEMBL230,5.771830361305078,2013.0,5.771830361305078,O=C(N[C@H]1CCC[C@@H]1COc1ccccc1)C1CCN(c2nc3cc(Cl)ccc3o2)CC1,test,5.506027358266083
CHEMBL2315877,CHEMBL230,5.0,2013.0,5.0,O=C(NC1CCCC1)C1CCN(c2nc3cc(Cl)ccc3o2)CC1,test,5.486449251840134
CHEMBL23241,CHEMBL230,6.9350000000000005,1999.0,6.9350000000000005,COc1ccncc1C1=C(c2ccc(S(C)(=O)=O)cc2)CCC1=O,test,6.028287292147693
CHEMBL2333736,CHEMBL230,5.07,2013.0,5.07,COc1ccc(/C=C/c2cc(OC)cc(OC)c2/C=C/C(=O)N2CCC(c3ccccc3)CC2)cc1,test,5.1246626184697055
CHEMBL2333739,CHEMBL230,5.1,2013.0,5.1,COc1ccc(/C=C/c2cc(OC)cc(OC)c2/C=C/C(=O)N2CCSCC2)cc1,test,5.249498594697582
CHEMBL2333740,CHEMBL230,5.05,2013.0,5.05,COc1ccc(/C=C/c2cc(OC)cc(OC)c2/C=C/C(=O)N2CCCC2)cc1,test,5.17465412749752
CHEMBL2333749,CHEMBL230,4.89,2013.0,4.89,COc1ccc(/C=C/c2cc(OC)cc(OC)c2/C=C/C(=O)NC2CC2)cc1,test,5.207450330995589
CHEMBL2333750,CHEMBL230,5.29,2013.0,5.29,COc1ccc(/C=C/c2cc(OC)cc(OC)c2/C=C/C(=O)NC2CCCCC2)cc1,test,5.280945558097983
CHEMBL23378,CHEMBL230,7.475,1999.0,7.475,CS(=O)(=O)c1ccc(C2=C(c3cc4ccccc4s3)C(=O)CC2)cc1,test,6.260035510539203
CHEMBL23556,CHEMBL230,6.529999999999999,1999.0,6.529999999999999,CS(=O)(=O)c1ccc(C2=C(/C=C/c3ccc(F)cc3)C(=O)CC2)cc1,test,6.293582361567651
CHEMBL235786,CHEMBL230,4.0,2007.0,4.0,O=C(O)Cc1ccc2c(c1)OCCO2,val,5.122945366758225
CHEMBL23610,CHEMBL230,6.865,1999.0,6.865,CS(=O)(=O)c1ccc(C2=C(Oc3cc(F)cc(F)c3)C(=O)CC2)cc1,test,6.310735667186707
CHEMBL236433,CHEMBL230,4.78,2007.0,4.78,C[C@H](C(=O)O)c1ccc2c(c1)OCCO2,val,5.334674976874325
CHEMBL23649,CHEMBL230,6.984999999999999,1999.0,6.984999999999999,CS(=O)(=O)c1ccc(C2=C(Oc3ccccc3)C(=O)CC2)cc1,test,6.0170084145483
CHEMBL236906,CHEMBL230,4.3979400086720375,2019.0,4.3979400086720375,CC(=O)O[C@@H]1CC[C@@]2(C)[C@@H](CC[C@]3(C)[C@@H]2CC=C2[C@@H]4[C@@H](C)[C@H](C)CC[C@]4(C)CC[C@]23C)[C@@]1(C)C(=O)O,val,5.209411709135437
CHEMBL237111,CHEMBL230,4.3979400086720375,2019.0,4.3979400086720375,CC(=O)O[C@@H]1CC[C@@]2(C)[C@@H](CC[C@]3(C)[C@@H]2C(=O)C=C2[C@@H]4[C@@H](C)[C@H](C)CC[C@]4(C)CC[C@]23C)[C@@]1(C)C(=O)O,val,5.395244331720917
CHEMBL2375786,CHEMBL230,4.301029995663981,2015.0,4.301029995663981,C/C=C(\C)C(=O)O[C@@H]1[C@@H](C)[C@@]2(O)[C@@H](C=C(CO)C[C@]3(O)C(=O)C(C)=C[C@@H]23)[C@@H]2C(C)(C)[C@]12OC(=O)C(C)CC,val,5.566584354723764
CHEMBL2375787,CHEMBL230,4.301029995663981,2015.0,4.301029995663981,C/C=C(\C)C(=O)O[C@@H]1[C@@H](C)[C@@]2(O)[C@@H](C=C(CO)C[C@]3(O)C(=O)C(C)=C[C@@H]23)[C@@H]2C(C)(C)[C@]12OC(=O)C(C)C,val,5.566791524976563
CHEMBL2380872,CHEMBL230,4.0,2013.0,4.0,O=C(OCCCN1CCOCC1)c1onc(-c2ccc(Cl)o2)c1-c1ccccc1,val,5.180372016661305
CHEMBL2380875,CHEMBL230,4.0,2013.0,4.0,Cc1onc(C2CCCO2)c1-c1ccccc1,test,5.138186126959268
CHEMBL2380877,CHEMBL230,4.0,2013.0,4.0,COC(=O)c1c(-c2ccc(Cl)o2)noc1-c1ccccc1,test,4.945123410862639
CHEMBL2380878,CHEMBL230,4.0,2013.0,4.0,O=C(O)c1c(-c2ccc(Cl)o2)noc1-c1ccccc1,test,4.915852244352437
CHEMBL24381,CHEMBL230,6.145,1999.0,6.145,CS(=O)(=O)c1ccc(C2=C(c3cncc(Br)c3)C(=O)CC2)cc1,test,6.373590032459235
CHEMBL24429,CHEMBL230,6.48,1999.0,6.48,CS(=O)(=O)c1ccc(C2=C(c3cccnc3)C(=O)CC2)cc1,test,6.0146075422473215
CHEMBL255174,CHEMBL230,5.43,2008.0,5.43,COC(=O)c1ccc(/N=C/c2ccc(S(N)(=O)=O)cc2)cc1,val,5.8790394374898955
CHEMBL255175,CHEMBL230,5.52,2008.0,5.52,NS(=O)(=O)c1ccc(/N=C/c2ccc([N+](=O)[O-])cc2)cc1,val,6.057333182714772
CHEMBL257103,CHEMBL230,6.32,2008.0,6.32,CS(=O)(=O)c1ccc(-c2nc(NC3CCCC3)cc(C(F)(F)F)n2)cc1,test,6.374583065410648
CHEMBL257295,CHEMBL230,6.609999999999999,2008.0,6.609999999999999,CS(=O)(=O)c1ccc(-c2nc(NC3CCCCC3)cc(C(F)(F)F)n2)cc1,val,6.387089902971712
CHEMBL257489,CHEMBL230,5.38,2008.0,5.38,COc1ccc(/N=C/c2ccc(S(N)(=O)=O)cc2)cc1,val,6.042727322205754
CHEMBL257493,CHEMBL230,5.0,2008.0,5.0,CS(=O)(=O)c1ccc(-c2nc(NCc3ccc4ccccc4c3)cc(C(F)(F)F)n2)cc1,test,6.284654661472147
CHEMBL259468,CHEMBL230,8.21,2008.0,8.21,CCN(CC)c1cc(NCc2cccs2)nc(-c2ccc(S(C)(=O)=O)cc2)n1,test,6.22028378986859
CHEMBL259539,CHEMBL230,4.0,2008.0,4.0,Nc1ccccc1NC(=O)c1ccc(C(F)(F)F)cc1,val,5.02226175933437
CHEMBL260386,CHEMBL230,4.0,2008.0,4.0,Nc1ccc(C(=O)Nc2ccc(C(F)(F)F)cc2)nc1,test,5.236036888956569
CHEMBL260553,CHEMBL230,5.7,2005.0,5.7,CC(C)=CCc1c(O)cc2oc3cc(O)c(O)c(CC=C(C)C)c3c(=O)c2c1O,test,5.278391949519139
CHEMBL260564,CHEMBL230,4.0,2008.0,4.0,Nc1cccc(C(=O)Nc2cccc(C(F)(F)F)c2)c1,val,5.125168518156364
CHEMBL260566,CHEMBL230,4.0,2008.0,4.0,Nc1ccc(NC(=O)c2cccc(C(F)(F)F)c2)cc1,val,5.099962519465521
CHEMBL261265,CHEMBL230,4.0,2008.0,4.0,Nc1cccc(NC(=O)c2cccc(C(F)(F)F)c2)c1,val,5.170390159178239
CHEMBL261266,CHEMBL230,4.0,2008.0,4.0,Nc1ccccc1NC(=O)c1cccc(C(F)(F)F)c1,val,5.172645423913447
CHEMBL261321,CHEMBL230,4.0,2008.0,4.0,Nc1ccc(C(=O)Nc2ccccc2C(F)(F)F)cc1,val,5.021412235429748
CHEMBL261485,CHEMBL230,4.0,2008.0,4.0,Nc1cccc(NC(=O)c2ccccc2C(F)(F)F)c1,val,5.0997279641986575
CHEMBL261520,CHEMBL230,4.0,2008.0,4.0,Nc1ccc(C(=O)Nc2cccc(C(F)(F)F)c2)cc1,val,5.019585245811647
CHEMBL261598,CHEMBL230,4.0,2008.0,4.0,Nc1ccc(C(=O)Nc2ccc(C(F)(F)F)cc2)cc1,val,4.98115086360324
CHEMBL261815,CHEMBL230,4.0,2008.0,4.0,Nc1ccccc1C(=O)Nc1ccc(C(F)(F)F)cc1,val,4.8846421654195495
CHEMBL264163,CHEMBL230,4.0,2008.0,4.0,Nc1ccccc1C(=O)Nc1ccccc1C(F)(F)F,val,5.004200145422097
CHEMBL265078,CHEMBL230,7.26,2000.0,7.26,COc1ccc2c(c1)c(CC(=O)Nc1ccc(Cl)cc1)c(C)n2C(=O)c1ccc(Cl)cc1,test,6.3714376847442
CHEMBL265562,CHEMBL230,8.15,1995.0,8.15,NS(=O)(=O)c1ccc(C2=C(c3ccc(F)cc3)CCC2)cc1,test,6.298553531532056
CHEMBL266858,CHEMBL230,5.7,1998.0,5.7,CC(C)(C)c1cc(C(=O)CS(=O)(=O)CC2CC2)cc2c1OCC2(C)C,test,5.7624905460877205
CHEMBL267225,CHEMBL230,4.3979400086720375,2019.0,4.3979400086720375,C[C@H]1[C@H](C)CC[C@]2(C)CC[C@]3(C)C(=CC[C@@H]4[C@@]5(C)CC[C@@H](O)[C@](C)(C(=O)O)[C@@H]5CC[C@]43C)[C@H]12,val,5.160566774742209
CHEMBL268470,CHEMBL230,4.68,2001.0,4.68,CS(=O)(=O)c1ccc(-c2cc(Cl)cnc2-c2ccc(C(=O)O)nc2)cc1,val,6.089301281021468
CHEMBL269818,CHEMBL230,7.93,2008.0,7.93,Cc1ccc(CNc2cc(C(F)(F)F)nc(-c3ccc(S(C)(=O)=O)cc3)n2)s1,test,6.504474614129932
CHEMBL270043,CHEMBL230,5.46,2008.0,5.46,COc1ccc(/C=N/c2ccc(S(N)(=O)=O)cc2)cc1O,val,5.920843676852202
CHEMBL270078,CHEMBL230,8.41,2008.0,8.41,CS(=O)(=O)c1ccc(-c2nc(Cl)cc(NCc3cccs3)n2)cc1,test,6.492222506293445
CHEMBL270087,CHEMBL230,5.57,2008.0,5.57,COc1cc(/C=N/c2ccc(S(N)(=O)=O)cc2)cc(OC)c1O,val,5.886281740068167
CHEMBL270111,CHEMBL230,5.415,2008.0,5.415,CS(=O)(=O)c1ccc(-c2nc(NCC3CCCCC3)cc(C(F)(F)F)n2)cc1,test,6.4452898084939845
CHEMBL270243,CHEMBL230,5.56,2008.0,5.56,NS(=O)(=O)c1ccc(/N=C/c2cccc(O)c2)cc1,val,5.807408733204002
CHEMBL270246,CHEMBL230,5.34,2008.0,5.34,NS(=O)(=O)c1ccc(/N=C/c2ccc(C(F)(F)F)cc2)cc1,val,6.244689417577653
CHEMBL270256,CHEMBL230,5.43,2008.0,5.43,CCOc1cc(/C=N/c2ccc(S(N)(=O)=O)cc2)ccc1O,val,5.87615187626203
CHEMBL270263,CHEMBL230,5.54,2008.0,5.54,NS(=O)(=O)c1ccc(/N=C/c2ccc(O)c(O)c2)cc1,val,5.8053337688032
CHEMBL270264,CHEMBL230,5.53,2008.0,5.53,COc1cc(/C=N/c2ccc(S(N)(=O)=O)cc2)ccc1O,val,5.827011791735586
CHEMBL270293,CHEMBL230,9.4,2008.0,9.4,COc1cc(NCc2cccs2)nc(-c2ccc(S(C)(=O)=O)cc2)n1,test,6.295773163385028
CHEMBL270294,CHEMBL230,8.39,2008.0,8.39,CS(=O)(=O)c1ccc(-c2nc(SCc3cccs3)cc(C(F)(F)F)n2)cc1,test,6.481360408998971
CHEMBL270517,CHEMBL230,6.92,2008.0,6.92,CCc1c(NCc2cccs2)nc(-c2ccc(S(C)(=O)=O)cc2)nc1C(F)(F)F,test,6.353280268776232
CHEMBL270670,CHEMBL230,5.47,2008.0,5.47,NS(=O)(=O)c1ccc(/N=C/c2ccc(O)cc2)cc1,val,5.753834139626815
CHEMBL270671,CHEMBL230,5.47,2008.0,5.47,CN(C)c1ccc(/C=N/c2ccc(S(N)(=O)=O)cc2)cc1,val,6.010831807218149
CHEMBL270730,CHEMBL230,7.145,2008.0,7.145,Cn1cccc1CNc1cc(C(F)(F)F)nc(-c2ccc(S(C)(=O)=O)cc2)n1,val,6.222241991394252
CHEMBL270886,CHEMBL230,5.37,2008.0,5.37,COc1ccc(/N=C/c2ccc(S(N)(=O)=O)cc2)cc1OC,val,6.160771139061493
CHEMBL271104,CHEMBL230,8.01,2008.0,8.01,CC(C)c1cc(NCc2cccs2)nc(-c2ccc(S(C)(=O)=O)cc2)n1,test,6.285522485578298
CHEMBL271173,CHEMBL230,9.52,2008.0,9.52,CCOc1cc(NCc2cccs2)nc(-c2ccc(S(C)(=O)=O)cc2)n1,test,6.299243760252228
CHEMBL271337,CHEMBL230,6.8,2008.0,6.8,NS(=O)(=O)c1ccc(-c2nc(NCc3cccs3)cc(C(F)(F)F)n2)cc1,test,6.566397484929037
CHEMBL271338,CHEMBL230,8.165,2008.0,8.165,CS(=O)(=O)c1ccc(-c2nc(NCc3cccs3)cc(C(F)(F)F)n2)cc1,test,6.463825076672359
CHEMBL271549,CHEMBL230,8.62,2008.0,8.62,COCCOc1cc(NCc2cccs2)nc(-c2ccc(S(C)(=O)=O)cc2)n1,test,6.236605068464499
CHEMBL271561,CHEMBL230,5.47,2008.0,5.47,COc1cc(/C=N/c2ccc(S(N)(=O)=O)cc2)cc(OC)c1,val,6.119991332424575
CHEMBL271614,CHEMBL230,7.99,2008.0,7.99,CC(C)Nc1cc(NCc2cccs2)nc(-c2ccc(S(C)(=O)=O)cc2)n1,test,6.344556660117734
CHEMBL271754,CHEMBL230,5.18,2008.0,5.18,NS(=O)(=O)c1ccc(/C=N/c2ccc(C(F)(F)F)cc2)cc1,val,6.244689417577653
CHEMBL271763,CHEMBL230,6.03,2008.0,6.03,CS(=O)(=O)c1ccc(-c2nc(NCc3ccncc3)cc(C(F)(F)F)n2)cc1,test,6.333598343927092
CHEMBL271832,CHEMBL230,5.51,2008.0,5.51,COc1ccc(/C=N/c2ccc(S(N)(=O)=O)cc2)cc1OC,val,6.158313673245284
CHEMBL271911,CHEMBL230,5.0,2008.0,5.0,COc1ccc(/C=N/c2ccc(S(N)(=O)=O)cc2)cc1,val,6.042727322205754
CHEMBL271930,CHEMBL230,5.26,2008.0,5.26,COc1cccc(/C=N/c2ccc(S(N)(=O)=O)cc2)c1,val,6.100502939342877
CHEMBL271962,CHEMBL230,5.33,2008.0,5.33,Cc1ccc(/N=C/c2ccc(S(N)(=O)=O)cc2)cc1,val,6.242554496774853
CHEMBL272393,CHEMBL230,7.1,2008.0,7.1,CS(=O)(=O)c1ccc(-c2nc(O)cc(NCc3cccs3)n2)cc1,test,6.173087840104482
CHEMBL272433,CHEMBL230,8.92,2008.0,8.92,CCSc1cc(NCc2cccs2)nc(-c2ccc(S(C)(=O)=O)cc2)n1,test,6.2936670324280355
CHEMBL272622,CHEMBL230,5.36,2008.0,5.36,NS(=O)(=O)c1ccc(/C=N/c2ccc(F)cc2)cc1,val,6.165745360202776
CHEMBL272678,CHEMBL230,7.42,2008.0,7.42,Cc1c(NCc2cccs2)nc(-c2ccc(S(C)(=O)=O)cc2)nc1C(F)(F)F,test,6.646897526368287
CHEMBL274457,CHEMBL230,5.39,1999.0,5.39,CSc1nnc(-c2cc(C(C)(C)C)c(O)c(C(C)(C)C)c2)o1,test,5.340668509625508
CHEMBL274841,CHEMBL230,4.75,2001.0,4.75,Cc1ccc(-c2ncc(Cl)cc2-c2ccc(S(C)(=O)=O)cc2)c[n+]1[O-],test,6.240709833801462
CHEMBL274893,CHEMBL230,7.58,1994.0,7.58,CS(=O)(=O)c1ccc(C2=C(c3ccc(F)cc3)CCC2)cc1,test,6.20092081480239
CHEMBL275376,CHEMBL230,6.7,1998.0,6.7,CC(C)S(=O)(=O)c1c(O)n(Cc2ccc(F)c(F)c2)c(=O)c2ccccc12,test,5.543611642512925
CHEMBL275843,CHEMBL230,6.37,1999.0,6.37,CS(=O)(=O)c1ccc(-c2sc(-c3cccnc3)nc2-c2ccc(F)cc2)cc1,test,6.198245201709598
CHEMBL276526,CHEMBL230,4.698970004336019,1999.0,4.698970004336019,CCCSc1nnc(-c2cc(C(C)(C)C)c(O)c(C(C)(C)C)c2)o1,test,5.289280956562178
CHEMBL276800,CHEMBL230,6.4,1998.0,6.4,CCCCC(=O)c1cc(C(C)(C)C)c2c(c1)C(C)(C)CCS2,val,5.534999362019544
CHEMBL276916,CHEMBL230,4.33,1999.0,4.33,CC(C)(C)c1cc(-c2nnc(S)o2)cc(C(C)(C)C)c1O,test,5.276499312029145
CHEMBL276976,CHEMBL230,6.355,1999.0,6.355,Cc1ccncc1C1=C(c2ccc(S(C)(=O)=O)cc2)CCC1=O,test,6.201267364138347
CHEMBL277385,CHEMBL230,7.5,1999.0,7.5,CS(=O)(=O)c1ccc(-c2sc(CCc3ccccc3)nc2-c2ccc(F)cc2)cc1,test,6.268203154650625
CHEMBL277519,CHEMBL230,5.845000000000001,2003.0,5.845000000000001,CC1(O)OC(=O)C(c2cc3ccccc3s2)=C1c1ccc(S(C)(=O)=O)cc1,test,6.129119904234186
CHEMBL278336,CHEMBL230,7.205,1999.0,7.205,CS(=O)(=O)c1ccc(C2=C(C#Cc3ccccc3)C(=O)CC2)cc1,test,6.010978185343158
CHEMBL278505,CHEMBL230,7.0,1998.0,7.0,CC(C)S(=O)(=O)c1c(O)n(Cc2ccc(F)c(F)c2)c(=O)c2ccc(Cl)cc12,test,5.616557248028215
CHEMBL279404,CHEMBL230,4.0,2008.0,4.0,Nc1ccccc1C(=O)Nc1cccc(C(F)(F)F)c1,val,4.948488645040617
CHEMBL281014,CHEMBL230,4.698970004336019,2002.0,4.698970004336019,COC(=O)c1cc2cc(S(C)(=O)=O)ccc2n1Cc1ccc([N+](=O)[O-])cc1,val,5.708034649477417
CHEMBL28155,CHEMBL230,9.0,2001.0,9.0,COc1ccc2c(c1)c(Cc1nc(-c3csc4ccccc34)cs1)c(C)n2C(=O)c1ccc(Cl)cc1,test,6.461593461732325
CHEMBL281694,CHEMBL230,7.62,1997.0,7.62,NS(=O)(=O)c1ccc(-n2nc(C(F)F)cc2-c2ccc3c(c2)OCO3)cc1,val,6.544356867638634
CHEMBL282096,CHEMBL230,4.698970004336019,2002.0,4.698970004336019,CS(=O)(=O)c1ccc2c(c1)cc(C(=O)O)n2Cc1ccc(Cl)cc1,val,5.873954697933144
CHEMBL282643,CHEMBL230,5.43,2002.0,5.43,COC(=O)c1cc2cc(S(C)(=O)=O)ccc2n1Cc1ccc(Br)cc1,val,5.843981975538694
CHEMBL283425,CHEMBL230,4.19,1997.0,4.19,NS(=O)(=O)c1ccc(-n2nc(C(F)(F)F)cc2-c2ccncc2)cc1,val,6.418656491601136
CHEMBL283497,CHEMBL230,7.25,1997.0,7.25,NS(=O)(=O)c1ccc(-n2nc(C(=O)Nc3cccc(Cl)c3)cc2-c2ccc(F)cc2)cc1,test,6.274512695195182
CHEMBL283633,CHEMBL230,7.28,1997.0,7.28,NS(=O)(=O)c1ccc(-n2nc(-c3ccc(Cl)s3)cc2-c2ccc(Cl)cc2)cc1,test,6.724960778430416
CHEMBL285975,CHEMBL230,5.37,2002.0,5.37,COC(=O)c1cc2cc(S(C)(=O)=O)ccc2n1Cc1ccc(Cl)cc1,val,5.845469847174225
CHEMBL286490,CHEMBL230,6.4399999999999995,1999.0,6.4399999999999995,CS(=O)(=O)c1ccc(C2=C(c3cncc(Cl)c3)C(=O)CC2)cc1,test,6.535067548690986
CHEMBL287909,CHEMBL230,6.890000000000001,1999.0,6.890000000000001,CS(=O)(=O)Nc1cc2c(cc1Sc1nccs1)C(=O)OC2,test,5.803267843931129
CHEMBL290031,CHEMBL230,7.16,2002.0,7.16,Cc1nc(C2CCCCC2)c(-c2ccc(S(N)(=O)=O)cc2)o1,test,6.23402278874095
CHEMBL29097,CHEMBL230,6.12,2008.0,6.12,CC(C)c1ccc2c(c1)c(SC(C)(C)C)c(CC(C)(C)C(=O)O)n2Cc1ccc(Cl)cc1,val,5.516685599118873
CHEMBL291338,CHEMBL230,6.27,,6.27,O=C(Nc1ccc(Cl)c(Cl)c1)c1cc(Cl)cc(Cl)c1O,val,5.057373491274066
CHEMBL291912,CHEMBL230,6.58,1996.0,6.58,CS(=O)(=O)c1ccc(-c2ccccc2-c2ccc(F)cc2)cc1,test,5.775712426894067
CHEMBL293771,CHEMBL230,8.15,1996.0,8.15,Cc1ccc(-c2cc(F)c(F)cc2-c2ccc(S(C)(=O)=O)cc2)cc1,test,6.31288475145775
CHEMBL293821,CHEMBL2094253,5.0,1990.0,5.0,Cc1cc(/C=C/c2ccncc2)cc(C)c1O,test,5.4885508953507784
CHEMBL294003,CHEMBL2094253,5.0,1990.0,5.0,CCc1cc(/C=C/c2cccnc2)cc(CC)c1O,val,5.088742664555431
CHEMBL29403,CHEMBL230,7.28,1997.0,7.28,Cc1cc(-c2cc(C(F)(F)F)nn2-c2ccc(S(N)(=O)=O)cc2)cc2c1OCO2,val,6.791661251900243
CHEMBL294715,CHEMBL230,7.21,1996.0,7.21,NS(=O)(=O)c1ccc(-c2ccccc2-c2ccc(F)cc2)cc1,test,5.954567442787297
CHEMBL295991,CHEMBL2094253,4.57,1996.0,4.57,O=C(O)c1ccc(CN2C(=O)C=CC2=O)cc1,val,4.818513590302954
CHEMBL296220,CHEMBL230,6.548455006504028,1999.0,6.548455006504028,CS(=O)(=O)c1ccc(-c2cc(C(F)(F)F)cnc2Oc2ccccc2)cc1,test,6.093161659697442
CHEMBL296384,CHEMBL230,8.4,1996.0,8.4,NS(=O)(=O)c1ccc(-c2cc(F)c(F)cc2-c2ccc(F)cc2)cc1,test,6.250095199499329
CHEMBL298084,CHEMBL230,7.3,1997.0,7.3,CS(=O)(=O)c1ccc(-n2cc(CSc3ccc(Cl)cc3)nc2-c2ccc(Cl)cc2)cc1,val,6.261638931727585
CHEMBL29847,CHEMBL230,5.48,1997.0,5.48,Cc1ccc(-c2cc(C(F)F)nn2-c2ccc(S(N)(=O)=O)cc2)o1,test,6.282960879004451
CHEMBL298573,CHEMBL2094253,4.3,1996.0,4.3,Cc1ccccc1CN1C(=O)C=CC1=O,val,5.034001799403121
CHEMBL298729,CHEMBL230,7.08,1996.0,7.08,CS(=O)(=O)c1ccc(-c2cc3c(cc2-c2ccc(F)cc2)OCO3)cc1,val,6.255318121919455
CHEMBL299567,CHEMBL230,4.94,1996.0,4.94,COc1ccc(-c2ccccc2-c2ccc(S(C)(=O)=O)cc2)cc1Cl,test,5.977543823262863
CHEMBL299806,CHEMBL230,8.1,1996.0,8.1,CN(C)c1ccc(-c2cc(F)c(F)cc2-c2ccc(S(C)(=O)=O)cc2)cc1Cl,test,6.224260512157851
CHEMBL300597,CHEMBL230,7.68,1996.0,7.68,COc1c(Cl)cc(-c2cc(F)c(F)cc2-c2ccc(S(N)(=O)=O)cc2)cc1Cl,test,6.529858447264996
CHEMBL300600,CHEMBL230,8.4,1996.0,8.4,NS(=O)(=O)c1ccc(-c2cc(F)c(F)cc2-c2ccc3c(c2)OCO3)cc1,test,6.47528214247166
CHEMBL300601,CHEMBL230,7.64,1996.0,7.64,Cc1ccc(-c2cc(F)c(F)cc2-c2ccc(S(C)(=O)=O)cc2)cc1C,test,6.322303656364282
CHEMBL30091,CHEMBL230,7.08,1997.0,7.08,NS(=O)(=O)c1ccc(-n2nc(C(F)(F)F)cc2C2=CCCCC2)cc1,val,6.456076056759225
CHEMBL301017,CHEMBL2094253,5.0,1990.0,5.0,Cc1cc(/C=C/C(=O)c2cccs2)cc(C)c1O,test,5.736133679944655
CHEMBL302266,CHEMBL230,7.48,1997.0,7.48,CCn1nc(-c2ccc(S(N)(=O)=O)cc2)c(-c2ccc(F)cc2)c1C(F)(F)F,val,6.651779937896319
CHEMBL302527,CHEMBL230,4.0,1997.0,4.0,C=CCn1cc(-c2ccc(F)cc2)c(-c2ccc(S(C)(=O)=O)cc2)n1,val,6.07485019340239
CHEMBL302771,CHEMBL230,6.29,2000.0,6.29,CS(=O)(=O)c1ccc(-c2coc(=O)n2-c2ccc(F)cc2)cc1,test,6.04556632408525
CHEMBL303023,CHEMBL230,6.03,2000.0,6.03,Cc1cccc(-n2c(-c3ccc(S(N)(=O)=O)cc3)c(C)oc2=O)c1,test,6.299702053715081
CHEMBL303728,CHEMBL230,5.95,2000.0,5.95,COc1ccc(-n2c(-c3ccc(S(N)(=O)=O)cc3)coc2=O)cc1F,test,6.410616234067546
CHEMBL304054,CHEMBL230,6.29,2000.0,6.29,Cc1cccc(-n2c(-c3ccc(S(N)(=O)=O)cc3)coc2=O)c1,test,6.3118074763565755
CHEMBL304560,CHEMBL230,6.4,2000.0,6.4,NS(=O)(=O)c1ccc(-c2coc(=O)n2-c2ccc(Cl)c(Cl)c2)cc1,test,6.258654246827473
CHEMBL304793,CHEMBL230,3.1426000001506464,2005.0,3.1426000001506464,CCc1ccc(-c2c(-c3ccc(S(C)(=O)=O)cc3)occ(Cl)c2=O)cc1,test,6.112818144699042
CHEMBL304810,CHEMBL230,5.7,2000.0,5.7,NS(=O)(=O)c1ccc(-c2coc(=O)n2-c2ccc(C(F)(F)F)cc2)cc1,test,6.27148239802118
CHEMBL305505,CHEMBL230,5.33,2000.0,5.33,NS(=O)(=O)c1ccc(-c2coc(=O)n2-c2cccc3ccccc23)cc1,test,6.2470949852730975
CHEMBL306232,CHEMBL230,6.32,2000.0,6.32,Cc1ccc(-n2c(-c3ccc(S(C)(=O)=O)cc3)coc2=O)cc1,test,6.097133904026072
CHEMBL306639,CHEMBL230,2.6504999997518937,2005.0,2.6504999997518937,CS(=O)(=O)c1ccc(-c2occc(=O)c2-c2ccc(F)cc2)cc1,test,6.054266481068181
CHEMBL306673,CHEMBL230,2.846000001097364,2005.0,2.846000001097364,CS(=O)(=O)c1ccc(-c2occ(Cl)c(=O)c2-c2cccc(F)c2)cc1,test,6.324029702453083
CHEMBL306716,CHEMBL230,6.16,2000.0,6.16,CCc1ccc(-n2c(-c3ccc(S(C)(=O)=O)cc3)coc2=O)cc1,test,5.8533471070570195
CHEMBL306946,CHEMBL230,7.19,2005.0,7.19,O=C1c2ccccc2-n2c1nc1ccccc1c2=O,val,5.537807604582524
CHEMBL307197,CHEMBL230,5.82,2000.0,5.82,NS(=O)(=O)c1ccc(-c2coc(=O)n2-c2cccc(Cl)c2)cc1,test,6.246919823676532
CHEMBL307233,CHEMBL230,5.7,2000.0,5.7,CS(=O)(=O)c1ccc(-c2coc(=O)n2-c2ccc(C(F)(F)F)cc2)cc1,test,6.08994435770281
CHEMBL307606,CHEMBL230,4.23,2000.0,4.23,NS(=O)(=O)c1ccc(-c2coc(=O)n2-c2ccc(C(=O)O)cc2)cc1,test,5.853329873453642
CHEMBL307766,CHEMBL230,5.87,2000.0,5.87,CS(=O)(=O)c1ccc(-c2coc(=O)n2-c2ccc(F)cc2F)cc1,test,6.222139591112265
CHEMBL308692,CHEMBL230,4.06,2005.0,4.06,CS(=O)(=O)c1ccc(-c2occ(Cl)c(=O)c2-c2ccc(-c3ccccc3)c(F)c2)cc1,val,6.333311253197051
CHEMBL309156,CHEMBL230,2.200000000330522,2005.0,2.200000000330522,CS(=O)(=O)c1ccc(-c2occ(Cl)c(=O)c2-c2ccccc2F)cc1,test,6.2243339725017695
CHEMBL3098648,CHEMBL230,7.16,2019.0,7.16,O=C(CSc1nnc(-c2ccncc2)o1)N/N=C/c1ccc(Cl)cc1,test,5.696284452271993
CHEMBL3098650,CHEMBL230,7.42,2019.0,7.42,O=C(CSc1nnc(-c2ccncc2)o1)N/N=C/c1ccc([N+](=O)[O-])cc1,test,5.643799742476684
CHEMBL3099218,CHEMBL230,5.06,2014.0,5.06,CC(C)(C)c1cc(/C=N/NC(=O)c2cccnc2)c(O)c(C(C)(C)C)c1,val,5.193233257304704
CHEMBL3099219,CHEMBL230,5.29,2014.0,5.29,CC(C)(C)c1cc(/C=N/NC(=O)c2ccccc2O)c(O)c(C(C)(C)C)c1,val,5.082667364149826
CHEMBL3099220,CHEMBL230,5.15,2014.0,5.15,CC(C)(C)c1cc(/C=N/NC(=O)c2ccncc2)c(O)c(C(C)(C)C)c1,val,5.152854342061406
CHEMBL3099221,CHEMBL230,5.19,2014.0,5.19,CC(C)(C)c1cc(/C=N/NC(=O)c2ccccc2)c(O)c(C(C)(C)C)c1,val,5.054185511392967
CHEMBL31060,CHEMBL230,5.2,2002.0,5.2,COC(=O)c1cc2cc(S(C)(=O)=O)ccc2n1Cc1ccc(OC)cc1,val,5.656562295966921
CHEMBL3113617,CHEMBL230,5.04,2015.0,5.04,Cc1ccc(S(=O)(=O)n2cc(C(=O)C(=O)NCC(=O)O)c3ccccc32)cc1,val,5.687230908192078
CHEMBL3127308,CHEMBL230,6.4,2014.0,6.4,COc1c(-c2cc(-c3cccnc3)nn2-c2ccc(S(N)(=O)=O)cc2)c(O)cc2occc12,test,6.039663112296024
CHEMBL3127458,CHEMBL230,6.44,2014.0,6.44,COc1c(-c2cc(-c3cccnc3)nn2-c2ccc(S(N)(=O)=O)cc2)c(O)c(OC)c2occc12,test,6.082160479235043
CHEMBL312822,CHEMBL230,8.82,1996.0,8.82,NS(=O)(=O)c1ccc(C2=C(c3ccc(F)c(Cl)c3)CC3(CC3)C2)cc1,test,6.637374717262139
CHEMBL313048,CHEMBL230,4.481486060122113,2000.0,4.481486060122113,CS(=O)(=O)c1ccc([C@@H](CO)[C@H](C(=O)O)c2ccccc2)cc1,test,5.448338295878352
CHEMBL313313,CHEMBL230,8.7,1996.0,8.7,COc1ccc(C2=C(c3ccc(S(N)(=O)=O)cc3)CC3(CC3)C2)cc1Br,test,6.403023504209124
CHEMBL313387,CHEMBL230,9.0,1996.0,9.0,NS(=O)(=O)c1ccc(C2=C(c3ccc(Cl)c(Cl)c3)CC3(CC3)C2)cc1,test,6.4351638141397345
CHEMBL314225,CHEMBL230,8.52,1996.0,8.52,NS(=O)(=O)c1ccc(C2=C(c3ccc(F)c(F)c3)CC3(CC3)C2)cc1,test,6.550787745108697
CHEMBL314297,CHEMBL230,7.66,1996.0,7.66,CS(=O)(=O)c1ccc(C2=C(c3ccc(F)cc3F)CC3(CC3)C2)cc1,test,6.400201962408383
CHEMBL314360,CHEMBL2094253,5.5,1988.0,5.5,CC(=O)N(O)C/C=C/c1cccc(Oc2ccccc2)c1,val,4.942784089192916
CHEMBL314360,CHEMBL230,8.0,2008.0,8.0,CC(=O)N(O)C/C=C/c1cccc(Oc2ccccc2)c1,val,4.942784089192916
CHEMBL315520,CHEMBL230,8.22,1996.0,8.22,COc1c(Cl)cc(C2=C(c3ccc(S(C)(=O)=O)cc3)CC3(CC3)C2)cc1Cl,test,6.40975285029825
CHEMBL315585,CHEMBL230,8.7,1996.0,8.7,COc1ccc(C2=C(c3ccc(S(N)(=O)=O)cc3)CC3(CC3)C2)cc1Cl,test,6.515327517116524
CHEMBL316846,CHEMBL230,8.7,2022.0,8.7,CN1C/C(=C\c2cccs2)C2=NN(c3ccccc3)C(c3cccs3)C2C1,test,5.4988842106067635
CHEMBL318410,CHEMBL230,6.92,2000.0,6.92,COc1ccc2c(c1)c(CC(=O)OC1CCCCC1)c(C)n2C(=O)c1ccc(Cl)cc1,test,6.295004425503427
CHEMBL319326,CHEMBL230,5.27,2001.0,5.27,CN1CC(c2ccc(F)cc2)=C(c2ccccc2)O1,test,5.441526547792991
CHEMBL319590,CHEMBL230,5.3,2001.0,5.3,CN1CC(c2ccccc2)=C(c2ccc(F)cc2)O1,test,5.441526547792991
CHEMBL319766,CHEMBL230,6.19,2000.0,6.19,CCOc1cccc(NC(=O)Cc2c(C)n(C(=O)c3ccc(Cl)cc3)c3ccc(OC)cc23)c1,test,6.266422555430791
CHEMBL320140,CHEMBL230,5.6,2000.0,5.6,COc1ccc2c(c1)c(CC(=O)O)c(C)n2Cc1ccc(Br)cc1,val,5.694509890803042
CHEMBL320273,CHEMBL230,5.84,1999.0,5.84,CC1(C)OC(=O)C(Oc2cnccn2)=C1c1ccc(S(C)(=O)=O)cc1,test,6.355503966653293
CHEMBL320784,CHEMBL230,8.15,1994.0,8.15,CC1(C)CC(c2ccc(Cl)cc2)=C(c2ccc(S(C)(=O)=O)cc2)C1,test,6.34985967052858
CHEMBL320790,CHEMBL230,6.33,2000.0,6.33,CS(=O)(=O)c1ccc(-n2cc(C(F)(F)F)nc2-c2cccc3c2OCO3)cc1,val,6.153707659093204
CHEMBL321156,CHEMBL230,7.155,2000.0,7.155,NS(=O)(=O)c1ccc(-n2cc(C(F)(F)F)nc2-c2cccs2)cc1,test,6.417348846384806
CHEMBL321160,CHEMBL230,7.77,1995.0,7.77,COc1c(Cl)cc(C2=C(c3ccc(S(C)(=O)=O)cc3)CCC2)cc1Cl,test,6.330934270617111
CHEMBL321182,CHEMBL230,7.12,1994.0,7.12,Cc1cc(F)ccc1C1=C(c2ccc(S(C)(=O)=O)cc2)CCC1,test,6.444145926384904
CHEMBL3215555,CHEMBL2094253,4.0,1994.0,4.0,CCCNc1nc2c(Cc3cccnc3)c(C)c(O)c(C)c2s1.Cl.Cl,test,5.415102255402722
CHEMBL3215733,CHEMBL2094253,4.0,1994.0,4.0,CNc1nc2c(C)c(Cc3cccnc3)c(O)c(C)c2s1.Cl.Cl,test,5.355501474074071
CHEMBL3216177,CHEMBL2094253,4.0,1994.0,4.0,Cc1c(O)c(Cc2cccnc2)c2sc(N)nc2c1C.Cl.Cl,val,5.414776078229606
CHEMBL321643,CHEMBL230,8.05,1995.0,8.05,COc1c(Cl)cc(C2=C(c3ccc(S(N)(=O)=O)cc3)CCC2)cc1Cl,test,6.46812537515935
CHEMBL3216618,CHEMBL2094253,4.0,1994.0,4.0,COc1c(O)c(C)c2sc(N)nc2c1Cc1cccnc1.Cl.Cl,test,5.428166217411542
CHEMBL3217077,CHEMBL2094253,3.7614393726401687,1994.0,3.7614393726401687,CCNc1nc2c(Cc3cccnc3)c(C)c(O)c(C)c2s1.Cl.Cl,test,5.391254977154533
CHEMBL322015,CHEMBL2094253,5.02,1994.0,5.02,Oc1cc(-c2ccccc2)c2nc(NCc3cccnc3)sc2c1,val,5.209124552291632
CHEMBL322045,CHEMBL230,7.29,1994.0,7.29,CS(=O)(=O)c1ccc(C2=C(c3ccc(F)cc3)CC(CF)(CF)C2)cc1,test,6.151594445520198
CHEMBL322240,CHEMBL230,7.5,2001.0,7.5,CC1C(c2ccc(F)cc2)=C(c2ccc(S(C)(=O)=O)cc2)ON1C,test,6.010327149723918
CHEMBL322949,CHEMBL230,7.52,1995.0,7.52,CS(=O)(=O)c1ccc(C2=C(c3ccc(F)c(Cl)c3)CCC2)cc1,test,6.5082756742606485
CHEMBL3234226,CHEMBL230,5.36,2014.0,5.36,COC(=O)/C(=C/c1ccc2ccccc2c1)CSc1nc2ccccc2o1,val,5.361829040054902
CHEMBL3234231,CHEMBL230,5.53,2014.0,5.53,COC(=O)/C(=C/c1ccc2ccccc2c1)CSc1nc2ccccc2s1,test,5.372939856532524
CHEMBL3236777,CHEMBL230,4.17,2014.0,4.17,CNC(=O)c1nc(-c2cc(OC)c(OC)c(OC)c2)n(-c2ccc(OC)cc2)n1,val,5.6566464391584725
CHEMBL3237067,CHEMBL230,4.0,2014.0,4.0,COc1ccc(-n2nc(C(=O)Nc3ccc(Br)cc3)nc2-c2cc(OC)c(OC)c(OC)c2)cc1,test,5.856979230549149
CHEMBL3237068,CHEMBL230,4.0,2014.0,4.0,COc1ccc(-n2nc(C(=O)Nc3ccc(Cl)cc3)nc2-c2cc(OC)c(OC)c(OC)c2)cc1,test,5.904014692655721
CHEMBL3237071,CHEMBL230,4.0,2014.0,4.0,COc1ccc(-n2nc(C(=O)Nc3ccc(OC)c(OC)c3)nc2-c2cc(OC)c(OC)c(OC)c2)cc1,test,5.727681821353998
CHEMBL3237075,CHEMBL230,4.33,2014.0,4.33,COc1ccc(-n2nc(C(=O)NN)nc2-c2cc(OC)c(OC)c(OC)c2)cc1,val,5.67966574665711
CHEMBL323732,CHEMBL230,6.12,1995.0,6.12,CS(=O)(=O)c1ccc(C2=C(c3ccc(C(F)(F)F)c(F)c3)CCC2)cc1,test,6.499011298665964
CHEMBL323954,CHEMBL230,5.96,2000.0,5.96,Cn1cc(-c2nc(C(F)(F)F)cn2-c2ccc(S(C)(=O)=O)cc2)c2ccccc21,test,6.041002303789012
CHEMBL324042,CHEMBL230,5.0,2003.0,5.0,Cc1nc(Cl)n(-c2ccc(F)cc2)c1-c1ccc(S(C)(=O)=O)cc1,val,6.408375519951408
CHEMBL324048,CHEMBL230,7.57,2003.0,7.57,CN(C)c1ccc(-c2c(Cl)ncn2-c2ccc(S(C)(=O)=O)cc2)cc1Cl,val,6.164453450715532
CHEMBL324093,CHEMBL230,7.32,2003.0,7.32,CS(=O)(=O)c1ccc(-c2cnc(Br)n2-c2ccc(F)cc2)cc1,val,6.152253299565669
CHEMBL324312,CHEMBL230,8.135,2003.0,8.135,CCOc1ccc(-c2c(Cl)ncn2-c2ccc(S(N)(=O)=O)cc2)cc1,val,6.26424481146172
CHEMBL324472,CHEMBL230,5.0,2003.0,5.0,CS(=O)(=O)c1ccc(-n2cnc(Cl)c2-c2ccc(OC(F)(F)F)cc2)cc1,val,6.262274478903998
CHEMBL324509,CHEMBL230,8.4,2003.0,8.4,CCOc1ccc(-c2c(Cl)ncn2-c2ccc(S(C)(=O)=O)cc2)cc1,val,6.051811137453151
CHEMBL324580,CHEMBL230,7.12,2003.0,7.12,CS(=O)(=O)c1ccc(-n2cnc(Cl)c2-c2cc(F)cc(F)c2)cc1,val,6.271330770713407
CHEMBL324700,CHEMBL230,5.0,2003.0,5.0,CCS(=O)(=O)c1ccc(-c2c(Cl)ncn2-c2ccc(S(C)(=O)=O)cc2)cc1,val,6.052776717525747
CHEMBL324825,CHEMBL230,5.0,2003.0,5.0,C=CCc1ncn(-c2ccc(S(C)(=O)=O)cc2)c1-c1ccc(F)cc1,val,5.958124546916564
CHEMBL324826,CHEMBL230,8.22,2003.0,8.22,CS(=O)(=O)c1ccc(-n2cnc(Cl)c2-c2cccc(Cl)c2Cl)cc1,val,5.93164031463847
CHEMBL324841,CHEMBL230,6.0,2003.0,6.0,CS(=O)(=O)c1ccc(-n2cnc(Cl)c2-c2cc3ccccc3o2)cc1,val,6.000112617217673
CHEMBL324863,CHEMBL230,6.85,1995.0,6.85,COc1ccc(C2=C(c3ccc(S(C)(=O)=O)cc3)CCC2)cc1Cl,test,6.313642702565982
CHEMBL324923,CHEMBL230,7.8,2003.0,7.8,COc1cc(-c2c(Cl)ncn2-c2ccc(S(C)(=O)=O)cc2)ccc1F,val,6.391944199337334
CHEMBL324957,CHEMBL230,6.84,2003.0,6.84,Cc1ncn(-c2ccc(S(C)(=O)=O)cc2)c1-c1ccc(F)cc1,val,6.058594120674172
CHEMBL325298,CHEMBL230,8.22,2003.0,8.22,Cc1ccc(-c2c(Cl)ncn2-c2ccc(S(C)(=O)=O)cc2)cc1F,val,6.594797565155674
CHEMBL325437,CHEMBL230,7.75,2003.0,7.75,CS(=O)(=O)c1ccc(-n2cnc(Cl)c2-c2ccc(Cl)cc2)cc1,val,6.219625114567232
CHEMBL325492,CHEMBL230,5.0,2003.0,5.0,CS(=O)(=O)c1ccc(-n2cncc2-c2ccc(F)cc2)cc1,val,5.865893888172616
CHEMBL326097,CHEMBL230,7.82,2003.0,7.82,COc1cc(-c2c(Cl)ncn2-c2ccc(S(C)(=O)=O)cc2)ccc1C,val,6.360546111792884
CHEMBL326254,CHEMBL230,6.140000000000001,1999.0,6.140000000000001,CC1(C)OC(=O)C(Oc2ncccn2)=C1c1ccc(S(C)(=O)=O)cc1,test,6.360694449635673
CHEMBL326270,CHEMBL230,7.75,2003.0,7.75,NS(=O)(=O)c1ccc(-n2cnc(Cl)c2-c2ccc(F)cc2)cc1,val,6.424410942131525
CHEMBL326291,CHEMBL230,7.96,2003.0,7.96,Cc1cc(-c2c(Cl)ncn2-c2ccc(S(C)(=O)=O)cc2)ccc1Cl,val,6.3170692565413225
CHEMBL3264518,CHEMBL230,4.74,2014.0,4.74,CCOC(=O)c1c(-c2ccccc2)oc2ccc(Oc3ccccc3)cc12,test,5.217191648435947
CHEMBL3264519,CHEMBL230,4.7,2014.0,4.7,CCOC(=O)c1c(-c2ccccc2)oc2ccc(Oc3ccccc3C)cc12,test,5.37244423155065
CHEMBL3264520,CHEMBL230,4.72,2014.0,4.72,CCOC(=O)c1c(-c2ccccc2)oc2ccc(Oc3ccc(C)cc3)cc12,test,5.337968301582743
CHEMBL3264703,CHEMBL230,5.4,2014.0,5.4,c1cncc(-n2cc(CSc3nc4ccccc4o3)nn2)c1,val,5.369403854411768
CHEMBL3264704,CHEMBL230,5.3,2014.0,5.3,Clc1ncccc1-n1cc(CSc2nc3ccccc3o2)nn1,val,5.521607337061724
CHEMBL3265352,CHEMBL230,4.96,2014.0,4.96,c1ccc(-c2nn(-c3ccccc3)cc2-c2nnc(-c3ccncc3)o2)cc1,test,5.194774234138029
CHEMBL3265353,CHEMBL230,4.28,2014.0,4.28,Cc1ccc(-c2nn(-c3ccccc3)cc2-c2nnc(-c3ccncc3)o2)cc1,test,5.453264072363085
CHEMBL3265354,CHEMBL230,5.64,2014.0,5.64,Fc1ccc(-c2nn(-c3ccccc3)cc2-c2nnc(-c3ccncc3)o2)cc1,test,5.38689360587481
CHEMBL3265355,CHEMBL230,5.36,2014.0,5.36,Clc1ccc(-c2nn(-c3ccccc3)cc2-c2nnc(-c3ccncc3)o2)cc1,test,5.445574985801477
CHEMBL3265356,CHEMBL230,4.41,2014.0,4.41,Brc1ccc(-c2nn(-c3ccccc3)cc2-c2nnc(-c3ccncc3)o2)cc1,test,5.493081236679116
CHEMBL3265357,CHEMBL230,4.38,2014.0,4.38,COc1ccc(-c2nn(-c3ccccc3)cc2-c2nnc(-c3ccncc3)o2)cc1,test,5.28757056333985
CHEMBL3265358,CHEMBL230,6.3,2014.0,6.3,O=[N+]([O-])c1ccc(-c2nn(-c3ccccc3)cc2-c2nnc(-c3ccncc3)o2)cc1,test,5.53244718069834
CHEMBL326577,CHEMBL230,7.44,2003.0,7.44,CS(=O)(=O)c1ccc(-n2cnc(Br)c2-c2ccc(F)cc2)cc1,val,6.088355433382752
CHEMBL326639,CHEMBL230,6.03,2000.0,6.03,Cc1nc(-c2nc(C(F)(F)F)cn2-c2ccc(S(C)(=O)=O)cc2)cs1,test,6.127564806028121
CHEMBL327150,CHEMBL230,8.15,2003.0,8.15,CCOc1ccc(-c2c(Cl)ncn2-c2ccc(S(C)(=O)=O)cc2)cc1Cl,val,6.236720030345656
CHEMBL327384,CHEMBL230,9.0,1996.0,9.0,CS(=O)(=O)c1ccc(C2=C(c3ccc(Cl)cc3)CC3(CC3)C2)cc1,test,6.41814613775875
CHEMBL327468,CHEMBL230,4.481486060122113,2000.0,4.481486060122113,CS(=O)(=O)c1ccc([C@@H](CO)[C@@H](CCC(=O)[O-])c2ccccc2)cc1.[Na+],test,5.465219436366178
CHEMBL327751,CHEMBL230,6.85,2000.0,6.85,COc1ccc2c(c1)c(CC(=O)Nc1ccc(C(N)=O)cc1)c(C)n2C(=O)c1ccc(Cl)cc1,test,6.354230772920766
CHEMBL328146,CHEMBL230,4.0,1995.0,4.0,CS(=O)(=O)c1ccc(C2=C(c3ccc(F)cc3)CC3(CCCCC3)C2)cc1,test,6.367575747229349
CHEMBL328161,CHEMBL230,6.0,2000.0,6.0,COc1ccc2c(c1)c(CC(=O)Nc1cc(OC)c(OC)c(OC)c1)c(C)n2C(=O)c1ccc(Cl)cc1,test,6.358123495841304
CHEMBL328521,CHEMBL230,6.28,1996.0,6.28,CC1(C)C(c2ccc(S(C)(=O)=O)cc2)=C(c2ccccc2)C1O,test,5.745514358055272
CHEMBL3289096,CHEMBL230,5.0,2014.0,5.0,CC(C)=CCC[C@H](C(=O)O)[C@@H]1CC[C@]2(C)C3=C(CC[C@@]12C)[C@@]1(C)CC[C@@H](O)C(C)(C)[C@@H]1CC3,val,5.43755988348904
CHEMBL3289097,CHEMBL230,5.0,2014.0,5.0,CC(=O)O[C@@H]1CC[C@]2(C)C3=C(CC[C@H]2C1(C)C)[C@@]1(C)CC[C@@H]([C@H](CCC=C(C)C)C(=O)O)[C@]1(C)CC3,val,5.486927665090163
CHEMBL3289098,CHEMBL230,5.0,2014.0,5.0,CC(C)=CCC[C@H](C(=O)O)[C@@H]1CC[C@]2(C)C3=C(CC[C@@]12C)[C@@]1(C)CC[C@H](O)C(C)(C)[C@@H]1CC3,val,5.43755988348904
CHEMBL3289099,CHEMBL230,5.0,2014.0,5.0,CC(C)=CCC[C@H](C(=O)O)[C@@H]1CC[C@]2(C)C3=CC[C@H]4C(C)(C)[C@H](O)CC[C@]4(C)[C@H]3CC[C@@]12C,val,5.353392503270046
CHEMBL3289100,CHEMBL230,5.0,2014.0,5.0,CC(=O)O[C@@H]1CC[C@]2(C)[C@H]3CC[C@@]4(C)[C@H]([C@H](CCC=C(C)C)C(=O)O)CC[C@]4(C)C3=CC[C@H]2C1(C)C,val,5.404967303397196
CHEMBL3289925,CHEMBL230,4.95,2014.0,4.95,CCOC(OCC)c1ccc(/C=C2\COC/C(=C\c3ccc(C(OCC)OCC)cc3)C2=O)cc1,val,5.233810453016797
CHEMBL3289928,CHEMBL230,4.0,2014.0,4.0,CCOC(OCC)c1ccc(/C=C2\CN(Cc3ccccc3)C/C(=C\c3ccc(C(OCC)OCC)cc3)C2=O)cc1,val,5.2530500632920365
CHEMBL3289930,CHEMBL230,4.83,2014.0,4.83,CCOC(OCC)c1ccc(/C=C2\CC/C(=C\c3ccc(C(OCC)OCC)cc3)C2=O)cc1,test,5.211455176541379
CHEMBL3289940,CHEMBL230,4.0,2014.0,4.0,CN(C)c1ccc(/C=C2\CC/C(=C\c3ccc(N(C)C)cc3[N+](=O)[O-])C2=O)c([N+](=O)[O-])c1,test,5.2583168411915215
CHEMBL3290192,CHEMBL230,4.16,2014.0,4.16,O=C(/C=C/c1ccc(N2CCCC2)cc1)/C=C/c1ccc(N2CCCC2)cc1,test,4.870817316368134
CHEMBL3290195,CHEMBL230,4.0,2014.0,4.0,O=C1/C(=C/c2ccc(N3CCCC3)cc2)CCc2ccccc21,test,5.099402247487247
CHEMBL3290199,CHEMBL230,6.33,2014.0,6.33,NS(=O)(=O)c1ccc(-n2nc(C(=O)Nc3ccc(Cl)cc3)nc2-c2ccccc2)cc1,test,6.277389154070528
CHEMBL3290200,CHEMBL230,5.89,2014.0,5.89,COc1ccc(NC(=O)c2nc(-c3ccccc3)n(-c3ccc(S(N)(=O)=O)cc3)n2)cc1OC,test,6.160855937209385
CHEMBL3290201,CHEMBL230,6.05,2014.0,6.05,COc1ccc(NC(=O)c2nc(-c3ccccc3)n(-c3ccc(S(N)(=O)=O)cc3)n2)cc1,test,6.049547900543345
CHEMBL3290203,CHEMBL230,5.72,2014.0,5.72,Cc1ccc(NC(=O)c2nc(-c3ccccc3)n(-c3ccc(S(N)(=O)=O)cc3)n2)cc1,test,6.146298618420415
CHEMBL3290204,CHEMBL230,6.18,2014.0,6.18,NS(=O)(=O)c1ccc(-n2nc(C(=O)NC3CCCCC3)nc2-c2ccccc2)cc1,test,6.0049594985855395
CHEMBL3290205,CHEMBL230,4.8,2014.0,4.8,CC(C)NC(=O)c1nc(-c2ccccc2)n(-c2ccc(S(N)(=O)=O)cc2)n1,val,6.212359372054051
CHEMBL329120,CHEMBL230,6.07,1998.0,6.07,Cc1cnc(-c2cccnc2)c(-c2ccc(S(C)(=O)=O)cc2)c1,val,5.864716960368843
CHEMBL329419,CHEMBL230,5.345743030061056,1998.0,5.345743030061056,CS(=O)(=O)c1ccc(-c2cccnc2-c2cccnc2)cc1,val,5.5651642050497365
CHEMBL329688,CHEMBL230,5.95,2005.0,5.95,COc1ccc(C2SCC(=O)N2CCN2C(=O)CSC2c2ccc(OC)cc2)cc1,test,5.0362183593601015
CHEMBL329999,CHEMBL230,8.7,1996.0,8.7,CS(=O)(=O)c1ccc(C2=C(c3ccc(C(F)(F)F)cc3)CC3(CC3)C2)cc1,test,6.301598774849199
CHEMBL330200,CHEMBL230,5.096910013008056,2000.0,5.096910013008056,COc1ccc2c(c1)c(CC(=O)Oc1ccc3ccccc3c1)c(C)n2C(=O)c1ccc(Cl)cc1,test,6.317448534978615
CHEMBL330314,CHEMBL230,9.0,1996.0,9.0,NS(=O)(=O)c1ccc(C2=C(c3ccc(C(F)(F)F)cc3)CC3(CC3)C2)cc1,test,6.436370935569617
CHEMBL330381,CHEMBL230,6.66,2000.0,6.66,COc1ccc2c(c1)c(CC(=O)Nc1cccc(SC)c1)c(C)n2C(=O)c1ccc(Cl)cc1,test,6.403301348586119
CHEMBL330516,CHEMBL230,7.21,1996.0,7.21,CC1(C)C(c2ccc(S(C)(=O)=O)cc2)=C(c2ccccc2)/C1=N/O,val,5.893834216581725
CHEMBL3309444,CHEMBL230,4.84,2014.0,4.84,NS(=O)(=O)c1ccc(N2N=C(C(F)(F)F)CC2c2ccc3ccccc3c2)cc1,test,5.71526564486179
CHEMBL3309447,CHEMBL230,7.23,2014.0,7.23,NS(=O)(=O)c1ccc(N2N=C(C(F)(F)F)CC2c2cccc3c2OCCO3)cc1,test,5.971897903261182
CHEMBL3309450,CHEMBL230,4.75,2014.0,4.75,CS(=O)(=O)c1ccc(N2N=C(C(F)(F)F)CC2c2ccc3ccccc3c2)cc1,test,5.549393800549834
CHEMBL3309819,CHEMBL230,6.68,2014.0,6.68,CS(=O)(=O)c1ccc(N2N=C(C(F)(F)F)CC2c2cccc3c2OCCO3)cc1,test,5.822889815689515
CHEMBL3309947,CHEMBL230,4.73,2014.0,4.73,CN(C)c1ccc(/C=C2\COC/C(=C\c3ccc(N(C)C)cc3[N+](=O)[O-])C2=O)c([N+](=O)[O-])c1,val,5.299468271269919
CHEMBL3309950,CHEMBL230,4.72,2014.0,4.72,CN(C)c1ccc(/C=C2\CN(Cc3ccccc3)C/C(=C\c3ccc(N(C)C)cc3[N+](=O)[O-])C2=O)c([N+](=O)[O-])c1,val,5.292340979766572
CHEMBL3311308,CHEMBL230,4.0,2014.0,4.0,COc1ccc(S(=O)(=O)Nc2c(C)cc(C)cc2C)cc1,test,5.6752146285644205
CHEMBL331135,CHEMBL230,6.91,2003.0,6.91,CS(=O)(=O)c1ccc(-n2cnc(Cl)c2-c2ccccc2)cc1,val,5.9172554563079
CHEMBL331148,CHEMBL230,7.8,2003.0,7.8,Cc1ccc(-c2c(Cl)ncn2-c2ccc(S(C)(=O)=O)cc2)cc1,val,6.291431577308261
CHEMBL3314087,CHEMBL230,7.62,2014.0,7.62,O=C1Nc2ccccc2/C1=C/c1coc2ccccc2c1=O,test,5.4489250167719305
CHEMBL3314088,CHEMBL230,7.7,2014.0,7.7,O=C1Nc2ccccc2/C1=C/c1coc2ccc(Br)cc2c1=O,test,5.5859253750242726
CHEMBL3314089,CHEMBL230,5.0,2014.0,5.0,CC1=NN(c2cccc(Cl)c2)C(=O)/C1=C/c1coc2c([N+](=O)[O-])cc(F)cc2c1=O,val,5.85286886264944
CHEMBL332251,CHEMBL230,8.52,2003.0,8.52,Cc1ccc(-c2c(Cl)ncn2-c2ccc(S(N)(=O)=O)cc2)cc1,val,6.5230091638785845
CHEMBL3325729,CHEMBL230,6.32,2022.0,6.32,Cc1nn(-c2ccccc2)c(N2CCN(C)CC2)c1/C=N/Nc1nc2ccccc2nc1O,test,5.684704887640607
CHEMBL3325874,CHEMBL230,4.8,2022.0,4.8,Cc1nn(-c2ccccc2)c(N2CCNCC2)c1/C=N/Nc1nc2ccccc2nc1O,test,5.738185989924084
CHEMBL3325875,CHEMBL230,6.34,2022.0,6.34,CC(=O)N1CCN(c2c(/C=N/Nc3nc4ccccc4nc3O)c(C)nn2-c2ccccc2)CC1,test,5.662576562719066
CHEMBL332725,CHEMBL230,7.6,2003.0,7.6,CCOc1ccc(-c2c(Cl)ncn2-c2ccc(S(C)(=O)=O)cc2)cc1F,val,6.43175281594165
CHEMBL333084,CHEMBL230,5.0,2003.0,5.0,CC(C)Oc1ccc(-c2c(Cl)ncn2-c2ccc(S(C)(=O)=O)cc2)cc1,val,6.151558925033178
CHEMBL333170,CHEMBL230,5.0,2003.0,5.0,CCc1ncn(-c2ccc(S(C)(=O)=O)cc2)c1-c1ccc(F)cc1,val,6.000707922350602
CHEMBL333651,CHEMBL230,7.96,2003.0,7.96,COc1ccc(-c2c(Cl)ncn2-c2ccc(S(C)(=O)=O)cc2)cc1,val,6.115447471542784
CHEMBL333755,CHEMBL230,5.0,2003.0,5.0,CS(=O)(=O)c1ccc(-c2c(Cl)nc(Cl)n2-c2ccc(F)cc2)cc1,val,6.348867452686648
CHEMBL3359452,CHEMBL230,5.0,2014.0,5.0,CC(C)Cc1ccc(C(C)C(=O)NCCc2c[nH]c3ccc(O)cc23)cc1,test,5.183847973752142
CHEMBL3359453,CHEMBL230,5.1,2014.0,5.1,CC(C(=O)NCCc1c[nH]c2ccc(O)cc12)c1ccc(-c2ccccc2)c(F)c1,val,5.227762260925862
CHEMBL336011,CHEMBL230,5.54,1995.0,5.54,NS(=O)(=O)c1ccc(C2=C(c3cc(F)c(F)c(F)c3)CCC2)cc1,test,6.4858045188514515
CHEMBL338105,CHEMBL230,4.11,1994.0,4.11,CS(=O)(=O)c1ccc(C2=C(c3ccc(C#N)cc3)CCC2)cc1,test,6.08767393055561
CHEMBL338126,CHEMBL230,4.04,1995.0,4.04,CS(=O)(=O)c1ccc(-c2[nH]c(S(C)(=O)=O)cc2-c2ccc(F)cc2)cc1,test,6.280409892572203
CHEMBL338371,CHEMBL230,5.0,2004.0,5.0,Cc1cc(=O)c(-c2ccc3c(c2)CCCC3)c(-c2ccc(S(C)(=O)=O)cc2)o1,val,6.254001948574326
CHEMBL338705,CHEMBL230,5.97,2004.0,5.97,Cc1cc(=O)c(-c2ccc(F)cc2)c(-c2ccc(S(C)(=O)=O)cc2)o1,test,6.285888896188484
CHEMBL338914,CHEMBL230,4.16,1995.0,4.16,CS(=O)(=O)c1ccc(-c2[nH]c(Cl)c(Cl)c2-c2ccc(F)cc2)cc1,test,6.554127348926902
CHEMBL338927,CHEMBL230,5.76,2004.0,5.76,Cc1cc(=O)c(-c2ccc(Br)cc2)c(-c2ccc(S(C)(=O)=O)cc2)o1,test,6.354698624921452
CHEMBL339150,CHEMBL230,5.16,2004.0,5.16,Cc1cc(=O)c(-c2ccccc2)c(-c2ccc(S(N)(=O)=O)cc2)o1,test,6.264305937564486
CHEMBL339221,CHEMBL230,4.06,1995.0,4.06,CS(=O)(=O)c1ccc(-c2[nH]c(Cl)c(Br)c2-c2ccc(F)cc2)cc1,test,6.655621203386908
CHEMBL339222,CHEMBL230,3.5228787452803374,1995.0,3.5228787452803374,CC(C)(C)OC(=O)n1c(Br)cc(-c2ccc(F)cc2)c1-c1ccc(S(C)(=O)=O)cc1,test,5.84281288715614
CHEMBL339301,CHEMBL230,4.9,1995.0,4.9,CS(=O)(=O)c1ccc(-c2[nH]ccc2-c2ccc(F)cc2)cc1,test,6.168253351029885
CHEMBL3397711,CHEMBL230,5.0,2015.0,5.0,CCCC/C(=C\c1cc(OC/C=C/c2ccccc2)ccc1OCc1ccc(C(F)(F)F)cc1)C(=O)O,test,5.148953258471356
CHEMBL3397719,CHEMBL230,5.0,2015.0,5.0,CCCC/C(=C\c1cc(OCc2cc3ccccc3s2)ccc1OCc1ccc(C(F)(F)F)cc1)C(=O)O,val,5.299064791622502
CHEMBL3397721,CHEMBL230,5.0,2015.0,5.0,CCCC/C(=C\c1cc(OCc2ccc3nc(C(F)(F)F)cc(OC)c3c2)ccc1OCc1ccc(C(F)(F)F)cc1)C(=O)O,val,5.449564516100517
CHEMBL3397724,CHEMBL230,5.0,2015.0,5.0,CCCC/C(=C\c1cc(OCc2ccc(OCCN3CCOCC3)cc2)ccc1OCc1ccc(C(F)(F)F)cc1)C(=O)O,val,5.313618355909887
CHEMBL339817,CHEMBL230,5.59,2004.0,5.59,Cc1cc(=O)c(-c2ccc3ccccc3c2)c(-c2ccc(S(C)(=O)=O)cc2)o1,test,6.114284270966326
CHEMBL339890,CHEMBL230,4.2,1995.0,4.2,CS(=O)(=O)c1ccc(-c2[nH]c([N+](=O)[O-])cc2-c2ccc(F)cc2)cc1,test,6.18627589404332
CHEMBL3400658,CHEMBL230,4.301029995663981,2015.0,4.301029995663981,CC(=O)O[C@@H]1[C@@H](C)[C@@]2(O)[C@@H](C=C(CO)C[C@]3(O)C(=O)C(C)=C[C@@H]23)[C@@H]2C(C)(C)[C@]12OC(=O)C(C)C,val,5.502792948834996
CHEMBL3400661,CHEMBL230,4.301029995663981,2015.0,4.301029995663981,CCC(C)C(=O)O[C@@]12[C@H](O)[C@@H](C)[C@]3(O)[C@@H]4C=C(C)C(=O)[C@@H]4CC(CO)=C[C@H]3[C@@H]1C2(C)C,val,5.448785264339832
CHEMBL340101,CHEMBL230,5.0,2004.0,5.0,Cc1cc(=O)c(-c2ccc(F)cc2)c(-c2ccc(S(N)(=O)=O)cc2)o1,test,6.433568454573404
CHEMBL3402317,CHEMBL230,4.61,2015.0,4.61,COc1ccc2cc(C(C)c3nc4s/c(=C\C(C)=C\c5ccccc5)c(=O)n4n3)ccc2c1,test,5.494669259797499
CHEMBL340458,CHEMBL230,5.65,1994.0,5.65,CS(=O)(=O)c1ccc(C2=C(c3ccccc3)CCC2)cc1,test,5.942814641744731
CHEMBL340573,CHEMBL230,8.52,1994.0,8.52,CS(=O)(=O)c1ccc(C2=C(c3ccc(Cl)cc3)CCC2)cc1,test,6.331776450283066
CHEMBL340717,CHEMBL230,4.38,1995.0,4.38,CS(=O)(=O)c1ccc(-c2[nH]c(Cl)cc2-c2ccc(F)cc2)cc1,test,6.393843669249612
CHEMBL3410355,CHEMBL230,6.34,2015.0,6.34,Cc1ccccc1C1C2COc3ccccc3C2=NN1c1ccc(S(N)(=O)=O)cc1,test,5.790407857589181
CHEMBL3410356,CHEMBL230,6.48,2015.0,6.48,COc1ccccc1C1C2COc3ccccc3C2=NN1c1ccc(S(N)(=O)=O)cc1,test,5.684878411223174
CHEMBL3410357,CHEMBL230,5.99,2015.0,5.99,COc1ccc(C2C3COc4ccccc4C3=NN2c2ccc(S(N)(=O)=O)cc2)cc1,test,5.593686421273727
CHEMBL3410358,CHEMBL230,5.14,2015.0,5.14,NS(=O)(=O)c1ccc(N2N=C3c4ccccc4OCC3C2c2ccccc2F)cc1,test,5.7984356015817395
CHEMBL3410359,CHEMBL230,5.64,2015.0,5.64,NS(=O)(=O)c1ccc(N2N=C3c4ccccc4OCC3C2c2ccccc2Cl)cc1,test,5.770743988409706
CHEMBL3410360,CHEMBL230,5.08,2015.0,5.08,NS(=O)(=O)c1ccc(N2N=C3c4ccccc4OCC3C2c2ccc(Cl)cc2)cc1,test,5.731693814443097
CHEMBL3410361,CHEMBL230,5.9,2015.0,5.9,NS(=O)(=O)c1ccc(N2N=C3c4ccccc4OCC3C2c2ccccc2Br)cc1,test,5.707297854521336
CHEMBL3410362,CHEMBL230,5.16,2015.0,5.16,NS(=O)(=O)c1ccc(N2N=C3c4ccccc4OCC3C2c2ccc(Br)cc2)cc1,test,5.706451317514834
CHEMBL3410363,CHEMBL230,5.56,2015.0,5.56,NS(=O)(=O)c1ccc(N2N=C3c4ccccc4OCC3C2c2ccc(Cl)cc2Cl)cc1,test,5.864009299285708
CHEMBL3410364,CHEMBL230,4.79,2015.0,4.79,NS(=O)(=O)c1ccc(N2N=C3c4ccccc4OCC3C2c2c(F)cccc2Cl)cc1,test,5.913676580829463
CHEMBL341298,CHEMBL230,4.46,1995.0,4.46,CSc1cc(-c2ccc(F)cc2)c(-c2ccc(S(C)(=O)=O)cc2)[nH]1,test,6.331981581186396
CHEMBL3425978,CHEMBL230,5.6,2015.0,5.6,CCO[C@@]1(c2ccc(O)c(O)c2)Oc2ccc(CCO)cc2O[C@@H]1O,test,5.3521673702390835
CHEMBL3425979,CHEMBL230,5.22,2015.0,5.22,CCOC1(c2ccc(O)c(O)c2)Oc2ccc(CCO)cc2OC1O,test,5.3521673702390835
CHEMBL3425980,CHEMBL230,5.08,2015.0,5.08,CO[C@@]1(c2ccc(O)c(O)c2)Oc2ccc(CCO)cc2O[C@@H]1O,test,5.326853556712847
CHEMBL3425981,CHEMBL230,5.22,2015.0,5.22,CO[C@]1(c2ccc(O)c(O)c2)Oc2ccc(CCO)cc2O[C@H]1O,test,5.326853556712847
CHEMBL3425982,CHEMBL230,4.86,2015.0,4.86,CCO[C@@]1(c2ccc(O)c(O)c2)Oc2cc(CCO)ccc2O[C@@H]1O,test,5.337168139325238
CHEMBL3425983,CHEMBL230,5.07,2015.0,5.07,CCO[C@]1(c2ccc(O)c(O)c2)Oc2cc(CCO)ccc2O[C@H]1O,test,5.337168139325238
CHEMBL3425984,CHEMBL230,4.75,2015.0,4.75,CO[C@@]1(c2ccc(O)c(O)c2)Oc2cc(CCO)ccc2O[C@@H]1O,test,5.311137037502567
CHEMBL3425985,CHEMBL230,5.01,2015.0,5.01,CO[C@]1(c2ccc(O)c(O)c2)Oc2cc(CCO)ccc2O[C@H]1O,test,5.311137037502567
CHEMBL3425986,CHEMBL230,5.58,2015.0,5.58,CC(=O)NCCc1ccc2c(c1)O[C@H](NC(C)=O)[C@@H](c1ccc(O)c(O)c1)O2,test,5.106443361689262
CHEMBL3425987,CHEMBL230,5.44,2015.0,5.44,CC(=O)NCCc1ccc2c(c1)O[C@H](c1ccc(O)c(O)c1)[C@@H](NC(C)=O)O2,test,5.106443361689262
CHEMBL3425988,CHEMBL230,5.89,2015.0,5.89,CC(=O)N[C@H]1Oc2cc(CCO)ccc2O[C@@H]1c1ccc(O)c(O)c1,test,5.063505958624094
CHEMBL3425989,CHEMBL230,5.6,2015.0,5.6,CC(=O)N[C@H]1Oc2ccc(CCO)cc2O[C@@H]1c1ccc(O)c(O)c1,test,5.063505958624094
CHEMBL3425990,CHEMBL230,5.57,2015.0,5.57,CC(=O)/N=C/Cc1ccc2c(c1)O[C@H](c1ccc(O)c(O)c1)[C@@H](NC(C)=O)O2,test,5.303155851621344
CHEMBL3427203,CHEMBL230,5.5,2015.0,5.5,COc1ccc(-c2nc(OC)nn2-c2ccc(OC)cc2)cc1,val,5.696364304316309
CHEMBL344351,CHEMBL230,6.0,1995.0,6.0,CS(=O)(=O)Nc1cc2c(cc1Sc1ccncc1)C(=O)CC2,test,5.852612259285817
CHEMBL345108,CHEMBL230,6.26,2004.0,6.26,Cc1nn(-c2ccccc2)c2c1c(O)nc1ccc([N+](=O)[O-])cc12,test,5.681645172751937
CHEMBL346288,CHEMBL230,3.350000000000468,1997.0,3.350000000000468,CS(=O)(=O)c1ccc(-c2sc3nncn3c2-c2ccccc2)cc1,val,5.6174723421624835
CHEMBL346743,CHEMBL230,5.63,2003.0,5.63,CS(=O)(=O)c1ccc(-c2cnn(CC(F)(F)F)c(=O)c2-c2ccccc2)cc1,val,6.307690973363326
CHEMBL347147,CHEMBL230,5.720743030061056,2003.0,5.720743030061056,CS(=O)(=O)c1ccc(-c2cnn(C3CC3)c(=O)c2-c2ccc(F)cc2)cc1,test,6.228434056756314
CHEMBL347842,CHEMBL230,6.3149999999999995,2003.0,6.3149999999999995,CS(=O)(=O)c1ccc(-c2cnn(Cc3ccccc3)c(=O)c2Oc2ccc(Cl)cn2)cc1,test,6.186923027718572
CHEMBL347945,CHEMBL230,5.0,2000.0,5.0,Clc1ccc(-c2nn(-c3ccc(Cl)cc3)c3c2CCC3)cc1,test,6.068022394364106
CHEMBL348390,CHEMBL230,6.77,2000.0,6.77,c1ccc(-c2nn(-c3ccccc3)c3c2CCCCC3)cc1,test,5.7136721804283175
CHEMBL34913,CHEMBL230,7.07,2002.0,7.07,Cc1nc(C2CCCCC2)c(-c2ccc(S(N)(=O)=O)c(F)c2)o1,test,6.142170413123233
CHEMBL349310,CHEMBL230,5.21,2000.0,5.21,c1ccc(-c2nn(-c3ccccc3)c3c2CCC3)cc1,test,5.688927610058689
CHEMBL350039,CHEMBL230,6.215,2003.0,6.215,CS(=O)(=O)c1ccc(-c2cnn(-c3ccccc3)c(=O)c2-c2ccccc2)cc1,val,6.244964021815519
CHEMBL350662,CHEMBL230,5.0,2000.0,5.0,CS(=O)(=O)c1ccc(-n2nc(-c3ccc(Cl)cc3)c3c2CCCCC3)cc1,test,6.568360117566966
CHEMBL351436,CHEMBL230,5.0,2003.0,5.0,CCCCCCCCCCCCCCCc1cccc(OCC)c1CSc1nc2ccccc2s1,val,5.368519303094199
CHEMBL35685,CHEMBL230,4.71,2002.0,4.71,Cc1nc(C2CCCCC2)c(-c2ccc(S(N)(=O)=O)c(O)c2)o1,test,5.778051359014786
CHEMBL3576973,CHEMBL230,5.779999999999999,2015.0,5.779999999999999,Cc1ccc(S(=O)(=O)n2cc(C(=O)C(=O)NCC(=O)NCC(=O)O)c3ccccc32)cc1,val,5.788597025002434
CHEMBL3576974,CHEMBL230,7.65,2015.0,7.65,Cc1ccc(S(=O)(=O)n2cc(C(=O)C(=O)NCC(=O)N[C@@H](Cc3c[nH]c4ccccc34)C(=O)O)c3ccccc32)cc1,val,5.873978363242715
CHEMBL3576977,CHEMBL230,5.16,2015.0,5.16,COC(=O)CNC(=O)CNC(=O)C(=O)c1cn(S(=O)(=O)c2ccc(C)cc2)c2ccccc12,val,5.762779889935547
CHEMBL3576980,CHEMBL230,5.6,2015.0,5.6,Cc1ccc(S(=O)(=O)n2cc(C(=O)C(=O)NCC(=O)N[C@H](Cc3c[nH]c4ccccc34)C(=O)O)c3ccccc32)cc1,val,5.873978363242715
CHEMBL3576981,CHEMBL230,5.46,2015.0,5.46,COC(=O)[C@H](Cc1c[nH]c2ccccc12)NC(=O)CNC(=O)C(=O)c1cn(S(=O)(=O)c2ccc(C)cc2)c2ccccc12,val,5.862725143895012
CHEMBL3576987,CHEMBL230,5.18,2015.0,5.18,COC(=O)[C@@H](Cc1c[nH]c2ccccc12)NC(=O)CNC(=O)C(=O)c1cn(S(=O)(=O)c2ccc(C)cc2)c2ccccc12,val,5.862725143895012
CHEMBL35783,CHEMBL230,5.7,2002.0,5.7,Cc1nc(C2CCCCC2)c(-c2ccc(S(N)(=O)=O)c(C)c2)o1,test,6.01357804796993
CHEMBL3581346,CHEMBL230,5.19,2017.0,5.19,COc1cc([C@@H]2CC(=O)c3c(cc(O)c(C/C=C(\C)CCC=C(C)C)c3O)O2)cc(O)c1OC,val,5.494596729449057
CHEMBL358140,CHEMBL230,4.0,1995.0,4.0,CS(=O)(=O)c1ccc(C2=C(c3cc(F)c(F)c(F)c3)CCC2)cc1,test,6.388138129732433
CHEMBL359113,CHEMBL230,5.89,1998.0,5.89,CC(C)(Oc1ccc(Cl)cc1)C(=O)NCCCN1c2ccccc2Sc2ccccc21,test,5.346311814127922
CHEMBL359563,CHEMBL230,6.175,2004.0,6.175,Cc1[nH]c2cc(S(C)(=O)=O)ccc2c1Oc1ccc(F)cc1F,val,6.222766143410887
CHEMBL359586,CHEMBL230,7.68,2004.0,7.68,COc1c(Cl)cc(-c2c(-c3ccc(S(N)(=O)=O)cc3)ccc(F)c2F)cc1Cl,test,6.578986500083411
CHEMBL3596280,CHEMBL230,5.77,2015.0,5.77,COc1ccc([C@H]2C(CN3CCN(c4ccc(OC)cc4)CC3)=NO[C@@H]3CCCC[C@H]23)cc1,test,5.25690076182066
CHEMBL3596282,CHEMBL230,5.75,2015.0,5.75,COc1ccc(N2CCN(CC3=NO[C@@H]4CCCC[C@@H]4[C@H]3c3ccccc3)CC2)cc1,test,5.244082807968068
CHEMBL3596283,CHEMBL230,4.98,2015.0,4.98,CC1(C)CC(c2ccccc2)C(CN2CCC(c3noc4cc(F)ccc34)CC2)=NO1,test,5.433099813224351
CHEMBL3596285,CHEMBL230,5.39,2015.0,5.39,CC1(C)CC(c2ccc(Cl)cc2)C(CN2CCC(c3noc4cc(F)ccc34)CC2)=NO1,test,5.60282030658635
CHEMBL360343,CHEMBL230,6.175,2004.0,6.175,Cc1[nH]c2cc(S(C)(=O)=O)ccc2c1Oc1ccc(Cl)cc1Cl,val,6.230725213120874
CHEMBL362093,CHEMBL230,6.609999999999999,2004.0,6.609999999999999,Cc1[nH]c2cc(S(C)(=O)=O)ccc2c1Oc1ccc(F)cc1,val,6.054729391425916
CHEMBL362137,CHEMBL230,7.89,2004.0,7.89,Cc1ccc(-c2c(-c3ccc(S(C)(=O)=O)cc3)ccc(F)c2F)cc1Cl,test,6.577266203665423
CHEMBL362138,CHEMBL230,6.025,2004.0,6.025,Cc1[nH]c2cc(S(C)(=O)=O)ccc2c1Cc1ccc(F)cc1,test,6.018309306332381
CHEMBL362779,CHEMBL230,8.7,2004.0,8.7,NS(=O)(=O)c1ccc(-c2ccc(F)c(F)c2-c2ccc(F)c(Cl)c2)cc1,test,6.519340947225008
CHEMBL363270,CHEMBL230,8.22,2004.0,8.22,CN(C)c1ccc(-c2c(-c3ccc(S(N)(=O)=O)cc3)ccc(F)c2F)cc1Cl,test,6.482342985093878
CHEMBL363756,CHEMBL230,6.21,2004.0,6.21,Cc1[nH]c2cc(S(C)(=O)=O)ccc2c1Cc1ccccc1Cl,test,6.022365715823904
CHEMBL364166,CHEMBL230,6.47,2004.0,6.47,COc1ccc(-c2c(-c3ccc(S(C)(=O)=O)cc3)ccc(F)c2F)cc1OC,test,6.266742520417264
CHEMBL3643413,CHEMBL230,4.522878745280337,2024.0,4.522878745280337,CCC(=O)N1CC[C@H](Nc2ncnc3c2CN(c2cnc(OC)c(C(F)(F)F)c2)CC3)C1,val,5.660554220707078
CHEMBL364598,CHEMBL230,8.1,2004.0,8.1,CN(C)c1ccc(-c2c(-c3ccc(S(C)(=O)=O)cc3)ccc(F)c2F)cc1Cl,test,6.321110156149668
CHEMBL365060,CHEMBL230,7.08,2004.0,7.08,CS(=O)(=O)c1ccc(-c2ccc3c(c2-c2ccc(F)cc2)OCO3)cc1,test,6.294033900068879
CHEMBL365252,CHEMBL230,7.68,2004.0,7.68,COc1ccc(-c2c(-c3ccc(S(C)(=O)=O)cc3)ccc(F)c2F)cc1F,test,6.334554226217083
CHEMBL365301,CHEMBL230,8.7,2004.0,8.7,Cc1cc(-c2c(-c3ccc(S(N)(=O)=O)cc3)ccc(F)c2F)ccc1F,test,6.6282264907297
CHEMBL36542,CHEMBL230,4.0,2002.0,4.0,COc1cc(-c2oc(C)nc2C2CCCCC2)ccc1S(N)(=O)=O,test,5.89932926874165
CHEMBL365622,CHEMBL230,8.16,2004.0,8.16,Cc1ccc(-c2c(-c3ccc(S(C)(=O)=O)cc3)ccc(F)c2F)cc1,test,6.33582181257773
CHEMBL365883,CHEMBL230,8.4,2004.0,8.4,NS(=O)(=O)c1ccc(-c2ccc(F)c(F)c2-c2ccc3c(c2)OCO3)cc1,test,6.552187267936523
CHEMBL366807,CHEMBL230,5.68,1996.0,5.68,CS(=O)(=O)c1ccc(-c2cnsc2-c2ccc(F)cc2)cc1,test,6.029087183894412
CHEMBL366886,CHEMBL230,4.522878745280337,1996.0,4.522878745280337,CS(=O)(=O)c1ccc(-n2nnnc2-c2ccc(F)c(F)c2)cc1,val,6.453198189260891
CHEMBL36722,CHEMBL230,5.0,2002.0,5.0,Cc1nc(C2CCCCC2)c(-c2ccc(S(N)(=O)=O)c(Cl)c2)o1,test,6.118469539921793
CHEMBL367328,CHEMBL230,3.595166283380062,1999.0,3.595166283380062,CS(=O)(=O)c1ccc(-c2ccc(N)cc2-c2ccccc2)cc1,test,5.702599210217075
CHEMBL367864,CHEMBL230,6.08,1997.0,6.08,Cc1csc(NC(=O)C2=C(O)c3ccccc3S(=O)(=O)N2C)n1,test,5.160100125645326
CHEMBL36815,CHEMBL230,6.22,2002.0,6.22,CC(C)c1nc(C2CCCCC2)c(-c2ccc(S(N)(=O)=O)c(F)c2)o1,test,6.068215858787819
CHEMBL368409,CHEMBL230,5.19,1996.0,5.19,CS(=O)(=O)c1ccc(-c2snnc2-c2ccc(F)cc2)cc1,val,6.075468292330381
CHEMBL373434,CHEMBL230,6.66,2004.0,6.66,COc1cc(OCc2cc(-c3ccccc3)n(-c3ccc(S(C)(=O)=O)cc3)n2)cc(OC)c1OC,test,6.000657833704653
CHEMBL373819,CHEMBL230,4.85,2007.0,4.85,CS(=O)(=O)c1ccc(-n2cnc(Cl)c2-c2ccc(OCCCO[N+](=O)[O-])c(F)c2)cc1,val,6.380547677152545
CHEMBL373867,CHEMBL230,4.12,2007.0,4.12,CS(=O)(=O)c1ccc(-n2cnc(Cl)c2-c2ccc(OCC(CO[N+](=O)[O-])O[N+](=O)[O-])c(F)c2)cc1,val,6.392317481024369
CHEMBL3739527,CHEMBL230,5.0,2015.0,5.0,C#Cc1cccc(Nc2ncnc3cc(OCCOC(=O)CC4=C(C)/C(=C/c5ccc([S+](C)[O-])cc5)c5ccc(F)cc54)c(OCCOC(=O)CC4=C(C)/C(=C/c5ccc([S+](C)[O-])cc5)c5ccc(F)cc54)cc23)c1,test,5.703373417125734
CHEMBL3739528,CHEMBL230,5.0,2015.0,5.0,C#Cc1cccc(Nc2ncnc3cc(OCCOC(=O)C(C)c4ccc(CC(C)C)cc4)c(OCCOC(=O)C(C)c4ccc(CC(C)C)cc4)cc23)c1,val,5.397821099376991
CHEMBL374130,CHEMBL230,5.22,2017.0,5.22,CC(C)=CCC/C(C)=C/Cc1c(O)cc2c(c1O)C(=O)C[C@@H](c1ccc(O)cc1)O2,val,5.343832655712101
CHEMBL3741424,CHEMBL230,5.0,2015.0,5.0,C#Cc1cccc(Nc2ncnc3cc(OCCOC(=O)c4ccccc4OC(C)=O)c(OCCOC)cc23)c1,test,5.193037025309007
CHEMBL3741490,CHEMBL230,5.0,2015.0,5.0,C#Cc1cccc(Nc2ncnc3cc(OCCO)c(OCCOC)cc23)c1,test,5.242508000365544
CHEMBL374168,CHEMBL230,4.86,2004.0,4.86,O=S(=O)(Nc1ccncc1Oc1ccc(Br)cc1)C(F)(F)F,val,5.932868134203501
CHEMBL374169,CHEMBL230,5.01,2004.0,5.01,CCCS(=O)(=O)Nc1ccncc1Oc1ccc(Cl)cc1,val,5.6326168739734515
CHEMBL3741768,CHEMBL230,5.0,2015.0,5.0,C#Cc1cccc(Nc2ncnc3cc(OCCOC(=O)C(C)c4ccc5cc(OC)ccc5c4)c(OCCOC(=O)C(C)c4ccc5cc(OC)ccc5c4)cc23)c1,test,5.363757045853176
CHEMBL3742059,CHEMBL230,5.0,2015.0,5.0,C#Cc1cccc(Nc2ncnc3cc(OCCOC(=O)CC4=C(C)/C(=C\c5ccc([S+](C)[O-])cc5)c5ccc(F)cc54)c(OCCOC)cc23)c1,test,5.693871873612734
CHEMBL3746308,CHEMBL230,6.43,2016.0,6.43,CSc1nc(-c2ccc(S(N)(=O)=O)cc2)n(-c2ccc(Cl)cc2)n1,val,6.896519093741692
CHEMBL3746878,CHEMBL230,5.68,2016.0,5.68,CS(=O)(=O)c1ccc(N2N=C(C(=O)O)CC2c2ccco2)cc1,val,5.318310335592983
CHEMBL3746891,CHEMBL230,5.21,2016.0,5.21,NS(=O)(=O)c1ccc(N2N=C(c3cccs3)CC2c2cccs2)cc1,test,5.700816126638295
CHEMBL3747561,CHEMBL230,5.21,2016.0,5.21,NS(=O)(=O)c1ccc(N2N=C(c3cccs3)CC2c2ccco2)cc1,val,5.711052658193666
CHEMBL3747612,CHEMBL230,5.45,2016.0,5.45,NS(=O)(=O)c1ccc(N2N=C(C(=O)O)CC2c2ccco2)cc1,val,5.4576949365521505
CHEMBL37481,CHEMBL230,6.92,2002.0,6.92,CCc1nc(C2CCCCC2)c(-c2ccc(S(N)(=O)=O)c(F)c2)o1,test,6.029213937141176
CHEMBL375127,CHEMBL230,6.51,2004.0,6.51,COc1cc(F)cc(OCc2cc(-c3ccccc3)n(-c3ccc(S(C)(=O)=O)cc3)n2)c1,test,6.146682026319236
CHEMBL375309,CHEMBL230,6.16,2004.0,6.16,COc1ccc(OCc2cc(-c3ccccc3)n(-c3ccc(S(C)(=O)=O)cc3)n2)cc1OC,test,6.026834330768359
CHEMBL376143,CHEMBL230,4.85,2004.0,4.85,CCS(=O)(=O)Nc1ccncc1Oc1ccccc1,val,5.273781901148114
CHEMBL376246,CHEMBL230,4.8,2007.0,4.8,NS(=O)(=O)c1ccc(-n2cnc(Cl)c2-c2ccc(OCCCO[N+](=O)[O-])c(F)c2)cc1,val,6.477501422763527
CHEMBL376711,CHEMBL230,6.24,2004.0,6.24,CS(=O)(=O)c1ccc(-n2nc(COc3cc(F)cc(C#N)c3)cc2-c2ccccc2)cc1,test,6.152268112465923
CHEMBL377353,CHEMBL230,5.05,2006.0,5.05,NS(=O)(=O)c1ccc(/N=N/c2ccc(O)c(C(=O)O)c2)cc1,test,5.592528942543179
CHEMBL3774538,CHEMBL230,5.6,2016.0,5.6,CS(=O)(=O)c1ccc(-c2cc(C(F)(F)F)nc(OCc3ccc(I)cc3)n2)cc1,val,6.545533922624042
CHEMBL3774612,CHEMBL230,6.07,2016.0,6.07,CS(=O)(=O)c1ccc(-c2cc(C(F)(F)F)nc(NCc3ccc(I)cc3)n2)cc1,test,6.638890572585054
CHEMBL3774754,CHEMBL230,5.57,2016.0,5.57,CC(C(=O)O)c1ccc(-c2cccc(OC(=O)Nc3ccccc3)c2)c(F)c1,test,5.225175066021807
CHEMBL3774963,CHEMBL230,4.89,2016.0,4.89,NS(=O)(=O)c1ccc(-c2cc(C(F)(F)F)nc(NCc3ccc(I)cc3)n2)cc1,test,6.691948536913395
CHEMBL3775392,CHEMBL230,2.7614393726401687,2016.0,2.7614393726401687,CC(C(=O)O)c1ccc(-c2cccc(OC(=O)NCc3ccccc3)c2)c(F)c1,val,5.237380432451309
CHEMBL3775462,CHEMBL230,2.7614393726401687,2016.0,2.7614393726401687,CC(C(=O)O)c1ccc(-c2cccc(OC(=O)NC3CCCCC3)c2)c(F)c1,val,5.370422018487886
CHEMBL3810167,CHEMBL230,6.3,2016.0,6.3,CC(C)C[C@H](NC(=O)[C@H](Cc1ccccc1)NC(=O)CNC(=O)CNC(=O)OCc1ccccc1)C(=O)O,val,5.511364661569029
CHEMBL3810371,CHEMBL230,4.7,2016.0,4.7,COC(=O)[C@H](CC(C)C)NC(=O)[C@H](Cc1ccccc1)NC(=O)CNC(=O)CNC(=O)OCc1ccccc1,val,5.47459638295937
CHEMBL3822638,CHEMBL230,4.98,2016.0,4.98,COc1ccc(-c2cc(C(=O)N/N=C/c3c(Cl)c4ccccc4oc3=O)nn2-c2ccc(S(N)(=O)=O)cc2)cc1OC,test,6.322592211771481
CHEMBL3822695,CHEMBL230,6.58,2016.0,6.58,NS(=O)(=O)c1ccc(-n2nc(C(=O)N/N=C/c3c(Cl)c4ccccc4oc3=O)cc2-c2cccc(F)c2)cc1,test,6.229464056930959
CHEMBL3822753,CHEMBL230,5.34,2016.0,5.34,NS(=O)(=O)c1ccc(-n2nc(C(=O)N/N=C/c3c(Cl)c4ccccc4oc3=O)cc2-c2ccccc2)cc1,test,6.183127654911807
CHEMBL3822899,CHEMBL230,5.97,2016.0,5.97,NS(=O)(=O)c1ccc(-n2nc(C(=O)N/N=C/c3c(Cl)c4ccccc4oc3=O)cc2-c2ccccc2Cl)cc1,test,6.120095605963133
CHEMBL3823115,CHEMBL230,7.05,2016.0,7.05,NS(=O)(=O)c1ccc(-n2nc(C(=O)N/N=C/c3c(Cl)c4ccccc4oc3=O)cc2-c2ccc(C(F)(F)F)cc2)cc1,test,6.3449709105224725
CHEMBL3823187,CHEMBL230,6.33,2016.0,6.33,NS(=O)(=O)c1ccc(-n2nc(C(=O)N/N=C/c3c(Cl)c4ccccc4oc3=O)cc2-c2ccccc2F)cc1,test,6.220354040494305
CHEMBL3823208,CHEMBL230,6.27,2016.0,6.27,NS(=O)(=O)c1ccc(-n2nc(C(=O)N/N=C/c3c(Cl)c4ccccc4oc3=O)cc2-c2cccc(Cl)c2)cc1,test,6.1715135993639185
CHEMBL3823238,CHEMBL230,5.16,2016.0,5.16,Cc1ccc(-c2cc(C(=O)N/N=C/c3c(Cl)c4ccccc4oc3=O)nn2-c2ccc(S(N)(=O)=O)cc2)cc1,test,6.379166516812217
CHEMBL3823276,CHEMBL230,4.66,2016.0,4.66,COc1cc(-c2cc(C(=O)N/N=C/c3c(Cl)c4ccccc4oc3=O)nn2-c2ccc(S(N)(=O)=O)cc2)cc(OC)c1OC,test,6.239255909011588
CHEMBL3823400,CHEMBL230,4.99,2016.0,4.99,COc1ccc(-c2cc(C(=O)N/N=C/c3c(Cl)c4ccccc4oc3=O)nn2-c2ccc(S(N)(=O)=O)cc2)cc1,test,6.282436100197269
CHEMBL3823420,CHEMBL230,5.12,2016.0,5.12,NS(=O)(=O)c1ccc(-n2nc(C(=O)N/N=C/c3c(Cl)c4ccccc4oc3=O)cc2-c2ccccc2O)cc1,test,6.08413231685577
CHEMBL3823440,CHEMBL230,6.77,2016.0,6.77,NS(=O)(=O)c1ccc(-n2nc(C(=O)N/N=C/c3c(Cl)c4ccccc4oc3=O)cc2-c2ccc(F)cc2)cc1,test,6.30168009006803
CHEMBL3823600,CHEMBL230,5.32,2016.0,5.32,Cc1cccc(-c2cc(C(=O)N/N=C/c3c(Cl)c4ccccc4oc3=O)nn2-c2ccc(S(N)(=O)=O)cc2)c1,test,6.303907036135862
CHEMBL3823689,CHEMBL230,5.0,2016.0,5.0,NS(=O)(=O)c1ccc(-n2nc(C(=O)N/N=C/c3c(Cl)c4ccccc4oc3=O)cc2-c2ccc(O)cc2)cc1,test,6.144504762647888
CHEMBL3823735,CHEMBL230,6.89,2016.0,6.89,NS(=O)(=O)c1ccc(-n2nc(C(=O)N/N=C/c3c(Cl)c4ccccc4oc3=O)cc2-c2ccc([N+](=O)[O-])cc2)cc1,test,6.22981131121084
CHEMBL3823759,CHEMBL230,5.15,2016.0,5.15,Cc1ccc(-c2cc(C(=O)N/N=C/c3c(Cl)c4ccccc4oc3=O)nn2-c2ccc(S(N)(=O)=O)cc2)c(C)c1,test,6.310194506430683
CHEMBL3823814,CHEMBL230,5.2,2016.0,5.2,Cc1ccc(-c2cc(C(=O)N/N=C/c3c(Cl)c4ccccc4oc3=O)nn2-c2ccc(S(N)(=O)=O)cc2)cc1C,test,6.39165808435175
CHEMBL3824003,CHEMBL230,5.21,2016.0,5.21,COc1cccc(-c2cc(C(=O)N/N=C/c3c(Cl)c4ccccc4oc3=O)nn2-c2ccc(S(N)(=O)=O)cc2)c1,test,6.223854462799943
CHEMBL3824049,CHEMBL230,6.52,2016.0,6.52,NS(=O)(=O)c1ccc(-n2nc(C(=O)N/N=C/c3c(Cl)c4ccccc4oc3=O)cc2-c2ccc(Cl)c(Cl)c2)cc1,test,6.239149112550914
CHEMBL3824071,CHEMBL230,5.05,2016.0,5.05,CCOc1ccc(-c2cc(C(=O)N/N=C/c3c(Cl)c4ccccc4oc3=O)nn2-c2ccc(S(N)(=O)=O)cc2)cc1,test,6.214639436806499
CHEMBL383092,CHEMBL230,5.43,2006.0,5.43,Cc1ccc(-c2ncc(Cl)cc2-c2ccc([S+](C)[O-])cc2)cn1,val,5.878965535719807
CHEMBL386006,CHEMBL230,4.0,2007.0,4.0,NS(=O)(=O)c1ccc(-n2cnc(Cl)c2-c2ccc(OCCCO)c(F)c2)cc1,val,6.409793535964008
CHEMBL386992,CHEMBL230,4.91,2006.0,4.91,NS(=O)(=O)c1ccc(/N=N/c2ccc(O)c(O)c2)cc1,test,5.5775184541046325
CHEMBL387879,CHEMBL230,5.59,2004.0,5.59,O=S(=O)(Nc1ccncc1Oc1ccc(Cl)cc1Cl)C(F)(F)F,val,6.074598907635354
CHEMBL3885011,CHEMBL230,5.34,2017.0,5.34,COC(=O)Cc1c(C)n(Cc2ccc(-c3cn(CCCCCCCC(=O)NO)nn3)cc2)c2ccc(OC)cc12,val,5.918161270093547
CHEMBL388606,CHEMBL230,5.16,2007.0,5.16,COc1c(O)c(C)c(OC)c2c1CCc1c(O)cccc1O2,test,5.388934273121042
CHEMBL388625,CHEMBL230,5.73,2004.0,5.73,CS(=O)(=O)Nc1ccncc1Oc1ccc(Cl)cc1,val,5.5855746743151
CHEMBL388628,CHEMBL230,6.89,2004.0,6.89,CS(=O)(=O)Nc1ccncc1Oc1ccccc1Cl,val,5.430619220577784
CHEMBL389485,CHEMBL230,4.0,2004.0,4.0,CCCS(=O)(=O)Nc1ccncc1Oc1ccccc1,val,5.2787442357263235
CHEMBL39,CHEMBL230,3.3979400086720375,2012.0,3.3979400086720375,NCCc1c[nH]c2ccc(O)cc12,test,4.9516917207674
CHEMBL3901520,CHEMBL230,5.08,2017.0,5.08,O=C(CNc1nc(-c2ccccc2)c(-c2ccccc2)s1)N1CCOCC1,test,5.35896249561156
CHEMBL390317,CHEMBL230,4.0,2004.0,4.0,CS(=O)(=O)Nc1ccncc1Oc1cc(Cl)cc(Cl)c1,val,5.670935339377549
CHEMBL3906394,CHEMBL230,4.88,2017.0,4.88,O=C(Cn1cnc(-c2ccccc2)c1-c1ccccc1)N1CCCCC1,val,5.009785691370741
CHEMBL3910569,CHEMBL230,4.82,2017.0,4.82,O=C(CNc1nc(-c2ccccc2)c(-c2ccccc2)s1)N1CCCCC1,test,5.345620514844172
CHEMBL3912571,CHEMBL230,2.900000000618938,2017.0,2.900000000618938,Cc1cc(C)c2c(=O)n(CN3CCN(c4ccccc4F)CC3)sc2n1,test,5.558765954512041
CHEMBL391533,CHEMBL230,4.3979400086720375,2019.0,4.3979400086720375,C[C@H]1[C@H](C)CC[C@]2(C(=O)O)CC[C@]3(C)C(=CC[C@@H]4[C@@]5(C)C[C@@H](O)[C@H](O)C(C)(C)[C@@H]5CC[C@]43C)[C@H]12,val,5.324431009136683
CHEMBL3920270,CHEMBL230,4.85,2017.0,4.85,COc1ccc(-c2ncn(CC(=O)N3CCCCC3)c2-c2ccc(OC)cc2)cc1,val,5.128495675340172
CHEMBL3922351,CHEMBL230,6.0,2016.0,6.0,O=C(Oc1ccc2c(c1)CCC2)N(Nc1ccccc1)S(=O)(=O)c1ccc(Cl)cc1,test,5.758510624924744
CHEMBL3924311,CHEMBL230,3.590123861386317,2017.0,3.590123861386317,Cc1cc(C)c2c(OCCCC(=O)O)nsc2n1,test,5.436991957123861
CHEMBL3927662,CHEMBL230,5.16,2017.0,5.16,COc1ccc(-c2nc(NCC(=O)N3CCOCC3)sc2-c2ccc(OC)cc2)cc1,test,5.413097116815191
CHEMBL3933250,CHEMBL230,3.572792542086938,2017.0,3.572792542086938,Cc1cc(C)c2c(OC(C)C(=O)O)nsc2n1,test,5.562807599802298
CHEMBL3948850,CHEMBL230,3.3740936600189486,2017.0,3.3740936600189486,Cc1cc(C)c2c(=O)n(CCCC(=O)N3CCN(c4ccccc4)CC3)sc2n1,val,5.213801679391091
CHEMBL3950016,CHEMBL230,4.0,2016.0,4.0,COC(=O)c1cccc(Nc2ccc([N+](=O)[O-])c3ccccc23)c1,val,5.0861805833080584
CHEMBL3952880,CHEMBL230,4.79,2017.0,4.79,COc1ccc(-c2nc(NCC(=O)N3CCCCC3)sc2-c2ccc(OC)cc2)cc1,test,5.412827058415409
CHEMBL395428,CHEMBL230,4.3979400086720375,2019.0,4.3979400086720375,CC1(C)CC[C@]2(C)CC[C@]3(C)C(=CC[C@@H]4[C@@]5(C)CC[C@@H](O)[C@](C)(C(=O)O)[C@@H]5CC[C@]43C)[C@@H]2C1,val,5.148592085241004
CHEMBL396182,CHEMBL230,5.66,2007.0,5.66,O=C(O)Cc1cccn1-c1ccc2c(c1)OCCO2,test,5.224594238022054
CHEMBL3974473,CHEMBL230,2.793004694872959,2017.0,2.793004694872959,Cc1cc(C)c2c(=O)n(CN(C)CCNc3ccccc3)sc2n1,test,5.616538636560503
CHEMBL403099,CHEMBL230,6.28,2008.0,6.28,Cc1ccsc1CNc1cc(C(F)(F)F)nc(-c2ccc(S(C)(=O)=O)cc2)n1,test,6.531645354757373
CHEMBL403828,CHEMBL230,5.0,2008.0,5.0,CS(=O)(=O)c1ccc(-c2nc(NCC3CCCC3)cc(C(F)(F)F)n2)cc1,val,6.432831764580373
CHEMBL403957,CHEMBL230,8.27,2008.0,8.27,CS(=O)(=O)c1ccc(-c2nc(NCc3ccc(Cl)s3)cc(C(F)(F)F)n2)cc1,test,6.63333598631259
CHEMBL404313,CHEMBL230,4.3979400086720375,2019.0,4.3979400086720375,C[C@H]1[C@H](C)CC[C@]2(C(=O)O)CC[C@]3(C)C(=CC[C@@H]4[C@@]5(C)C[C@@H](O)[C@H](O)[C@@](C)(CO)[C@@H]5CC[C@]43C)[C@H]12,val,5.295791274847276
CHEMBL404476,CHEMBL230,5.29,2008.0,5.29,NS(=O)(=O)c1ccc(/C=N/c2ccc(O)cc2)cc1,val,5.753834139626815
CHEMBL404515,CHEMBL230,1.2218487496163564,1999.0,1.2218487496163564,Oc1cc(O)c2cc(O)c(-c3ccc(O)c(O)c3)[o+]c2c1,test,5.14448773505361
CHEMBL404607,CHEMBL230,5.53,2008.0,5.53,COc1cc(/C=N/c2ccc(S(N)(=O)=O)cc2)cc(OC)c1OC,val,6.10620641847921
CHEMBL404921,CHEMBL230,5.17,2008.0,5.17,NS(=O)(=O)c1ccc(/N=C/c2cccc([N+](=O)[O-])c2)cc1,val,6.050011553327739
CHEMBL405071,CHEMBL230,7.51,2008.0,7.51,CC(C)(C)c1cc(NCc2cccs2)nc(-c2ccc(S(C)(=O)=O)cc2)n1,test,6.257593260277213
CHEMBL405417,CHEMBL230,4.0,2008.0,4.0,Nc1ccc(NC(=O)c2ccc(C(F)(F)F)cc2)cc1,val,4.98115086360324
CHEMBL405564,CHEMBL230,8.04,2008.0,8.04,CS(=O)(=O)c1ccc(-c2nccc(NCc3cccs3)n2)cc1,test,6.058566526293164
CHEMBL405623,CHEMBL230,7.68,1995.0,7.68,CS(=O)(=O)c1ccc(C2=C(c3ccc4c(c3)OCO4)CCC2)cc1,test,6.359335093171142
CHEMBL405744,CHEMBL230,6.13,2008.0,6.13,NS(=O)(=O)c1ccc(/N=C/c2ccc(O)c(C(=O)O)c2)cc1,val,5.820240562019117
CHEMBL405972,CHEMBL230,3.5816987086802543,2008.0,3.5816987086802543,O=C1N/C(=N\c2nccs2)S/C1=C/c1cccc(Cl)c1,test,5.903520624224353
CHEMBL406140,CHEMBL230,4.35,1997.0,4.35,NS(=O)(=O)c1ccc(-n2nc(C(F)(F)F)cc2-c2cccnc2)cc1,test,6.284068977074186
CHEMBL406328,CHEMBL230,4.0,2008.0,4.0,Nc1cccc(NC(=O)c2ccc(C(F)(F)F)cc2)c1,val,5.1037298363278145
CHEMBL4064047,CHEMBL230,5.35,2017.0,5.35,Cc1c(C(=O)c2conc2C(=O)c2cnn(-c3ccccc3)c2C)cnn1-c1ccccc1,test,5.611413302361854
CHEMBL406434,CHEMBL230,5.56,2008.0,5.56,COC(=O)c1ccc(/C=N/c2ccc(S(N)(=O)=O)cc2)cc1,val,5.8790394374898955
CHEMBL406515,CHEMBL230,4.0,2008.0,4.0,Nc1cccc(C(=O)Nc2ccc(C(F)(F)F)cc2)c1,val,5.142110205477278
CHEMBL406527,CHEMBL230,7.42,2008.0,7.42,CC[S+]([O-])c1cc(NCc2cccs2)nc(-c2ccc(S(C)(=O)=O)cc2)n1,test,6.262142341978847
CHEMBL406528,CHEMBL230,5.6,2008.0,5.6,NS(=O)(=O)c1ccc(-c2nc(NCc3ccncc3)cc(C(F)(F)F)n2)cc1,test,6.420173639682319
CHEMBL4065530,CHEMBL230,7.79,2017.0,7.79,O=C(c1ccccc1O)n1nc(Nc2ccccc2)cc1-c1ccccc1O,test,5.06871166048078
CHEMBL4067898,CHEMBL230,8.22,2017.0,8.22,COc1ccccc1-n1cc(COC(=O)C2CCn3c(C(=O)c4ccccc4)ccc32)nn1,test,5.508561936008385
CHEMBL4067927,CHEMBL230,5.0,2017.0,5.0,CC1(C)Oc2cc(C#Cc3cc(Cl)ccc3F)ccc2-c2[nH]c(-c3c(F)cccc3Cl)nc21,test,6.009492476646035
CHEMBL406881,CHEMBL230,4.0,2008.0,4.0,Nc1ccccc1NC(=O)c1ccccc1C(F)(F)F,val,5.073816436149482
CHEMBL4069250,CHEMBL230,5.85,2017.0,5.85,CC(=O)Nc1ccc(OC(=O)c2c(-c3ccccc3)sc3c2CCCC3)cc1,val,5.391421258866137
CHEMBL4069774,CHEMBL230,5.92,2017.0,5.92,Cc1c(C(=O)NCc2nc3ccccc3[nH]2)nc2ccc(Cl)cc2c1O,val,5.6995895569327555
CHEMBL407019,CHEMBL230,5.51,2008.0,5.51,NS(=O)(=O)c1ccc(/C=N/c2ccccc2)cc1,val,5.996447777559639
CHEMBL4072244,CHEMBL230,6.44,2017.0,6.44,N#Cc1c(N=Cc2cccs2)c(C(=O)Nc2ccc(Cl)cc2)n2c1CCC2,test,5.994637586309978
CHEMBL4072576,CHEMBL230,5.93,2017.0,5.93,c1cc(-c2ccc(Nc3nc(N4CCOCC4)nc(N4CCOCC4)n3)cc2)on1,test,5.686597801620605
CHEMBL4073779,CHEMBL230,6.96,2017.0,6.96,Cc1ccc(NC(=O)c2c(N=Cc3cccs3)c(C#N)c3n2CCC3)cc1,test,5.985471778598103
CHEMBL4074825,CHEMBL230,5.95,2017.0,5.95,Cc1c(C(=O)N2CCN(c3ccccc3)CC2)nc2ccc(Cl)cc2c1O,test,5.424969883016847
CHEMBL4076205,CHEMBL230,5.45,2017.0,5.45,Cc1c(C(=O)NC2CCCN(Cc3ccccc3)C2)nc2ccc(Cl)cc2c1O,val,5.618682595314564
CHEMBL4078762,CHEMBL230,5.75,2017.0,5.75,CN(C)/C=C/C(=O)c1ccc(Nc2nc(N3CCCCC3)nc(N3CCCCC3)n2)cc1,test,5.588759153720358
CHEMBL408216,CHEMBL230,6.84,2008.0,6.84,CCS(=O)(=O)c1cc(NCc2cccs2)nc(-c2ccc(S(C)(=O)=O)cc2)n1,test,6.247166897728398
CHEMBL4085306,CHEMBL230,5.95,2017.0,5.95,c1cc(-c2ccc(Nc3nc(N4CCCCC4)nc(N4CCCCC4)n3)cc2)[nH]n1,test,5.618527521965803
CHEMBL408619,CHEMBL230,5.54,2008.0,5.54,NS(=O)(=O)c1ccc(/N=C/c2ccccc2)cc1,val,5.949681933853666
CHEMBL4086580,CHEMBL230,6.17,2017.0,6.17,NS(=O)(=O)c1ccc(OC(=O)c2c(-c3ccccc3)sc3c2CCCC3)cc1,val,5.908589266100987
CHEMBL408808,CHEMBL230,4.0,2008.0,4.0,Nc1ccc(NC(=O)c2ccccc2C(F)(F)F)cc1,val,4.948449922435839
CHEMBL408865,CHEMBL230,5.71,2008.0,5.71,CN(C)c1ccc(/N=C/c2ccc(S(N)(=O)=O)cc2)cc1,val,6.010831807218149
CHEMBL408897,CHEMBL230,6.09,2008.0,6.09,NS(=O)(=O)c1ccc(-c2nc(NCC3CCCCC3)cc(C(F)(F)F)n2)cc1,test,6.511455788033106
CHEMBL4092736,CHEMBL230,5.81,2017.0,5.81,Cc1c(-c2c(N=O)nc3ncccn23)cnn1-c1ccccc1,test,5.762193674156729
CHEMBL4092847,CHEMBL230,6.25,2017.0,6.25,N#Cc1c(N=Cc2cccs2)c(C(=O)Nc2ccccc2)n2c1CCC2,test,5.784780930306551
CHEMBL409627,CHEMBL230,5.54,2005.0,5.54,C=C1C(=O)O[C@@H]2[C@H]1[C@@H](OC(C)=O)C[C@H](C)[C@@H]1CCC(=O)[C@@]21C,val,5.43264770120258
CHEMBL4096849,CHEMBL230,5.79,2017.0,5.79,COc1cc(/C=C/C(=O)c2ccc(Nc3nc(N4CCCCC4)nc(N4CCCCC4)n3)cc2)cc(OC)c1OC,test,5.770032294047992
CHEMBL4096972,CHEMBL230,5.76,2017.0,5.76,Cc1c(C(=O)N(C)c2ccccc2)nc2ccc(Cl)cc2c1O,val,5.525338856175176
CHEMBL4097499,CHEMBL230,6.48,2017.0,6.48,O=C(Oc1ccccc1)c1c(-c2ccccc2)sc2c1CCCC2,val,5.327834878647197
CHEMBL4098600,CHEMBL230,6.51,2017.0,6.51,CC(=O)c1cccc(OC(=O)c2c(-c3ccccc3)sc3c2CCCC3)c1,val,5.535855268061629
CHEMBL4100461,CHEMBL230,5.91,2017.0,5.91,Cc1c(C2=C(N=O)Oc3cccnc3N2)cnn1-c1ccccc1,test,5.645146432208729
CHEMBL4101105,CHEMBL230,5.16,2017.0,5.16,Cc1c(-c2nnc(-c3cnn(-c4ccccc4)c3C)c3nocc23)cnn1-c1ccccc1,test,5.667970553185054
CHEMBL4104574,CHEMBL230,5.62,2017.0,5.62,CC(=O)c1ccc(Nc2nc(N3CCCCC3)nc(N3CCCCC3)n2)cc1,test,5.378127125347434
CHEMBL4126559,CHEMBL230,6.51,2018.0,6.51,CCN1C(C)=CC/C1=N/N=C(\C)c1cc2ccccc2oc1=O,val,5.511748355128167
CHEMBL4127948,CHEMBL230,6.51,2018.0,6.51,CC1=CC/C(=N/N=C(\C)c2cc3ccccc3oc2=O)N1C,val,5.529379319058876
CHEMBL4129984,CHEMBL230,6.51,2018.0,6.51,CCOC(=O)C1=C(C)N(CC)/C(=N\N=C(/C)c2cc3ccccc3oc2=O)C1,val,5.4568456076183365
CHEMBL41405,CHEMBL230,6.68,1999.0,6.68,C=Cc1csc(Sc2cc3c(cc2NS(C)(=O)=O)COC3=O)n1,test,5.903984768365583
CHEMBL414437,CHEMBL230,6.62,2004.0,6.62,Cc1nn(-c2ccc(S(N)(=O)=O)cc2)c2c1c(O)nc1ccc([N+](=O)[O-])cc12,test,6.199067230026886
CHEMBL414824,CHEMBL2094253,6.375,1989.0,6.375,CC(C)(C)c1cc(/C=C/c2cccnc2)cc(C(C)(C)C)c1O,val,5.160024884081682
CHEMBL414883,CHEMBL230,7.57,2005.0,7.57,C[C@@H]1C[C@H]2O[C@@H]2/C=C\C=C\C(=O)Cc2c(Cl)c(O)cc(O)c2C(=O)O1,val,5.5719629232673915
CHEMBL416126,CHEMBL230,7.92,1996.0,7.92,CS(=O)(=O)c1ccc(-c2cc(F)c(F)cc2-c2ccc3c(c2)OCO3)cc1,test,6.381862533746052
CHEMBL4161423,CHEMBL230,6.82,2018.0,6.82,CS(=O)(=O)c1ccc(-c2nc(SCCN(O)C(N)=O)nn2-c2ccc(Br)cc2)cc1,val,6.129669575450316
CHEMBL416146,CHEMBL230,6.25,1998.0,6.25,Cc1ccc(-c2ncc(Cl)cc2-c2ccc(S(C)(=O)=O)cc2)cn1,val,6.274514808194663
CHEMBL416165,CHEMBL230,4.698970004336019,1999.0,4.698970004336019,CC(C)(C)c1cc(-c2nnc(SCc3ccccc3)s2)cc(C(C)(C)C)c1O,test,5.133958690907756
CHEMBL4162045,CHEMBL230,6.0,2018.0,6.0,O=C1COCCN1c1ccc(Nc2nc(Cl)nc(OCCCl)n2)cc1,test,5.491111997110129
CHEMBL4164251,CHEMBL230,6.3,2018.0,6.3,Nc1nc(Cl)nc(Nc2ccc(N3CCOCC3=O)cc2)n1,test,5.429891441769737
CHEMBL416542,CHEMBL230,4.631029995663981,2004.0,4.631029995663981,CC(C(=O)O)c1ccc(CC2CCCC2O)cc1,test,5.022788888176727
CHEMBL4165528,CHEMBL230,4.84,2017.0,4.84,O=C(NCc1ccc(F)cc1)C(=O)Oc1sc2ccccc2c1Br,test,5.306580923406818
CHEMBL416589,CHEMBL230,6.03,2002.0,6.03,Cc1nc(C2CCCCC2)c(-c2ccc(S(N)(=O)=O)c(N)c2)o1,test,5.874414646176734
CHEMBL4167707,CHEMBL230,4.16,2018.0,4.16,O=C(NCCOc1nc(Cl)nc(Nc2ccc(N3CCOCC3=O)cc2)n1)c1ccccc1F,test,5.5184464499010835
CHEMBL4169332,CHEMBL230,4.12,2018.0,4.12,[N-]=[N+]=NCCOc1nc(Cl)nc(Nc2ccc(N3CCOCC3=O)cc2)n1,test,5.621842365247012
CHEMBL4170508,CHEMBL230,7.05,2017.0,7.05,CS(=O)(=O)c1ccc(C2C(c3ccccc3)=NOC23COc2ccccc2C3=O)cc1,val,5.803723733105868
CHEMBL4171063,CHEMBL230,6.22,2018.0,6.22,O=C1COCCN1c1ccc(Nc2nc(Cl)nc(NC3CCCCC3)n2)cc1,val,5.51165345194296
CHEMBL4171075,CHEMBL230,6.22,2018.0,6.22,COC(=O)C(N)Cc1ccc(Oc2nc(Cl)nc(Nc3ccc(N4CCOCC4=O)cc3)n2)cc1,val,5.512665500261881
CHEMBL4171339,CHEMBL230,6.57,2017.0,6.57,COc1ccc(-c2noc(CC(=O)NCCCCCCCCCCC(=O)OC[C@H]3OC(O)[C@H](O)[C@@H](O)[C@H]3O)c2-c2ccc(OC)cc2)cc1,test,5.355843140739985
CHEMBL4172129,CHEMBL230,5.16,2018.0,5.16,O=C1COCCN1c1ccc(Nc2nc(Cl)nc(Cl)n2)cc1,test,5.385340680596186
CHEMBL4172740,CHEMBL2094253,7.47,2017.0,7.47,CS(=O)(=O)c1ccc2c(c1)c1c(n2S(=O)(=O)c2ccc(Cl)cc2)CCCC1=O,test,6.287309111400257
CHEMBL4172740,CHEMBL230,6.1,2017.0,6.1,CS(=O)(=O)c1ccc2c(c1)c1c(n2S(=O)(=O)c2ccc(Cl)cc2)CCCC1=O,test,6.287309111400257
CHEMBL4173449,CHEMBL230,4.75,2017.0,4.75,O=C(NCCc1ccccc1)c1sc2ccccc2c1Br,val,5.074898161423646
CHEMBL417452,CHEMBL230,4.0,2004.0,4.0,C[C@@H](C(=O)O)c1ccc(C[C@H]2CCC[C@@H]2O)cc1,test,5.022788888176727
CHEMBL4176892,CHEMBL2094253,7.39,2017.0,7.39,COc1ccc2c(c1)c1c(n2S(=O)(=O)c2ccc(Cl)cc2)CC(C)(C)CC1=O,test,6.2476333523501175
CHEMBL4176892,CHEMBL230,6.06,2017.0,6.06,COc1ccc2c(c1)c1c(n2S(=O)(=O)c2ccc(Cl)cc2)CC(C)(C)CC1=O,test,6.2476333523501175
CHEMBL4177170,CHEMBL230,4.05,2018.0,4.05,NCCOc1nc(Cl)nc(Nc2ccc(N3CCOCC3=O)cc2)n1,test,5.531971121042573
CHEMBL417748,CHEMBL230,7.89,1996.0,7.89,Cc1ccc(-c2cc(F)c(F)cc2-c2ccc(S(C)(=O)=O)cc2)cc1Cl,test,6.498146710301509
CHEMBL417968,CHEMBL2094253,4.0,1987.0,4.0,CCN(CC)C(=O)N(C)C[C@H](O)c1cccc(OCc2ccc3ccccc3n2)c1,test,5.386011580690986
CHEMBL418448,CHEMBL230,7.89,1996.0,7.89,COc1ccc(-c2cc(F)c(F)cc2-c2ccc(S(C)(=O)=O)cc2)cc1C,test,6.303710807674978
CHEMBL418859,CHEMBL230,7.85,2003.0,7.85,CS(=O)(=O)c1ccc(-n2cnc(Cl)c2-c2ccc(F)cc2)cc1,val,6.249378792714233
CHEMBL419268,CHEMBL230,6.64,2000.0,6.64,Cc1oc(=O)n(-c2ccc(Cl)c(Cl)c2)c1-c1ccc(S(N)(=O)=O)cc1,test,6.3734993447748
CHEMBL419407,CHEMBL230,8.7,2003.0,8.7,NS(=O)(=O)c1ccc(-n2cnc(Cl)c2-c2cc(Cl)cc(Cl)c2)cc1,val,6.415850566681935
CHEMBL419777,CHEMBL230,4.19,1995.0,4.19,CS(=O)(=O)c1ccc(-c2[nH]c(C#N)cc2-c2ccc(F)cc2)cc1,test,6.3027364138095905
CHEMBL420628,CHEMBL230,6.63,1998.0,6.63,Cc1ccc(-c2ncc(Cl)cc2-c2ccc(S(N)(=O)=O)cc2)cn1,val,6.478614799857718
CHEMBL420869,CHEMBL230,7.1,2003.0,7.1,CCN(CC)c1ccc(-c2c(Cl)ncn2-c2ccc(S(C)(=O)=O)cc2)cc1,val,6.0275206242278285
CHEMBL421417,CHEMBL230,6.33,2000.0,6.33,CS(=O)(=O)c1ccc(-n2cc(C(F)(F)F)nc2-c2cccs2)cc1,test,6.131789586742028
CHEMBL421570,CHEMBL230,7.22,2000.0,7.22,COc1ccc2c(c1)c(CC(=O)Nc1ccc(F)cc1)c(C)n2C(=O)c1ccc(Cl)cc1,test,6.403216910002891
CHEMBL4217988,CHEMBL230,5.44,2017.0,5.44,N#Cc1cc(S(=O)(=O)Nc2ncns2)ccc1Oc1ccc(-c2cccc(C(F)(F)F)c2)cc1-c1ccnc(CNCCC2CCNCC2)c1,val,5.9581442392632225
CHEMBL423004,CHEMBL230,4.0,1995.0,4.0,CS(=O)(=O)c1ccc(C2=C(c3ccc(F)c(C(F)(F)F)c3)CCC2)cc1,test,6.474357027523777
CHEMBL424063,CHEMBL230,8.7,1995.0,8.7,NS(=O)(=O)c1ccc(C2=C(c3ccc4c(c3)OCO4)CCC2)cc1,test,6.428586385069133
CHEMBL426767,CHEMBL230,3.5228787452803374,1999.0,3.5228787452803374,CS(=O)(=O)c1ccc(-c2cc(C(=O)O)ccc2-c2ccccc2)cc1,test,5.493258758631906
CHEMBL4278258,CHEMBL230,5.02,2017.0,5.02,COc1cc([C@@H]2CC(=O)c3c(cc4c(c3O)C=CC(C)(CCC=C(C)C)O4)O2)ccc1O,test,5.491169976274334
CHEMBL427835,CHEMBL230,5.65,2008.0,5.65,NS(=O)(=O)c1ccc(/N=C/c2ccc(F)cc2)cc1,val,6.165745360202776
CHEMBL4279063,CHEMBL230,6.41,2018.0,6.41,C#CCSc1nc2ccccc2c(=O)n1-c1ccc(Cl)cc1,test,5.835362316035432
CHEMBL4282434,CHEMBL230,4.0,2018.0,4.0,CS(=O)(=O)c1ccc(-c2c(-c3ccc(F)cc3)noc2C(=O)c2ccccc2)cc1,test,5.73666303779724
CHEMBL4282681,CHEMBL230,4.74,2018.0,4.74,NS(=O)(=O)c1ccc(/N=c2\scc(-c3ccc(Cl)cc3Cl)n2-c2ccccc2)cc1,val,6.149968375585645
CHEMBL4282685,CHEMBL230,4.66,2018.0,4.66,COc1ccc(-c2cs/c(=N\c3ccc(S(N)(=O)=O)cc3)n2-c2ccccc2)cc1,val,6.154379560234211
CHEMBL4282782,CHEMBL230,5.99,2018.0,5.99,N#CCC(=O)N/N=C/c1c[nH]c2ccccc12,test,5.257842734767175
CHEMBL4289328,CHEMBL230,6.36,2018.0,6.36,C#CCSc1nc2ccccc2c(=O)n1-c1ccc(OC)cc1,test,5.642769222557693
CHEMBL4289748,CHEMBL230,6.75,2018.0,6.75,C#CCSc1nc2ccccc2c(=O)n1-c1ccc(Br)cc1,test,5.839202432453644
CHEMBL4289901,CHEMBL230,4.71,2018.0,4.71,NS(=O)(=O)c1ccc(/N=c2\scc(-c3ccc(Br)cc3)n2-c2ccccc2)cc1,val,6.291031716226678
CHEMBL4290673,CHEMBL230,6.6,2018.0,6.6,N#CCC(=O)N/N=C/c1c[nH]c2ccc(Br)cc12,test,5.524683832874111
CHEMBL4293133,CHEMBL230,6.57,2018.0,6.57,C#CCSc1nc2ccccc2c(=O)n1-c1ccccc1,test,5.613731310406313
CHEMBL4293285,CHEMBL230,4.79,2018.0,4.79,NS(=O)(=O)c1ccc(/N=c2\scc(-c3ccc(Cl)cc3)n2-c2ccccc2)cc1,val,6.320510149012963
CHEMBL429915,CHEMBL230,5.31,2008.0,5.31,Cc1ccc(/C=N/c2ccc(S(N)(=O)=O)cc2)cc1,val,6.242554496774853
CHEMBL430783,CHEMBL230,5.66,2000.0,5.66,NS(=O)(=O)c1ccc(-c2coc(=O)n2-c2ccccc2F)cc1,test,6.2584298026059235
CHEMBL432945,CHEMBL230,9.0,1996.0,9.0,COc1ccc(C2=C(c3ccc(S(N)(=O)=O)cc3)CC3(CC3)C2)cc1,test,6.255225469720384
CHEMBL433756,CHEMBL230,6.25,2004.0,6.25,COc1ccc(Oc2c(C)[nH]c3cc(S(C)(=O)=O)ccc23)cc1,val,5.908779362805334
CHEMBL434014,CHEMBL230,5.75,1999.0,5.75,CSc1csc(Sc2cc3c(cc2NS(C)(=O)=O)COC3=O)n1,test,5.972289723864024
CHEMBL43461,CHEMBL230,6.945,1999.0,6.945,CCc1csc(Sc2cc3c(cc2NS(C)(=O)=O)COC3=O)n1,test,5.908649055486017
CHEMBL434673,CHEMBL230,6.734999999999999,2003.0,6.734999999999999,CC(C)Oc1c(-c2ccc(S(C)(=O)=O)cc2)cnn(Cc2ccccc2)c1=O,test,6.068095375155505
CHEMBL43520,CHEMBL230,6.265000000000001,1999.0,6.265000000000001,Cc1csc(Sc2cc3c(cc2NS(C)(=O)=O)COC3=O)n1,test,5.9582416811381185
CHEMBL435381,CHEMBL230,7.74,2003.0,7.74,COc1ccc(-c2c(Cl)ncn2-c2ccc(S(N)(=O)=O)cc2)cc1F,val,6.692061943949293
CHEMBL436494,CHEMBL230,6.05,2004.0,6.05,CCOc1cccc(OCc2cc(-c3ccccc3)n(-c3ccc(S(C)(=O)=O)cc3)n2)c1,test,5.921887508534328
CHEMBL437964,CHEMBL230,4.3979400086720375,2019.0,4.3979400086720375,C[C@H]1[C@H](C)CC[C@]2(C)CC[C@]3(C)C(=CC(=O)[C@@H]4[C@@]5(C)CC[C@@H](O)[C@](C)(C(=O)O)[C@@H]5CC[C@]43C)[C@H]12,val,5.35755538955251
CHEMBL441414,CHEMBL230,6.465,2004.0,6.465,C[C@H](C(=O)O)c1ccc(C[C@H]2CCC[C@@H]2O)cc1,test,5.022788888176727
CHEMBL442018,CHEMBL230,5.0,2003.0,5.0,CCCOc1ccc(-c2c(Cl)ncn2-c2ccc(S(C)(=O)=O)cc2)cc1,val,6.104509724692645
CHEMBL442036,CHEMBL230,5.93,2004.0,5.93,COc1ccc(Cc2c(C)[nH]c3cc(S(C)(=O)=O)ccc23)cc1,test,5.868443003493831
CHEMBL442164,CHEMBL230,7.85,1996.0,7.85,CS(=O)(=O)c1ccc(-c2cc(F)c(F)cc2-c2ccc(F)cc2)cc1,test,6.0981591237560835
CHEMBL442166,CHEMBL230,7.48,1996.0,7.48,COc1ccc(-c2ccccc2-c2ccc(S(N)(=O)=O)cc2)cc1F,test,6.278499928736536
CHEMBL442465,CHEMBL230,4.0,2008.0,4.0,Nc1cccc(C(=O)Nc2ccccc2C(F)(F)F)c1,val,5.206522904072197
CHEMBL442760,CHEMBL230,4.0,2001.0,4.0,CN1CC(c2ccccc2)=C(c2ccc(S(C)(=O)=O)cc2)O1,test,5.883539945342958
CHEMBL44313,CHEMBL230,5.99,1997.0,5.99,Cc1c(C(=O)c2ccccc2)cc(-c2ccc(S(C)(=O)=O)cc2)n1-c1ccc(F)cc1,test,6.024562255962693
CHEMBL4434843,CHEMBL230,4.0,2019.0,4.0,COc1ccc2c(c1)c(Cc1nonc1O)c(C)n2C(=O)c1ccc(Cl)cc1,test,6.157159871466013
CHEMBL4435643,CHEMBL230,7.74,2019.0,7.74,Cc1cccc(/C=C/C2=NNC(=O)CC2)c1,test,5.653274674522949
CHEMBL4436095,CHEMBL230,6.82,2019.0,6.82,O=C1NC(=S)S/C1=C\c1ccc(OCc2cn(CC(=O)c3ccc(Cl)cc3)nn2)cc1,val,6.139127384724682
CHEMBL44376,CHEMBL2094253,4.54,1996.0,4.54,CC(=O)Oc1ccc(N2C(=O)C=CC2=O)cc1C(=O)O,val,5.142508342046106
CHEMBL443791,CHEMBL230,8.3,1996.0,8.3,Cc1cc(-c2cc(F)c(F)cc2-c2ccc(S(C)(=O)=O)cc2)ccc1F,test,6.365202050154162
CHEMBL443819,CHEMBL230,4.522878745280337,1996.0,4.522878745280337,CS(=O)(=O)c1ccc(-c2nnnn2-c2ccc(F)c(F)c2)cc1,val,6.311040484536522
CHEMBL4438502,CHEMBL230,6.96,2019.0,6.96,O=C1NC(=S)S/C1=C\c1ccc(OCc2cn(CC(=O)c3ccc(Br)cc3)nn2)cc1,val,6.130325998592992
CHEMBL4440435,CHEMBL230,6.01,2019.0,6.01,CCOc1ccc(-c2cc(C(=O)N3CCSCC3)nn2-c2ccc(S(N)(=O)=O)cc2)cc1,test,6.039251056153324
CHEMBL4440531,CHEMBL230,6.96,2019.0,6.96,CCO/C=N/c1nnc(-c2ccccc2)o1,test,5.3604547214798375
CHEMBL4440931,CHEMBL230,5.9,2019.0,5.9,Clc1ccc(-c2cc(-c3cn(-c4ccccc4)nc3-c3ccc(OCc4ccccc4)cc3)on2)cc1,val,5.654829194730028
CHEMBL4440945,CHEMBL230,6.08,2019.0,6.08,O=C(/C=C/C1=Cc2ccccc2OC1)c1ccc(C(F)(F)F)cc1,test,5.602901343207073
CHEMBL4440974,CHEMBL230,6.68,2019.0,6.68,NS(=O)(=O)c1ccc(-n2nc(C(=O)N3CCSCC3)cc2-c2cccc(Cl)c2)cc1,test,6.070028754689024
CHEMBL4442101,CHEMBL230,7.81,2019.0,7.81,Cc1cccc(/C=C/c2ccc(=O)[nH]n2)c1,test,5.508677773662722
CHEMBL4443307,CHEMBL230,3.366531544420414,2019.0,3.366531544420414,COOC[C@@]1(C)CC[C@]2(C)CC[C@]3(C)[C@@H]4CCc5cc(O)c(O)cc5[C@]4(C)CC[C@@]3(C)C2C1,test,5.443718891653836
CHEMBL4443996,CHEMBL230,6.68,2019.0,6.68,NS(=O)(=O)c1ccc(-n2nc(C(=O)N3CCSCC3)cc2-c2ccc(F)cc2)cc1,test,6.144300252033626
CHEMBL4444316,CHEMBL230,6.96,2019.0,6.96,Brc1ccc(/C=N/Nc2nnc(-c3ccncc3)o2)cc1,val,5.713125743043366
CHEMBL4444603,CHEMBL230,7.31,2019.0,7.31,COc1ccccc1/C=C/C1=NN(c2ccc(F)cc2)C(=O)CC1,test,5.450183215665599
CHEMBL4444717,CHEMBL230,7.66,2019.0,7.66,Cc1nc(C)c(CN2CCN(C(=O)c3cc4cc(Cl)ccc4n3Cc3ccc(Cl)cc3)CC2)nc1C,test,5.656329713140223
CHEMBL4447638,CHEMBL230,6.64,2019.0,6.64,NS(=O)(=O)c1ccc(-n2nc(C(=O)N3CCOCC3)cc2-c2ccc(F)cc2)cc1,val,6.2216181446036245
CHEMBL444805,CHEMBL230,8.38,2001.0,8.38,CC1C(c2ccccc2)=C(c2ccc(S(C)(=O)=O)cc2)ON1C,test,5.7850871777182995
CHEMBL4448997,CHEMBL230,6.38,2019.0,6.38,O=C(/C=C/C1=Cc2ccccc2OC1)c1ccc(Br)cc1,test,5.595317647102702
CHEMBL4449489,CHEMBL230,6.89,2019.0,6.89,O=[N+]([O-])c1ccc(/C=N/c2nnc(-c3ccc(Cl)cc3)o2)cc1,test,5.927219711408932
CHEMBL4450095,CHEMBL230,6.54,2019.0,6.54,Clc1ccc(/C=N/Nc2nnc(-c3ccncc3)o2)cc1,val,5.724306268431922
CHEMBL4450213,CHEMBL230,7.01,2019.0,7.01,COc1ccccc1/C=C/c1ccc(=O)[nH]n1,test,5.195147614410025
CHEMBL4450248,CHEMBL230,6.43,2019.0,6.43,O=C(/C=C/C1=Cc2ccccc2OC1)c1ccc(F)cc1,test,5.48499176117992
CHEMBL4451192,CHEMBL230,5.55,2019.0,5.55,Nc1nc(-c2ccccc2)cc(-c2cn(-c3ccccc3)nc2-c2ccc(OCc3ccccc3)cc2)n1,test,5.620491909538501
CHEMBL4451723,CHEMBL230,5.68,2019.0,5.68,c1ccc(COc2ccc(-c3nn(-c4ccccc4)cc3-c3cc(-c4ccccc4)no3)cc2)cc1,val,5.476350236959379
CHEMBL4456191,CHEMBL230,7.0,2019.0,7.0,CCO/C=N/c1nnc(-c2ccc(Cl)cc2)o1,test,5.723061085619078
CHEMBL4456822,CHEMBL230,7.63,2019.0,7.63,COc1ccc2[nH]cc(CCNC(=O)c3cc4cc(Cl)ccc4n3Cc3ccc(F)cc3)c2c1,val,5.595928313918241
CHEMBL4458211,CHEMBL230,6.16,2019.0,6.16,NS(=O)(=O)c1ccc(-n2nc(C(=O)N3CCOCC3)cc2-c2ccccc2)cc1,val,5.988358053586411
CHEMBL4458369,CHEMBL230,5.71,2019.0,5.71,COc1cccc(-c2cc(C(=O)N3CCSCC3)nn2-c2ccc(S(N)(=O)=O)cc2)c1,test,6.033591514528755
CHEMBL4458529,CHEMBL230,6.4,2019.0,6.4,COC(=O)CNC(=O)[C@H](C)NC(=O)[C@@H]1CCCN1C(=O)CNC(=O)[C@H](C)NC(=O)OCc1ccccc1,test,5.5111883232139505
CHEMBL4460448,CHEMBL230,4.88,2020.0,4.88,CC/C=N/c1c(C#N)c2n(c1C(=O)Nc1ccc(Br)cc1)CCC2,test,5.767833360333763
CHEMBL4460882,CHEMBL230,4.37,2019.0,4.37,CCCCn1c(C)c2c(c1C)C(=O)N(CN1CCN(S(C)(=O)=O)CC1)C2=O,test,5.290267936167461
CHEMBL4461324,CHEMBL230,3.3010299956639813,2016.0,3.3010299956639813,CS(=O)(=O)c1ccc(-c2nnnn2-c2ccc(CO)cc2)cc1,val,5.874102430160684
CHEMBL446198,CHEMBL230,5.5,2008.0,5.5,COC(=O)c1cc(/N=C/c2ccc(S(N)(=O)=O)cc2)ccc1O,val,5.840558782570479
CHEMBL4462245,CHEMBL230,6.72,2019.0,6.72,NS(=O)(=O)c1ccc(-n2nc(C(=O)N3CCSCC3)cc2-c2ccc(C(F)(F)F)cc2)cc1,test,6.234669439043145
CHEMBL4462866,CHEMBL230,4.3979400086720375,2019.0,4.3979400086720375,CC1(C)CC[C@]2(C)CC[C@]3(C)C(=CC(=O)[C@@H]4[C@@]5(C)CC[C@H](O)C(C)(C)[C@@H]5CC[C@]43C)[C@@H]2C1,val,5.3869337435913325
CHEMBL446323,CHEMBL230,5.72,2005.0,5.72,O=c1c2ccccc2oc2c(O)c(O)ccc12,test,4.878212407139906
CHEMBL4464158,CHEMBL230,6.6,2019.0,6.6,N#CCC(=O)Nc1nnc(-c2ccc(Cl)cc2)o1,test,5.6364543235699855
CHEMBL4465168,CHEMBL230,5.89,2019.0,5.89,NS(=O)(=O)c1ccc(-n2nc(C(=O)N3CCSCC3)cc2-c2ccc(Br)cc2)cc1,test,6.263834595443354
CHEMBL4465207,CHEMBL230,7.7,2019.0,7.7,COc1ccccc1/C=C/c1ccc(=O)n(-c2ccc(F)cc2)n1,test,5.513080856411322
CHEMBL4465261,CHEMBL230,5.52,2019.0,5.52,CCOc1ccc(-c2cc(C(=O)N3CCOCC3)nn2-c2ccc(S(N)(=O)=O)cc2)cc1,val,6.0760345745688715
CHEMBL4465282,CHEMBL230,7.23,2019.0,7.23,Clc1ccc(/C=N/c2nnc(-c3ccc(Cl)cc3)o2)cc1,test,5.774615437356456
CHEMBL4466102,CHEMBL230,7.05,2019.0,7.05,COc1ccccc1/C=C/c1ccc(=O)n(-c2ccccc2)n1,test,5.40171497764489
CHEMBL4466390,CHEMBL230,6.04,2019.0,6.04,O=C(O)C[C@@H]1C(=O)O[C@H]2[C@@H]3OC(=O)c4cc(O)c(O)c(O)c4-c4ccccc4C(=O)OC[C@H]2O[C@@H](OC(=O)c2cc(O)c(O)c(O)c2)[C@@H]3OC(=O)c2cc(O)c(O)c3c2[C@H]1[C@H](O)C(=O)O3,val,5.634016464140652
CHEMBL4467569,CHEMBL230,6.51,2019.0,6.51,NS(=O)(=O)c1ccc(-n2nc(C(=O)N3CCOCC3)cc2-c2ccc(Br)cc2)cc1,val,6.330865204355934
CHEMBL4468689,CHEMBL230,3.5228787452803374,2016.0,3.5228787452803374,CS(=O)(=O)c1ccc(-c2nnnn2-c2ccc(O)cc2)cc1,val,5.80124785751214
CHEMBL446974,CHEMBL230,4.7,2011.0,4.7,COc1cc(O)c2c(=O)cc(C)oc2c1,test,5.205384458957763
CHEMBL4471015,CHEMBL230,5.0,2019.0,5.0,CS(=O)(=O)Nc1cc(Cc2ccc(Cl)cc2)c2ccccc2c1,test,5.749489075263365
CHEMBL4471314,CHEMBL230,5.37,2020.0,5.37,CC/C=N/c1c(C#N)c2n(c1C(=O)Nc1ccc(Cl)cc1)CCC2,test,5.844916680621479
CHEMBL447148,CHEMBL230,5.22,2009.0,5.22,NS(=O)(=O)c1ccc(C#Cc2ccc(=O)n(C(F)F)c2)cc1,val,6.0030255722740895
CHEMBL4471996,CHEMBL230,5.65,2019.0,5.65,COc1cccc(-c2cc(C(=O)N3CCOCC3)nn2-c2ccc(S(N)(=O)=O)cc2)c1,val,6.082660376899177
CHEMBL4475190,CHEMBL230,7.0,2019.0,7.0,O=C1NC(=O)/C(=C/c2ccc(OCc3cn(Cc4ccc(Br)cc4)nn3)cc2)S1,val,6.191119875925938
CHEMBL4475508,CHEMBL230,7.03,2019.0,7.03,O=[N+]([O-])c1ccc(/C=N/c2nnc(-c3ccccc3)o2)cc1,test,5.632622498737646
CHEMBL4515463,CHEMBL230,6.05,2019.0,6.05,Cc1ccc(-c2cc(C(=O)N3CCSCC3)nn2-c2ccc(S(N)(=O)=O)cc2)cc1,test,6.245181552715063
CHEMBL4516009,CHEMBL230,5.92,2019.0,5.92,COc1ccc(-c2cc(C(=O)N3CCSCC3)nn2-c2ccc(S(N)(=O)=O)cc2)cc1,test,6.126112808299278
CHEMBL4520818,CHEMBL230,6.07,2019.0,6.07,NS(=O)(=O)c1ccc(N2C(=O)/C(=C\c3ccccc3Cl)N=C2c2ccc(Cl)cc2)cc1,test,6.356628392758462
CHEMBL4521668,CHEMBL230,6.66,2019.0,6.66,O=C1NC(=O)/C(=C/c2ccc(OCc3cn(CC(=O)c4ccc(Cl)cc4)nn3)cc2)S1,val,6.0387027312982315
CHEMBL4521969,CHEMBL230,6.64,2019.0,6.64,NS(=O)(=O)c1ccc(-n2nc(C(=O)N3CCOCC3)cc2-c2cccc(F)c2)cc1,val,6.103126062933609
CHEMBL452744,CHEMBL230,6.22,2008.0,6.22,CS(=O)(=O)c1ccc(-c2[se]ncc2-c2ccc(F)cc2)cc1,test,6.032349239601098
CHEMBL4527978,CHEMBL230,4.28,2020.0,4.28,CC/C=N/c1c(C#N)c2n(c1C(=O)Nc1ccccc1)CCC2,test,5.570161187098326
CHEMBL4528204,CHEMBL230,3.3010299956639813,2016.0,3.3010299956639813,NS(=O)(=O)c1ccc(-c2nnnn2-c2ccc(O)cc2)cc1,val,6.037887553391848
CHEMBL4529375,CHEMBL230,6.72,2019.0,6.72,NS(=O)(=O)c1ccc(-n2nc(C(=O)N3CCSCC3)cc2-c2cccc(F)c2)cc1,test,6.030906441059335
CHEMBL4529760,CHEMBL230,6.99,2019.0,6.99,COc1ccccc1/C=C/C1=NNC(=O)CC1,test,5.355911492617107
CHEMBL4529874,CHEMBL230,6.52,2019.0,6.52,COC(=O)[C@@H]1CCCN1C(=O)CNC(=O)[C@H](C)NC(=O)OCc1ccccc1,test,5.400739123796636
CHEMBL4532080,CHEMBL230,6.62,2019.0,6.62,NS(=O)(=O)c1ccc(-n2nc(C(=O)N3CCOCC3)cc2-c2cccc(Cl)c2)cc1,val,6.135986927777304
CHEMBL4533060,CHEMBL230,6.34,2019.0,6.34,COc1ccc(C(=O)/C=C/C2=Cc3ccccc3OC2)cc1,test,5.405059649158132
CHEMBL4533116,CHEMBL230,5.3,2019.0,5.3,COC(=O)CNC(=O)[C@H](Cc1ccccc1)NC(=O)[C@@H]1CCCN1C(=O)[C@H](Cc1ccccc1)NC(=O)[C@H](C)NC(=O)OCc1ccccc1,test,5.592192253216599
CHEMBL4535676,CHEMBL230,7.7,2019.0,7.7,C[C@H](NC(=O)OCc1ccccc1)C(=O)NCC(=O)N1CCC[C@H]1C(=O)O,test,5.385281000914568
CHEMBL4538175,CHEMBL230,4.16,2016.0,4.16,CS(=O)(=O)c1ccc(-c2nnnn2-c2ccc(CCO)cc2)cc1,val,5.878845014937377
CHEMBL4539136,CHEMBL230,6.03,2019.0,6.03,Cc1ccc(-c2cc(C(=O)N3CCOCC3)nn2-c2ccc(S(N)(=O)=O)cc2)cc1,val,6.30879539362184
CHEMBL4540611,CHEMBL230,6.06,2019.0,6.06,COc1ccc(-c2nn(-c3ccc(S(C)(=O)=O)cc3)cc2/C=C2\SC(=O)NC2=O)cc1,test,6.3604019634792985
CHEMBL4541315,CHEMBL230,7.09,2019.0,7.09,Clc1ccc(-c2nnc(/N=C/c3ccccc3)o2)cc1,test,5.694076931579306
CHEMBL4545038,CHEMBL230,5.4,2019.0,5.4,Nc1nc(-c2ccc(Cl)cc2)cc(-c2cn(-c3ccccc3)nc2-c2ccc(OCc3ccccc3)cc2)n1,test,5.793454838529974
CHEMBL4545249,CHEMBL230,5.7,2019.0,5.7,COc1ccc(-c2cc(C(=O)N3CCOCC3)nn2-c2ccc(S(N)(=O)=O)cc2)cc1,val,6.169835222237175
CHEMBL4545277,CHEMBL230,6.41,2019.0,6.41,NS(=O)(=O)c1ccc(-n2nc(C(=O)N3CCOCC3)cc2-c2ccc(C(F)(F)F)cc2)cc1,val,6.315975992496427
CHEMBL4547736,CHEMBL230,7.28,2019.0,7.28,Cc1cccc(/C=C/C2=NN(c3ccc(F)cc3)C(=O)CC2)c1,test,5.697697775007183
CHEMBL4552843,CHEMBL230,3.1804560644581312,2019.0,3.1804560644581312,COOC[C@@]1(C)CC[C@]2(C)CC[C@]3(C)[C@@H]4CC(=O)c5cc(OC)c(O)cc5[C@]4(C)CC[C@@]3(C)C2C1,test,5.436483005536042
CHEMBL4553947,CHEMBL230,6.64,2019.0,6.64,NS(=O)(=O)c1ccc(-n2nc(C(=O)N3CCSCC3)cc2-c2ccc(Cl)cc2)cc1,test,6.289878901056806
CHEMBL4555803,CHEMBL230,5.21,2019.0,5.21,C#CCc1cn(C)c2c(O)cccc12,test,5.2796525657174005
CHEMBL455827,CHEMBL230,3.221848749616356,2005.0,3.221848749616356,C[C@@H]1OC(O[C@@H]2[C@@H](O)[C@H](OCCc3ccc(O)c(O)c3)O[C@H](CO[C@@H]3OC[C@@H](O)[C@H](O)[C@H]3O)[C@H]2OC(=O)/C=C/c2ccc(O)c(O)c2)[C@H](O)[C@H](O)[C@H]1O,test,5.298951936545967
CHEMBL455837,CHEMBL230,7.4,2009.0,7.4,CS(=O)(=O)c1ccc(-n2nncc2-c2ccc(Cl)cc2)cc1,test,6.330780575848245
CHEMBL4559201,CHEMBL230,6.17,2019.0,6.17,NS(=O)(=O)c1ccc(-n2nc(C(=O)N3CCSCC3)cc2-c2ccccc2)cc1,test,5.907546346314573
CHEMBL4559331,CHEMBL230,4.0,2016.0,4.0,NS(=O)(=O)c1ccc(-c2nnnn2-c2ccc(CCO)cc2)cc1,val,6.071521147399586
CHEMBL4559652,CHEMBL230,7.0,2019.0,7.0,COC(=O)[C@H](Cc1ccccc1)NC(=O)[C@@H]1CCCN1C(=O)CNC(=O)[C@H](CCSC)NC(=O)OCc1ccccc1,test,5.640483581698905
CHEMBL4560186,CHEMBL230,5.03,2020.0,5.03,N#Cc1c(/N=C/c2cccs2)c(C(=O)Nc2ccc(Br)cc2)n2c1CCC2,test,5.926000776717377
CHEMBL4561483,CHEMBL230,4.3979400086720375,2019.0,4.3979400086720375,CC1(C)[C@@H](O)CC[C@]2(C)[C@H]3C(=O)C=C4[C@@H]5C[C@@](C)(CO)CC[C@]5(C)CC[C@@]4(C)[C@]3(C)CC[C@@H]12,val,5.396845914885526
CHEMBL4561572,CHEMBL230,7.39,2019.0,7.39,O=[N+]([O-])c1ccc(/C=N/Nc2nnc(-c3ccncc3)o2)cc1,val,5.672044423055829
CHEMBL4562121,CHEMBL230,6.34,2019.0,6.34,COc1ccc(C(=O)/C=C/C2=Cc3ccccc3OC2)cc1OC,test,5.493748624694507
CHEMBL4564780,CHEMBL230,6.87,2019.0,6.87,COc1ccccc1/C=C/C1=NN(c2ccccc2)C(=O)CC1,test,5.343708985289497
CHEMBL456619,CHEMBL230,6.16,2009.0,6.16,COc1ccc(O)c(O)c1/C=C1\[C@@H](C)CC[C@H]2C(C)(C)CCC[C@]12C,test,5.410649117099001
CHEMBL4566953,CHEMBL230,4.3979400086720375,2019.0,4.3979400086720375,CC1(C)[C@@H](O)CC[C@]2(C)[C@H]3CC=C4[C@@H]5C[C@@](C)(CO)CC[C@]5(C)CC[C@@]4(C)[C@]3(C)CC[C@@H]12,val,5.207953650250891
CHEMBL456792,CHEMBL230,8.0,2008.0,8.0,CCCCCCC(Sc1nc(Cl)cc(Nc2ccc(-c3ccc(C#N)cc3)cc2)n1)C(=O)O,test,6.086796945561353
CHEMBL456800,CHEMBL230,8.0,2008.0,8.0,CCCCCC[C@H](Sc1nc(Cl)cc(Nc2ccc(-c3ccc(C#N)cc3)cc2)n1)C(=O)O,test,6.086796945561353
CHEMBL4569221,CHEMBL230,6.46,2019.0,6.46,NS(=O)(=O)c1ccc(-n2nc(C(=O)N3CCOCC3)cc2-c2ccc(Cl)cc2)cc1,val,6.357696749312064
CHEMBL4569755,CHEMBL230,6.89,2019.0,6.89,Clc1ccc(/C=N/c2nnc(-c3cccnc3)o2)cc1,test,5.691312552331935
CHEMBL4570970,CHEMBL230,6.57,2019.0,6.57,O=C1NC(=O)/C(=C/c2ccc(OCc3cn(Cc4ccccc4)nn3)cc2)S1,val,5.999916017805956
CHEMBL4571604,CHEMBL230,6.37,2019.0,6.37,C(=N/Nc1nnc(-c2ccncc2)o1)\c1ccccc1,val,5.429330406328827
CHEMBL4571917,CHEMBL230,6.52,2019.0,6.52,Clc1ccc(/C=N/c2nnc(-c3ccccc3)o2)cc1,test,5.6467492006705395
CHEMBL457204,CHEMBL230,8.0,2008.0,8.0,CCCCCC[C@@H](Sc1nc(Cl)cc(Nc2ccc(-c3ccc(C#N)cc3)cc2)n1)C(=O)O,test,6.086796945561353
CHEMBL457331,CHEMBL230,6.44,2009.0,6.44,CN(C)c1ccc(-c2cnnn2-c2ccc(S(C)(=O)=O)cc2)cc1,test,5.981793393372092
CHEMBL457332,CHEMBL230,7.52,2009.0,7.52,CS(=O)(=O)c1ccc(-n2nncc2-c2ccc(F)cc2)cc1,test,6.186298065866214
CHEMBL4573875,CHEMBL230,6.68,2019.0,6.68,O=[N+]([O-])c1ccc(/C=N/c2nnc(-c3cccnc3)o2)cc1,test,5.656679708633329
CHEMBL4574444,CHEMBL230,4.99,2020.0,4.99,CC/C=N/c1c(C#N)c2n(c1C(=O)Nc1ccc(C)cc1)CCC2,test,5.803295322758374
CHEMBL4574755,CHEMBL230,7.44,2019.0,7.44,Cc1cccc(/C=C/c2ccc(=O)n(-c3ccc(F)cc3)n2)c1,test,5.75986524583481
CHEMBL4584799,CHEMBL230,6.41,2019.0,6.41,CCc1ccc(C(=O)/C=C/C2=Cc3ccccc3OC2)cc1,test,5.4355299649442514
CHEMBL458647,CHEMBL230,6.96,2009.0,6.96,CS(=O)(=O)c1ccc(-n2nncc2-c2ccccc2)cc1,test,5.852043308993118
CHEMBL4588254,CHEMBL230,4.62,2016.0,4.62,NS(=O)(=O)c1ccc(-c2nnnn2-c2ccc(CO)cc2)cc1,val,6.073359579641897
CHEMBL4588699,CHEMBL230,5.35,2019.0,5.35,O=C(O[C@@H]1[C@@H](c2c(O)cc(O)c3c2O[C@H](c2cc(O)c(O)c(O)c2)[C@H](OC(=O)c2cc(O)c(O)c(O)c2)C3)c2c(O)cc(O)c([C@H]3c4c(O)cc(O)cc4O[C@H](c4cc(O)c(O)c(O)c4)[C@@H]3OC(=O)c3cc(O)c(O)c(O)c3)c2O[C@@H]1c1cc(O)c(O)c(O)c1)c1cc(O)c(O)c(O)c1,test,5.455030652190439
CHEMBL4589007,CHEMBL230,7.0,2019.0,7.0,O=C1NC(=O)/C(=C/c2ccc(OCc3cn(CC(=O)c4ccc(Br)cc4)nn3)cc2)S1,val,6.026222899562463
CHEMBL4592358,CHEMBL230,4.87,2020.0,4.87,CC(C)C/C=N/c1c(C#N)c2n(c1C(=O)Nc1ccc(Br)cc1)CCC2,test,5.824596959302156
CHEMBL459932,CHEMBL230,8.0,2008.0,8.0,CCCCCCC(Sc1nc(Cl)cc(Oc2ccc3ncccc3c2)n1)C(=O)O,test,5.8161054915951595
CHEMBL460015,CHEMBL230,5.47,2009.0,5.47,CS(=O)(=O)Nn1c(Sc2cc([N+](=O)[O-])cc([N+](=O)[O-])c2)nc2sc(-c3ccccc3)cc2c1=O,test,5.895223225651043
CHEMBL460185,CHEMBL230,8.0,2008.0,8.0,CCCCCCC(Sc1nc(Cl)cc(NCCc2ccccc2)n1)C(=O)O,val,5.875177594112518
CHEMBL460216,CHEMBL230,5.24,2009.0,5.24,CC(Sc1nc2ccccc2c(=O)n1N)C(=O)O,test,5.551737123514946
CHEMBL460616,CHEMBL230,8.0,2008.0,8.0,CCCCCCC(Sc1nc(Cl)cc(Nc2ccc(-c3ccccc3)cc2)n1)C(=O)O,test,5.993409321461524
CHEMBL463232,CHEMBL230,6.72,2009.0,6.72,CS(=O)(=O)c1ccc(-n2nc(C(F)(F)F)cc2-c2ccnc(Cl)c2)cc1,val,6.2955130103946715
CHEMBL4633586,CHEMBL230,6.72,2020.0,6.72,CSc1nc2ccccc2n1-c1csc(NC(=O)c2ccccc2)n1,val,5.713556757981328
CHEMBL4633930,CHEMBL230,6.64,2020.0,6.64,CSc1nc2ccccc2n1-c1csc(N)n1,val,5.717987667771397
CHEMBL463453,CHEMBL230,4.0,2002.0,4.0,O=C1c2c(O)cc(O)cc2O[C@H](c2ccc(O)cc2O)[C@H]1O,val,5.038603441878145
CHEMBL463675,CHEMBL230,4.97,2017.0,4.97,COc1cc([C@@H]2CC(=O)c3c(cc(O)c(C/C=C(\C)CCC=C(C)C)c3O)O2)cc(O)c1O,val,5.4712575051659265
CHEMBL4636881,CHEMBL230,4.0,2021.0,4.0,CC(=O)Nc1c(F)cc(C(=O)N[C@H]2CC[C@H](O)CC2)cc1O[C@@H](C)c1ccccc1,test,5.382381717530604
CHEMBL463769,CHEMBL230,5.52,2005.0,5.52,COc1cc2c(=O)c3c(OC)c(O)ccc3oc2cc1O,test,5.164113625582184
CHEMBL463776,CHEMBL230,8.0,2008.0,8.0,CCCCCCC(Sc1nc(Cl)cc(Nc2cc(C)c(-c3ccccc3)cc2OC)n1)C(=O)O,test,5.968189044290615
CHEMBL4637840,CHEMBL230,6.58,2020.0,6.58,CSc1nc2ccccc2n1-c1csc(NC(=O)c2ccc(C)cc2)n1,val,5.833484632901221
CHEMBL4639368,CHEMBL230,7.16,2020.0,7.16,O=C1N/C(=N\c2nnc(-c3ccc(O)cc3)s2)S/C1=C\c1ccc(Cl)c(Cl)c1,test,5.9642391758440825
CHEMBL4640385,CHEMBL230,6.85,2020.0,6.85,CSc1nc2ccccc2n1-c1csc(NCC(=O)c2ccc(Cl)cc2)n1,test,6.001546353901484
CHEMBL4641800,CHEMBL230,6.6,2020.0,6.6,CSc1nc2ccccc2n1Cc1nnc2n1N=C(c1ccc(C)cc1)CS2,test,5.915319051850366
CHEMBL4643198,CHEMBL230,5.22,2020.0,5.22,CC[C@H](C)[C@H](Nc1nc(Cl)nc(Nc2ccc(N3CCOCC3=O)cc2)n1)C(=O)OC,test,5.497202503994913
CHEMBL4643613,CHEMBL230,5.0,2020.0,5.0,COC(=O)[C@H](Cc1c[nH]c2ccccc12)n1cc(COc2nc(Cl)nc(N3CCCCC3)n2)nn1,test,5.678499127939975
CHEMBL4644150,CHEMBL230,7.16,2020.0,7.16,CSc1nc2ccccc2n1-c1csc(NCC(C)=O)n1,val,5.790171592934874
CHEMBL464466,CHEMBL230,4.3979400086720375,2019.0,4.3979400086720375,CC1(C)CC[C@]2(C(=O)O)CC[C@]3(C)C(=CC[C@@H]4[C@@]5(C)C[C@@H](O)[C@H](O)[C@@](C)(CO)[C@@H]5CC[C@]43C)[C@@H]2C1,val,5.194601372308985
CHEMBL4645275,CHEMBL230,5.3,2020.0,5.3,Clc1nc(OCc2cn(Cc3ccccc3)nn2)nc(N2CCCC2)n1,val,5.629046017218132
CHEMBL4645665,CHEMBL2094253,4.4,2020.0,4.4,C[C@]12COc3cc(CCc4ccccc4)c(C(=O)O)c(O)c3[C@H]1C2,test,5.3207105346103525
CHEMBL464610,CHEMBL230,4.14,2005.0,4.14,CC(C)=CCC12Oc3cc(O)ccc3C1(O)Oc1cc(O)c([C@H]3C=C(C)C[C@@H](c4ccc(O)cc4O)[C@@H]3C(=O)c3ccc(O)cc3O)c(O)c1C2=O,test,5.64719932837506
CHEMBL4646570,CHEMBL230,5.0,2020.0,5.0,COC(=O)[C@H](Cc1c[nH]c2ccccc12)n1cc(COc2nc(Cl)nc(N3CCOCC3)n2)nn1,val,5.7090910279483635
CHEMBL4648690,CHEMBL230,5.16,2020.0,5.16,Clc1ccc(Nc2nc(Cl)nc(OCc3cn(Cc4ccccc4)nn3)n2)cc1,val,5.614680719875971
CHEMBL4649027,CHEMBL230,5.1,2020.0,5.1,COC(=O)[C@H](Cc1ccccc1)Nc1nc(Cl)nc(Nc2ccc(N3CCOCC3=O)cc2)n1,val,5.415388982002136
CHEMBL4649049,CHEMBL230,6.68,2020.0,6.68,CSc1nc2ccccc2n1-c1csc(NC(=O)c2ccc(Cl)cc2)n1,val,5.89640450576505
CHEMBL4649179,CHEMBL230,5.1,2020.0,5.1,COC(=O)[C@H](Cc1ccccc1)n1cc(COc2nc(Cl)nc(Nc3ccc(Cl)cc3)n2)nn1,test,5.580085190578777
CHEMBL465194,CHEMBL230,4.33,2002.0,4.33,O=C1CC(c2ccc(O)cc2O)Oc2cc(O)cc(O)c21,val,5.062734159559145
CHEMBL465371,CHEMBL230,4.0,2005.0,4.0,CC(C)=CCc1c([C@@H]2CCc3ccc(O)cc3O2)cc2c(c1O)OC(C)(C)C=C2,test,5.697591331661097
CHEMBL466815,CHEMBL230,5.55,2009.0,5.55,COc1ccc(Nc2c(-c3ccc(S(C)(=O)=O)cc3)nc3ccccn23)cc1,test,5.869825357424056
CHEMBL469,CHEMBL230,6.37,2016.0,6.37,O=C(c1ccccc1)c1ccc2n1CCC2C(=O)O,test,5.061359301418975
CHEMBL470304,CHEMBL230,5.1,2008.0,5.1,COc1ccc(-c2cn[se]c2-c2ccc(OC)cc2)cc1,test,5.234152147993363
CHEMBL473946,CHEMBL230,6.1,2009.0,6.1,COc1ccc(-c2cnsc2-c2ccc(OC)cc2)cc1,test,5.274960085701565
CHEMBL4740522,CHEMBL230,4.41,2020.0,4.41,COc1ccc2[nH]cc(CCNC(=O)c3ccccc3Nc3ccccc3)c2c1,test,4.899094019640804
CHEMBL4740788,CHEMBL230,6.92,2021.0,6.92,COc1ccc(-c2noc(CC(=O)NCCNC(=O)Cc3onc(-c4ccc(OC)cc4)c3-c3ccc(OC)cc3)c2-c2ccc(OC)cc2)cc1,val,5.016692876661496
CHEMBL4744314,CHEMBL230,6.43,2020.0,6.43,Fc1ccc(COc2nc3ccccc3s2)cc1,val,5.426192808478142
CHEMBL4745938,CHEMBL230,4.0,2021.0,4.0,Nc1cc(-c2ccco2)nn1-c1ccc(F)cc1,test,5.53527616091413
CHEMBL4746714,CHEMBL230,4.301029995663981,2021.0,4.301029995663981,CCCCC/C=C\C/C=C\C/C=C\C/C=C\CCCC(=O)Nc1ccc(NC(=O)Cc2onc(-c3ccc(OC)cc3)c2-c2ccc(OC)cc2)cc1,test,5.468402866843988
CHEMBL4749298,CHEMBL230,6.16,2020.0,6.16,Cn1nc(C(F)(F)F)cc1-c1ccn(C(F)F)c(=O)c1,test,5.803708703830404
CHEMBL4749908,CHEMBL230,4.57,2020.0,4.57,Cc1ccc2[nH]cc(CCNC(=O)c3ccccc3Nc3ccccc3)c2c1,test,5.034381019310549
CHEMBL4750050,CHEMBL230,6.55,2020.0,6.55,Fc1cccc(COc2nc3ccccc3s2)c1,val,5.508433738125819
CHEMBL475347,CHEMBL230,5.96,2009.0,5.96,CS(=O)(=O)c1ccc(-c2ssc(=O)c2-c2ccccc2)cc1,test,5.7510787996109025
CHEMBL47540,CHEMBL230,6.274485002168009,1999.0,6.274485002168009,C[C@]1(O)CCC[C@H]1Oc1ncc(C(F)(F)F)cc1-c1ccc(S(C)(=O)=O)cc1,test,6.219960943780613
CHEMBL475545,CHEMBL230,4.301029995663981,2009.0,4.301029995663981,Cc1ccc(-c2c(-c3ccc(Cl)cc3)ssc2=O)cc1,test,5.705853333897377
CHEMBL4755592,CHEMBL230,4.51,2021.0,4.51,COc1ccc(-n2nc(-c3ccco3)cc2N)cc1,test,5.494332117732336
CHEMBL47576,CHEMBL2094253,3.5228787452803374,1996.0,3.5228787452803374,CC(=O)Oc1cc(N2C(=O)C=CC2=O)ccc1C(=O)O,val,5.039723662238265
CHEMBL4757602,CHEMBL230,4.0,2021.0,4.0,Nc1cc(-c2ccco2)nn1-c1ccccc1,test,5.404373373557374
CHEMBL4757667,CHEMBL230,6.33,2020.0,6.33,O=C(NCCc1c[nH]c2ccccc12)c1ccccc1Nc1ccccc1,test,4.69841912819817
CHEMBL4758065,CHEMBL230,6.11,2020.0,6.11,Clc1ccc(COc2nc3ccccc3s2)cc1,val,5.569990622849986
CHEMBL4758829,CHEMBL230,4.0,2021.0,4.0,O=C(O)c1ccc(-n2nc(-c3ccco3)cc2-n2cc(CNc3ccc([N+](=O)[O-])c4nonc34)nn2)cc1,test,5.747236244425033
CHEMBL4758894,CHEMBL230,6.3,2021.0,6.3,COc1ccc(-c2noc(CC(=O)Nc3ccc(N)cc3)c2-c2ccc(OC)cc2)cc1,test,5.066861777794362
CHEMBL4760140,CHEMBL230,4.301029995663981,2021.0,4.301029995663981,COc1ccc(-c2noc(CC(=O)Nc3ccc(-c4ccc(NC(=O)Cc5onc(-c6ccc(OC)cc6)c5-c5ccc(OC)cc5)cc4)cc3)c2-c2ccc(OC)cc2)cc1,test,5.058324265154513
CHEMBL4761676,CHEMBL230,5.87,2020.0,5.87,O=C(NCCc1c[nH]c2ccc(Cl)cc12)c1ccccc1Nc1ccccc1,test,4.949888001321901
CHEMBL4761793,CHEMBL230,4.0,2021.0,4.0,Nc1cc(-c2ccco2)nn1-c1ccc(Cl)cc1,test,5.677198239739136
CHEMBL4764453,CHEMBL230,5.24,2020.0,5.24,CCCCCC1=CC(=O)C=C(OC)C1=N,test,5.401281029679602
CHEMBL4777518,CHEMBL230,5.61,2020.0,5.61,NS(=O)(=O)c1ccc(-n2nc(C(=O)NC3CCCCC3)cc2-c2ccccc2)cc1,test,5.897108499089837
CHEMBL4779437,CHEMBL230,7.3,2020.0,7.3,C/C(=N\NC(N)=S)c1nnn(-c2ccc(S(=O)(=O)Nc3nccs3)cc2)c1C,test,6.151846131786399
CHEMBL4781301,CHEMBL230,7.4,2020.0,7.4,Cc1c(-c2nn(-c3ccccc3)cc2/C=N/O)nnn1-c1ccc(C(=O)O)cc1,val,5.739061447923382
CHEMBL4784073,CHEMBL230,4.0,2021.0,4.0,COC(=O)c1ccc(-n2nc(-c3ccco3)cc2N)cc1,test,5.420798421400146
CHEMBL4785934,CHEMBL230,8.0,2020.0,8.0,NS(=O)(=O)c1ccc(-n2nc(C(=O)O)cc2-c2cc3ccccc3s2)cc1,val,6.090750795725147
CHEMBL4786489,CHEMBL230,7.3,2020.0,7.3,Cc1c(-c2nn(-c3ccccc3)cc2/C=N/O)nnn1-c1ccc(Cl)cc1,val,5.959521443299487
CHEMBL4786875,CHEMBL230,6.54,2020.0,6.54,CC(=O)c1nnn(-c2ccc(S(=O)(=O)Nc3nccs3)cc2)c1C,test,5.877242745917339
CHEMBL4787114,CHEMBL230,4.301029995663981,2021.0,4.301029995663981,Nc1ccc(Oc2nc(/C=C/c3ccccc3)nc3ccccc23)cc1,val,5.29737342754409
CHEMBL4788232,CHEMBL230,4.0,2021.0,4.0,CC(C)c1ccc(-n2nc(-c3ccco3)cc2N)cc1,test,5.5904526125360565
CHEMBL4788569,CHEMBL230,4.301029995663981,2021.0,4.301029995663981,COc1ccc(-c2noc(CC(=O)NCCCCCCNC(=O)Cc3onc(-c4ccc(OC)cc4)c3-c3ccc(OC)cc3)c2-c2ccc(OC)cc2)cc1,test,5.028121610451701
CHEMBL4788670,CHEMBL230,5.73,2020.0,5.73,NS(=O)(=O)c1ccc(-n2nc(NC(=O)NC34CC5CC(CC(C5)C3)C4)cc2-c2ccccc2)cc1,test,5.779530877931558
CHEMBL4788698,CHEMBL230,7.4,2020.0,7.4,Cc1c(-c2nn(-c3ccccc3)cc2/C=N/O)nnn1-c1ccc(S(N)(=O)=O)cc1,val,6.257106352652745
CHEMBL4789910,CHEMBL230,6.42,2020.0,6.42,O=C(NCCc1c[nH]c2ccc(O)cc12)c1ccccc1Nc1ccccc1,test,4.733920985326315
CHEMBL4792442,CHEMBL230,6.47,2020.0,6.47,C/C(=N\NC(N)=O)c1nnn(-c2ccc(S(=O)(=O)Nc3nccs3)cc2)c1C,test,6.059501656937036
CHEMBL4792565,CHEMBL230,3.7765040590376056,2020.0,3.7765040590376056,COC(=O)CC1N(C(=O)Nc2nc3ccccc3s2)C(=O)c2ccccc2S1(=O)=O,val,4.822833784452381
CHEMBL4797035,CHEMBL230,4.0,2021.0,4.0,[N-]=[N+]=Nc1cc(-c2ccco2)nn1-c1ccc(C(=O)O)cc1,test,5.478797372951509
CHEMBL4798519,CHEMBL230,7.3,2020.0,7.3,Cc1c(-c2nn(-c3ccccc3)cc2/C=N/O)nnn1-c1ccc(F)cc1,val,5.854662425553238
CHEMBL4799379,CHEMBL230,5.69,2020.0,5.69,NS(=O)(=O)c1ccc(-n2nc(C(=O)Nc3ccc(C(F)(F)F)cc3)cc2-c2ccccc2)cc1,test,6.147476632474289
CHEMBL4800072,CHEMBL230,4.0,2021.0,4.0,Nc1cc(-c2ccco2)nn1-c1ccc(C(=O)O)cc1,test,5.316946297693726
CHEMBL480462,CHEMBL230,4.1,2001.0,4.1,Oc1ccc([C@@H]2c3c(O)cc(O)cc3[C@H]3[C@H](c4ccc(O)cc4)c4c(O)cc(O)cc4[C@@H]23)cc1,test,4.800280794014505
CHEMBL481613,CHEMBL230,5.29,2009.0,5.29,CS(=O)(=O)c1ccc(C#Cc2ccc(=O)n(C(F)F)c2)cc1,val,5.840863887753954
CHEMBL482199,CHEMBL230,4.99,2009.0,4.99,CS(=O)(=O)Nc1cc2c(cc1C(=O)N/N=C/c1ccccc1)OCO2,val,5.511527854691195
CHEMBL482206,CHEMBL230,5.43,2009.0,5.43,CS(=O)(=O)c1cccc(C#Cc2ccc(=O)n(C(F)F)c2)c1,val,5.734527022705969
CHEMBL4845806,CHEMBL230,4.3979400086720375,2021.0,4.3979400086720375,O=C(NCCc1c[nH]c2ccccc12)c1ccccc1Nc1ccccc1I,test,4.840917773283482
CHEMBL4847404,CHEMBL230,7.27,2021.0,7.27,O=c1c(Cc2ccccc2)n[nH]c(=S)n1/N=C/c1cc2ccccc2nc1O,test,5.709691730896292
CHEMBL4848416,CHEMBL230,5.21,2021.0,5.21,COc1ccc(Nc2ccccc2C(=O)NCCc2c[nH]c3ccccc23)cc1,test,4.748976649222979
CHEMBL4849659,CHEMBL230,8.15,2021.0,8.15,COc1ccc(N2CCN(CCc3c(C)nc4oc(-c5ccccc5)nn4c3=O)CC2)cc1,val,5.501609473911743
CHEMBL4852008,CHEMBL230,6.92,2021.0,6.92,COc1cc(Cc2n[nH]c(=S)n(/N=C/c3cc4ccc(OCc5ccccc5)cc4nc3Cl)c2=O)cc(OC)c1OC,val,5.944364478852516
CHEMBL4853361,CHEMBL230,7.14,2021.0,7.14,COc1ccc2cc(/C=N/n3c(=S)[nH]nc(Cc4ccccc4)c3=O)c(O)nc2c1,test,5.724877014882782
CHEMBL4856646,CHEMBL230,7.22,2021.0,7.22,COc1ccc2nc(O)c(/C=N/n3c(=S)[nH]nc(Cc4cc(OC)c(OC)c(OC)c4)c3=O)cc2c1,test,5.7924070149025795
CHEMBL4856711,CHEMBL230,5.22,2021.0,5.22,Cc1ccc(Nc2ccccc2C(=O)NCCc2c[nH]c3ccccc23)cc1,test,4.930294416157236
CHEMBL4856727,CHEMBL230,7.115,2021.0,7.115,O=C1N/C(=N\c2nnc(-c3ccc(O)cc3)s2)S/C1=C\c1ccccc1,test,5.793131791395134
CHEMBL48568,CHEMBL230,4.47,1999.0,4.47,CC(C)(C)c1cc(/C=C2\OC(=O)NC2=O)cc(C(C)(C)C)c1O,val,5.354330076946134
CHEMBL4857474,CHEMBL230,6.494999999999999,2021.0,6.494999999999999,CCCCOc1nc(OCC(C)(C)O)c(-c2ccc(S(N)(=O)=O)cn2)cc1CO,test,5.96853271884281
CHEMBL4857659,CHEMBL230,5.84,2021.0,5.84,CN(C)c1ccc(Nc2ccccc2C(=O)NCCc2c[nH]c3ccccc23)cc1,test,4.869589820467948
CHEMBL4857790,CHEMBL230,6.55,2021.0,6.55,Cc1ccc2nc(O)c(/C=N/n3c(=S)[nH]nc(Cc4ccccc4)c3=O)cc2c1,test,5.8976259919580984
CHEMBL4858751,CHEMBL230,8.24,2021.0,8.24,Cc1cc(-c2ccccn2)nn1S(=O)(=O)Oc1ccc(Cl)cc1,test,5.899142585254513
CHEMBL4858939,CHEMBL230,5.4,2021.0,5.4,O=C(NCCc1c[nH]c2ccccc12)c1ccccc1Nc1ccc(Cl)cc1,test,4.954517169881093
CHEMBL4859331,CHEMBL230,4.3979400086720375,2021.0,4.3979400086720375,O=C(NCCc1c[nH]c2ccccc12)c1ccccc1Nc1cccc(Br)c1,test,4.9757045825439725
CHEMBL4861158,CHEMBL230,5.08,2021.0,5.08,COc1cc(Nc2ccccc2C(=O)NCCc2c[nH]c3ccccc23)cc(OC)c1OC,test,4.894260112289572
CHEMBL4861765,CHEMBL230,7.17,2021.0,7.17,COc1ccc2nc(O)c(/C=N/n3c(=S)[nH]nc(Cc4ccccc4)c3=O)cc2c1,test,5.733167038158641
CHEMBL4862415,CHEMBL230,6.5,2021.0,6.5,CC(C)Oc1ccc2nc(O)c(/C=N/n3c(=S)[nH]nc(Cc4ccccc4)c3=O)cc2c1,test,5.687855608346689
CHEMBL4863487,CHEMBL230,4.3979400086720375,2021.0,4.3979400086720375,Cc1ccccc1Nc1ccccc1C(=O)NCCc1c[nH]c2ccccc12,test,4.916790859221383
CHEMBL4864146,CHEMBL230,5.61,2021.0,5.61,O=C(NCCc1c[nH]c2ccccc12)c1ccccc1Nc1ccc(F)cc1,test,4.820869383379179
CHEMBL4868061,CHEMBL230,4.51,2021.0,4.51,Cc1cccc(Nc2ccccc2C(=O)NCCc2c[nH]c3ccccc23)c1,test,4.995281376879185
CHEMBL4868926,CHEMBL230,4.3979400086720375,2021.0,4.3979400086720375,O=C(NCCc1c[nH]c2ccccc12)c1ccccc1Nc1ccccc1Br,test,4.927291322157865
CHEMBL4869763,CHEMBL230,7.01,2021.0,7.01,COc1ccc2cc(/C=N/n3c(=S)[nH]nc(Cc4cc(OC)c(OC)c(OC)c4)c3=O)c(O)nc2c1,test,5.786022080734823
CHEMBL4869963,CHEMBL230,4.3979400086720375,2021.0,4.3979400086720375,CCCCc1ccc(Nc2ccccc2C(=O)NCCc2c[nH]c3ccccc23)cc1,test,4.893602997921096
CHEMBL4872034,CHEMBL230,4.3979400086720375,2021.0,4.3979400086720375,O=C(NCCc1c[nH]c2ccccc12)c1ccccc1Nc1cccc(F)c1,test,4.919967741777168
CHEMBL4872636,CHEMBL230,7.19,2021.0,7.19,COc1cc(Cc2n[nH]c(=S)n(/N=C/c3cc4cc(C)ccc4nc3O)c2=O)cc(OC)c1OC,test,5.931059842333099
CHEMBL4872909,CHEMBL230,5.37,2021.0,5.37,O=C(NCCc1c[nH]c2ccccc12)c1ccccc1Nc1ccccc1F,test,4.928771872707903
CHEMBL4873048,CHEMBL230,4.3979400086720375,2021.0,4.3979400086720375,O=C(NCCc1c[nH]c2ccccc12)c1ccccc1Nc1cccc(Cl)c1,test,4.9377068471371555
CHEMBL4873475,CHEMBL230,4.3979400086720375,2021.0,4.3979400086720375,O=C(NCCc1c[nH]c2ccccc12)c1ccccc1Nc1ccc(C(F)(F)F)cc1,test,4.961358329700863
CHEMBL4873961,CHEMBL230,7.0,2021.0,7.0,Cc1cc(-c2ccccn2)nn1S(=O)(=O)Oc1ccccc1,test,5.656918536587131
CHEMBL4874336,CHEMBL230,7.82,2021.0,7.82,COc1ccc(N2CCN(CCc3c(C)nc4oc(-c5ccc(Cl)cc5)nn4c3=O)CC2)cc1,val,5.794375631904233
CHEMBL4876413,CHEMBL230,7.0,2021.0,7.0,Cc1nc2oc(-c3ccccc3)nn2c(=O)c1CCN1CCCCC1,test,5.6217294277069065
CHEMBL4876637,CHEMBL230,6.8,2021.0,6.8,COc1cc(Cc2n[nH]c(=S)n(/N=C/c3cc4cccc(C)c4nc3Cl)c2=O)cc(OC)c1OC,test,6.024200694907121
CHEMBL4876862,CHEMBL230,7.07,2021.0,7.07,COc1cc(Cc2n[nH]c(=S)n(/N=C/c3cc4cc(C)ccc4nc3O)c2=O)ccc1O,test,5.845824171554579
CHEMBL4877659,CHEMBL230,5.25,2021.0,5.25,O=C(NCCc1c[nH]c2ccccc12)c1ccccc1Nc1ccc(Br)cc1,test,4.945797717721234
CHEMBL4878265,CHEMBL230,4.3979400086720375,2021.0,4.3979400086720375,O=C(NCCc1c[nH]c2ccccc12)c1ccccc1Nc1ccccc1Cl,test,4.929755298881245
CHEMBL4878422,CHEMBL230,7.4,2021.0,7.4,Cc1nc2oc(-c3ccc(Cl)cc3)nn2c(=O)c1CCN1CCN(c2ccccc2)CC1,val,5.756036225369915
CHEMBL4878968,CHEMBL230,5.92,2021.0,5.92,Nc1ccccc1Nc1ccccc1C(=O)NCCc1c[nH]c2ccccc12,test,4.791758650556789
CHEMBL487933,CHEMBL230,4.3979400086720375,2019.0,4.3979400086720375,CC1(C)[C@@H](O)CC[C@]2(C)[C@H]3CC=C4[C@@H]5C[C@@](C)(C(=O)O)CC[C@]5(C)CC[C@@]4(C)[C@]3(C)CC[C@@H]12,val,5.194214050506069
CHEMBL490292,CHEMBL230,6.0,2009.0,6.0,COc1ccc(-c2ssc(=O)c2-c2ccc(OC)cc2)cc1,test,5.156142956793062
CHEMBL490324,CHEMBL230,4.75,2005.0,4.75,C[C@@H]1C[C@@H]2OC(=O)[C@]3(C)[C@H]2[C@@H](OC3(C)O)[C@]2(C)C(=O)C=C[C@@H]12,test,5.522262402823557
CHEMBL491088,CHEMBL230,5.4,2009.0,5.4,Clc1ccc(-c2cnsc2-c2ccc(Cl)cc2)cc1,test,5.552087859066804
CHEMBL491090,CHEMBL230,4.301029995663981,2009.0,4.301029995663981,Oc1ccc(-c2cnsc2-c2ccc(O)cc2)cc1,test,5.020730090710236
CHEMBL491272,CHEMBL230,4.3,2009.0,4.3,CS(=O)(=O)c1ccc(-c2c(-c3ccccc3)ssc2=O)cc1,test,5.7510787996109025
CHEMBL496240,CHEMBL230,5.84,2016.0,5.84,O=C(c1ccccc1)c1ccc2n1CC[C@@H]2C(=O)O,test,5.061359301418975
CHEMBL496464,CHEMBL230,5.3979400086720375,2012.0,5.3979400086720375,CSc1ccc(/C=C2\C=C(CC(=O)O)c3cc(F)ccc32)cc1,test,5.4803349955793506
CHEMBL497507,CHEMBL230,5.24,2008.0,5.24,CC(C(=O)OCCO[N+](=O)[O-])c1ccc(C(=O)c2cccs2)cc1,test,5.5518270380552615
CHEMBL497677,CHEMBL230,5.57,2008.0,5.57,CC(C(=O)OCC(CO[N+](=O)[O-])O[N+](=O)[O-])c1ccc(C(=O)c2cccs2)cc1,test,5.666254401048145
CHEMBL497716,CHEMBL230,4.42,2002.0,4.42,C/C(=C/Cc1c(O)ccc(C(=O)/C=C/c2ccc(O)cc2)c1O)COC(=O)/C=C/c1ccc(O)cc1,val,5.192480852325034
CHEMBL500387,CHEMBL230,5.66,2006.0,5.66,CC(=O)O[C@@]12[C@H](OC(=O)[C@@H](C(C)C)N(C)C)[C@@H](C)[C@]3(O)[C@@H]4C=C(C)C(=O)[C@@H]4CC(CO)=C[C@H]3[C@@H]1C2(C)C,val,5.588401840098015
CHEMBL502799,CHEMBL230,5.66,2006.0,5.66,CC(=O)O[C@@]12[C@H](OC(=O)[C@@H](C(C)C)N(C)C)[C@@H](C)[C@@]3(O)[C@@H](C=C(CO)C[C@@]4(O)C(=O)C(C)=C[C@@H]34)[C@@H]1C2(C)C,val,5.5836749422181144
CHEMBL503071,CHEMBL230,5.66,2006.0,5.66,COC(=O)[C@H]1CC[C@]2(C)[C@H]3CC=C4[C@@H]5CC(C)(C)CC[C@]5(C(=O)O)CC[C@@]4(C)[C@]3(C)CC[C@H]2C1(C)C,val,5.249828409188166
CHEMBL503412,CHEMBL230,5.12,2001.0,5.12,OC[C@H]1O[C@@H](Oc2cc(O)cc([C@H]3c4cc(/C=C/c5cc(O)cc(O)c5)ccc4O[C@@H]3c3ccc(O)cc3)c2)[C@H](O)[C@@H](O)[C@@H]1O,val,5.425112430484982
CHEMBL504541,CHEMBL230,4.301029995663981,2009.0,4.301029995663981,Cc1ccc(-c2ssc(=O)c2-c2ccc(Cl)cc2)cc1,test,5.705853333897377
CHEMBL504631,CHEMBL230,6.43,2006.0,6.43,CCCCCCCCCCCCCCCCCC(=O)O[C@H]1C[C@@H](O)[C@]2(C)[C@H]3CC[C@@H]4[C@@H]([C@@](C)(O)CCC=C(C)C)CC[C@@]4(C)[C@]3(C)CC[C@H]2C1(C)C,val,5.385691851398694
CHEMBL506880,CHEMBL230,4.301029995663981,2010.0,4.301029995663981,C[C@@H]1O[C@@H](O[C@H]2[C@H](O[C@H]3CC[C@]4(C)[C@H]5CC=C6[C@@H]7CC(C)(C)CC[C@]7(C(=O)O[C@@H]7O[C@H](CO[C@@H]8O[C@H](CO)[C@@H](O[C@@H]9O[C@@H](C)[C@H](O)[C@@H](O)[C@H]9O)[C@H](O)[C@H]8O)[C@@H](O)[C@H](O)[C@H]7O)CC[C@@]6(C)[C@]5(C)CC[C@H]4C3(C)C)OC[C@H](O)[C@@H]2O)[C@H](O)[C@H](O)[C@H]1O,test,4.964221599011756
CHEMBL507398,CHEMBL230,6.14,2009.0,6.14,NS(=O)(=O)c1ccc(-n2nc(C(F)(F)F)cc2-c2ccnc(Cl)c2)cc1,val,6.583993934576832
CHEMBL507430,CHEMBL230,4.0,2005.0,4.0,CC(C)=CCC12Oc3cc(O)c(C4=CC5(C)CC(C4)c4ccc(O)cc4O5)c(O)c3C(=O)C1(O)Oc1cc(O)ccc12,test,5.5915681103147845
CHEMBL5075246,CHEMBL230,6.0,2021.0,6.0,O=C(O)[C@H](OCc1cnnn1[C@@H](Cc1ccccc1)C(=O)O)[C@@H](OCc1cnnn1[C@@H](Cc1ccccc1)C(=O)O)C(=O)O,test,5.331850324792368
CHEMBL5075348,CHEMBL230,6.16,2021.0,6.16,CCOC(=O)[C@H](OCc1cnnn1[C@H](Cc1ccc(O)cc1)C(=O)OC)[C@@H](OCc1cnnn1[C@@H](Cc1ccc(O)cc1)C(=O)OC)C(=O)OCC,test,5.451001325563161
CHEMBL5078078,CHEMBL230,5.0,2023.0,5.0,CC(C)(O)c1ccc(N2Cc3c(ccnc3-c3ccc(F)cc3OCC(F)(F)F)C2=O)cc1,test,5.488758159511136
CHEMBL5080730,CHEMBL230,4.5,2021.0,4.5,CCOC(=O)[C@H](O)[C@@H](OCc1cnnn1[C@@H](Cc1ccccc1)C(=O)OC)C(=O)OCC,test,5.555663548268697
CHEMBL5080948,CHEMBL230,5.55,2021.0,5.55,COC(=O)[C@H](Cc1c[nH]c2ccccc12)n1nncc1COc1ccc2ccccc2c1-c1c(OCc2cnnn2[C@@H](Cc2c[nH]c3ccccc23)C(=O)OC)ccc2ccccc12,val,5.467713215286588
CHEMBL5082428,CHEMBL230,6.16,2021.0,6.16,CCOC(=O)[C@H](OCc1cnnn1[C@@H](Cc1ccc(O)cc1)C(=O)OC)[C@@H](OCc1cnnn1[C@@H](Cc1ccc(O)cc1)C(=O)OC)C(=O)OCC,test,5.451001325563161
CHEMBL5084005,CHEMBL230,4.46,2021.0,4.46,CCOC(=O)[C@H](O)[C@@H](OCc1cnnn1[C@@H](Cc1ccc(O)cc1)C(=O)OC)C(=O)OCC,test,5.511225430863922
CHEMBL5085349,CHEMBL230,3.823908740944318,2021.0,3.823908740944318,COc1ccc(CCNC(=O)c2ccccc2Nc2ccccc2)cc1,test,4.7021670940786064
CHEMBL5089355,CHEMBL230,9.0,2021.0,9.0,O=C1NC(=O)C(=Cc2cn(C[C@H](O)COc3cc(O)c4c(=O)cc(-c5ccccc5)oc4c3)c3ccccc23)C(=O)N1,test,5.589440779586928
CHEMBL5090197,CHEMBL230,3.978645286918577,2021.0,3.978645286918577,O=C(Nc1ccc2c(c1)OCO2)c1ccccc1Nc1cccc(C(F)(F)F)c1,test,5.330750907886069
CHEMBL509159,CHEMBL230,5.42,2005.0,5.42,C=C1C(=O)O[C@@H]2C[C@H](C)[C@@H]3[C@@H](O)CC(=O)[C@@]3(C)C[C@H]12,test,5.381363461040887
CHEMBL5091817,CHEMBL230,4.26,2021.0,4.26,CCOC(=O)Cn1nncc1CO[C@@H](C(=O)OCC)[C@@H](O)C(=O)OCC,test,5.565951778782693
CHEMBL5092058,CHEMBL230,5.0,2022.0,5.0,Cc1cn([C@H](C)CC#N)c(=O)c2cc(Cn3nc(C(F)F)cc3Cl)nn12,test,5.933327411113911
CHEMBL5092199,CHEMBL230,4.35,2021.0,4.35,Cc1c(Cl)cccc1Nc1ccccc1C(=O)Nc1ccc2c(c1)OCO2,test,5.534692643336578
CHEMBL5094855,CHEMBL230,4.4,2021.0,4.4,CCOC(=O)[C@H](O)[C@@H](OCc1cnnn1[C@@H](CO)C(=O)OC)C(=O)OCC,test,5.57438558915351
CHEMBL512917,CHEMBL230,6.92,2009.0,6.92,Cc1ccc(-c2cnnn2-c2ccc(S(C)(=O)=O)cc2)cc1,test,6.228609918997641
CHEMBL513053,CHEMBL230,5.48,2009.0,5.48,CC/C(=C\c1cc(O)cc(O)c1)c1ccc2ccccc2c1,test,5.11938859971828
CHEMBL513096,CHEMBL230,5.16,2009.0,5.16,Nn1c(SC(C(=O)O)c2ccccc2)nc2ccc(Br)cc2c1=O,test,5.678669792240003
CHEMBL514418,CHEMBL230,6.77,2009.0,6.77,COc1ccc(-c2cnnn2-c2ccc(S(C)(=O)=O)cc2)cc1,test,6.060698369681411
CHEMBL514950,CHEMBL230,4.301029995663981,2009.0,4.301029995663981,COc1ccc(-c2sncc2-c2ccc(C)cc2)cc1,test,5.496632446130433
CHEMBL5169729,CHEMBL230,8.3,2021.0,8.3,CS(=O)(=O)c1ccc(-n2c(-c3ccc(O[11CH3])c(F)c3)cnc2Cl)cc1,val,6.469790824971891
CHEMBL5170243,CHEMBL230,5.06,2022.0,5.06,COc1ccc2c(CO)cn(C)c2c1C(=O)NCC(F)(F)F,test,5.293784896925259
CHEMBL517334,CHEMBL230,4.82,2002.0,4.82,C/C(=C\Cc1c(O)ccc(C(=O)/C=C/c2ccc(O)cc2)c1O)COC(=O)/C=C/c1ccc(O)cc1,val,5.192480852325034
CHEMBL5174327,CHEMBL230,3.42021640338319,2022.0,3.42021640338319,COc1ccc2ccn(C)c2c1C(=O)OCC(F)(F)F,test,5.479374364490798
CHEMBL5178995,CHEMBL230,8.4,2021.0,8.4,[11CH3]Oc1ccc(-c2cnc(Cl)n2-c2ccc(S(N)(=O)=O)cc2)cc1F,val,6.657660586674962
CHEMBL5182048,CHEMBL230,3.42021640338319,2022.0,3.42021640338319,Cn1ccc2ccc(O)c(C(=O)OCC(F)(F)F)c21,test,5.406187752026347
CHEMBL5183018,CHEMBL230,3.625068446021812,2022.0,3.625068446021812,Cn1ccc2cc(CCCO)c(O)c(C(=O)OCC(F)(F)F)c21,test,5.53393489682698
CHEMBL5184562,CHEMBL230,7.63,2022.0,7.63,O=C(c1cc2cc(Cl)ccc2n1Cc1ccc(F)cc1)N1CCN(c2ccccc2)CC1,val,5.423915771633408
CHEMBL5184826,CHEMBL230,6.08,2021.0,6.08,[2H]C([2H])([18F])Oc1nc(-c2ccc(OC)cc2)n(-c2ccc(OC)cc2)n1,val,5.833083209608528
CHEMBL51860,CHEMBL230,8.3,1996.0,8.3,COc1ccc(-c2cc(F)c(F)cc2-c2ccc(S(N)(=O)=O)cc2)cc1C,test,6.502373863693924
CHEMBL5188821,CHEMBL230,5.3,2021.0,5.3,O=C(c1ccc(-c2nc(CSc3nc4ccccc4s3)no2)cc1)N1CCOCC1,test,5.485082404739087
CHEMBL518935,CHEMBL230,5.43,2001.0,5.43,Oc1ccc([C@H]2Oc3ccc(/C=C/c4cc(O)cc(O)c4)cc3[C@@H]2c2cc(O)cc(O)c2)cc1,test,5.250810683796962
CHEMBL5190868,CHEMBL230,6.87,2022.0,6.87,O=C(c1nn(Cc2ccc(F)cc2)c2ccccc12)N1CCN(c2ncccn2)CC1,test,5.349486347095512
CHEMBL5190903,CHEMBL230,3.42021640338319,2022.0,3.42021640338319,CCOC(=O)c1c(O)ccc2ccn(C)c12,test,5.201951896404398
CHEMBL5191146,CHEMBL230,5.0,2022.0,5.0,O=C(NC1CCN(C(=O)C2CCOCC2)CC1)NC12CC3CC(Cl)(CC(C1)c1ccccc13)C2,val,5.310821812198699
CHEMBL5191304,CHEMBL230,3.7269987279362624,2022.0,3.7269987279362624,Cc1cc2ccn(C)c2c(C(=O)OCC(F)(F)F)c1O,test,5.7027591255931815
CHEMBL5191384,CHEMBL230,5.98,2021.0,5.98,C/C(=C/CC/C(C)=C/CC[C@]1(C(=O)O)CC(=O)c2cc(O)ccc2O1)C(=O)O,test,5.51453147614455
CHEMBL5192908,CHEMBL230,6.0,2021.0,6.0,COc1ccc(-c2nc(O[11CH3])nn2-c2ccc(OC)cc2)cc1,val,5.696364304316309
CHEMBL519521,CHEMBL230,4.18,2010.0,4.18,O=C(O)c1ccccc1/N=C/c1coc2ccccc2c1=O,test,5.309790604523148
CHEMBL5197095,CHEMBL230,5.47,2022.0,5.47,CC(C)OC(=O)[C@@H](Cn1cncn1)NC(=O)[C@@H](C)c1cccc(C(=O)c2ccccc2)c1,test,5.577926266242203
CHEMBL5198246,CHEMBL230,3.42021640338319,2022.0,3.42021640338319,Cn1ccc2ccc(C(=O)OCC(F)(F)F)c(O)c21,test,5.4040529303397635
CHEMBL5200000,CHEMBL230,7.4,2021.0,7.4,CS(=O)(=O)c1ccc(-c2cc(C(F)(F)F)nc(NCc3ccc([18F])cc3)n2)cc1,test,6.66109506551668
CHEMBL5200454,CHEMBL230,9.0,2021.0,9.0,CS(=O)(=O)c1ccc(-c2cc(O[11CH3])nc(NCc3cccs3)n2)cc1,test,6.285533886979892
CHEMBL5200803,CHEMBL230,3.42021640338319,2022.0,3.42021640338319,Cn1ccc2c(CCCO)cc(O)c(C(=O)OCC(F)(F)F)c21,test,5.4343808967059575
CHEMBL5201017,CHEMBL230,7.63,2022.0,7.63,O=C(NCCc1c[nH]c2ccccc12)c1cc2cc(Cl)ccc2n1Cc1ccc(F)cc1,val,5.399471913794155
CHEMBL52019,CHEMBL230,7.72,1996.0,7.72,COc1ccc(-c2cc(F)c(F)cc2-c2ccc(S(C)(=O)=O)cc2)cc1Cl,test,6.337154264332663
CHEMBL52020,CHEMBL230,8.7,1996.0,8.7,Cc1cc(-c2cc(F)c(F)cc2-c2ccc(S(N)(=O)=O)cc2)ccc1F,test,6.571452965286673
CHEMBL5202840,CHEMBL230,2.5228787452803374,2021.0,2.5228787452803374,CC1=NN(c2cccc(Cl)c2)C(=O)/C1=C\c1cn(-c2nc(N3CCOCC3)nc(N3CCOCC3)n2)c2ccccc12,test,5.890313623650887
CHEMBL5203505,CHEMBL230,6.44,2021.0,6.44,Cc1ccc(-n2nc(C(F)(F)F)cc2-c2ccc(S(=O)(=O)Nc3ccc([18F])cc3)cc2)cc1,test,6.355127019752535
CHEMBL5203787,CHEMBL230,5.0,2022.0,5.0,O=C(NC1CCN(C(=O)C2CCOCC2)CC1)NC12CC3CC(F)(CC(C1)c1ccccc13)C2,val,5.292152806047749
CHEMBL5206077,CHEMBL230,6.0,2021.0,6.0,COc1ccc(-n2nc(OCC(F)(F)F)nc2-c2ccc(O[11CH3])cc2)cc1,val,5.94168218025661
CHEMBL520726,CHEMBL230,4.3979400086720375,2019.0,4.3979400086720375,CC1(C)CC[C@]2(C(=O)O)CC[C@]3(C)C(=CC[C@@H]4[C@@]5(C)C[C@H](O)[C@H](O)[C@@](C)(C(=O)O)[C@@H]5CC[C@]43C)[C@@H]2C1,val,5.201418991751074
CHEMBL521440,CHEMBL230,5.03,2009.0,5.03,CS(=O)(=O)c1ccccc1C#Cc1ccc(=O)n(C(F)F)c1,val,5.545338124709456
CHEMBL5219013,CHEMBL230,5.64,2022.0,5.64,C[C@H](C(=O)N(C)CC(O)(Cn1ccnc1)c1ccc(Cl)cc1)c1ccc(-c2ccccc2)c(F)c1,test,5.703105876672972
CHEMBL5219227,CHEMBL230,5.71,2022.0,5.71,C[C@H](C(=O)N(C)CC(O)(Cn1ccnc1)c1ccc(Cl)cc1Cl)c1cccc(C(=O)c2ccccc2)c1,val,5.709507381851733
CHEMBL522624,CHEMBL230,4.301029995663981,2009.0,4.301029995663981,COc1ccc(-c2sncc2-c2ccc(Cl)cc2)cc1,test,5.60543609490375
CHEMBL52402,CHEMBL230,8.22,1996.0,8.22,NS(=O)(=O)c1ccc(-c2ccccc2-c2ccc(Cl)cc2)cc1,test,6.108825676387328
CHEMBL524133,CHEMBL230,4.301029995663981,2009.0,4.301029995663981,Cc1ccc(-c2cnsc2-c2ccc(Cl)cc2)cc1,test,5.794673961150137
CHEMBL52454,CHEMBL230,6.44,1996.0,6.44,CS(=O)(=O)c1ccc(-c2ccccc2-c2ccc(F)c(Cl)c2)cc1,test,6.151309926076522
CHEMBL524686,CHEMBL230,4.59,2010.0,4.59,Cc1cccc(/N=C/c2coc3ccccc3c2=O)c1,test,5.6775535170903675
CHEMBL525601,CHEMBL230,4.0,2006.0,4.0,CC(=O)O[C@@]12[C@H](OC(=O)[C@H](C(C)C)N(C)C)[C@@H](C)[C@]3(O)[C@@H]4C=C(C)C(=O)[C@@H]4CC(CO)=C[C@H]3[C@@H]1C2(C)C,val,5.588401840098015
CHEMBL5265750,CHEMBL230,7.41,2022.0,7.41,COc1cc(C2CC(c3cccc(-n4cnnn4)c3)=NN2C(C)=O)cc(OC)c1OC,val,5.360668698261059
CHEMBL5265839,CHEMBL230,8.7,2022.0,8.7,CN1C/C(=C\c2ccc(O)s2)C2=NN(c3ccccc3)C(c3ccc(O)s3)C2C1,test,5.30844170722988
CHEMBL5265917,CHEMBL230,6.55,2022.0,6.55,CCOP(=O)(OCC)C(NC(=O)c1cc(-c2ccc(Cl)cc2)n(-c2ccc(S(N)(=O)=O)cc2)n1)c1ccccc1,test,6.398949088463215
CHEMBL5266009,CHEMBL230,7.0,2022.0,7.0,Cc1nnc(/N=C2\NC(=O)/C(=C/c3ccc(C(C)C)cc3)S2)s1,test,6.061180577113804
CHEMBL5266071,CHEMBL230,7.41,2022.0,7.41,COc1cc(C2CC(c3cccc(-n4cnnn4)c3)=NN2)cc(OC)c1OC,val,5.546866278814174
CHEMBL5266132,CHEMBL230,6.66,2022.0,6.66,CCOP(=O)(OCC)C(NC(=O)c1cc(-c2ccsc2)n(-c2ccc(S(N)(=O)=O)cc2)n1)c1ccccc1OC,val,6.229347360627997
CHEMBL5266208,CHEMBL230,5.96,2022.0,5.96,NC(=O)N1N=C(c2ccc(Cl)cc2)CC1c1cn(-c2ccccc2)nc1-c1ccc(F)cc1,val,5.578880298134332
CHEMBL526643,CHEMBL230,5.34,2008.0,5.34,CC(COC(=O)C(C)c1ccc(C(=O)c2cccs2)cc1)O[N+](=O)[O-],test,5.622881376867399
CHEMBL5266699,CHEMBL230,7.0,2022.0,7.0,O=C(/C=C/c1cccnc1)c1cccc(-n2cnnn2)c1,val,5.610603756572311
CHEMBL5266705,CHEMBL230,7.39,2022.0,7.39,COc1ccc(-c2cc(-c3cccc(-n4cnnn4)c3)no2)cc1OC,test,5.694207850242356
CHEMBL5266991,CHEMBL230,6.96,2020.0,6.96,C=C1c2nc3ccccc3n2CC(c2ccc(S(C)(=O)=O)cc2)N1c1cc(OC)c(OC)c(OC)c1,test,5.832507404872701
CHEMBL5267093,CHEMBL230,6.55,2022.0,6.55,CCOP(=O)(OCC)C(NC(=O)c1cc(-c2cccc(OC)c2)n(-c2ccc(S(N)(=O)=O)cc2)n1)c1ccc(Br)cc1,test,6.352354580523796
CHEMBL5267118,CHEMBL230,5.96,2022.0,5.96,COc1ccc(C2=NN(C(N)=O)C(c3cn(-c4ccccc4)nc3-c3ccc(Cl)cc3)C2)cc1,val,5.504355291750857
CHEMBL5267243,CHEMBL230,5.96,2022.0,5.96,NC(=O)N1N=C(c2ccc(F)cc2)CC1c1cn(-c2ccccc2)nc1-c1ccc(Cl)cc1,val,5.578880298134332
CHEMBL5267258,CHEMBL230,6.77,2022.0,6.77,CCCCNc1cc(-c2n[nH]c(=S)n2-c2ccc(Br)cc2)cc(S(N)(=O)=O)c1Oc1ccccc1,test,5.910084394829291
CHEMBL5267453,CHEMBL230,8.7,2022.0,8.7,CN1C/C(=C\c2ccc(Br)s2)C2=NN(c3ccccc3)C(c3ccc(Br)s3)C2C1,test,5.478353741503535
CHEMBL5267632,CHEMBL230,6.55,2022.0,6.55,CCOP(=O)(OCC)C(NC(=O)c1cc(-c2ccccc2F)n(-c2ccc(S(N)(=O)=O)cc2)n1)c1ccccc1,test,6.184270712154589
CHEMBL5267677,CHEMBL230,5.12,2020.0,5.12,COc1ccc(NCc2nc3ccccc3n2C(=O)c2ccccc2)cc1,val,5.3391024630638215
CHEMBL5267823,CHEMBL230,5.58,2022.0,5.58,Cc1c(C(=O)NNC(=S)Nc2ccccc2)nnn1-c1ccc(S(N)(=O)=O)cc1,test,5.92020445565762
CHEMBL5268121,CHEMBL230,7.05,2022.0,7.05,N#Cc1ccc(-c2nc(N3CCOCC3)sc2C(=O)c2cccs2)cc1,val,5.836083869847454
CHEMBL5268168,CHEMBL230,5.96,2022.0,5.96,NC(=O)N1N=C(c2ccc(F)cc2)CC1c1cn(-c2ccccc2)nc1-c1ccccc1,val,5.400740913043599
CHEMBL5268637,CHEMBL230,6.55,2022.0,6.55,CCOP(=O)(OCC)C(NC(=O)c1cc(-c2ccc(Br)cc2)n(-c2ccc(S(N)(=O)=O)cc2)n1)c1ccccc1,test,6.378997435495379
CHEMBL5268997,CHEMBL230,5.96,2022.0,5.96,Cc1ccc(C2=NN(C(N)=O)C(c3cn(-c4ccccc4)nc3-c3ccc(Cl)cc3)C2)cc1,val,5.656491065232213
CHEMBL5269100,CHEMBL230,7.36,2022.0,7.36,COc1ccc(/C=C/C2=NN(c3ccc(S(N)(=O)=O)cc3)C(=O)CC2)cc1,test,5.9975318650276765
CHEMBL526931,CHEMBL230,4.0,2006.0,4.0,CC(=O)O[C@@]12[C@H](OC(=O)C(=C(C)C)N(C)C)[C@@H](C)[C@]3(O)[C@@H]4C=C(C)C(=O)[C@@H]4CC(CO)=C[C@H]3[C@@H]1C2(C)C,val,5.539233047242938
CHEMBL5269313,CHEMBL230,6.55,2022.0,6.55,CCOP(=O)(OCC)C(NC(=O)c1cc(-c2ccc(F)cc2)n(-c2ccc(S(N)(=O)=O)cc2)n1)c1ccccc1,test,6.261607034267411
CHEMBL5269531,CHEMBL230,7.39,2022.0,7.39,COc1cc(-c2cc(-c3cccc(-n4cnnn4)c3)no2)cc(OC)c1OC,test,5.643520555988649
CHEMBL5269829,CHEMBL230,4.3,2022.0,4.3,COc1cc(/C=c2\sc3nc(C45CC6CC(CC(C6)C4)C5)nn3c2=O)ccc1O,test,5.530818280895039
CHEMBL5269945,CHEMBL230,6.82,2022.0,6.82,CC1=NN(c2ccc(S(N)(=O)=O)cc2)C(=O)/C1=C\c1sccc1C,test,6.225933800290667
CHEMBL5269974,CHEMBL230,8.7,2022.0,8.7,CN1C/C(=C\c2ccc([N+](=O)[O-])s2)C2=NN(c3ccccc3)C(c3ccc([N+](=O)[O-])s3)C2C1,test,5.453739432167812
CHEMBL5270219,CHEMBL230,5.96,2022.0,5.96,NC(=O)N1N=C(c2ccccc2)CC1c1cn(-c2ccccc2)nc1-c1ccc(Cl)cc1,val,5.4757659004319965
CHEMBL5270639,CHEMBL230,7.0,2020.0,7.0,CCOC(=O)c1c(SC)nn(C(=O)CSc2nnc(CCCOc3ccc(C)cc3C(=O)c3ccc(F)cc3)o2)c1N,test,5.831072760907305
CHEMBL5270815,CHEMBL230,7.36,2022.0,7.36,NS(=O)(=O)c1ccc(N2N=C(/C=C/c3ccc(Cl)cc3)CCC2=O)cc1,test,6.188710203630866
CHEMBL5271136,CHEMBL230,7.05,2022.0,7.05,O=C(c1cccs1)c1sc(N2CCOCC2)nc1-c1ccccc1,val,5.663044723285768
CHEMBL5271448,CHEMBL230,4.5,2020.0,4.5,CCCOC(=O)c1nc2c(cnn2-c2ccccc2)c(=O)[nH]1,test,5.632425582116336
CHEMBL5271850,CHEMBL230,6.22,2020.0,6.22,CS(=O)(=O)c1ccc(-n2cc(/C=C3\NC(=S)N(c4ccccc4)C3=O)c(-c3ccccc3)n2)cc1,test,6.155361587419273
CHEMBL5271852,CHEMBL230,6.55,2022.0,6.55,CCOP(=O)(OCC)C(NC(=O)c1cc(-c2ccc(C(F)(F)F)cc2)n(-c2ccc(S(N)(=O)=O)cc2)n1)c1ccc(Br)cc1,test,6.512963759196899
CHEMBL5271889,CHEMBL230,6.28,2020.0,6.28,NS(=O)(=O)c1ccc(-n2nc(C(=O)NNC(=O)c3cccc(C(F)(F)F)c3)cc2-c2ccccc2)cc1,val,6.047124638068861
CHEMBL5271933,CHEMBL230,6.88,2022.0,6.88,NS(=O)(=O)c1ccc(C(=O)OCCn2cc(-c3ccc(C(F)(F)F)cc3)nn2)cc1,test,6.114210853571195
CHEMBL5272126,CHEMBL230,7.05,2022.0,7.05,O=C(c1cccs1)c1sc(N2CCOCC2)nc1-c1ccc(C(F)(F)F)cc1,val,5.898197331301657
CHEMBL5272354,CHEMBL230,6.55,2022.0,6.55,CCOP(=O)(OCC)C(NC(=O)c1cc(-c2ccccc2Cl)n(-c2ccc(S(N)(=O)=O)cc2)n1)c1ccccc1,test,6.172735637678972
CHEMBL5272758,CHEMBL230,7.0,2022.0,7.0,Cc1nnc(/N=C2\NC(=O)/C(=C/c3ccc(O)cc3)S2)s1,test,5.833520847070446
CHEMBL5272855,CHEMBL230,5.96,2022.0,5.96,NC(=O)N1N=C(c2ccc(F)cc2)CC1c1cn(-c2ccccc2)nc1-c1ccc(F)cc1,val,5.400417549351392
CHEMBL5272856,CHEMBL230,5.17,2022.0,5.17,CC1=c2c(OCc3nnc(SCC(=O)N4CCN(c5ccccc5)CC4)o3)nn(C)c(=O)c2=C(C)C1c1ccccc1,val,5.362204113723965
CHEMBL5272932,CHEMBL230,5.75,2016.0,5.75,Cc1ccc(-c2cn3c(c2-c2ccccc2)CCC3)s1,test,5.685812573854182
CHEMBL5272969,CHEMBL230,6.55,2022.0,6.55,CCOP(=O)(OCC)C(NC(=O)c1cc(-c2ccc(Cl)cc2)n(-c2ccc(S(N)(=O)=O)cc2)n1)c1ccc(Br)cc1,test,6.594440091448118
CHEMBL5273141,CHEMBL230,6.66,2022.0,6.66,CCOP(=O)(OCC)C(NC(=O)c1cc(-c2cccc3ccccc23)n(-c2ccc(F)cc2)n1)c1ccc(Br)cc1,test,5.893109682837098
CHEMBL5273387,CHEMBL230,6.66,2022.0,6.66,CCOP(=O)(OCC)C(NC(=O)c1cc(-c2cccc3ccccc23)n(-c2ccc(Br)cc2)n1)c1ccc(Br)cc1,test,5.833620779052223
CHEMBL5273397,CHEMBL230,6.66,2022.0,6.66,CCOP(=O)(OCC)C(NC(=O)c1cc(-c2ccsc2)n(-c2ccc(S(N)(=O)=O)cc2)n1)c1ccc(Cl)cc1,val,6.428013136353932
CHEMBL5273538,CHEMBL2094253,4.34,2018.0,4.34,COc1cc(CCc2cccc(Oc3c(O)cccc3CCC3=CCC(O)C=C3)c2)cc(O)c1O,test,5.2931420391134285
CHEMBL5273576,CHEMBL230,6.55,2022.0,6.55,CCOP(=O)(OCC)C(NC(=O)c1cc(-c2ccc(OC)cc2)n(-c2ccc(S(N)(=O)=O)cc2)n1)c1ccccc1,test,6.227679803582998
CHEMBL5273653,CHEMBL230,5.34,2022.0,5.34,C=CCc1ccc(-n2c(-c3cc(NCCCC)c(Oc4ccccc4)c(S(N)(=O)=O)c3)n[nH]c2=S)cc1,test,5.793400942072922
CHEMBL5273684,CHEMBL230,6.66,2022.0,6.66,CCOP(=O)(OCC)C(NC(=O)c1cc(-c2ccsc2)n(-c2ccc(S(N)(=O)=O)cc2)n1)c1ccc(OC)cc1,val,6.27971437133759
CHEMBL5274575,CHEMBL230,6.55,2022.0,6.55,CCOP(=O)(OCC)C(NC(=O)c1cc(-c2ccc(OC)cc2)n(-c2ccc(S(N)(=O)=O)cc2)n1)c1ccc(Br)cc1,test,6.439257348289145
CHEMBL5274783,CHEMBL230,6.55,2022.0,6.55,CCOP(=O)(OCC)C(NC(=O)c1cc(-c2cccc(Cl)c2)n(-c2ccc(S(N)(=O)=O)cc2)n1)c1ccc(Br)cc1,test,6.396724396994634
CHEMBL5274992,CHEMBL230,6.66,2022.0,6.66,CCOP(=O)(OCC)C(NC(=O)c1cc(-c2cccc3ccccc23)n(-c2ccc(S(N)(=O)=O)cc2)n1)c1ccccc1OC,test,6.180001314839329
CHEMBL5275204,CHEMBL230,7.05,2022.0,7.05,O=C(c1cccs1)c1sc(N2CCOCC2)nc1-c1ccc(F)cc1,val,5.836567928254214
CHEMBL5275245,CHEMBL230,6.55,2022.0,6.55,CCOP(=O)(OCC)C(NC(=O)c1cc(-c2ccc(C)cc2)n(-c2ccc(S(N)(=O)=O)cc2)n1)c1ccccc1,test,6.340128921622474
CHEMBL5275290,CHEMBL230,6.98,2022.0,6.98,Nc1c(C(=O)N/N=C/c2ccc(Cl)cc2)sc2nc(-c3ccc(Cl)cc3)cc(-c3cccs3)c12,test,6.114761549395295
CHEMBL5275292,CHEMBL230,6.55,2022.0,6.55,CCOP(=O)(OCC)C(NC(=O)c1cc(-c2cccc(Cl)c2)n(-c2ccc(S(N)(=O)=O)cc2)n1)c1ccccc1,test,6.223013875235254
CHEMBL5275436,CHEMBL230,5.96,2022.0,5.96,NC(=O)N1N=C(c2ccccc2)CC1c1cn(-c2ccccc2)nc1-c1ccccc1,val,5.210037739890979
CHEMBL5275883,CHEMBL230,7.0,2022.0,7.0,CCCc1ccc(/C=C2\S/C(=N/c3nnc(C)s3)NC2=O)cc1,test,5.968084630933411
CHEMBL5275971,CHEMBL230,6.66,2022.0,6.66,CCOP(=O)(OCC)C(NC(=O)c1cc(-c2ccsc2)n(-c2ccc(S(N)(=O)=O)cc2)n1)c1ccc(Br)cc1,val,6.406366482050193
CHEMBL52760,CHEMBL230,8.0,1996.0,8.0,CS(=O)(=O)c1ccc(-c2cc(F)c(F)cc2-c2ccc(F)c(Cl)c2)cc1,test,6.312867345397129
CHEMBL5276070,CHEMBL230,8.7,2022.0,8.7,Cc1csc(/C=C2\CN(C)CC3C2=NN(c2ccccc2)C3c2cc(C)cs2)c1,test,5.580033730997862
CHEMBL5276292,CHEMBL230,6.98,2022.0,6.98,Nc1c(C(=O)N/N=C/c2ccc(Br)cc2)sc2nc(-c3ccc(Cl)cc3)cc(-c3cccs3)c12,test,6.232127681377909
CHEMBL5276364,CHEMBL230,6.66,2022.0,6.66,CCOP(=O)(OCC)C(NC(=O)c1cc(-c2cccc3ccccc23)n(-c2ccc(F)cc2)n1)c1ccc(OC)cc1,test,5.757407293974124
CHEMBL5276444,CHEMBL230,6.6,2022.0,6.6,Cc1nnc(/N=C2\NC(=O)/C(=C/c3ccsc3)S2)s1,val,5.982525288314352
CHEMBL5276590,CHEMBL230,7.36,2022.0,7.36,COc1ccccc1/C=C/C1=NN(c2ccc(S(N)(=O)=O)cc2)C(=O)CC1,test,5.936337059917052
CHEMBL5276822,CHEMBL230,7.05,2022.0,7.05,O=C(c1cccs1)c1sc(Nc2ccccc2)nc1-c1ccc(F)cc1,val,5.773109068641637
CHEMBL5277139,CHEMBL230,6.55,2022.0,6.55,CCOP(=O)(OCC)C(NC(=O)c1cc(-c2ccc(Br)cc2)n(-c2ccc(S(N)(=O)=O)cc2)n1)c1ccc(Br)cc1,test,6.446174613341639
CHEMBL5277159,CHEMBL230,5.96,2022.0,5.96,COc1ccc(C2=NN(C(N)=O)C(c3cn(-c4ccccc4)nc3-c3ccccc3)C2)cc1,val,5.302096536217861
CHEMBL5277168,CHEMBL230,8.7,2022.0,8.7,CN1C/C(=C\c2ccc(F)s2)C2=NN(c3ccccc3)C(c3ccc(F)s3)C2C1,test,5.471253774201061
CHEMBL5277424,CHEMBL230,6.66,2022.0,6.66,CCOP(=O)(OCC)C(NC(=O)c1cc(-c2cccc3ccccc23)n(-c2ccccc2F)n1)c1ccccc1OC,test,5.778741152579474
CHEMBL5277473,CHEMBL230,6.66,2022.0,6.66,CCOP(=O)(OCC)C(NC(=O)c1cc(-c2cccc3ccccc23)n(-c2ccccc2F)n1)c1ccc(Cl)cc1,test,5.9225944816417755
CHEMBL5277545,CHEMBL230,6.66,2022.0,6.66,CCOP(=O)(OCC)C(NC(=O)c1cc(-c2cccc3ccccc23)n(-c2ccccc2F)n1)c1ccc(Br)cc1,test,5.918913069361735
CHEMBL5277598,CHEMBL230,6.66,2022.0,6.66,CCOP(=O)(OCC)C(NC(=O)c1cc(-c2cccc3ccccc23)n(-c2ccccc2F)n1)c1ccc(OC)cc1,test,5.77953008561482
CHEMBL5277627,CHEMBL230,7.38,2020.0,7.38,COc1c2occc2c(OC)c2c(C)c(/C(=N/c3cc(N4CCNCC4)nc(N4CCNCC4)n3)N3CCNCC3)oc12,test,5.766711692735949
CHEMBL5277657,CHEMBL230,6.66,2022.0,6.66,CCOP(=O)(OCC)C(NC(=O)c1cc(-c2cccc3ccccc23)n(-c2ccc(S(N)(=O)=O)cc2)n1)c1ccccc1,test,6.171509942486466
CHEMBL5277740,CHEMBL230,7.0,2022.0,7.0,Cc1nnc(/N=C2\NC(=O)/C(=C/c3ccc(F)cc3)S2)s1,test,6.0867651197103925
CHEMBL5277910,CHEMBL230,6.55,2022.0,6.55,CCOP(=O)(OCC)C(NC(=O)c1cc(-c2cccc(F)c2)n(-c2ccc(S(N)(=O)=O)cc2)n1)c1ccccc1,test,6.182508966002819
CHEMBL5278033,CHEMBL230,8.7,2022.0,8.7,Cc1sc(/C=C2\CN(C)CC3C2=NN(c2ccccc2)C3c2cc(F)c(C)s2)cc1F,test,5.596495266878424
CHEMBL5278337,CHEMBL230,6.66,2022.0,6.66,CCOP(=O)(OCC)C(NC(=O)c1cc(-c2cccc3ccccc23)n(-c2ccc(S(N)(=O)=O)cc2)n1)c1ccc(OC)cc1,test,6.181004847659728
CHEMBL5278506,CHEMBL230,7.0,2021.0,7.0,CCCCNC(=O)c1cc(NCc2cc(O)ccc2O)ccc1O,test,4.9914353646311955
CHEMBL5278569,CHEMBL230,7.41,2022.0,7.41,COc1ccc(C2CC(c3cccc(-n4cnnn4)c3)=NN2C(C)=O)cc1,val,5.264938655651261
CHEMBL5278906,CHEMBL230,7.3,2022.0,7.3,CC(=O)Oc1cc2oc(-c3cccc(F)c3)cc2cc1-c1c[se]nn1,test,5.481268802954707
CHEMBL5279078,CHEMBL230,7.05,2022.0,7.05,O=C(c1cccs1)c1sc(N2CCOCC2)nc1-c1ccc([N+](=O)[O-])cc1,val,5.884396503001498
CHEMBL5279361,CHEMBL230,7.3,2022.0,7.3,CC(=O)Oc1cc2oc(-c3ccc(C)cc3)cc2cc1-c1c[se]nn1,test,5.593351674428867
CHEMBL5279490,CHEMBL230,7.0,2022.0,7.0,COc1ccc(/C=C2\S/C(=N/c3nnc(C)s3)NC2=O)cc1,test,5.993183073643979
CHEMBL5279940,CHEMBL230,8.7,2022.0,8.7,CN1C/C(=C\c2ccc(Cl)s2)C2=NN(c3ccccc3)C(c3ccc(Cl)s3)C2C1,test,5.496469810849205
CHEMBL5280300,CHEMBL230,6.66,2022.0,6.66,CCOP(=O)(OCC)C(NC(=O)c1cc(-c2cccc3ccccc23)n(-c2ccc(F)cc2)n1)c1ccccc1,test,5.739451127861391
CHEMBL5280343,CHEMBL230,6.55,2022.0,6.55,CCOP(=O)(OCC)C(NC(=O)c1cc(-c2ccc(C)cc2)n(-c2ccc(S(N)(=O)=O)cc2)n1)c1ccc(Br)cc1,test,6.540413578648379
CHEMBL5280463,CHEMBL230,8.7,2022.0,8.7,Cc1ccc(/C=C2\CN(C)CC3C2=NN(c2ccccc2)C3c2ccc(C)s2)s1,test,5.399034011364627
CHEMBL5280574,CHEMBL230,5.96,2022.0,5.96,NC(=O)N1N=C(c2ccc(Cl)cc2)CC1c1cn(-c2ccccc2)nc1-c1ccc(Cl)cc1,val,5.474481725236432
CHEMBL5281053,CHEMBL230,7.36,2022.0,7.36,COc1ccc(/C=C/C2=NN(c3ccc(S(N)(=O)=O)cc3)C(=O)CC2)cc1OC,test,6.090120501025281
CHEMBL5281098,CHEMBL230,6.82,2022.0,6.82,CC1=NN(c2ccc(S(N)(=O)=O)cc2)C(=O)/C1=C\c1c[nH]c2ccccc12,test,6.127615731553499
CHEMBL5281215,CHEMBL230,7.3,2022.0,7.3,COc1ccc(-c2cc3cc(-c4c[se]nn4)c(OC(C)=O)cc3o2)cc1,test,5.437912263014676
CHEMBL5281224,CHEMBL230,6.55,2022.0,6.55,CCOP(=O)(OCC)C(NC(=O)c1cc(-c2cccc(F)c2)n(-c2ccc(S(N)(=O)=O)cc2)n1)c1ccc(Br)cc1,test,6.360522321095362
CHEMBL5281490,CHEMBL230,6.55,2022.0,6.55,CCCCNc1cc(-c2n[nH]c(=S)n2-c2ccccc2)cc(S(N)(=O)=O)c1Oc1ccccc1,test,5.778183687877189
CHEMBL5281749,CHEMBL230,6.66,2022.0,6.66,CCOP(=O)(OCC)C(NC(=O)c1cc(-c2cccc3ccccc23)n(-c2ccc(Br)cc2)n1)c1ccccc1,test,5.846896626325818
CHEMBL52820,CHEMBL230,8.7,1996.0,8.7,NS(=O)(=O)c1ccc(-c2cc(F)c(F)cc2-c2ccc(F)c(Cl)c2)cc1,test,6.453505960218941
CHEMBL5282037,CHEMBL230,7.0,2022.0,7.0,Cc1nnc(/N=C2\NC(=O)/C(=C/c3ccc(Cl)cc3)S2)s1,test,6.198414701042219
CHEMBL5282152,CHEMBL230,7.41,2022.0,7.41,COc1ccc(C2CC(c3cccc(-n4cnnn4)c3)=NN2C(C)=O)cc1OC,val,5.320300022213795
CHEMBL5282220,CHEMBL230,6.41,2020.0,6.41,NS(=O)(=O)c1ccc(N/N=C/c2cn(-c3ccc(S(N)(=O)=O)cc3)nc2-c2ccc(Cl)cc2)cc1,test,6.4553622231561665
CHEMBL5282224,CHEMBL230,6.0,2020.0,6.0,O=C1c2ccccc2C(=O)N1c1nc2cc([N+](=O)[O-])ccc2n1Cc1ccc(-c2ccccc2)cc1,val,5.635044651934956
CHEMBL5282558,CHEMBL230,6.66,2022.0,6.66,CCOP(=O)(OCC)C(NC(=O)c1cc(-c2cccc3ccccc23)n(-c2ccccc2F)n1)c1ccccc1,test,5.78443283597054
CHEMBL5283806,CHEMBL230,6.55,2022.0,6.55,CCOP(=O)(OCC)C(NC(=O)c1cc(-c2cccc(OC)c2)n(-c2ccc(S(N)(=O)=O)cc2)n1)c1ccccc1,test,6.1720681438917
CHEMBL5283826,CHEMBL230,6.55,2022.0,6.55,CCOP(=O)(OCC)C(NC(=O)c1cc(-c2ccc(C(F)(F)F)cc2)n(-c2ccc(S(N)(=O)=O)cc2)n1)c1ccccc1,test,6.311684801997291
CHEMBL5283848,CHEMBL230,7.41,2022.0,7.41,COc1ccc(C2CC(c3cccc(-n4cnnn4)c3)=NN2)cc1OC,val,5.526304807183163
CHEMBL5283867,CHEMBL230,8.7,2022.0,8.7,CS(=O)(=O)c1ccc(C(=O)OCCn2cc(-c3ccc(C(F)(F)F)cc3)nn2)cc1,test,6.011023286513332
CHEMBL5284073,CHEMBL230,4.3,2022.0,4.3,O=c1/c(=C/c2cccc(O)c2)sc2nc(C34CC5CC(CC(C5)C3)C4)nn12,test,5.518727593073732
CHEMBL5284118,CHEMBL230,7.99,2021.0,7.99,CC1=CCCC2C1(C)CCC(C)C2(C)CCC1=CC(=O)OC1O,val,5.701713509474
CHEMBL5284227,CHEMBL230,7.0,2022.0,7.0,Cc1nnc(/N=C2\NC(=O)/C(=C/c3ccc(N(C)C)cc3)S2)s1,test,5.986055135957169
CHEMBL5284488,CHEMBL230,6.25,2020.0,6.25,COc1ccc(N2C(=O)/C(=C/c3cn(-c4ccc(S(C)(=O)=O)cc4)nc3-c3cccc(Cl)c3)NC2=S)cc1,test,6.260838967577123
CHEMBL5284686,CHEMBL230,6.66,2022.0,6.66,CCOP(=O)(OCC)C(NC(=O)c1cc(-c2cccc3ccccc23)n(-c2ccc(S(N)(=O)=O)cc2)n1)c1ccc(Cl)cc1,test,6.321567961843845
CHEMBL5284867,CHEMBL230,7.3,2022.0,7.3,CC(=O)Oc1cc2oc(-c3ccc(F)cc3)cc2cc1-c1c[se]nn1,test,5.529221089555813
CHEMBL5284988,CHEMBL230,7.3,2022.0,7.3,CC(=O)Oc1cc2oc(-c3ccccc3)cc2cc1-c1c[se]nn1,test,5.303358878450457
CHEMBL5285268,CHEMBL230,6.66,2022.0,6.66,CCOP(=O)(OCC)C(NC(=O)c1cc(-c2cccc3ccccc23)n(-c2ccc(Br)cc2)n1)c1ccc(OC)cc1,test,5.858557327691301
CHEMBL5285484,CHEMBL230,5.85,2021.0,5.85,CC(C)CC(=O)NC[C@H]1CC[C@H](NC(=O)c2nc3ccccc3cc2O)[C@H](O)O1,test,5.508267104473481
CHEMBL5285490,CHEMBL230,6.6,2022.0,6.6,Cc1nnc(/N=C2\NC(=O)/C(=C/c3cccnc3)S2)s1,val,5.9183919945589265
CHEMBL5285552,CHEMBL230,7.0,2022.0,7.0,Cc1nnc(/N=C2\NC(=O)/C(=C/c3ccc(Br)cc3)S2)s1,test,6.185445604965809
CHEMBL5285559,CHEMBL230,6.66,2022.0,6.66,CCOP(=O)(OCC)C(NC(=O)c1cc(-c2cccc3ccccc23)n(-c2ccc(Br)cc2)n1)c1ccccc1OC,test,5.84687827508143
CHEMBL5285788,CHEMBL230,7.05,2022.0,7.05,Cc1ccc(-c2nc(N3CCOCC3)sc2C(=O)c2cccs2)cc1,val,5.9055817397068155
CHEMBL5286186,CHEMBL230,7.39,2022.0,7.39,COc1ccc(-c2cc(-c3cccc(-n4cnnn4)c3)no2)cc1,test,5.620215624456595
CHEMBL5286360,CHEMBL230,5.96,2022.0,5.96,COc1ccc(C2=NN(C(N)=O)C(c3cn(-c4ccccc4)nc3-c3ccc(F)cc3)C2)cc1,val,5.418397378330817
CHEMBL5286505,CHEMBL230,5.96,2022.0,5.96,Cc1ccc(C2=NN(C(N)=O)C(c3cn(-c4ccccc4)nc3-c3ccccc3)C2)cc1,val,5.483914477030256
CHEMBL5286663,CHEMBL230,6.66,2022.0,6.66,CCOP(=O)(OCC)C(NC(=O)c1cc(-c2cccc3ccccc23)n(-c2ccc(Br)cc2)n1)c1ccc(Cl)cc1,test,5.987364949249531
CHEMBL5286816,CHEMBL230,7.0,2021.0,7.0,O=C(NC1CCCCC1)c1cc(NCc2cc(O)ccc2O)ccc1O,test,5.050013464901836
CHEMBL5287186,CHEMBL230,6.55,2022.0,6.55,CCOP(=O)(OCC)C(NC(=O)c1cc(-c2ccccc2F)n(-c2ccc(S(N)(=O)=O)cc2)n1)c1ccc(Br)cc1,test,6.321926890522653
CHEMBL52872,CHEMBL230,8.22,1996.0,8.22,CN(C)c1ccc(-c2cc(F)c(F)cc2-c2ccc(S(N)(=O)=O)cc2)cc1Cl,test,6.4035493954700815
CHEMBL5287406,CHEMBL230,6.66,2022.0,6.66,CCOP(=O)(OCC)C(NC(=O)c1cc(-c2ccsc2)n(-c2ccc(S(N)(=O)=O)cc2)n1)c1ccccc1,val,6.219080686041838
CHEMBL5287515,CHEMBL230,5.96,2022.0,5.96,Cc1ccc(C2=NN(C(N)=O)C(c3cn(-c4ccccc4)nc3-c3ccc(F)cc3)C2)cc1,val,5.58979342139488
CHEMBL5287611,CHEMBL230,5.17,2022.0,5.17,CCCCCC1C(C)=c2c(OCc3nnc(SCC(=O)N4CCN(c5ncccn5)CC4)o3)nn(C)c(=O)c2=C1C,test,5.448790612296612
CHEMBL5288176,CHEMBL230,4.28,2020.0,4.28,COc1ccc(C2=NNC(S)C2N(CN2C(=O)/C(=C\c3nnc(-c4ccc(-c5ccc(OC)cc5)cc4)s3)c3ccccc32)C(=O)c2ccccc2)cc1,test,5.678759967714798
CHEMBL5288634,CHEMBL230,6.38,2020.0,6.38,CS(=O)(=O)c1ccc(-n2cc(/C=N/Nc3ccc(S(N)(=O)=O)cc3)c(-c3ccc(Br)cc3)n2)cc1,test,6.51244005022641
CHEMBL5288656,CHEMBL230,6.66,2022.0,6.66,CCOP(=O)(OCC)C(NC(=O)c1cc(-c2cccc3ccccc23)n(-c2ccc(F)cc2)n1)c1ccc(Cl)cc1,test,5.896991788097968
CHEMBL5288720,CHEMBL230,5.96,2022.0,5.96,NC(=O)N1N=C(c2ccccc2)CC1c1cn(-c2ccccc2)nc1-c1ccc(F)cc1,val,5.400740913043599
CHEMBL52888,CHEMBL230,7.19,1996.0,7.19,COc1ccc(-c2cc(F)c(F)cc2-c2ccc(S(N)(=O)=O)cc2)cc1OC,test,6.353674536673936
CHEMBL52889,CHEMBL230,6.47,1996.0,6.47,COc1ccc(-c2cc(F)c(F)cc2-c2ccc(S(C)(=O)=O)cc2)cc1OC,test,6.148741883409425
CHEMBL5289008,CHEMBL230,6.98,2022.0,6.98,Cc1ccc(/C=N/NC(=O)c2sc3nc(-c4ccc(Cl)cc4)cc(-c4cccs4)c3c2N)cc1,test,6.24157176397807
CHEMBL5289200,CHEMBL230,6.66,2022.0,6.66,CCOP(=O)(OCC)C(NC(=O)c1cc(-c2cccc3ccccc23)n(-c2ccc(S(N)(=O)=O)cc2)n1)c1ccc(Br)cc1,test,6.301863210328421
CHEMBL5289245,CHEMBL230,8.7,2022.0,8.7,CCc1ccc(/C=C2\CN(C)CC3C2=NN(c2ccccc2)C3c2ccc(CC)s2)s1,test,5.457553051794773
CHEMBL5289353,CHEMBL230,6.98,2022.0,6.98,Nc1c(C(=O)N/N=C/c2ccccc2)sc2nc(-c3ccc(Cl)cc3)cc(-c3cccs3)c12,test,6.071085239078401
CHEMBL5289598,CHEMBL230,7.0,2022.0,7.0,Cc1ccc(/C=C2\S/C(=N/c3nnc(C)s3)NC2=O)cc1,test,6.073628166050276
CHEMBL5289878,CHEMBL230,6.66,2022.0,6.66,CCOP(=O)(OCC)C(NC(=O)c1cc(-c2cccc3ccccc23)n(-c2ccc(F)cc2)n1)c1ccccc1OC,test,5.758131664347583
CHEMBL5289951,CHEMBL230,6.55,2022.0,6.55,CCOP(=O)(OCC)C(NC(=O)c1cc(-c2ccc(F)cc2)n(-c2ccc(S(N)(=O)=O)cc2)n1)c1ccc(Br)cc1,test,6.469839144013222
CHEMBL5289989,CHEMBL230,5.96,2022.0,5.96,NC(=O)N1N=C(c2ccc(Cl)cc2)CC1c1cn(-c2ccccc2)nc1-c1ccccc1,val,5.4757659004319965
CHEMBL5290170,CHEMBL230,4.0,2021.0,4.0,COc1ccc2c(c1)c(Cc1nonc1O)c(C)n2C(=O)c1ccccc1,test,5.7745231052485755
CHEMBL5290194,CHEMBL230,7.41,2022.0,7.41,COc1ccc(C2CC(c3cccc(-n4cnnn4)c3)=NN2)cc1,val,5.474089229973878
CHEMBL5290253,CHEMBL230,8.7,2022.0,8.7,Cc1sc(/C=C2\CN(C)CC3C2=NN(c2ccccc2)C3c2cc(Br)c(C)s2)cc1Br,test,5.595011410073684
CHEMBL5290356,CHEMBL230,7.3,2022.0,7.3,CC(=O)Oc1cc2oc(-c3cccc(Cl)c3)cc2cc1-c1c[se]nn1,test,5.520293566129501
CHEMBL5290910,CHEMBL230,7.16,2020.0,7.16,C=C1c2nc3ccccc3n2CC(c2ccc(S(C)(=O)=O)cc2)N1c1ccc(C)cc1,test,5.8093974765156755
CHEMBL5291369,CHEMBL230,6.55,2022.0,6.55,Bc1ccc(C(NC(=O)c2cc(-c3ccccc3Cl)n(-c3ccc(S(N)(=O)=O)cc3)n2)P(=O)(OCC)OCC)cc1,test,6.173273196536408
CHEMBL5396677,CHEMBL230,6.85,2023.0,6.85,Nc1c(C(=O)N/N=C/c2ccccc2[N+](=O)[O-])cnn1-c1ccc(S(N)(=O)=O)cc1,test,5.930829093756892
CHEMBL5399843,CHEMBL230,5.32,2023.0,5.32,CCCCOc1nnc(CNc2ncnc3sc4c(c23)CCCC4)o1,test,5.932611085618608
CHEMBL5403077,CHEMBL230,7.0,2023.0,7.0,Nc1c(C(=O)N/N=C/c2cccc([N+](=O)[O-])c2)cnn1-c1ccc(S(N)(=O)=O)cc1,test,6.056665217708142
CHEMBL5403487,CHEMBL230,5.67,2023.0,5.67,CC1=NN(C(=O)CNc2ncnc3sc4c(c23)CCCC4)C(C)(O)C1,test,6.038417476101222
CHEMBL54039,CHEMBL230,7.72,1996.0,7.72,COc1ccc(-c2ccccc2-c2ccc(S(N)(=O)=O)cc2)cc1Cl,test,6.182421251391888
CHEMBL5404379,CHEMBL230,7.31,2023.0,7.31,Nc1c(C(=O)N/N=C/c2ccccc2)cnn1-c1ccc(S(N)(=O)=O)cc1,test,5.995133261610149
CHEMBL5406863,CHEMBL230,5.41,2023.0,5.41,O=C(CNc1ncnc2sc3c(c12)CCCC3)NN=C1C(=O)Nc2ccccc21,val,5.887768321601873
CHEMBL5408885,CHEMBL230,6.81,2023.0,6.81,Nc1c(C(=O)N/N=C/c2ccc([N+](=O)[O-])cc2)cnn1-c1ccc(S(N)(=O)=O)cc1,test,6.075167757853241
CHEMBL5409238,CHEMBL230,4.0,2023.0,4.0,COc1cccc2[nH]cc(-c3cc(-c4ccccc4)oc3-c3ccccc3)c12,val,5.244468668176808
CHEMBL5410341,CHEMBL230,5.82,2023.0,5.82,Cc1c(C(=O)/C=C/c2ccco2)c(C(=O)/C=C/c2ccco2)nn1-c1ccc(Cl)cc1,val,5.87365875857149
CHEMBL5411261,CHEMBL230,3.529604211184971,2023.0,3.529604211184971,CC1=Nc2c(/N=N/c3ccc(O)cc3)c(N)nn2C1=O,val,5.267810732558345
CHEMBL5414373,CHEMBL230,4.8,2023.0,4.8,CC(=O)Nc1nn2c(NC(C)=O)cc(=O)[nH]c2c1/N=N/c1ccc(O)cc1,test,5.240664510733246
CHEMBL5417201,CHEMBL230,5.19,2023.0,5.19,CC(=O)N/C=C/c1ccc2c(c1)O[C@H](c1ccc(O)c(O)c1)[C@H](NC(C)=O)O2,test,5.171073342134752
CHEMBL5420858,CHEMBL230,6.89,2023.0,6.89,Nc1c(C(=O)N/N=C/c2ccccc2Cl)cnn1-c1ccc(S(N)(=O)=O)cc1,test,6.106157174995414
CHEMBL5421326,CHEMBL230,4.44,2023.0,4.44,Nc1n[nH]c(/N=C2/C(=O)Nc3ccc(S(=O)(=O)N4CCCC4)cc32)c1/N=N/c1ccc(O)cc1,test,5.666263256943565
CHEMBL5422492,CHEMBL230,6.82,2023.0,6.82,COc1ccc(/C=N/NC(=O)c2cnn(-c3ccc(S(N)(=O)=O)cc3)c2N)cc1,test,6.096635632301859
CHEMBL54227,CHEMBL2094253,5.0,1990.0,5.0,Cc1cc(C(=O)/C=C/c2cccs2)cc(C)c1O,val,5.66659519406883
CHEMBL5423515,CHEMBL230,4.1,2023.0,4.1,CCOC(=O)C1=Nc2c(/N=N/c3ccc(O)cc3)c(N)nn2C1=O,val,5.251960134434247
CHEMBL5424006,CHEMBL230,7.1,2023.0,7.1,CN(C)c1ccc(/C=N/NC(=O)c2cnn(-c3ccc(S(N)(=O)=O)cc3)c2N)cc1,test,6.055599656869876
CHEMBL5428573,CHEMBL230,5.16,2023.0,5.16,CC(=O)NCCc1ccc(NC(=O)c2ccc(O)c(O)c2)c(O)c1,val,4.989096463573745
CHEMBL5430378,CHEMBL230,7.22,2023.0,7.22,Nc1c(C(=O)N/N=C/c2ccc(O)cc2)cnn1-c1ccc(S(N)(=O)=O)cc1,test,5.940690954879147
CHEMBL5431270,CHEMBL230,7.05,2023.0,7.05,Nc1c(C(=O)N/N=C/c2ccc(Cl)cc2)cnn1-c1ccc(S(N)(=O)=O)cc1,test,6.26387004165399
CHEMBL54326,CHEMBL230,8.3,1996.0,8.3,Cc1ccc(-c2cc(F)c(F)cc2-c2ccc(S(N)(=O)=O)cc2)cc1C,test,6.531118006865228
CHEMBL54327,CHEMBL230,8.52,1996.0,8.52,Cc1ccc(-c2cc(F)c(F)cc2-c2ccc(S(N)(=O)=O)cc2)cc1Cl,test,6.686541322352943
CHEMBL54367,CHEMBL230,4.0,1996.0,4.0,CS(=O)(=O)c1ccc(-c2c(F)c(F)c(F)c(F)c2-c2ccc(F)cc2)cc1,test,6.105630810154061
CHEMBL54370,CHEMBL230,8.4,1996.0,8.4,Cc1ccc(-c2cc(F)c(F)cc2-c2ccc(S(N)(=O)=O)cc2)cc1,test,6.526430927366554
CHEMBL5440465,CHEMBL230,4.33,2023.0,4.33,Cc1cc(C)n2nc(N)c(/N=N/c3ccc(O)cc3)c2n1,test,5.280575979051373
CHEMBL54412,CHEMBL230,7.77,1996.0,7.77,NS(=O)(=O)c1ccc(-c2ccccc2-c2ccc(F)c(Cl)c2)cc1,test,6.298923181997872
CHEMBL54605,CHEMBL230,4.0,1996.0,4.0,COc1ccc(-c2ccccc2-c2ccc(S(C)(=O)=O)cc2)cc1F,test,6.068431188558684
CHEMBL54649,CHEMBL230,7.68,1996.0,7.68,COc1ccc(-c2cc(F)c(F)cc2-c2ccc(S(C)(=O)=O)cc2)cc1F,test,6.225285843916851
CHEMBL54945,CHEMBL230,6.62,1996.0,6.62,CS(=O)(=O)c1ccc(-c2cc(Cl)c(Cl)cc2-c2ccc(F)cc2)cc1,test,6.252440980148959
CHEMBL55072,CHEMBL230,7.89,1996.0,7.89,COc1ccc(-c2cc(F)c(F)cc2-c2ccc(S(N)(=O)=O)cc2)cc1F,test,6.429183518375602
CHEMBL550737,CHEMBL230,8.0,2009.0,8.0,Cc1cccc(Oc2nc(-c3ccc(S(C)(=O)=O)cc3)cc(C(F)(F)F)n2)c1,test,6.677175927087377
CHEMBL551148,CHEMBL230,8.850000000000001,2009.0,8.850000000000001,CS(=O)(=O)c1ccc(-c2cc(C(F)(F)F)nc(NCc3ccc(F)cc3)n2)cc1,test,6.66109506551668
CHEMBL551419,CHEMBL230,7.66,2009.0,7.66,CS(=O)(=O)c1ccc(-c2cc(C(F)(F)F)nc(OCC3CCCC3)n2)cc1,test,6.617365370077501
CHEMBL551829,CHEMBL230,8.85,2009.0,8.85,CS(=O)(=O)c1ccc(-c2cc(C(F)(F)F)nc(NCc3ccccc3)n2)cc1,test,6.55533442057998
CHEMBL551830,CHEMBL230,8.0,2009.0,8.0,Cc1ccc(CNc2nc(-c3ccc(S(C)(=O)=O)cc3)cc(C(F)(F)F)n2)cc1,test,6.7662412330544965
CHEMBL55188,CHEMBL230,6.85,1996.0,6.85,CS(=O)(=O)c1ccc(-c2ccccc2-c2ccc(Cl)cc2)cc1,test,5.899607655213824
CHEMBL552081,CHEMBL230,8.0,2009.0,8.0,CS(=O)(=O)c1ccc(-c2cc(C(F)(F)F)nc(OC3CCCCC3)n2)cc1,val,6.742644934922706
CHEMBL552082,CHEMBL230,8.0,2009.0,8.0,CS(=O)(=O)c1ccc(-c2cc(C(F)(F)F)nc(OC3CCCCCCC3)n2)cc1,val,6.742644934922706
CHEMBL552145,CHEMBL230,5.28,2009.0,5.28,CS(=O)(=O)c1ccc(-c2cnc(CCc3ccccc3)nc2-c2ccc(F)cc2)cc1,test,6.179606634572116
CHEMBL55217,CHEMBL2094253,4.96,1990.0,4.96,Cc1cc(/C=C/c2cccnc2)cc(C)c1O,val,5.491993587645739
CHEMBL55224,CHEMBL230,4.0,1996.0,4.0,COc1c(Cl)cc(-c2cc(F)c(F)cc2-c2ccc(S(C)(=O)=O)cc2)cc1Cl,test,6.346339817699139
CHEMBL553,CHEMBL230,5.0,2015.0,5.0,C#Cc1cccc(Nc2ncnc3cc(OCCOC)c(OCCOC)cc23)c1,test,5.204649432012035
CHEMBL55348,CHEMBL230,7.89,1996.0,7.89,COc1ccc(-c2cc(F)c(F)cc2-c2ccc(S(N)(=O)=O)cc2)cc1Cl,test,6.5184424130304
CHEMBL55389,CHEMBL2094253,6.0,1990.0,6.0,Cc1cc(C(=O)c2cccs2)cc(C)c1O,test,5.470898980249161
CHEMBL55448,CHEMBL2094253,6.4,1990.0,6.4,Cc1cc(/C=C/c2csc3ccccc23)cc(C)c1O,test,5.678243575419323
CHEMBL5558625,CHEMBL230,6.22,2024.0,6.22,COc1ccccc1Oc1ccc(NC(=O)c2c(-c3c(Cl)cccc3Cl)noc2C)cc1,val,5.428536770929481
CHEMBL5561256,CHEMBL230,5.35,2024.0,5.35,COc1ccc(-n2cc(COC(=O)C(C)c3ccc(CC(C)C)cc3)nn2)cc1,val,5.539673210422922
CHEMBL5563763,CHEMBL230,6.96,2024.0,6.96,CCCn1nc(Oc2ccccc2C)ccc1=O,val,5.4808748354193515
CHEMBL5564056,CHEMBL230,4.0,2024.0,4.0,C=CCc1cccc(-c2nc(-c3ccccc3Cl)c(-c3ccccc3Cl)[nH]2)c1OC(=O)COC,test,5.476329769968148
CHEMBL5564115,CHEMBL230,5.04,2024.0,5.04,Cc1ccc(C(C)C)c(O)c1/C=N/N=C1/SC(CC(=O)O)C(=O)N1c1cccc2ccccc12,val,5.741556551861348
CHEMBL5564400,CHEMBL230,4.91,2024.0,4.91,CC(C)Cc1ccc(C(C)C(=O)OCc2cn(-c3ccc(Cl)cc3)nn2)cc1,val,5.712955754407843
CHEMBL5564416,CHEMBL230,7.03,2024.0,7.03,CN/N=C/c1coc2ccc(OC)cc2c1=O,test,5.530231894111978
CHEMBL5564555,CHEMBL230,6.47,2024.0,6.47,COC(=O)N/N=C/c1coc2cc(OC)ccc2c1=O,test,5.310670690612912
CHEMBL5565293,CHEMBL230,5.82,2024.0,5.82,COc1ccccc1C1=Nn2c(Cc3ccccc3Nc3c(Cl)cccc3Cl)nnc2SC1,test,5.4441651982598565
CHEMBL5565667,CHEMBL230,6.72,2024.0,6.72,CN/N=C/c1coc2ccccc2c1=O,test,5.396922179995098
CHEMBL5568508,CHEMBL230,6.13,2024.0,6.13,CC(C)Cc1ccc(C(C)C(=O)OCc2cn(-c3ccccc3Cl)nn2)cc1,val,5.590647171241654
CHEMBL5569084,CHEMBL230,6.33,2024.0,6.33,CN/N=C/c1coc2cc(OC)ccc2c1=O,test,5.447759541080503
CHEMBL5569838,CHEMBL230,7.04,2024.0,7.04,Cc1ccc(C(C)C)c(O)c1/C=N/N=C1\NC(=O)C(CC(=O)O)S1,test,5.559372043925529
CHEMBL5573650,CHEMBL230,4.0,2024.0,4.0,C=CCc1cccc(-c2nc(-c3ccccc3Cl)c(-c3ccccc3Cl)[nH]2)c1OC(C)=O,test,5.458718958564012
CHEMBL5574567,CHEMBL230,4.0,2024.0,4.0,CCOc1ccc(N)cc1C(=O)Nc1cccc(C(F)(F)F)c1,val,5.104367938645002
CHEMBL5575020,CHEMBL230,5.04,2024.0,5.04,Clc1ccc(-c2cc(-c3ccco3)no2)c(Cl)c1,test,5.418705547616843
CHEMBL5579718,CHEMBL230,6.0,2023.0,6.0,O=C1c2ccccc2C(=O)N1c1nc2cc([N+](=O)[O-])ccc2n1Cc1cccc(-c2ccccc2)c1,val,5.5470755014496795
CHEMBL55805,CHEMBL230,8.52,1996.0,8.52,Cc1cc(-c2cc(F)c(F)cc2-c2ccc(S(N)(=O)=O)cc2)ccc1Cl,test,6.595206452441632
CHEMBL558340,CHEMBL230,8.52,1996.0,8.52,CS(=O)(=O)c1ccc(C2=C(c3ccc(Cl)c(Cl)c3)CC3(CC3)C2)cc1,test,6.350272125762795
CHEMBL5583683,CHEMBL230,4.301029995663981,2024.0,4.301029995663981,COc1ccc(-c2noc(C)c2-c2ccc(Oc3ccccc3)cc2)cc1,test,4.928849183480205
CHEMBL5591853,CHEMBL230,6.64,2024.0,6.64,COC(=O)N/N=C/c1coc2ccc(OC)cc2c1=O,test,5.391303625545716
CHEMBL5592921,CHEMBL230,8.75,2023.0,8.75,COc1ccc2cc(C(C)C(=O)O/N=C(\N)c3ccc(-c4ccccc4)c(-c4ccccc4)c3)ccc2c1,test,5.545823814726578
CHEMBL5595152,CHEMBL230,4.301029995663981,2024.0,4.301029995663981,COc1ccc(-c2noc(CC(=O)O)c2-c2ccc(Oc3ccccc3)cc2)cc1,test,4.837726833538062
CHEMBL56196,CHEMBL2094253,5.0,1990.0,5.0,Cc1cc(/C=C/c2ccc3ccccc3c2)cc(C)c1O,test,5.538317475179741
CHEMBL5631482,CHEMBL230,7.16,2024.0,7.16,NS(=O)(=O)c1ccc(-c2sncc2-c2ccc(F)cc2)cc1,test,6.209549828066154
CHEMBL5631674,CHEMBL230,4.8,2024.0,4.8,CCC(SC1=NC(c2ccccc2)C(c2ccccc2)N1)C(=O)O,test,5.11745650722143
CHEMBL5631812,CHEMBL230,6.28,2023.0,6.28,CSc1nnc2n(Cc3ccccc3)c(=O)c3c4c(sc3n12)CCCC4,test,5.85238415093621
CHEMBL5631827,CHEMBL230,6.65,2023.0,6.65,CS(=O)(=O)c1ccc(C2CN(c3ccc(C(F)(F)F)cc3)N=N2)cc1,test,5.739242391103987
CHEMBL563262,CHEMBL230,5.0,2009.0,5.0,O=S1(=O)CCCCCNc2nc(cc(C(F)(F)F)n2)-c2ccc1cc2,val,6.097016073051161
CHEMBL5632749,CHEMBL230,4.59,2024.0,4.59,O=C(Nc1ccccc1NC(=O)c1ccc2c(c1)OCO2)c1ccc2c(c1)OCO2,test,5.200934265518564
CHEMBL5633560,CHEMBL230,7.0,2023.0,7.0,COc1cc(/C=C2\S/C(=N/c3nnc(C)s3)NC2=O)cc(OC)c1OC,test,6.037493798126138
CHEMBL56367,CHEMBL230,5.865,1997.0,5.865,CS(=O)(=O)Nc1ccc([N+](=O)[O-])cc1Oc1ccccc1,val,5.441765832578303
CHEMBL564993,CHEMBL230,8.0,2009.0,8.0,Cc1ccc(Oc2nc(-c3ccc(S(C)(=O)=O)cc3)cc(C(F)(F)F)n2)cc1,test,6.7114817167589775
CHEMBL56563,CHEMBL2094253,6.52,1990.0,6.52,Cc1cc(CCc2ccc(F)cc2)cc(C)c1O,test,5.282089158133294
CHEMBL57837,CHEMBL230,8.22,1996.0,8.22,Cc1cc(-c2cc(F)c(F)cc2-c2ccc(S(C)(=O)=O)cc2)ccc1Cl,test,6.407929668642437
CHEMBL599,CHEMBL230,6.234999999999999,1997.0,6.234999999999999,Cc1cnc(NC(=O)C2=C(O)c3ccccc3S(=O)(=O)N2C)s1,test,5.093216768544025
CHEMBL602675,CHEMBL230,4.81,2010.0,4.81,CS(=O)(=O)c1ccc(-n2nc(C(F)(F)F)cc2C2CCN(CCCCO[N+](=O)[O-])CC2)cc1,test,5.931647751691855
CHEMBL602676,CHEMBL230,4.78,2010.0,4.78,NS(=O)(=O)c1ccc(-n2nc(C(F)(F)F)cc2C2CCN(CCCCO[N+](=O)[O-])CC2)cc1,test,6.076026203884686
CHEMBL63323,CHEMBL230,6.04,,6.04,O=C(O)c1cccnc1Nc1cccc(C(F)(F)F)c1,test,5.105344650781009
CHEMBL65793,CHEMBL230,6.36,1997.0,6.36,CCOC(=O)Cn1nc(-c2ccc(S(C)(=O)=O)cc2)c(-c2ccc(F)cc2)c1C(F)(F)F,val,6.2430790226770245
CHEMBL66856,CHEMBL230,7.12,1997.0,7.12,C=CCn1nc(-c2ccc(S(C)(=O)=O)cc2)c(-c2ccc(F)cc2)c1C(F)(F)F,val,6.443080435853632
CHEMBL67721,CHEMBL230,6.32,1997.0,6.32,CS(=O)(=O)c1ccc(-c2nn(CC(=O)Nc3ccccc3)c(C(F)(F)F)c2-c2ccc(F)cc2)cc1,test,6.098338456266382
CHEMBL67759,CHEMBL230,2.858200000387963,2005.0,2.858200000387963,CS(=O)(=O)c1ccc(-c2occ(Cl)c(=O)c2-c2ccc(F)cc2F)cc1,test,6.405423552514489
CHEMBL68127,CHEMBL230,6.89,1997.0,6.89,CCn1nc(-c2ccc(S(C)(=O)=O)cc2)c(-c2ccc(F)cc2)c1C(F)(F)F,val,6.475960481590234
CHEMBL68866,CHEMBL230,2.8302000001176983,2005.0,2.8302000001176983,CS(=O)(=O)c1ccc(-c2occ(Cl)c(=O)c2-c2ccc(F)cc2)cc1,test,6.317715717542409
CHEMBL68873,CHEMBL230,2.630099999782637,2005.0,2.630099999782637,CS(=O)(=O)c1ccc(-c2occ(Cl)c(=O)c2-c2cc(F)cc(F)c2)cc1,test,6.3738046410860285
CHEMBL68972,CHEMBL230,2.8487000010785124,2005.0,2.8487000010785124,CS(=O)(=O)c1ccc(-c2occ(Cl)c(=O)c2-c2cccc(Cl)c2)cc1,test,6.216787805803856
CHEMBL69030,CHEMBL230,2.151900000138762,2005.0,2.151900000138762,CS(=O)(=O)c1ccc(-c2occ(Cl)c(=O)c2-c2cccnc2)cc1,test,6.042880804878179
CHEMBL69261,CHEMBL230,5.01,2000.0,5.01,Cc1ccccc1-n1c(-c2ccc(S(N)(=O)=O)cc2)coc1=O,test,6.266004498227515
CHEMBL69557,CHEMBL230,5.64,2000.0,5.64,NS(=O)(=O)c1ccc(-c2coc(=O)n2-c2ccc(F)cc2F)cc1,test,6.3212383288533065
CHEMBL69567,CHEMBL230,3.07789999744852,2005.0,3.07789999744852,CS(=O)(=O)c1ccc(-c2occ(Cl)c(=S)c2-c2ccc(F)cc2)cc1,test,6.345978670957818
CHEMBL69667,CHEMBL230,6.5,2000.0,6.5,CS(=O)(=O)c1ccc(-c2coc(=O)n2-c2ccc(Cl)cc2)cc1,test,6.181991578989786
CHEMBL69683,CHEMBL230,2.163000000008996,2005.0,2.163000000008996,COc1ccc(-c2c(-c3ccc(S(C)(=O)=O)cc3)occ(Cl)c2=O)cc1,test,6.142358428216938
CHEMBL70158,CHEMBL230,6.18,2000.0,6.18,CS(=O)(=O)c1ccc(-c2coc(=O)n2-c2ccccc2F)cc1,test,6.131418869691211
CHEMBL70264,CHEMBL230,2.90839999924685,2005.0,2.90839999924685,CS(=O)(=O)c1ccc(-c2occ(Cl)c(=O)c2-c2ccc(F)c(F)c2)cc1,test,6.4809958827115715
CHEMBL70296,CHEMBL230,3.0287000012626586,2005.0,3.0287000012626586,CS(=O)(=O)c1ccc(-c2occ(Cl)c(=O)c2-c2ccc(Cl)cc2)cc1,test,6.278189372358191
CHEMBL70478,CHEMBL230,6.68,2000.0,6.68,COc1ccc(-n2c(-c3ccc(S(N)(=O)=O)cc3)coc2=O)cc1,test,6.131001020773844
CHEMBL70588,CHEMBL230,6.1,2000.0,6.1,Cc1ccc(-n2c(-c3ccc(S(N)(=O)=O)cc3)coc2=O)cc1,test,6.288522993763353
CHEMBL70858,CHEMBL230,5.92,2000.0,5.92,NS(=O)(=O)c1ccc(-c2coc(=O)n2-c2ccc(Cl)cc2)cc1,test,6.344020773451202
CHEMBL70921,CHEMBL230,5.82,2000.0,5.82,NS(=O)(=O)c1ccc(-c2coc(=O)n2-c2ccc(F)cc2)cc1,test,6.182135534539399
CHEMBL71010,CHEMBL230,5.19,2000.0,5.19,NS(=O)(=O)c1ccc(-c2coc(=O)n2-c2ccccc2Cl)cc1,test,6.210256072081104
CHEMBL71022,CHEMBL230,5.8,2000.0,5.8,CS(=O)(=O)c1ccc(-c2coc(=O)n2-c2ccccc2)cc1,test,5.914477276711674
CHEMBL71052,CHEMBL230,5.62,2000.0,5.62,NS(=O)(=O)c1ccc(-c2coc(=O)n2-c2ccccc2)cc1,test,6.063314273547713
CHEMBL71372,CHEMBL230,6.29,2000.0,6.29,Cc1oc(=O)n(-c2ccc(F)cc2)c1-c1ccc(S(N)(=O)=O)cc1,test,6.305697376825901
CHEMBL71423,CHEMBL230,2.7542999992015957,2005.0,2.7542999992015957,Cc1ccc(-c2c(-c3ccc(S(C)(=O)=O)cc3)occ(Cl)c2=O)cc1,test,6.35318194563273
CHEMBL71455,CHEMBL230,5.81,2000.0,5.81,CCc1ccc(-n2c(-c3ccc(S(N)(=O)=O)cc3)coc2=O)cc1,test,6.023979413617024
CHEMBL71916,CHEMBL230,6.3979400086720375,1999.0,6.3979400086720375,CC1(C)OC(=O)C(OC2CCC2)=C1c1ccc(S(C)(=O)=O)cc1,val,6.349359865024459
CHEMBL72093,CHEMBL230,4.0,2000.0,4.0,NS(=O)(=O)c1ccc(-c2coc(=O)n2-c2cccc(C(=O)O)c2)cc1,test,5.954661227675241
CHEMBL72294,CHEMBL230,5.77,2000.0,5.77,Cc1ccc(-n2c(-c3ccc(S(N)(=O)=O)cc3)c(C)oc2=O)cc1,test,6.274658168533795
CHEMBL72352,CHEMBL230,2.966199998880782,2005.0,2.966199998880782,CS(=O)(=O)c1ccc(-c2occ(Cl)c(=O)c2-c2ccccc2)cc1,test,6.128290740929846
CHEMBL72515,CHEMBL230,6.11,2000.0,6.11,COc1ccc(-n2c(-c3ccc(S(N)(=O)=O)cc3)coc2=O)cc1Cl,test,6.374346464171978
CHEMBL72859,CHEMBL230,5.75,2000.0,5.75,Cc1oc(=O)n(-c2ccccc2)c1-c1ccc(S(N)(=O)=O)cc1,test,6.162766116059446
CHEMBL7660,CHEMBL2094253,4.475,1992.0,4.475,O=C1CCN(c2ccccc2)N1,val,5.078675239130973
CHEMBL86363,CHEMBL230,8.39,1996.0,8.39,COc1ccc(C2=C(c3ccc(S(C)(=O)=O)cc3)CC3(CC3)C2)cc1Br,test,6.340279245259506
CHEMBL8747,CHEMBL2094253,5.28,1987.0,5.28,CCCCCC(O)c1cccc(OCc2ccc3ccccc3n2)c1,test,5.467462877199504
CHEMBL88286,CHEMBL230,8.15,1996.0,8.15,CS(=O)(=O)c1ccc(C2=C(c3ccc(F)c(Cl)c3)CC3(CC3)C2)cc1,test,6.567982716219918
CHEMBL8842,CHEMBL2094253,5.0,1990.0,5.0,CC(C)c1cc(/C=C/c2cccnc2)cc(C(C)C)c1O,val,5.224330696413732
CHEMBL8846,CHEMBL2094253,7.27,1990.0,7.27,CC(C)(C)c1cc(C(=O)c2cccs2)cc(C(C)(C)C)c1O,test,5.214454114807032
CHEMBL88493,CHEMBL230,8.4,1996.0,8.4,COc1c(Cl)cc(C2=C(c3ccc(S(N)(=O)=O)cc3)CC3(CC3)C2)cc1Cl,test,6.536477381326513
CHEMBL88532,CHEMBL230,8.7,1996.0,8.7,COc1ccc(C2=C(c3ccc(S(N)(=O)=O)cc3)CC3(CC3)C2)cc1F,test,6.593470572023222
CHEMBL88550,CHEMBL230,8.0,1996.0,8.0,COc1ccc(C2=C(c3ccc(S(C)(=O)=O)cc3)CC3(CC3)C2)cc1F,test,6.464063645461255
CHEMBL88649,CHEMBL230,6.89,1996.0,6.89,NS(=O)(=O)c1ccc(C2=C(c3ccc(OC(F)(F)F)cc3)CC3(CC3)C2)cc1,test,6.393200996252287
CHEMBL88717,CHEMBL230,9.0,1996.0,9.0,NS(=O)(=O)c1ccc(C2=C(c3ccc(Cl)cc3)CC3(CC3)C2)cc1,test,6.533744436654683
CHEMBL88899,CHEMBL230,7.77,1996.0,7.77,COc1ccc(C2=C(c3ccc(S(C)(=O)=O)cc3)CC3(CC3)C2)cc1Cl,test,6.390324820669557
CHEMBL89089,CHEMBL230,8.3,1996.0,8.3,COc1ccc(C2=C(c3ccc(S(C)(=O)=O)cc3)CC3(CC3)C2)cc1,test,6.091055601211158
CHEMBL89263,CHEMBL230,6.87,1996.0,6.87,CS(=O)(=O)c1ccc(C2=C(c3ccc(OC(F)(F)F)cc3)CC3(CC3)C2)cc1,test,6.273587135285999
CHEMBL89578,CHEMBL230,7.82,1994.0,7.82,CC1(C)CC(c2ccc(F)cc2)=C(c2ccc(S(C)(=O)=O)cc2)C1,test,6.2315570589927205
CHEMBL90447,CHEMBL230,8.4,1995.0,8.4,CS(=O)(=O)c1ccc(C2=C(c3ccc(F)cc3)CC3(CCC3)C2)cc1,test,6.336980231554048
CHEMBL91,CHEMBL230,4.59,,4.59,Clc1ccc(COC(Cn2ccnc2)c2ccc(Cl)cc2Cl)c(Cl)c1,val,5.492882132251701
CHEMBL91258,CHEMBL230,7.48,1996.0,7.48,CS(=O)(=O)c1ccc(C2=C(c3ccc(Cl)cc3Cl)CC3(CC3)C2)cc1,test,6.411961919034195
CHEMBL92102,CHEMBL230,8.82,1996.0,8.82,Cc1ccc(C2=C(c3ccc(S(C)(=O)=O)cc3)CC3(CC3)C2)cc1,test,6.32999716234091
CHEMBL92107,CHEMBL230,8.48,1996.0,8.48,CS(=O)(=O)c1ccc(C2=C(c3ccc(F)c(F)c3)CC3(CC3)C2)cc1,test,6.458618558130429
CHEMBL92154,CHEMBL230,8.12,1995.0,8.12,CS(=O)(=O)c1ccc(C2=C(c3ccc(F)cc3)CC3(CC3)C2)cc1,test,6.30542264999114
CHEMBL92233,CHEMBL230,5.825,1998.0,5.825,Cc1ccncc1-c1ncc(Cl)cc1-c1ccc(S(C)(=O)=O)cc1,val,6.248760635615319
CHEMBL92759,CHEMBL230,6.4,1998.0,6.4,CS(=O)(=O)c1ccc(-c2cc(C(F)(F)F)cnc2-c2cccnc2)cc1,val,6.003765650692151
CHEMBL93,CHEMBL230,5.0,2002.0,5.0,CC(c1cc2ccccc2s1)N(O)C(N)=O,test,5.207912906039353
CHEMBL93803,CHEMBL230,5.301029995663981,1996.0,5.301029995663981,CS(=O)(=O)c1ccc(C2=C(c3ccccc3)CC2)cc1,test,5.91575974446591
CHEMBL94938,CHEMBL230,6.76,1998.0,6.76,CS(=O)(=O)c1ccc(-c2cc(Cl)cnc2-c2cccnc2)cc1,val,6.000342355142288
CHEMBL94939,CHEMBL230,6.205,1998.0,6.205,CS(=O)(=O)c1ccc(-c2cc(Cl)cnc2-c2ccccn2)cc1,val,6.056202046935879
CHEMBL95021,CHEMBL230,5.88,1996.0,5.88,NS(=O)(=O)c1ccc(-n2nc(C(F)(F)F)c3c2-c2ccccc2OC3)cc1,test,6.326607630227262
CHEMBL95156,CHEMBL230,6.775,1998.0,6.775,CS(=O)(=O)c1ccc(-c2cc(Cl)cnc2-c2ccc(C3CC3)nc2)cc1,val,6.104415698113786
CHEMBL95469,CHEMBL230,6.92,2000.0,6.92,COc1ccc2c(c1)c(CC(=O)Nc1ccc(NC(C)=O)cc1)c(C)n2C(=O)c1ccc(Cl)cc1,test,6.324106773497467
CHEMBL95558,CHEMBL230,7.24,2000.0,7.24,COC(=O)Cc1ccc(NC(=O)Cc2c(C)n(C(=O)c3ccc(Cl)cc3)c3ccc(OC)cc23)cc1,test,6.322169647824416
CHEMBL956,CHEMBL230,5.56,2008.0,5.56,CC(C(=O)O)c1ccc(C(=O)c2cccs2)cc1,test,5.407530545252269
CHEMBL95640,CHEMBL230,4.180456064458132,2000.0,4.180456064458132,COc1ccc2c(c1)c(CC(=O)OCCc1ccccc1)cn2C(=O)c1ccc(Cl)cc1,val,5.729198358606046
CHEMBL95643,CHEMBL230,7.35,2000.0,7.35,COc1ccc2c(c1)c(CC(=O)OCCc1ccccc1)c(C)n2C(=O)c1ccc(Cl)cc1,val,6.235240870427856
CHEMBL96011,CHEMBL230,6.92,2000.0,6.92,COc1ccc2c(c1)c(CC(=O)Nc1ccc(SC)cc1)c(C)n2C(=O)c1ccc(Cl)cc1,test,6.4224395150024325
CHEMBL96098,CHEMBL230,6.535,1998.0,6.535,CCc1ccc(-c2ncc(Cl)cc2-c2ccc(S(C)(=O)=O)cc2)cn1,val,6.167432770312771
CHEMBL96947,CHEMBL230,6.24,1998.0,6.24,Cc1cncc(-c2ncc(Cl)cc2-c2ccc(S(C)(=O)=O)cc2)c1,val,6.2715235548864445
CHEMBL96950,CHEMBL230,5.73,1998.0,5.73,Cc1ncccc1-c1ncc(Cl)cc1-c1ccc(S(C)(=O)=O)cc1,val,6.1527390981268235
CHEMBL97846,CHEMBL230,7.25,2000.0,7.25,COc1ccc(NC(=O)Cc2c(C)n(C(=O)c3ccc(Cl)cc3)c3ccc(OC)cc23)cc1,test,6.339198335480483
CHEMBL98193,CHEMBL230,5.27,2001.0,5.27,CN1CC(c2ccc(S(C)(=O)=O)cc2)=C(c2ccccc2)O1,test,5.883539945342958
