molecule_chembl_id,target_chembl_id,pchembl_value,year,label,smiles,split,y_pred
CHEMBL10042,CHEMBL230,4.481486060122113,2001.0,4.481486060122113,CS(=O)(=O)c1ccc(-c2cc(Cl)cnc2-c2ccc(CO)nc2)cc1,val,6.186761654393316
CHEMBL101503,CHEMBL230,4.96,1996.0,4.96,CS(=O)(=O)c1ccc(-c2ccccc2-c2ccccc2)cc1,test,5.908805076963849
CHEMBL104156,CHEMBL2094253,4.0,1994.0,4.0,CCc1c(O)c(OC)c(Cc2cccnc2)c2nc(NC)sc12,test,5.438574041521399
CHEMBL104592,CHEMBL230,6.72,1999.0,6.72,CC(C(=O)O)c1ccc(-c2ccc3[nH]ccc3c2)cc1,test,6.405841822827727
CHEMBL105139,CHEMBL2094253,3.7614393726401687,1994.0,3.7614393726401687,CNc1nc2c(Cc3cccnc3)c(C)c(O)c(C)c2s1,test,5.492254612819231
CHEMBL105386,CHEMBL2094253,4.0,1994.0,4.0,CCNc1nc2c(C)c(C)c(O)c(Cc3cccnc3)c2s1,val,5.492254612819231
CHEMBL105587,CHEMBL2094253,4.0,1994.0,4.0,CCNc1nc2c(C)c(Cc3cccnc3)c(O)c(C)c2s1,test,5.492254612819231
CHEMBL106445,CHEMBL230,6.64,1999.0,6.64,Cc1cc2cc(-c3ccc(C(C)C(=O)O)cc3)ccc2[nH]1,test,5.600662768820494
CHEMBL1080552,CHEMBL230,4.150514997831991,2010.0,4.150514997831991,O=C(Nc1ccc(-c2ccc(Cl)c(Cl)c2)cc1)C1NS(=O)(=O)c2ccccc2C1O,test,5.600662768820494
CHEMBL108201,CHEMBL230,8.3,1994.0,8.3,COc1ccc(C2=C(c3ccc(S(C)(=O)=O)cc3)CCC2)cc1,test,6.131434086821592
CHEMBL108512,CHEMBL230,7.4,1999.0,7.4,CC1(C)OC(=O)C(Oc2ccc3sccc3c2)=C1c1ccc(S(C)(=O)=O)cc1,test,6.131434086821592
CHEMBL1086612,CHEMBL230,4.16,2010.0,4.16,O=C(Nc1ccc(Oc2ccc(Cl)cc2)cc1)C1=C(O)c2ccccc2S(=O)(=O)N1,test,5.636571721411786
CHEMBL108802,CHEMBL230,6.05,1999.0,6.05,CC1(C)OC(=O)C(Cc2ccccc2)=C1c1ccc(S(C)(=O)=O)cc1,test,6.131434086821592
CHEMBL1088299,CHEMBL230,4.0,2010.0,4.0,O=C(Nc1ccc(Nc2ccc(Cl)cc2)cc1)C1=C(O)c2ccccc2S(=O)(=O)N1,test,5.636571721411786
CHEMBL108975,CHEMBL230,7.28,1994.0,7.28,CS(=O)(=O)c1ccc(C2=C(c3ccc(Cl)cc3Cl)CCC2)cc1,test,6.131434086821592
CHEMBL108978,CHEMBL230,5.92,2000.0,5.92,CS(=O)(=O)c1ccc(-n2cc(C(F)(F)F)nc2-c2cc3ccccc3cn2)cc1,val,5.942850465916862
CHEMBL109030,CHEMBL230,6.06,1994.0,6.06,CS(=O)(=O)c1ccc(C2=C(c3ccc(C(F)(F)F)cc3)CCC2)cc1,test,6.131434086821592
CHEMBL109143,CHEMBL230,6.28,2000.0,6.28,Cc1nc(-c2nc(C(F)(F)F)cn2-c2ccc(S(N)(=O)=O)cc2)cs1,test,6.231623360575635
CHEMBL109486,CHEMBL230,5.18,1994.0,5.18,COCc1ccc(C2=C(c3ccc(S(C)(=O)=O)cc3)CCC2)cc1,test,6.131434086821592
CHEMBL109578,CHEMBL230,5.495,1994.0,5.495,CS(=O)(=O)c1ccc(C2=C(c3ccc(CO)cc3)CCC2)cc1,test,6.131434086821592
CHEMBL109623,CHEMBL230,8.3,1995.0,8.3,CN(C)c1ccc(C2=C(c3ccc(S(C)(=O)=O)cc3)CCC2)cc1Cl,test,6.131434086821592
CHEMBL110382,CHEMBL230,7.585,2000.0,7.585,CS(=O)(=O)c1ccc(-n2cc(C(F)(F)F)nc2-c2cc(Br)cs2)cc1,test,5.942850465916862
CHEMBL110446,CHEMBL230,6.2,2000.0,6.2,CS(=O)(=O)c1ccc(-n2cc(C(F)(F)F)nc2-c2cnc3ccccc3c2)cc1,test,5.942850465916862
CHEMBL110846,CHEMBL230,6.77,1995.0,6.77,NS(=O)(=O)c1ccc(C2=C(c3ccc(C(F)(F)F)c(F)c3)CCC2)cc1,test,6.356837620144131
CHEMBL110876,CHEMBL230,5.96,2000.0,5.96,Cc1ccsc1-c1nc(C(F)(F)F)cn1-c1ccc(S(C)(=O)=O)cc1,test,5.942850465916862
CHEMBL111039,CHEMBL230,6.66,1994.0,6.66,CSc1ccc(C2=C(c3ccc(S(C)(=O)=O)cc3)CCC2)cc1,test,6.131434086821592
CHEMBL111045,CHEMBL230,7.17,1994.0,7.17,CS(=O)(=O)c1ccc(C2=C(c3ccc(F)cc3)CC(C(F)(F)F)(C(F)(F)F)C2)cc1,test,6.131434086821592
CHEMBL111057,CHEMBL230,6.82,1995.0,6.82,NS(=O)(=O)c1ccc(C2=C(c3ccc(C(F)(F)F)cc3)CCC2)cc1,test,6.356837620144131
CHEMBL111095,CHEMBL230,8.05,1995.0,8.05,COc1ccc(C2=C(c3ccc(S(N)(=O)=O)cc3)CCC2)cc1Cl,test,6.2863510283148925
CHEMBL111314,CHEMBL230,6.92,1995.0,6.92,COc1ccc(C2=C(c3ccc(S(C)(=O)=O)cc3)CCC2)cc1F,test,6.131434086821592
CHEMBL111321,CHEMBL230,8.7,1995.0,8.7,NS(=O)(=O)c1ccc(C2=C(c3ccc(Cl)c(Cl)c3)CCC2)cc1,test,6.2863510283148925
CHEMBL111356,CHEMBL230,8.7,1995.0,8.7,CN(C)c1ccc(C2=C(c3ccc(S(N)(=O)=O)cc3)CCC2)cc1Cl,test,6.2863510283148925
CHEMBL111427,CHEMBL230,7.8,1995.0,7.8,COc1ccc(C2=C(c3ccc(S(N)(=O)=O)cc3)CCC2)cc1F,test,6.2863510283148925
CHEMBL111518,CHEMBL230,7.62,2001.0,7.62,NS(=O)(=O)c1ccc(-n2nc(C(F)(F)F)cc2-c2ccc3c(c2)OCO3)cc1,val,6.356837620144131
CHEMBL111562,CHEMBL230,8.7,1995.0,8.7,COc1ccc(C2=C(c3ccc(S(N)(=O)=O)cc3)CCC2)cc1,test,6.2863510283148925
CHEMBL111590,CHEMBL230,8.52,1995.0,8.52,NS(=O)(=O)c1ccc(C2=C(c3ccc(Cl)cc3)CCC2)cc1,test,6.2863510283148925
CHEMBL111597,CHEMBL230,8.0,1995.0,8.0,CS(=O)(=O)c1ccc(C2=C(c3ccc(Cl)c(Cl)c3)CCC2)cc1,test,6.131434086821592
CHEMBL111657,CHEMBL230,7.29,1995.0,7.29,CS(=O)(=O)c1ccc(C2=C(c3ccc(F)c(F)c3)CCC2)cc1,test,6.131434086821592
CHEMBL111786,CHEMBL230,8.0,1995.0,8.0,NS(=O)(=O)c1ccc(C2=C(c3ccc(F)c(Cl)c3)CCC2)cc1,test,6.2863510283148925
CHEMBL111787,CHEMBL230,7.745,1995.0,7.745,NS(=O)(=O)c1ccc(C2=C(c3ccc(F)c(F)c3)CCC2)cc1,test,6.2863510283148925
CHEMBL114162,CHEMBL230,5.0,2003.0,5.0,CS(=O)(=O)c1ccc(-c2cncn2-c2ccc(F)cc2)cc1,val,5.903953296819325
CHEMBL114783,CHEMBL230,7.85,2003.0,7.85,CS(=O)(=O)c1ccc(-c2cnc(Cl)n2-c2ccc(F)cc2)cc1,val,6.131434086821592
CHEMBL115410,CHEMBL230,7.96,2003.0,7.96,CSc1ccc(-c2c(Cl)ncn2-c2ccc(S(C)(=O)=O)cc2)cc1,val,6.131434086821592
CHEMBL115458,CHEMBL230,5.0,2003.0,5.0,COC(=O)c1ncc(-c2ccc(S(C)(=O)=O)cc2)n1-c1ccc(F)cc1,val,6.131434086821592
CHEMBL115752,CHEMBL230,8.15,2003.0,8.15,CS(=O)(=O)c1ccc(-n2cnc(Cl)c2-c2ccc(F)cc2F)cc1,val,5.765101638453737
CHEMBL115864,CHEMBL230,5.0,2003.0,5.0,CS(=O)(=O)c1ccc(-n2c(CO)nc(Cl)c2-c2ccc(F)cc2)cc1,val,6.131434086821592
CHEMBL115979,CHEMBL230,8.3,2003.0,8.3,COc1ccc(-c2c(Cl)ncn2-c2ccc(S(N)(=O)=O)cc2)cc1Cl,val,6.2863510283148925
CHEMBL116016,CHEMBL230,8.15,2003.0,8.15,COc1c(Cl)cc(-c2c(Cl)ncn2-c2ccc(S(C)(=O)=O)cc2)cc1Cl,val,5.765101638453737
CHEMBL116199,CHEMBL230,5.0,2003.0,5.0,Cc1nc(Cl)c(-c2ccc(F)cc2)n1-c1ccc(S(C)(=O)=O)cc1,val,6.131434086821592
CHEMBL1163219,CHEMBL230,3.703554205793603,2010.0,3.703554205793603,COc1ccc2c(c1)c1c(n2C(=O)c2ccc(Cl)cc2)CCN(CCCOc2cc(F)cc(C3(OC)CCOCC3)c2)C1.Cl,test,5.678667880396641
CHEMBL1163221,CHEMBL230,4.0,2010.0,4.0,COc1ccc2c(c1)c1c(n2C(=O)c2c(Cl)cc(Cl)cc2Cl)CCN(CCCOc2cc(F)cc(C3(OC)CCOCC3)c2)C1.Cl,test,5.607879311758177
CHEMBL1163237,CHEMBL230,4.11,2010.0,4.11,COc1ccc2c(c1)c1c(n2C(=O)c2ccccc2)CCN(CCCOc2cc(F)cc(C3(OC)CCOCC3)c2)C1.Cl,test,5.607879311758177
CHEMBL1163238,CHEMBL230,3.899629454882437,2010.0,3.899629454882437,COc1ccc2c(c1)c1c(n2C(=O)c2ccccc2F)CCN(CCCOc2cc(F)cc(C3(OC)CCOCC3)c2)C1.Cl,test,5.607879311758177
CHEMBL1163243,CHEMBL230,4.27,2010.0,4.27,COc1ccc2c(c1)c1c(n2C(=O)c2ccc(F)cc2)CCN(CCCOc2cc(F)cc(C3(OC)CCOCC3)c2)C1.Cl,test,5.607879311758177
CHEMBL116343,CHEMBL230,7.29,2003.0,7.29,Cc1ncc(-c2ccc(S(C)(=O)=O)cc2)n1-c1ccc(F)cc1,val,6.131434086821592
CHEMBL116365,CHEMBL230,5.0,2003.0,5.0,CS(=O)(=O)c1ccc(-n2cnc(Cl)c2-c2ccncc2)cc1,test,5.5376208484514695
CHEMBL1164396,CHEMBL230,4.07,2010.0,4.07,COc1ccc2c(c1)c1c(n2C(=O)c2ccc(Br)cc2)CCN(CCCOc2cc(F)cc(C3(OC)CCOCC3)c2)C1.Cl,test,5.607879311758177
CHEMBL1164949,CHEMBL230,3.9918258159935736,2010.0,3.9918258159935736,COC1(c2cc(F)cc(OCCCN3CCc4c(c5ccccc5n4C(=O)c4ccccc4)C3)c2)CCOCC1.Cl,test,5.607879311758177
CHEMBL1164950,CHEMBL230,3.447088549783491,2010.0,3.447088549783491,COc1ccc2c(c1)c1c(n2C(=O)c2cccc(F)c2)CCN(CCCOc2cc(F)cc(C3(OC)CCOCC3)c2)C1.Cl,test,5.607879311758177
CHEMBL116498,CHEMBL230,5.0,2003.0,5.0,CC(=O)Nc1ccc(-c2c(Cl)ncn2-c2ccc(S(C)(=O)=O)cc2)cc1,val,6.131434086821592
CHEMBL116683,CHEMBL230,8.1,2003.0,8.1,COc1cc(-c2c(Cl)ncn2-c2ccc(S(N)(=O)=O)cc2)ccc1F,val,6.2863510283148925
CHEMBL116933,CHEMBL230,5.0,2003.0,5.0,CS(=O)(=O)c1ccc(-n2c(Cl)nc(Cl)c2-c2ccc(F)cc2)cc1,val,6.131434086821592
CHEMBL1171251,CHEMBL230,5.17,2010.0,5.17,COc1ccc(/C=C/C(=O)O[C@H]2[C@H](O[C@H]3[C@H](O)[C@@H](O)[C@H](O[C@@H]4CO[C@@H](O[C@@H]5[C@@H](O)[C@H](C)O[C@@H](O[C@H]6[C@H](O[C@H]7CC[C@@]8(C)[C@@H](CC[C@]9(C)[C@@H]8CC=C8[C@@H]%10CC(C)(C)CC[C@]%10(C(=O)O[C@@H]%10O[C@H](CO[C@@H]%11O[C@H](CO)[C@@H](O[C@@H]%12O[C@@H](C)[C@H](O)[C@@H](O)[C@H]%12O)[C@H](O)[C@H]%11O)[C@@H](O)[C@H](O)[C@H]%10O)CC[C@]89C)[C@]7(C)CO)OC[C@@H](O)[C@@H]6O)[C@@H]5O)[C@H](O)[C@@H]4O)O[C@@H]3CO)O[C@H](CO)[C@@H](O)[C@@H]2O[C@@H]2O[C@H](CO[C@@H]3O[C@@H](C)[C@H](O)[C@@H](O)[C@H]3O[C@@H]3O[C@H](CO)[C@@H](O)[C@H](O)[C@H]3O)[C@@H](O)[C@H](O)[C@H]2O)cc1O,test,5.438574041521399
CHEMBL1171254,CHEMBL230,5.1,2010.0,5.1,COc1ccc(/C=C/C(=O)OC[C@H]2O[C@@H](O[C@H]3[C@H](O)[C@@H](O)[C@H](O[C@@H]4CO[C@@H](O[C@@H]5[C@@H](O)[C@H](C)O[C@@H](O[C@H]6[C@H](O[C@H]7CC[C@@]8(C)[C@@H](CC[C@]9(C)[C@@H]8CC=C8[C@@H]%10CC(C)(C)CC[C@]%10(C(=O)O[C@@H]%10O[C@H](CO[C@@H]%11O[C@H](CO)[C@@H](O[C@@H]%12O[C@@H](C)[C@H](O)[C@@H](O)[C@H]%12O)[C@H](O)[C@H]%11O)[C@@H](O)[C@H](O)[C@H]%10O)CC[C@]89C)[C@]7(C)CO)OC[C@@H](O)[C@@H]6O)[C@@H]5O)[C@H](O)[C@@H]4O)O[C@@H]3CO)[C@H](O)[C@@H](O)[C@@H]2O)cc1O,test,5.438574041521399
CHEMBL1171255,CHEMBL230,5.14,2010.0,5.14,COc1ccc(/C=C/C(=O)OC[C@H]2O[C@@H](O[C@H]3[C@H](O)[C@@H](O)[C@H](O[C@@H]4CO[C@@H](O[C@@H]5[C@@H](O)[C@H](C)O[C@@H](O[C@H]6[C@H](O[C@H]7CC[C@]8(C)[C@H]9CC=C%10[C@@H]%11CC(C)(C)CC[C@]%11(C(=O)O[C@@H]%11O[C@H](CO[C@@H]%12O[C@H](CO)[C@@H](O[C@@H]%13O[C@@H](C)[C@H](O)[C@@H](O)[C@H]%13O)[C@H](O)[C@H]%12O)[C@@H](O)[C@H](O)[C@H]%11O)CC[C@@]%10(C)[C@]9(C)CC[C@H]8C7(C)C)OC[C@@H](O)[C@@H]6O)[C@@H]5O)[C@H](O)[C@@H]4O)O[C@@H]3CO)[C@H](O)[C@@H](O)[C@@H]2O)cc1O,test,5.438574041521399
CHEMBL1171447,CHEMBL230,5.17,2010.0,5.17,COc1ccc(/C=C/C(=O)O[C@H]2[C@H](O[C@H]3[C@H](O)[C@@H](O)[C@H](O[C@@H]4CO[C@@H](O[C@@H]5[C@@H](O)[C@H](C)O[C@@H](O[C@H]6[C@H](O[C@H]7CC[C@]8(C)[C@H]9CC=C%10[C@@H]%11CC(C)(C)CC[C@]%11(C(=O)O[C@@H]%11O[C@H](CO[C@@H]%12O[C@H](CO)[C@@H](O[C@@H]%13O[C@@H](C)[C@H](O)[C@@H](O)[C@H]%13O)[C@H](O)[C@H]%12O)[C@@H](O)[C@H](O)[C@H]%11O)CC[C@@]%10(C)[C@]9(C)CC[C@H]8C7(C)C)OC[C@H](O)[C@@H]6O)[C@@H]5O)[C@H](O)[C@@H]4O)O[C@@H]3CO)O[C@H](CO)[C@@H](O)[C@@H]2O[C@@H]2O[C@H](CO[C@@H]3O[C@@H](C)[C@H](O)[C@@H](O)[C@H]3O[C@@H]3O[C@H](CO)[C@@H](O)[C@H](O)[C@H]3O)[C@@H](O)[C@H](O)[C@H]2O)cc1O,test,5.438574041521399
CHEMBL1171449,CHEMBL230,4.301029995663981,2010.0,4.301029995663981,C[C@@H]1O[C@@H](O[C@H]2[C@H](O[C@H]3CC[C@]4(C)[C@H]5CC=C6[C@@H]7CC(C)(C)CC[C@]7(C(=O)O[C@@H]7O[C@H](CO[C@@H]8O[C@H](CO)[C@@H](O[C@@H]9O[C@@H](C)[C@H](O)[C@@H](O)[C@H]9O)[C@H](O)[C@H]8O)[C@@H](O)[C@H](O)[C@H]7O)CC[C@@]6(C)[C@]5(C)CC[C@H]4C3(C)CO)OC[C@H](O)[C@@H]2O)[C@H](O)[C@H](O)[C@H]1O,test,5.438574041521399
CHEMBL1171454,CHEMBL230,4.301029995663981,2010.0,4.301029995663981,C[C@@H]1O[C@@H](O[C@H]2[C@H](O)[C@@H](O)[C@H](OC[C@H]3O[C@@H](OC(=O)[C@]45CCC(C)(C)C[C@H]4C4=CC[C@@H]6[C@@]7(C)CC[C@H](O[C@@H]8OC[C@H](O)[C@H](O)[C@H]8O[C@@H]8O[C@@H](C)[C@H](O)[C@@H](O[C@@H]9OC[C@@H](O[C@@H]%10O[C@H](CO)[C@@H](O[C@@H]%11O[C@H](CO)[C@@H](O)[C@H](O)[C@H]%11O)[C@H](O)[C@H]%10O)[C@@H](O)[C@H]9O)[C@H]8O)C(C)(C)[C@@H]7CC[C@@]6(C)[C@]4(C)CC5)[C@H](O)[C@@H](O)[C@@H]3O)O[C@@H]2CO)[C@H](O)[C@H](O)[C@H]1O,val,5.438574041521399
CHEMBL1171455,CHEMBL230,4.301029995663981,2010.0,4.301029995663981,C[C@@H]1O[C@@H](O[C@H]2[C@H](O)[C@@H](O)[C@H](OC[C@H]3O[C@@H](OC(=O)[C@]45CCC(C)(C)C[C@H]4C4=CC[C@@H]6[C@@]7(C)CC[C@H](O[C@@H]8OC[C@H](O)[C@H](O)[C@H]8O[C@@H]8O[C@@H](C)[C@H](O)[C@@H](O[C@@H]9OC[C@@H](O[C@@H]%10O[C@H](CO)[C@@H](O[C@@H]%11O[C@H](CO)[C@@H](O)[C@H](O)[C@H]%11O)[C@H](O)[C@H]%10O)[C@@H](O)[C@H]9O)[C@H]8O)[C@@](C)(CO)[C@@H]7CC[C@@]6(C)[C@]4(C)CC5)[C@H](O)[C@@H](O)[C@@H]3O)O[C@@H]2CO)[C@H](O)[C@H](O)[C@H]1O,val,5.438574041521399
CHEMBL117146,CHEMBL230,7.29,2003.0,7.29,CS(=O)(=O)c1ccc(-c2cnc(C#N)n2-c2ccc(F)cc2)cc1,val,6.131434086821592
CHEMBL117295,CHEMBL230,8.1,2003.0,8.1,COc1ccc(-c2c(Cl)ncn2-c2ccc(S(C)(=O)=O)cc2)cc1Cl,val,6.131434086821592
CHEMBL117528,CHEMBL230,7.82,2003.0,7.82,COc1ccc(-c2c(Cl)ncn2-c2ccc(S(C)(=O)=O)cc2)c(F)c1,val,5.765101638453737
CHEMBL117547,CHEMBL230,7.28,2003.0,7.28,CCSc1ccc(-c2c(Cl)ncn2-c2ccc(S(C)(=O)=O)cc2)cc1,val,6.131434086821592
CHEMBL117618,CHEMBL230,5.0,2003.0,5.0,CS(=O)(=O)c1ccc(-n2c(-c3ccc(F)cc3)cnc2CO)cc1,val,6.131434086821592
CHEMBL117650,CHEMBL230,7.55,2003.0,7.55,CS(=O)(=O)c1ccc(-n2cnc(Cl)c2-c2ccccc2F)cc1,val,5.765101638453737
CHEMBL117708,CHEMBL230,6.73,2003.0,6.73,CS(=O)(=O)c1ccc(-n2cnc(Cl)c2-c2ccc(N)cc2)cc1,val,6.131434086821592
CHEMBL117852,CHEMBL230,7.0,2003.0,7.0,CCCc1ccc(-c2c(Cl)ncn2-c2ccc(S(C)(=O)=O)cc2)cc1,val,6.131434086821592
CHEMBL117855,CHEMBL230,7.41,2003.0,7.41,CC(C)c1ccc(-c2c(Cl)ncn2-c2ccc(S(C)(=O)=O)cc2)cc1,val,6.131434086821592
CHEMBL117862,CHEMBL230,7.05,2003.0,7.05,COc1ccc(-c2c(Cl)ncn2-c2ccc(S(C)(=O)=O)cc2)cc1F,val,6.131434086821592
CHEMBL117917,CHEMBL230,8.15,2003.0,8.15,CCOc1ccc(-c2c(Cl)ncn2-c2ccc(S(N)(=O)=O)cc2)cc1Cl,val,6.2863510283148925
CHEMBL117946,CHEMBL230,5.0,2003.0,5.0,CS(=O)(=O)c1ccc(-n2c(-c3ccc(F)cc3)cnc2Cl)cc1,val,6.131434086821592
CHEMBL117947,CHEMBL230,7.7,2003.0,7.7,CCOc1ccc(-c2c(Cl)ncn2-c2ccc(S(N)(=O)=O)cc2)cc1F,val,6.2863510283148925
CHEMBL118064,CHEMBL230,8.05,2003.0,8.05,NS(=O)(=O)c1ccc(-n2cnc(Cl)c2-c2ccccc2)cc1,val,5.9833879412832705
CHEMBL118067,CHEMBL230,5.0,2003.0,5.0,CCOc1cc(OCC)cc(-c2c(Cl)ncn2-c2ccc(S(C)(=O)=O)cc2)c1,val,5.765101638453737
CHEMBL118081,CHEMBL230,7.89,2003.0,7.89,COc1ccc(-c2c(Cl)ncn2-c2ccc(S(C)(=O)=O)cc2)cc1C,val,6.131434086821592
CHEMBL118462,CHEMBL2094253,4.85,1995.0,4.85,c1ccc(CNc2nc(-c3ccncc3)nc3ccccc23)cc1,test,5.438574041521399
CHEMBL118936,CHEMBL230,6.0,2003.0,6.0,CS(=O)(=O)c1ccc(-c2cnc(C=O)n2-c2ccc(F)cc2)cc1,val,6.131434086821592
CHEMBL119001,CHEMBL230,5.0,2003.0,5.0,CS(=O)(=O)c1ccc(-c2cnc(CF)n2-c2ccc(F)cc2)cc1,val,6.131434086821592
CHEMBL119002,CHEMBL230,5.0,2003.0,5.0,CS(=O)(=O)c1ccc(-c2cnc(CO)n2-c2ccc(F)cc2)cc1,val,6.131434086821592
CHEMBL119076,CHEMBL230,5.0,2003.0,5.0,CCCCCc1ncn(-c2ccc(S(C)(=O)=O)cc2)c1-c1ccc(F)cc1,val,5.903953296819325
CHEMBL119089,CHEMBL230,5.0,2003.0,5.0,CS(=O)(=O)c1ccc(-c2c(Cl)ncn2-c2ccc(F)cc2)cc1,val,6.131434086821592
CHEMBL119720,CHEMBL230,7.35,1998.0,7.35,Cn1cccc1C(=O)c1cc(C(C)(C)C)c2c(c1)C(C)(C)CO2,test,5.438574041521399
CHEMBL119852,CHEMBL230,7.19,2003.0,7.19,CS(=O)(=O)c1ccc(-n2cnc(Cl)c2-c2cccc(F)c2)cc1,val,5.765101638453737
CHEMBL119853,CHEMBL230,5.0,2003.0,5.0,CS(=O)(=O)c1ccc(-c2c(Br)ncn2-c2ccc(F)cc2)cc1,val,6.131434086821592
CHEMBL1201124,CHEMBL230,5.57,2011.0,5.57,NC(CO)(CO)CO.O=C(c1ccccc1)c1ccc2n1CCC2C(=O)O,test,5.438574041521399
CHEMBL12131,CHEMBL230,5.74,,5.74,Cc1cc(C(C#N)c2ccc(Cl)cc2)c(Cl)cc1NC(=O)c1cc(I)cc(I)c1O,val,5.6865304706475595
CHEMBL122397,CHEMBL230,7.0,2021.0,7.0,CCCCCCNC(=O)c1cc(NCc2cc(O)ccc2O)ccc1O,test,5.438574041521399
CHEMBL1232461,CHEMBL230,4.0,2011.0,4.0,CCNC(=O)C[C@@H]1N=C(c2ccc(Cl)cc2)c2cc(OC)ccc2-n2c(C)nnc21,test,5.671451337458957
CHEMBL1240658,CHEMBL230,3.0,2010.0,3.0,CCCC(=O)N/N=C/c1coc2ccccc2c1=O,test,5.438574041521399
CHEMBL1241823,CHEMBL230,3.6910302918217504,2010.0,3.6910302918217504,Cc1ccc(S(=O)(=O)N/N=C/c2coc3ccccc3c2=O)cc1,val,5.711589658612156
CHEMBL124188,CHEMBL230,5.18,2004.0,5.18,Cc1cc(=O)c(C(C)C)c(-c2ccc(S(C)(=O)=O)cc2)o1,test,6.131434086821592
CHEMBL126244,CHEMBL230,5.47,2004.0,5.47,Cc1cc(=O)c(-c2cccc(F)c2)c(-c2ccc(S(C)(=O)=O)cc2)o1,test,6.131434086821592
CHEMBL126345,CHEMBL230,4.14,1995.0,4.14,CS(=O)(=O)c1ccc(-c2[nH]c(SC#N)cc2-c2ccc(F)cc2)cc1,test,6.131434086821592
CHEMBL126392,CHEMBL230,5.82,2004.0,5.82,Cc1cc(=O)c(-c2ccccc2F)c(-c2ccc(S(C)(=O)=O)cc2)o1,test,6.131434086821592
CHEMBL126418,CHEMBL230,4.4,1995.0,4.4,CS(=O)(=O)c1ccc(-c2[nH]c(Br)cc2-c2ccc(F)cc2)cc1,test,6.131434086821592
CHEMBL126578,CHEMBL230,5.66,2004.0,5.66,Cc1ccc(-c2c(-c3ccc(S(C)(=O)=O)cc3)oc(C)cc2=O)cc1,test,6.131434086821592
CHEMBL126629,CHEMBL230,5.67,2004.0,5.67,Cc1cc(=O)c(-c2ccc(Cl)cc2)c(-c2ccc(S(C)(=O)=O)cc2)o1,test,6.131434086821592
CHEMBL126808,CHEMBL230,3.5228787452803374,1995.0,3.5228787452803374,CC(=O)n1c(Br)cc(-c2ccc(F)cc2)c1-c1ccc(S(C)(=O)=O)cc1,test,6.131434086821592
CHEMBL126810,CHEMBL230,5.95,2004.0,5.95,Cc1cc(=O)c(-c2ccc(F)cc2F)c(-c2ccc(S(C)(=O)=O)cc2)o1,test,6.131434086821592
CHEMBL126967,CHEMBL230,3.5228787452803374,1995.0,3.5228787452803374,CS(=O)(=O)c1ccc(-c2[nH]c(I)c(I)c2-c2ccc(F)cc2)cc1,test,6.131434086821592
CHEMBL126979,CHEMBL230,5.69,2004.0,5.69,Cc1cc(=O)c(-c2ccc(Cl)cc2F)c(-c2ccc(S(C)(=O)=O)cc2)o1,test,6.131434086821592
CHEMBL127120,CHEMBL230,4.04,1995.0,4.04,CS(=O)(=O)c1ccc(-c2[nH]c(I)cc2-c2ccc(F)cc2)cc1,test,6.131434086821592
CHEMBL127190,CHEMBL230,6.17,2004.0,6.17,Cc1cc(=O)c(-c2ccc(Cl)c(Cl)c2)c(-c2ccc(S(C)(=O)=O)cc2)o1,test,6.131434086821592
CHEMBL127203,CHEMBL230,4.25,1995.0,4.25,Cn1c(Br)c(Br)c(-c2ccc(F)cc2)c1-c1ccc(S(C)(=O)=O)cc1,test,6.131434086821592
CHEMBL127267,CHEMBL230,5.01,2004.0,5.01,Cc1cc(=O)c(-c2ccc(S(C)(=O)=O)cc2)c(-c2ccc(F)cc2)o1,test,6.131434086821592
CHEMBL127268,CHEMBL230,5.74,2004.0,5.74,Cc1cc(=O)c(-c2ccccc2)c(-c2ccc(S(C)(=O)=O)cc2)o1,test,6.131434086821592
CHEMBL127494,CHEMBL230,4.6,1995.0,4.6,Cn1c(Cl)c(Cl)c(-c2ccc(F)cc2)c1-c1ccc(S(C)(=O)=O)cc1,test,6.131434086821592
CHEMBL1275941,CHEMBL230,4.91,2010.0,4.91,CC(C(=O)O)c1ccc(C[C@@H]2CCC[C@@H]2O)cc1,test,5.438574041521399
CHEMBL1275942,CHEMBL230,5.62,2010.0,5.62,CC(C(=O)O)c1ccc(C[C@H]2CCC[C@@H]2O)cc1,test,5.438574041521399
CHEMBL1275970,CHEMBL230,4.32,2010.0,4.32,CC(C(=O)O)c1ccc(C[C@@H]2CCC[C@@H]2O)cc1F,test,5.438574041521399
CHEMBL1275971,CHEMBL230,4.47,2010.0,4.47,CC(C(=O)O)c1ccc(C[C@@H]2CCC[C@@H]2O)cc1Br,test,5.438574041521399
CHEMBL1275972,CHEMBL230,5.51,2010.0,5.51,CC(C(=O)O)c1ccc(C[C@H]2CCC[C@@H]2O)cc1F,test,5.438574041521399
CHEMBL1276001,CHEMBL230,5.07,2010.0,5.07,CC(C(=O)O)c1ccc(C[C@H]2CCC[C@@H]2O)cc1Br,test,5.438574041521399
CHEMBL127642,CHEMBL230,3.525492360883024,1995.0,3.525492360883024,CS(=O)(=O)c1ccc(-c2[nH]c(C(=O)C(F)(F)F)cc2-c2ccc(F)cc2)cc1,test,6.131434086821592
CHEMBL127674,CHEMBL230,8.52,1994.0,8.52,Cc1ccc(C2=C(c3ccc(S(C)(=O)=O)cc3)CCC2)cc1,test,6.131434086821592
CHEMBL1290320,CHEMBL230,6.845000000000001,2010.0,6.845000000000001,O=C(O)C1=Cc2cc(Cl)cc(-c3ccccc3)c2OC1C(F)(F)F,val,6.6555731039769555
CHEMBL1290433,CHEMBL230,6.12,2010.0,6.12,NS(=O)(=O)c1ccc(-c2cc(Cl)cc3c2OC(C(F)(F)F)C(C(=O)O)=C3)cc1,val,6.072417960577695
CHEMBL129215,CHEMBL230,4.19,1994.0,4.19,CCC1(CC)CC(c2ccc(F)cc2)=C(c2ccc(S(C)(=O)=O)cc2)C1,test,6.131434086821592
CHEMBL129308,CHEMBL230,4.7,1995.0,4.7,Cn1ccc(-c2ccc(F)cc2)c1-c1ccc(S(C)(=O)=O)cc1,test,6.131434086821592
CHEMBL129613,CHEMBL230,5.16,2004.0,5.16,Cc1cc(=O)c(-c2ccc(C(F)(F)F)cc2)c(-c2ccc(S(C)(=O)=O)cc2)o1,test,6.131434086821592
CHEMBL129861,CHEMBL230,4.45,1995.0,4.45,Cn1c(Br)cc(-c2ccc(F)cc2)c1-c1ccc(S(C)(=O)=O)cc1,test,6.131434086821592
CHEMBL13988,CHEMBL230,6.6,1998.0,6.6,CC(C)(C)c1cc(C(=O)/C=C/CC2CC2)cc2c1OCC2(C)C,val,5.489818383342809
CHEMBL141113,CHEMBL230,5.68,2004.0,5.68,C[S+]([O-])c1ccc(C(Nc2nccs2)C(=O)c2ccc(F)cc2)cc1,test,5.438574041521399
CHEMBL143776,CHEMBL230,10.1,2000.0,10.1,Fc1ccc(-c2[nH]c(-c3ccc(F)cc3)c3c2C2CCC3C2)cc1,test,5.600662768820494
CHEMBL144787,CHEMBL230,7.3,1995.0,7.3,CS(=O)(=O)Nc1cc2c(cc1SC1CCCCC1)C(=O)CC2,val,5.438574041521399
CHEMBL145257,CHEMBL230,5.0,1995.0,5.0,CS(=O)(=O)Nc1cc2c(cc1S(=O)(=O)c1ccc(F)cc1F)C(=O)CC2,test,5.438574041521399
CHEMBL146730,CHEMBL2094253,5.3,1988.0,5.3,CN(O)C(=O)/C=C/c1cccc(Oc2ccccc2)c1,val,5.438574041521399
CHEMBL147165,CHEMBL230,6.21,2002.0,6.21,O=S(=O)(Nc1ccncc1Oc1ccccc1)C(F)(F)F,val,5.542794329030433
CHEMBL147327,CHEMBL230,5.0,1995.0,5.0,CS(=O)(=O)Nc1cc2c(cc1Sc1cncs1)C(=O)CC2,test,5.438574041521399
CHEMBL14767,CHEMBL230,6.82,1998.0,6.82,CCCC(=O)c1cc(C(C)(C)C)c2c(c1)C(C)(C)CS2,val,5.438574041521399
CHEMBL148542,CHEMBL230,4.0,2002.0,4.0,CS(=O)(=O)Nc1ccncc1Oc1ccccc1,val,5.492254612819231
CHEMBL1488723,CHEMBL230,4.0,2016.0,4.0,Cc1ccc(O)c(-c2cc(-c3ccccc3C)[nH]n2)c1,test,5.492254612819231
CHEMBL149134,CHEMBL230,5.4,2002.0,5.4,Cc1ccc(Cl)c(Nc2ccccc2C(=O)NCCc2ccccc2)c1Cl,test,5.548202822137235
CHEMBL150969,CHEMBL230,4.698970004336019,2002.0,4.698970004336019,CC(=O)Nc1ccc(OC(=O)c2ccccc2Nc2c(Cl)ccc(C)c2Cl)cc1,test,5.548202822137235
CHEMBL154589,CHEMBL230,5.0,2000.0,5.0,Clc1ccc(-c2nn(-c3ccc(Cl)cc3)c3c2CCCCC3)cc1,test,5.671451337458957
CHEMBL154907,CHEMBL230,5.6,2003.0,5.6,Cn1ncc(-c2ccc(S(C)(=O)=O)cc2)c(-c2ccccc2)c1=O,val,6.131434086821592
CHEMBL155587,CHEMBL230,5.9399999999999995,2003.0,5.9399999999999995,Cc1ccc(-c2c(-c3ccc(S(C)(=O)=O)cc3)cnn(Cc3ccccc3)c2=O)cn1,test,6.131434086821592
CHEMBL155658,CHEMBL230,6.85,2000.0,6.85,Clc1ccc(-c2nn(-c3ccccc3)c3c2CCCCC3)cc1,test,5.671451337458957
CHEMBL155675,CHEMBL230,5.81,2000.0,5.81,COc1ccc(-n2nc(-c3ccc(Cl)cc3)c3c2CCCCC3)cc1,test,5.671451337458957
CHEMBL155676,CHEMBL230,4.891258027893047,2003.0,4.891258027893047,CS(=O)(=O)c1ccc(-c2cnnc(O)c2-c2ccccc2)cc1,test,5.961286445714158
CHEMBL155781,CHEMBL230,6.12,2003.0,6.12,CS(=O)(=O)c1ccc(-c2cnn(CCC3CC3)c(=O)c2-c2ccc(F)cc2)cc1,val,6.131434086821592
CHEMBL155887,CHEMBL230,5.91,2000.0,5.91,COc1ccc(-c2nn(-c3ccccc3)c3c2CCCCC3)cc1,test,5.600662768820494
CHEMBL156053,CHEMBL230,4.891258027893047,2003.0,4.891258027893047,CC(C)(C)n1ncc(-c2ccc(S(C)(=O)=O)cc2)c(-c2ccccc2)c1=O,val,6.131434086821592
CHEMBL1573436,CHEMBL230,4.0,2011.0,4.0,CC(=O)NC(c1cccs1)c1cc(Br)c2cccnc2c1O,val,5.438574041521399
CHEMBL157616,CHEMBL230,5.59,2000.0,5.59,Clc1ccc(-c2nn(-c3ccccc3)c3c2CCC3)cc1,test,5.671451337458957
CHEMBL157623,CHEMBL230,3.6399999999969457,1997.0,3.6399999999969457,CS(=O)(=O)c1ccc(-c2c(-c3ccccc3)sc3nncn23)cc1,val,6.131434086821592
CHEMBL15770,CHEMBL230,5.06,2015.0,5.06,CC1=C(CC(=O)O)c2cc(F)ccc2/C1=C\c1ccc([S+](C)[O-])cc1,test,4.836897242584702
CHEMBL157886,CHEMBL230,6.19,2000.0,6.19,Cc1ccc(-n2nc(-c3ccc(Cl)cc3)c3c2CCCCC3)cc1,test,5.671451337458957
CHEMBL158310,CHEMBL230,6.76,2003.0,6.76,CC(C)=CCn1ncc(-c2ccc(S(C)(=O)=O)cc2)c(-c2ccc(F)cc2)c1=O,val,6.131434086821592
CHEMBL158495,CHEMBL230,5.97,2003.0,5.97,CCCCCCCCCCCCCCCc1cccc(OC)c1CSc1nc2ccccc2s1,val,5.438574041521399
CHEMBL161590,CHEMBL230,6.57,2002.0,6.57,CCc1nc(C2CCCCC2)c(-c2ccc(S(C)(=O)=O)cc2)o1,test,6.131434086821592
CHEMBL161677,CHEMBL230,7.16,2002.0,7.16,Cc1nc(C2CCCCC2)c(-c2ccc(S(C)(=O)=O)cc2)o1,test,6.131434086821592
CHEMBL161728,CHEMBL230,6.55,2002.0,6.55,Cc1nc(C2CCCCCC2)c(-c2ccc(S(C)(=O)=O)cc2)o1,test,6.131434086821592
CHEMBL161793,CHEMBL230,5.51,2002.0,5.51,CNS(=O)(=O)c1ccc(-c2oc(C)nc2C2CCCCC2)cc1,test,6.024241535682179
CHEMBL1619630,CHEMBL230,4.0,2016.0,4.0,O=C(c1ccccc1)c1ccc2n1CC[C@H]2C(=O)O,test,5.438574041521399
CHEMBL162424,CHEMBL230,4.0,2011.0,4.0,c1ccc(Oc2ccc(OCCN3CCCC3)cc2)cc1,test,5.438574041521399
CHEMBL1626804,CHEMBL230,3.133099999445895,2005.0,3.133099999445895,Cc1cc[s+](-c2c(C3CCC(S(C)(=O)=O)CC3)occ(Cl)c2=O)c1,val,5.492254612819231
CHEMBL1629743,CHEMBL230,5.03,2010.0,5.03,CS(=O)(=O)c1ccc(C2=NN(C(N)=S)C(c3ccc(Cl)cc3)C2)cc1,test,6.131434086821592
CHEMBL1630237,CHEMBL230,5.33,2010.0,5.33,O=C(O)C1=Cc2c(ccc(Cl)c2-c2ccccc2)OC1C(F)(F)F,test,6.191006084785821
CHEMBL1630238,CHEMBL230,5.7,2010.0,5.7,Cc1ccccc1-c1c(Cl)ccc2c1C=C(C(=O)O)C(C(F)(F)F)O2,test,6.191006084785821
CHEMBL1630239,CHEMBL230,8.221848749616356,2010.0,8.221848749616356,O=C(O)C1=Cc2cc(Cl)c(OCC3CCCC3)c(Cl)c2OC1C(F)(F)F,val,6.513793847437154
CHEMBL1632396,CHEMBL230,4.66,2010.0,4.66,CC(=O)N1N=C(c2ccc(S(C)(=O)=O)cc2)CC1c1ccc(Cl)cc1,test,6.131434086821592
CHEMBL1632397,CHEMBL230,4.71,2010.0,4.71,CC(=O)N1N=C(c2ccc(S(C)(=O)=O)cc2)CC1c1ccc(F)cc1,test,6.131434086821592
CHEMBL1632398,CHEMBL230,5.17,2010.0,5.17,CC(=O)N1N=C(c2ccc(S(C)(=O)=O)cc2)CC1c1ccc(C)cc1,test,6.131434086821592
CHEMBL1632399,CHEMBL230,4.7,2010.0,4.7,CC(=O)N1N=C(c2ccc(S(C)(=O)=O)cc2)CC1c1ccc(C(F)(F)F)cc1,test,6.131434086821592
CHEMBL1632400,CHEMBL230,5.12,2010.0,5.12,COc1ccc(C2CC(c3ccc(S(C)(=O)=O)cc3)=NN2C(C)=O)cc1,test,6.131434086821592
CHEMBL1632404,CHEMBL230,4.3,2010.0,4.3,CS(=O)(=O)c1ccc(C2=NN(C(N)=S)C(c3ccccc3)C2)cc1,test,6.131434086821592
CHEMBL1632406,CHEMBL230,4.5,2010.0,4.5,Cc1ccc(C2CC(c3ccc(S(C)(=O)=O)cc3)=NN2C(N)=S)cc1,test,6.131434086821592
CHEMBL1667876,CHEMBL230,5.74,2011.0,5.74,Nc1ccc(-c2cc(Cl)cc3c2OC(C(F)(F)F)C(C(=O)O)=C3)cc1,val,6.319243927001591
CHEMBL1669027,CHEMBL230,4.67,2011.0,4.67,CS(=O)(=O)c1ccc(-c2cc(Cl)cc3c2OC(C(F)(F)F)C(C(=O)O)=C3)cc1,val,6.131434086821592
CHEMBL1669028,CHEMBL230,4.4,2011.0,4.4,CS(=O)(=O)Nc1ccc(-c2cc(Cl)cc3c2OC(C(F)(F)F)C(C(=O)O)=C3)cc1,val,6.460118286734118
CHEMBL1669029,CHEMBL230,5.2,2011.0,5.2,O=C(O)C1=Cc2cc(Cl)cc(-c3ccc(CO)cc3)c2OC1C(F)(F)F,val,6.319243927001591
CHEMBL1669030,CHEMBL230,5.46,2011.0,5.46,O=C(O)C1=Cc2cc(Cl)cc(-c3ccc(O)cc3)c2OC1C(F)(F)F,val,6.031249391808882
CHEMBL1669031,CHEMBL230,4.0,2011.0,4.0,O=C(O)C1=Cc2cc(Cl)cc(-c3ccc(C(=O)O)cc3)c2OC1C(F)(F)F,val,6.319243927001591
CHEMBL1669032,CHEMBL230,4.0,2011.0,4.0,O=C(O)C1=Cc2cc(Cl)cc(-c3ccc(F)cc3)c2OC1C(F)(F)F,val,6.319243927001591
CHEMBL1669033,CHEMBL230,7.68,2011.0,7.68,O=C(O)C1=Cc2cc(Cl)cc(-c3ccc(Cl)cc3)c2OC1C(F)(F)F,val,6.319243927001591
CHEMBL1669034,CHEMBL230,6.99,2011.0,6.99,Cc1ccc(-c2cc(Cl)cc3c2OC(C(F)(F)F)C(C(=O)O)=C3)cc1,val,6.319243927001591
CHEMBL1669035,CHEMBL230,7.11,2011.0,7.11,CCc1ccc(-c2cc(Cl)cc3c2OC(C(F)(F)F)C(C(=O)O)=C3)cc1,val,6.319243927001591
CHEMBL1669036,CHEMBL230,6.45,2011.0,6.45,CCOc1ccc(-c2cc(Cl)cc3c2OC(C(F)(F)F)C(C(=O)O)=C3)cc1,val,6.319243927001591
CHEMBL1669037,CHEMBL230,6.62,2011.0,6.62,CCSc1ccc(-c2cc(Cl)cc3c2OC(C(F)(F)F)C(C(=O)O)=C3)cc1,val,6.319243927001591
CHEMBL1669038,CHEMBL230,4.87,2011.0,4.87,CC(C)Cc1ccc(-c2cc(Cl)cc3c2OC(C(F)(F)F)C(C(=O)O)=C3)cc1,val,6.319243927001591
CHEMBL1669039,CHEMBL230,7.18,2011.0,7.18,Cc1ccc(-c2cc(Cl)cc3c2OC(C(F)(F)F)C(C(=O)O)=C3)cc1F,val,6.319243927001591
CHEMBL1669040,CHEMBL230,6.47,2011.0,6.47,COc1ccc(-c2cc(Cl)cc3c2OC(C(F)(F)F)C(C(=O)O)=C3)cc1C,val,6.09332750640639
CHEMBL168,CHEMBL230,3.7950889920109185,1998.0,3.7950889920109185,CC1(C)CC[C@]2(C(=O)O)CC[C@]3(C)C(=CC[C@@H]4[C@@]5(C)CC[C@H](O)C(C)(C)[C@@H]5CC[C@]43C)[C@@H]2C1,val,5.438574041521399
CHEMBL16814,CHEMBL230,4.96,1999.0,4.96,CC(C)(C)c1cc(-c2nnc(NC#N)o2)cc(C(C)(C)C)c1O,test,5.438574041521399
CHEMBL16819,CHEMBL230,5.19,1999.0,5.19,CCSc1nnc(-c2cc(C(C)(C)C)c(O)c(C(C)(C)C)c2)o1,test,5.438574041521399
CHEMBL1682229,CHEMBL230,3.6989700043360183,2011.0,3.6989700043360183,CS(=O)(=O)c1ccc(-c2nnnn2-c2ccccc2)cc1,val,6.131434086821592
CHEMBL1682230,CHEMBL230,4.35,2011.0,4.35,Cc1ccc(-n2nnnc2-c2ccc(S(C)(=O)=O)cc2)cc1,val,6.131434086821592
CHEMBL1682231,CHEMBL230,5.7,2011.0,5.7,COc1ccc(-n2nnnc2-c2ccc(S(C)(=O)=O)cc2)cc1,val,6.131434086821592
CHEMBL1682232,CHEMBL230,5.57,2011.0,5.57,CS(=O)(=O)c1ccc(-c2nnnn2-c2ccc(F)cc2)cc1,val,6.131434086821592
CHEMBL1682233,CHEMBL230,3.958607314841775,2011.0,3.958607314841775,CS(=O)(=O)c1ccc(-c2nnnn2-c2ccc(Cl)cc2)cc1,val,6.131434086821592
CHEMBL1684136,CHEMBL230,4.71,2011.0,4.71,COc1cc2oc(C)cc(=O)c2c(O)c1OC,test,5.492254612819231
CHEMBL1684141,CHEMBL230,4.67,2011.0,4.67,C=CCOc1c(OC)c(OC)cc2oc(C)cc(=O)c12,test,5.492254612819231
CHEMBL1684142,CHEMBL230,4.75,2011.0,4.75,COc1cc2oc(C)cc(=O)c2c(OCC=C(C)C)c1OC,test,5.492254612819231
CHEMBL1684146,CHEMBL230,4.81,2011.0,4.81,COc1cc2oc(C)cc(=O)c2c(O)c1O,test,5.492254612819231
CHEMBL1684147,CHEMBL230,5.05,2011.0,5.05,Cc1cc(=O)c2c(O)c(O)c(O)cc2o1,test,5.492254612819231
CHEMBL1684148,CHEMBL230,4.74,2011.0,4.74,C=CCOc1c(OC)cc2oc(C)cc(=O)c2c1O,test,5.492254612819231
CHEMBL1684149,CHEMBL230,4.81,2011.0,4.81,COc1cc2oc(C)cc(=O)c2c(O)c1OCC=C(C)C,test,5.492254612819231
CHEMBL1684150,CHEMBL230,4.87,2011.0,4.87,C=CCOc1cc2oc(C)cc(=O)c2c(O)c1OCC=C,test,5.492254612819231
CHEMBL1684151,CHEMBL230,4.99,2011.0,4.99,CC(C)=CCOc1cc2oc(C)cc(=O)c2c(O)c1OCC=C(C)C,test,5.492254612819231
CHEMBL1684152,CHEMBL230,4.36,2011.0,4.36,COc1c(OC)c(O)c2c(=O)cc(C)oc2c1Cl,test,5.997178746285705
CHEMBL1684153,CHEMBL230,4.59,2011.0,4.59,COc1c(OC)c(O)c2c(=O)cc(C)oc2c1Br,test,5.492254612819231
CHEMBL16878,CHEMBL230,4.64,1999.0,4.64,CC(C)(C)c1cc(-c2nnc(N=C(N)N)o2)cc(C(C)(C)C)c1O,test,5.438574041521399
CHEMBL169,CHEMBL230,4.07,1998.0,4.07,C[C@H]1[C@H](C)CC[C@]2(C(=O)O)CC[C@]3(C)C(=CC[C@@H]4[C@@]5(C)CC[C@H](O)C(C)(C)[C@@H]5CC[C@]43C)[C@H]12,val,5.438574041521399
CHEMBL16977,CHEMBL230,4.698970004336019,1999.0,4.698970004336019,CC(C)(C)c1cc(-c2nnc(O)o2)cc(C(C)(C)C)c1O,test,5.438574041521399
CHEMBL170180,CHEMBL230,4.36,1999.0,4.36,CS(=O)(=O)c1ccc(-c2ccc([N+](=O)[O-])cc2-c2ccccc2)cc1,test,5.908805076963849
CHEMBL171299,CHEMBL230,4.42,1999.0,4.42,CS(=O)(=O)c1ccc(-c2cc([N+](=O)[O-])ccc2-c2ccccc2)cc1,test,5.908805076963849
CHEMBL171335,CHEMBL230,8.7,1995.0,8.7,NS(=O)(=O)c1ccc(C2=C(c3ccc(F)cc3)CC3(CCC3)C2)cc1,test,6.2863510283148925
CHEMBL17161,CHEMBL230,5.69,2006.0,5.69,CSc1cc(N)ccc1/N=N/c1ccc(S(N)(=O)=O)cc1,test,5.951495433139948
CHEMBL171646,CHEMBL230,5.17,1996.0,5.17,CS(=O)(=O)c1ccc(-c2sncc2-c2ccc(F)cc2)cc1,test,6.131434086821592
CHEMBL17184,CHEMBL230,8.52,1995.0,8.52,NS(=O)(=O)c1ccc(C2=C(c3ccc(F)cc3)CC3(CC3)C2)cc1,test,6.2863510283148925
CHEMBL172128,CHEMBL230,3.712198270069774,1999.0,3.712198270069774,CS(=O)(=O)c1ccc(-c2cc(N)ccc2-c2ccccc2)cc1,test,5.908805076963849
CHEMBL172194,CHEMBL230,3.5228787452803374,1999.0,3.5228787452803374,CN1CC=C(c2ccccc2-c2ccc(S(C)(=O)=O)cc2)CC1,test,5.908805076963849
CHEMBL173169,CHEMBL230,3.832682665251824,1999.0,3.832682665251824,CS(=O)(=O)c1ccc(-c2cc(O)ccc2-c2ccccc2)cc1,test,5.738657435856415
CHEMBL173186,CHEMBL230,4.32,1999.0,4.32,COC(=O)c1ccc(-c2ccccc2)c(-c2ccc(S(C)(=O)=O)cc2)c1,test,5.908805076963849
CHEMBL173961,CHEMBL230,4.522878745280337,1996.0,4.522878745280337,CS(=O)(=O)c1ccc(-c2[nH]nnc2-c2ccccc2)cc1,val,6.186761654393316
CHEMBL1766283,CHEMBL230,5.0,2011.0,5.0,NS(=O)(=O)c1ccc(-n2nc(CCCNC(=O)Nc3ccccc3)cc2-c2ccccc2)cc1,val,5.921462050024983
CHEMBL1766286,CHEMBL230,5.22,2011.0,5.22,NS(=O)(=O)c1ccc(-n2nc(CCCNC(=O)Nc3ccc(Cl)cc3)cc2-c2ccccc2)cc1,val,5.921462050024983
CHEMBL1766287,CHEMBL230,5.89,2011.0,5.89,NS(=O)(=O)c1ccc(-n2nc(CCCNC(=O)Nc3ccc(C(F)(F)F)cc3)cc2-c2ccccc2)cc1,val,6.042488358065424
CHEMBL1766288,CHEMBL230,6.05,2011.0,6.05,NS(=O)(=O)c1ccc(-n2nc(CCCNC(=O)Nc3ccc(OC(F)(F)F)cc3)cc2-c2ccccc2)cc1,val,5.972001766236185
CHEMBL1766289,CHEMBL230,5.0,2011.0,5.0,CS(=O)(=O)c1ccc(-n2nc(CNC(=O)NC34CC5CC(CC(C5)C3)C4)cc2-c2ccccc2)cc1,test,5.842398360514989
CHEMBL1766290,CHEMBL230,5.0,2011.0,5.0,CS(=O)(=O)c1ccc(-n2nc(CNC(=O)NC3CCCCCC3)cc2-c2ccccc2)cc1,val,5.842398360514989
CHEMBL1766291,CHEMBL230,5.0,2011.0,5.0,CS(=O)(=O)c1ccc(-n2nc(CNC(=O)Nc3ccccc3)cc2-c2ccccc2)cc1,test,5.842398360514989
CHEMBL1766292,CHEMBL230,5.16,2011.0,5.16,CS(=O)(=O)c1ccc(-n2nc(CNC(=O)Nc3ccc(OC(F)(F)F)cc3)cc2-c2ccccc2)cc1,test,5.892938076726191
CHEMBL1766293,CHEMBL230,5.0,2011.0,5.0,CS(=O)(=O)c1ccc(-n2nc(CNC(=O)Nc3ccc(C(F)(F)F)cc3)cc2-c2ccccc2)cc1,test,5.892938076726191
CHEMBL1766294,CHEMBL230,5.6,2011.0,5.6,CS(=O)(=O)c1ccc(-n2nc(CNC(=O)Nc3cccc(C(F)(F)F)c3)cc2-c2ccccc2)cc1,test,5.892938076726191
CHEMBL1766295,CHEMBL230,6.0,2011.0,6.0,NS(=O)(=O)c1ccc(-n2nc(CNC(=O)Nc3cccc(C(F)(F)F)c3)cc2-c2ccccc2)cc1,test,6.042488358065424
CHEMBL1766299,CHEMBL230,6.16,2011.0,6.16,NS(=O)(=O)c1ccc(-n2nc(CCCNC(=O)Nc3cccc(C(F)(F)F)c3)cc2-c2ccccc2)cc1,val,6.042488358065424
CHEMBL1766300,CHEMBL230,5.52,2011.0,5.52,CS(=O)(=O)c1ccc(-n2nc(CCCNC(=O)Nc3cccc(C(F)(F)F)c3)cc2-c2ccccc2)cc1,val,5.892938076726191
CHEMBL1766301,CHEMBL230,5.55,2011.0,5.55,Cc1ccc(-c2cc(CCCNC(=O)Nc3cccc(C(F)(F)F)c3)nn2-c2ccc(S(N)(=O)=O)cc2)cc1,val,6.217615006824593
CHEMBL1766302,CHEMBL230,5.0,2011.0,5.0,CC(C)c1cccc(C(C)C)c1NC(=O)NCCCc1cc(-c2ccccc2)n(-c2ccc(S(N)(=O)=O)cc2)n1,val,5.921462050024983
CHEMBL1775087,CHEMBL230,5.095000000000001,2011.0,5.095000000000001,O=[N+]([O-])c1ccccc1Oc1ccc(OCCN2CCCC2)cc1,test,5.438574041521399
CHEMBL1775088,CHEMBL230,4.445,2011.0,4.445,O=[N+]([O-])c1cccc(Oc2ccc(OCCN3CCCC3)cc2)c1,test,5.438574041521399
CHEMBL1775089,CHEMBL230,4.225,2011.0,4.225,O=[N+]([O-])c1ccc(Oc2ccc(OCCN3CCCC3)cc2)cc1,test,5.438574041521399
CHEMBL1775090,CHEMBL230,4.0,2011.0,4.0,O=[N+]([O-])c1ccc(Oc2ccc(OCCN3CCCC3)cc2)c([N+](=O)[O-])c1,test,5.438574041521399
CHEMBL1775091,CHEMBL230,4.23,2011.0,4.23,c1ccc(Oc2ccc(OCCN3CCCC3)cc2)nc1,test,5.438574041521399
CHEMBL1775092,CHEMBL230,4.0,2011.0,4.0,c1cc(Oc2ccc(OCCN3CCCC3)cc2)ccn1,val,5.438574041521399
CHEMBL1775093,CHEMBL230,4.0,2011.0,4.0,CS(=O)(=O)c1ccccc1Oc1ccc(OCCN2CCCC2)cc1,test,5.438574041521399
CHEMBL1775094,CHEMBL230,4.0,2011.0,4.0,CS(=O)(=O)c1cccc(Oc2ccc(OCCN3CCCC3)cc2)c1,test,5.709153429135733
CHEMBL1775095,CHEMBL230,4.0,2011.0,4.0,CS(=O)(=O)c1ccc(Oc2ccc(OCCN3CCCC3)cc2)cc1,test,5.765101638453737
CHEMBL1775096,CHEMBL230,4.0,2011.0,4.0,CS(=O)(=O)c1ccc(Oc2ccc(OCCN3CCCC3)cc2)c([N+](=O)[O-])c1,test,5.709153429135733
CHEMBL1775098,CHEMBL230,4.0,2011.0,4.0,O=[N+]([O-])c1cccnc1Oc1ccc(OCCN2CCCC2)cc1,test,5.438574041521399
CHEMBL1775099,CHEMBL230,4.84,2011.0,4.84,FC(F)(F)c1ccccc1Oc1ccc(OCCN2CCCC2)cc1,test,5.489113757732601
CHEMBL1775100,CHEMBL230,4.0,2011.0,4.0,FC(F)(F)c1cccc(Oc2ccc(OCCN3CCCC3)cc2)c1,test,5.489113757732601
CHEMBL1775101,CHEMBL230,4.0,2011.0,4.0,FC(F)(F)c1ccc(Oc2ccc(OCCN3CCCC3)cc2)cc1,test,5.489113757732601
CHEMBL1775102,CHEMBL230,4.0,2011.0,4.0,Fc1ccc(Oc2ccc(OCCN3CCCC3)cc2)cc1,test,5.438574041521399
CHEMBL1775103,CHEMBL230,4.33,2011.0,4.33,Clc1ccc(Oc2ccc(OCCN3CCCC3)cc2)cc1,test,5.509362610159863
CHEMBL1775104,CHEMBL230,4.645,2011.0,4.645,Brc1ccc(Oc2ccc(OCCN3CCCC3)cc2)cc1,test,5.438574041521399
CHEMBL1775105,CHEMBL230,4.0,2011.0,4.0,Nc1ccccc1Oc1ccc(OCCN2CCCC2)cc1,test,5.438574041521399
CHEMBL1775106,CHEMBL230,4.0,2011.0,4.0,Nc1cccc(Oc2ccc(OCCN3CCCC3)cc2)c1,test,5.438574041521399
CHEMBL1775107,CHEMBL230,4.220000000000001,2011.0,4.220000000000001,Nc1ccc(Oc2ccc(OCCN3CCCC3)cc2)cc1,test,5.438574041521399
CHEMBL1775108,CHEMBL230,4.0,2011.0,4.0,CS(=O)(=O)N(c1ccccc1Oc1ccc(OCCN2CCCC2)cc1)S(C)(=O)=O,test,5.438574041521399
CHEMBL1775109,CHEMBL230,4.0,2011.0,4.0,CS(=O)(=O)N(c1cccc(Oc2ccc(OCCN3CCCC3)cc2)c1)S(C)(=O)=O,test,5.438574041521399
CHEMBL1775110,CHEMBL230,4.0,2011.0,4.0,CS(=O)(=O)Nc1ccc(Oc2ccc(OCCN3CCCC3)cc2)cc1,test,5.438574041521399
CHEMBL1775111,CHEMBL230,4.02,2011.0,4.02,CN(c1ccccc1Oc1ccc(OCCN2CCCC2)cc1)S(C)(=O)=O,test,5.438574041521399
CHEMBL1797308,CHEMBL230,4.3979400086720375,2019.0,4.3979400086720375,CC1(C)CC[C@]2(C(=O)O)CC[C@]3(C)C(=CC[C@@H]4[C@@]5(C)C[C@H](O)[C@H](O)[C@@](C)(CO)[C@@H]5CC[C@]43C)[C@@H]2C1,val,5.438574041521399
CHEMBL1797512,CHEMBL230,5.62,2011.0,5.62,CC(=O)OCO/N=[N+](/[O-])N1CCC[C@@H]1C(=O)OCc1ccc(C2=C(c3ccc(S(C)(=O)=O)cc3)COC2=O)cc1,test,6.131434086821592
CHEMBL18020,CHEMBL230,7.22,1998.0,7.22,CC(C)S(=O)(=O)c1c(O)n(Cc2ccccc2)c(=O)c2ccc(Cl)cc12,test,5.438574041521399
CHEMBL1802044,CHEMBL230,4.3979400086720375,2019.0,4.3979400086720375,CC(=O)O[C@@H]1CC[C@@]2(C)[C@@H](CC[C@]3(C)[C@@H]2CC=C2[C@@H]4CC(C)(C)CC[C@]4(C)CC[C@]23C)[C@@]1(C)C(=O)O,val,5.438574041521399
CHEMBL1814706,CHEMBL230,3.0,2011.0,3.0,CC(C(=O)[O-])c1ccc(CC2CCCC2=O)cc1-c1ccc(OC(F)(F)F)cc1.[Na+],test,5.600662768820494
CHEMBL1814711,CHEMBL230,4.91,2011.0,4.91,CC(C(=O)O)c1ccc(C[C@H]2CCC[C@H]2O)cc1,test,5.438574041521399
CHEMBL1814712,CHEMBL230,3.537602002101044,2011.0,3.537602002101044,CC(C(=O)[O-])c1ccc(CC2CCCC2=O)c(-c2ccccc2)c1.[Na+],val,5.438574041521399
CHEMBL1814713,CHEMBL230,3.3767507096020997,2011.0,3.3767507096020997,Cc1ccc(-c2cc(C(C)C(=O)[O-])ccc2CC2CCCC2=O)cc1.[Na+],val,5.600662768820494
CHEMBL1814714,CHEMBL230,3.0,2011.0,3.0,COc1ccc(-c2cc(C(C)C(=O)[O-])ccc2CC2CCCC2=O)cc1.[Na+],val,5.600662768820494
CHEMBL1814715,CHEMBL230,3.0,2011.0,3.0,CSc1ccc(-c2cc(C(C)C(=O)[O-])ccc2CC2CCCC2=O)cc1.[Na+],val,5.600662768820494
CHEMBL1814716,CHEMBL230,4.44,2011.0,4.44,CC(C(=O)[O-])c1ccc(CC2CCCC2=O)c(-c2ccc(F)cc2)c1.[Na+],val,5.600662768820494
CHEMBL1814717,CHEMBL230,4.14,2011.0,4.14,CC(C(=O)[O-])c1ccc(CC2CCCC2=O)c(-c2ccc(OC(F)(F)F)cc2)c1.[Na+],val,5.600662768820494
CHEMBL1814718,CHEMBL230,3.0,2011.0,3.0,CC(C(=O)[O-])c1ccc(CC2CCCC2=O)c(-c2ccc(C(=O)[O-])cc2)c1.[Na+].[Na+],val,5.600662768820494
CHEMBL1814720,CHEMBL230,4.16,2011.0,4.16,CC(C(=O)[O-])c1ccc(CC2CCCC2=O)cc1-c1ccccc1.[Na+],test,5.438574041521399
CHEMBL1814721,CHEMBL230,3.2676062401770314,2011.0,3.2676062401770314,Cc1ccc(-c2cc(CC3CCCC3=O)ccc2C(C)C(=O)[O-])cc1.[Na+],test,5.600662768820494
CHEMBL1814722,CHEMBL230,3.366531544420414,2011.0,3.366531544420414,COc1ccc(-c2cc(CC3CCCC3=O)ccc2C(C)C(=O)[O-])cc1.[Na+],test,5.600662768820494
CHEMBL1814723,CHEMBL230,3.823908740944318,2011.0,3.823908740944318,CSc1ccc(-c2cc(CC3CCCC3=O)ccc2C(C)C(=O)[O-])cc1.[Na+],test,5.600662768820494
CHEMBL1814724,CHEMBL230,4.44,2011.0,4.44,CC(C(=O)[O-])c1ccc(CC2CCCC2=O)cc1-c1ccc(F)cc1.[Na+],test,5.600662768820494
CHEMBL1814725,CHEMBL230,4.12,2011.0,4.12,CC(C(=O)[O-])c1ccc(CC2CCCC2=O)cc1-c1ccc(C(=O)[O-])cc1.[Na+].[Na+],test,5.600662768820494
CHEMBL1814726,CHEMBL230,4.96,2011.0,4.96,CC(C(=O)[O-])c1ccc(CC2CCCC2=O)cc1-c1ccc(O)cc1.[Na+],test,5.43051512771306
CHEMBL18148,CHEMBL230,7.05,1998.0,7.05,CC(C)S(=O)(=O)c1c(O)n(Cc2ccc(F)cc2)c(=O)c2ccccc12,test,5.438574041521399
CHEMBL182695,CHEMBL230,8.22,2004.0,8.22,Cc1cc(-c2c(-c3ccc(S(C)(=O)=O)cc3)ccc(F)c2F)ccc1Cl,test,5.859563987398907
CHEMBL182820,CHEMBL230,7.89,2004.0,7.89,COc1ccc(-c2c(-c3ccc(S(N)(=O)=O)cc3)ccc(F)c2F)cc1F,test,6.2863510283148925
CHEMBL1830459,CHEMBL230,5.0,2011.0,5.0,CCOC(=O)C1CCN(C(=O)CCc2cc(-c3ccc(C(F)(F)F)cc3)n(-c3ccc(Cl)nn3)n2)CC1,test,5.600662768820494
CHEMBL1830468,CHEMBL230,5.0,2011.0,5.0,Cc1ccc(-c2cc(CCC(=O)N3CCN(Cc4ccc(C(C)(C)C)cc4)CC3)nn2-c2ccccc2)cc1,test,5.600662768820494
CHEMBL1830478,CHEMBL230,5.0,2011.0,5.0,Cc1ccc(-c2cc(CCC(=O)Oc3ccc(C(C)C)cc3)nn2-c2ccccc2)cc1,test,5.600662768820494
CHEMBL183088,CHEMBL230,7.85,2004.0,7.85,CS(=O)(=O)c1ccc(-c2ccc(F)c(F)c2-c2ccc(F)cc2)cc1,test,6.131434086821592
CHEMBL18312,CHEMBL230,5.925,2003.0,5.925,CC1(O)OC(=O)C(c2ccc3ccccc3c2)=C1c1ccc(S(C)(=O)=O)cc1,test,6.131434086821592
CHEMBL183178,CHEMBL230,6.25,2004.0,6.25,COc1ccc(Oc2c(C)[nH]c3cccc(S(C)(=O)=O)c23)cc1,val,5.492254612819231
CHEMBL183515,CHEMBL230,7.92,2004.0,7.92,CS(=O)(=O)c1ccc(-c2ccc(F)c(F)c2-c2ccc3c(c2)OCO3)cc1,test,6.131434086821592
CHEMBL18373,CHEMBL230,6.54,1998.0,6.54,CC(C)S(=O)(=O)c1c(O)n(Cc2ccccc2)c(=O)c2ccccc12,test,5.438574041521399
CHEMBL183930,CHEMBL230,4.3979400086720375,2004.0,4.3979400086720375,Cc1[nH]c2cc(S(C)(=O)=O)ccc2c1[S+]([O-])c1ccc(F)cc1,test,5.762834000433565
CHEMBL183970,CHEMBL230,5.83,2004.0,5.83,Cc1[nH]c2cc(S(C)(=O)=O)ccc2c1Cc1ccc(F)cc1F,test,5.762834000433565
CHEMBL184075,CHEMBL230,5.97,2004.0,5.97,Cc1[nH]c2cc(S(C)(=O)=O)ccc2c1Oc1ccc(Cl)cc1,val,5.762834000433565
CHEMBL184076,CHEMBL230,8.4,2004.0,8.4,Cc1ccc(-c2c(-c3ccc(S(N)(=O)=O)cc3)ccc(F)c2F)cc1,test,6.2863510283148925
CHEMBL184122,CHEMBL230,7.89,2004.0,7.89,COc1ccc(-c2c(-c3ccc(S(N)(=O)=O)cc3)ccc(F)c2F)cc1Cl,test,6.2863510283148925
CHEMBL184145,CHEMBL230,6.62,2004.0,6.62,CS(=O)(=O)c1ccc(-c2ccc(Cl)c(Cl)c2-c2ccc(F)cc2)cc1,test,3.8666251756405345
CHEMBL184238,CHEMBL230,4.0,2016.0,4.0,NC(=O)c1cccc(-c2cccc(OC(=O)NC3CCCCC3)c2)c1,val,5.438574041521399
CHEMBL184327,CHEMBL230,7.19,2004.0,7.19,COc1ccc(-c2c(-c3ccc(S(N)(=O)=O)cc3)ccc(F)c2F)cc1OC,test,6.2863510283148925
CHEMBL184341,CHEMBL230,8.3,2004.0,8.3,COc1ccc(-c2c(-c3ccc(S(N)(=O)=O)cc3)ccc(F)c2F)cc1C,test,6.2863510283148925
CHEMBL184375,CHEMBL230,8.3,2004.0,8.3,Cc1ccc(-c2c(-c3ccc(S(N)(=O)=O)cc3)ccc(F)c2F)cc1C,test,6.2863510283148925
CHEMBL184389,CHEMBL230,7.64,2004.0,7.64,Cc1ccc(-c2c(-c3ccc(S(C)(=O)=O)cc3)ccc(F)c2F)cc1C,test,6.131434086821592
CHEMBL184498,CHEMBL230,7.89,2004.0,7.89,COc1ccc(-c2c(-c3ccc(S(C)(=O)=O)cc3)ccc(F)c2F)cc1C,test,6.131434086821592
CHEMBL185163,CHEMBL230,8.4,2004.0,8.4,NS(=O)(=O)c1ccc(-c2ccc(F)c(F)c2-c2ccc(F)cc2)cc1,test,6.2863510283148925
CHEMBL185196,CHEMBL230,8.52,2004.0,8.52,Cc1cc(-c2c(-c3ccc(S(N)(=O)=O)cc3)ccc(F)c2F)ccc1Cl,test,6.014480928892208
CHEMBL185407,CHEMBL230,7.72,2004.0,7.72,COc1ccc(-c2c(-c3ccc(S(C)(=O)=O)cc3)ccc(F)c2F)cc1Cl,test,6.131434086821592
CHEMBL185420,CHEMBL230,8.0,2004.0,8.0,CS(=O)(=O)c1ccc(-c2ccc(F)c(F)c2-c2ccc(F)c(Cl)c2)cc1,test,6.131434086821592
CHEMBL185528,CHEMBL230,5.915,2004.0,5.915,Cc1[nH]c2cc(S(C)(=O)=O)ccc2c1Cc1ccc(Cl)cc1,test,5.762834000433565
CHEMBL185547,CHEMBL230,8.52,2004.0,8.52,Cc1ccc(-c2c(-c3ccc(S(N)(=O)=O)cc3)ccc(F)c2F)cc1Cl,test,6.2863510283148925
CHEMBL18797,CHEMBL230,6.33,2010.0,6.33,CSc1ccc(/C=C2/C(C)=C(CC(=O)O)c3cc(F)ccc32)cc1,test,4.836897242584702
CHEMBL188071,CHEMBL230,8.3,2004.0,8.3,Cc1cc(-c2c(-c3ccc(S(C)(=O)=O)cc3)ccc(F)c2F)ccc1F,test,6.131434086821592
CHEMBL18883,CHEMBL230,4.240743030061056,2004.0,4.240743030061056,C[C@@H](C(=O)O)c1ccc(C[C@@H]2CCC[C@H]2O)cc1,test,5.438574041521399
CHEMBL190011,CHEMBL230,5.92,2004.0,5.92,COC1(c2cc(-c3ccc(S(C)(=O)=O)cc3)n(-c3ccc(C)cc3)n2)CCCO1,test,6.131434086821592
CHEMBL19056,CHEMBL230,5.79,2003.0,5.79,CC1(O)OC(=O)C(c2ccsc2)=C1c1ccc(S(C)(=O)=O)cc1,test,6.131434086821592
CHEMBL191534,CHEMBL230,5.3,2014.0,5.3,CCCCC/C=C\C/C=C\C/C=C\C/C=C\CCCC(=O)NCCc1c[nH]c2ccc(O)cc12,test,5.515870763582652
CHEMBL1916947,CHEMBL230,4.8,2011.0,4.8,O=C(NS(=O)(=O)c1ccccc1)c1cccnc1,test,5.430428297312057
CHEMBL1916948,CHEMBL230,4.93,2011.0,4.93,O=C(NS(=O)(=O)c1ccc(F)cc1)c1cccnc1,test,5.430428297312057
CHEMBL1916949,CHEMBL230,5.18,2011.0,5.18,O=C(NS(=O)(=O)c1ccc(Cl)cc1)c1cccnc1,test,5.430428297312057
CHEMBL1916950,CHEMBL230,5.31,2011.0,5.31,O=C(NS(=O)(=O)c1ccc(Br)cc1)c1cccnc1,test,5.430428297312057
CHEMBL1916951,CHEMBL230,4.74,2011.0,4.74,Cc1ccc(S(=O)(=O)NC(=O)c2cccnc2)cc1,test,5.484108868609889
CHEMBL1916957,CHEMBL230,4.92,2011.0,4.92,O=C(NS(=O)(=O)c1ccc(F)cc1)c1ccncc1,test,5.430428297312057
CHEMBL1916958,CHEMBL230,4.9,2011.0,4.9,O=C(NS(=O)(=O)c1ccc(Cl)cc1)c1ccncc1,test,5.430428297312057
CHEMBL1916959,CHEMBL230,5.11,2011.0,5.11,O=C(NS(=O)(=O)c1ccc(Br)cc1)c1ccncc1,test,5.430428297312057
CHEMBL1916960,CHEMBL230,4.71,2011.0,4.71,Cc1ccc(S(=O)(=O)NC(=O)c2ccncc2)cc1,test,5.484108868609889
CHEMBL1916961,CHEMBL230,5.06,2011.0,5.06,O=C(NS(=O)(=O)c1ccccc1)c1ccccn1,test,5.657909087314324
CHEMBL1916962,CHEMBL230,5.2,2011.0,5.2,O=C(NS(=O)(=O)c1ccc(F)cc1)c1ccccn1,test,5.657909087314324
CHEMBL1916963,CHEMBL230,5.22,2011.0,5.22,O=C(NS(=O)(=O)c1ccc(Cl)cc1)c1ccccn1,test,5.657909087314324
CHEMBL1916964,CHEMBL230,5.44,2011.0,5.44,O=C(NS(=O)(=O)c1ccc(Br)cc1)c1ccccn1,test,5.657909087314324
CHEMBL1916965,CHEMBL230,5.1,2011.0,5.1,Cc1ccc(S(=O)(=O)NC(=O)c2ccccn2)cc1,test,5.711589658612156
CHEMBL1917102,CHEMBL230,6.3,2011.0,6.3,O=[N+]([O-])c1ccc2c(c1)S(=O)(=O)N=S2c1ccc(-c2ccccc2)cc1,test,5.600662768820494
CHEMBL19286,CHEMBL230,4.85,2004.0,4.85,C[C@H](C(=O)O)c1ccc(C[C@@H]2CCC[C@H]2O)cc1,test,5.438574041521399
CHEMBL1938840,CHEMBL230,7.22,2012.0,7.22,CC(C)(C)OC1Oc2ccccc2-c2nc(NN)ncc21,test,5.632455067866641
CHEMBL1939435,CHEMBL230,5.12,2012.0,5.12,O=C(O)/C=C/c1ccc2c(c1)O[C@H](c1cc(O)cc(O)c1)[C@H](C(=O)O)O2,test,5.438574041521399
CHEMBL1939436,CHEMBL230,4.59,2012.0,4.59,O=C(O)/C=C/c1ccc2c(c1)O[C@@H](C(=O)O)[C@@H](c1cc(O)cc(O)c1)O2,test,5.438574041521399
CHEMBL1939437,CHEMBL230,4.28,2012.0,4.28,O=C(O)/C=C/c1ccc2c(c1)O[C@@H](C(=O)O)[C@@H](c1ccc(O)c(O)c1)O2,test,5.438574041521399
CHEMBL1950020,CHEMBL230,7.72,2012.0,7.72,O=C(O)Cc1c(C(=O)c2cc3c(cn2)CCCC3)[nH]c2cc(Cl)ccc12,test,5.438574041521399
CHEMBL1956381,CHEMBL230,4.82,2012.0,4.82,NS(=O)(=O)c1ccc(-n2nnnc2-c2ccccc2)cc1,val,6.060684663344523
CHEMBL1956382,CHEMBL230,4.0,2012.0,4.0,Cc1ccc(-c2nnnn2-c2ccc(S(N)(=O)=O)cc2)cc1,val,6.2863510283148925
CHEMBL1956383,CHEMBL230,4.0,2012.0,4.0,COc1ccc(-c2nnnn2-c2ccc(S(N)(=O)=O)cc2)cc1,val,6.2863510283148925
CHEMBL1956384,CHEMBL230,4.25,2012.0,4.25,NS(=O)(=O)c1ccc(-n2nnnc2-c2ccc(F)cc2)cc1,val,6.2863510283148925
CHEMBL1956385,CHEMBL230,4.21,2012.0,4.21,NS(=O)(=O)c1ccc(-n2nnnc2-c2ccc(Cl)cc2)cc1,val,6.2863510283148925
CHEMBL1956386,CHEMBL230,4.0,2012.0,4.0,NS(=O)(=O)c1ccc(-n2nnnc2-c2ccc(C(F)(F)F)cc2)cc1,val,6.356837620144131
CHEMBL1956387,CHEMBL230,4.0,2012.0,4.0,NS(=O)(=O)c1ccc(-n2nnnc2-c2ccc([N+](=O)[O-])cc2)cc1,val,6.2863510283148925
CHEMBL1956388,CHEMBL230,5.16,2012.0,5.16,CN(C)c1ccc(-c2nnnn2-c2ccc(S(N)(=O)=O)cc2)cc1,val,6.2863510283148925
CHEMBL1956389,CHEMBL230,4.52,2012.0,4.52,CS(=O)(=O)c1ccc(-n2nnnc2-c2ccccc2)cc1,val,5.842398360514989
CHEMBL1956390,CHEMBL230,4.06,2012.0,4.06,Cc1ccc(-c2nnnn2-c2ccc(S(C)(=O)=O)cc2)cc1,val,6.131434086821592
CHEMBL1956391,CHEMBL230,4.0,2012.0,4.0,COc1ccc(-c2nnnn2-c2ccc(S(C)(=O)=O)cc2)cc1,val,6.131434086821592
CHEMBL1956392,CHEMBL230,4.82,2012.0,4.82,CS(=O)(=O)c1ccc(-n2nnnc2-c2ccc(F)cc2)cc1,val,6.131434086821592
CHEMBL1956393,CHEMBL230,4.5,2012.0,4.5,CS(=O)(=O)c1ccc(-n2nnnc2-c2ccc(Cl)cc2)cc1,val,6.131434086821592
CHEMBL1956394,CHEMBL230,4.0,2012.0,4.0,CS(=O)(=O)c1ccc(-n2nnnc2-c2ccc(C(F)(F)F)cc2)cc1,val,6.131434086821592
CHEMBL1956395,CHEMBL230,4.16,2012.0,4.16,CS(=O)(=O)c1ccc(-n2nnnc2-c2ccc([N+](=O)[O-])cc2)cc1,val,6.131434086821592
CHEMBL1956396,CHEMBL230,5.22,2012.0,5.22,CN(C)c1ccc(-c2nnnn2-c2ccc(S(C)(=O)=O)cc2)cc1,val,6.131434086821592
CHEMBL1957450,CHEMBL230,7.82,2012.0,7.82,N[C@@H](Cc1c[nH]c2ccccc12)C(=O)N[C@@H](CS)C(=O)N[C@@H](CO)C(=O)O,test,5.438574041521399
CHEMBL1957454,CHEMBL230,3.0,2012.0,3.0,CSCC[C@H](NC(=O)[C@H](Cc1ccc(O)cc1)NC(=O)c1ccc(F)cc1)C(=O)N[C@@H](CC(=O)O)C(=O)O,test,5.438574041521399
CHEMBL1957455,CHEMBL230,3.3010299956639813,2012.0,3.3010299956639813,CSCC[C@H](NC(=O)[C@H](Cc1ccc(O)cc1)NC(=O)c1ccc(F)cc1)C(=O)N[C@@H](CCC(=O)O)C(=O)O,test,5.438574041521399
CHEMBL1957456,CHEMBL230,3.3467874862246565,2012.0,3.3467874862246565,CSCC[C@H](NC(=O)[C@H](Cc1ccccc1)NC(=O)c1ccc(F)cc1)C(=O)N[C@@H](CC(=O)O)C(=O)O,test,5.438574041521399
CHEMBL1957457,CHEMBL230,3.0,2012.0,3.0,CSCC[C@H](NC(=O)[C@H](Cc1ccccc1)NC(=O)c1ccc(F)cc1)C(=O)N[C@@H](CCC(=O)O)C(=O)O,test,5.438574041521399
CHEMBL1957568,CHEMBL230,4.89,2012.0,4.89,O=C(N[C@@H](Cc1ccccc1)C(=O)N[C@@H](CS)C(=O)N[C@@H](CO)C(=O)O)c1ccc(F)cc1,test,5.438574041521399
CHEMBL1957572,CHEMBL230,3.853871964321762,2012.0,3.853871964321762,O=C(N[C@@H](Cc1ccc(O)cc1)C(=O)N[C@@H](CO)C(=O)O)c1ccc(F)cc1,test,5.438574041521399
CHEMBL1957574,CHEMBL230,3.958607314841775,2012.0,3.958607314841775,O=C(O)C[C@H](NC(=O)[C@H](Cc1ccc(O)cc1)NC(=O)c1ccc(F)cc1)C(=O)O,test,5.438574041521399
CHEMBL1957877,CHEMBL230,4.76,2012.0,4.76,Fc1ccc(/N=C/c2c[nH]c3ccccc23)cc1,test,5.438574041521399
CHEMBL1957878,CHEMBL230,4.52,2012.0,4.52,Cc1ccc(/N=C/c2c[nH]c3ccccc23)cc1,test,5.492254612819231
CHEMBL1957879,CHEMBL230,4.94,2012.0,4.94,FC(F)(F)c1ccc(/N=C/c2c[nH]c3ccccc23)cc1,test,5.489113757732601
CHEMBL1958348,CHEMBL230,6.42,2012.0,6.42,CC(=O)Oc1ccccc1C(=O)Oc1ccc(CCO)cc1,test,5.438574041521399
CHEMBL201515,CHEMBL230,4.3979400086720375,2019.0,4.3979400086720375,CC1(C)CC[C@]2(C(=O)O)CC[C@]3(C)C(=CC[C@@H]4[C@@]5(C)C[C@@H](O)[C@H](O)C(C)(C)[C@@H]5CC[C@]43C)[C@@H]2C1,val,5.438574041521399
CHEMBL2016598,CHEMBL230,4.96,2012.0,4.96,Cc1noc2c(Cc3ccccc3)nn(Cc3nnc(Nc4ccccc4)s3)c(=O)c12,val,5.492254612819231
CHEMBL2018567,CHEMBL230,4.0,2012.0,4.0,Cc1noc2c(Cc3ccc([N+](=O)[O-])cc3)nn(Cc3nnc(Nc4ccccc4)s3)c(=O)c12,val,5.492254612819231
CHEMBL2018570,CHEMBL230,4.0,2012.0,4.0,COc1ccc(Cc2nn(Cc3nnc(Nc4ccccc4)s3)c(=O)c3c(C)noc23)cc1,val,5.492254612819231
CHEMBL2018667,CHEMBL230,5.26,2012.0,5.26,Cc1noc2c(Cc3ccccc3)nn(Cc3n[nH]c(=S)n3C)c(=O)c12,test,5.492254612819231
CHEMBL2018668,CHEMBL230,5.21,2012.0,5.21,CCn1c(Cn2nc(Cc3ccccc3)c3onc(C)c3c2=O)n[nH]c1=S,test,5.492254612819231
CHEMBL2018669,CHEMBL230,4.0,2012.0,4.0,Cc1noc2c(Cc3ccccc3)nn(Cc3n[nH]c(=S)n3-c3ccccc3)c(=O)c12,test,5.492254612819231
CHEMBL2018670,CHEMBL230,5.34,2012.0,5.34,Cc1noc2c(Cc3ccc([N+](=O)[O-])cc3)nn(Cc3n[nH]c(=S)n3C)c(=O)c12,test,5.492254612819231
CHEMBL2018671,CHEMBL230,5.04,2012.0,5.04,CCn1c(Cn2nc(Cc3ccc([N+](=O)[O-])cc3)c3onc(C)c3c2=O)n[nH]c1=S,test,5.492254612819231
CHEMBL2018672,CHEMBL230,4.0,2012.0,4.0,Cc1noc2c(Cc3ccc([N+](=O)[O-])cc3)nn(Cc3n[nH]c(=S)n3-c3ccccc3)c(=O)c12,test,5.492254612819231
CHEMBL2018673,CHEMBL230,5.68,2012.0,5.68,COc1ccc(Cc2nn(Cc3n[nH]c(=S)n3C)c(=O)c3c(C)noc23)cc1,test,5.492254612819231
CHEMBL2018674,CHEMBL230,5.66,2012.0,5.66,CCn1c(Cn2nc(Cc3ccc(OC)cc3)c3onc(C)c3c2=O)n[nH]c1=S,test,5.492254612819231
CHEMBL2018675,CHEMBL230,4.97,2012.0,4.97,COc1ccc(Cc2nn(Cc3n[nH]c(=S)n3-c3ccccc3)c(=O)c3c(C)noc23)cc1,test,5.492254612819231
CHEMBL2023820,CHEMBL230,4.0,2012.0,4.0,O=C(O)c1cccc(Nc2ccc([N+](=O)[O-])c3ccccc23)c1,val,5.438574041521399
CHEMBL2063728,CHEMBL230,4.85,2012.0,4.85,CC(C(=O)O)c1ccc(N[C@H]2CCC[C@@H]2O)cc1F,test,5.438574041521399
CHEMBL2063730,CHEMBL230,4.67,2012.0,4.67,CC(C(=O)O)c1ccc(NC2CCCC2)cc1F,test,5.438574041521399
CHEMBL2063852,CHEMBL230,5.39,2012.0,5.39,CC(C(=O)O)c1ccc(Cc2ccco2)cc1F,test,5.438574041521399
CHEMBL2063853,CHEMBL230,4.89,2012.0,4.89,CC(C(=O)O)c1ccc(Cc2cccs2)cc1F,val,5.438574041521399
CHEMBL206765,CHEMBL230,6.22,2005.0,6.22,C=C1C(=O)O[C@H]2[C@H]1[C@H](OC(=O)[C@@]1(C)O[C@H]1C)[C@@H](OC(C)=O)/C(C(=O)OC)=C\CC[C@@]1(C)O[C@H]21,test,5.643338942026445
CHEMBL2096829,CHEMBL230,5.46,2006.0,5.46,Cc1ccc(-c2ncc(Cl)cc2-c2ccc([S@+](C)[O-])cc2)cn1,val,5.600662768820494
CHEMBL209689,CHEMBL230,5.52,2006.0,5.52,Cc1ccc2c(c1)c(-c1ccnc3c(C)cccc13)c(C)n2CC(=O)O,test,5.872107700965617
CHEMBL2105528,CHEMBL230,6.0,2014.0,6.0,Cc1c(NCc2c(C(C)C)c(=O)n(-c3ccccc3)n2C)c(=O)n(-c2ccccc2)n1C,val,5.586013736460248
CHEMBL212918,CHEMBL230,4.96,2006.0,4.96,NS(=O)(=O)c1ccc(/N=N/c2ccc(OC(=O)Nc3ccccc3)c(OC(=O)Nc3ccccc3)c2)cc1,test,5.844165327963731
CHEMBL213267,CHEMBL230,4.83,2006.0,4.83,COc1ccc(/N=N/c2ccc(S(N)(=O)=O)cc2)cc1,test,5.9833879412832705
CHEMBL213326,CHEMBL230,5.37,2006.0,5.37,COc1ccc(/N=N/c2ccc(S(N)(=O)=O)cc2)cc1OC,test,5.9833879412832705
CHEMBL213939,CHEMBL230,4.91,2006.0,4.91,CC(C)c1ccc(NC(=O)Oc2ccc(/N=N/c3ccc(S(N)(=O)=O)cc3)cc2OC(=O)Nc2ccc(C(C)C)cc2)cc1,test,5.844165327963731
CHEMBL2146750,CHEMBL230,4.57,2011.0,4.57,CC1CCN([C@H](c2ccc(F)cc2)c2ccc([C@@H](C)C(=O)O)cc2-c2ccc(C(F)(F)F)cc2)CC1,test,5.600662768820494
CHEMBL214710,CHEMBL230,4.77,2006.0,4.77,COc1cc(/N=N/c2ccc(S(N)(=O)=O)cc2)ccc1O,test,5.844165327963731
CHEMBL2158006,CHEMBL230,4.9,2012.0,4.9,CC(Oc1cc(=O)oc2ccccc12)C(=O)Nc1ccc(N2CCOCC2=O)cc1,test,5.438574041521399
CHEMBL2158365,CHEMBL230,4.28,2012.0,4.28,CC(Oc1cc(=O)oc2ccccc12)C(=O)Nc1ccncc1,test,5.438574041521399
CHEMBL215872,CHEMBL230,4.95,2006.0,4.95,NS(=O)(=O)c1ccc(/N=N/c2ccc(O)c(Cl)c2)cc1,test,5.844165327963731
CHEMBL2171268,CHEMBL230,4.0,2012.0,4.0,CC(C(=O)O)c1ccc2c3cc(Cl)ccc3n(C(=O)NC3CCCCC3)c2c1,test,5.438574041521399
CHEMBL2171276,CHEMBL230,4.0,2012.0,4.0,CC(C(=O)Nc1ccccc1)c1ccc2c(c1)[nH]c1ccc(Cl)cc12,test,5.438574041521399
CHEMBL2181776,CHEMBL230,5.0,2015.0,5.0,Cn1c(-c2ccccn2)c(C2CCCC2)c2ccc(C(=O)NC3(C(=O)Nc4ccc(/C=C/C(=O)O)cc4)CCC3)cc21,val,5.438574041521399
CHEMBL219885,CHEMBL230,4.0,2007.0,4.0,CS(=O)(=O)c1ccc(-n2cnc(Cl)c2-c2ccc(OCCCO)c(F)c2)cc1,val,6.131434086821592
CHEMBL219893,CHEMBL230,4.25,2007.0,4.25,CS(=O)(=O)c1ccc(-n2cnc(Cl)c2-c2ccc(OCCO)c(F)c2)cc1,val,6.131434086821592
CHEMBL220113,CHEMBL230,4.7,2007.0,4.7,NS(=O)(=O)c1ccc(-n2cnc(Cl)c2-c2ccc(OCCO)c(F)c2)cc1,val,6.147128414995354
CHEMBL222531,CHEMBL230,6.13,2004.0,6.13,CS(=O)(=O)c1ccc(-n2nc(COc3cccc([N+](=O)[O-])c3)cc2-c2ccccc2)cc1,test,5.842398360514989
CHEMBL222902,CHEMBL230,6.06,2004.0,6.06,COc1cc(OC)cc(OCc2cc(-c3ccccc3)n(-c3ccc(S(C)(=O)=O)cc3)n2)c1,test,5.842398360514989
CHEMBL2230270,CHEMBL230,4.698970004336019,2019.0,4.698970004336019,CC1(C)C=Cc2c(O)cc(/C=C/c3ccc(O)cc3)cc2O1,val,5.438574041521399
CHEMBL223256,CHEMBL230,5.38,2017.0,5.38,CC(C)=CCC/C(C)=C/Cc1c(O)cc2c(c1O)C(=O)C[C@@H](c1ccc(O)c(O)c1)O2,val,5.438574041521399
CHEMBL2234865,CHEMBL230,4.501390000149191,2012.0,4.501390000149191,CS(=O)(=O)c1ccc(-c2nc(NCCCc3cccs3)cc(C(F)(F)F)n2)cc1,test,6.131434086821592
CHEMBL2234942,CHEMBL230,7.04,2024.0,7.04,COC(=O)N/N=C/c1coc2ccccc2c1=O,test,5.438574041521399
CHEMBL223529,CHEMBL230,4.54,2007.0,4.54,NS(=O)(=O)c1ccc(-n2cnc(Cl)c2-c2ccc(OCCO[N+](=O)[O-])c(F)c2)cc1,val,6.2863510283148925
CHEMBL223619,CHEMBL230,5.16,2007.0,5.16,CS(=O)(=O)c1ccc(-n2cnc(Cl)c2-c2ccc(OCCO[N+](=O)[O-])c(F)c2)cc1,val,6.131434086821592
CHEMBL223655,CHEMBL230,5.48,2004.0,5.48,CCS(=O)(=O)Nc1ccncc1Oc1ccc(Cl)cc1,val,5.5630431814576955
CHEMBL224122,CHEMBL230,5.92,2004.0,5.92,CS(=O)(=O)Nc1ccncc1Sc1ccccc1,val,5.4945222508394025
CHEMBL224136,CHEMBL230,6.92,2004.0,6.92,CS(=O)(=O)Nc1ccncc1Oc1ccc(Cl)cc1Cl,val,5.492254612819231
CHEMBL224192,CHEMBL230,5.7,2004.0,5.7,CS(=O)(=O)Nc1ccncc1Oc1cccc(Cl)c1,val,5.742499239175186
CHEMBL224193,CHEMBL230,5.12,2004.0,5.12,CS(=O)(=O)Nc1ccncc1Oc1ccc(Br)cc1,val,5.492254612819231
CHEMBL224612,CHEMBL230,6.28,2004.0,6.28,O=S(=O)(Nc1ccncc1Sc1ccccc1)C(F)(F)F,val,5.5450619670506045
CHEMBL224624,CHEMBL230,5.63,2004.0,5.63,COc1ccc(Oc2cnccc2NS(C)(=O)=O)cc1,val,5.492254612819231
CHEMBL224640,CHEMBL230,6.82,2004.0,6.82,O=S(=O)(Nc1ccncc1Oc1ccccc1Cl)C(F)(F)F,val,5.542794329030433
CHEMBL224693,CHEMBL230,4.0,2004.0,4.0,O=S(=O)(Nc1ccncc1Oc1cccc(Cl)c1)C(F)(F)F,val,5.793038955386388
CHEMBL225092,CHEMBL230,6.36,2004.0,6.36,COc1ccc(Oc2cnccc2NS(=O)(=O)C(F)(F)F)cc1,val,5.542794329030433
CHEMBL225113,CHEMBL230,5.82,2004.0,5.82,O=S(=O)(Nc1ccncc1Oc1ccc(Cl)cc1)C(F)(F)F,val,5.613582897668897
CHEMBL225236,CHEMBL230,4.0,2004.0,4.0,O=S(=O)(Nc1ccncc1Oc1cc(Cl)cc(Cl)c1)C(F)(F)F,val,5.793038955386388
CHEMBL225421,CHEMBL230,4.522878745280337,2015.0,4.522878745280337,CCc1oc(=O)c(Cc2c(O)c(CC=C(C)C)c(O)c(C(C)=O)c2O)c(O)c1C,test,5.492254612819231
CHEMBL2261940,CHEMBL230,2.7000000010815404,2004.0,2.7000000010815404,CS(=O)(=O)c1ccc(C2=C(c3ccc(F)cc3)SC(Br)C2)cc1,test,6.131434086821592
CHEMBL2262934,CHEMBL230,3.9208187539523753,2007.0,3.9208187539523753,Cc1c(CC(=O)O)cc(-c2ccccc2)cc1-c1ccccc1,test,5.492254612819231
CHEMBL227135,CHEMBL230,4.04,2007.0,4.04,O=C1O[C@H](c2ccc(O)c(O)c2)[C@H]2CO[C@H](c3ccc(O)c(O)c3)[C@@H]12,val,5.438574041521399
CHEMBL227795,CHEMBL230,4.480172006224281,2007.0,4.480172006224281,COc1c(C)c(OC)c2c(c1O)CCc1c(O)cccc1O2,test,5.492254612819231
CHEMBL228120,CHEMBL230,4.330683119433888,2007.0,4.330683119433888,Oc1cc(O)cc(CCc2ccccc2)c1,test,5.438574041521399
CHEMBL228126,CHEMBL230,4.388276691992658,2007.0,4.388276691992658,COc1cc(O)cc(CCc2ccccc2O)c1,test,5.438574041521399
CHEMBL229304,CHEMBL230,4.0,2007.0,4.0,C1=C(c2ccc3c(c2)OCO3)CCc2ccccc21,test,5.600662768820494
CHEMBL230006,CHEMBL230,4.3979400086720375,2019.0,4.3979400086720375,CC1(C)[C@@H](O)CC[C@]2(C)[C@H]3C(=O)C=C4[C@@H]5C[C@@](C)(C(=O)O)CC[C@]5(C)CC[C@@]4(C)[C@]3(C)CC[C@@H]12,val,5.438574041521399
CHEMBL2311577,CHEMBL230,5.04,2013.0,5.04,CC(C)Cc1ccc(C(C)C(=O)OCCNS(=O)(=O)c2cccc3c(N(C)C)cccc23)cc1,test,5.438574041521399
CHEMBL2315016,CHEMBL230,4.67,2013.0,4.67,CC(=O)Oc1ccccc1C(=O)OCCn1c2ccccc2c(=O)c2ccccc21,test,5.438574041521399
CHEMBL2315326,CHEMBL230,5.96,2013.0,5.96,Cc1ccc(-c2cc(C(F)(F)F)nn2-c2ccc(S(=O)(=O)NCCNS(=O)(=O)c3cccc4c(N(C)C)cccc34)cc2)cc1,test,6.024241535682179
CHEMBL2315327,CHEMBL230,5.41,2013.0,5.41,CCN(CC)c1ccc2c(c1)Oc1cc(N(CC)CC)ccc1C21c2ccccc2C(=O)N1CCNS(=O)(=O)c1ccc(-n2nc(C(F)(F)F)cc2-c2ccc(C)cc2)cc1,val,6.024241535682179
CHEMBL2315856,CHEMBL230,5.771830361305078,2013.0,5.771830361305078,O=C(N[C@H]1CCC[C@@H]1COc1ccccc1)C1CCN(c2nc3cc(Cl)ccc3o2)CC1,test,5.438574041521399
CHEMBL2315877,CHEMBL230,5.0,2013.0,5.0,O=C(NC1CCCC1)C1CCN(c2nc3cc(Cl)ccc3o2)CC1,test,5.438574041521399
CHEMBL23241,CHEMBL230,6.9350000000000005,1999.0,6.9350000000000005,COc1ccncc1C1=C(c2ccc(S(C)(=O)=O)cc2)CCC1=O,test,5.903953296819325
CHEMBL2333736,CHEMBL230,5.07,2013.0,5.07,COc1ccc(/C=C/c2cc(OC)cc(OC)c2/C=C/C(=O)N2CCC(c3ccccc3)CC2)cc1,test,5.438574041521399
CHEMBL2333739,CHEMBL230,5.1,2013.0,5.1,COc1ccc(/C=C/c2cc(OC)cc(OC)c2/C=C/C(=O)N2CCSCC2)cc1,test,5.438574041521399
CHEMBL2333740,CHEMBL230,5.05,2013.0,5.05,COc1ccc(/C=C/c2cc(OC)cc(OC)c2/C=C/C(=O)N2CCCC2)cc1,test,5.438574041521399
CHEMBL2333749,CHEMBL230,4.89,2013.0,4.89,COc1ccc(/C=C/c2cc(OC)cc(OC)c2/C=C/C(=O)NC2CC2)cc1,test,5.438574041521399
CHEMBL2333750,CHEMBL230,5.29,2013.0,5.29,COc1ccc(/C=C/c2cc(OC)cc(OC)c2/C=C/C(=O)NC2CCCCC2)cc1,test,5.438574041521399
CHEMBL23378,CHEMBL230,7.475,1999.0,7.475,CS(=O)(=O)c1ccc(C2=C(c3cc4ccccc4s3)C(=O)CC2)cc1,test,6.131434086821592
CHEMBL23556,CHEMBL230,6.529999999999999,1999.0,6.529999999999999,CS(=O)(=O)c1ccc(C2=C(/C=C/c3ccc(F)cc3)C(=O)CC2)cc1,test,7.877884460120685
CHEMBL235786,CHEMBL230,4.0,2007.0,4.0,O=C(O)Cc1ccc2c(c1)OCCO2,val,5.438574041521399
CHEMBL23610,CHEMBL230,6.865,1999.0,6.865,CS(=O)(=O)c1ccc(C2=C(Oc3cc(F)cc(F)c3)C(=O)CC2)cc1,test,6.131434086821592
CHEMBL236433,CHEMBL230,4.78,2007.0,4.78,C[C@H](C(=O)O)c1ccc2c(c1)OCCO2,val,5.438574041521399
CHEMBL23649,CHEMBL230,6.984999999999999,1999.0,6.984999999999999,CS(=O)(=O)c1ccc(C2=C(Oc3ccccc3)C(=O)CC2)cc1,test,6.131434086821592
CHEMBL236906,CHEMBL230,4.3979400086720375,2019.0,4.3979400086720375,CC(=O)O[C@@H]1CC[C@@]2(C)[C@@H](CC[C@]3(C)[C@@H]2CC=C2[C@@H]4[C@@H](C)[C@H](C)CC[C@]4(C)CC[C@]23C)[C@@]1(C)C(=O)O,val,5.438574041521399
CHEMBL237111,CHEMBL230,4.3979400086720375,2019.0,4.3979400086720375,CC(=O)O[C@@H]1CC[C@@]2(C)[C@@H](CC[C@]3(C)[C@@H]2C(=O)C=C2[C@@H]4[C@@H](C)[C@H](C)CC[C@]4(C)CC[C@]23C)[C@@]1(C)C(=O)O,val,5.438574041521399
CHEMBL2375786,CHEMBL230,4.301029995663981,2015.0,4.301029995663981,C/C=C(\C)C(=O)O[C@@H]1[C@@H](C)[C@@]2(O)[C@@H](C=C(CO)C[C@]3(O)C(=O)C(C)=C[C@@H]23)[C@@H]2C(C)(C)[C@]12OC(=O)C(C)CC,val,5.492254612819231
CHEMBL2375787,CHEMBL230,4.301029995663981,2015.0,4.301029995663981,C/C=C(\C)C(=O)O[C@@H]1[C@@H](C)[C@@]2(O)[C@@H](C=C(CO)C[C@]3(O)C(=O)C(C)=C[C@@H]23)[C@@H]2C(C)(C)[C@]12OC(=O)C(C)C,val,5.492254612819231
CHEMBL2380872,CHEMBL230,4.0,2013.0,4.0,O=C(OCCCN1CCOCC1)c1onc(-c2ccc(Cl)o2)c1-c1ccccc1,val,5.438574041521399
CHEMBL2380875,CHEMBL230,4.0,2013.0,4.0,Cc1onc(C2CCCO2)c1-c1ccccc1,test,5.492254612819231
CHEMBL2380877,CHEMBL230,4.0,2013.0,4.0,COC(=O)c1c(-c2ccc(Cl)o2)noc1-c1ccccc1,test,5.438574041521399
CHEMBL2380878,CHEMBL230,4.0,2013.0,4.0,O=C(O)c1c(-c2ccc(Cl)o2)noc1-c1ccccc1,test,5.438574041521399
CHEMBL24381,CHEMBL230,6.145,1999.0,6.145,CS(=O)(=O)c1ccc(C2=C(c3cncc(Br)c3)C(=O)CC2)cc1,test,5.903953296819325
CHEMBL24429,CHEMBL230,6.48,1999.0,6.48,CS(=O)(=O)c1ccc(C2=C(c3cccnc3)C(=O)CC2)cc1,test,5.903953296819325
CHEMBL255174,CHEMBL230,5.43,2008.0,5.43,COC(=O)c1ccc(/N=C/c2ccc(S(N)(=O)=O)cc2)cc1,val,5.948649179751298
CHEMBL255175,CHEMBL230,5.52,2008.0,5.52,NS(=O)(=O)c1ccc(/N=C/c2ccc([N+](=O)[O-])cc2)cc1,val,6.087871793070837
CHEMBL257103,CHEMBL230,6.32,2008.0,6.32,CS(=O)(=O)c1ccc(-c2nc(NC3CCCC3)cc(C(F)(F)F)n2)cc1,test,6.131434086821592
CHEMBL257295,CHEMBL230,6.609999999999999,2008.0,6.609999999999999,CS(=O)(=O)c1ccc(-c2nc(NC3CCCCC3)cc(C(F)(F)F)n2)cc1,val,6.131434086821592
CHEMBL257489,CHEMBL230,5.38,2008.0,5.38,COc1ccc(/N=C/c2ccc(S(N)(=O)=O)cc2)cc1,val,6.125496793070837
CHEMBL257493,CHEMBL230,5.0,2008.0,5.0,CS(=O)(=O)c1ccc(-c2nc(NCc3ccc4ccccc4c3)cc(C(F)(F)F)n2)cc1,test,6.131434086821592
CHEMBL259468,CHEMBL230,8.21,2008.0,8.21,CCN(CC)c1cc(NCc2cccs2)nc(-c2ccc(S(C)(=O)=O)cc2)n1,test,6.131434086821592
CHEMBL259539,CHEMBL230,4.0,2008.0,4.0,Nc1ccccc1NC(=O)c1ccc(C(F)(F)F)cc1,val,5.2867836390051295
CHEMBL260386,CHEMBL230,4.0,2008.0,4.0,Nc1ccc(C(=O)Nc2ccc(C(F)(F)F)cc2)nc1,test,5.2867836390051295
CHEMBL260553,CHEMBL230,5.7,2005.0,5.7,CC(C)=CCc1c(O)cc2oc3cc(O)c(O)c(CC=C(C)C)c3c(=O)c2c1O,test,5.438574041521399
CHEMBL260564,CHEMBL230,4.0,2008.0,4.0,Nc1cccc(C(=O)Nc2cccc(C(F)(F)F)c2)c1,val,5.2867836390051295
CHEMBL260566,CHEMBL230,4.0,2008.0,4.0,Nc1ccc(NC(=O)c2cccc(C(F)(F)F)c2)cc1,val,5.5061186847980546
CHEMBL261265,CHEMBL230,4.0,2008.0,4.0,Nc1cccc(NC(=O)c2cccc(C(F)(F)F)c2)c1,val,5.5061186847980546
CHEMBL261266,CHEMBL230,4.0,2008.0,4.0,Nc1ccccc1NC(=O)c1cccc(C(F)(F)F)c1,val,5.5061186847980546
CHEMBL261321,CHEMBL230,4.0,2008.0,4.0,Nc1ccc(C(=O)Nc2ccccc2C(F)(F)F)cc1,val,5.2867836390051295
CHEMBL261485,CHEMBL230,4.0,2008.0,4.0,Nc1cccc(NC(=O)c2ccccc2C(F)(F)F)c1,val,5.2867836390051295
CHEMBL261520,CHEMBL230,4.0,2008.0,4.0,Nc1ccc(C(=O)Nc2cccc(C(F)(F)F)c2)cc1,val,5.2867836390051295
CHEMBL261598,CHEMBL230,4.0,2008.0,4.0,Nc1ccc(C(=O)Nc2ccc(C(F)(F)F)cc2)cc1,val,5.2867836390051295
CHEMBL261815,CHEMBL230,4.0,2008.0,4.0,Nc1ccccc1C(=O)Nc1ccc(C(F)(F)F)cc1,val,5.2867836390051295
CHEMBL264163,CHEMBL230,4.0,2008.0,4.0,Nc1ccccc1C(=O)Nc1ccccc1C(F)(F)F,val,5.2867836390051295
CHEMBL265078,CHEMBL230,7.26,2000.0,7.26,COc1ccc2c(c1)c(CC(=O)Nc1ccc(Cl)cc1)c(C)n2C(=O)c1ccc(Cl)cc1,test,5.949594864525354
CHEMBL265562,CHEMBL230,8.15,1995.0,8.15,NS(=O)(=O)c1ccc(C2=C(c3ccc(F)cc3)CCC2)cc1,test,6.2863510283148925
CHEMBL266858,CHEMBL230,5.7,1998.0,5.7,CC(C)(C)c1cc(C(=O)CS(=O)(=O)CC2CC2)cc2c1OCC2(C)C,test,5.438574041521399
CHEMBL267225,CHEMBL230,4.3979400086720375,2019.0,4.3979400086720375,C[C@H]1[C@H](C)CC[C@]2(C)CC[C@]3(C)C(=CC[C@@H]4[C@@]5(C)CC[C@@H](O)[C@](C)(C(=O)O)[C@@H]5CC[C@]43C)[C@H]12,val,5.438574041521399
CHEMBL268470,CHEMBL230,4.68,2001.0,4.68,CS(=O)(=O)c1ccc(-c2cc(Cl)cnc2-c2ccc(C(=O)O)nc2)cc1,val,6.186761654393316
CHEMBL269818,CHEMBL230,7.93,2008.0,7.93,Cc1ccc(CNc2cc(C(F)(F)F)nc(-c3ccc(S(C)(=O)=O)cc3)n2)s1,test,6.131434086821592
CHEMBL270043,CHEMBL230,5.46,2008.0,5.46,COc1ccc(/C=N/c2ccc(S(N)(=O)=O)cc2)cc1O,val,5.986274179751297
CHEMBL270078,CHEMBL230,8.41,2008.0,8.41,CS(=O)(=O)c1ccc(-c2nc(Cl)cc(NCc3cccs3)n2)cc1,test,6.131434086821592
CHEMBL270087,CHEMBL230,5.57,2008.0,5.57,COc1cc(/C=N/c2ccc(S(N)(=O)=O)cc2)cc(OC)c1O,val,5.986274179751297
CHEMBL270111,CHEMBL230,5.415,2008.0,5.415,CS(=O)(=O)c1ccc(-c2nc(NCC3CCCCC3)cc(C(F)(F)F)n2)cc1,test,6.131434086821592
CHEMBL270243,CHEMBL230,5.56,2008.0,5.56,NS(=O)(=O)c1ccc(/N=C/c2cccc(O)c2)cc1,val,5.948649179751298
CHEMBL270246,CHEMBL230,5.34,2008.0,5.34,NS(=O)(=O)c1ccc(/N=C/c2ccc(C(F)(F)F)cc2)cc1,val,6.208898101111276
CHEMBL270256,CHEMBL230,5.43,2008.0,5.43,CCOc1cc(/C=N/c2ccc(S(N)(=O)=O)cc2)ccc1O,val,5.948649179751298
CHEMBL270263,CHEMBL230,5.54,2008.0,5.54,NS(=O)(=O)c1ccc(/N=C/c2ccc(O)c(O)c2)cc1,val,5.948649179751298
CHEMBL270264,CHEMBL230,5.53,2008.0,5.53,COc1cc(/C=N/c2ccc(S(N)(=O)=O)cc2)ccc1O,val,5.986274179751297
CHEMBL270293,CHEMBL230,9.4,2008.0,9.4,COc1cc(NCc2cccs2)nc(-c2ccc(S(C)(=O)=O)cc2)n1,test,6.131434086821592
CHEMBL270294,CHEMBL230,8.39,2008.0,8.39,CS(=O)(=O)c1ccc(-c2nc(SCc3cccs3)cc(C(F)(F)F)n2)cc1,test,6.131434086821592
CHEMBL270517,CHEMBL230,6.92,2008.0,6.92,CCc1c(NCc2cccs2)nc(-c2ccc(S(C)(=O)=O)cc2)nc1C(F)(F)F,test,6.131434086821592
CHEMBL270670,CHEMBL230,5.47,2008.0,5.47,NS(=O)(=O)c1ccc(/N=C/c2ccc(O)cc2)cc1,val,5.948649179751298
CHEMBL270671,CHEMBL230,5.47,2008.0,5.47,CN(C)c1ccc(/C=N/c2ccc(S(N)(=O)=O)cc2)cc1,val,6.087871793070837
CHEMBL270730,CHEMBL230,7.145,2008.0,7.145,Cn1cccc1CNc1cc(C(F)(F)F)nc(-c2ccc(S(C)(=O)=O)cc2)n1,val,6.131434086821592
CHEMBL270886,CHEMBL230,5.37,2008.0,5.37,COc1ccc(/N=C/c2ccc(S(N)(=O)=O)cc2)cc1OC,val,6.125496793070837
CHEMBL271104,CHEMBL230,8.01,2008.0,8.01,CC(C)c1cc(NCc2cccs2)nc(-c2ccc(S(C)(=O)=O)cc2)n1,test,6.131434086821592
CHEMBL271173,CHEMBL230,9.52,2008.0,9.52,CCOc1cc(NCc2cccs2)nc(-c2ccc(S(C)(=O)=O)cc2)n1,test,6.131434086821592
CHEMBL271337,CHEMBL230,6.8,2008.0,6.8,NS(=O)(=O)c1ccc(-c2nc(NCc3cccs3)cc(C(F)(F)F)n2)cc1,test,6.356837620144131
CHEMBL271338,CHEMBL230,8.165,2008.0,8.165,CS(=O)(=O)c1ccc(-c2nc(NCc3cccs3)cc(C(F)(F)F)n2)cc1,test,6.131434086821592
CHEMBL271549,CHEMBL230,8.62,2008.0,8.62,COCCOc1cc(NCc2cccs2)nc(-c2ccc(S(C)(=O)=O)cc2)n1,test,6.131434086821592
CHEMBL271561,CHEMBL230,5.47,2008.0,5.47,COc1cc(/C=N/c2ccc(S(N)(=O)=O)cc2)cc(OC)c1,val,6.125496793070837
CHEMBL271614,CHEMBL230,7.99,2008.0,7.99,CC(C)Nc1cc(NCc2cccs2)nc(-c2ccc(S(C)(=O)=O)cc2)n1,test,6.131434086821592
CHEMBL271754,CHEMBL230,5.18,2008.0,5.18,NS(=O)(=O)c1ccc(/C=N/c2ccc(C(F)(F)F)cc2)cc1,val,6.208898101111276
CHEMBL271763,CHEMBL230,6.03,2008.0,6.03,CS(=O)(=O)c1ccc(-c2nc(NCc3ccncc3)cc(C(F)(F)F)n2)cc1,test,5.903953296819325
CHEMBL271832,CHEMBL230,5.51,2008.0,5.51,COc1ccc(/C=N/c2ccc(S(N)(=O)=O)cc2)cc1OC,val,6.125496793070837
CHEMBL271911,CHEMBL230,5.0,2008.0,5.0,COc1ccc(/C=N/c2ccc(S(N)(=O)=O)cc2)cc1,val,6.125496793070837
CHEMBL271930,CHEMBL230,5.26,2008.0,5.26,COc1cccc(/C=N/c2ccc(S(N)(=O)=O)cc2)c1,val,6.125496793070837
CHEMBL271962,CHEMBL230,5.33,2008.0,5.33,Cc1ccc(/N=C/c2ccc(S(N)(=O)=O)cc2)cc1,val,6.141552364368669
CHEMBL272393,CHEMBL230,7.1,2008.0,7.1,CS(=O)(=O)c1ccc(-c2nc(O)cc(NCc3cccs3)n2)cc1,test,5.961286445714158
CHEMBL272433,CHEMBL230,8.92,2008.0,8.92,CCSc1cc(NCc2cccs2)nc(-c2ccc(S(C)(=O)=O)cc2)n1,test,6.131434086821592
CHEMBL272622,CHEMBL230,5.36,2008.0,5.36,NS(=O)(=O)c1ccc(/C=N/c2ccc(F)cc2)cc1,val,6.087871793070837
CHEMBL272678,CHEMBL230,7.42,2008.0,7.42,Cc1c(NCc2cccs2)nc(-c2ccc(S(C)(=O)=O)cc2)nc1C(F)(F)F,test,6.360434273567567
CHEMBL274457,CHEMBL230,5.39,1999.0,5.39,CSc1nnc(-c2cc(C(C)(C)C)c(O)c(C(C)(C)C)c2)o1,test,5.438574041521399
CHEMBL274841,CHEMBL230,4.75,2001.0,4.75,Cc1ccc(-c2ncc(Cl)cc2-c2ccc(S(C)(=O)=O)cc2)c[n+]1[O-],test,6.186761654393316
CHEMBL274893,CHEMBL230,7.58,1994.0,7.58,CS(=O)(=O)c1ccc(C2=C(c3ccc(F)cc3)CCC2)cc1,test,6.131434086821592
CHEMBL275376,CHEMBL230,6.7,1998.0,6.7,CC(C)S(=O)(=O)c1c(O)n(Cc2ccc(F)c(F)c2)c(=O)c2ccccc12,test,5.438574041521399
CHEMBL275843,CHEMBL230,6.37,1999.0,6.37,CS(=O)(=O)c1ccc(-c2sc(-c3cccnc3)nc2-c2ccc(F)cc2)cc1,test,6.178061383221831
CHEMBL276526,CHEMBL230,4.698970004336019,1999.0,4.698970004336019,CCCSc1nnc(-c2cc(C(C)(C)C)c(O)c(C(C)(C)C)c2)o1,test,5.438574041521399
CHEMBL276800,CHEMBL230,6.4,1998.0,6.4,CCCCC(=O)c1cc(C(C)(C)C)c2c(c1)C(C)(C)CCS2,val,5.438574041521399
CHEMBL276916,CHEMBL230,4.33,1999.0,4.33,CC(C)(C)c1cc(-c2nnc(S)o2)cc(C(C)(C)C)c1O,test,5.4945222508394025
CHEMBL276976,CHEMBL230,6.355,1999.0,6.355,Cc1ccncc1C1=C(c2ccc(S(C)(=O)=O)cc2)CCC1=O,test,5.903953296819325
CHEMBL277385,CHEMBL230,7.5,1999.0,7.5,CS(=O)(=O)c1ccc(-c2sc(CCc3ccccc3)nc2-c2ccc(F)cc2)cc1,test,6.306812155580578
CHEMBL277519,CHEMBL230,5.845000000000001,2003.0,5.845000000000001,CC1(O)OC(=O)C(c2cc3ccccc3s2)=C1c1ccc(S(C)(=O)=O)cc1,test,6.131434086821592
CHEMBL278336,CHEMBL230,7.205,1999.0,7.205,CS(=O)(=O)c1ccc(C2=C(C#Cc3ccccc3)C(=O)CC2)cc1,test,6.131434086821592
CHEMBL278505,CHEMBL230,7.0,1998.0,7.0,CC(C)S(=O)(=O)c1c(O)n(Cc2ccc(F)c(F)c2)c(=O)c2ccc(Cl)cc12,test,5.438574041521399
CHEMBL279404,CHEMBL230,4.0,2008.0,4.0,Nc1ccccc1C(=O)Nc1cccc(C(F)(F)F)c1,val,5.2867836390051295
CHEMBL281014,CHEMBL230,4.698970004336019,2002.0,4.698970004336019,COC(=O)c1cc2cc(S(C)(=O)=O)ccc2n1Cc1ccc([N+](=O)[O-])cc1,val,5.709153429135733
CHEMBL28155,CHEMBL230,9.0,2001.0,9.0,COc1ccc2c(c1)c(Cc1nc(-c3csc4ccccc34)cs1)c(C)n2C(=O)c1ccc(Cl)cc1,test,5.949594864525354
CHEMBL281694,CHEMBL230,7.62,1997.0,7.62,NS(=O)(=O)c1ccc(-n2nc(C(F)F)cc2-c2ccc3c(c2)OCO3)cc1,val,6.2863510283148925
CHEMBL282096,CHEMBL230,4.698970004336019,2002.0,4.698970004336019,CS(=O)(=O)c1ccc2c(c1)cc(C(=O)O)n2Cc1ccc(Cl)cc1,val,5.709153429135733
CHEMBL282643,CHEMBL230,5.43,2002.0,5.43,COC(=O)c1cc2cc(S(C)(=O)=O)ccc2n1Cc1ccc(Br)cc1,val,5.709153429135733
CHEMBL283425,CHEMBL230,4.19,1997.0,4.19,NS(=O)(=O)c1ccc(-n2nc(C(F)(F)F)cc2-c2ccncc2)cc1,val,5.724576940323299
CHEMBL283497,CHEMBL230,7.25,1997.0,7.25,NS(=O)(=O)c1ccc(-n2nc(C(=O)Nc3cccc(Cl)c3)cc2-c2ccc(F)cc2)cc1,test,6.147128414995354
CHEMBL283633,CHEMBL230,7.28,1997.0,7.28,NS(=O)(=O)c1ccc(-n2nc(-c3ccc(Cl)s3)cc2-c2ccc(Cl)cc2)cc1,test,6.2863510283148925
CHEMBL285975,CHEMBL230,5.37,2002.0,5.37,COC(=O)c1cc2cc(S(C)(=O)=O)ccc2n1Cc1ccc(Cl)cc1,val,5.709153429135733
CHEMBL286490,CHEMBL230,6.4399999999999995,1999.0,6.4399999999999995,CS(=O)(=O)c1ccc(C2=C(c3cncc(Cl)c3)C(=O)CC2)cc1,test,5.903953296819325
CHEMBL287909,CHEMBL230,6.890000000000001,1999.0,6.890000000000001,CS(=O)(=O)Nc1cc2c(cc1Sc1nccs1)C(=O)OC2,test,5.438574041521399
CHEMBL290031,CHEMBL230,7.16,2002.0,7.16,Cc1nc(C2CCCCC2)c(-c2ccc(S(N)(=O)=O)cc2)o1,test,6.136107359250063
CHEMBL29097,CHEMBL230,6.12,2008.0,6.12,CC(C)c1ccc2c(c1)c(SC(C)(C)C)c(CC(C)(C)C(=O)O)n2Cc1ccc(Cl)cc1,val,5.509362610159863
CHEMBL291338,CHEMBL230,6.27,,6.27,O=C(Nc1ccc(Cl)c(Cl)c1)c1cc(Cl)cc(Cl)c1O,val,5.438574041521399
CHEMBL291912,CHEMBL230,6.58,1996.0,6.58,CS(=O)(=O)c1ccc(-c2ccccc2-c2ccc(F)cc2)cc1,test,5.908805076963849
CHEMBL293771,CHEMBL230,8.15,1996.0,8.15,Cc1ccc(-c2cc(F)c(F)cc2-c2ccc(S(C)(=O)=O)cc2)cc1,test,6.131434086821592
CHEMBL293821,CHEMBL2094253,5.0,1990.0,5.0,Cc1cc(/C=C/c2ccncc2)cc(C)c1O,test,5.492254612819231
CHEMBL294003,CHEMBL2094253,5.0,1990.0,5.0,CCc1cc(/C=C/c2cccnc2)cc(CC)c1O,val,5.438574041521399
CHEMBL29403,CHEMBL230,7.28,1997.0,7.28,Cc1cc(-c2cc(C(F)(F)F)nn2-c2ccc(S(N)(=O)=O)cc2)cc2c1OCO2,val,6.8486632398749
CHEMBL294715,CHEMBL230,7.21,1996.0,7.21,NS(=O)(=O)c1ccc(-c2ccccc2-c2ccc(F)cc2)cc1,test,6.2863510283148925
CHEMBL295991,CHEMBL2094253,4.57,1996.0,4.57,O=C(O)c1ccc(CN2C(=O)C=CC2=O)cc1,val,5.438574041521399
CHEMBL296220,CHEMBL230,6.548455006504028,1999.0,6.548455006504028,CS(=O)(=O)c1ccc(-c2cc(C(F)(F)F)cnc2Oc2ccccc2)cc1,test,6.131434086821592
CHEMBL296384,CHEMBL230,8.4,1996.0,8.4,NS(=O)(=O)c1ccc(-c2cc(F)c(F)cc2-c2ccc(F)cc2)cc1,test,6.2863510283148925
CHEMBL298084,CHEMBL230,7.3,1997.0,7.3,CS(=O)(=O)c1ccc(-n2cc(CSc3ccc(Cl)cc3)nc2-c2ccc(Cl)cc2)cc1,val,6.186761654393316
CHEMBL29847,CHEMBL230,5.48,1997.0,5.48,Cc1ccc(-c2cc(C(F)F)nn2-c2ccc(S(N)(=O)=O)cc2)o1,test,6.060684663344523
CHEMBL298573,CHEMBL2094253,4.3,1996.0,4.3,Cc1ccccc1CN1C(=O)C=CC1=O,val,5.492254612819231
CHEMBL298729,CHEMBL230,7.08,1996.0,7.08,CS(=O)(=O)c1ccc(-c2cc3c(cc2-c2ccc(F)cc2)OCO3)cc1,val,6.131434086821592
CHEMBL299567,CHEMBL230,4.94,1996.0,4.94,COc1ccc(-c2ccccc2-c2ccc(S(C)(=O)=O)cc2)cc1Cl,test,5.908805076963849
CHEMBL299806,CHEMBL230,8.1,1996.0,8.1,CN(C)c1ccc(-c2cc(F)c(F)cc2-c2ccc(S(C)(=O)=O)cc2)cc1Cl,test,6.131434086821592
CHEMBL300597,CHEMBL230,7.68,1996.0,7.68,COc1c(Cl)cc(-c2cc(F)c(F)cc2-c2ccc(S(N)(=O)=O)cc2)cc1Cl,test,6.2863510283148925
CHEMBL300600,CHEMBL230,8.4,1996.0,8.4,NS(=O)(=O)c1ccc(-c2cc(F)c(F)cc2-c2ccc3c(c2)OCO3)cc1,test,6.2863510283148925
CHEMBL300601,CHEMBL230,7.64,1996.0,7.64,Cc1ccc(-c2cc(F)c(F)cc2-c2ccc(S(C)(=O)=O)cc2)cc1C,test,6.131434086821592
CHEMBL30091,CHEMBL230,7.08,1997.0,7.08,NS(=O)(=O)c1ccc(-n2nc(C(F)(F)F)cc2C2=CCCCC2)cc1,val,6.089844104035832
CHEMBL301017,CHEMBL2094253,5.0,1990.0,5.0,Cc1cc(/C=C/C(=O)c2cccs2)cc(C)c1O,test,5.543498954640641
CHEMBL302266,CHEMBL230,7.48,1997.0,7.48,CCn1nc(-c2ccc(S(N)(=O)=O)cc2)c(-c2ccc(F)cc2)c1C(F)(F)F,val,6.490736942074657
CHEMBL302527,CHEMBL230,4.0,1997.0,4.0,C=CCn1cc(-c2ccc(F)cc2)c(-c2ccc(S(C)(=O)=O)cc2)n1,val,6.186761654393316
CHEMBL302771,CHEMBL230,6.29,2000.0,6.29,CS(=O)(=O)c1ccc(-c2coc(=O)n2-c2ccc(F)cc2)cc1,test,6.131434086821592
CHEMBL303023,CHEMBL230,6.03,2000.0,6.03,Cc1cccc(-n2c(-c3ccc(S(N)(=O)=O)cc3)c(C)oc2=O)c1,test,6.2863510283148925
CHEMBL303728,CHEMBL230,5.95,2000.0,5.95,COc1ccc(-n2c(-c3ccc(S(N)(=O)=O)cc3)coc2=O)cc1F,test,6.2863510283148925
CHEMBL304054,CHEMBL230,6.29,2000.0,6.29,Cc1cccc(-n2c(-c3ccc(S(N)(=O)=O)cc3)coc2=O)c1,test,6.2863510283148925
CHEMBL304560,CHEMBL230,6.4,2000.0,6.4,NS(=O)(=O)c1ccc(-c2coc(=O)n2-c2ccc(Cl)c(Cl)c2)cc1,test,6.2863510283148925
CHEMBL304793,CHEMBL230,3.1426000001506464,2005.0,3.1426000001506464,CCc1ccc(-c2c(-c3ccc(S(C)(=O)=O)cc3)occ(Cl)c2=O)cc1,test,6.131434086821592
CHEMBL304810,CHEMBL230,5.7,2000.0,5.7,NS(=O)(=O)c1ccc(-c2coc(=O)n2-c2ccc(C(F)(F)F)cc2)cc1,test,6.356837620144131
CHEMBL305505,CHEMBL230,5.33,2000.0,5.33,NS(=O)(=O)c1ccc(-c2coc(=O)n2-c2cccc3ccccc23)cc1,test,6.2863510283148925
CHEMBL306232,CHEMBL230,6.32,2000.0,6.32,Cc1ccc(-n2c(-c3ccc(S(C)(=O)=O)cc3)coc2=O)cc1,test,6.131434086821592
CHEMBL306639,CHEMBL230,2.6504999997518937,2005.0,2.6504999997518937,CS(=O)(=O)c1ccc(-c2occc(=O)c2-c2ccc(F)cc2)cc1,test,6.131434086821592
CHEMBL306673,CHEMBL230,2.846000001097364,2005.0,2.846000001097364,CS(=O)(=O)c1ccc(-c2occ(Cl)c(=O)c2-c2cccc(F)c2)cc1,test,6.131434086821592
CHEMBL306716,CHEMBL230,6.16,2000.0,6.16,CCc1ccc(-n2c(-c3ccc(S(C)(=O)=O)cc3)coc2=O)cc1,test,6.131434086821592
CHEMBL306946,CHEMBL230,7.19,2005.0,7.19,O=C1c2ccccc2-n2c1nc1ccccc1c2=O,val,5.492254612819231
CHEMBL307197,CHEMBL230,5.82,2000.0,5.82,NS(=O)(=O)c1ccc(-c2coc(=O)n2-c2cccc(Cl)c2)cc1,test,6.2863510283148925
CHEMBL307233,CHEMBL230,5.7,2000.0,5.7,CS(=O)(=O)c1ccc(-c2coc(=O)n2-c2ccc(C(F)(F)F)cc2)cc1,test,6.131434086821592
CHEMBL307606,CHEMBL230,4.23,2000.0,4.23,NS(=O)(=O)c1ccc(-c2coc(=O)n2-c2ccc(C(=O)O)cc2)cc1,test,6.147128414995354
CHEMBL307766,CHEMBL230,5.87,2000.0,5.87,CS(=O)(=O)c1ccc(-c2coc(=O)n2-c2ccc(F)cc2F)cc1,test,6.131434086821592
CHEMBL308692,CHEMBL230,4.06,2005.0,4.06,CS(=O)(=O)c1ccc(-c2occ(Cl)c(=O)c2-c2ccc(-c3ccccc3)c(F)c2)cc1,val,6.131434086821592
CHEMBL309156,CHEMBL230,2.200000000330522,2005.0,2.200000000330522,CS(=O)(=O)c1ccc(-c2occ(Cl)c(=O)c2-c2ccccc2F)cc1,test,6.131434086821592
CHEMBL3098648,CHEMBL230,7.16,2019.0,7.16,O=C(CSc1nnc(-c2ccncc2)o1)N/N=C/c1ccc(Cl)cc1,test,5.509362610159863
CHEMBL3098650,CHEMBL230,7.42,2019.0,7.42,O=C(CSc1nnc(-c2ccncc2)o1)N/N=C/c1ccc([N+](=O)[O-])cc1,test,5.438574041521399
CHEMBL3099218,CHEMBL230,5.06,2014.0,5.06,CC(C)(C)c1cc(/C=N/NC(=O)c2cccnc2)c(O)c(C(C)(C)C)c1,val,5.438574041521399
CHEMBL3099219,CHEMBL230,5.29,2014.0,5.29,CC(C)(C)c1cc(/C=N/NC(=O)c2ccccc2O)c(O)c(C(C)(C)C)c1,val,5.438574041521399
CHEMBL3099220,CHEMBL230,5.15,2014.0,5.15,CC(C)(C)c1cc(/C=N/NC(=O)c2ccncc2)c(O)c(C(C)(C)C)c1,val,5.438574041521399
CHEMBL3099221,CHEMBL230,5.19,2014.0,5.19,CC(C)(C)c1cc(/C=N/NC(=O)c2ccccc2)c(O)c(C(C)(C)C)c1,val,5.438574041521399
CHEMBL31060,CHEMBL230,5.2,2002.0,5.2,COC(=O)c1cc2cc(S(C)(=O)=O)ccc2n1Cc1ccc(OC)cc1,val,5.709153429135733
CHEMBL3113617,CHEMBL230,5.04,2015.0,5.04,Cc1ccc(S(=O)(=O)n2cc(C(=O)C(=O)NCC(=O)O)c3ccccc32)cc1,val,5.735205809375575
CHEMBL3127308,CHEMBL230,6.4,2014.0,6.4,COc1c(-c2cc(-c3cccnc3)nn2-c2ccc(S(N)(=O)=O)cc2)c(O)cc2occc12,test,5.693981260022717
CHEMBL3127458,CHEMBL230,6.44,2014.0,6.44,COc1c(-c2cc(-c3cccnc3)nn2-c2ccc(S(N)(=O)=O)cc2)c(O)c(OC)c2occc12,test,5.693981260022717
CHEMBL312822,CHEMBL230,8.82,1996.0,8.82,NS(=O)(=O)c1ccc(C2=C(c3ccc(F)c(Cl)c3)CC3(CC3)C2)cc1,test,6.2863510283148925
CHEMBL313048,CHEMBL230,4.481486060122113,2000.0,4.481486060122113,CS(=O)(=O)c1ccc([C@@H](CO)[C@H](C(=O)O)c2ccccc2)cc1,test,5.765101638453737
CHEMBL313313,CHEMBL230,8.7,1996.0,8.7,COc1ccc(C2=C(c3ccc(S(N)(=O)=O)cc3)CC3(CC3)C2)cc1Br,test,6.2863510283148925
CHEMBL313387,CHEMBL230,9.0,1996.0,9.0,NS(=O)(=O)c1ccc(C2=C(c3ccc(Cl)c(Cl)c3)CC3(CC3)C2)cc1,test,6.2863510283148925
CHEMBL314225,CHEMBL230,8.52,1996.0,8.52,NS(=O)(=O)c1ccc(C2=C(c3ccc(F)c(F)c3)CC3(CC3)C2)cc1,test,6.2863510283148925
CHEMBL314297,CHEMBL230,7.66,1996.0,7.66,CS(=O)(=O)c1ccc(C2=C(c3ccc(F)cc3F)CC3(CC3)C2)cc1,test,6.131434086821592
CHEMBL314360,CHEMBL2094253,5.5,1988.0,5.5,CC(=O)N(O)C/C=C/c1cccc(Oc2ccccc2)c1,val,5.438574041521399
CHEMBL314360,CHEMBL230,8.0,2008.0,8.0,CC(=O)N(O)C/C=C/c1cccc(Oc2ccccc2)c1,val,5.438574041521399
CHEMBL315520,CHEMBL230,8.22,1996.0,8.22,COc1c(Cl)cc(C2=C(c3ccc(S(C)(=O)=O)cc3)CC3(CC3)C2)cc1Cl,test,6.131434086821592
CHEMBL315585,CHEMBL230,8.7,1996.0,8.7,COc1ccc(C2=C(c3ccc(S(N)(=O)=O)cc3)CC3(CC3)C2)cc1Cl,test,6.2863510283148925
CHEMBL316846,CHEMBL230,8.7,2022.0,8.7,CN1C/C(=C\c2cccs2)C2=NN(c3ccccc3)C(c3cccs3)C2C1,test,5.438574041521399
CHEMBL318410,CHEMBL230,6.92,2000.0,6.92,COc1ccc2c(c1)c(CC(=O)OC1CCCCC1)c(C)n2C(=O)c1ccc(Cl)cc1,test,5.949594864525354
CHEMBL319326,CHEMBL230,5.27,2001.0,5.27,CN1CC(c2ccc(F)cc2)=C(c2ccccc2)O1,test,5.600662768820494
CHEMBL319590,CHEMBL230,5.3,2001.0,5.3,CN1CC(c2ccccc2)=C(c2ccc(F)cc2)O1,test,5.600662768820494
CHEMBL319766,CHEMBL230,6.19,2000.0,6.19,CCOc1cccc(NC(=O)Cc2c(C)n(C(=O)c3ccc(Cl)cc3)c3ccc(OC)cc23)c1,test,5.949594864525354
CHEMBL320140,CHEMBL230,5.6,2000.0,5.6,COc1ccc2c(c1)c(CC(=O)O)c(C)n2Cc1ccc(Br)cc1,val,5.586013736460248
CHEMBL320273,CHEMBL230,5.84,1999.0,5.84,CC1(C)OC(=O)C(Oc2cnccn2)=C1c1ccc(S(C)(=O)=O)cc1,test,6.230876889532052
CHEMBL320784,CHEMBL230,8.15,1994.0,8.15,CC1(C)CC(c2ccc(Cl)cc2)=C(c2ccc(S(C)(=O)=O)cc2)C1,test,6.131434086821592
CHEMBL320790,CHEMBL230,6.33,2000.0,6.33,CS(=O)(=O)c1ccc(-n2cc(C(F)(F)F)nc2-c2cccc3c2OCO3)cc1,val,6.080849560539109
CHEMBL321156,CHEMBL230,7.155,2000.0,7.155,NS(=O)(=O)c1ccc(-n2cc(C(F)(F)F)nc2-c2cccs2)cc1,test,6.231623360575635
CHEMBL321160,CHEMBL230,7.77,1995.0,7.77,COc1c(Cl)cc(C2=C(c3ccc(S(C)(=O)=O)cc3)CCC2)cc1Cl,test,6.131434086821592
CHEMBL321182,CHEMBL230,7.12,1994.0,7.12,Cc1cc(F)ccc1C1=C(c2ccc(S(C)(=O)=O)cc2)CCC1,test,6.131434086821592
CHEMBL3215555,CHEMBL2094253,4.0,1994.0,4.0,CCCNc1nc2c(Cc3cccnc3)c(C)c(O)c(C)c2s1.Cl.Cl,test,5.492254612819231
CHEMBL3215733,CHEMBL2094253,4.0,1994.0,4.0,CNc1nc2c(C)c(Cc3cccnc3)c(O)c(C)c2s1.Cl.Cl,test,5.492254612819231
CHEMBL3216177,CHEMBL2094253,4.0,1994.0,4.0,Cc1c(O)c(Cc2cccnc2)c2sc(N)nc2c1C.Cl.Cl,val,5.492254612819231
CHEMBL321643,CHEMBL230,8.05,1995.0,8.05,COc1c(Cl)cc(C2=C(c3ccc(S(N)(=O)=O)cc3)CCC2)cc1Cl,test,6.2863510283148925
CHEMBL3216618,CHEMBL2094253,4.0,1994.0,4.0,COc1c(O)c(C)c2sc(N)nc2c1Cc1cccnc1.Cl.Cl,test,5.492254612819231
CHEMBL3217077,CHEMBL2094253,3.7614393726401687,1994.0,3.7614393726401687,CCNc1nc2c(Cc3cccnc3)c(C)c(O)c(C)c2s1.Cl.Cl,test,5.492254612819231
CHEMBL322015,CHEMBL2094253,5.02,1994.0,5.02,Oc1cc(-c2ccccc2)c2nc(NCc3cccnc3)sc2c1,val,5.438574041521399
CHEMBL322045,CHEMBL230,7.29,1994.0,7.29,CS(=O)(=O)c1ccc(C2=C(c3ccc(F)cc3)CC(CF)(CF)C2)cc1,test,6.131434086821592
CHEMBL322240,CHEMBL230,7.5,2001.0,7.5,CC1C(c2ccc(F)cc2)=C(c2ccc(S(C)(=O)=O)cc2)ON1C,test,6.131434086821592
CHEMBL322949,CHEMBL230,7.52,1995.0,7.52,CS(=O)(=O)c1ccc(C2=C(c3ccc(F)c(Cl)c3)CCC2)cc1,test,6.131434086821592
CHEMBL3234226,CHEMBL230,5.36,2014.0,5.36,COC(=O)/C(=C/c1ccc2ccccc2c1)CSc1nc2ccccc2o1,val,5.438574041521399
CHEMBL3234231,CHEMBL230,5.53,2014.0,5.53,COC(=O)/C(=C/c1ccc2ccccc2c1)CSc1nc2ccccc2s1,test,5.438574041521399
CHEMBL3236777,CHEMBL230,4.17,2014.0,4.17,CNC(=O)c1nc(-c2cc(OC)c(OC)c(OC)c2)n(-c2ccc(OC)cc2)n1,val,5.895723851729036
CHEMBL3237067,CHEMBL230,4.0,2014.0,4.0,COc1ccc(-n2nc(C(=O)Nc3ccc(Br)cc3)nc2-c2cc(OC)c(OC)c(OC)c2)cc1,test,5.895723851729036
CHEMBL3237068,CHEMBL230,4.0,2014.0,4.0,COc1ccc(-n2nc(C(=O)Nc3ccc(Cl)cc3)nc2-c2cc(OC)c(OC)c(OC)c2)cc1,test,5.966512420367501
CHEMBL3237071,CHEMBL230,4.0,2014.0,4.0,COc1ccc(-n2nc(C(=O)Nc3ccc(OC)c(OC)c3)nc2-c2cc(OC)c(OC)c(OC)c2)cc1,test,5.895723851729036
CHEMBL3237075,CHEMBL230,4.33,2014.0,4.33,COc1ccc(-n2nc(C(=O)NN)nc2-c2cc(OC)c(OC)c(OC)c2)cc1,val,5.895723851729036
CHEMBL323732,CHEMBL230,6.12,1995.0,6.12,CS(=O)(=O)c1ccc(C2=C(c3ccc(C(F)(F)F)c(F)c3)CCC2)cc1,test,6.131434086821592
CHEMBL323954,CHEMBL230,5.96,2000.0,5.96,Cn1cc(-c2nc(C(F)(F)F)cn2-c2ccc(S(C)(=O)=O)cc2)c2ccccc21,test,5.942850465916862
CHEMBL324042,CHEMBL230,5.0,2003.0,5.0,Cc1nc(Cl)n(-c2ccc(F)cc2)c1-c1ccc(S(C)(=O)=O)cc1,val,6.131434086821592
CHEMBL324048,CHEMBL230,7.57,2003.0,7.57,CN(C)c1ccc(-c2c(Cl)ncn2-c2ccc(S(C)(=O)=O)cc2)cc1Cl,val,6.131434086821592
CHEMBL324093,CHEMBL230,7.32,2003.0,7.32,CS(=O)(=O)c1ccc(-c2cnc(Br)n2-c2ccc(F)cc2)cc1,val,6.131434086821592
CHEMBL324312,CHEMBL230,8.135,2003.0,8.135,CCOc1ccc(-c2c(Cl)ncn2-c2ccc(S(N)(=O)=O)cc2)cc1,val,6.2863510283148925
CHEMBL324472,CHEMBL230,5.0,2003.0,5.0,CS(=O)(=O)c1ccc(-n2cnc(Cl)c2-c2ccc(OC(F)(F)F)cc2)cc1,val,6.131434086821592
CHEMBL324509,CHEMBL230,8.4,2003.0,8.4,CCOc1ccc(-c2c(Cl)ncn2-c2ccc(S(C)(=O)=O)cc2)cc1,val,6.131434086821592
CHEMBL324580,CHEMBL230,7.12,2003.0,7.12,CS(=O)(=O)c1ccc(-n2cnc(Cl)c2-c2cc(F)cc(F)c2)cc1,val,5.765101638453737
CHEMBL324700,CHEMBL230,5.0,2003.0,5.0,CCS(=O)(=O)c1ccc(-c2c(Cl)ncn2-c2ccc(S(C)(=O)=O)cc2)cc1,val,6.131434086821592
CHEMBL324825,CHEMBL230,5.0,2003.0,5.0,C=CCc1ncn(-c2ccc(S(C)(=O)=O)cc2)c1-c1ccc(F)cc1,val,6.131434086821592
CHEMBL324826,CHEMBL230,8.22,2003.0,8.22,CS(=O)(=O)c1ccc(-n2cnc(Cl)c2-c2cccc(Cl)c2Cl)cc1,val,5.765101638453737
CHEMBL324841,CHEMBL230,6.0,2003.0,6.0,CS(=O)(=O)c1ccc(-n2cnc(Cl)c2-c2cc3ccccc3o2)cc1,val,5.765101638453737
CHEMBL324863,CHEMBL230,6.85,1995.0,6.85,COc1ccc(C2=C(c3ccc(S(C)(=O)=O)cc3)CCC2)cc1Cl,test,6.131434086821592
CHEMBL324923,CHEMBL230,7.8,2003.0,7.8,COc1cc(-c2c(Cl)ncn2-c2ccc(S(C)(=O)=O)cc2)ccc1F,val,6.131434086821592
CHEMBL324957,CHEMBL230,6.84,2003.0,6.84,Cc1ncn(-c2ccc(S(C)(=O)=O)cc2)c1-c1ccc(F)cc1,val,6.131434086821592
CHEMBL325298,CHEMBL230,8.22,2003.0,8.22,Cc1ccc(-c2c(Cl)ncn2-c2ccc(S(C)(=O)=O)cc2)cc1F,val,6.131434086821592
CHEMBL325437,CHEMBL230,7.75,2003.0,7.75,CS(=O)(=O)c1ccc(-n2cnc(Cl)c2-c2ccc(Cl)cc2)cc1,val,6.131434086821592
CHEMBL325492,CHEMBL230,5.0,2003.0,5.0,CS(=O)(=O)c1ccc(-n2cncc2-c2ccc(F)cc2)cc1,val,5.903953296819325
CHEMBL326097,CHEMBL230,7.82,2003.0,7.82,COc1cc(-c2c(Cl)ncn2-c2ccc(S(C)(=O)=O)cc2)ccc1C,val,6.131434086821592
CHEMBL326254,CHEMBL230,6.140000000000001,1999.0,6.140000000000001,CC1(C)OC(=O)C(Oc2ncccn2)=C1c1ccc(S(C)(=O)=O)cc1,test,6.131434086821592
CHEMBL326270,CHEMBL230,7.75,2003.0,7.75,NS(=O)(=O)c1ccc(-n2cnc(Cl)c2-c2ccc(F)cc2)cc1,val,6.2863510283148925
CHEMBL326291,CHEMBL230,7.96,2003.0,7.96,Cc1cc(-c2c(Cl)ncn2-c2ccc(S(C)(=O)=O)cc2)ccc1Cl,val,5.995655447649088
CHEMBL3264518,CHEMBL230,4.74,2014.0,4.74,CCOC(=O)c1c(-c2ccccc2)oc2ccc(Oc3ccccc3)cc12,test,5.492254612819231
CHEMBL3264519,CHEMBL230,4.7,2014.0,4.7,CCOC(=O)c1c(-c2ccccc2)oc2ccc(Oc3ccccc3C)cc12,test,5.492254612819231
CHEMBL3264520,CHEMBL230,4.72,2014.0,4.72,CCOC(=O)c1c(-c2ccccc2)oc2ccc(Oc3ccc(C)cc3)cc12,test,5.492254612819231
CHEMBL3264703,CHEMBL230,5.4,2014.0,5.4,c1cncc(-n2cc(CSc3nc4ccccc4o3)nn2)c1,val,5.438574041521399
CHEMBL3264704,CHEMBL230,5.3,2014.0,5.3,Clc1ncccc1-n1cc(CSc2nc3ccccc3o2)nn1,val,5.438574041521399
CHEMBL3265352,CHEMBL230,4.96,2014.0,4.96,c1ccc(-c2nn(-c3ccccc3)cc2-c2nnc(-c3ccncc3)o2)cc1,test,5.3010738141400795
CHEMBL3265353,CHEMBL230,4.28,2014.0,4.28,Cc1ccc(-c2nn(-c3ccccc3)cc2-c2nnc(-c3ccncc3)o2)cc1,test,5.600662768820494
CHEMBL3265354,CHEMBL230,5.64,2014.0,5.64,Fc1ccc(-c2nn(-c3ccccc3)cc2-c2nnc(-c3ccncc3)o2)cc1,test,5.600662768820494
CHEMBL3265355,CHEMBL230,5.36,2014.0,5.36,Clc1ccc(-c2nn(-c3ccccc3)cc2-c2nnc(-c3ccncc3)o2)cc1,test,5.671451337458957
CHEMBL3265356,CHEMBL230,4.41,2014.0,4.41,Brc1ccc(-c2nn(-c3ccccc3)cc2-c2nnc(-c3ccncc3)o2)cc1,test,5.600662768820494
CHEMBL3265357,CHEMBL230,4.38,2014.0,4.38,COc1ccc(-c2nn(-c3ccccc3)cc2-c2nnc(-c3ccncc3)o2)cc1,test,5.600662768820494
CHEMBL3265358,CHEMBL230,6.3,2014.0,6.3,O=[N+]([O-])c1ccc(-c2nn(-c3ccccc3)cc2-c2nnc(-c3ccncc3)o2)cc1,test,5.600662768820494
CHEMBL326577,CHEMBL230,7.44,2003.0,7.44,CS(=O)(=O)c1ccc(-n2cnc(Br)c2-c2ccc(F)cc2)cc1,val,6.131434086821592
CHEMBL326639,CHEMBL230,6.03,2000.0,6.03,Cc1nc(-c2nc(C(F)(F)F)cn2-c2ccc(S(C)(=O)=O)cc2)cs1,test,5.942850465916862
CHEMBL327150,CHEMBL230,8.15,2003.0,8.15,CCOc1ccc(-c2c(Cl)ncn2-c2ccc(S(C)(=O)=O)cc2)cc1Cl,val,6.131434086821592
CHEMBL327384,CHEMBL230,9.0,1996.0,9.0,CS(=O)(=O)c1ccc(C2=C(c3ccc(Cl)cc3)CC3(CC3)C2)cc1,test,6.131434086821592
CHEMBL327468,CHEMBL230,4.481486060122113,2000.0,4.481486060122113,CS(=O)(=O)c1ccc([C@@H](CO)[C@@H](CCC(=O)[O-])c2ccccc2)cc1.[Na+],test,5.765101638453737
CHEMBL327751,CHEMBL230,6.85,2000.0,6.85,COc1ccc2c(c1)c(CC(=O)Nc1ccc(C(N)=O)cc1)c(C)n2C(=O)c1ccc(Cl)cc1,test,5.949594864525354
CHEMBL328146,CHEMBL230,4.0,1995.0,4.0,CS(=O)(=O)c1ccc(C2=C(c3ccc(F)cc3)CC3(CCCCC3)C2)cc1,test,6.131434086821592
CHEMBL328161,CHEMBL230,6.0,2000.0,6.0,COc1ccc2c(c1)c(CC(=O)Nc1cc(OC)c(OC)c(OC)c1)c(C)n2C(=O)c1ccc(Cl)cc1,test,5.949594864525354
CHEMBL328521,CHEMBL230,6.28,1996.0,6.28,CC1(C)C(c2ccc(S(C)(=O)=O)cc2)=C(c2ccccc2)C1O,test,4.137320734162049
CHEMBL3289096,CHEMBL230,5.0,2014.0,5.0,CC(C)=CCC[C@H](C(=O)O)[C@@H]1CC[C@]2(C)C3=C(CC[C@@]12C)[C@@]1(C)CC[C@@H](O)C(C)(C)[C@@H]1CC3,val,5.438574041521399
CHEMBL3289097,CHEMBL230,5.0,2014.0,5.0,CC(=O)O[C@@H]1CC[C@]2(C)C3=C(CC[C@H]2C1(C)C)[C@@]1(C)CC[C@@H]([C@H](CCC=C(C)C)C(=O)O)[C@]1(C)CC3,val,5.438574041521399
CHEMBL3289098,CHEMBL230,5.0,2014.0,5.0,CC(C)=CCC[C@H](C(=O)O)[C@@H]1CC[C@]2(C)C3=C(CC[C@@]12C)[C@@]1(C)CC[C@H](O)C(C)(C)[C@@H]1CC3,val,5.438574041521399
CHEMBL3289099,CHEMBL230,5.0,2014.0,5.0,CC(C)=CCC[C@H](C(=O)O)[C@@H]1CC[C@]2(C)C3=CC[C@H]4C(C)(C)[C@H](O)CC[C@]4(C)[C@H]3CC[C@@]12C,val,5.438574041521399
CHEMBL3289100,CHEMBL230,5.0,2014.0,5.0,CC(=O)O[C@@H]1CC[C@]2(C)[C@H]3CC[C@@]4(C)[C@H]([C@H](CCC=C(C)C)C(=O)O)CC[C@]4(C)C3=CC[C@H]2C1(C)C,val,5.438574041521399
CHEMBL3289925,CHEMBL230,4.95,2014.0,4.95,CCOC(OCC)c1ccc(/C=C2\COC/C(=C\c3ccc(C(OCC)OCC)cc3)C2=O)cc1,val,5.438574041521399
CHEMBL3289928,CHEMBL230,4.0,2014.0,4.0,CCOC(OCC)c1ccc(/C=C2\CN(Cc3ccccc3)C/C(=C\c3ccc(C(OCC)OCC)cc3)C2=O)cc1,val,5.438574041521399
CHEMBL3289930,CHEMBL230,4.83,2014.0,4.83,CCOC(OCC)c1ccc(/C=C2\CC/C(=C\c3ccc(C(OCC)OCC)cc3)C2=O)cc1,test,5.438574041521399
CHEMBL3289940,CHEMBL230,4.0,2014.0,4.0,CN(C)c1ccc(/C=C2\CC/C(=C\c3ccc(N(C)C)cc3[N+](=O)[O-])C2=O)c([N+](=O)[O-])c1,test,5.438574041521399
CHEMBL3290192,CHEMBL230,4.16,2014.0,4.16,O=C(/C=C/c1ccc(N2CCCC2)cc1)/C=C/c1ccc(N2CCCC2)cc1,test,5.438574041521399
CHEMBL3290195,CHEMBL230,4.0,2014.0,4.0,O=C1/C(=C/c2ccc(N3CCCC3)cc2)CCc2ccccc21,test,5.438574041521399
CHEMBL3290199,CHEMBL230,6.33,2014.0,6.33,NS(=O)(=O)c1ccc(-n2nc(C(=O)Nc3ccc(Cl)cc3)nc2-c2ccccc2)cc1,test,6.165571147429236
CHEMBL3290200,CHEMBL230,5.89,2014.0,5.89,COc1ccc(NC(=O)c2nc(-c3ccccc3)n(-c3ccc(S(N)(=O)=O)cc3)n2)cc1OC,test,6.165571147429236
CHEMBL3290201,CHEMBL230,6.05,2014.0,6.05,COc1ccc(NC(=O)c2nc(-c3ccccc3)n(-c3ccc(S(N)(=O)=O)cc3)n2)cc1,test,6.165571147429236
CHEMBL3290203,CHEMBL230,5.72,2014.0,5.72,Cc1ccc(NC(=O)c2nc(-c3ccccc3)n(-c3ccc(S(N)(=O)=O)cc3)n2)cc1,test,6.165571147429236
CHEMBL3290204,CHEMBL230,6.18,2014.0,6.18,NS(=O)(=O)c1ccc(-n2nc(C(=O)NC3CCCCC3)nc2-c2ccccc2)cc1,test,6.090860693011576
CHEMBL3290205,CHEMBL230,4.8,2014.0,4.8,CC(C)NC(=O)c1nc(-c2ccccc2)n(-c2ccc(S(N)(=O)=O)cc2)n1,val,6.165571147429236
CHEMBL329120,CHEMBL230,6.07,1998.0,6.07,Cc1cnc(-c2cccnc2)c(-c2ccc(S(C)(=O)=O)cc2)c1,val,5.959280864391049
CHEMBL329419,CHEMBL230,5.345743030061056,1998.0,5.345743030061056,CS(=O)(=O)c1ccc(-c2cccnc2-c2cccnc2)cc1,val,5.959280864391049
CHEMBL329688,CHEMBL230,5.95,2005.0,5.95,COc1ccc(C2SCC(=O)N2CCN2C(=O)CSC2c2ccc(OC)cc2)cc1,test,5.438574041521399
CHEMBL329999,CHEMBL230,8.7,1996.0,8.7,CS(=O)(=O)c1ccc(C2=C(c3ccc(C(F)(F)F)cc3)CC3(CC3)C2)cc1,test,6.131434086821592
CHEMBL330200,CHEMBL230,5.096910013008056,2000.0,5.096910013008056,COc1ccc2c(c1)c(CC(=O)Oc1ccc3ccccc3c1)c(C)n2C(=O)c1ccc(Cl)cc1,test,5.949594864525354
CHEMBL330314,CHEMBL230,9.0,1996.0,9.0,NS(=O)(=O)c1ccc(C2=C(c3ccc(C(F)(F)F)cc3)CC3(CC3)C2)cc1,test,6.356837620144131
CHEMBL330381,CHEMBL230,6.66,2000.0,6.66,COc1ccc2c(c1)c(CC(=O)Nc1cccc(SC)c1)c(C)n2C(=O)c1ccc(Cl)cc1,test,6.3706390339835774
CHEMBL330516,CHEMBL230,7.21,1996.0,7.21,CC1(C)C(c2ccc(S(C)(=O)=O)cc2)=C(c2ccccc2)/C1=N/O,val,6.131434086821592
CHEMBL3309444,CHEMBL230,4.84,2014.0,4.84,NS(=O)(=O)c1ccc(N2N=C(C(F)(F)F)CC2c2ccc3ccccc3c2)cc1,test,6.26151237784778
CHEMBL3309447,CHEMBL230,7.23,2014.0,7.23,NS(=O)(=O)c1ccc(N2N=C(C(F)(F)F)CC2c2cccc3c2OCCO3)cc1,test,6.3151929491456125
CHEMBL3309450,CHEMBL230,4.75,2014.0,4.75,CS(=O)(=O)c1ccc(N2N=C(C(F)(F)F)CC2c2ccc3ccccc3c2)cc1,test,5.89220133407202
CHEMBL3309819,CHEMBL230,6.68,2014.0,6.68,CS(=O)(=O)c1ccc(N2N=C(C(F)(F)F)CC2c2cccc3c2OCCO3)cc1,test,5.945881905369852
CHEMBL3309947,CHEMBL230,4.73,2014.0,4.73,CN(C)c1ccc(/C=C2\COC/C(=C\c3ccc(N(C)C)cc3[N+](=O)[O-])C2=O)c([N+](=O)[O-])c1,val,5.438574041521399
CHEMBL3309950,CHEMBL230,4.72,2014.0,4.72,CN(C)c1ccc(/C=C2\CN(Cc3ccccc3)C/C(=C\c3ccc(N(C)C)cc3[N+](=O)[O-])C2=O)c([N+](=O)[O-])c1,val,5.438574041521399
CHEMBL3311308,CHEMBL230,4.0,2014.0,4.0,COc1ccc(S(=O)(=O)Nc2c(C)cc(C)cc2C)cc1,test,5.711589658612156
CHEMBL331135,CHEMBL230,6.91,2003.0,6.91,CS(=O)(=O)c1ccc(-n2cnc(Cl)c2-c2ccccc2)cc1,val,5.765101638453737
CHEMBL331148,CHEMBL230,7.8,2003.0,7.8,Cc1ccc(-c2c(Cl)ncn2-c2ccc(S(C)(=O)=O)cc2)cc1,val,6.131434086821592
CHEMBL3314087,CHEMBL230,7.62,2014.0,7.62,O=C1Nc2ccccc2/C1=C/c1coc2ccccc2c1=O,test,5.438574041521399
CHEMBL3314088,CHEMBL230,7.7,2014.0,7.7,O=C1Nc2ccccc2/C1=C/c1coc2ccc(Br)cc2c1=O,test,5.438574041521399
CHEMBL3314089,CHEMBL230,5.0,2014.0,5.0,CC1=NN(c2cccc(Cl)c2)C(=O)/C1=C/c1coc2c([N+](=O)[O-])cc(F)cc2c1=O,val,5.492254612819231
CHEMBL332251,CHEMBL230,8.52,2003.0,8.52,Cc1ccc(-c2c(Cl)ncn2-c2ccc(S(N)(=O)=O)cc2)cc1,val,6.2863510283148925
CHEMBL3325729,CHEMBL230,6.32,2022.0,6.32,Cc1nn(-c2ccccc2)c(N2CCN(C)CC2)c1/C=N/Nc1nc2ccccc2nc1O,test,5.515870763582652
CHEMBL3325874,CHEMBL230,4.8,2022.0,4.8,Cc1nn(-c2ccccc2)c(N2CCNCC2)c1/C=N/Nc1nc2ccccc2nc1O,test,5.515870763582652
CHEMBL3325875,CHEMBL230,6.34,2022.0,6.34,CC(=O)N1CCN(c2c(/C=N/Nc3nc4ccccc4nc3O)c(C)nn2-c2ccccc2)CC1,test,5.515870763582652
CHEMBL332725,CHEMBL230,7.6,2003.0,7.6,CCOc1ccc(-c2c(Cl)ncn2-c2ccc(S(C)(=O)=O)cc2)cc1F,val,6.131434086821592
CHEMBL333084,CHEMBL230,5.0,2003.0,5.0,CC(C)Oc1ccc(-c2c(Cl)ncn2-c2ccc(S(C)(=O)=O)cc2)cc1,val,6.131434086821592
CHEMBL333170,CHEMBL230,5.0,2003.0,5.0,CCc1ncn(-c2ccc(S(C)(=O)=O)cc2)c1-c1ccc(F)cc1,val,6.131434086821592
CHEMBL333651,CHEMBL230,7.96,2003.0,7.96,COc1ccc(-c2c(Cl)ncn2-c2ccc(S(C)(=O)=O)cc2)cc1,val,6.131434086821592
CHEMBL333755,CHEMBL230,5.0,2003.0,5.0,CS(=O)(=O)c1ccc(-c2c(Cl)nc(Cl)n2-c2ccc(F)cc2)cc1,val,6.131434086821592
CHEMBL3359452,CHEMBL230,5.0,2014.0,5.0,CC(C)Cc1ccc(C(C)C(=O)NCCc2c[nH]c3ccc(O)cc23)cc1,test,5.438574041521399
CHEMBL3359453,CHEMBL230,5.1,2014.0,5.1,CC(C(=O)NCCc1c[nH]c2ccc(O)cc12)c1ccc(-c2ccccc2)c(F)c1,val,5.438574041521399
CHEMBL336011,CHEMBL230,5.54,1995.0,5.54,NS(=O)(=O)c1ccc(C2=C(c3cc(F)c(F)c(F)c3)CCC2)cc1,test,6.2863510283148925
CHEMBL338105,CHEMBL230,4.11,1994.0,4.11,CS(=O)(=O)c1ccc(C2=C(c3ccc(C#N)cc3)CCC2)cc1,test,6.131434086821592
CHEMBL338126,CHEMBL230,4.04,1995.0,4.04,CS(=O)(=O)c1ccc(-c2[nH]c(S(C)(=O)=O)cc2-c2ccc(F)cc2)cc1,test,6.131434086821592
CHEMBL338371,CHEMBL230,5.0,2004.0,5.0,Cc1cc(=O)c(-c2ccc3c(c2)CCCC3)c(-c2ccc(S(C)(=O)=O)cc2)o1,val,6.131434086821592
CHEMBL338705,CHEMBL230,5.97,2004.0,5.97,Cc1cc(=O)c(-c2ccc(F)cc2)c(-c2ccc(S(C)(=O)=O)cc2)o1,test,6.131434086821592
CHEMBL338914,CHEMBL230,4.16,1995.0,4.16,CS(=O)(=O)c1ccc(-c2[nH]c(Cl)c(Cl)c2-c2ccc(F)cc2)cc1,test,6.131434086821592
CHEMBL338927,CHEMBL230,5.76,2004.0,5.76,Cc1cc(=O)c(-c2ccc(Br)cc2)c(-c2ccc(S(C)(=O)=O)cc2)o1,test,6.131434086821592
CHEMBL339150,CHEMBL230,5.16,2004.0,5.16,Cc1cc(=O)c(-c2ccccc2)c(-c2ccc(S(N)(=O)=O)cc2)o1,test,6.2863510283148925
CHEMBL339221,CHEMBL230,4.06,1995.0,4.06,CS(=O)(=O)c1ccc(-c2[nH]c(Cl)c(Br)c2-c2ccc(F)cc2)cc1,test,6.131434086821592
CHEMBL339222,CHEMBL230,3.5228787452803374,1995.0,3.5228787452803374,CC(C)(C)OC(=O)n1c(Br)cc(-c2ccc(F)cc2)c1-c1ccc(S(C)(=O)=O)cc1,test,6.131434086821592
CHEMBL339301,CHEMBL230,4.9,1995.0,4.9,CS(=O)(=O)c1ccc(-c2[nH]ccc2-c2ccc(F)cc2)cc1,test,6.890112606635012
CHEMBL3397711,CHEMBL230,5.0,2015.0,5.0,CCCC/C(=C\c1cc(OC/C=C/c2ccccc2)ccc1OCc1ccc(C(F)(F)F)cc1)C(=O)O,test,5.489113757732601
CHEMBL3397719,CHEMBL230,5.0,2015.0,5.0,CCCC/C(=C\c1cc(OCc2cc3ccccc3s2)ccc1OCc1ccc(C(F)(F)F)cc1)C(=O)O,val,5.489113757732601
CHEMBL3397721,CHEMBL230,5.0,2015.0,5.0,CCCC/C(=C\c1cc(OCc2ccc3nc(C(F)(F)F)cc(OC)c3c2)ccc1OCc1ccc(C(F)(F)F)cc1)C(=O)O,val,5.835657914777449
CHEMBL3397724,CHEMBL230,5.0,2015.0,5.0,CCCC/C(=C\c1cc(OCc2ccc(OCCN3CCOCC3)cc2)ccc1OCc1ccc(C(F)(F)F)cc1)C(=O)O,val,5.489113757732601
CHEMBL339817,CHEMBL230,5.59,2004.0,5.59,Cc1cc(=O)c(-c2ccc3ccccc3c2)c(-c2ccc(S(C)(=O)=O)cc2)o1,test,6.131434086821592
CHEMBL339890,CHEMBL230,4.2,1995.0,4.2,CS(=O)(=O)c1ccc(-c2[nH]c([N+](=O)[O-])cc2-c2ccc(F)cc2)cc1,test,6.131434086821592
CHEMBL3400658,CHEMBL230,4.301029995663981,2015.0,4.301029995663981,CC(=O)O[C@@H]1[C@@H](C)[C@@]2(O)[C@@H](C=C(CO)C[C@]3(O)C(=O)C(C)=C[C@@H]23)[C@@H]2C(C)(C)[C@]12OC(=O)C(C)C,val,5.492254612819231
CHEMBL3400661,CHEMBL230,4.301029995663981,2015.0,4.301029995663981,CCC(C)C(=O)O[C@@]12[C@H](O)[C@@H](C)[C@]3(O)[C@@H]4C=C(C)C(=O)[C@@H]4CC(CO)=C[C@H]3[C@@H]1C2(C)C,val,5.872107700965617
CHEMBL340101,CHEMBL230,5.0,2004.0,5.0,Cc1cc(=O)c(-c2ccc(F)cc2)c(-c2ccc(S(N)(=O)=O)cc2)o1,test,6.2863510283148925
CHEMBL3402317,CHEMBL230,4.61,2015.0,4.61,COc1ccc2cc(C(C)c3nc4s/c(=C\C(C)=C\c5ccccc5)c(=O)n4n3)ccc2c1,test,5.438574041521399
CHEMBL340458,CHEMBL230,5.65,1994.0,5.65,CS(=O)(=O)c1ccc(C2=C(c3ccccc3)CCC2)cc1,test,6.131434086821592
CHEMBL340573,CHEMBL230,8.52,1994.0,8.52,CS(=O)(=O)c1ccc(C2=C(c3ccc(Cl)cc3)CCC2)cc1,test,6.131434086821592
CHEMBL340717,CHEMBL230,4.38,1995.0,4.38,CS(=O)(=O)c1ccc(-c2[nH]c(Cl)cc2-c2ccc(F)cc2)cc1,test,6.131434086821592
CHEMBL3410355,CHEMBL230,6.34,2015.0,6.34,Cc1ccccc1C1C2COc3ccccc3C2=NN1c1ccc(S(N)(=O)=O)cc1,test,5.886824843516272
CHEMBL3410356,CHEMBL230,6.48,2015.0,6.48,COc1ccccc1C1C2COc3ccccc3C2=NN1c1ccc(S(N)(=O)=O)cc1,test,5.83314427221844
CHEMBL3410357,CHEMBL230,5.99,2015.0,5.99,COc1ccc(C2C3COc4ccccc4C3=NN2c2ccc(S(N)(=O)=O)cc2)cc1,test,5.83314427221844
CHEMBL3410358,CHEMBL230,5.14,2015.0,5.14,NS(=O)(=O)c1ccc(N2N=C3c4ccccc4OCC3C2c2ccccc2F)cc1,test,5.83314427221844
CHEMBL3410359,CHEMBL230,5.64,2015.0,5.64,NS(=O)(=O)c1ccc(N2N=C3c4ccccc4OCC3C2c2ccccc2Cl)cc1,test,5.83314427221844
CHEMBL3410360,CHEMBL230,5.08,2015.0,5.08,NS(=O)(=O)c1ccc(N2N=C3c4ccccc4OCC3C2c2ccc(Cl)cc2)cc1,test,5.83314427221844
CHEMBL3410361,CHEMBL230,5.9,2015.0,5.9,NS(=O)(=O)c1ccc(N2N=C3c4ccccc4OCC3C2c2ccccc2Br)cc1,test,5.83314427221844
CHEMBL3410362,CHEMBL230,5.16,2015.0,5.16,NS(=O)(=O)c1ccc(N2N=C3c4ccccc4OCC3C2c2ccc(Br)cc2)cc1,test,5.83314427221844
CHEMBL3410363,CHEMBL230,5.56,2015.0,5.56,NS(=O)(=O)c1ccc(N2N=C3c4ccccc4OCC3C2c2ccc(Cl)cc2Cl)cc1,test,5.83314427221844
CHEMBL3410364,CHEMBL230,4.79,2015.0,4.79,NS(=O)(=O)c1ccc(N2N=C3c4ccccc4OCC3C2c2c(F)cccc2Cl)cc1,test,5.83314427221844
CHEMBL341298,CHEMBL230,4.46,1995.0,4.46,CSc1cc(-c2ccc(F)cc2)c(-c2ccc(S(C)(=O)=O)cc2)[nH]1,test,6.131434086821592
CHEMBL3425978,CHEMBL230,5.6,2015.0,5.6,CCO[C@@]1(c2ccc(O)c(O)c2)Oc2ccc(CCO)cc2O[C@@H]1O,test,5.438574041521399
CHEMBL3425979,CHEMBL230,5.22,2015.0,5.22,CCOC1(c2ccc(O)c(O)c2)Oc2ccc(CCO)cc2OC1O,test,5.438574041521399
CHEMBL3425980,CHEMBL230,5.08,2015.0,5.08,CO[C@@]1(c2ccc(O)c(O)c2)Oc2ccc(CCO)cc2O[C@@H]1O,test,5.438574041521399
CHEMBL3425981,CHEMBL230,5.22,2015.0,5.22,CO[C@]1(c2ccc(O)c(O)c2)Oc2ccc(CCO)cc2O[C@H]1O,test,5.438574041521399
CHEMBL3425982,CHEMBL230,4.86,2015.0,4.86,CCO[C@@]1(c2ccc(O)c(O)c2)Oc2cc(CCO)ccc2O[C@@H]1O,test,5.438574041521399
CHEMBL3425983,CHEMBL230,5.07,2015.0,5.07,CCO[C@]1(c2ccc(O)c(O)c2)Oc2cc(CCO)ccc2O[C@H]1O,test,5.438574041521399
CHEMBL3425984,CHEMBL230,4.75,2015.0,4.75,CO[C@@]1(c2ccc(O)c(O)c2)Oc2cc(CCO)ccc2O[C@@H]1O,test,5.438574041521399
CHEMBL3425985,CHEMBL230,5.01,2015.0,5.01,CO[C@]1(c2ccc(O)c(O)c2)Oc2cc(CCO)ccc2O[C@H]1O,test,5.438574041521399
CHEMBL3425986,CHEMBL230,5.58,2015.0,5.58,CC(=O)NCCc1ccc2c(c1)O[C@H](NC(C)=O)[C@@H](c1ccc(O)c(O)c1)O2,test,5.438574041521399
CHEMBL3425987,CHEMBL230,5.44,2015.0,5.44,CC(=O)NCCc1ccc2c(c1)O[C@H](c1ccc(O)c(O)c1)[C@@H](NC(C)=O)O2,test,5.438574041521399
CHEMBL3425988,CHEMBL230,5.89,2015.0,5.89,CC(=O)N[C@H]1Oc2cc(CCO)ccc2O[C@@H]1c1ccc(O)c(O)c1,test,5.438574041521399
CHEMBL3425989,CHEMBL230,5.6,2015.0,5.6,CC(=O)N[C@H]1Oc2ccc(CCO)cc2O[C@@H]1c1ccc(O)c(O)c1,test,5.438574041521399
CHEMBL3425990,CHEMBL230,5.57,2015.0,5.57,CC(=O)/N=C/Cc1ccc2c(c1)O[C@H](c1ccc(O)c(O)c1)[C@@H](NC(C)=O)O2,test,5.657909087314324
CHEMBL3427203,CHEMBL230,5.5,2015.0,5.5,COc1ccc(-c2nc(OC)nn2-c2ccc(OC)cc2)cc1,val,5.600662768820494
CHEMBL344351,CHEMBL230,6.0,1995.0,6.0,CS(=O)(=O)Nc1cc2c(cc1Sc1ccncc1)C(=O)CC2,test,5.438574041521399
CHEMBL345108,CHEMBL230,6.26,2004.0,6.26,Cc1nn(-c2ccccc2)c2c1c(O)nc1ccc([N+](=O)[O-])cc12,test,5.515870763582652
CHEMBL346288,CHEMBL230,3.350000000000468,1997.0,3.350000000000468,CS(=O)(=O)c1ccc(-c2sc3nncn3c2-c2ccccc2)cc1,val,6.131434086821592
CHEMBL346743,CHEMBL230,5.63,2003.0,5.63,CS(=O)(=O)c1ccc(-c2cnn(CC(F)(F)F)c(=O)c2-c2ccccc2)cc1,val,6.131434086821592
CHEMBL347147,CHEMBL230,5.720743030061056,2003.0,5.720743030061056,CS(=O)(=O)c1ccc(-c2cnn(C3CC3)c(=O)c2-c2ccc(F)cc2)cc1,test,6.131434086821592
CHEMBL347842,CHEMBL230,6.3149999999999995,2003.0,6.3149999999999995,CS(=O)(=O)c1ccc(-c2cnn(Cc3ccccc3)c(=O)c2Oc2ccc(Cl)cn2)cc1,test,6.131434086821592
CHEMBL347945,CHEMBL230,5.0,2000.0,5.0,Clc1ccc(-c2nn(-c3ccc(Cl)cc3)c3c2CCC3)cc1,test,5.671451337458957
CHEMBL348390,CHEMBL230,6.77,2000.0,6.77,c1ccc(-c2nn(-c3ccccc3)c3c2CCCCC3)cc1,test,5.515870763582652
CHEMBL34913,CHEMBL230,7.07,2002.0,7.07,Cc1nc(C2CCCCC2)c(-c2ccc(S(N)(=O)=O)c(F)c2)o1,test,5.741537128553022
CHEMBL349310,CHEMBL230,5.21,2000.0,5.21,c1ccc(-c2nn(-c3ccccc3)c3c2CCC3)cc1,test,5.515870763582652
CHEMBL350039,CHEMBL230,6.215,2003.0,6.215,CS(=O)(=O)c1ccc(-c2cnn(-c3ccccc3)c(=O)c2-c2ccccc2)cc1,val,6.131434086821592
CHEMBL350662,CHEMBL230,5.0,2000.0,5.0,CS(=O)(=O)c1ccc(-n2nc(-c3ccc(Cl)cc3)c3c2CCCCC3)cc1,test,6.254990120680788
CHEMBL351436,CHEMBL230,5.0,2003.0,5.0,CCCCCCCCCCCCCCCc1cccc(OCC)c1CSc1nc2ccccc2s1,val,5.438574041521399
CHEMBL35685,CHEMBL230,4.71,2002.0,4.71,Cc1nc(C2CCCCC2)c(-c2ccc(S(N)(=O)=O)c(O)c2)o1,test,5.571389487445589
CHEMBL3576973,CHEMBL230,5.779999999999999,2015.0,5.779999999999999,Cc1ccc(S(=O)(=O)n2cc(C(=O)C(=O)NCC(=O)NCC(=O)O)c3ccccc32)cc1,val,5.735205809375575
CHEMBL3576974,CHEMBL230,7.65,2015.0,7.65,Cc1ccc(S(=O)(=O)n2cc(C(=O)C(=O)NCC(=O)N[C@@H](Cc3c[nH]c4ccccc34)C(=O)O)c3ccccc32)cc1,val,5.735205809375575
CHEMBL3576977,CHEMBL230,5.16,2015.0,5.16,COC(=O)CNC(=O)CNC(=O)C(=O)c1cn(S(=O)(=O)c2ccc(C)cc2)c2ccccc12,val,5.735205809375575
CHEMBL3576980,CHEMBL230,5.6,2015.0,5.6,Cc1ccc(S(=O)(=O)n2cc(C(=O)C(=O)NCC(=O)N[C@H](Cc3c[nH]c4ccccc34)C(=O)O)c3ccccc32)cc1,val,5.735205809375575
CHEMBL3576981,CHEMBL230,5.46,2015.0,5.46,COC(=O)[C@H](Cc1c[nH]c2ccccc12)NC(=O)CNC(=O)C(=O)c1cn(S(=O)(=O)c2ccc(C)cc2)c2ccccc12,val,5.735205809375575
CHEMBL3576987,CHEMBL230,5.18,2015.0,5.18,COC(=O)[C@@H](Cc1c[nH]c2ccccc12)NC(=O)CNC(=O)C(=O)c1cn(S(=O)(=O)c2ccc(C)cc2)c2ccccc12,val,5.735205809375575
CHEMBL35783,CHEMBL230,5.7,2002.0,5.7,Cc1nc(C2CCCCC2)c(-c2ccc(S(N)(=O)=O)c(C)c2)o1,test,5.741537128553022
CHEMBL3581346,CHEMBL230,5.19,2017.0,5.19,COc1cc([C@@H]2CC(=O)c3c(cc(O)c(C/C=C(\C)CCC=C(C)C)c3O)O2)cc(O)c1OC,val,5.438574041521399
CHEMBL358140,CHEMBL230,4.0,1995.0,4.0,CS(=O)(=O)c1ccc(C2=C(c3cc(F)c(F)c(F)c3)CCC2)cc1,test,6.131434086821592
CHEMBL359113,CHEMBL230,5.89,1998.0,5.89,CC(C)(Oc1ccc(Cl)cc1)C(=O)NCCCN1c2ccccc2Sc2ccccc21,test,5.509362610159863
CHEMBL359563,CHEMBL230,6.175,2004.0,6.175,Cc1[nH]c2cc(S(C)(=O)=O)ccc2c1Oc1ccc(F)cc1F,val,5.762834000433565
CHEMBL359586,CHEMBL230,7.68,2004.0,7.68,COc1c(Cl)cc(-c2c(-c3ccc(S(N)(=O)=O)cc3)ccc(F)c2F)cc1Cl,test,6.2863510283148925
CHEMBL3596280,CHEMBL230,5.77,2015.0,5.77,COc1ccc([C@H]2C(CN3CCN(c4ccc(OC)cc4)CC3)=NO[C@@H]3CCCC[C@H]23)cc1,test,5.565673737139683
CHEMBL3596282,CHEMBL230,5.75,2015.0,5.75,COc1ccc(N2CCN(CC3=NO[C@@H]4CCCC[C@@H]4[C@H]3c3ccccc3)CC2)cc1,test,5.565673737139683
CHEMBL3596283,CHEMBL230,4.98,2015.0,4.98,CC1(C)CC(c2ccccc2)C(CN2CCC(c3noc4cc(F)ccc34)CC2)=NO1,test,5.688818667877354
CHEMBL3596285,CHEMBL230,5.39,2015.0,5.39,CC1(C)CC(c2ccc(Cl)cc2)C(CN2CCC(c3noc4cc(F)ccc34)CC2)=NO1,test,5.7596072365158175
CHEMBL360343,CHEMBL230,6.175,2004.0,6.175,Cc1[nH]c2cc(S(C)(=O)=O)ccc2c1Oc1ccc(Cl)cc1Cl,val,5.762834000433565
CHEMBL362093,CHEMBL230,6.609999999999999,2004.0,6.609999999999999,Cc1[nH]c2cc(S(C)(=O)=O)ccc2c1Oc1ccc(F)cc1,val,5.762834000433565
CHEMBL362137,CHEMBL230,7.89,2004.0,7.89,Cc1ccc(-c2c(-c3ccc(S(C)(=O)=O)cc3)ccc(F)c2F)cc1Cl,test,6.131434086821592
CHEMBL362138,CHEMBL230,6.025,2004.0,6.025,Cc1[nH]c2cc(S(C)(=O)=O)ccc2c1Cc1ccc(F)cc1,test,5.762834000433565
CHEMBL362779,CHEMBL230,8.7,2004.0,8.7,NS(=O)(=O)c1ccc(-c2ccc(F)c(F)c2-c2ccc(F)c(Cl)c2)cc1,test,6.2863510283148925
CHEMBL363270,CHEMBL230,8.22,2004.0,8.22,CN(C)c1ccc(-c2c(-c3ccc(S(N)(=O)=O)cc3)ccc(F)c2F)cc1Cl,test,6.2863510283148925
CHEMBL363756,CHEMBL230,6.21,2004.0,6.21,Cc1[nH]c2cc(S(C)(=O)=O)ccc2c1Cc1ccccc1Cl,test,5.762834000433565
CHEMBL364166,CHEMBL230,6.47,2004.0,6.47,COc1ccc(-c2c(-c3ccc(S(C)(=O)=O)cc3)ccc(F)c2F)cc1OC,test,6.131434086821592
CHEMBL3643413,CHEMBL230,4.522878745280337,2024.0,4.522878745280337,CCC(=O)N1CC[C@H](Nc2ncnc3c2CN(c2cnc(OC)c(C(F)(F)F)c2)CC3)C1,val,5.565673737139683
CHEMBL364598,CHEMBL230,8.1,2004.0,8.1,CN(C)c1ccc(-c2c(-c3ccc(S(C)(=O)=O)cc3)ccc(F)c2F)cc1Cl,test,6.131434086821592
CHEMBL365060,CHEMBL230,7.08,2004.0,7.08,CS(=O)(=O)c1ccc(-c2ccc3c(c2-c2ccc(F)cc2)OCO3)cc1,test,6.913519117849818
CHEMBL365252,CHEMBL230,7.68,2004.0,7.68,COc1ccc(-c2c(-c3ccc(S(C)(=O)=O)cc3)ccc(F)c2F)cc1F,test,6.131434086821592
CHEMBL365301,CHEMBL230,8.7,2004.0,8.7,Cc1cc(-c2c(-c3ccc(S(N)(=O)=O)cc3)ccc(F)c2F)ccc1F,test,6.2863510283148925
CHEMBL36542,CHEMBL230,4.0,2002.0,4.0,COc1cc(-c2oc(C)nc2C2CCCCC2)ccc1S(N)(=O)=O,test,5.741537128553022
CHEMBL365622,CHEMBL230,8.16,2004.0,8.16,Cc1ccc(-c2c(-c3ccc(S(C)(=O)=O)cc3)ccc(F)c2F)cc1,test,6.131434086821592
CHEMBL365883,CHEMBL230,8.4,2004.0,8.4,NS(=O)(=O)c1ccc(-c2ccc(F)c(F)c2-c2ccc3c(c2)OCO3)cc1,test,6.2863510283148925
CHEMBL366807,CHEMBL230,5.68,1996.0,5.68,CS(=O)(=O)c1ccc(-c2cnsc2-c2ccc(F)cc2)cc1,test,6.131434086821592
CHEMBL366886,CHEMBL230,4.522878745280337,1996.0,4.522878745280337,CS(=O)(=O)c1ccc(-n2nnnc2-c2ccc(F)c(F)c2)cc1,val,6.131434086821592
CHEMBL36722,CHEMBL230,5.0,2002.0,5.0,Cc1nc(C2CCCCC2)c(-c2ccc(S(N)(=O)=O)c(Cl)c2)o1,test,5.741537128553022
CHEMBL367328,CHEMBL230,3.595166283380062,1999.0,3.595166283380062,CS(=O)(=O)c1ccc(-c2ccc(N)cc2-c2ccccc2)cc1,test,5.908805076963849
CHEMBL367864,CHEMBL230,6.08,1997.0,6.08,Cc1csc(NC(=O)C2=C(O)c3ccccc3S(=O)(=O)N2C)n1,test,5.5657831527733235
CHEMBL36815,CHEMBL230,6.22,2002.0,6.22,CC(C)c1nc(C2CCCCC2)c(-c2ccc(S(N)(=O)=O)c(F)c2)o1,test,5.741537128553022
CHEMBL368409,CHEMBL230,5.19,1996.0,5.19,CS(=O)(=O)c1ccc(-c2snnc2-c2ccc(F)cc2)cc1,val,6.186761654393316
CHEMBL373434,CHEMBL230,6.66,2004.0,6.66,COc1cc(OCc2cc(-c3ccccc3)n(-c3ccc(S(C)(=O)=O)cc3)n2)cc(OC)c1OC,test,5.842398360514989
CHEMBL373819,CHEMBL230,4.85,2007.0,4.85,CS(=O)(=O)c1ccc(-n2cnc(Cl)c2-c2ccc(OCCCO[N+](=O)[O-])c(F)c2)cc1,val,6.131434086821592
CHEMBL373867,CHEMBL230,4.12,2007.0,4.12,CS(=O)(=O)c1ccc(-n2cnc(Cl)c2-c2ccc(OCC(CO[N+](=O)[O-])O[N+](=O)[O-])c(F)c2)cc1,val,6.131434086821592
CHEMBL3739527,CHEMBL230,5.0,2015.0,5.0,C#Cc1cccc(Nc2ncnc3cc(OCCOC(=O)CC4=C(C)/C(=C/c5ccc([S+](C)[O-])cc5)c5ccc(F)cc54)c(OCCOC(=O)CC4=C(C)/C(=C/c5ccc([S+](C)[O-])cc5)c5ccc(F)cc54)cc23)c1,test,5.492254612819231
CHEMBL3739528,CHEMBL230,5.0,2015.0,5.0,C#Cc1cccc(Nc2ncnc3cc(OCCOC(=O)C(C)c4ccc(CC(C)C)cc4)c(OCCOC(=O)C(C)c4ccc(CC(C)C)cc4)cc23)c1,val,5.438574041521399
CHEMBL374130,CHEMBL230,5.22,2017.0,5.22,CC(C)=CCC/C(C)=C/Cc1c(O)cc2c(c1O)C(=O)C[C@@H](c1ccc(O)cc1)O2,val,5.438574041521399
CHEMBL3741424,CHEMBL230,5.0,2015.0,5.0,C#Cc1cccc(Nc2ncnc3cc(OCCOC(=O)c4ccccc4OC(C)=O)c(OCCOC)cc23)c1,test,5.438574041521399
CHEMBL3741490,CHEMBL230,5.0,2015.0,5.0,C#Cc1cccc(Nc2ncnc3cc(OCCO)c(OCCOC)cc23)c1,test,5.438574041521399
CHEMBL374168,CHEMBL230,4.86,2004.0,4.86,O=S(=O)(Nc1ccncc1Oc1ccc(Br)cc1)C(F)(F)F,val,5.542794329030433
CHEMBL374169,CHEMBL230,5.01,2004.0,5.01,CCCS(=O)(=O)Nc1ccncc1Oc1ccc(Cl)cc1,val,5.5630431814576955
CHEMBL3741768,CHEMBL230,5.0,2015.0,5.0,C#Cc1cccc(Nc2ncnc3cc(OCCOC(=O)C(C)c4ccc5cc(OC)ccc5c4)c(OCCOC(=O)C(C)c4ccc5cc(OC)ccc5c4)cc23)c1,test,5.438574041521399
CHEMBL3742059,CHEMBL230,5.0,2015.0,5.0,C#Cc1cccc(Nc2ncnc3cc(OCCOC(=O)CC4=C(C)/C(=C\c5ccc([S+](C)[O-])cc5)c5ccc(F)cc54)c(OCCOC)cc23)c1,test,5.492254612819231
CHEMBL3746308,CHEMBL230,6.43,2016.0,6.43,CSc1nc(-c2ccc(S(N)(=O)=O)cc2)n(-c2ccc(Cl)cc2)n1,val,6.2863510283148925
CHEMBL3746878,CHEMBL230,5.68,2016.0,5.68,CS(=O)(=O)c1ccc(N2N=C(C(=O)O)CC2c2ccco2)cc1,val,5.765101638453737
CHEMBL3746891,CHEMBL230,5.21,2016.0,5.21,NS(=O)(=O)c1ccc(N2N=C(c3cccs3)CC2c2cccs2)cc1,test,5.83314427221844
CHEMBL3747561,CHEMBL230,5.21,2016.0,5.21,NS(=O)(=O)c1ccc(N2N=C(c3cccs3)CC2c2ccco2)cc1,val,5.83314427221844
CHEMBL3747612,CHEMBL230,5.45,2016.0,5.45,NS(=O)(=O)c1ccc(N2N=C(C(=O)O)CC2c2ccco2)cc1,val,5.7694548735460724
CHEMBL37481,CHEMBL230,6.92,2002.0,6.92,CCc1nc(C2CCCCC2)c(-c2ccc(S(N)(=O)=O)c(F)c2)o1,test,5.741537128553022
CHEMBL375127,CHEMBL230,6.51,2004.0,6.51,COc1cc(F)cc(OCc2cc(-c3ccccc3)n(-c3ccc(S(C)(=O)=O)cc3)n2)c1,test,5.842398360514989
CHEMBL375309,CHEMBL230,6.16,2004.0,6.16,COc1ccc(OCc2cc(-c3ccccc3)n(-c3ccc(S(C)(=O)=O)cc3)n2)cc1OC,test,5.842398360514989
CHEMBL376143,CHEMBL230,4.85,2004.0,4.85,CCS(=O)(=O)Nc1ccncc1Oc1ccccc1,val,5.492254612819231
CHEMBL376246,CHEMBL230,4.8,2007.0,4.8,NS(=O)(=O)c1ccc(-n2cnc(Cl)c2-c2ccc(OCCCO[N+](=O)[O-])c(F)c2)cc1,val,6.2863510283148925
CHEMBL376711,CHEMBL230,6.24,2004.0,6.24,CS(=O)(=O)c1ccc(-n2nc(COc3cc(F)cc(C#N)c3)cc2-c2ccccc2)cc1,test,5.842398360514989
CHEMBL377353,CHEMBL230,5.05,2006.0,5.05,NS(=O)(=O)c1ccc(/N=N/c2ccc(O)c(C(=O)O)c2)cc1,test,5.844165327963731
CHEMBL3774538,CHEMBL230,5.6,2016.0,5.6,CS(=O)(=O)c1ccc(-c2cc(C(F)(F)F)nc(OCc3ccc(I)cc3)n2)cc1,val,6.435882354151521
CHEMBL3774612,CHEMBL230,6.07,2016.0,6.07,CS(=O)(=O)c1ccc(-c2cc(C(F)(F)F)nc(NCc3ccc(I)cc3)n2)cc1,test,6.435882354151521
CHEMBL3774754,CHEMBL230,5.57,2016.0,5.57,CC(C(=O)O)c1ccc(-c2cccc(OC(=O)Nc3ccccc3)c2)c(F)c1,test,5.438574041521399
CHEMBL3774963,CHEMBL230,4.89,2016.0,4.89,NS(=O)(=O)c1ccc(-c2cc(C(F)(F)F)nc(NCc3ccc(I)cc3)n2)cc1,test,6.66128588747406
CHEMBL3775392,CHEMBL230,2.7614393726401687,2016.0,2.7614393726401687,CC(C(=O)O)c1ccc(-c2cccc(OC(=O)NCc3ccccc3)c2)c(F)c1,val,5.438574041521399
CHEMBL3775462,CHEMBL230,2.7614393726401687,2016.0,2.7614393726401687,CC(C(=O)O)c1ccc(-c2cccc(OC(=O)NC3CCCCC3)c2)c(F)c1,val,5.438574041521399
CHEMBL3810167,CHEMBL230,6.3,2016.0,6.3,CC(C)C[C@H](NC(=O)[C@H](Cc1ccccc1)NC(=O)CNC(=O)CNC(=O)OCc1ccccc1)C(=O)O,val,5.515870763582652
CHEMBL3810371,CHEMBL230,4.7,2016.0,4.7,COC(=O)[C@H](CC(C)C)NC(=O)[C@H](Cc1ccccc1)NC(=O)CNC(=O)CNC(=O)OCc1ccccc1,val,5.515870763582652
CHEMBL3822638,CHEMBL230,4.98,2016.0,4.98,COc1ccc(-c2cc(C(=O)N/N=C/c3c(Cl)c4ccccc4oc3=O)nn2-c2ccc(S(N)(=O)=O)cc2)cc1OC,test,6.147128414995354
CHEMBL3822695,CHEMBL230,6.58,2016.0,6.58,NS(=O)(=O)c1ccc(-n2nc(C(=O)N/N=C/c3c(Cl)c4ccccc4oc3=O)cc2-c2cccc(F)c2)cc1,test,5.921462050024983
CHEMBL3822753,CHEMBL230,5.34,2016.0,5.34,NS(=O)(=O)c1ccc(-n2nc(C(=O)N/N=C/c3c(Cl)c4ccccc4oc3=O)cc2-c2ccccc2)cc1,test,5.921462050024983
CHEMBL3822899,CHEMBL230,5.97,2016.0,5.97,NS(=O)(=O)c1ccc(-n2nc(C(=O)N/N=C/c3c(Cl)c4ccccc4oc3=O)cc2-c2ccccc2Cl)cc1,test,5.921462050024983
CHEMBL3823115,CHEMBL230,7.05,2016.0,7.05,NS(=O)(=O)c1ccc(-n2nc(C(=O)N/N=C/c3c(Cl)c4ccccc4oc3=O)cc2-c2ccc(C(F)(F)F)cc2)cc1,test,6.217615006824593
CHEMBL3823187,CHEMBL230,6.33,2016.0,6.33,NS(=O)(=O)c1ccc(-n2nc(C(=O)N/N=C/c3c(Cl)c4ccccc4oc3=O)cc2-c2ccccc2F)cc1,test,5.921462050024983
CHEMBL3823208,CHEMBL230,6.27,2016.0,6.27,NS(=O)(=O)c1ccc(-n2nc(C(=O)N/N=C/c3c(Cl)c4ccccc4oc3=O)cc2-c2cccc(Cl)c2)cc1,test,5.921462050024983
CHEMBL3823238,CHEMBL230,5.16,2016.0,5.16,Cc1ccc(-c2cc(C(=O)N/N=C/c3c(Cl)c4ccccc4oc3=O)nn2-c2ccc(S(N)(=O)=O)cc2)cc1,test,6.147128414995354
CHEMBL3823276,CHEMBL230,4.66,2016.0,4.66,COc1cc(-c2cc(C(=O)N/N=C/c3c(Cl)c4ccccc4oc3=O)nn2-c2ccc(S(N)(=O)=O)cc2)cc(OC)c1OC,test,5.921462050024983
CHEMBL3823400,CHEMBL230,4.99,2016.0,4.99,COc1ccc(-c2cc(C(=O)N/N=C/c3c(Cl)c4ccccc4oc3=O)nn2-c2ccc(S(N)(=O)=O)cc2)cc1,test,6.147128414995354
CHEMBL3823420,CHEMBL230,5.12,2016.0,5.12,NS(=O)(=O)c1ccc(-n2nc(C(=O)N/N=C/c3c(Cl)c4ccccc4oc3=O)cc2-c2ccccc2O)cc1,test,5.921462050024983
CHEMBL3823440,CHEMBL230,6.77,2016.0,6.77,NS(=O)(=O)c1ccc(-n2nc(C(=O)N/N=C/c3c(Cl)c4ccccc4oc3=O)cc2-c2ccc(F)cc2)cc1,test,6.147128414995354
CHEMBL3823600,CHEMBL230,5.32,2016.0,5.32,Cc1cccc(-c2cc(C(=O)N/N=C/c3c(Cl)c4ccccc4oc3=O)nn2-c2ccc(S(N)(=O)=O)cc2)c1,test,5.921462050024983
CHEMBL3823689,CHEMBL230,5.0,2016.0,5.0,NS(=O)(=O)c1ccc(-n2nc(C(=O)N/N=C/c3c(Cl)c4ccccc4oc3=O)cc2-c2ccc(O)cc2)cc1,test,5.976980773887921
CHEMBL3823735,CHEMBL230,6.89,2016.0,6.89,NS(=O)(=O)c1ccc(-n2nc(C(=O)N/N=C/c3c(Cl)c4ccccc4oc3=O)cc2-c2ccc([N+](=O)[O-])cc2)cc1,test,6.147128414995354
CHEMBL3823759,CHEMBL230,5.15,2016.0,5.15,Cc1ccc(-c2cc(C(=O)N/N=C/c3c(Cl)c4ccccc4oc3=O)nn2-c2ccc(S(N)(=O)=O)cc2)c(C)c1,test,5.921462050024983
CHEMBL3823814,CHEMBL230,5.2,2016.0,5.2,Cc1ccc(-c2cc(C(=O)N/N=C/c3c(Cl)c4ccccc4oc3=O)nn2-c2ccc(S(N)(=O)=O)cc2)cc1C,test,6.147128414995354
CHEMBL3824003,CHEMBL230,5.21,2016.0,5.21,COc1cccc(-c2cc(C(=O)N/N=C/c3c(Cl)c4ccccc4oc3=O)nn2-c2ccc(S(N)(=O)=O)cc2)c1,test,5.921462050024983
CHEMBL3824049,CHEMBL230,6.52,2016.0,6.52,NS(=O)(=O)c1ccc(-n2nc(C(=O)N/N=C/c3c(Cl)c4ccccc4oc3=O)cc2-c2ccc(Cl)c(Cl)c2)cc1,test,6.147128414995354
CHEMBL3824071,CHEMBL230,5.05,2016.0,5.05,CCOc1ccc(-c2cc(C(=O)N/N=C/c3c(Cl)c4ccccc4oc3=O)nn2-c2ccc(S(N)(=O)=O)cc2)cc1,test,6.147128414995354
CHEMBL383092,CHEMBL230,5.43,2006.0,5.43,Cc1ccc(-c2ncc(Cl)cc2-c2ccc([S+](C)[O-])cc2)cn1,val,5.600662768820494
CHEMBL386006,CHEMBL230,4.0,2007.0,4.0,NS(=O)(=O)c1ccc(-n2cnc(Cl)c2-c2ccc(OCCCO)c(F)c2)cc1,val,6.147128414995354
CHEMBL386992,CHEMBL230,4.91,2006.0,4.91,NS(=O)(=O)c1ccc(/N=N/c2ccc(O)c(O)c2)cc1,test,5.844165327963731
CHEMBL387879,CHEMBL230,5.59,2004.0,5.59,O=S(=O)(Nc1ccncc1Oc1ccc(Cl)cc1Cl)C(F)(F)F,val,5.542794329030433
CHEMBL3885011,CHEMBL230,5.34,2017.0,5.34,COC(=O)Cc1c(C)n(Cc2ccc(-c3cn(CCCCCCCC(=O)NO)nn3)cc2)c2ccc(OC)cc12,val,5.694421892461511
CHEMBL388606,CHEMBL230,5.16,2007.0,5.16,COc1c(O)c(C)c(OC)c2c1CCc1c(O)cccc1O2,test,5.492254612819231
CHEMBL388625,CHEMBL230,5.73,2004.0,5.73,CS(=O)(=O)Nc1ccncc1Oc1ccc(Cl)cc1,val,5.5630431814576955
CHEMBL388628,CHEMBL230,6.89,2004.0,6.89,CS(=O)(=O)Nc1ccncc1Oc1ccccc1Cl,val,5.492254612819231
CHEMBL389485,CHEMBL230,4.0,2004.0,4.0,CCCS(=O)(=O)Nc1ccncc1Oc1ccccc1,val,5.492254612819231
CHEMBL39,CHEMBL230,3.3979400086720375,2012.0,3.3979400086720375,NCCc1c[nH]c2ccc(O)cc12,test,5.438574041521399
CHEMBL3901520,CHEMBL230,5.08,2017.0,5.08,O=C(CNc1nc(-c2ccccc2)c(-c2ccccc2)s1)N1CCOCC1,test,5.515870763582652
CHEMBL390317,CHEMBL230,4.0,2004.0,4.0,CS(=O)(=O)Nc1ccncc1Oc1cc(Cl)cc(Cl)c1,val,5.742499239175186
CHEMBL3906394,CHEMBL230,4.88,2017.0,4.88,O=C(Cn1cnc(-c2ccccc2)c1-c1ccccc1)N1CCCCC1,val,5.438574041521399
CHEMBL3910569,CHEMBL230,4.82,2017.0,4.82,O=C(CNc1nc(-c2ccccc2)c(-c2ccccc2)s1)N1CCCCC1,test,5.515870763582652
CHEMBL3912571,CHEMBL230,2.900000000618938,2017.0,2.900000000618938,Cc1cc(C)c2c(=O)n(CN3CCN(c4ccccc4F)CC3)sc2n1,test,5.492254612819231
CHEMBL391533,CHEMBL230,4.3979400086720375,2019.0,4.3979400086720375,C[C@H]1[C@H](C)CC[C@]2(C(=O)O)CC[C@]3(C)C(=CC[C@@H]4[C@@]5(C)C[C@@H](O)[C@H](O)C(C)(C)[C@@H]5CC[C@]43C)[C@H]12,val,5.438574041521399
CHEMBL3920270,CHEMBL230,4.85,2017.0,4.85,COc1ccc(-c2ncn(CC(=O)N3CCCCC3)c2-c2ccc(OC)cc2)cc1,val,5.600662768820494
CHEMBL3922351,CHEMBL230,6.0,2016.0,6.0,O=C(Oc1ccc2c(c1)CCC2)N(Nc1ccccc1)S(=O)(=O)c1ccc(Cl)cc1,test,5.8490940537928475
CHEMBL3924311,CHEMBL230,3.590123861386317,2017.0,3.590123861386317,Cc1cc(C)c2c(OCCCC(=O)O)nsc2n1,test,5.492254612819231
CHEMBL3927662,CHEMBL230,5.16,2017.0,5.16,COc1ccc(-c2nc(NCC(=O)N3CCOCC3)sc2-c2ccc(OC)cc2)cc1,test,5.600662768820494
CHEMBL3933250,CHEMBL230,3.572792542086938,2017.0,3.572792542086938,Cc1cc(C)c2c(OC(C)C(=O)O)nsc2n1,test,5.492254612819231
CHEMBL3948850,CHEMBL230,3.3740936600189486,2017.0,3.3740936600189486,Cc1cc(C)c2c(=O)n(CCCC(=O)N3CCN(c4ccccc4)CC3)sc2n1,val,5.492254612819231
CHEMBL3950016,CHEMBL230,4.0,2016.0,4.0,COC(=O)c1cccc(Nc2ccc([N+](=O)[O-])c3ccccc23)c1,val,5.438574041521399
CHEMBL3952880,CHEMBL230,4.79,2017.0,4.79,COc1ccc(-c2nc(NCC(=O)N3CCCCC3)sc2-c2ccc(OC)cc2)cc1,test,5.600662768820494
CHEMBL395428,CHEMBL230,4.3979400086720375,2019.0,4.3979400086720375,CC1(C)CC[C@]2(C)CC[C@]3(C)C(=CC[C@@H]4[C@@]5(C)CC[C@@H](O)[C@](C)(C(=O)O)[C@@H]5CC[C@]43C)[C@@H]2C1,val,5.438574041521399
CHEMBL396182,CHEMBL230,5.66,2007.0,5.66,O=C(O)Cc1cccn1-c1ccc2c(c1)OCCO2,test,5.438574041521399
CHEMBL3974473,CHEMBL230,2.793004694872959,2017.0,2.793004694872959,Cc1cc(C)c2c(=O)n(CN(C)CCNc3ccccc3)sc2n1,test,5.492254612819231
CHEMBL403099,CHEMBL230,6.28,2008.0,6.28,Cc1ccsc1CNc1cc(C(F)(F)F)nc(-c2ccc(S(C)(=O)=O)cc2)n1,test,6.131434086821592
CHEMBL403828,CHEMBL230,5.0,2008.0,5.0,CS(=O)(=O)c1ccc(-c2nc(NCC3CCCC3)cc(C(F)(F)F)n2)cc1,val,6.131434086821592
CHEMBL403957,CHEMBL230,8.27,2008.0,8.27,CS(=O)(=O)c1ccc(-c2nc(NCc3ccc(Cl)s3)cc(C(F)(F)F)n2)cc1,test,6.131434086821592
CHEMBL404313,CHEMBL230,4.3979400086720375,2019.0,4.3979400086720375,C[C@H]1[C@H](C)CC[C@]2(C(=O)O)CC[C@]3(C)C(=CC[C@@H]4[C@@]5(C)C[C@@H](O)[C@H](O)[C@@](C)(CO)[C@@H]5CC[C@]43C)[C@H]12,val,5.438574041521399
CHEMBL404476,CHEMBL230,5.29,2008.0,5.29,NS(=O)(=O)c1ccc(/C=N/c2ccc(O)cc2)cc1,val,5.948649179751298
CHEMBL404515,CHEMBL230,1.2218487496163564,1999.0,1.2218487496163564,Oc1cc(O)c2cc(O)c(-c3ccc(O)c(O)c3)[o+]c2c1,test,5.43051512771306
CHEMBL404607,CHEMBL230,5.53,2008.0,5.53,COc1cc(/C=N/c2ccc(S(N)(=O)=O)cc2)cc(OC)c1OC,val,6.125496793070837
CHEMBL404921,CHEMBL230,5.17,2008.0,5.17,NS(=O)(=O)c1ccc(/N=C/c2cccc([N+](=O)[O-])c2)cc1,val,6.087871793070837
CHEMBL405071,CHEMBL230,7.51,2008.0,7.51,CC(C)(C)c1cc(NCc2cccs2)nc(-c2ccc(S(C)(=O)=O)cc2)n1,test,6.131434086821592
CHEMBL405417,CHEMBL230,4.0,2008.0,4.0,Nc1ccc(NC(=O)c2ccc(C(F)(F)F)cc2)cc1,val,5.2867836390051295
CHEMBL405564,CHEMBL230,8.04,2008.0,8.04,CS(=O)(=O)c1ccc(-c2nccc(NCc3cccs3)n2)cc1,test,6.131434086821592
CHEMBL405623,CHEMBL230,7.68,1995.0,7.68,CS(=O)(=O)c1ccc(C2=C(c3ccc4c(c3)OCO4)CCC2)cc1,test,6.131434086821592
CHEMBL405744,CHEMBL230,6.13,2008.0,6.13,NS(=O)(=O)c1ccc(/N=C/c2ccc(O)c(C(=O)O)c2)cc1,val,5.948649179751298
CHEMBL405972,CHEMBL230,3.5816987086802543,2008.0,3.5816987086802543,O=C1N/C(=N\c2nccs2)S/C1=C/c1cccc(Cl)c1,test,5.438574041521399
CHEMBL406140,CHEMBL230,4.35,1997.0,4.35,NS(=O)(=O)c1ccc(-n2nc(C(F)(F)F)cc2-c2cccnc2)cc1,test,5.724576940323299
CHEMBL406328,CHEMBL230,4.0,2008.0,4.0,Nc1cccc(NC(=O)c2ccc(C(F)(F)F)cc2)c1,val,5.2867836390051295
CHEMBL4064047,CHEMBL230,5.35,2017.0,5.35,Cc1c(C(=O)c2conc2C(=O)c2cnn(-c3ccccc3)c2C)cnn1-c1ccccc1,test,5.609629887223669
CHEMBL406434,CHEMBL230,5.56,2008.0,5.56,COC(=O)c1ccc(/C=N/c2ccc(S(N)(=O)=O)cc2)cc1,val,5.948649179751298
CHEMBL406515,CHEMBL230,4.0,2008.0,4.0,Nc1cccc(C(=O)Nc2ccc(C(F)(F)F)cc2)c1,val,5.2867836390051295
CHEMBL406527,CHEMBL230,7.42,2008.0,7.42,CC[S+]([O-])c1cc(NCc2cccs2)nc(-c2ccc(S(C)(=O)=O)cc2)n1,test,6.131434086821592
CHEMBL406528,CHEMBL230,5.6,2008.0,5.6,NS(=O)(=O)c1ccc(-c2nc(NCc3ccncc3)cc(C(F)(F)F)n2)cc1,test,6.129356830141865
CHEMBL4065530,CHEMBL230,7.79,2017.0,7.79,O=C(c1ccccc1O)n1nc(Nc2ccccc2)cc1-c1ccccc1O,test,5.607879311758177
CHEMBL4067898,CHEMBL230,8.22,2017.0,8.22,COc1ccccc1-n1cc(COC(=O)C2CCn3c(C(=O)c4ccccc4)ccc32)nn1,test,5.438574041521399
CHEMBL4067927,CHEMBL230,5.0,2017.0,5.0,CC1(C)Oc2cc(C#Cc3cc(Cl)ccc3F)ccc2-c2[nH]c(-c3c(F)cccc3Cl)nc21,test,5.438574041521399
CHEMBL406881,CHEMBL230,4.0,2008.0,4.0,Nc1ccccc1NC(=O)c1ccccc1C(F)(F)F,val,5.2867836390051295
CHEMBL4069250,CHEMBL230,5.85,2017.0,5.85,CC(=O)Nc1ccc(OC(=O)c2c(-c3ccccc3)sc3c2CCCC3)cc1,val,5.438574041521399
CHEMBL4069774,CHEMBL230,5.92,2017.0,5.92,Cc1c(C(=O)NCc2nc3ccccc3[nH]2)nc2ccc(Cl)cc2c1O,val,5.492254612819231
CHEMBL407019,CHEMBL230,5.51,2008.0,5.51,NS(=O)(=O)c1ccc(/C=N/c2ccccc2)cc1,val,6.279056759549361
CHEMBL4072244,CHEMBL230,6.44,2017.0,6.44,N#Cc1c(N=Cc2cccs2)c(C(=O)Nc2ccc(Cl)cc2)n2c1CCC2,test,5.509362610159863
CHEMBL4072576,CHEMBL230,5.93,2017.0,5.93,c1cc(-c2ccc(Nc3nc(N4CCOCC4)nc(N4CCOCC4)n3)cc2)on1,test,5.535672698286454
CHEMBL4073779,CHEMBL230,6.96,2017.0,6.96,Cc1ccc(NC(=O)c2c(N=Cc3cccs3)c(C#N)c3n2CCC3)cc1,test,5.492254612819231
CHEMBL4074825,CHEMBL230,5.95,2017.0,5.95,Cc1c(C(=O)N2CCN(c3ccccc3)CC2)nc2ccc(Cl)cc2c1O,test,5.661559883056009
CHEMBL4076205,CHEMBL230,5.45,2017.0,5.45,Cc1c(C(=O)NC2CCCN(Cc3ccccc3)C2)nc2ccc(Cl)cc2c1O,val,5.492254612819231
CHEMBL4078762,CHEMBL230,5.75,2017.0,5.75,CN(C)/C=C/C(=O)c1ccc(Nc2nc(N3CCCCC3)nc(N3CCCCC3)n2)cc1,test,5.560606951981272
CHEMBL408216,CHEMBL230,6.84,2008.0,6.84,CCS(=O)(=O)c1cc(NCc2cccs2)nc(-c2ccc(S(C)(=O)=O)cc2)n1,test,6.131434086821592
CHEMBL4085306,CHEMBL230,5.95,2017.0,5.95,c1cc(-c2ccc(Nc3nc(N4CCCCC4)nc(N4CCCCC4)n3)cc2)[nH]n1,test,5.671451337458957
CHEMBL408619,CHEMBL230,5.54,2008.0,5.54,NS(=O)(=O)c1ccc(/N=C/c2ccccc2)cc1,val,6.087871793070837
CHEMBL4086580,CHEMBL230,6.17,2017.0,6.17,NS(=O)(=O)c1ccc(OC(=O)c2c(-c3ccccc3)sc3c2CCCC3)cc1,val,5.844165327963731
CHEMBL408808,CHEMBL230,4.0,2008.0,4.0,Nc1ccc(NC(=O)c2ccccc2C(F)(F)F)cc1,val,5.2867836390051295
CHEMBL408865,CHEMBL230,5.71,2008.0,5.71,CN(C)c1ccc(/N=C/c2ccc(S(N)(=O)=O)cc2)cc1,val,6.087871793070837
CHEMBL408897,CHEMBL230,6.09,2008.0,6.09,NS(=O)(=O)c1ccc(-c2nc(NCC3CCCCC3)cc(C(F)(F)F)n2)cc1,test,6.2065939510793005
CHEMBL4092736,CHEMBL230,5.81,2017.0,5.81,Cc1c(-c2c(N=O)nc3ncccn23)cnn1-c1ccccc1,test,5.609629887223669
CHEMBL4092847,CHEMBL230,6.25,2017.0,6.25,N#Cc1c(N=Cc2cccs2)c(C(=O)Nc2ccccc2)n2c1CCC2,test,5.438574041521399
CHEMBL409627,CHEMBL230,5.54,2005.0,5.54,C=C1C(=O)O[C@@H]2[C@H]1[C@@H](OC(C)=O)C[C@H](C)[C@@H]1CCC(=O)[C@@]21C,val,5.438574041521399
CHEMBL4096849,CHEMBL230,5.79,2017.0,5.79,COc1cc(/C=C/C(=O)c2ccc(Nc3nc(N4CCCCC4)nc(N4CCCCC4)n3)cc2)cc(OC)c1OC,test,5.560606951981272
CHEMBL4096972,CHEMBL230,5.76,2017.0,5.76,Cc1c(C(=O)N(C)c2ccccc2)nc2ccc(Cl)cc2c1O,val,5.492254612819231
CHEMBL4097499,CHEMBL230,6.48,2017.0,6.48,O=C(Oc1ccccc1)c1c(-c2ccccc2)sc2c1CCCC2,val,5.438574041521399
CHEMBL4098600,CHEMBL230,6.51,2017.0,6.51,CC(=O)c1cccc(OC(=O)c2c(-c3ccccc3)sc3c2CCCC3)c1,val,5.438574041521399
CHEMBL4100461,CHEMBL230,5.91,2017.0,5.91,Cc1c(C2=C(N=O)Oc3cccnc3N2)cnn1-c1ccccc1,test,5.609629887223669
CHEMBL4101105,CHEMBL230,5.16,2017.0,5.16,Cc1c(-c2nnc(-c3cnn(-c4ccccc4)c3C)c3nocc23)cnn1-c1ccccc1,test,5.778935157460447
CHEMBL4104574,CHEMBL230,5.62,2017.0,5.62,CC(=O)c1ccc(Nc2nc(N3CCCCC3)nc(N3CCCCC3)n2)cc1,test,5.509362610159863
CHEMBL4126559,CHEMBL230,6.51,2018.0,6.51,CCN1C(C)=CC/C1=N/N=C(\C)c1cc2ccccc2oc1=O,val,5.492254612819231
CHEMBL4127948,CHEMBL230,6.51,2018.0,6.51,CC1=CC/C(=N/N=C(\C)c2cc3ccccc3oc2=O)N1C,val,5.492254612819231
CHEMBL4129984,CHEMBL230,6.51,2018.0,6.51,CCOC(=O)C1=C(C)N(CC)/C(=N\N=C(/C)c2cc3ccccc3oc2=O)C1,val,5.492254612819231
CHEMBL41405,CHEMBL230,6.68,1999.0,6.68,C=Cc1csc(Sc2cc3c(cc2NS(C)(=O)=O)COC3=O)n1,test,5.438574041521399
CHEMBL414437,CHEMBL230,6.62,2004.0,6.62,Cc1nn(-c2ccc(S(N)(=O)=O)cc2)c2c1c(O)nc1ccc([N+](=O)[O-])cc12,test,5.921462050024983
CHEMBL414824,CHEMBL2094253,6.375,1989.0,6.375,CC(C)(C)c1cc(/C=C/c2cccnc2)cc(C(C)(C)C)c1O,val,5.438574041521399
CHEMBL414883,CHEMBL230,7.57,2005.0,7.57,C[C@@H]1C[C@H]2O[C@@H]2/C=C\C=C\C(=O)Cc2c(Cl)c(O)cc(O)c2C(=O)O1,val,5.438574041521399
CHEMBL416126,CHEMBL230,7.92,1996.0,7.92,CS(=O)(=O)c1ccc(-c2cc(F)c(F)cc2-c2ccc3c(c2)OCO3)cc1,test,6.131434086821592
CHEMBL4161423,CHEMBL230,6.82,2018.0,6.82,CS(=O)(=O)c1ccc(-c2nc(SCCN(O)C(N)=O)nn2-c2ccc(Br)cc2)cc1,val,6.131434086821592
CHEMBL416146,CHEMBL230,6.25,1998.0,6.25,Cc1ccc(-c2ncc(Cl)cc2-c2ccc(S(C)(=O)=O)cc2)cn1,val,6.186761654393316
CHEMBL416165,CHEMBL230,4.698970004336019,1999.0,4.698970004336019,CC(C)(C)c1cc(-c2nnc(SCc3ccccc3)s2)cc(C(C)(C)C)c1O,test,5.438574041521399
CHEMBL4162045,CHEMBL230,6.0,2018.0,6.0,O=C1COCCN1c1ccc(Nc2nc(Cl)nc(OCCCl)n2)cc1,test,5.438574041521399
CHEMBL4164251,CHEMBL230,6.3,2018.0,6.3,Nc1nc(Cl)nc(Nc2ccc(N3CCOCC3=O)cc2)n1,test,5.438574041521399
CHEMBL416542,CHEMBL230,4.631029995663981,2004.0,4.631029995663981,CC(C(=O)O)c1ccc(CC2CCCC2O)cc1,test,5.438574041521399
CHEMBL4165528,CHEMBL230,4.84,2017.0,4.84,O=C(NCc1ccc(F)cc1)C(=O)Oc1sc2ccccc2c1Br,test,5.438574041521399
CHEMBL416589,CHEMBL230,6.03,2002.0,6.03,Cc1nc(C2CCCCC2)c(-c2ccc(S(N)(=O)=O)c(N)c2)o1,test,5.741537128553022
CHEMBL4167707,CHEMBL230,4.16,2018.0,4.16,O=C(NCCOc1nc(Cl)nc(Nc2ccc(N3CCOCC3=O)cc2)n1)c1ccccc1F,test,5.438574041521399
CHEMBL4169332,CHEMBL230,4.12,2018.0,4.12,[N-]=[N+]=NCCOc1nc(Cl)nc(Nc2ccc(N3CCOCC3=O)cc2)n1,test,5.438574041521399
CHEMBL4170508,CHEMBL230,7.05,2017.0,7.05,CS(=O)(=O)c1ccc(C2C(c3ccccc3)=NOC23COc2ccccc2C3=O)cc1,val,5.765101638453737
CHEMBL4171063,CHEMBL230,6.22,2018.0,6.22,O=C1COCCN1c1ccc(Nc2nc(Cl)nc(NC3CCCCC3)n2)cc1,val,5.438574041521399
CHEMBL4171075,CHEMBL230,6.22,2018.0,6.22,COC(=O)C(N)Cc1ccc(Oc2nc(Cl)nc(Nc3ccc(N4CCOCC4=O)cc3)n2)cc1,val,5.438574041521399
CHEMBL4171339,CHEMBL230,6.57,2017.0,6.57,COc1ccc(-c2noc(CC(=O)NCCCCCCCCCCC(=O)OC[C@H]3OC(O)[C@H](O)[C@@H](O)[C@H]3O)c2-c2ccc(OC)cc2)cc1,test,5.328792669397809
CHEMBL4172129,CHEMBL230,5.16,2018.0,5.16,O=C1COCCN1c1ccc(Nc2nc(Cl)nc(Cl)n2)cc1,test,5.438574041521399
CHEMBL4172740,CHEMBL2094253,7.47,2017.0,7.47,CS(=O)(=O)c1ccc2c(c1)c1c(n2S(=O)(=O)c2ccc(Cl)cc2)CCCC1=O,test,5.984589907063687
CHEMBL4172740,CHEMBL230,6.1,2017.0,6.1,CS(=O)(=O)c1ccc2c(c1)c1c(n2S(=O)(=O)c2ccc(Cl)cc2)CCCC1=O,test,5.984589907063687
CHEMBL4173449,CHEMBL230,4.75,2017.0,4.75,O=C(NCCc1ccccc1)c1sc2ccccc2c1Br,val,5.438574041521399
CHEMBL417452,CHEMBL230,4.0,2004.0,4.0,C[C@@H](C(=O)O)c1ccc(C[C@H]2CCC[C@@H]2O)cc1,test,5.438574041521399
CHEMBL4176892,CHEMBL2094253,7.39,2017.0,7.39,COc1ccc2c(c1)c1c(n2S(=O)(=O)c2ccc(Cl)cc2)CC(C)(C)CC1=O,test,5.777959588501585
CHEMBL4176892,CHEMBL230,6.06,2017.0,6.06,COc1ccc2c(c1)c1c(n2S(=O)(=O)c2ccc(Cl)cc2)CC(C)(C)CC1=O,test,5.777959588501585
CHEMBL4177170,CHEMBL230,4.05,2018.0,4.05,NCCOc1nc(Cl)nc(Nc2ccc(N3CCOCC3=O)cc2)n1,test,5.438574041521399
CHEMBL417748,CHEMBL230,7.89,1996.0,7.89,Cc1ccc(-c2cc(F)c(F)cc2-c2ccc(S(C)(=O)=O)cc2)cc1Cl,test,6.131434086821592
CHEMBL417968,CHEMBL2094253,4.0,1987.0,4.0,CCN(CC)C(=O)N(C)C[C@H](O)c1cccc(OCc2ccc3ccccc3n2)c1,test,5.5657831527733235
CHEMBL418448,CHEMBL230,7.89,1996.0,7.89,COc1ccc(-c2cc(F)c(F)cc2-c2ccc(S(C)(=O)=O)cc2)cc1C,test,6.131434086821592
CHEMBL418859,CHEMBL230,7.85,2003.0,7.85,CS(=O)(=O)c1ccc(-n2cnc(Cl)c2-c2ccc(F)cc2)cc1,val,6.131434086821592
CHEMBL419268,CHEMBL230,6.64,2000.0,6.64,Cc1oc(=O)n(-c2ccc(Cl)c(Cl)c2)c1-c1ccc(S(N)(=O)=O)cc1,test,6.2863510283148925
CHEMBL419407,CHEMBL230,8.7,2003.0,8.7,NS(=O)(=O)c1ccc(-n2cnc(Cl)c2-c2cc(Cl)cc(Cl)c2)cc1,val,5.9833879412832705
CHEMBL419777,CHEMBL230,4.19,1995.0,4.19,CS(=O)(=O)c1ccc(-c2[nH]c(C#N)cc2-c2ccc(F)cc2)cc1,test,6.131434086821592
CHEMBL420628,CHEMBL230,6.63,1998.0,6.63,Cc1ccc(-c2ncc(Cl)cc2-c2ccc(S(N)(=O)=O)cc2)cn1,val,6.341678595886616
CHEMBL420869,CHEMBL230,7.1,2003.0,7.1,CCN(CC)c1ccc(-c2c(Cl)ncn2-c2ccc(S(C)(=O)=O)cc2)cc1,val,6.131434086821592
CHEMBL421417,CHEMBL230,6.33,2000.0,6.33,CS(=O)(=O)c1ccc(-n2cc(C(F)(F)F)nc2-c2cccs2)cc1,test,5.942850465916862
CHEMBL421570,CHEMBL230,7.22,2000.0,7.22,COc1ccc2c(c1)c(CC(=O)Nc1ccc(F)cc1)c(C)n2C(=O)c1ccc(Cl)cc1,test,5.949594864525354
CHEMBL4217988,CHEMBL230,5.44,2017.0,5.44,N#Cc1cc(S(=O)(=O)Nc2ncns2)ccc1Oc1ccc(-c2cccc(C(F)(F)F)c2)cc1-c1ccnc(CNCCC2CCNCC2)c1,val,6.024241535682179
CHEMBL423004,CHEMBL230,4.0,1995.0,4.0,CS(=O)(=O)c1ccc(C2=C(c3ccc(F)c(C(F)(F)F)c3)CCC2)cc1,test,6.131434086821592
CHEMBL424063,CHEMBL230,8.7,1995.0,8.7,NS(=O)(=O)c1ccc(C2=C(c3ccc4c(c3)OCO4)CCC2)cc1,test,6.2863510283148925
CHEMBL426767,CHEMBL230,3.5228787452803374,1999.0,3.5228787452803374,CS(=O)(=O)c1ccc(-c2cc(C(=O)O)ccc2-c2ccccc2)cc1,test,5.908805076963849
CHEMBL4278258,CHEMBL230,5.02,2017.0,5.02,COc1cc([C@@H]2CC(=O)c3c(cc4c(c3O)C=CC(C)(CCC=C(C)C)O4)O2)ccc1O,test,5.438574041521399
CHEMBL427835,CHEMBL230,5.65,2008.0,5.65,NS(=O)(=O)c1ccc(/N=C/c2ccc(F)cc2)cc1,val,6.087871793070837
CHEMBL4279063,CHEMBL230,6.41,2018.0,6.41,C#CCSc1nc2ccccc2c(=O)n1-c1ccc(Cl)cc1,test,5.509362610159863
CHEMBL4282434,CHEMBL230,4.0,2018.0,4.0,CS(=O)(=O)c1ccc(-c2c(-c3ccc(F)cc3)noc2C(=O)c2ccccc2)cc1,test,5.914891554970631
CHEMBL4282681,CHEMBL230,4.74,2018.0,4.74,NS(=O)(=O)c1ccc(/N=c2\scc(-c3ccc(Cl)cc3Cl)n2-c2ccccc2)cc1,val,5.9833879412832705
CHEMBL4282685,CHEMBL230,4.66,2018.0,4.66,COc1ccc(-c2cs/c(=N\c3ccc(S(N)(=O)=O)cc3)n2-c2ccccc2)cc1,val,6.2863510283148925
CHEMBL4282782,CHEMBL230,5.99,2018.0,5.99,N#CCC(=O)N/N=C/c1c[nH]c2ccccc12,test,5.438574041521399
CHEMBL4289328,CHEMBL230,6.36,2018.0,6.36,C#CCSc1nc2ccccc2c(=O)n1-c1ccc(OC)cc1,test,5.438574041521399
CHEMBL4289748,CHEMBL230,6.75,2018.0,6.75,C#CCSc1nc2ccccc2c(=O)n1-c1ccc(Br)cc1,test,5.438574041521399
CHEMBL4289901,CHEMBL230,4.71,2018.0,4.71,NS(=O)(=O)c1ccc(/N=c2\scc(-c3ccc(Br)cc3)n2-c2ccccc2)cc1,val,6.2863510283148925
CHEMBL4290673,CHEMBL230,6.6,2018.0,6.6,N#CCC(=O)N/N=C/c1c[nH]c2ccc(Br)cc12,test,5.438574041521399
CHEMBL4293133,CHEMBL230,6.57,2018.0,6.57,C#CCSc1nc2ccccc2c(=O)n1-c1ccccc1,test,5.438574041521399
CHEMBL4293285,CHEMBL230,4.79,2018.0,4.79,NS(=O)(=O)c1ccc(/N=c2\scc(-c3ccc(Cl)cc3)n2-c2ccccc2)cc1,val,6.2863510283148925
CHEMBL429915,CHEMBL230,5.31,2008.0,5.31,Cc1ccc(/C=N/c2ccc(S(N)(=O)=O)cc2)cc1,val,6.141552364368669
CHEMBL430783,CHEMBL230,5.66,2000.0,5.66,NS(=O)(=O)c1ccc(-c2coc(=O)n2-c2ccccc2F)cc1,test,6.2863510283148925
CHEMBL432945,CHEMBL230,9.0,1996.0,9.0,COc1ccc(C2=C(c3ccc(S(N)(=O)=O)cc3)CC3(CC3)C2)cc1,test,6.2863510283148925
CHEMBL433756,CHEMBL230,6.25,2004.0,6.25,COc1ccc(Oc2c(C)[nH]c3cc(S(C)(=O)=O)ccc23)cc1,val,5.762834000433565
CHEMBL434014,CHEMBL230,5.75,1999.0,5.75,CSc1csc(Sc2cc3c(cc2NS(C)(=O)=O)COC3=O)n1,test,5.438574041521399
CHEMBL43461,CHEMBL230,6.945,1999.0,6.945,CCc1csc(Sc2cc3c(cc2NS(C)(=O)=O)COC3=O)n1,test,5.438574041521399
CHEMBL434673,CHEMBL230,6.734999999999999,2003.0,6.734999999999999,CC(C)Oc1c(-c2ccc(S(C)(=O)=O)cc2)cnn(Cc2ccccc2)c1=O,test,6.131434086821592
CHEMBL43520,CHEMBL230,6.265000000000001,1999.0,6.265000000000001,Cc1csc(Sc2cc3c(cc2NS(C)(=O)=O)COC3=O)n1,test,5.492254612819231
CHEMBL435381,CHEMBL230,7.74,2003.0,7.74,COc1ccc(-c2c(Cl)ncn2-c2ccc(S(N)(=O)=O)cc2)cc1F,val,6.2863510283148925
CHEMBL436494,CHEMBL230,6.05,2004.0,6.05,CCOc1cccc(OCc2cc(-c3ccccc3)n(-c3ccc(S(C)(=O)=O)cc3)n2)c1,test,5.842398360514989
CHEMBL437964,CHEMBL230,4.3979400086720375,2019.0,4.3979400086720375,C[C@H]1[C@H](C)CC[C@]2(C)CC[C@]3(C)C(=CC(=O)[C@@H]4[C@@]5(C)CC[C@@H](O)[C@](C)(C(=O)O)[C@@H]5CC[C@]43C)[C@H]12,val,5.438574041521399
CHEMBL441414,CHEMBL230,6.465,2004.0,6.465,C[C@H](C(=O)O)c1ccc(C[C@H]2CCC[C@@H]2O)cc1,test,5.438574041521399
CHEMBL442018,CHEMBL230,5.0,2003.0,5.0,CCCOc1ccc(-c2c(Cl)ncn2-c2ccc(S(C)(=O)=O)cc2)cc1,val,6.131434086821592
CHEMBL442036,CHEMBL230,5.93,2004.0,5.93,COc1ccc(Cc2c(C)[nH]c3cc(S(C)(=O)=O)ccc23)cc1,test,5.762834000433565
CHEMBL442164,CHEMBL230,7.85,1996.0,7.85,CS(=O)(=O)c1ccc(-c2cc(F)c(F)cc2-c2ccc(F)cc2)cc1,test,6.131434086821592
CHEMBL442166,CHEMBL230,7.48,1996.0,7.48,COc1ccc(-c2ccccc2-c2ccc(S(N)(=O)=O)cc2)cc1F,test,6.2863510283148925
CHEMBL442465,CHEMBL230,4.0,2008.0,4.0,Nc1cccc(C(=O)Nc2ccccc2C(F)(F)F)c1,val,5.2867836390051295
CHEMBL442760,CHEMBL230,4.0,2001.0,4.0,CN1CC(c2ccccc2)=C(c2ccc(S(C)(=O)=O)cc2)O1,test,6.131434086821592
CHEMBL44313,CHEMBL230,5.99,1997.0,5.99,Cc1c(C(=O)c2ccccc2)cc(-c2ccc(S(C)(=O)=O)cc2)n1-c1ccc(F)cc1,test,6.131434086821592
CHEMBL4434843,CHEMBL230,4.0,2019.0,4.0,COc1ccc2c(c1)c(Cc1nonc1O)c(C)n2C(=O)c1ccc(Cl)cc1,test,5.949594864525354
CHEMBL4435643,CHEMBL230,7.74,2019.0,7.74,Cc1cccc(/C=C/C2=NNC(=O)CC2)c1,test,5.492254612819231
CHEMBL4436095,CHEMBL230,6.82,2019.0,6.82,O=C1NC(=S)S/C1=C\c1ccc(OCc2cn(CC(=O)c3ccc(Cl)cc3)nn2)cc1,val,5.509362610159863
CHEMBL44376,CHEMBL2094253,4.54,1996.0,4.54,CC(=O)Oc1ccc(N2C(=O)C=CC2=O)cc1C(=O)O,val,5.438574041521399
CHEMBL443791,CHEMBL230,8.3,1996.0,8.3,Cc1cc(-c2cc(F)c(F)cc2-c2ccc(S(C)(=O)=O)cc2)ccc1F,test,6.131434086821592
CHEMBL443819,CHEMBL230,4.522878745280337,1996.0,4.522878745280337,CS(=O)(=O)c1ccc(-c2nnnn2-c2ccc(F)c(F)c2)cc1,val,6.131434086821592
CHEMBL4438502,CHEMBL230,6.96,2019.0,6.96,O=C1NC(=S)S/C1=C\c1ccc(OCc2cn(CC(=O)c3ccc(Br)cc3)nn2)cc1,val,5.438574041521399
CHEMBL4440435,CHEMBL230,6.01,2019.0,6.01,CCOc1ccc(-c2cc(C(=O)N3CCSCC3)nn2-c2ccc(S(N)(=O)=O)cc2)cc1,test,6.147128414995354
CHEMBL4440531,CHEMBL230,6.96,2019.0,6.96,CCO/C=N/c1nnc(-c2ccccc2)o1,test,5.438574041521399
CHEMBL4440931,CHEMBL230,5.9,2019.0,5.9,Clc1ccc(-c2cc(-c3cn(-c4ccccc4)nc3-c3ccc(OCc4ccccc4)cc3)on2)cc1,val,5.535672698286454
CHEMBL4440945,CHEMBL230,6.08,2019.0,6.08,O=C(/C=C/C1=Cc2ccccc2OC1)c1ccc(C(F)(F)F)cc1,test,5.540358099554011
CHEMBL4440974,CHEMBL230,6.68,2019.0,6.68,NS(=O)(=O)c1ccc(-n2nc(C(=O)N3CCSCC3)cc2-c2cccc(Cl)c2)cc1,test,5.921462050024983
CHEMBL4442101,CHEMBL230,7.81,2019.0,7.81,Cc1cccc(/C=C/c2ccc(=O)[nH]n2)c1,test,5.492254612819231
CHEMBL4443307,CHEMBL230,3.366531544420414,2019.0,3.366531544420414,COOC[C@@]1(C)CC[C@]2(C)CC[C@]3(C)[C@@H]4CCc5cc(O)c(O)cc5[C@]4(C)CC[C@@]3(C)C2C1,test,5.7377096516865596
CHEMBL4443996,CHEMBL230,6.68,2019.0,6.68,NS(=O)(=O)c1ccc(-n2nc(C(=O)N3CCSCC3)cc2-c2ccc(F)cc2)cc1,test,6.147128414995354
CHEMBL4444316,CHEMBL230,6.96,2019.0,6.96,Brc1ccc(/C=N/Nc2nnc(-c3ccncc3)o2)cc1,val,5.438574041521399
CHEMBL4444603,CHEMBL230,7.31,2019.0,7.31,COc1ccccc1/C=C/C1=NN(c2ccc(F)cc2)C(=O)CC1,test,5.438574041521399
CHEMBL4444717,CHEMBL230,7.66,2019.0,7.66,Cc1nc(C)c(CN2CCN(C(=O)c3cc4cc(Cl)ccc4n3Cc3ccc(Cl)cc3)CC2)nc1C,test,5.732348451694473
CHEMBL4447638,CHEMBL230,6.64,2019.0,6.64,NS(=O)(=O)c1ccc(-n2nc(C(=O)N3CCOCC3)cc2-c2ccc(F)cc2)cc1,val,6.147128414995354
CHEMBL444805,CHEMBL230,8.38,2001.0,8.38,CC1C(c2ccccc2)=C(c2ccc(S(C)(=O)=O)cc2)ON1C,test,6.131434086821592
CHEMBL4448997,CHEMBL230,6.38,2019.0,6.38,O=C(/C=C/C1=Cc2ccccc2OC1)c1ccc(Br)cc1,test,5.489818383342809
CHEMBL4449489,CHEMBL230,6.89,2019.0,6.89,O=[N+]([O-])c1ccc(/C=N/c2nnc(-c3ccc(Cl)cc3)o2)cc1,test,5.671451337458957
CHEMBL4450095,CHEMBL230,6.54,2019.0,6.54,Clc1ccc(/C=N/Nc2nnc(-c3ccncc3)o2)cc1,val,5.509362610159863
CHEMBL4450213,CHEMBL230,7.01,2019.0,7.01,COc1ccccc1/C=C/c1ccc(=O)[nH]n1,test,5.438574041521399
CHEMBL4450248,CHEMBL230,6.43,2019.0,6.43,O=C(/C=C/C1=Cc2ccccc2OC1)c1ccc(F)cc1,test,5.489818383342809
CHEMBL4451192,CHEMBL230,5.55,2019.0,5.55,Nc1nc(-c2ccccc2)cc(-c2cn(-c3ccccc3)nc2-c2ccc(OCc3ccccc3)cc2)n1,test,5.600662768820494
CHEMBL4451723,CHEMBL230,5.68,2019.0,5.68,c1ccc(COc2ccc(-c3nn(-c4ccccc4)cc3-c3cc(-c4ccccc4)no3)cc2)cc1,val,5.46488412964799
CHEMBL4456191,CHEMBL230,7.0,2019.0,7.0,CCO/C=N/c1nnc(-c2ccc(Cl)cc2)o1,test,5.671451337458957
CHEMBL4456822,CHEMBL230,7.63,2019.0,7.63,COc1ccc2[nH]cc(CCNC(=O)c3cc4cc(Cl)ccc4n3Cc3ccc(F)cc3)c2c1,val,5.438574041521399
CHEMBL4458211,CHEMBL230,6.16,2019.0,6.16,NS(=O)(=O)c1ccc(-n2nc(C(=O)N3CCOCC3)cc2-c2ccccc2)cc1,val,5.921462050024983
CHEMBL4458369,CHEMBL230,5.71,2019.0,5.71,COc1cccc(-c2cc(C(=O)N3CCSCC3)nn2-c2ccc(S(N)(=O)=O)cc2)c1,test,5.921462050024983
CHEMBL4458529,CHEMBL230,6.4,2019.0,6.4,COC(=O)CNC(=O)[C@H](C)NC(=O)[C@@H]1CCCN1C(=O)CNC(=O)[C@H](C)NC(=O)OCc1ccccc1,test,5.515870763582652
CHEMBL4460448,CHEMBL230,4.88,2020.0,4.88,CC/C=N/c1c(C#N)c2n(c1C(=O)Nc1ccc(Br)cc1)CCC2,test,5.438574041521399
CHEMBL4460882,CHEMBL230,4.37,2019.0,4.37,CCCCn1c(C)c2c(c1C)C(=O)N(CN1CCN(S(C)(=O)=O)CC1)C2=O,test,5.586013736460248
CHEMBL4461324,CHEMBL230,3.3010299956639813,2016.0,3.3010299956639813,CS(=O)(=O)c1ccc(-c2nnnn2-c2ccc(CO)cc2)cc1,val,6.131434086821592
CHEMBL446198,CHEMBL230,5.5,2008.0,5.5,COC(=O)c1cc(/N=C/c2ccc(S(N)(=O)=O)cc2)ccc1O,val,5.948649179751298
CHEMBL4462245,CHEMBL230,6.72,2019.0,6.72,NS(=O)(=O)c1ccc(-n2nc(C(=O)N3CCSCC3)cc2-c2ccc(C(F)(F)F)cc2)cc1,test,6.217615006824593
CHEMBL4462866,CHEMBL230,4.3979400086720375,2019.0,4.3979400086720375,CC1(C)CC[C@]2(C)CC[C@]3(C)C(=CC(=O)[C@@H]4[C@@]5(C)CC[C@H](O)C(C)(C)[C@@H]5CC[C@]43C)[C@@H]2C1,val,5.438574041521399
CHEMBL446323,CHEMBL230,5.72,2005.0,5.72,O=c1c2ccccc2oc2c(O)c(O)ccc12,test,5.438574041521399
CHEMBL4464158,CHEMBL230,6.6,2019.0,6.6,N#CCC(=O)Nc1nnc(-c2ccc(Cl)cc2)o1,test,5.8016429651318315
CHEMBL4465168,CHEMBL230,5.89,2019.0,5.89,NS(=O)(=O)c1ccc(-n2nc(C(=O)N3CCSCC3)cc2-c2ccc(Br)cc2)cc1,test,6.147128414995354
CHEMBL4465207,CHEMBL230,7.7,2019.0,7.7,COc1ccccc1/C=C/c1ccc(=O)n(-c2ccc(F)cc2)n1,test,5.515870763582652
CHEMBL4465261,CHEMBL230,5.52,2019.0,5.52,CCOc1ccc(-c2cc(C(=O)N3CCOCC3)nn2-c2ccc(S(N)(=O)=O)cc2)cc1,val,6.147128414995354
CHEMBL4465282,CHEMBL230,7.23,2019.0,7.23,Clc1ccc(/C=N/c2nnc(-c3ccc(Cl)cc3)o2)cc1,test,5.671451337458957
CHEMBL4466102,CHEMBL230,7.05,2019.0,7.05,COc1ccccc1/C=C/c1ccc(=O)n(-c2ccccc2)n1,test,5.515870763582652
CHEMBL4466390,CHEMBL230,6.04,2019.0,6.04,O=C(O)C[C@@H]1C(=O)O[C@H]2[C@@H]3OC(=O)c4cc(O)c(O)c(O)c4-c4ccccc4C(=O)OC[C@H]2O[C@@H](OC(=O)c2cc(O)c(O)c(O)c2)[C@@H]3OC(=O)c2cc(O)c(O)c3c2[C@H]1[C@H](O)C(=O)O3,val,5.438574041521399
CHEMBL4467569,CHEMBL230,6.51,2019.0,6.51,NS(=O)(=O)c1ccc(-n2nc(C(=O)N3CCOCC3)cc2-c2ccc(Br)cc2)cc1,val,6.147128414995354
CHEMBL4468689,CHEMBL230,3.5228787452803374,2016.0,3.5228787452803374,CS(=O)(=O)c1ccc(-c2nnnn2-c2ccc(O)cc2)cc1,val,5.961286445714158
CHEMBL446974,CHEMBL230,4.7,2011.0,4.7,COc1cc(O)c2c(=O)cc(C)oc2c1,test,5.492254612819231
CHEMBL4471015,CHEMBL230,5.0,2019.0,5.0,CS(=O)(=O)Nc1cc(Cc2ccc(Cl)cc2)c2ccccc2c1,test,5.509362610159863
CHEMBL4471314,CHEMBL230,5.37,2020.0,5.37,CC/C=N/c1c(C#N)c2n(c1C(=O)Nc1ccc(Cl)cc1)CCC2,test,5.509362610159863
CHEMBL447148,CHEMBL230,5.22,2009.0,5.22,NS(=O)(=O)c1ccc(C#Cc2ccc(=O)n(C(F)F)c2)cc1,val,5.9833879412832705
CHEMBL4471996,CHEMBL230,5.65,2019.0,5.65,COc1cccc(-c2cc(C(=O)N3CCOCC3)nn2-c2ccc(S(N)(=O)=O)cc2)c1,val,5.921462050024983
CHEMBL4475190,CHEMBL230,7.0,2019.0,7.0,O=C1NC(=O)/C(=C/c2ccc(OCc3cn(Cc4ccc(Br)cc4)nn3)cc2)S1,val,5.438574041521399
CHEMBL4475508,CHEMBL230,7.03,2019.0,7.03,O=[N+]([O-])c1ccc(/C=N/c2nnc(-c3ccccc3)o2)cc1,test,5.438574041521399
CHEMBL4515463,CHEMBL230,6.05,2019.0,6.05,Cc1ccc(-c2cc(C(=O)N3CCSCC3)nn2-c2ccc(S(N)(=O)=O)cc2)cc1,test,6.147128414995354
CHEMBL4516009,CHEMBL230,5.92,2019.0,5.92,COc1ccc(-c2cc(C(=O)N3CCSCC3)nn2-c2ccc(S(N)(=O)=O)cc2)cc1,test,6.147128414995354
CHEMBL4520818,CHEMBL230,6.07,2019.0,6.07,NS(=O)(=O)c1ccc(N2C(=O)/C(=C\c3ccccc3Cl)N=C2c2ccc(Cl)cc2)cc1,test,6.2863510283148925
CHEMBL4521668,CHEMBL230,6.66,2019.0,6.66,O=C1NC(=O)/C(=C/c2ccc(OCc3cn(CC(=O)c4ccc(Cl)cc4)nn3)cc2)S1,val,5.509362610159863
CHEMBL4521969,CHEMBL230,6.64,2019.0,6.64,NS(=O)(=O)c1ccc(-n2nc(C(=O)N3CCOCC3)cc2-c2cccc(F)c2)cc1,val,5.921462050024983
CHEMBL452744,CHEMBL230,6.22,2008.0,6.22,CS(=O)(=O)c1ccc(-c2[se]ncc2-c2ccc(F)cc2)cc1,test,6.131434086821592
CHEMBL4527978,CHEMBL230,4.28,2020.0,4.28,CC/C=N/c1c(C#N)c2n(c1C(=O)Nc1ccccc1)CCC2,test,5.438574041521399
CHEMBL4528204,CHEMBL230,3.3010299956639813,2016.0,3.3010299956639813,NS(=O)(=O)c1ccc(-c2nnnn2-c2ccc(O)cc2)cc1,val,5.976980773887921
CHEMBL4529375,CHEMBL230,6.72,2019.0,6.72,NS(=O)(=O)c1ccc(-n2nc(C(=O)N3CCSCC3)cc2-c2cccc(F)c2)cc1,test,5.921462050024983
CHEMBL4529760,CHEMBL230,6.99,2019.0,6.99,COc1ccccc1/C=C/C1=NNC(=O)CC1,test,5.438574041521399
CHEMBL4529874,CHEMBL230,6.52,2019.0,6.52,COC(=O)[C@@H]1CCCN1C(=O)CNC(=O)[C@H](C)NC(=O)OCc1ccccc1,test,5.515870763582652
CHEMBL4532080,CHEMBL230,6.62,2019.0,6.62,NS(=O)(=O)c1ccc(-n2nc(C(=O)N3CCOCC3)cc2-c2cccc(Cl)c2)cc1,val,5.921462050024983
CHEMBL4533060,CHEMBL230,6.34,2019.0,6.34,COc1ccc(C(=O)/C=C/C2=Cc3ccccc3OC2)cc1,test,5.489818383342809
CHEMBL4533116,CHEMBL230,5.3,2019.0,5.3,COC(=O)CNC(=O)[C@H](Cc1ccccc1)NC(=O)[C@@H]1CCCN1C(=O)[C@H](Cc1ccccc1)NC(=O)[C@H](C)NC(=O)OCc1ccccc1,test,5.515870763582652
CHEMBL4535676,CHEMBL230,7.7,2019.0,7.7,C[C@H](NC(=O)OCc1ccccc1)C(=O)NCC(=O)N1CCC[C@H]1C(=O)O,test,5.515870763582652
CHEMBL4538175,CHEMBL230,4.16,2016.0,4.16,CS(=O)(=O)c1ccc(-c2nnnn2-c2ccc(CCO)cc2)cc1,val,6.131434086821592
CHEMBL4539136,CHEMBL230,6.03,2019.0,6.03,Cc1ccc(-c2cc(C(=O)N3CCOCC3)nn2-c2ccc(S(N)(=O)=O)cc2)cc1,val,6.147128414995354
CHEMBL4540611,CHEMBL230,6.06,2019.0,6.06,COc1ccc(-c2nn(-c3ccc(S(C)(=O)=O)cc3)cc2/C=C2\SC(=O)NC2=O)cc1,test,6.265601584920751
CHEMBL4541315,CHEMBL230,7.09,2019.0,7.09,Clc1ccc(-c2nnc(/N=C/c3ccccc3)o2)cc1,test,5.671451337458957
CHEMBL4545038,CHEMBL230,5.4,2019.0,5.4,Nc1nc(-c2ccc(Cl)cc2)cc(-c2cn(-c3ccccc3)nc2-c2ccc(OCc3ccccc3)cc2)n1,test,5.671451337458957
CHEMBL4545249,CHEMBL230,5.7,2019.0,5.7,COc1ccc(-c2cc(C(=O)N3CCOCC3)nn2-c2ccc(S(N)(=O)=O)cc2)cc1,val,6.147128414995354
CHEMBL4545277,CHEMBL230,6.41,2019.0,6.41,NS(=O)(=O)c1ccc(-n2nc(C(=O)N3CCOCC3)cc2-c2ccc(C(F)(F)F)cc2)cc1,val,6.217615006824593
CHEMBL4547736,CHEMBL230,7.28,2019.0,7.28,Cc1cccc(/C=C/C2=NN(c3ccc(F)cc3)C(=O)CC2)c1,test,5.492254612819231
CHEMBL4552843,CHEMBL230,3.1804560644581312,2019.0,3.1804560644581312,COOC[C@@]1(C)CC[C@]2(C)CC[C@]3(C)[C@@H]4CC(=O)c5cc(OC)c(O)cc5[C@]4(C)CC[C@@]3(C)C2C1,test,5.7377096516865596
CHEMBL4553947,CHEMBL230,6.64,2019.0,6.64,NS(=O)(=O)c1ccc(-n2nc(C(=O)N3CCSCC3)cc2-c2ccc(Cl)cc2)cc1,test,6.147128414995354
CHEMBL4555803,CHEMBL230,5.21,2019.0,5.21,C#CCc1cn(C)c2c(O)cccc12,test,5.609629887223669
CHEMBL455827,CHEMBL230,3.221848749616356,2005.0,3.221848749616356,C[C@@H]1OC(O[C@@H]2[C@@H](O)[C@H](OCCc3ccc(O)c(O)c3)O[C@H](CO[C@@H]3OC[C@@H](O)[C@H](O)[C@H]3O)[C@H]2OC(=O)/C=C/c2ccc(O)c(O)c2)[C@H](O)[C@H](O)[C@H]1O,test,5.438574041521399
CHEMBL455837,CHEMBL230,7.4,2009.0,7.4,CS(=O)(=O)c1ccc(-n2nncc2-c2ccc(Cl)cc2)cc1,test,6.131434086821592
CHEMBL4559201,CHEMBL230,6.17,2019.0,6.17,NS(=O)(=O)c1ccc(-n2nc(C(=O)N3CCSCC3)cc2-c2ccccc2)cc1,test,5.921462050024983
CHEMBL4559331,CHEMBL230,4.0,2016.0,4.0,NS(=O)(=O)c1ccc(-c2nnnn2-c2ccc(CCO)cc2)cc1,val,6.147128414995354
CHEMBL4559652,CHEMBL230,7.0,2019.0,7.0,COC(=O)[C@H](Cc1ccccc1)NC(=O)[C@@H]1CCCN1C(=O)CNC(=O)[C@H](CCSC)NC(=O)OCc1ccccc1,test,5.515870763582652
CHEMBL4560186,CHEMBL230,5.03,2020.0,5.03,N#Cc1c(/N=C/c2cccs2)c(C(=O)Nc2ccc(Br)cc2)n2c1CCC2,test,5.438574041521399
CHEMBL4561483,CHEMBL230,4.3979400086720375,2019.0,4.3979400086720375,CC1(C)[C@@H](O)CC[C@]2(C)[C@H]3C(=O)C=C4[C@@H]5C[C@@](C)(CO)CC[C@]5(C)CC[C@@]4(C)[C@]3(C)CC[C@@H]12,val,5.438574041521399
CHEMBL4561572,CHEMBL230,7.39,2019.0,7.39,O=[N+]([O-])c1ccc(/C=N/Nc2nnc(-c3ccncc3)o2)cc1,val,5.438574041521399
CHEMBL4562121,CHEMBL230,6.34,2019.0,6.34,COc1ccc(C(=O)/C=C/C2=Cc3ccccc3OC2)cc1OC,test,5.489818383342809
CHEMBL4564780,CHEMBL230,6.87,2019.0,6.87,COc1ccccc1/C=C/C1=NN(c2ccccc2)C(=O)CC1,test,5.438574041521399
CHEMBL456619,CHEMBL230,6.16,2009.0,6.16,COc1ccc(O)c(O)c1/C=C1\[C@@H](C)CC[C@H]2C(C)(C)CCC[C@]12C,test,5.438574041521399
CHEMBL4566953,CHEMBL230,4.3979400086720375,2019.0,4.3979400086720375,CC1(C)[C@@H](O)CC[C@]2(C)[C@H]3CC=C4[C@@H]5C[C@@](C)(CO)CC[C@]5(C)CC[C@@]4(C)[C@]3(C)CC[C@@H]12,val,5.438574041521399
CHEMBL456792,CHEMBL230,8.0,2008.0,8.0,CCCCCCC(Sc1nc(Cl)cc(Nc2ccc(-c3ccc(C#N)cc3)cc2)n1)C(=O)O,test,5.600662768820494
CHEMBL456800,CHEMBL230,8.0,2008.0,8.0,CCCCCC[C@H](Sc1nc(Cl)cc(Nc2ccc(-c3ccc(C#N)cc3)cc2)n1)C(=O)O,test,5.600662768820494
CHEMBL4569221,CHEMBL230,6.46,2019.0,6.46,NS(=O)(=O)c1ccc(-n2nc(C(=O)N3CCOCC3)cc2-c2ccc(Cl)cc2)cc1,val,6.147128414995354
CHEMBL4569755,CHEMBL230,6.89,2019.0,6.89,Clc1ccc(/C=N/c2nnc(-c3cccnc3)o2)cc1,test,5.509362610159863
CHEMBL4570970,CHEMBL230,6.57,2019.0,6.57,O=C1NC(=O)/C(=C/c2ccc(OCc3cn(Cc4ccccc4)nn3)cc2)S1,val,5.438574041521399
CHEMBL4571604,CHEMBL230,6.37,2019.0,6.37,C(=N/Nc1nnc(-c2ccncc2)o1)\c1ccccc1,val,5.438574041521399
CHEMBL4571917,CHEMBL230,6.52,2019.0,6.52,Clc1ccc(/C=N/c2nnc(-c3ccccc3)o2)cc1,test,5.509362610159863
CHEMBL457204,CHEMBL230,8.0,2008.0,8.0,CCCCCC[C@@H](Sc1nc(Cl)cc(Nc2ccc(-c3ccc(C#N)cc3)cc2)n1)C(=O)O,test,5.600662768820494
CHEMBL457331,CHEMBL230,6.44,2009.0,6.44,CN(C)c1ccc(-c2cnnn2-c2ccc(S(C)(=O)=O)cc2)cc1,test,6.131434086821592
CHEMBL457332,CHEMBL230,7.52,2009.0,7.52,CS(=O)(=O)c1ccc(-n2nncc2-c2ccc(F)cc2)cc1,test,6.131434086821592
CHEMBL4573875,CHEMBL230,6.68,2019.0,6.68,O=[N+]([O-])c1ccc(/C=N/c2nnc(-c3cccnc3)o2)cc1,test,5.438574041521399
CHEMBL4574444,CHEMBL230,4.99,2020.0,4.99,CC/C=N/c1c(C#N)c2n(c1C(=O)Nc1ccc(C)cc1)CCC2,test,5.492254612819231
CHEMBL4574755,CHEMBL230,7.44,2019.0,7.44,Cc1cccc(/C=C/c2ccc(=O)n(-c3ccc(F)cc3)n2)c1,test,5.515870763582652
CHEMBL4584799,CHEMBL230,6.41,2019.0,6.41,CCc1ccc(C(=O)/C=C/C2=Cc3ccccc3OC2)cc1,test,5.489818383342809
CHEMBL458647,CHEMBL230,6.96,2009.0,6.96,CS(=O)(=O)c1ccc(-n2nncc2-c2ccccc2)cc1,test,5.842398360514989
CHEMBL4588254,CHEMBL230,4.62,2016.0,4.62,NS(=O)(=O)c1ccc(-c2nnnn2-c2ccc(CO)cc2)cc1,val,6.147128414995354
CHEMBL4588699,CHEMBL230,5.35,2019.0,5.35,O=C(O[C@@H]1[C@@H](c2c(O)cc(O)c3c2O[C@H](c2cc(O)c(O)c(O)c2)[C@H](OC(=O)c2cc(O)c(O)c(O)c2)C3)c2c(O)cc(O)c([C@H]3c4c(O)cc(O)cc4O[C@H](c4cc(O)c(O)c(O)c4)[C@@H]3OC(=O)c3cc(O)c(O)c(O)c3)c2O[C@@H]1c1cc(O)c(O)c(O)c1)c1cc(O)c(O)c(O)c1,test,5.565673737139683
CHEMBL4589007,CHEMBL230,7.0,2019.0,7.0,O=C1NC(=O)/C(=C/c2ccc(OCc3cn(CC(=O)c4ccc(Br)cc4)nn3)cc2)S1,val,5.438574041521399
CHEMBL4592358,CHEMBL230,4.87,2020.0,4.87,CC(C)C/C=N/c1c(C#N)c2n(c1C(=O)Nc1ccc(Br)cc1)CCC2,test,5.438574041521399
CHEMBL459932,CHEMBL230,8.0,2008.0,8.0,CCCCCCC(Sc1nc(Cl)cc(Oc2ccc3ncccc3c2)n1)C(=O)O,test,5.629759007999924
CHEMBL460015,CHEMBL230,5.47,2009.0,5.47,CS(=O)(=O)Nn1c(Sc2cc([N+](=O)[O-])cc([N+](=O)[O-])c2)nc2sc(-c3ccccc3)cc2c1=O,test,5.438574041521399
CHEMBL460185,CHEMBL230,8.0,2008.0,8.0,CCCCCCC(Sc1nc(Cl)cc(NCCc2ccccc2)n1)C(=O)O,val,5.880003634355878
CHEMBL460216,CHEMBL230,5.24,2009.0,5.24,CC(Sc1nc2ccccc2c(=O)n1N)C(=O)O,test,5.438574041521399
CHEMBL460616,CHEMBL230,8.0,2008.0,8.0,CCCCCCC(Sc1nc(Cl)cc(Nc2ccc(-c3ccccc3)cc2)n1)C(=O)O,test,5.600662768820494
CHEMBL463232,CHEMBL230,6.72,2009.0,6.72,CS(=O)(=O)c1ccc(-n2nc(C(F)(F)F)cc2-c2ccnc(Cl)c2)cc1,val,5.6632848356667935
CHEMBL4633586,CHEMBL230,6.72,2020.0,6.72,CSc1nc2ccccc2n1-c1csc(NC(=O)c2ccccc2)n1,val,5.438574041521399
CHEMBL4633930,CHEMBL230,6.64,2020.0,6.64,CSc1nc2ccccc2n1-c1csc(N)n1,val,5.438574041521399
CHEMBL463453,CHEMBL230,4.0,2002.0,4.0,O=C1c2c(O)cc(O)cc2O[C@H](c2ccc(O)cc2O)[C@H]1O,val,5.438574041521399
CHEMBL463675,CHEMBL230,4.97,2017.0,4.97,COc1cc([C@@H]2CC(=O)c3c(cc(O)c(C/C=C(\C)CCC=C(C)C)c3O)O2)cc(O)c1O,val,5.438574041521399
CHEMBL4636881,CHEMBL230,4.0,2021.0,4.0,CC(=O)Nc1c(F)cc(C(=O)N[C@H]2CC[C@H](O)CC2)cc1O[C@@H](C)c1ccccc1,test,5.438574041521399
CHEMBL463769,CHEMBL230,5.52,2005.0,5.52,COc1cc2c(=O)c3c(OC)c(O)ccc3oc2cc1O,test,5.438574041521399
CHEMBL463776,CHEMBL230,8.0,2008.0,8.0,CCCCCCC(Sc1nc(Cl)cc(Nc2cc(C)c(-c3ccccc3)cc2OC)n1)C(=O)O,test,5.9336842056537105
CHEMBL4637840,CHEMBL230,6.58,2020.0,6.58,CSc1nc2ccccc2n1-c1csc(NC(=O)c2ccc(C)cc2)n1,val,5.492254612819231
CHEMBL4639368,CHEMBL230,7.16,2020.0,7.16,O=C1N/C(=N\c2nnc(-c3ccc(O)cc3)s2)S/C1=C\c1ccc(Cl)c(Cl)c1,test,5.43051512771306
CHEMBL4640385,CHEMBL230,6.85,2020.0,6.85,CSc1nc2ccccc2n1-c1csc(NCC(=O)c2ccc(Cl)cc2)n1,test,5.586659332221115
CHEMBL4641800,CHEMBL230,6.6,2020.0,6.6,CSc1nc2ccccc2n1Cc1nnc2n1N=C(c1ccc(C)cc1)CS2,test,5.600662768820494
CHEMBL4643198,CHEMBL230,5.22,2020.0,5.22,CC[C@H](C)[C@H](Nc1nc(Cl)nc(Nc2ccc(N3CCOCC3=O)cc2)n1)C(=O)OC,test,5.438574041521399
CHEMBL4643613,CHEMBL230,5.0,2020.0,5.0,COC(=O)[C@H](Cc1c[nH]c2ccccc12)n1cc(COc2nc(Cl)nc(N3CCCCC3)n2)nn1,test,5.438574041521399
CHEMBL4644150,CHEMBL230,7.16,2020.0,7.16,CSc1nc2ccccc2n1-c1csc(NCC(C)=O)n1,val,5.515870763582652
CHEMBL464466,CHEMBL230,4.3979400086720375,2019.0,4.3979400086720375,CC1(C)CC[C@]2(C(=O)O)CC[C@]3(C)C(=CC[C@@H]4[C@@]5(C)C[C@@H](O)[C@H](O)[C@@](C)(CO)[C@@H]5CC[C@]43C)[C@@H]2C1,val,5.438574041521399
CHEMBL4645275,CHEMBL230,5.3,2020.0,5.3,Clc1nc(OCc2cn(Cc3ccccc3)nn2)nc(N2CCCC2)n1,val,5.438574041521399
CHEMBL4645665,CHEMBL2094253,4.4,2020.0,4.4,C[C@]12COc3cc(CCc4ccccc4)c(C(=O)O)c(O)c3[C@H]1C2,test,5.438574041521399
CHEMBL464610,CHEMBL230,4.14,2005.0,4.14,CC(C)=CCC12Oc3cc(O)ccc3C1(O)Oc1cc(O)c([C@H]3C=C(C)C[C@@H](c4ccc(O)cc4O)[C@@H]3C(=O)c3ccc(O)cc3O)c(O)c1C2=O,test,5.492254612819231
CHEMBL4646570,CHEMBL230,5.0,2020.0,5.0,COC(=O)[C@H](Cc1c[nH]c2ccccc12)n1cc(COc2nc(Cl)nc(N3CCOCC3)n2)nn1,val,5.438574041521399
CHEMBL4648690,CHEMBL230,5.16,2020.0,5.16,Clc1ccc(Nc2nc(Cl)nc(OCc3cn(Cc4ccccc4)nn3)n2)cc1,val,5.509362610159863
CHEMBL4649027,CHEMBL230,5.1,2020.0,5.1,COC(=O)[C@H](Cc1ccccc1)Nc1nc(Cl)nc(Nc2ccc(N3CCOCC3=O)cc2)n1,val,5.438574041521399
CHEMBL4649049,CHEMBL230,6.68,2020.0,6.68,CSc1nc2ccccc2n1-c1csc(NC(=O)c2ccc(Cl)cc2)n1,val,5.509362610159863
CHEMBL4649179,CHEMBL230,5.1,2020.0,5.1,COC(=O)[C@H](Cc1ccccc1)n1cc(COc2nc(Cl)nc(Nc3ccc(Cl)cc3)n2)nn1,test,5.509362610159863
CHEMBL465194,CHEMBL230,4.33,2002.0,4.33,O=C1CC(c2ccc(O)cc2O)Oc2cc(O)cc(O)c21,val,5.438574041521399
CHEMBL465371,CHEMBL230,4.0,2005.0,4.0,CC(C)=CCc1c([C@@H]2CCc3ccc(O)cc3O2)cc2c(c1O)OC(C)(C)C=C2,test,5.438574041521399
CHEMBL466815,CHEMBL230,5.55,2009.0,5.55,COc1ccc(Nc2c(-c3ccc(S(C)(=O)=O)cc3)nc3ccccn23)cc1,test,6.186761654393316
CHEMBL469,CHEMBL230,6.37,2016.0,6.37,O=C(c1ccccc1)c1ccc2n1CCC2C(=O)O,test,5.438574041521399
CHEMBL470304,CHEMBL230,5.1,2008.0,5.1,COc1ccc(-c2cn[se]c2-c2ccc(OC)cc2)cc1,test,5.600662768820494
CHEMBL473946,CHEMBL230,6.1,2009.0,6.1,COc1ccc(-c2cnsc2-c2ccc(OC)cc2)cc1,test,5.600662768820494
CHEMBL4740522,CHEMBL230,4.41,2020.0,4.41,COc1ccc2[nH]cc(CCNC(=O)c3ccccc3Nc3ccccc3)c2c1,test,5.438574041521399
CHEMBL4740788,CHEMBL230,6.92,2021.0,6.92,COc1ccc(-c2noc(CC(=O)NCCNC(=O)Cc3onc(-c4ccc(OC)cc4)c3-c3ccc(OC)cc3)c2-c2ccc(OC)cc2)cc1,val,5.328792669397809
CHEMBL4744314,CHEMBL230,6.43,2020.0,6.43,Fc1ccc(COc2nc3ccccc3s2)cc1,val,5.438574041521399
CHEMBL4745938,CHEMBL230,4.0,2021.0,4.0,Nc1cc(-c2ccco2)nn1-c1ccc(F)cc1,test,5.515870763582652
CHEMBL4746714,CHEMBL230,4.301029995663981,2021.0,4.301029995663981,CCCCC/C=C\C/C=C\C/C=C\C/C=C\CCCC(=O)Nc1ccc(NC(=O)Cc2onc(-c3ccc(OC)cc3)c2-c2ccc(OC)cc2)cc1,test,5.328792669397809
CHEMBL4749298,CHEMBL230,6.16,2020.0,6.16,Cn1nc(C(F)(F)F)cc1-c1ccn(C(F)F)c(=O)c1,test,5.835657914777449
CHEMBL4749908,CHEMBL230,4.57,2020.0,4.57,Cc1ccc2[nH]cc(CCNC(=O)c3ccccc3Nc3ccccc3)c2c1,test,5.492254612819231
CHEMBL4750050,CHEMBL230,6.55,2020.0,6.55,Fc1cccc(COc2nc3ccccc3s2)c1,val,5.438574041521399
CHEMBL475347,CHEMBL230,5.96,2009.0,5.96,CS(=O)(=O)c1ccc(-c2ssc(=O)c2-c2ccccc2)cc1,test,6.131434086821592
CHEMBL47540,CHEMBL230,6.274485002168009,1999.0,6.274485002168009,C[C@]1(O)CCC[C@H]1Oc1ncc(C(F)(F)F)cc1-c1ccc(S(C)(=O)=O)cc1,test,6.131434086821592
CHEMBL475545,CHEMBL230,4.301029995663981,2009.0,4.301029995663981,Cc1ccc(-c2c(-c3ccc(Cl)cc3)ssc2=O)cc1,test,5.671451337458957
CHEMBL4755592,CHEMBL230,4.51,2021.0,4.51,COc1ccc(-n2nc(-c3ccco3)cc2N)cc1,test,5.515870763582652
CHEMBL47576,CHEMBL2094253,3.5228787452803374,1996.0,3.5228787452803374,CC(=O)Oc1cc(N2C(=O)C=CC2=O)ccc1C(=O)O,val,4.78321667128687
CHEMBL4757602,CHEMBL230,4.0,2021.0,4.0,Nc1cc(-c2ccco2)nn1-c1ccccc1,test,5.515870763582652
CHEMBL4757667,CHEMBL230,6.33,2020.0,6.33,O=C(NCCc1c[nH]c2ccccc12)c1ccccc1Nc1ccccc1,test,5.438574041521399
CHEMBL4758065,CHEMBL230,6.11,2020.0,6.11,Clc1ccc(COc2nc3ccccc3s2)cc1,val,5.509362610159863
CHEMBL4758829,CHEMBL230,4.0,2021.0,4.0,O=C(O)c1ccc(-n2nc(-c3ccco3)cc2-n2cc(CNc3ccc([N+](=O)[O-])c4nonc34)nn2)cc1,test,5.895723851729036
CHEMBL4758894,CHEMBL230,6.3,2021.0,6.3,COc1ccc(-c2noc(CC(=O)Nc3ccc(N)cc3)c2-c2ccc(OC)cc2)cc1,test,5.328792669397809
CHEMBL4760140,CHEMBL230,4.301029995663981,2021.0,4.301029995663981,COc1ccc(-c2noc(CC(=O)Nc3ccc(-c4ccc(NC(=O)Cc5onc(-c6ccc(OC)cc6)c5-c5ccc(OC)cc5)cc4)cc3)c2-c2ccc(OC)cc2)cc1,test,5.328792669397809
CHEMBL4761676,CHEMBL230,5.87,2020.0,5.87,O=C(NCCc1c[nH]c2ccc(Cl)cc12)c1ccccc1Nc1ccccc1,test,5.438574041521399
CHEMBL4761793,CHEMBL230,4.0,2021.0,4.0,Nc1cc(-c2ccco2)nn1-c1ccc(Cl)cc1,test,5.586659332221115
CHEMBL4764453,CHEMBL230,5.24,2020.0,5.24,CCCCCC1=CC(=O)C=C(OC)C1=N,test,5.438574041521399
CHEMBL4777518,CHEMBL230,5.61,2020.0,5.61,NS(=O)(=O)c1ccc(-n2nc(C(=O)NC3CCCCC3)cc2-c2ccccc2)cc1,test,5.846751595607325
CHEMBL4779437,CHEMBL230,7.3,2020.0,7.3,C/C(=N\NC(N)=S)c1nnn(-c2ccc(S(=O)(=O)Nc3nccs3)cc2)c1C,test,5.735205809375575
CHEMBL4781301,CHEMBL230,7.4,2020.0,7.4,Cc1c(-c2nn(-c3ccccc3)cc2/C=N/O)nnn1-c1ccc(C(=O)O)cc1,val,5.609629887223669
CHEMBL4784073,CHEMBL230,4.0,2021.0,4.0,COC(=O)c1ccc(-n2nc(-c3ccco3)cc2N)cc1,test,5.515870763582652
CHEMBL4785934,CHEMBL230,8.0,2020.0,8.0,NS(=O)(=O)c1ccc(-n2nc(C(=O)O)cc2-c2cc3ccccc3s2)cc1,val,5.921462050024983
CHEMBL4786489,CHEMBL230,7.3,2020.0,7.3,Cc1c(-c2nn(-c3ccccc3)cc2/C=N/O)nnn1-c1ccc(Cl)cc1,val,5.680418455862132
CHEMBL4786875,CHEMBL230,6.54,2020.0,6.54,CC(=O)c1nnn(-c2ccc(S(=O)(=O)Nc3nccs3)cc2)c1C,test,5.735205809375575
CHEMBL4787114,CHEMBL230,4.301029995663981,2021.0,4.301029995663981,Nc1ccc(Oc2nc(/C=C/c3ccccc3)nc3ccccc23)cc1,val,5.438574041521399
CHEMBL4788232,CHEMBL230,4.0,2021.0,4.0,CC(C)c1ccc(-n2nc(-c3ccco3)cc2N)cc1,test,5.515870763582652
CHEMBL4788569,CHEMBL230,4.301029995663981,2021.0,4.301029995663981,COc1ccc(-c2noc(CC(=O)NCCCCCCNC(=O)Cc3onc(-c4ccc(OC)cc4)c3-c3ccc(OC)cc3)c2-c2ccc(OC)cc2)cc1,test,5.328792669397809
CHEMBL4788670,CHEMBL230,5.73,2020.0,5.73,NS(=O)(=O)c1ccc(-n2nc(NC(=O)NC34CC5CC(CC(C5)C3)C4)cc2-c2ccccc2)cc1,test,5.846751595607325
CHEMBL4788698,CHEMBL230,7.4,2020.0,7.4,Cc1c(-c2nn(-c3ccccc3)cc2/C=N/O)nnn1-c1ccc(S(N)(=O)=O)cc1,val,5.976789617596707
CHEMBL4789910,CHEMBL230,6.42,2020.0,6.42,O=C(NCCc1c[nH]c2ccc(O)cc12)c1ccccc1Nc1ccccc1,test,5.438574041521399
CHEMBL4792442,CHEMBL230,6.47,2020.0,6.47,C/C(=N\NC(N)=O)c1nnn(-c2ccc(S(=O)(=O)Nc3nccs3)cc2)c1C,test,5.7905333769473
CHEMBL4792565,CHEMBL230,3.7765040590376056,2020.0,3.7765040590376056,COC(=O)CC1N(C(=O)Nc2nc3ccccc3s2)C(=O)c2ccccc2S1(=O)=O,val,5.438574041521399
CHEMBL4797035,CHEMBL230,4.0,2021.0,4.0,[N-]=[N+]=Nc1cc(-c2ccco2)nn1-c1ccc(C(=O)O)cc1,test,5.515870763582652
CHEMBL4798519,CHEMBL230,7.3,2020.0,7.3,Cc1c(-c2nn(-c3ccccc3)cc2/C=N/O)nnn1-c1ccc(F)cc1,val,5.609629887223669
CHEMBL4799379,CHEMBL230,5.69,2020.0,5.69,NS(=O)(=O)c1ccc(-n2nc(C(=O)Nc3ccc(C(F)(F)F)cc3)cc2-c2ccccc2)cc1,test,5.840158239337952
CHEMBL4800072,CHEMBL230,4.0,2021.0,4.0,Nc1cc(-c2ccco2)nn1-c1ccc(C(=O)O)cc1,test,5.515870763582652
CHEMBL480462,CHEMBL230,4.1,2001.0,4.1,Oc1ccc([C@@H]2c3c(O)cc(O)cc3[C@H]3[C@H](c4ccc(O)cc4)c4c(O)cc(O)cc4[C@@H]23)cc1,test,5.565673737139683
CHEMBL481613,CHEMBL230,5.29,2009.0,5.29,CS(=O)(=O)c1ccc(C#Cc2ccc(=O)n(C(F)F)c2)cc1,val,5.765101638453737
CHEMBL482199,CHEMBL230,4.99,2009.0,4.99,CS(=O)(=O)Nc1cc2c(cc1C(=O)N/N=C/c1ccccc1)OCO2,val,5.438574041521399
CHEMBL482206,CHEMBL230,5.43,2009.0,5.43,CS(=O)(=O)c1cccc(C#Cc2ccc(=O)n(C(F)F)c2)c1,val,5.709153429135733
CHEMBL4845806,CHEMBL230,4.3979400086720375,2021.0,4.3979400086720375,O=C(NCCc1c[nH]c2ccccc12)c1ccccc1Nc1ccccc1I,test,5.438574041521399
CHEMBL4847404,CHEMBL230,7.27,2021.0,7.27,O=c1c(Cc2ccccc2)n[nH]c(=S)n1/N=C/c1cc2ccccc2nc1O,test,5.438574041521399
CHEMBL4848416,CHEMBL230,5.21,2021.0,5.21,COc1ccc(Nc2ccccc2C(=O)NCCc2c[nH]c3ccccc23)cc1,test,5.438574041521399
CHEMBL4849659,CHEMBL230,8.15,2021.0,8.15,COc1ccc(N2CCN(CCc3c(C)nc4oc(-c5ccccc5)nn4c3=O)CC2)cc1,val,5.492254612819231
CHEMBL4852008,CHEMBL230,6.92,2021.0,6.92,COc1cc(Cc2n[nH]c(=S)n(/N=C/c3cc4ccc(OCc5ccccc5)cc4nc3Cl)c2=O)cc(OC)c1OC,val,5.438574041521399
CHEMBL4853361,CHEMBL230,7.14,2021.0,7.14,COc1ccc2cc(/C=N/n3c(=S)[nH]nc(Cc4ccccc4)c3=O)c(O)nc2c1,test,5.438574041521399
CHEMBL4856646,CHEMBL230,7.22,2021.0,7.22,COc1ccc2nc(O)c(/C=N/n3c(=S)[nH]nc(Cc4cc(OC)c(OC)c(OC)c4)c3=O)cc2c1,test,5.438574041521399
CHEMBL4856711,CHEMBL230,5.22,2021.0,5.22,Cc1ccc(Nc2ccccc2C(=O)NCCc2c[nH]c3ccccc23)cc1,test,5.492254612819231
CHEMBL4856727,CHEMBL230,7.115,2021.0,7.115,O=C1N/C(=N\c2nnc(-c3ccc(O)cc3)s2)S/C1=C\c1ccccc1,test,5.43051512771306
CHEMBL48568,CHEMBL230,4.47,1999.0,4.47,CC(C)(C)c1cc(/C=C2\OC(=O)NC2=O)cc(C(C)(C)C)c1O,val,5.438574041521399
CHEMBL4857474,CHEMBL230,6.494999999999999,2021.0,6.494999999999999,CCCCOc1nc(OCC(C)(C)O)c(-c2ccc(S(N)(=O)=O)cn2)cc1CO,test,5.7881007149871975
CHEMBL4857659,CHEMBL230,5.84,2021.0,5.84,CN(C)c1ccc(Nc2ccccc2C(=O)NCCc2c[nH]c3ccccc23)cc1,test,5.438574041521399
CHEMBL4857790,CHEMBL230,6.55,2021.0,6.55,Cc1ccc2nc(O)c(/C=N/n3c(=S)[nH]nc(Cc4ccccc4)c3=O)cc2c1,test,5.515870763582652
CHEMBL4858751,CHEMBL230,8.24,2021.0,8.24,Cc1cc(-c2ccccn2)nn1S(=O)(=O)Oc1ccc(Cl)cc1,test,5.5630431814576955
CHEMBL4858939,CHEMBL230,5.4,2021.0,5.4,O=C(NCCc1c[nH]c2ccccc12)c1ccccc1Nc1ccc(Cl)cc1,test,5.509362610159863
CHEMBL4859331,CHEMBL230,4.3979400086720375,2021.0,4.3979400086720375,O=C(NCCc1c[nH]c2ccccc12)c1ccccc1Nc1cccc(Br)c1,test,5.438574041521399
CHEMBL4861158,CHEMBL230,5.08,2021.0,5.08,COc1cc(Nc2ccccc2C(=O)NCCc2c[nH]c3ccccc23)cc(OC)c1OC,test,5.438574041521399
CHEMBL4861765,CHEMBL230,7.17,2021.0,7.17,COc1ccc2nc(O)c(/C=N/n3c(=S)[nH]nc(Cc4ccccc4)c3=O)cc2c1,test,5.438574041521399
CHEMBL4862415,CHEMBL230,6.5,2021.0,6.5,CC(C)Oc1ccc2nc(O)c(/C=N/n3c(=S)[nH]nc(Cc4ccccc4)c3=O)cc2c1,test,5.438574041521399
CHEMBL4863487,CHEMBL230,4.3979400086720375,2021.0,4.3979400086720375,Cc1ccccc1Nc1ccccc1C(=O)NCCc1c[nH]c2ccccc12,test,5.492254612819231
CHEMBL4864146,CHEMBL230,5.61,2021.0,5.61,O=C(NCCc1c[nH]c2ccccc12)c1ccccc1Nc1ccc(F)cc1,test,5.438574041521399
CHEMBL4868061,CHEMBL230,4.51,2021.0,4.51,Cc1cccc(Nc2ccccc2C(=O)NCCc2c[nH]c3ccccc23)c1,test,5.492254612819231
CHEMBL4868926,CHEMBL230,4.3979400086720375,2021.0,4.3979400086720375,O=C(NCCc1c[nH]c2ccccc12)c1ccccc1Nc1ccccc1Br,test,5.438574041521399
CHEMBL4869763,CHEMBL230,7.01,2021.0,7.01,COc1ccc2cc(/C=N/n3c(=S)[nH]nc(Cc4cc(OC)c(OC)c(OC)c4)c3=O)c(O)nc2c1,test,5.438574041521399
CHEMBL4869963,CHEMBL230,4.3979400086720375,2021.0,4.3979400086720375,CCCCc1ccc(Nc2ccccc2C(=O)NCCc2c[nH]c3ccccc23)cc1,test,5.438574041521399
CHEMBL4872034,CHEMBL230,4.3979400086720375,2021.0,4.3979400086720375,O=C(NCCc1c[nH]c2ccccc12)c1ccccc1Nc1cccc(F)c1,test,5.438574041521399
CHEMBL4872636,CHEMBL230,7.19,2021.0,7.19,COc1cc(Cc2n[nH]c(=S)n(/N=C/c3cc4cc(C)ccc4nc3O)c2=O)cc(OC)c1OC,test,5.515870763582652
CHEMBL4872909,CHEMBL230,5.37,2021.0,5.37,O=C(NCCc1c[nH]c2ccccc12)c1ccccc1Nc1ccccc1F,test,5.438574041521399
CHEMBL4873048,CHEMBL230,4.3979400086720375,2021.0,4.3979400086720375,O=C(NCCc1c[nH]c2ccccc12)c1ccccc1Nc1cccc(Cl)c1,test,5.438574041521399
CHEMBL4873475,CHEMBL230,4.3979400086720375,2021.0,4.3979400086720375,O=C(NCCc1c[nH]c2ccccc12)c1ccccc1Nc1ccc(C(F)(F)F)cc1,test,5.2867836390051295
CHEMBL4873961,CHEMBL230,7.0,2021.0,7.0,Cc1cc(-c2ccccn2)nn1S(=O)(=O)Oc1ccccc1,test,5.492254612819231
CHEMBL4874336,CHEMBL230,7.82,2021.0,7.82,COc1ccc(N2CCN(CCc3c(C)nc4oc(-c5ccc(Cl)cc5)nn4c3=O)CC2)cc1,val,5.671451337458957
CHEMBL4876413,CHEMBL230,7.0,2021.0,7.0,Cc1nc2oc(-c3ccccc3)nn2c(=O)c1CCN1CCCCC1,test,5.492254612819231
CHEMBL4876637,CHEMBL230,6.8,2021.0,6.8,COc1cc(Cc2n[nH]c(=S)n(/N=C/c3cc4cccc(C)c4nc3Cl)c2=O)cc(OC)c1OC,test,5.872107700965617
CHEMBL4876862,CHEMBL230,7.07,2021.0,7.07,COc1cc(Cc2n[nH]c(=S)n(/N=C/c3cc4cc(C)ccc4nc3O)c2=O)ccc1O,test,5.515870763582652
CHEMBL4877659,CHEMBL230,5.25,2021.0,5.25,O=C(NCCc1c[nH]c2ccccc12)c1ccccc1Nc1ccc(Br)cc1,test,5.438574041521399
CHEMBL4878265,CHEMBL230,4.3979400086720375,2021.0,4.3979400086720375,O=C(NCCc1c[nH]c2ccccc12)c1ccccc1Nc1ccccc1Cl,test,5.438574041521399
CHEMBL4878422,CHEMBL230,7.4,2021.0,7.4,Cc1nc2oc(-c3ccc(Cl)cc3)nn2c(=O)c1CCN1CCN(c2ccccc2)CC1,val,5.671451337458957
CHEMBL4878968,CHEMBL230,5.92,2021.0,5.92,Nc1ccccc1Nc1ccccc1C(=O)NCCc1c[nH]c2ccccc12,test,5.438574041521399
CHEMBL487933,CHEMBL230,4.3979400086720375,2019.0,4.3979400086720375,CC1(C)[C@@H](O)CC[C@]2(C)[C@H]3CC=C4[C@@H]5C[C@@](C)(C(=O)O)CC[C@]5(C)CC[C@@]4(C)[C@]3(C)CC[C@@H]12,val,5.438574041521399
CHEMBL490292,CHEMBL230,6.0,2009.0,6.0,COc1ccc(-c2ssc(=O)c2-c2ccc(OC)cc2)cc1,test,5.600662768820494
CHEMBL490324,CHEMBL230,4.75,2005.0,4.75,C[C@@H]1C[C@@H]2OC(=O)[C@]3(C)[C@H]2[C@@H](OC3(C)O)[C@]2(C)C(=O)C=C[C@@H]12,test,5.678667880396641
CHEMBL491088,CHEMBL230,5.4,2009.0,5.4,Clc1ccc(-c2cnsc2-c2ccc(Cl)cc2)cc1,test,5.671451337458957
CHEMBL491090,CHEMBL230,4.301029995663981,2009.0,4.301029995663981,Oc1ccc(-c2cnsc2-c2ccc(O)cc2)cc1,test,5.43051512771306
CHEMBL491272,CHEMBL230,4.3,2009.0,4.3,CS(=O)(=O)c1ccc(-c2c(-c3ccccc3)ssc2=O)cc1,test,6.131434086821592
CHEMBL496240,CHEMBL230,5.84,2016.0,5.84,O=C(c1ccccc1)c1ccc2n1CC[C@@H]2C(=O)O,test,5.438574041521399
CHEMBL496464,CHEMBL230,5.3979400086720375,2012.0,5.3979400086720375,CSc1ccc(/C=C2\C=C(CC(=O)O)c3cc(F)ccc32)cc1,test,5.438574041521399
CHEMBL497507,CHEMBL230,5.24,2008.0,5.24,CC(C(=O)OCCO[N+](=O)[O-])c1ccc(C(=O)c2cccs2)cc1,test,5.438574041521399
CHEMBL497677,CHEMBL230,5.57,2008.0,5.57,CC(C(=O)OCC(CO[N+](=O)[O-])O[N+](=O)[O-])c1ccc(C(=O)c2cccs2)cc1,test,5.438574041521399
CHEMBL497716,CHEMBL230,4.42,2002.0,4.42,C/C(=C/Cc1c(O)ccc(C(=O)/C=C/c2ccc(O)cc2)c1O)COC(=O)/C=C/c1ccc(O)cc1,val,5.489818383342809
CHEMBL500387,CHEMBL230,5.66,2006.0,5.66,CC(=O)O[C@@]12[C@H](OC(=O)[C@@H](C(C)C)N(C)C)[C@@H](C)[C@]3(O)[C@@H]4C=C(C)C(=O)[C@@H]4CC(CO)=C[C@H]3[C@@H]1C2(C)C,val,5.872107700965617
CHEMBL502799,CHEMBL230,5.66,2006.0,5.66,CC(=O)O[C@@]12[C@H](OC(=O)[C@@H](C(C)C)N(C)C)[C@@H](C)[C@@]3(O)[C@@H](C=C(CO)C[C@@]4(O)C(=O)C(C)=C[C@@H]34)[C@@H]1C2(C)C,val,5.492254612819231
CHEMBL503071,CHEMBL230,5.66,2006.0,5.66,COC(=O)[C@H]1CC[C@]2(C)[C@H]3CC=C4[C@@H]5CC(C)(C)CC[C@]5(C(=O)O)CC[C@@]4(C)[C@]3(C)CC[C@H]2C1(C)C,val,5.438574041521399
CHEMBL503412,CHEMBL230,5.12,2001.0,5.12,OC[C@H]1O[C@@H](Oc2cc(O)cc([C@H]3c4cc(/C=C/c5cc(O)cc(O)c5)ccc4O[C@@H]3c3ccc(O)cc3)c2)[C@H](O)[C@@H](O)[C@@H]1O,val,5.565673737139683
CHEMBL504541,CHEMBL230,4.301029995663981,2009.0,4.301029995663981,Cc1ccc(-c2ssc(=O)c2-c2ccc(Cl)cc2)cc1,test,5.671451337458957
CHEMBL504631,CHEMBL230,6.43,2006.0,6.43,CCCCCCCCCCCCCCCCCC(=O)O[C@H]1C[C@@H](O)[C@]2(C)[C@H]3CC[C@@H]4[C@@H]([C@@](C)(O)CCC=C(C)C)CC[C@@]4(C)[C@]3(C)CC[C@H]2C1(C)C,val,5.438574041521399
CHEMBL506880,CHEMBL230,4.301029995663981,2010.0,4.301029995663981,C[C@@H]1O[C@@H](O[C@H]2[C@H](O[C@H]3CC[C@]4(C)[C@H]5CC=C6[C@@H]7CC(C)(C)CC[C@]7(C(=O)O[C@@H]7O[C@H](CO[C@@H]8O[C@H](CO)[C@@H](O[C@@H]9O[C@@H](C)[C@H](O)[C@@H](O)[C@H]9O)[C@H](O)[C@H]8O)[C@@H](O)[C@H](O)[C@H]7O)CC[C@@]6(C)[C@]5(C)CC[C@H]4C3(C)C)OC[C@H](O)[C@@H]2O)[C@H](O)[C@H](O)[C@H]1O,test,5.438574041521399
CHEMBL507398,CHEMBL230,6.14,2009.0,6.14,NS(=O)(=O)c1ccc(-n2nc(C(F)(F)F)cc2-c2ccnc(Cl)c2)cc1,val,5.952057730325565
CHEMBL507430,CHEMBL230,4.0,2005.0,4.0,CC(C)=CCC12Oc3cc(O)c(C4=CC5(C)CC(C4)c4ccc(O)cc4O5)c(O)c3C(=O)C1(O)Oc1cc(O)ccc12,test,5.272875177314243
CHEMBL5075246,CHEMBL230,6.0,2021.0,6.0,O=C(O)[C@H](OCc1cnnn1[C@@H](Cc1ccccc1)C(=O)O)[C@@H](OCc1cnnn1[C@@H](Cc1ccccc1)C(=O)O)C(=O)O,test,5.438574041521399
CHEMBL5075348,CHEMBL230,6.16,2021.0,6.16,CCOC(=O)[C@H](OCc1cnnn1[C@H](Cc1ccc(O)cc1)C(=O)OC)[C@@H](OCc1cnnn1[C@@H](Cc1ccc(O)cc1)C(=O)OC)C(=O)OCC,test,5.492254612819231
CHEMBL5078078,CHEMBL230,5.0,2023.0,5.0,CC(C)(O)c1ccc(N2Cc3c(ccnc3-c3ccc(F)cc3OCC(F)(F)F)C2=O)cc1,test,5.739358384088556
CHEMBL5080730,CHEMBL230,4.5,2021.0,4.5,CCOC(=O)[C@H](O)[C@@H](OCc1cnnn1[C@@H](Cc1ccccc1)C(=O)OC)C(=O)OCC,test,5.492254612819231
CHEMBL5080948,CHEMBL230,5.55,2021.0,5.55,COC(=O)[C@H](Cc1c[nH]c2ccccc12)n1nncc1COc1ccc2ccccc2c1-c1c(OCc2cnnn2[C@@H](Cc2c[nH]c3ccccc23)C(=O)OC)ccc2ccccc12,val,5.438574041521399
CHEMBL5082428,CHEMBL230,6.16,2021.0,6.16,CCOC(=O)[C@H](OCc1cnnn1[C@@H](Cc1ccc(O)cc1)C(=O)OC)[C@@H](OCc1cnnn1[C@@H](Cc1ccc(O)cc1)C(=O)OC)C(=O)OCC,test,5.492254612819231
CHEMBL5084005,CHEMBL230,4.46,2021.0,4.46,CCOC(=O)[C@H](O)[C@@H](OCc1cnnn1[C@@H](Cc1ccc(O)cc1)C(=O)OC)C(=O)OCC,test,5.492254612819231
CHEMBL5085349,CHEMBL230,3.823908740944318,2021.0,3.823908740944318,COc1ccc(CCNC(=O)c2ccccc2Nc2ccccc2)cc1,test,5.438574041521399
CHEMBL5089355,CHEMBL230,9.0,2021.0,9.0,O=C1NC(=O)C(=Cc2cn(C[C@H](O)COc3cc(O)c4c(=O)cc(-c5ccccc5)oc4c3)c3ccccc23)C(=O)N1,test,5.438574041521399
CHEMBL5090197,CHEMBL230,3.978645286918577,2021.0,3.978645286918577,O=C(Nc1ccc2c(c1)OCO2)c1ccccc1Nc1cccc(C(F)(F)F)c1,test,5.552962793683238
CHEMBL509159,CHEMBL230,5.42,2005.0,5.42,C=C1C(=O)O[C@@H]2C[C@H](C)[C@@H]3[C@@H](O)CC(=O)[C@@]3(C)C[C@H]12,test,5.438574041521399
CHEMBL5091817,CHEMBL230,4.26,2021.0,4.26,CCOC(=O)Cn1nncc1CO[C@@H](C(=O)OCC)[C@@H](O)C(=O)OCC,test,5.492254612819231
CHEMBL5092058,CHEMBL230,5.0,2022.0,5.0,Cc1cn([C@H](C)CC#N)c(=O)c2cc(Cn3nc(C(F)F)cc3Cl)nn12,test,5.492254612819231
CHEMBL5092199,CHEMBL230,4.35,2021.0,4.35,Cc1c(Cl)cccc1Nc1ccccc1C(=O)Nc1ccc2c(c1)OCO2,test,5.661559883056009
CHEMBL5094855,CHEMBL230,4.4,2021.0,4.4,CCOC(=O)[C@H](O)[C@@H](OCc1cnnn1[C@@H](CO)C(=O)OC)C(=O)OCC,test,5.492254612819231
CHEMBL512917,CHEMBL230,6.92,2009.0,6.92,Cc1ccc(-c2cnnn2-c2ccc(S(C)(=O)=O)cc2)cc1,test,6.131434086821592
CHEMBL513053,CHEMBL230,5.48,2009.0,5.48,CC/C(=C\c1cc(O)cc(O)c1)c1ccc2ccccc2c1,test,5.438574041521399
CHEMBL513096,CHEMBL230,5.16,2009.0,5.16,Nn1c(SC(C(=O)O)c2ccccc2)nc2ccc(Br)cc2c1=O,test,5.7377096516865596
CHEMBL514418,CHEMBL230,6.77,2009.0,6.77,COc1ccc(-c2cnnn2-c2ccc(S(C)(=O)=O)cc2)cc1,test,6.131434086821592
CHEMBL514950,CHEMBL230,4.301029995663981,2009.0,4.301029995663981,COc1ccc(-c2sncc2-c2ccc(C)cc2)cc1,test,5.600662768820494
CHEMBL5169729,CHEMBL230,8.3,2021.0,8.3,CS(=O)(=O)c1ccc(-n2c(-c3ccc(O[11CH3])c(F)c3)cnc2Cl)cc1,val,6.131434086821592
CHEMBL5170243,CHEMBL230,5.06,2022.0,5.06,COc1ccc2c(CO)cn(C)c2c1C(=O)NCC(F)(F)F,test,5.364080361066381
CHEMBL517334,CHEMBL230,4.82,2002.0,4.82,C/C(=C\Cc1c(O)ccc(C(=O)/C=C/c2ccc(O)cc2)c1O)COC(=O)/C=C/c1ccc(O)cc1,val,5.489818383342809
CHEMBL5174327,CHEMBL230,3.42021640338319,2022.0,3.42021640338319,COc1ccc2ccn(C)c2c1C(=O)OCC(F)(F)F,test,5.566410479793854
CHEMBL5178995,CHEMBL230,8.4,2021.0,8.4,[11CH3]Oc1ccc(-c2cnc(Cl)n2-c2ccc(S(N)(=O)=O)cc2)cc1F,val,6.2863510283148925
CHEMBL5182048,CHEMBL230,3.42021640338319,2022.0,3.42021640338319,Cn1ccc2ccc(O)c(C(=O)OCC(F)(F)F)c21,test,5.566410479793854
CHEMBL5183018,CHEMBL230,3.625068446021812,2022.0,3.625068446021812,Cn1ccc2cc(CCCO)c(O)c(C(=O)OCC(F)(F)F)c21,test,5.566410479793854
CHEMBL5184562,CHEMBL230,7.63,2022.0,7.63,O=C(c1cc2cc(Cl)ccc2n1Cc1ccc(F)cc1)N1CCN(c2ccccc2)CC1,val,5.607879311758177
CHEMBL5184826,CHEMBL230,6.08,2021.0,6.08,[2H]C([2H])([18F])Oc1nc(-c2ccc(OC)cc2)n(-c2ccc(OC)cc2)n1,val,5.600662768820494
CHEMBL51860,CHEMBL230,8.3,1996.0,8.3,COc1ccc(-c2cc(F)c(F)cc2-c2ccc(S(N)(=O)=O)cc2)cc1C,test,6.2863510283148925
CHEMBL5188821,CHEMBL230,5.3,2021.0,5.3,O=C(c1ccc(-c2nc(CSc3nc4ccccc4s3)no2)cc1)N1CCOCC1,test,5.634189399884768
CHEMBL518935,CHEMBL230,5.43,2001.0,5.43,Oc1ccc([C@H]2Oc3ccc(/C=C/c4cc(O)cc(O)c4)cc3[C@@H]2c2cc(O)cc(O)c2)cc1,test,5.565673737139683
CHEMBL5190868,CHEMBL230,6.87,2022.0,6.87,O=C(c1nn(Cc2ccc(F)cc2)c2ccccc12)N1CCN(c2ncccn2)CC1,test,5.607879311758177
CHEMBL5190903,CHEMBL230,3.42021640338319,2022.0,3.42021640338319,CCOC(=O)c1c(O)ccc2ccn(C)c12,test,5.515870763582652
CHEMBL5191146,CHEMBL230,5.0,2022.0,5.0,O=C(NC1CCN(C(=O)C2CCOCC2)CC1)NC12CC3CC(Cl)(CC(C1)c1ccccc13)C2,val,5.438574041521399
CHEMBL5191304,CHEMBL230,3.7269987279362624,2022.0,3.7269987279362624,Cc1cc2ccn(C)c2c(C(=O)OCC(F)(F)F)c1O,test,5.566410479793854
CHEMBL5191384,CHEMBL230,5.98,2021.0,5.98,C/C(=C/CC/C(C)=C/CC[C@]1(C(=O)O)CC(=O)c2cc(O)ccc2O1)C(=O)O,test,5.438574041521399
CHEMBL5192908,CHEMBL230,6.0,2021.0,6.0,COc1ccc(-c2nc(O[11CH3])nn2-c2ccc(OC)cc2)cc1,val,5.600662768820494
CHEMBL519521,CHEMBL230,4.18,2010.0,4.18,O=C(O)c1ccccc1/N=C/c1coc2ccccc2c1=O,test,5.438574041521399
CHEMBL5197095,CHEMBL230,5.47,2022.0,5.47,CC(C)OC(=O)[C@@H](Cn1cncn1)NC(=O)[C@@H](C)c1cccc(C(=O)c2ccccc2)c1,test,5.438574041521399
CHEMBL5198246,CHEMBL230,3.42021640338319,2022.0,3.42021640338319,Cn1ccc2ccc(C(=O)OCC(F)(F)F)c(O)c21,test,5.566410479793854
CHEMBL5200000,CHEMBL230,7.4,2021.0,7.4,CS(=O)(=O)c1ccc(-c2cc(C(F)(F)F)nc(NCc3ccc([18F])cc3)n2)cc1,test,6.435882354151521
CHEMBL5200454,CHEMBL230,9.0,2021.0,9.0,CS(=O)(=O)c1ccc(-c2cc(O[11CH3])nc(NCc3cccs3)n2)cc1,test,6.265601584920751
CHEMBL5200803,CHEMBL230,3.42021640338319,2022.0,3.42021640338319,Cn1ccc2c(CCCO)cc(O)c(C(=O)OCC(F)(F)F)c21,test,5.566410479793854
CHEMBL5201017,CHEMBL230,7.63,2022.0,7.63,O=C(NCCc1c[nH]c2ccccc12)c1cc2cc(Cl)ccc2n1Cc1ccc(F)cc1,val,5.438574041521399
CHEMBL52019,CHEMBL230,7.72,1996.0,7.72,COc1ccc(-c2cc(F)c(F)cc2-c2ccc(S(C)(=O)=O)cc2)cc1Cl,test,6.131434086821592
CHEMBL52020,CHEMBL230,8.7,1996.0,8.7,Cc1cc(-c2cc(F)c(F)cc2-c2ccc(S(N)(=O)=O)cc2)ccc1F,test,6.2863510283148925
CHEMBL5202840,CHEMBL230,2.5228787452803374,2021.0,2.5228787452803374,CC1=NN(c2cccc(Cl)c2)C(=O)/C1=C\c1cn(-c2nc(N3CCOCC3)nc(N3CCOCC3)n2)c2ccccc12,test,5.5630431814576955
CHEMBL5203505,CHEMBL230,6.44,2021.0,6.44,Cc1ccc(-n2nc(C(F)(F)F)cc2-c2ccc(S(=O)(=O)Nc3ccc([18F])cc3)cc2)cc1,test,6.024241535682179
CHEMBL5203787,CHEMBL230,5.0,2022.0,5.0,O=C(NC1CCN(C(=O)C2CCOCC2)CC1)NC12CC3CC(F)(CC(C1)c1ccccc13)C2,val,5.438574041521399
CHEMBL5206077,CHEMBL230,6.0,2021.0,6.0,COc1ccc(-n2nc(OCC(F)(F)F)nc2-c2ccc(O[11CH3])cc2)cc1,val,5.600662768820494
CHEMBL520726,CHEMBL230,4.3979400086720375,2019.0,4.3979400086720375,CC1(C)CC[C@]2(C(=O)O)CC[C@]3(C)C(=CC[C@@H]4[C@@]5(C)C[C@H](O)[C@H](O)[C@@](C)(C(=O)O)[C@@H]5CC[C@]43C)[C@@H]2C1,val,5.438574041521399
CHEMBL521440,CHEMBL230,5.03,2009.0,5.03,CS(=O)(=O)c1ccccc1C#Cc1ccc(=O)n(C(F)F)c1,val,5.438574041521399
CHEMBL5219013,CHEMBL230,5.64,2022.0,5.64,C[C@H](C(=O)N(C)CC(O)(Cn1ccnc1)c1ccc(Cl)cc1)c1ccc(-c2ccccc2)c(F)c1,test,5.509362610159863
CHEMBL5219227,CHEMBL230,5.71,2022.0,5.71,C[C@H](C(=O)N(C)CC(O)(Cn1ccnc1)c1ccc(Cl)cc1Cl)c1cccc(C(=O)c2ccccc2)c1,val,5.438574041521399
CHEMBL522624,CHEMBL230,4.301029995663981,2009.0,4.301029995663981,COc1ccc(-c2sncc2-c2ccc(Cl)cc2)cc1,test,5.671451337458957
CHEMBL52402,CHEMBL230,8.22,1996.0,8.22,NS(=O)(=O)c1ccc(-c2ccccc2-c2ccc(Cl)cc2)cc1,test,6.2863510283148925
CHEMBL524133,CHEMBL230,4.301029995663981,2009.0,4.301029995663981,Cc1ccc(-c2cnsc2-c2ccc(Cl)cc2)cc1,test,5.671451337458957
CHEMBL52454,CHEMBL230,6.44,1996.0,6.44,CS(=O)(=O)c1ccc(-c2ccccc2-c2ccc(F)c(Cl)c2)cc1,test,5.908805076963849
CHEMBL524686,CHEMBL230,4.59,2010.0,4.59,Cc1cccc(/N=C/c2coc3ccccc3c2=O)c1,test,5.683439579297756
CHEMBL525601,CHEMBL230,4.0,2006.0,4.0,CC(=O)O[C@@]12[C@H](OC(=O)[C@H](C(C)C)N(C)C)[C@@H](C)[C@]3(O)[C@@H]4C=C(C)C(=O)[C@@H]4CC(CO)=C[C@H]3[C@@H]1C2(C)C,val,5.872107700965617
CHEMBL5265750,CHEMBL230,7.41,2022.0,7.41,COc1cc(C2CC(c3cccc(-n4cnnn4)c3)=NN2C(C)=O)cc(OC)c1OC,val,5.438574041521399
CHEMBL5265839,CHEMBL230,8.7,2022.0,8.7,CN1C/C(=C\c2ccc(O)s2)C2=NN(c3ccccc3)C(c3ccc(O)s3)C2C1,test,5.438574041521399
CHEMBL5265917,CHEMBL230,6.55,2022.0,6.55,CCOP(=O)(OCC)C(NC(=O)c1cc(-c2ccc(Cl)cc2)n(-c2ccc(S(N)(=O)=O)cc2)n1)c1ccccc1,test,6.147128414995354
CHEMBL5266009,CHEMBL230,7.0,2022.0,7.0,Cc1nnc(/N=C2\NC(=O)/C(=C/c3ccc(C(C)C)cc3)S2)s1,test,5.492254612819231
CHEMBL5266071,CHEMBL230,7.41,2022.0,7.41,COc1cc(C2CC(c3cccc(-n4cnnn4)c3)=NN2)cc(OC)c1OC,val,5.438574041521399
CHEMBL5266132,CHEMBL230,6.66,2022.0,6.66,CCOP(=O)(OCC)C(NC(=O)c1cc(-c2ccsc2)n(-c2ccc(S(N)(=O)=O)cc2)n1)c1ccccc1OC,val,5.921462050024983
CHEMBL5266208,CHEMBL230,5.96,2022.0,5.96,NC(=O)N1N=C(c2ccc(Cl)cc2)CC1c1cn(-c2ccccc2)nc1-c1ccc(F)cc1,val,5.671451337458957
CHEMBL526643,CHEMBL230,5.34,2008.0,5.34,CC(COC(=O)C(C)c1ccc(C(=O)c2cccs2)cc1)O[N+](=O)[O-],test,5.438574041521399
CHEMBL5266699,CHEMBL230,7.0,2022.0,7.0,O=C(/C=C/c1cccnc1)c1cccc(-n2cnnn2)c1,val,5.489818383342809
CHEMBL5266705,CHEMBL230,7.39,2022.0,7.39,COc1ccc(-c2cc(-c3cccc(-n4cnnn4)c3)no2)cc1OC,test,5.46488412964799
CHEMBL5266991,CHEMBL230,6.96,2020.0,6.96,C=C1c2nc3ccccc3n2CC(c2ccc(S(C)(=O)=O)cc2)N1c1cc(OC)c(OC)c(OC)c1,test,5.818782209751569
CHEMBL5267093,CHEMBL230,6.55,2022.0,6.55,CCOP(=O)(OCC)C(NC(=O)c1cc(-c2cccc(OC)c2)n(-c2ccc(S(N)(=O)=O)cc2)n1)c1ccc(Br)cc1,test,5.921462050024983
CHEMBL5267118,CHEMBL230,5.96,2022.0,5.96,COc1ccc(C2=NN(C(N)=O)C(c3cn(-c4ccccc4)nc3-c3ccc(Cl)cc3)C2)cc1,val,5.671451337458957
CHEMBL5267243,CHEMBL230,5.96,2022.0,5.96,NC(=O)N1N=C(c2ccc(F)cc2)CC1c1cn(-c2ccccc2)nc1-c1ccc(Cl)cc1,val,5.671451337458957
CHEMBL5267258,CHEMBL230,6.77,2022.0,6.77,CCCCNc1cc(-c2n[nH]c(=S)n2-c2ccc(Br)cc2)cc(S(N)(=O)=O)c1Oc1ccccc1,test,5.492254612819231
CHEMBL5267453,CHEMBL230,8.7,2022.0,8.7,CN1C/C(=C\c2ccc(Br)s2)C2=NN(c3ccccc3)C(c3ccc(Br)s3)C2C1,test,5.438574041521399
CHEMBL5267632,CHEMBL230,6.55,2022.0,6.55,CCOP(=O)(OCC)C(NC(=O)c1cc(-c2ccccc2F)n(-c2ccc(S(N)(=O)=O)cc2)n1)c1ccccc1,test,5.921462050024983
CHEMBL5267677,CHEMBL230,5.12,2020.0,5.12,COc1ccc(NCc2nc3ccccc3n2C(=O)c2ccccc2)cc1,val,5.607879311758177
CHEMBL5267823,CHEMBL230,5.58,2022.0,5.58,Cc1c(C(=O)NNC(=S)Nc2ccccc2)nnn1-c1ccc(S(N)(=O)=O)cc1,test,5.921462050024983
CHEMBL5268121,CHEMBL230,7.05,2022.0,7.05,N#Cc1ccc(-c2nc(N3CCOCC3)sc2C(=O)c2cccs2)cc1,val,5.600662768820494
CHEMBL5268168,CHEMBL230,5.96,2022.0,5.96,NC(=O)N1N=C(c2ccc(F)cc2)CC1c1cn(-c2ccccc2)nc1-c1ccccc1,val,5.600662768820494
CHEMBL5268637,CHEMBL230,6.55,2022.0,6.55,CCOP(=O)(OCC)C(NC(=O)c1cc(-c2ccc(Br)cc2)n(-c2ccc(S(N)(=O)=O)cc2)n1)c1ccccc1,test,6.147128414995354
CHEMBL5268997,CHEMBL230,5.96,2022.0,5.96,Cc1ccc(C2=NN(C(N)=O)C(c3cn(-c4ccccc4)nc3-c3ccc(Cl)cc3)C2)cc1,val,5.671451337458957
CHEMBL5269100,CHEMBL230,7.36,2022.0,7.36,COc1ccc(/C=C/C2=NN(c3ccc(S(N)(=O)=O)cc3)C(=O)CC2)cc1,test,5.9833879412832705
CHEMBL526931,CHEMBL230,4.0,2006.0,4.0,CC(=O)O[C@@]12[C@H](OC(=O)C(=C(C)C)N(C)C)[C@@H](C)[C@]3(O)[C@@H]4C=C(C)C(=O)[C@@H]4CC(CO)=C[C@H]3[C@@H]1C2(C)C,val,5.872107700965617
CHEMBL5269313,CHEMBL230,6.55,2022.0,6.55,CCOP(=O)(OCC)C(NC(=O)c1cc(-c2ccc(F)cc2)n(-c2ccc(S(N)(=O)=O)cc2)n1)c1ccccc1,test,6.147128414995354
CHEMBL5269531,CHEMBL230,7.39,2022.0,7.39,COc1cc(-c2cc(-c3cccc(-n4cnnn4)c3)no2)cc(OC)c1OC,test,5.438574041521399
CHEMBL5269829,CHEMBL230,4.3,2022.0,4.3,COc1cc(/C=c2\sc3nc(C45CC6CC(CC(C6)C4)C5)nn3c2=O)ccc1O,test,5.438574041521399
CHEMBL5269945,CHEMBL230,6.82,2022.0,6.82,CC1=NN(c2ccc(S(N)(=O)=O)cc2)C(=O)/C1=C\c1sccc1C,test,6.0370685125811026
CHEMBL5269974,CHEMBL230,8.7,2022.0,8.7,CN1C/C(=C\c2ccc([N+](=O)[O-])s2)C2=NN(c3ccccc3)C(c3ccc([N+](=O)[O-])s3)C2C1,test,5.438574041521399
CHEMBL5270219,CHEMBL230,5.96,2022.0,5.96,NC(=O)N1N=C(c2ccccc2)CC1c1cn(-c2ccccc2)nc1-c1ccc(Cl)cc1,val,5.671451337458957
CHEMBL5270639,CHEMBL230,7.0,2020.0,7.0,CCOC(=O)c1c(SC)nn(C(=O)CSc2nnc(CCCOc3ccc(C)cc3C(=O)c3ccc(F)cc3)o2)c1N,test,5.492254612819231
CHEMBL5270815,CHEMBL230,7.36,2022.0,7.36,NS(=O)(=O)c1ccc(N2N=C(/C=C/c3ccc(Cl)cc3)CCC2=O)cc1,test,5.9833879412832705
CHEMBL5271136,CHEMBL230,7.05,2022.0,7.05,O=C(c1cccs1)c1sc(N2CCOCC2)nc1-c1ccccc1,val,5.438574041521399
CHEMBL5271448,CHEMBL230,4.5,2020.0,4.5,CCCOC(=O)c1nc2c(cnn2-c2ccccc2)c(=O)[nH]1,test,5.515870763582652
CHEMBL5271850,CHEMBL230,6.22,2020.0,6.22,CS(=O)(=O)c1ccc(-n2cc(/C=C3\NC(=S)N(c4ccccc4)C3=O)c(-c3ccccc3)n2)cc1,test,5.690396180308291
CHEMBL5271852,CHEMBL230,6.55,2022.0,6.55,CCOP(=O)(OCC)C(NC(=O)c1cc(-c2ccc(C(F)(F)F)cc2)n(-c2ccc(S(N)(=O)=O)cc2)n1)c1ccc(Br)cc1,test,6.217615006824593
CHEMBL5271889,CHEMBL230,6.28,2020.0,6.28,NS(=O)(=O)c1ccc(-n2nc(C(=O)NNC(=O)c3cccc(C(F)(F)F)c3)cc2-c2ccccc2)cc1,val,5.840158239337952
CHEMBL5271933,CHEMBL230,6.88,2022.0,6.88,NS(=O)(=O)c1ccc(C(=O)OCCn2cc(-c3ccc(C(F)(F)F)cc3)nn2)cc1,test,6.217615006824593
CHEMBL5272126,CHEMBL230,7.05,2022.0,7.05,O=C(c1cccs1)c1sc(N2CCOCC2)nc1-c1ccc(C(F)(F)F)cc1,val,5.600662768820494
CHEMBL5272354,CHEMBL230,6.55,2022.0,6.55,CCOP(=O)(OCC)C(NC(=O)c1cc(-c2ccccc2Cl)n(-c2ccc(S(N)(=O)=O)cc2)n1)c1ccccc1,test,5.921462050024983
CHEMBL5272758,CHEMBL230,7.0,2022.0,7.0,Cc1nnc(/N=C2\NC(=O)/C(=C/c3ccc(O)cc3)S2)s1,test,5.492254612819231
CHEMBL5272855,CHEMBL230,5.96,2022.0,5.96,NC(=O)N1N=C(c2ccc(F)cc2)CC1c1cn(-c2ccccc2)nc1-c1ccc(F)cc1,val,5.600662768820494
CHEMBL5272856,CHEMBL230,5.17,2022.0,5.17,CC1=c2c(OCc3nnc(SCC(=O)N4CCN(c5ccccc5)CC4)o3)nn(C)c(=O)c2=C(C)C1c1ccccc1,val,5.492254612819231
CHEMBL5272932,CHEMBL230,5.75,2016.0,5.75,Cc1ccc(-c2cn3c(c2-c2ccccc2)CCC3)s1,test,5.492254612819231
CHEMBL5272969,CHEMBL230,6.55,2022.0,6.55,CCOP(=O)(OCC)C(NC(=O)c1cc(-c2ccc(Cl)cc2)n(-c2ccc(S(N)(=O)=O)cc2)n1)c1ccc(Br)cc1,test,6.147128414995354
CHEMBL5273141,CHEMBL230,6.66,2022.0,6.66,CCOP(=O)(OCC)C(NC(=O)c1cc(-c2cccc3ccccc23)n(-c2ccc(F)cc2)n1)c1ccc(Br)cc1,test,5.515870763582652
CHEMBL5273387,CHEMBL230,6.66,2022.0,6.66,CCOP(=O)(OCC)C(NC(=O)c1cc(-c2cccc3ccccc23)n(-c2ccc(Br)cc2)n1)c1ccc(Br)cc1,test,5.515870763582652
CHEMBL5273397,CHEMBL230,6.66,2022.0,6.66,CCOP(=O)(OCC)C(NC(=O)c1cc(-c2ccsc2)n(-c2ccc(S(N)(=O)=O)cc2)n1)c1ccc(Cl)cc1,val,5.921462050024983
CHEMBL5273538,CHEMBL2094253,4.34,2018.0,4.34,COc1cc(CCc2cccc(Oc3c(O)cccc3CCC3=CCC(O)C=C3)c2)cc(O)c1O,test,5.438574041521399
CHEMBL5273576,CHEMBL230,6.55,2022.0,6.55,CCOP(=O)(OCC)C(NC(=O)c1cc(-c2ccc(OC)cc2)n(-c2ccc(S(N)(=O)=O)cc2)n1)c1ccccc1,test,6.147128414995354
CHEMBL5273653,CHEMBL230,5.34,2022.0,5.34,C=CCc1ccc(-n2c(-c3cc(NCCCC)c(Oc4ccccc4)c(S(N)(=O)=O)c3)n[nH]c2=S)cc1,test,5.492254612819231
CHEMBL5273684,CHEMBL230,6.66,2022.0,6.66,CCOP(=O)(OCC)C(NC(=O)c1cc(-c2ccsc2)n(-c2ccc(S(N)(=O)=O)cc2)n1)c1ccc(OC)cc1,val,5.921462050024983
CHEMBL5274575,CHEMBL230,6.55,2022.0,6.55,CCOP(=O)(OCC)C(NC(=O)c1cc(-c2ccc(OC)cc2)n(-c2ccc(S(N)(=O)=O)cc2)n1)c1ccc(Br)cc1,test,6.147128414995354
CHEMBL5274783,CHEMBL230,6.55,2022.0,6.55,CCOP(=O)(OCC)C(NC(=O)c1cc(-c2cccc(Cl)c2)n(-c2ccc(S(N)(=O)=O)cc2)n1)c1ccc(Br)cc1,test,5.921462050024983
CHEMBL5274992,CHEMBL230,6.66,2022.0,6.66,CCOP(=O)(OCC)C(NC(=O)c1cc(-c2cccc3ccccc23)n(-c2ccc(S(N)(=O)=O)cc2)n1)c1ccccc1OC,test,5.921462050024983
CHEMBL5275204,CHEMBL230,7.05,2022.0,7.05,O=C(c1cccs1)c1sc(N2CCOCC2)nc1-c1ccc(F)cc1,val,5.600662768820494
CHEMBL5275245,CHEMBL230,6.55,2022.0,6.55,CCOP(=O)(OCC)C(NC(=O)c1cc(-c2ccc(C)cc2)n(-c2ccc(S(N)(=O)=O)cc2)n1)c1ccccc1,test,6.147128414995354
CHEMBL5275290,CHEMBL230,6.98,2022.0,6.98,Nc1c(C(=O)N/N=C/c2ccc(Cl)cc2)sc2nc(-c3ccc(Cl)cc3)cc(-c3cccs3)c12,test,5.936402511204942
CHEMBL5275292,CHEMBL230,6.55,2022.0,6.55,CCOP(=O)(OCC)C(NC(=O)c1cc(-c2cccc(Cl)c2)n(-c2ccc(S(N)(=O)=O)cc2)n1)c1ccccc1,test,5.921462050024983
CHEMBL5275436,CHEMBL230,5.96,2022.0,5.96,NC(=O)N1N=C(c2ccccc2)CC1c1cn(-c2ccccc2)nc1-c1ccccc1,val,5.438574041521399
CHEMBL5275883,CHEMBL230,7.0,2022.0,7.0,CCCc1ccc(/C=C2\S/C(=N/c3nnc(C)s3)NC2=O)cc1,test,5.492254612819231
CHEMBL5275971,CHEMBL230,6.66,2022.0,6.66,CCOP(=O)(OCC)C(NC(=O)c1cc(-c2ccsc2)n(-c2ccc(S(N)(=O)=O)cc2)n1)c1ccc(Br)cc1,val,5.921462050024983
CHEMBL52760,CHEMBL230,8.0,1996.0,8.0,CS(=O)(=O)c1ccc(-c2cc(F)c(F)cc2-c2ccc(F)c(Cl)c2)cc1,test,6.131434086821592
CHEMBL5276070,CHEMBL230,8.7,2022.0,8.7,Cc1csc(/C=C2\CN(C)CC3C2=NN(c2ccccc2)C3c2cc(C)cs2)c1,test,5.492254612819231
CHEMBL5276292,CHEMBL230,6.98,2022.0,6.98,Nc1c(C(=O)N/N=C/c2ccc(Br)cc2)sc2nc(-c3ccc(Cl)cc3)cc(-c3cccs3)c12,test,5.936402511204942
CHEMBL5276364,CHEMBL230,6.66,2022.0,6.66,CCOP(=O)(OCC)C(NC(=O)c1cc(-c2cccc3ccccc23)n(-c2ccc(F)cc2)n1)c1ccc(OC)cc1,test,5.515870763582652
CHEMBL5276444,CHEMBL230,6.6,2022.0,6.6,Cc1nnc(/N=C2\NC(=O)/C(=C/c3ccsc3)S2)s1,val,5.492254612819231
CHEMBL5276590,CHEMBL230,7.36,2022.0,7.36,COc1ccccc1/C=C/C1=NN(c2ccc(S(N)(=O)=O)cc2)C(=O)CC1,test,5.9833879412832705
CHEMBL5276822,CHEMBL230,7.05,2022.0,7.05,O=C(c1cccs1)c1sc(Nc2ccccc2)nc1-c1ccc(F)cc1,val,5.600662768820494
CHEMBL5277139,CHEMBL230,6.55,2022.0,6.55,CCOP(=O)(OCC)C(NC(=O)c1cc(-c2ccc(Br)cc2)n(-c2ccc(S(N)(=O)=O)cc2)n1)c1ccc(Br)cc1,test,6.147128414995354
CHEMBL5277159,CHEMBL230,5.96,2022.0,5.96,COc1ccc(C2=NN(C(N)=O)C(c3cn(-c4ccccc4)nc3-c3ccccc3)C2)cc1,val,5.600662768820494
CHEMBL5277168,CHEMBL230,8.7,2022.0,8.7,CN1C/C(=C\c2ccc(F)s2)C2=NN(c3ccccc3)C(c3ccc(F)s3)C2C1,test,5.438574041521399
CHEMBL5277424,CHEMBL230,6.66,2022.0,6.66,CCOP(=O)(OCC)C(NC(=O)c1cc(-c2cccc3ccccc23)n(-c2ccccc2F)n1)c1ccccc1OC,test,5.438574041521399
CHEMBL5277473,CHEMBL230,6.66,2022.0,6.66,CCOP(=O)(OCC)C(NC(=O)c1cc(-c2cccc3ccccc23)n(-c2ccccc2F)n1)c1ccc(Cl)cc1,test,5.509362610159863
CHEMBL5277545,CHEMBL230,6.66,2022.0,6.66,CCOP(=O)(OCC)C(NC(=O)c1cc(-c2cccc3ccccc23)n(-c2ccccc2F)n1)c1ccc(Br)cc1,test,5.438574041521399
CHEMBL5277598,CHEMBL230,6.66,2022.0,6.66,CCOP(=O)(OCC)C(NC(=O)c1cc(-c2cccc3ccccc23)n(-c2ccccc2F)n1)c1ccc(OC)cc1,test,5.438574041521399
CHEMBL5277627,CHEMBL230,7.38,2020.0,7.38,COc1c2occc2c(OC)c2c(C)c(/C(=N/c3cc(N4CCNCC4)nc(N4CCNCC4)n3)N3CCNCC3)oc12,test,5.683439579297756
CHEMBL5277657,CHEMBL230,6.66,2022.0,6.66,CCOP(=O)(OCC)C(NC(=O)c1cc(-c2cccc3ccccc23)n(-c2ccc(S(N)(=O)=O)cc2)n1)c1ccccc1,test,5.921462050024983
CHEMBL5277740,CHEMBL230,7.0,2022.0,7.0,Cc1nnc(/N=C2\NC(=O)/C(=C/c3ccc(F)cc3)S2)s1,test,5.492254612819231
CHEMBL5277910,CHEMBL230,6.55,2022.0,6.55,CCOP(=O)(OCC)C(NC(=O)c1cc(-c2cccc(F)c2)n(-c2ccc(S(N)(=O)=O)cc2)n1)c1ccccc1,test,5.921462050024983
CHEMBL5278033,CHEMBL230,8.7,2022.0,8.7,Cc1sc(/C=C2\CN(C)CC3C2=NN(c2ccccc2)C3c2cc(F)c(C)s2)cc1F,test,5.492254612819231
CHEMBL5278337,CHEMBL230,6.66,2022.0,6.66,CCOP(=O)(OCC)C(NC(=O)c1cc(-c2cccc3ccccc23)n(-c2ccc(S(N)(=O)=O)cc2)n1)c1ccc(OC)cc1,test,5.921462050024983
CHEMBL5278506,CHEMBL230,7.0,2021.0,7.0,CCCCNC(=O)c1cc(NCc2cc(O)ccc2O)ccc1O,test,5.438574041521399
CHEMBL5278569,CHEMBL230,7.41,2022.0,7.41,COc1ccc(C2CC(c3cccc(-n4cnnn4)c3)=NN2C(C)=O)cc1,val,5.438574041521399
CHEMBL5278906,CHEMBL230,7.3,2022.0,7.3,CC(=O)Oc1cc2oc(-c3cccc(F)c3)cc2cc1-c1c[se]nn1,test,5.438574041521399
CHEMBL5279078,CHEMBL230,7.05,2022.0,7.05,O=C(c1cccs1)c1sc(N2CCOCC2)nc1-c1ccc([N+](=O)[O-])cc1,val,5.600662768820494
CHEMBL5279361,CHEMBL230,7.3,2022.0,7.3,CC(=O)Oc1cc2oc(-c3ccc(C)cc3)cc2cc1-c1c[se]nn1,test,5.600662768820494
CHEMBL5279490,CHEMBL230,7.0,2022.0,7.0,COc1ccc(/C=C2\S/C(=N/c3nnc(C)s3)NC2=O)cc1,test,5.492254612819231
CHEMBL5279940,CHEMBL230,8.7,2022.0,8.7,CN1C/C(=C\c2ccc(Cl)s2)C2=NN(c3ccccc3)C(c3ccc(Cl)s3)C2C1,test,5.438574041521399
CHEMBL5280300,CHEMBL230,6.66,2022.0,6.66,CCOP(=O)(OCC)C(NC(=O)c1cc(-c2cccc3ccccc23)n(-c2ccc(F)cc2)n1)c1ccccc1,test,5.515870763582652
CHEMBL5280343,CHEMBL230,6.55,2022.0,6.55,CCOP(=O)(OCC)C(NC(=O)c1cc(-c2ccc(C)cc2)n(-c2ccc(S(N)(=O)=O)cc2)n1)c1ccc(Br)cc1,test,6.147128414995354
CHEMBL5280463,CHEMBL230,8.7,2022.0,8.7,Cc1ccc(/C=C2\CN(C)CC3C2=NN(c2ccccc2)C3c2ccc(C)s2)s1,test,5.492254612819231
CHEMBL5280574,CHEMBL230,5.96,2022.0,5.96,NC(=O)N1N=C(c2ccc(Cl)cc2)CC1c1cn(-c2ccccc2)nc1-c1ccc(Cl)cc1,val,5.671451337458957
CHEMBL5281053,CHEMBL230,7.36,2022.0,7.36,COc1ccc(/C=C/C2=NN(c3ccc(S(N)(=O)=O)cc3)C(=O)CC2)cc1OC,test,5.9833879412832705
CHEMBL5281098,CHEMBL230,6.82,2022.0,6.82,CC1=NN(c2ccc(S(N)(=O)=O)cc2)C(=O)/C1=C\c1c[nH]c2ccccc12,test,6.0370685125811026
CHEMBL5281215,CHEMBL230,7.3,2022.0,7.3,COc1ccc(-c2cc3cc(-c4c[se]nn4)c(OC(C)=O)cc3o2)cc1,test,5.600662768820494
CHEMBL5281224,CHEMBL230,6.55,2022.0,6.55,CCOP(=O)(OCC)C(NC(=O)c1cc(-c2cccc(F)c2)n(-c2ccc(S(N)(=O)=O)cc2)n1)c1ccc(Br)cc1,test,5.921462050024983
CHEMBL5281490,CHEMBL230,6.55,2022.0,6.55,CCCCNc1cc(-c2n[nH]c(=S)n2-c2ccccc2)cc(S(N)(=O)=O)c1Oc1ccccc1,test,5.492254612819231
CHEMBL5281749,CHEMBL230,6.66,2022.0,6.66,CCOP(=O)(OCC)C(NC(=O)c1cc(-c2cccc3ccccc23)n(-c2ccc(Br)cc2)n1)c1ccccc1,test,5.515870763582652
CHEMBL52820,CHEMBL230,8.7,1996.0,8.7,NS(=O)(=O)c1ccc(-c2cc(F)c(F)cc2-c2ccc(F)c(Cl)c2)cc1,test,6.2863510283148925
CHEMBL5282037,CHEMBL230,7.0,2022.0,7.0,Cc1nnc(/N=C2\NC(=O)/C(=C/c3ccc(Cl)cc3)S2)s1,test,5.5630431814576955
CHEMBL5282152,CHEMBL230,7.41,2022.0,7.41,COc1ccc(C2CC(c3cccc(-n4cnnn4)c3)=NN2C(C)=O)cc1OC,val,5.438574041521399
CHEMBL5282220,CHEMBL230,6.41,2020.0,6.41,NS(=O)(=O)c1ccc(N/N=C/c2cn(-c3ccc(S(N)(=O)=O)cc3)nc2-c2ccc(Cl)cc2)cc1,test,6.5695768726020916
CHEMBL5282224,CHEMBL230,6.0,2020.0,6.0,O=C1c2ccccc2C(=O)N1c1nc2cc([N+](=O)[O-])ccc2n1Cc1ccc(-c2ccccc2)cc1,val,5.43051512771306
CHEMBL5282558,CHEMBL230,6.66,2022.0,6.66,CCOP(=O)(OCC)C(NC(=O)c1cc(-c2cccc3ccccc23)n(-c2ccccc2F)n1)c1ccccc1,test,5.438574041521399
CHEMBL5283806,CHEMBL230,6.55,2022.0,6.55,CCOP(=O)(OCC)C(NC(=O)c1cc(-c2cccc(OC)c2)n(-c2ccc(S(N)(=O)=O)cc2)n1)c1ccccc1,test,5.921462050024983
CHEMBL5283826,CHEMBL230,6.55,2022.0,6.55,CCOP(=O)(OCC)C(NC(=O)c1cc(-c2ccc(C(F)(F)F)cc2)n(-c2ccc(S(N)(=O)=O)cc2)n1)c1ccccc1,test,6.217615006824593
CHEMBL5283848,CHEMBL230,7.41,2022.0,7.41,COc1ccc(C2CC(c3cccc(-n4cnnn4)c3)=NN2)cc1OC,val,5.438574041521399
CHEMBL5283867,CHEMBL230,8.7,2022.0,8.7,CS(=O)(=O)c1ccc(C(=O)OCCn2cc(-c3ccc(C(F)(F)F)cc3)nn2)cc1,test,6.131434086821592
CHEMBL5284073,CHEMBL230,4.3,2022.0,4.3,O=c1/c(=C/c2cccc(O)c2)sc2nc(C34CC5CC(CC(C5)C3)C4)nn12,test,5.438574041521399
CHEMBL5284118,CHEMBL230,7.99,2021.0,7.99,CC1=CCCC2C1(C)CCC(C)C2(C)CCC1=CC(=O)OC1O,val,5.492254612819231
CHEMBL5284227,CHEMBL230,7.0,2022.0,7.0,Cc1nnc(/N=C2\NC(=O)/C(=C/c3ccc(N(C)C)cc3)S2)s1,test,5.492254612819231
CHEMBL5284488,CHEMBL230,6.25,2020.0,6.25,COc1ccc(N2C(=O)/C(=C/c3cn(-c4ccc(S(C)(=O)=O)cc4)nc3-c3cccc(Cl)c3)NC2=S)cc1,test,5.690396180308291
CHEMBL5284686,CHEMBL230,6.66,2022.0,6.66,CCOP(=O)(OCC)C(NC(=O)c1cc(-c2cccc3ccccc23)n(-c2ccc(S(N)(=O)=O)cc2)n1)c1ccc(Cl)cc1,test,5.921462050024983
CHEMBL5284867,CHEMBL230,7.3,2022.0,7.3,CC(=O)Oc1cc2oc(-c3ccc(F)cc3)cc2cc1-c1c[se]nn1,test,5.600662768820494
CHEMBL5284988,CHEMBL230,7.3,2022.0,7.3,CC(=O)Oc1cc2oc(-c3ccccc3)cc2cc1-c1c[se]nn1,test,5.438574041521399
CHEMBL5285268,CHEMBL230,6.66,2022.0,6.66,CCOP(=O)(OCC)C(NC(=O)c1cc(-c2cccc3ccccc23)n(-c2ccc(Br)cc2)n1)c1ccc(OC)cc1,test,5.515870763582652
CHEMBL5285484,CHEMBL230,5.85,2021.0,5.85,CC(C)CC(=O)NC[C@H]1CC[C@H](NC(=O)c2nc3ccccc3cc2O)[C@H](O)O1,test,5.438574041521399
CHEMBL5285490,CHEMBL230,6.6,2022.0,6.6,Cc1nnc(/N=C2\NC(=O)/C(=C/c3cccnc3)S2)s1,val,5.492254612819231
CHEMBL5285552,CHEMBL230,7.0,2022.0,7.0,Cc1nnc(/N=C2\NC(=O)/C(=C/c3ccc(Br)cc3)S2)s1,test,5.492254612819231
CHEMBL5285559,CHEMBL230,6.66,2022.0,6.66,CCOP(=O)(OCC)C(NC(=O)c1cc(-c2cccc3ccccc23)n(-c2ccc(Br)cc2)n1)c1ccccc1OC,test,5.515870763582652
CHEMBL5285788,CHEMBL230,7.05,2022.0,7.05,Cc1ccc(-c2nc(N3CCOCC3)sc2C(=O)c2cccs2)cc1,val,5.600662768820494
CHEMBL5286186,CHEMBL230,7.39,2022.0,7.39,COc1ccc(-c2cc(-c3cccc(-n4cnnn4)c3)no2)cc1,test,5.46488412964799
CHEMBL5286360,CHEMBL230,5.96,2022.0,5.96,COc1ccc(C2=NN(C(N)=O)C(c3cn(-c4ccccc4)nc3-c3ccc(F)cc3)C2)cc1,val,5.600662768820494
CHEMBL5286505,CHEMBL230,5.96,2022.0,5.96,Cc1ccc(C2=NN(C(N)=O)C(c3cn(-c4ccccc4)nc3-c3ccccc3)C2)cc1,val,5.600662768820494
CHEMBL5286663,CHEMBL230,6.66,2022.0,6.66,CCOP(=O)(OCC)C(NC(=O)c1cc(-c2cccc3ccccc23)n(-c2ccc(Br)cc2)n1)c1ccc(Cl)cc1,test,5.586659332221115
CHEMBL5286816,CHEMBL230,7.0,2021.0,7.0,O=C(NC1CCCCC1)c1cc(NCc2cc(O)ccc2O)ccc1O,test,5.438574041521399
CHEMBL5287186,CHEMBL230,6.55,2022.0,6.55,CCOP(=O)(OCC)C(NC(=O)c1cc(-c2ccccc2F)n(-c2ccc(S(N)(=O)=O)cc2)n1)c1ccc(Br)cc1,test,5.921462050024983
CHEMBL52872,CHEMBL230,8.22,1996.0,8.22,CN(C)c1ccc(-c2cc(F)c(F)cc2-c2ccc(S(N)(=O)=O)cc2)cc1Cl,test,6.2863510283148925
CHEMBL5287406,CHEMBL230,6.66,2022.0,6.66,CCOP(=O)(OCC)C(NC(=O)c1cc(-c2ccsc2)n(-c2ccc(S(N)(=O)=O)cc2)n1)c1ccccc1,val,5.921462050024983
CHEMBL5287515,CHEMBL230,5.96,2022.0,5.96,Cc1ccc(C2=NN(C(N)=O)C(c3cn(-c4ccccc4)nc3-c3ccc(F)cc3)C2)cc1,val,5.600662768820494
CHEMBL5287611,CHEMBL230,5.17,2022.0,5.17,CCCCCC1C(C)=c2c(OCc3nnc(SCC(=O)N4CCN(c5ncccn5)CC4)o3)nn(C)c(=O)c2=C1C,test,5.492254612819231
CHEMBL5288176,CHEMBL230,4.28,2020.0,4.28,COc1ccc(C2=NNC(S)C2N(CN2C(=O)/C(=C\c3nnc(-c4ccc(-c5ccc(OC)cc5)cc4)s3)c3ccccc32)C(=O)c2ccccc2)cc1,test,5.671451337458957
CHEMBL5288634,CHEMBL230,6.38,2020.0,6.38,CS(=O)(=O)c1ccc(-n2cc(/C=N/Nc3ccc(S(N)(=O)=O)cc3)c(-c3ccc(Br)cc3)n2)cc1,test,6.5695768726020916
CHEMBL5288656,CHEMBL230,6.66,2022.0,6.66,CCOP(=O)(OCC)C(NC(=O)c1cc(-c2cccc3ccccc23)n(-c2ccc(F)cc2)n1)c1ccc(Cl)cc1,test,5.586659332221115
CHEMBL5288720,CHEMBL230,5.96,2022.0,5.96,NC(=O)N1N=C(c2ccccc2)CC1c1cn(-c2ccccc2)nc1-c1ccc(F)cc1,val,5.600662768820494
CHEMBL52888,CHEMBL230,7.19,1996.0,7.19,COc1ccc(-c2cc(F)c(F)cc2-c2ccc(S(N)(=O)=O)cc2)cc1OC,test,6.2863510283148925
CHEMBL52889,CHEMBL230,6.47,1996.0,6.47,COc1ccc(-c2cc(F)c(F)cc2-c2ccc(S(C)(=O)=O)cc2)cc1OC,test,6.131434086821592
CHEMBL5289008,CHEMBL230,6.98,2022.0,6.98,Cc1ccc(/C=N/NC(=O)c2sc3nc(-c4ccc(Cl)cc4)cc(-c4cccs4)c3c2N)cc1,test,5.936402511204942
CHEMBL5289200,CHEMBL230,6.66,2022.0,6.66,CCOP(=O)(OCC)C(NC(=O)c1cc(-c2cccc3ccccc23)n(-c2ccc(S(N)(=O)=O)cc2)n1)c1ccc(Br)cc1,test,5.921462050024983
CHEMBL5289245,CHEMBL230,8.7,2022.0,8.7,CCc1ccc(/C=C2\CN(C)CC3C2=NN(c2ccccc2)C3c2ccc(CC)s2)s1,test,5.438574041521399
CHEMBL5289353,CHEMBL230,6.98,2022.0,6.98,Nc1c(C(=O)N/N=C/c2ccccc2)sc2nc(-c3ccc(Cl)cc3)cc(-c3cccs3)c12,test,5.936402511204942
CHEMBL5289598,CHEMBL230,7.0,2022.0,7.0,Cc1ccc(/C=C2\S/C(=N/c3nnc(C)s3)NC2=O)cc1,test,5.492254612819231
CHEMBL5289878,CHEMBL230,6.66,2022.0,6.66,CCOP(=O)(OCC)C(NC(=O)c1cc(-c2cccc3ccccc23)n(-c2ccc(F)cc2)n1)c1ccccc1OC,test,5.515870763582652
CHEMBL5289951,CHEMBL230,6.55,2022.0,6.55,CCOP(=O)(OCC)C(NC(=O)c1cc(-c2ccc(F)cc2)n(-c2ccc(S(N)(=O)=O)cc2)n1)c1ccc(Br)cc1,test,6.147128414995354
CHEMBL5289989,CHEMBL230,5.96,2022.0,5.96,NC(=O)N1N=C(c2ccc(Cl)cc2)CC1c1cn(-c2ccccc2)nc1-c1ccccc1,val,5.671451337458957
CHEMBL5290170,CHEMBL230,4.0,2021.0,4.0,COc1ccc2c(c1)c(Cc1nonc1O)c(C)n2C(=O)c1ccccc1,test,5.87880629588689
CHEMBL5290194,CHEMBL230,7.41,2022.0,7.41,COc1ccc(C2CC(c3cccc(-n4cnnn4)c3)=NN2)cc1,val,5.438574041521399
CHEMBL5290253,CHEMBL230,8.7,2022.0,8.7,Cc1sc(/C=C2\CN(C)CC3C2=NN(c2ccccc2)C3c2cc(Br)c(C)s2)cc1Br,test,5.492254612819231
CHEMBL5290356,CHEMBL230,7.3,2022.0,7.3,CC(=O)Oc1cc2oc(-c3cccc(Cl)c3)cc2cc1-c1c[se]nn1,test,5.438574041521399
CHEMBL5290910,CHEMBL230,7.16,2020.0,7.16,C=C1c2nc3ccccc3n2CC(c2ccc(S(C)(=O)=O)cc2)N1c1ccc(C)cc1,test,5.818782209751569
CHEMBL5291369,CHEMBL230,6.55,2022.0,6.55,Bc1ccc(C(NC(=O)c2cc(-c3ccccc3Cl)n(-c3ccc(S(N)(=O)=O)cc3)n2)P(=O)(OCC)OCC)cc1,test,5.921462050024983
CHEMBL5396677,CHEMBL230,6.85,2023.0,6.85,Nc1c(C(=O)N/N=C/c2ccccc2[N+](=O)[O-])cnn1-c1ccc(S(N)(=O)=O)cc1,test,5.953258940554029
CHEMBL5399843,CHEMBL230,5.32,2023.0,5.32,CCCCOc1nnc(CNc2ncnc3sc4c(c23)CCCC4)o1,test,5.438574041521399
CHEMBL5403077,CHEMBL230,7.0,2023.0,7.0,Nc1c(C(=O)N/N=C/c2cccc([N+](=O)[O-])c2)cnn1-c1ccc(S(N)(=O)=O)cc1,test,5.953258940554029
CHEMBL5403487,CHEMBL230,5.67,2023.0,5.67,CC1=NN(C(=O)CNc2ncnc3sc4c(c23)CCCC4)C(C)(O)C1,test,5.515870763582652
CHEMBL54039,CHEMBL230,7.72,1996.0,7.72,COc1ccc(-c2ccccc2-c2ccc(S(N)(=O)=O)cc2)cc1Cl,test,6.2863510283148925
CHEMBL5404379,CHEMBL230,7.31,2023.0,7.31,Nc1c(C(=O)N/N=C/c2ccccc2)cnn1-c1ccc(S(N)(=O)=O)cc1,test,5.953258940554029
CHEMBL5406863,CHEMBL230,5.41,2023.0,5.41,O=C(CNc1ncnc2sc3c(c12)CCCC3)NN=C1C(=O)Nc2ccccc21,val,5.515870763582652
CHEMBL5408885,CHEMBL230,6.81,2023.0,6.81,Nc1c(C(=O)N/N=C/c2ccc([N+](=O)[O-])cc2)cnn1-c1ccc(S(N)(=O)=O)cc1,test,5.953258940554029
CHEMBL5409238,CHEMBL230,4.0,2023.0,4.0,COc1cccc2[nH]cc(-c3cc(-c4ccccc4)oc3-c3ccccc3)c12,val,5.438574041521399
CHEMBL5410341,CHEMBL230,5.82,2023.0,5.82,Cc1c(C(=O)/C=C/c2ccco2)c(C(=O)/C=C/c2ccco2)nn1-c1ccc(Cl)cc1,val,5.7316627976835415
CHEMBL5411261,CHEMBL230,3.529604211184971,2023.0,3.529604211184971,CC1=Nc2c(/N=N/c3ccc(O)cc3)c(N)nn2C1=O,val,5.492254612819231
CHEMBL5414373,CHEMBL230,4.8,2023.0,4.8,CC(=O)Nc1nn2c(NC(C)=O)cc(=O)[nH]c2c1/N=N/c1ccc(O)cc1,test,5.438574041521399
CHEMBL5417201,CHEMBL230,5.19,2023.0,5.19,CC(=O)N/C=C/c1ccc2c(c1)O[C@H](c1ccc(O)c(O)c1)[C@H](NC(C)=O)O2,test,5.438574041521399
CHEMBL5420858,CHEMBL230,6.89,2023.0,6.89,Nc1c(C(=O)N/N=C/c2ccccc2Cl)cnn1-c1ccc(S(N)(=O)=O)cc1,test,5.953258940554029
CHEMBL5421326,CHEMBL230,4.44,2023.0,4.44,Nc1n[nH]c(/N=C2/C(=O)Nc3ccc(S(=O)(=O)N4CCCC4)cc32)c1/N=N/c1ccc(O)cc1,test,5.657909087314324
CHEMBL5422492,CHEMBL230,6.82,2023.0,6.82,COc1ccc(/C=N/NC(=O)c2cnn(-c3ccc(S(N)(=O)=O)cc3)c2N)cc1,test,5.953258940554029
CHEMBL54227,CHEMBL2094253,5.0,1990.0,5.0,Cc1cc(C(=O)/C=C/c2cccs2)cc(C)c1O,val,5.543498954640641
CHEMBL5423515,CHEMBL230,4.1,2023.0,4.1,CCOC(=O)C1=Nc2c(/N=N/c3ccc(O)cc3)c(N)nn2C1=O,val,5.492254612819231
CHEMBL5424006,CHEMBL230,7.1,2023.0,7.1,CN(C)c1ccc(/C=N/NC(=O)c2cnn(-c3ccc(S(N)(=O)=O)cc3)c2N)cc1,test,5.953258940554029
CHEMBL5428573,CHEMBL230,5.16,2023.0,5.16,CC(=O)NCCc1ccc(NC(=O)c2ccc(O)c(O)c2)c(O)c1,val,5.438574041521399
CHEMBL5430378,CHEMBL230,7.22,2023.0,7.22,Nc1c(C(=O)N/N=C/c2ccc(O)cc2)cnn1-c1ccc(S(N)(=O)=O)cc1,test,5.953258940554029
CHEMBL5431270,CHEMBL230,7.05,2023.0,7.05,Nc1c(C(=O)N/N=C/c2ccc(Cl)cc2)cnn1-c1ccc(S(N)(=O)=O)cc1,test,5.953258940554029
CHEMBL54326,CHEMBL230,8.3,1996.0,8.3,Cc1ccc(-c2cc(F)c(F)cc2-c2ccc(S(N)(=O)=O)cc2)cc1C,test,6.2863510283148925
CHEMBL54327,CHEMBL230,8.52,1996.0,8.52,Cc1ccc(-c2cc(F)c(F)cc2-c2ccc(S(N)(=O)=O)cc2)cc1Cl,test,6.2863510283148925
CHEMBL54367,CHEMBL230,4.0,1996.0,4.0,CS(=O)(=O)c1ccc(-c2c(F)c(F)c(F)c(F)c2-c2ccc(F)cc2)cc1,test,6.131434086821592
CHEMBL54370,CHEMBL230,8.4,1996.0,8.4,Cc1ccc(-c2cc(F)c(F)cc2-c2ccc(S(N)(=O)=O)cc2)cc1,test,6.2863510283148925
CHEMBL5440465,CHEMBL230,4.33,2023.0,4.33,Cc1cc(C)n2nc(N)c(/N=N/c3ccc(O)cc3)c2n1,test,5.492254612819231
CHEMBL54412,CHEMBL230,7.77,1996.0,7.77,NS(=O)(=O)c1ccc(-c2ccccc2-c2ccc(F)c(Cl)c2)cc1,test,6.2863510283148925
CHEMBL54605,CHEMBL230,4.0,1996.0,4.0,COc1ccc(-c2ccccc2-c2ccc(S(C)(=O)=O)cc2)cc1F,test,5.908805076963849
CHEMBL54649,CHEMBL230,7.68,1996.0,7.68,COc1ccc(-c2cc(F)c(F)cc2-c2ccc(S(C)(=O)=O)cc2)cc1F,test,6.131434086821592
CHEMBL54945,CHEMBL230,6.62,1996.0,6.62,CS(=O)(=O)c1ccc(-c2cc(Cl)c(Cl)cc2-c2ccc(F)cc2)cc1,test,6.131434086821592
CHEMBL55072,CHEMBL230,7.89,1996.0,7.89,COc1ccc(-c2cc(F)c(F)cc2-c2ccc(S(N)(=O)=O)cc2)cc1F,test,6.2863510283148925
CHEMBL550737,CHEMBL230,8.0,2009.0,8.0,Cc1cccc(Oc2nc(-c3ccc(S(C)(=O)=O)cc3)cc(C(F)(F)F)n2)c1,test,6.435882354151521
CHEMBL551148,CHEMBL230,8.850000000000001,2009.0,8.850000000000001,CS(=O)(=O)c1ccc(-c2cc(C(F)(F)F)nc(NCc3ccc(F)cc3)n2)cc1,test,6.435882354151521
CHEMBL551419,CHEMBL230,7.66,2009.0,7.66,CS(=O)(=O)c1ccc(-c2cc(C(F)(F)F)nc(OCC3CCCC3)n2)cc1,test,6.435882354151521
CHEMBL551829,CHEMBL230,8.85,2009.0,8.85,CS(=O)(=O)c1ccc(-c2cc(C(F)(F)F)nc(NCc3ccccc3)n2)cc1,test,6.435882354151521
CHEMBL551830,CHEMBL230,8.0,2009.0,8.0,Cc1ccc(CNc2nc(-c3ccc(S(C)(=O)=O)cc3)cc(C(F)(F)F)n2)cc1,test,6.435882354151521
CHEMBL55188,CHEMBL230,6.85,1996.0,6.85,CS(=O)(=O)c1ccc(-c2ccccc2-c2ccc(Cl)cc2)cc1,test,5.908805076963849
CHEMBL552081,CHEMBL230,8.0,2009.0,8.0,CS(=O)(=O)c1ccc(-c2cc(C(F)(F)F)nc(OC3CCCCC3)n2)cc1,val,6.435882354151521
CHEMBL552082,CHEMBL230,8.0,2009.0,8.0,CS(=O)(=O)c1ccc(-c2cc(C(F)(F)F)nc(OC3CCCCCCC3)n2)cc1,val,6.435882354151521
CHEMBL552145,CHEMBL230,5.28,2009.0,5.28,CS(=O)(=O)c1ccc(-c2cnc(CCc3ccccc3)nc2-c2ccc(F)cc2)cc1,test,6.186761654393316
CHEMBL55217,CHEMBL2094253,4.96,1990.0,4.96,Cc1cc(/C=C/c2cccnc2)cc(C)c1O,val,5.492254612819231
CHEMBL55224,CHEMBL230,4.0,1996.0,4.0,COc1c(Cl)cc(-c2cc(F)c(F)cc2-c2ccc(S(C)(=O)=O)cc2)cc1Cl,test,6.131434086821592
CHEMBL553,CHEMBL230,5.0,2015.0,5.0,C#Cc1cccc(Nc2ncnc3cc(OCCOC)c(OCCOC)cc23)c1,test,5.438574041521399
CHEMBL55348,CHEMBL230,7.89,1996.0,7.89,COc1ccc(-c2cc(F)c(F)cc2-c2ccc(S(N)(=O)=O)cc2)cc1Cl,test,6.2863510283148925
CHEMBL55389,CHEMBL2094253,6.0,1990.0,6.0,Cc1cc(C(=O)c2cccs2)cc(C)c1O,test,5.492254612819231
CHEMBL55448,CHEMBL2094253,6.4,1990.0,6.4,Cc1cc(/C=C/c2csc3ccccc23)cc(C)c1O,test,5.492254612819231
CHEMBL5558625,CHEMBL230,6.22,2024.0,6.22,COc1ccccc1Oc1ccc(NC(=O)c2c(-c3c(Cl)cccc3Cl)noc2C)cc1,val,5.492254612819231
CHEMBL5561256,CHEMBL230,5.35,2024.0,5.35,COc1ccc(-n2cc(COC(=O)C(C)c3ccc(CC(C)C)cc3)nn2)cc1,val,5.438574041521399
CHEMBL5563763,CHEMBL230,6.96,2024.0,6.96,CCCn1nc(Oc2ccccc2C)ccc1=O,val,5.492254612819231
CHEMBL5564056,CHEMBL230,4.0,2024.0,4.0,C=CCc1cccc(-c2nc(-c3ccccc3Cl)c(-c3ccccc3Cl)[nH]2)c1OC(=O)COC,test,5.438574041521399
CHEMBL5564115,CHEMBL230,5.04,2024.0,5.04,Cc1ccc(C(C)C)c(O)c1/C=N/N=C1/SC(CC(=O)O)C(=O)N1c1cccc2ccccc12,val,5.492254612819231
CHEMBL5564400,CHEMBL230,4.91,2024.0,4.91,CC(C)Cc1ccc(C(C)C(=O)OCc2cn(-c3ccc(Cl)cc3)nn2)cc1,val,5.509362610159863
CHEMBL5564416,CHEMBL230,7.03,2024.0,7.03,CN/N=C/c1coc2ccc(OC)cc2c1=O,test,5.438574041521399
CHEMBL5564555,CHEMBL230,6.47,2024.0,6.47,COC(=O)N/N=C/c1coc2cc(OC)ccc2c1=O,test,5.438574041521399
CHEMBL5565293,CHEMBL230,5.82,2024.0,5.82,COc1ccccc1C1=Nn2c(Cc3ccccc3Nc3c(Cl)cccc3Cl)nnc2SC1,test,4.860513393348123
CHEMBL5565667,CHEMBL230,6.72,2024.0,6.72,CN/N=C/c1coc2ccccc2c1=O,test,5.438574041521399
CHEMBL5568508,CHEMBL230,6.13,2024.0,6.13,CC(C)Cc1ccc(C(C)C(=O)OCc2cn(-c3ccccc3Cl)nn2)cc1,val,5.438574041521399
CHEMBL5569084,CHEMBL230,6.33,2024.0,6.33,CN/N=C/c1coc2cc(OC)ccc2c1=O,test,5.438574041521399
CHEMBL5569838,CHEMBL230,7.04,2024.0,7.04,Cc1ccc(C(C)C)c(O)c1/C=N/N=C1\NC(=O)C(CC(=O)O)S1,test,5.492254612819231
CHEMBL5573650,CHEMBL230,4.0,2024.0,4.0,C=CCc1cccc(-c2nc(-c3ccccc3Cl)c(-c3ccccc3Cl)[nH]2)c1OC(C)=O,test,5.438574041521399
CHEMBL5574567,CHEMBL230,4.0,2024.0,4.0,CCOc1ccc(N)cc1C(=O)Nc1cccc(C(F)(F)F)c1,val,5.2867836390051295
CHEMBL5575020,CHEMBL230,5.04,2024.0,5.04,Clc1ccc(-c2cc(-c3ccco3)no2)c(Cl)c1,test,5.438574041521399
CHEMBL5579718,CHEMBL230,6.0,2023.0,6.0,O=C1c2ccccc2C(=O)N1c1nc2cc([N+](=O)[O-])ccc2n1Cc1cccc(-c2ccccc2)c1,val,5.438574041521399
CHEMBL55805,CHEMBL230,8.52,1996.0,8.52,Cc1cc(-c2cc(F)c(F)cc2-c2ccc(S(N)(=O)=O)cc2)ccc1Cl,test,6.014480928892208
CHEMBL558340,CHEMBL230,8.52,1996.0,8.52,CS(=O)(=O)c1ccc(C2=C(c3ccc(Cl)c(Cl)c3)CC3(CC3)C2)cc1,test,6.131434086821592
CHEMBL5583683,CHEMBL230,4.301029995663981,2024.0,4.301029995663981,COc1ccc(-c2noc(C)c2-c2ccc(Oc3ccccc3)cc2)cc1,test,5.328792669397809
CHEMBL5591853,CHEMBL230,6.64,2024.0,6.64,COC(=O)N/N=C/c1coc2ccc(OC)cc2c1=O,test,5.438574041521399
CHEMBL5592921,CHEMBL230,8.75,2023.0,8.75,COc1ccc2cc(C(C)C(=O)O/N=C(\N)c3ccc(-c4ccccc4)c(-c4ccccc4)c3)ccc2c1,test,5.438574041521399
CHEMBL5595152,CHEMBL230,4.301029995663981,2024.0,4.301029995663981,COc1ccc(-c2noc(CC(=O)O)c2-c2ccc(Oc3ccccc3)cc2)cc1,test,5.328792669397809
CHEMBL56196,CHEMBL2094253,5.0,1990.0,5.0,Cc1cc(/C=C/c2ccc3ccccc3c2)cc(C)c1O,test,5.492254612819231
CHEMBL5631482,CHEMBL230,7.16,2024.0,7.16,NS(=O)(=O)c1ccc(-c2sncc2-c2ccc(F)cc2)cc1,test,6.2863510283148925
CHEMBL5631674,CHEMBL230,4.8,2024.0,4.8,CCC(SC1=NC(c2ccccc2)C(c2ccccc2)N1)C(=O)O,test,4.78321667128687
CHEMBL5631812,CHEMBL230,6.28,2023.0,6.28,CSc1nnc2n(Cc3ccccc3)c(=O)c3c4c(sc3n12)CCCC4,test,5.438574041521399
CHEMBL5631827,CHEMBL230,6.65,2023.0,6.65,CS(=O)(=O)c1ccc(C2CN(c3ccc(C(F)(F)F)cc3)N=N2)cc1,test,5.89220133407202
CHEMBL563262,CHEMBL230,5.0,2009.0,5.0,O=S1(=O)CCCCCNc2nc(cc(C(F)(F)F)n2)-c2ccc1cc2,val,6.065831796967986
CHEMBL5632749,CHEMBL230,4.59,2024.0,4.59,O=C(Nc1ccccc1NC(=O)c1ccc2c(c1)OCO2)c1ccc2c(c1)OCO2,test,5.438574041521399
CHEMBL5633560,CHEMBL230,7.0,2023.0,7.0,COc1cc(/C=C2\S/C(=N/c3nnc(C)s3)NC2=O)cc(OC)c1OC,test,5.492254612819231
CHEMBL56367,CHEMBL230,5.865,1997.0,5.865,CS(=O)(=O)Nc1ccc([N+](=O)[O-])cc1Oc1ccccc1,val,5.438574041521399
CHEMBL564993,CHEMBL230,8.0,2009.0,8.0,Cc1ccc(Oc2nc(-c3ccc(S(C)(=O)=O)cc3)cc(C(F)(F)F)n2)cc1,test,6.435882354151521
CHEMBL56563,CHEMBL2094253,6.52,1990.0,6.52,Cc1cc(CCc2ccc(F)cc2)cc(C)c1O,test,5.492254612819231
CHEMBL57837,CHEMBL230,8.22,1996.0,8.22,Cc1cc(-c2cc(F)c(F)cc2-c2ccc(S(C)(=O)=O)cc2)ccc1Cl,test,5.859563987398907
CHEMBL599,CHEMBL230,6.234999999999999,1997.0,6.234999999999999,Cc1cnc(NC(=O)C2=C(O)c3ccccc3S(=O)(=O)N2C)s1,test,5.5657831527733235
CHEMBL602675,CHEMBL230,4.81,2010.0,4.81,CS(=O)(=O)c1ccc(-n2nc(C(F)(F)F)cc2C2CCN(CCCCO[N+](=O)[O-])CC2)cc1,test,6.127875815140096
CHEMBL602676,CHEMBL230,4.78,2010.0,4.78,NS(=O)(=O)c1ccc(-n2nc(C(F)(F)F)cc2C2CCN(CCCCO[N+](=O)[O-])CC2)cc1,test,6.266405040734037
CHEMBL63323,CHEMBL230,6.04,,6.04,O=C(O)c1cccnc1Nc1cccc(C(F)(F)F)c1,test,5.489113757732601
CHEMBL65793,CHEMBL230,6.36,1997.0,6.36,CCOC(=O)Cn1nc(-c2ccc(S(C)(=O)=O)cc2)c(-c2ccc(F)cc2)c1C(F)(F)F,val,6.186761654393316
CHEMBL66856,CHEMBL230,7.12,1997.0,7.12,C=CCn1nc(-c2ccc(S(C)(=O)=O)cc2)c(-c2ccc(F)cc2)c1C(F)(F)F,val,6.186761654393316
CHEMBL67721,CHEMBL230,6.32,1997.0,6.32,CS(=O)(=O)c1ccc(-c2nn(CC(=O)Nc3ccccc3)c(C(F)(F)F)c2-c2ccc(F)cc2)cc1,test,6.186761654393316
CHEMBL67759,CHEMBL230,2.858200000387963,2005.0,2.858200000387963,CS(=O)(=O)c1ccc(-c2occ(Cl)c(=O)c2-c2ccc(F)cc2F)cc1,test,6.131434086821592
CHEMBL68127,CHEMBL230,6.89,1997.0,6.89,CCn1nc(-c2ccc(S(C)(=O)=O)cc2)c(-c2ccc(F)cc2)c1C(F)(F)F,val,6.186761654393316
CHEMBL68866,CHEMBL230,2.8302000001176983,2005.0,2.8302000001176983,CS(=O)(=O)c1ccc(-c2occ(Cl)c(=O)c2-c2ccc(F)cc2)cc1,test,6.131434086821592
CHEMBL68873,CHEMBL230,2.630099999782637,2005.0,2.630099999782637,CS(=O)(=O)c1ccc(-c2occ(Cl)c(=O)c2-c2cc(F)cc(F)c2)cc1,test,6.131434086821592
CHEMBL68972,CHEMBL230,2.8487000010785124,2005.0,2.8487000010785124,CS(=O)(=O)c1ccc(-c2occ(Cl)c(=O)c2-c2cccc(Cl)c2)cc1,test,6.131434086821592
CHEMBL69030,CHEMBL230,2.151900000138762,2005.0,2.151900000138762,CS(=O)(=O)c1ccc(-c2occ(Cl)c(=O)c2-c2cccnc2)cc1,test,5.903953296819325
CHEMBL69261,CHEMBL230,5.01,2000.0,5.01,Cc1ccccc1-n1c(-c2ccc(S(N)(=O)=O)cc2)coc1=O,test,6.2863510283148925
CHEMBL69557,CHEMBL230,5.64,2000.0,5.64,NS(=O)(=O)c1ccc(-c2coc(=O)n2-c2ccc(F)cc2F)cc1,test,6.2863510283148925
CHEMBL69567,CHEMBL230,3.07789999744852,2005.0,3.07789999744852,CS(=O)(=O)c1ccc(-c2occ(Cl)c(=S)c2-c2ccc(F)cc2)cc1,test,6.131434086821592
CHEMBL69667,CHEMBL230,6.5,2000.0,6.5,CS(=O)(=O)c1ccc(-c2coc(=O)n2-c2ccc(Cl)cc2)cc1,test,6.131434086821592
CHEMBL69683,CHEMBL230,2.163000000008996,2005.0,2.163000000008996,COc1ccc(-c2c(-c3ccc(S(C)(=O)=O)cc3)occ(Cl)c2=O)cc1,test,6.131434086821592
CHEMBL70158,CHEMBL230,6.18,2000.0,6.18,CS(=O)(=O)c1ccc(-c2coc(=O)n2-c2ccccc2F)cc1,test,6.131434086821592
CHEMBL70264,CHEMBL230,2.90839999924685,2005.0,2.90839999924685,CS(=O)(=O)c1ccc(-c2occ(Cl)c(=O)c2-c2ccc(F)c(F)c2)cc1,test,6.131434086821592
CHEMBL70296,CHEMBL230,3.0287000012626586,2005.0,3.0287000012626586,CS(=O)(=O)c1ccc(-c2occ(Cl)c(=O)c2-c2ccc(Cl)cc2)cc1,test,6.131434086821592
CHEMBL70478,CHEMBL230,6.68,2000.0,6.68,COc1ccc(-n2c(-c3ccc(S(N)(=O)=O)cc3)coc2=O)cc1,test,6.2863510283148925
CHEMBL70588,CHEMBL230,6.1,2000.0,6.1,Cc1ccc(-n2c(-c3ccc(S(N)(=O)=O)cc3)coc2=O)cc1,test,6.2863510283148925
CHEMBL70858,CHEMBL230,5.92,2000.0,5.92,NS(=O)(=O)c1ccc(-c2coc(=O)n2-c2ccc(Cl)cc2)cc1,test,6.2863510283148925
CHEMBL70921,CHEMBL230,5.82,2000.0,5.82,NS(=O)(=O)c1ccc(-c2coc(=O)n2-c2ccc(F)cc2)cc1,test,6.2863510283148925
CHEMBL71010,CHEMBL230,5.19,2000.0,5.19,NS(=O)(=O)c1ccc(-c2coc(=O)n2-c2ccccc2Cl)cc1,test,6.2863510283148925
CHEMBL71022,CHEMBL230,5.8,2000.0,5.8,CS(=O)(=O)c1ccc(-c2coc(=O)n2-c2ccccc2)cc1,test,6.131434086821592
CHEMBL71052,CHEMBL230,5.62,2000.0,5.62,NS(=O)(=O)c1ccc(-c2coc(=O)n2-c2ccccc2)cc1,test,6.2863510283148925
CHEMBL71372,CHEMBL230,6.29,2000.0,6.29,Cc1oc(=O)n(-c2ccc(F)cc2)c1-c1ccc(S(N)(=O)=O)cc1,test,6.2863510283148925
CHEMBL71423,CHEMBL230,2.7542999992015957,2005.0,2.7542999992015957,Cc1ccc(-c2c(-c3ccc(S(C)(=O)=O)cc3)occ(Cl)c2=O)cc1,test,6.131434086821592
CHEMBL71455,CHEMBL230,5.81,2000.0,5.81,CCc1ccc(-n2c(-c3ccc(S(N)(=O)=O)cc3)coc2=O)cc1,test,6.2863510283148925
CHEMBL71916,CHEMBL230,6.3979400086720375,1999.0,6.3979400086720375,CC1(C)OC(=O)C(OC2CCC2)=C1c1ccc(S(C)(=O)=O)cc1,val,6.131434086821592
CHEMBL72093,CHEMBL230,4.0,2000.0,4.0,NS(=O)(=O)c1ccc(-c2coc(=O)n2-c2cccc(C(=O)O)c2)cc1,test,6.147128414995354
CHEMBL72294,CHEMBL230,5.77,2000.0,5.77,Cc1ccc(-n2c(-c3ccc(S(N)(=O)=O)cc3)c(C)oc2=O)cc1,test,6.2863510283148925
CHEMBL72352,CHEMBL230,2.966199998880782,2005.0,2.966199998880782,CS(=O)(=O)c1ccc(-c2occ(Cl)c(=O)c2-c2ccccc2)cc1,test,6.131434086821592
CHEMBL72515,CHEMBL230,6.11,2000.0,6.11,COc1ccc(-n2c(-c3ccc(S(N)(=O)=O)cc3)coc2=O)cc1Cl,test,6.2863510283148925
CHEMBL72859,CHEMBL230,5.75,2000.0,5.75,Cc1oc(=O)n(-c2ccccc2)c1-c1ccc(S(N)(=O)=O)cc1,test,6.2863510283148925
CHEMBL7660,CHEMBL2094253,4.475,1992.0,4.475,O=C1CCN(c2ccccc2)N1,val,5.438574041521399
CHEMBL86363,CHEMBL230,8.39,1996.0,8.39,COc1ccc(C2=C(c3ccc(S(C)(=O)=O)cc3)CC3(CC3)C2)cc1Br,test,6.131434086821592
CHEMBL8747,CHEMBL2094253,5.28,1987.0,5.28,CCCCCC(O)c1cccc(OCc2ccc3ccccc3n2)c1,test,5.5657831527733235
CHEMBL88286,CHEMBL230,8.15,1996.0,8.15,CS(=O)(=O)c1ccc(C2=C(c3ccc(F)c(Cl)c3)CC3(CC3)C2)cc1,test,6.131434086821592
CHEMBL8842,CHEMBL2094253,5.0,1990.0,5.0,CC(C)c1cc(/C=C/c2cccnc2)cc(C(C)C)c1O,val,5.438574041521399
CHEMBL8846,CHEMBL2094253,7.27,1990.0,7.27,CC(C)(C)c1cc(C(=O)c2cccs2)cc(C(C)(C)C)c1O,test,5.438574041521399
CHEMBL88493,CHEMBL230,8.4,1996.0,8.4,COc1c(Cl)cc(C2=C(c3ccc(S(N)(=O)=O)cc3)CC3(CC3)C2)cc1Cl,test,6.2863510283148925
CHEMBL88532,CHEMBL230,8.7,1996.0,8.7,COc1ccc(C2=C(c3ccc(S(N)(=O)=O)cc3)CC3(CC3)C2)cc1F,test,6.2863510283148925
CHEMBL88550,CHEMBL230,8.0,1996.0,8.0,COc1ccc(C2=C(c3ccc(S(C)(=O)=O)cc3)CC3(CC3)C2)cc1F,test,6.131434086821592
CHEMBL88649,CHEMBL230,6.89,1996.0,6.89,NS(=O)(=O)c1ccc(C2=C(c3ccc(OC(F)(F)F)cc3)CC3(CC3)C2)cc1,test,6.2863510283148925
CHEMBL88717,CHEMBL230,9.0,1996.0,9.0,NS(=O)(=O)c1ccc(C2=C(c3ccc(Cl)cc3)CC3(CC3)C2)cc1,test,6.2863510283148925
CHEMBL88899,CHEMBL230,7.77,1996.0,7.77,COc1ccc(C2=C(c3ccc(S(C)(=O)=O)cc3)CC3(CC3)C2)cc1Cl,test,6.131434086821592
CHEMBL89089,CHEMBL230,8.3,1996.0,8.3,COc1ccc(C2=C(c3ccc(S(C)(=O)=O)cc3)CC3(CC3)C2)cc1,test,6.131434086821592
CHEMBL89263,CHEMBL230,6.87,1996.0,6.87,CS(=O)(=O)c1ccc(C2=C(c3ccc(OC(F)(F)F)cc3)CC3(CC3)C2)cc1,test,6.131434086821592
CHEMBL89578,CHEMBL230,7.82,1994.0,7.82,CC1(C)CC(c2ccc(F)cc2)=C(c2ccc(S(C)(=O)=O)cc2)C1,test,6.131434086821592
CHEMBL90447,CHEMBL230,8.4,1995.0,8.4,CS(=O)(=O)c1ccc(C2=C(c3ccc(F)cc3)CC3(CCC3)C2)cc1,test,6.131434086821592
CHEMBL91,CHEMBL230,4.59,,4.59,Clc1ccc(COC(Cn2ccnc2)c2ccc(Cl)cc2Cl)c(Cl)c1,val,5.438574041521399
CHEMBL91258,CHEMBL230,7.48,1996.0,7.48,CS(=O)(=O)c1ccc(C2=C(c3ccc(Cl)cc3Cl)CC3(CC3)C2)cc1,test,6.131434086821592
CHEMBL92102,CHEMBL230,8.82,1996.0,8.82,Cc1ccc(C2=C(c3ccc(S(C)(=O)=O)cc3)CC3(CC3)C2)cc1,test,6.131434086821592
CHEMBL92107,CHEMBL230,8.48,1996.0,8.48,CS(=O)(=O)c1ccc(C2=C(c3ccc(F)c(F)c3)CC3(CC3)C2)cc1,test,6.131434086821592
CHEMBL92154,CHEMBL230,8.12,1995.0,8.12,CS(=O)(=O)c1ccc(C2=C(c3ccc(F)cc3)CC3(CC3)C2)cc1,test,6.131434086821592
CHEMBL92233,CHEMBL230,5.825,1998.0,5.825,Cc1ccncc1-c1ncc(Cl)cc1-c1ccc(S(C)(=O)=O)cc1,val,5.959280864391049
CHEMBL92759,CHEMBL230,6.4,1998.0,6.4,CS(=O)(=O)c1ccc(-c2cc(C(F)(F)F)cnc2-c2cccnc2)cc1,val,5.959280864391049
CHEMBL93,CHEMBL230,5.0,2002.0,5.0,CC(c1cc2ccccc2s1)N(O)C(N)=O,test,5.438574041521399
CHEMBL93803,CHEMBL230,5.301029995663981,1996.0,5.301029995663981,CS(=O)(=O)c1ccc(C2=C(c3ccccc3)CC2)cc1,test,6.131434086821592
CHEMBL94938,CHEMBL230,6.76,1998.0,6.76,CS(=O)(=O)c1ccc(-c2cc(Cl)cnc2-c2cccnc2)cc1,val,5.959280864391049
CHEMBL94939,CHEMBL230,6.205,1998.0,6.205,CS(=O)(=O)c1ccc(-c2cc(Cl)cnc2-c2ccccn2)cc1,val,6.186761654393316
CHEMBL95021,CHEMBL230,5.88,1996.0,5.88,NS(=O)(=O)c1ccc(-n2nc(C(F)(F)F)c3c2-c2ccccc2OC3)cc1,test,6.181710971384963
CHEMBL95156,CHEMBL230,6.775,1998.0,6.775,CS(=O)(=O)c1ccc(-c2cc(Cl)cnc2-c2ccc(C3CC3)nc2)cc1,val,6.186761654393316
CHEMBL95469,CHEMBL230,6.92,2000.0,6.92,COc1ccc2c(c1)c(CC(=O)Nc1ccc(NC(C)=O)cc1)c(C)n2C(=O)c1ccc(Cl)cc1,test,5.949594864525354
CHEMBL95558,CHEMBL230,7.24,2000.0,7.24,COC(=O)Cc1ccc(NC(=O)Cc2c(C)n(C(=O)c3ccc(Cl)cc3)c3ccc(OC)cc23)cc1,test,5.949594864525354
CHEMBL956,CHEMBL230,5.56,2008.0,5.56,CC(C(=O)O)c1ccc(C(=O)c2cccs2)cc1,test,5.438574041521399
CHEMBL95640,CHEMBL230,4.180456064458132,2000.0,4.180456064458132,COc1ccc2c(c1)c(CC(=O)OCCc1ccccc1)cn2C(=O)c1ccc(Cl)cc1,val,5.678667880396641
CHEMBL95643,CHEMBL230,7.35,2000.0,7.35,COc1ccc2c(c1)c(CC(=O)OCCc1ccccc1)c(C)n2C(=O)c1ccc(Cl)cc1,val,5.949594864525354
CHEMBL96011,CHEMBL230,6.92,2000.0,6.92,COc1ccc2c(c1)c(CC(=O)Nc1ccc(SC)cc1)c(C)n2C(=O)c1ccc(Cl)cc1,test,5.949594864525354
CHEMBL96098,CHEMBL230,6.535,1998.0,6.535,CCc1ccc(-c2ncc(Cl)cc2-c2ccc(S(C)(=O)=O)cc2)cn1,val,6.186761654393316
CHEMBL96947,CHEMBL230,6.24,1998.0,6.24,Cc1cncc(-c2ncc(Cl)cc2-c2ccc(S(C)(=O)=O)cc2)c1,val,5.959280864391049
CHEMBL96950,CHEMBL230,5.73,1998.0,5.73,Cc1ncccc1-c1ncc(Cl)cc1-c1ccc(S(C)(=O)=O)cc1,val,6.186761654393316
CHEMBL97846,CHEMBL230,7.25,2000.0,7.25,COc1ccc(NC(=O)Cc2c(C)n(C(=O)c3ccc(Cl)cc3)c3ccc(OC)cc23)cc1,test,5.949594864525354
CHEMBL98193,CHEMBL230,5.27,2001.0,5.27,CN1CC(c2ccc(S(C)(=O)=O)cc2)=C(c2ccccc2)O1,test,6.131434086821592
