molecule_chembl_id,target_chembl_id,pchembl_value,year,label,smiles,split
CHEMBL100334,CHEMBL220,6.92,2010.0,6.92,CN(CCOCCNC(=S)NC(=O)c1ccccc1)Cc1ccccc1,train
CHEMBL100366,CHEMBL220,6.11,1997.0,6.11,CN1CC[C@@]2(C)c3cc(OC(=O)Nc4ccccc4)ccc3N(C=O)C12,train
CHEMBL100510,CHEMBL220,7.0,2010.0,7.0,CN(CCOCCNC(=S)NC(=O)c1ccc2ccccc2c1)Cc1ccccc1,train
CHEMBL101028,CHEMBL220,6.0,2010.0,6.0,CN(CCOCCNC(=S)Nc1ccc(OC(F)(F)F)cc1)Cc1ccccc1,train
CHEMBL101155,CHEMBL220,5.96,2010.0,5.96,CN(CCOCCCNC(=S)NC(=O)c1ccccc1)Cc1ccccc1,train
CHEMBL101482,CHEMBL220,3.0,1997.0,3.0,CCC(C)CSC(=O)OCC[N+](C)(C)C.[Cl-],test
CHEMBL101518,CHEMBL220,7.52,2010.0,7.52,CN(CCOCCNC(=S)NC(=O)c1ccc(Cl)cc1)Cc1ccccc1,train
CHEMBL101809,CHEMBL220,6.64,2010.0,6.64,CN(CCOCCNC(=S)NC(=O)c1ccc(-c2ccccc2)cc1)Cc1ccccc1,train
CHEMBL101940,CHEMBL220,7.26,2010.0,7.26,CN(CCOCCNC(=S)NC(=O)c1ccc(Cl)c(Cl)c1)Cc1ccccc1,train
CHEMBL101988,CHEMBL220,5.75,2010.0,5.75,CN(CCOCCNC(=S)Nc1ccc(Cl)cc1)Cc1ccccc1,train
CHEMBL102077,CHEMBL220,4.05,1997.0,4.05,CCCCCCSC(=O)OCC[N+](C)(C)C.[Cl-],test
CHEMBL102078,CHEMBL220,3.1505149978319906,1997.0,3.1505149978319906,CCCCSC(=O)OCC[N+](C)(C)C.[Cl-],test
CHEMBL102142,CHEMBL220,7.11,2010.0,7.11,Cc1ccc(C(=O)NC(=S)NCCOCCN(C)Cc2ccccc2)cc1,train
CHEMBL102226,CHEMBL220,4.35,1997.0,4.35,CCCCCCCSC(=O)OCC[N+](C)(C)C.[Cl-],test
CHEMBL1025,CHEMBL220,5.22,2008.0,5.22,CC(C)OP(=O)(F)OC(C)C,test
CHEMBL102637,CHEMBL220,2.0,1997.0,2.0,CCSC(=O)OCC[N+](C)(C)C.[Cl-],test
CHEMBL103153,CHEMBL220,4.3,1997.0,4.3,CCc1ccccc1SC(=O)OCC[N+](C)(C)C.[Cl-],val
CHEMBL103873,CHEMBL220,5.609999999999999,1997.0,5.609999999999999,CCCCCSC(=O)OCC[N+](C)(C)C.[Cl-],test
CHEMBL103890,CHEMBL220,4.4,1997.0,4.4,CCC(C)(C)SC(=O)OCC[N+](C)(C)C.[Cl-],test
CHEMBL103959,CHEMBL220,3.8005149978319905,1997.0,3.8005149978319905,CCc1ccc(SC(=O)OCC[N+](C)(C)C)cc1.[Cl-],val
CHEMBL104,CHEMBL220,4.71,,4.71,Clc1ccccc1C(c1ccccc1)(c1ccccc1)n1ccnc1,train
CHEMBL104334,CHEMBL220,6.19,1992.0,6.19,CN(C)Cc1ccc(CSCCNc2cc(Nc3ncccc3[N+](=O)[O-])c([N+](=O)[O-])cc2[N+](=O)[O-])o1,val
CHEMBL104355,CHEMBL220,6.19,1992.0,6.19,CN(C)Cc1ccc(CSCCNc2ccc(F)cc2[N+](=O)[O-])o1,train
CHEMBL104387,CHEMBL220,7.7,2011.0,7.7,[Br-].[Br-].c1ccc2c(c1)ccc[n+]2CCCCCCCCCCCC[n+]1cccc2ccccc21,train
CHEMBL104553,CHEMBL220,7.4,2011.0,7.4,[Br-].[Br-].c1ccc2c[n+](CCCCCCCCC[n+]3ccc4ccccc4c3)ccc2c1,train
CHEMBL104613,CHEMBL220,7.0,2011.0,7.0,[Br-].[Br-].c1ccc2c[n+](CCCCCCCCCCC[n+]3ccc4ccccc4c3)ccc2c1,test
CHEMBL104681,CHEMBL220,6.92,1992.0,6.92,CN(C)Cc1ccc(CSCCNc2cc(F)c([N+](=O)[O-])cc2[N+](=O)[O-])o1,train
CHEMBL104891,CHEMBL220,2.6505149978319906,1997.0,2.6505149978319906,CCCSC(=O)OCC[N+](C)(C)C.[Cl-],test
CHEMBL105017,CHEMBL220,7.1,2011.0,7.1,[Br-].[Br-].c1ccc2c(c1)ccc[n+]2CCCCCCCCC[n+]1cccc2ccccc21,train
CHEMBL105257,CHEMBL220,8.0,2011.0,8.0,[Br-].[Br-].c1ccc2c(c1)ccc[n+]2CCCCCCCCCCC[n+]1cccc2ccccc21,train
CHEMBL105537,CHEMBL220,3.8632794328435933,2011.0,3.8632794328435933,[Br-].[Br-].c1ccc2c[n+](CCCCCCCCCCCC[n+]3ccc4ccccc4c3)ccc2c1,train
CHEMBL105742,CHEMBL220,5.7,2010.0,5.7,[Br-].[Br-].c1cc[n+](CCCCCCCCC[n+]2ccccc2)cc1,train
CHEMBL105874,CHEMBL220,7.9,2010.0,7.9,O=C1c2ccc([N+](=O)[O-])cc2C(=O)N1CCC1CCN(Cc2ccccc2)CC1,train
CHEMBL106082,CHEMBL220,6.2,1992.0,6.2,CN(C)Cc1ccc(CSCCNc2cc(Nc3ccccc3C#N)c([N+](=O)[O-])cc2[N+](=O)[O-])o1,train
CHEMBL106126,CHEMBL220,4.77,2004.0,4.77,Cc1c(C(C)C)c(=O)on1C(=O)N1CCC[C@H](C)C1,train
CHEMBL106344,CHEMBL220,5.89,1992.0,5.89,CN(C)Cc1ccc(CSCCNc2cc(NCc3ccccn3)c([N+](=O)[O-])cc2[N+](=O)[O-])o1,train
CHEMBL106348,CHEMBL220,6.28,1992.0,6.28,CN(C)CCNc1cc(NCCSCc2ccc(CN(C)C)o2)c([N+](=O)[O-])cc1[N+](=O)[O-],train
CHEMBL106418,CHEMBL220,5.92,1992.0,5.92,CCCCCNc1cc(NCCSCc2ccc(CN(C)C)o2)c([N+](=O)[O-])cc1[N+](=O)[O-],train
CHEMBL106782,CHEMBL220,6.58,1992.0,6.58,CCCNc1cc(NCCSCc2ccc(CN(C)C)o2)c([N+](=O)[O-])cc1[N+](=O)[O-],train
CHEMBL106891,CHEMBL220,7.1,2010.0,7.1,O=C1c2ccccc2C(=O)N1CCC1CCN(Cc2ccccc2)CC1,train
CHEMBL106932,CHEMBL220,6.36,1992.0,6.36,CC(C)=NNc1cc(NCCSCc2ccc(CN(C)C)o2)c([N+](=O)[O-])cc1[N+](=O)[O-],train
CHEMBL106936,CHEMBL220,6.16,1992.0,6.16,CN(C)Cc1ccc(CSCCNc2cc(NCc3ccccc3)c([N+](=O)[O-])cc2[N+](=O)[O-])o1,test
CHEMBL107254,CHEMBL220,6.17,1992.0,6.17,CN(C)Cc1ccc(CSCCNc2cc(Nc3ccc(F)cc3)c([N+](=O)[O-])cc2[N+](=O)[O-])o1,train
CHEMBL107488,CHEMBL220,5.52,2018.0,5.52,Cc1c(C)c2ccc(OCc3cccc(O)c3)cc2oc1=O,train
CHEMBL107541,CHEMBL220,5.52,2018.0,5.52,Cc1ccccc1COc1ccc2c(C)c(C)c(=O)oc2c1,train
CHEMBL1076243,CHEMBL220,7.0,2009.0,7.0,CCCCCCOC(=O)[C@H](CCC(=O)NCCC1CCN(Cc2ccccc2)CC1)NC(=O)Cc1cc2ccc(Cl)cc2s1,val
CHEMBL1076259,CHEMBL220,6.57,2009.0,6.57,CCCCCCOC(=O)[C@H](CCC(=O)NCCC1CCN(Cc2ccccc2)CC1)NC(=O)c1cc2ccccc2s1,train
CHEMBL1076260,CHEMBL220,6.36,2009.0,6.36,CCCCCCOC(=O)[C@H](CCC(=O)NCCC1CCN(Cc2ccccc2)CC1)NC(=O)c1cc2cccnc2s1,train
CHEMBL1076550,CHEMBL220,2.701146923590293,2010.0,2.701146923590293,C(=C\C[n+]1ccccc1)\C[n+]1ccccc1.[Cl-].[Cl-],val
CHEMBL107673,CHEMBL220,6.51,1992.0,6.51,CN(C)Cc1ccc(CSCCNc2cc(NCc3cccnc3)c([N+](=O)[O-])cc2[N+](=O)[O-])o1,train
CHEMBL107892,CHEMBL220,7.08,1992.0,7.08,CN(C)Cc1ccc(CSCCNc2cc(N)c([N+](=O)[O-])cc2[N+](=O)[O-])o1,train
CHEMBL1079905,CHEMBL220,5.19,2013.0,5.19,CCCn1cnc2c1c(=O)n(CCCCC(C)=O)c(=O)n2C,train
CHEMBL1080274,CHEMBL220,6.52,2009.0,6.52,CCCCCCOC(=O)[C@H](CCC(=O)NCCC1CCN(Cc2ccccc2)CC1)NC(=O)c1cc2ccsc2s1,train
CHEMBL1080386,CHEMBL220,4.522878745280337,2011.0,4.522878745280337,CC(C)c1ccc(NC(=O)Oc2ccc3c(c2)[C@]2(C)CCN(CCc4ccccc4)[C@@H]2N3C)cc1,train
CHEMBL1080631,CHEMBL220,6.28,2009.0,6.28,CCCCCCOC(=O)[C@H](CCC(=O)NCCC1CCN(Cc2ccccc2)CC1)NC(=O)c1ccccc1,train
CHEMBL1080813,CHEMBL220,6.3,2009.0,6.3,CCCCCCOC(=O)[C@H](CCC(=O)NCCC1CCN(Cc2ccccc2)CC1)NC(=O)c1cccs1,train
CHEMBL1080814,CHEMBL220,6.75,2009.0,6.75,CCCCCCOC(=O)[C@H](CCC(=O)NCCC1CCN(Cc2ccccc2)CC1)NC(=O)c1cc(Br)cs1,train
CHEMBL1081031,CHEMBL220,7.66,2022.0,7.66,CN1c2ccc(OC(=O)NC3CCCCC3)cc2[C@]2(C)CCN(CCc3ccccc3)[C@H]12,train
CHEMBL1081032,CHEMBL220,7.17,2022.0,7.17,CN1c2ccc(OC(=O)NCC3CCCCC3)cc2[C@]2(C)CCN(CCc3ccccc3)[C@H]12,train
CHEMBL1081124,CHEMBL220,3.196542884351586,2010.0,3.196542884351586,[Br-].[Br-].c1cc[n+](Cc2ccccc2C[n+]2ccccc2)cc1,train
CHEMBL1081125,CHEMBL220,2.6270879970298933,2010.0,2.6270879970298933,[Br-].[Br-].c1cc[n+](Cc2cccc(C[n+]3ccccc3)c2)cc1,test
CHEMBL1081126,CHEMBL220,2.812479279163537,2010.0,2.812479279163537,[Br-].[Br-].c1cc[n+](Cc2ccc(C[n+]3ccccc3)cc2)cc1,train
CHEMBL1081448,CHEMBL220,2.752026733638193,2010.0,2.752026733638193,[Cl-].[Cl-].c1cc[n+](COC[n+]2ccccc2)cc1,train
CHEMBL1081449,CHEMBL220,2.696803942579511,2010.0,2.696803942579511,[Br-].[Br-].c1cc[n+](CCOCC[n+]2ccccc2)cc1,train
CHEMBL1081613,CHEMBL220,2.640164517660112,2010.0,2.640164517660112,C(=C/C[n+]1ccccc1)\C[n+]1ccccc1.[Br-].[Br-],val
CHEMBL108163,CHEMBL220,6.19,1992.0,6.19,CN(C)Cc1ccc(CSCCNc2cc(Nc3ccccc3)c([N+](=O)[O-])cc2[N+](=O)[O-])o1,train
CHEMBL1081810,CHEMBL220,6.85,2010.0,6.85,[Br-].[Br-].c1cc[n+](Cc2ccc3ccc(C[n+]4ccccc4)cc3c2)cc1,test
CHEMBL1082081,CHEMBL220,6.02,2009.0,6.02,CCCCCCOC(=O)[C@H](CCC(=O)NCCC1CCN(Cc2ccccc2)CC1)NC(=O)OC(C)(C)C,test
CHEMBL1082082,CHEMBL220,6.6,2009.0,6.6,CCCCCCOC(=O)[C@H](CCC(=O)NCCC1CCN(Cc2ccccc2)CC1)NC(=O)OCc1ccccc1,train
CHEMBL1082419,CHEMBL220,6.8,2010.0,6.8,CCCCCCNC(=O)Oc1cccc(CN(CC)CCCOc2ccc3c(=O)c4ccccc4oc3c2)c1,train
CHEMBL1082427,CHEMBL220,4.61,2010.0,4.61,CC(=O)N(C)c1cccc2n1cc(-c1ccc(OC(=O)N(C)C)cc1)[n+]2C.[Cl-],train
CHEMBL1082428,CHEMBL220,5.4,2010.0,5.4,CNC(=O)Oc1ccc(-c2cn3c(C)cccc3[n+]2C)cc1.[I-],train
CHEMBL1082433,CHEMBL220,6.52,2010.0,6.52,O=C(CCC1CCN(Cc2ccccc2)CC1)c1ccccc1,test
CHEMBL1082434,CHEMBL220,7.52,2010.0,7.52,O=C(CCC1CCN(Cc2ccccc2)CC1)c1ccc2c(c1)OCO2,train
CHEMBL1082435,CHEMBL220,8.37,2010.0,8.37,CCn1c(C)nc2cc(C(=O)CCC3CCN(Cc4ccccc4)CC3)ccc21,train
CHEMBL1082436,CHEMBL220,7.48,2010.0,7.48,O=C(CCC1CCN(Cc2ccccc2)CC1)c1ccc2[nH]c(-c3ccccc3)nc2c1,test
CHEMBL1082738,CHEMBL220,8.06,2010.0,8.06,c1ccc2c(NCCCCCCCCNc3c4c(nc5ccccc35)CCCC4)ccnc2c1,train
CHEMBL1082739,CHEMBL220,7.42,2010.0,7.42,c1ccc2c(NCCCCCCCCCNc3c4c(nc5ccccc35)CCCC4)ccnc2c1,train
CHEMBL1082740,CHEMBL220,3.1307682802690238,2010.0,3.1307682802690238,FC(F)(F)c1cc(-c2ccccc2)nnc1NCCN1CCOCC1,test
CHEMBL1082741,CHEMBL220,3.5686362358410126,2010.0,3.5686362358410126,Nc1cc(-c2ccccc2)nnc1NCCN1CCOCC1,test
CHEMBL1082746,CHEMBL220,5.96,2010.0,5.96,CNC(=O)Oc1ccc(-c2cn3c(NC(C)=O)cccc3[n+]2C)cc1.[I-],train
CHEMBL1082747,CHEMBL220,5.15,2010.0,5.15,CN(C)C(=O)Oc1cccc(-c2cn3ccccc3[n+]2C)c1.[Cl-],train
CHEMBL1082748,CHEMBL220,4.62,2010.0,4.62,Cc1cccc2n1cc(-c1cccc(OC(=O)N(C)C)c1)[n+]2C.[Cl-],train
CHEMBL1082749,CHEMBL220,4.47,2010.0,4.47,CN(C)C(=O)Oc1cccc(-c2cn3c(C(F)(F)F)cccc3[n+]2C)c1.[Cl-],train
CHEMBL1082750,CHEMBL220,4.69,2010.0,4.69,COc1cccc2n1cc(-c1cccc(OC(=O)N(C)C)c1)[n+]2C.[Cl-],train
CHEMBL1082977,CHEMBL220,4.74,2011.0,4.74,CC1CCN(c2nccc(NCc3ccccc3)n2)CC1,train
CHEMBL1082978,CHEMBL220,5.01,2011.0,5.01,c1ccc(CCNc2ccnc(N3CCCC3)n2)cc1,test
CHEMBL1082979,CHEMBL220,4.58,2011.0,4.58,c1ccc(CCNc2ccnc(N3CCSCC3)n2)cc1,train
CHEMBL1082980,CHEMBL220,4.69,2011.0,4.69,CN1CCN(c2nccc(NCCc3ccccc3)n2)CC1,train
CHEMBL1082981,CHEMBL220,5.06,2011.0,5.06,CC1CCN(c2nccc(NCCc3ccccc3)n2)CC1,train
CHEMBL1083054,CHEMBL220,5.0,2010.0,5.0,c1ccc(-c2ccc(NCCCCCN3Cc4ccccc4CN3)nn2)cc1,test
CHEMBL1083055,CHEMBL220,4.89,2010.0,4.89,CN(CCCNc1ccc(-c2ccccc2)nn1)Cc1ccccc1,test
CHEMBL1083056,CHEMBL220,6.52,2010.0,6.52,COc1cc2c(cc1OC)C(O)C(CC1CCN(c3ccccc3)CC1)C2,train
CHEMBL1083057,CHEMBL220,6.13,2010.0,6.13,CN(CCCCCNc1ccc(-c2ccccc2)nn1)Cc1ccccc1,train
CHEMBL1083058,CHEMBL220,4.19,2010.0,4.19,c1ccc(CN2CCC(Nc3ccc(-c4ccccc4)nn3)CC2)cc1,train
CHEMBL1083063,CHEMBL220,5.6,2010.0,5.6,CC(=O)Nc1cccc2n1cc(-c1cccc(OC(=O)N(C)C)c1)[n+]2C.[Cl-],train
CHEMBL1083064,CHEMBL220,6.46,2010.0,6.46,CNC(=O)Oc1cccc(-c2cn3ccccc3[n+]2C)c1.[I-],train
CHEMBL1083065,CHEMBL220,8.1,2010.0,8.1,COc1ccc2c(c1OC)C(=O)CC2CCC1CCN(Cc2ccccc2)CC1,test
CHEMBL1083066,CHEMBL220,6.94,2010.0,6.94,CCCCCCCNC(=O)Oc1ccc2c(c1)[C@]1(C)CCN(C)[C@@H]1C2,val
CHEMBL1083067,CHEMBL220,8.0,2010.0,8.0,CCCCCCNC(=O)Oc1ccc2c(c1)[C@]1(C)CCN(C)[C@@H]1C2,val
CHEMBL1083069,CHEMBL220,9.32,2010.0,9.32,O=C1CNc2cc3onc(CCC4CCN(Cc5ccccc5)CC4)c3cc2C1,test
CHEMBL1083070,CHEMBL220,7.0,2010.0,7.0,CCCCCCNC(=O)Oc1cccc(CN(C)CCCCOc2ccc3c(=O)c4ccccc4oc3c2)c1,train
CHEMBL1083367,CHEMBL220,4.25,2010.0,4.25,c1ccc(CN2CCC(CNc3ccc(-c4ccccc4)nn3)CC2)cc1,train
CHEMBL1083373,CHEMBL220,5.35,2010.0,5.35,CNC(=O)Oc1cccc(-c2cn3c(NC(C)=O)cccc3[n+]2C)c1.[I-],train
CHEMBL1083374,CHEMBL220,8.52,2010.0,8.52,CNC(=O)Oc1cccc(CN(C)CCCOc2ccc3c(c2)O/C(=C\c2cc(O)c(O)c(O)c2)C3=O)c1,train
CHEMBL1083375,CHEMBL220,7.24,2010.0,7.24,CCCCCCCNC(=O)Oc1ccc2c(c1)[C@]1(C)CCN(CC)[C@@H]1C2,val
CHEMBL1083379,CHEMBL220,7.0,2010.0,7.0,CCCCCCNC(=O)Oc1cccc(CN(C)CCCCCOc2ccc3c(=O)c4ccccc4oc3c2)c1,train
CHEMBL1083488,CHEMBL220,8.6,2010.0,8.6,c1ccc2c(NCCCCCCNc3c4c(nc5ncccc35)CCCCC4)c3c(nc2c1)CCCCC3,train
CHEMBL1083660,CHEMBL220,7.62,2010.0,7.62,CN1CCCc2cc(C(=O)CCC3CCN(Cc4ccccc4)CC3)ccc21,train
CHEMBL1083661,CHEMBL220,7.23,2010.0,7.23,O=C(CCC1CCN(Cc2ccccc2)CC1)c1ccc2c(c1)CCCN2,train
CHEMBL1083662,CHEMBL220,7.27,2010.0,7.27,O=C(CCC1CCN(Cc2ccccc2)CC1)c1ccc2c(c1)CCCN2c1ccccc1,val
CHEMBL1083676,CHEMBL220,3.3565473235138126,2010.0,3.3565473235138126,OCc1cc(-c2ccccc2)nnc1NCCN1CCOCC1,test
CHEMBL1083677,CHEMBL220,5.68,2010.0,5.68,O=C1c2ccccc2CCC1CC1CCN(c2ccccc2)CC1,train
CHEMBL1083678,CHEMBL220,4.82,2010.0,4.82,O=C1c2ccccc2CCCC1CC1CCN(c2ccccc2)CC1,test
CHEMBL1083789,CHEMBL220,6.5,2010.0,6.5,NCCCCCCCNc1c2c(nc3ccccc13)CCCC2,train
CHEMBL1083790,CHEMBL220,6.88,2010.0,6.88,NCCCCCCCCCNc1c2c(nc3ccccc13)CCCC2,train
CHEMBL1083791,CHEMBL220,7.28,2010.0,7.28,CN(C)CCCCCCCNc1c2c(nc3ccccc13)CCCC2,train
CHEMBL1083972,CHEMBL220,5.72,2010.0,5.72,COC(=O)c1cc2c(N)c3c(nc2nc1C)CCC3,test
CHEMBL1083973,CHEMBL220,5.7,2010.0,5.7,CCOC(=O)c1cc2c(N)c3c(nc2nc1C)CCCCC3,train
CHEMBL1083976,CHEMBL220,6.4,2010.0,6.4,CCCCCCNC(=O)Oc1cccc(CN(CCC)CCCOc2ccc3c(=O)c4ccccc4oc3c2)c1,train
CHEMBL1083977,CHEMBL220,6.77,2010.0,6.77,CCCCCCNC(=O)Oc1cccc(CN(CCCOc2ccc3c(=O)c4ccccc4oc3c2)C(C)C)c1,train
CHEMBL1083982,CHEMBL220,8.24,2010.0,8.24,COc1cc2c(cc1OC)C(=O)C(CC1CCN(c3ccccc3)CC1)C2,train
CHEMBL1083983,CHEMBL220,10.7,2010.0,10.7,O=C(CCc1c[nH]c2ccccc12)NCCCCCCNc1c2c(nc3ccccc13)CCCC2,val
CHEMBL1083984,CHEMBL220,10.22,2010.0,10.22,O=C(CCc1c[nH]c2ccccc12)NCCCCCCCNc1c2c(nc3ccccc13)CCCC2,train
CHEMBL1084090,CHEMBL220,7.38,2010.0,7.38,CCCCCCNC(=O)Oc1cccc(CN(C)CCCOc2ccc3c(=O)c4cccnc4oc3c2)c1,test
CHEMBL1084091,CHEMBL220,6.6,2010.0,6.6,CCCCNC(=O)Oc1cccc(CN(C)CCCOc2ccc3c(=O)ccoc3c2)c1,train
CHEMBL1084092,CHEMBL220,6.83,2010.0,6.83,NCCCCCCCCCCNc1c2c(nc3ccccc13)CCCC2,train
CHEMBL1084093,CHEMBL220,6.75,2010.0,6.75,NCCCCCCCCCCCCNc1c2c(nc3ccccc13)CCCC2,train
CHEMBL1084094,CHEMBL220,7.33,2010.0,7.33,CN(C)CCCCCCCCNc1c2c(nc3ccccc13)CCCC2,train
CHEMBL1084095,CHEMBL220,7.15,2010.0,7.15,CN(C)CCCCCCCCCNc1c2c(nc3ccccc13)CCCC2,train
CHEMBL1084096,CHEMBL220,7.87,2010.0,7.87,c1ccc2c(NCCCCCCCCNc3ccncc3)c3c(nc2c1)CCCC3,train
CHEMBL1084155,CHEMBL220,5.43,2010.0,5.43,Cc1ccc2nc3c(c(Nc4ccccc4)c2c1)CCCC3,train
CHEMBL1084167,CHEMBL220,6.16,2010.0,6.16,CC(=O)Nc1cccc2n1cc(-c1ccc(OC(=O)N(C)C)cc1)[n+]2C.[Cl-],train
CHEMBL1084210,CHEMBL220,5.26,2011.0,5.26,c1ccc2c(CNc3ccnc(N4CCCC4)n3)cccc2c1,test
CHEMBL1084211,CHEMBL220,4.83,2011.0,4.83,c1ccc2c(CNc3ccnc(N4CCOCC4)n3)cccc2c1,train
CHEMBL1084212,CHEMBL220,4.89,2011.0,4.89,c1ccc2c(CNc3ccnc(N4CCSCC4)n3)cccc2c1,train
CHEMBL1084213,CHEMBL220,4.76,2011.0,4.76,CN1CCN(c2nccc(NCc3cccc4ccccc34)n2)CC1,train
CHEMBL1084250,CHEMBL220,5.7,2010.0,5.7,COC(=O)c1cc2c(N)c3c(nc2nc1C)CCCCC3,train
CHEMBL1084254,CHEMBL220,5.83,2010.0,5.83,O=C(CCC1CCN(Cc2ccccc2)CC1)c1ccc2c(c1)N(c1ccccc1)CCC2,test
CHEMBL1084255,CHEMBL220,4.46,2010.0,4.46,c1ccc(-c2ccc(NCCCN3CCc4ccccc4C3)nn2)cc1,train
CHEMBL1084256,CHEMBL220,8.66,2010.0,8.66,O=C(Nc1ccccc1)c1ccc2c(c1)C(=O)N(CCC1CCN(Cc3ccccc3)CC1)C2=O,train
CHEMBL1084257,CHEMBL220,4.96,2010.0,4.96,CN(CCCCNc1ccc(-c2ccccc2)nn1)Cc1ccccc1,test
CHEMBL1084262,CHEMBL220,8.36,2010.0,8.36,O=C(CCc1c[nH]c2ccccc12)NCCCCCCCCCNc1c2c(nc3cc(Cl)ccc13)CCCC2,test
CHEMBL1084263,CHEMBL220,7.66,2010.0,7.66,O=C(CCc1c[nH]c2ccccc12)NCCCCCCCCCCNc1c2c(nc3cc(Cl)ccc13)CCCC2,train
CHEMBL1084275,CHEMBL220,8.17,2010.0,8.17,Cc1nc2ccc(C(=O)CCC3CCN(Cc4ccccc4)CC3)cc2s1,test
CHEMBL1084276,CHEMBL220,6.68,2010.0,6.68,CNC(=O)Oc1cccc(CN(C)CC#CCOc2ccc3c(=O)c4ccccc4oc3c2)c1,train
CHEMBL1084366,CHEMBL220,7.17,2010.0,7.17,CCCCCCNC(=O)Oc1cccc(CN(C)CCCOc2ccc3c(=O)cc(-c4ccccc4)oc3c2)c1,train
CHEMBL1084367,CHEMBL220,7.35,2010.0,7.35,CN(C)CCCCCCCCCCNc1c2c(nc3ccccc13)CCCC2,train
CHEMBL1084368,CHEMBL220,6.58,2010.0,6.58,CN(C)CCCCCCCCCCCCNc1c2c(nc3ccccc13)CCCC2,train
CHEMBL1084369,CHEMBL220,7.89,2010.0,7.89,c1ccc2c(NCCCCCCCNc3ccncc3)c3c(nc2c1)CCCC3,train
CHEMBL1084442,CHEMBL220,4.71,2010.0,4.71,CNC(=O)Oc1ccc(-c2cn3ccccc3[n+]2C)cc1.[I-],train
CHEMBL1084517,CHEMBL220,5.75,2010.0,5.75,COC(=O)c1cc2c(N)c3c(nc2nc1C)CCCCCC3,train
CHEMBL1084518,CHEMBL220,5.68,2010.0,5.68,CCOC(=O)c1cc2c(N)c3c(nc2nc1C)CCC3,test
CHEMBL1084519,CHEMBL220,5.75,2010.0,5.75,CCOC(=O)c1cc2c(N)c3c(nc2nc1C)CCCCCC3,train
CHEMBL1084530,CHEMBL220,7.08,2010.0,7.08,c1ccc2c(NCCCCCCCCCNc3ccncc3)c3c(nc2c1)CCCC3,train
CHEMBL1084531,CHEMBL220,6.75,2010.0,6.75,c1ccc2c(NCCCCCCCCCCNc3ccncc3)c3c(nc2c1)CCCC3,train
CHEMBL1084542,CHEMBL220,4.89,2010.0,4.89,c1ccc(-c2ccc(NCN3CCCCC3)nc2)cc1,train
CHEMBL1084543,CHEMBL220,4.0,2010.0,4.0,c1ccc(-c2cnc(NCN3CCCCC3)nc2)cc1,train
CHEMBL1084544,CHEMBL220,9.15,2010.0,9.15,O=C(CCOCCc1c[nH]c2ccccc12)NCCCCCCNc1c2c(nc3cc(Cl)ccc13)CCCC2,test
CHEMBL1084545,CHEMBL220,8.52,2010.0,8.52,O=C(CCOCCc1c[nH]c2ccccc12)NCCCCCCCNc1c2c(nc3cc(Cl)ccc13)CCCC2,test
CHEMBL1084635,CHEMBL220,7.42,2010.0,7.42,CCN1CC[C@@]2(C)c3cc(OC(=O)NC)ccc3C[C@@H]12,val
CHEMBL1084703,CHEMBL220,7.0,2010.0,7.0,c1ccc(CN2CCC(CNc3nsc4ccccc34)CC2)cc1,train
CHEMBL1084709,CHEMBL220,4.57,2010.0,4.57,Cc1cn2cc(C(N)=O)ccc2[n+]1C.[I-],train
CHEMBL1084774,CHEMBL220,6.58,2010.0,6.58,c1ccc(NCCCCCCCCCCCCNc2c3c(nc4ccccc24)CCCC3)cc1,train
CHEMBL1084775,CHEMBL220,8.0,2010.0,8.0,c1ccc2c(NCCCCCCCNc3c4c(nc5ccccc35)CCCC4)ccnc2c1,train
CHEMBL1084776,CHEMBL220,6.12,2010.0,6.12,Cc1ccc2c(Nc3ccccc3)c3c(nc2c1)CCCC3,train
CHEMBL1084777,CHEMBL220,6.77,2010.0,6.77,Clc1ccc2c(Nc3ccccc3)c3c(nc2c1)CCCC3,train
CHEMBL1084784,CHEMBL220,4.77,2010.0,4.77,CN(C)C(=O)Oc1ccc(-c2cn3ccccc3[n+]2C)cc1.Cc1ccc(S(=O)(=O)[O-])cc1,train
CHEMBL1084785,CHEMBL220,5.0,2010.0,5.0,CN(C)C(=O)Oc1ccc(-c2cn3c(C(F)(F)F)cccc3[n+]2C)cc1.[Cl-],train
CHEMBL1084786,CHEMBL220,4.24,2010.0,4.24,c1ccc(-c2ncc(NCN3CCCCC3)nn2)cc1,train
CHEMBL1084787,CHEMBL220,4.27,2010.0,4.27,c1ccc(-c2nnc(NCN3CCCCC3)s2)cc1,train
CHEMBL1084788,CHEMBL220,4.22,2010.0,4.22,c1ccc(-c2cnc(NCN3CCCCC3)nn2)cc1,train
CHEMBL1084789,CHEMBL220,4.33,2010.0,4.33,c1ccc(C2=NNC(NCN3CCCCC3)=NC2)cc1,test
CHEMBL1084790,CHEMBL220,7.92,2010.0,7.92,Cc1nc2cc(C(=O)CCC3CCN(Cc4ccccc4)CC3)ccc2[nH]1,train
CHEMBL1084808,CHEMBL220,4.6,2011.0,4.6,CN1CCN(c2nccc(NCc3ccccc3)n2)CC1,train
CHEMBL1084880,CHEMBL220,6.75,2010.0,6.75,CCN1CC[C@@]2(C)c3cc(OC(=O)Nc4ccccc4)ccc3C[C@@H]12,train
CHEMBL1084881,CHEMBL220,7.21,2010.0,7.21,CCCCCCNC(=O)Oc1ccc2c(c1)[C@]1(C)CCN(CCC)[C@@H]1C2,val
CHEMBL1084882,CHEMBL220,6.3,2010.0,6.3,CCCCCCCNC(=O)Oc1ccc2c(c1)[C@]1(C)CCN(Cc3ccccc3)[C@@H]1C2,train
CHEMBL1084883,CHEMBL220,7.89,2010.0,7.89,CCCCCCNC(=O)Oc1cccc(CN(C)CCCOc2ccc3ccc(=O)oc3c2)c1,test
CHEMBL1084952,CHEMBL220,3.8413360191860106,2010.0,3.8413360191860106,Nc1c2c(nc3ccccc13)-c1cc(Br)ccc1CC2,train
CHEMBL1085011,CHEMBL220,6.26,2010.0,6.26,CCCCCCNC(=O)Oc1ccc2c(c1)C1CCN(CCC)C1C2,val
CHEMBL1085017,CHEMBL220,5.8,2010.0,5.8,O=[N+]([O-])c1ccc2nc3c(c(Nc4ccccc4)c2c1)CCCC3,train
CHEMBL1085018,CHEMBL220,5.32,2010.0,5.32,O=[N+]([O-])c1ccc2c(Nc3ccccc3)c3c(nc2c1)CCCC3,train
CHEMBL1085019,CHEMBL220,5.27,2010.0,5.27,Cc1cc(-c2ccccc2)nnc1NCCN1CCCCC1,train
CHEMBL1085020,CHEMBL220,5.89,2010.0,5.89,Cc1cc(-c2ccc(Cl)cc2)nnc1NCCN1CCCCC1,train
CHEMBL1085021,CHEMBL220,6.0,2010.0,6.0,Cc1cc(-c2ccc3c(c2)OCO3)nnc1NCCN1CCCCC1,val
CHEMBL1085022,CHEMBL220,5.8,2010.0,5.8,CN(C)C(=O)Nc1cccc2n1cc(-c1ccc(OC(=O)N(C)C)cc1)[n+]2C.[Cl-],train
CHEMBL1085026,CHEMBL220,5.09,2010.0,5.09,COc1cccc2n1cc(-c1ccc(OC(=O)N(C)C)cc1)[n+]2C.[Cl-],train
CHEMBL1085027,CHEMBL220,5.92,2010.0,5.92,CN(C)C(=O)Oc1ccc(-c2cn3c(NC=O)cccc3[n+]2C)cc1.[Cl-],train
CHEMBL1085028,CHEMBL220,6.7,2010.0,6.7,CN(C)C(=O)Oc1ccc(-c2cn3c(NC(=O)c4ccccc4)cccc3[n+]2C)cc1.[Cl-],train
CHEMBL1085029,CHEMBL220,5.87,2010.0,5.87,CNC(=O)Nc1cccc2n1cc(-c1ccc(OC(=O)N(C)C)cc1)[n+]2C.[Cl-],train
CHEMBL1085030,CHEMBL220,7.52,2010.0,7.52,CN(CCOCCNC(=S)NC(=O)c1ccc2c(c1)C(=O)c1ccccc1-2)Cc1ccccc1,train
CHEMBL1085031,CHEMBL220,8.22,2010.0,8.22,CN(CCOCCNC(=S)NC(=O)c1ccc2c(c1)C(=O)c1ccccc1C2=O)Cc1ccccc1,test
CHEMBL1085032,CHEMBL220,5.4,2010.0,5.4,CN(CCOCCNC(=S)Nc1ccccn1)Cc1ccccc1,train
CHEMBL1085125,CHEMBL220,7.05,2010.0,7.05,CCCCNC(=O)Oc1ccc2c(c1)[C@]1(C)CCN(CC)[C@@H]1C2,val
CHEMBL1085126,CHEMBL220,4.9,2010.0,4.9,CCN1CC[C@@]2(C)c3cc(OC(=O)NC(C)(C)C)ccc3C[C@@H]12,val
CHEMBL1085127,CHEMBL220,6.81,2010.0,6.81,CCCNC(=O)Oc1ccc2c(c1)[C@]1(C)CCN(CC)[C@@H]1C2,val
CHEMBL1085128,CHEMBL220,5.88,2010.0,5.88,CCN1CC[C@@]2(C)c3cc(OC(=O)NC(C)c4ccccc4)ccc3C[C@@H]12,train
CHEMBL1085129,CHEMBL220,7.68,2010.0,7.68,CCCCCCNC(=O)Oc1cccc(CN(C)CCCOc2ccc3c(=O)ccoc3c2)c1,train
CHEMBL1085274,CHEMBL220,4.21,2010.0,4.21,CCN1CCCC1CNc1ccc(-c2ccccc2)nn1,train
CHEMBL1085275,CHEMBL220,4.08,2010.0,4.08,c1ccc(-c2ccc(NCCN3CCc4ccccc4C3)nn2)cc1,train
CHEMBL1085276,CHEMBL220,6.82,2010.0,6.82,O=C1c2ccccc2CC1CC1CCN(c2ccccc2)CC1,train
CHEMBL1085277,CHEMBL220,5.36,2010.0,5.36,COc1cc2c(cc1OC)CC(CC1CCN(c3ccccc3)CC1)=C2,train
CHEMBL1085278,CHEMBL220,8.17,2010.0,8.17,CNC(=O)Oc1cccc(CN(C)CCCCCCCCOc2ccc3c(=O)c4ccccc4oc3c2)c1,train
CHEMBL1085279,CHEMBL220,4.9,2010.0,4.9,CN(C)C(=O)Oc1cccc(-c2cn3c(Cl)cccc3[n+]2C)c1.[Cl-],train
CHEMBL1085280,CHEMBL220,5.02,2010.0,5.02,C[n+]1c(-c2ccccc2)cn2cc(C(N)=O)ccc21.[I-],train
CHEMBL1085281,CHEMBL220,4.3,2010.0,4.3,COC(=O)Nc1ccc2n(c1)cc(-c1ccccc1)[n+]2C.[Cl-],train
CHEMBL1085284,CHEMBL220,5.96,2010.0,5.96,COC(=O)Nc1cccc2n1cc(-c1ccc(OC(=O)N(C)C)cc1)[n+]2C.[Cl-],train
CHEMBL1085285,CHEMBL220,6.92,2010.0,6.92,c1ccc(CN2CCC(CNc3n[nH]c4ccccc34)CC2)cc1,train
CHEMBL1085382,CHEMBL220,7.16,2010.0,7.16,CCN1CC[C@@]2(C)c3cc(OC(=O)NCc4ccccc4)ccc3C[C@@H]12,train
CHEMBL1085383,CHEMBL220,7.03,2010.0,7.03,CCCCCCCNC(=O)Oc1ccc2c(c1)[C@]1(C)CCN(CCC)[C@@H]1C2,val
CHEMBL1085384,CHEMBL220,6.68,2010.0,6.68,CCCCCCNC(=O)Oc1ccc2c(c1)[C@@H]1CCN(CC)[C@@H]1C2,val
CHEMBL1085385,CHEMBL220,5.97,2010.0,5.97,CCCCNC(=O)Oc1ccc2c(c1)C1CCN(CC)C1C2,val
CHEMBL1085386,CHEMBL220,5.66,2010.0,5.66,CCCNC(=O)Oc1ccc2c(c1)C1CCN(CC)C1C2,val
CHEMBL1085465,CHEMBL220,4.89,2010.0,4.89,CCCc1cc(N2CCC=N2)ccc1C(=O)O/N=C(\N)c1ccc(C(F)(F)F)cc1,train
CHEMBL1085505,CHEMBL220,4.71,2011.0,4.71,c1ccc(CCNc2ccnc(N3CCOCC3)n2)cc1,train
CHEMBL1085526,CHEMBL220,7.93,2010.0,7.93,CNC(=O)Oc1cccc(CN(C)CCCCCCCCCOc2ccc3c(=O)c4ccccc4oc3c2)c1,train
CHEMBL1085527,CHEMBL220,7.66,2010.0,7.66,CNC(=O)Oc1cccc(CN(C)CCCCCCCCCCOc2ccc3c(=O)c4ccccc4oc3c2)c1,train
CHEMBL1085629,CHEMBL220,6.6,2010.0,6.6,CCN1CCC2c3cc(OC(=O)NC)ccc3CC21,val
CHEMBL1085630,CHEMBL220,6.2,2010.0,6.2,CCCCCCCNC(=O)Oc1ccc2c(c1)C1CCN(CCC)C1C2,val
CHEMBL1085702,CHEMBL220,8.83,2010.0,8.83,Nc1ccc2c(c1)c(-c1ccccc1)[n+](CCCNCCCNCCCNc1c3c(nc4ccccc14)CCCC3)c1cc(N)ccc21.[Cl-],train
CHEMBL1085703,CHEMBL220,6.05,2010.0,6.05,COc1ccccc1CN(C)CCCN(C)CCCNCCC[n+]1c(-c2ccccc2)c2cc(N)ccc2c2ccc(N)cc21.[Cl-],test
CHEMBL1085758,CHEMBL220,4.9,2010.0,4.9,CN(C)C(=O)Oc1ccc(-c2cn3c(Cl)cccc3[n+]2C)cc1.[Cl-],train
CHEMBL1085759,CHEMBL220,5.89,2010.0,5.89,Cc1cccc2n1cc(-c1ccc(OC(=O)N(C)C)cc1)[n+]2C.[Cl-],train
CHEMBL1085780,CHEMBL220,5.06,2011.0,5.06,c1ccc(CNc2ccnc(N3CCCC3)n2)cc1,train
CHEMBL1085781,CHEMBL220,4.85,2011.0,4.85,c1ccc(CNc2ccnc(N3CCOCC3)n2)cc1,train
CHEMBL1085858,CHEMBL220,7.17,2010.0,7.17,O=C(CCC1CCN(Cc2ccccc2)CC1)c1ccc2c(c1)CCN2c1ccccc1,train
CHEMBL1085932,CHEMBL220,9.28,2010.0,9.28,CNC(=O)Oc1cccc(CN(C)CCCCCCCOc2ccc3c(c2)O/C(=C\c2cc(O)c(O)c(O)c2)C3=O)c1,train
CHEMBL1085933,CHEMBL220,8.68,2010.0,8.68,CNC(=O)Oc1cccc(CN(C)CCCCCCCOc2ccc3c(c2)O/C(=C\c2ccc4ccccc4c2)C3=O)c1,train
CHEMBL1085937,CHEMBL220,3.3872161432802645,2010.0,3.3872161432802645,c1ccc(-c2ccc(NCCCN3CCOCC3)nn2)cc1,train
CHEMBL1085938,CHEMBL220,8.74,2010.0,8.74,CNC(=O)Oc1cccc(CN(C)CCCCCCCOc2ccc3c(c2)C/C(=C\c2cc(O)c(O)c(O)c2)C3=O)c1,train
CHEMBL1085939,CHEMBL220,8.01,2010.0,8.01,CNC(=O)Oc1cccc(CN(C)CCCCCCCOc2ccc3c(c2)OC/C(=C/c2cc(O)c(O)c(O)c2)C3=O)c1,test
CHEMBL1085940,CHEMBL220,8.31,2010.0,8.31,CNC(=O)Oc1cccc(CN(C)CCCCCCCOc2ccc3c(c2)CC/C(=C/c2cc(O)c(O)c(O)c2)C3=O)c1,train
CHEMBL1086007,CHEMBL220,8.82,2010.0,8.82,O=C(CCOCCc1c[nH]c2ccccc12)NCCCCCNc1c2c(nc3cc(Cl)ccc13)CCCC2,train
CHEMBL1086014,CHEMBL220,4.63,2011.0,4.63,c1ccc(CNc2ccnc(N3CCSCC3)n2)cc1,train
CHEMBL1086090,CHEMBL220,6.42,2010.0,6.42,CCCCCCCNC(=O)Oc1ccc2c(c1)[C@@H]1CCN(CC)[C@@H]1C2,val
CHEMBL1086184,CHEMBL220,6.0,2010.0,6.0,COC(=O)c1cc2c(N)c3c(nc2nc1C)CCCC3,test
CHEMBL1086185,CHEMBL220,3.769551078621726,2010.0,3.769551078621726,CN(CCNc1ccc(-c2ccccc2)nn1)Cc1ccccc1,train
CHEMBL1086245,CHEMBL220,8.27,2010.0,8.27,CNC(=O)Oc1cccc(CN(C)CCCOc2ccc(C(=O)c3ccccc3)cc2)c1,train
CHEMBL1086246,CHEMBL220,7.61,2010.0,7.61,CNC(=O)Oc1cccc(CN(C)CCCOc2ccc(Cc3ccccc3)cc2)c1,train
CHEMBL1086247,CHEMBL220,7.08,2010.0,7.08,CNC(=O)Oc1cccc(CN(C)CCCOc2ccc3ccccc3c2)c1,train
CHEMBL1086248,CHEMBL220,7.1,2010.0,7.1,CNC(=O)Oc1cccc(CN(C)CCCOc2ccccc2)c1,train
CHEMBL1086358,CHEMBL220,5.17,2010.0,5.17,C/C(=N\O)c1ccc(Cl)c(NC(=O)c2c(-c3ccccc3Cl)noc2C)c1,test
CHEMBL1086927,CHEMBL220,4.52,2011.0,4.52,COC(=O)C(C)CC(=O)C[C@@H](C)[C@H]1C[C@H](O)[C@@]2(C)C3=C(C(=O)C[C@]12C)[C@@]1(C)CCC(=O)C(C)(C)[C@@H]1C[C@@H]3O,train
CHEMBL108697,CHEMBL220,5.52,2018.0,5.52,Cc1c(C)c2ccc(OCc3cccc(F)c3)cc2oc1=O,train
CHEMBL1087131,CHEMBL220,4.64,2011.0,4.64,CC(CC(=O)C[C@@H](C)[C@H]1C[C@H](O)[C@@]2(C)C3=C(C(=O)C[C@]12C)[C@@]1(C)CCC(=O)C(C)(C)[C@@H]1CC3)C(=O)O,train
CHEMBL1087180,CHEMBL220,4.64,2011.0,4.64,CC(CC(=O)C[C@@H](C)[C@H]1CC(=O)[C@@]2(C)C3=C(C(=O)C[C@]12C)[C@@]1(C)CC[C@H](O)C(C)(C)[C@@H]1C[C@@H]3O)C(=O)O,train
CHEMBL1087194,CHEMBL220,6.11,2010.0,6.11,CCOC(=O)c1cc2c(N)c3c(nc2nc1C)CCCC3,test
CHEMBL1088018,CHEMBL220,3.2967086218813386,2010.0,3.2967086218813386,[Br-].[Br-].c1cc[n+](CCCC[n+]2ccccc2)cc1,train
CHEMBL1088019,CHEMBL220,2.896196279044043,2010.0,2.896196279044043,[Br-].[Br-].c1cc[n+](CCCCC[n+]2ccccc2)cc1,test
CHEMBL1088155,CHEMBL220,3.6179829574251317,2010.0,3.6179829574251317,[Br-].[Br-].c1cc[n+](CCCCCCC[n+]2ccccc2)cc1,test
CHEMBL108928,CHEMBL220,5.52,2018.0,5.52,Cc1c(C)c2ccc(OCc3cc(F)cc(F)c3)cc2oc1=O,train
CHEMBL109018,CHEMBL220,5.494999999999999,2008.0,5.494999999999999,Cc1c(C)c2ccc(OCc3cccc(Cl)c3)cc2oc1=O,train
CHEMBL109084,CHEMBL220,5.52,2018.0,5.52,Cc1c(C)c2ccc(OCCc3ccccc3)cc2oc1=O,test
CHEMBL109085,CHEMBL220,5.52,2018.0,5.52,Cc1cccc(COc2ccc3c(C)c(C)c(=O)oc3c2)c1,train
CHEMBL1096939,CHEMBL220,5.51,2013.0,5.51,CC(C)=CCC/C(C)=C/Cc1cc(C2CC(=O)c3c(O)cc(O)cc3O2)c(O)cc1O,test
CHEMBL1098308,CHEMBL220,8.0,2021.0,8.0,O=C(CN1CCCCC1)Nc1ccc2nc3c4[nH]c5ccccc5c4ccn3c(=O)c2c1,test
CHEMBL1098479,CHEMBL220,4.6,2011.0,4.6,C[C@H](CC[C@@H](O)C(C)(C)O)[C@H]1CC[C@@]2(C)C3=CC[C@H]4C(C)(C)C(=O)CC[C@]4(C)C3=CC[C@]12C,test
CHEMBL109869,CHEMBL220,7.45,2000.0,7.45,CC1=CC2Cc3nc4cccc(F)c4c(N)c3C(C1)C2,train
CHEMBL110045,CHEMBL220,4.27,2002.0,4.27,COc1ccccc1CN1CCCCCC(=O)N(C)CCCCCCCCN(C)C(=O)CCCCCN(Cc2ccccc2OC)Cc2ccc(cc2)-c2ccc(cc2)C1,train
CHEMBL111309,CHEMBL220,5.52,2018.0,5.52,Cc1c(C)c2ccc(OCc3ccccc3)cc2oc1=O,train
CHEMBL111310,CHEMBL220,5.52,2018.0,5.52,COc1cccc(COc2ccc3c(C)c(C)c(=O)oc3c2)c1,train
CHEMBL1127,CHEMBL220,6.165,1996.0,6.165,Nc1c2c(nc3ccccc13)CC(O)CC2,train
CHEMBL1128,CHEMBL220,5.71,1997.0,5.71,CC[N+](C)(C)c1cccc(O)c1.[Cl-],val
CHEMBL11298,CHEMBL220,4.42,2023.0,4.42,N[C@@H](CO)C(=O)O,test
CHEMBL113,CHEMBL220,5.119999999999999,2013.0,5.119999999999999,Cn1c(=O)c2c(ncn2C)n(C)c1=O,train
CHEMBL1134,CHEMBL220,6.0,2014.0,6.0,C[N+](C)(C)CCCCCCCCCC[N+](C)(C)C.[Br-].[Br-],test
CHEMBL114059,CHEMBL220,6.855,1992.0,6.855,Cc1cccc([N+](=O)[O-])c1,val
CHEMBL11514,CHEMBL220,4.79,2001.0,4.79,CNC(=O)Oc1ccc2c(c1)[C@@H]1[C@@H](CCN1C)CO2,test
CHEMBL11531,CHEMBL220,4.0,2019.0,4.0,COc1ccc2cc3n(c(=O)c2c1OC)CCc1cc2c(cc1-3)OCO2,train
CHEMBL115580,CHEMBL220,3.8728952016351923,2010.0,3.8728952016351923,CC1Cc2c(nc3ccccc3c2N)C1(C)O,train
CHEMBL115581,CHEMBL220,4.0,2007.0,4.0,O=C1C(=O)N(Cc2ccccc2)c2ccccc21,train
CHEMBL115697,CHEMBL220,4.16,2010.0,4.16,Nc1c2c(nc3ccccc13)-c1ccccc1NCC2,train
CHEMBL115835,CHEMBL220,6.57,2007.0,6.57,CCCCC1=NC2(CCCC2)C(=O)N1Cc1ccc(-c2ccccc2C(=O)OC(C)(C)C)cc1,train
CHEMBL115897,CHEMBL220,4.0,2007.0,4.0,O=C1Nc2ccc(Br)cc2C1=O,train
CHEMBL116040,CHEMBL220,4.0,2007.0,4.0,O=C1Nc2ccc(F)cc2C1=O,train
CHEMBL1161674,CHEMBL220,6.44,2004.0,6.44,NC1=C2CCCCC2=NC2CCCCC12,train
CHEMBL1161714,CHEMBL220,7.54,2004.0,7.54,Nc1c2c(nc3cccc(F)c13)C1CC(C2)C1,train
CHEMBL1161715,CHEMBL220,6.79,2004.0,6.79,Nc1c2c(nc3ccc(O)cc13)CCCC2,train
CHEMBL1161716,CHEMBL220,5.77,2004.0,5.77,C=C1c2c(Cl)cccc2N=C2CCCCCN12,train
CHEMBL1161717,CHEMBL220,6.8,2004.0,6.8,C=C1c2ccc(Cl)cc2N=C2CCCCCN12,train
CHEMBL1161718,CHEMBL220,6.3,2004.0,6.3,C=C1c2cc(Cl)ccc2N=C2CCCCCN12,train
CHEMBL1161719,CHEMBL220,5.43,2004.0,5.43,C=C1c2ccccc2N=C2CCCCCN12,train
CHEMBL1161720,CHEMBL220,5.82,2004.0,5.82,C=C1c2cccc(Cl)c2N=C2CCCCCN12,train
CHEMBL1161905,CHEMBL220,9.37,2016.0,9.37,CC1=C[C@@H]2Cc3nc4cc(Cl)ccc4c(N)c3[C@H](C1)C2,train
CHEMBL116379,CHEMBL220,3.958607314841775,2014.0,3.958607314841775,NC(=O)c1cc[n+](CCCC[n+]2ccc(/C=N/O)cc2)cc1.[Br-].[Br-],train
CHEMBL116649,CHEMBL220,4.0,2007.0,4.0,O=C1Nc2ccc(OC(F)(F)F)cc2C1=O,train
CHEMBL1171854,CHEMBL220,5.6,2010.0,5.6,CN(C)c1cccc(OC(=O)Nc2ccccc2)c1,train
CHEMBL1172830,CHEMBL220,5.73,2010.0,5.73,COS(=O)(=O)[O-].C[N+](C)(C)c1cccc(OC(=O)Nc2ccccc2)c1,train
CHEMBL1172893,CHEMBL220,5.21,2017.0,5.21,COc1cc2c(cc1OC)[C@@H]1[C@H](O)[C@@H](OC)C=C3CCN(C2)[C@H]31,train
CHEMBL1172913,CHEMBL220,7.84,2010.0,7.84,Cc1ccccc1NC(=O)Oc1ccc2c(c1)[C@]1(C)CC[N+](C)(C)C1N2C.[Br-],train
CHEMBL1173090,CHEMBL220,6.52,2010.0,6.52,CC(C)c1ccc(NC(=O)Oc2ccc3c(c2)[C@]2(C)CC[N+](C)(CCc4ccccc4)C2N3C)cc1.[Br-],train
CHEMBL1173543,CHEMBL220,4.522878745280337,2010.0,4.522878745280337,O=C(Nc1ccccc1)Oc1cccnc1,train
CHEMBL1173603,CHEMBL220,4.522878745280337,2010.0,4.522878745280337,C[n+]1cccc(OC(=O)Nc2ccccc2)c1.[Br-],test
CHEMBL1173604,CHEMBL220,7.58,2010.0,7.58,CNC(=O)Oc1ccc2c(c1)[C@]1(C)CC[N+](C)(C)C1N2C.[Br-],test
CHEMBL1173605,CHEMBL220,7.59,2010.0,7.59,CN1c2ccc(OC(=O)Nc3ccccc3)cc2[C@]2(C)CC[N+](C)(C)C12.[Br-],train
CHEMBL1173624,CHEMBL220,6.84,2010.0,6.84,CC(C)c1ccc(NC(=O)Oc2ccc3c(c2)[C@]2(C)CC[N+](C)(C)C2N3C)cc1.[Br-],train
CHEMBL117447,CHEMBL220,4.0,2007.0,4.0,O=C1C(=O)N(c2ccccc2)c2ccccc21,train
CHEMBL117651,CHEMBL220,13.113509274827518,2014.0,13.113509274827518,Nc1ccc2c(c1)c(-c1ccccc1)[n+](CCCCCCc1cnnn1CCNc1c3c(nc4ccccc14)CCCC3)c1cc(N)ccc21,train
CHEMBL117826,CHEMBL220,3.0,2010.0,3.0,Nc1c2ccccc2nc2c1cnc1cc(Cl)ccc12,train
CHEMBL1179697,CHEMBL220,9.32,2011.0,9.32,CN1C(=O)Cc2cc3c(CCC4CCN(Cc5ccccc5)CC4)noc3cc21,train
CHEMBL118033,CHEMBL220,4.33,2010.0,4.33,COc1ccc2c(c1)CCc1c-2nc2ccccc2c1N,train
CHEMBL11805,CHEMBL220,6.77,1998.0,6.77,COc1ccccc1CN(C)CCCCCC(=O)N(C)CCCCCCCCN(C)C(=O)CCCCCN(C)Cc1ccccc1OC,test
CHEMBL118139,CHEMBL220,4.42,2010.0,4.42,Nc1c2c(nc3ccccc13)CCCc1ccccc1-2,train
CHEMBL118305,CHEMBL220,4.0,2007.0,4.0,O=C1Nc2ccc([N+](=O)[O-])cc2C1=O,train
CHEMBL11833,CHEMBL220,6.615,2001.0,6.615,CNC(=O)Oc1ccc2c(c1)OC[C@@H]1CCN(C)[C@H]21,test
CHEMBL1186527,CHEMBL220,4.86,2022.0,4.86,OC1CCN2Cc3ccccc3N=C12,test
CHEMBL1187434,CHEMBL220,9.57,2017.0,9.57,COc1cc2c(cc1OC)C(=O)C(CC1CCN(CCCNc3c4c(nc5cc(Cl)ccc35)CCCC4)CC1)C2,train
CHEMBL118752,CHEMBL220,5.36,2010.0,5.36,Nc1c2c(nc3ccccc13)CCC2,train
CHEMBL118883,CHEMBL220,4.0,2007.0,4.0,Cc1ccc2c(c1)C(=O)C(=O)N2,train
CHEMBL118968,CHEMBL220,5.04,2010.0,5.04,Nc1c2c(nc3ccccc13)CCCCCC2,train
CHEMBL1190,CHEMBL220,3.7259243748081783,2008.0,3.7259243748081783,C[N+](C)(C)CCCCCCCCCC[N+](C)(C)C,test
CHEMBL1190127,CHEMBL220,7.74,2021.0,7.74,O=C(NCCCCCCCNc1c2c(nc3cc(Cl)ccc13)CCCC2)c1ccc2nc(-c3ccc(Cl)cc3)c3c(c2c1)OCCC3,train
CHEMBL1190535,CHEMBL220,3.3914739664228057,2014.0,3.3914739664228057,COc1cc(C(C#N)N2CCN(C)CC2)cc(OC)c1OC,test
CHEMBL1190983,CHEMBL220,5.4,2022.0,5.4,C#CCN(C)C1CCc2c(OC(=O)N(C)CC)cccc21,train
CHEMBL1191355,CHEMBL220,4.24,2014.0,4.24,N#CC(c1ccc2c(c1)OCO2)N1CCOCC1,val
CHEMBL1192998,CHEMBL220,3.4100503986742923,2014.0,3.4100503986742923,COc1cc(C(C#N)N2CCOCC2)cc(OC)c1OC,train
CHEMBL1193656,CHEMBL220,3.8239087409443187,2022.0,3.8239087409443187,C#CCNC1CCc2c(OC(=O)N(C)CC)cccc21,train
CHEMBL1193856,CHEMBL220,3.136677139879544,2022.0,3.136677139879544,C#CCN(C)C1CCc2cccc(OC(=O)N(C)C)c21,train
CHEMBL119389,CHEMBL220,4.6,2010.0,4.6,CCCCC1=C(C)Cc2c1nc1ccccc1c2N,train
CHEMBL119390,CHEMBL220,5.46,2010.0,5.46,CC1=C(C)c2nc3ccccc3c(N)c2C1,train
CHEMBL1194486,CHEMBL220,7.94,2021.0,7.94,O=C(CCc1ccc2nc(-c3ccccc3)c3c(c2c1)OCCC3)NCCCCCCCNc1c2c(nc3cc(Cl)ccc13)CCCC2,val
CHEMBL1194487,CHEMBL220,7.85,2021.0,7.85,O=C(CCc1ccc2nc(-c3ccccc3)c3c(c2c1)OCCC3)NCCCCCCCCNc1c2c(nc3cc(Cl)ccc13)CCCC2,train
CHEMBL1194868,CHEMBL220,3.5601937886066697,2014.0,3.5601937886066697,CN1CCN(C(C#N)c2ccc3c(c2)OCO3)CC1,val
CHEMBL1195130,CHEMBL220,7.96,2021.0,7.96,O=C(CCc1ccc2nc(-c3ccccc3)c3c(c2c1)OCCC3)NCCCCCCNc1c2c(nc3cc(Cl)ccc13)CCCC2,train
CHEMBL1195259,CHEMBL220,4.07,2022.0,4.07,C#CCNC1CCc2c(OC(=O)N(C)C)cccc21,train
CHEMBL119528,CHEMBL220,4.04,2010.0,4.04,CCCCC1(O)c2nc3ccccc3c(N)c2CC1C,train
CHEMBL1196204,CHEMBL220,7.93,2014.0,7.93,O=C(NCCCCCCCCNc1c2c(nc3cc(Cl)ccc13)CCCC2)c1ccc2nc(-c3ccc(Cl)cc3)c3c(c2c1)OCCC3,train
CHEMBL119634,CHEMBL220,4.16,2010.0,4.16,COc1ccc2c(c1)CCCc1c-2nc2ccccc2c1N,test
CHEMBL1196495,CHEMBL220,7.52,2011.0,7.52,O=C(CCC1CCN(Cc2ccccc2)CC1)c1ccc2c(c1)OCCO2,test
CHEMBL1198953,CHEMBL220,9.22,2021.0,9.22,C[n+]1ccc2c3ccccc3n(CCCCCCCCCn3c4ccccc4c4cc[n+](C)cc43)c2c1,val
CHEMBL1198993,CHEMBL220,4.07,2021.0,4.07,c1ccc2c(c1)[nH]c1c[n+](CCCCCCCCCCCC[n+]3ccc4c(c3)[nH]c3ccccc34)ccc12,test
CHEMBL1200623,CHEMBL220,5.19,,5.19,CC[C@]1(O)CC[C@H]2[C@@H]3CCC4=CCCC[C@@H]4[C@H]3CC[C@@]21C,train
CHEMBL1200970,CHEMBL220,2.9913998282380825,2011.0,2.9913998282380825,CCN(CC)C(C)CN1c2ccccc2Sc2ccccc21.Cl,train
CHEMBL1201092,CHEMBL220,4.945,2017.0,4.945,CCN(C)C(=O)Oc1cccc([C@H](C)N(C)C)c1.O=C(O)[C@H](O)[C@@H](O)C(=O)O,val
CHEMBL1201142,CHEMBL220,4.0,2020.0,4.0,C#CCN[C@@H]1CCc2ccccc21.CS(=O)(=O)O,train
CHEMBL1201196,CHEMBL220,7.0,2024.0,7.0,Clc1ccc(C(Cn2ccnc2)OCc2csc3c(Cl)cccc23)c(Cl)c1,train
CHEMBL1201217,CHEMBL220,6.74,2018.0,6.74,CCCCOc1ccc(C(=O)CCN2CCCCC2)cc1,test
CHEMBL12014,CHEMBL220,5.0,2021.0,5.0,Cc1nccc2c1[nH]c1ccccc12,train
CHEMBL1202417,CHEMBL220,5.52,1992.0,5.52,CN(C)Cc1ccc(CSCC/N=C/NCCSCc2ccc(CN(C)C)o2)o1.Cl,train
CHEMBL120279,CHEMBL220,8.0,2002.0,8.0,Cc1ccccc1NC(=O)Oc1ccc2c(c1)[C@]1(C)CCN(C)[C@@H]1N2C.O=C(O)C(O)C(O)C(=O)O,train
CHEMBL1202865,CHEMBL220,6.92,2001.0,6.92,Cl.Cl.O.c1ccc(CN2CCC(CCNc3cc4c(nn3)-c3ccccc3CCC4)CC2)cc1,train
CHEMBL1202874,CHEMBL220,6.33,2001.0,6.33,Cl.Cl.c1ccc(CN2CCC(CCSc3ccc(-c4ccccc4)nn3)CC2)cc1,train
CHEMBL1202875,CHEMBL220,6.15,2001.0,6.15,Cl.Cl.O.c1ccc(CN2CCC(CCOc3ccc(-c4ccccc4)nn3)CC2)cc1,train
CHEMBL1202884,CHEMBL220,6.72,2001.0,6.72,Cl.Cl.O.c1ccc(CN2CCC(CCNc3cc4ccc5ccccc5c4nn3)CC2)cc1,train
CHEMBL1202885,CHEMBL220,6.72,2001.0,6.72,Cl.Cl.O.c1ccc(CN2CCC(CCNc3cc4c(nn3)-c3ccccc3CC4)CC2)cc1,train
CHEMBL1202929,CHEMBL220,3.6989700043360187,2023.0,3.6989700043360187,COc1ccc(C2SCC(=O)N2CCCN(C)C)cc1.Cl,train
CHEMBL1202930,CHEMBL220,3.6989700043360187,2023.0,3.6989700043360187,CN(C)CCCN1C(=O)CSC1c1ccncc1.Cl,train
CHEMBL1202933,CHEMBL220,4.01,2023.0,4.01,CN(C)CCCN1C(=O)CSC1c1cccc(F)c1.Cl,train
CHEMBL1202939,CHEMBL220,3.649485004891946,2023.0,3.649485004891946,CN(C)CCCN1C(=O)CSC1c1ccc(F)cc1.Cl,train
CHEMBL1202941,CHEMBL220,3.6989700043360187,2023.0,3.6989700043360187,COc1cccc(C2SCC(=O)N2CCCN(C)C)c1.Cl,train
CHEMBL1203534,CHEMBL220,7.02,1993.0,7.02,Cl.N#CC(C#N)=C1NCCN1CCNCc1ccc(CN2CC=CCC2)o1,val
CHEMBL1203535,CHEMBL220,5.48,1993.0,5.48,COC1CCCN(Cc2ccc(CNCCN3CCNC3=C(C#N)C#N)o2)C1.Cl,train
CHEMBL1203537,CHEMBL220,6.08,1993.0,6.08,CNC(NCCNCc1ccc(CN2CCCCC2)o1)=C(C#N)C#N.Cl,train
CHEMBL1203538,CHEMBL220,6.92,1993.0,6.92,Cl.N#CC(C#N)=C1NCCN1CCNCc1ccc(CN2CCCCCC2)o1,val
CHEMBL1203539,CHEMBL220,6.22,1993.0,6.22,CCN(CC)Cc1ccc(CNCCN2CCNC2=C(C#N)C#N)o1.Cl,train
CHEMBL1203984,CHEMBL220,5.229869142302521,2007.0,5.229869142302521,CC[N+](CC)(CC)CCOc1cc(OCC[N+](CC)(CC)CC)c(C(=O)NCCCCCC(=O)NNc2c3c(nc4ccccc24)CCCC3)cc1OCC[N+](CC)(CC)CC.Cl.[Br-].[Br-].[Br-],train
CHEMBL1203985,CHEMBL220,8.12,2007.0,8.12,CC[N+](CC)(CC)CCOc1ccc(C(=O)NCCCCCC(=O)NNc2c3c(nc4ccccc24)CCCC3)cc1.Cl.[Br-],train
CHEMBL1203986,CHEMBL220,7.8,2007.0,7.8,CC[N+](CC)(CC)CCOc1cc(OCC[N+](CC)(CC)CC)cc(C(=O)NCCCCCC(=O)NNc2c3c(nc4ccccc24)CCCC3)c1.Cl.[Br-].[Br-],train
CHEMBL1204162,CHEMBL220,7.13,2001.0,7.13,Cl.O.c1ccc(CN2CCC(CCN=c3cc4c(n[nH]3)-c3ccccc3C4)CC2)cc1,test
CHEMBL1204296,CHEMBL220,7.18,2001.0,7.18,CCc1cc(=NCCC2CCN(Cc3ccccc3)CC2)[nH]nc1-c1ccccc1.Cl.Cl.O,train
CHEMBL1204299,CHEMBL220,7.41,2001.0,7.41,Cc1cc(=NCCC2CCN(Cc3ccccc3)CC2)[nH]nc1-c1ccccc1.Cl.Cl.O,train
CHEMBL1206,CHEMBL220,6.52,2011.0,6.52,CCN(CC)C(C)CN1c2ccccc2Sc2ccccc21,train
CHEMBL12089,CHEMBL220,6.16,2011.0,6.16,COc1ccc2cc3[n+](cc2c1OC)CCc1cc2c(cc1-3)OCO2.[Cl-],train
CHEMBL12131,CHEMBL220,5.53,,5.53,Cc1cc(C(C#N)c2ccc(Cl)cc2)c(Cl)cc1NC(=O)c1cc(I)cc(I)c1O,train
CHEMBL1213295,CHEMBL220,6.3,2010.0,6.3,O=C(CCCN1C(=O)c2ccccc2C1=O)N1CCCCCC1,train
CHEMBL121810,CHEMBL220,7.19,2002.0,7.19,CCc1ccccc1NC(=O)Oc1ccc2c(c1)[C@]1(C)CCN(C)O[C@@H]1N2C,train
CHEMBL1221863,CHEMBL220,4.0,2021.0,4.0,CO[C@H]1C=C2[C@H]3CN(Cc4cc5c(cc43)OCO5)[C@H]2C[C@@H]1O,train
CHEMBL1221975,CHEMBL220,6.41,2010.0,6.41,CC(C)(C)[Si](C)(C)O[C@H]1C=C2CCN3Cc4cc5c(cc4[C@H]([C@@H]1OC(=O)c1ccccc1)[C@@H]23)OCO5,train
CHEMBL1222025,CHEMBL220,6.27,2010.0,6.27,O=C(O[C@H]1[C@H]2c3cc4c(cc3CN3CCC(=C[C@@H]1O)[C@H]23)OCO4)c1ccccc1,train
CHEMBL1222026,CHEMBL220,6.01,2010.0,6.01,CC(=O)O[C@H]1C=C2CCN3Cc4cc5c(cc4[C@H]([C@@H]1OC(=O)c1ccccc1)[C@@H]23)OCO5,train
CHEMBL122575,CHEMBL220,4.0,1998.0,4.0,C[C@H]1C(=O)N(C(=O)NCc2ccccc2)[C@@H]1Oc1ccc(C(=O)O)cc1,train
CHEMBL122834,CHEMBL220,8.0,2002.0,8.0,CCc1ccccc1NC(=O)Oc1ccc2c(c1)[C@]1(C)CCN(C)[C@@H]1N2C.O=C(O)C(O)C(O)C(=O)O,train
CHEMBL122983,CHEMBL220,4.0,1998.0,4.0,C[C@H]1C(=O)N(C(=O)NCc2ccccc2)[C@@H]1Oc1ccc(C(=O)C(C)(C)C)cc1,train
CHEMBL12324,CHEMBL220,5.74,2001.0,5.74,CNC(=O)Oc1ccc2c(c1)OC[C@@H]1CC[N+](C)(C)[C@H]21,train
CHEMBL123248,CHEMBL220,6.82,2002.0,6.82,CNC(=O)Oc1ccc2c(c1)[C@]1(C)CCN(C)O[C@@H]1N2C,train
CHEMBL123249,CHEMBL220,7.62,2002.0,7.62,CN1CC[C@@]2(C)c3cc(OC(=O)Nc4ccccc4)ccc3N(C)[C@@H]12.O=C(O)C(O)C(O)C(=O)O,train
CHEMBL1235966,CHEMBL220,3.8437538096026556,2023.0,3.8437538096026556,COc1cc2c(cc1O)[C@@H]1Cc3ccc(OC)c(O)c3CN1CC2,train
CHEMBL123831,CHEMBL220,6.89,2002.0,6.89,CN1CC[C@@]2(C)c3cc(OC(=O)Nc4ccccc4)ccc3N(C)[C@H]2O1,train
CHEMBL123909,CHEMBL220,6.62,2010.0,6.62,O=C1c2ccc([N+](=O)[O-])cc2C(=O)N1CCC1CCN(Cc2ccc(Cl)cc2)CC1,train
CHEMBL124054,CHEMBL220,6.76,2002.0,6.76,Cc1ccccc1NC(=O)Oc1ccc2c(c1)[C@]1(C)CCN(C)O[C@@H]1N2C,train
CHEMBL1240668,CHEMBL220,7.5,2010.0,7.5,C[C@H](c1cccc(OC(=O)N(C)C)c1)N1CCCCC1,test
CHEMBL1241427,CHEMBL220,7.25,2010.0,7.25,CNC(=O)Oc1ccc2c(c1)[C@]1(C)CCN(C)[C@@H]1N2,train
CHEMBL1241457,CHEMBL220,6.41,2010.0,6.41,CCNC(=O)Oc1ccc2c(c1)C1(C)COC(O2)O1,test
CHEMBL124156,CHEMBL220,7.26,2001.0,7.26,CNC(=O)Oc1cccc(CN(C)CCCOc2ccc(-c3ccccc3)cc2)c1,train
CHEMBL1242180,CHEMBL220,6.3,2017.0,6.3,CN(C)c1ccc(/C=C/c2ccc3ccccc3[n+]2C)cc1.[I-],train
CHEMBL1242923,CHEMBL220,6.0,2010.0,6.0,O=C(Cc1ccccc1)NC1CCN(CCCN2C(=O)COc3ccccc32)CC1,train
CHEMBL1242950,CHEMBL220,6.0,2010.0,6.0,CCCCC1CCN(CCCC(=O)c2ccccc2C)CC1,val
CHEMBL1242981,CHEMBL220,7.57,2022.0,7.57,CC(C)c1ccc(NC(=O)Oc2ccc3c(c2)[C@]2(C)CCOC2O3)cc1,train
CHEMBL1243012,CHEMBL220,7.4,2010.0,7.4,Cc1ccccc1NC(=O)Oc1ccc2c(c1)[C@]1(C)CCN(C)[C@@H]1N2,train
CHEMBL1243076,CHEMBL220,6.79,2010.0,6.79,CNC(=O)Oc1ccc2c(c1)[C@]1(C)CCN(C)[C@@H]1N2Cc1ccccc1,train
CHEMBL1243111,CHEMBL220,6.61,2010.0,6.61,CN1CC[C@@]2(C)c3cc(OC(=O)Nc4ccccc4)ccc3N(Cc3ccccc3)[C@@H]12,test
CHEMBL1243140,CHEMBL220,6.08,2010.0,6.08,Cc1ccccc1NC(=O)Oc1ccc2c(c1)[C@]1(C)CCN[C@@H]1N2,train
CHEMBL1243170,CHEMBL220,5.6,2010.0,5.6,CNC(=O)Oc1ccc2c(c1)[C@]1(C)CCN(C)[C@@H]1N2C=O,train
CHEMBL1243203,CHEMBL220,6.48,2010.0,6.48,CN1CC[C@@]2(C)c3cc(OC(=O)Nc4ccccc4)ccc3N(C=O)[C@@H]12,train
CHEMBL1243234,CHEMBL220,5.45,2010.0,5.45,CNC(=O)Oc1ccc2c(c1)[C@]1(C)CCN(Cc3ccccc3)[C@@H]1N2Cc1ccccc1,train
CHEMBL1243268,CHEMBL220,5.37,2010.0,5.37,CC(C)c1ccc(NC(=O)Oc2ccc3c(c2)C2(C)COC(O3)O2)cc1,train
CHEMBL1243269,CHEMBL220,5.0,2010.0,5.0,CNC(=O)Oc1ccc2c(c1)[C@@]1(C)CCN(C)[C@@H]1N2C,train
CHEMBL1243297,CHEMBL220,4.39,2010.0,4.39,C[C@@]12CCN(Cc3ccccc3)[C@@H]1N(Cc1ccccc1)c1ccc(OC(=O)Nc3ccccc3)cc12,train
CHEMBL1243298,CHEMBL220,6.83,2010.0,6.83,CN1CC[C@@]2(C)c3cc(OC(=O)N4CCc5ccccc5C4)ccc3N(C)[C@@H]12,test
CHEMBL1243329,CHEMBL220,8.09,2010.0,8.09,CNC(=O)Oc1ccc2c(c1)SC[C@@H]1CCN(C)[C@H]21,train
CHEMBL1243359,CHEMBL220,7.76,2010.0,7.76,CNC(=O)Oc1ccc2c(c1)CC[C@@H]1CCN(C)[C@H]21,train
CHEMBL1243360,CHEMBL220,5.575,2010.0,5.575,CCOC(=O)C1=CN(C)c2cccc(OC(=O)N(C)C)c2C1,train
CHEMBL1243388,CHEMBL220,5.48,2010.0,5.48,O=C(Nc1ccccc1Cl)Oc1ccc2c(c1)CCCN2Cc1ccccc1,train
CHEMBL12472,CHEMBL220,6.58,1992.0,6.58,CN(C)Cc1ccc(CSCc2ccc(CSCc3ccc(CN(C)C)o3)cc2)o1,val
CHEMBL12473,CHEMBL220,5.82,1992.0,5.82,CN(C)Cc1ccc(CSCc2cccc(CSCc3ccc(CN(C)C)o3)c2)o1,train
CHEMBL124933,CHEMBL220,8.85,2001.0,8.85,CNC(=O)Oc1cccc(CN(C)CCCCCCOc2ccc3c(=O)c4ccccc4oc3c2)c1,train
CHEMBL125278,CHEMBL220,4.17,1999.0,4.17,NC(=O)O,test
CHEMBL12540,CHEMBL220,4.67,2021.0,4.67,c1ccc2c(c1)[nH]c1ccncc12,train
CHEMBL1254269,CHEMBL220,5.88,2016.0,5.88,O=C(CCCCCCCCc1ccccc1)c1c(O)cccc1O,train
CHEMBL12547,CHEMBL220,5.89,1992.0,5.89,CN(C)Cc1ccc(CSCCCCCCCCCCSCc2ccc(CN(C)C)o2)o1,test
CHEMBL1255578,CHEMBL220,3.4060497047360125,2014.0,3.4060497047360125,CC(=O)/C(C)=N/O,test
CHEMBL125578,CHEMBL220,6.18,2010.0,6.18,CC(=O)N(C)CCC1CCN(Cc2ccccc2)CC1,test
CHEMBL1256415,CHEMBL220,5.0,2010.0,5.0,COc1ccc2nc3c(c(N)c2c1)CCCC3,train
CHEMBL1257412,CHEMBL220,4.34,2010.0,4.34,CCCCCCCCCCCCCCNc1c2c(nc3ccc(OC)cc13)CCCC2.Cl,train
CHEMBL1257413,CHEMBL220,4.0,2010.0,4.0,CCCCCCCCCCCCCNc1c2c(nc3ccc(OC)cc13)CCCC2.Cl,train
CHEMBL1257525,CHEMBL220,6.0,2010.0,6.0,CCCCCCCCCCCCNc1c2c(nc3ccc(OC)cc13)CCCC2.Cl,train
CHEMBL1257644,CHEMBL220,5.8,2010.0,5.8,CCCCCCCCCNc1c2c(nc3ccc(OC)cc13)CCCC2.Cl,train
CHEMBL1257766,CHEMBL220,6.44,2010.0,6.44,CCCCCCCCNc1c2c(nc3ccc(OC)cc13)CCCC2.Cl,train
CHEMBL1257767,CHEMBL220,6.57,2010.0,6.57,CCCCCCCNc1c2c(nc3ccc(OC)cc13)CCCC2.Cl,train
CHEMBL1257885,CHEMBL220,7.0,2010.0,7.0,CCCCCCNc1c2c(nc3ccc(OC)cc13)CCCC2.Cl,train
CHEMBL1257886,CHEMBL220,5.17,2010.0,5.17,CCCCCNc1c2c(nc3ccc(OC)cc13)CCCC2.Cl,train
CHEMBL1257887,CHEMBL220,4.68,2010.0,4.68,CCCCNc1c2c(nc3ccc(OC)cc13)CCCC2.Cl,train
CHEMBL1257996,CHEMBL220,5.04,2010.0,5.04,CCCNc1c2c(nc3ccc(OC)cc13)CCCC2.Cl,train
CHEMBL1257997,CHEMBL220,4.18,2010.0,4.18,CCNc1c2c(nc3ccc(OC)cc13)CCCC2.Cl,train
CHEMBL1262,CHEMBL220,5.33,,5.33,Clc1ccc(CO/N=C(\Cn2ccnc2)c2ccc(Cl)cc2Cl)c(Cl)c1,val
CHEMBL126354,CHEMBL220,8.27,2010.0,8.27,O=C(c1ccc([N+](=O)[O-])cc1)N(CCC1CCN(Cc2ccccc2)CC1)c1ccccc1,train
CHEMBL126939,CHEMBL220,6.68,1996.0,6.68,C(=C/C1CCN(Cc2ccccc2)CC1)\c1noc2ccccc12,test
CHEMBL127465,CHEMBL220,7.56,2001.0,7.56,CN(CCCOc1ccc2c(=O)c3ccccc3oc2c1)Cc1cccc(OC(=O)NCCCCCCCCN2CCOCC2)c1,train
CHEMBL127527,CHEMBL220,7.34,2010.0,7.34,COc1cccc(N(CCC2CCN(Cc3ccccc3)CC2)C(C)=O)c1,train
CHEMBL1275924,CHEMBL220,2.260427655549908,2010.0,2.260427655549908,O=P(O)(NN1CCCCC1)Oc1ccccc1,train
CHEMBL1276534,CHEMBL220,1.7300203233546763,2010.0,1.7300203233546763,O=C(NP(=O)(NN1CCOCC1)NN1CCOCC1)c1ccccc1,train
CHEMBL1276567,CHEMBL220,2.709965388637482,2010.0,2.709965388637482,O=C(NP(=O)(NN1CCCCC1)NN1CCCCC1)c1ccccc1,train
CHEMBL1276594,CHEMBL220,2.0199966284162536,2010.0,2.0199966284162536,O=P(NN1CCOCC1)(NN1CCOCC1)Oc1ccccc1,test
CHEMBL12781,CHEMBL220,6.75,1992.0,6.75,CN(C)Cc1ccc(CSCc2ccc(-c3ccc(CSCc4ccc(CN(C)C)o4)cc3)cc2)o1,test
CHEMBL127857,CHEMBL220,7.53,2001.0,7.53,CN(CCCOc1ccc2c(=O)c3ccccc3oc2c1)Cc1cccc(OC(=O)NCCCCCCCCCN2CCOCC2)c1,val
CHEMBL128043,CHEMBL220,7.51,2010.0,7.51,CCCCNC(=O)Oc1cccc(CN(C)CCCOc2ccc3c(=O)cc(-c4ccccc4)oc3c2)c1,train
CHEMBL128172,CHEMBL220,5.1,2001.0,5.1,O=C1CCN(Cc2ccccc2)C/C1=C\c1c[nH]c2ccccc12,train
CHEMBL128202,CHEMBL220,9.25,2010.0,9.25,CCN(CCCOc1ccc2c(=O)c3ccccc3oc2c1)Cc1cccc(OC(=O)NC)c1,train
CHEMBL128260,CHEMBL220,8.55,2010.0,8.55,CN(CCCOc1ccc2c(=O)c3ccccc3oc2c1)Cc1cccc(OC(=O)Nc2ccccc2)c1,train
CHEMBL128292,CHEMBL220,4.3,2001.0,4.3,O=C1CCN(Cc2ccccc2)C/C1=C\c1cn(C(=O)c2ccc([N+](=O)[O-])cc2)c2ccccc12,test
CHEMBL128390,CHEMBL220,7.635,2011.0,7.635,CCCCCCCNC(=O)Oc1cccc(CN(C)CCCOc2ccc3c(=O)c4cccnc4oc3c2)c1,test
CHEMBL128392,CHEMBL220,6.6,2011.0,6.6,CCCNC(=O)Oc1cccc(CN(C)CCCOc2ccc3c(=O)ccoc3c2)c1,train
CHEMBL128452,CHEMBL220,7.16,2010.0,7.16,CCCCNC(=O)Oc1cccc(CN(CCC)CCCOc2ccc3c(=O)c4ccccc4oc3c2)c1,train
CHEMBL128471,CHEMBL220,8.24,2010.0,8.24,CNC(=O)Oc1cccc(CN(C)CCCOc2ccc3c(=O)cc(-c4ccccc4)oc3c2)c1,train
CHEMBL128551,CHEMBL220,7.85,2010.0,7.85,CCCCNC(=O)Oc1cccc(CN(C)CCCOc2ccc3ccc(=O)oc3c2)c1,test
CHEMBL12858,CHEMBL220,6.54,1992.0,6.54,CN(C)Cc1ccc(CSCCNC(=NC#N)NCCSCc2ccc(CN(C)C)o2)o1,train
CHEMBL128618,CHEMBL220,8.05,2010.0,8.05,CNC(=O)Oc1cccc(CN(C)CCCOc2ccc3c(=O)ccoc3c2)c1,train
CHEMBL128780,CHEMBL220,7.0,2011.0,7.0,CCCCCCCNC(=O)Oc1cccc(CN(C)CCCCOc2ccc3c(=O)c4ccccc4oc3c2)c1,train
CHEMBL128863,CHEMBL220,7.89,2010.0,7.89,CCNC(=O)Oc1cccc(CN(C)CCCOc2ccc3c(=O)c4ccccc4oc3c2)c1,train
CHEMBL1288821,CHEMBL220,5.21,2010.0,5.21,COc1ccc(C2CN(C)C3(C(=O)Nc4ccc([N+](=O)[O-])cc43)C23Cc2cc(OC)c(OC)cc2C3=O)cc1OC,test
CHEMBL1288822,CHEMBL220,5.28,2010.0,5.28,COc1ccc(C2C(c3ccccc3)NC3(C(=O)Nc4ccccc43)C23Cc2cc(OC)c(OC)cc2C3=O)cc1OC,train
CHEMBL1288823,CHEMBL220,5.01,2010.0,5.01,COc1cc2c(cc1OC)C(=O)C1(C2)C(c2ccc(F)cc2)C(c2ccccc2)NC12C(=O)Nc1ccc(Cl)cc12,train
CHEMBL1288824,CHEMBL220,5.08,2010.0,5.08,COc1ccc(C2C(c3ccccc3)NC3(C(=O)Nc4ccc(Cl)cc43)C23Cc2cc(OC)c(OC)cc2C3=O)cc1OC,train
CHEMBL1288825,CHEMBL220,4.91,2010.0,4.91,COc1cc2c(cc1OC)C(=O)C1(C2)C(c2ccccc2Cl)C(c2ccccc2)NC12C(=O)Nc1ccc(Cl)cc12,train
CHEMBL1288826,CHEMBL220,4.84,2010.0,4.84,COc1cc2c(cc1OC)C(=O)C1(C2)C(c2ccc(F)cc2)C(c2ccccc2)NC12C(=O)Nc1ccc([N+](=O)[O-])cc12,train
CHEMBL1288827,CHEMBL220,4.81,2010.0,4.81,COc1ccc(C2C(c3ccccc3)NC3(C(=O)Nc4ccc([N+](=O)[O-])cc43)C23Cc2cc(OC)c(OC)cc2C3=O)cc1OC,train
CHEMBL1288828,CHEMBL220,5.43,2010.0,5.43,COc1cc2c(cc1OC)C(=O)C1(C2)C(c2ccccc2)C(c2ccccc2)NC12C(=O)Nc1ccc([N+](=O)[O-])cc12,train
CHEMBL1288829,CHEMBL220,5.38,2010.0,5.38,COc1cc2c(cc1OC)C(=O)C1(C2)C(c2ccccc2Cl)C(c2ccccc2)NC12C(=O)Nc1ccc([N+](=O)[O-])cc12,train
CHEMBL128894,CHEMBL220,4.52,2001.0,4.52,O=C1CCN(Cc2ccccc2)C/C1=C\c1cccn1C(=O)c1ccccc1,test
CHEMBL1289045,CHEMBL220,5.67,2010.0,5.67,COc1cc2c(cc1OC)C(=O)C1(C2)C(c2ccc(F)cc2)CN(C)C12C(=O)Nc1ccccc12,test
CHEMBL1289159,CHEMBL220,5.38,2010.0,5.38,COc1ccc(C2CN(C)C3(C(=O)Nc4ccccc43)C23Cc2cc(OC)c(OC)cc2C3=O)cc1OC,test
CHEMBL1289160,CHEMBL220,5.51,2010.0,5.51,COc1cc2c(cc1OC)C(=O)C1(C2)C(c2ccccc2)CN(C)C12C(=O)Nc1ccccc12,test
CHEMBL1289273,CHEMBL220,5.37,2010.0,5.37,COc1cc2c(cc1OC)C(=O)C1(C2)C(c2ccccc2Cl)CN(C)C12C(=O)Nc1ccccc12,test
CHEMBL1289274,CHEMBL220,5.43,2010.0,5.43,COc1cc2c(cc1OC)C(=O)C1(C2)C(c2ccc(F)cc2)CN(C)C12C(=O)Nc1ccc(Cl)cc12,test
CHEMBL1289391,CHEMBL220,5.38,2010.0,5.38,COc1ccc(C2CN(C)C3(C(=O)Nc4ccc(Cl)cc43)C23Cc2cc(OC)c(OC)cc2C3=O)cc1OC,test
CHEMBL1289392,CHEMBL220,4.95,2010.0,4.95,COc1cc2c(cc1OC)C(=O)C1(C2)C(c2ccccc2)CN(C)C12C(=O)Nc1ccc(Cl)cc12,test
CHEMBL1289506,CHEMBL220,5.18,2010.0,5.18,COc1cc2c(cc1OC)C(=O)C1(C2)C(c2ccccc2Cl)CN(C)C12C(=O)Nc1ccc(Cl)cc12,test
CHEMBL1289507,CHEMBL220,5.07,2010.0,5.07,COc1cc2c(cc1OC)C(=O)C1(C2)C(c2ccc(F)cc2)CN(C)C12C(=O)Nc1ccc([N+](=O)[O-])cc12,test
CHEMBL1289615,CHEMBL220,4.88,2010.0,4.88,COc1cc2c(cc1OC)C(=O)C1(C2)C(c2ccccc2)CN(C)C12C(=O)Nc1ccc([N+](=O)[O-])cc12,test
CHEMBL1289719,CHEMBL220,5.12,2010.0,5.12,COc1cc2c(cc1OC)C(=O)C1(C2)C(c2ccccc2Cl)CN(C)C12C(=O)Nc1ccc([N+](=O)[O-])cc12,test
CHEMBL1289825,CHEMBL220,5.16,2010.0,5.16,COc1cc2c(cc1OC)C(=O)C1(C2)C(c2ccc(F)cc2)C(c2ccccc2)NC12C(=O)Nc1ccccc12,train
CHEMBL1289942,CHEMBL220,5.29,2010.0,5.29,COc1cc2c(cc1OC)C(=O)C1(C2)C(c2ccccc2)C(c2ccccc2)NC12C(=O)Nc1ccccc12,train
CHEMBL1290043,CHEMBL220,5.14,2010.0,5.14,COc1cc2c(cc1OC)C(=O)C1(C2)C(c2ccccc2Cl)C(c2ccccc2)NC12C(=O)Nc1ccccc12,train
CHEMBL1290152,CHEMBL220,5.14,2010.0,5.14,COc1cc2c(cc1OC)C(=O)C1(C2)C(c2ccccc2)C(c2ccccc2)NC12C(=O)Nc1ccc(Cl)cc12,train
CHEMBL129108,CHEMBL220,7.55,2008.0,7.55,c1ccc2c(NCCCCCCCCSc3c4c(nc5ccccc35)CCCC4)c3c(nc2c1)CCCC3,train
CHEMBL129306,CHEMBL220,5.64,2008.0,5.64,OC1CCN(Cc2ccc(OCCCN3CCCCC3)cc2)CC1,train
CHEMBL12937,CHEMBL220,6.68,1992.0,6.68,CN(C)Cc1ccc(CSCCCCSCc2ccc(CN(C)C)o2)o1,train
CHEMBL12941,CHEMBL220,5.6,1992.0,5.6,CN(C)Cc1ccc(CSCCNC(=O)CSCc2ccc(CN(C)C)o2)o1,train
CHEMBL129542,CHEMBL220,5.5,2008.0,5.5,c1cc(OCCCN2CCCCC2)ccc1CN1CCCCC1,train
CHEMBL129577,CHEMBL220,6.77,2011.0,6.77,CCCCCCCNC(=O)Oc1cccc(CN(CCCOc2ccc3c(=O)c4ccccc4oc3c2)C(C)C)c1,train
CHEMBL129684,CHEMBL220,4.96,2001.0,4.96,CC(=O)n1cc(/C=C2\CN(Cc3ccccc3)CCC2=O)c2ccccc21,train
CHEMBL129753,CHEMBL220,7.43,2010.0,7.43,CNC(=O)Oc1cccc(CN(C)CCCCOc2ccc3c(=O)c4ccccc4oc3c2)c1,train
CHEMBL129837,CHEMBL220,6.12,2001.0,6.12,CC(C)c1ccc(NC(=O)Oc2ccc3c(c2)[C@]2(C)CCN(C)[C@@H]2N3C)cc1,train
CHEMBL130098,CHEMBL220,7.0,2004.0,7.0,CSc1nc(-c2ccc(Cl)cc2)nn1C(=O)N(C)C,train
CHEMBL130112,CHEMBL220,5.62,2004.0,5.62,CSc1nc(-c2ccc(C)cc2)nn1C(=O)N(C)c1ccccc1,train
CHEMBL1301463,CHEMBL220,3.853871964321762,2017.0,3.853871964321762,CN(C)CCN=C(S)Nc1cccc(Cl)c1,val
CHEMBL130270,CHEMBL220,7.82,2001.0,7.82,CC(C)c1ccccc1NC(=O)Oc1ccc2c(c1)[C@]1(C)CCN(C)[C@@H]1N2C,train
CHEMBL1303143,CHEMBL220,5.75,2017.0,5.75,C[n+]1c(/C=C/c2ccc(O)cc2)ccc2ccccc21.[I-],train
CHEMBL130363,CHEMBL220,5.89,2001.0,5.89,Cc1cc(C)c(NC(=O)Oc2ccc3c(c2)[C@]2(C)CCN(C)[C@@H]2N3C)c(C)c1,train
CHEMBL130373,CHEMBL220,5.88,1991.0,5.88,Nc1c2c(nc3cnccc13)OCCC2,test
CHEMBL130427,CHEMBL220,5.58,1991.0,5.58,Nc1c2c(nc3cnccc13)CCCC2,test
CHEMBL13045,CHEMBL220,5.84,2020.0,5.84,COc1ccc2c(c[n+](C)c3c4cc5c(cc4ccc23)OCO5)c1OC,train
CHEMBL130458,CHEMBL220,7.995,2001.0,7.995,Cc1ccccc1NC(=O)Oc1ccc2c(c1)[C@]1(C)CCN(C)[C@@H]1N2C,train
CHEMBL130478,CHEMBL220,4.899485002168009,2004.0,4.899485002168009,CSc1nc(-c2ccc(OC(F)(F)F)cc2)nn1C(=O)N(C)C,train
CHEMBL130628,CHEMBL220,6.52,2004.0,6.52,O=C(N1CCCCC1)n1nc(-c2ccc(Cl)cc2)nc1SCC(F)(F)F,train
CHEMBL130645,CHEMBL220,4.301029995663981,2004.0,4.301029995663981,CSc1nc(-c2ccc(Cl)cc2)nn1C(=O)N1CCOCC1,test
CHEMBL130666,CHEMBL220,7.58,2004.0,7.58,CSc1nc(-c2ccc(Cl)cc2)nn1C(=O)N1CCCCC1,train
CHEMBL130672,CHEMBL220,7.51,2001.0,7.51,Cc1ccc(NC(=O)Oc2ccc3c(c2)[C@]2(C)CCN(C)[C@@H]2N3C)cc1C,train
CHEMBL130704,CHEMBL220,4.301029995663981,2004.0,4.301029995663981,CSc1nc(-c2ccc(C)cc2)nn1C(=O)N1CCOCC1,test
CHEMBL130738,CHEMBL220,4.52,2001.0,4.52,Cc1[nH]c(C)c(/C=C2\CN(Cc3ccccc3)CCC2=O)c1C=O,val
CHEMBL130831,CHEMBL220,4.16,2001.0,4.16,O=C1CCN(Cc2ccccc2)C/C1=C\c1cn(C(=O)c2ccccc2)c2ccccc12,test
CHEMBL130847,CHEMBL220,7.44,2010.0,7.44,CCCCNC(=O)Oc1cccc(CN(C)CCCOc2ccc3c(=O)c4ccccc4oc3c2)c1,train
CHEMBL130880,CHEMBL220,6.18,1991.0,6.18,Nc1c2c(nc3c1CCC3)CCCC2,train
CHEMBL130918,CHEMBL220,8.05,2010.0,8.05,CCCCNC(=O)Oc1cccc(CN(C)CCCOc2ccc3c(=O)c4cccnc4oc3c2)c1,test
CHEMBL130956,CHEMBL220,6.85,2001.0,6.85,Cc1ccc(NC(=O)Oc2ccc3c(c2)[C@]2(C)CCN(C)[C@@H]2N3C)cc1,train
CHEMBL131051,CHEMBL220,2.8010299956639813,2004.0,2.8010299956639813,CSc1nc(-c2ccc(OC(F)(F)F)cc2)nn1C(=O)N(C)c1ccccc1,train
CHEMBL1311140,CHEMBL220,3.6989700043360187,2017.0,3.6989700043360187,COc1ccccc1N=C(S)NCCN1CCOCC1,train
CHEMBL131210,CHEMBL220,7.11,2001.0,7.11,Cc1cc(C)cc(NC(=O)Oc2ccc3c(c2)[C@]2(C)CCN(C)[C@@H]2N3C)c1,train
CHEMBL131219,CHEMBL220,8.4,2010.0,8.4,CCCN(CCCOc1ccc2c(=O)c3ccccc3oc2c1)Cc1cccc(OC(=O)NC)c1,train
CHEMBL13122,CHEMBL220,7.55,1992.0,7.55,CN(C)Cc1ccc(CSCCNc2cc(NCCSCc3ccc(CN(C)C)o3)c([N+](=O)[O-])cc2[N+](=O)[O-])o1,test
CHEMBL131286,CHEMBL220,4.22,2001.0,4.22,O=C1CCN(Cc2ccccc2)C/C1=C\c1cn(C(=O)c2ccc(F)cc2)c2ccccc12,test
CHEMBL131318,CHEMBL220,4.1,2001.0,4.1,COc1ccc2c(c1)c(/C=C1\CN(Cc3ccccc3)CCC1=O)cn2C(=O)c1ccccc1,test
CHEMBL131320,CHEMBL220,6.7,2004.0,6.7,Cc1ccc(-c2nc(SCC(F)(F)F)n(C(=O)N(C)C)n2)cc1,train
CHEMBL131411,CHEMBL220,7.0,2010.0,7.0,CCCCNC(=O)Oc1cccc(CN(CCCOc2ccc3c(=O)c4ccccc4oc3c2)C(C)C)c1,train
CHEMBL131536,CHEMBL220,5.85,2004.0,5.85,CSc1nc(-c2ccc(Cl)cc2)nn1C(=O)N(C)c1ccccc1,train
CHEMBL131579,CHEMBL220,9.15,2010.0,9.15,CNC(=O)Oc1cccc(CN(CCCOc2ccc3c(=O)c4ccccc4oc3c2)C(C)C)c1,train
CHEMBL131588,CHEMBL220,4.301029995663981,2004.0,4.301029995663981,CN(C(=O)n1nc(-c2ccc(Cl)cc2)nc1SCC(F)(F)F)c1ccccc1,train
CHEMBL131598,CHEMBL220,7.55,2001.0,7.55,Cc1cccc(NC(=O)Oc2ccc3c(c2)[C@]2(C)CCN(C)[C@@H]2N3C)c1,train
CHEMBL13166,CHEMBL220,6.05,1992.0,6.05,CN(C)Cc1ccc(CSCCCCCSCc2ccc(CN(C)C)o2)o1,test
CHEMBL131825,CHEMBL220,6.35,2001.0,6.35,CN(C(=O)Oc1ccc2c(c1)[C@]1(C)CCN(C)[C@@H]1N2C)c1ccccc1,train
CHEMBL131827,CHEMBL220,8.96,2010.0,8.96,CNC(=O)Oc1cccc(CN(C)CCCOc2ccc3c(=O)c4cccnc4oc3c2)c1,test
CHEMBL132030,CHEMBL220,7.105,1991.0,7.105,Nc1c2c(nc3cccc(F)c13)CCCC2,train
CHEMBL13206,CHEMBL220,7.13,1992.0,7.13,CN(C)Cc1ccc(CSCCN/C=C(/NCCSCc2ccc(CN(C)C)o2)[N+](=O)[O-])o1,train
CHEMBL132133,CHEMBL220,3.3000000031431456,1998.0,3.3000000031431456,NCCCCCCNCCSSCCNCCCCCCN,test
CHEMBL13214,CHEMBL220,4.32,1992.0,4.32,CN(C)Cc1ccc(CSCCNC(=O)NCCSCc2ccc(CN(C)C)o2)o1,val
CHEMBL132260,CHEMBL220,6.58,1991.0,6.58,Nc1c2c(nc3ccccc13)OCCC2,train
CHEMBL132285,CHEMBL220,5.855,2001.0,5.855,CN(C)Cc1cc2c(cc1OC(=O)Nc1ccccc1)[C@]1(C)CCN(C)[C@@H]1N2C,train
CHEMBL132365,CHEMBL220,6.21,1991.0,6.21,COc1cccc2nc3c(c(N)c12)CCCC3,train
CHEMBL132377,CHEMBL220,6.51,1998.0,6.51,COc1ccccc1CNCCCCCC(=O)N(C)CCCCCCCCN(C)C(=O)CCCCCNCc1ccccc1OC,test
CHEMBL132531,CHEMBL220,6.58,2001.0,6.58,Cc1cc2c(cc1OC(=O)Nc1ccccc1)[C@]1(C)CCN(C)[C@@H]1N2C,train
CHEMBL1325943,CHEMBL220,4.74,2012.0,4.74,Cc1ccc(C(=O)Nc2cc3ccccc3oc2=O)cc1,val
CHEMBL132619,CHEMBL220,6.82,1991.0,6.82,Cc1cccc2nc3c(c(N)c12)CCCO3,train
CHEMBL1327885,CHEMBL220,5.21,2015.0,5.21,COc1cccc(C(=O)N2c3ccccc3Sc3ccccc32)c1,train
CHEMBL13308,CHEMBL220,6.3,1992.0,6.3,CN(C)Cc1ccc(CSCCSCc2ccc(CN(C)C)o2)o1,test
CHEMBL133388,CHEMBL220,6.1,2004.0,6.1,CSc1nc(-c2ccc(C)cc2)nn1C(=O)N(C)C,train
CHEMBL133441,CHEMBL220,5.2,1991.0,5.2,Nc1c2c(nc3ncccc13)OCCC2,train
CHEMBL133448,CHEMBL220,6.37,1991.0,6.37,Nc1c2c(nc3ncccc13)CCCC2,test
CHEMBL133520,CHEMBL220,6.47,1991.0,6.47,Nc1c2c(nc3cccc(F)c13)OCCC2,train
CHEMBL133580,CHEMBL220,4.301029995663981,2004.0,4.301029995663981,CCCCCCSc1nc(-c2ccc(Cl)cc2)nn1C(=O)N(C)c1ccccc1,train
CHEMBL133897,CHEMBL220,6.12,2004.0,6.12,CCOc1nn(-c2cccc(OCc3ccccc3)c2)c(=O)o1,train
CHEMBL133906,CHEMBL220,7.0,1991.0,7.0,Cc1cccc2nc3c(c(N)c12)CCCC3,train
CHEMBL134057,CHEMBL220,8.03,1991.0,8.03,Nc1c2c(nc3cccc(Cl)c13)CCCC2,train
CHEMBL1340607,CHEMBL220,4.92,2017.0,4.92,COc1ccc(NC(S)=NCCN2CCC(C)CC2)cc1Cl,train
CHEMBL134061,CHEMBL220,4.301029995663981,2004.0,4.301029995663981,O=C(N1CCOCC1)n1nc(-c2ccc(Cl)cc2)nc1SCC(F)(F)F,test
CHEMBL134154,CHEMBL220,6.22,1991.0,6.22,COc1cccc2nc3c(c(N)c12)CCCO3,train
CHEMBL134240,CHEMBL220,5.005,1991.0,5.005,Nc1c2c(nc3ccc(Cl)cc13)OCCC2,train
CHEMBL134251,CHEMBL220,5.0,2001.0,5.0,CNC(=O)Oc1cc2c(cc1C)N(C)[C@H]1N(C)CC[C@@]21C,train
CHEMBL13426,CHEMBL220,6.21,1992.0,6.21,CN(C)Cc1ccc(CSCCCCCCCSCc2ccc(CN(C)C)o2)o1,train
CHEMBL134342,CHEMBL220,3.0,2005.0,3.0,O=C(O)CCCC[C@@H]1CCSS1,train
CHEMBL134382,CHEMBL220,5.14,1998.0,5.14,COc1ccccc1CNCCCCCCNCCCCCNCCCCCCNCc1ccccc1OC,train
CHEMBL1344483,CHEMBL220,4.35,2014.0,4.35,COc1ccc(C(C#N)N2CCCCC2)cc1OC,test
CHEMBL134488,CHEMBL220,5.73,1998.0,5.73,COc1ccccc1CNCCCCCC(=O)NCCCCCCCCNC(=O)CCCCCNCc1ccccc1OC,test
CHEMBL1348834,CHEMBL220,6.07,2019.0,6.07,Clc1ccc(CNC2CCN(Cc3ccccc3)CC2)cc1,train
CHEMBL134914,CHEMBL220,2.9359999985589917,1997.0,2.9359999985589917,CCOCC[N+](C)(C)C,test
CHEMBL135086,CHEMBL220,3.072000002122498,1997.0,3.072000002122498,C=CCC[N+](C)(C)C,test
CHEMBL13522,CHEMBL220,4.36,1992.0,4.36,CN(C)Cc1ccc(CSCc2ccc(CN(C)C)o2)o1,train
CHEMBL135503,CHEMBL220,2.5350000005956224,1997.0,2.5350000005956224,C=CC[N+](C)(C)C,test
CHEMBL136052,CHEMBL220,4.3,2003.0,4.3,CC(=O)N(C)[C@@H](C)[C@H]1CC[C@H]2[C@@H]3CC[C@H]4C[C@@H](N(C)C)CC[C@]4(C)[C@H]3CC[C@]12C,train
CHEMBL136135,CHEMBL220,4.86,2003.0,4.86,C/C=C(\C)C(=O)NC1=CC[C@@]2(C)[C@@H](CC[C@H]3C4CC[C@H]([C@H](C)N(C)C)[C@@]4(C)CC[C@@H]32)C1=O,train
CHEMBL136145,CHEMBL220,3.3569999954922864,1997.0,3.3569999954922864,C[N+](C)(C)CCS,test
CHEMBL136148,CHEMBL220,3.22399999751502,1997.0,3.22399999751502,COc1cccc([N+](C)(C)C)c1,val
CHEMBL136229,CHEMBL220,3.0880000007225594,1997.0,3.0880000007225594,CCCCCC[N+](C)(C)C,test
CHEMBL136251,CHEMBL220,5.11,2003.0,5.11,C/C=C(\C)C(=O)N[C@@H]1C=C2CC[C@H]3C4=CC[C@H]([C@H](C)N(C)C)[C@@]4(C)CC[C@@H]3[C@@]2(C)CC1,train
CHEMBL136294,CHEMBL220,5.22,1997.0,5.22,CCC(=O)Oc1cccc([N+](C)(C)C)c1,val
CHEMBL136317,CHEMBL220,5.19,2003.0,5.19,C[C@H](NC=O)[C@H]1CC[C@H]2[C@@H]3CC[C@H]4C[C@@H](N(C)C)CC[C@]4(C)[C@H]3CC[C@]12C,train
CHEMBL136526,CHEMBL220,7.47,1997.0,7.47,CNC(=O)Oc1ccc2c(c1)[C@]1(C)CC[N+](C)(C)C1N2C,test
CHEMBL136568,CHEMBL220,2.8210000011975964,1997.0,2.8210000011975964,CCSCC[N+](C)(C)C,test
CHEMBL136611,CHEMBL220,4.08,2003.0,4.08,CN[C@@H](C)C1=CC[C@H]2[C@@H]3CC=C4C[C@@H](OC)CC[C@]4(C)[C@H]3CC[C@]12C,train
CHEMBL136669,CHEMBL220,4.16,1997.0,4.16,CCC(=O)Oc1ccc(C)c([N+](C)(C)C)c1,val
CHEMBL136670,CHEMBL220,3.1230000021524136,1997.0,3.1230000021524136,CCC(=O)Oc1cccc([N+](C)(C)C)c1C,val
CHEMBL136686,CHEMBL220,3.6000000054478725,2003.0,3.6000000054478725,CO[C@@H]1CC2=CC[C@@H]3[C@H](CC[C@]4(C)C([C@H](C)N(C)C)=CC[C@@H]34)[C@@]2(C)C[C@@H]1O,train
CHEMBL136719,CHEMBL220,4.39,1997.0,4.39,CC(=O)Oc1cccc([N+](C)(C)C)c1C,val
CHEMBL136765,CHEMBL220,4.7,2003.0,4.7,CC(=O)N(C)[C@@H](C)[C@H]1CC[C@H]2[C@@H]3CC=C4C[C@@H](N(C)C)CC[C@]4(C)[C@H]3CC[C@]12C,test
CHEMBL136870,CHEMBL220,3.461999999164308,1997.0,3.461999999164308,COc1ccc(C)c([N+](C)(C)C)c1,val
CHEMBL136916,CHEMBL220,4.07,1997.0,4.07,CC(=O)CCC[N+](C)(C)C,test
CHEMBL136933,CHEMBL220,4.54,2003.0,4.54,C[C@@H]([C@H]1CC[C@H]2[C@@H]3CC[C@H]4C[C@@H](NC(=O)c5ccccc5)CC[C@]4(C)[C@H]3CC[C@]12C)N(C)C,train
CHEMBL137039,CHEMBL220,5.24,2003.0,5.24,C/C=C(\C)C(=O)N[C@H]1CC[C@@]2(C)C(=CC[C@H]3C4=CC[C@H]([C@H](C)N(C)C)[C@@]4(C)CC[C@@H]32)C1=O,val
CHEMBL137059,CHEMBL220,7.43,2003.0,7.43,CC[N+](C)(CCCCCC(=O)N(C)CCCCCCCCN(C)C(=O)CCCCC[N+](C)(CC)Cc1ccccc1)Cc1ccccc1,train
CHEMBL137226,CHEMBL220,3.0,1997.0,3.0,CC(=O)Nc1cccc([N+](C)(C)C)c1,val
CHEMBL137560,CHEMBL220,5.51,1997.0,5.51,Cc1ccc([N+](C)(C)C)cc1O,val
CHEMBL137561,CHEMBL220,5.55,1997.0,5.55,Cc1ccc(O)cc1[N+](C)(C)C,val
CHEMBL1376358,CHEMBL220,4.0,2013.0,4.0,CCCCNc1nc2ccccc2[nH]1,train
CHEMBL137721,CHEMBL220,4.69,2003.0,4.69,CN[C@H]1CC[C@@]2(C)[C@@H](CC[C@@H]3[C@@H]2CC[C@]2(C)C([C@H](C)N(C)C)=CC[C@@H]32)C1,train
CHEMBL1377579,CHEMBL220,4.03,2014.0,4.03,N#CC(c1ccc(O)cc1)N1CCCCC1,test
CHEMBL138072,CHEMBL220,5.42,1997.0,5.42,CCC(=O)Oc1cc([N+](C)(C)C)ccc1C,val
CHEMBL138107,CHEMBL220,8.92,2010.0,8.92,O=C(Nc1ccc2c(c1)C(=O)N(CCC1CCN(Cc3ccccc3)CC1)C2=O)c1ccccc1,test
CHEMBL1383041,CHEMBL220,4.0,2017.0,4.0,O=C1/C(=C/c2ccc(O)cc2)COc2ccccc21,train
CHEMBL138442,CHEMBL220,7.96,2010.0,7.96,Nc1cccc2c1C(=O)N(CCC1CCN(Cc3ccccc3)CC1)C2=O,train
CHEMBL1385,CHEMBL220,5.97,2005.0,5.97,COc1ccc2c3c1O[C@H]1C[C@@H](O)C=C[C@@]31CCNC2,train
CHEMBL138552,CHEMBL220,8.35,2010.0,8.35,O=c1[nH]c2cc(Cl)ccc2c(=O)n1CCC1CCN(Cc2ccccc2)CC1,test
CHEMBL138988,CHEMBL220,3.911999999739359,1997.0,3.911999999739359,COc1cc([N+](C)(C)C)ccc1C,val
CHEMBL139259,CHEMBL220,3.1610000024162557,1997.0,3.1610000024162557,C[N+]1(C)CCO[C@@](O)(c2ccc(N)cc2)C1,train
CHEMBL139330,CHEMBL220,6.18,1997.0,6.18,CC(=O)Oc1cc([N+](C)(C)C)ccc1C,val
CHEMBL139353,CHEMBL220,8.06,2010.0,8.06,Nc1ccc2c(c1)C(=O)N(CCC1CCN(Cc3ccccc3)CC1)C2=O,train
CHEMBL139424,CHEMBL220,4.8,2003.0,4.8,C/C=C(\C)C(=O)N[C@@H]1C=C2CC[C@H]3[C@@H]4CC[C@H]([C@H](C)N(C)C)[C@@]4(C)CC[C@@H]3[C@@]2(C)C[C@@H]1O,train
CHEMBL139571,CHEMBL220,4.0,2003.0,4.0,CC(C)c1ccc(NC(=O)N2CCC[C@H]2C(=O)N2CC[C@H]3[C@H]2[C@H](C)C(=O)N3C(=O)[C@@H]2[C@H](C)[C@@H]2C)cc1,test
CHEMBL139630,CHEMBL220,5.28,2003.0,5.28,CC(=O)O[C@@H]1C2CC[C@H]3C4CC=C([C@H](C)N(C)C)[C@@]4(C)CC[C@@H]3[C@@]2(C)CC[C@@H]1NC(=O)C=C(C)C,train
CHEMBL139684,CHEMBL220,4.06,1997.0,4.06,C[N+](C)(C)CCCBr,test
CHEMBL139685,CHEMBL220,5.21,2003.0,5.21,CN[C@H]1CC[C@@]2(C)C(CC[C@H]3[C@@H]4CC[C@H]([C@H](C)N(C)C)[C@@]4(C)CC[C@@H]32)C1,train
CHEMBL139819,CHEMBL220,7.93,2000.0,7.93,CCC1=CC2Cc3nc4cccc(Cl)c4c(N)c3C(C1)C2,train
CHEMBL139908,CHEMBL220,3.9000000040686618,1997.0,3.9000000040686618,CCCC(=O)SCC[N+](C)(C)C,test
CHEMBL140,CHEMBL220,5.301029995663981,2017.0,5.301029995663981,COc1cc(/C=C/C(=O)CC(=O)/C=C/c2ccc(O)c(OC)c2)ccc1O,val
CHEMBL140020,CHEMBL220,8.1,1996.0,8.1,C=CC[N+](C)(C)c1ccc(CCC(=O)CCc2ccc([N+](C)(C)CC=C)cc2)cc1,val
CHEMBL140106,CHEMBL220,7.89,2010.0,7.89,O=C1c2cccnc2C(=O)N1CCC1CCN(Cc2ccccc2)CC1,val
CHEMBL140241,CHEMBL220,4.31,2003.0,4.31,CO[C@H]1CC[C@@]2(C)C(=CC[C@@H]3[C@@H]2CC[C@]2(C)C([C@H](C)N(C)C=O)=CC[C@@H]32)C1,train
CHEMBL140328,CHEMBL220,5.92,2010.0,5.92,O=c1c2ccccc2ncn1CCC1CCN(Cc2ccccc2)CC1,train
CHEMBL140403,CHEMBL220,2.9470000017962272,1997.0,2.9470000017962272,C=CCCC[N+](C)(C)C,test
CHEMBL140476,CHEMBL220,9.11,2000.0,9.11,CC1=CC2Cc3nc4cc(Cl)ccc4c(N)c3C(C1)C2,train
CHEMBL140737,CHEMBL220,7.75,2010.0,7.75,O=C(c1ccc(F)cc1)N(CCC1CCN(Cc2ccccc2)CC1)c1ccccc1,train
CHEMBL140769,CHEMBL220,5.03,2010.0,5.03,O=C(C1CCCCC1)N(CCC1CCN(Cc2ccccc2)CC1)c1ccccc1,train
CHEMBL140770,CHEMBL220,8.1,2010.0,8.1,COc1ccc2c(c1)C(=O)N(CCC1CCN(Cc3ccccc3)CC1)C2=O,train
CHEMBL140936,CHEMBL220,4.92,2010.0,4.92,CCN(CCC1CCN(Cc2ccccc2)CC1)c1ccccc1,train
CHEMBL140948,CHEMBL220,5.17,2010.0,5.17,CN1CCC(CCN2C(=O)c3ccc([N+](=O)[O-])cc3C2=O)CC1,train
CHEMBL140990,CHEMBL220,7.77,2010.0,7.77,O=C1Cc2ccccc2CN1CCC1CCN(Cc2ccccc2)CC1,train
CHEMBL140999,CHEMBL220,8.62,2010.0,8.62,O=C(c1ccccc1)c1ccc2c(c1)C(=O)N(CCC1CCN(Cc3ccccc3)CC1)C2=O,test
CHEMBL141001,CHEMBL220,8.05,2010.0,8.05,O=C1c2cccc([N+](=O)[O-])c2C(=O)N1CCC1CCN(Cc2ccccc2)CC1,train
CHEMBL141042,CHEMBL220,7.64,2010.0,7.64,O=C1Cc2ccccc2C(=O)N1CCC1CCN(Cc2ccccc2)CC1,train
CHEMBL141167,CHEMBL220,7.19,2010.0,7.19,CC(=O)N(CCC1CCN(Cc2ccccc2)CC1)c1cccc(F)c1,train
CHEMBL1411769,CHEMBL220,5.13,2015.0,5.13,Clc1ccc2c(c1)Nc1ccccc1S2,train
CHEMBL141203,CHEMBL220,5.96,2010.0,5.96,O=c1c2ccccc2ccn1CCC1CCN(Cc2ccccc2)CC1,train
CHEMBL141276,CHEMBL220,7.89,2010.0,7.89,O=C1Nc2ccccc2CN1CCC1CCN(Cc2ccccc2)CC1,train
CHEMBL141352,CHEMBL220,6.97,2010.0,6.97,CC(=O)N(CCC1CCN(Cc2ccccc2)CC1)c1ccncc1,train
CHEMBL141515,CHEMBL220,6.57,2010.0,6.57,O=C1CCCCN1CCC1CCN(Cc2ccccc2)CC1,train
CHEMBL141622,CHEMBL220,6.47,2010.0,6.47,O=C(Nc1cccc2c1C(=O)N(CCC1CCN(Cc3ccccc3)CC1)C2=O)c1ccccc1,test
CHEMBL1416246,CHEMBL220,3.6989700043360187,2017.0,3.6989700043360187,S=C(NCCN1CCOCC1)Nc1cccc(Cl)c1,train
CHEMBL141801,CHEMBL220,6.16,2010.0,6.16,COc1ccc(N(CCC2CCN(Cc3ccccc3)CC2)C(C)=O)cc1,train
CHEMBL141810,CHEMBL220,6.1,2010.0,6.1,O=C1c2ccccc2NCN1CCC1CCN(Cc2ccccc2)CC1,val
CHEMBL141853,CHEMBL220,6.08,2010.0,6.08,CCC(=O)N(CCC1CCN(Cc2ccccc2)CC1)c1ccccc1,train
CHEMBL141873,CHEMBL220,6.23,2010.0,6.23,COc1ccc(C(=O)N(CCC2CCN(Cc3ccccc3)CC2)c2ccccc2)cc1,train
CHEMBL1420,CHEMBL220,3.2518119729937993,1986.0,3.2518119729937993,C[n+]1ccccc1C=NO,train
CHEMBL142013,CHEMBL220,5.8,2010.0,5.8,c1ccc(CN2CCC(CCN3CCc4ccccc4C3)CC2)cc1,train
CHEMBL142014,CHEMBL220,6.0,2010.0,6.0,O=C1c2ccccc2CCN1CCC1CCN(Cc2ccccc2)CC1,train
CHEMBL1424,CHEMBL220,5.05,2013.0,5.05,O=c1[nH]c(=O)c2nc[nH]c2[nH]1,test
CHEMBL1424080,CHEMBL220,5.92,2019.0,5.92,Fc1ccc(CNC2CCN(Cc3ccccc3)CC2)cc1,train
CHEMBL142491,CHEMBL220,7.53,2000.0,7.53,CCC1=CC2Cc3nc4cccc(F)c4c(N)c3C(C1)C2,train
CHEMBL142816,CHEMBL220,6.37,2000.0,6.37,CCC1=CC2Cc3nc4ccc(Cl)cc4c(N)c3C(C1)C2,train
CHEMBL1429841,CHEMBL220,4.0,2013.0,4.0,c1ccc(Nc2nc3ccccc3[nH]2)nc1,train
CHEMBL1430084,CHEMBL220,6.72,2024.0,6.72,c1ccc(CN2CCN(c3nc(-c4ccccc4)nc4ccccc34)CC2)cc1,train
CHEMBL143055,CHEMBL220,7.74,2003.0,7.74,CCN(CCCCCC(=O)N(CCCCCCCCN(C(=O)CCCCCN(CC)Cc1ccccc1OC)C(C)C)C(C)C)Cc1ccccc1OC,test
CHEMBL143094,CHEMBL220,8.3,2000.0,8.3,CCC1=CC2Cc3nc4cc(C)cc(C)c4c(N)c3C(C1)C2,train
CHEMBL143290,CHEMBL220,8.66,2000.0,8.66,CC1=CC2Cc3nc4cc(F)cc(F)c4c(N)c3C(C1)C2,train
CHEMBL143812,CHEMBL220,9.49,2004.0,9.49,CCC1=CC2Cc3nc4cc(Cl)ccc4c(N)c3C(C1)C2,train
CHEMBL1443379,CHEMBL220,4.0,2013.0,4.0,C/C=C(\C)C(=O)OC(C)(C)[C@@H]1Cc2cc3ccc(=O)oc3cc2O1,train
CHEMBL145,CHEMBL220,4.0,2013.0,4.0,O=C(O)/C=C/c1ccc(O)c(O)c1,val
CHEMBL145361,CHEMBL220,5.51,2016.0,5.51,COc1cc2c(cc1OC)C(=O)C(CC1CCN(Cc3ccccc3[N+](=O)[O-])CC1)C2,test
CHEMBL14577,CHEMBL220,3.373299493884214,2017.0,3.373299493884214,C[n+]1ccccc1C=NO.[I-],train
CHEMBL145928,CHEMBL220,5.08,1989.0,5.08,C#CC(CCC)OC[n+]1ccn(C)c1/C=N/O.[Cl-],train
CHEMBL1459580,CHEMBL220,7.52,2016.0,7.52,O=C(COc1ccc(Cl)cc1Cl)Nc1ccc(CN2CCCCC2)cc1,test
CHEMBL145971,CHEMBL220,4.25,1989.0,4.25,Cn1cc[n+](COCC2CCCc3ccccc32)c1/C=N/O.[Cl-],train
CHEMBL1459962,CHEMBL220,6.08,2019.0,6.08,Cc1cc(N2CCCCC2)nc2ccccc12,train
CHEMBL146158,CHEMBL220,5.11,1989.0,5.11,Cn1cc[n+](COC[n+]2ccn(C)c2/C=N/O)c1/C=N/O,train
CHEMBL146319,CHEMBL220,3.8416375079047502,1989.0,3.8416375079047502,CC#CC(C)OC[n+]1ccn(C)c1/C=N/O.[Cl-],train
CHEMBL14638,CHEMBL220,4.07,2019.0,4.07,O=C(c1ccc(OCCCc2c[nH]cn2)cc1)C1CC1,test
CHEMBL146873,CHEMBL220,5.79,2002.0,5.79,C#CCN(C)C(C)Cc1cccc(OC(=O)N(C)C)c1,val
CHEMBL147025,CHEMBL220,4.62,1989.0,4.62,C#CC1(OC[n+]2ccn(C)c2/C=N/O)CCCC1.[Cl-],train
CHEMBL147031,CHEMBL220,4.91,2002.0,4.91,C#CCNC(C)Cc1cccc(OC(=O)N(C)CCCC)c1,val
CHEMBL147033,CHEMBL220,5.39,2002.0,5.39,C#CCNC1CCc2ccc(OC(=O)N(C)C)cc2C1,train
CHEMBL147213,CHEMBL220,4.49,1989.0,4.49,CC(CC(C)(C)C)OC[n+]1ccn(C)c1/C=N/O.[Cl-],train
CHEMBL1473252,CHEMBL220,4.0,2013.0,4.0,Cc1c(S(=O)(=O)[O-])oc2c1C(=O)C(=O)c1c-2ccc2c1CCCC2(C)C.[Na+],test
CHEMBL147465,CHEMBL220,4.57,1989.0,4.57,C#CCCOC[n+]1ccn(C)c1C.[Cl-],train
CHEMBL147517,CHEMBL220,4.62,1989.0,4.62,C#CC(C)(C)OC[n+]1ccn(C)c1/C=N/O.[Cl-],train
CHEMBL147524,CHEMBL220,6.64,2002.0,6.64,CN(C)C(=O)Oc1cccc(CCN)c1,val
CHEMBL147527,CHEMBL220,3.630784142589857,2002.0,3.630784142589857,C#CCN(C)C(C)Cc1cccc(OC(=O)N(C)CC)c1,val
CHEMBL147793,CHEMBL220,4.48,1989.0,4.48,Cc1n(C)cc[n+]1COC(C)C(C)(C)C.[Cl-],train
CHEMBL147968,CHEMBL220,4.6,1989.0,4.6,CCCCCCOC[n+]1ccn(C)c1/C=N/O.[Cl-],train
CHEMBL1482486,CHEMBL220,3.6989700043360187,2017.0,3.6989700043360187,COc1ccc(NC(S)=NCCN2CCC(C)CC2)cc1,train
CHEMBL1485276,CHEMBL220,3.0,2016.0,3.0,O=S(=O)(NCCSc1nnc(-c2ccco2)n1-c1ccccc1)c1ccccc1,val
CHEMBL148760,CHEMBL220,5.75,2002.0,5.75,C#CC(C)NC1CCc2ccc(SC(=O)N(C)C)cc21,train
CHEMBL148771,CHEMBL220,4.28,2002.0,4.28,C#CCC1CCCc2ccc(OC(=O)N(C)CC)cc21,train
CHEMBL148832,CHEMBL220,4.66,1989.0,4.66,C#CCOC[n+]1ccn(C)c1/C=N/O.[Cl-],train
CHEMBL148879,CHEMBL220,5.44,2002.0,5.44,C#CCNC(C)Cc1cccc(OC(=O)N(C)C2CCCCC2)c1,val
CHEMBL148882,CHEMBL220,7.52,2002.0,7.52,CC(c1cccc(OC(=O)N(C)C)c1)N(C)C,val
CHEMBL149017,CHEMBL220,4.21,1989.0,4.21,C#CCCCC[n+]1ccccc1/C=N/O.[Cl-],train
CHEMBL149026,CHEMBL220,4.84,1989.0,4.84,C#CCCOC[n+]1ccn(C)c1/C=N/O.[Cl-],train
CHEMBL149084,CHEMBL220,4.12,1989.0,4.12,C#CCCCC[n+]1ccn(C(C)(C)C)c1/C=N/O.[Cl-],train
CHEMBL149230,CHEMBL220,4.62,1989.0,4.62,CCC(OC[n+]1ccn(C)c1/C=N/O)C(C)(C)C.[Cl-],train
CHEMBL149427,CHEMBL220,3.910094888560602,1989.0,3.910094888560602,Cn1c(/C=N/O)[n+](C)c2ccccc21.[Cl-],train
CHEMBL149542,CHEMBL220,5.28,1989.0,5.28,C#CCC(CCC)OC[n+]1ccn(C)c1/C=N/O.[Cl-],train
CHEMBL150,CHEMBL220,4.03,2010.0,4.03,O=c1c(O)c(-c2ccc(O)cc2)oc2cc(O)cc(O)c12,train
CHEMBL150156,CHEMBL220,4.2,1989.0,4.2,C#CCCCC[n+]1cn(C)c(/C=N/O)n1.[Cl-],train
CHEMBL150164,CHEMBL220,3.515700160653214,1989.0,3.515700160653214,C#CCCCC[n+]1ccc(/C=N/O)cc1.[Cl-],train
CHEMBL150212,CHEMBL220,4.01,1989.0,4.01,C#CCCOC[n+]1ccc(/C=N/O)cc1.[Cl-],train
CHEMBL150365,CHEMBL220,4.0,2010.0,4.0,N#Cc1cc(-c2ccccc2)nnc1NCCN1CCOCC1,test
CHEMBL1504199,CHEMBL220,4.0,2020.0,4.0,OC1CCCN(Cc2ccccc2)C1,test
CHEMBL15056,CHEMBL220,8.59,2008.0,8.59,c1ccc2c(NCCc3ccc(OCCCN4CCCCC4)cc3)c3c(nc2c1)CCCC3,test
CHEMBL150638,CHEMBL220,6.07,2002.0,6.07,C#CCN(C)CCc1cccc(OC(=O)N(C)C)c1,val
CHEMBL150985,CHEMBL220,4.47,2010.0,4.47,Cc1cc(-c2ccc(Cl)cc2)nnc1NCCN1CCOCC1,test
CHEMBL151,CHEMBL220,4.18,2010.0,4.18,O=c1cc(-c2ccc(O)c(O)c2)oc2cc(O)cc(O)c12,train
CHEMBL151125,CHEMBL220,5.06,2002.0,5.06,C#CCN(C)C(C)Cc1cccc(OC(=O)N(C)C2CCCCC2)c1,val
CHEMBL151194,CHEMBL220,5.11,2002.0,5.11,CCCN(C)C(=O)Oc1cccc(CCN)c1,val
CHEMBL151225,CHEMBL220,3.6903698325741012,2002.0,3.6903698325741012,C#CCNC1CCc2ccc(OC(=O)N(C)CC)cc2C1,train
CHEMBL151236,CHEMBL220,4.45,2002.0,4.45,CCN(C)C(=O)Oc1cccc(CCN)c1,val
CHEMBL151368,CHEMBL220,6.8,2002.0,6.8,CN(C)CCc1cccc(OC(=O)N(C)C)c1,val
CHEMBL151369,CHEMBL220,4.68,2002.0,4.68,CCN(C)C(=O)Oc1cccc(CCNC)c1,val
CHEMBL151387,CHEMBL220,5.49,2002.0,5.49,CN(C)C(=O)Oc1ccc2c(c1)CC(N)CC2,train
CHEMBL151388,CHEMBL220,5.21,2002.0,5.21,CCN(C)C(=O)Oc1ccc2c(c1)C(N)CCC2,train
CHEMBL151417,CHEMBL220,3.0,2010.0,3.0,c1ccc(-c2ccc(NCCN3CCOCC3)nn2)cc1,test
CHEMBL151507,CHEMBL220,5.07,1989.0,5.07,C#CCCCC[n+]1ccn(C)c1/C=N/O.[Cl-],train
CHEMBL151559,CHEMBL220,4.78,2002.0,4.78,C#CCN(C)CCc1cccc(OC(=O)N(C)CC)c1,val
CHEMBL151763,CHEMBL220,4.45,2014.0,4.45,CCN(C)C(=O)Oc1cccc(C(C)N(C)C)c1,val
CHEMBL151861,CHEMBL220,6.77,2002.0,6.77,C#CC(C)NCCc1cccc(OC(=O)N(C)C)c1,val
CHEMBL151883,CHEMBL220,4.52,2002.0,4.52,C#CCNCCc1cccc(OC(=O)N(C)CC)c1,val
CHEMBL151922,CHEMBL220,4.72,2002.0,4.72,C#CCNC(C)Cc1cccc(OC(=O)N(C)CCC)c1,val
CHEMBL151923,CHEMBL220,4.47,2002.0,4.47,C#CCNC(C)Cc1cccc(OC(=O)N(C)CC)c1,val
CHEMBL152260,CHEMBL220,6.43,1993.0,6.43,N#CC(C#N)=C1NCCN1CCNCc1ccc(CN2CCCC(O)C2)o1,train
CHEMBL1523,CHEMBL220,5.84,2007.0,5.84,Oc1ccc2c3c1O[C@H]1C[C@@H](O)C=C[C@@]31CCNC2,train
CHEMBL1524,CHEMBL220,7.0,2007.0,7.0,CN1CC[C@@]23C=C[C@H](O)C[C@@H]2Oc2c(O)ccc(c23)C1,train
CHEMBL152675,CHEMBL220,4.66,2013.0,4.66,C=CC(=O)N1C/C(=C\c2ccc(Cl)cc2)C(=O)/C(=C/c2ccc(Cl)cc2)C1,train
CHEMBL152722,CHEMBL220,5.51,1993.0,5.51,COc1cc(N)c(Cl)cc1C(=O)NCCNCc1ccc(CN(C)C)o1,test
CHEMBL152826,CHEMBL220,7.01,1992.0,7.01,COc1cc2c(c(OC)c1)C(=O)C(C)C2,train
CHEMBL153,CHEMBL220,3.7295540919820374,2015.0,3.7295540919820374,Cc1c(C)c2c(c(C)c1O)CCC(C)(C(=O)O)O2,train
CHEMBL153311,CHEMBL220,5.68,1993.0,5.68,CNC(NCCNCc1ccc(CN(C(C)C)C(C)C)o1)=C(C#N)C#N,val
CHEMBL153821,CHEMBL220,5.35,1993.0,5.35,CC1CCCC(C)N1Cc1ccc(CNCCN2CCNC2=C(C#N)C#N)o1,train
CHEMBL153848,CHEMBL220,7.235,1992.0,7.235,COc1cc2c(cc1OC(C)C)CC(C)C2=O,train
CHEMBL153865,CHEMBL220,8.28,1992.0,8.28,CN1CCC(C[C@@H]2Cc3ccccc3C2=O)CC1,train
CHEMBL1538928,CHEMBL220,7.42,2020.0,7.42,COc1ccc(C2CC(c3ccccc3)=NN2c2ccc(S(N)(=O)=O)cc2)cc1OC,train
CHEMBL153934,CHEMBL220,4.0,1998.0,4.0,CN(C)c1ccc(CC(=O)NCCCCCCCCCCNC23CC4CC(CC(C4)C2)C3)cc1,train
CHEMBL154155,CHEMBL220,5.375,1992.0,5.375,COc1ccc(C)cc1,val
CHEMBL154211,CHEMBL220,7.52,1993.0,7.52,N#CC(C#N)=C1NCCN1CCNCc1ccc(CN2CCCCC2)o1,train
CHEMBL154263,CHEMBL220,6.54,1993.0,6.54,CC1CCN(Cc2ccc(CNCCN3CCNC3=C(C#N)C#N)o2)CC1,train
CHEMBL1543212,CHEMBL220,3.6989700043360187,2017.0,3.6989700043360187,COc1ccc(NC(S)=NCCN2CCOCC2)cc1,val
CHEMBL154366,CHEMBL220,6.43,1993.0,6.43,CC1CCCN(Cc2ccc(CNCCN3CCNC3=C(C#N)C#N)o2)C1,train
CHEMBL154433,CHEMBL220,4.96,1993.0,4.96,N#CC(C#N)=C1NCCN1CCNCc1ccc(CN2CCOCC2)o1,val
CHEMBL154689,CHEMBL220,6.41,1993.0,6.41,CN(C)Cc1ccc(CNCCN2CCNC2=C(C#N)C#N)o1,train
CHEMBL154848,CHEMBL220,7.35,1992.0,7.35,COc1cc2c(cc1OC)C(=O)C(C)C2,train
CHEMBL154950,CHEMBL220,5.03,1993.0,5.03,C/N=c1\c(O)c(O)\c1=N/CCNCc1ccc(CN2CCCCC2)o1,test
CHEMBL154972,CHEMBL220,7.14,1993.0,7.14,N#CC(C#N)=C1Nc2ccccc2N1CCNCc1ccc(CN2CCCCC2)o1,train
CHEMBL155111,CHEMBL220,7.1,1993.0,7.1,N#CC(C#N)=C1NCCN1CCNCc1ccc(CN2CCCC2)o1,train
CHEMBL155121,CHEMBL220,6.66,1992.0,6.66,CC1CCN(Cc2cccc3ccccc23)CC1,train
CHEMBL155128,CHEMBL220,5.54,1992.0,5.54,CC1CCN(Cc2ccc3ccccc3c2)CC1,train
CHEMBL155191,CHEMBL220,6.625,1992.0,6.625,CC1Cc2ccccc2C1=O,train
CHEMBL155320,CHEMBL220,6.154999999999999,1992.0,6.154999999999999,Cc1ccc([N+](=O)[O-])cc1,val
CHEMBL155322,CHEMBL220,6.27,1993.0,6.27,CC1CCCCN1Cc1ccc(CNCCN2CCNC2=C(C#N)C#N)o1,train
CHEMBL155350,CHEMBL220,6.8,1996.0,6.8,CC/N=C1/CCc2c1n(C)c1ccc(OC(=O)NC)c(Cl)c21,train
CHEMBL155371,CHEMBL220,7.0600000000000005,1992.0,7.0600000000000005,COc1ccc2c(c1OC)CC(C)C2=O,train
CHEMBL155392,CHEMBL220,6.2,1993.0,6.2,CNC(NCCNCc1ccc(CN(C)C)o1)=C(C#N)C#N,val
CHEMBL155495,CHEMBL220,4.698970004336019,1993.0,4.698970004336019,CNC(NCCNCc1ccc(COC)o1)=C(C#N)C#N,val
CHEMBL155499,CHEMBL220,6.5600000000000005,1992.0,6.5600000000000005,CC1Cc2ccc(F)cc2C1=O,train
CHEMBL1555,CHEMBL220,5.5,2011.0,5.5,Br.COc1ccc2c3c1O[C@H]1C[C@@H](O)C=C[C@@]31CCN(C)C2,train
CHEMBL1556015,CHEMBL220,3.348721986001856,2014.0,3.348721986001856,COc1cc(C(C#N)N2CCCCC2)ccc1O,test
CHEMBL155746,CHEMBL220,8.52,1992.0,8.52,CN1CCC(/C=C/C=C2\Cc3ccccc3C2=O)CC1,train
CHEMBL155754,CHEMBL220,6.64,1996.0,6.64,C/N=C1/CCc2c1n(C)c1ccc(OC(=O)NC)c(Cl)c21,train
CHEMBL155768,CHEMBL220,5.0,1992.0,5.0,CC1CCN(C(=O)c2ccccc2)CC1,train
CHEMBL155863,CHEMBL220,5.42,1996.0,5.42,CCC/N=C1/CCc2c1n(C)c1ccc(OC(=O)NC)cc21,train
CHEMBL155945,CHEMBL220,9.09,1992.0,9.09,CN1CCC(CC/C=C2\Cc3ccccc3C2=O)CC1,train
CHEMBL156016,CHEMBL220,4.75,2013.0,4.75,C=CC(=O)N1C/C(=C\c2ccccc2)C(=O)/C(=C/c2ccccc2)C1,train
CHEMBL156157,CHEMBL220,7.03,1992.0,7.03,CN1CCN(CC2Cc3ccccc3C2=O)CC1,train
CHEMBL156487,CHEMBL220,6.42,1992.0,6.42,COc1cc2c(cc1O)CC(C)C2=O,train
CHEMBL156630,CHEMBL220,5.38,1996.0,5.38,C/N=C1/CCc2c1n(C)c1ccc(OC(=O)NCc3ccccc3)c(Br)c21,train
CHEMBL156659,CHEMBL220,5.92,1993.0,5.92,Oc1nc2ccccc2n1CCNCc1ccc(CN2CCCCC2)o1,test
CHEMBL156710,CHEMBL220,5.31,1992.0,5.31,COc1cc(C)cc(OC)c1OC,val
CHEMBL156763,CHEMBL220,6.32,1992.0,6.32,CC1CCN(CC2Cc3ccccc3C2=O)CC1,train
CHEMBL156861,CHEMBL220,6.75,1996.0,6.75,C/N=C1/CCc2c1n(C)c1ccc(OC(=O)NC)c(Br)c21,train
CHEMBL156874,CHEMBL220,8.08,1992.0,8.08,CN1CCC(/C=C2\Cc3ccccc3C2=O)CC1,train
CHEMBL156931,CHEMBL220,5.47,1996.0,5.47,C/N=C1/CCc2c1n(C)c1ccc(OC(=O)NC)cc21,train
CHEMBL157017,CHEMBL220,5.92,1992.0,5.92,CN1CCC(=C2Cc3ccccc3C2=O)CC1,train
CHEMBL157182,CHEMBL220,6.17,1996.0,6.17,C/N=C1/CCc2c1n(C)c1cc(Cl)c(OC(=O)NC)cc21,train
CHEMBL157208,CHEMBL220,5.82,1993.0,5.82,N#CC(C#N)=C1NCCN1CCNCc1ccc(CN2CCSCC2)o1,train
CHEMBL1572608,CHEMBL220,4.0,2013.0,4.0,CCN(CC)CCCNc1nc2ccccc2[nH]1,train
CHEMBL157327,CHEMBL220,6.79,1992.0,6.79,Cc1ccc2c(c1)C(=O)C(C)C2,train
CHEMBL157336,CHEMBL220,4.0,1998.0,4.0,CN(C)c1ccc(CC(=O)NCCCCCCCCCCCCNC23CC4CC(CC(C4)C2)C3)cc1,test
CHEMBL157410,CHEMBL220,5.36,1992.0,5.36,CN1CCC(CC2=Cc3ccccc3C2)CC1,train
CHEMBL158174,CHEMBL220,8.0,1992.0,8.0,Cc1ccccc1CN1CCC(C)CC1,test
CHEMBL158232,CHEMBL220,8.28,1992.0,8.28,CC1CCN(Cc2ccccc2)CC1,test
CHEMBL158242,CHEMBL220,7.31,1992.0,7.31,CCOc1cc2c(cc1OCC)C(=O)C(C)C2,train
CHEMBL158252,CHEMBL220,8.38,1992.0,8.38,CN1CCC(CCC2C(=O)Nc3ccccc3C2=O)CC1,train
CHEMBL158946,CHEMBL220,7.22,1996.0,7.22,C/N=C1/CCc2c1n(C)c1ccc(OC(=O)N(C)C)c(Br)c21,train
CHEMBL160219,CHEMBL220,6.8,1996.0,6.8,CNC(=O)Oc1ccc2c(c1)c1c(n2C)/C(=N\CCc2ccccc2)CC1,train
CHEMBL160836,CHEMBL220,6.85,1996.0,6.85,CC/N=C1/CCc2c1n(C)c1ccc(OC(=O)NC)c(Br)c21,train
CHEMBL1611608,CHEMBL220,3.3880643749598773,2014.0,3.3880643749598773,COc1cc(C(C#N)N2CCOCC2)ccc1O,train
CHEMBL1613299,CHEMBL220,8.39,2021.0,8.39,COc1ccc(NC(=O)C2CCN(C(=O)c3ccccc3)CC2)cc1OC,train
CHEMBL1618106,CHEMBL220,6.57,2011.0,6.57,CCCCCCCNc1c2c(nc3ccc(OC)cc13)CCCC2,train
CHEMBL1618217,CHEMBL220,7.0,2011.0,7.0,CCCCCCNc1c2c(nc3ccc(OC)cc13)CCCC2,train
CHEMBL161880,CHEMBL220,5.77,1996.0,5.77,Clc1cccc2c1CN1CCCCCC1=N2,train
CHEMBL1626455,CHEMBL220,5.1,2017.0,5.1,CNc1nc(NCc2ccccc2)c2ccccc2n1,test
CHEMBL1626784,CHEMBL220,3.717000009205801,1997.0,3.717000009205801,C[N+](C)(C)c1cccc(N)c1,val
CHEMBL162734,CHEMBL220,5.04,1996.0,5.04,c1ccc2c(c1)CN1CCCCCCC1=N2,test
CHEMBL1629724,CHEMBL220,4.0,2010.0,4.0,O=C(Nc1cccc(C(=O)C(=O)c2ccccn2)c1)c1ccc(C(F)(F)F)cc1,test
CHEMBL1630808,CHEMBL220,4.0,2010.0,4.0,O=C(C(=O)c1ccccn1)c1cccc(NC(=O)c2ccc(Cl)cc2Cl)c1,test
CHEMBL1630809,CHEMBL220,4.0,2010.0,4.0,O=C(Cc1cccs1)Nc1cccc(C(=O)C(=O)c2ccccn2)c1,train
CHEMBL1630810,CHEMBL220,4.0,2010.0,4.0,Cc1ccc(C(=O)Nc2cccc(C(=O)C(=O)c3ccccn3)c2)cc1,test
CHEMBL1630811,CHEMBL220,4.0,2010.0,4.0,O=C(Nc1cccc(C(=O)C(=O)c2ccccn2)c1)c1ccc(F)c(F)c1,test
CHEMBL1630812,CHEMBL220,4.0,2010.0,4.0,O=C(COc1ccccc1)Nc1cccc(C(=O)C(=O)c2ccccn2)c1,test
CHEMBL1630813,CHEMBL220,4.0,2010.0,4.0,COc1ccc(C(=O)Nc2cccc(C(=O)C(=O)c3ccccn3)c2)cc1,test
CHEMBL1630814,CHEMBL220,4.0,2010.0,4.0,O=C(Nc1cccc(C(=O)C(=O)c2ccccn2)c1)c1cccc(Cl)c1,test
CHEMBL1630815,CHEMBL220,4.0,2010.0,4.0,COc1ccc(CC(=O)Nc2cccc(C(=O)C(=O)c3ccccn3)c2)cc1,train
CHEMBL1630816,CHEMBL220,4.0,2010.0,4.0,O=C(Nc1cccc(C(=O)C(=O)c2ccccn2)c1)c1ccc(F)cc1,test
CHEMBL163362,CHEMBL220,5.44,1996.0,5.44,c1ccc2c(c1)CN1CCCCC1=N2,val
CHEMBL164,CHEMBL220,6.17,2010.0,6.17,O=c1c(O)c(-c2cc(O)c(O)c(O)c2)oc2cc(O)cc(O)c12,train
CHEMBL1642970,CHEMBL220,4.7,2011.0,4.7,CC(C)(C)c1cc[n+](C[n+]2ccc(C(C)(C)C)cc2)cc1.[Br-].[Br-],train
CHEMBL1642971,CHEMBL220,4.77,2011.0,4.77,CC(C)(C)c1cc[n+](CC[n+]2ccc(C(C)(C)C)cc2)cc1.[Br-].[Br-],train
CHEMBL1642972,CHEMBL220,4.85,2011.0,4.85,CC(C)(C)c1cc[n+](CCC[n+]2ccc(C(C)(C)C)cc2)cc1.[Br-].[Br-],train
CHEMBL1642973,CHEMBL220,5.43,2011.0,5.43,CC(C)(C)c1cc[n+](CCCC[n+]2ccc(C(C)(C)C)cc2)cc1.[Br-].[Br-],train
CHEMBL1642974,CHEMBL220,4.62,2011.0,4.62,CC(C)(C)c1cc[n+](CCCCC[n+]2ccc(C(C)(C)C)cc2)cc1.[Br-].[Br-],test
CHEMBL1642975,CHEMBL220,7.5,2011.0,7.5,CC(C)(C)c1cc[n+](CCCCCC[n+]2ccc(C(C)(C)C)cc2)cc1.[Br-].[Br-],train
CHEMBL1642976,CHEMBL220,7.8,2011.0,7.8,CC(C)(C)c1cc[n+](CCCCCCC[n+]2ccc(C(C)(C)C)cc2)cc1.[Br-].[Br-],test
CHEMBL1642977,CHEMBL220,7.675000000000001,2011.0,7.675000000000001,CC(C)(C)c1cc[n+](CCCCCCCC[n+]2ccc(C(C)(C)C)cc2)cc1.[Br-].[Br-],train
CHEMBL1642978,CHEMBL220,7.43,2011.0,7.43,CC(C)(C)c1cc[n+](CCCCCCCCC[n+]2ccc(C(C)(C)C)cc2)cc1.[Br-].[Br-],train
CHEMBL1642979,CHEMBL220,7.92,2011.0,7.92,CC(C)(C)c1cc[n+](CCCCCCCCCC[n+]2ccc(C(C)(C)C)cc2)cc1.[Br-].[Br-],train
CHEMBL1642980,CHEMBL220,7.58,2011.0,7.58,CC(C)(C)c1cc[n+](CCCCCCCCCCC[n+]2ccc(C(C)(C)C)cc2)cc1.[Br-].[Br-],test
CHEMBL1642981,CHEMBL220,4.92,2011.0,4.92,CC(C)(C)c1cc[n+](COC[n+]2ccc(C(C)(C)C)cc2)cc1.[Cl-].[Cl-],train
CHEMBL1642982,CHEMBL220,4.72,2011.0,4.72,CC(C)(C)c1cc[n+](CCOCC[n+]2ccc(C(C)(C)C)cc2)cc1.[Br-].[Br-],train
CHEMBL1642983,CHEMBL220,5.47,2011.0,5.47,CC(C)(C)c1cc[n+](C/C=C/C[n+]2ccc(C(C)(C)C)cc2)cc1.[Br-].[Br-],val
CHEMBL1642984,CHEMBL220,5.7,2011.0,5.7,CC(C)(C)c1cc[n+](C/C=C\C[n+]2ccc(C(C)(C)C)cc2)cc1.[Cl-].[Cl-],val
CHEMBL1642985,CHEMBL220,5.0,2011.0,5.0,CC(C)(C)c1cc[n+](Cc2ccccc2C[n+]2ccc(C(C)(C)C)cc2)cc1.[Br-].[Br-],train
CHEMBL1642986,CHEMBL220,6.16,2011.0,6.16,CC(C)(C)c1cc[n+](Cc2cccc(C[n+]3ccc(C(C)(C)C)cc3)c2)cc1.[Br-].[Br-],test
CHEMBL1642987,CHEMBL220,6.52,2011.0,6.52,CC(C)(C)c1cc[n+](Cc2ccc(C[n+]3ccc(C(C)(C)C)cc3)cc2)cc1.[Br-].[Br-],train
CHEMBL1642988,CHEMBL220,7.3100000000000005,2011.0,7.3100000000000005,CC(C)(C)c1cc[n+](/C=C2\C=CC3=CC/C(=C\[n+]4ccc(C(C)(C)C)cc4)C=C3C2)cc1.[Br-].[Br-],train
CHEMBL1643944,CHEMBL220,7.3,2011.0,7.3,[Br-].[Br-].c1ccc2c[n+](CCCCCCCCCC[n+]3ccc4ccccc4c3)ccc2c1,train
CHEMBL1644323,CHEMBL220,3.9507819773298185,2011.0,3.9507819773298185,O/N=C/c1cc[n+](CCC[n+]2ccc(-c3ccccc3)cc2)cc1.[Br-].[Br-],train
CHEMBL1644325,CHEMBL220,3.9788107009300617,2011.0,3.9788107009300617,CC(=O)c1cc[n+](CCC[n+]2ccc(/C=N/O)cc2)cc1.[Br-].[Br-],train
CHEMBL1644328,CHEMBL220,3.5361070110140926,2011.0,3.5361070110140926,N/C(=N\O)c1cc[n+](CCC[n+]2ccc(/C=N/O)cc2)cc1.[Br-].[Br-],train
CHEMBL164660,CHEMBL220,5.19,2013.0,5.19,O=c1ccc2cc3ccoc3cc2o1,test
CHEMBL165,CHEMBL220,5.301029995663981,2017.0,5.301029995663981,Oc1ccc(/C=C/c2cc(O)cc(O)c2)cc1,train
CHEMBL1651038,CHEMBL220,4.4,2010.0,4.4,CN[C@H]1CCC2=CC3=CC[C@]4(C)[C@@H]([C@H](C)N(C)C)[C@H](O)C[C@@]4(C)[C@@H]3CC[C@H]2C1(C)C,train
CHEMBL1651040,CHEMBL220,4.52,2010.0,4.52,CC(=O)O[C@@H]1C[C@@]2(C)[C@@H]3CC[C@H]4[C@](C)(CO)[C@@H](NC(=O)c5ccccc5)C=C[C@]4(O)CC3=CC[C@]2(C)[C@H]1[C@H](C)N(C)C,test
CHEMBL1651041,CHEMBL220,4.85,2010.0,4.85,CC(=O)O[C@@H]1C[C@@]2(C)[C@@H]3C[C@H]4OC[C@@]5(C)[C@@H](NC(=O)c6ccccc6)C=C[C@@](O)(CC3=CC[C@]2(C)[C@H]1[C@H](C)N(C)C)[C@@H]45,train
CHEMBL1651042,CHEMBL220,5.52,2010.0,5.52,CC(=O)O[C@H]1C[C@@H]2C(=CC[C@]3(C)[C@@H]([C@H](C)N(C)C)[C@H](O)C[C@@]23C)C[C@@]23O[C@@H]2[C@H]2OC[C@](C)([C@H]2NC(=O)c2ccccc2)[C@H]13,train
CHEMBL1651043,CHEMBL220,5.07,2010.0,5.07,C[C@@H]([C@H]1[C@H](O)C[C@@]2(C)[C@@H]3C[C@H](O)[C@H]4[C@]5(C)CO[C@]4(C=C[C@@H]5NC(=O)c4ccccc4)CC3=CC[C@]12C)N(C)C,train
CHEMBL1651044,CHEMBL220,4.64,2010.0,4.64,C[C@@H]([C@H]1[C@H](O)C[C@@]2(C)[C@@H]3C=C[C@H]4C(C)(C)[C@@H](N(C)C)[C@H](O)C[C@@]45C[C@@]35CC[C@]12C)N(C)C,train
CHEMBL1651045,CHEMBL220,4.59,2010.0,4.59,C[C@@H]1[C@@H]2CC[C@@H]3C(=CC[C@]4(C)[C@@H]([C@H](C)N(C)C)[C@H](O)C[C@@]34C)C=C2CC[C@@H]1N(C)C,train
CHEMBL1651046,CHEMBL220,4.53,2010.0,4.53,C[C@@H]([C@H]1[C@H](O)C[C@@]2(C)[C@@H]3CC[C@@H]4C(=CC3=CC[C@]12C)CC[C@H](N(C)C)C4(C)C)N(C)C,train
CHEMBL1651047,CHEMBL220,4.1,2010.0,4.1,C[C@@H]([C@H]1CC[C@@]2(C)[C@@H]3CC[C@@H]4C(=CC3=CC[C@]12C)CC[C@H](N(C)C)C4(C)C)N(C)C,train
CHEMBL1651048,CHEMBL220,4.24,2010.0,4.24,C/C=C1/C(=O)C[C@@]2(C)[C@@H]3CC[C@H]4C(C)(C)[C@@H](N(C)C)CC[C@@]45C[C@@]35CC[C@]12C,train
CHEMBL1651125,CHEMBL220,7.48,2011.0,7.48,O=C(CCC1CCN(Cc2ccccc2)CC1)c1ccc2c(c1)NC(c1ccccc1)N2,test
CHEMBL1651126,CHEMBL220,7.64,2011.0,7.64,O=C(CCC1CCN(Cc2ccccc2)CC1)c1ccc2c(c1)CNCCC2,train
CHEMBL1651127,CHEMBL220,7.6,2011.0,7.6,O=C(CCC1CCN(Cc2ccccc2)CC1)c1ccc2c(c1)CCNCC2,train
CHEMBL1651128,CHEMBL220,7.4,2011.0,7.4,O=C(CCC1CCN(Cc2ccccc2)CC1)c1ccc2c(c1)CNCCO2,train
CHEMBL1651129,CHEMBL220,8.44,2011.0,8.44,O=C(CCC1CCN(Cc2ccccc2)CC1)c1cc2c3c(c1)CC(=O)N3CCC2,train
CHEMBL1651130,CHEMBL220,8.01,2011.0,8.01,O=C(CCC1CCN(Cc2ccccc2)CC1)c1cc2c3c(c1)CCN3C(=O)CC2,test
CHEMBL1651131,CHEMBL220,8.6,2011.0,8.6,O=C(CCC1CCN(Cc2ccccc2F)CC1)c1cc2c3c(ccn3C(=O)CC2)c1,train
CHEMBL1651132,CHEMBL220,8.89,2011.0,8.89,O=C(CCC1CCN(Cc2cccc(F)c2)CC1)c1cc2c3c(ccn3C(=O)CC2)c1,train
CHEMBL1651133,CHEMBL220,8.29,2011.0,8.29,O=C(CCC1CCN(Cc2ccccc2Cl)CC1)c1cc2c3c(ccn3C(=O)CC2)c1,train
CHEMBL1651134,CHEMBL220,8.31,2011.0,8.31,O=C(CCC1CCN(Cc2cccc(Cl)c2)CC1)c1cc2c3c(ccn3C(=O)CC2)c1,train
CHEMBL1651135,CHEMBL220,6.82,2011.0,6.82,O=C(CCC1CCN(Cc2ccc(Cl)cc2)CC1)c1cc2c3c(ccn3C(=O)CC2)c1,train
CHEMBL1651136,CHEMBL220,7.19,2011.0,7.19,COc1ccccc1CN1CCC(CCC(=O)c2cc3c4c(ccn4C(=O)CC3)c2)CC1,train
CHEMBL1651137,CHEMBL220,6.9,2011.0,6.9,COc1cccc(CN2CCC(CCC(=O)c3cc4c5c(ccn5C(=O)CC4)c3)CC2)c1,train
CHEMBL1651138,CHEMBL220,6.46,2011.0,6.46,COc1ccc(CN2CCC(CCC(=O)c3cc4c5c(ccn5C(=O)CC4)c3)CC2)cc1,train
CHEMBL1651139,CHEMBL220,8.96,2011.0,8.96,O=C(CCC1CCN(Cc2ccccc2O)CC1)c1cc2c3c(ccn3C(=O)CC2)c1,train
CHEMBL1651140,CHEMBL220,8.06,2011.0,8.06,O=C(CCC1CCN(Cc2cccc(O)c2)CC1)c1cc2c3c(ccn3C(=O)CC2)c1,train
CHEMBL1651141,CHEMBL220,7.05,2011.0,7.05,O=C(CCC1CCN(Cc2ccccc2[N+](=O)[O-])CC1)c1cc2c3c(ccn3C(=O)CC2)c1,train
CHEMBL1651243,CHEMBL220,8.54,2011.0,8.54,O=C(CCC1CCN(Cc2cccc([N+](=O)[O-])c2)CC1)c1cc2c3c(ccn3C(=O)CC2)c1,train
CHEMBL1651244,CHEMBL220,7.8,2011.0,7.8,O=C(CCC1CCN(Cc2ccccc2)CC1)c1cc2c3c(c1)CCC(=O)N3CCC2,train
CHEMBL1651245,CHEMBL220,7.28,2011.0,7.28,O=C(CCC1CCN(Cc2ccccc2)CC1)c1cc2c3c(c1)CCN3C(=O)CCC2,train
CHEMBL1651246,CHEMBL220,7.85,2011.0,7.85,CS(=O)(=O)Nc1ccc2c(CCC3CCN(Cc4ccccc4)CC3)noc2c1,test
CHEMBL1651247,CHEMBL220,9.1,2011.0,9.1,c1ccc(CN2CCC(CCc3noc4cc(C5CCCCC5)ccc34)CC2)cc1,train
CHEMBL1651248,CHEMBL220,8.34,2011.0,8.34,O=C(CCC1CCN(Cc2ccc(F)cc2)CC1)c1cc2c3c(ccn3C(=O)CC2)c1,train
CHEMBL1651249,CHEMBL220,9.31,2011.0,9.31,O=C(CCC1CCN(Cc2ccc(O)cc2)CC1)c1cc2c3c(ccn3C(=O)CC2)c1,train
CHEMBL1651250,CHEMBL220,7.37,2011.0,7.37,O=C(CCC1CCN(Cc2ccc([N+](=O)[O-])cc2)CC1)c1cc2c3c(ccn3C(=O)CC2)c1,train
CHEMBL165292,CHEMBL220,4.0,1996.0,4.0,O=c1c2ccc(Cl)cc2nc2n1CCCCC2,train
CHEMBL165304,CHEMBL220,5.42,1996.0,5.42,c1ccc2c(c1)CN1CCCCCC1=N2,train
CHEMBL165726,CHEMBL220,6.3,1996.0,6.3,Clc1ccc2c(c1)CN1CCCCCC1=N2,train
CHEMBL166194,CHEMBL220,5.9,1996.0,5.9,N=c1c2ccc(Cl)cc2nc2n1CCCCC2,train
CHEMBL166359,CHEMBL220,4.87,1996.0,4.87,c1ccc2c(c1)CN1CCCCCCCC1=N2,train
CHEMBL16645,CHEMBL220,7.025,1992.0,7.025,Cc1ccc(O)cc1,val
CHEMBL1668333,CHEMBL220,3.718739312944987,2011.0,3.718739312944987,CC(C)=CC(=O)C[C@H](C)c1ccc(C)cc1,val
CHEMBL1668334,CHEMBL220,4.09,2011.0,4.09,Cc1ccc([C@@H](C)CC(=O)CC(C)C)cc1,val
CHEMBL1668934,CHEMBL220,3.939302159646388,2022.0,3.939302159646388,CC(=O)N1CCC(NC(=O)Nc2ccc(OC(F)(F)F)cc2)CC1,test
CHEMBL1669479,CHEMBL220,8.3,2011.0,8.3,C[N+](C)(CCNC(=O)C(=O)NCC[N+](C)(C)Cc1ccccc1Cl)Cc1ccccc1Cl.[Cl-].[Cl-],test
CHEMBL1669480,CHEMBL220,3.184422251675733,2011.0,3.184422251675733,[Br-].[Br-].c1ccc2c[n+](C[n+]3ccc4ccccc4c3)ccc2c1,val
CHEMBL1669481,CHEMBL220,3.350665141287858,2011.0,3.350665141287858,[Br-].[Br-].c1ccc2c[n+](CCC[n+]3ccc4ccccc4c3)ccc2c1,test
CHEMBL1669482,CHEMBL220,4.44,2011.0,4.44,[Br-].[Br-].c1ccc2c[n+](CCCC[n+]3ccc4ccccc4c3)ccc2c1,train
CHEMBL1669483,CHEMBL220,4.89,2011.0,4.89,[Br-].[Br-].c1ccc2c[n+](CCCCC[n+]3ccc4ccccc4c3)ccc2c1,test
CHEMBL1669484,CHEMBL220,6.52,2011.0,6.52,[Br-].[Br-].c1ccc2c[n+](CCCCCC[n+]3ccc4ccccc4c3)ccc2c1,train
CHEMBL1669485,CHEMBL220,6.3,2011.0,6.3,[Br-].[Br-].c1ccc2c[n+](CCCCCCC[n+]3ccc4ccccc4c3)ccc2c1,train
CHEMBL1669486,CHEMBL220,6.21,2011.0,6.21,[Br-].[Br-].c1ccc2c[n+](CCCCCCCC[n+]3ccc4ccccc4c3)ccc2c1,train
CHEMBL1669487,CHEMBL220,5.7,2011.0,5.7,[Cl-].[Cl-].c1ccc2c[n+](COC[n+]3ccc4ccccc4c3)ccc2c1,test
CHEMBL1669488,CHEMBL220,2.8827287043442356,2011.0,2.8827287043442356,[Br-].[Br-].c1ccc2c[n+](CCOCC[n+]3ccc4ccccc4c3)ccc2c1,val
CHEMBL1669489,CHEMBL220,5.16,2011.0,5.16,C(=C/C[n+]1ccc2ccccc2c1)\C[n+]1ccc2ccccc2c1.[Br-].[Br-],train
CHEMBL1669490,CHEMBL220,4.77,2011.0,4.77,C(=C\C[n+]1ccc2ccccc2c1)\C[n+]1ccc2ccccc2c1.[Cl-].[Cl-],train
CHEMBL1669491,CHEMBL220,3.6020599913279625,2011.0,3.6020599913279625,[Br-].[Br-].c1ccc(C[n+]2ccc3ccccc3c2)c(C[n+]2ccc3ccccc3c2)c1,train
CHEMBL1669492,CHEMBL220,5.1,2011.0,5.1,[Br-].[Br-].c1cc(C[n+]2ccc3ccccc3c2)cc(C[n+]2ccc3ccccc3c2)c1,test
CHEMBL1669493,CHEMBL220,4.92,2011.0,4.92,[Br-].[Br-].c1ccc2c[n+](Cc3ccc(C[n+]4ccc5ccccc5c4)cc3)ccc2c1,train
CHEMBL1669494,CHEMBL220,6.12,2011.0,6.12,[Br-].[Br-].c1ccc2c[n+](Cc3ccc4ccc(C[n+]5ccc6ccccc6c5)cc4c3)ccc2c1,train
CHEMBL1677,CHEMBL220,6.69,2001.0,6.69,Cl.Nc1c2c(nc3ccccc13)CCCC2,train
CHEMBL1678,CHEMBL220,7.5,2008.0,7.5,COc1cc2c(cc1OC)C(=O)C(CC1CCN(Cc3ccccc3)CC1)C2.Cl,test
CHEMBL167911,CHEMBL220,5.92,2015.0,5.92,COP(=O)(OC)OC=C(Cl)Cl,test
CHEMBL168938,CHEMBL220,7.35,2016.0,7.35,COc1cc2c(cc1OC)C(=O)/C(=C/C1CCN(Cc3ccccc3)CC1)C2,train
CHEMBL170946,CHEMBL220,7.06,2016.0,7.06,COc1cc2c(cc1OC)C(=O)C(CC1CCN(Cc3cccc(C)c3)CC1)C2,test
CHEMBL171048,CHEMBL220,5.72,2016.0,5.72,COc1cc2c(cc1OC)C(=O)C(CC1CCN(Cc3ccc([N+](=O)[O-])cc3)CC1)C2,test
CHEMBL1711540,CHEMBL220,7.26,2013.0,7.26,COc1ccc(C(=O)NC2CCN(Cc3c(F)cccc3Cl)CC2)cc1OC,train
CHEMBL1712867,CHEMBL220,4.69,2021.0,4.69,c1ccc(CN2CCc3[nH]c4ccccc4c3C2)cc1,train
CHEMBL1714574,CHEMBL220,4.67,,4.67,CC(C)N1CCN(c2ccc(OCC3COC(Cn4cncn4)(c4ccc(Cl)cc4Cl)O3)cc2)CC1,test
CHEMBL1719948,CHEMBL220,5.51,2013.0,5.51,CC(C)(O)CCc1c(-c2ccc(O)cc2O)oc2c3c(cc(O)c2c1=O)OC(C)(C)C=C3,train
CHEMBL1720480,CHEMBL220,7.02,2013.0,7.02,O=C(NC1CCN(Cc2ccccc2)CC1)c1ccc2c(c1)OCCCO2,test
CHEMBL172118,CHEMBL220,5.96,1992.0,5.96,Nc1c2c(nc3ccc(Cl)cc13)C1CCC2C1,test
CHEMBL172442,CHEMBL220,7.11,2003.0,7.11,CC[N+](C)(CCCCCCOCCCCCCCCOCCCCCC[N+](C)(CC)Cc1ccccc1OC)Cc1ccccc1OC,train
CHEMBL173018,CHEMBL220,7.9399999999999995,2003.0,7.9399999999999995,CC[N+](C)(CCCCCC(=O)N(C)CCCCCCCCN(C)C(=O)CCCCC[N+](C)(CC)Cc1ccccc1OC)Cc1ccccc1OC,train
CHEMBL173136,CHEMBL220,5.34,2003.0,5.34,CCN(CCCCCC(=O)N(C)CCCCCCCCN(C)C(=O)CCCCCN(CC)Cc1ccccc1C(F)(F)F)Cc1ccccc1C(F)(F)F,test
CHEMBL173309,CHEMBL220,7.775,2003.0,7.775,CCN(CCCCCC(=O)N(C)CCCCCCCCN(C)C(=O)CCCCCN(CC)Cc1ccccc1OC)Cc1ccccc1OC,test
CHEMBL173607,CHEMBL220,7.78,2003.0,7.78,CC[N+](C)(CCCCCC(=O)N(C)CCCCCCCCN(C)C(=O)CCCCC[N+](C)(CC)Cc1ccccc1C)Cc1ccccc1C,train
CHEMBL173935,CHEMBL220,7.71,2003.0,7.71,CC[N+](C)(CCCCCC(=O)N(C)CCCCCCCCN(C)C(=O)CCCCC[N+](C)(CC)Cc1ccccc1Cl)Cc1ccccc1Cl,train
CHEMBL174046,CHEMBL220,7.93,2003.0,7.93,CC[N+](C)(CCCCCC(=O)N(C)CCCCCCCCN(C)C(=O)CCCCC[N+](C)(CC)Cc1ccccc1C(F)(F)F)Cc1ccccc1C(F)(F)F,train
CHEMBL174228,CHEMBL220,7.25,2003.0,7.25,CCN(CCCCCC(=O)N(C)CCCCCCCCN(C)C(=O)CCCCCN(CC)Cc1ccccc1C)Cc1ccccc1C,test
CHEMBL174710,CHEMBL220,7.14,2003.0,7.14,COc1ccccc1CN(CCCCCC(=O)N(C)CCCCCCCCN(C)C(=O)CCCCCN(Cc1ccccc1OC)C(C)C)C(C)C,test
CHEMBL175047,CHEMBL220,6.69,2003.0,6.69,CCN(CCCCCCOCCCCCCCCOCCCCCCN(CC)Cc1ccccc1OC)Cc1ccccc1OC,train
CHEMBL175555,CHEMBL220,8.4,2008.0,8.4,CN(CCCCSc1c2c(nc3ccccc13)CCCC2)CCCNc1c2c(nc3ccccc13)CCCC2,test
CHEMBL175949,CHEMBL220,8.29,2008.0,8.29,CC(=O)N(CCCCSc1c2c(nc3ccccc13)CCCC2)CCCNc1c2c(nc3ccccc13)CCCC2,test
CHEMBL1761991,CHEMBL220,5.05,2011.0,5.05,[Br-].[Br-].c1ccc2c(c1)ccc[n+]2CCC[n+]1cccc2ccccc21,train
CHEMBL1761992,CHEMBL220,4.42,2011.0,4.42,[Br-].[Br-].c1ccc2c(c1)ccc[n+]2CCCC[n+]1cccc2ccccc21,train
CHEMBL1761993,CHEMBL220,5.4,2011.0,5.4,[Br-].[Br-].c1ccc2c(c1)ccc[n+]2CCCCC[n+]1cccc2ccccc21,train
CHEMBL1761994,CHEMBL220,7.05,2011.0,7.05,[Br-].[Br-].c1ccc2c(c1)ccc[n+]2CCCCCCC[n+]1cccc2ccccc21,train
CHEMBL1761995,CHEMBL220,7.1,2011.0,7.1,[Br-].[Br-].c1ccc2c(c1)ccc[n+]2CCCCCCCC[n+]1cccc2ccccc21,train
CHEMBL1761996,CHEMBL220,3.378823718224965,2011.0,3.378823718224965,[Cl-].[Cl-].c1ccc2c(c1)ccc[n+]2COC[n+]1cccc2ccccc21,val
CHEMBL1761997,CHEMBL220,4.46,2011.0,4.46,[Br-].[Br-].c1ccc2c(c1)ccc[n+]2CCOCC[n+]1cccc2ccccc21,train
CHEMBL1761998,CHEMBL220,5.22,2011.0,5.22,C(=C/C[n+]1cccc2ccccc21)\C[n+]1cccc2ccccc21.[Br-].[Br-],train
CHEMBL1761999,CHEMBL220,5.7,2011.0,5.7,C(=C\C[n+]1cccc2ccccc21)\C[n+]1cccc2ccccc21.[Cl-].[Cl-],train
CHEMBL1762000,CHEMBL220,4.46,2011.0,4.46,[Br-].[Br-].c1ccc(C[n+]2cccc3ccccc32)c(C[n+]2cccc3ccccc32)c1,train
CHEMBL1762001,CHEMBL220,4.4,2011.0,4.4,[Br-].[Br-].c1cc(C[n+]2cccc3ccccc32)cc(C[n+]2cccc3ccccc32)c1,train
CHEMBL1762003,CHEMBL220,5.64,2011.0,5.64,[Br-].[Br-].c1ccc2c(c1)ccc[n+]2Cc1ccc2ccc(C[n+]3cccc4ccccc43)cc2c1,train
CHEMBL1762833,CHEMBL220,7.08,2019.0,7.08,COc1ccc(C2c3c(nc4c(c3N)CCCC4)Oc3ccc4ccccc4c32)cc1OC,train
CHEMBL176308,CHEMBL220,6.6,2003.0,6.6,CCN(CCCCCC(=O)N(C)CCCCCCCCN(C)C(=O)CCCCCN(CC)Cc1ccccc1[N+](=O)[O-])Cc1ccccc1[N+](=O)[O-],test
CHEMBL176521,CHEMBL220,8.09,2003.0,8.09,CC[N+](C)(CCCCCC(=O)N(CCCCCCCCN(C(=O)CCCCC[N+](C)(CC)Cc1ccccc1OC)C(C)C)C(C)C)Cc1ccccc1OC,train
CHEMBL176585,CHEMBL220,7.31,2003.0,7.31,CCN(CCCCCC(=O)N(C)CCCCCCCCN(C)C(=O)CCCCCN(CC)Cc1ccccc1)Cc1ccccc1,test
CHEMBL1766016,CHEMBL220,4.78,2011.0,4.78,CC(=O)N1CCN(c2nccc(NCc3ccccc3)n2)CC1,train
CHEMBL1766017,CHEMBL220,4.73,2011.0,4.73,CC(C)(C)OC(=O)N1CCN(c2nccc(NCc3ccccc3)n2)CC1,train
CHEMBL1766018,CHEMBL220,4.64,2011.0,4.64,c1ccc(CNc2ccnc(N3CCN(C4CCCCC4)CC3)n2)cc1,train
CHEMBL1766019,CHEMBL220,4.6,2011.0,4.6,CC(C)N1CCN(c2nccc(NCc3ccccc3)n2)CC1,train
CHEMBL1766020,CHEMBL220,4.85,2011.0,4.85,CC(C)C1CCN(c2nccc(NCc3ccccc3)n2)CC1,train
CHEMBL1766139,CHEMBL220,4.82,2011.0,4.82,CCCN1CCN(c2nccc(NCc3ccccc3)n2)CC1,train
CHEMBL1766140,CHEMBL220,4.58,2011.0,4.58,OCCN1CCN(c2nccc(NCc3ccccc3)n2)CC1,train
CHEMBL1766141,CHEMBL220,4.57,2011.0,4.57,COCCN1CCN(c2nccc(NCc3ccccc3)n2)CC1,train
CHEMBL1766142,CHEMBL220,4.7,2011.0,4.7,Clc1ccc(CN2CCN(c3nccc(NCc4ccccc4)n3)CC2)cc1,train
CHEMBL1766143,CHEMBL220,4.59,2011.0,4.59,Brc1ccc(CN2CCN(c3nccc(NCc4ccccc4)n3)CC2)cc1,train
CHEMBL1766144,CHEMBL220,4.67,2011.0,4.67,Fc1ccc(CN2CCN(c3nccc(NCc4ccccc4)n3)CC2)cc1,train
CHEMBL1766145,CHEMBL220,4.54,2011.0,4.54,FC(F)(F)c1ccc(CN2CCN(c3nccc(NCc4ccccc4)n3)CC2)cc1,train
CHEMBL1766146,CHEMBL220,4.91,2011.0,4.91,c1ccc(CNc2ccnc(NC3CCN(Cc4ccccc4)CC3)n2)cc1,train
CHEMBL1766147,CHEMBL220,4.9,2011.0,4.9,[O-][S+]1CCN(c2nccc(NCc3ccccc3)n2)CC1,test
CHEMBL1766148,CHEMBL220,4.62,2011.0,4.62,O=S1(=O)CCN(c2nccc(NCc3ccccc3)n2)CC1,train
CHEMBL1766149,CHEMBL220,4.81,2011.0,4.81,c1ccc(CNc2ccnc(N3CCNCC3)n2)cc1,train
CHEMBL1766150,CHEMBL220,4.7,2011.0,4.7,CC(=O)N1CCN(c2nccc(NCCc3ccccc3)n2)CC1,train
CHEMBL1766151,CHEMBL220,4.59,2011.0,4.59,CC1CCN(c2nccc(NCc3cccc4ccccc34)n2)CC1,train
CHEMBL176773,CHEMBL220,6.17,2003.0,6.17,COc1cccc(CN(C)CCCCCC(=O)N(C)CCCCCCCCN(C)C(=O)CCCCCN(C)Cc2cccc(OC)c2)c1,test
CHEMBL1770313,CHEMBL220,5.51,2013.0,5.51,CC(C)=CC1Oc2cc(O)ccc2-c2oc3c4c(cc(O)c3c(=O)c21)OC(C)(C)C=C4,train
CHEMBL1770314,CHEMBL220,5.51,2013.0,5.51,CC1(C)C=Cc2c(cc(O)c3c(=O)c4c(oc23)-c2ccc(O)cc2OC(C(C)(C)O)C4)O1,test
CHEMBL177052,CHEMBL220,6.95,2003.0,6.95,CCN(CCCCCC(=O)N(C)CCCCCCCCN(C)C(=O)CCCCCN(CC)Cc1ccccc1Cl)Cc1ccccc1Cl,test
CHEMBL1770548,CHEMBL220,6.7,2011.0,6.7,COc1cc(CNCCCNC2=CC(=O)C(NCCCNCc3ccc(O)c(OC)c3)=CC2=O)ccc1O,train
CHEMBL1770549,CHEMBL220,6.99,2011.0,6.99,COc1cc(CNCCCCCCNC2=CC(=O)C(NCCCCCCNCc3ccc(O)c(OC)c3)=CC2=O)ccc1O,train
CHEMBL1770550,CHEMBL220,4.66,2011.0,4.66,O=C1C=C(NCCCNCc2cc3ccccc3o2)C(=O)C=C1NCCCNCc1cc2ccccc2o1,test
CHEMBL1770551,CHEMBL220,5.0,2011.0,5.0,O=C1C=C(NCCCCCCNCc2cc3ccccc3o2)C(=O)C=C1NCCCCCCNCc1cc2ccccc2o1,train
CHEMBL1770552,CHEMBL220,5.0,2011.0,5.0,O=C1C=C(NCCCNCc2nc3ccccc3s2)C(=O)C=C1NCCCNCc1nc2ccccc2s1,train
CHEMBL1770553,CHEMBL220,4.66,2011.0,4.66,O=C1C=C(NCCCCCCNCc2nc3ccccc3s2)C(=O)C=C1NCCCCCCNCc1nc2ccccc2s1,test
CHEMBL1770554,CHEMBL220,4.5,2011.0,4.5,O=C1C=C(NCCCNCc2ccc(-c3nc4ccccc4s3)cc2)C(=O)C=C1NCCCNCc1ccc(-c2nc3ccccc3s2)cc1,train
CHEMBL1770555,CHEMBL220,6.52,2011.0,6.52,O=C1C=C(NCCCCCCNCc2ccc(-c3nc4ccccc4s3)cc2)C(=O)C=C1NCCCCCCNCc1ccc(-c2nc3ccccc3s2)cc1,test
CHEMBL1771549,CHEMBL220,6.21,2011.0,6.21,[Br-].[Br-].c1cc(C[N+]23CCC(CC2)CC3)cc(-c2cccc(C[N+]34CCC(CC3)CC4)c2)c1,test
CHEMBL1771556,CHEMBL220,7.21,2011.0,7.21,COc1cc2c(cc1OC)CN(c1cc[n+](Cc3ccc(C[n+]4ccc(N5CCCCC5)cc4)cc3)cc1)CC2.[Br-].[Br-],train
CHEMBL1773478,CHEMBL220,6.68,2011.0,6.68,CCN(CC)CC(=O)Nc1ccc(C(=O)c2ccc(CN(C)Cc3ccccc3)cc2)cc1,train
CHEMBL1773479,CHEMBL220,6.26,2011.0,6.26,CN(Cc1ccccc1)Cc1ccc(C(=O)c2ccc(NC(=O)CN3CCCCC3)cc2)cc1,test
CHEMBL1773480,CHEMBL220,6.14,2011.0,6.14,CN(Cc1ccccc1)Cc1ccc(C(=O)c2ccc(NC(=O)CN3CCOCC3)cc2)cc1,train
CHEMBL1773481,CHEMBL220,6.66,2011.0,6.66,CN(Cc1ccccc1)Cc1ccc(C(=O)c2ccc(NC(=O)CCCCN3CCCCC3)cc2)cc1,test
CHEMBL1773482,CHEMBL220,7.6,2011.0,7.6,CCN(CC)CCCOc1ccc(C(=O)c2ccc(CN(C)Cc3ccccc3)cc2)cc1,train
CHEMBL1773483,CHEMBL220,7.62,2011.0,7.62,CN(Cc1ccccc1)Cc1ccc(C(=O)c2ccc(OCCCN3CCCCC3)cc2)cc1,train
CHEMBL1773484,CHEMBL220,6.97,2011.0,6.97,CN(Cc1ccccc1)Cc1ccc(C(=O)c2ccc(OCCCN3CCOCC3)cc2)cc1,train
CHEMBL1773485,CHEMBL220,7.17,2011.0,7.17,CN(Cc1ccccc1)Cc1ccc(C(=O)c2ccc(OCCCN3CCC(n4c(=O)[nH]c5ccccc54)CC3)cc2)cc1,test
CHEMBL1773486,CHEMBL220,6.84,2011.0,6.84,CCN(CC)CCCCCOc1ccc(C(=O)c2ccc(CN(C)Cc3ccccc3)cc2)cc1,train
CHEMBL1773487,CHEMBL220,6.84,2011.0,6.84,CN(Cc1ccccc1)Cc1ccc(C(=O)c2ccc(OCCCCCN3CCCCC3)cc2)cc1,train
CHEMBL1773488,CHEMBL220,6.59,2011.0,6.59,CCN(CC)CCCCCCOc1ccc(C(=O)c2ccc(CN(C)Cc3ccccc3)cc2)cc1,train
CHEMBL1773489,CHEMBL220,6.68,2011.0,6.68,CN(Cc1ccccc1)Cc1ccc(C(=O)c2ccc(OCCCCCCN3CCCCC3)cc2)cc1,train
CHEMBL1773490,CHEMBL220,6.09,2011.0,6.09,CCN(CC)CCCCCCCOc1ccc(C(=O)c2ccc(CN(C)Cc3ccccc3)cc2)cc1,train
CHEMBL1773491,CHEMBL220,6.96,2011.0,6.96,CN(Cc1ccccc1)Cc1ccc(C(=O)c2ccc(OCCCCCCCN3CCCCC3)cc2)cc1,train
CHEMBL1773492,CHEMBL220,6.89,2011.0,6.89,CCN(CC)CCc1ccc(Oc2ccc(C(=O)c3ccc(CN(C)Cc4ccccc4)cc3)cc2)cc1,test
CHEMBL178132,CHEMBL220,5.41,2005.0,5.41,CC(C)c1ccc(NC(=O)Oc2ccc3c(c2)[C@]2(C)CCOC2N3C)cc1,train
CHEMBL178152,CHEMBL220,6.26,2013.0,6.26,COc1cc2c(cc1OC)C(=O)C(Oc1ccc(C(C)N(C)C)cc1)C2,train
CHEMBL1782071,CHEMBL220,5.0,2011.0,5.0,CCN1C[C@]2(C)[C@H](CC=C3C[C@H]4C(=O)C[C@]5(C)[C@@H]([C@H](C)N(C)C)[C@H](O)C[C@@]5(C)[C@@H]4CC[C@H]32)N=C1C(C)C,train
CHEMBL1782707,CHEMBL220,6.025,2011.0,6.025,CN(C)CC(C)(C)c1cccc(OC(=O)NCCCCN2CCOCC2)c1,train
CHEMBL1782730,CHEMBL220,5.47,2011.0,5.47,CCN(CC)C(C)C(=O)N1c2ccccc2Sc2ccccc21.Cl,train
CHEMBL178294,CHEMBL220,7.25,2005.0,7.25,Cc1ccccc1NC(=O)Oc1ccc2c(c1)C1(C)COC(C1)O2,train
CHEMBL1783499,CHEMBL220,7.85,2011.0,7.85,CC(C)C1=N[C@H]2CC[C@]34C[C@]35C(=O)C[C@]3(C)[C@@H]([C@H](C)N(C)CCCN6C(=O)c7ccccc7C6=O)[C@H](O)C[C@@]3(C)[C@@H]5CC[C@H]4[C@]2(C)CS1,train
CHEMBL1783514,CHEMBL220,8.52,2011.0,8.52,COc1cccc(CN(C)[C@@H](C)[C@H]2[C@H](O)C[C@@]3(C)[C@@H]4CC[C@H]5[C@]6(C)CSC(C(C)C)=N[C@H]6CC[C@@]56C[C@@]46C(=O)C[C@]23C)c1,train
CHEMBL1783515,CHEMBL220,8.05,2011.0,8.05,COc1ccc(CN(C)[C@@H](C)[C@H]2[C@H](O)C[C@@]3(C)[C@@H]4CC[C@H]5[C@]6(C)CSC(C(C)C)=N[C@H]6CC[C@@]56C[C@@]46C(=O)C[C@]23C)cc1,train
CHEMBL1783516,CHEMBL220,7.96,2011.0,7.96,CC(C)C1=N[C@H]2CC[C@]34C[C@]35C(=O)C[C@]3(C)[C@@H]([C@H](C)N(C)Cc6ccccc6C(F)(F)F)[C@H](O)C[C@@]3(C)[C@@H]5CC[C@H]4[C@]2(C)CS1,train
CHEMBL1783517,CHEMBL220,8.52,2011.0,8.52,CC(C)C1=N[C@H]2CC[C@]34C[C@]35C(=O)C[C@]3(C)[C@@H]([C@H](C)N(C)Cc6cccc(C(F)(F)F)c6)[C@H](O)C[C@@]3(C)[C@@H]5CC[C@H]4[C@]2(C)CS1,train
CHEMBL1783518,CHEMBL220,8.52,2011.0,8.52,CC(C)C1=N[C@H]2CC[C@]34C[C@]35C(=O)C[C@]3(C)[C@@H]([C@H](C)N(C)Cc6ccc(C(F)(F)F)cc6)[C@H](O)C[C@@]3(C)[C@@H]5CC[C@H]4[C@]2(C)CS1,train
CHEMBL1783519,CHEMBL220,7.16,2011.0,7.16,CC(C)C1=N[C@H]2CC[C@]34C[C@]35C(=O)C[C@]3(C)[C@@H]([C@H](C)N(C)CCN6C(=O)c7ccccc7C6=O)[C@H](O)C[C@@]3(C)[C@@H]5CC[C@H]4[C@]2(C)CS1,train
CHEMBL1783520,CHEMBL220,7.22,2011.0,7.22,CC(C)C1=N[C@H]2CC[C@]34C[C@]35C(=O)C[C@]3(C)[C@@H]([C@H](C)N(C)C)[C@H](O)C[C@@]3(C)[C@@H]5CC[C@H]4[C@]2(C)CS1,train
CHEMBL1783521,CHEMBL220,7.12,2011.0,7.12,CN[C@@H](C)[C@H]1[C@H](O)C[C@@]2(C)[C@@H]3CC[C@H]4[C@]5(C)CSC(C(C)C)=N[C@H]5CC[C@@]45C[C@@]35C(=O)C[C@]12C,train
CHEMBL1783522,CHEMBL220,6.53,2011.0,6.53,CC(=O)N(C)[C@@H](C)[C@H]1[C@H](O)C[C@@]2(C)[C@@H]3CC[C@H]4[C@]5(C)CSC(C(C)C)=N[C@H]5CC[C@@]45C[C@@]35C(=O)C[C@]12C,train
CHEMBL1783523,CHEMBL220,7.37,2011.0,7.37,CC(C)C1=N[C@H]2CC[C@]34C[C@]35C(=O)C[C@]3(C)[C@@H]([C@H](C)N(C)C(=O)c6ccccc6)[C@H](O)C[C@@]3(C)[C@@H]5CC[C@H]4[C@]2(C)CS1,train
CHEMBL1783524,CHEMBL220,6.8,2011.0,6.8,CC(C)C1=N[C@H]2CC[C@]34C[C@]35C(=O)C[C@]3(C)[C@@H]([C@H](C)N(C)C(=O)OC(C)(C)C)[C@H](O)C[C@@]3(C)[C@@H]5CC[C@H]4[C@]2(C)CS1,train
CHEMBL1783525,CHEMBL220,8.15,2011.0,8.15,CC(C)C1=N[C@H]2CC[C@]34C[C@]35C(=O)C[C@]3(C)[C@@H]([C@H](C)N(C)Cc6ccccc6)[C@H](O)C[C@@]3(C)[C@@H]5CC[C@H]4[C@]2(C)CS1,train
CHEMBL1783526,CHEMBL220,7.7,2011.0,7.7,CC(C)C1=N[C@H]2CC[C@]34C[C@]35C(=O)C[C@]3(C)[C@@H]([C@H](C)N(C)CCc6ccccc6)[C@H](O)C[C@@]3(C)[C@@H]5CC[C@H]4[C@]2(C)CS1,train
CHEMBL1783527,CHEMBL220,7.12,2011.0,7.12,CC(C)C1=N[C@H]2CC[C@]34C[C@]35C(=O)C[C@]3(C)[C@@H]([C@H](C)N(C)CCCc6ccccc6)[C@H](O)C[C@@]3(C)[C@@H]5CC[C@H]4[C@]2(C)CS1,test
CHEMBL1783528,CHEMBL220,8.22,2011.0,8.22,COc1ccccc1CN(C)[C@@H](C)[C@H]1[C@H](O)C[C@@]2(C)[C@@H]3CC[C@H]4[C@]5(C)CSC(C(C)C)=N[C@H]5CC[C@@]45C[C@@]35C(=O)C[C@]12C,train
CHEMBL1783529,CHEMBL220,5.0,2011.0,5.0,C[C@@H]([C@H]1[C@H](O)C[C@@]2(C)[C@@H]3CC[C@H]4[C@]5(C)COC(C(F)(F)F)=N[C@H]5CC[C@@]45C[C@@]35C(=O)C[C@]12C)N(C)C,train
CHEMBL1783530,CHEMBL220,6.13,2011.0,6.13,C[C@@H]([C@H]1[C@H](O)C[C@@]2(C)[C@@H]3CC[C@H]4[C@]5(C)COC(C(C)(C)F)=N[C@H]5CC[C@@]45C[C@@]35C(=O)C[C@]12C)N(C)C,train
CHEMBL1783531,CHEMBL220,5.52,2011.0,5.52,C[C@@H]([C@H]1[C@H](O)C[C@@]2(C)[C@@H]3CC[C@H]4[C@]5(C)COC(C(F)(C(F)(F)F)C(F)(F)F)=N[C@H]5CC[C@@]45C[C@@]35C(=O)C[C@]12C)N(C)C,train
CHEMBL1783532,CHEMBL220,5.0,2011.0,5.0,CC(C)C1=N[C@H]2CC[C@]34C[C@]35C(=O)C[C@]3(C)[C@@H]([C@H](C)N(C)C)[C@H](O)C[C@@]3(C)[C@@H]5CC[C@H]4[C@]2(C)CN1C,val
CHEMBL1783533,CHEMBL220,5.0,2011.0,5.0,CC(C)C1=N[C@H]2CC[C@]34C[C@]35C(=O)C[C@]3(C)[C@@H]([C@H](C)N(C)C)[C@H](O)C[C@@]3(C)[C@@H]5CC[C@H]4[C@]2(C)N1,train
CHEMBL1783534,CHEMBL220,7.6,2011.0,7.6,CC(C)C1=N[C@H]2CC[C@]34C[C@]35C(=O)C[C@]3(C)[C@@H]([C@H](C)N(C)C)[C@H](O)C[C@@]3(C)[C@@H]5CC[C@H]4[C@]2(C)C=C1,train
CHEMBL1783535,CHEMBL220,6.21,2011.0,6.21,CC(C)C1=N[C@H]2CC[C@]34C[C@]35C(=O)C[C@]3(C)[C@@H]([C@H](C)N(C)C)[C@H](O)C[C@@]3(C)[C@@H]5CC[C@H]4[C@]2(C)CC1,train
CHEMBL1784955,CHEMBL220,6.88,2009.0,6.88,C[C@@H](c1cccc(OC(=O)N(C)[C@@H](C)Cc2ccccc2)c1)N(C)C.Cl,val
CHEMBL1784956,CHEMBL220,6.39,2009.0,6.39,C[C@H](Cc1ccccc1)NC(=O)Oc1cccc([C@H](C)N(C)C)c1.Cl,val
CHEMBL1784957,CHEMBL220,6.29,2009.0,6.29,C[C@@H](Cc1ccccc1)NC(=O)Oc1cccc([C@H](C)N(C)C)c1.Cl,val
CHEMBL1784958,CHEMBL220,6.52,2009.0,6.52,C[C@H](Cc1ccccc1)N(C)C(=O)Oc1cccc([C@H](C)N(C)C)c1.Cl,val
CHEMBL178770,CHEMBL220,7.64,2005.0,7.64,Cc1ccccc1NC(=O)Oc1ccc2c(c1)C1(C)CCOC1O2,train
CHEMBL178792,CHEMBL220,5.37,2005.0,5.37,CC(C)c1ccc(NC(=O)Oc2ccc3c(c2)C2(C)COC(C2)O3)cc1,train
CHEMBL1788254,CHEMBL220,5.1,2002.0,5.1,C#CCN(C)[C@H](C)Cc1cccc(OC(=O)N(C)C2CCCCC2)c1,val
CHEMBL1788255,CHEMBL220,5.7,2002.0,5.7,C#CCN(C)[C@H](C)Cc1cccc(OC(=O)N(C)CCCCCC)c1,val
CHEMBL1788296,CHEMBL220,5.21,2002.0,5.21,CCN(C)C(=O)Oc1ccc2c(c1)[C@H](N)CC2.Cl,train
CHEMBL1788297,CHEMBL220,2.9208187539523753,2002.0,2.9208187539523753,C#CCN(C)[C@@H]1CCc2ccc(OC(=O)N(C)CC)cc21.Cl,train
CHEMBL1788298,CHEMBL220,5.75,2002.0,5.75,C#CCN[C@@H]1CCc2ccc(OC(=O)N(C)C)cc21.Cl,train
CHEMBL1788299,CHEMBL220,4.5,2002.0,4.5,C#CCN[C@@H]1CCc2ccc(OC(=O)N(C)CC)cc21.Cl,train
CHEMBL1788300,CHEMBL220,5.07,2002.0,5.07,C#CCN[C@H]1CCc2ccc(OC(=O)N(C)CCC)cc21.Cl,train
CHEMBL1788306,CHEMBL220,4.94,2002.0,4.94,C#CCN[C@@H]1CCc2ccc(OC(=O)N(C)CCCC)cc21.Cl,train
CHEMBL1790041,CHEMBL220,5.915,1992.0,5.915,CNC(=C[N+](=O)[O-])NCCSCc1ccc(CN(C)C)o1,val
CHEMBL179192,CHEMBL220,7.87,2008.0,7.87,CC(=O)N(CCCNc1c2c(nc3ccccc13)CCCC2)CCCSc1c2c(nc3ccccc13)CCCC2,train
CHEMBL179218,CHEMBL220,3.6989700043360187,2017.0,3.6989700043360187,CN(C)CC/N=C(/S)Nc1ccc(S(N)(=O)=O)cc1,val
CHEMBL179320,CHEMBL220,5.58,2005.0,5.58,CC(C)c1ccc(NC(=O)Oc2ccc3c(c2)C2(C)CCOC2O3)cc1,train
CHEMBL17940,CHEMBL220,3.8938091027365846,2014.0,3.8938091027365846,CC(=O)/C=N/O,test
CHEMBL179455,CHEMBL220,8.81,2005.0,8.81,Nc1ccc2c(c1)c(-c1ccccc1)[n+](CCCNCCCNCCCNc1c3c(nc4ccccc14)CCCC3)c1cc(N)ccc21,train
CHEMBL1794936,CHEMBL220,7.3,2010.0,7.3,COc1ccc2c3c1O[C@H]1C[C@@H](O)C=C[C@@]31CCN(CCCCCCCCN1C(=O)c3ccccc3S1(=O)=O)C2.O=C(O)/C=C/C(=O)O,train
CHEMBL179824,CHEMBL220,6.29,2013.0,6.29,COc1cc2c(cc1OC)C(=O)C(Oc1ccc(CN3CCOCC3)cc1)C2,train
CHEMBL180145,CHEMBL220,6.39,2013.0,6.39,COc1cc2c(cc1OC)C(=O)C(Oc1ccc(CN3CCCCC3)cc1)C2,test
CHEMBL1801815,CHEMBL220,5.0,2015.0,5.0,O=C(c1ccccc1)N1c2ccccc2Sc2ccc(Cl)cc21,train
CHEMBL1801816,CHEMBL220,5.23,2015.0,5.23,COc1ccc(C(=O)N2c3ccccc3Sc3ccc(Cl)cc32)cc1,train
CHEMBL180413,CHEMBL220,6.97,2013.0,6.97,COc1cc2c(cc1OC)C(=O)C(Oc1ccc(C(C)N3CCCCC3)cc1)C2,test
CHEMBL180437,CHEMBL220,5.87,2013.0,5.87,CCN(CC)Cc1ccc(OC2Cc3cc(OC)c(OC)cc3C2=O)cc1,train
CHEMBL180442,CHEMBL220,6.39,2013.0,6.39,COc1cc2c(cc1OC)C(=O)C(Oc1ccc(C(C)N3CCCC3)cc1)C2,test
CHEMBL180483,CHEMBL220,6.945,2011.0,6.945,COc1cc2c(cc1OC)C(=O)C(Oc1ccc(CN3CCCC3)cc1)C2,test
CHEMBL180640,CHEMBL220,6.06,2013.0,6.06,CCN(CC)C(C)c1cccc(OC2Cc3cc(OC)c(OC)cc3C2=O)c1,train
CHEMBL180645,CHEMBL220,5.8,2013.0,5.8,CCN(CC)Cc1cccc(OC2Cc3cc(OC)c(OC)cc3C2=O)c1,train
CHEMBL181125,CHEMBL220,5.88,2013.0,5.88,CCN(CC)C(C)c1ccc(OC2Cc3cc(OC)c(OC)cc3C2=O)cc1,train
CHEMBL181207,CHEMBL220,7.11,2013.0,7.11,COc1cc2c(cc1OC)C(=O)C(Oc1cccc(C(C)N3CCN(C)CC3)c1)C2,test
CHEMBL181216,CHEMBL220,6.57,2013.0,6.57,COc1cc2c(cc1OC)C(=O)C(Oc1cccc(CN3CCCCC3)c1)C2,test
CHEMBL1812847,CHEMBL220,4.0,2011.0,4.0,O=C(Nc1ccccc1)C(=O)Nc1ccccc1,train
CHEMBL1812848,CHEMBL220,4.0,2011.0,4.0,O=C(Sc1ccccc1)C(=O)Sc1ccccc1,train
CHEMBL1812849,CHEMBL220,4.0,2011.0,4.0,O=C(Oc1ccccc1)C(=O)Oc1ccccc1,train
CHEMBL1812850,CHEMBL220,4.0,2011.0,4.0,O=C(Cc1ccccc1)C(=O)Cc1ccccc1,train
CHEMBL1812851,CHEMBL220,4.0,2011.0,4.0,O=C(C(=O)C(Br)c1ccccc1)C(Br)c1ccccc1,train
CHEMBL1812852,CHEMBL220,4.0,2011.0,4.0,O=C(Cc1ccccc1)C(=O)C(Br)c1ccccc1,train
CHEMBL1812853,CHEMBL220,4.0,2011.0,4.0,CCC(=O)C(=O)CC,test
CHEMBL1812854,CHEMBL220,4.0,2011.0,4.0,CCCC(=O)C(=O)CCC,test
CHEMBL1812855,CHEMBL220,4.0,2011.0,4.0,CCCCC(=O)C(=O)CCCC,test
CHEMBL1812856,CHEMBL220,4.0,2011.0,4.0,CCCCCC(=O)C(=O)CCCCC,test
CHEMBL1812857,CHEMBL220,4.0,2011.0,4.0,CCCCCCC(=O)C(=O)CCCCCC,test
CHEMBL1812858,CHEMBL220,4.0,2011.0,4.0,CCCCCCCC(=O)C(=O)CCCCCCC,test
CHEMBL1812859,CHEMBL220,4.0,2011.0,4.0,CCCCCCCCC(=O)C(=O)CCCCCCCC,test
CHEMBL1812860,CHEMBL220,4.0,2011.0,4.0,CCC(=O)C(=O)c1ccccc1,val
CHEMBL1812861,CHEMBL220,4.0,2011.0,4.0,CCCC(=O)C(=O)c1ccccc1,val
CHEMBL1812862,CHEMBL220,4.0,2011.0,4.0,CCCCC(=O)C(=O)c1ccccc1,val
CHEMBL1812863,CHEMBL220,4.0,2011.0,4.0,CCCCCC(=O)C(=O)c1ccccc1,val
CHEMBL1812864,CHEMBL220,4.0,2011.0,4.0,CCCCCCC(=O)C(=O)c1ccccc1,val
CHEMBL181310,CHEMBL220,6.0,2013.0,6.0,COc1cc2c(cc1OC)C(=O)C(Oc1cccc(CN(C)C)c1)C2,train
CHEMBL181435,CHEMBL220,6.7,2005.0,6.7,CCCCNC(=O)OCCCCCCCCCCO,test
CHEMBL181445,CHEMBL220,6.44,2005.0,6.44,CCCCNC(=O)OCCCCCCCCO,test
CHEMBL1814729,CHEMBL220,9.09,2011.0,9.09,Cl.O=C(NCCNc1c2c(nc3ccccc13)CCCC2)c1ccc(F)cc1,test
CHEMBL1814730,CHEMBL220,9.09,2011.0,9.09,Cl.O=C(NCCCNc1c2c(nc3ccccc13)CCCC2)c1ccc(F)cc1,test
CHEMBL1814731,CHEMBL220,9.11,2011.0,9.11,Cl.O=C(NCCCCNc1c2c(nc3ccccc13)CCCC2)c1ccc(F)cc1,test
CHEMBL181867,CHEMBL220,6.6,2005.0,6.6,CCCCNC(=O)OCCCCCOC(=O)NCCCC,test
CHEMBL1819169,CHEMBL220,7.16,2011.0,7.16,c1ccc2c(NCCCCCCN3CCOCC3)c3c(nc2c1)CCCC3,train
CHEMBL1819170,CHEMBL220,7.35,2011.0,7.35,c1ccc2c(NCCCCCCCN3CCOCC3)c3c(nc2c1)CCCC3,train
CHEMBL1819171,CHEMBL220,7.78,2011.0,7.78,c1ccc2c(NCCCCCCCCN3CCOCC3)c3c(nc2c1)CCCC3,train
CHEMBL1819172,CHEMBL220,7.47,2011.0,7.47,c1ccc2c(NCCCCCCCCCN3CCOCC3)c3c(nc2c1)CCCC3,train
CHEMBL1819173,CHEMBL220,7.55,2011.0,7.55,c1ccc2c(NCCCCCCCCCCN3CCOCC3)c3c(nc2c1)CCCC3,val
CHEMBL1819174,CHEMBL220,6.55,2011.0,6.55,O=c1c2ccc(OCCCCCCCNc3c4c(nc5ccccc35)CCCC4)cc2oc2ncccc12,train
CHEMBL1819175,CHEMBL220,7.86,2011.0,7.86,c1ccc2c(c1)Cc1c-2nc2ccccc2c1NCCCCCCCNc1c2c(nc3ccccc13)CCCC2,train
CHEMBL1819176,CHEMBL220,8.99,2011.0,8.99,Clc1ccc2c(NCCCCCCCNc3c4c(nc5ccccc35)-c3ccccc3C4)c3c(nc2c1)CCCC3,train
CHEMBL1819177,CHEMBL220,7.92,2011.0,7.92,Clc1ccc2c(NCCCCCCCNc3c4c(nc5cc(Cl)ccc35)-c3ccccc3C4)c3c(nc2c1)CCCC3,train
CHEMBL1819178,CHEMBL220,6.51,2011.0,6.51,Clc1ccc2c(NCCCCCCCOc3ccc(-c4cc5ccccc5o4)cc3)c3c(nc2c1)CCCC3,train
CHEMBL1819179,CHEMBL220,6.59,2011.0,6.59,Clc1ccc2c(NCCCCCCCOc3cccc(-c4cc5ccccc5o4)c3)c3c(nc2c1)CCCC3,train
CHEMBL1819180,CHEMBL220,6.34,2011.0,6.34,c1ccc2c(c1)Cc1c-2nc2ccccc2c1NCCCCCCCNc1c2c(nc3ccccc13)-c1ccccc1C2,test
CHEMBL182251,CHEMBL220,6.1,2013.0,6.1,COc1cc2c(cc1OC)C(=O)C(Oc1cccc(CN3CCOCC3)c1)C2,train
CHEMBL182252,CHEMBL220,6.86,2013.0,6.86,COc1cc2c(cc1OC)C(=O)C(Oc1cccc(C(C)N3CCCC3)c1)C2,train
CHEMBL1824725,CHEMBL220,3.7619538968712045,2014.0,3.7619538968712045,NC(=O)c1cc[n+](Cc2ccc(C[n+]3ccc(/C=N/O)cc3)cc2)cc1.[Br-].[Br-],train
CHEMBL1824731,CHEMBL220,3.820161071976813,2014.0,3.820161071976813,NC(=O)c1cc[n+](Cc2cccc(C[n+]3ccc(/C=N/O)cc3)c2)cc1.[Br-].[Br-],test
CHEMBL1824737,CHEMBL220,3.7594507517174,2014.0,3.7594507517174,NC(=O)c1cc[n+](Cc2ccccc2C[n+]2ccc(/C=N/O)cc2)cc1.[Br-].[Br-],train
CHEMBL182596,CHEMBL220,5.85,2005.0,5.85,CCCCNC(=O)OCCCCCO,test
CHEMBL182696,CHEMBL220,6.52,2005.0,6.52,CCCCNC(=O)OCCCCCCCCCCCCO,test
CHEMBL1831286,CHEMBL220,5.25,2022.0,5.25,CCC(c1ccc(O)c(OC)c1)c1cccc(O)c1O,train
CHEMBL183184,CHEMBL220,6.93,2013.0,6.93,COc1cc2c(cc1OC)C(=O)C(Oc1cccc(C(C)N3CCOCC3)c1)C2,train
CHEMBL183394,CHEMBL220,6.7,2005.0,6.7,CCCCNC(=O)OCCCCCCCCCCCCCCO,test
CHEMBL1834060,CHEMBL220,4.8,2011.0,4.8,CC(C)N1CCN(c2nccc(NCc3cccc4ccccc34)n2)CC1,train
CHEMBL1834061,CHEMBL220,4.78,2011.0,4.78,CC(C)C1CCN(c2nccc(NCc3cccc4ccccc34)n2)CC1,train
CHEMBL1834062,CHEMBL220,4.72,2011.0,4.72,CCCN1CCN(c2nccc(NCc3cccc4ccccc34)n2)CC1,train
CHEMBL1834063,CHEMBL220,5.1,2011.0,5.1,c1ccc2c(CNc3ccnc(N4CCN(C5CCCCC5)CC4)n3)cccc2c1,train
CHEMBL1834064,CHEMBL220,4.86,2011.0,4.86,CC(=O)N1CCN(c2nccc(NCc3cccc4ccccc34)n2)CC1,train
CHEMBL1834065,CHEMBL220,4.29,2011.0,4.29,CC(C)(C)OC(=O)N1CCN(c2nccc(NCc3cccc4ccccc34)n2)CC1,train
CHEMBL1834066,CHEMBL220,4.76,2011.0,4.76,c1ccc2c(CNc3ccnc(N4CCNCC4)n3)cccc2c1,train
CHEMBL1834067,CHEMBL220,5.01,2011.0,5.01,OCCN1CCN(c2nccc(NCc3cccc4ccccc34)n2)CC1,train
CHEMBL1834068,CHEMBL220,4.93,2011.0,4.93,COCCN1CCN(c2nccc(NCc3cccc4ccccc34)n2)CC1,train
CHEMBL1834069,CHEMBL220,4.86,2011.0,4.86,CN1CCN(c2nccc(NC(c3ccccc3)c3ccccc3)n2)CC1,val
CHEMBL1834070,CHEMBL220,4.49,2011.0,4.49,CC1CCN(c2nccc(NC(c3ccccc3)c3ccccc3)n2)CC1,train
CHEMBL1834071,CHEMBL220,4.69,2011.0,4.69,CC(C)N1CCN(c2nccc(NC(c3ccccc3)c3ccccc3)n2)CC1,val
CHEMBL1834072,CHEMBL220,4.37,2011.0,4.37,CC(C)C1CCN(c2nccc(NC(c3ccccc3)c3ccccc3)n2)CC1,train
CHEMBL1834073,CHEMBL220,4.84,2011.0,4.84,CCCN1CCN(c2nccc(NC(c3ccccc3)c3ccccc3)n2)CC1,val
CHEMBL1834074,CHEMBL220,5.0,2011.0,5.0,c1ccc(C(Nc2ccnc(N3CCN(C4CCCCC4)CC3)n2)c2ccccc2)cc1,train
CHEMBL1834075,CHEMBL220,4.54,2011.0,4.54,CC(=O)N1CCN(c2nccc(NC(c3ccccc3)c3ccccc3)n2)CC1,val
CHEMBL1834076,CHEMBL220,4.0,2011.0,4.0,CC(C)(C)OC(=O)N1CCN(c2nccc(NC(c3ccccc3)c3ccccc3)n2)CC1,val
CHEMBL1834077,CHEMBL220,4.5,2011.0,4.5,c1ccc(C(Nc2ccnc(N3CCNCC3)n2)c2ccccc2)cc1,val
CHEMBL1834078,CHEMBL220,4.67,2011.0,4.67,OCCN1CCN(c2nccc(NC(c3ccccc3)c3ccccc3)n2)CC1,val
CHEMBL1834079,CHEMBL220,4.41,2011.0,4.41,COCCN1CCN(c2nccc(NC(c3ccccc3)c3ccccc3)n2)CC1,val
CHEMBL1834806,CHEMBL220,5.77,2011.0,5.77,CCCCC/C=C\C/C=C\CCCCCCCC(=O)OCCCc1cc(OC)c2oc(-c3ccc4c(c3)OCO4)cc2c1,train
CHEMBL1834807,CHEMBL220,5.57,2011.0,5.57,CCCCC/C=C\C/C=C\CCCCCCCC(=O)OCCCc1ccc2oc(-c3ccc4c(c3)OCO4)cc2c1,train
CHEMBL1834808,CHEMBL220,5.75,2011.0,5.75,CCCCCCCC/C=C\CCCCCCCC(=O)OCCCc1cc(OC)c2oc(-c3ccc4c(c3)OCO4)cc2c1,train
CHEMBL1834809,CHEMBL220,5.51,2011.0,5.51,CCCCCCCC/C=C\CCCCCCCC(=O)OCCCc1ccc2oc(-c3ccc4c(c3)OCO4)cc2c1,train
CHEMBL1834810,CHEMBL220,5.23,2011.0,5.23,CC[C@H](C)C(=O)OCCCc1cc(OC)c2oc(-c3ccc4c(c3)OCO4)cc2c1,train
CHEMBL1834811,CHEMBL220,5.21,2011.0,5.21,CC[C@H](C)C(=O)OCCCc1ccc2oc(-c3ccc4c(c3)OCO4)cc2c1,train
CHEMBL1834877,CHEMBL220,5.35,2011.0,5.35,COc1cc(CCCOC(=O)Nc2ccccc2)cc2cc(-c3ccc4c(c3)OCO4)oc12,train
CHEMBL183507,CHEMBL220,6.64,2005.0,6.64,COc1ccc(-c2cc3c(c(=O)o2)C[C@@]2(O)[C@@]4(C)C(=O)[C@@]5(OC)C(=O)O[C@]4(CC[C@@]2(C)O3)C5(C)C)cc1,test
CHEMBL183813,CHEMBL220,7.22,2005.0,7.22,COc1ccc(-c2cc3c(c(=O)o2)C[C@@]2(O)[C@@]4(C)CCC(=O)C(C)(C)[C@@]4(O)CC[C@@]2(C)O3)cc1,train
CHEMBL184316,CHEMBL220,6.89,2005.0,6.89,CCCCNC(=O)OCCCCCCCCCCCCCCCCO,test
CHEMBL184946,CHEMBL220,6.8,2005.0,6.8,CCCCNC(=O)OCCCCCCCCCCCCOC(=O)NCCCC,test
CHEMBL185000,CHEMBL220,6.8,2005.0,6.8,CCCCNC(=O)OCCCCCCCCCCOC(=O)NCCCC,test
CHEMBL185164,CHEMBL220,6.8,2005.0,6.8,CCCCNC(=O)OCCCCCCCCCCCCCCOC(=O)NCCCC,test
CHEMBL185799,CHEMBL220,6.6,2004.0,6.6,COc1cc2c(cc1OC)C(=O)C(C1CC[N+](C)(Cc3ccccc3)CC1)=C2,train
CHEMBL185896,CHEMBL220,6.21,2010.0,6.21,CC(Cc1ccc(O)cc1)C1CCC(C)C(c2ccc(O)cc2)C1,val
CHEMBL185976,CHEMBL220,6.92,2004.0,6.92,COc1cc2cc(C(=O)C3CC[N+](C)(Cc4ccccc4)CCC3OC)sc2cc1OC,test
CHEMBL186042,CHEMBL220,8.34,2004.0,8.34,COc1cc2c(cc1OC)SC(C(=O)CCc1cc[n+](Cc3ccccc3)cc1)C2,train
CHEMBL186090,CHEMBL220,6.12,2004.0,6.12,COc1cc2c(cc1OC)SC(C(=O)CC1C=CC[N+](C)(Cc3ccccc3)CC1)C2,train
CHEMBL186144,CHEMBL220,8.1,2004.0,8.1,COc1cc2cc(C(=O)C3CCC[N+](C)(Cc4ccccc4)CC3)sc2cc1OC,test
CHEMBL186264,CHEMBL220,8.15,2004.0,8.15,CCOCC[n+]1ccc(CCC(=O)C2Cc3cc(OC)c(OC)cc3S2)cc1,test
CHEMBL186349,CHEMBL220,4.8,2010.0,4.8,Cc1c(/N=C/c2ccccc2O)cc2c(c1N)C(C)(C)CC2(C)C,train
CHEMBL186400,CHEMBL220,4.57,2010.0,4.57,Cc1nc(N)ncc1-c1nnnn1-c1ccc(-c2ccccc2)cc1,test
CHEMBL1864065,CHEMBL220,4.12,2022.0,4.12,O=c1c2ccccc2nc2n1CCC2O,test
CHEMBL186896,CHEMBL220,5.1,2010.0,5.1,Fc1ccc(N(Cc2ccc3c(c2)OCO3)C(=S)Nc2cccc(C(F)(F)F)c2)cc1,train
CHEMBL187017,CHEMBL220,4.82,2010.0,4.82,Cc1cc(C2(c3cc(C)c(O)c(C)c3)CCCCC2)cc(C)c1O,train
CHEMBL187030,CHEMBL220,5.795,2010.0,5.795,O=C(CC1S/C(=N/c2ccc(C3CCCCC3)cc2)NC1=O)Nc1ccc(OC(F)(F)F)cc1,train
CHEMBL187266,CHEMBL220,4.0,2013.0,4.0,Cc1coc2c1C(=O)C(=O)c1c-2ccc2c1CCCC2(C)C,test
CHEMBL187330,CHEMBL220,5.59,2004.0,5.59,CCC[n+]1ccc(CCC(=O)C2Cc3cc(OC)c(OC)cc3S2)cc1,test
CHEMBL187370,CHEMBL220,4.66,2010.0,4.66,CN(C)c1ccc(-c2c3cc(O)c(=O)cc-3oc3cc(O)c(O)cc23)cc1,train
CHEMBL187385,CHEMBL220,6.38,2004.0,6.38,CCNC(=O)Oc1cccc2c1OCC1CCN(C)C21,test
CHEMBL187404,CHEMBL220,7.22,2011.0,7.22,[Br-].[Br-].c1cc(C[n+]2ccc(N3CCCCC3)cc2)cc(-c2cccc(C[n+]3ccc(N4CCCCC4)cc3)c2)c1,test
CHEMBL187460,CHEMBL220,4.595000000000001,2013.0,4.595000000000001,C[C@H]1COC2=C1C(=O)C(=O)c1c2ccc2c1CCCC2(C)C,train
CHEMBL187591,CHEMBL220,4.52,2004.0,4.52,COc1cc2c(cc1OC)SC(CC1CC[N+](C)(Cc3ccccc3)CC1)C2,train
CHEMBL187603,CHEMBL220,6.72,2004.0,6.72,COc1cc2c(cc1OC)SC(C(=O)CC(O)C1CC[N+](C)(Cc3ccccc3)CC1)C2,train
CHEMBL187812,CHEMBL220,4.71,2004.0,4.71,COc1cc2cc(C3CC[N+](C)(Cc4ccccc4)CC3O)sc2cc1OC,val
CHEMBL187818,CHEMBL220,8.59,2004.0,8.59,COc1cc2c(cc1OC)SC(C(=O)CCc1cc[n+](Cc3ccc(F)cc3)cc1)C2,train
CHEMBL187870,CHEMBL220,7.69,2004.0,7.69,CCCCCCCNC(=O)Oc1cccc2c1OCC1CCN(C)C21,test
CHEMBL188011,CHEMBL220,6.0,2004.0,6.0,COC(=O)c1ccc(C[n+]2ccc(CCC(=O)C3Cc4cc(OC)c(OC)cc4S3)cc2)cc1,train
CHEMBL188019,CHEMBL220,5.39,2010.0,5.39,Oc1ccc(C2CC(c3ccccc3O)=Nc3ccccc3S2)cc1,train
CHEMBL188274,CHEMBL220,7.0,2004.0,7.0,CNC(=O)Oc1cccc(C(C)N(C)C)c1.Cl,val
CHEMBL188325,CHEMBL220,6.28,2004.0,6.28,COc1cc2cc(C(=O)C3=CC[N+](C)(Cc4ccccc4)CC3)sc2cc1OC,test
CHEMBL188338,CHEMBL220,6.0,2004.0,6.0,COc1cc2cc(C(=O)C3CCC[N+](C)(CC#N)CC3)sc2cc1OC,test
CHEMBL188714,CHEMBL220,7.27,2004.0,7.27,COC(=O)C[N+]1(C)CCC(CCC(=O)C2Cc3cc(OC)c(OC)cc3S2)CC1,train
CHEMBL188753,CHEMBL220,6.55,2004.0,6.55,CC[n+]1ccc(CCC(=O)C2Cc3cc(OC)c(OC)cc3S2)cc1,test
CHEMBL188821,CHEMBL220,7.12,2011.0,7.12,[Br-].[Br-].c1cc(C[n+]2ccc(N3CCCCC3)cc2)ccc1C[n+]1ccc(N2CCCCC2)cc1,train
CHEMBL188823,CHEMBL220,8.24,2004.0,8.24,COc1cc2onc(CCC3CCN(Cc4ccccc4)CC3)c2cc1C,test
CHEMBL188917,CHEMBL220,6.41,2004.0,6.41,COc1cc2cc(C(=O)C3CCC[N+](C)(CCOc4ccccc4)CC3)sc2cc1OC,train
CHEMBL189122,CHEMBL220,7.43,2004.0,7.43,C=CC[n+]1ccc(CCC(=O)C2Cc3cc(OC)c(OC)cc3S2)cc1,test
CHEMBL189283,CHEMBL220,6.42,2004.0,6.42,COc1cc2cc(C(=O)CC3CCC(O)C[N+](C)(Cc4ccccc4)CC3)sc2cc1OC,train
CHEMBL189517,CHEMBL220,6.96,2004.0,6.96,COc1cc2c(cc1OC)SC(C(=O)CCc1cc[n+](CC3CC3)cc1)C2,val
CHEMBL18966,CHEMBL220,5.52,2018.0,5.52,Cc1ccc(COc2ccc3c(C)c(C)c(=O)oc3c2)cc1,train
CHEMBL189727,CHEMBL220,4.0,2005.0,4.0,O=C1CCCCC1=O,train
CHEMBL189764,CHEMBL220,5.07,2010.0,5.07,COc1ccc(-c2cc(-c3ccc(N(C)C)cc3)nc(NS(=O)(=O)c3ccc(NC(C)=O)cc3)n2)cc1,test
CHEMBL189774,CHEMBL220,7.52,2004.0,7.52,COCC[n+]1ccc(CCC(=O)C2Cc3cc(OC)c(OC)cc3S2)cc1,test
CHEMBL189797,CHEMBL220,5.79,2005.0,5.79,CNC(=O)Oc1cccc(CN(C)CCCCCCCOc2ccc3c(c2)OCC3=O)c1,train
CHEMBL189870,CHEMBL220,5.6,2010.0,5.6,Cc1ccc(S(=O)(=O)N(Cc2ccccc2)c2ccc(N)cc2O)cc1,train
CHEMBL189875,CHEMBL220,4.85,2010.0,4.85,COc1ccc(/N=C/c2cn(-c3ccc(OC)cc3)cc2/C=N/c2ccc(OC)cc2)cc1,train
CHEMBL189886,CHEMBL220,4.0,2005.0,4.0,O=C(C(=O)c1ccccc1)c1ccccc1,val
CHEMBL189906,CHEMBL220,7.52,2004.0,7.52,CNC(=O)Oc1cccc2c1OCC1CCN(C)C21,test
CHEMBL189907,CHEMBL220,7.76,2004.0,7.76,CNC(=O)Oc1cccc2c1CCC1CCN(C)C21,train
CHEMBL189957,CHEMBL220,9.494850021680094,2005.0,9.494850021680094,CNC(=O)Oc1cccc(CN(C)CCCCCCCOc2ccc3c(=O)c4ccccc4oc3c2)c1,test
CHEMBL189988,CHEMBL220,4.0,2005.0,4.0,O=S(=O)(Cc1ccccc1)c1ccccc1,train
CHEMBL190060,CHEMBL220,6.661837942146624,2005.0,6.661837942146624,CNC(=O)Oc1cccc(CN(C)CCCOc2ccc3c(c2)O/C(=C\c2cccc4ccccc24)C3=O)c1,train
CHEMBL190152,CHEMBL220,4.7,2005.0,4.7,O=C1CN(CCN2CCOCC2)C(=O)CN1CCC(c1ccccc1)c1ccccc1,train
CHEMBL1903032,CHEMBL220,3.0,2016.0,3.0,CCOc1ccc(-n2c(SCc3nc(-c4ccccc4C)no3)nnc2-c2ccccc2)cc1,train
CHEMBL190322,CHEMBL220,8.09,2004.0,8.09,CNC(=O)Oc1cccc2c1SCC1CCN(C)C21,train
CHEMBL190496,CHEMBL220,4.0,2005.0,4.0,[O-][S+](Cc1ccccc1)Cc1ccccc1,train
CHEMBL190528,CHEMBL220,6.28,2005.0,6.28,CNC(=O)Oc1cccc(CN(C)CCCCCCCOc2ccc3c(c2)O/C(=C\c2cc(OC)c(OC)c(OC)c2)C3=O)c1,train
CHEMBL19060,CHEMBL220,5.14,1998.0,5.14,COc1ccccc1CNCCCCCCNCCSSCCNCCCCCCNCc1ccccc1OC,train
CHEMBL190613,CHEMBL220,4.0,2005.0,4.0,CC1CCCC(=O)C1=O,train
CHEMBL190660,CHEMBL220,4.0,2005.0,4.0,O=C(c1cccs1)C(O)c1cccs1,train
CHEMBL190672,CHEMBL220,4.0,2005.0,4.0,O=C(C(=O)c1cc(Br)cs1)c1cc(Br)cs1,test
CHEMBL190677,CHEMBL220,4.0,2005.0,4.0,O=C(c1ccccc1)C(O)c1ccccc1,train
CHEMBL191084,CHEMBL220,5.0,2005.0,5.0,Cc1c(N2CCN(C)CC2)nc2ccccc2c1C(=O)N(C)Cc1ccccc1,train
CHEMBL1912058,CHEMBL220,9.33,2011.0,9.33,O=C(CCCC[C@H]1CCSS1)NCCCNc1c2c(nc3cc(Cl)ccc13)CCCC2,train
CHEMBL1912059,CHEMBL220,9.64,2011.0,9.64,O=C(CCCC[C@@H]1CCSS1)NCCCNc1c2c(nc3cc(Cl)ccc13)CCCC2,train
CHEMBL1912060,CHEMBL220,8.57,2011.0,8.57,O=C(CCCCc1cccs1)NCCCNc1c2c(nc3cc(Cl)ccc13)CCCC2,train
CHEMBL1912061,CHEMBL220,3.7166987712964503,2011.0,3.7166987712964503,COc1cc2nc(Cl)nc(NCCCNC(=O)CCCCC3CCSS3)c2cc1OC,train
CHEMBL1912062,CHEMBL220,6.59,2011.0,6.59,CCN(CCCCCCNC(=O)CCCCC1CCSS1)Cc1ccccc1OC,train
CHEMBL1912063,CHEMBL220,4.13,2011.0,4.13,COc1cccc(C(C)N(C)CCCNC(=O)CCCCC2CCSS2)c1,test
CHEMBL1912064,CHEMBL220,4.6,2011.0,4.6,CC(c1cccc(OCCCNC(=O)CCCCC2CCSS2)c1)N(C)C,test
CHEMBL191314,CHEMBL220,5.6,2005.0,5.6,CNC(=O)Oc1cccc(CN(C)CCCCCCCOc2ccc3c(c2)O/C(=C\c2c4ccccc4cc4ccccc24)C3=O)c1,train
CHEMBL191315,CHEMBL220,4.7,2005.0,4.7,COc1ccc(CCN2CC(=O)N(CCc3ccccn3)CC2=O)cc1OC,train
CHEMBL191386,CHEMBL220,6.968622810503751,2005.0,6.968622810503751,CNC(=O)Oc1cccc(CN(C)CCCOc2ccc3c(c2)O/C(=C\c2ccc4ccccc4c2)C3=O)c1,train
CHEMBL191416,CHEMBL220,5.52,2005.0,5.52,CNC(=O)Oc1cccc(CN(C)CCCOc2ccc3c(c2)O/C(=C\c2cc(OC)c(OC)c(OC)c2)C3=O)c1,train
CHEMBL1914495,CHEMBL220,4.05,2011.0,4.05,C=CC(CBr)Nc1c2c(nc3ccc(OC)cc13)CCCC2,train
CHEMBL191461,CHEMBL220,7.247363747448347,2005.0,7.247363747448347,CNC(=O)Oc1cccc(CN(C)CCCCCCCOc2ccc3c(c2)C/C(=C\c2cc(OC)c(OC)c(OC)c2)C3=O)c1,train
CHEMBL191513,CHEMBL220,4.0,2005.0,4.0,COc1ccc(C(=O)C(=O)c2ccc(OC)cc2)cc1,val
CHEMBL1915758,CHEMBL220,4.74,2011.0,4.74,COC(=O)[C@H](C)CC(=O)C[C@@H](C)[C@H]1C[C@@H]2OC(C)(C)O[C@H]3C[C@H]4C(C)(C)C(=O)CC[C@]4(C)C4=C3[C@@]2(C)[C@]1(C)CC4=O,train
CHEMBL1915759,CHEMBL220,5.03,2011.0,5.03,CCCCOC(=O)C(C)CC(=O)C[C@@H](C)[C@H]1CC(=O)[C@@]2(C)C3=C(C(=O)[C@@H](OC(C)=O)[C@]12C)[C@@]1(C)CC[C@H](O)C(C)(C)[C@@H]1CC3=O,train
CHEMBL1915760,CHEMBL220,4.68,2011.0,4.68,C/C(=C\CC[C@@H](C)[C@H]1CC[C@@]2(C)C3=CC[C@H]4C(C)(C)[C@@H](O)CC[C@]4(C)C3=CC[C@]12C)C(=O)O,train
CHEMBL1915761,CHEMBL220,4.66,2011.0,4.66,C[C@H](CCC=C(CO)CO)[C@H]1CC[C@@]2(C)C3=CC[C@H]4C(C)(C)C(=O)CC[C@]4(C)C3=CC[C@]12C,test
CHEMBL1915762,CHEMBL220,4.79,2011.0,4.79,C[C@H](CC[C@H](O)C(C)(C)O)[C@H]1CC[C@@]2(C)C3=CC[C@H]4C(C)(C)[C@@H](O)CC[C@]4(C)C3=CC[C@]12C,train
CHEMBL1915763,CHEMBL220,4.65,2011.0,4.65,C[C@H](CC[C@H](O)[C@](C)(O)CO)[C@H]1CC[C@@]2(C)C3=CC[C@H]4C(C)(C)C(=O)CC[C@]4(C)C3=CC[C@]12C,test
CHEMBL1915764,CHEMBL220,4.51,2011.0,4.51,C/C(=C\CC[C@@H](C)[C@H]1CC[C@@]2(C)C3=C(CC[C@]12C)[C@@]1(C)CC[C@H](O)C(C)(C)[C@@H]1CC3=O)CO,train
CHEMBL1915765,CHEMBL220,4.94,2011.0,4.94,CCCCOC(=O)CC[C@@H](C)[C@H]1CC[C@@]2(C)C3=C(C(=O)C[C@]12C)[C@@]1(C)CC[C@H](O)C(C)(C)[C@@H]1C[C@@H]3O,train
CHEMBL1915766,CHEMBL220,4.91,2011.0,4.91,CCCCOC(=O)CC[C@@H](C)[C@H]1CC[C@@]2(C)C3=C(C(=O)C[C@]12C)[C@@]1(C)CCC(=O)C(C)(C)[C@@H]1C[C@@H]3O,train
CHEMBL191625,CHEMBL220,4.0,2005.0,4.0,CC(=O)CC(C)=O,test
CHEMBL1916475,CHEMBL220,5.25,2011.0,5.25,CCCOCCn1c(=O)nc(NC2CCC(O)CC2)c2nnc(-c3ccc(OC)nc3)cc21,train
CHEMBL191676,CHEMBL220,4.0,2005.0,4.0,CN(C)c1ccc(C(=O)C(=O)c2ccc(N(C)C)cc2)cc1,val
CHEMBL1916766,CHEMBL220,4.0,2011.0,4.0,Nc1c2c(nc3oc(-c4ccccc4)cc13)CCCC2,train
CHEMBL1916768,CHEMBL220,4.34,2011.0,4.34,Nc1c2c(nc3c1cc(-c1ccccc1)n3-c1ccccc1)CCCC2,test
CHEMBL1916770,CHEMBL220,4.0,2011.0,4.0,Cc1ccc(-c2cc3c(N)c4c(nc3o2)CCCC4)cc1,train
CHEMBL191688,CHEMBL220,4.0,2005.0,4.0,CC1C(=O)CCCC1=O,train
CHEMBL1916927,CHEMBL220,4.0,2011.0,4.0,Nc1c2c(nc3oc(-c4ccc(Cl)cc4)cc13)CCCC2,train
CHEMBL1916929,CHEMBL220,4.0,2011.0,4.0,N#Cc1c(-c2ccc(Cl)cc2)oc2nc3c(c(N)c12)CCCC3,train
CHEMBL191729,CHEMBL220,5.57,2004.0,5.57,COc1cc2cc(C3=CC[N+](C)(Cc4ccccc4)CC3)sc2cc1OC,train
CHEMBL191739,CHEMBL220,4.0,2005.0,4.0,O=C(C(=O)c1ccc(Br)c([N+](=O)[O-])c1)c1ccc(Br)c([N+](=O)[O-])c1,val
CHEMBL191758,CHEMBL220,7.67,2005.0,7.67,NCCCNc1c2c(nc3cc(Cl)ccc13)CCCC2,train
CHEMBL1917825,CHEMBL220,5.66,2011.0,5.66,C=CCCCNc1c2c(nc3ccc(OC)cc13)CCCC2,train
CHEMBL1917826,CHEMBL220,5.34,2011.0,5.34,COc1ccc2nc3c(c(N4CCCCCN(c5c6c(nc7ccc(OC)cc57)CCCC6)CCCCC4)c2c1)CCCC3,train
CHEMBL191796,CHEMBL220,4.0,2005.0,4.0,O=C(C(=O)c1cccc([N+](=O)[O-])c1)c1cccc([N+](=O)[O-])c1,val
CHEMBL191800,CHEMBL220,4.0,2005.0,4.0,CC1CC(C)(C)CC(=O)C1=O,train
CHEMBL191822,CHEMBL220,4.0,2005.0,4.0,COc1ccc(C(=O)C(=O)c2ccccc2Cl)cc1OC,val
CHEMBL191847,CHEMBL220,4.0,2005.0,4.0,Cc1ccc(C(=O)C(=O)c2ccccc2)cc1[N+](=O)[O-],val
CHEMBL191930,CHEMBL220,4.7,2005.0,4.7,O=C1CN(CCN2CCCC2)C(=O)CN1CCCn1ccnc1,test
CHEMBL192039,CHEMBL220,4.0,2005.0,4.0,O=C(C(=O)c1ccc(O)cc1O)c1ccc(O)cc1O,val
CHEMBL192139,CHEMBL220,4.0,2005.0,4.0,O=C(C(=O)c1ccc(Cl)cc1)c1ccc(Cl)cc1,val
CHEMBL19215,CHEMBL220,5.87,,5.87,CN1C[C@H](CNC(=O)OCc2ccccc2)C[C@@H]2c3cccc4c3c(cn4C)C[C@H]21,train
CHEMBL192180,CHEMBL220,4.0,2005.0,4.0,O=C(C(=O)c1ccc(Cl)cc1)c1ccccc1,val
CHEMBL19224,CHEMBL220,4.61,2006.0,4.61,COc1ccc(Cc2nccc3cc(OC)c(OC)cc23)cc1OC,train
CHEMBL192241,CHEMBL220,4.0,2005.0,4.0,O=C(C(=O)c1ccc(CBr)cc1)c1ccccc1,val
CHEMBL192252,CHEMBL220,4.0,2005.0,4.0,Cc1ccc(C(=O)C(=O)c2ccc(Cl)cc2)cc1,val
CHEMBL1922540,CHEMBL220,4.19,2011.0,4.19,C#CCOP(C)(=O)OC(C(F)(F)F)C(F)(F)F,test
CHEMBL1922541,CHEMBL220,4.36,2011.0,4.36,C#CCOP(C)(=O)OC(C(=O)OC)C(F)(F)F,test
CHEMBL192258,CHEMBL220,4.0,2005.0,4.0,CC(=O)C(=O)c1ccccc1,val
CHEMBL192410,CHEMBL220,4.0,2005.0,4.0,O=C(C(=O)c1ccc(F)cc1)c1ccc(F)cc1,val
CHEMBL192474,CHEMBL220,4.0,2005.0,4.0,COc1ccc(C(=O)C(=O)c2ccccc2)cc1,val
CHEMBL192589,CHEMBL220,4.0,2005.0,4.0,O=C(C(=O)c1ccc([N+](=O)[O-])cc1)c1ccccc1,val
CHEMBL192592,CHEMBL220,4.0,2005.0,4.0,O=C(C(=O)c1ccc(Br)s1)c1ccc(Br)s1,test
CHEMBL192595,CHEMBL220,4.0,2005.0,4.0,CN(C)c1ccc(C(O)C(=O)c2ccccc2)cc1,train
CHEMBL192625,CHEMBL220,4.0,2005.0,4.0,Cc1ccc(C(=O)C(=O)c2ccc(C)cc2)cc1,val
CHEMBL192627,CHEMBL220,6.79,2005.0,6.79,O=C1C(Cl)=C(Cl)C(=O)C(Cl)=C1Cl,train
CHEMBL192648,CHEMBL220,4.0,2005.0,4.0,O=C(O)c1ccc(C(=O)c2ccccc2)cc1,train
CHEMBL192657,CHEMBL220,4.0,2005.0,4.0,O=C(C(=O)c1ccc(O)c([N+](=O)[O-])c1)c1ccc(O)c([N+](=O)[O-])c1,val
CHEMBL192682,CHEMBL220,7.01,2005.0,7.01,O=C(CCCCC1CCSS1)NCCNc1c2c(nc3ccccc13)CCCC2,train
CHEMBL192712,CHEMBL220,4.0,2005.0,4.0,CC1NC(=O)C(=O)OC1C,train
CHEMBL192809,CHEMBL220,4.0,2005.0,4.0,CCC(=O)C(C)=O,test
CHEMBL1929043,CHEMBL220,4.81,2016.0,4.81,COc1c(CC=C(C)C)c(O)cc2c1C[C@H](c1ccc(O)c(CC=C(C)C)c1O)CO2,val
CHEMBL1929421,CHEMBL220,6.09,2011.0,6.09,C#CCN(C)Cc1cc2cc(OCCCC3CCN(Cc4ccccc4)CC3)ccc2n1C,train
CHEMBL192953,CHEMBL220,4.7,2005.0,4.7,CCN(CC)CCN1CC(=O)N(CCc2ccccc2)CC1=O,train
CHEMBL193140,CHEMBL220,4.0,2005.0,4.0,Cc1ccc(C(=O)C(=O)c2ccccc2)cc1C,val
CHEMBL193180,CHEMBL220,4.0,2005.0,4.0,O=C(C(=O)c1cc(F)c(F)c(F)c1)c1cc(F)c(F)c(F)c1,val
CHEMBL193228,CHEMBL220,4.0,2005.0,4.0,O=C(C(=O)c1ccc(Br)cc1)c1ccc(Br)cc1,val
CHEMBL193229,CHEMBL220,4.0,2005.0,4.0,O=C(C(=O)c1cc(F)cc(F)c1)c1cc(F)cc(F)c1,val
CHEMBL193996,CHEMBL220,6.0,2022.0,6.0,O=C(Nc1ccccc1)OC1CN2CCC1CC2,train
CHEMBL1940612,CHEMBL220,6.18,2011.0,6.18,CCN(CCCCCCNC1=CC(=O)c2ccccc2C1=O)Cc1ccccc1OC,train
CHEMBL1940613,CHEMBL220,7.55,2011.0,7.55,CCN(CCCCCCNC1=CC(=O)c2ncccc2C1=O)Cc1ccccc1OC,train
CHEMBL1940614,CHEMBL220,7.54,2011.0,7.54,CCN(CCCCCCNC1=CC(=O)C(C)=C(C)C1=O)Cc1ccccc1OC,test
CHEMBL1940615,CHEMBL220,7.18,2011.0,7.18,CCN(CCCCCCNC1=CC(=O)C(OC)=CC1=O)Cc1ccccc1OC,test
CHEMBL1940616,CHEMBL220,5.73,2011.0,5.73,COc1ccccc1CNCCCCCCNC1=CC(=O)c2ccccc2C1=O,train
CHEMBL1940617,CHEMBL220,4.19,2011.0,4.19,NCCCCCCNC1=CC(=O)c2ccccc2C1=O,val
CHEMBL1940618,CHEMBL220,4.76,2011.0,4.76,COc1ccccc1CN1CCC(N2CCC(NC3=CC(=O)c4ccccc4C3=O)CC2)CC1,test
CHEMBL1940619,CHEMBL220,4.61,2011.0,4.61,COC1=CC(=O)C(N2CCC(C3CCN(Cc4ccccc4OC)CC3)CC2)=CC1=O,train
CHEMBL1940736,CHEMBL220,6.72,2012.0,6.72,COc1ccccc1NCc1cc(=O)oc2cc3oc4ccccc4c3cc12,train
CHEMBL1940737,CHEMBL220,6.56,2012.0,6.56,COc1cc2c(C)c(OC)c(=O)oc2cc1OCCCCOc1cc(O)cc(N(C)C)c1,train
CHEMBL1940738,CHEMBL220,9.63,2012.0,9.63,COc1cc2oc(=O)c(OCCCCOc3cc(O)cc(N(C)C)c3)c(C)c2cc1OC,train
CHEMBL194372,CHEMBL220,7.0,2005.0,7.0,CN[C@@H](CCOc1ccc([N+](=O)[O-])cc1)c1ccc(OC(=O)N(C)C)cc1,train
CHEMBL194823,CHEMBL220,9.6,2005.0,9.6,O=C(CCCCC1CCSS1)NCCCNc1c2c(nc3cc(Cl)ccc13)CCCC2,train
CHEMBL195067,CHEMBL220,7.49,2005.0,7.49,O=C(CCCCC1CCSS1)NCCCCCCCNc1c2c(nc3ccccc13)CCCC2,test
CHEMBL195179,CHEMBL220,8.16,2005.0,8.16,O=C(CCCCC1CCSS1)NCCCNc1c2c(nc3ccccc13)CCCC2,train
CHEMBL1952047,CHEMBL220,3.6989700043360187,2012.0,3.6989700043360187,CCC/N=C(/C=N/O)N(C)C.Cl,test
CHEMBL1952048,CHEMBL220,4.27,2011.0,4.27,CCCC/N=C(/C=N/O)N(C)C.Cl,test
CHEMBL1952049,CHEMBL220,4.89,2012.0,4.89,CCCCC/N=C(/C=N/O)N(C)C.Cl,test
CHEMBL1952050,CHEMBL220,4.77,2012.0,4.77,CC(C)CC/N=C(/C=N/O)N(C)C.Cl,test
CHEMBL1952051,CHEMBL220,3.6989700043360187,2012.0,3.6989700043360187,COCC/N=C(/C=N/O)N(C)C.Cl,test
CHEMBL1952052,CHEMBL220,3.6989700043360187,2012.0,3.6989700043360187,COCCC/N=C(/C=N/O)N(C)C.Cl,test
CHEMBL1952053,CHEMBL220,3.6989700043360187,2012.0,3.6989700043360187,CN(C)C(/C=N/O)=N\C1CC1.Cl,test
CHEMBL1952054,CHEMBL220,3.6989700043360187,2012.0,3.6989700043360187,CN(C)C(/C=N/O)=N\C1CCC1.Cl,train
CHEMBL1952055,CHEMBL220,3.6989700043360187,2012.0,3.6989700043360187,CN(C)C(/C=N/O)=N\Cc1ccccc1.Cl,val
CHEMBL1952056,CHEMBL220,3.6989700043360187,2012.0,3.6989700043360187,CN(C)C(/C=N/O)=N\c1ccccc1.Cl,val
CHEMBL1952057,CHEMBL220,3.6989700043360187,2012.0,3.6989700043360187,CCCCN1CCN=C1/C=N/O.Cl,test
CHEMBL1952058,CHEMBL220,4.36,2012.0,4.36,Cl.O/N=C/C1=NCCN1Cc1ccccc1,test
CHEMBL1952059,CHEMBL220,4.62,2012.0,4.62,Cl.O/N=C/C1=NCCN1Cc1ccc(Cl)cc1Cl,test
CHEMBL1952060,CHEMBL220,4.07,2012.0,4.07,Cl.O/N=C/C1=NCCN1Cc1cc(C(F)(F)F)cc(C(F)(F)F)c1,test
CHEMBL1952061,CHEMBL220,3.804100347590766,2012.0,3.804100347590766,CCCCN1CCCN=C1/C=N/O.Cl,test
CHEMBL1952062,CHEMBL220,4.68,2012.0,4.68,CCCCCN1CCCN=C1/C=N/O.Cl,test
CHEMBL1952063,CHEMBL220,4.55,2012.0,4.55,Cl.O/N=C/C1=NCCCN1Cc1ccccc1,train
CHEMBL1952064,CHEMBL220,5.05,2012.0,5.05,Cl.O/N=C/C1=NCCCN1Cc1ccc(Cl)cc1Cl,train
CHEMBL1952065,CHEMBL220,4.35,2012.0,4.35,Cl.O/N=C/C1=NCCCN1Cc1cc(C(F)(F)F)cc(C(F)(F)F)c1,train
CHEMBL1952066,CHEMBL220,4.03,2012.0,4.03,CCCCN1CC(C)(C)CN=C1/C=N/O.Cl,test
CHEMBL1952067,CHEMBL220,4.05,2012.0,4.05,CCCCCN1CC(C)(C)CN=C1/C=N/O.Cl,test
CHEMBL1952289,CHEMBL220,4.301029995663981,2012.0,4.301029995663981,CC(C)=CCc1cc(=O)cc2n(C)c3cccc(C(=O)O)c3nc1-2,train
CHEMBL195241,CHEMBL220,8.39,2005.0,8.39,Cc1c(N2CCN(C)CC2)nc2ccccc2c1C(=O)NCCCCCCCNc1c2c(nc3ccccc13)CCCC2,train
CHEMBL195418,CHEMBL220,8.52,2005.0,8.52,Cc1c(Cl)nc2ccccc2c1C(=O)NCCCCCCCNc1c2c(nc3ccccc13)CCCC2,test
CHEMBL195437,CHEMBL220,4.94,,4.94,CCCCCCCCc1ccc(O)cc1,val
CHEMBL19557,CHEMBL220,4.05,1986.0,4.05,CCN(CC)CCS/C(=N\O)c1nc(C)no1,train
CHEMBL1957115,CHEMBL220,5.4,2021.0,5.4,COc1ccc2c(c1)[nH]c1c(C(C)=O)nccc12,train
CHEMBL195713,CHEMBL220,4.0,2005.0,4.0,O=C(C(=O)c1c(Cl)c(Cl)c(Cl)c(Cl)c1Cl)c1c(F)c(F)c(F)c(F)c1F,val
CHEMBL196116,CHEMBL220,4.0,2005.0,4.0,C=CCC1(OC)OCc2c(OC)c(OC)cc3ccnc1c23,val
CHEMBL196177,CHEMBL220,3.8632794328435933,2005.0,3.8632794328435933,COc1cc2ccnc3c2c(c1OC)COC3(CCCO)OC,val
CHEMBL196401,CHEMBL220,3.7594507517174,2005.0,3.7594507517174,C=CCC1(O)OCc2c(OC)c(OC)cc3ccnc1c23,val
CHEMBL196699,CHEMBL220,3.962573502059376,2005.0,3.962573502059376,COc1cc2ccnc3c2c(c1OC)COC3(O)CC(O)CO,val
CHEMBL1973869,CHEMBL220,5.14,2014.0,5.14,O=[N+]([O-])c1ccc2c(c1)c(OCc1ccccc1)nn2Cc1ccccc1,val
CHEMBL197696,CHEMBL220,7.85,2005.0,7.85,CN(C)C(=O)Oc1ccc2c(c1)C=CCN(C)[C@@H]2CCOc1ccc([N+](=O)[O-])cc1,train
CHEMBL1980572,CHEMBL220,6.34,2020.0,6.34,COc1cc([C@H]2OC[C@H]3[C@@H]2CO[C@@H]3c2cc(OC)c3c(c2)OCO3)cc(OC)c1OC,train
CHEMBL1994202,CHEMBL220,9.37,2012.0,9.37,CC1=C[C@@H]2Cc3nc4cc(Cl)ccc4c(N)c3[C@H](C1)C2.Cl,train
CHEMBL199454,CHEMBL220,14.301029995663981,2019.0,14.301029995663981,COc1ccc2[nH]cc(CCNC(=O)CCCCCNc3c4c(nc5ccccc35)CCCC4)c2c1,train
CHEMBL19949,CHEMBL220,8.24,2004.0,8.24,CC[N+](C)(CCCCCC(=O)N1CCC(CCC2CCN(C(=O)CCCCC[N+](C)(CC)Cc3ccccc3OC)CC2)CC1)Cc1ccccc1OC.[I-].[I-],train
CHEMBL1995010,CHEMBL220,6.35,2021.0,6.35,Cc1ccc(S(=O)(=O)SCc2ccccc2)cc1,train
CHEMBL199538,CHEMBL220,14.301029995663981,2019.0,14.301029995663981,O=C(CCCCCNc1c2c(nc3cc(Cl)cc(Cl)c13)CCCC2)NCCc1c[nH]c2ccccc12,train
CHEMBL199585,CHEMBL220,11.096910013008056,2006.0,11.096910013008056,O=C(CCCCCCNc1c2c(nc3cc(Cl)cc(Cl)c13)CCCC2)NCCc1c[nH]c2ccccc12,train
CHEMBL199670,CHEMBL220,11.800514997831991,2006.0,11.800514997831991,O=C(CCCCCCNc1c2c(nc3ccccc13)CCCC2)NCCc1c[nH]c2ccccc12,train
CHEMBL199748,CHEMBL220,14.301029995663981,2019.0,14.301029995663981,COc1ccc2[nH]cc(CCNC(=O)CCCCCNc3c4c(nc5cc(Cl)ccc35)CCCC4)c2c1,train
CHEMBL199861,CHEMBL220,14.301029995663981,2019.0,14.301029995663981,O=C(CCCCCNc1c2c(nc3ccccc13)CCCC2)NCCc1c[nH]c2ccccc12,train
CHEMBL200008,CHEMBL220,14.301029995663981,2019.0,14.301029995663981,COc1ccc2[nH]cc(CCNC(=O)CCCCCNc3c4c(nc5cccc(Cl)c35)CCCC4)c2c1,train
CHEMBL2007996,CHEMBL220,9.13,2014.0,9.13,CC1=C[C@@H]2Cc3nc4cc(Cl)ccc4c(N)c3[C@H](C1)C2,train
CHEMBL2011402,CHEMBL220,4.48,2012.0,4.48,COc1ccc([C@H]2Oc3cc(O)c(C/C=C(\C)CCC=C(C)C)c(O)c3C(=O)[C@@H]2O)cc1O,test
CHEMBL2011403,CHEMBL220,4.789999999999999,2012.0,4.789999999999999,COc1c(O)cc(C2Oc3cc(O)c(C/C=C(\C)CCC=C(C)C)c(O)c3C(=O)[C@@H]2O)cc1O,test
CHEMBL2011404,CHEMBL220,4.03,2012.0,4.03,COc1ccc([C@@H]2CC(=O)c3c(cc(O)c(C/C=C(\C)CCC=C(C)C)c3O)O2)cc1O,test
CHEMBL2011405,CHEMBL220,4.58,2012.0,4.58,COc1c(O)cc(C2CC(=O)c3c(cc(O)c(C/C=C(\C)CCC=C(C)C)c3O)O2)cc1O,test
CHEMBL2011406,CHEMBL220,3.499900808084277,2012.0,3.499900808084277,COc1cc(C2CC(=O)c3c(cc(O)c(C/C=C(\C)CCC=C(C)C)c3O)O2)cc(OC)c1O,test
CHEMBL2011483,CHEMBL220,9.05,2012.0,9.05,CC1=CC2Cc3nc4cc(Cl)ccc4c(NCCCCCCNc4c5c(nc6ccccc46)CCCC5)c3C(C1)C2.Cl,train
CHEMBL2011487,CHEMBL220,9.38,2012.0,9.38,CC1=CC2Cc3nc4cc(Cl)ccc4c(NCCCN(C)CCCNc4c5c(nc6ccccc46)CCCC5)c3C(C1)C2.Cl,test
CHEMBL2011488,CHEMBL220,6.535,2012.0,6.535,CC1=CC2Cc3nc4cc(Cl)ccc4c(NCCCCCCCCNc4c5c(nc6ccccc46)CCCC5)c3C(C1)C2.Cl,train
CHEMBL2011491,CHEMBL220,9.13,2012.0,9.13,CC1=CC2Cc3nc4cc(Cl)ccc4c(NCCCCCCNc4c5c(nc6cc(Cl)ccc46)CCCC5)c3C(C1)C2.Cl,train
CHEMBL2011495,CHEMBL220,9.51,2012.0,9.51,CC1=CC2Cc3nc4cc(Cl)ccc4c(NCCCN(C)CCCNc4c5c(nc6cc(Cl)ccc46)CCCC5)c3C(C1)C2.Cl,test
CHEMBL2011496,CHEMBL220,8.88,2012.0,8.88,CC1=CC2Cc3nc4cc(Cl)ccc4c(NCCCCCCCCNc4c5c(nc6cc(Cl)ccc46)CCCC5)c3C(C1)C2.Cl,train
CHEMBL2011499,CHEMBL220,7.18,2012.0,7.18,CC1=C[C@H]2Cc3nc4cc(Cl)ccc4c(N)c3[C@@H](C1)C2.Cl,train
CHEMBL2018160,CHEMBL220,4.3,2012.0,4.3,COc1ccc2c(ccc[n+]2C)c1.[I-],train
CHEMBL2018161,CHEMBL220,5.28,2012.0,5.28,COc1ccc2c(ccc[n+]2Cc2ccccc2)c1.[I-],train
CHEMBL2018162,CHEMBL220,7.15,2012.0,7.15,CC[C@H]1C[C@@H]2CN3CCc4c([nH]c5cc([C@H]6C[C@H]7C(C(=O)OC)[C@H](Cc8c6[nH]c6ccccc86)N(C)C[C@H]7CC)ccc45)[C@](C(=O)OC)(C2)[C@H]13,train
CHEMBL2019030,CHEMBL220,7.76,2012.0,7.76,Cl.O=C(NCCCCCCCCCCNc1c2c(nc3ccccc13)CCCC2)c1cc(=O)c2ccccc2o1,train
CHEMBL2019032,CHEMBL220,9.52,2012.0,9.52,Cl.O=C(NCCCCCCCCCCNc1c2c(nc3cc(Cl)ccc13)CCCC2)c1cc(=O)c2ccccc2o1,train
CHEMBL2019034,CHEMBL220,9.11,2012.0,9.11,COc1ccc2oc(C(=O)NCCCCCCCCCCNc3c4c(nc5ccccc35)CCCC4)cc(=O)c2c1.Cl,train
CHEMBL2019035,CHEMBL220,10.0,2012.0,10.0,COc1ccc2oc(C(=O)NCCCCCCCCCCNc3c4c(nc5cc(Cl)ccc35)CCCC4)cc(=O)c2c1.Cl,train
CHEMBL2019037,CHEMBL220,8.64,2012.0,8.64,COc1cc(OC)c2c(=O)cc(C(=O)NCCCCCCCCCCNc3c4c(nc5ccccc35)CCCC4)oc2c1.Cl,train
CHEMBL2019038,CHEMBL220,9.46,2012.0,9.46,COc1cc(OC)c2c(=O)cc(C(=O)NCCCCCCCCCCNc3c4c(nc5cc(Cl)ccc35)CCCC4)oc2c1.Cl,train
CHEMBL2019040,CHEMBL220,8.74,2012.0,8.74,COc1cc2oc(C(=O)NCCCCCCCCCCNc3c4c(nc5ccccc35)CCCC4)cc(=O)c2cc1OC.Cl,train
CHEMBL2019041,CHEMBL220,9.7,2012.0,9.7,COc1cc2oc(C(=O)NCCCCCCCCCCNc3c4c(nc5cc(Cl)ccc35)CCCC4)cc(=O)c2cc1OC.Cl,train
CHEMBL2019043,CHEMBL220,8.1,2012.0,8.1,Cl.O=C(NCCCCCCCCCCNc1c2c(nc3ccccc13)CCCC2)c1cc(=O)c2cc(O)ccc2o1,train
CHEMBL2019044,CHEMBL220,9.0,2012.0,9.0,Cl.O=C(NCCCCCCCCCCNc1c2c(nc3cc(Cl)ccc13)CCCC2)c1cc(=O)c2cc(O)ccc2o1,train
CHEMBL2019046,CHEMBL220,9.0,2012.0,9.0,COc1cc(O)c2c(=O)cc(C(=O)NCCCCCCCCCCNc3c4c(nc5ccccc35)CCCC4)oc2c1.Cl,train
CHEMBL2019047,CHEMBL220,8.64,2012.0,8.64,Cl.O=C(NCCCCCCCCCCNc1c2c(nc3ccccc13)CCCC2)c1cc(=O)c2c(O)cc(O)cc2o1,train
CHEMBL2019048,CHEMBL220,10.46,2012.0,10.46,COc1cc(O)c2c(=O)cc(C(=O)NCCCCCCCCCCNc3c4c(nc5cc(Cl)ccc35)CCCC4)oc2c1.Cl,train
CHEMBL2019049,CHEMBL220,10.19,2012.0,10.19,Cl.O=C(NCCCCCCCCCCNc1c2c(nc3cc(Cl)ccc13)CCCC2)c1cc(=O)c2c(O)cc(O)cc2o1,train
CHEMBL2019052,CHEMBL220,8.19,2012.0,8.19,Cl.O=C(NCCCCCCCCCCNc1c2c(nc3ccccc13)CCCC2)c1cc(=O)c2cc(O)c(O)cc2o1,train
CHEMBL2019053,CHEMBL220,10.05,2012.0,10.05,Cl.O=C(NCCCCCCCCCCNc1c2c(nc3cc(Cl)ccc13)CCCC2)c1cc(=O)c2cc(O)c(O)cc2o1,train
CHEMBL2021459,CHEMBL220,3.6989700043360187,2009.0,3.6989700043360187,,
CHEMBL2021616,CHEMBL220,6.49,2022.0,6.49,CC1=C[C@H]2Cc3nc4cc(Cl)ccc4c(N)c3[C@@H](C1)C2,train
CHEMBL2022933,CHEMBL220,6.19,2012.0,6.19,C#CCN1CCc2nc3nc(N4CCCC4)c(C#N)cc3c(N)c2C1,test
CHEMBL202661,CHEMBL220,9.06,2006.0,9.06,O=C(CCCCCNc1c2c(nc3cccc(Cl)c13)CCCC2)NCCc1c[nH]c2ccccc12,train
CHEMBL202844,CHEMBL220,5.07,2023.0,5.07,COc1cc(/C=C/C(=O)NCCc2ccc(O)c(O)c2)ccc1O,train
CHEMBL20339,CHEMBL220,5.22,1986.0,5.22,CCN(CC)CCS/C(=N\O)c1nc(-c2ccccc2)no1,test
CHEMBL2047223,CHEMBL220,5.11,2012.0,5.11,Clc1ccccc1CNc1ccnc(NC2CCN(Cc3ccccc3)CC2)n1,train
CHEMBL2047224,CHEMBL220,5.11,2012.0,5.11,Clc1cccc(CNc2ccnc(NC3CCN(Cc4ccccc4)CC3)n2)c1,train
CHEMBL2047225,CHEMBL220,5.06,2012.0,5.06,Clc1ccc(CNc2ccnc(NC3CCN(Cc4ccccc4)CC3)n2)cc1,train
CHEMBL2047226,CHEMBL220,5.0,2012.0,5.0,Brc1ccc(CNc2ccnc(NC3CCN(Cc4ccccc4)CC3)n2)cc1,train
CHEMBL2047227,CHEMBL220,5.11,2012.0,5.11,Fc1ccc(CNc2ccnc(NC3CCN(Cc4ccccc4)CC3)n2)cc1,train
CHEMBL2047228,CHEMBL220,4.89,2012.0,4.89,Cc1ccc(CNc2ccnc(NC3CCN(Cc4ccccc4)CC3)n2)cc1,train
CHEMBL2047229,CHEMBL220,5.03,2012.0,5.03,COc1ccc(CNc2ccnc(NC3CCN(Cc4ccccc4)CC3)n2)cc1,train
CHEMBL2047230,CHEMBL220,5.0,2012.0,5.0,COc1ccc(CNc2ccnc(NC3CCN(Cc4ccccc4)CC3)n2)cc1OC,train
CHEMBL2047231,CHEMBL220,4.99,2012.0,4.99,COc1cc(CNc2ccnc(NC3CCN(Cc4ccccc4)CC3)n2)cc(OC)c1OC,train
CHEMBL2047375,CHEMBL220,4.9,2012.0,4.9,c1ccc(CN2CCC(Nc3nccc(NCc4ccc5c(c4)OCO5)n3)CC2)cc1,train
CHEMBL2047525,CHEMBL220,8.92,2022.0,8.92,CNC(=O)Oc1cccc(CN(C)CCCCCCCOc2ccc(-c3cc4ccccc4oc3=O)cc2)c1,val
CHEMBL2047528,CHEMBL220,7.13,2012.0,7.13,CN(CCCOc1ccc2ccc(=O)oc2c1)Cc1cccc(OC(=O)NCCCCCc2ccccc2)c1,train
CHEMBL2047529,CHEMBL220,6.92,2012.0,6.92,CN(CCCOc1ccc2ccc(=O)oc2c1)Cc1cccc(OC(=O)NCCCCCCCN2CCOCC2)c1,train
CHEMBL2047530,CHEMBL220,7.05,2012.0,7.05,CN(CCCOc1ccc2c(=O)c3cccnc3oc2c1)Cc1cccc(OC(=O)NCCCCCc2ccccc2)c1,train
CHEMBL2047531,CHEMBL220,6.86,2012.0,6.86,CN(CCCOc1ccc2c(=O)c3cccnc3oc2c1)Cc1cccc(OC(=O)NCCCCCCCN2CCOCC2)c1,test
CHEMBL204895,CHEMBL220,7.220000000000001,2006.0,7.220000000000001,CCNC(=O)Oc1ccc2c(c1)[C@]1(C)CCO[C@@H]1O2,train
CHEMBL205231,CHEMBL220,7.985,2006.0,7.985,CNC(=O)Oc1ccc2c(c1)[C@]1(C)CCO[C@@H]1N2C,train
CHEMBL205321,CHEMBL220,5.46,2006.0,5.46,CC(C)c1ccc(NC(=O)Oc2ccc3c(c2)[C@]2(C)CO[C@@H](C2)O3)cc1,train
CHEMBL205335,CHEMBL220,6.85,2006.0,6.85,Cc1ccccc1NC(=O)Oc1ccc2c(c1)[C@@]1(C)CCO[C@H]1N2C,train
CHEMBL205340,CHEMBL220,7.03,2006.0,7.03,CCNC(=O)Oc1ccc2c(c1)[C@]1(C)CCN(C)[C@@H]1N2C,train
CHEMBL205895,CHEMBL220,7.89,2006.0,7.89,Cc1ccccc1NC(=O)Oc1ccc2c(c1)[C@]1(C)CCO[C@@H]1N2C,train
CHEMBL205940,CHEMBL220,7.25,2006.0,7.25,CNC(=O)Oc1ccc2c(c1)[C@@]1(C)CCO[C@H]1N2C,train
CHEMBL205967,CHEMBL220,5.62,2006.0,5.62,CCNC(=O)Oc1ccc2c(c1)[C@]1(C)CO[C@@H](C1)O2,val
CHEMBL206093,CHEMBL220,7.44,2006.0,7.44,Cc1ccccc1NC(=O)Oc1ccc2c(c1)[C@@]1(C)CCO[C@H]1O2,train
CHEMBL206106,CHEMBL220,5.77,2019.0,5.77,COc1cc2c(cc1OC)-c1cc3ccc(OC)c(OC)c3c[n+]1CC2,train
CHEMBL206237,CHEMBL220,5.17,2006.0,5.17,CC(C)c1ccc(NC(=O)Oc2ccc3c(c2)[C@@]2(C)CCO[C@H]2O3)cc1,train
CHEMBL2064404,CHEMBL220,7.29,2012.0,7.29,O=C(CCN1CCCCC1)N1CCN(CCNc2c3c(nc4ccccc24)CCCC3)CC1,train
CHEMBL2064464,CHEMBL220,9.42,2012.0,9.42,CN(CCC(=O)N1CCN(CCNc2c3c(nc4ccccc24)CCCC3)CC1)C1CCCCC1,train
CHEMBL2064465,CHEMBL220,8.43,2012.0,8.43,CCN(CCC(=O)N1CCN(CCNc2c3c(nc4ccccc24)CCCC3)CC1)C1CCCCC1,train
CHEMBL2064466,CHEMBL220,7.15,2012.0,7.15,CN(CCC(=O)N1CCN(CCNc2c3c(nc4ccccc24)CCCC3)CC1)c1ccccc1,train
CHEMBL2064468,CHEMBL220,7.39,2012.0,7.39,CN(CCCN1CCN(CCNc2c3c(nc4ccccc24)CCCC3)CC1)C1CCCCC1,train
CHEMBL2064469,CHEMBL220,6.71,2012.0,6.71,CCN(CCCN1CCN(CCNc2c3c(nc4ccccc24)CCCC3)CC1)C1CCCCC1,train
CHEMBL2064470,CHEMBL220,7.1,2012.0,7.1,CN(CCCN1CCN(CCNc2c3c(nc4ccccc24)CCCC3)CC1)c1ccccc1,train
CHEMBL2064471,CHEMBL220,8.35,2012.0,8.35,O=C(CCNCCNc1c2c(nc3ccccc13)CCCC2)N1CCN(CCNc2c3c(nc4ccccc24)CCCC3)CC1,train
CHEMBL206642,CHEMBL220,5.58,2022.0,5.58,CC(C)c1ccc(NC(=O)Oc2ccc3c(c2)[C@]2(C)CCO[C@@H]2O3)cc1,train
CHEMBL2071424,CHEMBL220,5.58,2012.0,5.58,CC(C)=CCC/C(C)=C/Cc1ccc(O)c2nc3cccc(O)c3nc12,train
CHEMBL2071425,CHEMBL220,5.7,2012.0,5.7,CC(=O)Oc1cccc2nc3c(OC(C)=O)ccc(C/C=C(\C)CCC=C(C)C)c3nc12,train
CHEMBL2071426,CHEMBL220,5.34,2012.0,5.34,Oc1cccc2nc3c(O)cccc3nc12,train
CHEMBL2071427,CHEMBL220,4.301029995663981,2012.0,4.301029995663981,Oc1ccc2nc3ccccc3nc2c1,train
CHEMBL2071428,CHEMBL220,4.301029995663981,2012.0,4.301029995663981,CC(C)=CCc1cccc2nc3cccc(C(=O)O)c3nc12,train
CHEMBL207777,CHEMBL220,7.01,2006.0,7.01,Cc1ccccc1NC(=O)Oc1ccc2c(c1)[C@]1(C)CO[C@@H](C1)O2,train
CHEMBL207931,CHEMBL220,4.97,2006.0,4.97,COc1ccc(C(O)c2nccc3cc(OC)c(OC)cc23)cc1OC,train
CHEMBL2079593,CHEMBL220,3.0,1986.0,3.0,Cc1noc(/C=N\O)n1,train
CHEMBL208092,CHEMBL220,7.78,2006.0,7.78,C/C=C1\C2C=C(C)C[C@]1(N)CC(NCCCCCCCNc1c3c(nc4ccccc14)CCCC3)C2(C)C,test
CHEMBL208132,CHEMBL220,5.16,2006.0,5.16,COc1cc2ccnc(C(O)c3ccccc3OC)c2cc1OC,train
CHEMBL208599,CHEMBL220,9.17,2000.0,9.17,CCC1=CC2Cc3nc4cc(Cl)ccc4c(N)c3[C@@H](C1)C2,train
CHEMBL2088687,CHEMBL220,5.06,2012.0,5.06,N#Cc1c(N)nc(NC2CCN(Cc3ccccc3)CC2)c(C#N)c1-c1ccccc1,train
CHEMBL2088780,CHEMBL220,6.41,2012.0,6.41,N#Cc1c(N)nc(NCCC2CCN(Cc3ccccc3)CC2)c(C#N)c1-c1ccccc1,test
CHEMBL2088781,CHEMBL220,6.62,2012.0,6.62,N#Cc1c(N)nc(NCCCC2CCN(Cc3ccccc3)CC2)c(C#N)c1-c1ccccc1,test
CHEMBL2088782,CHEMBL220,6.92,2012.0,6.92,N#Cc1c(N)nc(NCCCCC2CCN(Cc3ccccc3)CC2)c(C#N)c1-c1ccccc1,train
CHEMBL2088783,CHEMBL220,5.51,2012.0,5.51,N#Cc1cc(C#N)c(NC2CCN(Cc3ccccc3)CC2)nc1N,train
CHEMBL2088784,CHEMBL220,6.66,2012.0,6.66,N#Cc1cc(C#N)c(NCCC2CCN(Cc3ccccc3)CC2)nc1N,train
CHEMBL2088785,CHEMBL220,8.03,2012.0,8.03,N#Cc1cc(C#N)c(NCCCC2CCN(Cc3ccccc3)CC2)nc1N,train
CHEMBL2088786,CHEMBL220,7.16,2012.0,7.16,N#Cc1cc(C#N)c(NCCCCC2CCN(Cc3ccccc3)CC2)nc1N,train
CHEMBL208888,CHEMBL220,5.522878745280337,2006.0,5.522878745280337,CCCC(CC1(C(=O)Nc2cn(CC)nn2)CCCC1)C(=O)O,train
CHEMBL2093013,CHEMBL220,4.97,2002.0,4.97,C#CCN[C@@H]1CCc2ccc(OC(=O)N(C)CCC)cc21.Cl,train
CHEMBL2093014,CHEMBL220,4.46,2002.0,4.46,C#CCN[C@H]1CCc2ccc(OC(=O)N(C)CC)cc21.Cl,train
CHEMBL2093015,CHEMBL220,5.65,2002.0,5.65,C#CCN[C@H]1CCc2ccc(OC(=O)N(C)C)cc21.Cl,train
CHEMBL2093017,CHEMBL220,5.2,2002.0,5.2,C#CCN(C)[C@@H](C)Cc1cccc(OC(=O)N(C)C2CCCCC2)c1,val
CHEMBL2093018,CHEMBL220,5.47,2002.0,5.47,C#CCN(C)[C@@H](C)Cc1cccc(OC(=O)N(C)CCCCCC)c1,val
CHEMBL2093019,CHEMBL220,5.03,2002.0,5.03,C#CCN[C@H]1CCc2ccc(OC(=O)N(C)CCCC)cc21.Cl,train
CHEMBL209392,CHEMBL220,7.13,2006.0,7.13,N#Cc1ccccc1-c1ccc(CN2CCN(C(c3ccc(F)cc3)c3ccc(F)cc3)CC2)cc1,train
CHEMBL209493,CHEMBL220,5.522878745280337,2006.0,5.522878745280337,CCCC(CC1(C(=O)Nc2nnc(C)s2)CCCC1)C(=O)O,train
CHEMBL209863,CHEMBL220,5.49,2006.0,5.49,Cc1nc2ccccn2c(=O)c1CCN1CCN(C(c2ccc(F)cc2)c2ccc(F)cc2)CC1,train
CHEMBL209924,CHEMBL220,5.99,2006.0,5.99,COc1cc(Br)c(CN2CCN(C(c3ccc(F)cc3)c3ccc(F)cc3)CC2)cc1OC,val
CHEMBL21,CHEMBL220,3.8379137597591453,2019.0,3.8379137597591453,Nc1ccc(S(N)(=O)=O)cc1,val
CHEMBL210453,CHEMBL220,8.19,2006.0,8.19,C/C=C1\C2C=C(C)C[C@]1(C(=O)OC)CC(NCCCCCCCNc1c3c(nc4ccccc14)CCCC3)C2,test
CHEMBL2107723,CHEMBL220,5.52,2024.0,5.52,COc1cc(O)c(C(=O)Nc2nc(C(=O)NCCN(C(C)C)C(C)C)cs2)cc1OC,train
CHEMBL2113367,CHEMBL220,9.54,2005.0,9.54,CC1=C[C@@H]2Cc3nc4cc(Cl)ccc4c(NCCCN(C)CCCCNc4c5c(nc6cc(Cl)ccc46)CCCC5)c3[C@H](C1)C2.Cl.Cl.Cl,train
CHEMBL2113368,CHEMBL220,9.49,2005.0,9.49,CC1=C[C@@H]2Cc3nc4cc(Cl)ccc4c(NCCCN(C)CCCCNc4c5c(nc6ccccc46)CCCC5)c3[C@H](C1)C2.Cl.Cl.Cl,train
CHEMBL2113719,CHEMBL220,5.01,2001.0,5.01,O=C(CCCCCCC(=O)NCCCCCCN1CC[C@H]2COc3ccccc3[C@H]21)NCCCCCCN1CC[C@H]2COc3ccccc3[C@H]21,train
CHEMBL211383,CHEMBL220,5.522878745280337,2006.0,5.522878745280337,CCC[C@@H](CC1(C(=O)NC2(CO)Cc3ccccc3C2)CCCC1)C(=O)O,val
CHEMBL211450,CHEMBL220,5.301029995663981,2006.0,5.301029995663981,CCC[C@@H](CC1(C(=O)Nc2nnc(C)s2)CCCC1)C(=O)O,train
CHEMBL211471,CHEMBL220,7.38,2006.0,7.38,CN(C)C(=O)Oc1cccc([N+](C)(C)C)c1.COS(=O)(=O)[O-],val
CHEMBL211500,CHEMBL220,5.522878745280337,2006.0,5.522878745280337,CCC[C@@H](CC1(C(=O)Nc2nnc(CC)s2)CCCC1)C(=O)O,train
CHEMBL211520,CHEMBL220,6.9,2006.0,6.9,Fc1ccc(C(c2ccc(F)cc2)N2CCN(CCN3CCCCC3)CC2)cc1,train
CHEMBL211529,CHEMBL220,5.522878745280337,2006.0,5.522878745280337,CCCC(CC1(C(=O)N[C@@H]2CCCC[C@@H]2CCC)CCCC1)C(=O)O,test
CHEMBL211596,CHEMBL220,5.522878745280337,2006.0,5.522878745280337,CCCC(CC1(C(=O)Nc2ccccn2)CCCC1)C(=O)O,test
CHEMBL211652,CHEMBL220,5.522878745280337,2006.0,5.522878745280337,CCCCc1ccnc(NC(=O)C2(CC(CCC)C(=O)O)CCCC2)c1,test
CHEMBL211897,CHEMBL220,5.522878745280337,2006.0,5.522878745280337,CCCNc1ccnc(NC(=O)C2(CC(CCC)C(=O)O)CCCC2)n1,test
CHEMBL211943,CHEMBL220,5.522878745280337,2006.0,5.522878745280337,CCCC(CC1(C(=O)Nc2ccc(OC)nn2)CCCC1)C(=O)O,train
CHEMBL212001,CHEMBL220,5.522878745280337,2006.0,5.522878745280337,CCc1nnc(NC(=O)C2(CCC(=O)O)CCCC2)s1,train
CHEMBL212065,CHEMBL220,5.522878745280337,2006.0,5.522878745280337,CCCC(CC1(C(=O)NC2(CO)CCCC2)CCCC1)C(=O)O,train
CHEMBL212105,CHEMBL220,5.522878745280337,2006.0,5.522878745280337,CCCC(CC1(C(=O)NC2CCCC(C(=O)N(C)C)C2)CCCC1)C(=O)O,test
CHEMBL212111,CHEMBL220,5.97,2006.0,5.97,CC1=C(CCN2CCN(C(c3ccc(F)cc3)c3ccc(F)cc3)CC2)C(=O)C2CCCCC2=N1,train
CHEMBL212162,CHEMBL220,5.87,2006.0,5.87,Cc1cc2c(cc1CN1CCN(C(c3ccc(F)cc3)c3ccc(F)cc3)CC1)OCO2,train
CHEMBL212220,CHEMBL220,5.522878745280337,2006.0,5.522878745280337,CCCCC(CC1(C(=O)Nc2nnc(CC)s2)CCCC1)C(=O)O,train
CHEMBL212374,CHEMBL220,5.522878745280337,2006.0,5.522878745280337,CCCC(CC1(c2nnc(-c3ccc(=O)n(Cc4ccccc4)c3)o2)CCCC1)C(=O)O,train
CHEMBL212377,CHEMBL220,5.522878745280337,2006.0,5.522878745280337,CCCC(CC1(C(=O)Nc2nnc(CC3CC3)s2)CCCC1)C(=O)O,test
CHEMBL212526,CHEMBL220,5.522878745280337,2006.0,5.522878745280337,CCC[C@H](CC1(C(=O)NC2(CO)Cc3ccccc3C2)CCCC1)C(=O)O,val
CHEMBL212572,CHEMBL220,5.522878745280337,2006.0,5.522878745280337,CCCC(CC1(C(=O)Nc2nnc(CC)s2)CCCC1)C(=O)O,train
CHEMBL212771,CHEMBL220,5.522878745280337,2006.0,5.522878745280337,CCCC(CC1(C(=O)Nc2cc(Cc3ccccc3)ccn2)CCCC1)C(=O)O,train
CHEMBL213240,CHEMBL220,5.522878745280337,2006.0,5.522878745280337,CCCC(CC1(C(=O)N[C@H]2CC[C@@H](C(=O)N(C)C)CC2)CCCC1)C(=O)O,test
CHEMBL213281,CHEMBL220,5.522878745280337,2006.0,5.522878745280337,CCc1nnc(NC(=O)C2(CC(CCC(C)C)C(=O)O)CCCC2)s1,train
CHEMBL213404,CHEMBL220,5.522878745280337,2006.0,5.522878745280337,CCCC(CC1(C(=O)N[C@@H]2CCCC[C@@H]2Cc2ccccc2)CCCC1)C(=O)O,train
CHEMBL213861,CHEMBL220,5.522878745280337,2006.0,5.522878745280337,CCCC(CC1(C(=O)N[C@@H]2CC[C@H](C(N)=O)C2)CCCC1)C(=O)O,train
CHEMBL213944,CHEMBL220,5.522878745280337,2006.0,5.522878745280337,CCCC(CC1(C(=O)Nc2ccc(=O)n(Cc3ccccc3)c2)CCCC1)C(=O)O,train
CHEMBL213964,CHEMBL220,5.522878745280337,2006.0,5.522878745280337,CCCC(CC1(C(=O)Nc2nnc(CC(C)C)s2)CCCC1)C(=O)O,train
CHEMBL214160,CHEMBL220,5.522878745280337,2006.0,5.522878745280337,CCCC(CC1(C(=O)Nc2nncs2)CCCC1)C(=O)O,train
CHEMBL2147460,CHEMBL220,8.29,2012.0,8.29,CN(C)c1ccccc1CNCCCCCCCNc1c2c(nc3ccccc13)CCCC2,test
CHEMBL2147461,CHEMBL220,8.39,2012.0,8.39,CN(C)c1ccccc1CNCCCCCCCCNc1c2c(nc3ccccc13)CCCC2,train
CHEMBL2147462,CHEMBL220,8.45,2012.0,8.45,CN(C)c1ccccc1CNCCCCCCCCCNc1c2c(nc3ccccc13)CCCC2,train
CHEMBL2152545,CHEMBL220,5.42,2019.0,5.42,CCCCCCCNC(=O)Oc1ccc2c(c1)CN1CCc3ccccc3C1N2C,test
CHEMBL2158019,CHEMBL220,5.84,2012.0,5.84,O=C(NCCc1c[nH]c2ccccc12)c1ccc(OCCCCn2c3ccccc3c3ccccc32)cc1,train
CHEMBL2158994,CHEMBL220,5.33,2014.0,5.33,CN(C)CCOc1ccc(C(=O)/C=C/c2ccccc2)cc1,train
CHEMBL2159651,CHEMBL220,5.0,2012.0,5.0,O=C(NCCc1c[nH]c2ccccc12)c1ccc(OCCCCn2ccc3ccccc32)cc1,train
CHEMBL2159652,CHEMBL220,5.0,2012.0,5.0,O=C(NCCc1c[nH]c2ccccc12)c1ccc(OCCCCOc2cccc3[nH]c4ccccc4c23)cc1,test
CHEMBL2159653,CHEMBL220,5.0,2012.0,5.0,O=C(NCCc1c[nH]c2ccccc12)c1ccc(OCCCCOc2cccc(C(=O)c3ccccc3)c2)cc1,train
CHEMBL2159654,CHEMBL220,5.0,2012.0,5.0,O=C(NCCc1c[nH]c2ccccc12)c1ccc(OCCCCOc2ccc(C(=O)c3ccccc3)cc2)cc1,train
CHEMBL2159655,CHEMBL220,5.0,2012.0,5.0,O=C(NCCc1c[nH]c2ccccc12)c1ccc(OCCCCOc2ccc3c(c2)C(=O)c2ccccc2-3)cc1,train
CHEMBL2159656,CHEMBL220,6.7,2012.0,6.7,CN(C)c1cc[n+](CCCCOc2ccc(C(=O)NCCc3c[nH]c4ccccc34)cc2)cc1.[Br-],train
CHEMBL2159657,CHEMBL220,6.91,2012.0,6.91,O=C(NCCc1c[nH]c2ccccc12)c1ccc(OCCCC[n+]2cccc3ccccc32)cc1.[Br-],train
CHEMBL2159658,CHEMBL220,7.28,2012.0,7.28,CC(=O)c1ccccc1NC(=O)c1ccc(OCCCC[n+]2cccc3ccccc32)cc1.[Br-],val
CHEMBL2159659,CHEMBL220,7.34,2012.0,7.34,CC(=O)c1ccccc1NC(=O)c1ccc(OCCCC[n+]2ccc3ccccc3c2)cc1.[Br-],test
CHEMBL2159660,CHEMBL220,7.35,2012.0,7.35,CC(=O)c1ccccc1NC(=O)c1ccc(OCCCCC[n+]2ccc3ccccc3c2)cc1.[Br-],train
CHEMBL2159661,CHEMBL220,8.03,2012.0,8.03,CC(=O)c1ccccc1NC(=O)c1ccc(OCCCCCC[n+]2ccc3ccccc3c2)cc1.[Br-],train
CHEMBL2159662,CHEMBL220,8.19,2012.0,8.19,CC(=O)c1ccccc1NC(=O)c1ccc(OCCCCC[n+]2cccc3ccccc32)cc1.[Br-],test
CHEMBL2159663,CHEMBL220,7.09,2012.0,7.09,CC(=O)c1ccccc1NC(=O)c1ccc(OCCCCC[n+]2ccccc2)cc1.[Br-],val
CHEMBL2159664,CHEMBL220,7.33,2012.0,7.33,CC(=O)c1ccccc1NC(=O)c1ccc(OCCCCCC[n+]2ccccc2)cc1.[Br-],train
CHEMBL2160213,CHEMBL220,3.6675615400843946,2012.0,3.6675615400843946,CN(CCCCCOc1ccc(-c2cc3ccccc3o2)cc1)Cc1ccccc1,train
CHEMBL2160217,CHEMBL220,3.9956786262173574,2012.0,3.9956786262173574,CN(CCCCCCCOc1ccc(-c2oc3ccccc3c2C(=O)c2cccc3ccccc23)cc1)Cc1ccccc1,train
CHEMBL2160220,CHEMBL220,4.17,2012.0,4.17,CN(CCCCCCCOc1ccc(-c2oc3ccccc3c2C(=O)c2c3ccccc3cc3ccccc23)cc1)Cc1ccccc1,val
CHEMBL2160221,CHEMBL220,4.28,2012.0,4.28,CCN(CC)Cc1cccc(C(=O)c2c(-c3ccc(OCCCCCCCN(C)Cc4ccccc4)cc3)oc3ccccc23)c1,train
CHEMBL2160222,CHEMBL220,4.0,2012.0,4.0,CCN(CC)Cc1ccc(C(=O)c2c(-c3ccc(OCCCCCCCN(C)Cc4ccccc4)cc3)oc3ccccc23)cc1,train
CHEMBL2160223,CHEMBL220,4.43,2012.0,4.43,CCN(CC)CCOc1cccc(C(=O)c2c(-c3ccc(OCCCCCCCN(C)Cc4ccccc4)cc3)oc3ccccc23)c1,train
CHEMBL2160224,CHEMBL220,4.11,2012.0,4.11,CCN(CC)CCOc1ccc(C(=O)c2c(-c3ccc(OCCCCCCCN(C)Cc4ccccc4)cc3)oc3ccccc23)cc1,train
CHEMBL2160225,CHEMBL220,4.41,2012.0,4.41,CN(CCCCCCCOc1ccc(-c2oc3ccccc3c2C(=O)c2ccc(OCCN3CCOCC3)cc2)cc1)Cc1ccccc1,train
CHEMBL2160226,CHEMBL220,6.47,2012.0,6.47,CNC(=O)Oc1cccc(CN(C)CCCCCCCOc2ccc(-c3oc4ccccc4c3C(=O)c3ccc(C)cc3)cc2)c1,train
CHEMBL2160227,CHEMBL220,6.62,2012.0,6.62,CN(CCCCCCCOc1cccc(-c2oc3ccccc3c2C(=O)c2ccccc2)c1)Cc1ccccc1,train
CHEMBL2160228,CHEMBL220,3.9913998282380825,2012.0,3.9913998282380825,Cc1cccc(C(=O)c2c(-c3cccc(OCCCCCCCN(C)Cc4ccccc4)c3)oc3ccccc23)c1,train
CHEMBL216159,CHEMBL220,8.28,2006.0,8.28,COc1cc(C(=O)NCCCCCCCC(=O)NNc2c3c(nc4ccccc24)CCCC3)cc(OC)c1OC,train
CHEMBL2163795,CHEMBL220,5.77,2012.0,5.77,COc1cc2c(cc1OC)-c1cc3ccc(OC)c(OC)c3c[n+]1CC2.O.[Cl-],train
CHEMBL2164776,CHEMBL220,3.1487416512809245,2012.0,3.1487416512809245,CC(C)NCC(O)c1cc(OC(=O)N(C)C)cc(OC(=O)N(C)C)c1.Cl,val
CHEMBL2164777,CHEMBL220,2.853871964321762,2012.0,2.853871964321762,CC(C)NCC(O)c1ccc(OC(=O)N(C)C)c(OC(=O)N(C)C)c1.Cl,val
CHEMBL2164778,CHEMBL220,3.408935392973501,2012.0,3.408935392973501,CC(C)NC[C@H](O)c1cc(OC(=O)N(C)C)cc(OC(=O)N(C)C)c1.Cl,val
CHEMBL2164779,CHEMBL220,2.9208187539523753,2012.0,2.9208187539523753,CC(C)NC[C@H](O)c1ccc(OC(=O)N(C)C)c(OC(=O)N(C)C)c1.Cl,val
CHEMBL2171309,CHEMBL220,7.93,2014.0,7.93,COc1cc(/C=C/C(=O)NCCCCCCNc2c3c(nc4ccccc24)CCCC3)ccc1O,train
CHEMBL2178782,CHEMBL220,5.95,2023.0,5.95,COc1ccc2c3c1O[C@H]1C[C@@H](O)C=C[C@@]31CCN(CCCCNC13CC4CC(C)(CC(C)(C4)C1)C3)C2,test
CHEMBL2179375,CHEMBL220,5.52,2015.0,5.52,CO[P@]1(=O)CC[C@@H]2COC(=O)C2=C(C)O1,train
CHEMBL2181429,CHEMBL220,3.9746941347352296,2012.0,3.9746941347352296,CS(=O)(=O)[O-].CS(=O)(=O)[O-].NC(=O)c1cc[n+](COC[n+]2ccc(/C=N/O)cc2/C=N/O)cc1,train
CHEMBL2181430,CHEMBL220,3.8068754016455384,2012.0,3.8068754016455384,COc1cc2c(cc1OC)C(c1ccccc1)N(CCCc1ccc(O)c(/C=N/O)n1)CC2,train
CHEMBL2181431,CHEMBL220,4.35,2012.0,4.35,COc1cc2c(cc1OC)C(c1ccccc1)N(CCCCc1ccc(O)c(/C=N/O)n1)CC2,test
CHEMBL2181432,CHEMBL220,4.585,2012.0,4.585,COc1cc2c(cc1OC)C(c1ccccc1)N(CCCCCc1ccc(O)c(/C=N/O)n1)CC2,train
CHEMBL2181433,CHEMBL220,4.63,2012.0,4.63,COc1cc2c(cc1OC)C(c1ccccc1)N(CCCCCCc1ccc(O)c(/C=N/O)n1)CC2,train
CHEMBL2181434,CHEMBL220,5.4,2012.0,5.4,COc1cc2c(cc1OC)C(c1ccccc1)N(CCOCCCc1ccc(O)c(/C=N/O)n1)CC2,test
CHEMBL2181435,CHEMBL220,3.6989700043360187,2012.0,3.6989700043360187,COc1cc2c(cc1OC)C(c1ccccc1)N(CCCc1ccnc(/C=N/O)c1O)CC2,val
CHEMBL2181436,CHEMBL220,3.9329659778248622,2012.0,3.9329659778248622,COc1cc2c(cc1OC)C(c1ccccc1)N(CCCCc1ccnc(/C=N/O)c1O)CC2,train
CHEMBL2181437,CHEMBL220,4.03346077825829,2012.0,4.03346077825829,COc1cc2c(cc1OC)C(c1ccccc1)N(CCCCCc1ccnc(/C=N/O)c1O)CC2,train
CHEMBL2181438,CHEMBL220,4.1,2012.0,4.1,COc1cc2c(cc1OC)C(c1ccccc1)N(CCCCCCc1cc(C)nc(/C=N/O)c1O)CC2,train
CHEMBL2181439,CHEMBL220,4.11,2012.0,4.11,COc1cc2c(cc1OC)C(c1ccccc1)N(CCCCc1cnc(/C=N/O)c(O)c1)CC2,val
CHEMBL2181440,CHEMBL220,3.3010299956639813,2012.0,3.3010299956639813,COc1cc2c(cc1OC)C(c1ccccc1)N(CCCCCc1cnc(/C=N/O)c(O)c1)CC2,val
CHEMBL218443,CHEMBL220,7.13,2007.0,7.13,CCN(CCCCCCNC1=CC(=O)C(NCCCCCCN(CC)Cc2ccccc2)=CC1=O)Cc1ccccc1,train
CHEMBL218939,CHEMBL220,6.91,2006.0,6.91,CCOC(=O)C1=C(C)Nc2nc3c(c(N)c2C1c1ccccc1)CCCC3,train
CHEMBL218940,CHEMBL220,7.24,2006.0,7.24,CCOC(=O)C1=C(C)Nc2nc3c(c(N)c2C1c1cccc(OC)c1)CCCC3,train
CHEMBL219063,CHEMBL220,6.62,2006.0,6.62,COc1cc(C(=O)NCCCC(=O)NNc2c3c(nc4ccccc24)CCCC3)cc(OC)c1OC,test
CHEMBL219172,CHEMBL220,6.71,2006.0,6.71,CCOC(=O)C1=C(C)Nc2nc3c(c(N)c2C1c1ccc(F)cc1)CCCC3,train
CHEMBL219262,CHEMBL220,6.41,2006.0,6.41,COc1cc(C(=O)NNc2c3c(nc4ccccc24)CCCC3)cc(OC)c1OC,train
CHEMBL219264,CHEMBL220,8.08,2006.0,8.08,COc1cc(CCC(=O)NCCCCCC(=O)NNc2c3c(nc4ccccc24)CCCC3)cc(OC)c1OC,train
CHEMBL219316,CHEMBL220,7.23,2006.0,7.23,COc1cc(CCC(=O)NCCCCC(=O)NNc2c3c(nc4ccccc24)CCCC3)cc(OC)c1OC,train
CHEMBL219400,CHEMBL220,6.47,2006.0,6.47,CCOC(=O)C1=C(C)Nc2nc3c(c(N)c2C1c1ccccc1[N+](=O)[O-])CCCC3,train
CHEMBL219405,CHEMBL220,6.51,2006.0,6.51,CCOC(=O)C1=C(C)Nc2nc3c(c(N)c2C1c1ccc([N+](=O)[O-])cc1)CCCC3,train
CHEMBL219406,CHEMBL220,6.77,2006.0,6.77,CCOC(=O)C1=C(C)Nc2nc3c(c(N)c2C1c1ccc(C)cc1)CCCC3,train
CHEMBL219550,CHEMBL220,7.77,2006.0,7.77,COc1cc(C(=O)NCCCCC(=O)NNc2c3c(nc4ccccc24)CCCC3)cc(OC)c1OC,test
CHEMBL219569,CHEMBL220,8.25,2006.0,8.25,COc1cc(C(=O)NCCCCCCC(=O)NNc2c3c(nc4ccccc24)CCCC3)cc(OC)c1OC,val
CHEMBL219911,CHEMBL220,6.44,2006.0,6.44,COc1cc(CCC(=O)NNc2c3c(nc4ccccc24)CCCC3)cc(OC)c1OC,train
CHEMBL220141,CHEMBL220,6.87,2006.0,6.87,COc1cc(CCC(=O)NCCC(=O)NNc2c3c(nc4ccccc24)CCCC3)cc(OC)c1OC,train
CHEMBL220294,CHEMBL220,6.72,2006.0,6.72,CCOC(=O)C1=C(C)Nc2nc3c(c(N)c2C1c1cccc([N+](=O)[O-])c1)CCCC3,train
CHEMBL2206891,CHEMBL220,6.52,2012.0,6.52,Nc1c2c(nc3c1C(c1ccccc1)c1ccc4ccccc4c1O3)CCCC2,train
CHEMBL2206892,CHEMBL220,6.4,2012.0,6.4,Cc1ccc(C2c3ccc4ccccc4c3Oc3nc4c(c(N)c32)CCCC4)cc1,train
CHEMBL2206893,CHEMBL220,5.11,2012.0,5.11,Nc1c2c(nc3c1C(c1ccc(O)cc1)c1ccc4ccccc4c1O3)CCCC2,train
CHEMBL2206894,CHEMBL220,5.34,2012.0,5.34,COc1ccccc1C1c2ccc3ccccc3c2Oc2nc3c(c(N)c21)CCCC3,train
CHEMBL2206895,CHEMBL220,6.48,2012.0,6.48,COc1cc(C2c3ccc4ccccc4c3Oc3nc4c(c(N)c32)CCCC4)ccc1O,train
CHEMBL2206896,CHEMBL220,6.43,2012.0,6.43,COc1ccc(C2c3ccc4ccccc4c3Oc3nc4c(c(N)c32)CCCC4)c(OC)c1,train
CHEMBL2206897,CHEMBL220,5.46,2012.0,5.46,COc1cc(C2c3ccc4ccccc4c3Oc3nc4c(c(N)c32)CCCC4)cc(OC)c1OC,train
CHEMBL2206898,CHEMBL220,5.24,2012.0,5.24,Nc1c2c(nc3c1C(c1ccc([N+](=O)[O-])cc1)c1ccc4ccccc4c1O3)CCCC2,train
CHEMBL2206899,CHEMBL220,5.4,2012.0,5.4,Nc1c2c(nc3c1C(c1c(Cl)cccc1Cl)c1ccc4ccccc4c1O3)CCCC2,train
CHEMBL2206900,CHEMBL220,5.29,2012.0,5.29,Nc1c2c(nc3c1C(c1ccc(Cl)c(Cl)c1)c1ccc4ccccc4c1O3)CCCC2,train
CHEMBL220849,CHEMBL220,5.0,2006.0,5.0,Cc1nccc2c3cc(O)ccc3n(C)c12,train
CHEMBL220905,CHEMBL220,5.38,2006.0,5.38,C[n+]1ccc2c(c1)[nH]c1ccc(O)cc12,train
CHEMBL220959,CHEMBL220,5.0,2006.0,5.0,COc1ccc2c(c1)c1cc[n+](C)c(C)c1n2C,train
CHEMBL221362,CHEMBL220,4.0,2007.0,4.0,COc1cc(NCN2C(=O)C(=O)c3ccccc32)cc(OC)c1OC,train
CHEMBL221512,CHEMBL220,4.0,2007.0,4.0,CCCCCCCCCCCCCCCCN1C(=O)C(=O)c2ccccc21,train
CHEMBL221669,CHEMBL220,4.0,2007.0,4.0,Cc1c(Cl)ccc2c1NC(=O)C2=O,train
CHEMBL221753,CHEMBL220,5.65,,5.65,CC(C)(C)CC(C)(C)c1ccc(OCCOCC[N+](C)(C)Cc2ccccc2)cc1.[Cl-],train
CHEMBL221794,CHEMBL220,5.0,2006.0,5.0,COc1ccc2c(c1)c1ccncc1n2C,train
CHEMBL221811,CHEMBL220,5.0,2006.0,5.0,COc1ccc2[nH]c3c(c2c1)CCNC3C,train
CHEMBL221830,CHEMBL220,4.0,2007.0,4.0,Cc1cc2c(cc1Br)NC(=O)C2=O,train
CHEMBL221873,CHEMBL220,4.0,2007.0,4.0,O=C(CN1C(=O)C(=O)c2ccccc21)Nc1ccc(O)cc1,train
CHEMBL221992,CHEMBL220,8.24,2004.0,8.24,CC[N+](C)(CCCCCC(=O)N1CCC(CCCC2CCN(C(=O)CCCCC[N+](C)(CC)Cc3ccccc3OC)CC2)CC1)Cc1ccccc1OC.[I-].[I-],train
CHEMBL222037,CHEMBL220,5.97,2004.0,5.97,CCN(CCCCCCNc1ccc(Cc2ccc(NCCCCCCN(CC)Cc3ccccc3OC)cc2)cc1)Cc1ccccc1OC,val
CHEMBL222043,CHEMBL220,6.92,2004.0,6.92,CC[N+](C)(CCCCCC(=O)Nc1ccc(CCc2ccc(NC(=O)CCCCC[N+](C)(CC)Cc3ccccc3OC)cc2)cc1)Cc1ccccc1OC.[I-].[I-],train
CHEMBL222044,CHEMBL220,5.58,2004.0,5.58,CCN(CCCCCCNc1ccc(-c2ccc(NCCCCCCN(CC)Cc3ccccc3OC)cc2)cc1)Cc1ccccc1OC,val
CHEMBL222149,CHEMBL220,4.0,2007.0,4.0,CC(C)(C)c1ccc(NCN2C(=O)C(=O)c3ccccc32)cc1,train
CHEMBL222190,CHEMBL220,4.0,2007.0,4.0,O=C1Nc2c(Cl)cccc2C1=O,train
CHEMBL222292,CHEMBL220,4.0,2007.0,4.0,O=C1Nc2c(ccc(Cl)c2Cl)C1=O,train
CHEMBL222340,CHEMBL220,7.44,2004.0,7.44,CCN(CCCCCC(=O)Nc1ccc(-c2ccc(NC(=O)CCCCCN(CC)Cc3ccccc3OC)cc2)cc1)Cc1ccccc1OC.O=C(O)C(=O)O,test
CHEMBL222378,CHEMBL220,8.18,2004.0,8.18,CCN(CCCCCC(=O)N1CCC(CCCC2CCN(C(=O)CCCCCN(CC)Cc3ccccc3OC)CC2)CC1)Cc1ccccc1OC.O=C(O)C(=O)O,train
CHEMBL222644,CHEMBL220,4.0,2007.0,4.0,CCCCCCCCCCCCN1C(=O)C(=O)c2ccccc21,train
CHEMBL222660,CHEMBL220,4.0,2007.0,4.0,COc1ccc2c(c1)C(=O)C(=O)N2,train
CHEMBL222711,CHEMBL220,4.0,2007.0,4.0,O=C1C(=O)N(CNc2ccc3ccccc3c2)c2ccccc21,train
CHEMBL222712,CHEMBL220,4.0,2007.0,4.0,O=C1C(=O)N(CNc2ccc(Cl)cc2)c2ccccc21,train
CHEMBL222752,CHEMBL220,5.48,2007.0,5.48,O=C1C(=O)N(Cc2ccc(Cc3ccc(CN4C(=O)C(=O)c5ccccc54)cc3)cc2)c2ccccc21,test
CHEMBL222795,CHEMBL220,4.0,2007.0,4.0,O=C1C(=O)N(CN2CCSCC2)c2ccccc21,train
CHEMBL222818,CHEMBL220,7.2,2004.0,7.2,CCN(CCCCCC(=O)Nc1ccc(Cc2ccc(NC(=O)CCCCCN(CC)Cc3ccccc3OC)cc2)cc1)Cc1ccccc1OC.O=C(O)C(=O)O,train
CHEMBL222849,CHEMBL220,4.0,2007.0,4.0,O=C1C(=O)N(CN2CCOCC2)c2ccccc21,train
CHEMBL222851,CHEMBL220,4.0,2007.0,4.0,Cc1ccc(NCN2C(=O)C(=O)c3ccccc32)cc1,train
CHEMBL222856,CHEMBL220,6.875,2004.0,6.875,COc1ccccc1CN(C)CCCCCC(=O)N(C)CCCCCCCCN(C)C(=O)CCCCCN(C)Cc1ccccc1OC.O=C(O)C(=O)O,test
CHEMBL222875,CHEMBL220,6.77,2004.0,6.77,CCN(CCCCCC(=O)Nc1ccc(CCc2ccc(NC(=O)CCCCCN(CC)Cc3ccccc3OC)cc2)cc1)Cc1ccccc1OC.O=C(O)C(=O)O,train
CHEMBL222891,CHEMBL220,4.0,2007.0,4.0,O=C1C(=O)N(C(=O)CCl)c2ccccc21,train
CHEMBL222904,CHEMBL220,8.365,2004.0,8.365,CCN(CCCCCC(=O)N1CCC(C2CCN(C(=O)CCCCCN(CC)Cc3ccccc3OC)CC2)CC1)Cc1ccccc1OC.O=C(O)C(=O)O,train
CHEMBL222946,CHEMBL220,8.48,2004.0,8.48,CCN(CCCCCC(=O)N1CCC(CC2CCN(C(=O)CCCCCN(CC)Cc3ccccc3OC)CC2)CC1)Cc1ccccc1OC.O=C(O)C(=O)O,test
CHEMBL222988,CHEMBL220,4.0,2007.0,4.0,O=C1Nc2cc(Cl)c(Cl)cc2C1=O,train
CHEMBL222989,CHEMBL220,4.0,2007.0,4.0,O=C(O)CN1C(=O)C(=O)c2ccccc21,train
CHEMBL222999,CHEMBL220,4.0,2007.0,4.0,O=C1C(=O)N(Cl)c2ccccc21,train
CHEMBL223000,CHEMBL220,4.0,2007.0,4.0,O=C1C(=O)N(CCBr)c2ccccc21,train
CHEMBL223001,CHEMBL220,4.0,2007.0,4.0,CC(=O)N1C(=O)C(=O)c2ccccc21,train
CHEMBL223039,CHEMBL220,4.0,2007.0,4.0,O=C1Nc2c(Cl)ccc(Cl)c2C1=O,train
CHEMBL223170,CHEMBL220,9.15,2010.0,9.15,N#Cc1ccc2[nH]cc(CCC(=O)NCCCCCCNc3c4c(nc5cc(Cl)ccc35)CCCC4)c2c1,val
CHEMBL223254,CHEMBL220,4.0,2007.0,4.0,Cc1ccc(C)c2c1NC(=O)C2=O,train
CHEMBL223256,CHEMBL220,5.109999999999999,2012.0,5.109999999999999,CC(C)=CCC/C(C)=C/Cc1c(O)cc2c(c1O)C(=O)C[C@@H](c1ccc(O)c(O)c1)O2,test
CHEMBL223443,CHEMBL220,9.809999999999999,2005.0,9.809999999999999,O=C(Cc1c[nH]c2ccccc12)NCCCCCCCNc1c2c(nc3cc(Cl)ccc13)CCCC2,train
CHEMBL2234511,CHEMBL220,5.72,2012.0,5.72,CCOC(=O)C1=C(C)Oc2nc3c(c(N)c2[C@H]1c1cccc([N+](=O)[O-])c1)CCCC3,train
CHEMBL2234512,CHEMBL220,5.41,2012.0,5.41,CCOC(=O)C1=C(C)Oc2nc3c(c(N)c2[C@H]1c1ccccc1)CCC3,train
CHEMBL2234513,CHEMBL220,5.41,2012.0,5.41,CCOC(=O)C1=C(C)Oc2nc3c(c(N)c2[C@H]1c1cccnc1OC)CCCC3,train
CHEMBL2234514,CHEMBL220,5.73,2012.0,5.73,CCOC(=O)C1=C(C)Oc2nc3c(c(N)c2[C@H]1c1cccnc1Br)CCCC3,train
CHEMBL2234515,CHEMBL220,5.67,2012.0,5.67,CCOC(=O)C1=C(C)Oc2nc3c(c(N)c2[C@H]1c1cccnc1Cl)CCCC3,train
CHEMBL2234516,CHEMBL220,4.31,2012.0,4.31,CC1(C)CC(=O)C2=C(C1)Oc1nc3c(c(N)c1[C@H]2c1ccccc1)CCCC3,train
CHEMBL2234517,CHEMBL220,4.16,2012.0,4.16,CC1(C)CC(=O)C2=C(C1)Oc1nc3c(c(N)c1[C@H]2c1ccc(F)cc1)CCCC3,train
CHEMBL2234518,CHEMBL220,4.75,2012.0,4.75,CC1(C)CC(=O)C2=C(C1)Oc1nc3c(c(N)c1[C@H]2c1ccccc1C(F)(F)F)CCCC3,train
CHEMBL2234519,CHEMBL220,4.92,2012.0,4.92,CC1(C)CC(=O)C2=C(C1)Oc1nc3c(c(N)c1[C@H]2c1cccc([N+](=O)[O-])c1)CCCC3,train
CHEMBL2234520,CHEMBL220,4.03,2012.0,4.03,CC1(C)CC(=O)C2=C(C1)Oc1nc3c(c(N)c1[C@H]2c1ccc([N+](=O)[O-])cc1)CCCC3,train
CHEMBL2234521,CHEMBL220,4.29,2012.0,4.29,Cc1ccc([C@H]2C3=C(CC(C)(C)CC3=O)Oc3nc4c(c(N)c32)CCCC4)cc1,train
CHEMBL2234522,CHEMBL220,5.15,2012.0,5.15,COc1ccccc1[C@H]1C2=C(CC(C)(C)CC2=O)Oc2nc3c(c(N)c21)CCCC3,train
CHEMBL2234523,CHEMBL220,4.67,2012.0,4.67,COc1cccc([C@H]2C3=C(CC(C)(C)CC3=O)Oc3nc4c(c(N)c32)CCCC4)c1,train
CHEMBL2234524,CHEMBL220,4.39,2012.0,4.39,COc1ccc([C@H]2C3=C(CC(C)(C)CC3=O)Oc3nc4c(c(N)c32)CCCC4)cc1,train
CHEMBL2234525,CHEMBL220,7.1,2012.0,7.1,CCOC(=O)C1=C(C)Nc2nc3c(c(N)c2[C@H]1c1ccccc1)CCCC3,train
CHEMBL2234526,CHEMBL220,7.28,2012.0,7.28,CCOC(=O)C1=C(C)Nc2nc3c(c(N)c2[C@H]1c1ccc(F)cc1)CCCC3,train
CHEMBL2234527,CHEMBL220,6.52,2012.0,6.52,CCOC(=O)C1=C(C)Nc2nc3c(c(N)c2[C@H]1c1ccccc1[N+](=O)[O-])CCCC3,train
CHEMBL2234528,CHEMBL220,6.96,2012.0,6.96,CCOC(=O)C1=C(C)Nc2nc3c(c(N)c2[C@H]1c1cccc([N+](=O)[O-])c1)CCCC3,train
CHEMBL2234529,CHEMBL220,6.22,2012.0,6.22,CCOC(=O)C1=C(C)Nc2nc3c(c(N)c2[C@H]1c1ccc([N+](=O)[O-])cc1)CCCC3,train
CHEMBL2234530,CHEMBL220,7.04,2012.0,7.04,CCOC(=O)C1=C(C)Nc2nc3c(c(N)c2[C@H]1c1ccc(C)cc1)CCCC3,train
CHEMBL2234531,CHEMBL220,6.8,2012.0,6.8,CCOC(=O)C1=C(C)Nc2nc3c(c(N)c2[C@@H]1c1ccccc1OC)CCCC3,train
CHEMBL2234532,CHEMBL220,7.21,2012.0,7.21,CCOC(=O)C1=C(C)Nc2nc3c(c(N)c2[C@H]1c1cccc(OC)c1)CCCC3,train
CHEMBL2234533,CHEMBL220,6.49,2012.0,6.49,CC1(C)CC(=O)C2=C(C1)Nc1nc3c(c(N)c1[C@H]2c1ccccc1)CCCC3,train
CHEMBL2234534,CHEMBL220,6.27,2012.0,6.27,CC1(C)CC(=O)C2=C(C1)Nc1nc3c(c(N)c1[C@H]2c1ccc(F)cc1)CCCC3,train
CHEMBL2234535,CHEMBL220,6.64,2012.0,6.64,Cc1ccc([C@H]2C3=C(CC(C)(C)CC3=O)Nc3nc4c(c(N)c32)CCCC4)cc1,train
CHEMBL2234536,CHEMBL220,6.66,2012.0,6.66,COc1ccc([C@H]2C3=C(CC(C)(C)CC3=O)Nc3nc4c(c(N)c32)CCCC4)cc1,train
CHEMBL2234537,CHEMBL220,6.22,2012.0,6.22,CC1(C)CC(=O)C2=C(C1)Nc1nc3c(c(N)c1[C@H]2c1ccncc1)CCCC3,test
CHEMBL2234538,CHEMBL220,4.89,2012.0,4.89,CCOC(=O)c1c(C)nc2nc3c(c(N)c2c1-c1ccc(C)cc1)CCCCC3,train
CHEMBL2234539,CHEMBL220,4.66,2012.0,4.66,CCOC(=O)c1c(C)nc2nc3c(c(N)c2c1-c1ccccc1OC)CCCCC3,train
CHEMBL2234540,CHEMBL220,4.72,2012.0,4.72,CCOC(=O)c1c(C)nc2nc3c(c(N)c2c1-c1ccc(Cl)cc1)CCCCC3,train
CHEMBL2234541,CHEMBL220,4.85,2012.0,4.85,CCOC(=O)c1c(C)nc2nc3c(c(N)c2c1-c1cccc([N+](=O)[O-])c1)CCCCC3,train
CHEMBL2234542,CHEMBL220,4.77,2012.0,4.77,CCOC(=O)c1c(C)nc2nc3c(c(N)c2c1-c1ccccc1)CCCCCC3,val
CHEMBL2234543,CHEMBL220,4.77,2012.0,4.77,CCOC(=O)c1c(C)nc2nc3c(c(N)c2c1-c1ccc(OC)cc1)CCCCCC3,val
CHEMBL2234544,CHEMBL220,5.18,2012.0,5.18,CCOC(=O)C1=C(C)Oc2nc3c(c(N)c2[C@H]1c1ccncc1)CCC3,train
CHEMBL2234545,CHEMBL220,4.56,2012.0,4.56,CCOC(=O)C1=C(C)Oc2nc3c(c(N)c2[C@H]1c1cccs1)CCC3,train
CHEMBL2234546,CHEMBL220,6.06,2012.0,6.06,CCOC(=O)C1=C(C)Oc2nc3c(c(N)c2[C@H]1c1ccc(OC)cc1)CCCC3,train
CHEMBL2234547,CHEMBL220,5.52,2012.0,5.52,CCOC(=O)C1=C(C)Oc2nc3c(c(N)c2[C@H]1c1ccncc1)CCCC3,train
CHEMBL2234829,CHEMBL220,5.15,2012.0,5.15,CCOC(=O)C1=C(C)Oc2nc3c(c(N)c2[C@H]1c1cccnc1)CCCC3,train
CHEMBL2234830,CHEMBL220,4.61,2012.0,4.61,CCOC(=O)C1=C(C)Oc2nc3c(c(N)c2[C@H]1c1cccs1)CCCC3,train
CHEMBL2234831,CHEMBL220,5.77,2012.0,5.77,CCOC(=O)C1=C(C)Oc2nc3c(c(N)c2[C@H]1c1ccco1)CCCC3,test
CHEMBL2234832,CHEMBL220,5.07,2012.0,5.07,CCOC(=O)C1=C(C)Oc2nc3c(c(N)c2[C@H]1c1ccncc1)CCCCC3,train
CHEMBL2234833,CHEMBL220,4.49,2012.0,4.49,CCOC(=O)C1=C(C)Oc2nc3c(c(N)c2[C@H]1c1cccnc1)CCCCC3,train
CHEMBL2234834,CHEMBL220,4.84,2012.0,4.84,CCOC(=O)C1=C(C)Oc2nc3c(c(N)c2[C@H]1c1cccs1)CCCCC3,train
CHEMBL2234835,CHEMBL220,4.62,2012.0,4.62,CCOC(=O)C1=C(C)Oc2nc3c(c(N)c2[C@H]1c1cccc(OC)c1)CCC3,train
CHEMBL2234836,CHEMBL220,4.57,2012.0,4.57,CCOC(=O)C1=C(C)Oc2nc3c(c(N)c2[C@H]1c1ccc(OC)c(OC)c1)CCC3,train
CHEMBL2234837,CHEMBL220,5.11,2012.0,5.11,CCOC(=O)C1=C(C)Oc2nc3c(c(N)c2[C@H]1c1cccc(OC)c1)CCCC3,train
CHEMBL2234838,CHEMBL220,5.34,2012.0,5.34,CCOC(=O)C1=C(C)Oc2nc3c(c(N)c2[C@H]1c1ccc(OC)c(OC)c1)CCCC3,train
CHEMBL2234839,CHEMBL220,4.89,2012.0,4.89,CCOC(=O)C1=C(C)Oc2nc3c(c(N)c2[C@H]1c1cccc(OC)c1)CCCCC3,test
CHEMBL2234840,CHEMBL220,4.68,2012.0,4.68,CCOC(=O)C1=C(C)Oc2nc3c(c(N)c2[C@H]1c1ccccc1OC)CCCCC3,test
CHEMBL2234841,CHEMBL220,4.48,2012.0,4.48,CCOC(=O)C1=C(C)Oc2nc3c(c(N)c2[C@H]1c1ccc(OC)c(OC)c1)CCCCC3,test
CHEMBL2234842,CHEMBL220,5.81,2012.0,5.81,CCOC(=O)C1=C(C)Oc2nc3c(c(N)c2[C@H]1c1ccccc1)CCCC3,train
CHEMBL2234843,CHEMBL220,5.74,2012.0,5.74,CCOC(=O)C1=C(C)Oc2nc3c(c(N)c2[C@H]1c1ccc(C)cc1)CCCC3,train
CHEMBL2234844,CHEMBL220,5.71,2012.0,5.71,CCOC(=O)C1=C(C)Oc2nc3c(c(N)c2[C@H]1c1ccc(Cl)cc1)CCCC3,train
CHEMBL2234845,CHEMBL220,5.46,2012.0,5.46,CCOC(=O)C1=C(C)Oc2nc3c(c(N)c2[C@H]1c1ccc(C#N)cc1)CCCC3,train
CHEMBL2235239,CHEMBL220,5.61,2021.0,5.61,COc1cc(O)c2c(=O)cc(-c3ccccc3)oc2c1OC,train
CHEMBL2236140,CHEMBL220,6.7,2020.0,6.7,Cc1ccc2cc(C3CC(c4sccc4Cl)=NN3)c(Cl)nc2c1,train
CHEMBL2236142,CHEMBL220,6.82,2020.0,6.82,Cc1ccc2cc(C3CC(c4cc(Cl)sc4Cl)=NN3)c(Cl)nc2c1,test
CHEMBL2236393,CHEMBL220,9.49,2011.0,9.49,CNCOc1cccc(CN(C)CCCCCCCOc2ccc3c(=O)c4ccccc4oc3c2)c1,test
CHEMBL2236394,CHEMBL220,9.09,2011.0,9.09,CCN(CCCCCOc1ccc2c(=O)c3ccccc3oc2c1)Cc1cccc(OC(=O)NC)c1,train
CHEMBL223652,CHEMBL220,2.9788107009300617,2007.0,2.9788107009300617,CN(CCCCCCCOc1ccc2c(=O)c3ccccc3oc2c1)Cc1ccc(Cl)cc1,test
CHEMBL223714,CHEMBL220,7.34,2010.0,7.34,O=C(NCCCCCCCCNc1c2c(nc3cc(Cl)ccc13)CCCC2)c1c[nH]c2ccccc12,train
CHEMBL2237641,CHEMBL220,7.42,2020.0,7.42,COc1ccc(C2CC(c3ccc(F)cc3)=NN2c2ccc(S(N)(=O)=O)cc2)c(OC)c1,train
CHEMBL2237643,CHEMBL220,7.42,2020.0,7.42,COc1ccc(C2CC(c3ccc(F)cc3)=NN2c2ccc(S(N)(=O)=O)cc2)cc1OC,train
CHEMBL2237646,CHEMBL220,7.42,2020.0,7.42,COc1ccc(C2CC(c3ccc(Cl)cc3)=NN2c2ccc(S(N)(=O)=O)cc2)c(OC)c1,train
CHEMBL2237648,CHEMBL220,7.42,2020.0,7.42,COc1ccc(C2CC(c3ccc(Cl)cc3)=NN2c2ccc(S(N)(=O)=O)cc2)cc1OC,train
CHEMBL223785,CHEMBL220,4.0,2007.0,4.0,COc1cccc2c1NC(=O)C2=O,train
CHEMBL2237991,CHEMBL220,5.15,2012.0,5.15,Nc1cc(-c2ccccc2)nc2nc(-c3ccccc3)cc(C(F)(F)F)c12,test
CHEMBL2237992,CHEMBL220,5.15,2012.0,5.15,Nc1cc(-c2cccc(F)c2)nc2nc(-c3ccccc3)cc(C(F)(F)F)c12,test
CHEMBL2237993,CHEMBL220,5.18,2012.0,5.18,Nc1cc(-c2ccc(F)cc2)nc2nc(-c3ccccc3)cc(C(F)(F)F)c12,test
CHEMBL2237994,CHEMBL220,6.28,2012.0,6.28,Nc1cc(-c2ccc(Cl)cc2)nc2nc(-c3ccccc3)cc(C(F)(F)F)c12,test
CHEMBL2237995,CHEMBL220,6.05,2012.0,6.05,Nc1cc(-c2ccccc2Br)nc2nc(-c3ccccc3)cc(C(F)(F)F)c12,test
CHEMBL2237996,CHEMBL220,5.08,2012.0,5.08,COc1ccc(-c2cc(N)c3c(C(F)(F)F)cc(-c4ccccc4)nc3n2)cc1,test
CHEMBL2237997,CHEMBL220,4.99,2012.0,4.99,Nc1cc(-c2cccs2)nc2nc(-c3ccccc3)cc(C(F)(F)F)c12,train
CHEMBL2237998,CHEMBL220,4.72,2012.0,4.72,CC(C)Cc1cc(N)c2c(C(F)(F)F)cc(-c3ccccc3)nc2n1,train
CHEMBL2237999,CHEMBL220,5.09,2012.0,5.09,Nc1c2c(nc3nc(-c4ccccc4)cc(C(F)(F)F)c13)CCC2,train
CHEMBL2238000,CHEMBL220,6.46,2012.0,6.46,Nc1c2c(nc3nc(-c4ccccc4)cc(C(F)(F)F)c13)CCCC2,train
CHEMBL2238001,CHEMBL220,4.99,2012.0,4.99,Nc1c2c(nc3nc(-c4ccccc4)cc(C(F)(F)F)c13)CCCCC2,val
CHEMBL2238002,CHEMBL220,5.11,2012.0,5.11,Nc1c2c(nc3nc(-c4ccccc4)cc(C(F)(F)F)c13)CCCCCC2,train
CHEMBL2238003,CHEMBL220,5.03,2012.0,5.03,CC1Cc2nc3nc(-c4ccccc4)cc(C(F)(F)F)c3c(N)c2C1,train
CHEMBL2238004,CHEMBL220,5.49,2012.0,5.49,CC1CCc2c(nc3nc(-c4ccccc4)cc(C(F)(F)F)c3c2N)C1,train
CHEMBL2238005,CHEMBL220,6.29,2012.0,6.29,CC1CCc2nc3nc(-c4ccccc4)cc(C(F)(F)F)c3c(N)c2C1,train
CHEMBL2238006,CHEMBL220,4.75,2012.0,4.75,Nc1c2c(nc3nc(-c4ccccc4)cc(C(F)(F)F)c13)-c1ccccc1C2,test
CHEMBL2238007,CHEMBL220,4.64,2012.0,4.64,Nc1c2c(nc3nc(-c4ccccc4)cc(C(F)(F)F)c13)-c1ccccc1CC2,train
CHEMBL2238280,CHEMBL220,6.89,2020.0,6.89,Cc1ccc(C(=O)/C=C/c2ccc(N3CCCCC3)cc2)s1,train
CHEMBL2238282,CHEMBL220,6.8,2020.0,6.8,O=C(/C=C/c1ccc(N2CCCCC2)cc1)c1sccc1Cl,train
CHEMBL224158,CHEMBL220,7.16,2010.0,7.16,O=C(CCc1c[nH]c2ccccc12)NCCCCCNc1c2c(nc3ccccc13)CCCC2,train
CHEMBL224202,CHEMBL220,7.75,2010.0,7.75,O=C(/C=C/c1c[nH]c2ccccc12)NCCCCCCNc1c2c(nc3cc(Cl)ccc13)CCCC2,test
CHEMBL224335,CHEMBL220,8.4,2010.0,8.4,O=C(CCc1c[nH]c2ccccc12)NCCCCCNc1c2c(nc3cc(Cl)ccc13)CCCC2,train
CHEMBL224336,CHEMBL220,6.83,2010.0,6.83,CN(CCCNC(=O)CCc1c[nH]c2ccccc12)CCCNc1c2c(nc3ccccc13)CCCC2,train
CHEMBL224347,CHEMBL220,3.2034256667895704,2007.0,3.2034256667895704,CN(CCCCCCCCCCCOc1ccc2c(=O)c3ccccc3oc2c1)Cc1ccccc1,val
CHEMBL224433,CHEMBL220,5.55,2007.0,5.55,CN(CCCCCCCOc1ccc2c(=O)c3ccccc3oc2c1)Cc1ccccc1,test
CHEMBL224469,CHEMBL220,4.99,2007.0,4.99,CN(CCCCCCCCOc1ccc2c(=O)c3ccccc3oc2c1)Cc1ccccc1,train
CHEMBL224553,CHEMBL220,5.5,2007.0,5.5,CCN(CCCCCCCOc1ccc2c(=O)c3ccccc3oc2c1)Cc1ccccc1OC,test
CHEMBL224555,CHEMBL220,3.041914151478915,2007.0,3.041914151478915,CN(CCCCCCCCCCCCOc1ccc2c(=O)c3ccccc3oc2c1)Cc1ccccc1,train
CHEMBL224811,CHEMBL220,3.384049948343599,2007.0,3.384049948343599,CN(CCCCCCCOc1ccc2c(=O)c3ccccc3oc2c1)Cc1ccccc1[N+](=O)[O-],test
CHEMBL224822,CHEMBL220,4.0,2007.0,4.0,O=C1Nc2cc(Cl)ccc2C1=O,train
CHEMBL224884,CHEMBL220,4.0,2007.0,4.0,Cc1cccc2c1NC(=O)C2=O,train
CHEMBL224981,CHEMBL220,5.63,2007.0,5.63,COc1cc2oc3cc(OCCCCCCCN(C)Cc4ccccc4)ccc3c(=O)c2cc1OC,test
CHEMBL224988,CHEMBL220,4.0,2007.0,4.0,O=C1Nc2c(F)cccc2C1=O,train
CHEMBL224998,CHEMBL220,7.48,2010.0,7.48,O=C(NCCCCCCNc1c2c(nc3cc(Cl)ccc13)CCCC2)c1c[nH]c2ccccc12,test
CHEMBL225021,CHEMBL220,9.705,2005.0,9.705,O=C(CCCc1c[nH]c2ccccc12)NCCCCCNc1c2c(nc3cc(Cl)ccc13)CCCC2,train
CHEMBL225169,CHEMBL220,4.0,2007.0,4.0,C=C(C)CN1C(=O)C(=O)c2cc(Br)ccc21,train
CHEMBL225175,CHEMBL220,4.0,2007.0,4.0,O=C1C(=O)N(CO)c2ccccc21,train
CHEMBL225198,CHEMBL220,10.22,2005.0,10.22,O=C(CCc1c[nH]c2ccccc12)NCCCCCCCNc1c2c(nc3cc(Cl)ccc13)CCCC2,train
CHEMBL225326,CHEMBL220,9.43,2005.0,9.43,O=C(Cc1c[nH]c2ccc(Br)cc12)NCCCCCCCNc1c2c(nc3cc(Cl)ccc13)CCCC2,train
CHEMBL225366,CHEMBL220,5.11,2007.0,5.11,COc1ccc2c(=O)c3ccc(OCCCCCCCN(C)Cc4ccccc4)cc3oc2c1,test
CHEMBL225396,CHEMBL220,3.4436974992327127,2007.0,3.4436974992327127,COc1ccc(CN(C)CCCCCCCOc2ccc3c(=O)c4ccccc4oc3c2)cc1,test
CHEMBL225451,CHEMBL220,4.4,2007.0,4.4,COc1cccc(CN(C)CCCCCCCOc2ccc3c(=O)c4ccccc4oc3c2)c1,test
CHEMBL225453,CHEMBL220,3.3635121036466344,2007.0,3.3635121036466344,CN(CCCCCCCOc1ccc2c(=O)c3ccccc3oc2c1)Cc1ccccc1Cl,test
CHEMBL225567,CHEMBL220,10.15,2005.0,10.15,O=C(CCc1c[nH]c2ccccc12)NCCCCCCNc1c2c(nc3cc(Cl)ccc13)CCCC2,val
CHEMBL225577,CHEMBL220,7.4,2011.0,7.4,[Br-].[Br-].c1ccc2c(c1)ccc[n+]2CCCCCCCCCC[n+]1cccc2ccccc21,val
CHEMBL225610,CHEMBL220,5.57,2007.0,5.57,CN(CCCOc1ccc2c(=O)c3ccccc3oc2c1)Cc1ccccc1,train
CHEMBL225611,CHEMBL220,5.2,2007.0,5.2,CN(CCCCOc1ccc2c(=O)c3ccccc3oc2c1)Cc1ccccc1,train
CHEMBL225615,CHEMBL220,3.896196279044043,2007.0,3.896196279044043,COc1ccc(OC)c(CN(C)CCCCCCCOc2ccc3c(=O)c4ccccc4oc3c2)c1,test
CHEMBL225638,CHEMBL220,3.2479515521805613,2007.0,3.2479515521805613,Cc1ccccc1CN(C)CCCCCCCOc1ccc2c(=O)c3ccccc3oc2c1,test
CHEMBL225688,CHEMBL220,4.51,2010.0,4.51,[Br-].[Br-].c1cc[n+](CCCCCCCC[n+]2ccccc2)cc1,train
CHEMBL225689,CHEMBL220,6.4,2010.0,6.4,[Br-].[Br-].c1cc[n+](CCCCCCCCCC[n+]2ccccc2)cc1,train
CHEMBL226335,CHEMBL220,3.9457700901366026,2010.0,3.9457700901366026,C[C@@H]1O[C@@H](OC[C@H]2O[C@@H](Oc3c(-c4ccc(O)c(O)c4)oc4cc(O)cc(O)c4c3=O)[C@H](O)[C@@H](O)[C@@H]2O)[C@H](O)[C@H](O)[C@H]1O,val
CHEMBL227075,CHEMBL220,5.855,2013.0,5.855,Cc1cccc2c3c(ccc12)C1=C(C(=O)C3=O)[C@@H](C)CO1,test
CHEMBL2271411,CHEMBL220,7.52,2022.0,7.52,CC1(C)CCCC2(C)OC(=O)C=C12,train
CHEMBL229334,CHEMBL220,4.78,2007.0,4.78,CC1=C[C@H]2[C@H](O)C(=O)[C@H]3CCCN4CCC[C@H]2[C@]34C1,test
CHEMBL2297276,CHEMBL220,5.51,2013.0,5.51,COc1cc(O)c(C2CC(=O)c3c(O)cc(O)cc3O2)cc1C/C=C(\C)CCC=C(C)C,test
CHEMBL2297277,CHEMBL220,5.15,2013.0,5.15,CC(C)=CCC/C(C)=C/Cc1cc(-c2cc(=O)c3c(O)cc(O)cc3o2)c(O)cc1O,train
CHEMBL2297278,CHEMBL220,5.234999999999999,2013.0,5.234999999999999,COc1cc(O)c(-c2cc(=O)c3c(O)cc(O)cc3o2)cc1C/C=C(\C)CCC=C(C)C,train
CHEMBL2297279,CHEMBL220,7.92,2013.0,7.92,O=c1c(OC2O[C@H](CO)[C@H](O)[C@H](O)[C@H]2O)c(-c2ccc(O)cc2)oc2cc(O)cc(O)c12,train
CHEMBL2297280,CHEMBL220,7.03,2013.0,7.03,COc1cc2occ(-c3ccc(OC4CCN(Cc5ccccc5)CC4)cc3)c(=O)c2cc1OC,test
CHEMBL2297975,CHEMBL220,6.28,2013.0,6.28,CC(C)(C)c1ccc(/C(N)=N/OC(=O)c2cnn(-c3ccc([N+](=O)[O-])cc3)c2C(F)(F)F)cc1,train
CHEMBL2297976,CHEMBL220,5.63,2013.0,5.63,N/C(=N\OC(=O)c1cnn(-c2ccc([N+](=O)[O-])cc2)c1C(F)(F)F)c1ccc(Cl)cc1,train
CHEMBL2297977,CHEMBL220,6.62,2013.0,6.62,O=C(Nc1ccc(OC(F)(F)F)cc1)N1CCCN(CCc2ccccc2)CC1,train
CHEMBL2297978,CHEMBL220,7.67,2013.0,7.67,Cc1c(S(=O)(=O)c2ccc(Cl)cc2)csc1C(=O)NC1CCN(Cc2ccccc2)CC1,train
CHEMBL2297979,CHEMBL220,7.33,2013.0,7.33,O=C(CN1CCN(Cc2ccccc2)CC1)Nc1ccc(C(F)(F)F)cc1Cl,test
CHEMBL2297980,CHEMBL220,7.64,2013.0,7.64,O=C(Nc1ccc(OC(F)(F)F)cc1)OC1CN(C(c2ccccc2)c2ccccc2)C1,train
CHEMBL2297981,CHEMBL220,6.89,2013.0,6.89,CSc1cccc(/N=C2\NC(=O)C(CC(=O)Nc3ccc(F)c(F)c3)S2)c1,test
CHEMBL2297982,CHEMBL220,5.54,2013.0,5.54,O=c1c(Cl)c(N2CCN(c3ccc(C(F)(F)F)cn3)CC2)cnn1-c1c(Cl)cc(C(F)(F)F)cc1Cl,train
CHEMBL2297983,CHEMBL220,6.58,2013.0,6.58,O=[N+]([O-])c1ccc(OCC(O)CN2CCCN(c3nc4ccc(Cl)cc4s3)CC2)cc1,test
CHEMBL2297984,CHEMBL220,7.21,2013.0,7.21,CC(CN1CCN(Cc2ccccc2)CC1)N(C(=O)c1cccc([N+](=O)[O-])c1)c1ccccn1,train
CHEMBL2297985,CHEMBL220,5.68,2013.0,5.68,N/C(=N\OC(=O)c1cnn(-c2ccc([N+](=O)[O-])cc2)c1C(F)(F)F)c1ccc(C(F)(F)F)cc1,train
CHEMBL230434,CHEMBL220,7.37,2007.0,7.37,CCN(CCCCCCNc1ccc(NCCCCCCN(CC)Cc2ccccc2OC)cc1)Cc1ccccc1OC,val
CHEMBL230702,CHEMBL220,8.63,2007.0,8.63,CCN(CCCCCNC1=CC(=O)C(NCCCCCN(CC)Cc2ccccc2OC)=CC1=O)Cc1ccccc1OC,train
CHEMBL231160,CHEMBL220,8.59,2008.0,8.59,CCN(CCCCCCNC1=CC(=O)C(NCCCCCCN(CC)Cc2ccccc2OC)=CC1=O)Cc1ccccc1OC,train
CHEMBL2312282,CHEMBL220,7.52,2013.0,7.52,Clc1ccc([C@@H]2CC(c3c4ccccc4cc4ccccc34)=NN2)cc1,test
CHEMBL2312283,CHEMBL220,7.0,2013.0,7.0,Cc1ccc([C@@H]2CC(c3c4ccccc4cc4ccccc34)=NN2)cc1,test
CHEMBL2312284,CHEMBL220,7.52,2013.0,7.52,c1ccc([C@@H]2CC(c3c4ccccc4cc4ccccc34)=NN2)cc1,test
CHEMBL2312285,CHEMBL220,7.61,2013.0,7.61,Oc1ccccc1[C@@H]1CC(c2c3ccccc3cc3ccccc23)=NN1,test
CHEMBL2312573,CHEMBL220,8.14,2013.0,8.14,Oc1ccc([C@@H]2CC(c3c4ccccc4cc4ccccc34)=NN2)c(O)c1,test
CHEMBL2312574,CHEMBL220,7.38,2013.0,7.38,c1ccc([C@@H]2CC(c3c4ccccc4cc4ccccc34)=NN2)nc1,train
CHEMBL2312575,CHEMBL220,7.69,2013.0,7.69,O=[N+]([O-])c1cccc([C@@H]2CC(c3c4ccccc4cc4ccccc34)=NN2)c1,test
CHEMBL2312576,CHEMBL220,7.59,2013.0,7.59,COc1ccc([C@@H]2CC(c3c4ccccc4cc4ccccc34)=NN2)cc1,test
CHEMBL2312577,CHEMBL220,7.0,2013.0,7.0,O=[N+]([O-])c1ccc([C@@H]2CC(c3c4ccccc4cc4ccccc34)=NN2)cc1,test
CHEMBL2312578,CHEMBL220,7.0,2013.0,7.0,Oc1ccc([C@@H]2CC(c3c4ccccc4cc4ccccc34)=NN2)cc1,test
CHEMBL2314726,CHEMBL220,7.33,2013.0,7.33,COc1cc2cc(NC(=O)[C@H]3CCC[C@@H](NCc4ccccc4)C3)c(=O)oc2cc1OC,train
CHEMBL2314746,CHEMBL220,4.0,2018.0,4.0,COc1ccc2c(c1O)CN1CCc3cc4c(cc3C1C2)OCO4,train
CHEMBL2323351,CHEMBL220,4.09,2013.0,4.09,COc1ccc(/C=N/NC(=O)CN2CCN(Cc3ccccc3)CC2)cc1OC,train
CHEMBL2323352,CHEMBL220,4.05,2013.0,4.05,COc1ccc(/C=N/NC(=O)CN2CCN(Cc3ccccc3)CC2)cc1,train
CHEMBL2323353,CHEMBL220,4.09,2013.0,4.09,CCOc1ccc(/C=N/NC(=O)CN2CCN(Cc3ccccc3)CC2)cc1,train
CHEMBL2323354,CHEMBL220,4.2,2013.0,4.2,COc1ccc(/C=N/NC(=O)CN2CCC(Cc3ccccc3)CC2)cc1OC,train
CHEMBL2323355,CHEMBL220,4.42,2013.0,4.42,COc1ccc(/C=N/NC(=O)CN2CCC(Cc3ccccc3)CC2)cc1,train
CHEMBL2323356,CHEMBL220,4.28,2013.0,4.28,CCOc1ccc(/C=N/NC(=O)CN2CCC(Cc3ccccc3)CC2)cc1,train
CHEMBL2332530,CHEMBL220,4.71,2013.0,4.71,Cc1ccc(/C=C2\CN(C(=O)C[C@H]3C[C@H]4CCCN4[C@]34C(=O)Nc3ccccc34)C[C@@]3(C[C@H]4CCCN4[C@@]34C(=O)Nc3ccccc34)C2=O)cc1,train
CHEMBL2332531,CHEMBL220,5.16,2013.0,5.16,O=C(C[C@H]1C[C@H]2CCCN2[C@]12C(=O)Nc1ccccc12)N1C/C(=C\c2ccc(Cl)cc2Cl)C(=O)[C@]2(C[C@H]3CCCN3[C@@]23C(=O)Nc2ccccc23)C1,train
CHEMBL2332532,CHEMBL220,4.58,2013.0,4.58,O=C(C[C@H]1C[C@H]2CCCN2[C@]12C(=O)Nc1ccccc12)N1C/C(=C\c2cccc([N+](=O)[O-])c2)C(=O)[C@]2(C[C@H]3CCCN3[C@@]23C(=O)Nc2ccccc23)C1,train
CHEMBL2332533,CHEMBL220,4.61,2013.0,4.61,O=C(C[C@H]1C[C@H]2CCCN2[C@]12C(=O)Nc1ccccc12)N1C/C(=C\c2ccccc2F)C(=O)[C@]2(C[C@H]3CCCN3[C@@]23C(=O)Nc2ccccc23)C1,train
CHEMBL2332534,CHEMBL220,4.87,2013.0,4.87,O=C(C[C@H]1C[C@H]2CCCN2[C@]12C(=O)Nc1ccccc12)N1C/C(=C\c2ccccc2Cl)C(=O)[C@]2(C[C@H]3CCCN3[C@@]23C(=O)Nc2ccccc23)C1,train
CHEMBL2332535,CHEMBL220,4.79,2013.0,4.79,C=CC(=O)N1C/C(=C\c2ccccc2Cl)C(=O)/C(=C/c2ccccc2Cl)C1,train
CHEMBL2332536,CHEMBL220,4.93,2013.0,4.93,C=CC(=O)N1C/C(=C\c2ccccc2F)C(=O)/C(=C/c2ccccc2F)C1,train
CHEMBL2332537,CHEMBL220,5.01,2013.0,5.01,C=CC(=O)N1C/C(=C\c2cccc([N+](=O)[O-])c2)C(=O)/C(=C/c2cccc([N+](=O)[O-])c2)C1,train
CHEMBL2332538,CHEMBL220,4.76,2013.0,4.76,C=CC(=O)N1C/C(=C\c2ccccc2C)C(=O)/C(=C/c2ccccc2C)C1,train
CHEMBL2332539,CHEMBL220,5.06,2013.0,5.06,C=CC(=O)N1C/C(=C\c2ccccc2OC)C(=O)/C(=C/c2ccccc2OC)C1,train
CHEMBL2332540,CHEMBL220,4.63,2013.0,4.63,O=C(C[C@H]1C[C@H]2CCCN2[C@]12C(=O)Nc1ccccc12)N1C/C(=C\c2ccc(F)cc2)C(=O)[C@]2(C[C@H]3CCCN3[C@@]23C(=O)Nc2ccccc23)C1,train
CHEMBL2332541,CHEMBL220,5.1,2013.0,5.1,O=C(C[C@H]1C[C@H]2CCCN2[C@]12C(=O)Nc1ccccc12)N1C/C(=C\c2ccc(Cl)cc2)C(=O)[C@]2(C[C@H]3CCCN3[C@@]23C(=O)Nc2ccccc23)C1,train
CHEMBL2332542,CHEMBL220,4.94,2013.0,4.94,COc1ccccc1/C=C1\CN(C(=O)C[C@H]2C[C@H]3CCCN3[C@]23C(=O)Nc2ccccc23)C[C@@]2(C[C@H]3CCCN3[C@@]23C(=O)Nc2ccccc23)C1=O,train
CHEMBL2332543,CHEMBL220,4.56,2013.0,4.56,Cc1ccccc1/C=C1\CN(C(=O)C[C@H]2C[C@H]3CCCN3[C@]23C(=O)Nc2ccccc23)C[C@@]2(C[C@H]3CCCN3[C@@]23C(=O)Nc2ccccc23)C1=O,train
CHEMBL2332544,CHEMBL220,4.71,2013.0,4.71,O=C(C[C@H]1C[C@H]2CCCN2[C@]12C(=O)Nc1ccccc12)N1C/C(=C\c2ccccc2)C(=O)[C@]2(C[C@H]3CCCN3[C@@]23C(=O)Nc2ccccc23)C1,train
CHEMBL2332545,CHEMBL220,5.17,2013.0,5.17,O=C1/C(=C/c2cccc3ccccc23)CN(C(=O)C[C@H]2C[C@H]3CCCN3[C@]23C(=O)Nc2ccccc23)C/C1=C\c1cccc2ccccc12,test
CHEMBL2332546,CHEMBL220,4.8,2013.0,4.8,C=CC(=O)N1C/C(=C\c2ccc(Cl)cc2Cl)C(=O)/C(=C/c2ccc(Cl)cc2Cl)C1,train
CHEMBL2332547,CHEMBL220,4.86,2013.0,4.86,C=CC(=O)N1C/C(=C\c2cccc3ccccc23)C(=O)/C(=C/c2cccc3ccccc23)C1,train
CHEMBL2332548,CHEMBL220,4.76,2013.0,4.76,O=C1/C(=C/c2ccccc2)CN(C(=O)C[C@H]2C[C@H]3CCCN3[C@]23C(=O)Nc2ccccc23)C/C1=C\c1ccccc1,train
CHEMBL2332549,CHEMBL220,4.9,2013.0,4.9,Cc1ccccc1/C=C1\CN(C(=O)C[C@H]2C[C@H]3CCCN3[C@]23C(=O)Nc2ccccc23)C/C(=C\c2ccccc2C)C1=O,train
CHEMBL2332550,CHEMBL220,4.8,2013.0,4.8,COc1ccccc1/C=C1\CN(C(=O)C[C@H]2C[C@H]3CCCN3[C@]23C(=O)Nc2ccccc23)C/C(=C\c2ccccc2OC)C1=O,train
CHEMBL2332974,CHEMBL220,4.92,2013.0,4.92,O=C1/C(=C/c2ccccc2Cl)CN(C(=O)C[C@H]2C[C@H]3CCCN3[C@]23C(=O)Nc2ccccc23)C/C1=C\c1ccccc1Cl,train
CHEMBL2332975,CHEMBL220,4.46,2013.0,4.46,O=C1/C(=C/c2ccccc2F)CN(C(=O)C[C@H]2C[C@H]3CCCN3[C@]23C(=O)Nc2ccccc23)C/C1=C\c1ccccc1F,train
CHEMBL2332976,CHEMBL220,5.22,2013.0,5.22,O=C1/C(=C/c2cccc([N+](=O)[O-])c2)CN(C(=O)C[C@H]2C[C@H]3CCCN3[C@]23C(=O)Nc2ccccc23)C/C1=C\c1cccc([N+](=O)[O-])c1,train
CHEMBL2332977,CHEMBL220,5.39,2013.0,5.39,O=C1/C(=C/c2ccc(Cl)cc2Cl)CN(C(=O)C[C@H]2C[C@H]3CCCN3[C@]23C(=O)Nc2ccccc23)C/C1=C\c1ccc(Cl)cc1Cl,train
CHEMBL2332978,CHEMBL220,4.7,2013.0,4.7,Cc1ccc(/C=C2\CN(C(=O)C[C@H]3C[C@H]4CCCN4[C@]34C(=O)Nc3ccccc34)C/C(=C\c3ccc(C)cc3)C2=O)cc1,train
CHEMBL2332979,CHEMBL220,5.47,2013.0,5.47,O=C1/C(=C/c2ccc(Cl)cc2)CN(C(=O)C[C@H]2C[C@H]3CCCN3[C@]23C(=O)Nc2ccccc23)C/C1=C\c1ccc(Cl)cc1,train
CHEMBL2332980,CHEMBL220,4.7,2013.0,4.7,O=C1/C(=C/c2ccc(F)cc2)CN(C(=O)C[C@H]2C[C@H]3CCCN3[C@]23C(=O)Nc2ccccc23)C/C1=C\c1ccc(F)cc1,train
CHEMBL2332981,CHEMBL220,4.69,2013.0,4.69,O=C(C[C@H]1C[C@H]2CCCN2[C@]12C(=O)Nc1ccccc12)N1C/C(=C\c2cccc3ccccc23)C(=O)[C@]2(C[C@H]3CCCN3[C@@]23C(=O)Nc2ccccc23)C1,train
CHEMBL2337271,CHEMBL220,7.52,2017.0,7.52,COc1cc2c(cc1OC)C(=O)C(CC1CCN(Cc3ccccc3)CC1)C2.Cl.O,test
CHEMBL235014,CHEMBL220,7.71,2007.0,7.71,c1ccc2c(NCCOCCOCCNc3c4c(nc5ccccc35)CCCC4)c3c(nc2c1)CCCC3,train
CHEMBL235287,CHEMBL220,4.0,2007.0,4.0,O=C(C(=O)C1CCCCC1)C1CCCCC1,val
CHEMBL235288,CHEMBL220,4.0,2007.0,4.0,O=C1Cc2ccccc2C1=O,train
CHEMBL235289,CHEMBL220,6.04,2007.0,6.04,O=C1C(=O)c2ccc([N+](=O)[O-])c3c([N+](=O)[O-])ccc1c23,train
CHEMBL235290,CHEMBL220,4.0,2007.0,4.0,O=C1C(=O)c2cccc3c2N(CCC3)C1=O,train
CHEMBL235490,CHEMBL220,4.0,2007.0,4.0,COc1ccccc1C(=O)C(=O)c1ccccc1OC,val
CHEMBL235503,CHEMBL220,4.0,2007.0,4.0,O=C1C(=O)c2c3ccccc3cc3cccc1c23,train
CHEMBL235504,CHEMBL220,4.0,2007.0,4.0,O=C1C(=O)c2cccnc2-c2ncccc21,test
CHEMBL235548,CHEMBL220,5.42,2007.0,5.42,CC[C@H](C)C1=N[C@H]2CC=C3C[C@H]4C(=O)C[C@]5(C)[C@@H]([C@H](C)N(C)C)[C@H](O)C[C@@]5(C)[C@@H]4CC[C@H]3[C@]2(C)CN1,train
CHEMBL235751,CHEMBL220,4.301029995663981,2007.0,4.301029995663981,CN(C(=O)Oc1ccc(Oc2ccc(Cl)cn2)cc1)c1ccccc1,test
CHEMBL235759,CHEMBL220,4.301029995663981,2007.0,4.301029995663981,CN(C(=O)Oc1ccc(Oc2ccc(C(F)(F)F)cn2)cc1)C(C)(C)C,train
CHEMBL235761,CHEMBL220,4.301029995663981,2007.0,4.301029995663981,CN(Cc1ccccc1)C(=O)Oc1ccc(Oc2ccc(C(F)(F)F)cn2)cc1,train
CHEMBL235903,CHEMBL220,4.0,2007.0,4.0,COc1ccc(C(=O)C(=O)c2ccc(C(=O)O)cc2)cc1,val
CHEMBL235931,CHEMBL220,4.0,2007.0,4.0,O=C1C(=O)c2ccccc2CCc2ccccc21,train
CHEMBL236173,CHEMBL220,4.301029995663981,2007.0,4.301029995663981,O=C(Oc1ccc(Oc2ncc(Cl)cc2Cl)cc1)N1CCCC1,train
CHEMBL236337,CHEMBL220,4.0,2007.0,4.0,CCOc1ccc(C(=O)C(=O)c2ccc(OCC)cc2)cc1,val
CHEMBL236340,CHEMBL220,4.0,2007.0,4.0,O=C(C(=O)c1ccc([N+](=O)[O-])cc1)c1ccc([N+](=O)[O-])cc1,val
CHEMBL236487,CHEMBL220,6.03,2024.0,6.03,COc1cc2ncnc(N3CCN(Cc4ccc(F)cc4)CC3)c2cc1OC,test
CHEMBL2367723,CHEMBL220,4.0,2007.0,4.0,CC1(C)[C@@H]2CC[C@]1(C)C(=O)C2=O,train
CHEMBL2368067,CHEMBL220,4.52,2003.0,4.52,C/C=C(\C)C(=O)N[C@H]1CC[C@@]2(C)C(=CC[C@H]3[C@@H]4CC[C@H]([C@H](C)N(C)C)[C@@]4(C)CC[C@@H]32)[C@H]1O,test
CHEMBL237189,CHEMBL220,4.301029995663981,2007.0,4.301029995663981,O=C(Oc1ccc(Oc2ccc(C(F)(F)F)cn2)cc1)N1CCOCC1,train
CHEMBL2375480,CHEMBL220,5.75,2013.0,5.75,Fc1cccc(Cc2nnc3sc(-c4ccoc4)nn23)c1,test
CHEMBL2375481,CHEMBL220,5.75,2013.0,5.75,COc1ccc(-c2nnc3sc(-c4ccoc4)nn23)cc1,train
CHEMBL2375482,CHEMBL220,5.75,2013.0,5.75,Brc1ccc(-c2nnc3sc(-c4ccoc4)nn23)cc1,train
CHEMBL2375483,CHEMBL220,6.46,2013.0,6.46,Brc1cccc(-c2nnc3sc(-c4ccoc4)nn23)c1,train
CHEMBL2377873,CHEMBL220,5.75,2013.0,5.75,Clc1ccccc1-c1nnc2sc(-c3ccoc3)nn12,train
CHEMBL2377874,CHEMBL220,5.75,2013.0,5.75,Clc1ccc(-c2nnc3sc(-c4ccoc4)nn23)cc1,train
CHEMBL2377875,CHEMBL220,5.75,2013.0,5.75,Fc1ccccc1Cc1nnc2sc(-c3ccoc3)nn12,test
CHEMBL2377876,CHEMBL220,5.75,2013.0,5.75,Fc1ccc(Cc2nnc3sc(-c4ccoc4)nn23)cc1,test
CHEMBL2377877,CHEMBL220,5.75,2013.0,5.75,COc1ccccc1-c1nnc2sc(-c3ccoc3)nn12,train
CHEMBL2377878,CHEMBL220,5.75,2013.0,5.75,COc1cccc(-c2nnc3sc(-c4ccoc4)nn23)c1,train
CHEMBL237870,CHEMBL220,6.29,2007.0,6.29,CN[C@@H](C)[C@H]1[C@H](O)C[C@@]2(C)[C@@H]3CC[C@@H]4C(=CC[C@@H]5N=C(C(C)C)OC[C@]54C)C[C@H]3C(=O)C[C@]12C,train
CHEMBL238062,CHEMBL220,5.51,2007.0,5.51,CC(C)C1=N[C@H]2CC[C@]34C[C@]35C(=O)C[C@]3(C)[C@@H]([C@H](C)N(C)C)[C@H](O)C[C@@]3(C)[C@@H]5CC[C@H]4[C@]2(C)CN1,val
CHEMBL238063,CHEMBL220,5.36,2007.0,5.36,CC[C@H](C)C1=N[C@H]2CC[C@]34C[C@]35C(=O)C[C@]3(C)[C@@H]([C@H](C)N(C)C)[C@H](O)C[C@@]3(C)[C@@H]5CC[C@H]4[C@]2(C)CN1,val
CHEMBL2380667,CHEMBL220,5.24,2013.0,5.24,O=C1/C(=C/c2cccc3ccccc23)CN(C(=O)[C@H]2C[C@H]3CCCN3[C@]23C(=O)Nc2cc(Cl)ccc23)C/C1=C\c1cccc2ccccc12,train
CHEMBL2380668,CHEMBL220,4.8,2013.0,4.8,O=C1/C(=C/c2ccccc2)CN(C(=O)[C@H]2C[C@H]3CCCN3[C@]23C(=O)Nc2cc(Cl)ccc23)C/C1=C\c1ccccc1,train
CHEMBL2380669,CHEMBL220,4.95,2013.0,4.95,Cc1ccccc1/C=C1\CN(C(=O)[C@H]2C[C@H]3CCCN3[C@]23C(=O)Nc2cc(Cl)ccc23)C/C(=C\c2ccccc2C)C1=O,train
CHEMBL238067,CHEMBL220,4.301029995663981,2007.0,4.301029995663981,CN(C(=O)Oc1ccc(Oc2ncc(C(F)(F)F)cc2Cl)cc1)c1ccccc1,test
CHEMBL2380670,CHEMBL220,4.84,2013.0,4.84,COc1ccccc1/C=C1\CN(C(=O)[C@H]2C[C@H]3CCCN3[C@]23C(=O)Nc2cc(Cl)ccc23)C/C(=C\c2ccccc2OC)C1=O,train
CHEMBL2380671,CHEMBL220,5.29,2013.0,5.29,O=C1/C(=C/c2ccccc2Cl)CN(C(=O)[C@H]2C[C@H]3CCCN3[C@]23C(=O)Nc2cc(Cl)ccc23)C/C1=C\c1ccccc1Cl,train
CHEMBL2380672,CHEMBL220,4.53,2013.0,4.53,O=C1/C(=C/c2ccccc2F)CN(C(=O)[C@H]2C[C@H]3CCCN3[C@]23C(=O)Nc2cc(Cl)ccc23)C/C1=C\c1ccccc1F,train
CHEMBL2380673,CHEMBL220,5.37,2013.0,5.37,O=C1/C(=C/c2cccc([N+](=O)[O-])c2)CN(C(=O)[C@H]2C[C@H]3CCCN3[C@]23C(=O)Nc2cc(Cl)ccc23)C/C1=C\c1cccc([N+](=O)[O-])c1,train
CHEMBL2380674,CHEMBL220,5.48,2013.0,5.48,O=C1/C(=C/c2ccc(Cl)cc2Cl)CN(C(=O)[C@H]2C[C@H]3CCCN3[C@]23C(=O)Nc2cc(Cl)ccc23)C/C1=C\c1ccc(Cl)cc1Cl,train
CHEMBL2380675,CHEMBL220,5.12,2013.0,5.12,Cc1ccc(/C=C2\CN(C(=O)[C@H]3C[C@H]4CCCN4[C@]34C(=O)Nc3cc(Cl)ccc34)C/C(=C\c3ccc(C)cc3)C2=O)cc1,train
CHEMBL2380676,CHEMBL220,5.47,2013.0,5.47,O=C1/C(=C/c2ccc(Cl)cc2)CN(C(=O)[C@H]2C[C@H]3CCCN3[C@]23C(=O)Nc2cc(Cl)ccc23)C/C1=C\c1ccc(Cl)cc1,train
CHEMBL2380677,CHEMBL220,4.65,2013.0,4.65,O=C1/C(=C/c2ccc(F)cc2)CN(C(=O)[C@H]2C[C@H]3CCCN3[C@]23C(=O)Nc2cc(Cl)ccc23)C/C1=C\c1ccc(F)cc1,train
CHEMBL238085,CHEMBL220,4.301029995663981,2007.0,4.301029995663981,CN(C(=O)Oc1ccc(Oc2ccc(C(F)(F)F)cn2)cc1)c1ccccc1,test
CHEMBL2381401,CHEMBL220,5.75,2013.0,5.75,COc1ccc2cc(C(=O)CN3CCN(Cc4ccccc4)CC3)c(=O)oc2c1,train
CHEMBL238230,CHEMBL220,8.74,2007.0,8.74,O=C(CCCNc1c2c(nc3ccccc13)CCCC2)CCCNc1c2c(nc3ccccc13)CCCC2,train
CHEMBL238256,CHEMBL220,4.301029995663981,2007.0,4.301029995663981,CN(C(=O)Oc1ccc(Nc2ccc(C(F)(F)F)cn2)cc1)c1ccccc1,train
CHEMBL238257,CHEMBL220,4.301029995663981,2007.0,4.301029995663981,CC(C)N(C)C(=O)Oc1ccc(Oc2ccc(C(F)(F)F)cn2)cc1,train
CHEMBL238293,CHEMBL220,4.301029995663981,2007.0,4.301029995663981,O=C(Oc1ccc(Oc2ccc(C(F)(F)F)cn2)cc1)N1CCCC1,train
CHEMBL23838,CHEMBL220,8.0,2017.0,8.0,CCOP(=O)(OCC)Oc1ccc([N+](=O)[O-])cc1,val
CHEMBL238571,CHEMBL220,4.301029995663981,2007.0,4.301029995663981,COc1ccc(N(C)C(=O)Oc2ccc(Oc3ccc(C(F)(F)F)cn3)cc2)cc1,test
CHEMBL238572,CHEMBL220,4.301029995663981,2007.0,4.301029995663981,CC1CCCCN1C(=O)Oc1ccc(Oc2ccc(C(F)(F)F)cn2)cc1,train
CHEMBL238573,CHEMBL220,4.301029995663981,2007.0,4.301029995663981,CC1CCCN(C(=O)Oc2ccc(Oc3ccc(C(F)(F)F)cn3)cc2)C1,train
CHEMBL2386558,CHEMBL220,5.79,2013.0,5.79,CN(C)C(=O)[C@H]1C[C@@H]1c1ccc(-c2ncn(C)c2Sc2ccc(Cl)cn2)cc1,train
CHEMBL238764,CHEMBL220,4.301029995663981,2007.0,4.301029995663981,CN(C(=O)Oc1ccc(Oc2ccccc2)cc1)c1ccccc1,train
CHEMBL238785,CHEMBL220,4.301029995663981,2007.0,4.301029995663981,CC1CCN(C(=O)Oc2ccc(Oc3ccc(C(F)(F)F)cn3)cc2)CC1,train
CHEMBL238977,CHEMBL220,4.05,2011.0,4.05,NC(=O)c1cc[n+](C/C=C/C[n+]2ccc(/C=N/O)cc2)cc1.[Br-].[Br-],val
CHEMBL238994,CHEMBL220,4.301029995663981,2007.0,4.301029995663981,O=C(Oc1ccc(Oc2ccc(C(F)(F)F)cn2)cc1)N1CCC(O)CC1,train
CHEMBL239046,CHEMBL220,6.642543488846073,2008.0,6.642543488846073,CCN(Cc1ccccc1)Cc1ccc(-c2cc3cc(OCCNC(=O)/C=C/c4cc(F)cc(F)c4)ccc3oc2=O)cc1,train
CHEMBL2391486,CHEMBL220,7.04,2014.0,7.04,Cc1cc(=O)oc2cc(OCCN3CCN(CC(=O)Nc4c5c(nc6ccccc46)CCCC5)CC3)ccc12,train
CHEMBL239207,CHEMBL220,4.301029995663981,2007.0,4.301029995663981,CN(C)C(=O)Oc1ccc(Oc2ncc(Cl)cc2Cl)cc1,train
CHEMBL239400,CHEMBL220,5.1,2015.0,5.1,O=C(c1ccccc1)N1c2ccccc2Sc2ccccc21,train
CHEMBL239418,CHEMBL220,4.301029995663981,2007.0,4.301029995663981,CN(C(=O)Oc1ccc(Oc2ncc(Cl)cc2Cl)cc1)c1ccccc1,test
CHEMBL239618,CHEMBL220,5.2,2015.0,5.2,COc1ccc(C(=O)N2c3ccccc3Sc3ccccc32)cc1,train
CHEMBL239633,CHEMBL220,4.301029995663981,2007.0,4.301029995663981,O=C(Oc1ccc(Oc2ccc(C(F)(F)F)cn2)cc1)N1CCc2ccccc2C1,train
CHEMBL2396903,CHEMBL220,4.0,2013.0,4.0,CCCCNc1nc2ccccc2n1C,train
CHEMBL2396904,CHEMBL220,4.0,2013.0,4.0,CCCCN(C)c1nc2ccccc2n1C,train
CHEMBL2396905,CHEMBL220,4.0,2013.0,4.0,CCCCN(C)c1nc2ccccc2[nH]1,train
CHEMBL2396906,CHEMBL220,4.0,2013.0,4.0,COCCNc1nc2ccccc2[nH]1,train
CHEMBL2396907,CHEMBL220,4.0,2013.0,4.0,c1ccc(CCCNc2nc3ccccc3[nH]2)cc1,train
CHEMBL2396908,CHEMBL220,4.0,2013.0,4.0,CC(C)(C)OC(=O)NCCNc1nc2ccccc2[nH]1,train
CHEMBL2396909,CHEMBL220,4.0,2013.0,4.0,NCCNc1nc2ccccc2[nH]1,train
CHEMBL2396910,CHEMBL220,4.22,2013.0,4.22,CN(C)CCCN(c1nc2ccccc2[nH]1)c1nc2ccccc2[nH]1,train
CHEMBL2396911,CHEMBL220,4.0,2013.0,4.0,c1ccc2[nH]c(NC34CC5CC(CC(C5)C3)C4)nc2c1,test
CHEMBL2396912,CHEMBL220,4.23,2013.0,4.23,c1ccc2[nH]c(N3CCCCC3)nc2c1,test
CHEMBL2396913,CHEMBL220,4.05,2013.0,4.05,CC1CCCCN1c1nc2ccccc2[nH]1,test
CHEMBL2396914,CHEMBL220,4.0,2013.0,4.0,c1ccc2c(c1)CCCN2c1nc2ccccc2[nH]1,test
CHEMBL240047,CHEMBL220,5.15,2015.0,5.15,O=C(CCc1ccccc1)N1c2ccccc2Sc2ccccc21,train
CHEMBL2402007,CHEMBL220,4.0,2013.0,4.0,CC(C)=CC(=O)OC(C)(C)[C@@H]1Cc2cc3ccc(=O)oc3cc2O1,train
CHEMBL240792,CHEMBL220,6.87,2007.0,6.87,CCCCC1=NC2(CCCC2)C(=O)N1Cc1ccc([N+](=O)[O-])cc1,train
CHEMBL240793,CHEMBL220,6.64,2007.0,6.64,CCCCC1=NC2(CCCC2)C(=O)N1CCN1C(=O)c2ccccc2C1=O,val
CHEMBL2409140,CHEMBL220,4.68,2013.0,4.68,CC1=C[C@H]2Cc3[nH]c(=O)ccc3[C@@]3(C1)[C@@H]2[C@H](Cl)CCN3C,train
CHEMBL2409141,CHEMBL220,4.92,2013.0,4.92,CC1=C[C@H]2Cc3[nH]c(=O)ccc3[C@@]3(C1)[C@@H]2[C@H](C)CN3C,test
CHEMBL2409142,CHEMBL220,6.31,2013.0,6.31,C=C[C@@H]1[C@H]2C=C(C)C[C@]1(N)c1ccc(=O)[nH]c1C2,train
CHEMBL240972,CHEMBL220,4.57,2011.0,4.57,C/C(=C\CC[C@@H](C)[C@H]1CC[C@@]2(C)C3=CC[C@H]4C(C)(C)[C@@H](O)CC[C@]4(C)C3=CC[C@]12C)CO,train
CHEMBL241011,CHEMBL220,6.63,2007.0,6.63,CCCCC1=NC2(CCCC2)C(=O)N1Cc1cc2c(cc1C)OCO2,val
CHEMBL241127,CHEMBL220,4.301029995663981,2007.0,4.301029995663981,CCCCNC(=O)Oc1ccc(Oc2ncc(Cl)cc2Cl)cc1,train
CHEMBL2413558,CHEMBL220,4.63,2013.0,4.63,CC(C)N(CCOc1ccc(-c2nc3ccccc3[nH]2)cc1)C(C)C,train
CHEMBL2413559,CHEMBL220,5.67,2013.0,5.67,c1ccc2[nH]c(-c3ccc(OCCN4CCCC4)cc3)nc2c1,train
CHEMBL2413560,CHEMBL220,5.99,2013.0,5.99,c1ccc2[nH]c(-c3ccc(OCCN4CCCCC4)cc3)nc2c1,train
CHEMBL2413561,CHEMBL220,4.0,2013.0,4.0,c1ccc2[nH]c(-c3ccc(OCCN4CCOCC4)cc3)nc2c1,train
CHEMBL2413732,CHEMBL220,4.0,2013.0,4.0,Cc1ccc2[nH]c(-c3ccc(O)cc3)nc2c1,train
CHEMBL2413733,CHEMBL220,4.91,2013.0,4.91,Cc1ccc2[nH]c(-c3ccc(OCCN(C)C)cc3)nc2c1,train
CHEMBL2413734,CHEMBL220,4.29,2013.0,4.29,CCN(CC)CCOc1ccc(-c2nc3cc(C)ccc3[nH]2)cc1,train
CHEMBL2413735,CHEMBL220,6.4,2013.0,6.4,Cc1ccc2[nH]c(-c3ccc(OCCN4CCCC4)cc3)nc2c1,train
CHEMBL2413736,CHEMBL220,6.41,2013.0,6.41,Cc1ccc2[nH]c(-c3ccc(OCCN4CCCCC4)cc3)nc2c1,train
CHEMBL2413737,CHEMBL220,4.89,2013.0,4.89,Cc1ccc2[nH]c(-c3ccc(OCCN4CCOCC4)cc3)nc2c1,train
CHEMBL2413738,CHEMBL220,4.0,2013.0,4.0,Oc1ccc(-c2nc3cc(Cl)ccc3[nH]2)cc1,train
CHEMBL2413739,CHEMBL220,5.1,2013.0,5.1,CN(C)CCOc1ccc(-c2nc3cc(Cl)ccc3[nH]2)cc1,train
CHEMBL2413740,CHEMBL220,5.06,2013.0,5.06,CCN(CC)CCOc1ccc(-c2nc3cc(Cl)ccc3[nH]2)cc1,train
CHEMBL2413741,CHEMBL220,5.43,2013.0,5.43,CC(C)N(CCOc1ccc(-c2nc3cc(Cl)ccc3[nH]2)cc1)C(C)C,train
CHEMBL2413742,CHEMBL220,5.85,2013.0,5.85,Clc1ccc2[nH]c(-c3ccc(OCCN4CCCC4)cc3)nc2c1,train
CHEMBL2413743,CHEMBL220,6.89,2013.0,6.89,Clc1ccc2[nH]c(-c3ccc(OCCN4CCCCC4)cc3)nc2c1,train
CHEMBL2413744,CHEMBL220,5.01,2013.0,5.01,Clc1ccc2[nH]c(-c3ccc(OCCN4CCOCC4)cc3)nc2c1,train
CHEMBL2413745,CHEMBL220,4.0,2013.0,4.0,CCN(CC)CCOc1ccc(-c2nc3ccccc3[nH]2)cc1,train
CHEMBL2413746,CHEMBL220,4.97,2013.0,4.97,CN(C)CCOc1ccc(-c2nc3ccccc3[nH]2)cc1,train
CHEMBL241536,CHEMBL220,6.46,2007.0,6.46,C[C@@H]([C@H]1[C@H](O)C[C@@]2(C)[C@@H]3CC[C@@H]4C(=CC[C@@H]5N=C(C(C)(C)C)OC[C@]54C)C[C@H]3C(=O)C[C@]12C)N(C)C,train
CHEMBL241548,CHEMBL220,4.301029995663981,2007.0,4.301029995663981,O=C(Oc1ccc(Oc2ccc(C(F)(F)F)cn2)cc1)N1CCCCC1,train
CHEMBL241552,CHEMBL220,4.301029995663981,2007.0,4.301029995663981,Cc1ccccc1N(C)C(=O)Oc1ccc(Oc2ccc(C(F)(F)F)cn2)cc1,test
CHEMBL241553,CHEMBL220,4.301029995663981,2007.0,4.301029995663981,Cc1cccc(N(C)C(=O)Oc2ccc(Oc3ccc(C(F)(F)F)cn3)cc2)c1,test
CHEMBL241554,CHEMBL220,4.301029995663981,2007.0,4.301029995663981,Cc1ccc(N(C)C(=O)Oc2ccc(Oc3ccc(C(F)(F)F)cn3)cc2)cc1,test
CHEMBL241760,CHEMBL220,4.301029995663981,2007.0,4.301029995663981,CN(C(=O)Oc1ccc(Oc2ccc(C(F)(F)F)cn2)cc1)c1ccccc1Cl,test
CHEMBL241761,CHEMBL220,4.301029995663981,2007.0,4.301029995663981,CN(C(=O)Oc1ccc(Oc2ccc(C(F)(F)F)cn2)cc1)c1ccc(Cl)cc1,test
CHEMBL241762,CHEMBL220,4.301029995663981,2007.0,4.301029995663981,COc1ccccc1N(C)C(=O)Oc1ccc(Oc2ccc(C(F)(F)F)cn2)cc1,test
CHEMBL241806,CHEMBL220,3.8955811793524053,2019.0,3.8955811793524053,COc1cc2c(cc1OC)[C@]1(O)C(=O)c3ccc4c(c3O[C@@H]1CO2)C=CC(C)(C)O4,train
CHEMBL241827,CHEMBL220,5.51,2007.0,5.51,COc1cc2oc(-c3ccc(CN(C)Cc4ccccc4)cc3)cc(=O)c2cc1OC,test
CHEMBL241828,CHEMBL220,4.74,2007.0,4.74,COc1ccc2oc(-c3ccc(CN(C)Cc4ccccc4)cc3)cc(=O)c2c1,test
CHEMBL241830,CHEMBL220,4.09,2007.0,4.09,COc1ccc2c(=O)cc(-c3ccc(CN(C)Cc4ccccc4)cc3)oc2c1,test
CHEMBL241960,CHEMBL220,6.72,2007.0,6.72,CCN(CCCCCCNC1=CC(=O)C(NCCCCCCN(CC)Cc2ccncc2)=CC1=O)Cc1ccncc1,train
CHEMBL2419681,CHEMBL220,5.03,2013.0,5.03,N#Cc1c(Cl)nc(NC2CCN(Cc3ccccc3)CC2)c(C#N)c1-c1ccccc1,train
CHEMBL2419682,CHEMBL220,5.36,2013.0,5.36,N#Cc1c(Cl)nc(NCCC2CCN(Cc3ccccc3)CC2)c(C#N)c1-c1ccccc1,test
CHEMBL2419683,CHEMBL220,5.41,2013.0,5.41,N#Cc1c(Cl)nc(NCCCC2CCN(Cc3ccccc3)CC2)c(C#N)c1-c1ccccc1,test
CHEMBL2419684,CHEMBL220,7.51,2013.0,7.51,N#Cc1c(Cl)nc(NCCCCC2CCN(Cc3ccccc3)CC2)c(C#N)c1-c1ccccc1,train
CHEMBL2419685,CHEMBL220,5.27,2013.0,5.27,N#Cc1cc(C#N)c(NC2CCN(Cc3ccccc3)CC2)nc1Cl,train
CHEMBL2419686,CHEMBL220,6.51,2013.0,6.51,N#Cc1cc(C#N)c(NCCC2CCN(Cc3ccccc3)CC2)nc1Cl,train
CHEMBL2419687,CHEMBL220,7.27,2013.0,7.27,N#Cc1cc(C#N)c(NCCCC2CCN(Cc3ccccc3)CC2)nc1Cl,train
CHEMBL2419688,CHEMBL220,7.89,2013.0,7.89,N#Cc1cc(C#N)c(NCCCCC2CCN(Cc3ccccc3)CC2)nc1Cl,train
CHEMBL2419689,CHEMBL220,5.01,2013.0,5.01,N#Cc1c(NCCC2CCN(Cc3ccccc3)CC2)nc(NCCC2CCN(Cc3ccccc3)CC2)c(C#N)c1-c1ccccc1,test
CHEMBL2419690,CHEMBL220,5.14,2013.0,5.14,N#Cc1cc(C#N)c(NC2CCN(Cc3ccccc3)CC2)nc1NC1CCN(Cc2ccccc2)CC1,test
CHEMBL241974,CHEMBL220,6.88,2007.0,6.88,CCN(CCCCCCNC1=CC(=O)C(NCCCCCCN(CC)Cc2cccnc2)=CC1=O)Cc1cccnc1,train
CHEMBL242067,CHEMBL220,4.0,2007.0,4.0,O=C(C(=O)c1cccc(F)c1)c1cccc(F)c1,val
CHEMBL242190,CHEMBL220,4.94,2007.0,4.94,CCN(Cc1ccccc1OC)C(=O)CCCCCNC1=CC(=O)C(NCCCCCC(=O)N(CC)Cc2ccccc2OC)=CC1=O,val
CHEMBL242191,CHEMBL220,7.11,2007.0,7.11,COc1ccccc1CN(C)CCCCCCNC1=CC(=O)C(NCCCCCCN(C)Cc2ccccc2OC)=CC1=O,train
CHEMBL242287,CHEMBL220,4.0,2007.0,4.0,O=C(C(=O)c1ccc(F)cc1F)c1ccc(F)cc1F,val
CHEMBL242288,CHEMBL220,4.0,2007.0,4.0,O=C(C(=O)c1c(F)cccc1F)c1c(F)cccc1F,val
CHEMBL242296,CHEMBL220,4.0,2007.0,4.0,O=C(C(=O)c1ccc(C(F)(F)F)cc1C(F)(F)F)c1ccc(C(F)(F)F)cc1C(F)(F)F,val
CHEMBL242345,CHEMBL220,5.89,2007.0,5.89,COc1ccccc1CNCCCCCCN1CCC(CCC2CCN(CCCCCCNCc3ccccc3OC)CC2)CC1,train
CHEMBL242506,CHEMBL220,4.0,2007.0,4.0,O=C(C(=O)c1cc(C(F)(F)F)cc(C(F)(F)F)c1)c1cc(C(F)(F)F)cc(C(F)(F)F)c1,val
CHEMBL2425407,CHEMBL220,4.13,2013.0,4.13,O=C(NNC=C1C(=O)NC(=S)NC1=O)Nc1ccccc1,test
CHEMBL2425408,CHEMBL220,3.9388869460820213,2013.0,3.9388869460820213,O=C1NC(=S)NC(=O)C1=CNNC(=S)Nc1ccccc1,train
CHEMBL2425409,CHEMBL220,4.11,2013.0,4.11,O=C1NC(=S)NC(=O)C1=CNNC(=S)Nc1ccc(F)cc1,train
CHEMBL2425410,CHEMBL220,3.916819995870023,2013.0,3.916819995870023,O=C1NC(=S)NC(=O)C1=CNNC(=S)Nc1ccc(Cl)cc1,train
CHEMBL2425412,CHEMBL220,4.1,2013.0,4.1,O=C1NC(=S)NC(=O)C1=CNNC(=S)Nc1ccc(Br)cc1,train
CHEMBL2425413,CHEMBL220,4.39,2013.0,4.39,O=C1NC(=O)C(=CNNC(=S)Nc2cccc(C(F)(F)F)c2)C(=O)N1,train
CHEMBL2425414,CHEMBL220,4.0,2013.0,4.0,O=C1NC(=S)NC(=O)C1=CNNC(=S)Nc1ccc(C(F)(F)F)cc1,train
CHEMBL2425415,CHEMBL220,3.6854797209383148,2013.0,3.6854797209383148,COc1ccc(NC(=S)NNC=C2C(=O)NC(=S)NC2=O)cc1,train
CHEMBL2425417,CHEMBL220,4.04,2013.0,4.04,CC(=O)NC=C1C(=O)NC(=O)NC1=O,train
CHEMBL2425418,CHEMBL220,3.9240517753559647,2013.0,3.9240517753559647,NC(=S)NNC=C1C(=O)NC(=O)NC1=O,train
CHEMBL242661,CHEMBL220,7.29,2007.0,7.29,CCN(CCCCCCNC1=CC(=O)C(NCCCCCCN(CC)Cc2ccc(OC)cc2)=CC1=O)Cc1ccc(OC)cc1,train
CHEMBL242721,CHEMBL220,4.0,2007.0,4.0,O=C(C(=O)c1cc(F)ccc1F)c1cc(F)ccc1F,val
CHEMBL242722,CHEMBL220,4.0,2007.0,4.0,O=C(C(=O)c1c(F)ccc(F)c1F)c1cc(F)cc(F)c1F,val
CHEMBL242768,CHEMBL220,4.0,2007.0,4.0,O=C(c1ccccc1F)C(O)c1ccccc1F,train
CHEMBL242836,CHEMBL220,7.89,2007.0,7.89,COc1ccccc1CN(CCCCCCNC1=CC(=O)C(NCCCCCCN(Cc2ccccc2OC)C(C)C)=CC1=O)C(C)C,train
CHEMBL242905,CHEMBL220,6.43,2007.0,6.43,COc1cc2cc(-c3ccc(CN(C)Cc4cccc([N+](=O)[O-])c4)cc3)c(=O)oc2cc1OC,train
CHEMBL242906,CHEMBL220,4.61,2007.0,4.61,COc1cc2cc(-c3ccc(CN(C)Cc4ccc([N+](=O)[O-])cc4)cc3)c(=O)oc2cc1OC,train
CHEMBL242930,CHEMBL220,4.0,2007.0,4.0,O=C(C(=O)c1cc(F)cc(F)c1F)c1cc(F)cc(F)c1F,val
CHEMBL242931,CHEMBL220,4.0,2007.0,4.0,O=C(C(=O)c1ccc(F)c(F)c1F)c1ccc(F)c(F)c1F,val
CHEMBL242932,CHEMBL220,4.0,2007.0,4.0,O=C(C(=O)c1ccc(C(F)(F)F)cc1)c1ccc(C(F)(F)F)cc1,val
CHEMBL242989,CHEMBL220,6.87,2007.0,6.87,COc1ccccc1CNCCCCCC(=O)N1CCC(CCC2CCN(C(=O)CCCCCNCc3ccccc3OC)CC2)CC1,train
CHEMBL243044,CHEMBL220,6.91,2007.0,6.91,COc1ccccc1CNCCCCCCNC1=CC(=O)C(NCCCCCCNCc2ccccc2OC)=CC1=O,train
CHEMBL243055,CHEMBL220,8.29,2007.0,8.29,CCN(CCCCCCNC1=C(F)C(=O)C(NCCCCCCN(CC)Cc2ccccc2OC)=C(F)C1=O)Cc1ccccc1OC,train
CHEMBL243056,CHEMBL220,8.52,2007.0,8.52,CCN(CCCCCCNC1=C(Cl)C(=O)C(NCCCCCCN(CC)Cc2ccccc2OC)=C(Cl)C1=O)Cc1ccccc1OC,train
CHEMBL243057,CHEMBL220,6.23,2007.0,6.23,CCN(CCCCCCNC1=CC(=O)C(NCCCCCCN(CC)Cc2ccccc2Cl)=CC1=O)Cc1ccccc1Cl,train
CHEMBL243062,CHEMBL220,8.57,2007.0,8.57,CCN(CCCCCCNC1=C(Br)C(=O)C(NCCCCCCN(CC)Cc2ccccc2OC)=C(Br)C1=O)Cc1ccccc1OC,train
CHEMBL243130,CHEMBL220,6.44,2007.0,6.44,COc1cc2cc(-c3ccc(CN(C)Cc4ccccc4C)cc3)c(=O)oc2cc1OC,train
CHEMBL243269,CHEMBL220,8.02,2007.0,8.02,CCN(CCCCCCNC1=C(C)C(=O)C(NCCCCCCN(CC)Cc2ccccc2OC)=C(C)C1=O)Cc1ccccc1OC,train
CHEMBL243270,CHEMBL220,7.21,2007.0,7.21,CCN(CCNC1=CC(=O)C(NCCN(CC)Cc2ccccc2OC)=CC1=O)Cc1ccccc1OC,val
CHEMBL243271,CHEMBL220,8.65,2007.0,8.65,CCN(CCCNC1=CC(=O)C(NCCCN(CC)Cc2ccccc2OC)=CC1=O)Cc1ccccc1OC,train
CHEMBL243272,CHEMBL220,7.87,2007.0,7.87,CCN(CCCCNC1=CC(=O)C(NCCCCN(CC)Cc2ccccc2OC)=CC1=O)Cc1ccccc1OC,test
CHEMBL243273,CHEMBL220,8.11,2007.0,8.11,CCN(CCCCCCCNC1=CC(=O)C(NCCCCCCCN(CC)Cc2ccccc2OC)=CC1=O)Cc1ccccc1OC,train
CHEMBL243274,CHEMBL220,7.14,2007.0,7.14,CCN(CCCCCCNC1=CC(=O)C(NCCCCCCN(CC)Cc2ccccc2C)=CC1=O)Cc1ccccc1C,train
CHEMBL243310,CHEMBL220,6.7,2007.0,6.7,COc1cc2cc(-c3cccc(CN(C)Cc4ccccc4)c3)c(=O)oc2cc1OC,train
CHEMBL243311,CHEMBL220,5.64,2007.0,5.64,COc1ccc2cc(-c3cccc(CN(C)Cc4ccccc4)c3)c(=O)oc2c1,train
CHEMBL243532,CHEMBL220,6.79,2007.0,6.79,COc1ccc2oc(=O)c(-c3ccc(CN(C)Cc4ccccc4)cc3)cc2c1,train
CHEMBL2440134,CHEMBL220,6.220000000000001,2013.0,6.220000000000001,COc1c(F)c[n+](CCCCOc2ccc3c(C)cc(=O)oc3c2)cc1F.O=S(=O)([O-])C(F)(F)F,train
CHEMBL24416,CHEMBL220,4.16,2000.0,4.16,COc1ccc(-c2cc3c(c(=O)o2)C(=O)C2[C@@]4(C)CC[C@H](O)[C@@](C)(CO)C4C[C@H](O)[C@@]2(C)O3)cc1,train
CHEMBL2441665,CHEMBL220,6.025,2013.0,6.025,COc1cccc(CCc2cccc(OC)[n+]2C)[n+]1C.O=S(=O)([O-])C(F)(F)F.O=S(=O)([O-])C(F)(F)F,train
CHEMBL2441666,CHEMBL220,6.98,2013.0,6.98,COc1cccc(CCCCCc2cccc(OC)[n+]2C)[n+]1C.O=S(=O)([O-])C(F)(F)F.O=S(=O)([O-])C(F)(F)F,train
CHEMBL2441667,CHEMBL220,7.16,2013.0,7.16,COc1cccc(CCCCCCc2cccc(OC)[n+]2C)[n+]1C.O=S(=O)([O-])C(F)(F)F.O=S(=O)([O-])C(F)(F)F,train
CHEMBL2441668,CHEMBL220,6.92,2013.0,6.92,COc1cccc(CCCCCCCc2cccc(OC)[n+]2C)[n+]1C.O=S(=O)([O-])C(F)(F)F.O=S(=O)([O-])C(F)(F)F,train
CHEMBL2441669,CHEMBL220,6.734999999999999,2013.0,6.734999999999999,COc1cccc(CCCCCCCCc2cccc(OC)[n+]2C)[n+]1C.O=S(=O)([O-])C(F)(F)F.O=S(=O)([O-])C(F)(F)F,train
CHEMBL2441670,CHEMBL220,5.27,2013.0,5.27,COc1cc2c(cc1OC)C[N+](C)(CCCCc1cccc(OC)[n+]1C)CC2.O=S(=O)([O-])C(F)(F)F.O=S(=O)([O-])C(F)(F)F,train
CHEMBL2441671,CHEMBL220,6.32,2013.0,6.32,COc1cc2c(cc1OC)C[N+](C)(CCCCCc1cccc(OC)[n+]1C)CC2.O=S(=O)([O-])C(F)(F)F.O=S(=O)([O-])C(F)(F)F,test
CHEMBL2441672,CHEMBL220,6.77,2013.0,6.77,COc1cc2c(cc1OC)C[N+](C)(CCCCCCc1cccc(OC)[n+]1C)CC2.O=S(=O)([O-])C(F)(F)F.O=S(=O)([O-])C(F)(F)F,train
CHEMBL2441673,CHEMBL220,7.135,2013.0,7.135,COc1cc2c(cc1OC)C[N+](C)(CCCCCCCc1cccc(OC)[n+]1C)CC2.O=S(=O)([O-])C(F)(F)F.O=S(=O)([O-])C(F)(F)F,val
CHEMBL2441674,CHEMBL220,6.904999999999999,2013.0,6.904999999999999,COc1cc2c(cc1OC)C(=O)C(CCCCCc1cccc(OC)[n+]1C)C2.O=S(=O)([O-])C(F)(F)F,train
CHEMBL2441675,CHEMBL220,7.08,2013.0,7.08,COc1cc2c(cc1OC)C(=O)C(CCCCCCc1cccc(OC)[n+]1C)C2.O=S(=O)([O-])C(F)(F)F,test
CHEMBL2441676,CHEMBL220,6.645,2013.0,6.645,COc1cc2c(cc1OC)C(=O)C(CCCCCCCc1cccc(OC)[n+]1C)C2.O=S(=O)([O-])C(F)(F)F,train
CHEMBL2441677,CHEMBL220,3.9463643521721177,2013.0,3.9463643521721177,COc1ccc(C(F)(F)F)c[n+]1CCCCCO.O=S(=O)([O-])C(F)(F)F,train
CHEMBL2441678,CHEMBL220,5.210000000000001,2013.0,5.210000000000001,COc1ccc(C(F)(F)F)c[n+]1CCC[n+]1cc(C(F)(F)F)ccc1OC.O=S(=O)([O-])C(F)(F)F.O=S(=O)([O-])C(F)(F)F,train
CHEMBL2441679,CHEMBL220,4.66,2013.0,4.66,COc1ccc(C(F)(F)F)c[n+]1CCCCC[n+]1cc(C(F)(F)F)ccc1OC.O=S(=O)([O-])C(F)(F)F.O=S(=O)([O-])C(F)(F)F,test
CHEMBL2441680,CHEMBL220,5.44,2013.0,5.44,COc1ccc(C(F)(F)F)c[n+]1CCCOc1ccc2c(C)cc(=O)oc2c1.O=S(=O)([O-])C(F)(F)F,test
CHEMBL2441681,CHEMBL220,6.04,2013.0,6.04,COc1ccc(C(F)(F)F)c[n+]1CCCCOc1ccc2c(C)cc(=O)oc2c1.O=S(=O)([O-])C(F)(F)F,train
CHEMBL2441682,CHEMBL220,6.0649999999999995,2013.0,6.0649999999999995,COc1ccc(C(F)(F)F)c[n+]1CCCCCOc1ccc2c(C)cc(=O)oc2c1.O=S(=O)([O-])C(F)(F)F,train
CHEMBL2441683,CHEMBL220,5.744999999999999,2013.0,5.744999999999999,COc1c(F)c[n+](CCCOc2ccc3c(C)cc(=O)oc3c2)cc1F.O=S(=O)([O-])C(F)(F)F,test
CHEMBL2441684,CHEMBL220,6.325,2013.0,6.325,COc1c(F)c[n+](CCCCCOc2ccc3c(C)cc(=O)oc3c2)cc1F.O=S(=O)([O-])C(F)(F)F,train
CHEMBL2441685,CHEMBL220,4.385,2013.0,4.385,COc1cccc[n+]1C.F[B-](F)(F)F,train
CHEMBL2441686,CHEMBL220,4.059303657420887,2013.0,4.059303657420887,COc1c(F)ccc[n+]1C.F[B-](F)(F)F,train
CHEMBL2441687,CHEMBL220,4.785,2013.0,4.785,COc1ccc(F)c[n+]1C.F[B-](F)(F)F,train
CHEMBL2441688,CHEMBL220,4.574999999999999,2013.0,4.574999999999999,COc1ccc(C(F)(F)F)c[n+]1C.F[B-](F)(F)F,train
CHEMBL2441689,CHEMBL220,4.390000000000001,2013.0,4.390000000000001,COc1cccc(C(F)(F)F)[n+]1C.F[B-](F)(F)F,train
CHEMBL2441690,CHEMBL220,4.79,2013.0,4.79,COc1ccc([N+](=O)[O-])c[n+]1C.F[B-](F)(F)F,train
CHEMBL2441691,CHEMBL220,4.25,2013.0,4.25,COc1cc(C#N)cc[n+]1C.F[B-](F)(F)F,train
CHEMBL2441692,CHEMBL220,4.28,2013.0,4.28,COc1ccc(C#N)c[n+]1C.F[B-](F)(F)F,train
CHEMBL2441693,CHEMBL220,4.8,2013.0,4.8,COc1cccc(C#N)[n+]1C.F[B-](F)(F)F,train
CHEMBL2441694,CHEMBL220,4.14,2013.0,4.14,COc1c(F)c[n+](C)cc1F.O=S(=O)([O-])C(F)(F)F,train
CHEMBL2441695,CHEMBL220,4.615,2013.0,4.615,COc1c(F)c[n+](CCC[n+]2cc(F)c(OC)c(F)c2)cc1F.O=S(=O)([O-])C(F)(F)F.O=S(=O)([O-])C(F)(F)F,train
CHEMBL244213,CHEMBL220,4.0,2007.0,4.0,O=C(c1ccc(F)cc1)C(O)c1ccc(F)cc1,train
CHEMBL244415,CHEMBL220,5.65,2007.0,5.65,COc1ccc(CN(C)Cc2ccc(-c3cc4cc(OC)c(OC)cc4oc3=O)cc2)cc1,train
CHEMBL244416,CHEMBL220,7.745,2007.0,7.745,CCN(Cc1ccccc1)Cc1ccc(-c2cc3cc(OC)c(OC)cc3oc2=O)cc1,train
CHEMBL244425,CHEMBL220,4.0,2007.0,4.0,O=C(c1ccc(F)cc1F)C(O)c1ccc(F)cc1F,train
CHEMBL244426,CHEMBL220,4.0,2007.0,4.0,O=C(c1c(F)cccc1F)C(O)c1c(F)cccc1F,train
CHEMBL244427,CHEMBL220,4.0,2007.0,4.0,O=C(c1cccc(F)c1F)C(O)c1cccc(F)c1F,train
CHEMBL244428,CHEMBL220,4.0,2007.0,4.0,O=C(c1cc(F)ccc1F)C(O)c1cc(F)ccc1F,train
CHEMBL24457,CHEMBL220,4.031517051446065,2000.0,4.031517051446065,COc1cccc(-c2cc3c(c(=O)o2)C(=O)C2[C@@]4(C)CC[C@H](O)[C@@](C)(CO)C4C[C@H](O)[C@@]2(C)O3)c1,train
CHEMBL244619,CHEMBL220,6.83,2007.0,6.83,CN(Cc1ccccc1)Cc1ccc(-c2cc3cc([N+](=O)[O-])ccc3oc2=O)cc1,train
CHEMBL244624,CHEMBL220,6.55,2007.0,6.55,CN(Cc1ccccc1)Cc1ccc(-c2cc3cc(N)ccc3oc2=O)cc1,train
CHEMBL244630,CHEMBL220,4.0,2007.0,4.0,O=C(c1cc(F)cc(F)c1F)C(O)c1cc(F)cc(F)c1F,train
CHEMBL244631,CHEMBL220,4.0,2007.0,4.0,O=C(c1ccc(F)c(F)c1F)C(O)c1ccc(F)c(F)c1F,train
CHEMBL244632,CHEMBL220,4.0,2007.0,4.0,O=C(c1cccc(C(F)(F)F)c1)C(O)c1cccc(C(F)(F)F)c1,train
CHEMBL244633,CHEMBL220,4.0,2007.0,4.0,O=C(C(=O)c1ccccc1F)c1ccccc1F,val
CHEMBL244762,CHEMBL220,6.9,2007.0,6.9,CCN(CCCCCCNC1=CC(=O)C(NCCCCCCN(CC)Cc2ccccn2)=CC1=O)Cc1ccccn1,train
CHEMBL2448076,CHEMBL220,8.02,2009.0,8.02,Cl.Cl.O=C(CCc1ccc2nc(-c3ccccc3)c3c(c2c1)OCCC3)NCCCCCNc1c2c(nc3cc(Cl)ccc13)CCCC2,train
CHEMBL2448138,CHEMBL220,8.39,2008.0,8.39,,
CHEMBL244837,CHEMBL220,4.52,2007.0,4.52,COc1cc2oc3cc(CN(C)Cc4ccccc4)ccc3c(=O)c2cc1OC,train
CHEMBL244838,CHEMBL220,5.91,2007.0,5.91,COc1cc2occ(-c3ccc(CN(C)Cc4ccccc4)cc3)c(=O)c2cc1OC,train
CHEMBL2448609,CHEMBL220,7.21,1992.0,7.21,CCCCCCNC(=O)Oc1ccc2c(c1)[C@]1(C)CCN(CCC)C1C2.Cc1ccc(C(=O)OC(C(=O)O)C(OC(=O)c2ccc(C)cc2)C(=O)O)cc1.O,test
CHEMBL245046,CHEMBL220,6.51,2007.0,6.51,COc1cc2cc(-c3ccc(CN(C)Cc4ccc(C)cc4)cc3)c(=O)oc2cc1OC,train
CHEMBL245047,CHEMBL220,6.15,2007.0,6.15,COc1cccc(CN(C)Cc2ccc(-c3cc4cc(OC)c(OC)cc4oc3=O)cc2)c1,train
CHEMBL245054,CHEMBL220,5.7,2007.0,5.7,COc1cc2occ(-c3cccc(CN(C)Cc4ccccc4)c3)c(=O)c2cc1OC,train
CHEMBL245055,CHEMBL220,5.64,2007.0,5.64,COc1cc2oc(-c3cccc(CN(C)Cc4ccccc4)c3)cc(=O)c2cc1OC,train
CHEMBL245079,CHEMBL220,7.52,2002.0,7.52,CC1=C[C@H]2Cc3[nH]c(=O)ccc3[C@]3(C1)NCCC[C@H]23,train
CHEMBL24519,CHEMBL220,5.1,2000.0,5.1,C[C@]12CC[C@H](O)[C@@](C)(CO)C1C[C@H](O)[C@@]1(C)Oc3cc(-c4ccncc4)oc(=O)c3C(=O)C21,train
CHEMBL24686,CHEMBL220,8.17,2000.0,8.17,COc1cc(-c2cc3c(c(=O)o2)C[C@]2(O)[C@@]4(C)C(=O)C=CC(C)(C)[C@]4(O)CC[C@@]2(C)O3)cc(OC)c1OC,train
CHEMBL24844,CHEMBL220,4.24,2000.0,4.24,COc1ccc(-c2cc3c(c(=O)o2)C(=O)C2[C@@]4(C)CC[C@H](O)[C@@](C)(CO)C4C[C@H](O)[C@@]2(C)O3)cc1OC,train
CHEMBL248922,CHEMBL220,5.56,2008.0,5.56,CCN(Cc1ccccc1)Cc1ccc(-c2cc3cc(OCCNC(=O)CCc4ccc(F)c(F)c4)ccc3oc2=O)cc1,train
CHEMBL249448,CHEMBL220,5.67,2021.0,5.67,O=C(/C=C/c1ccc(O)c(O)c1)O[C@@H]1[C@H](O)C[C@@](O)(C(=O)O)C[C@H]1OC(=O)/C=C/c1ccc(O)c(O)c1,train
CHEMBL250688,CHEMBL220,3.94692155651658,2007.0,3.94692155651658,COc1cc2c(c(OC)c1OC)C(=O)O[C@]21[C@H](O)[C@@H](O)C=C2CCN(C)[C@H]21,train
CHEMBL251076,CHEMBL220,5.04,2007.0,5.04,COc1ccc2c3c1O[C@H]1C[C@H](O)C=C[C@@]31[C@H](O)CN(C)C2,train
CHEMBL251077,CHEMBL220,6.195,2007.0,6.195,CC(=O)O[C@H]1[C@H]2c3cc4c(cc3CN3CCC(=C[C@@H]1O)[C@H]23)OCO4,train
CHEMBL25149,CHEMBL220,4.1,2000.0,4.1,C[C@]12CC[C@H](O)[C@@](C)(CO)C1C[C@H](O)[C@@]1(C)Oc3cc(-c4ccc(Cl)nc4)oc(=O)c3C(=O)C21,train
CHEMBL252378,CHEMBL220,5.87,2012.0,5.87,CCOC(=O)c1c(C)nc2nc3c(c(N)c2c1-c1ccc(OC)cc1)CCCCC3,train
CHEMBL252379,CHEMBL220,5.89,2012.0,5.89,CCOC(=O)c1c(C)nc2nc3c(c(N)c2c1-c1ccc(OC)c(OC)c1)CCCC3,test
CHEMBL252380,CHEMBL220,6.15,2012.0,6.15,CCOC(=O)c1c(C)nc2nc3c(c(N)c2c1-c1ccc(F)cc1)CCCC3,test
CHEMBL252578,CHEMBL220,5.27,2012.0,5.27,CCOC(=O)c1c(C)nc2nc3c(c(N)c2c1-c1ccc(F)cc1)CCCCC3,train
CHEMBL252579,CHEMBL220,5.89,2012.0,5.89,CCOC(=O)c1c(C)nc2nc3c(c(N)c2c1-c1ccc(Cl)cc1)CCCC3,test
CHEMBL252580,CHEMBL220,5.19,2012.0,5.19,CCOC(=O)c1c(C)nc2nc3c(c(N)c2c1-c1ccc(OC)c(OC)c1)CCCCC3,train
CHEMBL25264,CHEMBL220,4.82,2010.0,4.82,c1ccc(-c2ccc(NCCCCN3CCc4ccccc4C3)nn2)cc1,test
CHEMBL252723,CHEMBL220,5.63,2007.0,5.63,COc1cc2c(cc1OC)[C@]1(OC2=O)[C@H](O)[C@@H](O)C=C2CCN(C)[C@H]21,train
CHEMBL252781,CHEMBL220,5.92,2012.0,5.92,Cc1nc2nc3c(c(N)c2c(-c2ccccc2)c1C(=O)OC(C)C)CCCC3,test
CHEMBL253152,CHEMBL220,3.8935680844854166,2012.0,3.8935680844854166,COc1cc([C@@H]2CC(=O)c3c(cc(O)c(C/C=C(\C)CCC=C(C)C)c3O)O2)ccc1O,test
CHEMBL253386,CHEMBL220,6.09,2012.0,6.09,CCOC(=O)c1c(C)nc2nc3c(c(N)c2c1-c1ccccc1)CCCC3,test
CHEMBL253602,CHEMBL220,4.68,2012.0,4.68,CCOC(=O)c1c(C)nc2nc3c(c(N)c2c1-c1ccccc1)CCCCC3,train
CHEMBL253603,CHEMBL220,5.05,2012.0,5.05,CCOC(=O)c1c(C)nc2nc3c(c(N)c2c1-c1ccc(OC)cc1)CCCC3,test
CHEMBL253782,CHEMBL220,5.09,2012.0,5.09,CCOC(=O)c1c(C)nc2nc3c(c(N)c2c1-c1ccncc1)CCC3,val
CHEMBL253783,CHEMBL220,5.85,2012.0,5.85,CCOC(=O)c1c(C)nc2nc3c(c(N)c2c1-c1ccncc1)CCCC3,train
CHEMBL253998,CHEMBL220,8.19,2020.0,8.19,CC(C)=CCc1c(O)cc(O)c2c1O[C@H](c1ccccc1)CC2=O,test
CHEMBL254016,CHEMBL220,8.48,2008.0,8.48,CCN(CCCCCC(=O)N1CCC(C2CCN(C(=O)CCCCCN(CC)Cc3ccccc3OC)CC2)CC1)Cc1ccccc1OC,train
CHEMBL25412,CHEMBL220,6.92,2010.0,6.92,c1ccc(CN2CCC(CCNc3ccc(-c4ccccc4)nn3)CC2)cc1,val
CHEMBL254299,CHEMBL220,3.7986028756795487,2008.0,3.7986028756795487,C[N+](C)(C)CCOC(=O)Nc1ccncc1.[I-],train
CHEMBL254300,CHEMBL220,3.935916564036404,2008.0,3.935916564036404,C[N+](C)(C)CCOC(=O)Nc1ccncc1Br.[I-],train
CHEMBL254302,CHEMBL220,4.19,2008.0,4.19,C[N+](C)(C)CCOC(=O)Nc1cc(Cl)nc(Cl)c1.[I-],train
CHEMBL255230,CHEMBL220,4.36,2008.0,4.36,C#CCN[C@@H]1CCc2cc(Cl)c(OC(=O)N(C)CCC)cc21,train
CHEMBL255231,CHEMBL220,4.28,2008.0,4.28,C#CCN[C@@H]1CCc2ccc(OC(=O)N(C)CC)cc21,train
CHEMBL25524,CHEMBL220,3.9956786262173574,2000.0,3.9956786262173574,C[C@]12CC[C@H](O)[C@@](C)(CO)C1C[C@H](O)[C@@]1(C)Oc3cc(-c4ccccn4)oc(=O)c3C(=O)C21,train
CHEMBL25629,CHEMBL220,4.46,2000.0,4.46,C[C@]12CC[C@H](O)[C@@](C)(CO)C1C[C@H](O)[C@@]1(C)Oc3cc(-c4cccnc4)oc(=O)c3C(=O)C21,train
CHEMBL257540,CHEMBL220,6.02,2008.0,6.02,COc1ccccc1CNCCCNCCCNCCC[n+]1c(-c2ccccc2)c2cc(N)ccc2c2ccc(N)cc21,test
CHEMBL258893,CHEMBL220,5.95,2012.0,5.95,COc1ccc2c(c[n+](C)c3c4cc5c(cc4ccc23)OCO5)c1OC.[Cl-],train
CHEMBL258928,CHEMBL220,7.05,2010.0,7.05,NCCCCCCCCNc1c2c(nc3ccccc13)CCCC2,train
CHEMBL259264,CHEMBL220,6.46,2008.0,6.46,OCCC1CCN(Cc2ccc(OCCCN3CCCCC3)cc2)CC1,train
CHEMBL259482,CHEMBL220,5.96,2008.0,5.96,OCC1CCN(Cc2ccc(OCCCN3CCCCC3)cc2)CC1,train
CHEMBL259523,CHEMBL220,5.24,2008.0,5.24,CC[C@@]1(c2cccc(O)c2)CCCCN(CCCCCCCCCCN2CCCC[C@@](CC)(c3cccc(O)c3)C2)C1,train
CHEMBL260308,CHEMBL220,7.74,2008.0,7.74,O=[N+]([O-])OCCCCCCNCCCCNc1c2c(nc3ccccc13)CCCC2,train
CHEMBL260964,CHEMBL220,7.29,2008.0,7.29,O=C(CO/N=[N+](\[O-])N1CCCC1)NCCCCNc1c2c(nc3ccccc13)CCCC2,train
CHEMBL26125,CHEMBL220,6.74,2008.0,6.74,CCN(Cc1ccccc1)Cc1ccc(-c2cc3ccc(OCCNC(=O)Cc4cc(F)cc(F)c4)cc3oc2=O)cc1,train
CHEMBL261384,CHEMBL220,8.2,2008.0,8.2,O=[N+]([O-])OCCCCCCNCCCNc1c2c(nc3ccccc13)CCCC2,train
CHEMBL261855,CHEMBL220,4.45,2021.0,4.45,Cc1ccc2[nH]c3ccncc3c2c1,train
CHEMBL263198,CHEMBL220,6.44,1991.0,6.44,Nc1c2c(nc3c1CCCC3)CCCC2,val
CHEMBL263322,CHEMBL220,8.82,1992.0,8.82,CN1CCC(CCCC2Cc3ccccc3C2=O)CC1,train
CHEMBL263785,CHEMBL220,7.76,2003.0,7.76,CCCOc1ccccc1C[N+](C)(CC)CCCCCC(=O)N(C)CCCCCCCCN(C)C(=O)CCCCC[N+](C)(CC)Cc1ccccc1OCCC,train
CHEMBL264242,CHEMBL220,7.21,2013.0,7.21,COc1cc2c(cc1OC)C(=O)C(Oc1cccc(CN3CCN(C)CC3)c1)C2,test
CHEMBL265416,CHEMBL220,6.01,2007.0,6.01,COc1cc2cc(-c3ccc(CN(C)Cc4ccccc4[N+](=O)[O-])cc3)c(=O)oc2cc1OC,train
CHEMBL266045,CHEMBL220,7.05,2006.0,7.05,COc1cc(C(=O)NCCC(=O)NNc2c3c(nc4ccccc24)CCCC3)cc(OC)c1OC,train
CHEMBL266084,CHEMBL220,5.0,2006.0,5.0,COc1ccc2[nH]c3c(c2c1)CCNC3,train
CHEMBL267649,CHEMBL220,5.05,1992.0,5.05,CN(C)Cc1ccc(CSCc2ccccc2CSCc2ccc(CN(C)C)o2)o1,test
CHEMBL268481,CHEMBL220,4.4,2001.0,4.4,CN1CC[C@H]2COc3c(O)cccc3[C@H]21,test
CHEMBL268499,CHEMBL220,6.13,1992.0,6.13,CN(C)Cc1ccc(CSCCCCCCSCc2ccc(CN(C)C)o2)o1,test
CHEMBL269538,CHEMBL220,4.95,2018.0,4.95,COc1ccc2c(c1)[nH]c1c(C)nccc12,train
CHEMBL269863,CHEMBL220,7.03,2008.0,7.03,O=C(CCO[N+](=O)[O-])NCCCNc1c2c(nc3ccccc13)CCCC2,train
CHEMBL269865,CHEMBL220,7.55,2008.0,7.55,O=C(CO[N+](=O)[O-])NCCCNc1c2c(nc3ccccc13)CCCC2,train
CHEMBL270248,CHEMBL220,5.37,2008.0,5.37,CCN(Cc1ccccc1)Cc1ccc(-c2cc3ccc(OCCNC(=O)/C=C/c4ccc(Cl)c(Cl)c4)cc3oc2=O)cc1,train
CHEMBL270349,CHEMBL220,7.16,2008.0,7.16,CC(C)(CO[N+](=O)[O-])C(=O)NCCCNc1c2c(nc3ccccc13)CCCC2,train
CHEMBL270491,CHEMBL220,8.19,2008.0,8.19,O=[N+]([O-])OCCCNCCCNc1c2c(nc3ccccc13)CCCC2,train
CHEMBL271385,CHEMBL220,7.67,2008.0,7.67,CC(C)(C)C(=O)NCCCCNc1c2c(nc3ccccc13)CCCC2,train
CHEMBL271709,CHEMBL220,5.34,2008.0,5.34,CCN(Cc1ccccc1)Cc1ccc(-c2cc3ccc(OCCNC(=O)/C=C/c4cc(F)cc(F)c4)cc3oc2=O)cc1,train
CHEMBL271710,CHEMBL220,6.49,2008.0,6.49,CCN(Cc1ccccc1)Cc1ccc(-c2cc3ccc(OCCNC(=O)CCc4ccc(F)c(F)c4)cc3oc2=O)cc1,train
CHEMBL271746,CHEMBL220,6.65,2008.0,6.65,CC(C)(CO[N+](=O)[O-])C(=O)NCCCCNc1c2c(nc3ccccc13)CCCC2,train
CHEMBL272229,CHEMBL220,8.0,2008.0,8.0,O=[N+]([O-])OCCNCCCNc1c2c(nc3ccccc13)CCCC2,train
CHEMBL272230,CHEMBL220,7.34,2008.0,7.34,O=C(CCO[N+](=O)[O-])NCCCCNc1c2c(nc3ccccc13)CCCC2,train
CHEMBL272700,CHEMBL220,6.26,2008.0,6.26,CCN(Cc1ccccc1)Cc1ccc(-c2cc3cc(OCCNC(=O)Cc4cc(F)cc(F)c4)ccc3oc2=O)cc1,train
CHEMBL273051,CHEMBL220,7.45,2008.0,7.45,O=C(CO/N=[N+](\[O-])N1CCCC1)NCCCNc1c2c(nc3ccccc13)CCCC2,test
CHEMBL273078,CHEMBL220,7.65,2008.0,7.65,O=C(CO[N+](=O)[O-])NCCCCNc1c2c(nc3ccccc13)CCCC2,train
CHEMBL273904,CHEMBL220,5.355,1992.0,5.355,COc1ccc(C)cc1OC,val
CHEMBL274030,CHEMBL220,5.52,2018.0,5.52,Cc1c(C)c2ccc(OCc3ccc(Cl)cc3)cc2oc1=O,train
CHEMBL274107,CHEMBL220,7.53,2001.0,7.53,CNC(=O)Oc1cccc2c1OC[C@@H]1CCN(C)[C@H]21,test
CHEMBL275224,CHEMBL220,4.3979400086720375,2021.0,4.3979400086720375,c1ccc2c(c1)[nH]c1cnccc12,train
CHEMBL275537,CHEMBL220,6.48,1992.0,6.48,CN(C)Cc1ccc(CSCCCSCc2ccc(CN(C)C)o2)o1,train
CHEMBL276076,CHEMBL220,5.52,2018.0,5.52,Cc1c(C)c2ccc(OCc3ccc(F)cc3)cc2oc1=O,train
CHEMBL276444,CHEMBL220,6.84,2007.0,6.84,CCN(CCCCCCNC1=CC(=O)C(NCCCCCCN(CC)Cc2ccco2)=CC1=O)Cc1ccco1,val
CHEMBL276473,CHEMBL220,3.3010299956639813,2014.0,3.3010299956639813,O=C(/C=C/c1ccccc1)c1ccc(O)cc1,train
CHEMBL27673,CHEMBL220,5.27,1998.0,5.27,COc1ccccc1CNCCCCCCNCCCCCCCCNCCCCCCNCc1ccccc1OC,train
CHEMBL27675,CHEMBL220,4.58,1991.0,4.58,C[n+]1ccn(COCCS(C)(=O)=O)c1/C=N/O.[Cl-],train
CHEMBL277665,CHEMBL220,4.0,2000.0,4.0,C[C@]12CC[C@H](O)[C@@](C)(CO)C1C[C@H](O)[C@@]1(C)Oc3cc(-c4ccccc4)oc(=O)c3C(=O)C21,train
CHEMBL277984,CHEMBL220,7.96,2008.0,7.96,O=[N+]([O-])OCCNCCCCNc1c2c(nc3ccccc13)CCCC2,train
CHEMBL278020,CHEMBL220,5.135,2014.0,5.135,CN(C)C(=O)Oc1cccc([N+](C)(C)C)c1,val
CHEMBL278193,CHEMBL220,5.0,2006.0,5.0,COc1ccc2[nH]c3c(C)nccc3c2c1,train
CHEMBL278342,CHEMBL220,7.585,2000.0,7.585,COc1ccc(-c2cc3c(c(=O)o2)C[C@]2(O)[C@@]4(C)C(=O)C=CC(C)(C)[C@]4(O)CC[C@@]2(C)O3)cc1,train
CHEMBL278819,CHEMBL220,4.07,2010.0,4.07,Cc1cc(-c2ccccc2)nnc1NCCN1CCOCC1,test
CHEMBL278826,CHEMBL220,3.0,1986.0,3.0,Cc1noc(/C=N/O)n1,train
CHEMBL278963,CHEMBL220,7.52,2005.0,7.52,O=C(CCCCC1CCSS1)NCCCCCCNc1c2c(nc3ccccc13)CCCC2,val
CHEMBL28,CHEMBL220,5.47,2010.0,5.47,O=c1cc(-c2ccc(O)cc2)oc2cc(O)cc(O)c12,train
CHEMBL281202,CHEMBL220,3.547293773488971,2020.0,3.547293773488971,Cc1ccc(C(C)C)cc1O,val
CHEMBL281588,CHEMBL220,4.89,2010.0,4.89,c1ccc(-c2ccc(NCCN3CCCCC3)nn2)cc1,train
CHEMBL283509,CHEMBL220,9.0,2000.0,9.0,COc1ccc(-c2cc3c(c(=O)o2)C[C@]2(O)[C@@]4(C)C(=O)C=CC(C)(C)[C@]4(O)CC[C@@]2(C)O3)cc1OC,train
CHEMBL284028,CHEMBL220,4.0,2005.0,4.0,Oc1nc2cc(Cl)c(Cl)cc2nc1O,train
CHEMBL284369,CHEMBL220,6.68,1992.0,6.68,CCCCCCNC(=O)Oc1ccc2c(c1)[C@@H]1CCN(CC)C1C2,val
CHEMBL284519,CHEMBL220,7.42,1992.0,7.42,CCN1CC[C@@]2(C)c3cc(OC(=O)NC)ccc3CC12,val
CHEMBL284692,CHEMBL220,4.25,1989.0,4.25,Cn1cc[n+](COCc2ccccc2)c1/C=N/O.[Cl-],train
CHEMBL284938,CHEMBL220,7.11,1992.0,7.11,CCCCCCNC(=O)Oc1ccc2c(c1)[C@]1(C)CCN(C)C1C2,val
CHEMBL286690,CHEMBL220,7.16,1992.0,7.16,CCN1CC[C@@]2(C)c3cc(OC(=O)NCc4ccccc4)ccc3CC12,train
CHEMBL286727,CHEMBL220,7.004999999999999,1992.0,7.004999999999999,Cc1cccc(C)c1,val
CHEMBL286990,CHEMBL220,4.97,1991.0,4.97,C[n+]1ccn(COCC(C)(C)[N+](=O)[O-])c1/C=N/O.[Cl-],train
CHEMBL287691,CHEMBL220,6.6,1992.0,6.6,CCN1CC[C@H]2c3cc(OC(=O)NC)ccc3CC21,val
CHEMBL288316,CHEMBL220,4.31,1989.0,4.31,CC(C)OC[n+]1ccn(C)c1/C=N/O.[Cl-],train
CHEMBL288549,CHEMBL220,6.3,1992.0,6.3,CCCCCCCNC(=O)Oc1ccc2c(c1)[C@]1(C)CCN(Cc3ccccc3)C1C2,train
CHEMBL289890,CHEMBL220,3.705248601868118,1984.0,3.705248601868118,COC[n+]1ccn(C)c1/C=N/O.[Cl-],train
CHEMBL291233,CHEMBL220,4.115,2011.0,4.115,O/N=C/c1cc[n+](COC[n+]2ccc(/C=N/O)cc2)cc1.[Cl-].[Cl-],train
CHEMBL291783,CHEMBL220,5.0,2002.0,5.0,C[N+](C)(Cc1ccccc1)c1ccccc1O.[Br-],val
CHEMBL292121,CHEMBL220,6.36,2000.0,6.36,Nc1c2c(nc3ccccc13)-c1ccc(F)cc1C2,train
CHEMBL292122,CHEMBL220,5.41,2000.0,5.41,Cc1cccc2c1Cc1c-2nc2ccccc2c1N,train
CHEMBL292314,CHEMBL220,7.87,1992.0,7.87,Nc1c2c(nc3cc(Cl)ccc13)CCCC2,train
CHEMBL292421,CHEMBL220,6.77,1994.0,6.77,CCCCCCCNC(=O)Oc1ccc2c(c1)C1CCN(CC)C2C1,train
CHEMBL292480,CHEMBL220,5.19,2000.0,5.19,COc1ccc2c(c1)Cc1c-2nc2ccccc2c1N,train
CHEMBL292695,CHEMBL220,5.75,1999.0,5.75,Cc1ccccc1NC(=O)Oc1ccc2c(c1)[C@]1(C)CCN(Cc3ccccc3)C1N2Cc1ccccc1,train
CHEMBL292788,CHEMBL220,6.16,1995.0,6.16,CN1CC[C@@]2(C)c3cc(OC(=O)NCCN4CCOCC4)ccc3N(C)[C@@H]12,train
CHEMBL29300,CHEMBL220,5.17,1991.0,5.17,CN(CCn1cc[n+](C)c1/C=N/O)S(C)(=O)=O.[Cl-],train
CHEMBL293268,CHEMBL220,5.0,2002.0,5.0,COc1cccc(C[N+](C)(C)Cc2ccccc2)c1.[Br-],train
CHEMBL293316,CHEMBL220,5.0,2002.0,5.0,C=CC[N+](C)(C)c1cccc(OC)c1.[Br-],val
CHEMBL293720,CHEMBL220,4.89,1999.0,4.89,CC(C)c1ccc(NC(=O)Oc2ccc3c(c2)[C@]2(C)CCN(C)C2N3Cc2ccccc2)cc1,test
CHEMBL293751,CHEMBL220,5.0,2002.0,5.0,COc1cccc([N+](C)(C)Cc2ccccc2)c1.[Br-],val
CHEMBL293842,CHEMBL220,5.37,2000.0,5.37,COc1ccc2c(c1)-c1nc3ccccc3c(N)c1C2,train
CHEMBL293896,CHEMBL220,5.27,2000.0,5.27,Nc1c2c(nc3ccccc13)-c1ccc(Cl)cc1C2,train
CHEMBL294152,CHEMBL220,5.0,2002.0,5.0,C=C(C)C[N+](C)(C)c1ccccc1OC.[Br-],val
CHEMBL294199,CHEMBL220,3.6989700043360187,2021.0,3.6989700043360187,COc1cc(CNC(=O)CCCC/C=C/C(C)C)ccc1O,val
CHEMBL294208,CHEMBL220,5.7,1999.0,5.7,CC(C)c1ccc(NC(=O)Oc2ccc3c(c2)[C@]2(C)CCN(C)C2N3)cc1,train
CHEMBL294251,CHEMBL220,5.0,2002.0,5.0,COc1ccc(C(=O)CCc2cccc([N+](C)(C)C)c2)cc1OC.[Br-],test
CHEMBL294264,CHEMBL220,6.52,2023.0,6.52,O=C1c2ccccc2C(=O)c2c(O)c(O)cc(O)c21,train
CHEMBL294292,CHEMBL220,5.0,2002.0,5.0,C=C(C)C[N+](C)(C)c1ccc(O)cc1.[Br-],val
CHEMBL294498,CHEMBL220,5.0,2002.0,5.0,C=CC[N+](C)(C)Cc1cccc(O)c1.[Br-],val
CHEMBL294525,CHEMBL220,6.54,2000.0,6.54,CCCCCCCNc1c2c(nc3cc([N+](=O)[O-])ccc13)CCCC2,train
CHEMBL294674,CHEMBL220,5.0,2002.0,5.0,C=C(C)C[N+](C)(C)c1ccccc1O.[Br-],val
CHEMBL294745,CHEMBL220,4.54,2000.0,4.54,Nc1ccc2c(N)c3c(nc2c1)-c1ccccc1C3,train
CHEMBL294891,CHEMBL220,6.4,1996.0,6.4,C/C=C1\C2C=C(C(F)(F)F)CC1(N)c1ccc(O)nc1C2,train
CHEMBL294897,CHEMBL220,5.0,2002.0,5.0,C[N+](C)(Cc1ccccc1)c1ccc(O)cc1.[Br-],val
CHEMBL295124,CHEMBL220,6.16,2015.0,6.16,COc1ccc2cc3[n+](cc2c1OC)CCc1cc2c(cc1-3)OCO2,train
CHEMBL295462,CHEMBL220,7.0,2010.0,7.0,CNC(=O)Oc1ccc2c(c1)c(C)cn2Nc1ccncc1F,train
CHEMBL296277,CHEMBL220,3.0,1986.0,3.0,CC[N+](C)(CC)CCS/C(=N\O)C(=O)c1ccc(C#N)cc1.[Cl-],val
CHEMBL296429,CHEMBL220,3.0,1986.0,3.0,Cc1ccc(C(=O)/C(=N/O)SCC[N+](C)(C)C)cc1.[Cl-],val
CHEMBL296560,CHEMBL220,3.0,1986.0,3.0,C[N+](C)(C)CCS/C(=N\O)C(=O)c1ccc(Br)cc1.[I-],val
CHEMBL296669,CHEMBL220,3.0,1986.0,3.0,CN(C)CCCS/C(=N\O)C(=O)c1ccc(Br)cc1.O=C(O)C(=O)O,val
CHEMBL296786,CHEMBL220,3.0,1986.0,3.0,CC[N+](C)(CC)CCS/C(=N\O)C(=O)c1ccc(Cl)cc1.[Cl-],val
CHEMBL297316,CHEMBL220,3.0,1986.0,3.0,C[N+](C)(C)CCS/C(=N\O)C(=O)c1ccc(F)cc1.[Cl-],val
CHEMBL298312,CHEMBL220,6.324999999999999,1992.0,6.324999999999999,Cc1cccc(O)c1,val
CHEMBL299435,CHEMBL220,4.0,2002.0,4.0,C[C@@H]1C(=O)N(C(=O)C2CC2)[C@H]2CCN(C(=O)[C@@H]3CCCN3S(=O)(=O)c3cccc4c(N(C)C)cccc34)[C@H]12,train
CHEMBL299898,CHEMBL220,5.0,2002.0,5.0,CC(=O)Oc1ccccc1[N+](C)(C)Cc1ccccc1.[Br-],val
CHEMBL300143,CHEMBL220,7.99,1999.0,7.99,Cc1ccccc1NC(=O)Oc1ccc2c(c1)[C@]1(C)CCN(C)C1N2C,train
CHEMBL300170,CHEMBL220,5.89,2002.0,5.89,COc1ccc(C(=O)CCc2ccc([N+](C)(C)Cc3ccccc3)cc2)cc1OC.[Br-],train
CHEMBL300176,CHEMBL220,5.0,2002.0,5.0,COc1cccc(C[N+](C)(C)C)c1.[Br-],val
CHEMBL300808,CHEMBL220,4.522878745280337,1999.0,4.522878745280337,CC(C)c1ccc(NC(=O)Oc2ccc3c(c2)[C@]2(C)CCN(Cc4ccccc4)C2N3Cc2ccccc2)cc1,train
CHEMBL301610,CHEMBL220,4.0,2002.0,4.0,CC(=O)N1C(=O)[C@@H](C)[C@@H]2[C@@H]1CCN2C(=O)[C@@H]1CCCN1S(=O)(=O)c1cccc2c(N(C)C)cccc12,test
CHEMBL302168,CHEMBL220,6.8,1994.0,6.8,CCCCCCCNC(=O)Oc1ccc2c(c1)C1(C)CCN(CC)C2C1,train
CHEMBL302179,CHEMBL220,5.19,1998.0,5.19,COc1ccccc1CNCCCCCCNCCCCCCNCCCCCCNCc1ccccc1OC,train
CHEMBL302842,CHEMBL220,6.46,2000.0,6.46,COc1ccc2c(N)c3c(nc2c1)CCCC3,train
CHEMBL303574,CHEMBL220,5.12,1995.0,5.12,CN1CC[C@@]2(C)c3cc(OC(=O)NCCCCCN4CCOCC4)ccc3N(C)[C@@H]12,test
CHEMBL303846,CHEMBL220,3.8239087409443187,2001.0,3.8239087409443187,CC1(C)C=Cc2cc3ccc(=O)oc3cc2O1,test
CHEMBL304447,CHEMBL220,5.92,2000.0,5.92,Nc1c2c(nc3cc(F)ccc13)-c1ccccc1C2,train
CHEMBL304820,CHEMBL220,3.4436974992327127,1986.0,3.4436974992327127,O/N=C/c1nc(-c2cccs2)no1,val
CHEMBL305386,CHEMBL220,5.0,2002.0,5.0,C=C(C)C[N+](C)(C)c1cccc(OC)c1.[Br-],val
CHEMBL305660,CHEMBL220,5.13,,5.13,CC(C)(C)c1ccc(C(=O)CCCN2CCC(OC(c3ccccc3)c3ccccc3)CC2)cc1,test
CHEMBL305670,CHEMBL220,7.66,1990.0,7.66,CNC(=O)Oc1ccc2c(c1)[C@]1(C)CCN[C@@H]1N2C,train
CHEMBL306175,CHEMBL220,7.12,2010.0,7.12,O=C(CCC1CCN(Cc2ccccc2Cl)CC1)c1ccc2c(c1)CCN2,test
CHEMBL306179,CHEMBL220,7.3,2010.0,7.3,Cc1cccc(CN2CCC(CCC(=O)c3ccc4c(c3)CCN4)CC2)c1,test
CHEMBL306492,CHEMBL220,8.8,2010.0,8.8,c1ccc2c(NCCCCCCCCNc3c4c(nc5ccccc35)CCCCC4)c3c(nc2c1)CCCCC3,train
CHEMBL306776,CHEMBL220,6.09,2010.0,6.09,COc1ccccc1CN1CCC(CCC(=O)c2ccc3c(c2)CCN3)CC1,test
CHEMBL307004,CHEMBL220,10.15,2010.0,10.15,Clc1ccc2c(NCCCCCCCNc3c4c(nc5cc(Cl)ccc35)CCCC4)c3c(nc2c1)CCCC3,train
CHEMBL307513,CHEMBL220,5.88,2010.0,5.88,CCCN1CCCCc2ccc(C(=O)CCC3CCN(Cc4ccccc4)CC3)cc21,train
CHEMBL307693,CHEMBL220,6.07,2010.0,6.07,O=C(CCC1CCN(Cc2ccccc2)CC1)c1ccc2c(c1)N(Cc1ccccc1)CC2,train
CHEMBL307721,CHEMBL220,7.425,1990.0,7.425,C=CCN1CC[C@@]2(C)c3cc(OC(=O)NC)ccc3N(C)[C@@H]12,train
CHEMBL307832,CHEMBL220,6.41,2010.0,6.41,O=C(CCC1CCN(Cc2cccc([N+](=O)[O-])c2)CC1)c1ccc2c(c1)NCCCC2,train
CHEMBL307908,CHEMBL220,8.57,2010.0,8.57,c1ccc2c(NCCCCCCCNc3c4c(nc5ccccc35)CCCCC4)c3c(nc2c1)CCCCC3,test
CHEMBL308043,CHEMBL220,6.68,1990.0,6.68,CN(C)C(=O)Oc1ccc2c(c1)[C@]1(C)CCN(C)[C@@H]1N2C,train
CHEMBL308093,CHEMBL220,6.84,2010.0,6.84,O=C(CCC1CCN(Cc2cccc(F)c2)CC1)c1ccc2c(c1)NCCCC2,train
CHEMBL308503,CHEMBL220,4.57,1990.0,4.57,CN1CC[C@@]2(C)c3cc(OC(=O)NC(C)(C)C)ccc3N(C)[C@@H]12,train
CHEMBL3085398,CHEMBL220,4.54,2020.0,4.54,C=CC(C)(C)c1cc([C@@H]2CC(=O)c3c(O)cc(O)c(CC=C(C)C)c3O2)c(O)cc1O,test
CHEMBL3085881,CHEMBL220,6.85,2013.0,6.85,CCn1c(=O)n(C)s/c1=N\CCC1CCN(Cc2ccccc2)CC1,train
CHEMBL3086276,CHEMBL220,7.01,2013.0,7.01,COc1cc2[se]n(CCC3CCN(Cc4ccccc4)CC3)c(=O)c2cc1OC,train
CHEMBL3086277,CHEMBL220,6.64,2013.0,6.64,COc1cc2[se]n(CCCC3CCN(Cc4ccccc4)CC3)c(=O)c2cc1OC,test
CHEMBL3086278,CHEMBL220,6.99,2013.0,6.99,COc1cc2[se]n(CCCCC3CCN(Cc4ccccc4)CC3)c(=O)c2cc1OC,train
CHEMBL3086279,CHEMBL220,6.79,2013.0,6.79,COc1cc2c(cc1OC)[Se](=O)N(CCC1CCN(Cc3ccccc3)CC1)C2=O,test
CHEMBL3087674,CHEMBL220,6.22,2013.0,6.22,CC(C)Cc1ccc(C(C)C(=O)NCCCNCCCNC2=CC(=O)C(NCCCNCCCNC(=O)C(C)c3ccc(CC(C)C)cc3)=CC2=O)cc1,train
CHEMBL3087675,CHEMBL220,5.02,2013.0,5.02,CC1=C(CC(=O)NCCCNCCCNC2=CC(=O)C(NCCCNCCCNC(=O)CC3=C(C)/C(=C\c4ccc([S+](C)[O-])cc4)c4ccc(F)cc43)=CC2=O)c2cc(F)ccc2/C1=C/c1ccc([S+](C)[O-])cc1,test
CHEMBL3087676,CHEMBL220,5.515,2013.0,5.515,O=C(Cc1ccccc1Nc1c(Cl)cccc1Cl)NCCCNCCCNC1=CC(=O)C(NCCCNCCCNC(=O)Cc2ccccc2Nc2c(Cl)cccc2Cl)=CC1=O,train
CHEMBL3087677,CHEMBL220,4.99,2013.0,4.99,COc1ccc2c(c1)c(CC(=O)NCCCNCCCNC1=CC(=O)C(NCCCNCCCNC(=O)Cc3c(C)n(C(=O)c4ccc(Cl)cc4)c4ccc(OC)cc34)=CC1=O)c(C)n2C(=O)c1ccc(Cl)cc1,train
CHEMBL3087679,CHEMBL220,4.56,2013.0,4.56,C[C@@H](C(=O)NCCCNCCCNC1=CC(=O)C(NCCCNCCCNC(=O)[C@H](C)c2ccc(-c3ccccc3)c(F)c2)=CC1=O)c1ccc(-c2ccccc2)c(F)c1,train
CHEMBL3087680,CHEMBL220,5.54,2013.0,5.54,C[C@H](C(=O)NCCCNCCCNC1=CC(=O)C(NCCCNCCCNC(=O)[C@@H](C)c2ccc(-c3ccccc3)c(F)c2)=CC1=O)c1ccc(-c2ccccc2)c(F)c1,train
CHEMBL3087681,CHEMBL220,4.698970004336019,2013.0,4.698970004336019,CC(C(=O)NCCCCCCNC1=CC(=O)C(NCCCCCCNC(=O)C(C)c2ccc(-c3ccccc3)c(F)c2)=CC1=O)c1ccc(-c2ccccc2)c(F)c1,train
CHEMBL3087682,CHEMBL220,4.698970004336019,2013.0,4.698970004336019,CC(C(=O)NCCCNC1=CC(=O)C(NCCCNC(=O)C(C)c2ccc(-c3ccccc3)c(F)c2)=CC1=O)c1ccc(-c2ccccc2)c(F)c1,test
CHEMBL3087683,CHEMBL220,3.9706162223147903,2013.0,3.9706162223147903,CC(C(=O)NCCCNCCCNC1=CC(=O)c2ccccc2C1=O)c1ccc(-c2ccccc2)c(F)c1,test
CHEMBL308793,CHEMBL220,7.96,2010.0,7.96,CCN1CCc2cc(C(=O)CCC3CCN(Cc4ccccc4)CC3)ccc21,test
CHEMBL308807,CHEMBL220,7.8,2010.0,7.8,O=C(CCC1CCN(Cc2cccc(F)c2)CC1)c1ccc2c(c1)CCN2,test
CHEMBL309131,CHEMBL220,3.0,1986.0,3.0,O/N=C/c1nc(-c2cccc3ccccc23)no1,train
CHEMBL3091687,CHEMBL220,4.522878745280337,2018.0,4.522878745280337,NCCCCN(C[C@H]1Cc2ccccc2CN1)[C@H]1CCCc2cccnc21,train
CHEMBL309173,CHEMBL220,5.58,2010.0,5.58,COc1ccccc1CN1CCC(CCC(=O)c2ccc3c(c2)NCCCC3)CC1,train
CHEMBL3093173,CHEMBL220,7.01,2013.0,7.01,COc1ccc(/C=C2\COc3cc(OCCCCCNc4c5c(nc6ccccc46)CCCC5)ccc3C2=O)cc1,train
CHEMBL3093174,CHEMBL220,6.8,2013.0,6.8,COc1ccc(/C=C2\COc3cc(OCCCCCCNc4c5c(nc6ccccc46)CCCC5)ccc3C2=O)cc1,train
CHEMBL3093175,CHEMBL220,6.92,2013.0,6.92,COc1ccc(/C=C2\COc3cc(OCCCCCCCCNc4c5c(nc6ccccc46)CCCC5)ccc3C2=O)cc1,test
CHEMBL3093180,CHEMBL220,6.98,2013.0,6.98,O=C1/C(=C/c2ccc(F)cc2)COc2cc(OCCCCCCNc3c4c(nc5ccccc35)CCCC4)ccc21,train
CHEMBL309351,CHEMBL220,6.64,1998.0,6.64,C[C@]12CCNC1Nc1ccc(OC(=O)Nc3ccccc3)cc12,train
CHEMBL3093787,CHEMBL220,7.71,2013.0,7.71,O=c1c2ccccc2[se]n1CCCCCCNc1c2c(nc3ccccc13)CCCC2,train
CHEMBL3093791,CHEMBL220,7.82,2013.0,7.82,COc1cc2[se]n(CCCCCCNc3c4c(nc5ccccc35)CCCC4)c(=O)c2cc1OC,train
CHEMBL3093794,CHEMBL220,6.1,2013.0,6.1,[Br-].[Br-].c1cc[n+](CCCCCCC[n+]2ccc3ccccc3c2)cc1,test
CHEMBL3093795,CHEMBL220,6.85,2013.0,6.85,[Br-].[Br-].c1cc[n+](CCCCCCCC[n+]2ccc3ccccc3c2)cc1,train
CHEMBL3093796,CHEMBL220,7.4,2013.0,7.4,[Br-].[Br-].c1cc[n+](CCCCCCCCC[n+]2ccc3ccccc3c2)cc1,train
CHEMBL3093797,CHEMBL220,7.7,2013.0,7.7,[Br-].[Br-].c1cc[n+](CCCCCCCCCC[n+]2ccc3ccccc3c2)cc1,train
CHEMBL3093798,CHEMBL220,7.52,2013.0,7.52,[Br-].[Br-].c1cc[n+](CCCCCCCCCCC[n+]2ccc3ccccc3c2)cc1,val
CHEMBL3093799,CHEMBL220,6.27,2013.0,6.27,[Br-].[Br-].c1cc[n+](CCCCCCC[n+]2cccc3ccccc32)cc1,train
CHEMBL3093800,CHEMBL220,6.57,2013.0,6.57,[Br-].[Br-].c1cc[n+](CCCCCCCC[n+]2cccc3ccccc32)cc1,train
CHEMBL3093801,CHEMBL220,6.92,2013.0,6.92,[Br-].[Br-].c1cc[n+](CCCCCCCCC[n+]2cccc3ccccc32)cc1,test
CHEMBL3093802,CHEMBL220,6.4,2013.0,6.4,[Br-].[Br-].c1cc[n+](CCCCCCCCCC[n+]2cccc3ccccc32)cc1,test
CHEMBL3093803,CHEMBL220,7.77,2013.0,7.77,[Br-].[Br-].c1cc[n+](CCCCCCCCCCC[n+]2cccc3ccccc32)cc1,train
CHEMBL3093804,CHEMBL220,8.0,2013.0,8.0,[Br-].[Br-].c1cc[n+](CCCCCCCCCCCC[n+]2cccc3ccccc32)cc1,train
CHEMBL309490,CHEMBL220,5.995,2010.0,5.995,O=c1c(O)c(-c2ccccc2)oc2cc(O)cc(O)c12,train
CHEMBL309667,CHEMBL220,7.96,1998.0,7.96,CNC(=O)Oc1ccc2c(c1)[C@]1(C)CCNC1N2,train
CHEMBL3099496,CHEMBL220,9.11,2013.0,9.11,O=[N+]([O-])c1cccc2c(NCCCCCCCCNc3c4c(nc5ccccc35)CCCC4)c3c(nc12)CCCC3,train
CHEMBL3099497,CHEMBL220,9.64,2013.0,9.64,Nc1cccc2c(NCCCCCCCCNc3c4c(nc5ccccc35)CCCC4)c3c(nc12)CCCC3,train
CHEMBL3099498,CHEMBL220,8.72,2013.0,8.72,O=C(CC[C@H](NC(=O)CNC(=O)OCc1ccccc1)C(=O)N[C@@H](Cc1ccccc1)C(=O)OCc1ccccc1)NCC(=O)Nc1cccc2c(NCCCCCCCCNc3c4c(nc5ccccc35)CCCC4)c3c(nc12)CCCC3,train
CHEMBL3099499,CHEMBL220,8.3,2013.0,8.3,CN(CCCCNc1c2c(nc3ccccc13)CCCC2)CCCNc1c2c(nc3c(NC(=O)CNC(=O)CC[C@H](NC(=O)CNC(=O)OCc4ccccc4)C(=O)N[C@@H](Cc4ccccc4)C(=O)OCc4ccccc4)cccc13)CCCC2,test
CHEMBL3099500,CHEMBL220,6.38846077825829,2013.0,6.38846077825829,CN(CCCCNc1c2c(nc3c(NC(=O)CNC(=O)CC[C@H](NC(=O)CNC(=O)OCc4ccccc4)C(=O)N[C@@H](Cc4ccccc4)C(=O)OCc4ccccc4)cccc13)CCCC2)CCCNc1c2c(nc3ccccc13)CCCC2,train
CHEMBL310467,CHEMBL220,6.42,2010.0,6.42,CCN1CCCCc2ccc(C(=O)CCC3CCN(Cc4ccccc4)CC3)cc21,train
CHEMBL310555,CHEMBL220,7.0,2010.0,7.0,Oc1cccc2cccnc12,train
CHEMBL310918,CHEMBL220,7.19,2010.0,7.19,O=C(CCC1CCN(Cc2cccc([N+](=O)[O-])c2)CC1)c1ccc2c(c1)CCN2,test
CHEMBL311017,CHEMBL220,8.0,2010.0,8.0,CN1CCc2cc(C(=O)CCC3CCN(Cc4ccccc4)CC3)ccc21,test
CHEMBL3112614,CHEMBL220,5.29,2014.0,5.29,COc1cc2[se]n(-c3ccc(OCCCN4CCCCC4)cc3)c(=O)c2cc1OC,train
CHEMBL3115020,CHEMBL220,5.37,2014.0,5.37,COc1cc2[se]n(-c3ccc(CN4CCCC4)cc3)c(=O)c2cc1OC,test
CHEMBL3115021,CHEMBL220,5.84,2014.0,5.84,COc1cc2[se]n(-c3ccc(CN4CCCCC4)cc3)c(=O)c2cc1OC,train
CHEMBL3115022,CHEMBL220,4.823908740944319,2014.0,4.823908740944319,COc1cc2[se]n(-c3ccc(CN(C)Cc4ccccc4)cc3)c(=O)c2cc1OC,train
CHEMBL3115023,CHEMBL220,4.86,2014.0,4.86,COc1cc2[se]n(-c3ccc(CCN4CCCC4)cc3)c(=O)c2cc1OC,train
CHEMBL3115024,CHEMBL220,4.98,2014.0,4.98,COc1cc2[se]n(-c3ccc(CCN4CCCCC4)cc3)c(=O)c2cc1OC,train
CHEMBL3115025,CHEMBL220,6.35,2014.0,6.35,COc1cc2[se]n(-c3ccc(OCCN4CCCCC4)cc3)c(=O)c2cc1OC,val
CHEMBL3115026,CHEMBL220,5.47,2014.0,5.47,COc1cc2[se]n(-c3ccc(OCCCCN4CCCCC4)cc3)c(=O)c2cc1OC,train
CHEMBL3115027,CHEMBL220,4.96,2014.0,4.96,O=c1c2ccccc2[se]n1-c1ccc(CN2CCCCC2)cc1,train
CHEMBL3115028,CHEMBL220,4.823908740944319,2014.0,4.823908740944319,O=c1c2ccccc2[se]n1-c1ccc(CCN2CCCC2)cc1,train
CHEMBL3115029,CHEMBL220,4.96,2014.0,4.96,O=c1c2ccccc2[se]n1-c1ccc(OCCN2CCCCC2)cc1,val
CHEMBL3115030,CHEMBL220,5.33,2014.0,5.33,COc1ccccc1/C=C1\CN(C(=O)[C@@H]2CCN(C)[C@]23C(=O)Nc2ccccc23)C[C@]2(C1=O)[C@H](c1ccccc1OC)CN(C)[C@]21C(=O)Nc2ccccc21,test
CHEMBL3115031,CHEMBL220,5.29,2014.0,5.29,CN1CC[C@@H](C(=O)N2C/C(=C\c3ccccc3Cl)C(=O)[C@@]3(C2)[C@H](c2ccccc2Cl)CN(C)[C@]32C(=O)Nc3ccccc32)[C@@]12C(=O)Nc1ccccc12,test
CHEMBL3115032,CHEMBL220,5.21,2014.0,5.21,CN1CC[C@@H](C(=O)N2C/C(=C\c3ccccc3F)C(=O)[C@@]3(C2)[C@H](c2ccccc2F)CN(C)[C@]32C(=O)Nc3ccccc32)[C@@]12C(=O)Nc1ccccc12,test
CHEMBL3115033,CHEMBL220,5.61,2014.0,5.61,CN1CC[C@@H](C(=O)N2C/C(=C\c3cccc([N+](=O)[O-])c3)C(=O)[C@@]3(C2)[C@H](c2cccc([N+](=O)[O-])c2)CN(C)[C@]32C(=O)Nc3ccccc32)[C@@]12C(=O)Nc1ccccc12,test
CHEMBL3115034,CHEMBL220,5.36,2014.0,5.36,CN1CC[C@@H](C(=O)N2C/C(=C\c3ccc(Cl)cc3Cl)C(=O)[C@@]3(C2)[C@H](c2ccc(Cl)cc2Cl)CN(C)[C@]32C(=O)Nc3ccccc32)[C@@]12C(=O)Nc1ccccc12,test
CHEMBL3115035,CHEMBL220,5.12,2014.0,5.12,Cc1ccc(/C=C2\CN(C(=O)[C@@H]3CCN(C)[C@]34C(=O)Nc3ccccc34)C[C@]3(C2=O)[C@H](c2ccc(C)cc2)CN(C)[C@]32C(=O)Nc3ccccc32)cc1,test
CHEMBL3115036,CHEMBL220,5.21,2014.0,5.21,CN1CC[C@@H](C(=O)N2C/C(=C\c3ccc(Cl)cc3)C(=O)[C@@]3(C2)[C@H](c2ccc(Cl)cc2)CN(C)[C@]32C(=O)Nc3ccccc32)[C@@]12C(=O)Nc1ccccc12,test
CHEMBL3115037,CHEMBL220,5.665,2014.0,5.665,CN1CC[C@@H](C(=O)N2C/C(=C\c3ccc(F)cc3)C(=O)[C@@]3(C2)[C@H](c2ccc(F)cc2)CN(C)[C@]32C(=O)Nc3ccccc32)[C@@]12C(=O)Nc1ccccc12,test
CHEMBL3115038,CHEMBL220,5.31,2014.0,5.31,CN1CC[C@@H](C(=O)N2C/C(=C\c3cccc4ccccc34)C(=O)[C@@]3(C2)[C@H](c2cccc4ccccc24)CN(C)[C@]32C(=O)Nc3ccccc32)[C@@]12C(=O)Nc1ccccc12,train
CHEMBL3115039,CHEMBL220,5.06,2014.0,5.06,C=CC(=O)N1C/C(=C\c2ccccc2)C(=O)[C@@]2(C1)[C@H](c1ccccc1)CN(C)[C@]21C(=O)Nc2ccccc21,test
CHEMBL3115040,CHEMBL220,5.4,2014.0,5.4,C=CC(=O)N1C/C(=C\c2ccccc2C)C(=O)[C@@]2(C1)[C@H](c1ccccc1C)CN(C)[C@]21C(=O)Nc2ccccc21,test
CHEMBL3115041,CHEMBL220,5.39,2014.0,5.39,C=CC(=O)N1C/C(=C\c2ccccc2OC)C(=O)[C@@]2(C1)[C@H](c1ccccc1OC)CN(C)[C@]21C(=O)Nc2ccccc21,test
CHEMBL3115042,CHEMBL220,5.29,2014.0,5.29,C=CC(=O)N1C/C(=C\c2ccccc2Cl)C(=O)[C@@]2(C1)[C@H](c1ccccc1Cl)CN(C)[C@]21C(=O)Nc2ccccc21,test
CHEMBL3115043,CHEMBL220,5.16,2014.0,5.16,C=CC(=O)N1C/C(=C\c2ccccc2F)C(=O)[C@@]2(C1)[C@H](c1ccccc1F)CN(C)[C@]21C(=O)Nc2ccccc21,test
CHEMBL3115044,CHEMBL220,5.27,2014.0,5.27,C=CC(=O)N1C/C(=C\c2cccc([N+](=O)[O-])c2)C(=O)[C@@]2(C1)[C@H](c1cccc([N+](=O)[O-])c1)CN(C)[C@]21C(=O)Nc2ccccc21,test
CHEMBL3115045,CHEMBL220,5.21,2014.0,5.21,C=CC(=O)N1C/C(=C\c2ccc(Cl)cc2Cl)C(=O)[C@@]2(C1)[C@H](c1ccc(Cl)cc1Cl)CN(C)[C@]21C(=O)Nc2ccccc21,test
CHEMBL3115046,CHEMBL220,5.13,2014.0,5.13,C=CC(=O)N1C/C(=C\c2ccc(C)cc2)C(=O)[C@@]2(C1)[C@H](c1ccc(C)cc1)CN(C)[C@]21C(=O)Nc2ccccc21,test
CHEMBL3115047,CHEMBL220,5.08,2014.0,5.08,C=CC(=O)N1C/C(=C\c2ccc(Cl)cc2)C(=O)[C@@]2(C1)[C@H](c1ccc(Cl)cc1)CN(C)[C@]21C(=O)Nc2ccccc21,test
CHEMBL3115048,CHEMBL220,5.11,2014.0,5.11,C=CC(=O)N1C/C(=C\c2ccc(F)cc2)C(=O)[C@@]2(C1)[C@H](c1ccc(F)cc1)CN(C)[C@]21C(=O)Nc2ccccc21,test
CHEMBL3115196,CHEMBL220,5.12,2014.0,5.12,C=CC(=O)N1C/C(=C\c2cccc3ccccc23)C(=O)[C@@]2(C1)[C@H](c1cccc3ccccc13)CN(C)[C@]21C(=O)Nc2ccccc21,test
CHEMBL3115197,CHEMBL220,5.58,2014.0,5.58,CN1CC[C@@H](C(=O)N2C/C(=C\c3ccccc3)C(=O)[C@@]3(C2)[C@H](c2ccccc2)CN(C)[C@]32C(=O)Nc3ccccc32)[C@@]12C(=O)Nc1ccccc12,test
CHEMBL3115198,CHEMBL220,5.03,2014.0,5.03,Cc1ccccc1/C=C1\CN(C(=O)[C@@H]2CCN(C)[C@]23C(=O)Nc2ccccc23)C[C@]2(C1=O)[C@H](c1ccccc1C)CN(C)[C@]21C(=O)Nc2ccccc21,test
CHEMBL3116278,CHEMBL220,5.15,2014.0,5.15,c1ccc2c(c1)c(OCC1CCCCC1)nn2CC1CCCCC1,train
CHEMBL3116279,CHEMBL220,5.54,2014.0,5.54,c1ccc(COc2nn(Cc3ccccc3)c3ccccc23)cc1,val
CHEMBL3116280,CHEMBL220,5.0,2014.0,5.0,COc1ccc(COc2nn(CCN(C(C)C)C(C)C)c3ccccc23)cc1,train
CHEMBL3116281,CHEMBL220,5.0,2014.0,5.0,COc1ccc(COc2nn(Cc3ccc(OC)cc3)c3ccccc23)cc1,val
CHEMBL3116282,CHEMBL220,5.0,2014.0,5.0,CC(C)N(CCn1nc(OCc2cccc3ccccc23)c2ccccc21)C(C)C,train
CHEMBL3116283,CHEMBL220,5.0,2014.0,5.0,c1ccc2c(COc3nn(CCN4CCCC4)c4ccccc34)cccc2c1,test
CHEMBL3116284,CHEMBL220,5.0,2014.0,5.0,c1ccc2c(COc3nn(CCN4CCCCC4)c4ccccc34)cccc2c1,train
CHEMBL3116285,CHEMBL220,5.0,2014.0,5.0,c1ccc2c(COc3nn(Cc4cccc5ccccc45)c4ccccc34)cccc2c1,train
CHEMBL3116286,CHEMBL220,5.0,2014.0,5.0,c1ccc2cc(COc3nn(CCN4CCCCC4)c4ccccc34)ccc2c1,train
CHEMBL3116287,CHEMBL220,5.38,2014.0,5.38,CCCCCOc1nn(CCCCC)c2ccc([N+](=O)[O-])cc12,test
CHEMBL3116288,CHEMBL220,5.0,2014.0,5.0,O=[N+]([O-])c1ccc2c(c1)c(OCC1CCCCC1)nn2Cc1ccccc1,test
CHEMBL3116289,CHEMBL220,5.01,2014.0,5.01,CCCCCn1nc(OCc2ccc(OC)cc2)c2cc([N+](=O)[O-])ccc21,train
CHEMBL3116290,CHEMBL220,4.04,2014.0,4.04,COc1ccc(COc2nn(CCN(C(C)C)C(C)C)c3ccc([N+](=O)[O-])cc23)cc1,train
CHEMBL3116291,CHEMBL220,4.6020599913279625,2014.0,4.6020599913279625,O=[N+]([O-])c1ccc2c(c1)c(OCc1cccc3ccccc13)nn2CCN1CCCC1,test
CHEMBL3116292,CHEMBL220,5.17,2014.0,5.17,O=[N+]([O-])c1ccc2c(c1)c(OCc1cccc3ccccc13)nn2Cc1cccc2ccccc12,train
CHEMBL3116293,CHEMBL220,5.09,2014.0,5.09,CCCCCn1nc(OCc2ccc3ccccc3c2)c2cc([N+](=O)[O-])ccc21,train
CHEMBL3116294,CHEMBL220,5.0,2014.0,5.0,O=[N+]([O-])c1ccc2c(c1)c(OCc1ccc3ccccc3c1)nn2CCN1CCCCC1,train
CHEMBL3116295,CHEMBL220,5.0,2014.0,5.0,O=[N+]([O-])c1ccc2c(c1)c(OCc1ccc3ccccc3c1)nn2CCN1CCOCC1,train
CHEMBL3116296,CHEMBL220,5.2,2014.0,5.2,O=[N+]([O-])c1ccc2c(c1)c(OCc1ccc3ccccc3c1)nn2Cc1ccccc1,train
CHEMBL3116297,CHEMBL220,5.0,2014.0,5.0,O=[N+]([O-])c1ccc2c(c1)c(OCc1ccc3ccccc3c1)nn2Cc1ccc2ccccc2c1,train
CHEMBL3116298,CHEMBL220,5.07,2014.0,5.07,Nc1ccc2c(c1)c(OCc1ccccc1)nn2Cc1ccccc1,val
CHEMBL3116299,CHEMBL220,4.6020599913279625,2014.0,4.6020599913279625,Nc1ccc2c(c1)c(OCc1cccc3ccccc13)nn2CCN1CCCC1,test
CHEMBL3116300,CHEMBL220,5.0,2014.0,5.0,Nc1ccc2c(c1)c(OCc1ccc3ccccc3c1)nn2CCN1CCCCC1,train
CHEMBL3116301,CHEMBL220,5.0,2014.0,5.0,Brc1ccc2c(c1)c(OCc1ccc3ccccc3c1)nn2CCN1CCCCC1,train
CHEMBL31184,CHEMBL220,4.55,,4.55,c1ccc2c(c1)cc1ccc3cccc4ccc2c1c34,test
CHEMBL311849,CHEMBL220,3.0,1986.0,3.0,C[n+]1c(/C=N/O)cccc1CCO[n+]1ccc(C(N)=O)cc1.[Cl-].[Cl-],train
CHEMBL3120185,CHEMBL220,4.6020599913279625,2014.0,4.6020599913279625,CCOC(=O)c1ccc2nc(-c3ccc(C(=O)OC)cc3)c3c(c2c1)N(Cc1ccccc1)C(=O)CC3,test
CHEMBL3122145,CHEMBL220,5.97,2014.0,5.97,CCOC(=O)c1ccc2nc(-c3cccnc3)c3c(c2c1)N(Cc1ccccc1)CCC3,train
CHEMBL3122146,CHEMBL220,4.6020599913279625,2014.0,4.6020599913279625,CCOC(=O)c1ccc2nc(-c3ccc(C(=O)OC)cc3)c3c(c2c1)N(Cc1ccccc1)CCC3,train
CHEMBL3122147,CHEMBL220,4.6020599913279625,2014.0,4.6020599913279625,CCOC(=O)c1ccc2nc(-c3ccc(Cl)cc3)c3c(c2c1)NCCC3,train
CHEMBL3122148,CHEMBL220,4.6020599913279625,2014.0,4.6020599913279625,CCOC(=O)c1ccc2nc(-c3ccc(Cl)cc3)c3c(c2c1)N(Cc1ccc(OC)cc1)CCC3,train
CHEMBL3122149,CHEMBL220,6.1,2014.0,6.1,CCNC(=O)c1ccc2nc(-c3ccc(Cl)cc3)c3c(c2c1)N(Cc1ccccc1)CCC3,train
CHEMBL3122150,CHEMBL220,6.03,2014.0,6.03,CCNCc1ccc2nc(-c3ccc(Cl)cc3)c3c(c2c1)N(Cc1ccccc1)CCC3,train
CHEMBL3122166,CHEMBL220,4.64,2014.0,4.64,CCOC(=O)c1ccc2nc(-c3cccnc3)c3c(c2c1)NCCC3,train
CHEMBL3122167,CHEMBL220,7.19,2014.0,7.19,CCNC(=O)c1ccc2nc(-c3ccc(Cl)cc3)c3c(c2c1)NCCC3,train
CHEMBL3122168,CHEMBL220,6.25,2014.0,6.25,CCNCc1ccc2nc(-c3ccc(Cl)cc3)c3c(c2c1)NCCC3,train
CHEMBL3122169,CHEMBL220,4.8,2014.0,4.8,CCNCc1ccc2nc(-c3cccnc3)c3c(c2c1)NCCC3,train
CHEMBL3122170,CHEMBL220,5.38,2014.0,5.38,CCOC(=O)c1ccc2nc(-c3ccc(Cl)cc3)c3c(c2c1)N(Cc1ccccc1)C(=O)CC3,test
CHEMBL3122171,CHEMBL220,4.89,2014.0,4.89,CCOC(=O)c1ccc2nc(-c3cccnc3)c3c(c2c1)N(Cc1ccccc1)C(=O)CC3,train
CHEMBL3122172,CHEMBL220,4.6020599913279625,2014.0,4.6020599913279625,CCOC(=O)c1ccc2nc(-c3ccc(Cl)cc3)c3c(c2c1)N(Cc1ccccc1)CCC3,train
CHEMBL312310,CHEMBL220,9.52,2010.0,9.52,Clc1ccc2c(NCCCCCCCCNc3c4c(nc5cc(Cl)ccc35)CCCC4)c3c(nc2c1)CCCC3,train
CHEMBL3126996,CHEMBL220,5.41,2014.0,5.41,CCN(CCCCOc1ccc(-c2coc3cc(O)cc(O)c3c2=O)cc1)Cc1ccccc1OC,train
CHEMBL3127002,CHEMBL220,5.68,2020.0,5.68,CCN(CCCCOc1ccc(-c2coc3cc(OCCCCN(CC)Cc4ccccc4)cc(O)c3c2=O)cc1)Cc1ccccc1,test
CHEMBL3127003,CHEMBL220,6.46,2014.0,6.46,CCN(CCCCOc1ccc(-c2coc3cc(OCCCCN(CC)Cc4ccccc4OC)cc(O)c3c2=O)cc1)Cc1ccccc1OC,test
CHEMBL3127006,CHEMBL220,5.24,2014.0,5.24,CCN(CCCCCCOc1cc(O)c2c(=O)c(-c3ccc(O)cc3)coc2c1)Cc1ccccc1,train
CHEMBL312761,CHEMBL220,9.15,2010.0,9.15,Fc1ccc2c(NCCCCCCCCNc3c4c(nc5cc(F)ccc35)CCCC4)c3c(nc2c1)CCCC3,train
CHEMBL313231,CHEMBL220,7.38,2002.0,7.38,C[N+]1(Cc2ccccc2)CCC(CCC(=O)c2ccc3c(c2)OCO3)CC1,train
CHEMBL313271,CHEMBL220,7.5,2002.0,7.5,COc1cc2cc(C(=O)CCC3CC[N+](C)(Cc4ccc([N+](=O)[O-])o4)CC3)sc2cc1OC.[Br-],test
CHEMBL3133427,CHEMBL220,6.03,2013.0,6.03,Cn1ncc2c1-c1sccc1C2NC(=O)CN1CCN(Cc2ccccc2)CC1,train
CHEMBL3133430,CHEMBL220,5.88,2013.0,5.88,Cn1ncc2c1-c1sccc1C2NC(=O)CN1CCN(Cc2ccccc2F)CC1,train
CHEMBL3133432,CHEMBL220,5.95,2013.0,5.95,O=C(CN1CCN(Cc2ccccc2)CC1)NC1c2cn[nH]c2-c2c(Br)sc(Br)c21,train
CHEMBL3133433,CHEMBL220,6.48,2013.0,6.48,Cn1ncc2c1-c1c(Br)sc(Br)c1C2NC(=O)CN1CCN(Cc2ccccc2)CC1,train
CHEMBL3133434,CHEMBL220,6.06,2013.0,6.06,O=C(CN1CCN(Cc2ccccc2)CC1)NC1c2cnn(-c3ccccc3)c2-c2c(Br)sc(Br)c21,train
CHEMBL3133436,CHEMBL220,6.06,2013.0,6.06,Cn1ncc2c1-c1c(Br)sc(Br)c1C2NC(=O)CN1CCN(Cc2ccccc2F)CC1,train
CHEMBL3133439,CHEMBL220,5.74,2013.0,5.74,COc1cc2c(cc1OC)C(NC(=O)CN1CCN(Cc3ccccc3)CC1)c1cnn(C)c1-2,train
CHEMBL3133440,CHEMBL220,5.52,2013.0,5.52,COc1cc2c(cc1OC)C(NC(=O)CN1CCN(Cc3ccccc3)CC1)c1cnn(-c3ccccc3)c1-2,train
CHEMBL3133442,CHEMBL220,5.61,2013.0,5.61,COc1cc2c(cc1OC)C(NC(=O)CN1CCN(Cc3ccccc3F)CC1)c1cnn(C)c1-2,train
CHEMBL3133443,CHEMBL220,5.61,2013.0,5.61,COc1cc2c(cc1OC)C(NC(=O)CN1CCN(Cc3ccccc3F)CC1)c1cnn(-c3ccccc3)c1-2,train
CHEMBL3133444,CHEMBL220,5.04,2013.0,5.04,O=C(CN1CCN(Cc2ccccc2)CC1)NC1c2cn[nH]c2-c2sccc21,train
CHEMBL313582,CHEMBL220,6.86,2002.0,6.86,C[N+]1(Cc2ccccc2)CCC(CCC(=O)c2ccc3c(c2)CCCCO3)CC1,train
CHEMBL3137700,CHEMBL220,6.785,2015.0,6.785,C[Si](C)(C)c1cccc(C(=O)C(F)(F)F)c1,val
CHEMBL313809,CHEMBL220,6.28,2002.0,6.28,COc1cc2cc(C(=O)C=C3CC[N+](C)(Cc4ccccc4)CC3)sc2cc1OC.[Br-],train
CHEMBL314398,CHEMBL220,6.92,2002.0,6.92,COc1cc2cc(C(=O)CC(OC)C3CC[N+](C)(Cc4ccccc4)CC3)sc2cc1OC.[Br-],train
CHEMBL314502,CHEMBL220,6.0,2002.0,6.0,COc1cc2cc(C(=O)CCC3CC[N+](C)(CC#N)CC3)sc2cc1OC.[Br-],train
CHEMBL314658,CHEMBL220,6.12,2002.0,6.12,COc1cc2cc(C(=O)CC3=CC[N+](C)(Cc4ccccc4)CC3)sc2cc1OC.[Br-],train
CHEMBL314766,CHEMBL220,7.27,2002.0,7.27,COC(=O)C[N+]1(C)CCC(CCC(=O)c2cc3cc(OC)c(OC)cc3s2)CC1.[Br-],train
CHEMBL314800,CHEMBL220,4.73,1997.0,4.73,Nc1c2c(nc3ccccc13)-c1ccccc1CS2,train
CHEMBL314989,CHEMBL220,7.6,2002.0,7.6,COc1cc2c(cc1OC)C(=O)C(CC1CC[N+](C)(Cc3ccccc3)CC1)C2,train
CHEMBL315013,CHEMBL220,6.6899999999999995,2002.0,6.6899999999999995,COc1cc2cc(C(=O)CC(O)C3CC[N+](C)(Cc4ccccc4)CC3)sc2cc1OC.[Br-],train
CHEMBL315385,CHEMBL220,6.301029995663981,2002.0,6.301029995663981,C[N+]1(Cc2ccccc2)CCC(CCC(=O)c2ccc3c(c2)NCCCC3)CC1,test
CHEMBL315515,CHEMBL220,7.55,2002.0,7.55,COc1cc2cc(C(=O)CCC3CC[N+](C)(CC4CCCCO4)CC3)sc2cc1OC.[Br-],test
CHEMBL31561,CHEMBL220,6.355,1992.0,6.355,Cc1ccc(C)cc1,val
CHEMBL31574,CHEMBL220,5.959566139234386,2010.0,5.959566139234386,O=c1c(O)c(-c2ccc(O)c(O)c2)oc2cc(O)ccc12,train
CHEMBL316973,CHEMBL220,6.7,1992.0,6.7,CN(C)Cc1ccc(CSCCNc2ccc([N+](=O)[O-])cc2[N+](=O)[O-])o1,train
CHEMBL317162,CHEMBL220,5.55,1997.0,5.55,CNC(=O)Oc1ccc2c(c1)[C@@]1(C)CCN(C)C1N2Cc1ccccc1,train
CHEMBL317541,CHEMBL220,7.89,2010.0,7.89,CN(CCOCCNC(=S)NC(=O)c1ccccc1)C1CCCCC1,train
CHEMBL318026,CHEMBL220,5.715,1996.0,5.715,Nc1c2c(nc3ccccc13)CCC(O)C2,train
CHEMBL3183075,CHEMBL220,5.25,,5.25,CNC(=C[N+](=O)[O-])NCCSCc1csc(CN(C)C)n1,train
CHEMBL318517,CHEMBL220,6.43,1992.0,6.43,CN(C)Cc1ccc(CSCCNc2cc(NCCCN3CCOCC3)c([N+](=O)[O-])cc2[N+](=O)[O-])o1,train
CHEMBL318749,CHEMBL220,3.0,1997.0,3.0,C[N+](C)(C)CCOC(=O)Sc1ccccc1.[Cl-],val
CHEMBL319451,CHEMBL220,6.300000000000001,1996.0,6.300000000000001,Nc1c2c(nc3ccccc13)C(O)CCC2,train
CHEMBL319541,CHEMBL220,6.61,1997.0,6.61,CN1CC[C@@]2(C)c3cc(OC(=O)Nc4ccccc4)ccc3N(Cc3ccccc3)C12,test
CHEMBL320251,CHEMBL220,5.52,2018.0,5.52,Cc1c(C)c2ccc(OCc3cccc(N)c3)cc2oc1=O,train
CHEMBL320291,CHEMBL220,6.8,1992.0,6.8,CNc1cc(NCCSCc2ccc(CN(C)C)o2)c([N+](=O)[O-])cc1[N+](=O)[O-],train
CHEMBL3215535,CHEMBL220,6.85,1999.0,6.85,Cl.Cl.c1ccc(CN2CCC(CCNc3ccc(-c4ccccc4)nn3)CC2)cc1,val
CHEMBL3215572,CHEMBL220,7.74,2009.0,7.74,Cl.Cl.Cl.Cl.O=C(NCCCCCCCNc1c2c(nc3cc(Cl)ccc13)CCCC2)c1ccc2nc(-c3ccc(Cl)cc3)c3c(c2c1)OCCC3,train
CHEMBL3215573,CHEMBL220,7.96,2009.0,7.96,Cl.Cl.Cl.O=C(CCc1ccc2nc(-c3ccccc3)c3c(c2c1)OCCC3)NCCCCCCNc1c2c(nc3cc(Cl)ccc13)CCCC2,train
CHEMBL3215574,CHEMBL220,7.85,2009.0,7.85,Cl.Cl.Cl.O=C(CCc1ccc2nc(-c3ccccc3)c3c(c2c1)OCCC3)NCCCCCCCCNc1c2c(nc3cc(Cl)ccc13)CCCC2,train
CHEMBL3215602,CHEMBL220,8.26,2010.0,8.26,Cl.Cl.Oc1c(CNCCCCCCCCCNc2c3c(nc4ccccc24)CCCC3)ccc2cccnc12,train
CHEMBL3215768,CHEMBL220,8.435,2009.0,8.435,Cl.Cl.Cl.Cl.O=C(NCCCCCCCCNc1c2c(nc3cc(Cl)ccc13)CCCC2)c1ccc2nc(-c3ccc(Cl)cc3)c3c(c2c1)OCCC3,train
CHEMBL3215769,CHEMBL220,7.6,2009.0,7.6,Cl.Cl.Cl.Cl.O=C(NCCCCCCCCCNc1c2c(nc3cc(Cl)ccc13)CCCC2)c1ccc2nc(-c3ccc(Cl)cc3)c3c(c2c1)OCCC3,train
CHEMBL3215770,CHEMBL220,7.3,2009.0,7.3,Cl.Cl.Cl.Cl.O=C(NCCCCCCCCCCNc1c2c(nc3cc(Cl)ccc13)CCCC2)c1ccc2nc(-c3ccc(Cl)cc3)c3c(c2c1)OCCC3,train
CHEMBL3215816,CHEMBL220,9.3,2010.0,9.3,Cc1ccc2ccc(CNCCCCCCCCNc3c4c(nc5ccccc35)CCCC4)c(O)c2n1.Cl.Cl,test
CHEMBL3215882,CHEMBL220,8.72,2012.0,8.72,CC1=CC2Cc3nc4cc(Cl)ccc4c(NCCCCCCCNc4c5c(nc6ccccc46)CCCC5)c3C(C1)C2.Cl.Cl.Cl,train
CHEMBL3216018,CHEMBL220,7.78,2009.0,7.78,Cl.Cl.Cl.O=C(CCc1ccc2nc(-c3ccccc3)c3c(c2c1)OCCC3)NCCCCNc1c2c(nc3cc(Cl)ccc13)CCCC2,train
CHEMBL321605,CHEMBL220,7.12,1992.0,7.12,CN(C)Cc1ccc(CSCCNc2cc(NN)c([N+](=O)[O-])cc2[N+](=O)[O-])o1,train
CHEMBL3216116,CHEMBL220,8.45,2012.0,8.45,CC1=CC2Cc3nc4cc(Cl)ccc4c(NCCCCCCCCCNc4c5c(nc6ccccc46)CCCC5)c3C(C1)C2.Cl.Cl.Cl,test
CHEMBL3216205,CHEMBL220,3.682563503464901,2008.0,3.682563503464901,CN(C)CCOC(=O)Nc1ccnc(Cl)c1.Cl.Cl.Cl,train
CHEMBL3216208,CHEMBL220,8.29,2008.0,8.29,COc1cc2c(cc1OC)CC(CC1CCN(CCNc3c4c(nc5ccccc35)CCCC4)CC1)C2.Cl.Cl,train
CHEMBL3216209,CHEMBL220,8.67,2008.0,8.67,COc1cc2c(cc1OC)CC(CC1CCN(CCCNc3c4c(nc5ccccc35)CCCC4)CC1)C2.Cl.Cl,val
CHEMBL3216210,CHEMBL220,8.59,2008.0,8.59,COc1cc2c(cc1OC)CC(CC1CCN(CCNc3c4c(nc5cc(Cl)ccc35)CCCC4)CC1)C2.Cl.Cl.Cl,train
CHEMBL3216221,CHEMBL220,7.84,2009.0,7.84,Cl.Cl.Cl.O=C(CCc1ccc2nc(-c3ccccc3)c3c(c2c1)OCCC3)NCCCCCCCNc1c2c(nc3cc(Cl)ccc13)CCCC2,val
CHEMBL3216422,CHEMBL220,9.17,2008.0,9.17,COc1cc2c(cc1OC)C(=O)C(CC1CCN(CCNc3c4c(nc5cc(Cl)ccc35)CCCC4)CC1)C2.Cl.Cl.Cl,test
CHEMBL3216429,CHEMBL220,7.72,2009.0,7.72,Cl.Cl.Cl.Cl.O=C(NCCCCCCNc1c2c(nc3cc(Cl)ccc13)CCCC2)c1ccc2nc(-c3ccc(Cl)cc3)c3c(c2c1)OCCC3,train
CHEMBL3216469,CHEMBL220,9.0,2010.0,9.0,Cl.Cl.Cl.Oc1c(CNCCCCCCCCCNc2c3c(nc4ccccc24)CCCC3)cc(Cl)c2cccnc12,train
CHEMBL3216554,CHEMBL220,8.38,2012.0,8.38,CC1=CC2Cc3nc4cc(Cl)ccc4c(NCCCCCCCCCCNc4c5c(nc6ccccc46)CCCC5)c3C(C1)C2.Cl.Cl.Cl,train
CHEMBL3216555,CHEMBL220,8.4,2012.0,8.4,CC1=CC2Cc3nc4cc(Cl)ccc4c(NCCCCCCCNc4c5c(nc6cc(Cl)ccc46)CCCC5)c3C(C1)C2.Cl.Cl.Cl.Cl,train
CHEMBL3216556,CHEMBL220,8.69,2012.0,8.69,CC1=C[C@@H]2Cc3nc4cc(Cl)ccc4c(NCCCCCCCNc4c5c(nc6cc(Cl)ccc46)CCCC5)c3[C@H](C1)C2.Cl.Cl.Cl.Cl,train
CHEMBL3216557,CHEMBL220,7.94,2012.0,7.94,CC1=C[C@H]2Cc3nc4cc(Cl)ccc4c(NCCCCCCCNc4c5c(nc6cc(Cl)ccc46)CCCC5)c3[C@@H](C1)C2.Cl.Cl.Cl.Cl,train
CHEMBL3216655,CHEMBL220,9.57,2008.0,9.57,COc1cc2c(cc1OC)C(=O)C(CC1CCN(CCCNc3c4c(nc5cc(Cl)ccc35)CCCC4)CC1)C2.Cl.Cl.Cl,train
CHEMBL3216777,CHEMBL220,8.88,2012.0,8.88,CC1=C[C@@H]2Cc3nc4cc(Cl)ccc4c(NCCCCCCCNc4c5c(nc6ccccc46)CCCC5)c3[C@H](C1)C2.Cl.Cl.Cl,train
CHEMBL3216778,CHEMBL220,8.49,2012.0,8.49,CC1=CC2Cc3nc4cc(Cl)ccc4c(NCCCCCCCCCNc4c5c(nc6cc(Cl)ccc46)CCCC5)c3C(C1)C2.Cl.Cl.Cl.Cl,test
CHEMBL3216779,CHEMBL220,8.04,2012.0,8.04,CC1=CC2Cc3nc4cc(Cl)ccc4c(NCCCCCCCCCCNc4c5c(nc6cc(Cl)ccc46)CCCC5)c3C(C1)C2.Cl.Cl.Cl.Cl,train
CHEMBL3216883,CHEMBL220,3.499763525174361,2008.0,3.499763525174361,CN(C)CCOC(=O)Nc1ccncc1Br.Cl.Cl,train
CHEMBL3216886,CHEMBL220,9.06,2008.0,9.06,COc1cc2c(cc1OC)C(=O)C(CC1CCN(CCCNc3c4c(nc5ccccc35)CCCC4)CC1)C2.Cl.Cl,train
CHEMBL3217103,CHEMBL220,8.97,2008.0,8.97,COc1cc2c(cc1OC)CC(CC1CCN(CCCNc3c4c(nc5cc(Cl)ccc35)CCCC4)CC1)C2.Cl.Cl.Cl,val
CHEMBL3217208,CHEMBL220,8.16,2012.0,8.16,CC1=C[C@H]2Cc3nc4cc(Cl)ccc4c(NCCCCCCCNc4c5c(nc6ccccc46)CCCC5)c3[C@@H](C1)C2.Cl.Cl.Cl,train
CHEMBL321808,CHEMBL220,6.33,1992.0,6.33,CN(C)Cc1ccc(CSCCNc2nnccc2[N+](=O)[O-])o1,train
CHEMBL3220507,CHEMBL220,4.38,2012.0,4.38,Cc1ccc(C(=O)Nc2cc3cc(C)ccc3oc2=O)cc1,val
CHEMBL3220508,CHEMBL220,4.16,2012.0,4.16,COc1ccc(C(=O)Nc2cc3ccccc3oc2=O)cc1,val
CHEMBL3220509,CHEMBL220,4.73,2012.0,4.73,O=C(Nc1cc2ccccc2oc1=O)c1ccc(Cl)cc1,val
CHEMBL3220510,CHEMBL220,4.89,2012.0,4.89,O=C(Nc1cc2ccccc2oc1=O)c1ccc([N+](=O)[O-])cc1,val
CHEMBL3220513,CHEMBL220,4.82,2012.0,4.82,O=C(Nc1cc2ccccc2oc1=O)c1ccc(Cl)c(Cl)c1,val
CHEMBL3220801,CHEMBL220,3.8239087409443187,2012.0,3.8239087409443187,C[C@@]12CC[C@@H]3[C@@](CC[C@H]4[C@@]3(C)CCC[C@@]4(C)C(=O)OCC[N+](C)(C)C)(CC1=O)C2.[I-],test
CHEMBL3220802,CHEMBL220,4.52,2012.0,4.52,C[C@@]12CC[C@@H]3[C@@](CC[C@H]4[C@@]3(C)CCC[C@@]4(C)C(=O)OCC[N+](C)(C)Cc3ccccc3)(CC1=O)C2.[Br-],train
CHEMBL3220803,CHEMBL220,4.06,2012.0,4.06,C[C@@]12CC[C@@H]3[C@@](CC[C@H]4[C@@]3(C)CCC[C@@]4(C)C(=O)OCC[N+](C)(C)CCCCCCCCCC[N+](C)(C)CCOC(=O)[C@]3(C)CCC[C@@]4(C)[C@@H]5CC[C@@]6(C)C[C@]5(CC[C@@H]43)CC6=O)(CC1=O)C2.[Br-].[Br-],train
CHEMBL3220804,CHEMBL220,5.66,2012.0,5.66,C[C@@]12CC[C@@H]3[C@@](CC[C@H]4[C@@]3(C)CCC[C@@]4(C)C(=O)OCC[N+](C)(C)CCCCCCCCCCCC[N+](C)(C)CCOC(=O)[C@]3(C)CCC[C@@]4(C)[C@@H]5CC[C@@]6(C)C[C@]5(CC[C@@H]43)CC6=O)(CC1=O)C2.[Br-].[Br-],val
CHEMBL3220805,CHEMBL220,5.3,2012.0,5.3,C[C@@]12CC[C@@H]3[C@]4(CC[C@H]5[C@@]3(C)CCC[C@@]5(C)C(=O)OCC[N+](C)(C)CCCCCCCCC[N+](C)(C)CCOC(=O)[C@]3(C)CCC[C@@]5(C)[C@@H]6CC[C@@]7(C)C[C@]6(CC[C@@H]53)C[C@H]7OC(=O)CCCCCCCCC(=O)O[C@@H]1C4)C2.[Br-].[Br-],train
CHEMBL3220806,CHEMBL220,4.1,2012.0,4.1,CC[N+](CC)(CC)CCOCCOCCOC(=O)[C@]1(C)CCC[C@@]2(C)[C@@H]3CC[C@@]4(C)C[C@]3(CC[C@@H]21)CC4=O.[Br-],test
CHEMBL3220807,CHEMBL220,4.47,2012.0,4.47,C[C@H]1C[C@@]23CC[C@H]4[C@@](C)(CCC[C@@]4(C)C(=O)OCC[N+](C)(C)C)[C@@H]2CC[C@]1(Cl)C3.[I-],train
CHEMBL3220808,CHEMBL220,5.05,2012.0,5.05,C[C@H]1C[C@@]23CC[C@H]4[C@@](C)(CCC[C@@]4(C)C(=O)OCC[N+](C)(C)Cc4ccccc4)[C@@H]2CC[C@]1(Cl)C3.[Br-],train
CHEMBL322628,CHEMBL220,4.3,1997.0,4.3,CC(C)CCSC(=O)OCC[N+](C)(C)C.[Cl-],test
CHEMBL32329,CHEMBL220,6.75,2008.0,6.75,Clc1cccc(Cl)c1CO/N=C/c1cc[n+](CCCc2ccccc2)cc1,train
CHEMBL3233022,CHEMBL220,3.421360790031928,2014.0,3.421360790031928,COc1ccc(C(C#N)N2CCN(C)CC2)cc1OC,test
CHEMBL3233028,CHEMBL220,4.82,2014.0,4.82,CN(CCNc1c2c(nc3ccccc13)CCCC2)Cc1ccnc(/C(N)=N/O)c1O,train
CHEMBL3233826,CHEMBL220,8.97,2014.0,8.97,CC1=CC2Cc3nc4cc(Cl)ccc4c(NCCCCCNC(=O)c4cc(O)c5c(c4)C(=O)c4cccc(O)c4C5=O)c3C(C1)C2.Cl,train
CHEMBL3233827,CHEMBL220,8.82,2014.0,8.82,CC1=CC2Cc3nc4cc(Cl)ccc4c(NCCCCCCNC(=O)c4cc(O)c5c(c4)C(=O)c4cccc(O)c4C5=O)c3C(C1)C2.Cl,train
CHEMBL3233828,CHEMBL220,8.5,2014.0,8.5,CC1=CC2Cc3nc4cc(Cl)ccc4c(NCCCCCCCNC(=O)c4cc(O)c5c(c4)C(=O)c4cccc(O)c4C5=O)c3C(C1)C2.Cl,train
CHEMBL3233829,CHEMBL220,8.36,2014.0,8.36,CC1=CC2Cc3nc4cc(Cl)ccc4c(NCCCCCCCCNC(=O)c4cc(O)c5c(c4)C(=O)c4cccc(O)c4C5=O)c3C(C1)C2.Cl,train
CHEMBL3233830,CHEMBL220,8.44,2014.0,8.44,CC1=CC2Cc3nc4cc(Cl)ccc4c(NCCCCCCCCCNC(=O)c4cc(O)c5c(c4)C(=O)c4cccc(O)c4C5=O)c3C(C1)C2.Cl,train
CHEMBL3233831,CHEMBL220,5.53,2014.0,5.53,CC1=C[C@H]2Cc3nc4cc(Cl)ccc4c(NCCCCCCCCCNC(=O)c4cc(O)c5c(c4)C(=O)c4cccc(O)c4C5=O)c3[C@@H](C1)C2.Cl,train
CHEMBL3233832,CHEMBL220,8.58,2014.0,8.58,CC1=C[C@@H]2Cc3nc4cc(Cl)ccc4c(NCCCCCCCCCNC(=O)c4cc(O)c5c(c4)C(=O)c4cccc(O)c4C5=O)c3[C@H](C1)C2.Cl,train
CHEMBL3233934,CHEMBL220,6.64,2014.0,6.64,COc1cc2[nH]c(=O)c(C(=O)NCC3CCN(Cc4ccccc4)CC3)c(O)c2cc1OC,train
CHEMBL3233935,CHEMBL220,6.01,2014.0,6.01,O=C(NCC1CCN(Cc2ccccc2)CC1)c1c(O)c2cc(O)c(O)cc2[nH]c1=O,train
CHEMBL3233990,CHEMBL220,4.38,2014.0,4.38,COc1ccc(C(C#N)N2CCCC2)cc1OC,test
CHEMBL3233991,CHEMBL220,4.27,2014.0,4.27,COc1ccc(C(C#N)N2CCOCC2)cc1OC,train
CHEMBL3233992,CHEMBL220,4.21,2014.0,4.21,N#CC(c1ccc2c(c1)OCO2)N1CCCCC1,train
CHEMBL3233993,CHEMBL220,4.29,2014.0,4.29,N#CC(c1ccc2c(c1)OCO2)N1CCCC1,train
CHEMBL3233994,CHEMBL220,3.4190750243243806,2014.0,3.4190750243243806,COc1cc(C(C#N)N2CCCCC2)cc(OC)c1OC,test
CHEMBL3233995,CHEMBL220,3.493494967595128,2014.0,3.493494967595128,COc1cc(C(C#N)N2CCCC2)cc(OC)c1OC,test
CHEMBL3233996,CHEMBL220,3.3205721033878812,2014.0,3.3205721033878812,COc1ccc(C(C#N)N2CCCCC2)cc1O,test
CHEMBL3233997,CHEMBL220,3.404503778174426,2014.0,3.404503778174426,COc1ccc(C(C#N)N2CCCC2)cc1O,test
CHEMBL3233998,CHEMBL220,3.4400933749638876,2014.0,3.4400933749638876,COc1ccc(C(C#N)N2CCOCC2)cc1O,train
CHEMBL3233999,CHEMBL220,3.4558078892349675,2014.0,3.4558078892349675,COc1ccc(C(C#N)N2CCN(C)CC2)cc1O,test
CHEMBL3234000,CHEMBL220,3.445874418486987,2014.0,3.445874418486987,COc1cc(C(C#N)N2CCCC2)ccc1O,test
CHEMBL3234001,CHEMBL220,3.4682656907234497,2014.0,3.4682656907234497,COc1cc(C(C#N)N2CCN(C)CC2)ccc1O,test
CHEMBL3234038,CHEMBL220,8.12,2014.0,8.12,CC1=CC2Cc3nc4cc(Cl)ccc4c(NCCCCCCCCCCNC(=O)c4cc(O)c5c(c4)C(=O)c4cccc(O)c4C5=O)c3C(C1)C2.Cl,test
CHEMBL3234039,CHEMBL220,7.76,2014.0,7.76,CC1=CC2Cc3nc4cc(Cl)ccc4c(NCCCCCCCCCCCNC(=O)c4cc(O)c5c(c4)C(=O)c4cccc(O)c4C5=O)c3C(C1)C2.Cl,train
CHEMBL3234040,CHEMBL220,7.74,2014.0,7.74,CC1=CC2Cc3nc4cc(Cl)ccc4c(NCc4ccc(CNC(=O)c5cc(O)c6c(c5)C(=O)c5cccc(O)c5C6=O)cc4)c3C(C1)C2.Cl,test
CHEMBL3234584,CHEMBL220,4.3,2014.0,4.3,NC(=O)c1cc[n+](CCC[n+]2ccccc2/C=N/O)cc1.[Cl-].[Cl-],train
CHEMBL3234586,CHEMBL220,4.52,2014.0,4.52,CN(CCCNc1c2c(nc3ccccc13)CCCC2)Cc1ccnc(/C(N)=N/O)c1O,train
CHEMBL3234587,CHEMBL220,5.24,2014.0,5.24,O/N=C/c1nc(CCCCCNc2c3c(nc4ccccc24)CCCC3)ccc1O,train
CHEMBL3234588,CHEMBL220,5.295,2014.0,5.295,O/N=C/c1nc(CCCCNc2c3c(nc4ccccc24)CCCC3)ccc1O,train
CHEMBL3234589,CHEMBL220,6.79,2014.0,6.79,O/N=C/c1ncc(CCCCCNc2c3c(nc4ccccc24)CCCC3)cc1O,test
CHEMBL3234590,CHEMBL220,3.5128616245228135,2014.0,3.5128616245228135,O/N=C/c1nc(CCCCCSc2c3c(nc4ccccc24)CCCC3)ccc1O,train
CHEMBL3234591,CHEMBL220,6.58,2014.0,6.58,N/C(=N\O)c1nc(CCCCCNc2c3c(nc4ccccc24)CCCC3)ccc1O,train
CHEMBL3234592,CHEMBL220,7.11,2014.0,7.11,O/N=C/c1nccc(CCCCCNc2c3c(nc4ccccc24)CCCC3)c1O,val
CHEMBL3234593,CHEMBL220,6.82,2014.0,6.82,c1ccc(CCCCCNc2c3c(nc4ccccc24)CCCC3)nc1,train
CHEMBL3234594,CHEMBL220,3.886056647693163,2014.0,3.886056647693163,c1ccc(CCCCCSc2c3c(nc4ccccc24)CCCC3)nc1,train
CHEMBL3235205,CHEMBL220,2.614393726401688,2014.0,2.614393726401688,O=C(/C=N/O)NC1CCN(Cc2ccccc2)CC1,test
CHEMBL3235206,CHEMBL220,2.4978461071286393,2014.0,2.4978461071286393,O=C(/C=N/O)NCC1CCN(Cc2ccccc2)CC1,test
CHEMBL3235207,CHEMBL220,3.6311554931741785,2014.0,3.6311554931741785,CC(=O)/C(=N\O)C(=O)NC1CCN(Cc2ccccc2)CC1,test
CHEMBL3235208,CHEMBL220,4.138853031017884,2014.0,4.138853031017884,CC(=O)/C(=N\O)C(=O)NCC1CCN(Cc2ccccc2)CC1,test
CHEMBL3235209,CHEMBL220,3.135192370973853,2014.0,3.135192370973853,N#C/C(=N\O)C(=O)NC1CCN(Cc2ccccc2)CC1,test
CHEMBL3235210,CHEMBL220,1.0224455739306173,2014.0,1.0224455739306173,N#C/C(=N\O)C(=O)NCC1CCN(Cc2ccccc2)CC1,test
CHEMBL3235211,CHEMBL220,2.789146634685107,2014.0,2.789146634685107,COc1ccc(CN2CCC(CNC(=O)/C(=N/O)C(C)=O)CC2)cc1OC,test
CHEMBL3235212,CHEMBL220,3.2254100497352054,2014.0,3.2254100497352054,COc1cc2c(cc1OC)C(c1ccccc1)N(CCCNC(=O)/C=N/O)CC2,train
CHEMBL3235213,CHEMBL220,2.7153437172114843,2014.0,2.7153437172114843,COc1cc2c(cc1OC)C(c1ccccc1)N(CCCNC(=O)/C(=N/O)C(C)=O)CC2,train
CHEMBL3235214,CHEMBL220,2.573326111978627,2014.0,2.573326111978627,COc1cc2c(cc1OC)CN(CCCNC(=O)/C(=N/O)C(C)=O)CC2,test
CHEMBL3235215,CHEMBL220,5.21,2014.0,5.21,Cl.O=C(/C=N/O)NCCCNc1c2c(nc3ccccc13)CCCC2,train
CHEMBL3235216,CHEMBL220,5.83,2014.0,5.83,O=C(/C=N/O)NCCCCNc1c2c(nc3ccccc13)CCCC2,train
CHEMBL3235217,CHEMBL220,5.51,2014.0,5.51,N#C/C(=N\O)C(=O)NCCCNc1c2c(nc3ccccc13)CCCC2,train
CHEMBL3235218,CHEMBL220,6.23,2014.0,6.23,O=C(/C=N/O)NCCCCCCNc1c2c(nc3ccccc13)CCCC2,train
CHEMBL3235219,CHEMBL220,5.247243143590233,2014.0,5.247243143590233,O=C(/C=N/O)c1cccnc1OCC1CCN(Cc2ccccc2)CC1,train
CHEMBL3235220,CHEMBL220,3.8416375079047502,2014.0,3.8416375079047502,O=C(/C=N/O)c1ccnc(OCC2CCN(Cc3ccccc3)CC2)c1,train
CHEMBL3235221,CHEMBL220,4.51,2014.0,4.51,O=C(/C=N/O)c1ccc(OCC2CCN(Cc3ccccc3)CC2)nc1,train
CHEMBL3235222,CHEMBL220,3.7009287399725905,2014.0,3.7009287399725905,O=C(/C=N/O)c1cccc(OCC2CCN(Cc3ccccc3)CC2)n1,train
CHEMBL3235223,CHEMBL220,2.714442690992226,2014.0,2.714442690992226,COc1ccc(CN2CCC(COc3ccc(C(=O)/C=N/O)cn3)CC2)cc1OC,train
CHEMBL3235224,CHEMBL220,3.7991495019089223,2014.0,3.7991495019089223,O=C(/C=N/O)c1ccc(OCC2CCN(Cc3ccc(F)c(F)c3)CC2)nc1,train
CHEMBL3235225,CHEMBL220,2.7937139555875676,2014.0,2.7937139555875676,N#Cc1ccc(CN2CCC(COc3ccc(C(=O)/C=N/O)cn3)CC2)cc1,train
CHEMBL3235226,CHEMBL220,3.525346746637937,2014.0,3.525346746637937,O=C(/C=N/O)c1ccc(OCC2CCN(Cc3cccc(Cl)c3)CC2)nc1,train
CHEMBL3235227,CHEMBL220,4.26,2014.0,4.26,O=C(/C=N/O)c1cnc(OCC2CCN(Cc3ccccc3)CC2)nc1,train
CHEMBL3235228,CHEMBL220,3.544241796895863,2014.0,3.544241796895863,O=C(/C=N/O)c1ccc(NCC2CCN(Cc3ccccc3)CC2)nc1,train
CHEMBL3235229,CHEMBL220,3.4624327428473247,2014.0,3.4624327428473247,COc1ccc(CN2CCCC(COc3ccc(C(=O)/C=N/O)cn3)C2)cc1OC,val
CHEMBL3235230,CHEMBL220,3.6333902896075703,2014.0,3.6333902896075703,COc1ccc(CN2CCCCC2COc2ccc(C(=O)/C=N/O)cn2)cc1OC,train
CHEMBL3235231,CHEMBL220,3.2591637929426884,2014.0,3.2591637929426884,O=C(/C=N/O)c1ccc(OCC2CCCCN2Cc2ccccc2)nc1,train
CHEMBL3235232,CHEMBL220,3.862013267276468,2014.0,3.862013267276468,O=C(/C=N/O)c1ccc(OCC2CCN(Cc3ccccc3)C2)nc1,train
CHEMBL3235233,CHEMBL220,2.5991167844516374,2014.0,2.5991167844516374,COc1ccc(CN2CCC(COc3ccc(C(=O)/C=N/O)cn3)C2)cc1OC,train
CHEMBL3235234,CHEMBL220,3.575118363368933,2014.0,3.575118363368933,O/N=C/c1ccc(OCC2CCN(Cc3ccccc3)CC2)nc1,train
CHEMBL3235235,CHEMBL220,3.702239488900866,2014.0,3.702239488900866,O/N=C/c1cnc(OCC2CCN(Cc3ccccc3)CC2)nc1,train
CHEMBL3235502,CHEMBL220,6.654999999999999,2014.0,6.654999999999999,O=C(CCCOc1cccc2[nH]c3ccccc3c12)NCCCNc1c2c(nc3ccccc13)CCCC2,train
CHEMBL3235503,CHEMBL220,8.3,2014.0,8.3,c1ccc2c(NCCSSCCNc3c4c(nc5ccccc35)CCCC4)c3c(nc2c1)CCCC3,train
CHEMBL323655,CHEMBL220,4.48,2002.0,4.48,COc1ccccc1CN(CCCCCCCCN(Cc1ccccc1OC)C(=O)CCCCCN)C(=O)CCCCCN,val
CHEMBL3237520,CHEMBL220,5.44,2014.0,5.44,CN(Cc1ccccc1)Cc1ccc(C(=O)c2ccc(O)c(F)c2)cc1,train
CHEMBL3237527,CHEMBL220,5.63,2014.0,5.63,O=C(c1ccc(CN2CCC(CCO)CC2)cc1)c1ccc(O)c(F)c1,test
CHEMBL3237628,CHEMBL220,4.15,2014.0,4.15,CC[C@H]1[C@H](C[C@H](C)C(=O)OC)O[C@]23CC[C@@H]([C@@H]4C[C@H](C)C(=O)O4)N2CCCC[C@H]13,train
CHEMBL3237629,CHEMBL220,4.0,2014.0,4.0,CC[C@H]1[C@H](C[C@H](C)C(=O)OC)O[C@]23CC[C@@H]([C@@H]4C[C@H](C)C(=O)O4)N2CCCC[C@]13O,train
CHEMBL3237630,CHEMBL220,5.04,2014.0,5.04,CC[C@H]1[C@H]2OC(=O)[C@](C)(O)[C@H]2[C@]23CC[C@@H]([C@@H]4C[C@@H](C)C(=O)O4)N2CCCC[C@@H]13,train
CHEMBL3237631,CHEMBL220,4.0,2014.0,4.0,CC[C@@H]1[C@H]2OC(=O)[C@](C)(O)[C@H]2[C@]23CC[C@@H]([C@@H]4C[C@@H](C)C(=O)O4)N2CCCC[C@@H]13,train
CHEMBL3237632,CHEMBL220,4.16,2014.0,4.16,CC[C@@H]1[C@H]2OC(=O)[C@@](C)(O)[C@H]2[C@]23CC[C@@H]([C@@H]4C[C@H](C)C(=O)O4)N2CCCC[C@H]13,train
CHEMBL3237633,CHEMBL220,4.77,2014.0,4.77,CC[C@H]1[C@@H]2OC(=O)[C@@](C)(O)[C@@H]2[C@@]23CC[C@@H]([C@@H]4C[C@H](C)C(=O)O4)N2CCCC[C@H]13,train
CHEMBL3237634,CHEMBL220,4.0,2014.0,4.0,CC[C@H]1[C@H]2OC(=O)[C@@](C)(O)[C@H]2[C@]23CC[C@@H]([C@@H]4C[C@H](C)C(=O)O4)N2CCCC[C@H]13,train
CHEMBL32452,CHEMBL220,7.05,1992.0,7.05,CCCCNC(=O)Oc1ccc2c(c1)[C@]1(C)CCN(CC)C1C2,val
CHEMBL32453,CHEMBL220,6.42,1992.0,6.42,CCCCCCCNC(=O)Oc1ccc2c(c1)[C@@H]1CCN(CC)C1C2,val
CHEMBL324975,CHEMBL220,5.85,2002.0,5.85,COc1ccccc1CN1CCCCCCCCN(Cc2ccccc2OC)C(=O)CCCCCNCc2ccc(cc2)CNCCCCCC1=O,train
CHEMBL325109,CHEMBL220,6.05,2010.0,6.05,COc1cc(N)c(Cl)cc1C(=O)NC1CCN(Cc2ccccc2)CC1,train
CHEMBL325203,CHEMBL220,3.4077121840478695,2010.0,3.4077121840478695,Nc1c2c(nc3ccccc13)-c1ccccc1NCCC2,train
CHEMBL32543,CHEMBL220,6.275,1992.0,6.275,CCCCCCNC(=O)Oc1ccc2c(c1)[C@@H]1CCN(CCC)C1C2,val
CHEMBL325480,CHEMBL220,4.0,2007.0,4.0,O=C1Nc2ccc(I)cc2C1=O,train
CHEMBL325502,CHEMBL220,6.62,2007.0,6.62,CCCCC1=NC2(CCCC2)C(=O)N1Cc1ccc(-c2ccccc2C(=O)OC)cc1,train
CHEMBL325505,CHEMBL220,3.9800000199290153,2002.0,3.9800000199290153,CCCCCCCCCN(Cc1ccccc1OC)C(=O)CCCCCN(C)Cc1ccc(-c2ccc(CN(C)CCCCCC(=O)NCc3ccccc3OC)cc2)cc1,val
CHEMBL325740,CHEMBL220,5.21,2002.0,5.21,COc1ccccc1CN1CCCCCCCCN(Cc2ccccc2OC)C(=O)CCCCCNCc2cccc(c2)Cc2cccc(c2)CNCCCCCC1=O,train
CHEMBL325761,CHEMBL220,5.52,2018.0,5.52,Cc1c(C)c2ccc(OCc3ccc(F)c(F)c3)cc2oc1=O,train
CHEMBL32585,CHEMBL220,4.94,1989.0,4.94,CC(OC[n+]1ccn(C)c1/C=N/O)C(C)(C)C.[Cl-],train
CHEMBL3261984,CHEMBL220,4.31,2014.0,4.31,O=C(/C=N/O)Nc1ccc[n+](CC[n+]2cccc(NC(=O)/C=N/O)c2)c1.[Br-].[Br-],train
CHEMBL3261985,CHEMBL220,4.05,2014.0,4.05,O=C(/C=N\O)Nc1ccc[n+](CCC[n+]2cccc(NC(=O)/C=N\O)c2)c1.[Br-].[Br-],train
CHEMBL3261986,CHEMBL220,4.07,2014.0,4.07,O=C(/C=N\O)Nc1ccc[n+](CCCC[n+]2cccc(NC(=O)/C=N\O)c2)c1.[Br-].[Br-],train
CHEMBL3261987,CHEMBL220,4.52,2014.0,4.52,O=C(/C=N\O)Nc1ccc[n+](CCCCC[n+]2cccc(NC(=O)/C=N\O)c2)c1.[Br-].[Br-],test
CHEMBL3261988,CHEMBL220,4.61,2014.0,4.61,O=C(/C=N\O)Nc1ccc[n+](CCCCCC[n+]2cccc(NC(=O)/C=N\O)c2)c1.[Br-].[Br-],train
CHEMBL3261989,CHEMBL220,4.07,2014.0,4.07,O=C(/C=N\O)Nc1ccc[n+](CCCCCCC[n+]2cccc(NC(=O)/C=N\O)c2)c1.[Br-].[Br-],test
CHEMBL3261990,CHEMBL220,4.65,2014.0,4.65,O=C(/C=N/O)Nc1ccc[n+](Cc2ccccc2C[n+]2cccc(NC(=O)/C=N/O)c2)c1.[Br-].[Br-],train
CHEMBL3261991,CHEMBL220,4.26,2014.0,4.26,O=C(/C=N/O)Nc1ccc[n+](Cc2cccc(C[n+]3cccc(NC(=O)/C=N/O)c3)c2)c1.[Br-].[Br-],test
CHEMBL3261992,CHEMBL220,4.76,2014.0,4.76,O=C(/C=N/O)Nc1ccc[n+](Cc2ccc(C[n+]3cccc(NC(=O)/C=N/O)c3)cc2)c1.[Br-].[Br-],train
CHEMBL3262251,CHEMBL220,5.19,2017.0,5.19,CC(C)Nc1nc(NCc2ccccc2)c2ccccc2n1,test
CHEMBL3262479,CHEMBL220,5.52,2021.0,5.52,CN1c2ccc(OCc3ccccc3)cc2C(=O)N2CCc3c([nH]c4ccccc34)C21,train
CHEMBL3262489,CHEMBL220,5.0,2021.0,5.0,CCCCCCCNC(=O)Oc1ccc2c(c1)CN1CCc3c([nH]c4ccccc34)C1N2C,train
CHEMBL3262658,CHEMBL220,5.3,2014.0,5.3,CCN(CC)CCCCCCOc1ccc(CC2NCCc3cc(OC)c(OC)cc32)cc1,test
CHEMBL3262661,CHEMBL220,5.15,2014.0,5.15,COc1cc2c(cc1OC)C(Cc1ccc(OCCCCCCN(C)C)cc1)NCC2,test
CHEMBL3262662,CHEMBL220,5.46,2014.0,5.46,CCCN(CCC)CCCCCCOc1ccc(CC2NCCc3cc(OC)c(OC)cc32)cc1,test
CHEMBL3262663,CHEMBL220,5.42,2014.0,5.42,CCCCN(CCCC)CCCCCCOc1ccc(CC2NCCc3cc(OC)c(OC)cc32)cc1,test
CHEMBL3262664,CHEMBL220,5.35,2014.0,5.35,COc1cc2c(cc1OC)C(Cc1ccc(OCCCCCCN3CCCC3C)cc1)NCC2,train
CHEMBL3262665,CHEMBL220,5.66,2014.0,5.66,COc1cc2c(cc1OC)C(Cc1ccc(OCCCCCCN3CCCCC3C)cc1)NCC2,train
CHEMBL3262666,CHEMBL220,5.67,2014.0,5.67,COc1cc2c(cc1OC)C(Cc1ccc(OCCCCCCN3CCCCC3)cc1)NCC2,train
CHEMBL3262667,CHEMBL220,5.53,2014.0,5.53,COc1cc2c(cc1OC)C(Cc1ccc(OCCCCCCN3CCCC3)cc1)NCC2,train
CHEMBL3262668,CHEMBL220,5.02,2014.0,5.02,COc1cc2c(cc1OC)C(Cc1ccc(OCCCCCCN3CCC(O)CC3)cc1)NCC2,train
CHEMBL3262669,CHEMBL220,4.45,2014.0,4.45,COc1cc2c(cc1OC)C(Cc1ccc(OCCCCCCN3CCOCC3)cc1)NCC2,train
CHEMBL3262670,CHEMBL220,4.4,2014.0,4.4,COc1cc2c(cc1OC)C(Cc1ccc(OCCCCCCN3CCC(O)(Cc4ccccc4)CC3)cc1)NCC2,train
CHEMBL3262671,CHEMBL220,4.79,2014.0,4.79,COc1cc2c(cc1OC)C(Cc1ccc(OCCCCCCN3CCN(c4ccccc4)CC3)cc1)NCC2,train
CHEMBL3262672,CHEMBL220,5.25,2014.0,5.25,COc1cc2c(cc1OC)C(Cc1ccc(OCCCCCCN3CCN(Cc4ccccc4)CC3)cc1)NCC2,train
CHEMBL3262673,CHEMBL220,5.03,2014.0,5.03,COc1cc2c(cc1OC)C(Cc1ccc(OCCCCCCN3CCC(c4ccccc4)CC3)cc1)NCC2,train
CHEMBL326294,CHEMBL220,4.0,2007.0,4.0,O=C1Nc2ccccc2C1=O,train
CHEMBL326308,CHEMBL220,4.8,2002.0,4.8,CCCCCCCCCN(Cc1ccccc1OC)C(=O)CCCCCNCc1ccc(-c2ccc(-c3ccc(CNCCCCCC(=O)NCc4ccccc4OC)cc3)cc2)cc1,train
CHEMBL3263724,CHEMBL220,5.72,2014.0,5.72,CN(Cc1ccccc1)Cc1ccc(C(=O)NCCc2c[nH]c3ccccc23)cc1,train
CHEMBL3263725,CHEMBL220,5.38,2014.0,5.38,CN(Cc1ccccc1)Cc1ccc(C(=O)NCCc2c[nH]c3ccc(O)cc23)cc1,train
CHEMBL3263726,CHEMBL220,5.21,2014.0,5.21,COc1ccc2[nH]cc(CCNC(=O)c3ccc(CN(C)Cc4ccccc4)cc3)c2c1,train
CHEMBL3263727,CHEMBL220,5.39,2014.0,5.39,COc1ccc2c(CCNC(=O)c3ccc(CN(C)Cc4ccccc4)cc3)c[nH]c2c1,train
CHEMBL3263728,CHEMBL220,5.6,2014.0,5.6,CN(Cc1ccccc1)Cc1ccc(C(=O)NCCc2c[nH]c3cc(F)ccc23)cc1,train
CHEMBL3263729,CHEMBL220,5.42,2014.0,5.42,CN(Cc1ccc(C(=O)NCCc2c[nH]c3ccccc23)cc1)Cc1ccccc1Cl,train
CHEMBL3263730,CHEMBL220,5.58,2014.0,5.58,COc1ccc2[nH]cc(CCNC(=O)c3ccc(CN(C)Cc4ccccc4Cl)cc3)c2c1,train
CHEMBL3263731,CHEMBL220,5.29,2014.0,5.29,CN(Cc1ccc(C(=O)NCCc2c[nH]c3ccccc23)cc1)Cc1cccc(Cl)c1,train
CHEMBL3263732,CHEMBL220,5.25,2014.0,5.25,COc1ccc2[nH]cc(CCNC(=O)c3ccc(CN(C)Cc4cccc(Cl)c4)cc3)c2c1,train
CHEMBL3263733,CHEMBL220,5.68,2014.0,5.68,COc1ccc2c(CCNC(=O)c3ccc(CN(C)Cc4cccc(Cl)c4)cc3)c[nH]c2c1,train
CHEMBL3263734,CHEMBL220,5.33,2014.0,5.33,COc1ccccc1CN(C)Cc1ccc(C(=O)NCCc2c[nH]c3ccccc23)cc1,train
CHEMBL3263735,CHEMBL220,5.27,2014.0,5.27,COc1ccc2[nH]cc(CCNC(=O)c3ccc(CN(C)Cc4ccccc4OC)cc3)c2c1,train
CHEMBL3263736,CHEMBL220,5.42,2014.0,5.42,COc1cccc(CN(C)Cc2ccc(C(=O)NCCc3c[nH]c4ccccc34)cc2)c1,train
CHEMBL3263737,CHEMBL220,5.17,2014.0,5.17,COc1cccc(CN(C)Cc2ccc(C(=O)NCCc3c[nH]c4ccc(OC)cc34)cc2)c1,train
CHEMBL32653,CHEMBL220,5.66,1992.0,5.66,CCCNC(=O)Oc1ccc2c(c1)[C@@H]1CCN(CC)C1C2,val
CHEMBL326868,CHEMBL220,5.52,2010.0,5.52,O=C1c2ccc([N+](=O)[O-])cc2C(=O)N1CC1CCN(Cc2ccccc2)CC1,train
CHEMBL327012,CHEMBL220,4.0,2007.0,4.0,O=C1Nc2ccc(Cl)cc2C1=O,train
CHEMBL327100,CHEMBL220,5.47,2002.0,5.47,COc1ccccc1CN1CCCCCCCCN(Cc2ccccc2OC)C(=O)CCCCCNCc2ccc(cc2)-c2ccc(cc2)CNCCCCCC1=O,train
CHEMBL327135,CHEMBL220,6.57,1992.0,6.57,CN(C)Cc1ccc(CSCCNc2cc(Oc3ccc([N+](=O)[O-])cc3)c([N+](=O)[O-])cc2[N+](=O)[O-])o1,test
CHEMBL327209,CHEMBL220,5.82,2023.0,5.82,O=c1cc(-c2ccc(O)cc2)oc2ccccc12,train
CHEMBL32749,CHEMBL220,4.0,2020.0,4.0,COc1cc(/C=C/C(=O)O)ccc1O,val
CHEMBL32768,CHEMBL220,5.02,1989.0,5.02,CCCCCCCCOC[n+]1ccn(C)c1/C=N/O.[Cl-],train
CHEMBL32778,CHEMBL220,3.838631997765025,2012.0,3.838631997765025,O/N=C/c1cc[n+](CCC[n+]2ccc(/C=N/O)cc2)cc1,train
CHEMBL328085,CHEMBL220,4.55,2010.0,4.55,O=C(OC1Cc2c(O)cc(O)cc2OC1c1ccc(O)c(O)c1)c1cc(O)c(O)c(O)c1,train
CHEMBL328102,CHEMBL220,7.0,1994.0,7.0,c1ccc(CN2CCC(CCc3nsc4ccccc34)CC2)cc1,train
CHEMBL32823,CHEMBL220,9.09,2005.0,9.09,c1ccc2c(NCCCCCCCNc3c4c(nc5ccccc35)CCCC4)c3c(nc2c1)CCCC3,train
CHEMBL328468,CHEMBL220,9.02,1995.0,9.02,O=C1Cc2cc3onc(CCC4CCN(Cc5ccccc5)CC4)c3cc2N1,test
CHEMBL328715,CHEMBL220,6.09,1994.0,6.09,c1ccc(CN2CCC(CCNc3noc4ccccc34)CC2)cc1,train
CHEMBL3289924,CHEMBL220,4.91,2014.0,4.91,CCOC(OCC)c1ccc(/C=C2\CCC/C(=C\c3ccc(C(OCC)OCC)cc3)C2=O)cc1,train
CHEMBL3289925,CHEMBL220,4.38,2014.0,4.38,CCOC(OCC)c1ccc(/C=C2\COC/C(=C\c3ccc(C(OCC)OCC)cc3)C2=O)cc1,train
CHEMBL3289926,CHEMBL220,6.04,2014.0,6.04,CCOC(OCC)c1ccc(/C=C2\CNC/C(=C\c3ccc(C(OCC)OCC)cc3)C2=O)cc1,train
CHEMBL3289927,CHEMBL220,7.38,2014.0,7.38,CCOC(OCC)c1ccc(/C=C2\CN(C)C/C(=C\c3ccc(C(OCC)OCC)cc3)C2=O)cc1,train
CHEMBL3289928,CHEMBL220,4.56,2014.0,4.56,CCOC(OCC)c1ccc(/C=C2\CN(Cc3ccccc3)C/C(=C\c3ccc(C(OCC)OCC)cc3)C2=O)cc1,train
CHEMBL3289929,CHEMBL220,4.26,2014.0,4.26,CCOC(OCC)c1ccc(/C=C/C(=O)/C=C/c2ccc(C(OCC)OCC)cc2)cc1,train
CHEMBL3289930,CHEMBL220,4.12,2014.0,4.12,CCOC(OCC)c1ccc(/C=C2\CC/C(=C\c3ccc(C(OCC)OCC)cc3)C2=O)cc1,train
CHEMBL3289931,CHEMBL220,4.0,2014.0,4.0,CCOC(OCC)c1ccc(/C=C2\Cc3ccccc3C2=O)cc1,train
CHEMBL3289932,CHEMBL220,4.0,2014.0,4.0,CCOC(OCC)c1ccc(/C=C2\CCc3ccccc3C2=O)cc1,train
CHEMBL3289933,CHEMBL220,4.11,2014.0,4.11,CCOC(OCC)c1ccc(/C=C/C(=O)C2CCc3ccccc3C2=O)cc1,train
CHEMBL3289934,CHEMBL220,4.34,2014.0,4.34,CN(C)c1ccc(/C=C2/CCC/C(=C\c3ccc(N(C)C)cc3[N+](=O)[O-])C2=O)c([N+](=O)[O-])c1,train
CHEMBL3289935,CHEMBL220,5.81,2014.0,5.81,CN(C)c1ccc(/C=C2/COC/C(=C\c3ccc(N(C)C)cc3[N+](=O)[O-])C2=O)c([N+](=O)[O-])c1,train
CHEMBL3289936,CHEMBL220,6.06,2014.0,6.06,CN(C)c1ccc(/C=C2/CNC/C(=C\c3ccc(N(C)C)cc3[N+](=O)[O-])C2=O)c([N+](=O)[O-])c1,train
CHEMBL3289937,CHEMBL220,7.24,2014.0,7.24,CN1C/C(=C/c2ccc(N(C)C)cc2[N+](=O)[O-])C(=O)/C(=C/c2ccc(N(C)C)cc2[N+](=O)[O-])C1,train
CHEMBL3289938,CHEMBL220,4.0,2014.0,4.0,CN(C)c1ccc(/C=C2/CN(Cc3ccccc3)C/C(=C\c3ccc(N(C)C)cc3[N+](=O)[O-])C2=O)c([N+](=O)[O-])c1,train
CHEMBL3289939,CHEMBL220,4.0,2014.0,4.0,CN(C)c1ccc(/C=C/C(=O)/C=C/c2ccc(N(C)C)cc2[N+](=O)[O-])c([N+](=O)[O-])c1,train
CHEMBL3289940,CHEMBL220,4.0,2014.0,4.0,CN(C)c1ccc(/C=C2\CC/C(=C\c3ccc(N(C)C)cc3[N+](=O)[O-])C2=O)c([N+](=O)[O-])c1,train
CHEMBL3289941,CHEMBL220,4.0,2014.0,4.0,CN(C)c1ccc(/C=C2\Cc3ccccc3C2=O)c([N+](=O)[O-])c1,train
CHEMBL3289942,CHEMBL220,4.1,2014.0,4.1,CN(C)c1ccc(/C=C2\CCc3ccccc3C2=O)c([N+](=O)[O-])c1,train
CHEMBL3289943,CHEMBL220,4.4,2014.0,4.4,CN(C)c1ccc(/C=C/C(=O)C2CCc3ccccc3C2=O)cc1,train
CHEMBL329012,CHEMBL220,9.48,1995.0,9.48,O=C(O)/C=C\C(=O)O.O=C1Cc2cc3c(CCC4CCN(Cc5ccccc5)CC4)noc3cc2N1,train
CHEMBL3290187,CHEMBL220,4.0,2014.0,4.0,O=C1/C(=C\c2ccc(N3CCCC3)cc2)CCC/C1=C\c1ccc(N2CCCC2)cc1,train
CHEMBL3290188,CHEMBL220,4.0,2014.0,4.0,O=C1/C(=C\c2ccc(N3CCCC3)cc2)COC/C1=C\c1ccc(N2CCCC2)cc1,train
CHEMBL3290189,CHEMBL220,5.02,2014.0,5.02,O=C1/C(=C\c2ccc(N3CCCC3)cc2)CNC/C1=C\c1ccc(N2CCCC2)cc1,test
CHEMBL3290190,CHEMBL220,5.56,2014.0,5.56,CN1C/C(=C/c2ccc(N3CCCC3)cc2)C(=O)/C(=C/c2ccc(N3CCCC3)cc2)C1,test
CHEMBL3290191,CHEMBL220,4.0,2014.0,4.0,O=C1/C(=C\c2ccc(N3CCCC3)cc2)CN(Cc2ccccc2)C/C1=C\c1ccc(N2CCCC2)cc1,train
CHEMBL3290192,CHEMBL220,4.0,2014.0,4.0,O=C(/C=C/c1ccc(N2CCCC2)cc1)/C=C/c1ccc(N2CCCC2)cc1,train
CHEMBL3290193,CHEMBL220,4.18,2014.0,4.18,O=C1/C(=C/c2ccc(N3CCCC3)cc2)CC/C1=C\c1ccc(N2CCCC2)cc1,train
CHEMBL3290194,CHEMBL220,4.0,2014.0,4.0,O=C1/C(=C/c2ccc(N3CCCC3)cc2)Cc2ccccc21,train
CHEMBL3290195,CHEMBL220,4.0,2014.0,4.0,O=C1/C(=C/c2ccc(N3CCCC3)cc2)CCc2ccccc21,train
CHEMBL3290196,CHEMBL220,4.0,2014.0,4.0,O=C(/C=C/c1ccc(N2CCCC2)cc1)C1CCc2ccccc2C1=O,test
CHEMBL3291019,CHEMBL220,6.46,2016.0,6.46,C#CCN(Cc1ccc(O)c2ncccc12)C(C#N)CCC1CCN(Cc2ccccc2)CC1,train
CHEMBL3291021,CHEMBL220,5.75,2019.0,5.75,C#CCN(C)Cc1ccc(O)c2ncccc12,train
CHEMBL329231,CHEMBL220,9.24,1995.0,9.24,O=C1CCc2cc3c(CCC4CCN(Cc5ccccc5)CC4)noc3cc2N1,test
CHEMBL329518,CHEMBL220,5.82,2010.0,5.82,COc1ccc(NC(=S)NCCOCCN(C)Cc2cccc([N+](=O)[O-])c2)cc1OC,train
CHEMBL329531,CHEMBL220,6.47,1994.0,6.47,c1ccc(CN2CCC(CCc3ncnc4ccccc34)CC2)cc1,test
CHEMBL32964,CHEMBL220,6.81,1992.0,6.81,CCCNC(=O)Oc1ccc2c(c1)[C@]1(C)CCN(CC)C1C2,val
CHEMBL32966,CHEMBL220,6.94,1992.0,6.94,CCCCCCCNC(=O)Oc1ccc2c(c1)[C@]1(C)CCN(C)C1C2,val
CHEMBL329733,CHEMBL220,5.0,2010.0,5.0,CCN(CCOCCNC(=O)NCc1ccccc1)CC1CCCCC1,val
CHEMBL330004,CHEMBL220,7.3,1994.0,7.3,Brc1ccc2c(CCC3CCN(Cc4ccccc4)CC3)noc2c1,test
CHEMBL3303094,CHEMBL220,8.12,2016.0,8.12,CC1=CC2Cc3nc4cc(Cl)ccc4c(NCCCCCCCCCCNC(=O)c4cc(O)c5c(c4)C(=O)c4cccc(O)c4C5=O)c3C(C1)C2,test
CHEMBL3304178,CHEMBL220,7.74,2016.0,7.74,CC1=CC2Cc3nc4cc(Cl)ccc4c(NCc4ccc(CNC(=O)c5cc(O)c6c(c5)C(=O)c5cccc(O)c5C6=O)cc4)c3C(C1)C2,test
CHEMBL3304241,CHEMBL220,7.76,2016.0,7.76,CC1=CC2Cc3nc4cc(Cl)ccc4c(NCCCCCCCCCCCNC(=O)c4cc(O)c5c(c4)C(=O)c4cccc(O)c4C5=O)c3C(C1)C2,train
CHEMBL3304306,CHEMBL220,8.44,2016.0,8.44,CC1=CC2Cc3nc4cc(Cl)ccc4c(NCCCCCCCCCNC(=O)c4cc(O)c5c(c4)C(=O)c4cccc(O)c4C5=O)c3C(C1)C2,train
CHEMBL3304357,CHEMBL220,8.36,2016.0,8.36,CC1=CC2Cc3nc4cc(Cl)ccc4c(NCCCCCCCCNC(=O)c4cc(O)c5c(c4)C(=O)c4cccc(O)c4C5=O)c3C(C1)C2,train
CHEMBL33051,CHEMBL220,4.05,1986.0,4.05,NC(=O)c1cc[n+](COC[n+]2ccccc2/C=N/O)cc1.[Cl-].[Cl-],train
CHEMBL330883,CHEMBL220,7.41,2010.0,7.41,Nc1c2c(nc3ccccc13)CCCCC2,train
CHEMBL33098,CHEMBL220,6.2,1992.0,6.2,CCCCCCCNC(=O)Oc1ccc2c(c1)[C@@H]1CCN(CCC)C1C2,val
CHEMBL33101,CHEMBL220,5.08,1989.0,5.08,Cn1cc[n+](COCC(C)(C)C)c1/C=N/O.[Cl-],train
CHEMBL3310697,CHEMBL220,4.18,2014.0,4.18,CC1(C)C[C@@H](c2ccccc2)C(CN2C(=O)c3ccccc3C2=O)=NO1,train
CHEMBL3310699,CHEMBL220,4.12,2014.0,4.12,COC(=O)C(CC1=NO[C@@H]2CCC[C@@H]2[C@H]1c1ccccc1)C(=O)OC,test
CHEMBL3310703,CHEMBL220,5.6,2014.0,5.6,CC(=O)N1OC(C)(C)CC(c2ccccc2)=C1CN1C(=O)c2ccccc2C1=O,train
CHEMBL3310704,CHEMBL220,4.84,2014.0,4.84,COC(=O)C(CC1=C(c2ccc(OC)cc2)CC(C)(C)ON1C(C)=O)C(=O)OC,train
CHEMBL3310705,CHEMBL220,4.92,2014.0,4.92,COC(=O)C(CC1=C(c2ccccc2)CC(C)(C)ON1C(C)=O)C(=O)OC,train
CHEMBL3310706,CHEMBL220,4.33,2014.0,4.33,COC(=O)C(CC1=C(c2ccc(Cl)cc2)CC(C)(C)ON1C(C)=O)C(=O)OC,train
CHEMBL3311038,CHEMBL220,3.915066425063284,2019.0,3.915066425063284,COc1cc(OC)c(-c2coc3c4c(ccc3c2=O)OC(C)(C)C=C4)cc1OC,train
CHEMBL3311040,CHEMBL220,3.8821654814562527,2019.0,3.8821654814562527,COc1ccc(-c2coc3c4c(ccc3c2=O)OC(C)(C)C=C4)cc1OC,train
CHEMBL3313966,CHEMBL220,8.64,2014.0,8.64,O=C(C[n+]1ccccc1)N/N=C/c1ccc(/C=N/NC(=O)C[n+]2ccccc2)cc1.[Cl-].[Cl-],train
CHEMBL3314092,CHEMBL220,13.443697499232712,2014.0,13.443697499232712,COc1cc2c(cc1OC)[C@H](c1ccccc1)N(CCCCCCc1cnnn1CCNc1c3c(nc4ccccc14)CCCC3)CC2,train
CHEMBL3314093,CHEMBL220,13.481486060122112,2014.0,13.481486060122112,COc1cc2c(cc1OC)[C@@H](c1ccccc1)N(CCCCCCc1cnnn1CCNc1c3c(nc4ccccc14)CCCC3)CC2,train
CHEMBL33161,CHEMBL220,6.75,1992.0,6.75,CCN1CC[C@@]2(C)c3cc(OC(=O)Nc4ccccc4)ccc3CC12,train
CHEMBL331637,CHEMBL220,3.958607314841775,2010.0,3.958607314841775,CC12CCC(c3c1nc1ccccc1c3N)C2(C)C,test
CHEMBL33173,CHEMBL220,5.88,1992.0,5.88,CCN1CC[C@@]2(C)c3cc(OC(=O)N[C@@H](C)c4ccccc4)ccc3CC12,train
CHEMBL3318017,CHEMBL220,7.47,2014.0,7.47,COc1cc2oc(-c3ccc(CN4CCCC4)cc3)cc(=O)c2cc1OC,train
CHEMBL3318018,CHEMBL220,7.26,2014.0,7.26,O=c1cc(-c2ccc(CN3CCCCC3)cc2)oc2ccccc12,val
CHEMBL3319256,CHEMBL220,4.11,2019.0,4.11,Cn1ncc2cc(C(=O)Nc3ccc(Cl)c(Cl)c3)ccc21,test
CHEMBL332051,CHEMBL220,7.08,2007.0,7.08,CCCCC1=NC2(CCCC2)C(=O)N1Cc1ccc(-c2ccccc2C#N)cc1,train
CHEMBL3322140,CHEMBL220,6.63,2014.0,6.63,CCN(CCC(=O)NCCNc1c2c(nc3ccccc13)CCCC2)C1CCCCC1,train
CHEMBL3322141,CHEMBL220,7.1,2014.0,7.1,CCN(CCC(=O)NCCCNc1c2c(nc3ccccc13)CCCC2)C1CCCCC1,train
CHEMBL3322142,CHEMBL220,6.7,2014.0,6.7,CCN(CCC(=O)NCCCCNc1c2c(nc3ccccc13)CCCC2)C1CCCCC1,train
CHEMBL3322155,CHEMBL220,6.24,2014.0,6.24,CN(CCC(=O)NCCNc1c2c(nc3ccccc13)CCCC2)C1CCCCC1,train
CHEMBL3322156,CHEMBL220,6.4,2014.0,6.4,CN(CCC(=O)NCCCNc1c2c(nc3ccccc13)CCCC2)C1CCCCC1,train
CHEMBL3322157,CHEMBL220,6.98,2014.0,6.98,CN(CCC(=O)NCCCCNc1c2c(nc3ccccc13)CCCC2)C1CCCCC1,train
CHEMBL3322158,CHEMBL220,5.54,2014.0,5.54,O=C(Cc1cc(=O)oc2cc(O)ccc12)NCCNc1c2c(nc3ccccc13)CCCC2,test
CHEMBL3322159,CHEMBL220,6.56,2014.0,6.56,O=C(Cc1cc(=O)oc2cc(O)ccc12)NCCCNc1c2c(nc3ccccc13)CCCC2,test
CHEMBL3322160,CHEMBL220,7.81,2014.0,7.81,O=C(Cc1cc(=O)oc2cc(O)ccc12)NCCCCNc1c2c(nc3ccccc13)CCCC2,test
CHEMBL3322161,CHEMBL220,5.09,2014.0,5.09,O=C(Cc1cc(=O)oc2cc(O)ccc12)NNC(=S)Nc1c2c(nc3ccccc13)CCCC2,train
CHEMBL3322162,CHEMBL220,4.8,2014.0,4.8,O=C(Cc1cc(=O)oc2cc(O)ccc12)N/N=C1\SCC(=O)N1c1c2c(nc3ccccc13)CCCC2,val
CHEMBL3322231,CHEMBL220,8.69,2014.0,8.69,Cl.O=C(NCCCCCCCCNc1c2c(nc3cc(Cl)ccc13)CCCC2)c1ccc2nc(-c3ccc(Cl)cc3)c3c(c2c1)NCCC3,train
CHEMBL3322232,CHEMBL220,11.221848749616356,2014.0,11.221848749616356,Cl.O=C(NCCCNc1c2c(nc3cc(Cl)ccc13)CCCC2)c1ccc2nc(-c3ccc(Cl)cc3)c3c(c2c1)NCCC3,train
CHEMBL3322233,CHEMBL220,7.85,2014.0,7.85,Cl.O=C(NCCCCNc1c2c(nc3cc(Cl)ccc13)CCCC2)c1ccc2nc(-c3ccc(Cl)cc3)c3c(c2c1)NCCC3,train
CHEMBL3322234,CHEMBL220,7.85,2014.0,7.85,Cl.O=C(NCCCCCNc1c2c(nc3cc(Cl)ccc13)CCCC2)c1ccc2nc(-c3ccc(Cl)cc3)c3c(c2c1)NCCC3,train
CHEMBL3323035,CHEMBL220,7.47,2014.0,7.47,c1cc2c(cc1OCCCN1CCCCC1)CN1CCCC1=N2,train
CHEMBL3323036,CHEMBL220,6.845,2014.0,6.845,O=c1c2cc(OCCCN3CCCCC3)ccc2nc2n1Cc1ccccc1-2,train
CHEMBL3323039,CHEMBL220,6.7,2014.0,6.7,CCN(CC)CCCOc1ccc2nc3n(c(=O)c2c1)Cc1ccccc1-3,train
CHEMBL3323042,CHEMBL220,6.665,2014.0,6.665,O=c1c2cc(OCCCN3CCCCC3)ccc2nc2n1CCc1ccccc1-2,test
CHEMBL3323043,CHEMBL220,6.17,2014.0,6.17,CCN(CC)CCCOc1ccc2nc3n(c(=O)c2c1)CCc1ccccc1-3,test
CHEMBL3323046,CHEMBL220,6.27,2014.0,6.27,O=c1c2cc(OCCCN3CCCCC3)ccc2nc2n1CCCc1ccccc1-2,train
CHEMBL3323049,CHEMBL220,5.38,2014.0,5.38,CCN(CC)CCCOc1ccc2nc3n(c(=O)c2c1)CCCc1ccccc1-3,train
CHEMBL3323051,CHEMBL220,4.25,2014.0,4.25,O=c1c2cc(OCCCn3ccnc3)ccc2nc2n1CCCc1ccccc1-2,test
CHEMBL3323053,CHEMBL220,5.965,2014.0,5.965,O=c1c2cc(OCCCN3CCCCC3)ccc2nc2n1CCC2,train
CHEMBL3323056,CHEMBL220,5.915,2014.0,5.915,CCN(CC)CCCOc1ccc2nc3n(c(=O)c2c1)CCC3,test
CHEMBL3323059,CHEMBL220,6.65,2014.0,6.65,O=c1c2cc(OCCCN3CCCCC3)ccc2nc2n1CCCC2,train
CHEMBL3323062,CHEMBL220,5.82,2014.0,5.82,CCN(CC)CCCOc1ccc2nc3n(c(=O)c2c1)CCCC3,train
CHEMBL3323065,CHEMBL220,6.09,2014.0,6.09,O=c1c2cc(OCCCN3CCCCC3)ccc2nc2n1CCCCC2,train
CHEMBL3323068,CHEMBL220,4.92,2014.0,4.92,CCN(CC)CCCOc1ccc2nc3n(c(=O)c2c1)CCCCC3,train
CHEMBL332454,CHEMBL220,3.7796303675486054,2010.0,3.7796303675486054,Nc1c2c(nc3ccccc13)-c1ccccc1CCC2,test
CHEMBL3326698,CHEMBL220,7.46,2014.0,7.46,O=C(NCCCCCNc1c2c(nc3ccccc13)CCCC2)c1cc2ccccc2oc1=O,test
CHEMBL3326699,CHEMBL220,7.35,2014.0,7.35,COc1ccc2cc(C(=O)NCCCCCNc3c4c(nc5ccccc35)CCCC4)c(=O)oc2c1,test
CHEMBL3326700,CHEMBL220,7.41,2014.0,7.41,COc1ccc2oc(=O)c(C(=O)NCCCCCNc3c4c(nc5ccccc35)CCCC4)cc2c1,test
CHEMBL3326701,CHEMBL220,7.45,2014.0,7.45,Cc1ccc2oc(=O)c(C(=O)NCCCCCNc3c4c(nc5ccccc35)CCCC4)cc2c1,test
CHEMBL3326702,CHEMBL220,7.16,2014.0,7.16,COc1cc2cc(C(=O)NCCCCCNc3c4c(nc5ccccc35)CCCC4)c(=O)oc2cc1OC,test
CHEMBL3326703,CHEMBL220,7.12,2014.0,7.12,O=C(NCCCCCNc1c2c(nc3ccccc13)CCCC2)c1cc2cc(OC(F)(F)F)ccc2oc1=O,test
CHEMBL3326704,CHEMBL220,7.78,2014.0,7.78,O=C(NCCCCCCNc1c2c(nc3ccccc13)CCCC2)c1cc2ccccc2oc1=O,train
CHEMBL3326705,CHEMBL220,7.51,2014.0,7.51,COc1ccc2cc(C(=O)NCCCCCCNc3c4c(nc5ccccc35)CCCC4)c(=O)oc2c1,train
CHEMBL3326706,CHEMBL220,7.61,2014.0,7.61,COc1ccc2oc(=O)c(C(=O)NCCCCCCNc3c4c(nc5ccccc35)CCCC4)cc2c1,train
CHEMBL3326707,CHEMBL220,7.52,2014.0,7.52,Cc1ccc2oc(=O)c(C(=O)NCCCCCCNc3c4c(nc5ccccc35)CCCC4)cc2c1,train
CHEMBL3326708,CHEMBL220,7.25,2014.0,7.25,COc1cc2cc(C(=O)NCCCCCCNc3c4c(nc5ccccc35)CCCC4)c(=O)oc2cc1OC,train
CHEMBL3326709,CHEMBL220,7.22,2014.0,7.22,O=C(NCCCCCCNc1c2c(nc3ccccc13)CCCC2)c1cc2cc(OC(F)(F)F)ccc2oc1=O,train
CHEMBL3326710,CHEMBL220,7.38,2014.0,7.38,O=C(NCCCCCCCNc1c2c(nc3ccccc13)CCCC2)c1cc2ccccc2oc1=O,train
CHEMBL3326711,CHEMBL220,7.26,2014.0,7.26,COc1ccc2cc(C(=O)NCCCCCCCNc3c4c(nc5ccccc35)CCCC4)c(=O)oc2c1,train
CHEMBL3327246,CHEMBL220,7.29,2014.0,7.29,COc1ccc2oc(=O)c(C(=O)NCCCCCCCNc3c4c(nc5ccccc35)CCCC4)cc2c1,train
CHEMBL3327247,CHEMBL220,7.18,2014.0,7.18,Cc1ccc2oc(=O)c(C(=O)NCCCCCCCNc3c4c(nc5ccccc35)CCCC4)cc2c1,train
CHEMBL3327248,CHEMBL220,7.04,2014.0,7.04,COc1cc2cc(C(=O)NCCCCCCCNc3c4c(nc5ccccc35)CCCC4)c(=O)oc2cc1OC,train
CHEMBL3327249,CHEMBL220,7.11,2014.0,7.11,O=C(NCCCCCCCNc1c2c(nc3ccccc13)CCCC2)c1cc2cc(OC(F)(F)F)ccc2oc1=O,train
CHEMBL332760,CHEMBL220,6.12,2002.0,6.12,CC(C)c1ccc(NC(=O)Oc2ccc3c(c2)[C@]2(C)CCN(C)[C@@H]2N3C)cc1.O=C(O)C(O)C(O)C(=O)O,train
CHEMBL33332,CHEMBL220,5.42,1989.0,5.42,Cn1cc[n+](COCc2cccc3ccccc23)c1/C=N/O.[Cl-],train
CHEMBL3334506,CHEMBL220,4.85,2014.0,4.85,O=c1oc2cc(OCCCCN3CCC(Cc4ccccc4)CC3)ccc2c2ccccc12,train
CHEMBL3335017,CHEMBL220,4.96,2014.0,4.96,CC(c1ccc2c(c1)oc(=O)c1ccccc12)N(C)C.Cl,train
CHEMBL3335018,CHEMBL220,5.1,2014.0,5.1,C[C@@H](c1ccc2c(c1)oc(=O)c1ccccc12)N(C)C.Cl,train
CHEMBL3335019,CHEMBL220,5.55,2014.0,5.55,COc1cc(C(C)N(C)C)cc2oc(=O)c3ccccc3c12.Cl,train
CHEMBL3335020,CHEMBL220,4.82,2014.0,4.82,COc1cc(C(C)N(C)C)c2c(c1)oc(=O)c1ccccc12.Cl,train
CHEMBL3335021,CHEMBL220,4.72,2014.0,4.72,CC(c1cc(O)c2c(c1)oc(=O)c1ccccc12)N(C)C.Cl,train
CHEMBL3335022,CHEMBL220,4.48,2014.0,4.48,CC(c1cc(O)cc2oc(=O)c3ccccc3c12)N(C)C.Cl,train
CHEMBL3335023,CHEMBL220,4.4,2014.0,4.4,CCN(C)C(=O)Oc1cc(C(C)N(C)C)cc2oc(=O)c3ccccc3c12.Cl,train
CHEMBL3335024,CHEMBL220,4.3979400086720375,2014.0,4.3979400086720375,CCN(C)C(=O)Oc1cc(C(C)N(C)C)c2c(c1)oc(=O)c1ccccc12.Cl,train
CHEMBL3335025,CHEMBL220,5.55,2014.0,5.55,CN(CCOc1ccc2c3c(c(=O)oc2c1)CCCC3)Cc1ccccc1,train
CHEMBL3335026,CHEMBL220,5.22,2014.0,5.22,COc1cccc(CN(C)CCOc2ccc3c4c(c(=O)oc3c2)CCCC4)c1,train
CHEMBL3335027,CHEMBL220,5.09,2014.0,5.09,O=c1oc2cc(OCCN3CCC(Cc4ccccc4)CC3)ccc2c2c1CCCC2,train
CHEMBL3335028,CHEMBL220,4.43,2014.0,4.43,COc1cccc(CC2CCN(CCOc3ccc4c5c(c(=O)oc4c3)CCCC5)CC2)c1,train
CHEMBL3335029,CHEMBL220,5.89,2014.0,5.89,O=c1oc2cc(OCCN3CCN(Cc4ccccc4)CC3)ccc2c2c1CCCC2,train
CHEMBL3335030,CHEMBL220,5.14,2014.0,5.14,COc1cccc(CN2CCN(CCOc3ccc4c5c(c(=O)oc4c3)CCCC5)CC2)c1,train
CHEMBL3335031,CHEMBL220,5.68,2014.0,5.68,CN(CCCOc1ccc2c3c(c(=O)oc2c1)CCCC3)Cc1ccccc1,test
CHEMBL3335032,CHEMBL220,5.57,2014.0,5.57,COc1cccc(CN(C)CCCOc2ccc3c4c(c(=O)oc3c2)CCCC4)c1,test
CHEMBL3335046,CHEMBL220,5.37,2014.0,5.37,O=c1oc2cc(OCCCN3CCC(Cc4ccccc4)CC3)ccc2c2c1CCCC2,val
CHEMBL3335047,CHEMBL220,5.31,2014.0,5.31,COc1cccc(CC2CCN(CCCOc3ccc4c5c(c(=O)oc4c3)CCCC5)CC2)c1,val
CHEMBL3335048,CHEMBL220,6.05,2014.0,6.05,O=c1oc2cc(OCCCN3CCN(Cc4ccccc4)CC3)ccc2c2c1CCCC2,train
CHEMBL3335049,CHEMBL220,5.21,2014.0,5.21,COc1cccc(CN2CCN(CCCOc3ccc4c5c(c(=O)oc4c3)CCCC5)CC2)c1,train
CHEMBL3335050,CHEMBL220,6.0,2014.0,6.0,CN(CCCCOc1ccc2c3c(c(=O)oc2c1)CCCC3)Cc1ccccc1,train
CHEMBL3335051,CHEMBL220,5.77,2014.0,5.77,COc1cccc(CN(C)CCCCOc2ccc3c4c(c(=O)oc3c2)CCCC4)c1,train
CHEMBL3335052,CHEMBL220,5.04,2014.0,5.04,O=c1oc2cc(OCCCCN3CCC(Cc4ccccc4)CC3)ccc2c2c1CCCC2,test
CHEMBL3335053,CHEMBL220,4.86,2014.0,4.86,COc1cccc(CC2CCN(CCCCOc3ccc4c5c(c(=O)oc4c3)CCCC5)CC2)c1,test
CHEMBL3335054,CHEMBL220,5.19,2014.0,5.19,O=c1oc2cc(OCCCCN3CCN(Cc4ccccc4)CC3)ccc2c2c1CCCC2,test
CHEMBL3335055,CHEMBL220,5.06,2014.0,5.06,COc1cccc(CN2CCN(CCCCOc3ccc4c5c(c(=O)oc4c3)CCCC5)CC2)c1,test
CHEMBL3335056,CHEMBL220,5.17,2014.0,5.17,CN(CCOc1ccc2c(c1)oc(=O)c1ccccc12)Cc1ccccc1,train
CHEMBL3335057,CHEMBL220,4.74,2014.0,4.74,COc1cccc(CN(C)CCOc2ccc3c(c2)oc(=O)c2ccccc23)c1,train
CHEMBL3335058,CHEMBL220,4.7,2014.0,4.7,O=c1oc2cc(OCCN3CCC(Cc4ccccc4)CC3)ccc2c2ccccc12,train
CHEMBL3335059,CHEMBL220,4.53,2014.0,4.53,COc1cccc(CC2CCN(CCOc3ccc4c(c3)oc(=O)c3ccccc34)CC2)c1,train
CHEMBL3335060,CHEMBL220,6.05,2014.0,6.05,O=c1oc2cc(OCCN3CCN(Cc4ccccc4)CC3)ccc2c2ccccc12,train
CHEMBL3335061,CHEMBL220,4.94,2014.0,4.94,COc1cccc(CN2CCN(CCOc3ccc4c(c3)oc(=O)c3ccccc34)CC2)c1,train
CHEMBL3335062,CHEMBL220,5.07,2014.0,5.07,CN(CCCOc1ccc2c(c1)oc(=O)c1ccccc12)Cc1ccccc1,train
CHEMBL3335063,CHEMBL220,4.68,2014.0,4.68,COc1cccc(CN(C)CCCOc2ccc3c(c2)oc(=O)c2ccccc23)c1,train
CHEMBL3335064,CHEMBL220,5.39,2014.0,5.39,O=c1oc2cc(OCCCN3CCC(Cc4ccccc4)CC3)ccc2c2ccccc12,test
CHEMBL3335065,CHEMBL220,4.73,2014.0,4.73,COc1cccc(CC2CCN(CCCOc3ccc4c(c3)oc(=O)c3ccccc34)CC2)c1,test
CHEMBL3335066,CHEMBL220,6.1,2014.0,6.1,O=c1oc2cc(OCCCN3CCN(Cc4ccccc4)CC3)ccc2c2ccccc12,train
CHEMBL3335067,CHEMBL220,4.75,2014.0,4.75,COc1cccc(CN2CCN(CCCOc3ccc4c(c3)oc(=O)c3ccccc34)CC2)c1,train
CHEMBL3335068,CHEMBL220,5.96,2014.0,5.96,CN(CCCCOc1ccc2c(c1)oc(=O)c1ccccc12)Cc1ccccc1,test
CHEMBL3335069,CHEMBL220,5.08,2014.0,5.08,COc1cccc(CN(C)CCCCOc2ccc3c(c2)oc(=O)c2ccccc23)c1,test
CHEMBL3335070,CHEMBL220,4.56,2014.0,4.56,COc1cccc(CC2CCN(CCCCOc3ccc4c(c3)oc(=O)c3ccccc34)CC2)c1,train
CHEMBL3335071,CHEMBL220,5.09,2014.0,5.09,O=c1oc2cc(OCCCCN3CCN(Cc4ccccc4)CC3)ccc2c2ccccc12,train
CHEMBL3335072,CHEMBL220,4.67,2014.0,4.67,COc1cccc(CN2CCN(CCCCOc3ccc4c(c3)oc(=O)c3ccccc34)CC2)c1,train
CHEMBL3335073,CHEMBL220,5.05,2014.0,5.05,C[n+]1ccccc1/C=N/O.[Br-],train
CHEMBL3335074,CHEMBL220,3.7577070950170692,2014.0,3.7577070950170692,C[n+]1cccc(/C=N/O)c1.[Br-],train
CHEMBL3335075,CHEMBL220,4.02,2014.0,4.02,C[n+]1ccc(/C=N/O)cc1.[Br-],train
CHEMBL3335076,CHEMBL220,3.656394491895828,2014.0,3.656394491895828,NC(=O)c1cc[n+](C/C=C\C[n+]2ccc(/C=N/O)cc2)cc1.[Br-].[Br-],val
CHEMBL333580,CHEMBL220,5.0,2002.0,5.0,CC(C)c1ccc(NC(=O)Oc2ccc3c(c2)[C@]2(C)CCN(C)O[C@@H]2N3C)cc1,train
CHEMBL333636,CHEMBL220,4.0,2007.0,4.0,Cc1cc(C)c2c(c1)C(=O)C(=O)N2,train
CHEMBL3337471,CHEMBL220,5.12,2014.0,5.12,CCN(CC)CCOc1ccc(C(=O)/C=C/c2ccccc2)cc1,train
CHEMBL3338386,CHEMBL220,6.0,2014.0,6.0,C/C=C1\[C@H]2C=C(C)C[C@]1(N[C@H]1OC(=O)C3=C4CC(C)(C)C[C@H]4[C@@H](C)[C@@H](O)C[C@]31OC)c1ccc(=O)[nH]c1C2,train
CHEMBL3338387,CHEMBL220,5.66,2014.0,5.66,C/C=C1\[C@H]2C=C(C)C[C@]1(N[C@H]1OC(=O)C3=C4CC(C)(C)C[C@H]4[C@@H](C)[C@@H](O)C[C@]31O)c1ccc(=O)[nH]c1C2,train
CHEMBL3338388,CHEMBL220,6.96,2014.0,6.96,C/C=C1\[C@H]2C=C(C)C[C@]1(NC1OCC3=C4CC(C)(C)C[C@H]4[C@@H](C)[C@H](O)CC31O)c1ccc(=O)[nH]c1C2,train
CHEMBL3338389,CHEMBL220,7.22,2014.0,7.22,C/C=C1\[C@H]2C=C(C)C[C@]1(NC1OCC3=C4CC(C)(C)[C@H](O)[C@H]4[C@@H](C)CCC31O)c1ccc(=O)[nH]c1C2,train
CHEMBL3338991,CHEMBL220,4.98,2014.0,4.98,CN(C)CCCOc1ccc(C(=O)/C=C/c2ccccc2)cc1,train
CHEMBL3338992,CHEMBL220,5.05,2014.0,5.05,CN(C)CCCCOc1ccc(C(=O)/C=C/c2ccccc2)cc1,train
CHEMBL3338993,CHEMBL220,4.88,2014.0,4.88,CN(C)CCCCCOc1ccc(C(=O)/C=C/c2ccccc2)cc1,train
CHEMBL3338994,CHEMBL220,4.85,2014.0,4.85,CN(C)CCCCCCOc1ccc(C(=O)/C=C/c2ccccc2)cc1,train
CHEMBL3338995,CHEMBL220,4.65,2014.0,4.65,CCN(CC)CCCOc1ccc(C(=O)/C=C/c2ccccc2)cc1,train
CHEMBL3338996,CHEMBL220,4.63,2014.0,4.63,CCN(CC)CCCCOc1ccc(C(=O)/C=C/c2ccccc2)cc1,train
CHEMBL3338997,CHEMBL220,4.47,2014.0,4.47,CCN(CC)CCCCCOc1ccc(C(=O)/C=C/c2ccccc2)cc1,train
CHEMBL3338998,CHEMBL220,4.3,2014.0,4.3,CCN(CC)CCCCCCOc1ccc(C(=O)/C=C/c2ccccc2)cc1,train
CHEMBL3338999,CHEMBL220,4.19,2014.0,4.19,CCCN(CCC)CCOc1ccc(C(=O)/C=C/c2ccccc2)cc1,train
CHEMBL3339000,CHEMBL220,4.61,2014.0,4.61,CCCN(CCC)CCCOc1ccc(C(=O)/C=C/c2ccccc2)cc1,train
CHEMBL3339001,CHEMBL220,5.23,2014.0,5.23,CCCN(CCC)CCCCOc1ccc(C(=O)/C=C/c2ccccc2)cc1,train
CHEMBL3339002,CHEMBL220,4.53,2014.0,4.53,CCCN(CCC)CCCCCOc1ccc(C(=O)/C=C/c2ccccc2)cc1,train
CHEMBL3339003,CHEMBL220,4.36,2014.0,4.36,CCCN(CCC)CCCCCCOc1ccc(C(=O)/C=C/c2ccccc2)cc1,train
CHEMBL3339004,CHEMBL220,3.596948147411866,2014.0,3.596948147411866,CCCCN(CCCC)CCOc1ccc(C(=O)/C=C/c2ccccc2)cc1,train
CHEMBL3339005,CHEMBL220,3.81864240797155,2014.0,3.81864240797155,CCCCN(CCCC)CCCOc1ccc(C(=O)/C=C/c2ccccc2)cc1,train
CHEMBL3339006,CHEMBL220,4.66,2014.0,4.66,CCCCN(CCCC)CCCCOc1ccc(C(=O)/C=C/c2ccccc2)cc1,train
CHEMBL3339007,CHEMBL220,4.11,2014.0,4.11,CCCCN(CCCC)CCCCCOc1ccc(C(=O)/C=C/c2ccccc2)cc1,train
CHEMBL3339008,CHEMBL220,3.7889061689410366,2014.0,3.7889061689410366,CCCCN(CCCC)CCCCCCOc1ccc(C(=O)/C=C/c2ccccc2)cc1,train
CHEMBL333909,CHEMBL220,7.01,2010.0,7.01,O=C1c2ccccc2CN1CCC1CCN(Cc2ccccc2)CC1,train
CHEMBL334255,CHEMBL220,5.56,,5.56,CCCCCCCCCCCCCCCC[n+]1ccccc1.[Br-],train
CHEMBL3343705,CHEMBL220,6.54,2014.0,6.54,COc1cc2c(cc1OCCN1CCCCC1)C(=O)/C(=C/c1ccc(N(C)C)cc1)C2,test
CHEMBL3343708,CHEMBL220,6.27,2014.0,6.27,CCN(CC)c1ccc(/C=C2\Cc3cc(OC)c(OCCN4CCCCC4)cc3C2=O)cc1,test
CHEMBL3343711,CHEMBL220,6.52,2014.0,6.52,CNc1ccc(/C=C2\Cc3cc(OC)c(OCCN4CCCCC4)cc3C2=O)cc1,test
CHEMBL3343712,CHEMBL220,6.37,2014.0,6.37,CCN(C)c1ccc(/C=C2\Cc3cc(OC)c(OCCN4CCCCC4)cc3C2=O)cc1,test
CHEMBL3343713,CHEMBL220,6.41,2014.0,6.41,CCCN(C)c1ccc(/C=C2\Cc3cc(OC)c(OCCN4CCCCC4)cc3C2=O)cc1,test
CHEMBL3343714,CHEMBL220,6.02,2014.0,6.02,CCCN(CCC)c1ccc(/C=C2\Cc3cc(OC)c(OCCN4CCCCC4)cc3C2=O)cc1,test
CHEMBL3343882,CHEMBL220,7.01,2014.0,7.01,CCc1nc(C(=O)NCCCCCCNc2c3c(nc4ccccc24)CCCC3)cc2c1[nH]c1ccccc12,train
CHEMBL3343884,CHEMBL220,6.49,2014.0,6.49,Cc1nc(C(=O)NCCCCNc2c3c(nc4ccccc24)CCCC3)cc2c1[nH]c1ccccc12,train
CHEMBL3343885,CHEMBL220,7.03,2014.0,7.03,Cc1nc(C(=O)NCCCCCCNc2c3c(nc4ccccc24)CCCC3)cc2c1[nH]c1ccccc12,train
CHEMBL3343920,CHEMBL220,6.82,2014.0,6.82,Cc1nc(C(=O)NCCCCCCCCNc2c3c(nc4ccccc24)CCCC3)cc2c1[nH]c1ccccc12,train
CHEMBL3343922,CHEMBL220,7.04,2014.0,7.04,O=C(NCCCCCCNc1c2c(nc3ccccc13)CCCC2)c1cc2c(cn1)[nH]c1ccccc12,train
CHEMBL3343923,CHEMBL220,6.8,2014.0,6.8,O=C(NCCCCCCNc1c2c(nc3ccccc13)CCCC2)c1cc2c([nH]c3ccccc32)c(-c2ccccc2)n1,test
CHEMBL3343924,CHEMBL220,6.51,2014.0,6.51,O=C(NCCCCCCNc1c2c(nc3ccccc13)CCCC2)c1cc2c([nH]c3ccccc32)c(-c2ccc(F)cc2)n1,test
CHEMBL3343925,CHEMBL220,6.83,2014.0,6.83,COc1ccc(-c2nc(C(=O)NCCCCCCNc3c4c(nc5ccccc35)CCCC4)cc3c2[nH]c2ccccc23)cc1,test
CHEMBL3343926,CHEMBL220,6.73,2014.0,6.73,CC(C)(C)OC(=O)N1Cc2[nH]c3ccccc3c2C[C@H]1C(=O)NCCCCCCNc1c2c(nc3ccccc13)CCCC2,train
CHEMBL3343927,CHEMBL220,7.43,2014.0,7.43,O=C(NCCCCCCNc1c2c(nc3ccccc13)CCCC2)[C@@H]1Cc2c([nH]c3ccccc23)CN1,train
CHEMBL3343928,CHEMBL220,6.28,2014.0,6.28,CC1c2[nH]c3ccccc3c2C[C@@H](C(=O)NCCCCCCNc2c3c(nc4ccccc24)CCCC3)N1C(=O)OC(C)(C)C,train
CHEMBL3343929,CHEMBL220,6.69,2014.0,6.69,CC1N[C@H](C(=O)NCCCCCCNc2c3c(nc4ccccc24)CCCC3)Cc2c1[nH]c1ccccc21,train
CHEMBL3343930,CHEMBL220,6.94,2014.0,6.94,CC(C)(C)OC(=O)N[C@@H](Cc1c[nH]c2ccccc12)C(=O)NCCCCCCNc1c2c(nc3ccccc13)CCCC2,val
CHEMBL3343931,CHEMBL220,7.02,2014.0,7.02,N[C@@H](Cc1c[nH]c2ccccc12)C(=O)NCCCCCCNc1c2c(nc3ccccc13)CCCC2,val
CHEMBL3343932,CHEMBL220,6.82,2014.0,6.82,CC(=O)N[C@@H](Cc1c[nH]c2ccccc12)C(=O)NCCCCCCNc1c2c(nc3ccccc13)CCCC2,val
CHEMBL334395,CHEMBL220,6.52,2004.0,6.52,CCCSc1nc(-c2ccc(Cl)cc2)nn1C(=O)N(C)C,train
CHEMBL334938,CHEMBL220,1.9360000000581392,1997.0,1.9360000000581392,C[N+]1(C)CCO[C@@](O)(c2ccc(C#N)cc2)C1,train
CHEMBL334971,CHEMBL220,5.96,2004.0,5.96,CCSc1nc(-c2ccc(OC)cc2)nn1C(=O)N(C)c1ccccc1,train
CHEMBL335033,CHEMBL220,7.3,2004.0,7.3,CSc1nc(-c2ccc3ccccc3c2)nn1C(=O)N(C)C,train
CHEMBL335108,CHEMBL220,3.6219999968922534,1997.0,3.6219999968922534,COc1cccc([N+](C)(C)C)c1C,val
CHEMBL335133,CHEMBL220,5.28,2003.0,5.28,C[C@@H]([C@H]1CC[C@H]2[C@@H]3CC[C@H]4C(=O)C(NC(=O)c5ccccc5)=CC[C@]4(C)[C@H]3CC[C@]12C)N(C)C,test
CHEMBL335158,CHEMBL220,8.0,2004.0,8.0,CCCCCCSc1nc(-c2ccc(Cl)cc2)nn1C(=O)N1CCCCC1,train
CHEMBL335167,CHEMBL220,5.99,2001.0,5.99,CCc1cccc(CC)c1NC(=O)Oc1ccc2c(c1)[C@]1(C)CCN(C)[C@@H]1N2C,train
CHEMBL335220,CHEMBL220,7.85,2001.0,7.85,Cc1ccc(NC(=O)Oc2ccc3c(c2)[C@]2(C)CCN(C)[C@@H]2N3C)c(C)c1,train
CHEMBL3353039,CHEMBL220,6.72,2014.0,6.72,CC1=C[C@H]2Cc3nc4cc(Cl)ccc4c(NCCCCCCNc4c5c(nc6cc(Cl)ccc46)C[C@@H]4C=C(C)C[C@H]5C4)c3[C@@H](C1)C2,test
CHEMBL3353040,CHEMBL220,7.14,2014.0,7.14,CC1=C[C@H]2Cc3nc4cc(Cl)ccc4c(NCCCCCCCCNc4c5c(nc6cc(Cl)ccc46)C[C@@H]4C=C(C)C[C@H]5C4)c3[C@@H](C1)C2,train
CHEMBL3353041,CHEMBL220,7.76,2014.0,7.76,CC1=C[C@H]2Cc3nc4cc(Cl)ccc4c(NCCCCCCCCCCNc4c5c(nc6cc(Cl)ccc46)C[C@@H]4C=C(C)C[C@H]5C4)c3[C@@H](C1)C2,train
CHEMBL3353042,CHEMBL220,6.37,2014.0,6.37,CC1=C[C@H]2Cc3nc4cc(Cl)ccc4c(NCCCCCCCCCCCCNc4c5c(nc6cc(Cl)ccc46)C[C@@H]4C=C(C)C[C@H]5C4)c3[C@@H](C1)C2,train
CHEMBL335329,CHEMBL220,4.52,2001.0,4.52,O=C1CCN(Cc2ccccc2)C/C1=C\c1ccn(C(=O)c2ccccc2)c1,train
CHEMBL335355,CHEMBL220,8.75,2000.0,8.75,CCC1=CC2Cc3nc4cc(F)cc(F)c4c(N)c3C(C1)C2,train
CHEMBL3353566,CHEMBL220,4.2,2014.0,4.2,CNc1ccccc1-c1nc(C(=O)OC)cs1,val
CHEMBL3353567,CHEMBL220,4.28,2014.0,4.28,CNc1ccccc1-c1nc(C(N)=O)cs1,val
CHEMBL3353568,CHEMBL220,4.17,2014.0,4.17,CNc1ccccc1-c1nc(C(=O)O)cs1,val
CHEMBL335439,CHEMBL220,2.090000000087678,1997.0,2.090000000087678,C[N+]1(C)CCO[C@@](O)(c2ccc(Cl)cc2)C1,train
CHEMBL3355579,CHEMBL220,8.17,2014.0,8.17,COc1cc(CCC(=O)/C=C/CCCNc2c3c(nc4cc(Cl)ccc24)CC2CC(C)=CC3C2)ccc1O,test
CHEMBL3355580,CHEMBL220,7.74,2014.0,7.74,COc1cc(CCC(=O)/C=C/c2ccc(CNc3c4c(nc5cc(Cl)ccc35)CC3CC(C)=CC4C3)cc2)ccc1O,train
CHEMBL3355581,CHEMBL220,7.68,2014.0,7.68,COc1cc(CCC(=O)/C=C/c2ccc(CNc3c4c(nc5cc(Cl)ccc35)CC3CC(C)=CC4C3)cc2)cc(CN(C)C)c1O,train
CHEMBL3355594,CHEMBL220,4.92,2014.0,4.92,C/C=C1/[C@@H]2Cc3[nH]c(=O)ccc3[C@@]1(N)C[C@]1(C)O[C@H]21,train
CHEMBL3356528,CHEMBL220,5.6,2014.0,5.6,COc1ccc2nc3c(c(NCCNC4=CC(=O)c5ccccc5C4=O)c2c1)CCCC3,train
CHEMBL3356529,CHEMBL220,5.21,2014.0,5.21,COc1ccc2nc3c(c(NCCCNC4=CC(=O)c5ccccc5C4=O)c2c1)CCCC3,val
CHEMBL3356530,CHEMBL220,7.84,2014.0,7.84,O=C1C=C(NCCNc2c3c(nc4ccccc24)CCCC3)C(=O)c2ccccc21,train
CHEMBL3356531,CHEMBL220,7.27,2014.0,7.27,O=C1C=C(NCCCNc2c3c(nc4ccccc24)CCCC3)C(=O)c2ccccc21,val
CHEMBL3356532,CHEMBL220,8.71,2014.0,8.71,O=C1C=C(NCCNc2c3c(nc4cc(Cl)ccc24)CCCC3)C(=O)c2ccccc21,train
CHEMBL3356533,CHEMBL220,8.27,2014.0,8.27,O=C1C=C(NCCCNc2c3c(nc4cc(Cl)ccc24)CCCC3)C(=O)c2ccccc21,val
CHEMBL3356534,CHEMBL220,7.61,2014.0,7.61,O=C1C(NCCNc2c3c(nc4ccccc24)CCCC3)=CC(=O)c2c(O)cccc21,train
CHEMBL3356535,CHEMBL220,6.99,2014.0,6.99,O=C1C(NCCCNc2c3c(nc4ccccc24)CCCC3)=CC(=O)c2c(O)cccc21,val
CHEMBL3356536,CHEMBL220,9.14,2014.0,9.14,O=C1C(NCCNc2c3c(nc4cc(Cl)ccc24)CCCC3)=CC(=O)c2c(O)cccc21,train
CHEMBL3356537,CHEMBL220,8.03,2014.0,8.03,O=C1C(NCCCNc2c3c(nc4cc(Cl)ccc24)CCCC3)=CC(=O)c2c(O)cccc21,val
CHEMBL3356538,CHEMBL220,6.19,2014.0,6.19,COc1ccc2nc3c(c(NCCNC4=CC(=O)c5c(O)cccc5C4=O)c2c1)CCCC3,train
CHEMBL3356539,CHEMBL220,6.46,2014.0,6.46,COc1ccc2nc3c(c(NCCCNC4=CC(=O)c5c(O)cccc5C4=O)c2c1)CCCC3,val
CHEMBL3356540,CHEMBL220,5.86,2014.0,5.86,COc1ccc2nc3c(c(NCCNC4=C(Cl)C(=O)c5ccccc5C4=O)c2c1)CCCC3,train
CHEMBL3356950,CHEMBL220,6.09,2014.0,6.09,COc1ccc2nc3c(c(NCCCNC4=C(Cl)C(=O)c5ccccc5C4=O)c2c1)CCCC3,val
CHEMBL3356951,CHEMBL220,8.49,2014.0,8.49,O=C1C(Cl)=C(NCCNc2c3c(nc4cc(Cl)ccc24)CCCC3)C(=O)c2ccccc21,train
CHEMBL3356952,CHEMBL220,8.05,2014.0,8.05,O=C1C(Cl)=C(NCCCNc2c3c(nc4cc(Cl)ccc24)CCCC3)C(=O)c2ccccc21,val
CHEMBL3356953,CHEMBL220,7.02,2014.0,7.02,O=C1C(Cl)=C(NCCNc2c3c(nc4ccccc24)CCCC3)C(=O)c2ccccc21,train
CHEMBL3356954,CHEMBL220,7.42,2014.0,7.42,O=C1C(Cl)=C(NCCCNc2c3c(nc4ccccc24)CCCC3)C(=O)c2ccccc21,val
CHEMBL335922,CHEMBL220,5.95,1991.0,5.95,Nc1c2c(nc3c1CCCO3)CCC2,train
CHEMBL335962,CHEMBL220,7.64,2001.0,7.64,Cc1cccc(NC(=O)Oc2ccc3c(c2)[C@]2(C)CCN(C)[C@@H]2N3C)c1C,train
CHEMBL3359895,CHEMBL220,7.75,2015.0,7.75,CN1CCN(c2ccc(-c3cnc4[nH]c5cnc(C#N)cc5c4c3)cc2)CC1,train
CHEMBL3360486,CHEMBL220,4.212331981267469,2014.0,4.212331981267469,COc1cc2c(cc1OC)C(c1ccccc1)N(CCCCCn1ccnc1/C=N/O)CC2,train
CHEMBL3360487,CHEMBL220,4.494999999999999,2014.0,4.494999999999999,COc1cc2c(cc1OC)C(c1ccccc1)N(CCCCCCn1ccnc1/C=N/O)CC2,train
CHEMBL3360757,CHEMBL220,4.45,2014.0,4.45,COC(=O)CC1=NO[C@@H]2CCCC[C@@H]2[C@H]1c1ccccc1,train
CHEMBL3360758,CHEMBL220,5.2,2014.0,5.2,COC(=O)CC1=NO[C@@H]2[C@H]3CC[C@H](C3)[C@@H]2[C@H]1c1ccccc1,train
CHEMBL3361270,CHEMBL220,6.8,2015.0,6.8,O=S(=O)(CCCN1CCN(Cc2ccccc2)CC1)NCCNc1cccc2ccccc12,train
CHEMBL336276,CHEMBL220,6.7,2004.0,6.7,CCCCCCSc1nc(-c2ccc(C)cc2)nn1C(=O)N(C)C,train
CHEMBL336297,CHEMBL220,7.55,2010.0,7.55,CCCNC(=O)Oc1cccc(CN(C)CCCOc2ccc3c(=O)c4ccccc4oc3c2)c1,train
CHEMBL336398,CHEMBL220,7.0,2004.0,7.0,O=C(N1CCCCC1)n1nc(-c2ccc(Cl)cc2)nc1SCC1CC1,train
CHEMBL33642,CHEMBL220,7.03,1992.0,7.03,CCCCCCCNC(=O)Oc1ccc2c(c1)[C@]1(C)CCN(CCC)C1C2,val
CHEMBL336524,CHEMBL220,7.25,2004.0,7.25,CCSc1nc(-c2ccc(Cl)cc2)nn1C(=O)N(C)C,train
CHEMBL336538,CHEMBL220,6.1,2004.0,6.1,COc1ccc(-c2nc(SC)n(C(=O)N(C)C)n2)cc1,train
CHEMBL336625,CHEMBL220,4.301029995663981,2004.0,4.301029995663981,CCCCCCSc1nc(-c2ccc(C)cc2)nn1C(=O)N(C)c1ccccc1,train
CHEMBL336686,CHEMBL220,6.36,2010.0,6.36,COc1ccc(CN2CCC(CCN3C(=O)c4ccc([N+](=O)[O-])cc4C3=O)CC2)cc1,train
CHEMBL337002,CHEMBL220,4.7,2001.0,4.7,N#Cc1ccc(C(=O)n2cc(/C=C3\CN(Cc4ccccc4)CCC3=O)c3ccccc32)cc1,test
CHEMBL337142,CHEMBL220,3.326999996677582,1997.0,3.326999996677582,C[N+](C)(C)CCCCI,test
CHEMBL33727,CHEMBL220,5.97,1992.0,5.97,CCCCNC(=O)Oc1ccc2c(c1)[C@@H]1CCN(CC)C1C2,val
CHEMBL337453,CHEMBL220,6.5,1991.0,6.5,Nc1c2c(nc3cccc(Cl)c13)OCCC2,train
CHEMBL337486,CHEMBL220,4.301029995663981,2004.0,4.301029995663981,CCCCCCSc1nc(-c2ccc(Cl)cc2)nn1C(=O)N1CCOCC1,test
CHEMBL337494,CHEMBL220,4.48,2003.0,4.48,C/C=C(\C)C(=O)N[C@@H]1[C@H](O)C2CC[C@H]3C4=CC[C@H]([C@H](C)N(C)C)[C@@]4(C)CC[C@@H]3[C@@]2(C)C[C@@H]1O,train
CHEMBL337675,CHEMBL220,7.58,2001.0,7.58,Cc1ccc(C)c(NC(=O)Oc2ccc3c(c2)[C@]2(C)CCN(C)[C@@H]2N3C)c1,train
CHEMBL337714,CHEMBL220,6.3,2004.0,6.3,CSc1nc(-c2ccc(C(F)(F)F)cc2)nn1C(=O)N(C)C,train
CHEMBL337999,CHEMBL220,9.09,2010.0,9.09,CNC(=O)Oc1cccc(CN(C)CCCCCOc2ccc3c(=O)c4ccccc4oc3c2)c1,train
CHEMBL338492,CHEMBL220,5.27,1997.0,5.27,CC(=O)Oc1ccc(C)c([N+](C)(C)C)c1,val
CHEMBL338720,CHEMBL220,6.25,2004.0,6.25,CSc1nc(-c2ccc(-c3ccccc3)cc2)nn1C(=O)N(C)C,train
CHEMBL338755,CHEMBL220,9.395,2005.0,9.395,CN(CCCNc1c2c(nc3ccccc13)CCCC2)CCCNc1c2c(nc3ccccc13)CCCC2,train
CHEMBL338975,CHEMBL220,7.55,2002.0,7.55,CNC(=O)Oc1ccc2c(c1)[C@]1(C)CCN(C)[C@@H]1N2C.O=C(O)c1ccccc1O,test
CHEMBL339039,CHEMBL220,8.07,2010.0,8.07,CCCCNC(=O)Oc1cccc(CN(CC)CCCOc2ccc3c(=O)c4ccccc4oc3c2)c1,train
CHEMBL339297,CHEMBL220,4.301029995663981,2004.0,4.301029995663981,COc1nn(-c2ccc(NC(=O)c3ccc(C(C)(C)C)cc3)cc2)c(=O)o1,train
CHEMBL3393673,CHEMBL220,4.22,2015.0,4.22,c1ccc(COC[C@H]2NC[C@H](OCc3ccccc3)[C@@H](OCc3ccccc3)[C@@H]2OCc2ccccc2)cc1,train
CHEMBL3393674,CHEMBL220,4.66,2015.0,4.66,C=CC[C@@H]1[C@H](O)[C@@H](OCc2ccccc2)[C@H](O)CN1CCCCCCCC,test
CHEMBL3393675,CHEMBL220,4.34,2015.0,4.34,O=C1N[C@H](COCc2ccccc2)[C@@H](OCc2ccccc2)[C@H](OCc2ccccc2)[C@H]1OCc1ccccc1,test
CHEMBL339995,CHEMBL220,8.0,2004.0,8.0,CSc1nc(/C=C/c2ccccc2)nn1C(=O)N(C)C,train
CHEMBL34000,CHEMBL220,4.67,1989.0,4.67,Cn1cc[n+](COCCCc2ccccc2)c1/C=N/O.[Cl-],test
CHEMBL3400187,CHEMBL220,7.67,2015.0,7.67,COc1cc2oc(-c3ccc(OCC(=O)NCCCCCCNc4c5c(nc6cc(Cl)ccc46)CCCC5)cc3)cc(=O)c2c(OC)c1OC,train
CHEMBL34002,CHEMBL220,4.9,1992.0,4.9,CCN1CC[C@@]2(C)c3cc(OC(=O)NC(C)(C)C)ccc3CC12,val
CHEMBL3401159,CHEMBL220,7.46,2015.0,7.46,CO[P@]1(=O)OC[C@@H]2COC(=O)C2=C(C)O1,train
CHEMBL340171,CHEMBL220,7.58,2001.0,7.58,CN(CCCOc1ccc2c(=O)c3ccccc3oc2c1)Cc1cccc(OC(=O)NCCCCCCCN2CCOCC2)c1,train
CHEMBL340216,CHEMBL220,5.22,2001.0,5.22,COc1ccc2[nH]cc(/C=C3\CN(Cc4ccccc4)CCC3=O)c2c1,train
CHEMBL340228,CHEMBL220,7.68,2001.0,7.68,CN(CCCOc1ccc2c(=O)c3ccccc3oc2c1)Cc1cccc(OC(=O)NCCCCCCN2CCOCC2)c1,train
CHEMBL3402707,CHEMBL220,6.44,2015.0,6.44,CN(CCCCCN1C(=O)c2ccccc2C1=O)Cc1ccccc1.Cl,test
CHEMBL3402708,CHEMBL220,5.74,2015.0,5.74,CN(CCCCCCN1C(=O)c2ccccc2C1=O)Cc1ccccc1.Cl,test
CHEMBL3402709,CHEMBL220,6.0,2015.0,6.0,CN(CCCCCCCN1C(=O)c2ccccc2C1=O)Cc1ccccc1.Cl,train
CHEMBL3402710,CHEMBL220,6.07,2015.0,6.07,CN(CCCCCCCCN1C(=O)c2ccccc2C1=O)Cc1ccccc1.Cl,train
CHEMBL3402712,CHEMBL220,6.28,2015.0,6.28,CN(CCCCCN1C(=O)c2ccccc2C1=O)Cc1ccccc1F.Cl,test
CHEMBL3402713,CHEMBL220,5.7,2015.0,5.7,CN(CCCCCCN1C(=O)c2ccccc2C1=O)Cc1ccccc1F.Cl,test
CHEMBL3402714,CHEMBL220,6.2,2015.0,6.2,CN(CCCCCCCN1C(=O)c2ccccc2C1=O)Cc1ccccc1F.Cl,train
CHEMBL3402715,CHEMBL220,6.19,2015.0,6.19,CN(CCCCCCCCN1C(=O)c2ccccc2C1=O)Cc1ccccc1F.Cl,train
CHEMBL3402717,CHEMBL220,6.27,2015.0,6.27,CN(CCCCCN1C(=O)c2ccccc2C1=O)Cc1cccc(Cl)c1.Cl,test
CHEMBL3402718,CHEMBL220,5.92,2015.0,5.92,CN(CCCCCCN1C(=O)c2ccccc2C1=O)Cc1cccc(Cl)c1.Cl,test
CHEMBL3402719,CHEMBL220,5.88,2015.0,5.88,CN(CCCCCCCN1C(=O)c2ccccc2C1=O)Cc1cccc(Cl)c1.Cl,train
CHEMBL3402720,CHEMBL220,5.98,2015.0,5.98,CN(CCCCCCCCN1C(=O)c2ccccc2C1=O)Cc1cccc(Cl)c1.Cl,train
CHEMBL3403874,CHEMBL220,8.16,2015.0,8.16,COc1cc2oc(-c3ccc(OCC(=O)NCCCCCNc4c5c(nc6cc(Cl)ccc46)CCCC5)cc3)cc(=O)c2c(OC)c1OC,train
CHEMBL3403877,CHEMBL220,7.76,2015.0,7.76,COc1cc2oc(-c3cccc(OCC(=O)NCCCCCNc4c5c(nc6cc(Cl)ccc46)CCCC5)c3)cc(=O)c2c(OC)c1OC,val
CHEMBL3403878,CHEMBL220,7.49,2015.0,7.49,COc1cc2oc(-c3cccc(OCC(=O)NCCCCCCNc4c5c(nc6cc(Cl)ccc46)CCCC5)c3)cc(=O)c2c(OC)c1OC,train
CHEMBL340391,CHEMBL220,8.0,2001.0,8.0,CCc1ccccc1NC(=O)Oc1ccc2c(c1)[C@]1(C)CCN(C)[C@@H]1N2C,train
CHEMBL340409,CHEMBL220,4.96,2001.0,4.96,O=C1CCN(Cc2ccccc2)C/C1=C\c1ccc[nH]1,train
CHEMBL340427,CHEMBL220,9.52,2001.0,9.52,CNC(=O)Oc1cccc(CN(C)CCCOc2ccc3c(=O)c4ccccc4oc3c2)c1,train
CHEMBL340542,CHEMBL220,4.16,2001.0,4.16,COc1ccc(C(=O)n2cc(/C=C3\CN(Cc4ccccc4)CCC3=O)c3ccccc32)cc1,test
CHEMBL340599,CHEMBL220,4.3,2001.0,4.3,O=C1CCN(Cc2ccccc2)C/C1=C\c1cn(C(=O)c2ccc(Cl)cc2)c2ccccc12,test
CHEMBL340609,CHEMBL220,6.69,2010.0,6.69,CC(=O)N(CCC1CCN(Cc2ccccc2)CC1)c1ccc(F)cc1,train
CHEMBL340621,CHEMBL220,7.19,2010.0,7.19,O=C(c1ccncc1)N(CCC1CCN(Cc2ccccc2)CC1)c1ccccc1,test
CHEMBL340625,CHEMBL220,8.24,2010.0,8.24,CNC(=O)Oc1cccc(CN(C)CCCOc2ccc3ccc(=O)oc3c2)c1,test
CHEMBL340672,CHEMBL220,7.28,2010.0,7.28,CC(=O)N(CCC1CCN(Cc2ccccc2)CC1)c1ccccc1,train
CHEMBL3407581,CHEMBL220,5.55,2014.0,5.55,C#CCN(C)Cc1cc2cc(OCCCC3CCN(Cc4ccccc4C)CC3)ccc2n1C,train
CHEMBL3407582,CHEMBL220,5.08,2014.0,5.08,C#CCN(C)Cc1cc2cc(OCCCC3CCN(Cc4ccc(OC(=O)N(C)C)c5ncccc45)CC3)ccc2n1C,train
CHEMBL3407583,CHEMBL220,4.81,2014.0,4.81,C#CCN(C)Cc1cc2cc(OCCCC3CCN(Cc4ccccc4)CC3)ccc2[nH]1,train
CHEMBL3407584,CHEMBL220,5.31,2014.0,5.31,C#CCNCc1cc2cc(OCCCC3CCN(Cc4ccccc4)CC3)ccc2[nH]1,train
CHEMBL3407585,CHEMBL220,5.34,2014.0,5.34,C=CCNCc1cc2cc(OCCCC3CCN(Cc4ccccc4)CC3)ccc2[nH]1,train
CHEMBL3407586,CHEMBL220,5.02,2014.0,5.02,CCOC(=O)c1cc2cc(OCCCC3CCN(Cc4ccccc4)CC3)ccc2[nH]1,train
CHEMBL3407587,CHEMBL220,4.87,2014.0,4.87,OCc1cc2cc(OCCCC3CCN(Cc4ccccc4)CC3)ccc2[nH]1,train
CHEMBL3407591,CHEMBL220,6.28,2014.0,6.28,C#CCN(C)Cc1ccc(OC(=O)N(C)C)c2ncccc12,train
CHEMBL340807,CHEMBL220,4.62,2012.0,4.62,COc1ccc2c3c([nH]c2c1)C(C)=NCC3,test
CHEMBL340854,CHEMBL220,4.6,2001.0,4.6,O=C1CCN(Cc2ccccc2)C/C1=C\c1c[nH]c2ccc(OCc3ccccc3)cc12,train
CHEMBL340866,CHEMBL220,4.75,2001.0,4.75,O=C1/C(=C/c2ccc[nH]2)CN(Cc2ccccc2)C/C1=C\c1ccc[nH]1,test
CHEMBL340867,CHEMBL220,6.11,2001.0,6.11,Cc1cccc(C)c1NC(=O)Oc1ccc2c(c1)[C@]1(C)CCN(C)[C@@H]1N2C,train
CHEMBL340929,CHEMBL220,4.52,2001.0,4.52,CC(C)(C)OC(=O)n1cc(/C=C2\CN(Cc3ccccc3)CCC2=O)c2ccccc21,train
CHEMBL3410089,CHEMBL220,6.0,2020.0,6.0,COc1nc(-c2ccnc(NC(=O)C3CC3)c2)sc1C(N)=O,test
CHEMBL3410478,CHEMBL220,5.14,2023.0,5.14,COc1ccc2c(c1)c(=O)c1ccccc1n2Cc1cn(Cc2ccc(Cl)cc2)nn1,val
CHEMBL3410951,CHEMBL220,5.855,2015.0,5.855,Cc1c(C)c2c(c(C)c1O)CCC(C)(C(=O)NCCNc1c3c(nc4ccccc14)CCCC3)O2,train
CHEMBL3410952,CHEMBL220,6.145,2015.0,6.145,Cc1c(C)c2c(c(C)c1O)CCC(C)(C(=O)NCCCCNc1c3c(nc4ccccc14)CCCC3)O2,train
CHEMBL3410953,CHEMBL220,6.4399999999999995,2015.0,6.4399999999999995,Cc1c(C)c2c(c(C)c1O)CCC(C)(C(=O)NCCCCCNc1c3c(nc4ccccc14)CCCC3)O2,train
CHEMBL3410954,CHEMBL220,7.035,2015.0,7.035,Cc1c(C)c2c(c(C)c1O)CCC(C)(C(=O)NCCCCCCNc1c3c(nc4ccccc14)CCCC3)O2,train
CHEMBL3410955,CHEMBL220,6.5,2015.0,6.5,Cc1c(C)c2c(c(C)c1O)CCC(C)(C(=O)NCCCCCCCNc1c3c(nc4ccccc14)CCCC3)O2,train
CHEMBL3410956,CHEMBL220,6.4,2015.0,6.4,Cc1c(C)c2c(c(C)c1O)CCC(C)(C(=O)NCCCCCCCCNc1c3c(nc4ccccc14)CCCC3)O2,train
CHEMBL3410957,CHEMBL220,6.34,2015.0,6.34,Cc1c(C)c2c(c(C)c1O)CCC(C)(C(=O)NCCCCCCCCCCNc1c3c(nc4ccccc14)CCCC3)O2,test
CHEMBL341251,CHEMBL220,5.22,2001.0,5.22,O=C1CCN(Cc2ccccc2)C/C1=C\c1cc[nH]c1,val
CHEMBL341437,CHEMBL220,4.301029995663981,2004.0,4.301029995663981,CCSc1nc(-c2ccc(OC)cc2)nn1C(=O)N1CCOCC1,test
CHEMBL3414597,CHEMBL220,6.03,2015.0,6.03,COc1cc(N)c(Cl)cc1C(=O)CCC1CCN(CC2CC2)CC1,test
CHEMBL3415558,CHEMBL220,6.7,2015.0,6.7,O=C1c2ccccc2C(=O)N1CCCCCNCc1ccccc1,test
CHEMBL3415559,CHEMBL220,5.68,2015.0,5.68,O=C1c2ccccc2C(=O)N1CCCCCCNCc1ccccc1,test
CHEMBL3415560,CHEMBL220,6.52,2015.0,6.52,O=C1c2ccccc2C(=O)N1CCCCCCCNCc1ccccc1,train
CHEMBL3415561,CHEMBL220,6.3,2015.0,6.3,O=C1c2ccccc2C(=O)N1CCCCCCCCNCc1ccccc1,train
CHEMBL3415563,CHEMBL220,6.78,2015.0,6.78,O=C1c2ccccc2C(=O)N1CCCCCNCc1ccccc1F,test
CHEMBL3415564,CHEMBL220,6.03,2015.0,6.03,O=C1c2ccccc2C(=O)N1CCCCCCNCc1ccccc1F,test
CHEMBL3415565,CHEMBL220,6.48,2015.0,6.48,O=C1c2ccccc2C(=O)N1CCCCCCCNCc1ccccc1F,train
CHEMBL3415566,CHEMBL220,6.26,2015.0,6.26,O=C1c2ccccc2C(=O)N1CCCCCCCCNCc1ccccc1F,train
CHEMBL3415568,CHEMBL220,6.57,2015.0,6.57,O=C1c2ccccc2C(=O)N1CCCCCNCc1ccc(F)cc1,test
CHEMBL3415569,CHEMBL220,5.5,2015.0,5.5,O=C1c2ccccc2C(=O)N1CCCCCCNCc1ccc(F)cc1,test
CHEMBL3415570,CHEMBL220,6.36,2015.0,6.36,O=C1c2ccccc2C(=O)N1CCCCCCCNCc1ccc(F)cc1,train
CHEMBL3415573,CHEMBL220,6.59,2015.0,6.59,O=C1c2ccccc2C(=O)N1CCCCCNCc1ccc(F)cc1F,test
CHEMBL3415574,CHEMBL220,5.8,2015.0,5.8,O=C1c2ccccc2C(=O)N1CCCCCCNCc1ccc(F)cc1F,test
CHEMBL3415575,CHEMBL220,6.42,2015.0,6.42,O=C1c2ccccc2C(=O)N1CCCCCCCNCc1ccc(F)cc1F,train
CHEMBL3415576,CHEMBL220,6.24,2015.0,6.24,O=C1c2ccccc2C(=O)N1CCCCCCCCNCc1ccc(F)cc1F,train
CHEMBL3415578,CHEMBL220,6.8,2015.0,6.8,O=C1c2ccccc2C(=O)N1CCCCCNCc1cccc(Cl)c1,test
CHEMBL3415579,CHEMBL220,5.7,2015.0,5.7,O=C1c2ccccc2C(=O)N1CCCCCCNCc1cccc(Cl)c1,test
CHEMBL3415580,CHEMBL220,6.19,2015.0,6.19,O=C1c2ccccc2C(=O)N1CCCCCCCNCc1cccc(Cl)c1,train
CHEMBL3415581,CHEMBL220,6.16,2015.0,6.16,O=C1c2ccccc2C(=O)N1CCCCCCCCNCc1cccc(Cl)c1,train
CHEMBL3415643,CHEMBL220,6.57,2015.0,6.57,Nc1oc2ccccc2c(=O)c1/C=C1\COc2ccccc2C1=O,train
CHEMBL341658,CHEMBL220,8.55,2000.0,8.55,CCC1=CC2Cc3nc4cc(F)ccc4c(N)c3C(C1)C2,train
CHEMBL3416654,CHEMBL220,6.07,2021.0,6.07,COc1ccc(/C=C2\Oc3cc(OCCN4CCCCC4)ccc3C2=O)cc1,val
CHEMBL3416657,CHEMBL220,6.19,2021.0,6.19,COc1cc(/C=C2\Oc3cc(OCCN4CCCC4)ccc3C2=O)cc(OC)c1OC,val
CHEMBL3416658,CHEMBL220,6.38,2021.0,6.38,COc1cc(/C=C2\Oc3cc(OCCN4CCCCC4)ccc3C2=O)cc(OC)c1OC,val
CHEMBL3416669,CHEMBL220,6.8,2021.0,6.8,COc1ccc2c(c1)O/C(=C\c1ccc(OCCN3CCCCC3)c(Cl)c1)C2=O,train
CHEMBL3416995,CHEMBL220,6.24,2015.0,6.24,COc1cc(N)c(Cl)cc1C(=O)CCC1CCN(CC2CCC2)CC1,train
CHEMBL3416996,CHEMBL220,7.16,2015.0,7.16,COc1cc(N)c(Cl)cc1C(=O)CCC1CCN(CC2CCCC2)CC1,train
CHEMBL3416997,CHEMBL220,7.24,2015.0,7.24,COc1cc(N)c(Cl)cc1C(=O)CCC1CCN(CC2CCCCCC2)CC1,test
CHEMBL3416998,CHEMBL220,6.93,2015.0,6.93,COc1cc(N)c(Cl)cc1C(=O)CCC1CCN(CC2CCNCC2)CC1.Cl,test
CHEMBL3416999,CHEMBL220,6.65,2015.0,6.65,COc1cc(N)c(Cl)cc1C(=O)CCC1CCN(CCC2CCCCC2)CC1,test
CHEMBL3417000,CHEMBL220,6.49,2015.0,6.49,COc1cc(N)c(Cl)cc1C(=O)CCC1CCN(CC2CCCCC2C)CC1,train
CHEMBL3417001,CHEMBL220,8.07,2015.0,8.07,COc1cc(N)c(Cl)cc1C(=O)CCC1CCN(Cc2ccccc2)CC1,test
CHEMBL3417002,CHEMBL220,7.35,2015.0,7.35,COc1cc(N)c(Cl)cc1C(=O)CCC1CCN(Cc2cccnc2)CC1,train
CHEMBL3417003,CHEMBL220,6.92,2015.0,6.92,COc1cc(N)c(Cl)cc1C(=O)CCC1CCN(Cc2ccncc2)CC1,train
CHEMBL3417004,CHEMBL220,7.62,2015.0,7.62,COc1cc(N)c(Cl)cc1/C(CCC1CCN(CC2CCCCC2)CC1)=N/O,train
CHEMBL3417006,CHEMBL220,5.99,2015.0,5.99,COc1cc(N)c(Cl)cc1C(O)CCC1CCN(CC2CCCCC2)CC1,test
CHEMBL3417008,CHEMBL220,5.57,2015.0,5.57,COc1cc(N)c(Cl)cc1C(=O)OCC1CCN(CC2CCCCC2)CC1,train
CHEMBL3417009,CHEMBL220,7.8,2015.0,7.8,COc1cc(N)c(Cl)cc1C(=O)CCC1CCN(CC2CCCCC2)CC1,train
CHEMBL3417299,CHEMBL220,7.61,2015.0,7.61,Cc1c(Cl)c(=O)oc2cc(OCCN3CCN(CCCNc4c5c(nc6ccccc46)CCCC5)CC3)ccc12,test
CHEMBL3417300,CHEMBL220,7.79,2015.0,7.79,Cc1c(C)c2ccc(OCCN3CCN(CCCNc4c5c(nc6ccccc46)CCCC5)CC3)cc2oc1=O,test
CHEMBL341956,CHEMBL220,2.622000000529848,1997.0,2.622000000529848,C[N+](C)(C)CCCl,test
CHEMBL34222,CHEMBL220,7.35,1992.0,7.35,CCCCCCNC(=O)Oc1ccc2c(c1)[C@]1(C)CCN(CC)C1C2,val
CHEMBL342245,CHEMBL220,4.3,2003.0,4.3,C/C=C(\C)C(=O)N[C@H]1C(OC(C)=O)C[C@@]2(C)C(CC[C@H]3C4CC=C([C@H](C)N(C)C)[C@@]4(C)CC[C@@H]32)[C@H]1OC(C)=O,train
CHEMBL342370,CHEMBL220,2.683999999746373,1997.0,2.683999999746373,CC(=O)Nc1ccc([C@@]2(O)C[N+](C)(C)CCO2)cc1,train
CHEMBL342394,CHEMBL220,4.37,2003.0,4.37,CO[C@H]1CC[C@@]2(C)C(=CC[C@H]3[C@@H]4CC[C@H]([C@H](C)N(C)C)[C@@]4(C)CC[C@@H]32)C1,test
CHEMBL342413,CHEMBL220,8.38,2010.0,8.38,O=c1[nH]c2ccccc2c(=O)n1CCC1CCN(Cc2ccccc2)CC1,test
CHEMBL3425881,CHEMBL220,5.77,2017.0,5.77,COc1cc(/C=C/c2ccc3ccccc3[n+]2C)cc(OC)c1O.[I-],train
CHEMBL3425885,CHEMBL220,5.301029995663981,2017.0,5.301029995663981,C[n+]1c(/C=C/c2cc([N+](=O)[O-])ccc2O)ccc2ccccc21.[I-],train
CHEMBL3425889,CHEMBL220,5.37,2017.0,5.37,C[n+]1c(/C=C/c2ccccc2)ccc2ccccc21.[I-],train
CHEMBL3425890,CHEMBL220,5.55,2017.0,5.55,COc1cc(/C=C/c2ccc3ccccc3[n+]2C)ccc1F.[I-],train
CHEMBL3425891,CHEMBL220,5.8,2017.0,5.8,COc1cc(/C=C/c2ccc3ccccc3[n+]2C)cc(OC)c1OC.[I-],train
CHEMBL3425892,CHEMBL220,5.72,2017.0,5.72,COc1cc(/C=C/c2ccc3ccccc3[n+]2C)ccc1N1CCOCC1.[I-],train
CHEMBL3425893,CHEMBL220,5.62,2017.0,5.62,C[n+]1c(/C=C/c2ccc(N3CCOCC3)cc2)ccc2ccccc21.[I-],train
CHEMBL3425894,CHEMBL220,6.16,2017.0,6.16,C[n+]1c(/C=C/c2cc3ccccc3[nH]2)ccc2ccccc21.[I-],train
CHEMBL3425895,CHEMBL220,6.52,2017.0,6.52,CCn1c2ccccc2c2cc(/C=C/c3ccc4ccccc4[n+]3C)ccc21.[I-],train
CHEMBL3425908,CHEMBL220,5.301029995663981,2017.0,5.301029995663981,CCn1c2ccccc2c2cc(/C=C/c3ccc4ccccc4n3)ccc21,train
CHEMBL342902,CHEMBL220,3.6399999910458836,1997.0,3.6399999910458836,CCCC(=O)OCC[N+](C)(C)C,test
CHEMBL342903,CHEMBL220,2.7619999998029403,1997.0,2.7619999998029403,C[C@@]1(O)C[N+](C)(C)CCO1,train
CHEMBL343054,CHEMBL220,4.21,2003.0,4.21,C/C=C(\C)C(=O)N[C@@H]1[C@H](OC(C)=O)[C@@H]2CC[C@H]3C4=CC[C@H]([C@H](C)N(C)C)[C@@]4(C)CC[C@@H]3[C@@]2(C)C[C@@H]1O,train
CHEMBL343237,CHEMBL220,6.75,1992.0,6.75,CC1CCN(CCc2ccccc2)CC1,train
CHEMBL343319,CHEMBL220,3.8500000137195762,1997.0,3.8500000137195762,Cc1c(O)cccc1[N+](C)(C)C,val
CHEMBL343344,CHEMBL220,5.52,1997.0,5.52,CC(=O)Oc1cccc([N+](C)(C)C)c1,val
CHEMBL343365,CHEMBL220,4.11,2003.0,4.11,C[C@@H]([C@H]1CC[C@H]2[C@@H]3CC[C@H]4C[C@@H](NC(=O)c5ccccc5)[C@@H](O)C[C@]4(C)[C@H]3CC[C@]12C)N(C)C,train
CHEMBL343673,CHEMBL220,4.48,2002.0,4.48,C#CCN(C)C(C)Cc1cccc(OC(=O)N(C)CCC)c1,val
CHEMBL343780,CHEMBL220,5.15,2003.0,5.15,C/C=C(\C)C(=O)N[C@H]1CC[C@@]2(C)C(=CC[C@H]3[C@@H]4CC[C@H]([C@H](C)N(C)C)[C@@]4(C)CC[C@@H]32)C1=O,train
CHEMBL344196,CHEMBL220,3.2719999995100837,1997.0,3.2719999995100837,C[N+](C)(C)CCCCCBr,test
CHEMBL344384,CHEMBL220,4.4,2003.0,4.4,C[C@@H]([C@H]1CC[C@H]2[C@@H]3CC=C4C[C@@H](N(C)C)CC[C@]4(C)[C@H]3CC[C@]12C)N(C)C,test
CHEMBL344593,CHEMBL220,5.19,2003.0,5.19,C/C(=C\C(=O)N(C)[C@H]1CC[C@@]2(C)[C@@H](CC[C@@H]3[C@@H]2CC[C@]2(C)[C@@H]([C@H](C)N(C)C)CC[C@@H]32)C1)C(C)C,train
CHEMBL344656,CHEMBL220,4.0,2003.0,4.0,CC(C)c1ccc(NC(=O)N2CCC[C@H]2C(=O)N2CC[C@H]3[C@H]2[C@H](C)C(=O)N3c2nc3ccccc3s2)cc1,train
CHEMBL344736,CHEMBL220,5.11,1989.0,5.11,C#CC(CC)OC[n+]1ccn(C)c1/C=N/O.[Cl-],train
CHEMBL344864,CHEMBL220,2.4170000003594185,1997.0,2.4170000003594185,C[N+]1(C)CCO[C@@](O)(C(F)(F)F)C1,train
CHEMBL344924,CHEMBL220,3.22399999751502,1997.0,3.22399999751502,C[N+](C)(C)CCCCBr,test
CHEMBL345031,CHEMBL220,2.753999999115533,1997.0,2.753999999115533,C[N+]1(C)CCO[C@H](O)C1,train
CHEMBL345124,CHEMBL220,4.49,2005.0,4.49,CC[N+](C)(CC)CCC[n+]1c(-c2ccccc2)c2cc(N)ccc2c2ccc(N)cc21.[I-].[I-],train
CHEMBL345241,CHEMBL220,8.05,1992.0,8.05,CC1CCN(CC2CCCCC2)CC1,train
CHEMBL345698,CHEMBL220,7.154999999999999,1992.0,7.154999999999999,Cc1cccc(F)c1,val
CHEMBL345847,CHEMBL220,9.05,1992.0,9.05,CN1CCC(CCN2C(=O)c3ccccc3C2=O)CC1,train
CHEMBL345849,CHEMBL220,6.41,1993.0,6.41,N#CC(C#N)=C1NCCN1CCNCc1ccc(CN2CCC(O)CC2)o1,train
CHEMBL345905,CHEMBL220,8.11,1992.0,8.11,CN1CCC(C[C@H]2Cc3ccccc3C2=O)CC1,train
CHEMBL346399,CHEMBL220,4.55,1989.0,4.55,C#CCCCOC[n+]1ccn(C)c1/C=N/O.[Cl-],train
CHEMBL346605,CHEMBL220,6.664999999999999,1992.0,6.664999999999999,Cc1ccc(F)cc1,val
CHEMBL346733,CHEMBL220,6.37,1993.0,6.37,CCN(C)Cc1ccc(CNCCN2CCNC2=C(C#N)C#N)o1,train
CHEMBL347023,CHEMBL220,6.755,1992.0,6.755,COc1ccc2c(c1)C(=O)C(C)C2,train
CHEMBL347354,CHEMBL220,6.8,1992.0,6.8,CC1CCN(Cc2ccccc2[N+](=O)[O-])CC1,test
CHEMBL347503,CHEMBL220,6.66,2002.0,6.66,C#CCNCCc1cccc(OC(=O)N(C)C)c1,val
CHEMBL347527,CHEMBL220,6.55,2002.0,6.55,CNCCc1cccc(OC(=O)N(C)C)c1,val
CHEMBL347539,CHEMBL220,6.55,1993.0,6.55,CNC(NCCNCc1ccc(CN2CCCC2)o1)=C(C#N)C#N,train
CHEMBL347667,CHEMBL220,7.65,1992.0,7.65,COc1cc2c(cc1O)C(=O)C(C)C2,train
CHEMBL347729,CHEMBL220,5.698970004336019,1993.0,5.698970004336019,CN(C)Cc1ccc(CNCCN2CCN/C2=C\[N+](=O)[O-])o1,train
CHEMBL347749,CHEMBL220,4.12,1989.0,4.12,CC#CCCOC[n+]1ccn(C)c1/C=N/O.[Cl-],train
CHEMBL348216,CHEMBL220,4.92,1989.0,4.92,C#CC(C)OC[n+]1ccn(C)c1/C=N/O.[Cl-],train
CHEMBL348318,CHEMBL220,5.48,1992.0,5.48,CN1CCC(C2Cc3ccccc3C2=O)CC1,train
CHEMBL348607,CHEMBL220,5.5,1996.0,5.5,CCCCNC(=O)Oc1ccc2c(c1Br)c1c(n2C)/C(=N\C)CC1,train
CHEMBL349127,CHEMBL220,5.35,1993.0,5.35,CN1CCN(Cc2ccc(CNCCN3CCNC3=C(C#N)C#N)o2)CC1,train
CHEMBL349791,CHEMBL220,5.984999999999999,1992.0,5.984999999999999,COc1cccc(C)c1,val
CHEMBL349977,CHEMBL220,5.82,1996.0,5.82,Clc1cccc2c1N=C1CCCCCN1C2,train
CHEMBL350032,CHEMBL220,4.82,2013.0,4.82,C=CC(=O)N1C/C(=C\c2ccc(F)cc2)C(=O)/C(=C/c2ccc(F)cc2)C1,train
CHEMBL350464,CHEMBL220,5.25,1996.0,5.25,CC/N=C1/CCc2c1n(C)c1ccc(OC(=O)NC)cc21,train
CHEMBL350496,CHEMBL220,4.0,1996.0,4.0,S=c1c2ccc(Cl)cc2nc2n1CCCCC2,train
CHEMBL350916,CHEMBL220,6.74,1992.0,6.74,COc1ccc2c(c1OC)C(=O)C(C)C2,train
CHEMBL352215,CHEMBL220,6.664999999999999,1992.0,6.664999999999999,Cc1ccccc1F,val
CHEMBL352247,CHEMBL220,7.285,1992.0,7.285,Cc1cccc2c1CC(C)C2=O,train
CHEMBL352500,CHEMBL220,8.35,1992.0,8.35,Nc1c2c(nc3cc(Cl)ccc13)C1CCC2C1,test
CHEMBL353468,CHEMBL220,6.61,2016.0,6.61,COc1cc2c(cc1OC)C(=O)C(CC1CCN(Cc3ccccc3C)CC1)C2,test
CHEMBL3545701,CHEMBL220,4.72,2017.0,4.72,CC(c1cc(O)c2c(c1)oc(=O)c1ccccc12)N(C)C,train
CHEMBL3545708,CHEMBL220,4.96,2017.0,4.96,CC(c1ccc2c(c1)oc(=O)c1ccccc12)N(C)C,train
CHEMBL3545709,CHEMBL220,5.1,2017.0,5.1,C[C@@H](c1ccc2c(c1)oc(=O)c1ccccc12)N(C)C,train
CHEMBL3545710,CHEMBL220,5.55,2017.0,5.55,COc1cc(C(C)N(C)C)cc2oc(=O)c3ccccc3c12,train
CHEMBL3545711,CHEMBL220,4.82,2017.0,4.82,COc1cc(C(C)N(C)C)c2c(c1)oc(=O)c1ccccc12,train
CHEMBL3545712,CHEMBL220,4.48,2017.0,4.48,CC(c1cc(O)cc2oc(=O)c3ccccc3c12)N(C)C,train
CHEMBL3545713,CHEMBL220,4.4,2017.0,4.4,CCN(C)C(=O)Oc1cc(C(C)N(C)C)cc2oc(=O)c3ccccc3c12,train
CHEMBL3545714,CHEMBL220,4.3979400086720375,2017.0,4.3979400086720375,CCN(C)C(=O)Oc1cc(C(C)N(C)C)c2c(c1)oc(=O)c1ccccc12,train
CHEMBL3546835,CHEMBL220,6.93,2017.0,6.93,COc1cc(N)c(Cl)cc1C(=O)CCC1CCN(CC2CCNCC2)CC1,test
CHEMBL354848,CHEMBL220,6.9,2016.0,6.9,COc1cc2c(cc1OC)C(=O)C(CC1CCN(Cc3ccc(C)cc3)CC1)C2,test
CHEMBL355160,CHEMBL220,8.05,2016.0,8.05,COc1cc2c(cc1OC)C(=O)C(CC1CCN(CC3CCCCC3)CC1)C2,train
CHEMBL355740,CHEMBL220,7.07,1992.0,7.07,Nc1c2c(nc3c(Cl)cccc13)C1CCC2C1,test
CHEMBL355821,CHEMBL220,5.62,1996.0,5.62,c1ccc2c(c1)CN1CCCC1=N2,test
CHEMBL3559488,CHEMBL220,6.11,2021.0,6.11,COC(=O)C1=CO[C@@H](C)[C@H]2C[n+]3ccc4c([nH]c5ccccc54)c3C[C@H]12,train
CHEMBL355986,CHEMBL220,3.469800301796918,1989.0,3.469800301796918,C#CCCOC[n+]1ccn(C(C)(C)C)c1/C=N/O.[Cl-],train
CHEMBL356000,CHEMBL220,4.69,1989.0,4.69,C#CC1CCCCC1OC[n+]1ccn(C)c1/C=N/O.[Cl-],train
CHEMBL356224,CHEMBL220,3.585026652029182,2010.0,3.585026652029182,c1ccc(-c2cc(-c3ccccc3)c(NCCN3CCOCC3)nn2)cc1,val
CHEMBL356385,CHEMBL220,5.51,2002.0,5.51,C#CCN(C)C(C)Cc1cccc(OC(=O)N(C)CCCCCC)c1,val
CHEMBL357207,CHEMBL220,8.86,2000.0,8.86,CCC1=CC2Cc3nc4cc(Cl)cc(Cl)c4c(N)c3C(C1)C2,train
CHEMBL357492,CHEMBL220,4.1,2002.0,4.1,CCN(C)C(=O)Oc1ccc2c(c1)CC(N)CC2,train
CHEMBL357551,CHEMBL220,4.0,1998.0,4.0,CN(C)c1ccc(CC(=O)NCCCCCCCCNC23CC4CC(CC(C4)C2)C3)cc1,val
CHEMBL3577505,CHEMBL220,6.7,2015.0,6.7,CCN(CCCOc1ccc(-c2cc(=O)c3c(OC)c(OC)c(OC)cc3o2)cc1)Cc1ccccc1OC,train
CHEMBL3577508,CHEMBL220,6.02,2015.0,6.02,COc1cc2oc(-c3ccc(OCCCCN(C)Cc4ccccc4)cc3)cc(=O)c2c(OC)c1OC,train
CHEMBL3577509,CHEMBL220,5.87,2015.0,5.87,CCN(CCCCOc1ccc(-c2cc(=O)c3c(OC)c(OC)c(OC)cc3o2)cc1)Cc1ccccc1,train
CHEMBL3577510,CHEMBL220,6.3,2015.0,6.3,COc1ccccc1CN(C)CCCCOc1ccc(-c2cc(=O)c3c(OC)c(OC)c(OC)cc3o2)cc1,train
CHEMBL3577511,CHEMBL220,7.1,2015.0,7.1,CCN(CCCCOc1ccc(-c2cc(=O)c3c(OC)c(OC)c(OC)cc3o2)cc1)Cc1ccccc1OC,train
CHEMBL3577517,CHEMBL220,6.37,2015.0,6.37,CCN(CCCCCCOc1ccc(-c2cc(=O)c3c(OC)c(OC)c(OC)cc3o2)cc1)Cc1ccccc1OC,train
CHEMBL3577520,CHEMBL220,6.05,2015.0,6.05,CCN(CCCOc1ccc(-c2cc(=O)c3c(O)c(OC)c(OC)cc3o2)cc1)Cc1ccccc1OC,train
CHEMBL3577522,CHEMBL220,6.6,2015.0,6.6,CCN(CCCCOc1ccc(-c2cc(=O)c3c(O)c(OC)c(OC)cc3o2)cc1)Cc1ccccc1OC,train
CHEMBL3577524,CHEMBL220,5.7,2015.0,5.7,CCN(CCCCCCOc1ccc(-c2cc(=O)c3c(O)c(OC)c(OC)cc3o2)cc1)Cc1ccccc1OC,train
CHEMBL357843,CHEMBL220,4.58,1989.0,4.58,CC(OC[n+]1ccn(C)c1/C=N/O)C1CCCCC1.[Cl-],test
CHEMBL357953,CHEMBL220,4.86,2002.0,4.86,C#CC(C)NCCc1cccc(OC(=O)N(C)CC)c1,val
CHEMBL357981,CHEMBL220,4.9,1989.0,4.9,C#CC(C)C(C)OC[n+]1ccn(C)c1/C=N/O.[Cl-],train
CHEMBL357987,CHEMBL220,3.7569619513137056,1989.0,3.7569619513137056,CC#CC(C)(C)OC[n+]1ccn(C)c1/C=N/O.[Cl-],train
CHEMBL358026,CHEMBL220,6.27,2002.0,6.27,C#CCNC(C)Cc1cccc(OC(=O)N(C)C)c1,val
CHEMBL3581572,CHEMBL220,4.43,2015.0,4.43,CCC(C)C(=O)[C@]12C(=O)[C@]3(CC=C(C)C)C[C@H](CC=C(C)C)[C@@]1(C)CC[C@@H](C(C)(C)O)OC2=C(CC=C(C)C)C3=O,train
CHEMBL3581573,CHEMBL220,4.59,2015.0,4.59,C=C(C)[C@H]1CC[C@@](C)(O)[C@@H](C2=C(O)C(CC=C(C)C)(CC=C(C)C)C(=O)C(C(=O)C(C)C)=C2O)C1,test
CHEMBL3581576,CHEMBL220,4.58,2015.0,4.58,CC(C)=CC[C@]12C[C@@H]3[C@@H]4[C@@H](O)C(C)(C)[C@@H](C(C)C)CC4(C1=O)C(=O)[C@](C(=O)c1ccccc1)(C2=O)C3(C)C,train
CHEMBL3581580,CHEMBL220,5.01,2015.0,5.01,C/C(=C\C[C@]12C[C@H]3C[C@@H]4C(C)(C)CC[C@@]4(C1=O)C(=O)[C@](C(=O)c1ccccc1)(C2=O)C3(C)C)CC/C=C/C(C)C,test
CHEMBL3582200,CHEMBL220,5.32,2015.0,5.32,CN1CCN(c2cccc(-c3cnc4[nH]c5cnc(C#N)cc5c4c3)c2)CC1,train
CHEMBL3582201,CHEMBL220,6.48,2015.0,6.48,N#Cc1cc2c(cn1)[nH]c1ncc(-c3ccc(CN4CCCCC4)cc3)cc12,test
CHEMBL3582202,CHEMBL220,6.87,2015.0,6.87,C[C@@H]1CCC[C@H](C)N1Cc1ccc(-c2cnc3[nH]c4cnc(C#N)cc4c3c2)cc1,test
CHEMBL3582203,CHEMBL220,5.39,2015.0,5.39,C[C@@H]1C[C@H](C)CN(Cc2ccc(-c3cnc4[nH]c5cnc(C#N)cc5c4c3)cc2)C1,test
CHEMBL3582204,CHEMBL220,5.48,2015.0,5.48,CC1(C)CCCN(Cc2ccc(-c3cnc4[nH]c5cnc(C#N)cc5c4c3)cc2)C1,test
CHEMBL3582205,CHEMBL220,7.96,2015.0,7.96,CC1(C)CCN(Cc2ccc(-c3cnc4[nH]c5cnc(C#N)cc5c4c3)cc2)CC1,test
CHEMBL3582206,CHEMBL220,6.29,2015.0,6.29,CC(C)(c1ccc(-c2cnc3[nH]c4cnc(C#N)cc4c3c2)cc1)N1CCCCC1,test
CHEMBL3582207,CHEMBL220,6.42,2015.0,6.42,N#Cc1cc2c(cn1)[nH]c1ncc(-c3ccc(CN4CCC(O)CC4)cc3)cc12,test
CHEMBL3582208,CHEMBL220,6.15,2015.0,6.15,N#Cc1cc2c(cn1)[nH]c1ncc(-c3ccc(CN4CCC[C@@H](O)C4)cc3)cc12,test
CHEMBL3582209,CHEMBL220,6.05,2015.0,6.05,N#Cc1cc2c(cn1)[nH]c1ncc(-c3ccc(CN4CCC(F)CC4)cc3)cc12,test
CHEMBL3582210,CHEMBL220,5.57,2015.0,5.57,N#Cc1cc2c(cn1)[nH]c1ncc(-c3ccc(CN4CCC(C#N)CC4)cc3)cc12,test
CHEMBL3582211,CHEMBL220,4.88,2015.0,4.88,N#Cc1cc2c(cn1)[nH]c1ncc(-c3ccc(CN4CCOCC4)cc3)cc12,train
CHEMBL3582212,CHEMBL220,5.62,2015.0,5.62,N#Cc1cc2c(cn1)[nH]c1ncc(-c3ccc(CN4CCC5(CC4)COC5)cc3)cc12,train
CHEMBL3582213,CHEMBL220,6.73,2015.0,6.73,N#Cc1cc2c(cn1)[nH]c1ncc(-c3ccc(CN4CCCCC4)nc3)cc12,test
CHEMBL3582214,CHEMBL220,7.75,2015.0,7.75,N#Cc1cc2c(cn1)[nH]c1ncc(-c3nc(CN4CCCCC4)cs3)cc12,train
CHEMBL3582215,CHEMBL220,6.8,2015.0,6.8,CCN1CCc2cc(-c3cnc4[nH]c5cnc(C#N)cc5c4c3)ccc2C1,train
CHEMBL3582216,CHEMBL220,6.59,2015.0,6.59,CCN1CCc2sc(-c3cnc4[nH]c5cnc(C#N)cc5c4c3)cc2C1,train
CHEMBL3582218,CHEMBL220,6.66,2015.0,6.66,NC(=O)c1cc2c(cn1)[nH]c1ncc(-c3ccc(CN4CCCCC4)cc3)cc12,test
CHEMBL3582223,CHEMBL220,6.49,2015.0,6.49,c1ncc(-c2cc3c(cn2)[nH]c2ncc(-c4ccc(CN5CCCCC5)cc4)cc23)o1,train
CHEMBL3582224,CHEMBL220,6.3,2015.0,6.3,c1ncc(-c2cc3c(cn2)[nH]c2ncc(-c4ccc(CN5CCCCC5)cc4)cc23)s1,train
CHEMBL3582225,CHEMBL220,6.35,2015.0,6.35,c1nnc(-c2cc3c(cn2)[nH]c2ncc(-c4ccc(CN5CCCCC5)cc4)cc23)o1,test
CHEMBL3582226,CHEMBL220,6.18,2015.0,6.18,c1cc(-c2cnc3[nH]c4cnc(-c5cnoc5)cc4c3c2)ccc1CN1CCCCC1,test
CHEMBL3582227,CHEMBL220,6.06,2015.0,6.06,Cn1cc(-c2cc3c(cn2)[nH]c2ncc(-c4ccc(CN5CCCCC5)cc4)cc23)cn1,train
CHEMBL3582228,CHEMBL220,6.31,2015.0,6.31,c1cncc(-c2cc3c(cn2)[nH]c2ncc(-c4ccc(CN5CCCCC5)cc4)cc23)c1,test
CHEMBL3582229,CHEMBL220,6.11,2015.0,6.11,c1cc(-c2cc3c(cn2)[nH]c2ncc(-c4ccc(CN5CCCCC5)cc4)cc23)ccn1,val
CHEMBL3582230,CHEMBL220,5.92,2015.0,5.92,c1cnc(-c2cc3c(cn2)[nH]c2ncc(-c4ccc(CN5CCCCC5)cc4)cc23)cn1,train
CHEMBL3582231,CHEMBL220,5.98,2015.0,5.98,c1cc(-c2cc3c(cn2)[nH]c2ncc(-c4ccc(CN5CCCCC5)cc4)cc23)cnn1,val
CHEMBL3582232,CHEMBL220,6.58,2015.0,6.58,c1ncc(-c2cc3c(cn2)[nH]c2ncc(-c4ccc(CN5CCCCC5)cc4)cc23)cn1,train
CHEMBL358323,CHEMBL220,3.703334809738469,1989.0,3.703334809738469,COC[n+]1c(/C=N/O)n(C)c2ccccc21.[Cl-],train
CHEMBL3585374,CHEMBL220,6.715,2014.0,6.715,Cc1ccc2[nH]c3c(c2c1)CN(CCCCCCN1CCc2[nH]c4ccc(C)cc4c2C1)CC3,train
CHEMBL3585375,CHEMBL220,6.16,2014.0,6.16,Cc1ccc2[nH]c3c(c2c1)CN(CCCCCCCN1CCc2[nH]c4ccc(C)cc4c2C1)CC3,test
CHEMBL3585775,CHEMBL220,10.9109059864969,2015.0,10.9109059864969,COc1ccccc1C(C)NS(=O)(=O)NC(=O)OCc1ccccc1,train
CHEMBL3585776,CHEMBL220,10.958393743112328,2015.0,10.958393743112328,COc1ccc(C(C)NS(=O)(=O)NC(=O)OCc2ccccc2)cc1,train
CHEMBL3585777,CHEMBL220,10.931214911951031,2015.0,10.931214911951031,COc1ccc(C(C)NS(=O)(=O)NC(=O)OCc2ccccc2)cc1OC,train
CHEMBL3585778,CHEMBL220,10.605,2015.0,10.605,COc1ccc(OC)c(C(C)NS(=O)(=O)NC(=O)OCc2ccccc2)c1,train
CHEMBL3585779,CHEMBL220,10.775,2015.0,10.775,COc1cccc(OC)c1C(C)NS(=O)(=O)NC(=O)OCc1ccccc1,train
CHEMBL3585780,CHEMBL220,10.495000000000001,2015.0,10.495000000000001,COc1ccccc1C(C)NS(N)(=O)=O,val
CHEMBL3585781,CHEMBL220,10.885329725273209,2015.0,10.885329725273209,COc1ccc(C(C)NS(N)(=O)=O)cc1,val
CHEMBL3585782,CHEMBL220,10.939901959985743,2015.0,10.939901959985743,COc1ccc(C(C)NS(N)(=O)=O)cc1OC,val
CHEMBL3585783,CHEMBL220,10.9109059864969,2015.0,10.9109059864969,COc1ccc(OC)c(C(C)NS(N)(=O)=O)c1,val
CHEMBL3585784,CHEMBL220,10.830757490560675,2015.0,10.830757490560675,COc1cccc(OC)c1C(C)NS(N)(=O)=O,val
CHEMBL3586196,CHEMBL220,4.522878745280337,2015.0,4.522878745280337,C[C@@]12CC[C@@H]3[C@](C)(CC[C@H](OC(=O)/C=C/c4ccc(O)cc4)[C@]3(C)C(=O)O)[C@H]1CC[C@H]1C(=CC[C@@H]3[C@]1(C)CC[C@@H](O)[C@]3(C)CO)C2,train
CHEMBL3586197,CHEMBL220,4.97,2015.0,4.97,CC1(C)C(=O)CC[C@@]2(C)[C@H]1CC[C@@]1(C)CC3=CC(=O)[C@H]4C(C)(C)[C@H](O)CC[C@]4(C)[C@H]3CC[C@@H]12,train
CHEMBL3586198,CHEMBL220,5.0,2015.0,5.0,COc1ccc(C(=O)O[C@H]2CC[C@@]3(C)[C@@H](CC[C@@]4(C)C[C@@]5(O)[C@H](CC[C@@H]43)[C@@]3(C)CC[C@@H](O)C(C)(C)[C@@H]3C[C@@H]5O)[C@@]2(C)C(=O)O)cc1O,train
CHEMBL3586199,CHEMBL220,5.82,2015.0,5.82,CC(=O)O[C@H]1CC[C@@]2(C)[C@@H](CC[C@@]3(C)C[C@@]4(O)CC[C@H]5C(C)(C)[C@@H](OC(C)=O)CC[C@]5(C)[C@H]4CC[C@@H]32)C1(C)C,train
CHEMBL3586200,CHEMBL220,5.435,2015.0,5.435,C[C@@]12CC[C@@H]3[C@](C)(CC[C@H](OC(=O)CCc4ccc(O)cc4)[C@]3(C)C(=O)O)[C@H]1CC[C@H]1C(=CC[C@@H]3[C@]1(C)CC[C@@H](O)[C@]3(C)CO)C2,test
CHEMBL3586201,CHEMBL220,4.522878745280337,2015.0,4.522878745280337,CC1(C)[C@H](O)CC[C@@]2(C)[C@H]1CC[C@@]1(C)CC3=CC[C@H]4C(C)(C)[C@@H](O)CC[C@]4(C)[C@H]3CC[C@@H]12,train
CHEMBL3586202,CHEMBL220,4.522878745280337,2015.0,4.522878745280337,C[C@@]12CC[C@@H]3[C@](C)(CC[C@H](O)[C@]3(C)C(=O)O)[C@H]1CC[C@H]1C(=CC(=O)[C@@H]3[C@]1(C)CC[C@@H](O)[C@]3(C)CO)C2,test
CHEMBL3586203,CHEMBL220,4.522878745280337,2015.0,4.522878745280337,CC1(C)[C@H](O)CC[C@@]2(C)[C@H]1CC[C@@]1(C)CC3=CC[C@H]4C(C)(C)[C@H](O)CC[C@]4(C)[C@H]3CC[C@@H]12,train
CHEMBL3586204,CHEMBL220,4.522878745280337,2015.0,4.522878745280337,C[C@@]12CC[C@@H]3[C@](C)(CC[C@H](OC(=O)c4ccc(O)cc4)[C@]3(C)C(=O)O)[C@H]1CC[C@@H]1[C@@]3(C)CC[C@@H](O)[C@](C)(CO)[C@@H]3C[C@H](O)[C@@]1(O)C2,train
CHEMBL3586205,CHEMBL220,4.522878745280337,2015.0,4.522878745280337,CC1(C)[C@@H](O)CC[C@@]2(C)[C@H]1CC[C@@]1(C)C[C@@]3(O)CC[C@H]4C(C)(C)[C@@H](O)CC[C@]4(C)[C@H]3CC[C@@H]12,train
CHEMBL3586206,CHEMBL220,4.522878745280337,2015.0,4.522878745280337,CC1(C)[C@H](O)CC[C@]2(C)[C@H]3CC[C@H]4[C@@](C)(CC[C@@H]5[C@]4(C)CC[C@@H](O)[C@]5(C)C(=O)O)CC3=CC(=O)[C@@H]12,test
CHEMBL3586207,CHEMBL220,6.295,2015.0,6.295,CCCC[C@@H](O)/C=C/C=C/C(=O)O,test
CHEMBL3586574,CHEMBL220,6.0,2015.0,6.0,Cc1c(C)c2ccc(OCCCN(C)Cc3ccccc3)cc2oc1=O.Cl,test
CHEMBL3586576,CHEMBL220,6.1,2015.0,6.1,Cc1c(C)c2ccc(OCCCCN(C)Cc3ccccc3)cc2oc1=O,train
CHEMBL3586577,CHEMBL220,6.52,2015.0,6.52,Cc1c(C)c2ccc(OCCCCCNCc3ccccc3)cc2oc1=O.Cl,test
CHEMBL3586582,CHEMBL220,6.47,2015.0,6.47,Cc1c(C)c2ccc(OCCCCCCN(C)Cc3ccccc3)cc2oc1=O,train
CHEMBL3586583,CHEMBL220,6.36,2015.0,6.36,CCN(CCCCCCOc1ccc2c(C)c(C)c(=O)oc2c1)Cc1ccccc1.Cl,train
CHEMBL3586592,CHEMBL220,6.02,2015.0,6.02,CN(Cc1ccccc1)Cc1ccc(COc2ccc3ccc(=O)oc3c2)cc1,test
CHEMBL3586593,CHEMBL220,6.3,2015.0,6.3,Cc1cc2ccc(OCc3ccc(CN(C)Cc4ccccc4)cc3)cc2oc1=O.Cl,test
CHEMBL3586594,CHEMBL220,6.04,2015.0,6.04,Cc1cc(=O)oc2cc(OCc3ccc(CN(C)Cc4ccccc4)cc3)ccc12.Cl,test
CHEMBL3586595,CHEMBL220,6.35,2015.0,6.35,Cc1c(C)c2ccc(OCc3ccc(CN(C)Cc4ccccc4)cc3)cc2oc1=O.Cl,test
CHEMBL3586600,CHEMBL220,6.0,2015.0,6.0,Cc1cc(=O)oc2cc(OCc3ccc(CN(C)Cc4cccc(Cl)c4)cc3)ccc12.Cl,test
CHEMBL3586602,CHEMBL220,5.22,2015.0,5.22,CN(Cc1ccc(C#N)cc1)Cc1ccc(COc2ccc3ccc(=O)oc3c2)cc1.Cl,test
CHEMBL3586604,CHEMBL220,5.07,2015.0,5.07,Cc1cc(=O)oc2cc(OCc3ccc(CN(C)Cc4ccc(C#N)cc4)cc3)ccc12.Cl,test
CHEMBL3586605,CHEMBL220,5.41,2015.0,5.41,Cc1c(C)c2ccc(OCc3ccc(CN(C)Cc4ccc(C#N)cc4)cc3)cc2oc1=O.Cl,test
CHEMBL3586608,CHEMBL220,6.92,2015.0,6.92,CN(Cc1ccccc1)Cc1ccc(COc2ccc3c(CO)cc(=O)oc3c2)cc1.Cl,test
CHEMBL3586610,CHEMBL220,6.48,2015.0,6.48,CN(Cc1ccc(COc2ccc3c(CO)cc(=O)oc3c2)cc1)Cc1cccc(Cl)c1.Cl,test
CHEMBL3586614,CHEMBL220,5.82,2015.0,5.82,CN(Cc1ccccc1)Cc1ccc(COc2ccc3ccc(=O)[nH]c3c2)cc1.Cl,train
CHEMBL3586771,CHEMBL220,6.92,2022.0,6.92,CN(Cc1ccccc1)Cc1ccc(COc2ccc3c(CO)cc(=O)oc3c2)cc1,test
CHEMBL359198,CHEMBL220,6.63,1991.0,6.63,CCCCCCNC(=O)Oc1ccc2c(c1)[C@@]1(C)CCN(CC)[C@H]1C2,val
CHEMBL359288,CHEMBL220,5.41,2002.0,5.41,C#CCC1CCCc2ccc(OC(=O)N(C)C)cc21,train
CHEMBL359312,CHEMBL220,5.06,1989.0,5.06,C#CCC(C)OC[n+]1ccn(C)c1/C=N/O.[Cl-],train
CHEMBL359412,CHEMBL220,4.38,1989.0,4.38,Cn1cc[n+](COCC2CCCCC2)c1/C=N/O.[Cl-],test
CHEMBL359570,CHEMBL220,9.48,2004.0,9.48,O=C1Cc2cc3c(CCC4CCN(Cc5ccccc5)CC4)noc3cc2N1,train
CHEMBL3596215,CHEMBL220,3.1657700971483225,2015.0,3.1657700971483225,O=C(C[n+]1cccc(/C=N/O)c1)Nc1nc(-c2ccccc2)cs1.[I-],train
CHEMBL3597000,CHEMBL220,4.030088992010919,2015.0,4.030088992010919,CCOC(=O)C1=C(Nc2ccccc2)C[C@@H](c2ccccc2)N(c2ccccc2)[C@@H]1c1ccccc1,train
CHEMBL3597001,CHEMBL220,3.6878762021340403,2015.0,3.6878762021340403,COC(=O)C1=C(Nc2ccccc2)C[C@@H](c2ccccc2)N(c2ccccc2)[C@@H]1c1ccccc1,train
CHEMBL3597002,CHEMBL220,3.740922689016305,2015.0,3.740922689016305,COC(=O)C1=C(Nc2ccccc2)C[C@@H](c2ccc(C)cc2)N(c2ccccc2)[C@@H]1c1ccc(C)cc1,train
CHEMBL3597003,CHEMBL220,3.7516829005312107,2015.0,3.7516829005312107,CCOC(=O)C1=C(Nc2ccccc2)C[C@@H](c2ccc(C)cc2)N(c2ccccc2)[C@@H]1c1ccc(C)cc1,train
CHEMBL3597004,CHEMBL220,3.669385153066468,2015.0,3.669385153066468,COC(=O)C1=C(Nc2ccc(C)cc2)C[C@@H](c2ccc(C)cc2)N(c2ccc(C)cc2)[C@@H]1c1ccc(C)cc1,train
CHEMBL3597005,CHEMBL220,4.107774159586892,2015.0,4.107774159586892,COC(=O)C1=C(Nc2ccc(Br)cc2)C[C@@H](c2ccc(C)cc2)N(c2ccc(Br)cc2)[C@@H]1c1ccc(C)cc1,train
CHEMBL3597006,CHEMBL220,4.168780770042197,2015.0,4.168780770042197,COC(=O)C1=C(Nc2ccc(Cl)cc2)C[C@@H](c2ccc(C)cc2)N(c2ccc(Cl)cc2)[C@@H]1c1ccc(C)cc1,train
CHEMBL3597007,CHEMBL220,3.7317935764438004,2015.0,3.7317935764438004,COC(=O)C1=C(Nc2ccc(OC)cc2)C[C@@H](c2ccc(C)cc2)N(c2ccc(OC)cc2)[C@@H]1c1ccc(C)cc1,train
CHEMBL3597008,CHEMBL220,3.801385328620141,2015.0,3.801385328620141,CCOC(=O)C1=C(Nc2ccc(OC)cc2)C[C@@H](c2ccc(C)cc2)N(c2ccc(OC)cc2)[C@@H]1c1ccc(C)cc1,train
CHEMBL3597009,CHEMBL220,4.148908740944319,2015.0,4.148908740944319,CCOC(=O)C1=C(Nc2ccc(OC)cc2)C[C@@H](c2ccccc2)N(c2ccc(OC)cc2)[C@@H]1c1ccccc1,train
CHEMBL3597010,CHEMBL220,3.8386210841592128,2015.0,3.8386210841592128,CCOC(=O)C1=C(Nc2ccc(Cl)cc2)C[C@@H](c2ccccc2)N(c2ccc(Cl)cc2)[C@@H]1c1ccccc1,train
CHEMBL3597054,CHEMBL220,3.7878351201273834,2015.0,3.7878351201273834,CCOC(=O)C1=C(Nc2ccc(C)cc2)C[C@@H](c2ccccc2)N(c2ccc(C)cc2)[C@@H]1c1ccccc1,train
CHEMBL3597055,CHEMBL220,3.3202241044174063,2015.0,3.3202241044174063,COC(=O)C1=C(Nc2ccc(F)cc2)C[C@@H](c2ccccc2)N(c2ccc(F)cc2)[C@@H]1c1ccccc1,train
CHEMBL3597056,CHEMBL220,4.759818655252878,2015.0,4.759818655252878,CCOC(=O)C1=C(Nc2ccc(F)cc2)C[C@@H](c2ccc(Cl)cc2)N(c2ccc(F)cc2)[C@@H]1c1ccc(Cl)cc1,train
CHEMBL3597057,CHEMBL220,4.90946769648675,2015.0,4.90946769648675,CCOC(=O)C1=C(Nc2ccccc2)C[C@@H](c2ccc(F)cc2)N(c2ccccc2)[C@@H]1c1ccc(F)cc1,train
CHEMBL3597058,CHEMBL220,3.997425010840047,2015.0,3.997425010840047,COC(=O)C1=C(Nc2ccc(F)cc2)C[C@@H](c2ccc(F)cc2)N(c2ccc(F)cc2)[C@@H]1c1ccc(F)cc1,train
CHEMBL3597059,CHEMBL220,4.649370825640462,2015.0,4.649370825640462,COC(=O)C1=C(Nc2ccc(Cl)cc2)C[C@@H](c2ccc(F)cc2)N(c2ccc(Cl)cc2)[C@@H]1c1ccc(F)cc1,train
CHEMBL3597060,CHEMBL220,4.052197898363201,2015.0,4.052197898363201,CC(C)(C)OC(=O)C1=C(Nc2ccccc2)C[C@@H](c2ccccc2)N(c2ccccc2)[C@@H]1c1ccccc1,train
CHEMBL3597061,CHEMBL220,4.557758663924916,2015.0,4.557758663924916,COC(=O)C1=C(Nc2ccccc2)C[C@@H](c2ccc(Cl)cc2)N(c2ccccc2)[C@@H]1c1ccc(Cl)cc1,train
CHEMBL3597062,CHEMBL220,3.76920561740663,2015.0,3.76920561740663,CCOC(=O)C1=C(Nc2ccc(C)cc2)C[C@@H](c2ccc(Cl)cc2)N(c2ccc(C)cc2)[C@@H]1c1ccc(Cl)cc1,train
CHEMBL3597063,CHEMBL220,4.557758663924916,2015.0,4.557758663924916,COC(=O)C1=C(Nc2ccc(Br)cc2)C[C@@H](c2ccc(Cl)cc2)N(c2ccc(Br)cc2)[C@@H]1c1ccc(Cl)cc1,train
CHEMBL3597064,CHEMBL220,4.167773124424534,2015.0,4.167773124424534,COC(=O)C1=C(Nc2ccc(Br)cc2)C[C@@H](c2ccc(OC)cc2)N(c2ccc(Br)cc2)[C@@H]1c1ccc(OC)cc1,train
CHEMBL3597065,CHEMBL220,4.920108201691595,2015.0,4.920108201691595,CCOC(=O)C1=C(Nc2ccc(Cl)cc2)C[C@@H](c2ccc(OC)cc2)N(c2ccc(Cl)cc2)[C@@H]1c1ccc(OC)cc1,train
CHEMBL3597067,CHEMBL220,3.2924298239020637,2015.0,3.2924298239020637,COC(=O)C1=C(Nc2ccccc2)C[C@@H](c2cccc([N+](=O)[O-])c2)N(c2ccccc2)[C@@H]1c1cccc([N+](=O)[O-])c1,train
CHEMBL3597068,CHEMBL220,4.387726123669857,2015.0,4.387726123669857,COC(=O)C1=C(Nc2ccccc2)C[C@@H](c2ccc3c(c2)OCO3)N(c2ccccc2)[C@@H]1c1ccc2c(c1)OCO2,train
CHEMBL359719,CHEMBL220,5.619999999999999,2005.0,5.619999999999999,COc1ccc(-c2cc3c(c(=O)o2)C[C@@]2(O)[C@@]4(C)CCC(=O)OC(C)(C)[C@@]4(O)CC[C@@]2(C)O3)cc1,train
CHEMBL3597548,CHEMBL220,4.21,2015.0,4.21,CN(Cc1ccccc1)Cc1ccc(/C=C2\Cc3ccc(OCCCCCN4CCC(c5ccccc5)CC4)cc3C2=O)cc1,train
CHEMBL3597556,CHEMBL220,5.11,2015.0,5.11,CN(Cc1ccccc1)Cc1ccc(/C=C2\CCc3cc(OCCCCCN4CCN(Cc5ccc(F)cc5)CC4)ccc3C2=O)cc1,train
CHEMBL3597939,CHEMBL220,4.359999999999999,2015.0,4.359999999999999,O=C(C[n+]1ccc(/C=N/O)cc1)Nc1nccs1.[Cl-],train
CHEMBL3597940,CHEMBL220,4.01,2015.0,4.01,O=C(C[n+]1cccc(/C=N/O)c1)Nc1nccs1.[Cl-],train
CHEMBL3597941,CHEMBL220,4.24,2015.0,4.24,O=C(C[n+]1ccc(/C=N/O)cc1)Nc1nc(-c2ccccc2)cs1.[Cl-],train
CHEMBL3597942,CHEMBL220,4.205,2015.0,4.205,Cc1ccc(-c2csc(NC(=O)C[n+]3ccc(/C=N/O)cc3)n2)cc1.[Cl-],train
CHEMBL3597943,CHEMBL220,3.8368386250229816,2015.0,3.8368386250229816,Cc1ccc(-c2csc(NC(=O)C[n+]3cccc(/C=N/O)c3)n2)cc1.[Cl-],train
CHEMBL3597944,CHEMBL220,4.0600000000000005,2015.0,4.0600000000000005,COc1ccc(-c2csc(NC(=O)C[n+]3ccc(/C=N/O)cc3)n2)cc1.[I-],train
CHEMBL3597945,CHEMBL220,3.5684998542110646,2015.0,3.5684998542110646,COc1ccc(-c2csc(NC(=O)C[n+]3cccc(/C=N/O)c3)n2)cc1.[I-],train
CHEMBL3597946,CHEMBL220,4.395,2015.0,4.395,CCOC(=O)Cc1csc(NC(=O)C[n+]2ccc(/C=N/O)cc2)n1.[Cl-],train
CHEMBL3597947,CHEMBL220,3.980883709552927,2015.0,3.980883709552927,CCOC(=O)Cc1csc(NC(=O)C[n+]2cccc(/C=N/O)c2)n1.[Cl-],train
CHEMBL3597948,CHEMBL220,4.574999999999999,2015.0,4.574999999999999,CCOC(=O)c1csc(NC(=O)C[n+]2ccc(/C=N/O)cc2)n1.[Cl-],train
CHEMBL3597949,CHEMBL220,4.175000000000001,2015.0,4.175000000000001,CCOC(=O)c1csc(NC(=O)C[n+]2cccc(/C=N/O)c2)n1.[Cl-],train
CHEMBL360055,CHEMBL220,3.5528587723511533,2007.0,3.5528587723511533,CC[N+](CC)(CC)CCOc1cccc(OCC[N+](CC)(CC)CC)c1OCC[N+](CC)(CC)CC,val
CHEMBL3600551,CHEMBL220,8.72,2015.0,8.72,CC1=CC2Cc3nc4cc(Cl)ccc4c(NCCCCCCCCCCCCNc4c5c(nc6ccccc46)CCCC5)c3C(C1)C2,train
CHEMBL3600552,CHEMBL220,8.46,2015.0,8.46,CC1=CC2Cc3nc4cc(Cl)ccc4c(NCCCCCCCCCCCCNc4c5c(nc6cc(Cl)ccc46)CCCC5)c3C(C1)C2,train
CHEMBL3600553,CHEMBL220,8.19,2015.0,8.19,CC1=CC2Cc3nc4ccccc4c(NCCCCCCCCCCNc4c5c(nc6ccccc46)CCCC5)c3C(C1)C2,train
CHEMBL3600554,CHEMBL220,8.0,2015.0,8.0,CC1=CC2Cc3nc4ccccc4c(NCCCCCCCCCCCCNc4c5c(nc6ccccc46)CCCC5)c3C(C1)C2,train
CHEMBL3600555,CHEMBL220,8.83,2015.0,8.83,CC1=CC2Cc3nc4ccccc4c(NCCCCCCCCCCNc4c5c(nc6cc(Cl)ccc46)CCCC5)c3C(C1)C2,train
CHEMBL3600556,CHEMBL220,8.44,2015.0,8.44,CC1=CC2Cc3nc4ccccc4c(NCCCCCCCCCCCCNc4c5c(nc6cc(Cl)ccc46)CCCC5)c3C(C1)C2,train
CHEMBL360186,CHEMBL220,5.58,2010.0,5.58,Cc1nn(S(=O)(=O)c2cc(C(F)(F)F)cc(C(F)(F)F)c2)cc1-c1nsc(Nc2ccccc2)n1,test
CHEMBL3604192,CHEMBL220,5.885,2015.0,5.885,CN(C)c1ccc(C(=O)NCCNc2c3c(nc4ccccc24)CCCC3)cc1.Cl,test
CHEMBL3604193,CHEMBL220,7.72,2015.0,7.72,CN(C)c1ccc(C(=O)NCCCNc2c3c(nc4ccccc24)CCCC3)cc1.Cl,test
CHEMBL3604194,CHEMBL220,6.53,2015.0,6.53,CN(C)c1ccc(C(=O)NCCCCNc2c3c(nc4ccccc24)CCCC3)cc1.Cl,test
CHEMBL3604195,CHEMBL220,6.45,2015.0,6.45,CN(C)c1ccc(C(=O)NCCCCCNc2c3c(nc4ccccc24)CCCC3)cc1.Cl,test
CHEMBL3604196,CHEMBL220,7.19,2015.0,7.19,CN(C)c1ccc(C(=O)NCCCCCCNc2c3c(nc4ccccc24)CCCC3)cc1.Cl,train
CHEMBL3604197,CHEMBL220,7.12,2015.0,7.12,CN(C)c1ccc(C(=O)NCCCCCCCNc2c3c(nc4ccccc24)CCCC3)cc1.Cl,test
CHEMBL3604198,CHEMBL220,7.11,2015.0,7.11,CN(C)c1ccc(C(=O)NCCCCCCCCNc2c3c(nc4ccccc24)CCCC3)cc1.Cl,train
CHEMBL3604199,CHEMBL220,6.9,2015.0,6.9,CN(C)c1ccc(C(=O)NCCCCCCCCCNc2c3c(nc4ccccc24)CCCC3)cc1.Cl,train
CHEMBL3605308,CHEMBL220,3.3010299956639813,2015.0,3.3010299956639813,CN(C)CCC[C@@]1(c2ccc(F)cc2)OCc2cc(-c3nnc(-c4ccccc4)[nH]3)ccc21,train
CHEMBL3605309,CHEMBL220,3.4440354152585777,2015.0,3.4440354152585777,CN(C)CCC[C@@]1(c2ccc(F)cc2)OCc2cc(-c3nnc(-c4ccccc4N)[nH]3)ccc21,train
CHEMBL3605310,CHEMBL220,3.3010299956639813,2015.0,3.3010299956639813,CN(C)CCC[C@@]1(c2ccc(F)cc2)OCc2cc(-c3nnc(-c4cccc(N)c4)[nH]3)ccc21,train
CHEMBL3605313,CHEMBL220,3.3010299956639813,2015.0,3.3010299956639813,CN(C)CCC[C@@]1(c2ccc(F)cc2)OCc2cc(-c3nnc(-c4cccc(O)c4)[nH]3)ccc21,train
CHEMBL3605314,CHEMBL220,3.4116610527660463,2015.0,3.4116610527660463,CN(C)CCC[C@@]1(c2ccc(F)cc2)OCc2cc(-c3nnc(-c4ccc(O)cc4)[nH]3)ccc21,train
CHEMBL3605316,CHEMBL220,3.8593976919796678,2015.0,3.8593976919796678,CN(C)CCC[C@@]1(c2ccc(F)cc2)OCc2cc(-c3nnc(-c4cccc([N+](=O)[O-])c4)[nH]3)ccc21,train
CHEMBL3605356,CHEMBL220,7.1,2021.0,7.1,c1ccc2c(c1)c1cnccc1n2CCCCCCCCCn1c2ccccc2c2cnccc21,train
CHEMBL3605361,CHEMBL220,9.48,2021.0,9.48,C[n+]1ccc2c(c1)c1ccccc1n2CCCCCCCCCn1c2ccccc2c2c[n+](C)ccc21.[I-].[I-],train
CHEMBL3605418,CHEMBL220,5.02,2015.0,5.02,Cc1ccccc1-c1nnc(-c2ccc3c(c2)CO[C@@]3(CCCN(C)C)c2ccc(F)cc2)[nH]1,train
CHEMBL3605419,CHEMBL220,3.875397972106662,2015.0,3.875397972106662,Cc1cccc(-c2nnc(-c3ccc4c(c3)CO[C@@]4(CCCN(C)C)c3ccc(F)cc3)[nH]2)c1,train
CHEMBL3605422,CHEMBL220,3.3845128816013417,2015.0,3.3845128816013417,CN(C)CCC[C@@]1(c2ccc(F)cc2)OCc2cc(-c3nnc(-c4cccc(Cl)c4)[nH]3)ccc21,train
CHEMBL3605423,CHEMBL220,5.17,2015.0,5.17,CN(C)CCC[C@@]1(c2ccc(F)cc2)OCc2cc(-c3nnc(-c4ccc(Cl)cc4)[nH]3)ccc21,train
CHEMBL3605424,CHEMBL220,3.7269755661815354,2015.0,3.7269755661815354,CN(C)CCC[C@@]1(c2ccc(F)cc2)OCc2cc(-c3nnc(-c4ccccc4F)[nH]3)ccc21,train
CHEMBL3605425,CHEMBL220,3.3010299956639813,2015.0,3.3010299956639813,CN(C)CCC[C@@]1(c2ccc(F)cc2)OCc2cc(-c3nnc(-c4cccc(F)c4)[nH]3)ccc21,train
CHEMBL3605426,CHEMBL220,3.583975595973466,2015.0,3.583975595973466,CN(C)CCC[C@@]1(c2ccc(F)cc2)OCc2cc(-c3nnc(-c4ccc(F)cc4)[nH]3)ccc21,train
CHEMBL3605428,CHEMBL220,3.3010299956639813,2015.0,3.3010299956639813,CN(C)CCC[C@@]1(c2ccc(F)cc2)OCc2cc(-c3nnc(-c4cccc(Br)c4)[nH]3)ccc21,train
CHEMBL3605430,CHEMBL220,3.5082042286864086,2015.0,3.5082042286864086,CN(C)CCC[C@@]1(c2ccc(F)cc2)OCc2cc(-c3nnc(-c4ccccc4I)[nH]3)ccc21,train
CHEMBL3605431,CHEMBL220,3.3010299956639813,2015.0,3.3010299956639813,CN(C)CCC[C@@]1(c2ccc(F)cc2)OCc2cc(-c3nnc(-c4cccc(I)c4)[nH]3)ccc21,train
CHEMBL3605432,CHEMBL220,3.3010299956639813,2015.0,3.3010299956639813,CN(C)CCC[C@@]1(c2ccc(F)cc2)OCc2cc(-c3nnc(-c4ccc(I)cc4)[nH]3)ccc21,train
CHEMBL3605433,CHEMBL220,3.792257947393055,2015.0,3.792257947393055,COc1ccccc1-c1nnc(-c2ccc3c(c2)CO[C@@]3(CCCN(C)C)c2ccc(F)cc2)[nH]1,train
CHEMBL3605434,CHEMBL220,3.9073846090584454,2015.0,3.9073846090584454,COc1cccc(-c2nnc(-c3ccc4c(c3)CO[C@@]4(CCCN(C)C)c3ccc(F)cc3)[nH]2)c1,train
CHEMBL3605436,CHEMBL220,3.3010299956639813,2015.0,3.3010299956639813,COc1cc(-c2nnc(-c3ccc4c(c3)CO[C@@]4(CCCN(C)C)c3ccc(F)cc3)[nH]2)ccc1O,train
CHEMBL3605437,CHEMBL220,3.5991685508837747,2015.0,3.5991685508837747,CN(C)CCC[C@@]1(c2ccc(F)cc2)OCc2cc(-c3nnc(-c4ccc(-c5nnn[nH]5)cc4)[nH]3)ccc21,test
CHEMBL360570,CHEMBL220,7.16,2013.0,7.16,COc1cc2c(cc1OC)C(=O)C(Oc1ccc(CN3CCN(C)CC3)cc1)C2,train
CHEMBL360832,CHEMBL220,7.05,2004.0,7.05,COc1cc2c(cc1OC)SC(C(=O)CC1(O)CC[N+](C)(Cc3ccccc3)CC1)C2,train
CHEMBL361165,CHEMBL220,6.035,2005.0,6.035,COc1ccccc1CN(C)CCCN(C)CCCNCCC[n+]1c(-c2ccccc2)c2cc(N)ccc2c2ccc(N)cc21,test
CHEMBL361309,CHEMBL220,6.66,2013.0,6.66,COc1cc2c(cc1OC)C(=O)C(Oc1ccc(C(C)N3CCOCC3)cc1)C2,train
CHEMBL361409,CHEMBL220,7.03,2005.0,7.03,CCNC(=O)Oc1ccc2c(c1)[C@]1(C)CCN(C)C1N2C,train
CHEMBL361540,CHEMBL220,6.64,2013.0,6.64,COc1cc2c(cc1OC)C(=O)C(Oc1ccc(C(C)N3CCN(C)CC3)cc1)C2,train
CHEMBL361869,CHEMBL220,7.37,2004.0,7.37,COc1cc2cc(C(=O)C3CC[N+](C)(Cc4ccccc4)CCC3O)sc2cc1OC,test
CHEMBL362049,CHEMBL220,7.89,2005.0,7.89,Cc1ccccc1NC(=O)Oc1ccc2c(c1)[C@]1(C)CCOC1N2C,train
CHEMBL3621322,CHEMBL220,9.975,2014.0,9.975,CC[N+](CC)(CCCCCn1c(C)cc(=O)n(CCCCC[N+](CC)(CC)Cc2ccccc2[N+](=O)[O-])c1=O)Cc1ccccc1[N+](=O)[O-].[Br-].[Br-],train
CHEMBL3621332,CHEMBL220,7.23,2014.0,7.23,CC[N+]1(Cc2ccccc2[N+](=O)[O-])CCCCCC[N+](CC)(Cc2ccccc2[N+](=O)[O-])CCCCCn2c(=O)cc(C)n(c2=O)CCCCC1.[Br-].[Br-],test
CHEMBL3621333,CHEMBL220,7.725,2014.0,7.725,CC[N+]1(Cc2ccccc2[N+](=O)[O-])CCCCCn2c(C)cc(=O)n(c2=O)CCCCC[N+](CC)(Cc2ccccc2[N+](=O)[O-])Cc2ccc(cc2)C1.[Br-].[Br-],train
CHEMBL3621334,CHEMBL220,6.89,2014.0,6.89,CC[N+]1(Cc2ccccc2[N+](=O)[O-])CCCCCn2c(C)cc(=O)n(c2=O)CCCCC[N+](CC)(Cc2ccccc2[N+](=O)[O-])CCCCCn2c(=O)cc(C)n(c2=O)CCCCC1.[Br-].[Br-],test
CHEMBL3621335,CHEMBL220,5.4,2014.0,5.4,CC[N+]1(Cc2ccccc2[N+](=O)[O-])CCCCCn2c(C)c3c(=O)n(c2=O)CCCCC[N+](CC)(Cc2ccccc2[N+](=O)[O-])CCCCCn2c(C)c(c(=O)n(c2=O)CCCCC1)C3.[Br-].[Br-],test
CHEMBL3621413,CHEMBL220,5.3,2020.0,5.3,COc1ccc2cc3[n+](cc2c1OCc1ccccc1)CCc1cc2c(cc1-3)OCO2.[Br-],test
CHEMBL362238,CHEMBL220,7.42,2013.0,7.42,COc1cc2c(cc1OC)C(=O)C(Oc1cccc(C(C)N3CCCCC3)c1)C2,test
CHEMBL362350,CHEMBL220,6.47,2004.0,6.47,C=[N+]1N=C(CCC2CCN(Cc3ccccc3)CC2)c2ccccc21,train
CHEMBL3623548,CHEMBL220,7.015000000000001,2015.0,7.015000000000001,CC(C)n1cc(C(=O)C(F)(F)F)cn1,train
CHEMBL3623549,CHEMBL220,8.120000000000001,2015.0,8.120000000000001,CCC(C)n1cc(C(=O)C(F)(F)F)cn1,train
CHEMBL3623550,CHEMBL220,8.115,2015.0,8.115,CCCC(C)n1cc(C(=O)C(F)(F)F)cn1,train
CHEMBL3623551,CHEMBL220,8.530000000000001,2015.0,8.530000000000001,CCC(CC)n1cc(C(=O)C(F)(F)F)cn1,train
CHEMBL3623552,CHEMBL220,8.245000000000001,2015.0,8.245000000000001,O=C(c1cnn(C2CCCC2)c1)C(F)(F)F,test
CHEMBL3623553,CHEMBL220,6.2,2015.0,6.2,CC(C)Cn1cc(C(=O)C(F)(F)F)cn1,train
CHEMBL3623554,CHEMBL220,8.14,2015.0,8.14,CC(C)(C)c1cccc(C(=O)C(F)F)c1,val
CHEMBL3623555,CHEMBL220,6.08,2015.0,6.08,CC(C)n1cc(C(=O)C(F)F)cn1,train
CHEMBL3623556,CHEMBL220,7.015000000000001,2015.0,7.015000000000001,CCC(C)n1cc(C(=O)C(F)F)cn1,train
CHEMBL3623557,CHEMBL220,6.8149999999999995,2015.0,6.8149999999999995,CCCC(C)n1cc(C(=O)C(F)F)cn1,train
CHEMBL3623558,CHEMBL220,7.495,2015.0,7.495,CCC(CC)n1cc(C(=O)C(F)F)cn1,train
CHEMBL3623559,CHEMBL220,6.645,2015.0,6.645,O=C(c1cnn(C2CCCC2)c1)C(F)F,test
CHEMBL3623560,CHEMBL220,4.984999999999999,2015.0,4.984999999999999,CC(C)Cn1cc(C(=O)C(F)F)cn1,train
CHEMBL3623561,CHEMBL220,6.195,2015.0,6.195,CC(C)(C)c1cccc(C(=O)CF)c1,val
CHEMBL3623562,CHEMBL220,5.0,2015.0,5.0,CC(C)n1cc(C(=O)CF)cn1,train
CHEMBL3623563,CHEMBL220,4.76,2015.0,4.76,CCC(C)n1cc(C(=O)CF)cn1,train
CHEMBL3623564,CHEMBL220,4.6850000000000005,2015.0,4.6850000000000005,CCCC(C)n1cc(C(=O)CF)cn1,train
CHEMBL3623565,CHEMBL220,5.285,2015.0,5.285,CCC(CC)n1cc(C(=O)CF)cn1,train
CHEMBL3623566,CHEMBL220,5.74,2015.0,5.74,O=C(CF)c1cnn(C2CCCC2)c1,test
CHEMBL3623567,CHEMBL220,5.0,2015.0,5.0,CC(C)Cn1cc(C(=O)CF)cn1,train
CHEMBL362378,CHEMBL220,4.77,2019.0,4.77,CC1(C)C=Cc2c(ccc(C(=O)/C=C/c3ccc(O)cc3)c2O)O1,val
CHEMBL362444,CHEMBL220,7.57,2005.0,7.57,CNC(=O)Oc1ccc2c(c1)[C@]1(C)CCOC1N2C,train
CHEMBL362579,CHEMBL220,5.89,2010.0,5.89,CC(C)Cc1ccc(C(=O)CC(Sc2ccccc2N)c2cccc([N+](=O)[O-])c2)cc1,train
CHEMBL362583,CHEMBL220,6.3,2013.0,6.3,COc1cc2c(cc1OC)C(=O)C(Oc1cccc(CN3CCCC3)c1)C2,train
CHEMBL362685,CHEMBL220,6.77,2005.0,6.77,CCCCNC(=O)OCCCCCCCCCCCCCCCCOC(=O)NCCCC,test
CHEMBL362704,CHEMBL220,6.08,2005.0,6.08,CCNC(=O)Oc1ccc2c(c1)C1(C)COC(C1)O2,val
CHEMBL362711,CHEMBL220,6.96,2004.0,6.96,COc1cc2cc(C(=O)CC3CCCC[N+](C)(Cc4ccccc4)CC3)sc2cc1OC,train
CHEMBL362752,CHEMBL220,8.22,2004.0,8.22,COc1cc2c(cc1OC)SC(C(=O)CCc1cc[n+](Cc3ccsc3)cc1)C2,train
CHEMBL3628053,CHEMBL220,4.52,2015.0,4.52,O=C(NCCc1c[nH]c2ccccc12)c1ccc[n+](Cc2ccccc2)c1.[Br-],train
CHEMBL3628054,CHEMBL220,4.54,2015.0,4.54,O=C(NCCc1c[nH]c2ccccc12)c1ccc[n+](Cc2ccccc2F)c1.[Br-],train
CHEMBL3628055,CHEMBL220,5.38,2015.0,5.38,O=C(NCCc1c[nH]c2ccccc12)c1cc[n+](Cc2ccccc2)cc1.[Br-],train
CHEMBL3628056,CHEMBL220,5.5,2015.0,5.5,O=C(NCCc1c[nH]c2ccccc12)c1cc[n+](Cc2ccccc2F)cc1.[Br-],train
CHEMBL3628057,CHEMBL220,5.41,2015.0,5.41,O=C(NCCc1c[nH]c2ccccc12)c1cc[n+](Cc2cccc(F)c2)cc1.[Br-],train
CHEMBL3628058,CHEMBL220,5.47,2015.0,5.47,O=C(NCCc1c[nH]c2ccccc12)c1cc[n+](Cc2ccc(F)cc2)cc1.[Br-],train
CHEMBL3628059,CHEMBL220,5.57,2015.0,5.57,Cc1cccc(C[n+]2ccc(C(=O)NCCc3c[nH]c4ccccc34)cc2)c1.[Br-],train
CHEMBL3628060,CHEMBL220,5.24,2015.0,5.24,Cc1ccc(C[n+]2ccc(C(=O)NCCc3c[nH]c4ccccc34)cc2)cc1.[Br-],train
CHEMBL3628061,CHEMBL220,4.64,2015.0,4.64,N#Cc1ccc(C[n+]2ccc(C(=O)NCCc3c[nH]c4ccccc34)cc2)cc1.[Br-],train
CHEMBL3628062,CHEMBL220,5.48,2015.0,5.48,COc1ccc2[nH]cc(CCNC(=O)c3cc[n+](Cc4ccccc4F)cc3)c2c1.[Br-],train
CHEMBL3628063,CHEMBL220,5.42,2015.0,5.42,COc1ccc2[nH]cc(CCNC(=O)c3cc[n+](Cc4cccc(F)c4)cc3)c2c1.[Br-],train
CHEMBL3628064,CHEMBL220,5.29,2015.0,5.29,COc1ccc2[nH]cc(CCNC(=O)c3cc[n+](Cc4ccc(F)cc4)cc3)c2c1.[Br-],train
CHEMBL3628065,CHEMBL220,5.89,2015.0,5.89,COc1ccc2[nH]cc(CCNC(=O)c3cc[n+](Cc4ccc(OC(=O)N(C)C)cc4)cc3)c2c1.[Br-],train
CHEMBL3628066,CHEMBL220,6.58,2015.0,6.58,COc1ccc2[nH]cc(CCNC(=O)/C=C/c3cc[n+](Cc4ccccc4F)cc3)c2c1.[Br-],train
CHEMBL3628067,CHEMBL220,6.96,2015.0,6.96,COc1ccc2[nH]cc(CCNC(=O)/C=C/c3cc[n+](Cc4cccc(F)c4)cc3)c2c1.[Br-],train
CHEMBL3628183,CHEMBL220,6.68,2015.0,6.68,COc1ccc2[nH]cc(CCNC(=O)/C=C/c3cc[n+](Cc4ccc(F)cc4)cc3)c2c1.[Br-],train
CHEMBL3628184,CHEMBL220,6.28,2015.0,6.28,COc1ccc2[nH]cc(CCNC(=O)CCc3cc[n+](Cc4ccccc4F)cc3)c2c1.[Br-],test
CHEMBL3628185,CHEMBL220,6.36,2015.0,6.36,COc1ccc2[nH]cc(CCNC(=O)CCc3cc[n+](Cc4cccc(F)c4)cc3)c2c1.[Br-],test
CHEMBL3628186,CHEMBL220,6.24,2015.0,6.24,COc1ccc2[nH]cc(CCNC(=O)CCc3cc[n+](Cc4ccc(F)cc4)cc3)c2c1.[Br-],test
CHEMBL362996,CHEMBL220,4.0,2005.0,4.0,O=C(C(=O)c1ccc(C(=O)C(=O)c2ccccc2)cc1)c1ccccc1,train
CHEMBL363186,CHEMBL220,4.0,2005.0,4.0,CC1C(=O)CCC1=O,val
CHEMBL3632626,CHEMBL220,5.14,2015.0,5.14,COc1ccc2nc3c(c(NCCCCNC(=O)C4(C)CCc5c(C)c(O)c(C)c(C)c5O4)c2c1)CCCC3,train
CHEMBL3632846,CHEMBL220,5.36,2015.0,5.36,COc1ccc2nc3c(c(NCCNC(=O)C4(C)CCc5c(C)c(O)c(C)c(C)c5O4)c2c1)CCCC3,train
CHEMBL3632847,CHEMBL220,5.81,2015.0,5.81,COc1ccc2nc3c(c(NCCCNC(=O)C4(C)CCc5c(C)c(O)c(C)c(C)c5O4)c2c1)CCCC3,train
CHEMBL3632848,CHEMBL220,4.88,2015.0,4.88,COc1ccc2nc3c(c(NCCCCCNC(=O)C4(C)CCc5c(C)c(O)c(C)c(C)c5O4)c2c1)CCCC3,train
CHEMBL3632849,CHEMBL220,5.18,2015.0,5.18,COc1ccc2nc3c(c(NCCCCCCNC(=O)C4(C)CCc5c(C)c(O)c(C)c(C)c5O4)c2c1)CCCC3,train
CHEMBL3632850,CHEMBL220,5.17,2015.0,5.17,COc1ccc2nc3c(c(NCCCCCCCNC(=O)C4(C)CCc5c(C)c(O)c(C)c(C)c5O4)c2c1)CCCC3,train
CHEMBL3632851,CHEMBL220,5.46,2015.0,5.46,COc1ccc2nc3c(c(NCCCCCCCCNC(=O)C4(C)CCc5c(C)c(O)c(C)c(C)c5O4)c2c1)CCCC3,train
CHEMBL3632852,CHEMBL220,5.6,2015.0,5.6,COc1ccc(-c2cc3c(c(=O)o2)C[C@H]2[C@@](C)(CC[C@@]4(O)C(C)(C)C(=O)CC[C@]24C)O3)cc1,train
CHEMBL3632853,CHEMBL220,5.46,2015.0,5.46,COc1ccc(-c2cc3c(c(=O)o2)C[C@]2(O)[C@@]4(C)CC[C@@H](OC(C)=O)C(C)(C)[C@]4(O)CC[C@@]2(C)O3)cc1,train
CHEMBL3632854,CHEMBL220,4.0,2015.0,4.0,COc1ccc(-c2cc3c(c(=O)o2)C[C@H]2[C@@](C)(CC[C@@]4(O)C(C)(C)[C@H](O)CC[C@]24C)O3)cc1,train
CHEMBL3632855,CHEMBL220,4.0,2015.0,4.0,COc1ccc(-c2cc3c(c(=O)o2)C[C@@H]2[C@@]4(C)CC[C@H](O)C(C)(C)[C@@H]4CC[C@@]2(C)O3)cc1,train
CHEMBL3632856,CHEMBL220,4.0,2015.0,4.0,COc1ccc(-c2cc3c(c(=O)o2)C[C@@H]2[C@@]4(C)CCC(=O)C(C)(C)[C@@H]4CC[C@@]2(C)O3)cc1,train
CHEMBL3632857,CHEMBL220,4.0,2015.0,4.0,COc1ccc(-c2cc3c(c(=O)o2)C[C@]2(O)[C@@]4(C)[C@@H](O)C[C@@H](OC(C)=O)C(C)(C)[C@]4(O)CC[C@@]2(C)O3)cc1,train
CHEMBL3632858,CHEMBL220,8.17,2015.0,8.17,COc1cc(-c2cc3c(c(=O)o2)C[C@]2(O)[C@@]4(C)C(=O)C=CC(C)(C)[C@]4(O)CC[C@@]2(C)O3)cc(OC)c1O,train
CHEMBL3632987,CHEMBL220,6.58,2015.0,6.58,Cc1c(C)c2c(c(C)c1O)CCC(C)(C(=O)NCCCNc1c3c(nc4ccccc14)CCCC3)O2,train
CHEMBL3632988,CHEMBL220,6.68,2015.0,6.68,Cc1c(C)c2c(c(C)c1O)CCC(C)(C(=O)NCCNc1c3c(nc4cc(Cl)ccc14)CCCC3)O2,train
CHEMBL3632989,CHEMBL220,7.1,2015.0,7.1,Cc1c(C)c2c(c(C)c1O)CCC(C)(C(=O)NCCCNc1c3c(nc4cc(Cl)ccc14)CCCC3)O2,train
CHEMBL3632990,CHEMBL220,6.82,2015.0,6.82,Cc1c(C)c2c(c(C)c1O)CCC(C)(C(=O)NCCCCNc1c3c(nc4cc(Cl)ccc14)CCCC3)O2,train
CHEMBL3632991,CHEMBL220,6.92,2015.0,6.92,Cc1c(C)c2c(c(C)c1O)CCC(C)(C(=O)NCCCCCNc1c3c(nc4cc(Cl)ccc14)CCCC3)O2,train
CHEMBL3632992,CHEMBL220,7.0,2015.0,7.0,Cc1c(C)c2c(c(C)c1O)CCC(C)(C(=O)NCCCCCCNc1c3c(nc4cc(Cl)ccc14)CCCC3)O2,train
CHEMBL3632993,CHEMBL220,7.1,2015.0,7.1,Cc1c(C)c2c(c(C)c1O)CCC(C)(C(=O)NCCCCCCCNc1c3c(nc4cc(Cl)ccc14)CCCC3)O2,train
CHEMBL3632994,CHEMBL220,7.1,2015.0,7.1,Cc1c(C)c2c(c(C)c1O)CCC(C)(C(=O)NCCCCCCCCNc1c3c(nc4cc(Cl)ccc14)CCCC3)O2,train
CHEMBL363391,CHEMBL220,5.96,2005.0,5.96,Nc1c2c(nc3cc(Cl)ccc13)CC(CNC(=O)CCCCC1CCSS1)CC2,train
CHEMBL363455,CHEMBL220,6.62,2004.0,6.62,O=C(CCc1cc[n+](Cc2ccccc2)cc1)c1ccc2c(c1)OCO2,train
CHEMBL3634645,CHEMBL220,5.92,2018.0,5.92,CCN(CC)C(=O)Oc1ccc(-c2cc(=O)c3c(O)c(O)c(O)cc3o2)cc1,train
CHEMBL363535,CHEMBL220,4.0,2013.0,4.0,Cc1coc2c1C(=O)C(=O)c1c-2ccc2c(C)cccc12,train
CHEMBL363557,CHEMBL220,6.41,2004.0,6.41,CCNC(=O)Oc1cccc2c1CCC1CCN(C)C21,train
CHEMBL363588,CHEMBL220,5.01,2005.0,5.01,CNC(=O)Oc1cccc(CN(C)CCCCCCCOc2ccc3c(c2)OC/C(=C\c2cc(OC)c(OC)c(OC)c2)C3=O)c1,test
CHEMBL363747,CHEMBL220,4.28,2018.0,4.28,COc1cc(O)c2c(=O)c3cccc(O)c3oc2c1,train
CHEMBL363855,CHEMBL220,4.0,2005.0,4.0,CC(=O)CCC(=O)c1ccccc1,val
CHEMBL363919,CHEMBL220,4.0,2005.0,4.0,O=C1CCCC(=O)C1,train
CHEMBL364125,CHEMBL220,7.28,2004.0,7.28,COCC[N+]1(C)CCCC(C(=O)c2cc3cc(OC)c(OC)cc3s2)CC1,test
CHEMBL3642040,CHEMBL220,7.47,2014.0,7.47,CC(=O)NCCc1c[nH]c2ccc(OC(=O)NCCCCCCCNc3c4c(nc5ccccc35)CCCC4)cc12,train
CHEMBL3642041,CHEMBL220,5.96,2014.0,5.96,CC(=O)NCCc1c[nH]c2ccc(OC(=O)NCCNc3c4c(nc5ccccc35)CCCC4)cc12,train
CHEMBL3642042,CHEMBL220,6.75,2014.0,6.75,CC(=O)NCCc1c[nH]c2ccc(OC(=O)NCCCCCCNc3c4c(nc5ccccc35)CCCC4)cc12,train
CHEMBL3642043,CHEMBL220,8.11,2014.0,8.11,CC(=O)NCCc1c[nH]c2ccc(OC(=O)NCCCCCCCNc3c4c(nc5cc(Cl)ccc35)CCCC4)cc12,train
CHEMBL3642044,CHEMBL220,7.7,2014.0,7.7,CC(=O)NCCc1c[nH]c2ccc(OC(=O)NCCNc3c4c(nc5cc(Cl)ccc35)CCCC4)cc12,train
CHEMBL3642045,CHEMBL220,7.43,2014.0,7.43,CC(=O)O[C@@]12CCN(C(C)=O)[C@@H]1N(C(C)=O)c1ccc(OC(=O)NCCCCCCNc3c4c(nc5ccccc35)CCCC4)cc12,train
CHEMBL3642046,CHEMBL220,6.57,2014.0,6.57,CC(=O)NCCc1c[nH]c2ccc(OC(=O)NCCCNc3c4c(nc5ccccc35)CCCC4)cc12,train
CHEMBL3642047,CHEMBL220,6.42,2014.0,6.42,CC(=O)NCCc1c[nH]c2ccc(OC(=O)NCCCCNc3c4c(nc5ccccc35)CCCC4)cc12,test
CHEMBL3642048,CHEMBL220,6.73,2014.0,6.73,CC(=O)NCCc1c[nH]c2ccc(OC(=O)NCCCCCNc3c4c(nc5ccccc35)CCCC4)cc12,train
CHEMBL3642049,CHEMBL220,8.34,2014.0,8.34,CC(=O)NCCc1c[nH]c2ccc(OC(=O)NCCCCCCCCNc3c4c(nc5ccccc35)CCCC4)cc12,train
CHEMBL3642050,CHEMBL220,7.4,2014.0,7.4,CC(=O)NCCc1c[nH]c2ccc(OC(=O)NCCCCCCCNc3c4c(nc5ccc(Cl)cc35)CCCC4)cc12,train
CHEMBL3642051,CHEMBL220,5.48,2014.0,5.48,CC(=O)NCCc1c[nH]c2ccc(OC(=O)NCCNc3c4c(nc5ccc(Cl)cc35)CCCC4)cc12,train
CHEMBL3642052,CHEMBL220,8.93,2014.0,8.93,CC(=O)NCCc1c[nH]c2ccc(OC(=O)NCCCCCCCCCCNc3c4c(nc5ccccc35)CCCC4)cc12,train
CHEMBL3642053,CHEMBL220,8.42,2014.0,8.42,CC(=O)NCCc1c[nH]c2ccc(OC(=O)NCCCCCCCCCCCCNc3c4c(nc5ccccc35)CCCC4)cc12,train
CHEMBL3642054,CHEMBL220,8.85,2014.0,8.85,CC(=O)NCCc1c[nH]c2ccc(OC(=O)NCCCCCCCCCCNc3c4c(nc5ccc(Cl)cc35)CCCC4)cc12,train
CHEMBL3642055,CHEMBL220,8.09,2014.0,8.09,CC(=O)NCCc1c[nH]c2ccc(OC(=O)NCCCCCCCCCCNc3c4c(nc5cc(Cl)ccc35)CCCC4)cc12,train
CHEMBL3642056,CHEMBL220,7.59,2014.0,7.59,CC(=O)NCCc1c[nH]c2ccc(OC(=O)NCCCCCCCCCCCCNc3c4c(nc5cc(Cl)ccc35)CCCC4)cc12,train
CHEMBL3642057,CHEMBL220,8.15,2014.0,8.15,CC(=O)NCCc1c[nH]c2ccc(OC(=O)NCCCCCCCCCCCCNc3c4c(nc5ccc(Cl)cc35)CCCC4)cc12,train
CHEMBL364545,CHEMBL220,5.56,2005.0,5.56,CNC(=O)Oc1cccc(CN(C)CCCCCCCOc2ccc3c(c2)O/C(=C\c2cccc4ccccc24)C3=O)c1,train
CHEMBL364585,CHEMBL220,7.1,2004.0,7.1,COc1cc2cc(C(=O)C3CCC[N+](C)(CC(=O)OC(C)(C)C)CC3)sc2cc1OC,test
CHEMBL364588,CHEMBL220,4.0,2005.0,4.0,CCCCC(=O)C(C)=O,test
CHEMBL364678,CHEMBL220,5.850332570643928,2005.0,5.850332570643928,CNC(=O)Oc1cccc(CN(C)CCCCCCCOc2ccc3c(c2)O/C(=C\c2cc(Cl)cc(Cl)c2)C3=O)c1,train
CHEMBL364729,CHEMBL220,5.78,2005.0,5.78,O=C1C(=O)C(Cl)=C(Cl)C(Cl)=C1Cl,train
CHEMBL364734,CHEMBL220,4.0,2005.0,4.0,COC(OC)(C(=O)c1ccccc1)c1ccccc1,train
CHEMBL364893,CHEMBL220,4.0,2005.0,4.0,O=C(c1ccco1)C(O)c1ccco1,train
CHEMBL365129,CHEMBL220,4.0,2005.0,4.0,O=S(=O)(Cc1ccccc1)Cc1ccccc1,test
CHEMBL365136,CHEMBL220,5.31,2005.0,5.31,CNC(=O)Oc1cccc(CN(C)CCCCCCCOc2ccc3c(c2)CC/C(=C\c2cc(OC)c(OC)c(OC)c2)C3=O)c1,train
CHEMBL365161,CHEMBL220,4.0,2005.0,4.0,CC(C)(C)C1=CC(=O)C(=O)C(C(C)(C)C)=C1,train
CHEMBL365392,CHEMBL220,4.0,2005.0,4.0,O=C(C(=O)c1ccccc1Cl)c1ccccc1Cl,val
CHEMBL365445,CHEMBL220,4.0,2005.0,4.0,O=C(C(=O)c1cccs1)c1cccs1,test
CHEMBL365517,CHEMBL220,4.0,2005.0,4.0,O=C(C(=O)c1ccc([N+](=O)[O-])cc1[N+](=O)[O-])c1ccccc1,val
CHEMBL365678,CHEMBL220,5.68,2005.0,5.68,CCC(=O)Oc1cccc(CN(C)CCCCCCCOc2ccc3c(c2)O/C(=C\c2ccc4ccccc4c2)C3=O)c1,train
CHEMBL365809,CHEMBL220,4.0,2005.0,4.0,CC(=O)C(C)=O,test
CHEMBL365904,CHEMBL220,7.4,2004.0,7.4,COc1cc2c(cc1OC)SC(C(=O)CCc1cc[n+](CC3CCC3)cc1)C2,train
CHEMBL365982,CHEMBL220,4.0,2005.0,4.0,OC(c1ccccc1)C(O)c1ccccc1,train
CHEMBL366114,CHEMBL220,6.05,2004.0,6.05,COc1cc2c(cc1OC)SC(C(=O)CCc1cc[n+](C)cc1)C2,test
CHEMBL366205,CHEMBL220,4.0,2005.0,4.0,O=C(C(=O)c1cc(Br)ccc1O)c1cc(Br)ccc1O,val
CHEMBL366931,CHEMBL220,6.44,2005.0,6.44,CCCCNC(=O)OCCOC(=O)NCCCC,test
CHEMBL367571,CHEMBL220,6.38,2005.0,6.38,COC1=CC(=O)[C@]2(C)[C@]3(O)Cc4c(cc(-c5cc(OC)c(OC)c(OC)c5)oc4=O)O[C@]3(C)CC[C@]2(O)C1(C)C,train
CHEMBL367795,CHEMBL220,7.09,2005.0,7.09,CCNC(=O)Oc1ccc2c(c1)[C@]1(C)CCOC1N2C,train
CHEMBL368075,CHEMBL220,7.47,2003.0,7.47,CCCOc1ccccc1CN(CC)CCCCCC(=O)N(C)CCCCCCCCN(C)C(=O)CCCCCN(CC)Cc1ccccc1OCCC,test
CHEMBL368196,CHEMBL220,7.375,1992.0,7.375,Nc1c2c(nc3cccc(Cl)c13)C1CCC2C1,test
CHEMBL369554,CHEMBL220,6.44,2005.0,6.44,CCNC(=O)Oc1ccc2c(c1)C1(C)CCOC1O2,train
CHEMBL3696475,CHEMBL220,5.0,2016.0,5.0,Cc1c([C@@H](O)CN2CCN(C[C@H](O)c3ccc4c(c3C)COC4=O)CC2)ccc2c1COC2=O,train
CHEMBL369661,CHEMBL220,7.16,1992.0,7.16,Nc1c2c(nc3c(Cl)cccc13)CCCC2,train
CHEMBL369768,CHEMBL220,4.13,2019.0,4.13,COc1ccc(/C=C/C(=O)c2ccc3c(c2O)C=CC(C)(C)O3)cc1,val
CHEMBL369772,CHEMBL220,5.82,2005.0,5.82,CCCCNC(=O)OCCO,test
CHEMBL370059,CHEMBL220,4.0,2005.0,4.0,O=C(O)c1ccc(C(=O)C(=O)c2ccccc2)cc1,val
CHEMBL370299,CHEMBL220,4.0,2005.0,4.0,COc1ccc(C(=O)C(O)c2ccc(OC)cc2)cc1,train
CHEMBL370561,CHEMBL220,3.9788107009300617,2005.0,3.9788107009300617,COc1cc2cc[n+](C)c3c2c(c1OC)C(Br)OC3=O,val
CHEMBL370807,CHEMBL220,11.825514997831991,2006.0,11.825514997831991,O=C(CCCCCNc1c2c(nc3ccccc13)CCCC2)NCCc1c[nH]c2ccc(O)cc12,train
CHEMBL370961,CHEMBL220,7.209982694318741,2005.0,7.209982694318741,CNC(=O)Oc1cccc(CN(C)CCCCCCCOc2ccc3c(c2)O/C(=C\c2ccccc2)C3=O)c1,train
CHEMBL371006,CHEMBL220,4.02,2005.0,4.02,COc1cc2ccnc3c2c(c1OC)COC3(CC(O)CO)OC,val
CHEMBL371181,CHEMBL220,4.0,2005.0,4.0,O=C(C(=O)c1ccco1)c1ccco1,val
CHEMBL371276,CHEMBL220,4.71,2005.0,4.71,COc1cc2ccnc3c2c(c1OC)COC3=O,test
CHEMBL371371,CHEMBL220,4.0,2005.0,4.0,CC1CCC(=O)C1=O,train
CHEMBL371523,CHEMBL220,4.0,2005.0,4.0,O=C(CC(=O)c1ccccc1)c1ccccc1,train
CHEMBL371651,CHEMBL220,4.34,2005.0,4.34,COc1cc2ccnc3c2c(c1OC)C(Br)OC3=O,test
CHEMBL371787,CHEMBL220,5.73,2004.0,5.73,CC(NC(=O)Oc1cccc2c1OCC1CCN(C)C21)c1ccccc1,train
CHEMBL371798,CHEMBL220,1.3045183235098026,2005.0,1.3045183235098026,CN(CCCCCCCOc1ccc2c(c1)O/C(=C\c1cccc3ccccc13)C2=O)Cc1cccc(O)c1,train
CHEMBL371858,CHEMBL220,4.0,2005.0,4.0,Cc1ccc(C(=O)C(=O)c2ccccc2)cc1,val
CHEMBL372071,CHEMBL220,4.7,2005.0,4.7,CCN(CC)CCCN1CC(=O)N(C2CC2)CC1=O,train
CHEMBL372202,CHEMBL220,12.35051499783199,2006.0,12.35051499783199,COc1ccc2[nH]cc(CCNC(=O)CCCCCCNc3c4c(nc5cc(Cl)cc(Cl)c35)CCCC4)c2c1,train
CHEMBL372262,CHEMBL220,5.0,2005.0,5.0,CCOC(=O)c1c(C)c(N2CCN(C)CC2)nc2ccccc12,train
CHEMBL372279,CHEMBL220,4.7,2005.0,4.7,CC(C)N(CCN1CC(=O)N(CCc2ccc(Cl)cc2Cl)CC1=O)C(C)C,train
CHEMBL372491,CHEMBL220,7.55,2004.0,7.55,COc1cc2cc(C(=O)C3CCC[N+](C)(CC4CCCCO4)CC3)sc2cc1OC,train
CHEMBL372710,CHEMBL220,8.096910013008056,2005.0,8.096910013008056,CNC(=O)Oc1cccc(CN(C)CCCCCCCOc2ccc3c(c2)O/C(=C\c2ccc(Cl)c(Cl)c2)C3=O)c1,train
CHEMBL372716,CHEMBL220,4.0,2005.0,4.0,O=C(C(=O)c1ccsc1)c1ccsc1,train
CHEMBL372856,CHEMBL220,4.0,2005.0,4.0,COc1ccc(C(=O)C(=O)c2ccc(OC)c([N+](=O)[O-])c2)cc1[N+](=O)[O-],val
CHEMBL373345,CHEMBL220,4.0,2005.0,4.0,O=C(C(=O)c1ccccn1)c1ccccn1,train
CHEMBL3734787,CHEMBL220,4.0,2015.0,4.0,CCOP1(=O)OC(C)=C(C(=O)OC)CCC1(F)F,train
CHEMBL3735042,CHEMBL220,5.085,2015.0,5.085,CCOP1(=O)CCCC(C(=O)OC)=C(C)O1,train
CHEMBL3735606,CHEMBL220,5.220000000000001,2015.0,5.220000000000001,COP1(=O)OCCC(C(=O)OC(C)(C)C)=C(C)O1,train
CHEMBL3736339,CHEMBL220,5.985,2015.0,5.985,COC(=O)C1=C(C)OP(=O)(OC)OCC1,train
CHEMBL373651,CHEMBL220,5.745,2006.0,5.745,Cn1c2ccc(O)cc2c2cc[n+](C)cc21,train
CHEMBL373674,CHEMBL220,5.0,2006.0,5.0,Cn1c2ccc(O)cc2c2ccncc21,train
CHEMBL373715,CHEMBL220,4.0,2007.0,4.0,Cc1ccc(Cl)c2c1NC(=O)C2=O,train
CHEMBL373781,CHEMBL220,4.0,2007.0,4.0,O=C1C(=O)N(CCN2C(=O)C(=O)c3ccccc32)c2ccccc21,train
CHEMBL374130,CHEMBL220,3.9795064765445565,2012.0,3.9795064765445565,CC(C)=CCC/C(C)=C/Cc1c(O)cc2c(c1O)C(=O)C[C@@H](c1ccc(O)cc1)O2,test
CHEMBL374184,CHEMBL220,6.98,2006.0,6.98,CCOC(=O)C1=C(C)Nc2nc3c(c(N)c2C1c1ccc(OC)cc1)CCCC3,train
CHEMBL374331,CHEMBL220,4.0,2007.0,4.0,Cc1cc(C)c(NCN2C(=O)C(=O)c3ccccc32)cc1C,train
CHEMBL374629,CHEMBL220,4.0,2007.0,4.0,CCc1ccc2c(c1)NC(=O)C2=O,train
CHEMBL374729,CHEMBL220,6.109999999999999,2006.0,6.109999999999999,COc1ccc2[nH]c3c(C)[n+](C)ccc3c2c1,train
CHEMBL374740,CHEMBL220,4.0,2007.0,4.0,O=C1Nc2c(Cl)cc(Cl)cc2C1=O,train
CHEMBL374758,CHEMBL220,4.0,2007.0,4.0,O=C1C(=O)N(CNc2ccccc2Br)c2ccccc21,train
CHEMBL374905,CHEMBL220,4.0,2007.0,4.0,O=C1C(=O)N(CN2CCCCC2)c2ccccc21,train
CHEMBL374970,CHEMBL220,4.0,2007.0,4.0,CCCC(=O)N1C(=O)C(=O)c2ccccc21,train
CHEMBL374981,CHEMBL220,8.29,2006.0,8.29,COc1cc(C(=O)NCCCCCCCCC(=O)NNc2c3c(cc4ccccc24)CCCC3)cc(OC)c1OC,train
CHEMBL375077,CHEMBL220,4.93,2006.0,4.93,COc1ccc2c(c1)c1ccnc(C)c1n2C,train
CHEMBL375078,CHEMBL220,4.0,2007.0,4.0,O=C1Nc2c(C(=O)O)cccc2C1=O,train
CHEMBL375126,CHEMBL220,4.32,2007.0,4.32,O=C1C(=O)N(Cc2ccc(Cl)c(Cl)c2)c2ccccc21,train
CHEMBL3751866,CHEMBL220,7.11,2016.0,7.11,O=C(NCCCCCCCNc1c2c(nc3ccccc13)CCCC2)c1cc2ccccc2o1,val
CHEMBL3751941,CHEMBL220,7.33,2016.0,7.33,c1ccc2oc(CNCCCCCCNc3c4c(nc5ccccc35)CCC4)cc2c1,train
CHEMBL3752119,CHEMBL220,7.49,2016.0,7.49,COc1cccc2cc(C(=O)NCCCCCCNc3c4c(nc5ccccc35)CCCCC4)oc12,train
CHEMBL3752227,CHEMBL220,5.25,2016.0,5.25,CCN(CCCCCCCCc1cccc(OC)c1)Cc1ccccc1OC,test
CHEMBL3752232,CHEMBL220,5.29,2016.0,5.29,CCNCc1cccc2[nH]c3cc(Cl)ccc3c12,train
CHEMBL3752356,CHEMBL220,7.2,2016.0,7.2,COc1cccc2cc(CNCCCCCCNc3c4c(nc5ccccc35)CCC4)oc12,train
CHEMBL3752384,CHEMBL220,6.65,2016.0,6.65,c1ccc2oc(CN(CCCCCCCNc3c4c(nc5ccccc35)CCC4)Cc3cc4ccccc4o3)cc2c1,train
CHEMBL3752451,CHEMBL220,6.37,2016.0,6.37,O=C(NCCCCCCNc1c2c(nc3ccccc13)CCCC2)c1cc2ccccc2o1,train
CHEMBL3752467,CHEMBL220,9.07,2016.0,9.07,c1ccc2oc(CNCCCCCCCNc3c4c(nc5ccccc35)CCCC4)cc2c1,train
CHEMBL3752543,CHEMBL220,7.97,2016.0,7.97,c1ccc2oc(CNCCCCCCCNc3c4c(nc5ccccc35)CCC4)cc2c1,train
CHEMBL3752555,CHEMBL220,6.26,2016.0,6.26,O=C(NCCCCCCNc1c2c(nc3ccccc13)CCC2)c1cc2ccccc2o1,train
CHEMBL3752685,CHEMBL220,9.09,2016.0,9.09,Cl.Cl.c1ccc2c(NCCCCCCCNc3c4c(nc5ccccc35)CCCC4)c3c(nc2c1)CCCC3,train
CHEMBL3752710,CHEMBL220,4.0,2016.0,4.0,COc1ccc(CN(Cc2ccccc2)C2=NCC(CI)S2)cc1OC.I,train
CHEMBL3752908,CHEMBL220,4.15,2016.0,4.15,I.ICC1CN=C(Nc2ccccn2)S1,train
CHEMBL3752926,CHEMBL220,7.36,2016.0,7.36,COc1cccc2cc(C(=O)NCCCCCCCNc3c4c(nc5ccccc35)CCCC4)oc12,val
CHEMBL3752969,CHEMBL220,7.82,2016.0,7.82,COc1cccc2cc(CNCCCCCCNc3c4c(nc5ccccc35)CCCC4)oc12,train
CHEMBL3752974,CHEMBL220,4.75,2016.0,4.75,CC(C)NCc1cccc2[nH]c3ccccc3c12,train
CHEMBL375304,CHEMBL220,4.0,2007.0,4.0,Cc1cccc(NC(=O)CN2C(=O)C(=O)c3ccccc32)c1,train
CHEMBL3753360,CHEMBL220,6.93,2016.0,6.93,c1ccc2oc(CN(CCCCCCCNc3c4c(nc5ccccc35)CCCC4)Cc3cc4ccccc4o3)cc2c1,train
CHEMBL3753405,CHEMBL220,8.59,2016.0,8.59,COc1cccc2cc(CNCCCCCCCNc3c4c(nc5ccccc35)CCCCC4)oc12,train
CHEMBL3753508,CHEMBL220,5.77,2016.0,5.77,COc1cccc2cc(C(=O)NCCCCCCNc3c4c(nc5ccccc35)CCC4)oc12,train
CHEMBL3753587,CHEMBL220,5.1,2022.0,5.1,O=C1OCc2cc(-c3ccc(-c4ccc(CO)cc4)s3)ccc21,train
CHEMBL3753706,CHEMBL220,6.51,2016.0,6.51,O=C(NCCCCCCNc1c2c(nc3ccccc13)CCCCC2)c1cc2ccccc2o1,train
CHEMBL3753850,CHEMBL220,7.61,2016.0,7.61,COc1cccc2cc(C(=O)NCCCCCCNc3c4c(nc5ccccc35)CCCC4)oc12,train
CHEMBL3753957,CHEMBL220,6.58,2016.0,6.58,COc1cccc2cc(CN(CCCCCCNc3c4c(nc5ccccc35)CCCC4)Cc3cc4cccc(OC)c4o3)oc12,test
CHEMBL3754005,CHEMBL220,6.7,2016.0,6.7,COc1cccc2cc(CN(CCCCCCCNc3c4c(nc5ccccc35)CCCCC4)Cc3cc4cccc(OC)c4o3)oc12,train
CHEMBL3754146,CHEMBL220,6.38,2016.0,6.38,COc1cccc2cc(C(=O)NCCCCCCCNc3c4c(nc5ccccc35)CCCCC4)oc12,val
CHEMBL3754291,CHEMBL220,7.31,2016.0,7.31,O=C(NCCCCCCCNc1c2c(nc3ccccc13)CCC2)c1cc2ccccc2o1,train
CHEMBL3754341,CHEMBL220,5.68,2016.0,5.68,c1ccc2oc(CN(CCCCCCNc3c4c(nc5ccccc35)CCC4)Cc3cc4ccccc4o3)cc2c1,train
CHEMBL3754399,CHEMBL220,7.44,2024.0,7.44,N#Cc1cccnc1N1CCN(c2cc(Oc3cccc4cccnc34)ncn2)CC1,train
CHEMBL3754448,CHEMBL220,5.16,2016.0,5.16,CCN(Cc1cccc2[nH]c3cc(Cl)ccc3c12)C(=O)/C=C/c1ccc(O)c(OC)c1,test
CHEMBL3754480,CHEMBL220,6.49,2016.0,6.49,O=C(NCCCCCCCNc1c2c(nc3ccccc13)CCCCC2)c1cc2ccccc2o1,val
CHEMBL3754585,CHEMBL220,3.958607314841775,2016.0,3.958607314841775,Br.BrCC1CN=C(Nc2ccccn2)S1,train
CHEMBL3754622,CHEMBL220,4.0,2016.0,4.0,Clc1ccc(CN(Cc2cccnc2)C2=NCC(CI)S2)cc1.I,train
CHEMBL3754631,CHEMBL220,4.66,2016.0,4.66,COc1cc(/C=C/C(=O)N(Cc2cccc3[nH]c4ccccc4c23)C(C)C)ccc1O,test
CHEMBL3754672,CHEMBL220,6.7,2016.0,6.7,c1ccc2oc(CN(CCCCCCCNc3c4c(nc5ccccc35)CCCCC4)Cc3cc4ccccc4o3)cc2c1,train
CHEMBL3754694,CHEMBL220,5.12,2016.0,5.12,COc1cccc2cc(CN(CCCCCCNc3c4c(nc5ccccc35)CCC4)Cc3cc4cccc(OC)c4o3)oc12,train
CHEMBL3754739,CHEMBL220,6.0,2016.0,6.0,COc1cccc2cc(C(=O)NCCCCCCCNc3c4c(nc5ccccc35)CCC4)oc12,train
CHEMBL3754778,CHEMBL220,5.99,2016.0,5.99,COc1cccc2cc(CN(CCCCCCNc3c4c(nc5ccccc35)CCCCC4)Cc3cc4cccc(OC)c4o3)oc12,val
CHEMBL3758282,CHEMBL220,5.15,2015.0,5.15,CCC(C)C(=O)[C@@H]1C(=O)[C@]2(CC=C(C)C)OC(=O)[C@](CC=C(C)C)(C[C@H](CC=C(C)C)[C@@]1(C)C/C=C/C(C)(C)O)C2=O,train
CHEMBL375862,CHEMBL220,6.005,2006.0,6.005,Cc1c2[nH]c3ccc(O)cc3c2cc[n+]1C,train
CHEMBL3758997,CHEMBL220,6.635,2022.0,6.635,NS(=O)(=O)c1ccc(/N=C/c2cc(Br)cc(Br)c2O)cc1,train
CHEMBL3759013,CHEMBL220,4.83,2015.0,4.83,CC[C@H]1O[C@@H]2O[C@H](/C=C/C=C/C=C/c3oc(=O)cc(OC/C=C(\C)C(=O)OC)c3C)[C@H](O)[C@]2(C)[C@@]1(C)O,train
CHEMBL3759090,CHEMBL220,5.02,2015.0,5.02,CC(C)=CC[C@H]1C[C@@]2(CC=C(C)C)C(=O)O[C@@](CC=C(C)C)(C(=O)[C@@H](C(=O)C(C)C)[C@]1(C)C/C=C/C(C)(C)O)C2=O,train
CHEMBL375976,CHEMBL220,3.2262135550188065,2007.0,3.2262135550188065,CN(CCCCCCCOc1ccc2c(=O)c3ccccc3oc2c1)Cc1cccc(Cl)c1,test
CHEMBL376011,CHEMBL220,5.0,2006.0,5.0,Oc1ccc2[nH]c3cnccc3c2c1,train
CHEMBL376012,CHEMBL220,5.0,2006.0,5.0,Cc1nccc2c1[nH]c1ccc(O)cc12,train
CHEMBL376186,CHEMBL220,5.66,2007.0,5.66,COc1ccccc1CN(C)CCCCCCCOc1ccc2c(=O)c3ccccc3oc2c1,test
CHEMBL376228,CHEMBL220,4.0,2007.0,4.0,O=C1Nc2cccc(Cl)c2C1=O,train
CHEMBL376290,CHEMBL220,4.0,2007.0,4.0,Cc1cc(Cl)cc2c1NC(=O)C2=O,train
CHEMBL376291,CHEMBL220,4.0,2007.0,4.0,O=C1C(=O)N(Cc2ccc(Cl)cc2)c2ccccc21,train
CHEMBL3763203,CHEMBL220,5.99,2016.0,5.99,N#CC1=C(N)N2CCCNC2=C([N+](=O)[O-])C12C(=O)Nc1ccccc12,train
CHEMBL3763232,CHEMBL220,5.97,2016.0,5.97,CC1(C)CNC2=C([N+](=O)[O-])C3(C(=O)Nc4ccc(F)cc43)C(C#N)=C(N)N2C1,train
CHEMBL376327,CHEMBL220,4.55,2007.0,4.55,C[C@H]1C=C2N3CC[C@@H](O)C24[C@H](CC(=O)[C@H]4C[C@H](O)C3)C1,train
CHEMBL3763417,CHEMBL220,5.22,2016.0,5.22,N#CC1=C(N)N(Cc2ccccc2)C(NCc2ccccc2)=C([N+](=O)[O-])C12C(=O)c1cccc3cccc2c13,train
CHEMBL3763482,CHEMBL220,5.43,2016.0,5.43,Cc1ccc2c(c1)C1(C(=O)N2)C(C#N)=C(N)N(Cc2ccccc2)C(NCc2ccccc2)=C1[N+](=O)[O-],train
CHEMBL3763535,CHEMBL220,5.86,2016.0,5.86,O=c1oc2cc(OCCNC3CCN(Cc4ccccc4)CC3)ccc2c2c1CCCC2,train
CHEMBL3763609,CHEMBL220,5.48,2016.0,5.48,N#CC1=C(N)N2CCNC2=C([N+](=O)[O-])C12C(=O)Nc1ccc(F)cc12,train
CHEMBL3763778,CHEMBL220,5.9,2016.0,5.9,CC1(C)CNC2=C([N+](=O)[O-])C3(C(=O)Nc4ccccc43)C(C#N)=C(N)N2C1,train
CHEMBL3763820,CHEMBL220,5.81,2016.0,5.81,CC1(C)CNC2=C([N+](=O)[O-])C3(C(=O)Nc4ccc([N+](=O)[O-])cc43)C(C#N)=C(N)N2C1,train
CHEMBL3763832,CHEMBL220,5.22,2016.0,5.22,CC1(C)CNC2=C([N+](=O)[O-])C3(C(=O)c4ccc(Br)c5c(Br)ccc3c45)C(C#N)=C(N)N2C1,train
CHEMBL3763973,CHEMBL220,5.45,2016.0,5.45,N#CC1=C(N)N(Cc2ccccc2)C(NCc2ccccc2)=C([N+](=O)[O-])C12C(=O)Nc1ccc(F)cc12,train
CHEMBL3764065,CHEMBL220,5.2,2016.0,5.2,N#CC1=C(N)N2CCNC2=C([N+](=O)[O-])C12C(=O)c1ccc(Br)c3c(Br)ccc2c13,train
CHEMBL3764100,CHEMBL220,6.03,2016.0,6.03,Cc1ccc2c(c1)C1(C(=O)N2)C(C#N)=C(N)N2CCCNC2=C1[N+](=O)[O-],train
CHEMBL3764211,CHEMBL220,7.17,2016.0,7.17,Cc1cc(=O)oc2cc(CNCCC3CCN(Cc4ccccc4)CC3)ccc12,train
CHEMBL376425,CHEMBL220,5.522878745280337,2006.0,5.522878745280337,CCCC(CC1(C(=O)NC2Cc3ccccc3C2)CCCC1)C(=O)O,val
CHEMBL3764305,CHEMBL220,6.21,2016.0,6.21,COc1ccc2c3c1O[C@H]1CC(O)CC[C@@]31CCN(C)C2,test
CHEMBL376434,CHEMBL220,5.66,2006.0,5.66,COc1ccc2[nH]c3c[n+](C)ccc3c2c1,train
CHEMBL376435,CHEMBL220,4.0,2007.0,4.0,O=C1Nc2c(cccc2C(F)(F)F)C1=O,train
CHEMBL3764376,CHEMBL220,6.38,2016.0,6.38,N#CC1=C(N)N2CCCNC2=C([N+](=O)[O-])C12C(=O)Nc1ccc(F)cc12,train
CHEMBL3764433,CHEMBL220,5.15,2016.0,5.15,N#CC1=C(N)N2CCNC2=C([N+](=O)[O-])C12C(=O)c1cccc3cccc2c13,train
CHEMBL3764488,CHEMBL220,5.17,2016.0,5.17,N#CC1=C(N)N2CCCNC2=C([N+](=O)[O-])C12C(=O)c1ccc(Br)c3c(Br)ccc2c13,train
CHEMBL3764609,CHEMBL220,5.77,2016.0,5.77,Cc1c(C)c2ccc(OCCNC3CCN(Cc4ccccc4)CC3)cc2oc1=O,train
CHEMBL3764679,CHEMBL220,5.41,2016.0,5.41,Cc1ccc2c(c1)C1(C(=O)N2)C(C#N)=C(N)N2CCNC2=C1[N+](=O)[O-],train
CHEMBL3764714,CHEMBL220,5.11,2016.0,5.11,CC1(C)CNC2=C([N+](=O)[O-])C3(C(=O)c4cccc5cccc3c45)C(C#N)=C(N)N2C1,train
CHEMBL3764762,CHEMBL220,5.74,2016.0,5.74,Cc1c(Cl)c(=O)oc2cc(OCCNC3CCN(Cc4ccccc4)CC3)ccc12,train
CHEMBL376478,CHEMBL220,6.64,2012.0,6.64,CC[C@H]1C[C@@H]2C[C@H]3c4[nH]c5cc([C@@H]6C[C@H]7C(C(=O)OC)[C@@H](Cc8c6[nH]c6ccccc86)N(C)C[C@H]7CC)ccc5c4CCN(C2)[C@@H]13,train
CHEMBL3764900,CHEMBL220,5.18,2016.0,5.18,N#CC1=C(N)N2CCCNC2=C([N+](=O)[O-])C12C(=O)c1cccc3cccc2c13,train
CHEMBL3765093,CHEMBL220,5.86,2016.0,5.86,Cc1ccc2c(c1)C1(C(=O)N2)C(C#N)=C(N)N2CC(C)(C)CNC2=C1[N+](=O)[O-],train
CHEMBL3765098,CHEMBL220,5.21,2016.0,5.21,N#CC1=C(N)N(Cc2ccccc2)C(NCc2ccccc2)=C([N+](=O)[O-])C12C(=O)c1ccc(Br)c3c(Br)ccc2c13,train
CHEMBL3765162,CHEMBL220,5.31,2016.0,5.31,N#CC1=C(N)N2CCNC2=C([N+](=O)[O-])C12C(=O)Nc1ccccc12,train
CHEMBL376518,CHEMBL220,4.0,2007.0,4.0,O=C1C(=O)N(CCI)c2ccccc21,train
CHEMBL3765293,CHEMBL220,5.69,2016.0,5.69,O=c1cc(Cl)c2ccc(OCCNC3CCN(Cc4ccccc4)CC3)cc2o1,train
CHEMBL3765476,CHEMBL220,5.47,2016.0,5.47,N#CC1=C(N)N(Cc2ccccc2)C(NCc2ccccc2)=C([N+](=O)[O-])C12C(=O)Nc1ccc([N+](=O)[O-])cc12,train
CHEMBL3765496,CHEMBL220,5.4,2016.0,5.4,N#CC1=C(N)N(Cc2ccccc2)C(NCc2ccccc2)=C([N+](=O)[O-])C12C(=O)Nc1ccccc12,train
CHEMBL3765569,CHEMBL220,5.49,2016.0,5.49,N#CC1=C(N)N2CCNC2=C([N+](=O)[O-])C12C(=O)Nc1ccc([N+](=O)[O-])cc12,train
CHEMBL3765697,CHEMBL220,5.94,2016.0,5.94,N#CC1=C(N)N2CCCNC2=C([N+](=O)[O-])C12C(=O)Nc1ccc([N+](=O)[O-])cc12,train
CHEMBL3769537,CHEMBL220,5.23,2015.0,5.23,COc1cccc(C(=O)N2c3ccccc3[Se]c3ccc(Cl)cc32)c1,train
CHEMBL3769555,CHEMBL220,5.21,2015.0,5.21,COc1ccc(C(=O)N2c3ccccc3[Se]c3ccc(Cl)cc32)cc1OC,train
CHEMBL3769576,CHEMBL220,5.34,2015.0,5.34,COc1ccc(C(=O)N2c3ccccc3[Se]c3ccccc32)cc1,train
CHEMBL3769811,CHEMBL220,5.19,2015.0,5.19,O=C(Cc1ccccc1)N1c2ccccc2[Se]c2ccccc21,train
CHEMBL3769833,CHEMBL220,5.21,2015.0,5.21,COc1cccc(C(=O)N2c3ccccc3[Se]c3ccccc32)c1,train
CHEMBL3769834,CHEMBL220,5.25,2015.0,5.25,c1ccc2c(c1)Nc1ccccc1[Se]2,train
CHEMBL3769862,CHEMBL220,5.2,2015.0,5.2,Clc1ccc2c(c1)Nc1ccccc1[Se]2,train
CHEMBL3770071,CHEMBL220,5.19,2015.0,5.19,COc1ccc(C(=O)N2c3ccccc3Sc3ccc(Cl)cc32)cc1OC,train
CHEMBL3770203,CHEMBL220,5.24,2015.0,5.24,COc1ccc(C(=O)N2c3ccccc3[Se]c3ccc(Cl)cc32)cc1,train
CHEMBL3770206,CHEMBL220,5.34,2015.0,5.34,COc1cccc(C(=O)N2c3ccccc3Sc3ccc(Cl)cc32)c1,train
CHEMBL3770356,CHEMBL220,5.24,2015.0,5.24,COc1ccc(C(=O)N2c3ccccc3Sc3ccccc32)cc1OC,train
CHEMBL377037,CHEMBL220,5.522878745280337,2006.0,5.522878745280337,CCCC(CC1(C(=O)NC2(CO)Cc3ccccc3C2)CCCC1)C(=O)O,val
CHEMBL377041,CHEMBL220,5.522878745280337,2006.0,5.522878745280337,CCCC(CC1(C(=O)N[C@@H]2CCN(Cc3ccccc3)C2)CCCC1)C(=O)O,train
CHEMBL3770479,CHEMBL220,5.22,2015.0,5.22,O=C(c1ccccc1)N1c2ccccc2[Se]c2ccc(Cl)cc21,train
CHEMBL3770516,CHEMBL220,5.12,2015.0,5.12,O=C(Cc1ccccc1)N1c2ccccc2Sc2ccc(Cl)cc21,test
CHEMBL3770569,CHEMBL220,5.27,2015.0,5.27,O=C(c1ccccc1)N1c2ccccc2[Se]c2ccccc21,train
CHEMBL3770577,CHEMBL220,5.2,2015.0,5.2,O=C(CCc1ccccc1)N1c2ccccc2[Se]c2ccc(Cl)cc21,train
CHEMBL3770803,CHEMBL220,5.19,2015.0,5.19,O=C(Cc1ccccc1)N1c2ccccc2[Se]c2ccc(Cl)cc21,train
CHEMBL3770866,CHEMBL220,5.1,2015.0,5.1,O=C(CCc1ccccc1)N1c2ccccc2Sc2ccc(Cl)cc21,train
CHEMBL3770978,CHEMBL220,5.29,2015.0,5.29,COc1ccc(C(=O)N2c3ccccc3[Se]c3ccccc32)cc1OC,train
CHEMBL3771233,CHEMBL220,5.17,2015.0,5.17,O=C(CCc1ccccc1)N1c2ccccc2[Se]c2ccccc21,train
CHEMBL377283,CHEMBL220,6.31,2006.0,6.31,CCNC(=O)Oc1ccc2c(c1)[C@@]1(C)CCO[C@H]1O2,train
CHEMBL377431,CHEMBL220,5.522878745280337,2006.0,5.522878745280337,CCCC(CC1(C(=O)N[C@H](CO)Cc2ccccc2)CCCC1)C(=O)O,test
CHEMBL377618,CHEMBL220,5.522878745280337,2006.0,5.522878745280337,CCCC(CC1(C(=O)NCc2nnc(C)s2)CCCC1)C(=O)O,test
CHEMBL377740,CHEMBL220,4.0,2013.0,4.0,Oc1ccc(-c2nc3ccccc3[nH]2)cc1,train
CHEMBL3780131,CHEMBL220,3.9566377219788706,2016.0,3.9566377219788706,COc1nc(Oc2ccc(C(=O)OCC(C)N(C)C)cc2)nc(Oc2ccc(C(=O)OCC(C)N(C)C)cc2)n1,train
CHEMBL3780448,CHEMBL220,4.09,2016.0,4.09,CC(COC(=O)c1ccc(Oc2nc(Oc3ccc(C(=O)OCC(C)N(C)C)cc3)nc(Oc3ccc(C(=O)OCC(C)N(C)C)cc3)n2)cc1)N(C)C,train
CHEMBL378050,CHEMBL220,5.522878745280337,2006.0,5.522878745280337,CCCC(CC1(C(=O)N[C@H](C)c2ccccc2)CCCC1)C(=O)O,train
CHEMBL3781564,CHEMBL220,6.52,2016.0,6.52,C[N+](C)(C)CCOC(=O)c1ccc(Oc2nc(Oc3ccc(C(=O)OCC[N+](C)(C)C)cc3)nc(Oc3ccc(C(=O)OCC[N+](C)(C)C)cc3)n2)cc1,train
CHEMBL378404,CHEMBL220,7.42,2006.0,7.42,Cc1ccccc1NC(=O)Oc1ccc2c(c1)[C@@]1(C)CO[C@H](C1)O2,train
CHEMBL3785187,CHEMBL220,3.983802646487561,2016.0,3.983802646487561,COc1ccc(C2N(C)Cc3cc(O)ccc3N2C)cc1,val
CHEMBL3785207,CHEMBL220,7.875,2016.0,7.875,CN(C)C(=O)N[C@H]1CCc2ccc(O)cc2C1,train
CHEMBL3785229,CHEMBL220,3.714892970433188,2016.0,3.714892970433188,COc1ccccc1C1N(C)Cc2cc(O)ccc2N1C,val
CHEMBL3785269,CHEMBL220,8.635,2016.0,8.635,COc1cccc2c1CCC(NS(=O)(=O)N(C)C)C2,train
CHEMBL3785391,CHEMBL220,8.510000000000002,2016.0,8.510000000000002,CN(C)C(=O)NC1CCc2cc(O)ccc2C1,train
CHEMBL3785481,CHEMBL220,3.4663550212012373,2016.0,3.4663550212012373,CN1Cc2cc(O)ccc2N(C)C1c1cccc2ccccc12,test
CHEMBL3785526,CHEMBL220,3.4663550212012373,2016.0,3.4663550212012373,CN1Cc2cc(O)ccc2N(C)C1c1ccoc1,train
CHEMBL3785644,CHEMBL220,3.627824713884936,2016.0,3.627824713884936,CN1Cc2cc(O)ccc2N(C)C1c1ccc(Cl)cc1,val
CHEMBL3785803,CHEMBL220,3.8434508486682186,2016.0,3.8434508486682186,Cc1ccccc1C1N(C)Cc2cc(O)ccc2N1C,val
CHEMBL3785808,CHEMBL220,3.485452247339714,2016.0,3.485452247339714,CN1Cc2cc(O)ccc2N(C)C1c1ccccc1,val
CHEMBL3785861,CHEMBL220,6.07,2016.0,6.07,CCCCCCCNC(=O)Oc1ccc2c(c1)CN(C)C(c1cc[nH]c1)N2C,test
CHEMBL3786182,CHEMBL220,4.0,2015.0,4.0,O=C(O)c1ccc(CN2CCC(CN[C@@H]3C[C@H]3c3ccccc3)CC2)cc1,train
CHEMBL3786323,CHEMBL220,3.359518563029578,2016.0,3.359518563029578,Cc1cccc(C2N(C)Cc3cc(O)ccc3N2C)c1,val
CHEMBL3786442,CHEMBL220,8.23,2016.0,8.23,CN(C)S(=O)(=O)N[C@H]1CCc2cc(O)ccc2C1,train
CHEMBL3786447,CHEMBL220,3.6154673845057514,2016.0,3.6154673845057514,CN1Cc2cc(O)ccc2N(C)C1c1ccncc1,train
CHEMBL3786448,CHEMBL220,8.44,2016.0,8.44,COc1ccc2c(c1)CC(NS(=O)(=O)N(C)C)CC2,train
CHEMBL3786505,CHEMBL220,3.6154673845057514,2016.0,3.6154673845057514,CN1Cc2cc(O)ccc2N(C)C1c1cccc(Cl)c1,val
CHEMBL3786516,CHEMBL220,8.48,2016.0,8.48,COc1ccc2c(c1)CCC(NC(=O)N(C)C)C2,train
CHEMBL3786544,CHEMBL220,3.553929064298995,2016.0,3.553929064298995,CCCN1Cc2cc(O)ccc2N(C)C1c1ccccc1,val
CHEMBL3786589,CHEMBL220,3.9590023075765095,2016.0,3.9590023075765095,Cc1ccc(C2N(C)Cc3cc(O)ccc3N2C)cc1,val
CHEMBL3786651,CHEMBL220,8.355,2016.0,8.355,COc1cccc2c1CC[C@H](NC(=O)N(C)C)C2,train
CHEMBL3786655,CHEMBL220,3.935916564036404,2016.0,3.935916564036404,CN1Cc2cc(O)ccc2N(C)C1c1cc[nH]c1,test
CHEMBL3786666,CHEMBL220,4.87,2016.0,4.87,CN1Cc2cc(O)ccc2N(C)C1c1c(Cl)cccc1Cl,val
CHEMBL3786719,CHEMBL220,8.285,2016.0,8.285,CN(C)S(=O)(=O)NC1CCc2ccc(O)cc2C1,train
CHEMBL3786843,CHEMBL220,3.646276062411051,2016.0,3.646276062411051,CN1Cc2cc(O)ccc2N(C)C1c1cccs1,train
CHEMBL3786873,CHEMBL220,8.19,2016.0,8.19,CN(C)S(=O)(=O)NC1CCc2c(O)cccc2C1,train
CHEMBL3786937,CHEMBL220,7.84,2016.0,7.84,CN(C)C(=O)N[C@H]1CCc2c(O)cccc2C1,train
CHEMBL3787116,CHEMBL220,5.79,2016.0,5.79,CCCCCCCNC(=O)Oc1ccc2c(c1)CN(C)C(c1ccc(F)cc1)N2C,val
CHEMBL3787223,CHEMBL220,8.375,2016.0,8.375,COc1ccc2c(c1)CCC(NS(=O)(=O)N(C)C)C2,train
CHEMBL3787307,CHEMBL220,3.596879478824182,2016.0,3.596879478824182,CC(C)N1Cc2cc(O)ccc2N(C)C1c1ccccc1,val
CHEMBL3787502,CHEMBL220,8.31,2016.0,8.31,COc1ccc2c(c1)C[C@@H](NC(=O)N(C)C)CC2,train
CHEMBL378762,CHEMBL220,5.522878745280337,2006.0,5.522878745280337,CCC[C@H](CC1(C(=O)Nc2nnc(C)s2)CCCC1)C(=O)O,train
CHEMBL378763,CHEMBL220,5.522878745280337,2006.0,5.522878745280337,CCC[C@H](CC1(C(=O)Nc2nnc(CC)s2)CCCC1)C(=O)O,train
CHEMBL3787666,CHEMBL220,3.8434508486682186,2016.0,3.8434508486682186,CN1Cc2cc(O)ccc2N(C)C1c1ccc(F)cc1,val
CHEMBL379065,CHEMBL220,5.522878745280337,2006.0,5.522878745280337,CCc1nnc(NC(=O)C2(CC(CCc3ccccc3)C(=O)O)CCCC2)s1,train
CHEMBL379563,CHEMBL220,5.522878745280337,2006.0,5.522878745280337,CCCC(CC1(C(=O)Nc2nnc(-c3ccccc3)s2)CCCC1)C(=O)O,train
CHEMBL379935,CHEMBL220,5.522878745280337,2006.0,5.522878745280337,CCCC(CC1(C(=O)Nc2nnc(Cc3ccccc3)s2)CCCC1)C(=O)O,val
CHEMBL379950,CHEMBL220,5.522878745280337,2006.0,5.522878745280337,CCCC(CC1(c2nnc(Cc3ccccc3)o2)CCCC1)C(=O)O,val
CHEMBL380050,CHEMBL220,6.55,2006.0,6.55,Fc1ccc(C(c2ccc(F)cc2)N2CCN(CCN3CCOCC3)CC2)cc1,train
CHEMBL380830,CHEMBL220,6.21,2006.0,6.21,CCNC(=O)Oc1ccc2c(c1)[C@@]1(C)CO[C@H](C1)O2,val
CHEMBL3809337,CHEMBL220,5.0,2016.0,5.0,COc1cc2occ(-c3ccc(O)cc3O)c(=O)c2c(O)c1CC=C(C)C,test
CHEMBL381499,CHEMBL220,12.15051499783199,2006.0,12.15051499783199,O=C(CCCCCCNc1c2c(nc3cc(Cl)ccc13)CCCC2)NCCc1c[nH]c2ccccc12,train
CHEMBL381782,CHEMBL220,5.26,2006.0,5.26,Cc1ccccc1NC(=O)Oc1ccc2c(c1)[C@@]1(C)CCN(C)[C@H]1N2C,train
CHEMBL3817981,CHEMBL220,5.57,2016.0,5.57,O=C(/C=C/c1ccccc1O)NCCC1CCN(Cc2ccccc2)CC1,train
CHEMBL3818084,CHEMBL220,7.455,2016.0,7.455,COc1ccc2c(c1)C/C(=C\C1CCN(Cc3ccccc3)CC1)C2=O,train
CHEMBL3818086,CHEMBL220,5.78,2016.0,5.78,COc1ccc(/C=C/C(=O)NCCC2CCN(Cc3ccccc3)CC2)cc1O,train
CHEMBL3818089,CHEMBL220,6.275,2016.0,6.275,COc1cc(/C=C/C(=O)NCCC2CCN(Cc3ccccc3)CC2)ccc1O,train
CHEMBL3818167,CHEMBL220,5.78,2016.0,5.78,COc1cccc2c1C(=O)/C(=C/C1CCN(Cc3ccccc3)CC1)C2,train
CHEMBL3818230,CHEMBL220,5.595000000000001,2016.0,5.595000000000001,O=C1/C(=C/C2CCN(Cc3ccccc3)CC2)Cc2ccc(O)cc21,train
CHEMBL3818250,CHEMBL220,5.27,2016.0,5.27,COc1cc(CCC(=O)NCCC2CCN(Cc3ccccc3)CC2)ccc1O,test
CHEMBL3818332,CHEMBL220,5.48,2016.0,5.48,O=C(/C=C/c1ccc(F)cc1)NCCC1CCN(Cc2ccccc2)CC1,train
CHEMBL3818374,CHEMBL220,4.9,2016.0,4.9,O=C(CCCCCCCCc1ccc(O)c(O)c1)c1c(O)ccc(C(CCCCCCCCc2ccc(O)c(O)c2)c2c(O)cccc2O)c1O,test
CHEMBL3818415,CHEMBL220,5.68,2016.0,5.68,COc1cc2c(cc1O)C(=O)/C(=C/C1CCN(Cc3ccccc3)CC1)C2,train
CHEMBL3818512,CHEMBL220,6.140000000000001,2016.0,6.140000000000001,COc1cccc(/C=C/C(=O)NCCC2CCN(Cc3ccccc3)CC2)c1,train
CHEMBL3818616,CHEMBL220,6.325,2016.0,6.325,O=C1/C(=C/C2CCN(Cc3ccccc3)CC2)Cc2cccc(O)c21,train
CHEMBL3818689,CHEMBL220,6.43,2016.0,6.43,COc1ccc(/C=C/C(=O)NCCC2CCN(Cc3ccccc3)CC2)cc1OC,train
CHEMBL3818782,CHEMBL220,6.47,2016.0,6.47,O=C(/C=C/c1ccc([N+](=O)[O-])cc1)NCCC1CCN(Cc2ccccc2)CC1,train
CHEMBL3818801,CHEMBL220,6.0649999999999995,2016.0,6.0649999999999995,O=C1/C(=C/C2CCN(Cc3ccccc3)CC2)Cc2cc3c(cc21)OCO3,test
CHEMBL3818918,CHEMBL220,4.845000000000001,2016.0,4.845000000000001,COc1cccc2c1C(=O)/C(=C/C1CCN(Cc3ccc4c(c3)OCO4)CC1)C2,train
CHEMBL3818990,CHEMBL220,6.44,2016.0,6.44,O=C(/C=C/c1ccc(Cl)cc1)NCCC1CCN(Cc2ccccc2)CC1,train
CHEMBL3818992,CHEMBL220,5.8,2016.0,5.8,O=C(/C=C/c1ccc(O)c(O)c1)NCCC1CCN(Cc2ccccc2)CC1,train
CHEMBL3819024,CHEMBL220,4.51,2016.0,4.51,O=C(CCCCCCCCc1ccc(O)c(O)c1)c1c(O)ccc(C(CCCCCCCCc2ccc(O)cc2)c2c(O)cccc2O)c1O,test
CHEMBL3819036,CHEMBL220,5.19,2016.0,5.19,O=C(CCCCCCCCc1ccc(O)cc1)c1c(O)cc(O)cc1O,train
CHEMBL3819083,CHEMBL220,6.63,2016.0,6.63,COc1cc(/C=C/C(=O)NCCC2CCN(Cc3ccccc3)CC2)cc(OC)c1OC,train
CHEMBL3819113,CHEMBL220,4.191334219435505,2016.0,4.191334219435505,COc1cccc(CN2CCC(/C=C3\Cc4ccc(OC)cc4C3=O)CC2)c1,train
CHEMBL3819155,CHEMBL220,5.68,2016.0,5.68,COc1cc2c(cc1O)C/C(=C\C1CCN(Cc3ccccc3)CC1)C2=O,train
CHEMBL3819220,CHEMBL220,6.525,2016.0,6.525,COc1ccc2c(c1)C(=O)/C(=C/C1CCN(Cc3ccccc3)CC1)C2,train
CHEMBL3819231,CHEMBL220,6.49,2016.0,6.49,COc1cc(/C=C/C(=O)NCCC2CCN(Cc3ccccc3)CC2)cc(OC)c1O,train
CHEMBL3819247,CHEMBL220,4.5,2016.0,4.5,COc1ccc2c(c1)C(=O)/C(=C/C1CCN(Cc3ccc4c(c3)OCO4)CC1)C2,train
CHEMBL381926,CHEMBL220,7.09,2006.0,7.09,CCNC(=O)Oc1ccc2c(c1)[C@]1(C)CCO[C@@H]1N2C,train
CHEMBL3819320,CHEMBL220,5.66,2016.0,5.66,O=C(/C=C/c1ccc(O)cc1)NCCC1CCN(Cc2ccccc2)CC1,train
CHEMBL3819383,CHEMBL220,6.47,2016.0,6.47,COc1cc(/C=C/C(=O)NCCC2CCN(Cc3ccccc3)CC2)ccc1OC(C)=O,train
CHEMBL3819531,CHEMBL220,6.165,2016.0,6.165,COc1cccc(CN2CCC(/C=C3\Cc4cc(OC)ccc4C3=O)CC2)c1,train
CHEMBL3819548,CHEMBL220,6.369999999999999,2016.0,6.369999999999999,O=C(/C=C/c1ccccc1)NCCC1CCN(Cc2ccccc2)CC1,train
CHEMBL3819574,CHEMBL220,4.84,2016.0,4.84,COc1cccc(CN2CCC(/C=C3\Cc4cccc(OC)c4C3=O)CC2)c1,train
CHEMBL3819646,CHEMBL220,5.6850000000000005,2016.0,5.6850000000000005,O=C1/C(=C/C2CCN(Cc3ccccc3)CC2)Cc2cc(O)ccc21,train
CHEMBL382207,CHEMBL220,5.41,2006.0,5.41,CC(C)c1ccc(NC(=O)Oc2ccc3c(c2)[C@]2(C)CCO[C@@H]2N3C)cc1,train
CHEMBL3822559,CHEMBL220,5.42,2016.0,5.42,O=C(CC1CCN(Cc2ccccc2)CC1)NCCc1c[nH]c2ccccc12,test
CHEMBL382260,CHEMBL220,11.74551499783199,2006.0,11.74551499783199,COc1ccc2[nH]cc(CCNC(=O)CCCCCCNc3c4c(nc5ccccc35)CCCC4)c2c1,train
CHEMBL3822670,CHEMBL220,5.31,2016.0,5.31,Cc1ccc(CN2CCC(CC(=O)NCCc3c[nH]c4ccccc34)CC2)cc1,test
CHEMBL3822790,CHEMBL220,5.03,2016.0,5.03,COc1ccc2[nH]cc(CCNC(=O)CC3CCN(Cc4ccc(C)cc4)CC3)c2c1,test
CHEMBL3822890,CHEMBL220,5.45,2016.0,5.45,Cc1ccccc1CN1CCC(C(=O)NCCc2c[nH]c3ccccc23)CC1,test
CHEMBL3823197,CHEMBL220,5.08,2016.0,5.08,O=C(CCc1c[nH]c2ccccc12)NC1CCN(Cc2ccccc2)CC1,test
CHEMBL3823317,CHEMBL220,5.44,2016.0,5.44,COc1ccc2[nH]cc(CCNC(=O)CC3CCN(Cc4ccccc4C)CC3)c2c1,test
CHEMBL3823464,CHEMBL220,5.33,2016.0,5.33,Cc1cccc(CN2CCC(CC(=O)NCCc3c[nH]c4ccccc34)CC2)c1,test
CHEMBL382351,CHEMBL220,5.0,2006.0,5.0,CNC(=O)Oc1ccc2c(c1)[C@@]1(C)CCN(C)[C@H]1N2C,train
CHEMBL3823538,CHEMBL220,4.87,2016.0,4.87,COc1ccc2[nH]cc(CCNC(=O)CC3CCN(Cc4cccc(C)c4)CC3)c2c1,test
CHEMBL3823578,CHEMBL220,5.13,2016.0,5.13,COc1ccc2[nH]cc(CCNC(=O)C3CCN(Cc4ccccc4C)CC3)c2c1,test
CHEMBL3824057,CHEMBL220,5.11,2016.0,5.11,O=C(NCCc1c[nH]c2ccccc12)C1CCN(Cc2ccccc2)CC1,test
CHEMBL382423,CHEMBL220,7.8,2006.0,7.8,C/C=C1\C2C=C(C)C[C@]1(N)CC(NCCCCCCCNc1c3c(nc4ccccc14)CCCC3)C2,test
CHEMBL3824239,CHEMBL220,5.81,2016.0,5.81,Cc1ccccc1CN1CCC(CC(=O)NCCc2c[nH]c3ccccc23)CC1,test
CHEMBL3824248,CHEMBL220,5.89,2016.0,5.89,O=C(CCc1c[nH]c2ccccc12)NCCC1CCN(Cc2ccccc2)CC1,train
CHEMBL3824362,CHEMBL220,4.91,2016.0,4.91,COc1ccc2[nH]cc(CCNC(=O)C3CCN(Cc4ccccc4)CC3)c2c1,test
CHEMBL3826998,CHEMBL220,3.802719441874381,2016.0,3.802719441874381,CCCCCCCNC(=O)Oc1ccc(-n2cc(COc3ccc4ccc(=O)oc4c3)nn2)cc1,test
CHEMBL3827011,CHEMBL220,5.89,2016.0,5.89,CCCCCCCCC1OCc2c[n+](C)c(C)c(OC(=O)N(C)C)c2CO1.[Br-],train
CHEMBL3827044,CHEMBL220,8.16,2016.0,8.16,CCCCCCCNC(=O)Oc1cccc(CN(C)CCCCCOc2ccc3c(c2)Oc2ncccc2C3)c1,train
CHEMBL3827058,CHEMBL220,6.75,2016.0,6.75,COc1ccc(-c2cc3cc(OCCCN(C)Cc4cccc(OC(=O)NCCCCCc5ccccc5)c4)ccc3oc2=O)cc1,train
CHEMBL3827064,CHEMBL220,6.41,2016.0,6.41,CN(CCCOc1ccc2c(c1)oc(=O)c1ccccc12)Cc1cccc(OC(=O)NCCCCCc2ccccc2)c1,train
CHEMBL3827189,CHEMBL220,6.05,2016.0,6.05,CN(CCCOc1ccc2cc(-c3ccc(Cl)cc3)c(=O)oc2c1)Cc1cccc(OC(=O)NCCCCCc2ccccc2)c1,train
CHEMBL3827220,CHEMBL220,6.04,2016.0,6.04,O=C(NCCCCCc1ccccc1)Oc1cccc(Cn2cc(COc3ccc4ccc(=O)oc4c3)nn2)c1,test
CHEMBL3827284,CHEMBL220,5.98,2016.0,5.98,CCCCCCCNC(=O)Oc1cccc(Cn2cc(COc3ccc4ccc(=O)oc4c3)nn2)c1,train
CHEMBL3827288,CHEMBL220,7.67,2016.0,7.67,CCCCCCCNC(=O)Oc1cccc(CN(C)CCCOc2ccc3c4c(c(=O)oc3c2)CCCC4)c1,test
CHEMBL3827347,CHEMBL220,3.585026652029182,2016.0,3.585026652029182,Cc1c(OC(=O)N(C)C)c2c(c[n+]1C)COC(C(C)C)OC2.[Br-],train
CHEMBL3827432,CHEMBL220,6.96,2016.0,6.96,CN(CCCOc1ccc2ccc(=O)oc2c1)Cc1cccc(OC(=O)NCCCCCCc2ccccc2)c1,train
CHEMBL3827449,CHEMBL220,3.853871964321762,2016.0,3.853871964321762,CCCC1OCc2c[n+](C)c(C)c(OC(=O)N(C)C)c2CO1.[Br-],train
CHEMBL3827575,CHEMBL220,3.7772835288524167,2016.0,3.7772835288524167,NC(=O)c1cc[n+](CC[n+]2cccc(NC(=O)/C=N\O)c2)cc1.[Br-].[Br-],train
CHEMBL3827589,CHEMBL220,6.51,2016.0,6.51,COc1ccc(-c2cc3ccc(OCCCN(C)Cc4cccc(OC(=O)NCCCCCc5ccccc5)c4)cc3oc2=O)cc1,train
CHEMBL3827610,CHEMBL220,7.74,2016.0,7.74,CCCCCCCNC(=O)Oc1cccc(CN(C)CCCCCOc2ccc3c4c(c(=O)oc3c2)CCCC4)c1,train
CHEMBL3827624,CHEMBL220,3.958607314841775,2016.0,3.958607314841775,Cc1c(OC(=O)N(C)C)c2c(c[n+]1C)COC(C(C)(C)C)OC2.[Br-],train
CHEMBL3827734,CHEMBL220,7.05,2016.0,7.05,CN(CCCOc1ccc2c3c(c(=O)oc2c1)CCCC3)Cc1cccc(OC(=O)NCCCCCc2ccccc2)c1,test
CHEMBL3827765,CHEMBL220,5.42,2016.0,5.42,CCCCCCc1ccc(NC(=O)Oc2cccc(CN(C)CCCOc3ccc4ccc(=O)oc4c3)c2)cc1,test
CHEMBL3827856,CHEMBL220,3.886056647693163,2016.0,3.886056647693163,Cc1c(OC(=O)N(C)C)c2c(c[n+]1C)COCOC2.[Br-],train
CHEMBL3827950,CHEMBL220,4.32,2016.0,4.32,O=C(NCCCCCc1ccccc1)Oc1ccc(-n2cc(COc3ccc4ccc(=O)oc4c3)nn2)cc1,train
CHEMBL3828028,CHEMBL220,5.68,2016.0,5.68,CCCCCCCC1OCc2c[n+](C)c(C)c(OC(=O)N(C)C)c2CO1.[Br-],train
CHEMBL3828054,CHEMBL220,6.59,2016.0,6.59,O=C(NCCCCCc1ccccc1)Oc1ccc(Cn2cc(COc3ccc4ccc(=O)oc4c3)nn2)cc1,val
CHEMBL3828259,CHEMBL220,7.09,2016.0,7.09,Cc1cc(=O)oc2cc(OCCCN(C)Cc3cccc(OC(=O)NCCCCCc4ccccc4)c3)ccc12,train
CHEMBL3828273,CHEMBL220,3.5528419686577806,2016.0,3.5528419686577806,CCC1OCc2c[n+](C)c(C)c(OC(=O)N(C)C)c2CO1.[Br-],train
CHEMBL3828281,CHEMBL220,5.93,2016.0,5.93,O=C(NCCCCCc1ccccc1)Oc1cccc(-n2cc(COc3ccc4ccc(=O)oc4c3)nn2)c1,test
CHEMBL3828293,CHEMBL220,7.05,2016.0,7.05,CN(CCCCCOc1ccc2ccc(=O)oc2c1)Cc1cccc(OC(=O)NCCCCCc2ccccc2)c1,test
CHEMBL3828381,CHEMBL220,4.26,2016.0,4.26,NC(=O)c1cc[n+](CCC[n+]2cccc(NC(=O)/C=N\O)c2)cc1.[Br-].[Br-],train
CHEMBL3828385,CHEMBL220,4.45,2016.0,4.45,NC(=O)c1cc[n+](CCCC[n+]2cccc(NC(=O)/C=N\O)c2)cc1.[Br-].[Br-],train
CHEMBL3828443,CHEMBL220,6.15,2016.0,6.15,CCCCCCCNC(=O)Oc1cccc(-n2cc(COc3ccc4ccc(=O)oc4c3)nn2)c1,test
CHEMBL3828586,CHEMBL220,4.18,2016.0,4.18,NC(=O)c1cc[n+](CCCCC[n+]2cccc(NC(=O)/C=N\O)c2)cc1.[Br-].[Br-],test
CHEMBL3828631,CHEMBL220,6.9,2016.0,6.9,CN(CCCOc1ccc2cc(-c3ccccc3)c(=O)oc2c1)Cc1cccc(OC(=O)NCCCCCc2ccccc2)c1,train
CHEMBL3828644,CHEMBL220,3.8239087409443187,2016.0,3.8239087409443187,Cc1c(OC(=O)N(C)C)c2c(c[n+]1C)COC(C)OC2.[Br-],train
CHEMBL3828679,CHEMBL220,6.34,2016.0,6.34,CCCCCCCCCC(C)C1OCc2c[n+](C)c(C)c(OC(=O)N(C)C)c2CO1.[Br-],train
CHEMBL3828693,CHEMBL220,7.95,2016.0,7.95,CCCCCCCNC(=O)Oc1cccc(CN(C)CCCCCOc2ccc3ccc(=O)oc3c2)c1,test
CHEMBL3828696,CHEMBL220,6.67,2016.0,6.67,CCCCCCCNC(=O)Oc1ccc(Cn2cc(COc3ccc4ccc(=O)oc4c3)nn2)cc1,train
CHEMBL3828739,CHEMBL220,3.3010299956639813,2016.0,3.3010299956639813,Cc1c(OC(=O)N(C)C)c2c(c[n+]1C)COC(C)(C)OC2.[Br-],train
CHEMBL383242,CHEMBL220,5.26,2006.0,5.26,COc1ccc(CC2=[N+](C)CCc3cc(OC)c(OC)cc32)cc1OC,test
CHEMBL383663,CHEMBL220,14.301029995663981,2019.0,14.301029995663981,O=C(CCCCCNc1c2c(nc3cc(Cl)ccc13)CCCC2)NCCc1c[nH]c2ccccc12,train
CHEMBL384563,CHEMBL220,7.01,2006.0,7.01,CC1=CC2Cc3nc4cc(Cl)ccc4c(N)c3C(C1)C2NC=O,train
CHEMBL384886,CHEMBL220,7.14,2006.0,7.14,COc1cc(CCC(=O)NCCCC(=O)NNc2c3c(nc4ccccc24)CCCC3)cc(OC)c1OC,train
CHEMBL385130,CHEMBL220,7.82,2004.0,7.82,CCN(CCCCCC(=O)N(C)CCCCCCCCN(C)C(=O)CCCCCN(CC)Cc1ccccc1OC)Cc1ccccc1OC.O=C(O)C(=O)O,test
CHEMBL385132,CHEMBL220,4.0,2007.0,4.0,O=C1C(=O)N(CNc2ccc(Br)cc2)c2ccccc21,train
CHEMBL385181,CHEMBL220,3.830392071294929,2014.0,3.830392071294929,NC(=O)c1cc[n+](COC[n+]2ccccc2/C=N/O)cc1,train
CHEMBL385269,CHEMBL220,7.29,2006.0,7.29,COc1cc(C(=O)NCC(=O)NNc2c3c(nc4ccccc24)CCCC3)cc(OC)c1OC,test
CHEMBL385778,CHEMBL220,5.875,2006.0,5.875,COc1ccc2c(c1)c1cc[n+](C)cc1n2C,train
CHEMBL385799,CHEMBL220,4.0,2007.0,4.0,O=C1Nc2ccc(Cl)c(Cl)c2C1=O,train
CHEMBL385800,CHEMBL220,4.0,2007.0,4.0,O=C1Nc2cc(Cl)cc(Cl)c2C1=O,train
CHEMBL386000,CHEMBL220,4.0,2007.0,4.0,CCC(=O)N1C(=O)C(=O)c2ccccc21,train
CHEMBL386053,CHEMBL220,5.522878745280337,2006.0,5.522878745280337,CCCC(CC1(C(=O)NCc2ccc3c(c2)OCO3)CCCC1)C(=O)O,test
CHEMBL386541,CHEMBL220,7.39,2006.0,7.39,CC1=CC2Cc3nc4cc(Cl)ccc4c(N)c3C(C1)C2NS(C)(=O)=O,train
CHEMBL387394,CHEMBL220,8.13,2004.0,8.13,CCN(CCCCCC(=O)N1CCC(CCC2CCN(C(=O)CCCCCN(CC)Cc3ccccc3OC)CC2)CC1)Cc1ccccc1OC.O=C(O)C(=O)O,train
CHEMBL387849,CHEMBL220,3.8096683018297086,2007.0,3.8096683018297086,COc1ccc(CN(C)CCCCCCCOc2ccc3c(=O)c4ccccc4oc3c2)c(OC)c1OC,test
CHEMBL3883432,CHEMBL220,8.89,2016.0,8.89,O=S(=O)(c1ccccc1)n1ccc2c(N3CCN(CCCCCCCCNc4c5c(nc6ccccc46)CCCC5)CC3)cccc21,train
CHEMBL3884618,CHEMBL220,8.01,2016.0,8.01,O=S(=O)(c1ccccc1)n1ccc2c(N3CCN(CCCNc4c5c(nc6ccccc46)CCCC5)CC3)cccc21,train
CHEMBL3884690,CHEMBL220,8.21,2016.0,8.21,O=S(=O)(c1ccccc1)n1ccc2c(N3CCN(CCCCCCCNc4c5c(nc6ccccc46)CCCC5)CC3)cccc21,test
CHEMBL3884858,CHEMBL220,7.74,2016.0,7.74,O=S(=O)(c1ccccc1)n1ccc2c(N3CCN(CCCCCNc4c5c(nc6ccccc46)CCCC5)CC3)cccc21,train
CHEMBL3884988,CHEMBL220,7.36,2016.0,7.36,O=S(=O)(c1ccccc1)n1ccc2c(N3CCN(CCNc4c5c(nc6ccccc46)CCCC5)CC3)cccc21,train
CHEMBL3885186,CHEMBL220,7.89,2016.0,7.89,O=S(=O)(c1ccccc1)n1ccc2c(N3CCN(CCCCCCNc4c5c(nc6ccccc46)CCCC5)CC3)cccc21,train
CHEMBL388551,CHEMBL220,8.54,2010.0,8.54,CN(CCCNC(=O)CCc1c[nH]c2ccccc12)CCCNc1c2c(nc3cc(Cl)ccc13)CCCC2,train
CHEMBL388560,CHEMBL220,5.72,2014.0,5.72,CCOP(=S)(OCC)Oc1cc(C)nc(C(C)C)n1,train
CHEMBL388575,CHEMBL220,6.75,2010.0,6.75,O=C(NCCCCCNc1c2c(nc3cc(Cl)ccc13)CCCC2)c1c[nH]c2ccccc12,test
CHEMBL388615,CHEMBL220,7.02,2010.0,7.02,O=C(NCCCCCCCNc1c2c(nc3cc(Cl)ccc13)CCCC2)c1n[nH]c2ccccc12,val
CHEMBL388627,CHEMBL220,7.44,2010.0,7.44,O=C(NCCCCCCCNc1c2c(nc3cc(Cl)ccc13)CCCC2)c1c[nH]c2ccccc12,train
CHEMBL388714,CHEMBL220,5.8,2007.0,5.8,CCN(Cc1ccccc1)Cc1cccc(-c2coc3cc(OC)c(OC)cc3c2=O)c1,train
CHEMBL388883,CHEMBL220,4.0,2007.0,4.0,O=C(C(=O)c1cc(C(F)(F)F)ccc1C(F)(F)F)c1cc(C(F)(F)F)ccc1C(F)(F)F,val
CHEMBL3889625,CHEMBL220,5.07,2016.0,5.07,COc1cc2c(cc1OC)C(=O)C(CC1CCN(Cc3ccc4ccccc4n3)CC1)C2,test
CHEMBL3889713,CHEMBL220,5.24,2016.0,5.24,COC(=O)c1cccc(CN2CCC(CC3Cc4cc(OC)c(OC)cc4C3=O)CC2)n1,val
CHEMBL3889812,CHEMBL220,5.82,2020.0,5.82,COc1cccc2c1C=[N+](c1ccccc1Br)CC2.[Br-],train
CHEMBL3890758,CHEMBL220,5.31,2016.0,5.31,COc1cc2c(cc1OC)C(=O)C(CC1CCN(Cc3ccccc3C(F)(F)F)CC1)C2,test
CHEMBL3891025,CHEMBL220,5.08,2017.0,5.08,COc1cc(/C=C/C(=O)Nc2ccc(CN(C)Cc3ccccc3)cc2)ccc1O,val
CHEMBL3891315,CHEMBL220,6.87,2016.0,6.87,CC1=C(C(=O)OCCN(C)C)C(c2ccccc2)c2c(nc3c(c2N)CC(F)(F)CC3)N1,train
CHEMBL3891369,CHEMBL220,6.95,2016.0,6.95,COc1cc2c(cc1OC)C(=O)C(CC1CCN(Cc3ncccc3C)CC1)C2,val
CHEMBL389192,CHEMBL220,9.3,2010.0,9.3,O=C(CCc1c[nH]c2ccccc12)NCCCCCCCCNc1c2c(nc3cc(Cl)ccc13)CCCC2,train
CHEMBL3892044,CHEMBL220,5.95,2016.0,5.95,O=C(/C=C/c1cccc(O)c1)NCCC1CCN(Cc2ccccc2)CC1,train
CHEMBL3892118,CHEMBL220,5.39,2016.0,5.39,C#CCN(CCC1CCN(Cc2ccccc2)CC1)Cc1ccc2cccc(O)c2n1,test
CHEMBL3892148,CHEMBL220,6.73,2016.0,6.73,COc1ccc2nc(NCCc3cc[n+](Cc4ccccc4)cc3)sc2c1,train
CHEMBL3892502,CHEMBL220,5.26,2016.0,5.26,COc1cc2c(cc1OC)C(=O)C(CC1CCN(Cc3ccc(C(F)(F)F)cc3)CC1)C2,test
CHEMBL3892569,CHEMBL220,5.0,2020.0,5.0,COc1cccc2c1C=[N+](c1ccccc1C#N)CC2.[Br-],train
CHEMBL3892652,CHEMBL220,5.7,2020.0,5.7,COc1cccc2c1C=[N+](c1ccc(F)cc1)CC2.[Br-],train
CHEMBL389283,CHEMBL220,4.2,2010.0,4.2,[Br-].[Br-].c1cc[n+](CCCCCC[n+]2ccccc2)cc1,train
CHEMBL3893741,CHEMBL220,5.0,2020.0,5.0,COc1cccc2c1C=[N+](c1cccc(F)c1)CC2.[Br-],train
CHEMBL389400,CHEMBL220,4.96,2023.0,4.96,COc1ccc2c(c1)C(=O)c1nccc3cc4c(c-2c13)OCO4,train
CHEMBL3895528,CHEMBL220,6.75,2016.0,6.75,CCOC(=O)C1=C(C)Nc2nc3c(c(N)c2C1c1ccccc1OC)CC(C)CC3,train
CHEMBL3896153,CHEMBL220,5.75,2016.0,5.75,C=CCOC(=O)C1=C(C)Nc2nc3c(c(N)c2C1c1cccc(F)c1)CC(C)(C)CC3,train
CHEMBL389668,CHEMBL220,3.8601209135987635,2007.0,3.8601209135987635,COc1cccc(CN(C)CCCCCCCOc2ccc3c(=O)c4ccccc4oc3c2)c1OC,test
CHEMBL3897347,CHEMBL220,5.0,2020.0,5.0,COc1cccc2c1C=[N+](c1cccc(I)c1)CC2.[Br-],train
CHEMBL3897479,CHEMBL220,5.51,2020.0,5.51,COc1cccc2c1C=[N+](c1ccccc1C)CC2.[Br-],train
CHEMBL389825,CHEMBL220,7.21,2007.0,7.21,COc1ccccc1CN(C)Cc1ccc(-c2cc3cc(OC)c(OC)cc3oc2=O)cc1,train
CHEMBL3899601,CHEMBL220,5.0,2020.0,5.0,COc1cccc2c1C=[N+](c1cccc(Cl)c1)CC2.[Br-],train
CHEMBL3900117,CHEMBL220,5.97,2020.0,5.97,COc1cccc2c1C=[N+](c1ccc(I)cc1F)CC2.[Br-],train
CHEMBL3900401,CHEMBL220,6.09,2016.0,6.09,COc1cc2c(cc1OC)C(=O)C(CC1CCN(Cc3ncc(C)cc3C)CC1)C2,val
CHEMBL390083,CHEMBL220,5.47,2007.0,5.47,COc1ccccc1CN(C)CCCOc1ccc2c(=O)c3ccccc3oc2c1,train
CHEMBL3900968,CHEMBL220,7.02,2016.0,7.02,O=[N+]([O-])c1ccc2nc(NCCc3cc[n+](Cc4ccc(F)cc4)cc3)sc2c1,train
CHEMBL3900977,CHEMBL220,6.08,2016.0,6.08,CC1=C(C(=O)OC(C)C)C(c2cncnc2)c2c(nc3c(c2N)CC(C)(C)CC3)N1,test
CHEMBL3901082,CHEMBL220,4.19,2016.0,4.19,C#CCN(Cc1ccc2cccc(O)c2n1)C(C#N)C1CCN(Cc2ccccc2)CC1,test
CHEMBL3901518,CHEMBL220,5.0,2020.0,5.0,COc1cccc2c1C=[N+](c1ccc(C#N)cc1)CC2.[Br-],train
CHEMBL3901794,CHEMBL220,5.75,2017.0,5.75,Cc1ccc(/C=C2/CNCC3=C2N=C2SC=C(c4ccc(C)cc4)N2C3c2ccc(C)cc2)cc1,train
CHEMBL390247,CHEMBL220,7.22,2007.0,7.22,CCN(CCCCCCNC1=CC(=O)C(NCCCCCCN(CC)Cc2cccs2)=CC1=O)Cc1cccs1,train
CHEMBL3902616,CHEMBL220,5.28,2020.0,5.28,COc1cccc([N+]2=Cc3c(cccc3OC)CC2)c1.[Br-],train
CHEMBL3905695,CHEMBL220,6.31,2016.0,6.31,COc1ccc(/C=C/C(=O)NCCC2CCN(Cc3ccccc3)CC2)cc1,train
CHEMBL390598,CHEMBL220,3.4111682744057927,2007.0,3.4111682744057927,CN(CCCCCCCCCCOc1ccc2c(=O)c3ccccc3oc2c1)Cc1ccccc1,train
CHEMBL3906317,CHEMBL220,5.0,2020.0,5.0,COc1cccc2c1C=[N+](c1ccccc1C(F)(F)F)CC2.[Br-],train
CHEMBL390737,CHEMBL220,5.54,2007.0,5.54,CN(CCCCCCOc1ccc2c(=O)c3ccccc3oc2c1)Cc1ccccc1,train
CHEMBL3910025,CHEMBL220,6.69,2016.0,6.69,COc1ccc2nc(NCCc3cc[n+](Cc4c(F)cccc4F)cc3)sc2c1,train
CHEMBL3910033,CHEMBL220,6.27,2016.0,6.27,CCOC(=O)C1=C(C(F)(F)F)Nc2nc3c(c(N)c2C1c1cccc([N+](=O)[O-])c1)CC(C)(C)CC3,train
CHEMBL3910142,CHEMBL220,7.68,2016.0,7.68,C#CCN(Cc1ccc2cccc(O)c2n1)C(C#N)CCC1CCN(Cc2ccccc2)CC1,test
CHEMBL3910513,CHEMBL220,6.83,2016.0,6.83,COc1cc2c(cc1OC)C(=O)C(CC1CCN(Cc3ccccn3)CC1)C2,val
CHEMBL3910830,CHEMBL220,6.01,2017.0,6.01,Cc1ccc(/C=C2/CNCC3=C2N=C2SC=C(c4ccc5ccccc5c4)N2C3c2ccc(C)cc2)cc1,train
CHEMBL3911730,CHEMBL220,5.73,2016.0,5.73,CCOC(=O)C1=C(C)N(C)c2nc3c(c(N)c2C1c1ccccc1Cl)CC(C)(C)CC3,train
CHEMBL3913078,CHEMBL220,5.96,2015.0,5.96,CC(=O)/C(=N\O)C(=O)Nc1cnc2c(c1)CC(N(C)CCc1ccccc1)CC2,test
CHEMBL391356,CHEMBL220,4.301029995663981,2007.0,4.301029995663981,CN(C(=O)Oc1ccc(Oc2c(Cl)cncc2Cl)cc1)c1ccccc1,test
CHEMBL3914364,CHEMBL220,6.5,2020.0,6.5,COc1cccc2c1C=[N+](c1ccc(Cl)cc1)CC2.[Br-],train
CHEMBL3915239,CHEMBL220,7.51,2015.0,7.51,O=C(/C=N\O)c1ccc(OCC2CCN(Cc3ccccc3)CC2)nc1,train
CHEMBL3915297,CHEMBL220,5.71,2020.0,5.71,COc1cccc2c1C=[N+](c1ccc(C(F)(F)F)cc1)CC2.[Br-],train
CHEMBL3916407,CHEMBL220,5.0,2020.0,5.0,COc1cccc2c1C=[N+](c1cccc(Br)c1)CC2.[Br-],train
CHEMBL3916769,CHEMBL220,6.2,2016.0,6.2,COc1ccc(/C=C/C(=O)NCCC2CCN(Cc3ccccc3)CC2)c(OC)c1,train
CHEMBL3917990,CHEMBL220,5.465,2016.0,5.465,COc1ccc(/C=C/C(=O)Nc2ccc(CN(C)Cc3ccccc3)cc2)cc1OC,val
CHEMBL3919086,CHEMBL220,5.33,2016.0,5.33,COc1cccc(/C=C/C(=O)Nc2ccc(CN(C)Cc3ccccc3)cc2)c1,val
CHEMBL391918,CHEMBL220,5.28,2007.0,5.28,CC1=N[C@H]2CC=C3C[C@H]4C(=O)C[C@]5(C)[C@@H]([C@H](C)N(C)C)[C@H](O)C[C@@]5(C)[C@@H]4CC[C@H]3[C@]2(C)CO1,train
CHEMBL3919289,CHEMBL220,5.0,2017.0,5.0,O=C1NCCCc2c1c1ccccc1n2CCc1ccc(F)cc1,train
CHEMBL3919441,CHEMBL220,7.14,2016.0,7.14,COc1cc2c(cc1OC)C(=O)C(CC1CCN(Cc3cccc(C)n3)CC1)C2,val
CHEMBL3919972,CHEMBL220,5.52,2016.0,5.52,CC1=C(C(=O)OC(C)C)C(c2ccccc2Cl)c2c(nc3c(c2N)CC(C)(C)CC3)N1,train
CHEMBL3920563,CHEMBL220,5.29,2020.0,5.29,COc1cccc2c1C=[N+](c1cccc(C#N)c1)CC2.[Br-],train
CHEMBL3920662,CHEMBL220,5.75,2016.0,5.75,C#CCOC(=O)C1=C(C)Nc2nc3c(c(N)c2C1c1cccc(F)c1)CC(C)(C)CC3,train
CHEMBL392099,CHEMBL220,4.301029995663981,2007.0,4.301029995663981,O=C(Oc1ccc(Oc2ccc(C(F)(F)F)cn2)cc1)N1Cc2ccccc2C1,train
CHEMBL392100,CHEMBL220,4.301029995663981,2007.0,4.301029995663981,O=C(Oc1ccc(Oc2ccc(C(F)(F)F)cn2)cc1)N1CCc2ccccc21,train
CHEMBL3921061,CHEMBL220,6.17,2017.0,6.17,CN(C)C(=O)Oc1cccc(C(=O)/C=C/c2ccc(O)cc2)c1,train
CHEMBL3921785,CHEMBL220,6.0,2017.0,6.0,Cc1ccc(C2=CSC3=NC4=C(CNC/C4=C/c4ccc(Br)cc4)C(c4ccc(Br)cc4)N23)cc1,train
CHEMBL3922423,CHEMBL220,7.48,2017.0,7.48,O=C1c2ccccc2S(=O)(=O)N1CCCCCNCc1ccccc1,train
CHEMBL3922471,CHEMBL220,5.96,2016.0,5.96,COC(=O)C1=C(C)Nc2nc3c(c(N)c2C1c1cccc([N+](=O)[O-])c1)CCC(C)C3,train
CHEMBL392324,CHEMBL220,7.16,2007.0,7.16,CCCCC1=NC2(CCCC2)C(=O)N1Cc1ccc(Br)cc1,train
CHEMBL392385,CHEMBL220,4.301029995663981,2007.0,4.301029995663981,CN(C(=O)Oc1ccc(Oc2ccc(C(F)(F)F)cn2)cc1)c1cccc(Cl)c1,test
CHEMBL3924569,CHEMBL220,5.98,2020.0,5.98,COc1cccc2c1C=[N+](c1ccc(Cl)cc1Cl)CC2.[Br-],train
CHEMBL3925211,CHEMBL220,5.98,2020.0,5.98,COc1ccc([N+]2=Cc3c(cccc3OC)CC2)cc1.[Br-],train
CHEMBL3925400,CHEMBL220,5.75,2020.0,5.75,COc1cccc2c1C=[N+](c1ccccc1I)CC2.[Br-],train
CHEMBL392577,CHEMBL220,8.46,2011.0,8.46,O=C(c1c2ccccc2cc2ccccc12)N1c2ccccc2Sc2ccccc21,test
CHEMBL3926757,CHEMBL220,3.6989700043360187,2016.0,3.6989700043360187,COc1ccc(CN2CC=C(c3ccc(F)cc3)CC2)cc1OCc1ccccc1,train
CHEMBL3926911,CHEMBL220,5.54,2016.0,5.54,COc1cc2c(cc1OC)C(=O)C(CC1CCN(Cc3ccc(Cl)cc3)CC1)C2,test
CHEMBL3927363,CHEMBL220,7.27,2016.0,7.27,COc1cc2c(cc1OC)C(=O)C(CC1CCN(Cc3cccc(F)c3)CC1)C2,test
CHEMBL3928343,CHEMBL220,6.71,2016.0,6.71,COc1cc2c(cc1OC)C(=O)C(CC1CCN(Cc3cccc(F)n3)CC1)C2,val
CHEMBL3928459,CHEMBL220,6.14,2016.0,6.14,COC(=O)C1=C(C)Nc2nc3c(c(N)c2C1c1cccc([N+](=O)[O-])c1)CSC3,train
CHEMBL3928840,CHEMBL220,5.8,2017.0,5.8,Cc1ccc(/C=C2\CN(Cc3ccc4ccccc4c3)C/C(=C\c3ccc(C)cc3)C2=O)cc1,train
CHEMBL3930722,CHEMBL220,5.87,2017.0,5.87,Clc1ccc(/C=C2/CNCC3=C2N=C2SC=C(c4ccc5ccccc5c4)N2C3c2ccc(Cl)cc2)cc1,train
CHEMBL393149,CHEMBL220,4.301029995663981,2007.0,4.301029995663981,CCN(Cc1ccccc1)C(=O)Oc1ccc(Oc2ccc(C(F)(F)F)cn2)cc1,train
CHEMBL3931517,CHEMBL220,4.37,2016.0,4.37,O=C(COc1ccccc1)N1CCN(C2CCN(Cc3ccccc3)CC2)CC1,train
CHEMBL3931599,CHEMBL220,5.01,2016.0,5.01,C#CCN(Cc1ccc2cccc(O)c2n1)CC1CCN(Cc2ccccc2)CC1,test
CHEMBL393212,CHEMBL220,6.58,2007.0,6.58,CC[C@H](C)C1=N[C@H]2CC=C3C[C@H]4C(=O)C[C@]5(C)[C@@H]([C@H](C)N(C)C)[C@H](O)C[C@@]5(C)[C@@H]4CC[C@H]3[C@]2(C)CO1,train
CHEMBL3933395,CHEMBL220,7.01,2016.0,7.01,COc1cc2c(cc1OC)C(=O)C(CC1CCN(Cc3ccccc3Cl)CC1)C2,test
CHEMBL3933508,CHEMBL220,6.11,2016.0,6.11,CCOC(=O)C1=C(C)Nc2nc3c(c(N)c2C1c1cccc(Cl)c1)CC(C)(C)CC3,train
CHEMBL393417,CHEMBL220,3.8972233851165585,2019.0,3.8972233851165585,COc1cc2c(cc1OC)[C@@H]1C(=O)c3ccc4c(c3O[C@@H]1CO2)C=CC(C)(C)O4,train
CHEMBL3934295,CHEMBL220,6.0,2020.0,6.0,COc1cccc2c1C=[N+](c1ccc(I)cc1)CC2.[Br-],train
CHEMBL3934564,CHEMBL220,4.53,2016.0,4.53,COc1cc2c(cc1OC)C(=O)C(CC1CCN(Cc3ccc4cccc(O)c4n3)CC1)C2,test
CHEMBL393621,CHEMBL220,6.52,2007.0,6.52,CC(C)C1=N[C@H]2CC=C3CC4C(=O)C[C@]5(C)[C@@H]([C@H](C)N(C)C)[C@H](O)C[C@@]5(C)[C@@H]4CC[C@H]3[C@]2(C)CO1,train
CHEMBL3936989,CHEMBL220,5.06,2016.0,5.06,COc1ccc(/C=C/C(=O)Nc2ccc(CN(C)Cc3ccccc3)cc2)c(OC)c1,val
CHEMBL393758,CHEMBL220,4.301029995663981,2007.0,4.301029995663981,O=C(Oc1ccc(Oc2ccc(C(F)(F)F)cn2)cc1)N1CCCc2ccc(C(F)(F)F)cc21,train
CHEMBL3937964,CHEMBL220,6.65,2016.0,6.65,COc1ccc2nc(NCCc3cc[n+](Cc4ccc(F)cc4)cc3)sc2c1,train
CHEMBL3937974,CHEMBL220,6.35,2016.0,6.35,COC(=O)C1=C(C)Nc2nc3c(c(N)c2C1c1ccccc1)CSCC3,train
CHEMBL3938676,CHEMBL220,5.16,2016.0,5.16,CC1=C(C(=O)OC(C)C)C(c2cccc(Cl)c2)c2c(nc3c(c2N)CC(C)(C)CC3)N1,train
CHEMBL3939015,CHEMBL220,5.86,2016.0,5.86,CC1=C(C(=O)OC(C)C)C(c2ccccc2F)c2c(nc3c(c2N)CC(C)(C)CC3)N1,train
CHEMBL3939698,CHEMBL220,3.3010299956639813,2016.0,3.3010299956639813,Fc1ccccc1COc1ccccc1CNCCN1CCOCC1,val
CHEMBL3941497,CHEMBL220,6.13,2016.0,6.13,COC(=O)C1=C(C)Nc2nc3c(c(N)c2C1c1cccc([N+](=O)[O-])c1)CCCC3Cl,train
CHEMBL3942074,CHEMBL220,5.53,2020.0,5.53,COc1cccc2c1C=[N+](c1ccccc1F)CC2.[Br-],train
CHEMBL3943261,CHEMBL220,5.0,2020.0,5.0,COc1cccc2c1C=[N+](c1cccc(C(F)(F)F)c1)CC2.[Br-],train
CHEMBL3943450,CHEMBL220,7.5,2016.0,7.5,COc1cc2c(cc1OC)C(=O)C(CC1CCN(Cc3ccccc3F)CC1)C2,test
CHEMBL394348,CHEMBL220,7.76,2007.0,7.76,CCN(CCCCCCNC1=CC(=O)C(NCCCCCCN(CC)CCc2ccccc2OC)=CC1=O)CCc1ccccc1OC,train
CHEMBL3944088,CHEMBL220,5.22,2016.0,5.22,CCOC(=O)C1=C(C)Nc2nc3c(c(N)c2C1c1cccc([N+](=O)[O-])c1)CC(C)(C)CC3,train
CHEMBL3944652,CHEMBL220,6.05,2016.0,6.05,COc1cc2c(cc1OC)C(=O)C(CC1CCN(Cc3cccc(Cl)n3)CC1)C2,val
CHEMBL3945423,CHEMBL220,5.96,2017.0,5.96,Cc1ccc(C2=CSC3=NC4=C(CNC/C4=C/c4ccc(Cl)cc4)C(c4ccc(Cl)cc4)N23)cc1,train
CHEMBL394557,CHEMBL220,4.0,2007.0,4.0,O=C(c1ccc(F)c(F)c1)C(O)c1ccc(F)c(F)c1,train
CHEMBL3945872,CHEMBL220,5.22,2016.0,5.22,COc1cc(/C=C/C(=O)Nc2cccc(CN(C)Cc3ccccc3)c2)ccc1O,train
CHEMBL394753,CHEMBL220,5.13,2015.0,5.13,O=C(Cc1ccccc1)N1c2ccccc2Sc2ccccc21,test
CHEMBL3947803,CHEMBL220,6.12,2016.0,6.12,CCOC(=O)C1=C(C)Nc2nc3c(c(N)c2C1c1ccc(C(F)(F)F)cc1)CC(C)CC3,train
CHEMBL394806,CHEMBL220,4.0,2007.0,4.0,O=C(c1cc(F)c(F)c(F)c1)C(O)c1cc(F)c(F)c(F)c1,train
CHEMBL394807,CHEMBL220,4.0,2007.0,4.0,O=C(c1ccc(C(F)(F)F)cc1)C(O)c1ccc(C(F)(F)F)cc1,train
CHEMBL3948367,CHEMBL220,5.09,2017.0,5.09,COc1ccc(/C=C/C(=O)c2cccc(OC(=O)N(C)C)c2)cc1,train
CHEMBL3948489,CHEMBL220,6.14,2017.0,6.14,Brc1ccc(/C=C2/CNCC3=C2N=C2SC=C(c4ccc5ccccc5c4)N2C3c2ccc(Br)cc2)cc1,train
CHEMBL394865,CHEMBL220,7.86,2007.0,7.86,CCN(CCCCCCNC1=CC(=O)C(NCCCCCCN(CC)Cc2cccc(OC)c2)=CC1=O)Cc1cccc(OC)c1,train
CHEMBL3949439,CHEMBL220,5.46,2016.0,5.46,CN(Cc1ccccc1)Cc1ccc(NC(=O)/C=C/c2cccc(O)c2)cc1,val
CHEMBL3949770,CHEMBL220,6.48,2016.0,6.48,CCOC(=O)C1=C(C)Nc2nc3c(c(N)c2C1c1cccc([N+](=O)[O-])c1)CC(Cl)(Cl)CC3,train
CHEMBL3950063,CHEMBL220,4.68,2016.0,4.68,COc1cc2c(cc1OC)C(=O)C(CC1CCN(Cc3ccc(O)c4ncccc34)CC1)C2,test
CHEMBL3950130,CHEMBL220,6.01,2017.0,6.01,CC(C)Cc1ccc(/C=C2\Oc3ccccc3C2=O)cc1,test
CHEMBL395018,CHEMBL220,4.0,2007.0,4.0,O=C(C(=O)c1cccc(F)c1F)c1cccc(F)c1F,val
CHEMBL395019,CHEMBL220,4.0,2007.0,4.0,O=C(C(=O)c1cccc(C(F)(F)F)c1)c1cccc(C(F)(F)F)c1,val
CHEMBL3952144,CHEMBL220,6.57,2016.0,6.57,Fc1ccc(C[n+]2ccc(CCNc3nc4ccc(F)cc4s3)cc2)cc1,train
CHEMBL395280,CHEMBL220,7.33,1996.0,7.33,C/C=C1\[C@H]2C=C(C)C[C@]1(N)c1ccc(=O)[nH]c1C2,test
CHEMBL3953893,CHEMBL220,5.0,2020.0,5.0,COc1cccc2c1C=[N+](c1cc(Cl)cc(Cl)c1)CC2.[Br-],train
CHEMBL3955393,CHEMBL220,5.71,2017.0,5.71,O=C1/C(=C/c2ccccc2)CN(Cc2ccc3ccccc3c2)C/C1=C\c1ccccc1,train
CHEMBL395652,CHEMBL220,4.0,2007.0,4.0,Cc1cc(C)c(C(=O)C(=O)c2c(C)cc(C)cc2C)c(C)c1,val
CHEMBL395653,CHEMBL220,4.0,2007.0,4.0,O=C1C(=O)c2cccc3cccc1c23,train
CHEMBL395654,CHEMBL220,4.0,2007.0,4.0,O=C1C(=O)N2CCCc3cccc1c32,train
CHEMBL3957099,CHEMBL220,5.19,2017.0,5.19,S=C1/C(=C/c2ccccc2)Oc2ccccc21,train
CHEMBL3957605,CHEMBL220,6.28,2020.0,6.28,COc1cccc2c1C=[N+](c1ccc(C)cc1)CC2.[Br-],train
CHEMBL395815,CHEMBL220,5.64,2007.0,5.64,CCN(CCCCCCNC1=CC(=O)C(NCCCCCCN(CC)Cc2ccccc2[N+](=O)[O-])=CC1=O)Cc1ccccc1[N+](=O)[O-],train
CHEMBL3958208,CHEMBL220,5.83,2017.0,5.83,Brc1ccc(/C=C2/CNCC3=C2N=C2SC=C(c4ccccc4)N2C3c2ccc(Br)cc2)cc1,train
CHEMBL3959939,CHEMBL220,5.95,2016.0,5.95,CCOC(=O)C1=C(C)Nc2nc3c(c(N)c2C1c1cccc(C(F)(F)F)c1)CC(C)(C)CC3,train
CHEMBL396050,CHEMBL220,6.91,2007.0,6.91,CCN(CCCCCCNC1=C(c2ccccc2)C(=O)C(NCCCCCCN(CC)Cc2ccccc2OC)=C(c2ccccc2)C1=O)Cc1ccccc1OC,train
CHEMBL3960861,CHEMBL220,6.94,2016.0,6.94,COc1cc2c(cc1OC)C(=O)C(CC1CCN(Cc3cccc(Cl)c3)CC1)C2,test
CHEMBL3960962,CHEMBL220,3.6989700043360187,2016.0,3.6989700043360187,c1ccc(COc2ccc(CN3CCc4ccccc4C3)cc2)cc1,train
CHEMBL3960964,CHEMBL220,5.98,2016.0,5.98,C=CCOC(=O)C1=C(C)Nc2nc3c(c(N)c2C1c1cccc([N+](=O)[O-])c1)CC(C)(C)CC3,train
CHEMBL3961103,CHEMBL220,5.82,2016.0,5.82,C#CCN(CCCC1CCN(Cc2ccccc2)CC1)Cc1ccc2cccc(O)c2n1,test
CHEMBL3961494,CHEMBL220,5.67,2016.0,5.67,COc1cc2c(cc1OC)C(=O)C(CC1CCN(Cc3cccc(C(F)(F)F)c3)CC1)C2,test
CHEMBL396190,CHEMBL220,6.08,2007.0,6.08,CC(C)C1=N[C@H]2CC=C3C[C@H]4C(=O)C[C@]5(C)[C@@H]([C@H](C)N(C)C)[C@H](OC(=O)C(C)(C)C)C[C@@]5(C)[C@@H]4CC[C@H]3[C@]2(C)CO1,train
CHEMBL396199,CHEMBL220,7.98,2007.0,7.98,COc1cc2cc(-c3ccc(C[N+](C)(C)Cc4ccccc4)cc3)c(=O)oc2cc1OC.[I-],train
CHEMBL396247,CHEMBL220,7.645,2007.0,7.645,COc1cc2cc(-c3ccc(CN(CCO)Cc4ccccc4)cc3)c(=O)oc2cc1OC,train
CHEMBL3965046,CHEMBL220,4.51,2016.0,4.51,CCN1CCN(C2CCN(C(=O)COc3ccc(-c4ccccc4)cc3)CC2)CC1,test
CHEMBL3965431,CHEMBL220,6.12,2016.0,6.12,CC1=C(C(=O)OC2CCC2)C(c2ccccc2F)c2c(nc3c(c2N)CC(C)(C)CC3)N1,train
CHEMBL3965783,CHEMBL220,6.0,2016.0,6.0,O=C(/C=C/c1ccc(O)cc1O)NCCC1CCN(Cc2ccccc2)CC1,train
CHEMBL39677,CHEMBL220,5.17,2020.0,5.17,c1ccc2nc3ccccc3cc2c1,train
CHEMBL3968230,CHEMBL220,5.74,2016.0,5.74,CCOC(=O)C1=C(C)Nc2nc3c(c(N)c2C1c1cccc(F)c1)CC(C)(C)CC3,train
CHEMBL3969241,CHEMBL220,3.6989700043360187,2016.0,3.6989700043360187,O=C(c1ccccc1F)N1CCN(C2CCN(Cc3ccccc3)CC2)CC1,train
CHEMBL396977,CHEMBL220,4.0,2007.0,4.0,O=C(c1cccc(F)c1)C(O)c1cccc(F)c1,train
CHEMBL3969818,CHEMBL220,5.79,2020.0,5.79,COc1cccc2c1C=[N+](c1ccccc1)CC2.[Br-],train
CHEMBL3970993,CHEMBL220,5.0,2020.0,5.0,COc1cccc2c1C=[N+](c1ccccc1Cl)CC2.[Br-],train
CHEMBL3971112,CHEMBL220,4.9,2017.0,4.9,O=C1NCCCc2c1c1ccccc1n2CCc1ccccc1,train
CHEMBL397160,CHEMBL220,4.301029995663981,2007.0,4.301029995663981,O=C(Oc1ccc(Oc2ncc(Cl)cc2Cl)cc1)N1CCOCC1,train
CHEMBL397168,CHEMBL220,4.301029995663981,2007.0,4.301029995663981,CC1CN(C(=O)Oc2ccc(Oc3ccc(C(F)(F)F)cn3)cc2)CC(C)O1,train
CHEMBL3972214,CHEMBL220,5.48,2016.0,5.48,C#CCN(Cc1ccc2cccc(O)c2n1)C(C#N)CC1CCN(Cc2ccccc2)CC1,test
CHEMBL3972317,CHEMBL220,6.3,2016.0,6.3,CCOC(=O)C1=C(C)Nc2nc3c(c(N)c2C1c1cccc([N+](=O)[O-])c1)CC(F)(F)CC3,train
CHEMBL397271,CHEMBL220,8.21,2008.0,8.21,N[C@@H](CCC(=O)NCCNc1c2c(nc3ccccc13)CCCC2)C(=O)NCCNc1c2c(nc3ccccc13)CCCC2,train
CHEMBL3972865,CHEMBL220,5.64,2017.0,5.64,Cc1ccc(/C=C2/CNCC3=C2N=C2SC=C(c4ccc(Br)cc4)N2C3c2ccc(C)cc2)cc1,train
CHEMBL3973337,CHEMBL220,5.7,2016.0,5.7,COc1cc2c(cc1OC)C(=O)C(CC1CCN(Cc3cccc(Br)n3)CC1)C2,val
CHEMBL3973603,CHEMBL220,5.54,2020.0,5.54,COc1cccc2c1C=[N+](c1cccc(C)c1)CC2.[Br-],train
CHEMBL3976003,CHEMBL220,5.5,2017.0,5.5,Cc1cccc(CN2C/C(=C\c3ccccc3)C(=O)/C(=C/c3ccccc3)C2)c1,train
CHEMBL397739,CHEMBL220,4.0,2007.0,4.0,O=C(C(=O)c1ccc(F)c(F)c1)c1ccc(F)c(F)c1,val
CHEMBL3978533,CHEMBL220,5.29,2016.0,5.29,COc1ccc(/C=C/C(=O)Nc2ccc(CN(C)Cc3ccccc3)cc2)cc1,val
CHEMBL397871,CHEMBL220,4.14,2011.0,4.14,NC(=O)c1cc[n+](CCC[n+]2ccc(/C=N/O)cc2)cc1.[Br-].[Br-],train
CHEMBL397891,CHEMBL220,6.42,2007.0,6.42,CCCCC1=NC2(CCCC2)C(=O)N1Cc1ccc(-c2ccccc2-n2nnnc2C(c2ccccc2)(c2ccccc2)c2ccccc2)cc1,train
CHEMBL3979102,CHEMBL220,5.89,2020.0,5.89,COc1cccc2c1C=[N+](c1ccc(Br)cc1F)CC2.[Br-],train
CHEMBL3979816,CHEMBL220,6.63,2015.0,6.63,COc1ccc(CN2CCCCC2COc2ccc(C(=O)/C=N\O)cn2)cc1OC,train
CHEMBL398109,CHEMBL220,4.0,2007.0,4.0,O=C1C(=O)c2sccc2-c2ccsc21,train
CHEMBL3981622,CHEMBL220,5.89,2020.0,5.89,COc1cccc2c1C=[N+](c1c(F)cccc1F)CC2.[Br-],train
CHEMBL3981703,CHEMBL220,5.71,2016.0,5.71,C#CCOC(=O)C1=C(C)Nc2nc3c(c(N)c2C1c1cccc([N+](=O)[O-])c1)CC(C)(C)CC3,train
CHEMBL3981946,CHEMBL220,6.04,2016.0,6.04,COCCOC(=O)C1=C(C)Nc2nc3c(c(N)c2C1c1ccccc1Cl)CC(C)(C)CC3,train
CHEMBL398249,CHEMBL220,4.92,2012.0,4.92,CCOC(=O)c1c(C)nc2nc3c(c(N)c2c1-c1ccccc1)CCC3,train
CHEMBL398250,CHEMBL220,4.86,2012.0,4.86,CCOC(=O)c1c(C)nc2nc3c(c(N)c2c1-c1ccc(OC)cc1)CCC3,train
CHEMBL3982580,CHEMBL220,5.43,2020.0,5.43,COc1cccc2c1C=[N+](c1ccc(Br)cc1Br)CC2.[Br-],train
CHEMBL3983017,CHEMBL220,6.08,2017.0,6.08,O=C1/C(=C/c2ccc(Br)cc2)CN(Cc2ccc3ccccc3c2)C/C1=C\c1ccc(Br)cc1,train
CHEMBL3983878,CHEMBL220,6.01,2016.0,6.01,CC1=C(C(=O)OCC2CC2)C(c2ccccc2Cl)c2c(nc3c(c2N)CC(C)(C)CC3)N1,test
CHEMBL3984034,CHEMBL220,5.49,2017.0,5.49,Cc1ccc(/C=C2\CN(Cc3cccc(C)c3)C/C(=C\c3ccc(C)cc3)C2=O)cc1,train
CHEMBL398406,CHEMBL220,7.08,2007.0,7.08,CCCCC1=NC2(CCCC2)C(=O)N1Cc1cc(OC)c(OC)cc1Br,train
CHEMBL3985059,CHEMBL220,7.39,2016.0,7.39,COc1cc2c(cc1OC)C(=O)C(CC1CCN(Cc3ccc(F)cc3)CC1)C2,test
CHEMBL3985136,CHEMBL220,6.25,2016.0,6.25,CC1=C(C(=O)OC(C)C)C(c2cccc(F)c2)c2c(nc3c(c2N)CC(C)(C)CC3)N1,train
CHEMBL3985662,CHEMBL220,6.05,2016.0,6.05,COC(=O)C1=C(C)Nc2nc3c(c(N)c2C1c1ccccc1)CC(C)(C)CC3,train
CHEMBL3986155,CHEMBL220,6.55,2020.0,6.55,COc1cccc2c1C=[N+](c1ccc(Br)cc1)CC2.[Br-],train
CHEMBL398628,CHEMBL220,6.4,2013.0,6.4,CCOC(=O)C1=C(C)Oc2nc3c(c(N)c2C1c1ccc(OC)cc1)CCCC3,train
CHEMBL3986315,CHEMBL220,5.0,2020.0,5.0,COc1ccccc1[N+]1=Cc2c(cccc2OC)CC1.[Br-],train
CHEMBL3986650,CHEMBL220,7.35,2016.0,7.35,COC(=O)C1=C(C)Nc2nc3c(c(N)c2C1c1cccc([N+](=O)[O-])c1)CC(C)(C)CC3,train
CHEMBL399040,CHEMBL220,5.92,2012.0,5.92,CCOC(=O)c1c(C)nc2nc3c(c(N)c2c1-c1cccc(OC)c1)CCCC3,test
CHEMBL399121,CHEMBL220,2.606231819841255,2012.0,2.606231819841255,COc1ccc([C@@H]2CC(=O)c3c(O)cc(O)cc3O2)cc1O,test
CHEMBL400092,CHEMBL220,3.7543191530828635,2007.0,3.7543191530828635,O[C@H]1[C@H]2c3cc4c(cc3CN3CCC(=C[C@@H]1O)[C@H]23)OCO4,train
CHEMBL400675,CHEMBL220,6.03,2012.0,6.03,CCOC(=O)c1c(C)nc2nc3c(c(N)c2c1-c1cccc([N+](=O)[O-])c1)CCCC3,test
CHEMBL401114,CHEMBL220,3.6724307825943088,2007.0,3.6724307825943088,CO[C@@H]1C=C[C@@]23c4cc5c(cc4CN(C[C@@H]2O)[C@H]3C1)OCO5,train
CHEMBL402484,CHEMBL220,5.41,2007.0,5.41,COc1cc2c(cc1OC)-c1cccc3c1N(CC3)C2,train
CHEMBL402976,CHEMBL220,3.503485481302255,2008.0,3.503485481302255,CN(C)CCOC(=O)Nc1ccncc1,train
CHEMBL402977,CHEMBL220,3.82131076022441,2008.0,3.82131076022441,C[N+](C)(C)CCOC(=O)Nc1ccnc(Cl)c1.[I-],train
CHEMBL403260,CHEMBL220,7.44,2008.0,7.44,CCN(CCCCCC(=O)Nc1ccc(-c2ccc(NC(=O)CCCCCN(CC)Cc3ccccc3OC)cc2)cc1)Cc1ccccc1OC,test
CHEMBL404407,CHEMBL220,5.29,2012.0,5.29,CCOC(=O)c1c(C)nc2nc3c(c(N)c2c1-c1ccncc1)CCCCC3,train
CHEMBL40583,CHEMBL220,4.64,,4.64,Cc1ccc2cc3c(ccc4ccccc43)c3c2c1CC3,train
CHEMBL4059560,CHEMBL220,4.45,2017.0,4.45,COc1ccc(CN(CC(=O)NCc2ccccc2)C(=O)CCCCCn2cc[n+](C)c2/C=N\O)cc1.[I-],train
CHEMBL4059684,CHEMBL220,5.5,2017.0,5.5,CCN(CC)CCCCCCCCOc1ccc(/C=C/C(=O)O)cc1OC,val
CHEMBL4059766,CHEMBL220,6.3,2017.0,6.3,CCOC(=O)[C@@H](CCC(=O)NCCC1CCN(Cc2ccccc2)CC1)NC(=O)c1ccccc1,train
CHEMBL4059887,CHEMBL220,5.22,2017.0,5.22,COc1cc2c(cc1OC)C(=O)/C(=C/c1ccc(CN3CCOCC3)c(O)c1)O2,test
CHEMBL4060011,CHEMBL220,7.75,2017.0,7.75,COc1cc2c(cc1OC)C(=O)C(Cc1cc[n+](Cc3ccccc3)cc1C(C)=O)C2.[Br-],train
CHEMBL4060016,CHEMBL220,5.13,2017.0,5.13,COc1ccc(CCNc2nc(NC(C)=O)nc3ccccc23)cc1OC,train
CHEMBL4060058,CHEMBL220,2.975514332300833,2017.0,2.975514332300833,COc1cc2c(cc1OC)CN(Cc1cc(C)cc(/C=N/O)c1O)CC2,train
CHEMBL4060617,CHEMBL220,6.6,2017.0,6.6,O=C(CCCC1CCSS1)NCCCNc1c2c(nc3cc(Cl)ccc13)CCCC2,train
CHEMBL4060687,CHEMBL220,5.07,2017.0,5.07,COc1ccc(CNc2nc(NC(N)=O)nc3ccccc23)cc1OC,test
CHEMBL4060800,CHEMBL220,5.36,2017.0,5.36,N#CC1=C(N)N(Cc2ccccc2)C(NCc2ccccc2)=C([N+](=O)[O-])C12c1ccccc1-c1nc3ccc([N+](=O)[O-])cc3nc12,test
CHEMBL4060832,CHEMBL220,4.39,2017.0,4.39,CN1CC2C(=O)N(Cc3ccccc3)C(=O)C2C12C(=O)c1ccccc1C2=O,train
CHEMBL4060972,CHEMBL220,5.301029995663981,2017.0,5.301029995663981,COc1ncccc1/C=C/c1ccc2ccccc2[n+]1C.[I-],test
CHEMBL4061404,CHEMBL220,3.4052760535902533,2017.0,3.4052760535902533,COc1cc2c(cc1OC)CN(CC1CCN(Cc3ccc(O)c(/C=N/O)c3)CC1)CC2,train
CHEMBL4061433,CHEMBL220,5.82,2017.0,5.82,CCN(CC)c1ccc(/C=C/c2ccc3ccccc3[n+]2C)c(O)c1.[I-],train
CHEMBL4061527,CHEMBL220,6.37,2017.0,6.37,COc1cc2c(cc1OC)C(=O)C(CC1C=CN(Cc3ccccc3C)C=C1C(C)=O)C2,train
CHEMBL4061746,CHEMBL220,5.12,2017.0,5.12,CC(=O)Nc1nc(NCc2ccccc2)c2ccccc2n1,test
CHEMBL4061837,CHEMBL220,5.12,2017.0,5.12,CCNc1nc(NCCc2ccccc2)c2ccccc2n1,train
CHEMBL4062146,CHEMBL220,5.18,2017.0,5.18,Cc1cc2nc3c(nc2cc1C)C1(C(C#N)=C(N)N2CCNC2=C1[N+](=O)[O-])c1ccccc1-3,test
CHEMBL4062487,CHEMBL220,3.0956090799876383,2017.0,3.0956090799876383,COc1cc2c(cc1OC)CN(CC1CCN(Cc3cccc(/C=N/O)c3O)CC1)CC2,train
CHEMBL4062593,CHEMBL220,5.3,2017.0,5.3,CCOC(=O)/C=C/c1ccc(OCCCCCCN2CCCC2)c(OC)c1,train
CHEMBL4062800,CHEMBL220,6.77,2017.0,6.77,COc1ccc(NCc2ccc3c(c2)C(=O)C(=O)N3C(=O)c2ccccc2)cc1,train
CHEMBL4062826,CHEMBL220,3.159580222263514,2017.0,3.159580222263514,COc1cc2c(cc1OC)CN(Cc1cc(F)cc(/C=N/O)c1O)CC2,train
CHEMBL4063045,CHEMBL220,5.08,2017.0,5.08,COc1cc(/C=C/C(=O)Nc2ccccc2)ccc1OCCCCCCN(C)C,val
CHEMBL4063109,CHEMBL220,3.1646265475299913,2017.0,3.1646265475299913,COc1cc2c(cc1OC)C(c1ccccc1)N(CC1CCN(Cc3cc(F)cc(/C=N/O)c3O)CC1)CC2,test
CHEMBL4063583,CHEMBL220,8.42,2017.0,8.42,COc1cc2c(cc1OC)C(=O)/C(=C/c1cc[n+](Cc3ccccc3Br)cc1)C2.[Br-],val
CHEMBL4063635,CHEMBL220,4.4,2017.0,4.4,C[n+]1c2ccccc2c(N)c2ccccc21.F[B-](F)(F)F,train
CHEMBL4063663,CHEMBL220,4.61,2017.0,4.61,COc1cc(/C=C/C(=O)Nc2ccccc2)ccc1OCCCCN1CCCC1,test
CHEMBL4063877,CHEMBL220,7.32,2017.0,7.32,CN1CCN(Cc2ccc3c(c2)C(=O)C(=O)N3C(=O)c2ccccc2)CC1,val
CHEMBL4063984,CHEMBL220,3.7771978983632013,2017.0,3.7771978983632013,COc1ccc(CN(CC(=O)NCc2ccccc2)C(=O)CCCCCn2ccnc2/C=N/O)cc1,train
CHEMBL4064154,CHEMBL220,3.571865205971211,2017.0,3.571865205971211,COc1cc2c(cc1OC)CN(CC1CCN(Cc3cc(F)cc(/C=N/O)c3O)CC1)CC2,train
CHEMBL4064304,CHEMBL220,3.264880365918128,2017.0,3.264880365918128,COc1cc(/C=N/O)c(O)c(CN2CCC(CN3CCc4cc(OC)c(OC)cc4C3c3ccccc3)CC2)c1,test
CHEMBL4064413,CHEMBL220,6.0,2017.0,6.0,CNC(=O)c1c[n+](Cc2ccccc2)ccc1CC1Cc2cc(OC)c(OC)cc2C1=O.[Br-],train
CHEMBL4064686,CHEMBL220,4.7,2017.0,4.7,O=C(CC[C@@H](NC(=O)c1ccccc1)C(=O)O)NCCC1CCN(Cc2ccccc2)CC1,train
CHEMBL4064773,CHEMBL220,5.06,2017.0,5.06,CNc1nc(NCCc2ccccc2)c2ccccc2n1,train
CHEMBL4064806,CHEMBL220,3.9208187539523753,2017.0,3.9208187539523753,COc1ccccc1NC(=S)NCCN(C)C,val
CHEMBL4064846,CHEMBL220,4.39,2017.0,4.39,CCN(CC)CCOc1ccc(/C=C/C(=O)Nc2ccccc2)cc1OC,val
CHEMBL4064904,CHEMBL220,5.37,2017.0,5.37,CC1(C)CNC2=C([N+](=O)[O-])C3(C(C#N)=C(N)N2C1)c1ccccc1-c1nc2ccccc2nc13,train
CHEMBL4064920,CHEMBL220,5.301029995663981,2017.0,5.301029995663981,CN(C)c1ccc(/C=C/c2cc(N3CCOCC3)c3ccccc3[n+]2C)cc1.[I-],train
CHEMBL4065242,CHEMBL220,2.9492336887669577,2017.0,2.9492336887669577,COc1cc2c(cc1OC)C(c1ccccc1)N(Cc1cc(C)cc(/C=N/O)c1O)CC2,val
CHEMBL4065259,CHEMBL220,5.18,2017.0,5.18,CN1c2ccccc2C(N2CCSCC2)c2ccccc21,train
CHEMBL4065374,CHEMBL220,5.301029995663981,2017.0,5.301029995663981,COc1cc(/C=C/c2cc(N3CCN(CCO)CC3)c3ccccc3[n+]2C)cc(OC)c1O.[I-],train
CHEMBL4065639,CHEMBL220,6.0,2017.0,6.0,COC(=O)C(=O)c1cc(C)ccc1NC(=O)c1ccccc1,val
CHEMBL4065799,CHEMBL220,4.47,2017.0,4.47,COc1cc(/C=C/C(=O)Nc2ccccc2)ccc1OCCCN(C)C,val
CHEMBL4065910,CHEMBL220,5.301029995663981,2017.0,5.301029995663981,CCN(CC)c1ccc(/C=C/c2cc(N3CCN(C)CC3)c3ccccc3[n+]2C)c(OC)c1.[I-],train
CHEMBL4066309,CHEMBL220,5.89,2017.0,5.89,Oc1cc(O)cc(CCc2ccc(Nc3c4c(nc5cc(Cl)ccc35)CCCC4)cc2)c1,train
CHEMBL4066365,CHEMBL220,5.074999999999999,2017.0,5.074999999999999,CCO[P@](=O)(SCC)c1ccccc1,val
CHEMBL4066392,CHEMBL220,6.4,2017.0,6.4,CCN(CC)c1ccc(/C=C/c2ccc3ccccc3[n+]2C)cc1.[I-],train
CHEMBL406645,CHEMBL220,4.78,2008.0,4.78,CC[C@@]1(c2cccc(O)c2)CCCCN(CCCCCCCCCN2CCCC[C@@](CC)(c3cccc(O)c3)C2)C1,train
CHEMBL4066548,CHEMBL220,7.75,2017.0,7.75,COc1cc2c(cc1OC)C(=O)C(Cc1cc[n+](Cc3ccccc3Cl)cc1C(C)=O)C2.[Br-],train
CHEMBL4066805,CHEMBL220,4.95,2017.0,4.95,COc1ccccc1N1C(=O)C2CN(C)C3(C(=O)c4ccccc4C3=O)C2C1=O,train
CHEMBL4066891,CHEMBL220,3.0265026912679365,2017.0,3.0265026912679365,COc1cc2c(cc1OC)C(c1ccccc1)N(CC1CCN(Cc3cc(Cl)cc(/C=N/O)c3O)CC1)CC2,test
CHEMBL4066908,CHEMBL220,5.35,2017.0,5.35,CCN(CCCN1C(=O)c2ccccc2C1=O)Cc1ccccc1OC,train
CHEMBL4067342,CHEMBL220,4.698970004336019,2017.0,4.698970004336019,C[n+]1c2ccccc2c(-c2cc(C(C)(C)C)cc(C(C)(C)C)c2O)c2ccccc21.F[B-](F)(F)F,train
CHEMBL4067388,CHEMBL220,5.3,2017.0,5.3,CCOC(=O)CC[C@H](NC(=O)OCc1ccccc1)C(=O)NCCC1CCN(Cc2ccccc2)CC1,train
CHEMBL4067481,CHEMBL220,5.18,2017.0,5.18,c1ccc(CNc2nc(NC3CC3)nc3ccccc23)cc1,train
CHEMBL4067497,CHEMBL220,5.76,2017.0,5.76,Nc1c2c(nc3c1C(c1ccccc1)c1ccc4cccnc4c1O3)CCCC2,test
CHEMBL4067562,CHEMBL220,4.72,2017.0,4.72,CCN(CC)CCCCCOc1ccc(/C=C/C(=O)Nc2ccccc2)cc1OC,val
CHEMBL4067639,CHEMBL220,5.36,2017.0,5.36,C[n+]1c(/C=C/c2cc3ccccc3[nH]2)cc(N2CCOCC2)c2ccccc21.[I-],train
CHEMBL4067881,CHEMBL220,6.0,2017.0,6.0,O=C(O)CCC(=O)NCc1ccc2c(c1)CC(=O)N2C(=O)c1ccccc1,train
CHEMBL4068149,CHEMBL220,7.59,2017.0,7.59,COC(=O)c1c[n+](Cc2ccccc2)ccc1CC1Cc2cc(OC)c(OC)cc2C1=O.[Br-],train
CHEMBL4068340,CHEMBL220,4.84,2017.0,4.84,COc1cc(/C=C/C(=O)Nc2ccccc2)ccc1OCCCN1CCCCC1,train
CHEMBL4068410,CHEMBL220,6.12,2017.0,6.12,CC(C)c1ccc(NC(=O)Oc2ccc3c(c2)[C@]2(C)CCC(C)[C@@H]2C3C)cc1,val
CHEMBL4068713,CHEMBL220,2.8979094744881633,2017.0,2.8979094744881633,COc1cc2c(cc1OC)CN(Cc1cccc(/C=N/O)c1O)CC2,train
CHEMBL4068829,CHEMBL220,4.05,2017.0,4.05,COc1ccc(CN(CC(=O)NC(C)C)C(=O)CCCCCn2cc[n+](C)c2/C=N\O)cc1.[I-],train
CHEMBL4068888,CHEMBL220,7.35,2017.0,7.35,CCN(CC)Cc1ccc(NC(=O)c2ccccc2)c(C(=O)C(=O)N(CC)CC)c1,val
CHEMBL4068935,CHEMBL220,5.9,2017.0,5.9,CCN(CCCCCCNC(=O)COc1ccc(-c2cc(=O)c3c(OC)c(OC)c(OC)cc3o2)cc1)Cc1ccccc1OC,train
CHEMBL4069096,CHEMBL220,4.35,2017.0,4.35,CCc1ccc(N2C(=O)C3CN(C)C4(C(=O)c5ccccc5C4=O)C3C2=O)cc1,train
CHEMBL4069184,CHEMBL220,6.29,2017.0,6.29,COc1cc2c(cc1OC)C(=O)/C(=C/c1ccc(O)c(CN(C)C)c1)O2,test
CHEMBL4069385,CHEMBL220,5.15,2017.0,5.15,COc1cc(/C=C/C(=O)Nc2ccccc2)ccc1OCCCCN1CCCCC1,val
CHEMBL4069444,CHEMBL220,5.14,2017.0,5.14,NC(=O)Cc1nc(NCCc2ccccc2)c2ccccc2n1,train
CHEMBL4069472,CHEMBL220,4.38,2017.0,4.38,Cc1ccc(-c2c3ccccc3[n+](C)c3ccccc23)cc1.F[B-](F)(F)F,train
CHEMBL4069776,CHEMBL220,6.55,2017.0,6.55,CCN(CCCCN1C(=O)c2ccccc2C1=O)Cc1ccccc1OC,train
CHEMBL4069847,CHEMBL220,2.9415739755429944,2017.0,2.9415739755429944,CCCCN(CC(=O)NC(C)C)C(=O)CCCCCn1ccnc1/C=N/O,test
CHEMBL4070057,CHEMBL220,4.26,2017.0,4.26,CC(=O)Nc1ccc(-c2c3ccccc3[n+](C)c3ccccc23)cc1.F[B-](F)(F)F,train
CHEMBL4070092,CHEMBL220,4.39,2017.0,4.39,C[n+]1c2ccccc2c(-c2cccs2)c2ccccc21.F[B-](F)(F)F,train
CHEMBL4070093,CHEMBL220,5.85,2017.0,5.85,CN1CCN(c2ccc(/C=C/c3ccc4ccccc4[n+]3C)cc2)CC1.[I-],train
CHEMBL4070182,CHEMBL220,6.1,2017.0,6.1,COc1ccc(CNc2c3c(nc4cc(Cl)ccc24)CCCC3)cc1OC,test
CHEMBL4070380,CHEMBL220,5.1,2017.0,5.1,NC(=O)Nc1nc(NCCc2ccccc2)c2ccccc2n1,train
CHEMBL4070462,CHEMBL220,5.14,2017.0,5.14,CC(C)Nc1nc(NCCc2ccccc2)c2ccccc2n1,train
CHEMBL4070471,CHEMBL220,7.22,2017.0,7.22,COc1cc2c(cc1OC)C(=O)/C(=C/c1cc[n+](Cc3ccc([N+](=O)[O-])cc3)cc1)C2.[Br-],val
CHEMBL4070769,CHEMBL220,5.38,2017.0,5.38,N#CC1=C(N)N2CCCNC2=C([N+](=O)[O-])C12c1ccccc1-c1nc3ccccc3nc12,train
CHEMBL4071110,CHEMBL220,4.22,2017.0,4.22,Cc1cc(-c2c3ccccc3[n+](C)c3ccccc23)cc(C)c1C.F[B-](F)(F)F,train
CHEMBL4071149,CHEMBL220,5.0,2017.0,5.0,CCOC(=O)CC[C@H](NC(=O)OCc1ccccc1)C(=O)OCC,val
CHEMBL4071377,CHEMBL220,8.54,2017.0,8.54,COc1cc2c(cc1OC)C(=O)C(Cc1cc[n+](Cc3ccccc3)cc1C#N)C2.[Br-],train
CHEMBL4071394,CHEMBL220,3.721246399047171,2017.0,3.721246399047171,S=C(NCCN1CCCCC1)Nc1cccc(Cl)c1,train
CHEMBL4071803,CHEMBL220,4.3,2017.0,4.3,CN1CC2C(=O)N(c3ccc(F)cc3)C(=O)C2C12C(=O)c1ccccc1C2=O,train
CHEMBL4072258,CHEMBL220,5.96,2017.0,5.96,COc1cc(/C=C/C(=O)Nc2ccccc2)ccc1OCCCCCCN1CCCC1,train
CHEMBL4072405,CHEMBL220,5.71,2017.0,5.71,CCOC(=O)/C=C/c1ccc(OCCCCCCN(CC)CC)c(OC)c1,val
CHEMBL4072457,CHEMBL220,4.16,2017.0,4.16,CSP(C)(=O)OC1CCCCC1,train
CHEMBL4072478,CHEMBL220,5.46,2017.0,5.46,COc1ccc2nc3c(c(NCCCCCCCNC(=S)NC45CC6CC(CC(C6)C4)C5)c2c1)CCCC3,train
CHEMBL4072484,CHEMBL220,5.301029995663981,2017.0,5.301029995663981,CCN(CC)c1ccc(/C=C/c2cc(N3CCN(CCO)CC3)c3ccccc3[n+]2C)c(OC)c1.[I-],train
CHEMBL4072579,CHEMBL220,3.0,2017.0,3.0,COCCN(CC(=O)NCc1ccccc1)C(=O)CCCCCn1ccnc1/C=N/O,train
CHEMBL4072825,CHEMBL220,6.11,2017.0,6.11,COc1ccc(N2C(=O)C3CN(C)C4(C(=O)c5ccccc5C4=O)C3C2=O)cc1,train
CHEMBL4072865,CHEMBL220,6.0,2017.0,6.0,COc1cc2c(cc1OC)C(=O)C(CC1C=CN(Cc3ccccc3C)C=C1C(N)=O)C2,train
CHEMBL4072914,CHEMBL220,5.17,2017.0,5.17,CCN(Cc1ccc(/C=C2\Oc3cc(OC)c(OC)cc3C2=O)cc1O)Cc1ccccc1N(C)C,train
CHEMBL4072999,CHEMBL220,7.04,2017.0,7.04,CC(=O)c1c[n+](Cc2ccccc2C)ccc1CC1Cc2cc(C)ccc2C1=O.[Br-],train
CHEMBL4073193,CHEMBL220,5.14,2017.0,5.14,NC(=O)Cc1nc(NCc2ccccc2)c2ccccc2n1,test
CHEMBL407320,CHEMBL220,8.25,2008.0,8.25,O=[N+]([O-])OCCCNCCCCNc1c2c(nc3ccccc13)CCCC2,train
CHEMBL4073273,CHEMBL220,4.82,2017.0,4.82,COc1ccc2cc(C(=O)N[C@@H](CCC(=O)NCCC3CCN(Cc4ccccc4)CC3)C(=O)O)ccc2c1,train
CHEMBL4073287,CHEMBL220,8.39,2017.0,8.39,COc1cc2c(cc1OC)C(=O)/C(=C/c1cc[n+](Cc3ccc(F)cc3)cc1)C2.[Br-],val
CHEMBL4073401,CHEMBL220,4.5,2017.0,4.5,COc1ccccc1NC(=S)NCCN1CCCCC1.Cl,train
CHEMBL4073501,CHEMBL220,5.44,2017.0,5.44,CC1(C)CNC2=C([N+](=O)[O-])C3(C(C#N)=C(N)N2C1)c1ccccc1-c1nc2ccc([N+](=O)[O-])cc2nc13,train
CHEMBL4073582,CHEMBL220,6.0,2017.0,6.0,Cc1ccc2c(c1)C(=O)C(=O)N2C(=O)c1ccccc1,test
CHEMBL4073838,CHEMBL220,3.0420098215931697,2017.0,3.0420098215931697,COc1cc2c(cc1OC)C(c1ccccc1)N(Cc1cccc(/C=N/O)c1O)CC2,val
CHEMBL4074062,CHEMBL220,7.56,2017.0,7.56,CC(=O)c1c[n+](Cc2ccccc2C)ccc1CC1Cc2cc(C)c(C)cc2C1=O.[Br-],train
CHEMBL4074258,CHEMBL220,4.95,2017.0,4.95,COc1cc(/C=C/C(=O)Nc2ccccc2)ccc1OCCCCCCCCCCN1CCCCC1,train
CHEMBL4074566,CHEMBL220,5.28,2017.0,5.28,N#CC1=C(N)N(Cc2ccccc2)C(NCc2ccccc2)=C([N+](=O)[O-])C12c1ccccc1-c1nc3ccccc3nc12,test
CHEMBL4074655,CHEMBL220,6.7,2017.0,6.7,Cc1ccc2c(c1)C(=O)C(=O)N2Cc1ccccc1[N+](=O)[O-],train
CHEMBL4074993,CHEMBL220,4.698970004336019,2017.0,4.698970004336019,CN1c2ccccc2C(n2c3ccccc3c3ccccc32)c2ccccc21,train
CHEMBL4075021,CHEMBL220,4.34,2017.0,4.34,COc1cc(/C=C/C(=O)O)ccc1OCCCCCCN1CCCCC1,test
CHEMBL4075061,CHEMBL220,7.05,2017.0,7.05,Clc1ccc2c(NCc3ccccn3)c3c(nc2c1)CCCC3,train
CHEMBL4075136,CHEMBL220,4.34,2017.0,4.34,COc1ccc(NC(=S)NCCN(C)C)cc1Cl,val
CHEMBL4075571,CHEMBL220,6.16,2017.0,6.16,CCN(CC)Cc1ccc(/C=C2\Oc3cc(OC)c(OC)cc3C2=O)cc1O,test
CHEMBL4075624,CHEMBL220,4.78,2017.0,4.78,CN1c2ccccc2C(n2cnc([N+](=O)[O-])n2)c2ccccc21,test
CHEMBL4075667,CHEMBL220,5.92,2017.0,5.92,C#CCN(CCCN1C(=O)c2ccccc2C1=O)Cc1ccccc1,train
CHEMBL4075825,CHEMBL220,5.105,2017.0,5.105,CN1c2ccccc2C(n2cncn2)c2ccccc21,test
CHEMBL4076034,CHEMBL220,5.66,2017.0,5.66,COc1ccc(CNc2c3c(nc4ccccc24)CCCC3)cc1OC,test
CHEMBL4076207,CHEMBL220,5.52,2017.0,5.52,CCCCCCOC(=O)[C@H](CCC(=O)NCCC1CCN(Cc2ccccc2)CC1)NC(=O)c1c[nH]c2ccccc12,train
CHEMBL4076580,CHEMBL220,9.1,2017.0,9.1,COc1cc2c(cc1OC)C(=O)/C(=C/c1cc[n+](Cc3ccccc3F)cc1)C2.[Br-],val
CHEMBL4076907,CHEMBL220,3.122225650008602,2017.0,3.122225650008602,COc1cc2c(cc1OC)C(c1ccccc1)N(Cc1cc(F)cc(/C=N/O)c1O)CC2,val
CHEMBL4076930,CHEMBL220,6.17,2017.0,6.17,COc1cc2c(cc1OC)C(=O)C(Cc1cc[n+](Cc3ccccc3C)cc1C(N)=O)C2.[Br-],train
CHEMBL4076986,CHEMBL220,7.73,2017.0,7.73,COc1cc2c(cc1OC)C(=O)/C(=C/c1cc[n+](Cc3ccc(C)cc3)cc1)C2.[Br-],val
CHEMBL4077088,CHEMBL220,5.2,2017.0,5.2,CCNc1nc(NCc2ccc(OC)c(OC)c2)c2ccccc2n1,test
CHEMBL4077157,CHEMBL220,6.64,2017.0,6.64,O=C(Nc1ccc(CN2CCOCC2)cc1C(=O)C(=O)N1C(=O)CCC1=O)c1ccccc1,train
CHEMBL4077169,CHEMBL220,5.155,2017.0,5.155,CN1c2ccccc2C(N2CCOCC2)c2ccccc21,train
CHEMBL4077866,CHEMBL220,3.6903698325741012,2017.0,3.6903698325741012,COc1cc2c(cc1OC)CN(CC1CCN(Cc3cc(Br)cc(/C=N/O)c3O)CC1)CC2,train
CHEMBL4077952,CHEMBL220,7.7,2017.0,7.7,COC(=O)c1cc2c(OC(=O)N(C)C)cccc2[n+](C)c1,train
CHEMBL4078265,CHEMBL220,4.49,2017.0,4.49,C[n+]1c2ccccc2c(-c2ccc(F)cc2)c2ccccc21.F[B-](F)(F)F,train
CHEMBL4078305,CHEMBL220,6.12,2017.0,6.12,O=C(CC[C@H](NC(=O)c1ccccc1)C(=O)O)NCCC1CCN(Cc2ccccc2)CC1,train
CHEMBL4078382,CHEMBL220,5.12,2017.0,5.12,CCNc1nc(NCCc2ccc(OC)c(OC)c2)c2ccccc2n1,train
CHEMBL4078463,CHEMBL220,4.62,2017.0,4.62,CCN(CC)CCCOc1ccc(/C=C/C(=O)Nc2ccccc2)cc1OC,val
CHEMBL4078528,CHEMBL220,5.301029995663981,2017.0,5.301029995663981,CCN(CC)c1ccc(/C=C/c2cc(N3CCOCC3)c3ccccc3[n+]2C)c(O)c1.[I-],train
CHEMBL407904,CHEMBL220,3.5734887386354246,2008.0,3.5734887386354246,CCN(Cc1ccccc1)Cc1ccc(-c2cc3cc(OCCNC(=O)/C=C/c4ccc(Cl)c(Cl)c4)ccc3oc2=O)cc1,train
CHEMBL4079076,CHEMBL220,4.33,2017.0,4.33,NC(=O)c1cc[n+](COC[n+]2ccc(/C=N/O)cc2)cc1.[Cl-].[Cl-],train
CHEMBL4079345,CHEMBL220,5.12,2017.0,5.12,CCNc1nc(NCc2ccccc2)c2ccccc2n1,test
CHEMBL4079599,CHEMBL220,6.05,2017.0,6.05,CCCCCCOC(=O)[C@@H](CCC(=O)NCCC1CCN(Cc2ccccc2)CC1)NC(=O)c1ccccc1,train
CHEMBL4079853,CHEMBL220,4.16,2017.0,4.16,CN1CC2C(=O)N(c3ccccc3)C(=O)C2C12C(=O)c1ccccc1C2=O,train
CHEMBL4079963,CHEMBL220,4.05,2017.0,4.05,NS(=O)(=O)c1ccc(NC(=S)NCCN2CCCCC2)cc1,train
CHEMBL4080105,CHEMBL220,6.15,2017.0,6.15,COc1cc(/C=C/C(=O)Nc2ccccc2)ccc1OCCCCCCN1CCCCC1,train
CHEMBL4080216,CHEMBL220,4.1,2017.0,4.1,CN1CC2C(=O)N(c3cccc(F)c3)C(=O)C2C12C(=O)c1ccccc1C2=O,train
CHEMBL4080358,CHEMBL220,6.22,2017.0,6.22,CCN(CC)c1ccc(/C=C/c2ccc3ccccc3[n+]2C)c(Cl)c1.[I-],train
CHEMBL4080691,CHEMBL220,6.05,2017.0,6.05,CCOC(=O)[C@H](CCC(=O)NCCC1CCN(Cc2ccccc2)CC1)NC(=O)c1ccc2cc(OC)ccc2c1,train
CHEMBL4080726,CHEMBL220,4.74,2017.0,4.74,CCN(CC)c1ccc(-c2c3ccccc3[n+](C)c3ccccc23)cc1.F[B-](F)(F)F,train
CHEMBL4080800,CHEMBL220,4.698970004336019,2017.0,4.698970004336019,Cc1ccc(C2c3ccccc3N(C)c3ccccc32)cc1,test
CHEMBL4080917,CHEMBL220,2.8049310035314097,2017.0,2.8049310035314097,COc1cc2c(cc1OC)CN(Cc1cc(Cl)cc(/C=N/O)c1O)CC2,train
CHEMBL4081013,CHEMBL220,5.08,2017.0,5.08,NC(=O)Nc1nc(NCc2ccccc2)c2ccccc2n1,test
CHEMBL4081509,CHEMBL220,4.006820084662626,2017.0,4.006820084662626,CCCCN(CC(=O)NCc1ccccc1)C(=O)CCCCCn1cc[n+](C)c1/C=N\O.[I-],train
CHEMBL4081699,CHEMBL220,5.72,2017.0,5.72,CCOC(=O)[C@H](CCC(=O)NCCC1CCN(Cc2ccccc2)CC1)NC(=O)c1c[nH]c2ccccc12,train
CHEMBL4081776,CHEMBL220,6.0,2017.0,6.0,CC(=O)C1=CN(Cc2ccccc2C)C=CC1CC1Cc2cc3c(cc2C1=O)OCO3,train
CHEMBL4081795,CHEMBL220,5.06,2017.0,5.06,Oc1cc(O)cc(/C=C/c2ccc(Nc3c4c(nc5cc(Cl)ccc35)CCCC4)cc2)c1,val
CHEMBL4081805,CHEMBL220,4.85,2017.0,4.85,COc1cc2c(cc1OC)C(=O)/C(=C/c1ccc(CN3CCN(C)CC3)c(O)c1)O2,train
CHEMBL4081915,CHEMBL220,8.06,2017.0,8.06,COc1cc2c(cc1OC)C(=O)C(Cc1cc[n+](Cc3ccccc3C)cc1C(C)=O)C2.[Br-],train
CHEMBL4081932,CHEMBL220,3.6989700043360187,2017.0,3.6989700043360187,CC1CCN(CCNC(=S)Nc2cccc(Cl)c2)CC1,train
CHEMBL4082048,CHEMBL220,8.28,2017.0,8.28,COc1cc2c(cc1OC)C(=O)/C(=C/c1cc[n+](Cc3cccc(Br)c3)cc1)C2.[Br-],val
CHEMBL4082739,CHEMBL220,4.87,2017.0,4.87,COc1cc(/C=C/C(=O)Nc2ccccc2)ccc1OCCCCCCCCCCN1CCCC1,train
CHEMBL4082785,CHEMBL220,4.7,2018.0,4.7,CCOc1ccc(Cc2nc3cc(C(=O)N(CC)CC)ccc3n2CCCCCCN2CCCCC2)cc1,train
CHEMBL4082959,CHEMBL220,6.58,2017.0,6.58,O=C1C(=O)N(Cc2ccccc2[N+](=O)[O-])c2ccc(Br)cc21,train
CHEMBL4083039,CHEMBL220,7.16,2017.0,7.16,COc1cc2c(cc1OC)C(=O)/C(=C/c1cc[n+](Cc3ccc(Br)cc3)cc1)C2.[Br-],val
CHEMBL4083174,CHEMBL220,6.1,2017.0,6.1,COc1cc(CCc2ccc(Nc3c4c(nc5cc(Cl)ccc35)CCCC4)cc2)cc(OC)c1,train
CHEMBL4083288,CHEMBL220,4.698970004336019,2017.0,4.698970004336019,CCCCNc1c2ccccc2[n+](C)c2ccccc12.F[B-](F)(F)F,train
CHEMBL4083306,CHEMBL220,3.0,2017.0,3.0,COC(=O)C1=CN(C)c2cccc(OC(=O)N(C)C)c2C1,train
CHEMBL4083445,CHEMBL220,6.0,2017.0,6.0,CC(=O)C1=CN(Cc2ccccc2C)C=CC1CC1Cc2cc(C)ccc2C1=O,train
CHEMBL4083524,CHEMBL220,5.25,2017.0,5.25,CCCNc1nc(NCc2ccc(OC)c(OC)c2)c2ccccc2n1,test
CHEMBL4083601,CHEMBL220,5.14,2017.0,5.14,CCCNc1nc(NCCc2ccccc2)c2ccccc2n1,train
CHEMBL4083875,CHEMBL220,5.19,2017.0,5.19,N#CC1=C(N)N2CCNC2=C([N+](=O)[O-])C12c1ccccc1-c1nc3ccc([N+](=O)[O-])cc3nc12,test
CHEMBL4084189,CHEMBL220,3.0403386297265045,2017.0,3.0403386297265045,COc1cc(/C=N/O)c(O)c(CN2CCc3cc(OC)c(OC)cc3C2c2ccccc2)c1,val
CHEMBL4084371,CHEMBL220,7.22,2017.0,7.22,CC(=O)c1c[n+](Cc2ccccc2C)ccc1CC1Cc2cc3c(cc2C1=O)OCO3.[Br-],train
CHEMBL4084714,CHEMBL220,5.05,2017.0,5.05,COc1cc(/C=C/C(=O)Nc2ccccc2)ccc1OCCCCCCCCN(C)C,val
CHEMBL4084842,CHEMBL220,8.4,2017.0,8.4,COc1cc2c(cc1OC)C(=O)/C(=C/c1cc[n+](Cc3cccc(C)c3)cc1)C2.[Br-],val
CHEMBL4085114,CHEMBL220,5.16,2017.0,5.16,CC(=O)Nc1nc(NCCc2ccccc2)c2ccccc2n1,train
CHEMBL4085222,CHEMBL220,5.42,2017.0,5.42,COc1cc(/C=C/C(=O)N2CCC(Cc3ccccc3)CC2)ccc1OCCCCN1CCc2ccccc2C1,train
CHEMBL4085283,CHEMBL220,4.43,2017.0,4.43,COc1cc(/C=C/C(=O)Nc2ccccc2)ccc1OCCCN1CCCC1,train
CHEMBL4085450,CHEMBL220,7.1,2017.0,7.1,O=C1C(=O)N(C(=O)c2ccccc2)c2ccc(CN3CCCCC3)cc21,train
CHEMBL4085482,CHEMBL220,4.21,2018.0,4.21,CCOc1ccc(Cc2nc3cc(C(=O)N(CC)CC)ccc3n2CCCCN2CCCCC2)cc1,train
CHEMBL4085671,CHEMBL220,3.997833938243492,2017.0,3.997833938243492,COc1cc(/C=C/C(=O)Nc2ccccc2)ccc1OCCCCN(C)C,val
CHEMBL4085722,CHEMBL220,3.290730039024169,2017.0,3.290730039024169,COc1cc(/C=N/O)c(O)c(CN2CCC(CN3CCc4cc(OC)c(OC)cc4C3)CC2)c1,train
CHEMBL4085738,CHEMBL220,5.82,2017.0,5.82,COc1ccc(C2c3ccc4cccnc4c3Oc3nc4c(c(N)c32)CCCC4)cc1,test
CHEMBL4086152,CHEMBL220,5.301029995663981,2017.0,5.301029995663981,CCN(CC)c1ccc(/C=C/c2cc(N3CCN(C)CC3)c3ccccc3[n+]2C)c(O)c1.[I-],train
CHEMBL4086191,CHEMBL220,5.19,2017.0,5.19,O=C(CC[C@H](NC(=O)c1c[nH]c2ccccc12)C(=O)O)NCCC1CCN(Cc2ccccc2)CC1,train
CHEMBL4086248,CHEMBL220,5.14,2017.0,5.14,COc1ccc(CCNc2nc(NC3CC3)nc3ccccc23)cc1OC,train
CHEMBL4086323,CHEMBL220,5.0,2017.0,5.0,COc1cc(/C=C/C(=O)Nc2ccccc2)ccc1OCCCCCCCCCCN(C)C,val
CHEMBL4086383,CHEMBL220,5.38,2017.0,5.38,COc1cc(/C=C/c2cc(N3CCN(C)CC3)c3ccccc3[n+]2C)ccc1N1CCN(C)CC1.[I-],train
CHEMBL4086639,CHEMBL220,3.1305335899191333,2017.0,3.1305335899191333,COc1cc2c(cc1OC)C(c1ccccc1)N(CC1CCN(Cc3cccc(/C=N/O)c3O)CC1)CC2,test
CHEMBL4086807,CHEMBL220,5.301029995663981,2017.0,5.301029995663981,CCN(CC)c1ccc(/C=C/c2ccc3ccccc3n2)c(O)c1,train
CHEMBL4087300,CHEMBL220,4.83,2017.0,4.83,CCN(CC)CCCCCCCCCCOc1ccc(/C=C/C(=O)Nc2ccccc2)cc1OC,val
CHEMBL4087364,CHEMBL220,5.301029995663981,2017.0,5.301029995663981,CCN(CC)c1ccc(/C=C/c2cc(N3CCN(CCO)CC3)c3ccccc3[n+]2C)c(O)c1.[I-],train
CHEMBL4087841,CHEMBL220,3.6989700043360187,2017.0,3.6989700043360187,COc1ccc(NC(=S)NCCN(C)C)cc1,val
CHEMBL4087978,CHEMBL220,5.81,2017.0,5.81,CCOC(=O)/C=C/c1ccc(OCCCCCCCCN(CC)CC)c(OC)c1,val
CHEMBL4088091,CHEMBL220,5.68,2017.0,5.68,CN1C(=O)C2CN(C)C3(C(=O)c4ccccc4C3=O)C2C1=O,train
CHEMBL4088116,CHEMBL220,3.3010299956639813,2017.0,3.3010299956639813,COc1cc(/C=C/C(=O)Nc2ccccc2)ccc1O,val
CHEMBL4088294,CHEMBL220,3.252355180671752,2017.0,3.252355180671752,COc1cc2c(cc1OC)CN(Cc1ccc(O)c(/C=N/O)c1)CC2,train
CHEMBL4088594,CHEMBL220,4.3,2017.0,4.3,Cc1cc(-c2c3ccccc3[n+](C)c3ccccc23)cc(C)c1O.F[B-](F)(F)F,train
CHEMBL4088659,CHEMBL220,5.050000000000001,2017.0,5.050000000000001,CN1c2ccccc2C(n2nnc3ccccc32)c2ccccc21,train
CHEMBL4089033,CHEMBL220,5.38,2017.0,5.38,CN1CC2C(=O)N(C3CCCCC3)C(=O)C2C12C(=O)c1ccccc1C2=O,train
CHEMBL4089082,CHEMBL220,6.96,2017.0,6.96,CC(C)c1ccc(NC(=O)Oc2ccc3c(c2)[C@]2(C)CCN[C@@H]2N3)cc1,train
CHEMBL4089155,CHEMBL220,5.301029995663981,2017.0,5.301029995663981,C[n+]1c(/C=C/c2cccnc2)ccc2ccccc21.[I-],test
CHEMBL4089264,CHEMBL220,6.23,2017.0,6.23,CCN(CCCCCCN1C(=O)c2ccccc2C1=O)Cc1ccccc1OC,test
CHEMBL4089550,CHEMBL220,4.529999999999999,2017.0,4.529999999999999,COc1cc2c(cc1OC)CN(CC1CCN(Cc3cc(C)cc(/C=N/O)c3O)CC1)CC2,train
CHEMBL4089910,CHEMBL220,5.59,2021.0,5.59,Cc1cc2c(c(C)c1CCO[C@@H]1O[C@H](CO)[C@@H](O)[C@H](O)[C@H]1O)C(=O)[C@H](C)C2,test
CHEMBL4090159,CHEMBL220,5.13,2017.0,5.13,Cc1ccc(N2C(=O)C3CN(C)C4(C(=O)c5ccccc5C4=O)C3C2=O)cc1,train
CHEMBL4090413,CHEMBL220,5.32,2017.0,5.32,COc1cc(/C=C/C(=O)Nc2ccccc2)ccc1OCCCCCN1CCCCC1,train
CHEMBL4090498,CHEMBL220,4.21,2017.0,4.21,C[n+]1c2ccccc2c(-c2ccccc2)c2ccccc21.F[B-](F)(F)F,train
CHEMBL4090559,CHEMBL220,4.16,2017.0,4.16,COc1cc(/C=C/C(=O)O)ccc1OCCCCCCN1CCCC1,train
CHEMBL4090583,CHEMBL220,4.61,2017.0,4.61,COc1cc2c(cc1OC)C(=O)/C(=C/c1ccc(CN(C)C)c(O)c1)O2,test
CHEMBL4090751,CHEMBL220,6.4,2017.0,6.4,O=C1C(=O)N(C(=O)c2ccccc2)c2ccc(CNc3ccc(Br)cc3)cc21,train
CHEMBL4090842,CHEMBL220,3.1390946923937264,2017.0,3.1390946923937264,COc1ccc(CN(CC(=O)NC(C)C)C(=O)CCCCCn2ccnc2/C=N/O)cc1,train
CHEMBL4091001,CHEMBL220,3.009927665307847,2017.0,3.009927665307847,COc1cc2c(cc1OC)C(c1ccccc1)N(CC1CCN(Cc3cc(Br)cc(/C=N/O)c3O)CC1)CC2,test
CHEMBL4091169,CHEMBL220,6.21,2019.0,6.21,Clc1ccc(CNC2CCN(Cc3ccccc3)CC2)c(Cl)c1,train
CHEMBL4091317,CHEMBL220,5.07,2017.0,5.07,COc1ccc(CNc2nc(NC(C)=O)nc3ccccc23)cc1OC,test
CHEMBL4091385,CHEMBL220,5.07,2017.0,5.07,c1ccc(CCNc2nc(NC3CC3)nc3ccccc23)cc1,train
CHEMBL4091651,CHEMBL220,5.24,2017.0,5.24,Cc1cc2nc3c(nc2cc1C)C1(C(C#N)=C(N)N2CCCNC2=C1[N+](=O)[O-])c1ccccc1-3,train
CHEMBL4091683,CHEMBL220,6.17,2017.0,6.17,CCN(CCCCN1C(=O)c2ccccc2C1=O)Cc1ccccc1,train
CHEMBL4091748,CHEMBL220,3.044208149509462,2017.0,3.044208149509462,CCCCN(CC(=O)NCc1ccccc1)C(=O)CCCCCn1ccnc1/C=N/O,train
CHEMBL4091851,CHEMBL220,6.22,2017.0,6.22,COc1ccc(CCNc2c3c(nc4cc(Cl)ccc24)CCCC3)cc1OC,train
CHEMBL4091935,CHEMBL220,4.698970004336019,2017.0,4.698970004336019,C[n+]1c2ccccc2c(-c2c(O)ccc3ccccc23)c2ccccc21.F[B-](F)(F)F,train
CHEMBL4091945,CHEMBL220,3.047788941891331,2017.0,3.047788941891331,COc1cc2c(cc1OC)C(c1ccccc1)N(Cc1cc(Br)cc(/C=N/O)c1O)CC2,val
CHEMBL4092048,CHEMBL220,7.39,2017.0,7.39,COc1cc2c(cc1OC)C(=O)C(Cc1cc[n+](Cc3cccc(Cl)c3)cc1C(N)=O)C2.[Br-],train
CHEMBL4092123,CHEMBL220,6.0,2017.0,6.0,CNC(=O)c1c[n+](Cc2ccccc2C)ccc1CC1Cc2cc(OC)c(OC)cc2C1=O.[Br-],train
CHEMBL4092142,CHEMBL220,3.6989700043360187,2017.0,3.6989700043360187,NS(=O)(=O)c1ccc(NC(=S)NCCN2CCOCC2)cc1,train
CHEMBL4092186,CHEMBL220,4.85,2017.0,4.85,COc1ccc(NC(=S)NCCN2CCOCC2)cc1Cl,train
CHEMBL4092562,CHEMBL220,5.86,2017.0,5.86,CCN(CCCCCCNC(=O)COc1ccc(-c2cc(=O)c3c(O)c(OC)c(OC)cc3o2)cc1)Cc1ccccc1OC,train
CHEMBL4092602,CHEMBL220,5.41,2017.0,5.41,N#CC1=C(N)N2CCCNC2=C([N+](=O)[O-])C12c1ccccc1-c1nc3ccc([N+](=O)[O-])cc3nc12,train
CHEMBL4092905,CHEMBL220,2.918292729902651,2017.0,2.918292729902651,COc1cc2c(cc1OC)C(c1ccccc1)N(Cc1cc(Cl)cc(/C=N/O)c1O)CC2,val
CHEMBL4093019,CHEMBL220,5.21,2017.0,5.21,COc1cc(/C=C/C(=O)Nc2ccccc2)ccc1OCCCCCN1CCCC1,train
CHEMBL4093201,CHEMBL220,2.8239087409443187,2017.0,2.8239087409443187,CSP(C)(=O)OC(C)C,test
CHEMBL4093408,CHEMBL220,4.63,2017.0,4.63,COc1cc(/C=C/C(=O)Nc2ccccc2)ccc1OCCN(C)C,val
CHEMBL4093419,CHEMBL220,4.85,2017.0,4.85,COc1cc(CCc2ccc(Nc3c4c(nc5ccccc35)CCCC4)cc2)cc(OC)c1,train
CHEMBL4093514,CHEMBL220,5.6,2017.0,5.6,CN1CCN(c2ccc(/C=C/c3cc(N4CCN(C)CC4)c4ccccc4[n+]3C)cc2)CC1.[I-],train
CHEMBL4093532,CHEMBL220,4.91,2017.0,4.91,CC(C)c1ccc(N2C(=O)C3CN(C)C4(C(=O)c5ccccc5C4=O)C3C2=O)cc1,train
CHEMBL4093567,CHEMBL220,6.0,2017.0,6.0,CC(=O)C1=CN(Cc2ccccc2C)C=CC1CC1Cc2cc(Cl)ccc2C1=O,train
CHEMBL4093928,CHEMBL220,3.8239087409443187,2017.0,3.8239087409443187,CCO[P@@](=O)(SCC)c1ccccc1,val
CHEMBL4093946,CHEMBL220,5.68,2017.0,5.68,COc1cc(/C=C/c2ccc3ccccc3[n+]2C)ccc1N1CCN(C)CC1.[I-],train
CHEMBL4093947,CHEMBL220,6.07,2017.0,6.07,CCOC(=O)[C@H](CCC(=O)NCCC1CCN(Cc2ccccc2)CC1)NC(=O)c1ccccc1,train
CHEMBL4094081,CHEMBL220,7.85,2017.0,7.85,COc1cc2c(cc1OC)C(=O)C(Cc1cc[n+](Cc3cccc(C)c3)cc1C(C)=O)C2.[Br-],train
CHEMBL4094380,CHEMBL220,3.280088935801661,2017.0,3.280088935801661,COc1cc2c(cc1OC)C(c1ccccc1)N(CC1CCN(Cc3cc(C)cc(/C=N/O)c3O)CC1)CC2,test
CHEMBL4094543,CHEMBL220,6.0,2017.0,6.0,Cc1ccc2c(c1)CC(=O)N2C(=O)c1ccccc1,train
CHEMBL4094591,CHEMBL220,7.52,2017.0,7.52,COc1ccc2c(c1)CC(Cc1cc[n+](Cc3ccccc3C)cc1C(C)=O)C2=O.[Br-],train
CHEMBL4094761,CHEMBL220,5.58,2017.0,5.58,CCOC(=O)/C=C/c1ccc(OCCCCCCN2CCCCC2)c(OC)c1,test
CHEMBL4094805,CHEMBL220,5.88,2017.0,5.88,COc1cc2c(cc1OC)C(=O)/C(=C/c1ccc(CN3CCCC3)c(O)c1)O2,train
CHEMBL4094833,CHEMBL220,5.0,2017.0,5.0,CCOC(=O)CC[C@@H](NC(=O)OCc1ccccc1)C(=O)OCC,val
CHEMBL4094837,CHEMBL220,4.698970004336019,2017.0,4.698970004336019,COc1ccc(C2c3ccccc3N(C)c3ccccc32)cc1,test
CHEMBL4094911,CHEMBL220,5.07,2017.0,5.07,CNc1nc(NCCc2ccc(OC)c(OC)c2)c2ccccc2n1,train
CHEMBL4094981,CHEMBL220,5.74,2017.0,5.74,CCN(CC)CCCCCCOc1ccc(/C=C/C(=O)Nc2ccccc2)cc1OC,val
CHEMBL4095032,CHEMBL220,5.24,2017.0,5.24,Cc1cc2nc3c(nc2cc1C)C1(C(C#N)=C(N)N(Cc2ccccc2)C(NCc2ccccc2)=C1[N+](=O)[O-])c1ccccc1-3,test
CHEMBL4095035,CHEMBL220,8.54,2017.0,8.54,COc1cc2c(cc1OC)C(=O)/C(=C/c1cc[n+](Cc3cccc(F)c3)cc1)C2.[Br-],val
CHEMBL4095051,CHEMBL220,5.64,2017.0,5.64,CCn1c2ccccc2c2cc(/C=C/c3cc(N4CCOCC4)c4ccccc4[n+]3C)ccc21.[I-],train
CHEMBL4095445,CHEMBL220,5.12,2017.0,5.12,COc1ccc(CCNc2nc(NC(C)C)nc3ccccc23)cc1OC,train
CHEMBL4095535,CHEMBL220,8.24,2017.0,8.24,COC(=O)c1c[n+](Cc2ccccc2C)ccc1CC1Cc2cc(OC)c(OC)cc2C1=O.[Br-],train
CHEMBL4095547,CHEMBL220,3.6989700043360187,2017.0,3.6989700043360187,COc1cc(NC(=S)NCCN2CCOCC2)ccc1Cl,train
CHEMBL4095695,CHEMBL220,4.71,2017.0,4.71,COc1cc(/C=C/C(=O)Nc2ccccc2)ccc1OCCN1CCCCC1,train
CHEMBL4095755,CHEMBL220,7.66,2017.0,7.66,CC1CC[C@@]2(C)c3cc(OC(=O)Nc4ccccc4)ccc3C(C)[C@@H]12,val
CHEMBL4095908,CHEMBL220,6.09,2017.0,6.09,COc1cccc(C2c3ccc4cccnc4c3Oc3nc4c(c(N)c32)CCCC4)c1,test
CHEMBL4096024,CHEMBL220,5.0,2017.0,5.0,CCC(C)(C)NCC(O)c1cc(OC(=O)N(C)C)cc(OC(=O)N(C)C)c1.Cl,val
CHEMBL409610,CHEMBL220,4.744485002168009,2007.0,4.744485002168009,COc1ccc2c3c1O[C@H]1C[C@@H](O)C=C[C@@]31[C@H](O)CN(C)C2,train
CHEMBL4096126,CHEMBL220,3.7244519627068398,2017.0,3.7244519627068398,CCCCN(CC(=O)NC(C)C)C(=O)CCCCCn1cc[n+](C)c1/C=N\O.[I-],train
CHEMBL4096311,CHEMBL220,4.86,2017.0,4.86,COc1ccc(-c2c3ccccc3[n+](C)c3ccccc23)cc1.F[B-](F)(F)F,train
CHEMBL4096673,CHEMBL220,4.9,2017.0,4.9,COc1ccc(CCNc2nc(CC(N)=O)nc3ccccc23)cc1OC,train
CHEMBL4096862,CHEMBL220,6.0,2017.0,6.0,CCN(CC)c1ccc(/C=C/c2ccc3ccccc3[n+]2C)c(OC)n1.[I-],test
CHEMBL4096963,CHEMBL220,5.43,2017.0,5.43,CCN(CCCCCCN1C(=O)c2ccccc2C1=O)Cc1ccccc1,test
CHEMBL4097249,CHEMBL220,4.44,2017.0,4.44,C[n+]1c2ccccc2c(-c2ccc(NC(=O)C(F)(F)F)cc2)c2ccccc21.F[B-](F)(F)F,train
CHEMBL4097266,CHEMBL220,3.1426675035687315,2017.0,3.1426675035687315,CSP(C)(=O)OC(C)C(C)(C)C,test
CHEMBL4097284,CHEMBL220,6.16,2017.0,6.16,CCN(CC)c1ccc(/C=C/c2ccc3ccccc3[n+]2C)c(OC)c1.[I-],train
CHEMBL4097374,CHEMBL220,5.14,2017.0,5.14,COc1ccc(CNc2nc(NC3CC3)nc3ccccc23)cc1OC,train
CHEMBL4097388,CHEMBL220,4.56,2021.0,4.56,Cc1cc2c(c(C)c1CCO[C@@H]1O[C@H](CO)[C@@H](O)[C@H](O)[C@H]1O)C(=O)C(C)(C)[C@H]2O,test
CHEMBL4097877,CHEMBL220,4.13,2017.0,4.13,CN1CC2C(=O)N(c3ccc(Br)cc3)C(=O)C2C12C(=O)c1ccccc1C2=O,train
CHEMBL4098132,CHEMBL220,5.38,2017.0,5.38,COc1cc(/C=C/C(=O)Nc2ccccc2)ccc1OCCCCCCCCN1CCCCC1,train
CHEMBL4098196,CHEMBL220,4.49,2017.0,4.49,CCN1CCN(Cc2ccc(/C=C3\Oc4cc(OC)c(OC)cc4C3=O)cc2O)CC1,train
CHEMBL4098418,CHEMBL220,7.44,2017.0,7.44,COc1cc2c(cc1OC)C(=O)C(Cc1cc[n+](Cc3ccccc3)cc1)C2.[Br-],train
CHEMBL4098421,CHEMBL220,5.14,2017.0,5.14,CNc1nc(NCc2ccc(OC)c(OC)c2)c2ccccc2n1,test
CHEMBL4098455,CHEMBL220,5.0,2017.0,5.0,CCN(C)C(=O)Oc1cc(OC(=O)N(C)CC)cc(C(O)CNC(C)(C)CC)c1.Cl,val
CHEMBL409854,CHEMBL220,4.71,2003.0,4.71,C[C@@H]([C@H]1CC[C@H]2[C@@H]3CC[C@H]4C[C@@H](N(C)C(=O)/C=C/c5ccccc5)CC[C@]4(C)[C@H]3CC[C@]12C)N(C)C,train
CHEMBL4098654,CHEMBL220,7.2,2017.0,7.2,CCN(CCCCNC(=O)COc1ccc(-c2cc(=O)c3c(OC)c(OC)c(OC)cc3o2)cc1)Cc1ccccc1OC,train
CHEMBL4098703,CHEMBL220,8.47,2017.0,8.47,COc1cc2c(cc1OC)C(=O)/C(=C/c1cc[n+](Cc3ccccc3)cc1)C2.[Br-],val
CHEMBL4098808,CHEMBL220,4.55,2017.0,4.55,CN1CC2C(=O)N(c3ccc(Cl)cc3)C(=O)C2C12C(=O)c1ccccc1C2=O,train
CHEMBL4099046,CHEMBL220,5.06,2017.0,5.06,COc1ccc(CCNc2nc(NC(N)=O)nc3ccccc23)cc1OC,train
CHEMBL4099308,CHEMBL220,5.301029995663981,2017.0,5.301029995663981,CN1CCN(c2cc(/C=C/c3ccc(N(C)C)cc3)[n+](C)c3ccccc23)CC1.[I-],train
CHEMBL4099340,CHEMBL220,5.57,2017.0,5.57,CCN(CC)CCCCCCOc1ccc(/C=C/C(=O)O)cc1OC,val
CHEMBL4099391,CHEMBL220,8.24,2017.0,8.24,COc1cc2c(cc1OC)C(=O)/C(=C/c1cc[n+](Cc3ccccc3C)cc1)C2.[Br-],val
CHEMBL4099404,CHEMBL220,5.301029995663981,2017.0,5.301029995663981,C[n+]1c(/C=C/c2cc3ccccc3[nH]2)cc(N2CCN(CCO)CC2)c2ccccc21.[I-],test
CHEMBL4099486,CHEMBL220,3.0,2017.0,3.0,COCCN(CC(=O)NC(C)C)C(=O)CCCCCn1ccnc1/C=N/O,test
CHEMBL4099598,CHEMBL220,5.19,2017.0,5.19,N#CC1=C(N)N2CCNC2=C([N+](=O)[O-])C12c1ccccc1-c1nc3ccccc3nc12,test
CHEMBL4099790,CHEMBL220,5.17,2017.0,5.17,COc1ccc(CNc2nc(NC(C)C)nc3ccccc23)cc1OC,test
CHEMBL4099794,CHEMBL220,6.0,2017.0,6.0,COc1ccc2c(c1)CC(CC1C=CN(Cc3ccccc3C)C=C1C(C)=O)C2=O,train
CHEMBL4099873,CHEMBL220,6.58,2017.0,6.58,CC(=O)c1c[n+](Cc2ccccc2C)ccc1CC1Cc2cc(Cl)ccc2C1=O.[Br-],train
CHEMBL4099934,CHEMBL220,3.9208187539523753,2017.0,3.9208187539523753,COc1ccc(NC(=S)NCCN2CCCCC2)cc1,train
CHEMBL41,CHEMBL220,5.945,2008.0,5.945,CNCCC(Oc1ccc(C(F)(F)F)cc1)c1ccccc1,train
CHEMBL4100046,CHEMBL220,5.13,2017.0,5.13,COc1ccc(CNc2nc(CC(N)=O)nc3ccccc23)cc1OC,test
CHEMBL4100057,CHEMBL220,2.8594919569618202,2017.0,2.8594919569618202,COc1cc(/C=N/O)c(O)c(CN2CCc3cc(OC)c(OC)cc3C2)c1,train
CHEMBL4100253,CHEMBL220,3.6989700043360187,2017.0,3.6989700043360187,CN(C)CCNC(=S)Nc1ccccc1Cl.O=S(=O)(O)O,val
CHEMBL4100298,CHEMBL220,7.41,2017.0,7.41,CCN(CCCCNC(=O)COc1ccc(-c2cc(=O)c3c(O)c(OC)c(OC)cc3o2)cc1)Cc1ccccc1OC,train
CHEMBL4100338,CHEMBL220,5.4,2017.0,5.4,Cc1cc2nc3c(nc2cc1C)C1(C(C#N)=C(N)N2CC(C)(C)CNC2=C1[N+](=O)[O-])c1ccccc1-3,train
CHEMBL4100407,CHEMBL220,6.84,2017.0,6.84,Cc1ccc2c(c1)C(=O)C(=O)N2C(=O)N(C)C,train
CHEMBL4100639,CHEMBL220,3.2037032599482083,2017.0,3.2037032599482083,COc1cc2c(cc1OC)C(c1ccccc1)N(Cc1ccc(O)c(/C=N/O)c1)CC2,val
CHEMBL4100736,CHEMBL220,5.54,2017.0,5.54,COc1cc(/C=C/C(=O)Nc2ccccc2)ccc1OCCCCCCCCN1CCCC1,train
CHEMBL4100760,CHEMBL220,7.43,2017.0,7.43,COc1cc2c(cc1OC)C(=O)/C(=C/c1ccc(CN3CCCCC3)c(O)c1)O2,train
CHEMBL4100935,CHEMBL220,7.05,2017.0,7.05,O=C1C(=O)N(Cc2ccc(Br)cc2)c2ccc(Br)cc21,train
CHEMBL4101018,CHEMBL220,8.44,2017.0,8.44,COc1cc2c(cc1OC)C(=O)/C(=C/c1cc[n+](Cc3cccc([N+](=O)[O-])c3)cc1)C2.[Br-],val
CHEMBL4101303,CHEMBL220,5.27,2017.0,5.27,COc1cc2c(cc1OC)C(=O)C(CC1C=CN(Cc3cccc(Cl)c3)C=C1C(N)=O)C2,train
CHEMBL4101703,CHEMBL220,4.45,2017.0,4.45,COc1cc(/C=C/C(=O)Nc2ccccc2)ccc1OCCN1CCCC1,train
CHEMBL4101886,CHEMBL220,5.17,2017.0,5.17,c1ccc(CNc2c3c(nc4ccccc24)CCCC3)nc1,train
CHEMBL4102122,CHEMBL220,3.5816987086802543,2017.0,3.5816987086802543,COc1cc2c(cc1OC)CN(CC1CCN(Cc3cc(Cl)cc(/C=N/O)c3O)CC1)CC2,train
CHEMBL4102333,CHEMBL220,8.48,2017.0,8.48,COc1cc2c(cc1OC)C(=O)C(Cc1cc[n+](Cc3cccc(Cl)c3)cc1C(C)=O)C2.[Br-],train
CHEMBL4102562,CHEMBL220,4.58,2017.0,4.58,COc1cc2c(cc1OC)C(=O)/C(=C/c1ccc(CN(C)Cc3ccccc3)c(O)c1)O2,train
CHEMBL4102571,CHEMBL220,5.52,2017.0,5.52,CCOC(=O)CC[C@@H](NC(=O)OCc1ccccc1)C(=O)NCCC1CCN(Cc2ccccc2)CC1,train
CHEMBL4102655,CHEMBL220,5.16,2017.0,5.16,CCCNc1nc(NCCc2ccc(OC)c(OC)c2)c2ccccc2n1,train
CHEMBL4102718,CHEMBL220,4.38,2017.0,4.38,CCN(CC)CCCCOc1ccc(/C=C/C(=O)Nc2ccccc2)cc1OC,val
CHEMBL4102810,CHEMBL220,5.301029995663981,2017.0,5.301029995663981,CCN(CC)c1ccc(/C=C/c2cc(N3CCOCC3)c3ccccc3[n+]2C)c(OC)c1.[I-],train
CHEMBL4103604,CHEMBL220,4.48,2017.0,4.48,COc1cc(/C=C/C(=O)Nc2ccccc2)ccc1OCCCCCN(C)C,val
CHEMBL4103664,CHEMBL220,5.54,2017.0,5.54,Cc1ccc(C2c3ccc4cccnc4c3Oc3nc4c(c(N)c32)CCCC4)cc1,test
CHEMBL4104206,CHEMBL220,3.6989700043360187,2017.0,3.6989700043360187,FC(F)(F)c1ccc(NC(=S)NCCN2CCCCC2)cc1,train
CHEMBL4104406,CHEMBL220,3.0192242260373785,2017.0,3.0192242260373785,COc1cc2c(cc1OC)CN(Cc1cc(Br)cc(/C=N/O)c1O)CC2,train
CHEMBL4104459,CHEMBL220,5.18,2017.0,5.18,CN1CC2C(=O)N(c3ccc([N+](=O)[O-])cc3)C(=O)C2C12C(=O)c1ccccc1C2=O,train
CHEMBL4104534,CHEMBL220,3.631341287607773,2017.0,3.631341287607773,COc1cc2c(cc1OC)C(c1ccccc1)N(CC1CCN(Cc3ccc(O)c(/C=N/O)c3)CC1)CC2,test
CHEMBL4104551,CHEMBL220,5.66,2017.0,5.66,Nc1c2c(nc3c1C(c1cccc(F)c1)c1ccc4cccnc4c1O3)CCCC2,test
CHEMBL4104589,CHEMBL220,5.36,2017.0,5.36,C[n+]1c(/C=C/c2ccc(Cl)cc2)ccc2ccccc21.[I-],train
CHEMBL4104952,CHEMBL220,5.35,2017.0,5.35,C[n+]1c2ccccc2c(-c2ccc(N)cc2)c2ccccc21.F[B-](F)(F)F,train
CHEMBL4105085,CHEMBL220,6.18,2017.0,6.18,CC(=O)C1=CN(Cc2ccccc2C)C=CC1CC1Cc2cc(C)c(C)cc2C1=O,train
CHEMBL4105088,CHEMBL220,5.11,2017.0,5.11,CCCNc1nc(NCc2ccccc2)c2ccccc2n1,test
CHEMBL4105158,CHEMBL220,5.87,2017.0,5.87,CCN(CC)CCCCCCCCOc1ccc(/C=C/C(=O)Nc2ccccc2)cc1OC,val
CHEMBL4105221,CHEMBL220,5.301029995663981,2017.0,5.301029995663981,CN(C)c1ccc(/C=C/c2cc(N3CCN(CCO)CC3)c3ccccc3[n+]2C)cc1.[I-],train
CHEMBL4109726,CHEMBL220,5.53,2016.0,5.53,CC1=C[C@H]2Cc3nc4cc(Cl)ccc4c(NCCCCCCCCCNC(=O)c4cc(O)c5c(c4)C(=O)c4cccc(O)c4C5=O)c3[C@@H](C1)C2,train
CHEMBL411,CHEMBL220,4.59,,4.59,CC/C(=C(/CC)c1ccc(O)cc1)c1ccc(O)cc1,train
CHEMBL4112162,CHEMBL220,7.87,2016.0,7.87,CC1=C[C@H]2Cc3nc4cc(Cl)ccc4c(N)c3[C@@H](C1)C2,train
CHEMBL4113560,CHEMBL220,8.62,2016.0,8.62,CC1=C[C@@H]2Cc3nc4cc(Cl)ccc4c(NCCCCCCCCCNC(=O)c4cc(O)c5c(c4)C(=O)c4cccc(O)c4C5=O)c3[C@H](C1)C2,train
CHEMBL4125708,CHEMBL220,4.58,2017.0,4.58,C=C(C)[C@H](O)CC[C@]1(C)[C@@H](CC=C(C)C)C[C@@]2(CC=C(C)C)C(=O)[C@]1(C(=O)C(C)C)C(=O)C1=C2O[C@H](C(C)(C)O)C1,train
CHEMBL4125722,CHEMBL220,5.14,2017.0,5.14,COC(C)(C)/C=C/C[C@]1(C)[C@@H](CC=C(C)C)C[C@]2(CC=C(C)C)C(=O)C3=C(O[C@@H](C(C)(C)O)C3)[C@@]1(C(=O)C(C)C)C2=O,train
CHEMBL4126674,CHEMBL220,4.73,2017.0,4.73,CC(C)=CCC[C@]1(C)[C@@H](CC=C(C)C)C[C@@]2(CC=C(C)C)C(=O)[C@]1(C(=O)C(C)C)C(=O)C1=C2O[C@H](C(C)(C)O)[C@H]1O,train
CHEMBL4127071,CHEMBL220,5.04,2017.0,5.04,C=C(C)[C@@H](O)CC[C@]1(C)[C@@H](CC=C(C)C)C[C@]23C[C@@H](C(C)(C)O)OC2=C(CC=C(C)C)C(=O)[C@@]1(C(=O)C(C)C)C3=O,train
CHEMBL4127747,CHEMBL220,4.96,2017.0,4.96,CC(C)=CC[C@H]1C[C@@]2(CC=C(C)C)C(=O)[C@](C(=O)C(C)C)(C(=O)C3=C2O[C@H](C(C)(C)O)C3)[C@]1(C)CCC(=O)C(C)C,train
CHEMBL4128040,CHEMBL220,4.71,2017.0,4.71,C=C(C)[C@H](O)CC[C@]1(C)[C@@H](CC=C(C)C)C[C@]2(CC=C(C)C)C(=O)C3=C(O[C@H](C(C)(C)O)C3)[C@@]1(C(=O)C(C)C)C2=O,train
CHEMBL4128061,CHEMBL220,5.23,2018.0,5.23,O=C(Cc1cc(=O)oc2cc(O)ccc12)NCCCCCCCNC(=O)c1cccc2c(=O)c3ccccc3[nH]c12,train
CHEMBL4128191,CHEMBL220,4.97,2017.0,4.97,C=C(C)[C@@H](O)CC[C@]1(C)[C@@H](CC=C(C)C)C[C@]2(CC=C(C)C)C(=O)C3=C(O[C@H](C(C)(C)O)C3)[C@@]1(C(=O)C(C)C)C2=O,train
CHEMBL4128454,CHEMBL220,5.06,2017.0,5.06,CC(=O)[C@@]12C(=O)C(CC=C(C)C)=C3O[C@H](C(C)(C)O)C[C@]3(C[C@H](CC=C(C)C)[C@@]1(C)CCC=C(C)C)C2=O,train
CHEMBL4128985,CHEMBL220,4.6,2017.0,4.6,C=C(C)[C@H](O)CC[C@]1(C)[C@@H](CC=C(C)C)C[C@@]2(CC=C(C)C)C(=O)[C@]1(C(=O)C(C)C)C(=O)C1=C2O[C@@H](C(C)(C)O)C1,train
CHEMBL4129007,CHEMBL220,4.9,2017.0,4.9,CC(C)=CCC[C@]1(C)[C@@H](CC=C(C)C)C[C@]2(CC=C(C)C)C(=O)C3=C(O[C@@H](C(C)(C)O)[C@@H]3O)[C@@]1(C(=O)C(C)C)C2=O,train
CHEMBL4129147,CHEMBL220,4.62,2017.0,4.62,CC(C)=CCC1=C2O[C@H](C(C)(C)O)C[C@@]23C[C@H](CC=C(C)C)[C@@](C)(CCC(=O)C(C)C)[C@@](C(=O)C(C)C)(C1=O)C3=O,train
CHEMBL4129420,CHEMBL220,5.05,2017.0,5.05,CC(C)=CCC[C@]1(C)[C@@H](CC=C(C)C)C[C@]2(CC=C(C)C)C(=O)C3=C(O[C@H](C(C)(C)O)[C@H]3O)[C@@]1(C(=O)C(C)C)C2=O,train
CHEMBL4129940,CHEMBL220,4.95,2017.0,4.95,CC(C)=CCC[C@]1(C)[C@@H](CC=C(C)C)C[C@@]2(CC=C(C)C)C(=O)[C@]1(C(=O)C(C)C)C(=O)C1=C2O[C@@H](C(C)(C)O)[C@@H]1O,train
CHEMBL4130217,CHEMBL220,5.4,2017.0,5.4,COC(C)(C)/C=C/C[C@]1(C)[C@@H](CC=C(C)C)C[C@]2(CC=C(C)C)C(=O)C3=C(O[C@H](C(C)(C)O)C3)[C@@]1(C(=O)C(C)C)C2=O,train
CHEMBL413039,CHEMBL220,3.6399999910458836,2003.0,3.6399999910458836,CC(=O)O[C@H]1[C@@H](NC(=O)c2ccccc2)[C@@H](O)C[C@]2(C)[C@H]3CC[C@]4(C)[C@@H]([C@H](C)N(C)C)CC[C@H]4[C@@H]3CC[C@@H]12,train
CHEMBL413549,CHEMBL220,6.9,1994.0,6.9,CCCCCCNC(=O)Oc1ccc2c(c1)C1CCN(CC)C2C1,train
CHEMBL413765,CHEMBL220,7.7,1991.0,7.7,CCCCCCNC(=O)Oc1ccc2c(c1)[C@]1(C)CCN(CC)[C@@H]1C2,val
CHEMBL413793,CHEMBL220,6.05,2007.0,6.05,COc1ccc2cc(-c3ccc(CN(C)Cc4ccccc4)cc3)c(=O)oc2c1,train
CHEMBL413794,CHEMBL220,6.52,2007.0,6.52,COc1ccc2oc(=O)c(-c3cccc(CN(C)Cc4ccccc4)c3)cc2c1,train
CHEMBL415675,CHEMBL220,6.54,2007.0,6.54,CCCCC1=NC2(CCCC2)C(=O)N1CC(=O)c1ccc(Cl)cc1,test
CHEMBL415799,CHEMBL220,6.65,2006.0,6.65,CC1=CC2Cc3nc4cc(Cl)ccc4c(N)c3C(C1)C2N,train
CHEMBL4159074,CHEMBL220,5.08,2018.0,5.08,Oc1ccc(-c2oc3cc(O)c4c5c3c2-c2cc(O)cc(O)c2[C@H](c2ccc(O)cc2)[C@@H]5[C@H](c2ccc(O)cc2)[C@@H]4c2cc(O)cc(O)c2)cc1,train
CHEMBL4159243,CHEMBL220,7.16,2018.0,7.16,COC(=O)c1ccccc1C[n+]1ccc(CC2Cc3cc(OC)c(OC)cc3C2=O)c(C(=O)Oc2c(Cl)cc(Cl)cc2Cl)c1.[Br-],train
CHEMBL4159609,CHEMBL220,6.54,2018.0,6.54,Cc1cc(=O)oc2cc(OCCCSC(=S)N3CCCCC3)ccc12,test
CHEMBL4159640,CHEMBL220,5.94,2018.0,5.94,Cc1cc(=O)oc2cc(OCCSC(=S)N3CCC(N4CCCCC4)CC3)ccc12,train
CHEMBL4159705,CHEMBL220,8.57,2018.0,8.57,COc1cc2c(cc1O)C(=O)C(Cc1cc[n+](Cc3cccc(Cl)c3)cc1C(C)=O)C2,train
CHEMBL4159832,CHEMBL220,4.51,2018.0,4.51,Nc1c2c(nc3c1C(c1ccc(F)cc1)NC(=S)N3)CCCC2,train
CHEMBL4159837,CHEMBL220,3.6989700043360187,2017.0,3.6989700043360187,CO[C@@H]1C=C[C@@]23c4cc5c(cc4CN(CCc4ccccc4)[C@@H]2C(=O)N(C)[C@H]3C1)OCO5,train
CHEMBL4159880,CHEMBL220,7.65,2018.0,7.65,COc1ccc(C(=O)CCc2cc[n+](Cc3cccc(Cl)c3)cc2C#N)cc1OC.[Br-],val
CHEMBL416,CHEMBL220,5.195,2001.0,5.195,COc1c2occc2cc2ccc(=O)oc12,test
CHEMBL4160115,CHEMBL220,7.26,2018.0,7.26,COc1ccc2c(c1)CCC(Cc1cc[n+](Cc3cccc(F)c3)cc1C(C)=O)C2=O.[Br-],train
CHEMBL4160151,CHEMBL220,4.0,2018.0,4.0,C[C@@]1(c2nccc3cc4c(cc23)OCO4)Oc2ccc3c(c2O1)OCO3,test
CHEMBL4160280,CHEMBL220,7.7,2018.0,7.7,CN(C)C(=O)Oc1cccc2c1cc(C(=O)NC1CCCCC1)c[n+]2C.[I-],train
CHEMBL4160310,CHEMBL220,6.04,2018.0,6.04,COc1ccc(C(=O)CCC2C=CN(Cc3cccc(Cl)c3)C=C2C#N)cc1OC,test
CHEMBL4160394,CHEMBL220,4.0,2018.0,4.0,CO[C@@H]1O[C@](C)(c2nccc3cc4c(cc23)OCO4)c2ccc3c(c21)OCO3,train
CHEMBL4160694,CHEMBL220,3.9140782060276136,2017.0,3.9140782060276136,O=C(O)C(F)(F)F.O=C1C2=C(C3=NCCc4c[nH]c1c43)C1(C=CN2)C=C(Br)C(O)C(Br)=C1,train
CHEMBL4160696,CHEMBL220,6.46,2018.0,6.46,COc1cc2c(cc1OC)C(=O)C(CC1C=CN(Cc3ccccc3)C=C1C(C)=O)CC2,train
CHEMBL4160790,CHEMBL220,6.12,2017.0,6.12,O=C(Nc1cc(Cl)nc(Cl)c1)OCCCCCCNCc1ccccc1,test
CHEMBL4160856,CHEMBL220,3.6989700043360187,2017.0,3.6989700043360187,CN[C@H]1C[C@H](OC)C=C[C@@]12C(=O)N(CCC(C)C)Cc1cc3c(cc12)OCO3,test
CHEMBL4160908,CHEMBL220,4.51,2018.0,4.51,COc1ccccc1C1NC(=S)Nc2nc3c(c(N)c21)CCCC3,train
CHEMBL4160912,CHEMBL220,3.6989700043360187,2017.0,3.6989700043360187,COc1cc2c(cc1O)[C@@H]1[C@H](O)[C@@H](OC)C=C3CCN(C2)[C@H]31,train
CHEMBL4161065,CHEMBL220,8.0,2018.0,8.0,COc1ccc2c(c1)CCC(Cc1cc[n+](Cc3ccccc3C)cc1C(C)=O)C2=O.[Br-],train
CHEMBL4161343,CHEMBL220,5.0,2018.0,5.0,CCN(C)C(=O)Oc1cccc2c1cc(C(=O)NC(C)C)c[n+]2C.[I-],train
CHEMBL4161805,CHEMBL220,5.0,2018.0,5.0,Cc1c(C(=O)N(C)C)c(C)[n+](C)c2cccc(OC(=O)N(C)C)c12.[I-],train
CHEMBL4161860,CHEMBL220,5.5,2017.0,5.5,O=C(NCCCCCCNCc1ccccc1)c1cc(Cl)nc(Cl)c1,test
CHEMBL4162015,CHEMBL220,7.62,2018.0,7.62,COc1cc2c(cc1OC)C(=O)C(Cc1cc[n+](Cc3ccccc3)cc1C(C)=O)CC2.[Br-],train
CHEMBL4162043,CHEMBL220,3.6989700043360187,2017.0,3.6989700043360187,CO[C@@H]1C=C[C@@]23c4cc5c(cc4C[N@@+]([O-])(CCc4ccccc4)[C@@H]2C(=O)N(C)[C@H]3C1)OCO5,test
CHEMBL4162070,CHEMBL220,4.0,2018.0,4.0,CN1CCc2cc3c(cc2[C@H]1[C@H]1O[C@@H](O)c2c1ccc1c2OCO1)OCO3,test
CHEMBL4162121,CHEMBL220,5.0,2018.0,5.0,CCC[n+]1ccc(CC2CCc3cc(OC)ccc3C2=O)c(C(C)=O)c1.[I-],test
CHEMBL4162224,CHEMBL220,4.22,2017.0,4.22,O=C1SCc2ccccc21,train
CHEMBL4162281,CHEMBL220,5.0,2018.0,5.0,COc1ccc2c(c1)CCC(CC1C=CN(Cc3ccc(Cl)cc3)C=C1C(C)=O)C2=O,train
CHEMBL4162452,CHEMBL220,3.6989700043360187,2017.0,3.6989700043360187,CO[C@@H]1C=C[C@@]2(CN(CCC(C)C)Cc3cc4c(cc32)OCO4)[C@@H](N(C)C=O)C1,train
CHEMBL4162617,CHEMBL220,5.0,2018.0,5.0,COc1cc2c(cc1OC)C(=O)C(Cc1cc[n+](Cc3ccc(S(N)(=O)=O)cc3)cc1C(N)=O)C2.[Br-],train
CHEMBL4162692,CHEMBL220,5.0,2018.0,5.0,COc1ccc2c(c1)CCC(CC1C=CN(Cc3ccccc3Cl)C=C1C(C)=O)C2=O,train
CHEMBL4162993,CHEMBL220,5.0,2018.0,5.0,COc1cc2c(cc1OC)C(=O)C(CCCc1cc[n+](Cc3cccc(Cl)c3)cc1C(N)=O)C2.[Br-],train
CHEMBL4162999,CHEMBL220,5.0,2018.0,5.0,Cc1c(C(=O)N(C)C)cc2c(OC(=O)N(C)C)cccc2[n+]1C.[I-],train
CHEMBL4163016,CHEMBL220,5.03,2018.0,5.03,COc1cc2c(cc1OC)C(=O)C(Cc1cc[n+](Cc3nc4ccccc4o3)cc1C(N)=O)C2.[Br-],train
CHEMBL4163077,CHEMBL220,5.0,2018.0,5.0,CC(=O)c1c[n+](Cc2cccc(Cl)c2)ccc1CC1Cc2cc(F)ccc2C1=O.[Br-],train
CHEMBL4163376,CHEMBL220,4.62,2018.0,4.62,Cc1ccc(C2NC(=S)Nc3nc4c(c(N)c32)CCCC4)cc1,train
CHEMBL4163678,CHEMBL220,7.96,2018.0,7.96,COc1ccc(C(=O)CCc2cc[n+](Cc3cccc(F)c3)cc2C#N)cc1OC.[Br-],val
CHEMBL4163705,CHEMBL220,5.0,2017.0,5.0,OCC1CCN(Cc2cc(Cl)c3ccccc3n2)CC1,test
CHEMBL4163761,CHEMBL220,4.93,2018.0,4.93,CC1(c2nccc3cc4c(cc23)OCO4)OC(O)c2c1ccc1c2OCO1,train
CHEMBL4163781,CHEMBL220,4.0,2017.0,4.0,O=C(NCCCCCCNCc1ccc2ccccc2c1)c1cc(Cl)nc(Cl)c1,train
CHEMBL4164010,CHEMBL220,5.0,2017.0,5.0,O=CC1CCN(Cc2cc(Cl)c3ccccc3n2)CC1,test
CHEMBL4164078,CHEMBL220,6.21,2018.0,6.21,Cc1cc(=O)oc2cc(OCCCCCCSC(=S)N3CCCCC3)ccc12,train
CHEMBL4164186,CHEMBL220,6.19,2017.0,6.19,O=C(Nc1cc(Cl)nc(Cl)c1)OCCCCCNCc1c[nH]c2ccccc12,test
CHEMBL4164310,CHEMBL220,4.53,2018.0,4.53,Nc1c2c(nc3c1C(c1cccc([N+](=O)[O-])c1)NC(=S)N3)CCCC2,train
CHEMBL4164315,CHEMBL220,3.6989700043360187,2017.0,3.6989700043360187,CO[C@@H]1C=C[C@@]23c4cc5c(cc4C[N@@+]([O-])(CCc4ccc(O)cc4)[C@@H]2C(=O)N(C)[C@H]3C1)OCO5,test
CHEMBL4164347,CHEMBL220,5.0,2017.0,5.0,COc1cc2c(cc1OC)C(=O)/C(=C/C1CCN(Cc3cc(Cl)c4ccccc4n3)CC1)C2,test
CHEMBL4164387,CHEMBL220,3.6989700043360187,2017.0,3.6989700043360187,CO[C@@H]1C=C[C@@]23c4cc5c(cc4CN(CCC(C)C)[C@@H]2C(=O)N(C)[C@H]3C1)OCO5,train
CHEMBL4164418,CHEMBL220,4.0,2018.0,4.0,CO[C@@H]1O[C@H]([C@@H]2c3cc4c(cc3CCN2C)OCO4)c2ccc3c(c21)OCO3,test
CHEMBL4164524,CHEMBL220,6.82,2017.0,6.82,O=C(Nc1cc(Cl)nc(Cl)c1)OCCCCCNCc1ccccc1,train
CHEMBL4164525,CHEMBL220,3.6989700043360187,2017.0,3.6989700043360187,COc1ccc2c3c1O[C@H]1C[C@@H](O)CC[C@@]31CC[N@@+](C)([O-])C2,train
CHEMBL4164540,CHEMBL220,6.05,2018.0,6.05,Cc1cc(=O)oc2cc(OCCSC(=S)N3CCCC3)ccc12,train
CHEMBL416464,CHEMBL220,3.0,1986.0,3.0,COc1ccc(C(=O)/C(=N/O)SCCN(C)C)cc1,val
CHEMBL4164761,CHEMBL220,7.11,2018.0,7.11,CNC(=O)c1cc2c(OC(=O)N(C)C)cccc2[n+](C)c1.[I-],train
CHEMBL4164862,CHEMBL220,4.0,2018.0,4.0,CO[C@@H]1O[C@@](C)(c2nccc3cc4c(cc23)OCO4)c2ccc3c(c21)OCO3,train
CHEMBL4164981,CHEMBL220,6.62,2018.0,6.62,COc1ccc2c(c1)CCC(Cc1cc[n+](Cc3ccccc3C)cc1C(F)(F)F)C2=O,train
CHEMBL4165100,CHEMBL220,7.43,2018.0,7.43,CN(C)C(=O)Oc1cccc2c1cc(C(=O)NCCOCCO)c[n+]2C.COS(=O)(=O)[O-],train
CHEMBL4165299,CHEMBL220,5.05,2017.0,5.05,O=C(NCCCCCCNCc1c[nH]c2ccccc12)c1cc(Cl)nc(Cl)c1,val
CHEMBL4165327,CHEMBL220,9.44,2018.0,9.44,COc1cc2c(cc1OC)C(=O)C(Cc1cc[n+](Cc3ccccc3)cc1Br)C2.[Br-],train
CHEMBL4165471,CHEMBL220,4.11,2018.0,4.11,c1cc2cc3c(cc2c([C@H]2Oc4ccc5c(c4O2)OCO5)n1)OCO3,test
CHEMBL4165513,CHEMBL220,4.0,2018.0,4.0,CN1CCc2cc3c(cc2[C@H]1[C@H]1OC(=O)c2c1ccc1c2OCO1)OCO3,train
CHEMBL4165562,CHEMBL220,6.84,2018.0,6.84,COc1ccc(C(=O)CCc2cc[n+](Cc3cccc(Cl)c3)cc2C(C)=O)cc1OC.[Br-],val
CHEMBL4165631,CHEMBL220,5.0,2018.0,5.0,COc1ccc(C(=O)CCC2C=CN(Cc3cccc(Cl)c3)C=C2C(C)=O)cc1OC,test
CHEMBL416586,CHEMBL220,7.24,1992.0,7.24,CCCCCCCNC(=O)Oc1ccc2c(c1)[C@]1(C)CCN(CC)C1C2,val
CHEMBL4165897,CHEMBL220,3.6989700043360187,2017.0,3.6989700043360187,COc1cc2c(cc1O)[C@@H]1[C@H](O)[C@@H](OC)C=C3CC[N@@+]([O-])(C2)[C@H]31,test
CHEMBL4165973,CHEMBL220,7.74,2018.0,7.74,COc1ccc(C(=O)CCc2cc[n+](Cc3cccc(Cl)c3)cc2C(=O)O)cc1OC.[Br-],val
CHEMBL4166003,CHEMBL220,5.0,2018.0,5.0,Cc1cccc(C2NC(=S)Nc3nc4c(c(N)c32)CCCC4)c1,train
CHEMBL4166141,CHEMBL220,5.0,2018.0,5.0,COc1ccc2c(c1)CCC(CC1C=CN(Cc3ccccc3F)C=C1C(C)=O)C2=O,train
CHEMBL4166257,CHEMBL220,5.94,2018.0,5.94,CNC(=O)c1cc2c(OC(=O)N(C)C)cccc2[n+](Cc2ccccc2)c1.[Br-],train
CHEMBL4166300,CHEMBL220,7.85,2017.0,7.85,COc1cc2c(cc1OC)C(=O)/C(=C/C1CCN(Cc3cc(N)c4ccccc4n3)CC1)C2,test
CHEMBL416644,CHEMBL220,3.1426675035687315,1986.0,3.1426675035687315,CC[N+](C)(CC)CCS/C(=N\O)C(=O)c1ccc(F)cc1.[Cl-],val
CHEMBL4166464,CHEMBL220,6.42,2018.0,6.42,COc1ccc2c(c1)CCC(Cc1cc[n+](Cc3ccccc3Cl)cc1C(N)=O)C2=O.[Br-],train
CHEMBL4166513,CHEMBL220,7.15,2018.0,7.15,COc1ccc2c(c1)CCC(Cc1cc[n+](Cc3cccc(Cl)c3)cc1C(C)=O)C2=O.[Br-],train
CHEMBL4166725,CHEMBL220,4.93,2017.0,4.93,O=C1SCc2cccc([N+](=O)[O-])c21,train
CHEMBL4167058,CHEMBL220,4.522878745280337,2018.0,4.522878745280337,c1ccc2c(c1)CN[C@@H](CN(CCCN1CCNCC1)[C@H]1CCCc3cccnc31)C2,train
CHEMBL4167127,CHEMBL220,5.0,2018.0,5.0,COc1ccc(C(=O)CCc2cc[n+](Cc3ccc(Cl)cc3)cc2C#N)cc1OC.[Br-],val
CHEMBL4167398,CHEMBL220,4.0,2018.0,4.0,C[C@@H](c1ccc2c(c1O)OCO2)c1nccc2cc3c(cc12)OCO3,test
CHEMBL4167524,CHEMBL220,7.5,2018.0,7.5,Cc1cc(=O)oc2cc(OCCCCSC(=S)N3CCCCC3)ccc12,test
CHEMBL416772,CHEMBL220,4.56,1989.0,4.56,CCCCOC[n+]1ccn(C)c1/C=N/O.[Cl-],train
CHEMBL4167753,CHEMBL220,5.28,2018.0,5.28,Nc1c2c(nc3c1C(c1ccc(Cl)cc1)NC(=S)N3)CCCC2,train
CHEMBL4167757,CHEMBL220,3.6989700043360187,2017.0,3.6989700043360187,CO[C@@H]1C=C[C@@]23c4cc5c(cc4CN(CCc4ccc(O)cc4)[C@@H]2C(=O)N(C)[C@H]3C1)OCO5,train
CHEMBL4167954,CHEMBL220,5.0,2018.0,5.0,COc1ccc2c(c1)CCC(CC1C=CN(Cc3ccccc3C)C=C1C(N)=O)C2=O,train
CHEMBL4167958,CHEMBL220,4.24,2017.0,4.24,COc1ccc2c3c1O[C@H]1C[C@H](O)CC[C@@]31CCN(C)C2,test
CHEMBL4167973,CHEMBL220,5.7,2018.0,5.7,Cc1cc(=O)oc2cc(OCCSC(=S)N3CCN(C(C)C)CC3)ccc12,train
CHEMBL4168037,CHEMBL220,7.37,2018.0,7.37,COc1ccc2c(c1)CCC(Cc1cc[n+](Cc3ccccc3F)cc1C(C)=O)C2=O.[Br-],train
CHEMBL4168179,CHEMBL220,5.09,2018.0,5.09,Nc1c2c(nc3c1C(c1ccc4c(c1)OCO4)NC(=S)N3)CCCC2,train
CHEMBL4168198,CHEMBL220,7.03,2018.0,7.03,COC(=O)CNC(=O)c1cc2c(OC(=O)N(C)C)cccc2[n+](C)c1.[I-],train
CHEMBL4168225,CHEMBL220,5.0,2018.0,5.0,COC(=O)C1=CN(Cc2cccc(Cl)c2)C=CC1CCC(=O)c1ccc(OC)c(OC)c1,test
CHEMBL4168299,CHEMBL220,4.55,2018.0,4.55,CO[C@H]1O[C@@](C)(c2nccc3cc4c(cc23)OCO4)c2ccc3c(c21)OCO3,train
CHEMBL4168520,CHEMBL220,8.22,2018.0,8.22,CN(C)C(=O)Oc1cccc2c1cc(C(=O)NCCOCCOCCN1C(=O)c3ccccc3C1=O)c[n+]2C.O=S(=O)([O-])C(F)(F)F,train
CHEMBL4168588,CHEMBL220,7.52,2018.0,7.52,CN(C)C(=O)Oc1cccc2c1cc(C(=O)Nc1ccccc1)c[n+]2C.[I-],train
CHEMBL4168617,CHEMBL220,4.092771005386541,2017.0,4.092771005386541,O=C(O)C(F)(F)F.O=C1CC[C@@]2(C=CNC3=C2C2=NCCc4c[nH]c(c42)C3=O)C=C1Br,train
CHEMBL4168710,CHEMBL220,5.21,2017.0,5.21,COc1ccccc1CNCCCCCOC(=O)Nc1cc(Cl)nc(Cl)c1,train
CHEMBL4168790,CHEMBL220,3.6989700043360187,2017.0,3.6989700043360187,CO[C@@H]1C=C[C@@]23c4cc5c(cc4CN(CCC(C)C)[C@]2(C(C)=O)C(=O)N(C)[C@H]3C1)OCO5,train
CHEMBL4168934,CHEMBL220,4.0,2018.0,4.0,CN1CCc2cc3c(cc2C1=O)OCO3,train
CHEMBL4168987,CHEMBL220,6.96,2018.0,6.96,COc1ccc2c(c1)CCC(Cc1cc[n+](Cc3cccc(C)c3)cc1C(C)=O)C2=O.[Br-],train
CHEMBL4169326,CHEMBL220,3.6989700043360187,2017.0,3.6989700043360187,CO[C@@H]1C=C[C@@]23c4cc5c(cc4C(=O)N(C)[C@@H]2C(=O)N(C)[C@H]3C1)OCO5,train
CHEMBL4169394,CHEMBL220,4.97,2018.0,4.97,Cc1cc(=O)oc2cc(OCCSC(=S)N(C)C)ccc12,val
CHEMBL4169887,CHEMBL220,5.0,2018.0,5.0,COc1cc2c(cc1OC)C(=O)C(Cc1cc[n+](Cc3cccc(O)c3)cc1C(N)=O)C2.[Br-],train
CHEMBL4169938,CHEMBL220,7.68,2018.0,7.68,COc1cc2c(cc1OC)C(=O)C(Cc1cc[n+](Cc3cccc(Cl)c3)cc1C(C)=O)CC2.[Br-],train
CHEMBL4170331,CHEMBL220,6.93,2018.0,6.93,CC(=O)c1c[n+](Cc2cccc(Cl)c2)ccc1CC1Cc2cc(O)ccc2C1=O.[Br-],train
CHEMBL4170372,CHEMBL220,3.6989700043360187,2017.0,3.6989700043360187,CO[C@@H]1C=C[C@@]23c4cc5c(cc4C(=O)N(CCC(C)C)[C@@H]2CN(C)[C@@H]3C1)OCO5,train
CHEMBL4170530,CHEMBL220,5.0,2018.0,5.0,CNC(=O)c1c[n+](Cc2ccccc2C)ccc1CC1CCc2cc(OC)ccc2C1=O.[Br-],train
CHEMBL4170614,CHEMBL220,5.0,2018.0,5.0,COc1ccc2c(c1)CCC(CC1C=CN(Cc3cccc(C)c3)C=C1C(C)=O)C2=O,train
CHEMBL4170793,CHEMBL220,4.0,2018.0,4.0,C[C@]1(c2nccc3cc4c(cc23)OCO4)Oc2ccc3c(c2O1)OCO3,test
CHEMBL4170921,CHEMBL220,5.0,2018.0,5.0,COc1ccc(C(=O)CCCCc2cc[n+](Cc3cccc(Cl)c3)cc2C(N)=O)cc1OC.[Br-],train
CHEMBL4170940,CHEMBL220,5.73,2018.0,5.73,COc1cc2c(cc1OC)C(=O)C(Cc1cc[n+](Cc3cccc(C)n3)cc1C(N)=O)C2.[Br-],train
CHEMBL4171284,CHEMBL220,4.97,2018.0,4.97,Nc1c2c(nc3c1C(c1ccccc1)NC(=S)N3)CCCC2,train
CHEMBL4171520,CHEMBL220,5.465,2018.0,5.465,COc1cccc(C2NC(=S)Nc3nc4c(c(N)c32)CCCC4)c1,train
CHEMBL4171568,CHEMBL220,6.77,2018.0,6.77,COC(=O)c1c[n+](Cc2cccc(Cl)c2)ccc1CCC(=O)c1ccc(OC)c(OC)c1.[Br-],val
CHEMBL4171637,CHEMBL220,4.01,2018.0,4.01,COC1c2c(ccc3c2OCO3)-c2ccc3cc4c(cc3c2N1C)OCO4,train
CHEMBL4171941,CHEMBL220,5.0,2018.0,5.0,CC(C)NC(=O)c1cc2c(OC(=O)N3CCCC3)cccc2[n+](C)c1.[I-],train
CHEMBL4171947,CHEMBL220,7.24,2018.0,7.24,CC(C)NC(=O)c1cc2c(OC(=O)N(C)C)cccc2[n+](C)c1.[I-],train
CHEMBL4172271,CHEMBL220,4.45,2017.0,4.45,COc1cc2c3c(c1)c1cc(=O)c(OC)cc-1cn3CC2,train
CHEMBL4172353,CHEMBL220,6.25,2018.0,6.25,COc1ccc2c(c1)CCC(Cc1cc[n+](Cc3ccc(Cl)cc3)cc1C(C)=O)C2=O.[Br-],train
CHEMBL4172401,CHEMBL220,6.175,2017.0,6.175,CNC(=O)Oc1ccc2c(c1)[C@]1(C)CCN[C@@H]1N2.O=C(O)c1ccccc1O,test
CHEMBL4172510,CHEMBL220,5.39,2017.0,5.39,O=C(Nc1ccncc1Br)OCCCCCNCc1ccccc1,train
CHEMBL4172587,CHEMBL220,5.31,2017.0,5.31,COc1cc2c(cc1OC)C(=O)/C(=C/C1CCN(Cc3cc(N=[N+]=[N-])c4ccccc4n3)CC1)C2,test
CHEMBL4172720,CHEMBL220,3.8990783196791536,2017.0,3.8990783196791536,CO[C@@H]1C=C[C@@]23c4cc5c(cc4C[N@@+]([O-])(CCO)[C@@H]2C(=O)N(C)[C@H]3C1)OCO5,train
CHEMBL4172797,CHEMBL220,6.25,2018.0,6.25,COc1ccc2c(c1)CCC(Cc1cc[n+](Cc3ccc(C)cc3)cc1C(C)=O)C2=O.[Br-],train
CHEMBL4172883,CHEMBL220,5.0,2018.0,5.0,COc1ccc(C(=O)CCc2cc[n+](Cc3cccc(Cl)c3)cc2C(N)=O)cc1OC.[Br-],val
CHEMBL4172950,CHEMBL220,5.0,2018.0,5.0,COc1ccc2c(c1)CCC(CC1C=CN(Cc3cccc(C(F)(F)F)c3)C=C1C(C)=O)C2=O,train
CHEMBL4173000,CHEMBL220,5.0,2018.0,5.0,CN(C)C(=O)Oc1cccc2c1CC(C(=O)NCCOCCOCCN1C(=O)c3ccccc3C1=O)=CN2C,train
CHEMBL4173190,CHEMBL220,4.0,2018.0,4.0,CN1CCc2cc3c(cc2C12OCc1c(ccc4c1OCO4)C2=O)OCO3,train
CHEMBL4173239,CHEMBL220,7.78,2018.0,7.78,COc1ccc2c(c1)CCC(Cc1cc[n+](Cc3cccc(C)c3)cc1Br)C2=O.[Br-],train
CHEMBL4173258,CHEMBL220,6.28,2018.0,6.28,C#CCN(C)Cc1cc2cc(OCCCN3CCCCC3)ccc2n1C,train
CHEMBL4173313,CHEMBL220,6.05,2018.0,6.05,COc1cc2c(cc1OC)C(=O)C(Cc1cc[n+](CCc3ccccc3)cc1C(N)=O)C2.[Br-],test
CHEMBL4173389,CHEMBL220,4.0,2018.0,4.0,c1cc2cc3c(cc2c([C@@H]2Oc4ccc5c(c4O2)OCO5)n1)OCO3,test
CHEMBL4173405,CHEMBL220,6.51,2018.0,6.51,COc1ccc2c(c1)CCC(Cc1cc[n+](Cc3cccc(C(F)(F)F)c3)cc1C(C)=O)C2=O.[Br-],train
CHEMBL4173562,CHEMBL220,5.0,2018.0,5.0,COc1ccc(C(=O)CCC2C=CN(Cc3cccc(Cl)c3)C=C2C(N)=O)cc1OC,test
CHEMBL4173704,CHEMBL220,5.0,2018.0,5.0,Cc1c(C(=O)N(C)C)c[n+](C)c2cccc(OC(=O)N(C)C)c12.[I-],train
CHEMBL4173784,CHEMBL220,7.43,2018.0,7.43,CC(=O)c1c[n+](Cc2ccccc2C)ccc1CC1Cc2cc(OCC(F)(F)F)ccc2C1=O.[Br-],train
CHEMBL4173815,CHEMBL220,3.6989700043360187,2017.0,3.6989700043360187,COc1cc2c(cc1OC)[C@@H]1[C@H](O)[C@@H](OC)C=C3CC[N@+]([O-])(C2)[C@H]31,test
CHEMBL4173902,CHEMBL220,5.0,2018.0,5.0,COc1cc2c(cc1OC)C(=O)C(Cc1cc[n+](Cc3cccc(Cl)c3)cc1C(=O)O)C2.[Br-],train
CHEMBL4173961,CHEMBL220,4.0,2020.0,4.0,O=C1CCCC2=C1C(c1ccc(OCc3cccc(F)c3)c(Br)c1)C1=C(CCCC1=O)N2,train
CHEMBL4174056,CHEMBL220,5.0,2018.0,5.0,COc1ccc2c(c1)CCC(CC1C=CN(Cc3cccc(F)c3)C=C1C(C)=O)C2=O,train
CHEMBL4174269,CHEMBL220,6.15,2017.0,6.15,COc1cc2c(cc1OC)C(=O)C(CC1CCN(Cc3cc(N)c4ccccc4n3)CC1)C2,test
CHEMBL4174290,CHEMBL220,4.97,2018.0,4.97,c1ccc2c(c1)CN[C@@H](CN(CC[C@H]1CCCNC1)[C@H]1CCCc3cccnc31)C2,train
CHEMBL4174372,CHEMBL220,6.05,2018.0,6.05,COc1ccc2c(c1)CCC(Cc1cc[n+](Cc3ccccc3C)cc1C(N)=O)C2=O.[Br-],train
CHEMBL4174452,CHEMBL220,5.0,2018.0,5.0,CC(=O)C1=CN(Cc2cccc(Cl)c2)C=CC1CC1Cc2cc(F)ccc2C1=O,train
CHEMBL4174514,CHEMBL220,5.0,2017.0,5.0,COc1cc2c(cc1OC)C(=O)C(CC1CCN(Cc3cc(Cl)c4ccccc4n3)CC1)C2,test
CHEMBL4174729,CHEMBL220,6.68,2018.0,6.68,Cc1cc(=O)oc2cc(OCCCCCSC(=S)N3CCCCC3)ccc12,train
CHEMBL4174958,CHEMBL220,7.13,2018.0,7.13,Nc1c2c(nc3c1C(c1cccc(Br)c1)NC(=S)N3)CCCC2,train
CHEMBL4174963,CHEMBL220,3.6989700043360187,2017.0,3.6989700043360187,CO[C@@H]1C=C[C@@]23c4cc5c(cc4CN(C)[C@@H]2C(=O)N(C)[C@H]3C1)OCO5,train
CHEMBL4175003,CHEMBL220,6.56,2018.0,6.56,COc1ccc(C(=O)CCc2cc[n+](Cc3ccccc3C(F)(F)F)cc2C#N)cc1OC.[Br-],val
CHEMBL4175159,CHEMBL220,3.6989700043360187,2017.0,3.6989700043360187,COc1ccc2c3c1O[C@H]1C[C@@H](O)C=C[C@@]31[C@H](O)C[N@@+](C)([O-])C2,train
CHEMBL4175175,CHEMBL220,6.33,2018.0,6.33,Cc1cc(=O)oc2cc(OCCSC(=S)N3CCCCC3)ccc12,train
CHEMBL4175274,CHEMBL220,4.0,2018.0,4.0,C[C@H](c1ccc2c(c1O)OCO2)c1nccc2cc3c(cc12)OCO3,test
CHEMBL4175384,CHEMBL220,6.5,2018.0,6.5,CC[n+]1cc(C(=O)NC)cc2c(OC(=O)N(C)C)cccc21.[I-],train
CHEMBL4175494,CHEMBL220,4.0,2018.0,4.0,CO[C@H]1O[C@](C)(c2nccc3cc4c(cc23)OCO4)c2ccc3c(c21)OCO3,train
CHEMBL4175814,CHEMBL220,5.0,2018.0,5.0,COc1ccc2c(c1)CCC(CC1C=CN(Cc3ccc(C)cc3)C=C1C(C)=O)C2=O,train
CHEMBL4175914,CHEMBL220,5.08,2017.0,5.08,COc1ccccc1CNCCCCCCNC(=O)c1cc(Cl)nc(Cl)c1,test
CHEMBL4176034,CHEMBL220,4.62,2018.0,4.62,CN(C)c1ccc(C2NC(=S)Nc3nc4c(c(N)c32)CCCC4)cc1,train
CHEMBL4176125,CHEMBL220,4.0,2018.0,4.0,CN1CCc2cc3c(cc2[C@@]12C(=O)c1ccc4c(c1[C@@H]2O)OCO4)OCO3,train
CHEMBL4176179,CHEMBL220,6.68,2018.0,6.68,COc1ccc2c(c1)CCC(Cc1cc[n+](CC3CCCCC3)cc1C(C)=O)C2=O.[I-],train
CHEMBL4176380,CHEMBL220,5.0,2018.0,5.0,C[n+]1cc(C(=O)NCCOCCOCCN2C(=O)c3ccccc3C2=O)cc2c(O)cccc21.[I-],train
CHEMBL4176452,CHEMBL220,7.7,2018.0,7.7,COCCNC(=O)c1cc2c(OC(=O)N(C)C)cccc2[n+](C)c1.[I-],train
CHEMBL4176598,CHEMBL220,5.0,2017.0,5.0,[N-]=[N+]=Nc1cc(CN2CCC(C=O)CC2)nc2ccccc12,test
CHEMBL4176610,CHEMBL220,5.12,2018.0,5.12,COc1ccc(C2NC(=S)Nc3nc4c(c(N)c32)CCCC4)cc1,train
CHEMBL4176868,CHEMBL220,7.7,2018.0,7.7,COC(=O)c1cc2c(OC(=O)N(C)C)cccc2[n+](C)c1.[I-],train
CHEMBL4177075,CHEMBL220,6.81,2018.0,6.81,CN(C)C(=O)Oc1cccc2c1cc(C(=O)N(C)C)c[n+]2C.[I-],train
CHEMBL4177133,CHEMBL220,7.53,2018.0,7.53,COc1ccc2c(c1)CCC(Cc1cc[n+](Cc3ccccc3Cl)cc1C(C)=O)C2=O.[Br-],train
CHEMBL4177164,CHEMBL220,3.6989700043360187,2017.0,3.6989700043360187,CO[C@@H]1C=C[C@@]23c4cc5c(cc4C(=O)N(CCC(C)C)[C@@H]2C(=O)N(C)[C@H]3C1)OCO5,train
CHEMBL4177242,CHEMBL220,5.71,2018.0,5.71,CCN(CC)C(=S)SCCOc1ccc2c(C)cc(=O)oc2c1,val
CHEMBL417799,CHEMBL220,5.91,2020.0,5.91,C[n+]1cc2c3c(ccc2c2ccc4cc5c(cc4c21)OCO5)OCO3,train
CHEMBL417915,CHEMBL220,6.12,1999.0,6.12,CC(C)c1ccc(NC(=O)Oc2ccc3c(c2)[C@]2(C)CCN(C)C2N3C)cc1,train
CHEMBL418068,CHEMBL220,5.0,2014.0,5.0,O=C(O)c1cc(O)c2c(c1)C(=O)c1cccc(O)c1C2=O,train
CHEMBL418643,CHEMBL220,5.8,2000.0,5.8,O=[N+]([O-])c1ccc2nc3c(c(NCc4ccccc4)c2c1)CCCC3,test
CHEMBL418712,CHEMBL220,6.34,1992.0,6.34,CN(C)Cc1ccc(CSCCCCCCCCCSCc2ccc(CN(C)C)o2)o1,train
CHEMBL418714,CHEMBL220,6.33,1992.0,6.33,CN(C)Cc1ccc(CSCCCCCCCCSCc2ccc(CN(C)C)o2)o1,train
CHEMBL418917,CHEMBL220,7.39,1997.0,7.39,CN1CC[C@@]2(C)c3cc(OC(=O)Nc4ccccc4)ccc3NC12,train
CHEMBL418955,CHEMBL220,8.08,1994.0,8.08,COc1ccc2c(CCC3CCN(Cc4ccccc4)CC3)noc2c1,test
CHEMBL419184,CHEMBL220,4.57,2010.0,4.57,O=C1c2ccc([N+](=O)[O-])cc2C(=O)N1C1CCN(Cc2ccccc2)CC1,test
CHEMBL419470,CHEMBL220,7.66,1998.0,7.66,C[C@@]12CCNC1Nc1ccc(OC(=O)Nc3ccccc3)cc12,train
CHEMBL4202749,CHEMBL220,7.78,2017.0,7.78,N#Cc1ccccc1CNCC(=O)Nc1ccc2nc3n(c(=O)c2c1)CCC3,train
CHEMBL4202784,CHEMBL220,6.53,2018.0,6.53,COc1ccc(Cn2cc(C(=O)NCCCCCNc3c4c(nc5ccccc35)CCCC4)c(=O)c3ccccc32)cc1,train
CHEMBL4203538,CHEMBL220,5.73,2017.0,5.73,COc1ccc(CC(=O)Nc2ccc(CN(C)Cc3ccccc3)cc2)cc1OC,train
CHEMBL4203653,CHEMBL220,5.49,2017.0,5.49,CCN(Cc1ccccc1)Cc1ccc(NC(=O)Cc2ccc(OC)c(OC)c2)cc1,train
CHEMBL4203672,CHEMBL220,6.92,2018.0,6.92,COc1ccc(Cn2cc(C(=O)NCCCCCCCCNc3c4c(nc5cc(Cl)ccc35)CCCC4)c(=O)c3ccccc32)cc1,train
CHEMBL420378,CHEMBL220,6.48,2010.0,6.48,O=C(CCC1CCN(Cc2cccc(Cl)c2)CC1)c1ccc2c(c1)NCCCC2,train
CHEMBL4203988,CHEMBL220,7.97,2017.0,7.97,CCCCCCCCNCC(=O)Nc1ccc2nc3n(c(=O)c2c1)CCC3,test
CHEMBL4204315,CHEMBL220,8.58,2017.0,8.58,c1ccc2c(NCCCCC[Se][Se]CCCCCNc3c4c(nc5ccccc35)CCCC4)c3c(nc2c1)CCCC3,train
CHEMBL4204901,CHEMBL220,6.12,2018.0,6.12,COc1ccc(Cn2cc(C(=O)NCCCCCCCCNc3c4c(nc5ccccc35)CCCC4)c(=O)c3ccccc32)cc1,train
CHEMBL4204913,CHEMBL220,5.1,2018.0,5.1,COc1ccc(Cn2cc(C(=O)NCCCCCNc3c4c(nc5ccc(OC)cc35)CCCC4)c(=O)c3ccccc32)cc1,train
CHEMBL4205110,CHEMBL220,6.64,2017.0,6.64,Cc1cc(=O)oc2cc(OCc3cc[n+](Cc4cccc([N+](=O)[O-])c4)cc3)ccc12.[Br-],train
CHEMBL4205144,CHEMBL220,10.59,2017.0,10.59,COc1ccccc1C(=O)Nc1ccc2c(c1)CN(C(=O)c1cccc(C)c1)C(=O)C2,test
CHEMBL4205374,CHEMBL220,6.73,2018.0,6.73,COc1ccc(Cn2cc(C(=O)NCCNc3c4c(nc5ccccc35)CCCC4)c(=O)c3ccccc32)cc1,train
CHEMBL4205425,CHEMBL220,10.96,2017.0,10.96,COc1ccccc1C(=O)N1Cc2cc(NC(=O)c3cccc(Cl)c3)ccc2CC1=O,test
CHEMBL4205426,CHEMBL220,8.28,2017.0,8.28,CCCCCCCCCCCCCCCCNCC(=O)Nc1ccc2nc3n(c(=O)c2c1)CCC3,test
CHEMBL4205520,CHEMBL220,7.08,2017.0,7.08,Cc1cccc(C[n+]2ccc(COc3ccc4c(C)cc(=O)oc4c3)cc2)c1.[Br-],train
CHEMBL4205651,CHEMBL220,6.28,2017.0,6.28,O=C(CNCc1ccccc1F)Nc1ccc2nc3n(c(=O)c2c1)CCC3,train
CHEMBL4205764,CHEMBL220,7.18,2017.0,7.18,Cc1cc(=O)oc2cc(OCc3cc[n+](Cc4ccccc4F)cc3)ccc12.[Br-],train
CHEMBL4205910,CHEMBL220,5.0,2018.0,5.0,COc1ccc(Cn2cc(C(=O)NCCCCCCNc3c4c(nc5ccc(OC)cc35)CCCC4)c(=O)c3ccccc32)cc1,test
CHEMBL4205954,CHEMBL220,10.88,2017.0,10.88,O=C(Nc1ccc2c(c1)CN(C(=O)c1ccccc1)C(=O)C2)c1cccc(Cl)c1,test
CHEMBL4206041,CHEMBL220,7.38,2017.0,7.38,Cc1cc(=O)oc2cc(OCc3cc[n+](Cc4cccc(F)c4)cc3)ccc12.[Br-],train
CHEMBL420625,CHEMBL220,7.7,1994.0,7.7,Nc1ccc2c(CCC3CCN(Cc4ccccc4)CC3)noc2c1,test
CHEMBL4206484,CHEMBL220,6.71,2018.0,6.71,COc1ccc(Cn2cc(C(=O)NCCCCCCNc3c4c(nc5ccccc35)CCCC4)c(=O)c3ccccc32)cc1,test
CHEMBL4207101,CHEMBL220,8.01,2017.0,8.01,O=C(CNCc1cc(F)cc(F)c1)Nc1ccc2nc3n(c(=O)c2c1)CCC3,train
CHEMBL4207386,CHEMBL220,7.59,2017.0,7.59,CC(C)=CCNCC(=O)Nc1ccc2nc3n(c(=O)c2c1)CCC3,test
CHEMBL4207876,CHEMBL220,5.19,2017.0,5.19,CCN(Cc1ccccc1)Cc1ccc(NC(=O)Cc2ccc(O)cc2)cc1,train
CHEMBL420827,CHEMBL220,5.0,2010.0,5.0,CN(CCOCCNC(=S)Nc1cccc2ccccc12)Cc1ccccc1,train
CHEMBL4208322,CHEMBL220,7.67,2017.0,7.67,CCCCNCC(=O)Nc1ccc2nc3n(c(=O)c2c1)CCC3,test
CHEMBL4208392,CHEMBL220,5.49,2017.0,5.49,CN(Cc1ccccc1)Cc1ccc(NC(=O)Cc2ccc(O)cc2)cc1,train
CHEMBL4208641,CHEMBL220,8.79,2017.0,8.79,c1ccc2c(NCCCCCSSCCCCCNc3c4c(nc5ccccc35)CCCC4)c3c(nc2c1)CCCC3,train
CHEMBL4208866,CHEMBL220,10.55,2017.0,10.55,O=C(Nc1ccc2c(c1)CN(C(=O)c1cccc(Cl)c1)C(=O)C2)c1ccccc1,test
CHEMBL4208869,CHEMBL220,7.62,2017.0,7.62,CCCCCCCCCCNCC(=O)Nc1ccc2nc3n(c(=O)c2c1)CCC3,test
CHEMBL4208961,CHEMBL220,7.11,2017.0,7.11,Cc1cc(=O)oc2cc(OCc3cc[n+](Cc4ccccc4Br)cc3)ccc12.[Br-],train
CHEMBL4209420,CHEMBL220,6.25,2017.0,6.25,CCNCC(=O)Nc1ccc2nc3n(c(=O)c2c1)CCC3,test
CHEMBL4209518,CHEMBL220,10.53,2017.0,10.53,COc1ccccc1C(=O)Nc1ccc2c(c1)CN(C(=O)c1ccccc1)C(=O)C2,test
CHEMBL4209755,CHEMBL220,6.31,2018.0,6.31,COc1ccc(Cn2cc(C(=O)NCCCCNc3c4c(nc5ccccc35)CCCC4)c(=O)c3ccccc32)cc1,train
CHEMBL4209795,CHEMBL220,6.96,2018.0,6.96,COc1cc(/C=C/C(=O)NCCCCCCNc2c3c(nc4ccccc24)CCCC3)cc(OC)c1OCc1nc(C)c(C)nc1C,train
CHEMBL4209803,CHEMBL220,10.87,2017.0,10.87,Cc1cccc(C(=O)Nc2ccc3c(c2)CN(C(=O)c2cccc(C)c2)C(=O)C3)c1,test
CHEMBL4210016,CHEMBL220,4.0,2021.0,4.0,CO[C@H]1C[C@H]2C(=C[C@@H]1O)[C@H]1CN2Cc2cc3c(cc21)OCO3,train
CHEMBL4210020,CHEMBL220,8.39,2017.0,8.39,O=C(CNCCCc1ccccc1)Nc1ccc2nc3n(c(=O)c2c1)CCC3,train
CHEMBL4210041,CHEMBL220,10.67,2017.0,10.67,COc1ccccc1C(=O)Nc1ccc2c(c1)CN(C(=O)c1ccccc1OC)C(=O)C2,test
CHEMBL4210192,CHEMBL220,3.809388202186395,2022.0,3.809388202186395,O=c1[nH]c(CCCO)nc2ccccc12,train
CHEMBL4210274,CHEMBL220,4.13,2018.0,4.13,COc1ccc(Cn2cc(C(=O)NCCCCCCCCNc3c4c(nc5ccc(OC)cc35)CCCC4)c(=O)c3ccccc32)cc1,train
CHEMBL4210316,CHEMBL220,10.84,2017.0,10.84,Cc1cccc(C(=O)N2Cc3cc(NC(=O)c4cccc(Cl)c4)ccc3CC2=O)c1,test
CHEMBL4210401,CHEMBL220,7.45,2017.0,7.45,Cc1ccccc1C[n+]1ccc(COc2ccc3c(C)cc(=O)oc3c2)cc1.[Br-],train
CHEMBL4210517,CHEMBL220,6.92,2017.0,6.92,Cc1ccccc1CNCC(=O)Nc1ccc2nc3n(c(=O)c2c1)CCC3,train
CHEMBL4210729,CHEMBL220,8.48,2018.0,8.48,COc1ccc(Cn2cc(C(=O)NCCCNc3c4c(nc5cc(Cl)ccc35)CCCC4)c(=O)c3ccccc32)cc1,test
CHEMBL4210949,CHEMBL220,5.51,2018.0,5.51,CC(=O)OC(C)(C)/C=C/C(=O)[C@](C)(O)[C@H]1[C@H](O)C[C@@]2(C)[C@@H]3CC=C(C(C)(C)C(=O)O)/C(=C\C(=O)O)[C@]3(C)C(=O)C[C@]12C,train
CHEMBL4212151,CHEMBL220,5.58,2018.0,5.58,COc1ccc(Cn2cc(C(=O)NCCNc3c4c(nc5ccc(OC)cc35)CCCC4)c(=O)c3ccccc32)cc1,train
CHEMBL4212229,CHEMBL220,5.14,2017.0,5.14,CCN(Cc1ccccc1)Cc1ccc(NC(=O)Cc2ccc(O)c(O)c2)cc1,train
CHEMBL4212275,CHEMBL220,7.33,2017.0,7.33,C#CCNCC(=O)Nc1ccc2nc3n(c(=O)c2c1)CCC3,test
CHEMBL4212713,CHEMBL220,7.18,2017.0,7.18,C=CCNCC(=O)Nc1ccc2nc3n(c(=O)c2c1)CCC3,test
CHEMBL4213042,CHEMBL220,8.65,2017.0,8.65,c1ccc2c(NCCCCC[Se]CCCCCNc3c4c(nc5ccccc35)CCCC4)c3c(nc2c1)CCCC3,train
CHEMBL4213147,CHEMBL220,6.51,2017.0,6.51,CCCNCC(=O)Nc1ccc2nc3n(c(=O)c2c1)CCC3,test
CHEMBL4213253,CHEMBL220,10.72,2017.0,10.72,COc1ccccc1C(=O)N1Cc2cc(NC(=O)c3ccccc3)ccc2CC1=O,test
CHEMBL4213345,CHEMBL220,6.66,2017.0,6.66,Cc1cc(=O)oc2cc(OCc3cc[n+](Cc4ccc(Br)cc4)cc3)ccc12.[Br-],train
CHEMBL4213591,CHEMBL220,7.29,2018.0,7.29,COc1ccc(Cn2cc(C(=O)NCCCCCCCNc3c4c(nc5cc(Cl)ccc35)CCCC4)c(=O)c3ccccc32)cc1,val
CHEMBL4213792,CHEMBL220,9.29,2017.0,9.29,O=C(Nc1ccc2c(c1)CN(C(=O)c1ccccc1)C(=O)C2)c1ccccc1,test
CHEMBL4213874,CHEMBL220,6.6,2017.0,6.6,Cc1ccc(C[n+]2ccc(COc3ccc4c(C)cc(=O)oc4c3)cc2)cc1.[Br-],train
CHEMBL4214417,CHEMBL220,5.58,2018.0,5.58,CC(=O)OC(C)(C)/C=C/C(=O)[C@](C)(O)[C@H]1[C@H](O)C[C@@]2(C)[C@@H]3CC=C(C(C)(C)C(=O)O)C4=CC(=O)O[C@](O)(C[C@]12C)[C@@]43C,train
CHEMBL4214430,CHEMBL220,10.78,2017.0,10.78,COc1ccccc1C(=O)Nc1ccc2c(c1)CN(C(=O)c1cccc(Cl)c1)C(=O)C2,test
CHEMBL4214668,CHEMBL220,6.89,2018.0,6.89,COc1ccc(Cn2cc(C(=O)NCCCNc3c4c(nc5ccccc35)CCCC4)c(=O)c3ccccc32)cc1,test
CHEMBL4214707,CHEMBL220,10.68,2017.0,10.68,Cc1cccc(C(=O)Nc2ccc3c(c2)CN(C(=O)c2cccc(Cl)c2)C(=O)C3)c1,test
CHEMBL4214755,CHEMBL220,5.56,2017.0,5.56,CCN(Cc1ccccc1)Cc1ccc(NC(=O)Cc2ccc(OC)c(O)c2)cc1,train
CHEMBL4214900,CHEMBL220,6.71,2018.0,6.71,COc1ccc(Cn2cc(C(=O)NCCCCCCCNc3c4c(nc5ccccc35)CCCC4)c(=O)c3ccccc32)cc1,val
CHEMBL4214932,CHEMBL220,6.64,2017.0,6.64,O=C(CNCc1ccccc1)Nc1ccc2nc3n(c(=O)c2c1)CCC3,train
CHEMBL4214951,CHEMBL220,5.33,2017.0,5.33,CN(Cc1ccccc1)Cc1ccc(NC(=O)Cc2ccc(O)c(O)c2)cc1,train
CHEMBL421501,CHEMBL220,6.94,2010.0,6.94,c1ccc2c(NCCCCCCNc3c4c(nc5ccccc35)CCC4)c3c(nc2c1)CCC3,train
CHEMBL4215154,CHEMBL220,7.05,2018.0,7.05,COc1ccc(Cn2cc(C(=O)NCCCCNc3c4c(nc5cc(Cl)ccc35)CCCC4)c(=O)c3ccccc32)cc1,train
CHEMBL4215217,CHEMBL220,7.13,2018.0,7.13,COc1ccc(Cn2cc(C(=O)NCCNc3c4c(nc5cc(Cl)ccc35)CCCC4)c(=O)c3ccccc32)cc1,train
CHEMBL421601,CHEMBL220,5.68,1992.0,5.68,CN(C)Cc1ccc(CSCCNc2cccc(F)c2C#N)o1,train
CHEMBL4216066,CHEMBL220,7.19,2018.0,7.19,COc1cc(/C=C/C(=O)NCCCCCCNc2c3c(nc4ccccc24)CCCC3)cc(OC)c1O,train
CHEMBL4216601,CHEMBL220,5.02,2018.0,5.02,COc1ccc(Cn2cc(C(=O)NCCCCNc3c4c(nc5ccc(OC)cc35)CCCC4)c(=O)c3ccccc32)cc1,train
CHEMBL4216666,CHEMBL220,4.98,2018.0,4.98,O/N=C/c1nc(CCCCNc2c3c(nc4ccc(Cl)cc24)CCCC3)ccc1O,train
CHEMBL4216806,CHEMBL220,5.27,2017.0,5.27,CN(Cc1ccccc1)Cc1ccc(NC(=O)/C=C/c2ccc(O)c(O)c2)cc1,val
CHEMBL4216807,CHEMBL220,5.97,2017.0,5.97,Cc1cc(=O)oc2cc(OCc3cc[n+](Cc4ccc([N+](=O)[O-])cc4)cc3)ccc12.[Br-],train
CHEMBL4217126,CHEMBL220,5.65,2018.0,5.65,COc1ccc(Cn2cc(C(=O)NCCCNc3c4c(nc5ccc(OC)cc35)CCCC4)c(=O)c3ccccc32)cc1,test
CHEMBL4217139,CHEMBL220,7.43,2017.0,7.43,CCCCCCCCCCCCNCC(=O)Nc1ccc2nc3n(c(=O)c2c1)CCC3,test
CHEMBL4217212,CHEMBL220,5.52,2017.0,5.52,COc1ccc(CC(=O)Nc2ccc(CN(C)Cc3ccccc3)cc2)cc1O,train
CHEMBL4217346,CHEMBL220,7.03,2018.0,7.03,COc1ccc(Cn2cc(C(=O)NCCCCCCNc3c4c(nc5cc(Cl)ccc35)CCCC4)c(=O)c3ccccc32)cc1,test
CHEMBL4217466,CHEMBL220,6.45,2017.0,6.45,Cc1cc(=O)oc2cc(OCc3cc[n+](Cc4ccccc4)cc3)ccc12.[Br-],train
CHEMBL4217617,CHEMBL220,5.82,2018.0,5.82,COc1ccc(Cn2cc(C(=O)NCCCCCCCNc3c4c(nc5ccc(OC)cc35)CCCC4)c(=O)c3ccccc32)cc1,val
CHEMBL4217660,CHEMBL220,6.75,2018.0,6.75,COc1ccc(Cn2cc(C(=O)NCCCCCNc3c4c(nc5cc(Cl)ccc35)CCCC4)c(=O)c3ccccc32)cc1,train
CHEMBL4217663,CHEMBL220,10.85,2017.0,10.85,O=C(Nc1ccc2c(c1)CN(C(=O)c1cccc(Cl)c1)C(=O)C2)c1cccc(Cl)c1,test
CHEMBL4217666,CHEMBL220,7.88,2017.0,7.88,C=CCCNCC(=O)Nc1ccc2nc3n(c(=O)c2c1)CCC3,test
CHEMBL4217746,CHEMBL220,7.6,2017.0,7.6,CCCCCCNCC(=O)Nc1ccc2nc3n(c(=O)c2c1)CCC3,test
CHEMBL4217755,CHEMBL220,7.43,2017.0,7.43,Cc1cc(=O)oc2cc(OCc3cc[n+](Cc4ccc(F)cc4)cc3)ccc12.[Br-],train
CHEMBL4218191,CHEMBL220,10.58,2017.0,10.58,Cc1cccc(C(=O)N2Cc3cc(NC(=O)c4ccccc4)ccc3CC2=O)c1,test
CHEMBL4218281,CHEMBL220,6.89,2017.0,6.89,Cc1cc(=O)oc2cc(OCc3cc[n+](Cc4cccc(Br)c4)cc3)ccc12.[Br-],train
CHEMBL4218829,CHEMBL220,7.51,2017.0,7.51,O=C(CNCc1ccccc1[N+](=O)[O-])Nc1ccc2nc3n(c(=O)c2c1)CCC3,train
CHEMBL4218997,CHEMBL220,5.24,2017.0,5.24,CN(Cc1ccccc1)Cc1ccc(NC(=O)Cc2ccccc2)cc1,train
CHEMBL421920,CHEMBL220,3.739999990121752,2003.0,3.739999990121752,C/C=C(\C)C(=O)N[C@@H]1[C@H](OC(C)=O)[C@@H]2CC[C@@H]3[C@H](CC[C@]4(C)[C@@H]([C@H](C)N(C)C)CC[C@@H]34)[C@@]2(C)C[C@@H]1O,train
CHEMBL422098,CHEMBL220,4.16,2003.0,4.16,CC(=O)N[C@H]1CC[C@@]2(C)[C@@H](CC[C@@H]3[C@@H]2CC[C@]2(C)[C@@H]([C@H](C)N(C)C)CC[C@@H]32)C1,train
CHEMBL422338,CHEMBL220,7.17,1992.0,7.17,COc1cccc2c1CC(C)C2=O,train
CHEMBL422459,CHEMBL220,6.01,1997.0,6.01,C[N+](C)(C)c1cccc(O)c1,val
CHEMBL4225157,CHEMBL220,9.0,2018.0,9.0,C#CCNc1nc(NCCCCC2CCN(Cc3ccccc3)CC2)c(C#N)cc1C#N,train
CHEMBL422695,CHEMBL220,7.029999999999999,1992.0,7.029999999999999,CC1Cc2cc3c(cc2C1=O)OCO3,train
CHEMBL422860,CHEMBL220,5.83,2002.0,5.83,CN(C)C(=O)Oc1ccc2c(c1)C(N)CCC2,train
CHEMBL422971,CHEMBL220,5.22,2001.0,5.22,O=C1/C(=C/c2cc[nH]c2)CN(Cc2ccccc2)C/C1=C\c1cc[nH]c1,test
CHEMBL422977,CHEMBL220,5.35,1998.0,5.35,COc1ccccc1CNCCCCCCNCCCCCCCNCCCCCCNCc1ccccc1OC,test
CHEMBL423313,CHEMBL220,7.1,2002.0,7.1,COc1cc2cc(C(=O)CCC3CC[N+](C)(CC(=O)OC(C)(C)C)CC3)sc2cc1OC.[Br-],train
CHEMBL423352,CHEMBL220,2.430999999745263,1997.0,2.430999999745263,CC(C)(C)[C@@]1(O)C[N+](C)(C)CCO1,train
CHEMBL423397,CHEMBL220,3.7328282715969863,1989.0,3.7328282715969863,C#CCCCC[n+]1ccn(COC)c1/C=N/O.[Cl-],train
CHEMBL423419,CHEMBL220,6.93,1992.0,6.93,COc1ccc(OC)c2c1CC(C)C2=O,train
CHEMBL4238512,CHEMBL220,4.698970004336019,2018.0,4.698970004336019,C=Cc1oc2ccc(Br)cc2c(=O)c1CN(Cc1ccccc1)/C(=C/C(=O)OC)C(=O)OC,train
CHEMBL4238937,CHEMBL220,4.698970004336019,2018.0,4.698970004336019,COC(=O)/C=C(\C(=O)OC)N1CCc2oc3ccc(Br)cc3c(=O)c2C1,train
CHEMBL424,CHEMBL220,3.4609239012072233,2018.0,3.4609239012072233,O=C(O)c1ccccc1O,val
CHEMBL4240365,CHEMBL220,4.698970004336019,2018.0,4.698970004336019,C=Cc1oc2ccc(Br)cc2c(=O)c1CN(/C=C/C(=O)OC)Cc1ccccc1,train
CHEMBL4240861,CHEMBL220,7.83,2018.0,7.83,COc1ccc2c(c1)C/C(=C/c1ccccc1-c1ccc3nc(N)ccc3c1)C2=O,train
CHEMBL424100,CHEMBL220,5.21,2003.0,5.21,C/C(=C\C(=O)N(C)[C@H]1CC[C@@]2(C)[C@@H](CC[C@@H]3[C@@H]2CC[C@]2(C)C([C@H](C)N(C)C)=CC[C@@H]32)C1)C(C)C,train
CHEMBL4241100,CHEMBL220,4.698970004336019,2018.0,4.698970004336019,CCOc1cccc2c(=O)c3c(oc12)CCN(Cc1ccccc1)C3,train
CHEMBL4241840,CHEMBL220,7.36,2018.0,7.36,COc1ccc2c(c1)C/C(=C/C1CCN(Cc3ccccc3)CC1)C2=O,train
CHEMBL4242359,CHEMBL220,7.49,2018.0,7.49,COc1ccc2c(c1)C/C(=C/c1ccccc1-c1ccc3ccccc3c1)C2=O,test
CHEMBL4243474,CHEMBL220,7.53,2018.0,7.53,COc1ccc2c(c1)C/C(=C/c1ccccc1-c1ccccc1)C2=O,train
CHEMBL4244573,CHEMBL220,4.698970004336019,2018.0,4.698970004336019,C=Cc1oc2ccccc2c(=O)c1CN(/C=C/C(=O)OC)Cc1ccccc1,train
CHEMBL4244773,CHEMBL220,4.698970004336019,2018.0,4.698970004336019,O=c1c2c(oc3ccccc13)CCN(Cc1ccccc1)C2,train
CHEMBL4244803,CHEMBL220,7.67,2018.0,7.67,COc1ccc(-c2ccccc2/C=C2/Cc3cc(OC)ccc3C2=O)cc1,train
CHEMBL4246032,CHEMBL220,4.698970004336019,2018.0,4.698970004336019,C=Cc1oc2ccccc2c(=O)c1CN(/C=C/C(C)=O)Cc1ccccc1,train
CHEMBL424833,CHEMBL220,7.45,2005.0,7.45,O=C(CCCCC1CCSS1)NCCCCNc1c2c(nc3ccccc13)CCCC2,train
CHEMBL4248378,CHEMBL220,4.698970004336019,2018.0,4.698970004336019,CN1CCc2oc3ccc(Br)cc3c(=O)c2C1,train
CHEMBL4249829,CHEMBL220,4.698970004336019,2018.0,4.698970004336019,C=Cc1oc2ccc(Br)cc2c(=O)c1CN(C)/C=C/C(=O)OC,train
CHEMBL424984,CHEMBL220,7.05,2005.0,7.05,COc1ccc(-c2cc3c(c(=O)o2)C[C@@]2(O)[C@@]4(C)C=CC(=O)C(C)(C)[C@@]4(O)CC[C@@]2(C)O3)cc1,train
CHEMBL4250143,CHEMBL220,4.698970004336019,2018.0,4.698970004336019,C=Cc1oc2ccccc2c(=O)c1CN(Cc1ccccc1)/C(=C/C(=O)OC)C(=O)OC,train
CHEMBL4250287,CHEMBL220,4.698970004336019,2018.0,4.698970004336019,C=Cc1oc2ccc(Br)cc2c(=O)c1CN(/C=C/C(C)=O)Cc1ccccc1,train
CHEMBL4250314,CHEMBL220,4.698970004336019,2018.0,4.698970004336019,CCOc1cccc2c(=O)c3c(oc12)CCN(/C(=C/C(=O)OC)C(=O)OC)C3,train
CHEMBL4250510,CHEMBL220,4.698970004336019,2018.0,4.698970004336019,CCOc1cccc2c(=O)c3c(oc12)CCN(C)C3,train
CHEMBL4250950,CHEMBL220,4.698970004336019,2018.0,4.698970004336019,O=c1c2c(oc3ccc(Br)cc13)CCN(Cc1ccccc1)C2,train
CHEMBL425165,CHEMBL220,6.82,2005.0,6.82,CCCCNC(=O)OCCCCCCCCOC(=O)NCCCC,test
CHEMBL425192,CHEMBL220,4.0,2005.0,4.0,O=C(C(=O)c1ccc(O)cc1)c1ccccc1,val
CHEMBL425739,CHEMBL220,7.42,2005.0,7.42,O=C(CCCCC1CCSS1)NCCCCCNc1c2c(nc3ccccc13)CCCC2,train
CHEMBL426015,CHEMBL220,7.96,2010.0,7.96,Cn1cc(C(=O)NCCCCCCCNc2c3c(nc4cc(Cl)ccc24)CCCC3)c2ccccc21,train
CHEMBL426113,CHEMBL220,4.528641764426208,2011.0,4.528641764426208,O/N=C/c1cc[n+](CCC[n+]2ccc(/C=N/O)cc2)cc1.[Br-].[Br-],train
CHEMBL426441,CHEMBL220,9.32,2004.0,9.32,CN1C(=O)Cc2cc3onc(CCC4CCN(Cc5ccccc5)CC4)c3cc21,test
CHEMBL426562,CHEMBL220,4.0,2007.0,4.0,CCc1ccc(NCN2C(=O)C(=O)c3ccccc32)cc1,train
CHEMBL426674,CHEMBL220,7.67,2006.0,7.67,Cc1ccccc1NC(=O)Oc1ccc2c(c1)[C@]1(C)CCO[C@@H]1O2,train
CHEMBL427082,CHEMBL220,9.3,2010.0,9.3,O=C(CCCc1c[nH]c2ccccc12)NCCCCCCNc1c2c(nc3cc(Cl)ccc13)CCCC2,train
CHEMBL427090,CHEMBL220,3.8181564120552274,2007.0,3.8181564120552274,CN(CCCCCCCCCOc1ccc2c(=O)c3ccccc3oc2c1)Cc1ccccc1,train
CHEMBL427232,CHEMBL220,7.68,2006.0,7.68,Fc1ccc(C(c2ccc(F)cc2)N2CCN(CCN3CCCC3)CC2)cc1,train
CHEMBL427249,CHEMBL220,5.155,2007.0,5.155,CN(CCCCCOc1ccc2c(=O)c3ccccc3oc2c1)Cc1ccccc1,train
CHEMBL427342,CHEMBL220,6.23,2010.0,6.23,O=C(Nc1cccc(C2=NCCN2)c1)Nc1cccc(C2=NCCN2)c1,train
CHEMBL4276675,CHEMBL220,7.48,2018.0,7.48,CN(CCCCCN1C(=O)c2ccccc2S1(=O)=O)Cc1ccccc1,train
CHEMBL4276694,CHEMBL220,4.72,2018.0,4.72,CCN1CCN(C2CCN(C(=O)COc3ccc(-c4ccccc4F)cc3)CC2)CC1,test
CHEMBL4276921,CHEMBL220,2.813467435407603,2018.0,2.813467435407603,CN(C)Cc1cc(N)ccc1O.Cl.Cl,val
CHEMBL4277095,CHEMBL220,5.48,2017.0,5.48,CCN(CC)CCOc1ccc(/C=C2\COc3ccccc3C2=O)cc1,train
CHEMBL4277332,CHEMBL220,6.24,2018.0,6.24,O=C(NCCC1CCN(Cc2ccccc2)CC1)c1cc(=O)c2c(O)cc(O)cc2o1,test
CHEMBL4277357,CHEMBL220,4.24,2018.0,4.24,O=C(COc1ccc(-c2ccccc2)cc1)NCCCN1CCCCC1,train
CHEMBL4277548,CHEMBL220,7.8,2018.0,7.8,O=C(NCCC1CCN(Cc2ccccc2)CC1)c1cc(=O)c2cc([N+](=O)[O-])ccc2o1,test
CHEMBL4277644,CHEMBL220,5.6,2018.0,5.6,Cc1ccccc1CN1CCC(CCNC(=O)/C=C/c2cc(C(C)(C)C)c(O)c(C(C)(C)C)c2)CC1,train
CHEMBL4277879,CHEMBL220,5.14,2018.0,5.14,Cc1[nH]c2ccccc2c1CC(=O)NCCC1CCN(Cc2ccccc2)CC1,train
CHEMBL4277895,CHEMBL220,4.66,2018.0,4.66,NC(=O)c1cc[n+](C/C=C/C[n+]2cc(Cl)c(/C=N/O)c(Cl)c2)cc1.[Br-].[Br-],val
CHEMBL4278046,CHEMBL220,5.34,2018.0,5.34,O=C(COc1ccc(-c2ccccc2)cc1)N1CCC(N2CCCCC2)CC1,test
CHEMBL4278164,CHEMBL220,6.89,2018.0,6.89,COC(=O)c1sc(-c2ccnc(NC(=O)C3CC3)c2)nc1OCCNc1c2c(nc3ccccc13)CCCC2,train
CHEMBL4278260,CHEMBL220,5.56,2018.0,5.56,CC(C)(C)c1cc(/C=C/C(=O)NCCC2CCN(Cc3ccc(C#N)cc3)CC2)cc(C(C)(C)C)c1O,train
CHEMBL4278287,CHEMBL220,7.42,2018.0,7.42,COc1ccc2nc3c(c(NCCCNC(=O)c4sc(-c5ccnc(NC(=O)C6CC6)c5)nc4OC)c2c1)CCCC3,val
CHEMBL4278434,CHEMBL220,4.52,2017.0,4.52,CCN(CC)CCOc1cccc(/C=C2\COc3ccccc3C2=O)c1,train
CHEMBL427865,CHEMBL220,6.91,2007.0,6.91,COc1cc2cc(-c3ccc(CN(C)Cc4cccc(C)c4)cc3)c(=O)oc2cc1OC,train
CHEMBL4278686,CHEMBL220,8.19,2018.0,8.19,COc1nc(-c2ccnc(NC(=O)C3CC3)c2)sc1C(=O)NCCCNc1c2c(nc3ccccc13)CCCC2,val
CHEMBL4278883,CHEMBL220,5.05,2018.0,5.05,CCN(CC)CCOC(=O)/C=C/c1ccc2occ(C(=O)Nc3ccc(C)cc3)c(=O)c2c1,train
CHEMBL4279249,CHEMBL220,5.22,2018.0,5.22,O=C(O)/C=C/c1ccc2oc(C(=O)Nc3ccccc3)cc(=O)c2c1,val
CHEMBL4279297,CHEMBL220,6.68,2018.0,6.68,Cc1ccc(NC(=O)c2cc(=O)c3cc(/C=C/C(=O)OCCN(C)C)ccc3o2)cc1C,val
CHEMBL4279488,CHEMBL220,5.86,2018.0,5.86,CC(C)(C)c1cc(C(=O)CNCCC2CCN(Cc3ccccc3)CC2)cc(C(C)(C)C)c1O,val
CHEMBL4280224,CHEMBL220,4.59,2018.0,4.59,CCN(CC)Cc1cc(N)ccc1O.Cl.Cl,val
CHEMBL4280241,CHEMBL220,5.48,2017.0,5.48,Fc1ccc2c(C3CCN(CCN4CCCC4)CC3)noc2c1,train
CHEMBL4280612,CHEMBL220,9.37,2017.0,9.37,Nc1c2c(nc3cc(Cl)ccc13)C[C@H]1C=C(CCCCn3cc(CO)nn3)C[C@H]2C1,train
CHEMBL4280725,CHEMBL220,5.38,2018.0,5.38,O=C(NCCC1CCN(Cc2ccccc2)CC1)c1cc(=O)c2cc(O)c(O)cc2o1,test
CHEMBL4280753,CHEMBL220,4.06,2018.0,4.06,CCN1CCN(CCCNC(=O)COc2ccc(I)cc2)CC1,val
CHEMBL4280848,CHEMBL220,3.902395671125589,2018.0,3.902395671125589,CCCCN(C)Cc1cc(N)ccc1O.Cl.Cl,val
CHEMBL4280935,CHEMBL220,5.73,2017.0,5.73,CCN(CC)CCCCCCOc1ccc(/C=C2\COc3ccccc3C2=O)cc1,train
CHEMBL4281066,CHEMBL220,5.79,2018.0,5.79,CC(C)(C)c1cc(/C=C/C(=O)NCCC2CCN(Cc3ccc(F)c(F)c3)CC2)cc(C(C)(C)C)c1O,train
CHEMBL4281203,CHEMBL220,3.8601209135987635,2018.0,3.8601209135987635,CN1CCN(CCCNC(=O)COc2ccc(I)cc2)CC1,val
CHEMBL4281350,CHEMBL220,4.68,2018.0,4.68,NC(=O)c1cc[n+](CCC[n+]2cc(Cl)c(/C=N/O)c(Cl)c2)cc1.[Br-].[Br-],train
CHEMBL4281409,CHEMBL220,4.88,2017.0,4.88,C[N+](C)(CC#CCOC1=NOCC1)CCCCCCCCCC[N+](C)(C)CCCN1C(=O)c2ccccc2C1=O.[Br-].[Br-],test
CHEMBL4281440,CHEMBL220,7.28,2017.0,7.28,Cn1c2nc3ccccc3c-2c(NCCCCNc2c3c(nc4ccccc24)CCCC3)c2ccccc21,val
CHEMBL4281727,CHEMBL220,5.42,2018.0,5.42,CC(C)(C)c1cc(/C=C/C(=O)NCCC2CCN(Cc3ccc(Br)cc3)CC2)cc(C(C)(C)C)c1O,train
CHEMBL4281894,CHEMBL220,5.85,2017.0,5.85,CN(C)CCOc1cccc(/C=C2\COc3ccccc3C2=O)c1,train
CHEMBL4282037,CHEMBL220,5.91,2018.0,5.91,CN(C)CCOC(=O)/C=C/c1ccc2oc(C(=O)Nc3ccc(Cl)cc3)cc(=O)c2c1,val
CHEMBL4282154,CHEMBL220,8.68,2018.0,8.68,COc1nc(-c2ccnc(NC(=O)C3CC3)c2)sc1C(=O)NCCNc1c2c(nc3cc(Cl)ccc13)CCCC2,train
CHEMBL4282163,CHEMBL220,5.2,2018.0,5.2,Cl.Cl.Nc1ccc(O)c(CN2CCCC2)c1,test
CHEMBL4282357,CHEMBL220,5.0,2018.0,5.0,Cc1cccc2c1ccc1c3occ(C)c3c(=O)oc(=O)c21,train
CHEMBL4282360,CHEMBL220,2.977365460055881,2018.0,2.977365460055881,CCCCCCN(C)Cc1cc(N)ccc1O.Cl.Cl,val
CHEMBL4282414,CHEMBL220,5.21,2018.0,5.21,Cn1cc(C(=O)NCCC2CCN(Cc3ccccc3)CC2)c2ccccc21,train
CHEMBL4282502,CHEMBL220,4.0,2018.0,4.0,C[C@@H]1C[C@H]2CC(=O)[C@H]3CCC[N+]4([O-])CCC[C@@H]2[C@]34C1,test
CHEMBL4282527,CHEMBL220,6.35,2018.0,6.35,COc1ccc2c(=O)cc(C(=O)NCCC3CCN(Cc4ccccc4)CC3)[nH]c2c1,test
CHEMBL4282558,CHEMBL220,5.59,2018.0,5.59,CC(C)(C)c1cc(/C=C/C(=O)NCCC2CCN(Cc3cccc(Cl)c3)CC2)cc(C(C)(C)C)c1O,train
CHEMBL4282755,CHEMBL220,5.01,2018.0,5.01,CCN(CC)CCOC(=O)/C=C/c1ccc2oc(C(=O)Nc3ccc(C)cc3)cc(=O)c2c1,val
CHEMBL4283079,CHEMBL220,5.63,2018.0,5.63,O=C(NC1CCN(Cc2ccccc2)CC1)c1cc(=O)c2cc(O)ccc2o1,train
CHEMBL4283139,CHEMBL220,3.721246399047171,2018.0,3.721246399047171,COc1ccc(-c2ccc(OCC(=O)NCCCN3CCN(C)CC3)cc2)cc1,train
CHEMBL4283189,CHEMBL220,5.35,2018.0,5.35,CCN(CC)CCOC(=O)/C=C/c1ccc2oc(C(=O)Nc3cccc(Cl)c3)cc(=O)c2c1,val
CHEMBL4283298,CHEMBL220,8.7,2017.0,8.7,C[N+](C)(CC#CCOC1=NOCC1)CCCCCCCNc1c2c(nc3ccccc13)CCCC2.[Br-],train
CHEMBL4283390,CHEMBL220,5.575,2018.0,5.575,CC(C)(C)c1cc(/C=C/C(=O)NCCC2CCN(Cc3ccccc3)CC2)cc(C(C)(C)C)c1O,train
CHEMBL4283450,CHEMBL220,6.77,2018.0,6.77,COc1ccc2oc(C(=O)NCCC3CCN(Cc4ccccc4)CC3)cc(=O)c2c1,test
CHEMBL4283463,CHEMBL220,5.07,2018.0,5.07,CCN(CC)CCOC(=O)/C=C/c1ccc2occ(C(=O)Nc3cccc(Cl)c3)c(=O)c2c1,train
CHEMBL4283621,CHEMBL220,4.0,2018.0,4.0,C[C@@H]1C[C@H]2CC(=O)[C@H]3CCCN4CCC[C@@H]2[C@]34C1,train
CHEMBL4283651,CHEMBL220,5.45,2018.0,5.45,O=C(Cc1c[nH]c2ccccc12)NCCC1CCN(Cc2ccccc2)CC1,train
CHEMBL4283733,CHEMBL220,4.65,2017.0,4.65,CCN(CCOc1ccc(/C=C2\COc3ccccc3C2=O)cc1)Cc1ccccc1,train
CHEMBL4283770,CHEMBL220,6.18,2017.0,6.18,CN(C)CCOc1ccc(/C=C2\COc3ccccc3C2=O)cc1,train
CHEMBL4283814,CHEMBL220,5.29,2018.0,5.29,Cc1ccc(NC(=O)c2cc(=O)c3cc(/C=C/C(=O)O)ccc3o2)cc1,val
CHEMBL4283986,CHEMBL220,3.094150173357681,2018.0,3.094150173357681,CCCCCN(C)Cc1cc(N)ccc1O.Cl.Cl,val
CHEMBL4284047,CHEMBL220,8.9,2017.0,8.9,Cn1c2nc3ccccc3c-2c(NCCCCCCNc2c3c(nc4ccccc24)CCCC3)c2ccccc21,train
CHEMBL4284165,CHEMBL220,7.8,2018.0,7.8,O=C(NCCCC1CCN(Cc2ccccc2)CC1)c1cc(=O)c2cc(O)ccc2o1,train
CHEMBL4284235,CHEMBL220,6.01,2018.0,6.01,Cc1ccc(NC(=O)c2coc3ccc(/C=C/C(=O)OCCN(C)C)cc3c2=O)cc1,train
CHEMBL4284261,CHEMBL220,3.0154276843783676,2018.0,3.0154276843783676,CCN(C)Cc1cc(N)ccc1O.Cl.Cl,val
CHEMBL4284475,CHEMBL220,6.01,2018.0,6.01,CC(C)(C)c1cc(/C=C/C(=O)NCCC2CCN(Cc3ccc(F)cc3)CC2)cc(C(C)(C)C)c1O,train
CHEMBL4284495,CHEMBL220,7.605,2018.0,7.605,COc1cc2oc(C(=O)OCCC3CCN(Cc4ccccc4)CC3)cc(=O)c2cc1OC,train
CHEMBL4284506,CHEMBL220,4.03,2018.0,4.03,O=C(COc1ccc(-c2ccccc2)cc1)N1CCC(N2CCOCC2)CC1,train
CHEMBL4284580,CHEMBL220,5.03,2018.0,5.03,O=C(O)/C=C/c1ccc2occ(C(=O)Nc3ccccc3)c(=O)c2c1,train
CHEMBL4284591,CHEMBL220,6.5,2018.0,6.5,COc1cc(OC)c2c(=O)cc(C(=O)NCCC3CCN(Cc4ccccc4)CC3)oc2c1,test
CHEMBL4284619,CHEMBL220,4.75,2018.0,4.75,CCN1CCN(C2CCN(C(=O)COc3ccc(-c4ccc(OC)cc4)cc3)CC2)CC1,test
CHEMBL4284764,CHEMBL220,4.44,2018.0,4.44,NC(=O)c1cc[n+](CCCC[n+]2ccc(/C=N/O)c(Cl)c2)cc1.[Br-].[Br-],train
CHEMBL4284895,CHEMBL220,5.7,2018.0,5.7,Cc1ccc(CN2CCC(CCNC(=O)/C=C/c3cc(C(C)(C)C)c(O)c(C(C)(C)C)c3)CC2)cc1,train
CHEMBL4285213,CHEMBL220,3.8823973083099155,2018.0,3.8823973083099155,CCCN(CCC)Cc1cc(N)ccc1O.Cl.Cl,val
CHEMBL4285471,CHEMBL220,4.85,2017.0,4.85,CCN(CC)CCCCOc1ccc(/C=C2\COc3ccccc3C2=O)cc1,train
CHEMBL4285481,CHEMBL220,6.51,2018.0,6.51,CCOC(=O)c1sc(-c2ccnc(NC(=O)C3CC3)c2)nc1OCCNc1c2c(nc3ccccc13)CCCC2,train
CHEMBL4285581,CHEMBL220,7.64,2018.0,7.64,COc1ccc2nc3c(c(NCCNC(=O)c4sc(-c5ccnc(NC(=O)C6CC6)c5)nc4OC)c2c1)CCCC3,train
CHEMBL4285601,CHEMBL220,6.52,2018.0,6.52,COc1cc2oc(C(=O)OCC3CCN(Cc4ccccc4)CC3)cc(=O)c2cc1OC,train
CHEMBL4285714,CHEMBL220,6.13,2018.0,6.13,CN(C)CCOC(=O)/C=C/c1ccc2oc(C(=O)Nc3ccccc3)cc(=O)c2c1,val
CHEMBL4285749,CHEMBL220,5.03,2018.0,5.03,CN(C)CCOC(=O)/C=C/c1ccc2occ(C(=O)Nc3ccc(Cl)cc3)c(=O)c2c1,train
CHEMBL4285759,CHEMBL220,4.99,2018.0,4.99,Cc1cccc2c1ccc1c3c(c(=O)oc(=O)c12)[C@@H](C)CO3,train
CHEMBL4285779,CHEMBL220,7.48,2018.0,7.48,COc1ccc2c(=O)cc(C(=O)NCCC3CCN(Cc4ccccc4)CC3)oc2c1,test
CHEMBL4285818,CHEMBL220,5.85,2018.0,5.85,O=C(Cc1c[nH]c2ccc(Br)cc12)NCCC1CCN(Cc2ccccc2)CC1,train
CHEMBL4285826,CHEMBL220,4.92,2018.0,4.92,NC(=O)c1cc[n+](CCCC[n+]2cc(Cl)c(/C=N/O)c(Cl)c2)cc1.[Br-].[Br-],train
CHEMBL4285912,CHEMBL220,5.94,2018.0,5.94,O=C(NCCC1CCN(Cc2ccccc2)CC1)c1cc(=O)c2cccc(O)c2[nH]1,test
CHEMBL4285972,CHEMBL220,5.0,2018.0,5.0,CN1CCN(C2CCN(C(=O)COc3ccc(-c4ccccc4)cc3)CC2)CC1,test
CHEMBL4286556,CHEMBL220,5.43,2018.0,5.43,CN(C)CCOC(=O)/C=C/c1ccc2occ(C(=O)Nc3ccccc3)c(=O)c2c1,train
CHEMBL4286601,CHEMBL220,8.2,2018.0,8.2,COc1nc(-c2ccnc(NC(=O)C3CC3)c2)sc1C(=O)NCCNc1c2c(nc3ccccc13)CCCC2,train
CHEMBL4286677,CHEMBL220,3.3165026823201886,2018.0,3.3165026823201886,Cl.Cl.Nc1ccc(O)c(Cn2ccnc2)c1,train
CHEMBL4286731,CHEMBL220,5.13,2018.0,5.13,COc1ccc2oc(C(=O)OCC3CCN(Cc4ccccc4)CC3)cc(=O)c2c1,train
CHEMBL4286736,CHEMBL220,5.61,2018.0,5.61,CC(C)(C)c1cc(C(=O)CNCC2CCN(Cc3ccccc3)CC2)cc(C(C)(C)C)c1O,train
CHEMBL4286799,CHEMBL220,7.1,2018.0,7.1,O=C(NCCC1CCN(Cc2ccccc2)CC1)c1cc(=O)c2ccccc2o1,test
CHEMBL4286806,CHEMBL220,5.26,2018.0,5.26,CCN(CC)CCOC(=O)/C=C/c1ccc2occ(C(=O)Nc3ccc(OC)cc3)c(=O)c2c1,train
CHEMBL4287340,CHEMBL220,5.31,2018.0,5.31,CCN1CCN(C2CCN(C(=O)COc3ccc4c(c3)CCC4=O)CC2)CC1,test
CHEMBL4287548,CHEMBL220,6.06,2018.0,6.06,COc1ccc2[nH]c(C(=O)NCCC3CCN(Cc4ccccc4)CC3)cc(=O)c2c1,test
CHEMBL4287595,CHEMBL220,6.04,2018.0,6.04,COc1ccc(NC(=O)c2cc(=O)c3cc(/C=C/C(=O)OCCN(C)C)ccc3o2)cc1,val
CHEMBL4287748,CHEMBL220,8.75,2017.0,8.75,C[N+](C)(CC#CCOC1=NOCC1)CCCCCCCCCCNc1c2c(nc3ccccc13)CCCC2.[Br-],val
CHEMBL4287826,CHEMBL220,5.47,2018.0,5.47,CC(C)(C)c1cc(CCC(=O)NCCC2CCN(Cc3ccccc3)CC2)cc(C(C)(C)C)c1O,test
CHEMBL4287889,CHEMBL220,5.44,2018.0,5.44,COc1ccc2oc(C(=O)NCC3CCN(Cc4ccccc4)CC3)cc(=O)c2c1,val
CHEMBL4287962,CHEMBL220,5.06,2018.0,5.06,COc1ccc(NC(=O)c2coc3ccc(/C=C/C(=O)O)cc3c2=O)cc1,train
CHEMBL4287970,CHEMBL220,7.34,2018.0,7.34,COc1cc2oc(C(=O)NCCC3CCN(Cc4ccccc4)CC3)cc(=O)c2cc1OC,test
CHEMBL4288000,CHEMBL220,3.939302159646388,2018.0,3.939302159646388,CN1CCN(CCCNC(=O)COc2ccc(-c3ccccc3)cc2)CC1,train
CHEMBL4288282,CHEMBL220,5.67,2018.0,5.67,COc1ccc(CN2CCC(CCNC(=O)/C=C/c3cc(C(C)(C)C)c(O)c(C(C)(C)C)c3)CC2)cc1,train
CHEMBL4288558,CHEMBL220,3.3410351573355648,2018.0,3.3410351573355648,Cl.Cl.Nc1ccc(O)c(CN2CCCCC2)c1,test
CHEMBL4288571,CHEMBL220,5.33,2017.0,5.33,O=C1/C(=C/c2ccc(OCCCN3CCN(Cc4ccccc4)CC3)cc2)COc2ccccc21,train
CHEMBL4288742,CHEMBL220,2.938924676370208,2018.0,2.938924676370208,CCCN(C)Cc1cc(N)ccc1O.Cl.Cl,val
CHEMBL4288850,CHEMBL220,6.52,2018.0,6.52,NC(=O)c1sc(-c2ccnc(NC(=O)C3CC3)c2)nc1OCCNc1c2c(nc3ccccc13)CCCC2,train
CHEMBL4289086,CHEMBL220,4.89,2018.0,4.89,O=C(COc1ccc(I)cc1)NCCCN1CCCCC1,train
CHEMBL4289104,CHEMBL220,4.59,2017.0,4.59,CN(C)CCCOc1cccc(/C=C2\COc3ccccc3C2=O)c1,train
CHEMBL4289221,CHEMBL220,4.62,2018.0,4.62,NC(=O)c1cc[n+](C/C=C/C[n+]2ccc(/C=N/O)c(Cl)c2)cc1.[Br-].[Br-],val
CHEMBL4289318,CHEMBL220,6.21,2018.0,6.21,COc1cc2nc(C(=O)NCCC3CCN(Cc4ccccc4)CC3)cc(OC)c2cc1OC,test
CHEMBL4289362,CHEMBL220,6.23,2018.0,6.23,C[C@@H]1C[C@H]2CC(=O)[C@H]3CCC[N+]4([O-])CCC[C@]2(O)[C@]34C1,test
CHEMBL4289908,CHEMBL220,5.23,2018.0,5.23,CN(C)CCOC(=O)/C=C/c1ccc2oc(C(=O)Nc3cccc(Cl)c3)cc(=O)c2c1,val
CHEMBL4289981,CHEMBL220,5.46,2018.0,5.46,CCN(CC)CCOC(=O)/C=C/c1ccc2oc(C(=O)Nc3ccccc3)cc(=O)c2c1,val
CHEMBL4290039,CHEMBL220,7.66,2018.0,7.66,COc1nc(-c2ccnc(NC(=O)C3CC3)c2)sc1C(=O)NCCCCCCNc1c2c(nc3ccccc13)CCCC2,train
CHEMBL4290236,CHEMBL220,5.48,2018.0,5.48,Cc1coc2c1c(=O)oc(=O)c1c3c(ccc12)C(C)(C)CCC3,val
CHEMBL4290401,CHEMBL220,5.79,2018.0,5.79,COc1cccc2c(=O)cc(C(=O)NCCC3CCN(Cc4ccccc4)CC3)[nH]c12,test
CHEMBL4290877,CHEMBL220,5.65,2017.0,5.65,Fc1ccc2c(C3CCN(CCN4CCCCC4)CC3)noc2c1,train
CHEMBL4290940,CHEMBL220,6.01,2018.0,6.01,COc1ccc2oc(C(=O)NC3CCN(Cc4ccccc4)CC3)cc(=O)c2c1,train
CHEMBL4290992,CHEMBL220,4.85,2018.0,4.85,COc1ccc(-c2ccc(OCC(=O)NCCCN3CCCCC3)cc2)cc1,train
CHEMBL4291046,CHEMBL220,6.07,2018.0,6.07,CCN(CC)CCOC(=O)/C=C/c1ccc2oc(C(=O)Nc3ccc(Cl)cc3)cc(=O)c2c1,val
CHEMBL4291296,CHEMBL220,7.04,2018.0,7.04,O=C(NCCC1CCN(Cc2ccccc2)CC1)c1cc(=O)c2cc(O)ccc2o1,test
CHEMBL4291372,CHEMBL220,6.43,2018.0,6.43,COc1ccc2oc(C(=O)NCCCC3CCN(Cc4ccccc4)CC3)cc(=O)c2c1,train
CHEMBL4291400,CHEMBL220,4.7,2018.0,4.7,CCN1CCN(C2CCN(C(=O)COc3ccc(I)cc3)CC2)CC1,val
CHEMBL4291591,CHEMBL220,4.39,2017.0,4.39,CN(CCCCCCOc1ccc(/C=C2\COc3ccccc3C2=O)cc1)Cc1ccccc1,train
CHEMBL4291697,CHEMBL220,5.75,2018.0,5.75,CC(C)(C)c1cc(/C=C/C(=O)NCCC2CCN(Cc3ccc(F)cc3F)CC2)cc(C(C)(C)C)c1O,train
CHEMBL4291845,CHEMBL220,5.68,2018.0,5.68,CCN1CCN(C2CCN(C(=O)COc3ccc(-c4ccc([N+](=O)[O-])cc4)cc3)CC2)CC1,test
CHEMBL4292192,CHEMBL220,4.19,2018.0,4.19,CCN(CC)c1ccc(/C=C/c2cc(N3CCCCC3)c3ccccc3n2)cc1,train
CHEMBL4292235,CHEMBL220,6.699999999999999,2018.0,6.699999999999999,Cc1ccc(NC(=O)c2cc(=O)c3cc(/C=C/C(=O)OCCN(C)C)ccc3o2)cc1,val
CHEMBL4292349,CHEMBL220,5.46,2018.0,5.46,CC(C)(C)c1cc(/C=C/C(=O)NCCC2CCN(Cc3cccc([N+](=O)[O-])c3)CC2)cc(C(C)(C)C)c1O,train
CHEMBL4292399,CHEMBL220,3.0734003460929724,2018.0,3.0734003460929724,Cl.Cl.Nc1ccc(O)c(Cn2cccn2)c1,train
CHEMBL4292446,CHEMBL220,6.18,2018.0,6.18,COc1cc2oc(C(=O)NC3CCN(Cc4ccccc4)CC3)cc(=O)c2cc1OC,train
CHEMBL4292477,CHEMBL220,7.3,2018.0,7.3,Nc1ccc2oc(C(=O)NCCC3CCN(Cc4ccccc4)CC3)cc(=O)c2c1,test
CHEMBL4292499,CHEMBL220,3.958607314841775,2018.0,3.958607314841775,CCN1CCN(CCCNC(=O)COc2ccc(-c3ccc(OC)cc3)cc2)CC1,train
CHEMBL4292574,CHEMBL220,3.476904161747432,2018.0,3.476904161747432,CNCc1cc(N)ccc1O.Cl.Cl,val
CHEMBL4292643,CHEMBL220,4.38,2018.0,4.38,NC(=O)c1cc[n+](CCC[n+]2ccc(/C=N/O)c(Cl)c2)cc1.[Br-].[Br-],train
CHEMBL4292766,CHEMBL220,5.984999999999999,2018.0,5.984999999999999,CC(C)(C)c1cc(/C=C/C(=O)NCCC2CCN(Cc3ccccc3F)CC2)cc(C(C)(C)C)c1O,train
CHEMBL4293015,CHEMBL220,5.85,2018.0,5.85,Cn1cc(CC(=O)NCCC2CCN(Cc3ccccc3)CC2)c2ccccc21,train
CHEMBL4293086,CHEMBL220,5.97,2017.0,5.97,CC(C)(CN1C(=O)c2cccc3cccc(c23)C1=O)C[N+](C)(C)CCCCCCCCCC[N+](C)(C)CC#CCOC1=NOCC1.[Br-].[Br-],train
CHEMBL4293155,CHEMBL220,5.61,2018.0,5.61,CC(C)(C)c1cc(/C=C/C(=O)NCCC2CCN(Cc3ccccc3Cl)CC2)cc(C(C)(C)C)c1O,train
CHEMBL4293179,CHEMBL220,3.6989700043360187,2018.0,3.6989700043360187,CCN1CCN(C(=O)COc2ccc(-c3ccccc3)cc2)CC1,train
CHEMBL4293305,CHEMBL220,6.24,2018.0,6.24,O=C(O)c1sc(-c2ccnc(NC(=O)C3CC3)c2)nc1OCCNc1c2c(nc3ccccc13)CCCC2,train
CHEMBL4293364,CHEMBL220,5.94,2018.0,5.94,CCN(CC)CCOC(=O)/C=C/c1ccc2oc(C(=O)Nc3ccc(OC)cc3)cc(=O)c2c1,val
CHEMBL4293418,CHEMBL220,8.44,2018.0,8.44,COc1nc(-c2ccnc(NC(=O)C3CC3)c2)sc1C(=O)NCCCNc1c2c(nc3cc(Cl)ccc13)CCCC2,val
CHEMBL4293626,CHEMBL220,5.49,2018.0,5.49,C[C@H]1COc2c1c(=O)oc(=O)c1c3c(ccc21)C(C)(C)CCC3,train
CHEMBL4293801,CHEMBL220,6.994999999999999,2018.0,6.994999999999999,COc1cc2[nH]c(C(=O)NCCC3CCN(Cc4ccccc4)CC3)cc(=O)c2cc1OC,test
CHEMBL4294028,CHEMBL220,5.12,2018.0,5.12,CCN(CC)CCOC(=O)/C=C/c1ccc2occ(C(=O)Nc3ccc(Cl)cc3)c(=O)c2c1,train
CHEMBL4294109,CHEMBL220,5.9,2018.0,5.9,O=C(CCCc1c[nH]c2ccccc12)NCCC1CCN(Cc2ccccc2)CC1,train
CHEMBL4294389,CHEMBL220,5.13,2018.0,5.13,COc1ccc(NC(=O)c2cc(=O)c3cc(/C=C/C(=O)O)ccc3o2)cc1,val
CHEMBL4294446,CHEMBL220,5.61,2018.0,5.61,CCN(CC)CCOC(=O)/C=C/c1ccc2oc(C(=O)Nc3ccc(C)c(C)c3)cc(=O)c2c1,val
CHEMBL4294609,CHEMBL220,6.52,2018.0,6.52,O=C(NCCC1CCN(Cc2ccccc2)CC1)c1cc(=O)c2cc(O)ccc2[nH]1,test
CHEMBL4294640,CHEMBL220,9.02,2017.0,9.02,Cn1c2nc3ccccc3c-2c(NCCCCCCCCNc2c3c(nc4ccccc24)CCCC3)c2ccccc21,train
CHEMBL4294701,CHEMBL220,6.06,2018.0,6.06,COc1cccc2oc(C(=O)NCCC3CCN(Cc4ccccc4)CC3)cc(=O)c12,test
CHEMBL4294783,CHEMBL220,7.32,2018.0,7.32,COc1cc2oc(C(=O)NCCCC3CCN(Cc4ccccc4)CC3)cc(=O)c2cc1OC,train
CHEMBL4294859,CHEMBL220,5.45,2018.0,5.45,COc1ccc(NC(=O)c2coc3ccc(/C=C/C(=O)OCCN(C)C)cc3c2=O)cc1,train
CHEMBL4294906,CHEMBL220,3.5676722077383958,2018.0,3.5676722077383958,Cl.Cl.Nc1ccc(O)c(CN2CCOCC2)c1,train
CHEMBL4295126,CHEMBL220,5.88,2018.0,5.88,CC(C)(C)c1cc(/C=C/C(=O)NCCC2CCN(Cc3cccc(F)c3)CC2)cc(C(C)(C)C)c1O,train
CHEMBL4295144,CHEMBL220,5.84,2018.0,5.84,COc1cc2oc(C(=O)NCC3CCN(Cc4ccccc4)CC3)cc(=O)c2cc1OC,val
CHEMBL4295165,CHEMBL220,3.94692155651658,2018.0,3.94692155651658,CCN1CCN(CCCNC(=O)COc2ccc(-c3ccccc3)cc2)CC1,train
CHEMBL4301645,CHEMBL220,4.0,2015.0,4.0,c1ccc([C@@H]2C[C@H]2NC2CCNCC2)cc1,train
CHEMBL430403,CHEMBL220,6.74,2013.0,6.74,CCOC(=O)C1=C(C)Oc2nc3c(c(N)c2C1c1ccc(C)cc1)CCCC3,train
CHEMBL430679,CHEMBL220,7.82,2010.0,7.82,CN(CCOCCNC(=S)NC(=O)c1cccc([N+](=O)[O-])c1)Cc1ccccc1,train
CHEMBL430886,CHEMBL220,7.52,2010.0,7.52,[Br-].[Br-].c1cc[n+](CCCCCCCCCCC[n+]2ccccc2)cc1,test
CHEMBL431058,CHEMBL220,7.58,2010.0,7.58,COc1ccc(C(=O)NC(=S)NCCOCCN(C)Cc2ccccc2)cc1,train
CHEMBL431519,CHEMBL220,7.4,1995.0,7.4,CN1CC[C@@]2(C)c3cc(OC(=O)NCCCCCCCCCCN4CCOCC4)ccc3N(C)[C@@H]12,train
CHEMBL431784,CHEMBL220,7.25,1997.0,7.25,CNC(=O)Oc1ccc2c(c1)[C@]1(C)CCN(C)C1N2,train
CHEMBL431844,CHEMBL220,7.5,1992.0,7.5,Nc1c2c(nc3ccccc13)C1CCC2C1,test
CHEMBL432376,CHEMBL220,6.92,2002.0,6.92,COc1cc2cc(C(=O)CCC3CC[N+](C)(Cc4ccccc4)CC3)n(C)c2cc1OC,val
CHEMBL433041,CHEMBL220,7.66,1992.0,7.66,CCCCCCCNC(=O)Oc1ccc2c(c1)[C@]1(C)CCN(C)[C@@H]1N2C,train
CHEMBL433282,CHEMBL220,6.07,2007.0,6.07,O=C1C(=O)c2cc([N+](=O)[O-])ccc2-c2ccccc21,test
CHEMBL433379,CHEMBL220,8.11,1994.0,8.11,Cc1ccc2onc(CCC3CCN(Cc4ccccc4)CC3)c2c1,test
CHEMBL433678,CHEMBL220,8.55,2010.0,8.55,CC(=O)Nc1ccc2c(c1)C(=O)N(CCC1CCN(Cc3ccccc3)CC1)C2=O,train
CHEMBL434042,CHEMBL220,4.15,2003.0,4.15,CC(=O)N(C)[C@H]1CC[C@@]2(C)[C@@H](CC[C@@H]3[C@@H]2CC[C@]2(C)[C@@H]([C@H](C)N(C)C)CC[C@@H]32)C1,train
CHEMBL434378,CHEMBL220,7.74,2006.0,7.74,COc1cc(C(=O)NCCCCCC(=O)NNc2c3c(nc4ccccc24)CCCC3)cc(OC)c1OC,train
CHEMBL434948,CHEMBL220,4.7,2005.0,4.7,CC1CCCCN1CCCN1CC(=O)N(CCc2ccc(F)cc2)CC1=O,test
CHEMBL435071,CHEMBL220,6.19,2016.0,6.19,COc1cc2c(cc1OC)C(=O)C(CC1CCN(Cc3cccc([N+](=O)[O-])c3)CC1)C2,test
CHEMBL435109,CHEMBL220,4.0,2005.0,4.0,COc1cccc(C(=O)C(=O)c2cccc(OC)c2)c1,val
CHEMBL435373,CHEMBL220,5.7,1996.0,5.7,CC1=CC2Cc3nc(O)ccc3C(N)(C1)/C2=C/C(F)(F)F,train
CHEMBL435763,CHEMBL220,3.0,1986.0,3.0,O/N=C/c1nc(-c2ccccc2)no1,test
CHEMBL435897,CHEMBL220,6.68,2013.0,6.68,COc1cc2c(cc1OC)C(=O)C(Oc1ccc(CN(C)C)cc1)C2,train
CHEMBL436302,CHEMBL220,6.63,2006.0,6.63,CCOC(=O)C1=C(C)Nc2nc3c(c(N)c2C1c1ccccc1OC)CCCC3,train
CHEMBL436367,CHEMBL220,6.34,1991.0,6.34,Nc1c2c(nc3c1CCCO3)CCCC2,train
CHEMBL437373,CHEMBL220,4.0,2007.0,4.0,O=C(c1cc(F)cc(F)c1)C(O)c1cc(F)cc(F)c1,train
CHEMBL438324,CHEMBL220,4.301029995663981,2007.0,4.301029995663981,CN(C(=O)Oc1ccc(Oc2ccc(C(F)(F)F)cn2)cc1)C1CCCCC1,test
CHEMBL439508,CHEMBL220,5.522878745280337,2006.0,5.522878745280337,CCCC(CC1(C(=O)N[C@H]2CC[C@@H](C(N)=O)CC2)CCCC1)C(=O)O,test
CHEMBL440185,CHEMBL220,7.15,1992.0,7.15,COc1cc2c(c(OC)c1OC)C(=O)C(C)C2,train
CHEMBL440497,CHEMBL220,5.45,1998.0,5.45,CNC(=O)Oc1ccc2c(c1)[C@@]1(C)CCN(Cc3ccccc3)C1N2Cc1ccccc1,train
CHEMBL440526,CHEMBL220,7.43,2016.0,7.43,CCCCCCCNC(=O)Oc1cccc(CN(C)CCCOc2ccc3ccc(=O)oc3c2)c1,test
CHEMBL440983,CHEMBL220,8.18,2007.0,8.18,O=C(NCCNc1c2c(nc3ccccc13)CCCC2)C(=O)NCCNc1c2c(nc3ccccc13)CCCC2,train
CHEMBL441632,CHEMBL220,6.05,2002.0,6.05,COc1cc2cc(C(=O)CCc3cc[n+](C)cc3)sc2cc1OC.[Br-],train
CHEMBL441808,CHEMBL220,6.42,2002.0,6.42,COc1cc2cc(C(=O)CC(O)CCC3CC[N+](C)(Cc4ccccc4)CC3)sc2cc1OC.[Br-],train
CHEMBL441868,CHEMBL220,5.72,2006.0,5.72,Cc1c2c(cc[n+]1C)c1cc(O)ccc1n2C,train
CHEMBL442046,CHEMBL220,4.0,2007.0,4.0,CCc1cccc2c1C(=O)C(=O)N2,train
CHEMBL442361,CHEMBL220,5.0,2002.0,5.0,COc1ccc([N+](C)(C)Cc2ccccc2)cc1.[Br-],val
CHEMBL442813,CHEMBL220,4.17,2001.0,4.17,CC(C)(O)[C@@H]1Cc2cc3ccc(=O)oc3cc2O1,train
CHEMBL4435044,CHEMBL220,6.82,2024.0,6.82,O=C1[C@H]2Cc3c([nH]c4ccccc34)[C@@H](c3ccc4c(c3)OCO4)N2C(=O)CN1CCC1CCN(Cc2ccccc2)CC1,train
CHEMBL4435058,CHEMBL220,6.11,2019.0,6.11,S=C(NNc1c2c(nc3ccccc13)CCCC2)Nc1ccc(Cl)cc1,test
CHEMBL4435178,CHEMBL220,6.24,2019.0,6.24,S=C(NNc1c2c(nc3ccccc13)CCCC2)Nc1ccc(Br)cc1,test
CHEMBL4435236,CHEMBL220,5.0,2019.0,5.0,O=C(c1ccc2ccccc2c1)n1nc(OCCN2CCCCC2)c2ccccc21,train
CHEMBL4435826,CHEMBL220,5.66,2019.0,5.66,COc1cccc(CNC2CCN(Cc3ccccc3)CC2)c1OC,train
CHEMBL4436169,CHEMBL220,7.26,2019.0,7.26,COc1ccc(C(=O)CNc2ccc3oc(=O)ccc3c2)cc1,train
CHEMBL443626,CHEMBL220,5.34,2021.0,5.34,Oc1cc(O)cc(Oc2c(O)cc(O)c3c2Oc2c(cc(O)c(-c4c(O)cc5c(c4O)Oc4c(Oc6cc(O)cc(O)c6)c(O)cc(O)c4O5)c2O)O3)c1,train
CHEMBL4437163,CHEMBL220,6.76,2019.0,6.76,CSc1ccc(/C=N/c2ccc3oc(=O)ccc3c2)cc1,train
CHEMBL4437391,CHEMBL220,5.0,2019.0,5.0,c1ccc(CN2CCC(Cn3cc(Cc4cccc5ccccc45)nn3)CC2)cc1,train
CHEMBL4438120,CHEMBL220,6.24,2019.0,6.24,Cl.Cl.N[C@@H](Cc1c[nH]c2ccccc12)C(=O)NCCCNc1c2c(nc3ccccc13)CCCC2,train
CHEMBL4438286,CHEMBL220,4.522878745280337,2019.0,4.522878745280337,CC1C[C@H]2[C@H](O)[C@@H]3O[C@]4(C1)OC1CCN5CCCC24[C@]13C5,train
CHEMBL4438626,CHEMBL220,8.85,2019.0,8.85,O=C(CCCNc1c2c(nc3cc(Cl)ccc13)CCCC2)NC12CC3CC(F)(CC(C1)c1ccccc13)C2,train
CHEMBL4438642,CHEMBL220,5.31,2019.0,5.31,COc1cc2c(cc1OC)C(=O)C(Cc1cn(CC3CCN(Cc4ccccc4)CC3)nn1)C2,train
CHEMBL4438650,CHEMBL220,4.74,2019.0,4.74,COc1ccc(-c2cc(=O)c3cc(OC)c(O)c([C@H]4CCC(=O)N4)c3o2)cc1,train
CHEMBL4439554,CHEMBL220,5.83,2019.0,5.83,Oc1ccc(/C=N/c2c3c(nc4ccccc24)CCCC3)cc1,test
CHEMBL4439928,CHEMBL220,3.221848749616356,2019.0,3.221848749616356,CC(C)Cc1ccc(C(C)C(=O)NS(=O)(=O)c2ccc(N)cc2)cc1,test
CHEMBL4440283,CHEMBL220,4.823908740944319,2019.0,4.823908740944319,COc1cc(/C=N/C2CCN(Cc3ccccc3)CC2)cc(OC)c1OC,train
CHEMBL4440392,CHEMBL220,5.38,2019.0,5.38,c1ccc(CN2CCC(Cn3cc(CNc4ncnc5ccccc45)nn3)CC2)cc1,train
CHEMBL4441005,CHEMBL220,4.94,2019.0,4.94,COc1cc(C(=O)n2nc(OCCN3CCCC3)c3ccccc32)cc(OC)c1OC,test
CHEMBL4441059,CHEMBL220,5.98,2019.0,5.98,Cl.O=[N+]([O-])c1ccc(-n2cc(COc3ccc(/C=N/Nc4c5c(nc6ccccc46)CCCC5)cc3)nn2)cc1,test
CHEMBL4441237,CHEMBL220,7.39,2019.0,7.39,CN(C)c1ccc(/C=N/c2ccc3oc(=O)ccc3c2)cc1,train
CHEMBL4441666,CHEMBL220,8.43,2019.0,8.43,CCOc1ccc(Cc2nc3cc(C(=O)NCCCNc4c5c(nc6ccccc46)CCCC5)ccc3n2CCC(C)C)cc1,test
CHEMBL4441833,CHEMBL220,1.2175273758337137,2020.0,1.2175273758337137,Cc1cc(=O)n(C)c(=O)n1CCCCn1cnc(C(=O)NO)n1,train
CHEMBL4442213,CHEMBL220,5.82,2019.0,5.82,COc1ccc2[nH]c3nc4c(c(N)c3c2c1)CCCC4,train
CHEMBL4442580,CHEMBL220,6.14,2019.0,6.14,O=[N+]([O-])c1ccc(CNC2CCN(Cc3ccccc3)CC2)cc1,train
CHEMBL4443013,CHEMBL220,5.64,2019.0,5.64,Oc1ccc(CNC2CCN(Cc3ccccc3)CC2)c(O)c1,train
CHEMBL4443426,CHEMBL220,14.301029995663981,2019.0,14.301029995663981,O=C(CCCCNc1c2c(nc3ccccc13)CCCC2)NCCc1c[nH]c2ccccc12,train
CHEMBL4443468,CHEMBL220,7.86,2019.0,7.86,O=C(Nc1cc(-c2cn(CCNc3c4c(nc5ccccc35)CCCC4)nn2)ccn1)Nc1cccc2c1[C@@H]1CCCCN1C2=O,train
CHEMBL4443695,CHEMBL220,6.15,2019.0,6.15,Fc1ccc(CNC2CCN(Cc3ccccc3)CC2)c(F)c1,train
CHEMBL4443988,CHEMBL220,5.15,2019.0,5.15,Cl.Clc1ccc(-n2cc(COc3ccc(/C=N/Nc4c5c(nc6ccccc46)CCCC5)cc3)nn2)cc1,test
CHEMBL4443989,CHEMBL220,8.02,2019.0,8.02,O=C(Nc1cc(-c2cn(CCNc3c4c(nc5ccccc35)CCCC4)nn2)ccn1)Nc1cccc2c1[C@H]1CCCCN1C2=O,train
CHEMBL4444030,CHEMBL220,5.96,2019.0,5.96,Cl.NS(=O)(=O)c1ccc(-n2cc(COc3ccc(/C=N/Nc4c5c(nc6ccccc46)CCCC5)cc3)nn2)cc1,test
CHEMBL4444239,CHEMBL220,3.0198602222542457,2019.0,3.0198602222542457,COc1ccc(C2=NN(C(C)=O)C(c3ccc(-n4cncn4)cc3)C2)cc1OC,train
CHEMBL444427,CHEMBL220,3.55129368009492,2008.0,3.55129368009492,COc1ccc(C(=O)c2c(-c3ccc(OCCCCCCCN(C)Cc4ccccc4)cc3)oc3ccccc23)cc1,train
CHEMBL4444497,CHEMBL220,5.97,2019.0,5.97,COc1cc(NCc2ccc(Oc3c(N)cccc3Cl)cc2)cc(OC)c1OC,train
CHEMBL4444516,CHEMBL220,6.99,2019.0,6.99,O=C1CSC(c2ccc(F)cc2)N1c1ccc2oc(=O)ccc2c1,train
CHEMBL4444582,CHEMBL220,7.22,2019.0,7.22,NS(=O)(=O)c1ccc(C(=O)n2[nH]c(=O)c3cc(F)ccc3c2=O)cc1,train
CHEMBL4444822,CHEMBL220,6.8,2019.0,6.8,Cl.Cl.N[C@@H](Cc1c[nH]c2ccccc12)C(=O)NCCNc1c2c(nc3cc(Cl)ccc13)CCCC2,test
CHEMBL4444843,CHEMBL220,7.54,2019.0,7.54,O=C(CCC1CCN(CC2CCCCC2)CC1)c1cc(Cl)c2[nH]ccc2c1,train
CHEMBL4444849,CHEMBL220,4.823908740944319,2019.0,4.823908740944319,COc1cccc(/C=N/C2CCN(Cc3ccccc3)CC2)c1OC,train
CHEMBL4444855,CHEMBL220,5.0,2019.0,5.0,O=C(c1cccc2ccccc12)n1nc(OCCCN2CCCCC2)c2ccccc21,train
CHEMBL4444968,CHEMBL220,5.43,2019.0,5.43,Cc1ccc(CNC2CCN(Cc3ccccc3)CC2)cc1,train
CHEMBL4445026,CHEMBL220,6.05,2019.0,6.05,C(=N/Nc1c2c(nc3ccccc13)CCCC2)\c1ccc(OCc2cn(-c3ccccc3)nn2)cc1.Cl,test
CHEMBL4445075,CHEMBL220,5.04,2019.0,5.04,OC(CNCc1cccc(OCc2ccccc2)c1)Cn1cc(Br)c2cc(Br)ccc21,train
CHEMBL4445099,CHEMBL220,5.0,2019.0,5.0,CC(=O)N[C@@H](CCCCn1cc(-c2ccccc2)nn1)C(=O)NCC1CCN(Cc2ccccc2)CC1,test
CHEMBL4445345,CHEMBL220,4.92,2019.0,4.92,Cc1cc(=O)oc2ccc(OC/C=C/CCn3cnc4c(N5CCCCC5)ncnc43)cc12,train
CHEMBL4445377,CHEMBL220,4.11,2019.0,4.11,COc1ccc(C2=NN(C(C)=O)C(c3ccc(N4CCC(C)CC4)cc3)C2)cc1OC,train
CHEMBL4445553,CHEMBL220,4.98,2019.0,4.98,O=C(c1cccc(Cl)c1Cl)n1nc(OCCN2CCCCC2)c2ccccc21,train
CHEMBL4445907,CHEMBL220,6.83,2019.0,6.83,O=C(CNc1ccc2oc(=O)ccc2c1)c1ccccc1,train
CHEMBL4446234,CHEMBL220,7.26,2019.0,7.26,COc1ccc(NCC(=O)Nc2ccc3oc(=O)ccc3c2)cc1,train
CHEMBL4446287,CHEMBL220,7.23,2019.0,7.23,CN(Cc1ccnc(NC(=O)Nc2cccc3c2C2CCCCN2C3=O)c1)Cc1cn(CCNc2c3c(nc4ccccc24)CCCC3)nn1,train
CHEMBL4446441,CHEMBL220,5.13,2019.0,5.13,c1ccc(CN2CCC(Cn3cc(CSc4nc5ccccc5[nH]4)nn3)CC2)cc1,train
CHEMBL4447210,CHEMBL220,7.55,2019.0,7.55,CCOc1ccc(Cc2nc3cc(C(=O)NCCSSCCNc4c5c(nc6ccccc46)CCCC5)ccc3n2CCC(C)C)cc1,train
CHEMBL4447258,CHEMBL220,5.84,2019.0,5.84,Cl.O=[N+]([O-])c1cccc(-n2cc(COc3ccc(/C=N/Nc4c5c(nc6ccccc46)CCCC5)cc3)nn2)c1,test
CHEMBL4447438,CHEMBL220,5.0,2019.0,5.0,Nc1cccc(Cl)c1Oc1ccc(CNc2ccc(Cl)cc2)cc1,train
CHEMBL4447514,CHEMBL220,5.62,2019.0,5.62,Oc1ccccc1CNC1CCN(Cc2ccccc2)CC1,train
CHEMBL4448071,CHEMBL220,3.4959371173213083,2019.0,3.4959371173213083,COc1ccc(C2=NN(C(C)=O)C(c3ccc(-n4cnc5ccccc54)cc3)C2)cc1OC,val
CHEMBL4448188,CHEMBL220,9.14,2019.0,9.14,O=C(CCCCCNc1c2c(nc3cc(Cl)ccc13)CCCC2)NCCc1cc2ccccc2[nH]1,train
CHEMBL4448350,CHEMBL220,14.301029995663981,2019.0,14.301029995663981,O=C(CCCCCNc1c2c(nc3c(Cl)cccc13)CCCC2)NCCc1c[nH]c2ccccc12,train
CHEMBL4448634,CHEMBL220,5.0,2019.0,5.0,O=C(Cc1c[nH]c2ccccc12)NCc1cn(CC2CCN(Cc3ccccc3)CC2)nn1,val
CHEMBL4448745,CHEMBL220,5.0,2019.0,5.0,Nc1cccc(Cl)c1Oc1ccc(CNc2cccc(Br)c2)cc1,train
CHEMBL4449083,CHEMBL220,8.16,2019.0,8.16,Cl.Cl.N[C@H](Cc1c[nH]c2ccccc12)C(=O)NCCCCCCNc1c2c(nc3cc(Cl)ccc13)CCCC2,val
CHEMBL4449161,CHEMBL220,7.1,2019.0,7.1,O=c1ccc2cc(/N=C/c3ccc(Cl)cc3)ccc2o1,train
CHEMBL4449395,CHEMBL220,4.522878745280337,2019.0,4.522878745280337,C[C@@H]1C[C@H]2Cc3ncc(C4CCCCN4)cc3[C@]3(C1)NCCC[C@H]23,train
CHEMBL4449445,CHEMBL220,6.0,2019.0,6.0,FC(F)(F)Oc1ccc(/C=N/C2CCN(Cc3ccccc3)CC2)cc1,train
CHEMBL4449791,CHEMBL220,6.82,2019.0,6.82,CSc1ccc(/C=C2/S/C(=N/c3ccc4oc(=O)ccc4c3)NC2=O)cc1,train
CHEMBL4450045,CHEMBL220,5.85,2019.0,5.85,Cc1c(C)c2ccc(OCC3CCN(Cc4cccc(CO)c4)CC3)cc2oc1=O,train
CHEMBL445124,CHEMBL220,4.0,2001.0,4.0,O=C1CCN(Cc2ccccc2)C/C1=C\c1cn(Cc2ccccc2)c2ccccc12,train
CHEMBL445130,CHEMBL220,6.8,1996.0,6.8,Clc1ccc2c(c1)N=C1CCCCCN1C2,train
CHEMBL4451532,CHEMBL220,8.79,2019.0,8.79,COc1cc2oc(-c3ccc(NCCNc4c5c(nc6cc(Cl)ccc46)CCCC5)cc3)cc(=O)c2c(OC)c1OC,train
CHEMBL4451686,CHEMBL220,7.03,2019.0,7.03,O=C1N/C(=N\c2ccc3oc(=O)ccc3c2)S/C1=C/c1ccccc1,train
CHEMBL4451843,CHEMBL220,11.119186407719209,2018.0,11.119186407719209,O=C(NCCCCCNc1c2c(nc3ccccc13)CCCC2)c1c2ccccc2nc2ccccc12,train
CHEMBL4452092,CHEMBL220,6.05,2019.0,6.05,O=[N+]([O-])c1ccc(/C=N/C2CCN(Cc3ccccc3)CC2)cc1,train
CHEMBL4453051,CHEMBL220,5.77,2019.0,5.77,c1ccc(CNC2CCN(Cc3ccccc3)CC2)cc1,train
CHEMBL4453331,CHEMBL220,5.28,2019.0,5.28,COc1ccc(NCc2ccc(Oc3c(N)cccc3Cl)cc2)cc1,train
CHEMBL4453373,CHEMBL220,7.22,2019.0,7.22,NS(=O)(=O)c1ccc(C(=O)n2[nH]c(=O)c3cc([N+](=O)[O-])ccc3c2=O)cc1,train
CHEMBL4453856,CHEMBL220,5.96,2022.0,5.96,Cc1c(C)c2ccc(OCC3CCCN(CCCO)C3)cc2oc1=O,val
CHEMBL4453905,CHEMBL220,8.1,2019.0,8.1,CCOc1ccc(Cc2nc3cc(C(=O)NCCCCCNc4c5c(nc6ccccc46)CCCC5)ccc3n2CCC(C)C)cc1,train
CHEMBL4453954,CHEMBL220,6.85,2018.0,6.85,Cc1cc(C)c(S(=O)(=O)Nc2ccc(C3C4=C(CC(C)(C)CC4=O)N(c4ccc(Br)cc4)C4=C3C(=O)CC(C)(C)C4)cc2)c(C)c1,train
CHEMBL445454,CHEMBL220,9.87,2008.0,9.87,c1ccc2c(NCCCN3CCN(CCCNc4c5c(nc6ccccc46)CCCC5)CC3)c3c(nc2c1)CCCC3,train
CHEMBL4454571,CHEMBL220,5.32,2019.0,5.32,Oc1ccc(/C=N/C2CCN(Cc3ccccc3)CC2)cc1,train
CHEMBL4454706,CHEMBL220,7.4,2019.0,7.4,COc1c(C(=O)CCC2CCN(CC3CCCCC3)CC2)ccc2[nH]ccc12,train
CHEMBL4455013,CHEMBL220,8.39,2019.0,8.39,COc1ccc(CNC(=O)C2CCN(C(=O)c3ccccc3)CC2)cc1OC,train
CHEMBL4455677,CHEMBL220,14.301029995663981,2019.0,14.301029995663981,COc1ccc2[nH]cc(CCNC(=O)CCCCNc3c4c(nc5ccccc35)CCCC4)c2c1,train
CHEMBL4455690,CHEMBL220,6.32,2020.0,6.32,Cc1ccc2oc(-c3ccc(OCCCCCCN4CCCCCC4)cc3)cc(=O)c2c1,val
CHEMBL4456083,CHEMBL220,7.05,2019.0,7.05,CCOc1ccc(Cc2nc3cc(C(=O)N(CC)CC)ccc3n2CCCCCCNc2c3c(nc4ccccc24)CCCC3)cc1,train
CHEMBL4456336,CHEMBL220,4.58,2019.0,4.58,O=C(O)CC1(CC(=O)c2cc(O)ccc2O)C=C(CO)CCC1,val
CHEMBL4456433,CHEMBL220,7.0,2019.0,7.0,CCOc1ccc(Cc2nc3cc(C(=O)N(CC)CC)ccc3n2CCOCCOCCNc2c3c(nc4ccccc24)CCCC3)cc1,test
CHEMBL4456435,CHEMBL220,7.12,2019.0,7.12,Cl.Cl.N[C@@H](Cc1c[nH]c2ccccc12)C(=O)NCCCCCCCCNc1c2c(nc3ccccc13)CCCC2,train
CHEMBL4456665,CHEMBL220,5.85,2022.0,5.85,Cc1c(C)c2ccc(OCC3CCCN(Cc4ccccc4)C3)cc2oc1=O.Cl,test
CHEMBL4456928,CHEMBL220,8.44,2019.0,8.44,c1ccc2c(NCc3ccc(-c4ccc(CNc5c6c(nc7ccccc57)CCCC6)cc4)cc3)c3c(nc2c1)CCCC3,test
CHEMBL4458217,CHEMBL220,8.9,2019.0,8.9,CCOc1ccc(Cc2nc3cc(C(=O)N(CC)CC)ccc3n2CCNc2c3c(nc4ccccc24)CCCC3)cc1,train
CHEMBL445846,CHEMBL220,7.39,2006.0,7.39,COc1cc(CCC(=O)NCC(=O)NNc2c3c(nc4ccccc24)CCCC3)cc(OC)c1OC,train
CHEMBL4458648,CHEMBL220,6.66,2019.0,6.66,S=C(NCc1ccccc1)NNc1c2c(nc3ccccc13)CCCC2,train
CHEMBL4458653,CHEMBL220,5.39,2019.0,5.39,Cc1cccc(CNC2CCN(Cc3ccccc3)CC2)c1,train
CHEMBL4458929,CHEMBL220,8.5,2019.0,8.5,CCOc1ccc(Cc2nc3cc(C(=O)N(CC)CC)ccc3n2CCCNc2c3c(nc4ccccc24)CCCC3)cc1,train
CHEMBL4459154,CHEMBL220,6.02,2019.0,6.02,NS(=O)(=O)c1ccc(NC(=S)NNc2c3c(nc4ccccc24)CCCC3)cc1,test
CHEMBL445916,CHEMBL220,6.64,1996.0,6.64,CCCn1c2c(c3c(Br)c(OC(=O)NC)ccc31)CC/C2=N/CC,train
CHEMBL4459416,CHEMBL220,5.89,2019.0,5.89,Cl.Cl.N[C@@H](Cc1c[nH]c2ccccc12)C(=O)NCCCCNc1c2c(nc3ccccc13)CCCC2,train
CHEMBL4459482,CHEMBL220,5.89,2019.0,5.89,Cc1c(C)c2ccc(OCC3CCN(Cc4cccc(CO[N+](=O)[O-])c4)CC3)cc2oc1=O,train
CHEMBL4459500,CHEMBL220,6.14,2019.0,6.14,Cl.Cl.N[C@@H](Cc1c[nH]c2ccccc12)C(=O)NCCNc1c2c(nc3ccccc13)CCCC2,test
CHEMBL4460528,CHEMBL220,5.0,2019.0,5.0,COc1ccc(CC(=O)n2nc(OCCCN3CCCCC3)c3ccccc32)cc1,train
CHEMBL446060,CHEMBL220,5.9350000000000005,2015.0,5.9350000000000005,CNC(=O)Oc1ccccc1OC(C)C,val
CHEMBL4461027,CHEMBL220,5.0,2019.0,5.0,O=C(c1cccc2ccccc12)n1nc(OCCN2CCCCC2)c2ccccc21,test
CHEMBL4461560,CHEMBL220,5.0,2019.0,5.0,Nc1cccc(Cl)c1Oc1ccc(CNc2cc(Br)cc(Br)c2)cc1,train
CHEMBL4461886,CHEMBL220,6.19,2021.0,6.19,COc1ccc(-c2cc3c(c(=O)o2)C[C@]2(O)[C@@]4(C)CC[C@@H](O)C(C)(C)[C@]4(O)CC[C@@]2(C)O3)cc1,train
CHEMBL4462369,CHEMBL220,8.89,2019.0,8.89,O=C(CCCCNc1c2c(nc3cc(Cl)ccc13)CCCC2)NC12CC3CC(F)(CC(C1)c1ccccc13)C2,test
CHEMBL4464759,CHEMBL220,6.05,2019.0,6.05,Cc1c(C)c2ccc(OCC3CCN(CCCO)CC3)cc2oc1=O,test
CHEMBL4464883,CHEMBL220,8.0,2019.0,8.0,CCOc1ccc(Cc2nc3cc(C(=O)NCCCCNc4c5c(nc6ccccc46)CCCC5)ccc3n2CCC(C)C)cc1,test
CHEMBL4464964,CHEMBL220,5.0,2019.0,5.0,CC(=O)N[C@@H](Cn1cc(-c2ccccc2)nn1)C(=O)NCC1CCN(Cc2ccccc2)CC1,train
CHEMBL4465315,CHEMBL220,6.76,2019.0,6.76,O=C1N/C(=N\c2ccc3oc(=O)ccc3c2)S/C1=C/c1ccc(Cl)cc1,train
CHEMBL4465544,CHEMBL220,4.2,2019.0,4.2,COc1ccc(C2=NN(C(C)=O)C(c3ccc(N4CCN(Cc5ccccc5)CC4)cc3)C2)cc1OC,test
CHEMBL4465796,CHEMBL220,7.3,2019.0,7.3,COc1ccc(/C=C2/S/C(=N/c3ccc4oc(=O)ccc4c3)NC2=O)cc1,train
CHEMBL4466307,CHEMBL220,7.3,2019.0,7.3,Cl.Cl.N[C@@H](Cc1c[nH]c2ccccc12)C(=O)NCCCCCCCCNc1c2c(nc3cc(Cl)ccc13)CCCC2,train
CHEMBL4466652,CHEMBL220,8.72,2019.0,8.72,COc1cc2oc(-c3ccc(NCCCNc4c5c(nc6cc(Cl)ccc46)CCCC5)cc3)cc(=O)c2c(OC)c1OC,train
CHEMBL4466829,CHEMBL220,5.98,2019.0,5.98,C(=N/Nc1c2c(nc3ccccc13)CCCC2)\c1ccc(OCc2cn(Cc3ccccc3)nn2)cc1.Cl,test
CHEMBL4466903,CHEMBL220,5.09,2019.0,5.09,COC(=O)/C(=C\C(=O)c1cc(O)ccc1O)CC/C=C(\C)CCC=C(C)C,val
CHEMBL4466944,CHEMBL220,5.54,2019.0,5.54,COc1cc(NCc2ccc(Oc3c(N)cccc3Cl)cc2)cc(OC)c1,train
CHEMBL4467037,CHEMBL220,5.03,2019.0,5.03,O=C(c1c(F)ccc(F)c1F)n1nc(OCCN2CCCCC2)c2ccccc21,train
CHEMBL4467130,CHEMBL220,7.1,2019.0,7.1,O=C(CNc1ccc2oc(=O)ccc2c1)N1CCN(c2ccccc2)CC1,train
CHEMBL4467284,CHEMBL220,14.301029995663981,2019.0,14.301029995663981,S=C(CCCCCCCNc1c2c(nc3ccccc13)CCCC2)NCCc1c[nH]c2ccccc12,train
CHEMBL4467345,CHEMBL220,5.0,2019.0,5.0,N[C@@H](CCCCn1cc(-c2ccccc2)nn1)C(=O)NCC1CCN(Cc2ccccc2)CC1,test
CHEMBL4467355,CHEMBL220,6.03,2019.0,6.03,COc1ccc2nc3c(c(NCCCCCCNC(=O)[C@@H](N)Cc4c[nH]c5ccccc45)c2c1)CCCC3.Cl.Cl,val
CHEMBL4467520,CHEMBL220,6.71,2019.0,6.71,Cc1ccc2[nH]c3c(c2c1)CN(CCCCCN1CCc2[nH]c4ccc(C)cc4c2C1)CC3,train
CHEMBL4467620,CHEMBL220,5.55,2019.0,5.55,Oc1ccccc1/C=N/C1CCN(Cc2ccccc2)CC1,train
CHEMBL4468385,CHEMBL220,5.0,2019.0,5.0,O=C(c1ccc2ccccc2c1)n1nc(OCCCN2CCCCC2)c2ccccc21,train
CHEMBL4468781,CHEMBL220,14.301029995663981,2019.0,14.301029995663981,COc1ccc2[nH]cc(CCNC(=O)CCCCCNc3c4c(nc5cc(Cl)cc(Cl)c35)CCCC4)c2c1,train
CHEMBL4469066,CHEMBL220,6.33,2019.0,6.33,COc1ccc2nc3c(c(NCCCCCNC(=S)NC45CC6CC(CC(C6)C4)C5)c2c1)CCCC3,train
CHEMBL4469239,CHEMBL220,14.301029995663981,2019.0,14.301029995663981,S=C(CCCCCNc1c2c(nc3ccccc13)CCCC2)NCCc1c[nH]c2ccccc12,train
CHEMBL4469343,CHEMBL220,8.7,2019.0,8.7,FC12CC3CC(NCCCCNc4c5c(nc6cc(Cl)ccc46)CCCC5)(CC(C1)c1ccccc13)C2,train
CHEMBL446997,CHEMBL220,4.61,2017.0,4.61,CCOP(=O)(C#N)N(C)C,test
CHEMBL4470448,CHEMBL220,6.08,2019.0,6.08,Cc1c(C)c2ccc(OCC3CCN(Cc4cccc(OCCCO)c4)CC3)cc2oc1=O,train
CHEMBL4470556,CHEMBL220,5.0,2019.0,5.0,COc1ccc(CC(=O)n2nc(OCCN3CCCC3)c3ccccc32)cc1,train
CHEMBL4471659,CHEMBL220,9.52,2019.0,9.52,NC12CC3CC(F)(CC(C1)c1cc(NC(=O)CCCNc4c5c(nc6cc(Cl)ccc46)CCCC5)ccc13)C2,train
CHEMBL4472570,CHEMBL220,6.21,2019.0,6.21,COc1ccc2nc3c(c(NCCCCCNC(=O)[C@@H](N)Cc4c[nH]c5ccccc45)c2c1)CCCC3.Cl.Cl,train
CHEMBL4473127,CHEMBL220,5.68,2019.0,5.68,Fc1ccc2[nH]c3c(c2c1)C[PH](Cc1cccc2ccccc12)(c1ccccc1)CC3,train
CHEMBL4473145,CHEMBL220,4.94,2019.0,4.94,Cc1cc(C)c(C(=O)n2nc(OCCN3CCCCC3)c3ccccc32)c(C)c1,train
CHEMBL4473282,CHEMBL220,4.36,2019.0,4.36,C#CCNC1CCc2cc(Cl)c(OC(=O)N(C)CCC)cc21,train
CHEMBL4473438,CHEMBL220,7.5,2019.0,7.5,CCOc1ccc(Cc2nc3cc(C(=O)N(CC)CC)ccc3n2CCCCNc2c3c(nc4ccccc24)CCCC3)cc1,test
CHEMBL4473727,CHEMBL220,7.43,2019.0,7.43,O=C(CNc1ccc2oc(=O)ccc2c1)N1CCOCC1,train
CHEMBL4474399,CHEMBL220,6.89,2020.0,6.89,Cc1ccc2oc(-c3ccc(OCCCCCCN4CCCCC4)cc3)cc(=O)c2c1,test
CHEMBL4475228,CHEMBL220,6.67,2019.0,6.67,COc1ccc(CCOCCCCCNc2c3c(nc4ccccc24)CCCC3)cc1,test
CHEMBL4475391,CHEMBL220,4.92,2019.0,4.92,COc1ccc2nc3c(c(NCCCCNC(=O)[C@@H](N)Cc4c[nH]c5ccccc45)c2c1)CCCC3.Cl.Cl,train
CHEMBL4475612,CHEMBL220,3.999132278468773,2019.0,3.999132278468773,COc1ccc(C2=NN(C(C)=O)C(c3ccc(N4CCN(Cc5ccccc5)CC4)cc3)C2)cc1,test
CHEMBL4476091,CHEMBL220,5.5,2019.0,5.5,O=C(/C=C/c1ccccc1)c1ccc(OCCCCCCN2CCCC2)cc1O,train
CHEMBL4476621,CHEMBL220,6.28,2018.0,6.28,O=C(NNC(=S)Nc1ccc(Cl)c(Cl)c1)c1ccccc1O,train
CHEMBL4476639,CHEMBL220,3.686976889676762,2019.0,3.686976889676762,COc1ccc(C2=NN(C(C)=O)C(c3ccc(-n4ccnc4)cc3)C2)cc1OC,train
CHEMBL4476861,CHEMBL220,5.0,2019.0,5.0,O=C(c1cccc2ccccc12)n1nc(OCCCN2CCCC2)c2ccccc21,val
CHEMBL447857,CHEMBL220,3.896196279044043,2008.0,3.896196279044043,COc1cccc(C(=O)c2c(-c3ccc(OCCCCCCCN(C)Cc4ccccc4)cc3)oc3ccccc23)c1,train
CHEMBL448060,CHEMBL220,4.16,2001.0,4.16,CC(C)=CCOc1c2ccoc2cc2oc(=O)ccc12,test
CHEMBL4483487,CHEMBL220,3.530325227448202,2019.0,3.530325227448202,COc1ccc(C2=NN(C(C)=O)C(c3ccc(N4CCN(c5ccccc5)CC4)cc3)C2)cc1OC,train
CHEMBL448799,CHEMBL220,4.82,2013.0,4.82,C=C[C@@H]1[C@H]2C=C(C)C[C@]1(NC)c1ccc(=O)[nH]c1C2,train
CHEMBL448891,CHEMBL220,3.6753060861382254,2023.0,3.6753060861382254,COc1cc2c(cc1OC)[C@@H]1Cc3ccc(O)c(OC)c3CN1CC2,train
CHEMBL449467,CHEMBL220,7.8,2008.0,7.8,CCN(CCCCCCN1CC(=O)N(CCCCCCN(CC)Cc2ccccc2OC)CC1=O)Cc1ccccc1OC,train
CHEMBL449941,CHEMBL220,7.14,2008.0,7.14,CCN(CCCCCCN1CCN(CCCCCCN(CC)Cc2ccccc2OC)C1=O)Cc1ccccc1OC,train
CHEMBL449947,CHEMBL220,4.93,2022.0,4.93,O=C(OC[C@H]1O[C@@H](OC(=O)c2cc(O)c(O)c(O)c2)[C@H](OC(=O)c2cc(O)c(O)c(O)c2)[C@@H](OC(=O)c2cc(O)c(O)c(O)c2)[C@@H]1O)c1cc(O)c(O)c(O)c1,train
CHEMBL45005,CHEMBL220,6.654999999999999,1992.0,6.654999999999999,Cc1ccccc1C,val
CHEMBL450506,CHEMBL220,5.26,2008.0,5.26,CCN(CCCCCC(=O)N[C@H]1CCCC[C@@H]1NC(=O)CCCCCN(CC)Cc1ccccc1OC)Cc1ccccc1OC,train
CHEMBL450553,CHEMBL220,7.26,2008.0,7.26,CCN(CCCCCCN1C(=O)c2ccc3c4c(ccc(c24)C1=O)C(=O)N(CCCCCCN(CC)Cc1ccccc1OC)C3=O)Cc1ccccc1OC,train
CHEMBL45069,CHEMBL220,4.0,2020.0,4.0,C#CCNCc1cc2cc(OCc3ccccc3)ccc2[nH]1,train
CHEMBL450931,CHEMBL220,4.81,2002.0,4.81,C#CCNCCc1cccc(OC(=O)N(C)CCC)c1,val
CHEMBL450990,CHEMBL220,7.16,2008.0,7.16,CCN(CCCCCCN1CCN(CCCCCCN(CC)Cc2ccccc2OC)C(=O)C1=O)Cc1ccccc1OC,train
CHEMBL45118,CHEMBL220,3.0,1986.0,3.0,CC[N+](C)(CC)CCS/C(=N\O)C(=O)c1ccc(OC)cc1.[Cl-],val
CHEMBL451277,CHEMBL220,9.65,2008.0,9.65,CC(=O)N(CCCCNc1c2c(nc3ccccc13)CCCC2)CCCNc1c2c(nc3ccccc13)CCCC2,train
CHEMBL451304,CHEMBL220,8.17,2008.0,8.17,O=C(NCCCCCNc1c2c(nc3ccccc13)CCCC2)[C@@H]1CCCN1CCNc1c2c(nc3ccccc13)CCCC2,train
CHEMBL4514270,CHEMBL220,5.87,2024.0,5.87,C#CCOc1ccc(-c2cc(-c3ccc(OCC#C)cc3)nc(N)n2)cc1,train
CHEMBL4514685,CHEMBL220,5.61,2016.0,5.61,COc1ccc(-c2nc(NC(=O)C3CCN(Cc4cc(F)cc(F)c4)CC3)sc2-c2ccc(OC)cc2)cc1,train
CHEMBL4514959,CHEMBL220,7.42,2019.0,7.42,O=C(Cc1cc(=O)oc2cc(O)ccc12)NCCCNCCNCCCNc1c2c(nc3ccccc13)CCCC2,test
CHEMBL4515376,CHEMBL220,5.05,2019.0,5.05,Nc1cccc(Cl)c1Oc1ccc(CNc2ccc(O)cc2)cc1,train
CHEMBL4515603,CHEMBL220,5.0,2019.0,5.0,Nc1cccc(Cl)c1Oc1ccc(CNc2cc(Cl)cc(Cl)c2)cc1,train
CHEMBL4515881,CHEMBL220,7.21,2019.0,7.21,O=C(CNc1ccc(F)cc1)Nc1ccc2oc(=O)ccc2c1,train
CHEMBL4516296,CHEMBL220,7.25,2019.0,7.25,O=c1ccc2cc(/N=C/c3ccc(Br)cc3)ccc2o1,train
CHEMBL451635,CHEMBL220,4.154999999999999,2014.0,4.154999999999999,O/N=C/c1cc[n+](COC[n+]2ccc(/C=N/O)cc2)cc1,train
CHEMBL4516356,CHEMBL220,7.68,2019.0,7.68,O=C(Nc1cc(COCc2cn(CCNc3c4c(nc5ccccc35)CCCC4)nn2)ccn1)Nc1cccc2c1C1CCCCN1C2=O,train
CHEMBL4516508,CHEMBL220,6.43,2016.0,6.43,Fc1ccc(CN2CCC(Nc3nc(-c4ccc(Cl)cc4)c(-c4ccc(Cl)cc4)s3)CC2)c(Cl)c1,test
CHEMBL4517373,CHEMBL220,5.0,2019.0,5.0,Nc1cccc(Cl)c1Oc1ccc(CNc2ccccc2)cc1,train
CHEMBL451825,CHEMBL220,2.696803942579511,2011.0,2.696803942579511,O/N=C/c1cc[n+](C[n+]2ccc(/C=N/O)cc2)cc1.[Br-].[Br-],train
CHEMBL4518298,CHEMBL220,5.0,2019.0,5.0,Nc1cccc(Cl)c1Oc1ccc(CNc2ccc(Br)cc2)cc1,train
CHEMBL4518938,CHEMBL220,5.54,2019.0,5.54,Fc1ccc(/C=N/C2CCN(Cc3ccccc3)CC2)cc1,train
CHEMBL4519072,CHEMBL220,5.89,2016.0,5.89,Cc1ccc(-c2nc(NC3CCN(Cc4ccccc4)CC3)sc2-c2ccc(C)cc2)cc1,test
CHEMBL4519129,CHEMBL220,6.56,2019.0,6.56,O=C1N/C(=N\c2ccc3oc(=O)ccc3c2)S/C1=C/c1ccc(Br)cc1,train
CHEMBL4519239,CHEMBL220,6.51,2019.0,6.51,CSc1ccc(C2SCC(=O)N2c2ccc3oc(=O)ccc3c2)cc1,train
CHEMBL4519496,CHEMBL220,6.6,2019.0,6.6,Brc1ccc(-c2nnn3c2C2c4ccccc4CCN2Cc2ccccc2-3)cc1,train
CHEMBL4520251,CHEMBL220,5.94,2016.0,5.94,COc1ccc(-c2nc(NC(=O)C3CCN(Cc4ccc(F)cc4)CC3)sc2-c2ccc(OC)cc2)cc1,train
CHEMBL4520568,CHEMBL220,5.0,2019.0,5.0,N[C@@H](Cn1cc(-c2ccccc2)nn1)C(=O)NCC1CCN(Cc2ccccc2)CC1,train
CHEMBL4520782,CHEMBL220,6.87,2019.0,6.87,COc1ccc(/C=N/c2ccc3oc(=O)ccc3c2)cc1,train
CHEMBL4521755,CHEMBL220,5.98,2019.0,5.98,Oc1cc(/C=N/c2c3c(nc4ccccc24)CCCC3)cc(O)c1O,test
CHEMBL452201,CHEMBL220,3.8999742698921374,2023.0,3.8999742698921374,COc1ccc2c(c1)C[C@H]1NCCc3cc4c(c-2c31)OCO4,train
CHEMBL4522757,CHEMBL220,7.22,2019.0,7.22,O=C(/C=C/c1ccc(OCc2ccccc2)cc1)NCCNc1c2c(nc3ccccc13)CCCC2,test
CHEMBL452339,CHEMBL220,8.85,2008.0,8.85,CCN(CCCCCCn1c(=O)c(=O)n(CCCCCCN(CC)Cc2ccccc2OC)c2ccccc21)Cc1ccccc1OC,train
CHEMBL4524111,CHEMBL220,8.34,2000.0,8.34,CC1=C[C@@H]2Cc3nc4cc(F)ccc4c(N)c3[C@H](C1)C2,train
CHEMBL4524569,CHEMBL220,7.22,2019.0,7.22,NS(=O)(=O)c1ccc(C(=O)n2[nH]c(=O)c3c([N+](=O)[O-])cccc3c2=O)cc1,train
CHEMBL4525409,CHEMBL220,6.53,2019.0,6.53,COc1ccc(NC(=S)NNc2c3c(nc4ccccc24)CCCC3)cc1,test
CHEMBL4525824,CHEMBL220,5.0,2019.0,5.0,O=C(c1cccc(Cl)c1Cl)n1nc(OCCN2CCCC2)c2ccccc21,test
CHEMBL4526049,CHEMBL220,6.86,2019.0,6.86,COc1cc(N)c(Cl)cc1C(=O)CCC1CCN(Cc2ccc(O)c(O)c2)CC1,test
CHEMBL4526050,CHEMBL220,7.69,2019.0,7.69,COc1c(C(=O)CCC2CCN(Cc3ccccc3)CC2)cc(Cl)c2[nH]ccc12,test
CHEMBL4526428,CHEMBL220,4.89,2019.0,4.89,Brc1ccc(-n2cc(COc3ccc(/C=N/Nc4c5c(nc6ccccc46)CCCC5)cc3)nn2)cc1.Cl,test
CHEMBL4526950,CHEMBL220,5.82,2019.0,5.82,Clc1ccc(/C=N/C2CCN(Cc3ccccc3)CC2)cc1,train
CHEMBL4527101,CHEMBL220,6.17,2016.0,6.17,COc1ccc(-c2nc(NC(=O)C3CCN(Cc4ccccc4C(F)(F)F)CC3)sc2-c2ccc(OC)cc2)cc1,train
CHEMBL4527729,CHEMBL220,6.27,2019.0,6.27,COc1cc(CN2CCC(CCC(=O)c3cc(Cl)c(N)cc3OC)CC2)ccc1O,test
CHEMBL4527770,CHEMBL220,6.16,2016.0,6.16,COc1ccc(-c2nc(NCC3CCN(Cc4ccccc4C(F)(F)F)CC3)sc2-c2ccc(OC)cc2)cc1,train
CHEMBL4527805,CHEMBL220,5.41,2018.0,5.41,COc1ccc(/C=C2\COc3cc(OCCCN4CCCCC4)ccc3C2=O)cc1,train
CHEMBL4528790,CHEMBL220,5.0,2019.0,5.0,Nc1cccc(Cl)c1Oc1ccc(CNc2cccc(Cl)c2)cc1,train
CHEMBL452895,CHEMBL220,4.01,2019.0,4.01,COc1cc2c3cc1Oc1c(O)c(OC)cc4c1[C@@H](Cc1ccc(O)c(c1)Oc1ccc(cc1)C[C@@H]3N(C)CC2)N(C)CC4,test
CHEMBL4529341,CHEMBL220,4.0,2020.0,4.0,OCC1CCN(Cc2ccccc2)CC1,test
CHEMBL4529710,CHEMBL220,7.29,2019.0,7.29,O=C(CCC1CCN(CC2CCCCC2)CC1)c1ccc2[nH]ccc2c1,train
CHEMBL4529936,CHEMBL220,6.2,2016.0,6.2,Fc1cc(F)cc(CN2CCC(CNc3nc(-c4ccc(Cl)cc4)c(-c4ccc(Cl)cc4)s3)CC2)c1,train
CHEMBL4529976,CHEMBL220,5.43,2016.0,5.43,O=C(Nc1nc(-c2ccc(Cl)cc2)c(-c2ccc(Cl)cc2)s1)C1CCN(Cc2ccc(F)cc2Cl)CC1,train
CHEMBL453019,CHEMBL220,4.0,2018.0,4.0,CN1CCc2cc3c(cc2C(=O)Cc2ccc4c(c2C1)OCO4)OCO3,train
CHEMBL4530559,CHEMBL220,6.06,2016.0,6.06,Cc1ccccc1CN1CCC(CNc2nc(-c3ccc(Cl)cc3)c(-c3ccc(Cl)cc3)s2)CC1,train
CHEMBL4530960,CHEMBL220,6.07,2019.0,6.07,Cc1c(C)c2ccc(OCC3CCN(CCCO[N+](=O)[O-])CC3)cc2oc1=O,test
CHEMBL4531167,CHEMBL220,6.85,2019.0,6.85,Oc1ccc(CCOCCCCCNc2c3c(nc4ccccc24)CCCC3)cc1,test
CHEMBL4531896,CHEMBL220,5.0,2019.0,5.0,O=C(c1ccccc1OCc1ccccc1)n1nc(OCCN2CCCC2)c2ccccc21,train
CHEMBL4532149,CHEMBL220,6.19,2016.0,6.19,O=C(Nc1nc(-c2ccc(Cl)cc2)c(-c2ccc(Cl)cc2)s1)C1CCN(Cc2cc(F)cc(F)c2)CC1,train
CHEMBL4532224,CHEMBL220,3.655214877367339,2019.0,3.655214877367339,CCN1CCN(c2ccc(C3CC(c4ccc(OC)cc4)=NN3C(C)=O)cc2)CC1,test
CHEMBL4532372,CHEMBL220,6.4,2016.0,6.4,Cc1ccc(-c2nc(NCC3CCN(Cc4ccccc4C(F)(F)F)CC3)sc2-c2ccc(C)cc2)cc1,train
CHEMBL4532623,CHEMBL220,4.17,2019.0,4.17,COc1ccc(-c2cc(=O)c3cc(OC)c(O)c([C@@H]4CCC(=O)N4)c3o2)cc1,train
CHEMBL4532770,CHEMBL220,14.301029995663981,2019.0,14.301029995663981,COc1ccc2[nH]cc(CCNC(=O)CCCCCCCNc3c4c(nc5ccccc35)CCCC4)c2c1,test
CHEMBL4532806,CHEMBL220,6.52,2016.0,6.52,Cc1ccc(-c2nc(NCC3CCN(Cc4cc(F)cc(F)c4)CC3)sc2-c2ccc(C)cc2)cc1,train
CHEMBL4533477,CHEMBL220,8.57,2018.0,8.57,O=C(/C=C/c1ccc([N+](=O)[O-])cc1)NCCCCCCNc1c2c(nc3ccccc13)CCCC2,train
CHEMBL4533530,CHEMBL220,5.91,2016.0,5.91,Fc1ccc(CN2CCC(CNc3nc(-c4ccc(Cl)cc4)c(-c4ccc(Cl)cc4)s3)CC2)c(C(F)(F)F)c1,train
CHEMBL4533844,CHEMBL220,5.12,2016.0,5.12,Cc1ccc(-c2nc(NC(=O)C3CCN(Cc4ccccc4C(F)(F)F)CC3)sc2-c2ccc(C)cc2)cc1,train
CHEMBL4534345,CHEMBL220,5.41,2019.0,5.41,COc1cc2ncnc(NCc3cn(CC4CCN(Cc5ccccc5)CC4)nn3)c2cc1OC,train
CHEMBL4534662,CHEMBL220,7.26,2019.0,7.26,COc1cc(/C=C/C(=O)NCCNc2c3c(nc4ccccc24)CCCC3)ccc1OCc1ccccc1,test
CHEMBL4535218,CHEMBL220,5.6,2016.0,5.6,Cc1ccc(-c2nc(NC(=O)C3CCN(Cc4cc(F)cc(F)c4)CC3)sc2-c2ccc(C)cc2)cc1,train
CHEMBL4535585,CHEMBL220,7.0,2019.0,7.0,Oc1ccc(CNc2c3c(nc4ccccc24)CCCC3)cc1O,test
CHEMBL4535748,CHEMBL220,5.89,2016.0,5.89,Cc1ccc(-c2nc(NC(=O)C3CCN(Cc4ccc(C#N)cc4)CC3)sc2-c2ccc(C)cc2)cc1,train
CHEMBL453641,CHEMBL220,4.38,2024.0,4.38,C=C(C)[C@H](CC=C(C)C)Cc1c(O)cc(OC)c2c1O[C@H](c1ccc(O)cc1O)CC2=O,test
CHEMBL4536715,CHEMBL220,6.21,2019.0,6.21,Oc1ccc(/C=N/c2c3c(nc4ccccc24)CCCC3)cc1O,test
CHEMBL4536838,CHEMBL220,7.51,2019.0,7.51,COc1ccc2[nH]cc(CCNC(=O)CN(CCC3CCN(Cc4ccccc4)CC3)C(=O)/C=C/c3ccc(O)c(OC)c3)c2c1,train
CHEMBL4537026,CHEMBL220,6.88,2019.0,6.88,O=C(Nc1cccc(-c2cn(CCNc3c4c(nc5ccccc35)CCCC4)nn2)n1)Nc1cccc2c1C1CCCCN1C2=O,train
CHEMBL4537101,CHEMBL220,7.04,2019.0,7.04,COc1c(C(=O)CCC2CCN(CC3CCCCC3)CC2)cc(Cl)c2[nH]ccc12,train
CHEMBL4537240,CHEMBL220,6.11,2019.0,6.11,O=C(/C=C/c1ccc(OCCCCCCN2CCCC2)cc1)c1ccc(OCCCCCCN2CCCC2)cc1O,train
CHEMBL4537808,CHEMBL220,5.68,2019.0,5.68,C(=N/C1CCN(Cc2ccccc2)CC1)\c1ccccc1,train
CHEMBL4537886,CHEMBL220,6.94,2019.0,6.94,O=c1ccc2cc(/N=C/c3ccccc3)ccc2o1,train
CHEMBL4538398,CHEMBL220,5.24,2019.0,5.24,COc1ccc2nc3c(c(NCCNC(=O)[C@@H](N)Cc4c[nH]c5ccccc45)c2c1)CCCC3.Cl.Cl,test
CHEMBL4538834,CHEMBL220,4.7,2019.0,4.7,Cl.c1ccc(CCCCN2CCCc3[nH]c4ccccc4c3C2)cc1,train
CHEMBL4539963,CHEMBL220,5.01,2019.0,5.01,O=C(c1ccccc1Cl)n1nc(OCCCN2CCCCC2)c2ccccc21,train
CHEMBL4540355,CHEMBL220,6.56,2019.0,6.56,COc1c(C(=O)CCC2CCN(Cc3ccccc3)CC2)cc(Cl)c2[nH]c([Si](C)(C)C)cc12,test
CHEMBL4540429,CHEMBL220,6.92,2019.0,6.92,Cl.Cl.N[C@@H](Cc1c[nH]c2ccccc12)C(=O)NCCCCCCNc1c2c(nc3ccccc13)CCCC2,val
CHEMBL4540497,CHEMBL220,7.08,2019.0,7.08,CN(C)c1ccc(/C=C2/S/C(=N/c3ccc4oc(=O)ccc4c3)NC2=O)cc1,train
CHEMBL4540644,CHEMBL220,5.96,2016.0,5.96,Cc1ccc(CN2CCC(Nc3nc(-c4ccc(C)cc4)c(-c4ccc(C)cc4)s3)CC2)cc1,test
CHEMBL4540814,CHEMBL220,5.01,2019.0,5.01,O=C(c1ccccc1Cl)n1nc(OCCN2CCCC2)c2ccccc21,test
CHEMBL4541077,CHEMBL220,7.58,2019.0,7.58,COc1ccc2[nH]cc(CCNC(=O)CN(CCCC3CCN(Cc4ccccc4)CC3)C(=O)/C=C/c3ccc(O)c(OC)c3)c2c1,val
CHEMBL4541090,CHEMBL220,6.58,2019.0,6.58,COc1c(C(=O)CCC2CCN(CC3CCCCC3)CC2)cc(Cl)c2c1ccn2Cc1ccccc1,train
CHEMBL4541558,CHEMBL220,7.16,2019.0,7.16,Cl.Cl.N[C@@H](Cc1c[nH]c2ccccc12)C(=O)NCCCNc1c2c(nc3cc(Cl)ccc13)CCCC2,train
CHEMBL4541746,CHEMBL220,2.259637310505756,2020.0,2.259637310505756,Cc1cc(=O)n(C)c(=O)n1CCCCCn1cnc(C(=O)NO)n1,test
CHEMBL4541764,CHEMBL220,7.22,2019.0,7.22,NS(=O)(=O)c1ccc(C(=O)n2[nH]c(=O)c3ccc(C(=O)O)cc3c2=O)cc1,train
CHEMBL4542112,CHEMBL220,5.56,2019.0,5.56,C#CCOc1ccc(/C=N/Nc2c3c(nc4ccccc24)CCCC3)cc1.Cl,train
CHEMBL4542575,CHEMBL220,6.67,2019.0,6.67,O=C1N/C(=N\c2ccc3oc(=O)ccc3c2)S/C1=C/c1ccc(F)cc1,train
CHEMBL4543251,CHEMBL220,14.301029995663981,2019.0,14.301029995663981,O=C(CCCCCNc1c2c(nc3ccc(F)cc13)CCCC2)NCCc1c[nH]c2ccccc12,train
CHEMBL4544025,CHEMBL220,5.0,2019.0,5.0,O=C(c1cccc(Cl)c1F)n1nc(OCCCN2CCCCC2)c2ccccc21,train
CHEMBL4544950,CHEMBL220,6.12,2016.0,6.12,COc1ccc(-c2nc(NC3CCN(Cc4ccc(C(F)(F)F)cc4)CC3)sc2-c2ccc(OC)cc2)cc1,test
CHEMBL4545210,CHEMBL220,5.3,2019.0,5.3,COc1cc2c(cc1OC)-c1cc(OCCN3CCCCC3)nc(=O)n1CC2,test
CHEMBL4545532,CHEMBL220,7.2,2019.0,7.2,CCOc1ccc(Cc2nc3cc(C(=O)N(CC)CCCCNc4c5c(nc6ccccc46)CCCC5)ccc3n2CCC(C)C)cc1,test
CHEMBL4545701,CHEMBL220,6.3,2019.0,6.3,c1ccc(COc2ccc(CCOCCCCCNc3c4c(nc5ccccc35)CCCC4)cc2OCc2ccccc2)cc1,train
CHEMBL454592,CHEMBL220,6.21,2020.0,6.21,COc1cc([C@H]2OC[C@H]3[C@@H]2CO[C@@H]3c2cc(OC)c(OC)c(OC)c2)cc(OC)c1OC,train
CHEMBL454594,CHEMBL220,4.74,2013.0,4.74,C=CC(=O)N1C/C(=C\c2ccc(C)cc2)C(=O)/C(=C/c2ccc(C)cc2)C1,train
CHEMBL4547993,CHEMBL220,5.75,2016.0,5.75,N#Cc1ccccc1CN1CCC(C(=O)Nc2nc(-c3ccc(Cl)cc3)c(-c3ccc(Cl)cc3)s2)CC1,train
CHEMBL4548293,CHEMBL220,4.18,2019.0,4.18,COc1cc2c(cc1O)C(Cc1ccc(O)c(Oc3cc(CC4c5cc(O)c(OC)cc5CCN4C)ccc3OC)c1)N(C)CC2,train
CHEMBL4548499,CHEMBL220,5.86,2016.0,5.86,O=C(Nc1nc(-c2ccc(Cl)cc2)c(-c2ccc(Cl)cc2)s1)C1CCN(Cc2ccc(OC(F)(F)F)cc2)CC1,train
CHEMBL4548883,CHEMBL220,5.0,2016.0,5.0,Cc1ccc(-c2nc(NC(=O)C3CCN(Cc4ccc(C(F)(F)F)cc4)CC3)sc2-c2ccc(C)cc2)cc1,train
CHEMBL4549453,CHEMBL220,6.43,2016.0,6.43,Cc1ccc(-c2nc(NCC3CCN(Cc4ccc(F)cc4)CC3)sc2-c2ccc(C)cc2)cc1,train
CHEMBL4549599,CHEMBL220,5.91,2016.0,5.91,COc1ccc(-c2nc(NC(=O)C3CCN(Cc4ccc(F)cc4C(F)(F)F)CC3)sc2-c2ccc(OC)cc2)cc1,train
CHEMBL4551316,CHEMBL220,5.95,2016.0,5.95,COc1ccc(CN2CCC(Nc3nc(-c4ccc(Cl)cc4)c(-c4ccc(Cl)cc4)s3)CC2)cc1,test
CHEMBL4552440,CHEMBL220,7.21,2019.0,7.21,Cl.Cl.N[C@@H](Cc1c[nH]c2ccccc12)C(=O)NCCCCNc1c2c(nc3cc(Cl)ccc13)CCCC2,train
CHEMBL4552547,CHEMBL220,4.0,2024.0,4.0,COc1cc2c(cc1OC)[C@@H]1[C@H](O)[C@@H](OC)[C@H](O)C3=CCN(C2)[C@H]31,test
CHEMBL4552675,CHEMBL220,7.65,2021.0,7.65,COc1ccc2nc3c(c(NCCCCCCCCN(CC(=O)Nc4ccc5ccccc5c4)C(=O)/C=C/c4ccc(O)c(OC)c4)c2c1)CCCC3,val
CHEMBL4553902,CHEMBL220,5.64,2019.0,5.64,COc1ccc(-n2cc(COc3ccc(/C=N/Nc4c5c(nc6ccccc46)CCCC5)cc3)nn2)cc1.Cl,test
CHEMBL4553968,CHEMBL220,5.915,2019.0,5.915,CN1c2ccc(OC(=O)NCCCCCCN3CCCCC3)cc2CN2CCc3ccccc3C21,train
CHEMBL4554172,CHEMBL220,5.0,2016.0,5.0,Cc1ccc(-c2nc(NC(=O)C3CCN(Cc4cccc(F)c4)CC3)sc2-c2ccc(C)cc2)cc1,train
CHEMBL4554666,CHEMBL220,6.28,2016.0,6.28,Fc1ccc(CN2CCC(CNc3nc(-c4ccc(Cl)cc4)c(-c4ccc(Cl)cc4)s3)CC2)c(Cl)c1,train
CHEMBL4555120,CHEMBL220,6.78,2019.0,6.78,COc1ccc(CCOCCCCCNc2c3c(nc4ccccc24)CCCC3)cc1OC,test
CHEMBL4555730,CHEMBL220,6.08,2016.0,6.08,COc1ccc(-c2nc(NC3CCN(Cc4ccc(C)cc4)CC3)sc2-c2ccc(OC)cc2)cc1,test
CHEMBL4555818,CHEMBL220,7.72,2019.0,7.72,Cl.Cl.N[C@@H](Cc1c[nH]c2ccccc12)C(=O)NCCCCCCCNc1c2c(nc3cc(Cl)ccc13)CCCC2,train
CHEMBL4555887,CHEMBL220,6.4,2019.0,6.4,CCOc1ccc(Cc2nc3cc(C(=O)NCCOCCOCCNc4c5c(nc6ccccc46)CCCC5)ccc3n2CCC(C)C)cc1,val
CHEMBL4556097,CHEMBL220,5.14,2019.0,5.14,Nc1cccc(Cl)c1Oc1ccc(CNc2cccc(O)c2)cc1,train
CHEMBL4556281,CHEMBL220,8.2,2019.0,8.2,Cl.Cl.N[C@@H](Cc1c[nH]c2ccccc12)C(=O)NCCCCCCNc1c2c(nc3cc(Cl)ccc13)CCCC2,val
CHEMBL4556372,CHEMBL220,5.89,2019.0,5.89,COc1ccc2nc3c(c(NCCCNC(=O)[C@@H](N)Cc4c[nH]c5ccccc45)c2c1)CCCC3.Cl.Cl,train
CHEMBL4556575,CHEMBL220,6.5,2019.0,6.5,Cl.Cl.N[C@@H](Cc1c[nH]c2ccccc12)C(=O)NCCCCCNc1c2c(nc3ccccc13)CCCC2,train
CHEMBL4556651,CHEMBL220,5.24,2019.0,5.24,C=CCNC(=S)NNc1c2c(nc3ccccc13)CCCC2,train
CHEMBL4556664,CHEMBL220,4.17,2019.0,4.17,COc1cc(O)c(C(C)=O)c(-c2c(C)cc(O)c3oc4c(O)cc(C)c(-c5cc(OC)cc(O)c5C(=O)O)c4c23)c1,train
CHEMBL4556734,CHEMBL220,14.301029995663981,2019.0,14.301029995663981,O=C(CCCCCCCNc1c2c(nc3ccccc13)CCCC2)NCCc1c[nH]c2ccccc12,test
CHEMBL4556855,CHEMBL220,5.58,2019.0,5.58,Oc1ccc(/C=N/C2CCN(Cc3ccccc3)CC2)c(O)c1,train
CHEMBL4557164,CHEMBL220,5.39,2019.0,5.39,Cl.O=C(O)c1ccc(-n2cc(COc3ccc(/C=N/Nc4c5c(nc6ccccc46)CCCC5)cc3)nn2)cc1,test
CHEMBL4557745,CHEMBL220,5.16,2019.0,5.16,CCOc1ccc2[nH]c(SCc3cn(CC4CCN(Cc5ccccc5)CC4)nn3)nc2c1,train
CHEMBL455790,CHEMBL220,4.98,2008.0,4.98,Cc1ccc(C(=O)c2c(-c3ccc(OCCCCCCCN(C)Cc4ccccc4)cc3)oc3ccccc23)cc1,train
CHEMBL4558335,CHEMBL220,7.7,2019.0,7.7,CCOc1ccc(Cc2nc3cc(C(=O)NCCCCCCNc4c5c(nc6ccccc46)CCCC5)ccc3n2CCC(C)C)cc1,val
CHEMBL4558495,CHEMBL220,8.85,2019.0,8.85,FC12CC3CC(NCCCCCNc4c5c(nc6cc(Cl)ccc46)CCCC5)(CC(C1)c1ccccc13)C2,train
CHEMBL4559477,CHEMBL220,6.92,2019.0,6.92,Cl.Cl.N[C@@H](Cc1c[nH]c2ccccc12)C(=O)NCCCCCCCNc1c2c(nc3ccccc13)CCCC2,train
CHEMBL4559593,CHEMBL220,8.13,2019.0,8.13,Cl.Cl.NC(Cc1c[nH]c2ccccc12)C(=O)NCCCCCCNc1c2c(nc3cc(Cl)ccc13)CCCC2,val
CHEMBL4559797,CHEMBL220,6.44,2016.0,6.44,COc1ccc(-c2nc(NCC3CCN(Cc4c(F)cccc4Cl)CC3)sc2-c2ccc(OC)cc2)cc1,train
CHEMBL4559904,CHEMBL220,7.07,2019.0,7.07,COc1c(C(=O)CCC2CCN(CC3CCCCC3)CC2)cc(Cl)c2c1ccn2C,train
CHEMBL4559936,CHEMBL220,7.94,2019.0,7.94,O=C(Nc1cc(-c2cn(CCNc3c4c(nc5ccccc35)CCCC4)nn2)ccn1)Nc1cccc2c1C1CCCCN1C2=O,train
CHEMBL4560673,CHEMBL220,6.3,2016.0,6.3,Cc1ccc(-c2nc(NCC3CCN(Cc4ccccc4C)CC3)sc2-c2ccc(C)cc2)cc1,train
CHEMBL4560804,CHEMBL220,4.54,2019.0,4.54,C/C(=C/CC[C@H](CO)c1cc2cc(O)c(O)cc2o1)CO,train
CHEMBL456156,CHEMBL220,4.4,2008.0,4.4,Oc1cccc(C2=Nc3ccccc3SC(c3ccccc3)C2)c1,train
CHEMBL4561792,CHEMBL220,5.4,2019.0,5.4,Oc1ccc(CNC2CCN(Cc3ccccc3)CC2)cc1,train
CHEMBL4562793,CHEMBL220,7.03,2019.0,7.03,O=C(CCC1CCN(CC2CCCC2)CC1)c1ccc2[nH]ccc2c1,train
CHEMBL4562938,CHEMBL220,6.11,2016.0,6.11,COc1ccc(CN2CCC(Nc3nc(-c4ccc(OC)cc4)c(-c4ccc(OC)cc4)s3)CC2)cc1,test
CHEMBL4563209,CHEMBL220,7.12,2019.0,7.12,Cl.Cl.N[C@@H](Cc1c[nH]c2ccccc12)C(=O)NCCCCCNc1c2c(nc3cc(Cl)ccc13)CCCC2,train
CHEMBL4563408,CHEMBL220,5.0,2019.0,5.0,O=C(Nc1ccc(OC(F)F)nc1)NC1CCN(c2ncnc3c2nc(-c2ccccc2Cl)n3-c2ccc(Cl)cc2)CC1,train
CHEMBL4563523,CHEMBL220,4.96,2019.0,4.96,O=C(c1cccc(F)c1F)n1nc(OCCN2CCCC2)c2ccccc21,test
CHEMBL4564320,CHEMBL220,7.15,2019.0,7.15,COc1ccc(C2SCC(=O)N2c2ccc3oc(=O)ccc3c2)cc1,train
CHEMBL4565602,CHEMBL220,5.0,2019.0,5.0,O=C(Cc1ccc(Cl)cc1)n1nc(OCCCN2CCCCC2)c2ccccc21,train
CHEMBL4566242,CHEMBL220,4.823908740944319,2019.0,4.823908740944319,Cc1cccc(/C=N/C2CCN(Cc3ccccc3)CC2)c1,train
CHEMBL4566555,CHEMBL220,5.36,2019.0,5.36,Cc1ccc(/C=N/C2CCN(Cc3ccccc3)CC2)cc1,train
CHEMBL4566613,CHEMBL220,5.96,2016.0,5.96,Cc1ccccc1CN1CCC(C(=O)Nc2nc(-c3ccc(Cl)cc3)c(-c3ccc(Cl)cc3)s2)CC1,train
CHEMBL4566786,CHEMBL220,6.23,2016.0,6.23,COc1ccc(-c2nc(NCC3CCN(Cc4ccccc4C)CC3)sc2-c2ccc(OC)cc2)cc1,train
CHEMBL4566976,CHEMBL220,5.8,2019.0,5.8,COc1ccc2nc3c(c(NCCCCCCCCNC(=S)NC45CC6CC(CC(C6)C4)C5)c2c1)CCCC3,train
CHEMBL4567394,CHEMBL220,6.14,2019.0,6.14,CCCCN1CCC(CCC(=O)c2ccc3[nH]ccc3c2)CC1,train
CHEMBL4568241,CHEMBL220,5.25,2019.0,5.25,COc1cccc(NCc2ccc(Oc3c(N)cccc3Cl)cc2)c1,train
CHEMBL4568264,CHEMBL220,5.89,2019.0,5.89,Clc1ccc(/C=N/C2CCN(Cc3ccccc3)CC2)c(Cl)c1,train
CHEMBL4568349,CHEMBL220,4.522878745280337,2019.0,4.522878745280337,C=C[C@@H]1[C@@H]2CC3=C(CCC(=O)N3)[C@@]1(N)C[C@H](C)C2,train
CHEMBL4568615,CHEMBL220,5.89,2019.0,5.89,Fc1ccc(/C=N/C2CCN(Cc3ccccc3)CC2)c(F)c1,train
CHEMBL456881,CHEMBL220,4.325,2008.0,4.325,O=c1c2ccccc2nc2n1CCC2,test
CHEMBL4569343,CHEMBL220,8.38,2019.0,8.38,CC[C@@H](CN1CCCC1=O)C(=O)NCCCCCCCNc1c2c(nc3cc(Cl)ccc13)C[C@H]1C=C(C)C[C@@H]2C1,train
CHEMBL4569511,CHEMBL220,8.29,2019.0,8.29,COc1cc2oc(-c3ccc(NCCCCNc4c5c(nc6cc(Cl)ccc46)CCCC5)cc3)cc(=O)c2c(OC)c1OC,train
CHEMBL4570156,CHEMBL220,6.39,2016.0,6.39,COc1ccc(-c2nc(NC(=O)C3CCN(Cc4c(F)cccc4Cl)CC3)sc2-c2ccc(OC)cc2)cc1,train
CHEMBL4570655,CHEMBL220,5.0,2016.0,5.0,Cc1ccc(-c2nc(NC(=O)C3CCN(Cc4ccccc4C)CC3)sc2-c2ccc(C)cc2)cc1,train
CHEMBL4571402,CHEMBL220,4.0,2020.0,4.0,OCC1CCCN(Cc2ccccc2)C1,test
CHEMBL4571434,CHEMBL220,6.65,2019.0,6.65,O=c1ccc2cc(/N=C/c3ccc(F)cc3)ccc2o1,train
CHEMBL4571704,CHEMBL220,4.81,2019.0,4.81,COc1cc(O)c2c(c1)C1=C(c3c(O)c(O)cc(C)c3-c3cc(OC)cc(O)c3C(=O)O)C(=O)C(O)=CC1(C)OC2=O,train
CHEMBL4571742,CHEMBL220,6.24,2016.0,6.24,COc1ccc(-c2nc(NC(=O)C3CCN(Cc4cccc(F)c4)CC3)sc2-c2ccc(OC)cc2)cc1,train
CHEMBL4571763,CHEMBL220,5.89,2022.0,5.89,Cc1c(C)c2ccc(OCC3CCCN(Cc4ccccc4)C3)cc2oc1=O,test
CHEMBL4572079,CHEMBL220,5.63,2016.0,5.63,Cc1ccc(-c2nc(NC(=O)C3CCN(Cc4ccc([N+](=O)[O-])cc4)CC3)sc2-c2ccc(C)cc2)cc1,train
CHEMBL4572757,CHEMBL220,7.54,2019.0,7.54,Oc1ccc(CNCCCCCCNc2c3c(nc4ccccc24)CCCC3)cc1O,train
CHEMBL4573793,CHEMBL220,5.54,2016.0,5.54,Cc1ccc(-c2nc(NC(=O)C3CCN(Cc4c(F)cccc4Cl)CC3)sc2-c2ccc(C)cc2)cc1,train
CHEMBL4574766,CHEMBL220,5.31,2019.0,5.31,O=C1c2ccccc2C(=O)N1Cc1cn(CC2CCN(Cc3ccccc3)CC2)nn1,train
CHEMBL4575167,CHEMBL220,6.36,2019.0,6.36,FC(F)(F)c1ccc(/C=N/C2CCN(Cc3ccccc3)CC2)cc1,train
CHEMBL4575730,CHEMBL220,5.86,2016.0,5.86,Clc1ccc(-c2nc(NC3CCN(Cc4ccccc4)CC3)sc2-c2ccc(Cl)cc2)cc1,test
CHEMBL4576193,CHEMBL220,4.7,2019.0,4.7,COc1ccc(C2=NN(C(C)=O)C(c3ccc(N4CCC(Cc5ccccc5)CC4)cc3)C2)cc1OC,train
CHEMBL4578266,CHEMBL220,5.0,2016.0,5.0,Cc1ccc(-c2nc(NC(=O)C3CCN(Cc4ccc(F)cc4Cl)CC3)sc2-c2ccc(C)cc2)cc1,train
CHEMBL4578305,CHEMBL220,4.04,2019.0,4.04,COc1ccc(C2CC(=O)c3ccc4c(c3O2)C=CC(C)(C)O4)cc1,train
CHEMBL4578377,CHEMBL220,6.32,2019.0,6.32,Cc1c(C)c2ccc(OCC3CCN(Cc4cccc(OCCCO[N+](=O)[O-])c4)CC3)cc2oc1=O,train
CHEMBL4578844,CHEMBL220,6.88,2019.0,6.88,O=C(CCC1CCN(CC2CCCCC2)CC1)c1ccc2c(ccn2Cc2ccccc2)c1,train
CHEMBL4579543,CHEMBL220,7.22,2019.0,7.22,NS(=O)(=O)c1ccc(C(=O)n2[nH]c(=O)c3c(F)cccc3c2=O)cc1,train
CHEMBL4579590,CHEMBL220,5.58,2019.0,5.58,Oc1ccc2[nH]c3c(c2c1)C[PH](Cc1cccc2ccccc12)(c1ccccc1)CC3,train
CHEMBL4579667,CHEMBL220,14.301029995663981,2019.0,14.301029995663981,O=C(CCCCCCCNc1c2c(nc3ccccc13)CCCC2)NCCc1c[nH]c2ccc(O)cc12,test
CHEMBL4579904,CHEMBL220,4.28,2019.0,4.28,C#CCNC1CCCc2ccc(OC(=O)N(C)CC)cc21,train
CHEMBL4580216,CHEMBL220,6.21,2019.0,6.21,S=C(NNc1c2c(nc3ccccc13)CCCC2)Nc1ccccc1,test
CHEMBL4581664,CHEMBL220,5.14,2023.0,5.14,Cc1ccc(-c2cn(Cc3ccc4ccccc4c3)nn2)cc1C(=O)NCCN1CCOCC1,test
CHEMBL4582203,CHEMBL220,5.89,2019.0,5.89,COc1ccc2nc3c(c(NCCCCCCCCNC(=O)[C@@H](N)Cc4c[nH]c5ccccc45)c2c1)CCCC3.Cl.Cl,train
CHEMBL4582736,CHEMBL220,5.695,2019.0,5.695,COc1ccc(C2=NN(C(C)=O)C(c3ccc(N4CCN(C)CC4)cc3)C2)cc1OC,test
CHEMBL45830,CHEMBL220,4.0,2013.0,4.0,CC(C)C1=Cc2ccc3c(c2C(=O)C1=O)CCCC3(C)C,train
CHEMBL4583273,CHEMBL220,6.06,2019.0,6.06,CN1c2ccc(OC(=O)NCCCCCCN3CCCC3)cc2CN2CCc3ccccc3C21,train
CHEMBL4583534,CHEMBL220,6.98,2019.0,6.98,FC(F)(F)c1ccc(CNC2CCN(Cc3ccccc3)CC2)cc1,train
CHEMBL4583650,CHEMBL220,9.1,2019.0,9.1,O=C(Nc1ccc(-c2cn(CCNc3c4c(nc5ccccc35)CCCC4)nn2)cn1)Nc1cccc2c1C1CCCCN1C2=O,train
CHEMBL4583716,CHEMBL220,8.2,2019.0,8.2,CCOc1ccc(Cc2nc3cc(C(=O)N(CC)CC)ccc3n2CCCCCNc2c3c(nc4ccccc24)CCCC3)cc1,train
CHEMBL4583738,CHEMBL220,6.25,2019.0,6.25,COc1c(C(=O)CCC2CCN(CC3CCCCC3)CC2)cc(Cl)c2c1ccn2S(=O)(=O)c1ccccc1.O=C(O)/C=C/C(=O)O,train
CHEMBL4584023,CHEMBL220,5.0,2019.0,5.0,O=C(c1ccccc1OCc1ccccc1)n1nc(OCCCN2CCCCC2)c2ccccc21,train
CHEMBL4585711,CHEMBL220,4.0,2019.0,4.0,COc1cc2c(cc1Oc1c3c(cc(OC)c1OC)CCN(C)C3)C(Cc1ccc(O)cc1)N(C)CC2,test
CHEMBL4585990,CHEMBL220,7.88,2019.0,7.88,O=C(CCC1CCN(Cc2ccccc2)CC1)c1ccc2[nH]ccc2c1,test
CHEMBL4586157,CHEMBL220,6.01,2019.0,6.01,COc1ccc2nc3c(c(NCCCCCCCNC(=O)[C@@H](N)Cc4c[nH]c5ccccc45)c2c1)CCCC3.Cl.Cl,train
CHEMBL4587025,CHEMBL220,5.55,2016.0,5.55,COc1ccc(-c2nc(NC(=O)C3CCN(Cc4ccccc4C#N)CC3)sc2-c2ccc(OC)cc2)cc1,train
CHEMBL4587156,CHEMBL220,6.23,2019.0,6.23,FC(F)(F)Oc1ccc(CNC2CCN(Cc3ccccc3)CC2)cc1,train
CHEMBL4588487,CHEMBL220,5.5,2016.0,5.5,Cc1ccc(CN2CCC(Nc3nc(-c4ccc(Cl)cc4)c(-c4ccc(Cl)cc4)s3)CC2)cc1,test
CHEMBL4588525,CHEMBL220,6.34,2019.0,6.34,c1ccc(COc2ccc(CCOCCCCCNc3c4c(nc5ccccc35)CCCC4)cc2)cc1,test
CHEMBL4588547,CHEMBL220,7.1,2019.0,7.1,CCOc1ccc(Cc2nc3cc(C(=O)NCCNc4c5c(nc6ccccc46)CCCC5)ccc3n2CCC(C)C)cc1,test
CHEMBL4588777,CHEMBL220,4.77,2019.0,4.77,O=C(c1cccc(Cl)c1Cl)n1nc(OCCCN2CCCCC2)c2ccccc21,train
CHEMBL4589118,CHEMBL220,7.85,2019.0,7.85,Cc1c(OCc2ccccc2)cccc1N1CCN(CCCCCCNc2c3c(nc4c2CCCC4)CCCC3)CC1,train
CHEMBL4589250,CHEMBL220,6.27,2019.0,6.27,Oc1ccc(CCOCCCCCNc2c3c(nc4ccccc24)CCCC3)cc1O,test
CHEMBL4589980,CHEMBL220,11.096910013008056,2019.0,11.096910013008056,O=C(CCCCCCNc1c2c(nc3cccc(Cl)c13)CCCC2)NCCc1c[nH]c2ccccc12,train
CHEMBL4590539,CHEMBL220,4.17,2019.0,4.17,CCN(CC)Cc1cc2cc(c1O)Oc1ccc(cc1)C[C@H]1c3cc(c(OC)cc3CCN1C)Oc1c(OC)c(OC)cc3c1[C@@H](C2)N(C)CC3,test
CHEMBL4590945,CHEMBL220,14.301029995663981,2019.0,14.301029995663981,O=C(CCCCCCCNc1c2c(nc3cc(Cl)cc(Cl)c13)CCCC2)NCCc1c[nH]c2ccccc12,test
CHEMBL4591167,CHEMBL220,8.6,2019.0,8.6,NC12CC3CC(F)(CC(C1)c1cc(NC(=O)CCCCNc4c5c(nc6cc(Cl)ccc46)CCCC5)ccc13)C2,test
CHEMBL4591283,CHEMBL220,5.66,2019.0,5.66,COc1cc(CNC2CCN(Cc3ccccc3)CC2)cc(OC)c1OC,train
CHEMBL4591417,CHEMBL220,6.4,2019.0,6.4,Cc1cc(Nc2nccc(-c3sc(C4CCNCC4)nc3-c3ccc(F)cc3)n2)ccn1,train
CHEMBL4591636,CHEMBL220,5.62,2019.0,5.62,COc1ccccc1CN1CCN(CCCCCOc2cccc3[nH]c4ccccc4c23)CC1,train
CHEMBL4591964,CHEMBL220,6.19,2016.0,6.19,O=C(Nc1nc(-c2ccc(Cl)cc2)c(-c2ccc(Cl)cc2)s1)C1CCN(Cc2cccc(F)c2)CC1,train
CHEMBL4592037,CHEMBL220,5.43,2019.0,5.43,Cc1ccc(-n2cc(COc3ccc(/C=N/Nc4c5c(nc6ccccc46)CCCC5)cc3)nn2)cc1.Cl,test
CHEMBL4592283,CHEMBL220,5.56,2016.0,5.56,O=C(Nc1nc(-c2ccc(Cl)cc2)c(-c2ccc(Cl)cc2)s1)C1CCN(Cc2ccccc2C(F)(F)F)CC1,train
CHEMBL459258,CHEMBL220,4.24,2012.0,4.24,COc1cc([C@H]2Oc3cc(O)c(C/C=C(\C)CCC=C(C)C)c(O)c3C(=O)[C@@H]2O)ccc1O,test
CHEMBL4593316,CHEMBL220,7.63,2019.0,7.63,O=C(Nc1cc(CCc2cn(CCNc3c4c(nc5ccccc35)CCCC4)nn2)ccn1)Nc1cccc2c1C1CCCCN1C2=O,train
CHEMBL4593583,CHEMBL220,5.87,2016.0,5.87,COc1ccc(-c2nc(NC(=O)C3CCN(Cc4ccccc4C)CC3)sc2-c2ccc(OC)cc2)cc1,train
CHEMBL4593917,CHEMBL220,5.99,2016.0,5.99,N#Cc1ccc(CN2CCC(Nc3nc(-c4ccc(Cl)cc4)c(-c4ccc(Cl)cc4)s3)CC2)cc1,test
CHEMBL4594199,CHEMBL220,4.32,2019.0,4.32,CCN1CCN(c2ccc(C3CC(c4ccc(OC)c(OC)c4)=NN3C(C)=O)cc2)CC1,test
CHEMBL459683,CHEMBL220,4.0,2008.0,4.0,O=C1C2=C(CCCC2)S(=O)(=O)N1c1cccc(Br)n1,train
CHEMBL459684,CHEMBL220,4.0,2008.0,4.0,O=C1C2=C(CCCC2)S(=O)(=O)N1c1ncc(F)cc1F,train
CHEMBL459825,CHEMBL220,4.17,2001.0,4.17,CC(C)(O[C@@H]1O[C@H](CO)[C@@H](O)[C@H](O)[C@H]1O)[C@H]1Cc2cc3ccc(=O)oc3cc2O1,test
CHEMBL4598256,CHEMBL220,6.42,2022.0,6.42,Cc1c(C)c2ccc(OCC3CCN(Cc4ccccc4)CC3)cc2oc1=O,train
CHEMBL459826,CHEMBL220,3.744727494896694,2001.0,3.744727494896694,CC(C)(O)C(=O)Cc1cc2ccc(=O)oc2cc1O,val
CHEMBL460969,CHEMBL220,4.62,2011.0,4.62,C[C@H](CCC(=O)O)[C@H]1CC(=O)[C@@]2(C)C3=C(C(=O)C[C@]12C)[C@@]1(C)CCC(=O)C(C)(C)[C@@H]1C[C@@H]3O,train
CHEMBL46151,CHEMBL220,3.585026652029182,1986.0,3.585026652029182,CCN(CC)CCS/C(=N\O)C(=O)c1ccc(OC)cc1,val
CHEMBL461945,CHEMBL220,4.0,2008.0,4.0,O=C1C2=C(CCCC2)S(=O)(=O)N1c1c(F)c(F)nc(F)c1F,train
CHEMBL461946,CHEMBL220,4.0,2008.0,4.0,CC1=C(c2ccccc2)C(=O)N(c2c(F)c(F)nc(F)c2F)S1(=O)=O,train
CHEMBL461949,CHEMBL220,3.886056647693163,2001.0,3.886056647693163,C=C(C)[C@H](O)Cc1cc2ccc(=O)oc2cc1O,val
CHEMBL462872,CHEMBL220,7.21,2013.0,7.21,COc1cc2c(cc1OC)C(=O)/C(=C/c1cccc(CN(C)C)c1)C2,train
CHEMBL462873,CHEMBL220,6.21,2013.0,6.21,COc1cc2c(cc1OC)C(=O)/C(=C/c1ccc(CN(C)C)cc1)C2,train
CHEMBL462946,CHEMBL220,4.475,2017.0,4.475,O=C(O)C(F)(F)F.O=C1C=C2S[C@H]3C[C@]2(C=C1Br)C1=C(N3)C(=O)c2[nH]cc3c2C1=NCC3,train
CHEMBL4632461,CHEMBL220,5.65,2020.0,5.65,COc1ccc([C@H]2OC[C@H]3[C@@H]2C(=O)O[C@@H]3c2ccc3c(c2)OCO3)cc1OC,train
CHEMBL4632477,CHEMBL220,6.54,2020.0,6.54,O=C1CN(/N=C/c2ccc(-c3cccc([N+](=O)[O-])c3)o2)C(=O)N1CCC1CCN(Cc2ccccc2)CC1,train
CHEMBL4632770,CHEMBL220,4.93,2020.0,4.93,O=[N+]([O-])C1C(Cc2c[nH]cn2)NC2(c3ccccc3-c3nc4ccccc4nc32)C1c1ccccc1,train
CHEMBL463279,CHEMBL220,6.63,2013.0,6.63,CCN(C)Cc1cccc(/C=C2\Cc3cc(OC)c(OC)cc3C2=O)c1,train
CHEMBL4632951,CHEMBL220,8.03,2020.0,8.03,C#CCNc1c2c(nc3cc(Cl)ccc13)CCCC2,train
CHEMBL4632994,CHEMBL220,4.85,2020.0,4.85,O=[N+]([O-])C1C(Cc2c[nH]cn2)NC2(c3ccccc3-c3nc4ccccc4nc32)C1c1ccco1,train
CHEMBL4633343,CHEMBL220,4.0,2020.0,4.0,COc1c2c(cc3c1OCO3)[C@]13C=C[C@H](OC)C[C@@H]1[N@](C2)C[C@H]3OC(=O)c1ccccc1,train
CHEMBL4633378,CHEMBL220,7.33,2020.0,7.33,COc1cccc(-c2ccc(/C=N/N3CC(=O)N(CCC4CCN(Cc5ccccc5)CC4)C3=O)o2)c1,train
CHEMBL4633410,CHEMBL220,7.55,2020.0,7.55,COc1ccc([C@H]2O[C@@H](O)[C@H]3[C@@H]2C(=O)O[C@@H]3c2ccc(OC)c(OC)c2)cc1OC,test
CHEMBL4633540,CHEMBL220,7.29,2020.0,7.29,C#CCNc1c2c(nc3ccccc13)CCCC2,train
CHEMBL4633613,CHEMBL220,6.8,2020.0,6.8,COc1ccc([C@H]2OC(=O)[C@H]3[C@@H]2C(=O)O[C@@H]3c2ccc3c(c2)OCO3)cc1OC,train
CHEMBL4633851,CHEMBL220,5.11,2020.0,5.11,Cc1cccc(C2C([N+](=O)[O-])C(Cc3c[nH]cn3)NC23c2ccccc2-c2nc4ccccc4nc23)c1,train
CHEMBL4634371,CHEMBL220,4.0,2020.0,4.0,COc1c2c(cc3c1OCO3)[C@]13C=C[C@H](OC)C[C@@H]1[N@](C2)C[C@H]3OC(=O)c1ccco1,val
CHEMBL4634465,CHEMBL220,4.27,2020.0,4.27,COc1c2c(cc3c1OCO3)[C@]13C=C[C@H](OC)C[C@@H]1[N@](C2)C[C@H]3OC(=O)c1ccccc1[N+](=O)[O-],train
CHEMBL4634473,CHEMBL220,4.0,2020.0,4.0,COc1c2c(cc3c1OCO3)[C@]13C=C[C@H](OC)C[C@@H]1[N@](C2)C[C@H]3OC(C)=O,train
CHEMBL4634863,CHEMBL220,8.52,2020.0,8.52,COc1ccc([C@H]2O[C@@H](O)[C@H]3[C@@H]2C(=O)O[C@@H]3c2cc(OC)c3c(c2)OCO3)cc1OC,train
CHEMBL4635134,CHEMBL220,4.0,2021.0,4.0,CNC(=O)c1cc(C(=O)NC2CC2)cn(Cc2ccccc2)c1=O,test
CHEMBL4635404,CHEMBL220,4.0,2020.0,4.0,COc1cccc(C(=O)O[C@@H]2C[N@@]3Cc4c(cc5c(c4OC)OCO5)[C@@]24C=C[C@H](OC)C[C@H]34)c1,train
CHEMBL4635686,CHEMBL220,3.1012748184105066,2020.0,3.1012748184105066,CN(C)C(=O)Oc1cccc(C(O)CNC2CCCCC2)c1.Cl,train
CHEMBL4636043,CHEMBL220,7.33,2020.0,7.33,O=C1CN(/N=C/c2ccc(-c3ccc([N+](=O)[O-])cc3)o2)C(=O)N1CCC1CCN(Cc2ccccc2)CC1,train
CHEMBL4636399,CHEMBL220,4.77,2020.0,4.77,O=[N+]([O-])C1C(Cc2c[nH]cn2)NC2(c3ccccc3-c3nc4ccccc4nc32)C1c1ccccn1,test
CHEMBL4636698,CHEMBL220,4.0,2020.0,4.0,COc1c2c(cc3c1OCO3)[C@]13C=C[C@H](OC)C[C@@H]1[N@](C2)C[C@H]3OC(=O)C(C)C,train
CHEMBL4636736,CHEMBL220,4.0,2020.0,4.0,COc1c2c(cc3c1OCO3)[C@]13C=C[C@H](OC)C[C@@H]1[N@](C2)C[C@H]3OC(=O)c1ccc2ccccc2c1,test
CHEMBL463686,CHEMBL220,4.301029995663981,2012.0,4.301029995663981,O=C(O)c1cccc2nc3ccccc3nc12,train
CHEMBL4636881,CHEMBL220,5.1,2021.0,5.1,CC(=O)Nc1c(F)cc(C(=O)N[C@H]2CC[C@H](O)CC2)cc1O[C@@H](C)c1ccccc1,train
CHEMBL4637652,CHEMBL220,4.0,2020.0,4.0,COc1ccc(C(=O)O[C@@H]2C[N@@]3Cc4c(cc5c(c4OC)OCO5)[C@@]24C=C[C@H](OC)C[C@H]34)cc1,train
CHEMBL4638682,CHEMBL220,4.0,2020.0,4.0,COc1c2c(cc3c1OCO3)[C@]13C=C[C@H](OC)C[C@@H]1[N@](C2)C[C@H]3OC(=O)c1ccc(C)cc1,train
CHEMBL4638958,CHEMBL220,4.68,2020.0,4.68,CC(C)=CC[C@H]1C[C@]2(CC=C(C)C)C(=O)[C@]3(CC=C(C)C)O[C@@]1(C(=O)C(C)C)[C@@]2(O)C(C)(C)C3=O,train
CHEMBL4639105,CHEMBL220,6.13,2020.0,6.13,COc1cc2cc(NC(=O)CCCNCc3ccccc3)c(=O)oc2cc1OC,val
CHEMBL4639128,CHEMBL220,4.2,2021.0,4.2,COCc1nc2cnc3cc(-c4c(C)noc4C)c(OC[C@H]4CCNC4)cc3c2n1[C@H](C)c1ccccc1,train
CHEMBL4639168,CHEMBL220,6.97,2020.0,6.97,COc1ccc(-c2ccc(/C=N/N3CC(=O)N(CCC4CCN(Cc5ccccc5)CC4)C3=O)o2)cc1,train
CHEMBL4639357,CHEMBL220,5.04,2020.0,5.04,COc1cccc(C2C([N+](=O)[O-])C(Cc3c[nH]cn3)NC23c2ccccc2-c2nc4ccccc4nc23)c1,train
CHEMBL4639749,CHEMBL220,5.7,2020.0,5.7,Cc1ccc(C2C([N+](=O)[O-])C(Cc3c[nH]cn3)NC23c2ccccc2-c2nc4ccccc4nc23)cc1,train
CHEMBL464006,CHEMBL220,5.51,2013.0,5.51,CC(C)=CCc1c(-c2ccc(O)cc2O)oc2c3c(cc(O)c2c1=O)OC(C)(C)C=C3,train
CHEMBL4640168,CHEMBL220,4.0,2020.0,4.0,COc1c2c(cc3c1OCO3)[C@]13C=C[C@H](OC)C[C@@H]1[N@](C2)C[C@H]3OC(=O)c1cccc(C)c1,train
CHEMBL464024,CHEMBL220,6.04,2013.0,6.04,CCN(C)Cc1ccc(/C=C2\Cc3cc(OC)c(OC)cc3C2=O)cc1,train
CHEMBL4640608,CHEMBL220,3.9030899869919438,2020.0,3.9030899869919438,COc1cc(C2C3=C(CCCC3=O)NC3=C2C(=O)CCC3)ccc1OCc1ccc(F)cc1,train
CHEMBL4640750,CHEMBL220,6.7,2020.0,6.7,O=C1CN(/N=C/c2ccc(-c3ccc([N+](=O)[O-])cc3)o2)C(=O)N1CCN1CCN(Cc2ccccc2)CC1,train
CHEMBL4640945,CHEMBL220,4.26,2020.0,4.26,COc1c2c(cc3c1OCO3)[C@]13C=C[C@H](OC)C[C@@H]1[N@](C2)C[C@H]3OC(=O)c1ccccc1C,train
CHEMBL4641580,CHEMBL220,4.0,2020.0,4.0,COc1ccc(C(=O)O[C@@H]2C[N@@]3Cc4c(cc5c(c4OC)OCO5)[C@@]24C=C[C@H](OC)C[C@H]34)cc1OC,train
CHEMBL4641865,CHEMBL220,7.04,2020.0,7.04,COc1ccccc1-c1ccc(/C=N/N2CC(=O)N(CCC3CCN(Cc4ccccc4)CC3)C2=O)o1,train
CHEMBL4642244,CHEMBL220,5.69,2020.0,5.69,COc1ccc(C2C([N+](=O)[O-])C(Cc3c[nH]cn3)NC23c2ccccc2-c2nc4ccccc4nc23)cc1,train
CHEMBL4642959,CHEMBL220,5.28,2020.0,5.28,COc1ccccc1C1C([N+](=O)[O-])C(Cc2c[nH]cn2)NC12c1ccccc1-c1nc3ccccc3nc12,train
CHEMBL4643381,CHEMBL220,7.47,2020.0,7.47,O=C1CN(/N=C/c2ccc(-c3ccccc3[N+](=O)[O-])o2)C(=O)N1CCC1CCN(Cc2ccccc2)CC1,train
CHEMBL464427,CHEMBL220,6.77,2013.0,6.77,CCN(CC)Cc1ccc(/C=C2\Cc3cc(OC)c(OC)cc3C2=O)cc1,train
CHEMBL4644284,CHEMBL220,4.0,2020.0,4.0,COc1c2c(cc3c1OCO3)[C@]13C=C[C@H](OC)C[C@@H]1[N@](C2)C[C@H]3OC(=O)c1ccoc1,train
CHEMBL4644286,CHEMBL220,4.0,2020.0,4.0,CCC(=O)O[C@@H]1C[N@@]2Cc3c(cc4c(c3OC)OCO4)[C@@]13C=C[C@H](OC)C[C@H]23,train
CHEMBL4644410,CHEMBL220,4.0,2020.0,4.0,COc1ccccc1C(=O)O[C@@H]1C[N@@]2Cc3c(cc4c(c3OC)OCO4)[C@@]13C=C[C@H](OC)C[C@H]23,train
CHEMBL4644961,CHEMBL220,5.0,2020.0,5.0,Cc1ccccc1C1C([N+](=O)[O-])C(Cc2c[nH]cn2)NC12c1ccccc1-c1nc3ccccc3nc12,train
CHEMBL4645345,CHEMBL220,4.0,2020.0,4.0,CCCCC(=O)O[C@@H]1C[N@@]2Cc3c(cc4c(c3OC)OCO4)[C@@]13C=C[C@H](OC)C[C@H]23,train
CHEMBL464538,CHEMBL220,7.52,2006.0,7.52,C=CC[N+](C)(C)c1ccc(CCC(=O)CCc2ccc([N+](C)(C)CC=C)cc2)cc1.[Br-].[Br-],val
CHEMBL4645476,CHEMBL220,3.575118363368933,2020.0,3.575118363368933,CN(C)C(=O)Oc1ccc(C(O)CNC2CCCCC2)cc1.Cl,train
CHEMBL4645659,CHEMBL220,6.13,2020.0,6.13,COc1ccc(CCC(=O)Nc2nc(-c3cc4ccccc4oc3=O)cs2)cc1OC,train
CHEMBL4646080,CHEMBL220,6.65,2020.0,6.65,COc1cc2cc(NC(=O)C3CCN(Cc4ccccc4)CC3)c(=O)oc2cc1OC,train
CHEMBL4646153,CHEMBL220,4.74,2020.0,4.74,O=[N+]([O-])C1C(Cc2c[nH]cn2)NC2(c3ccccc3-c3nc4ccccc4nc32)C1c1ccc(Cl)cc1,train
CHEMBL4646747,CHEMBL220,4.32,2020.0,4.32,COc1c2c(cc3c1OCO3)[C@]13C=C[C@H](OC)C[C@@H]1[N@](C2)C[C@H]3OC(=O)c1cccc([N+](=O)[O-])c1,train
CHEMBL4647106,CHEMBL220,9.0,2020.0,9.0,COc1ccc([C@H](O)[C@H](N)C(=O)O)cc1OC,val
CHEMBL4647870,CHEMBL220,4.0,2020.0,4.0,CCOc1cc(OCC)cc(C(=O)O[C@@H]2C[N@@]3Cc4c(cc5c(c4OC)OCO5)[C@@]24C=C[C@H](OC)C[C@H]34)c1,train
CHEMBL4648132,CHEMBL220,4.0,2020.0,4.0,COc1c2c(cc3c1OCO3)[C@]13C=C[C@H](OC)C[C@@H]1[N@](C2)C[C@H]3OC(=O)c1cccc2ccccc12,train
CHEMBL4648224,CHEMBL220,4.79,2020.0,4.79,O=[N+]([O-])C1C(Cc2c[nH]cn2)NC2(c3ccccc3-c3nc4ccccc4nc32)C1c1ccc(Br)cc1,train
CHEMBL4648322,CHEMBL220,7.72,2020.0,7.72,COc1cc2cc(NC(=O)[C@@H]3CCC[C@H](NCc4ccccc4)C3)c(=O)oc2cc1OC,train
CHEMBL4649430,CHEMBL220,4.0,2020.0,4.0,COc1c2c(cc3c1OCO3)[C@]13C=C[C@H](OC)C[C@@H]1[N@](C2)C[C@H]3O,train
CHEMBL4649545,CHEMBL220,4.0,2020.0,4.0,COc1c2c(cc3c1OCO3)[C@]13C=C[C@H](OC)C[C@@H]1[N@](C2)C[C@H]3OC(=O)c1ccc([N+](=O)[O-])cc1,train
CHEMBL465027,CHEMBL220,6.9,2013.0,6.9,COc1cc2c(cc1OC)C(=O)/C(=C/c1cccc(CN3CCCC3)c1)C2,train
CHEMBL465028,CHEMBL220,6.7,2013.0,6.7,COc1cc2c(cc1OC)C(=O)/C(=C/c1ccc(CN3CCCC3)cc1)C2,train
CHEMBL465487,CHEMBL220,4.59,2011.0,4.59,C[C@H](CCC(=O)O)[C@H]1CC(=O)[C@@]2(C)C3=C(C(=O)C[C@]12C)[C@@]1(C)CC[C@H](O)C(C)(C)[C@@H]1C[C@@H]3O,train
CHEMBL465514,CHEMBL220,4.74,2011.0,4.74,C[C@H](CC(=O)C[C@@H](C)[C@H]1CC(=O)[C@@]2(C)C3=C(C(=O)C[C@]12C)[C@@]1(C)CCC(=O)C(C)(C)[C@@H]1CC3=O)C(=O)O,train
CHEMBL465678,CHEMBL220,4.0,2018.0,4.0,CN1Cc2c(ccc3c2OCO3)-c2ccc3cc4c(cc3c21)OCO4,train
CHEMBL468000,CHEMBL220,5.8,2008.0,5.8,CC1(C)CC(=O)C2=C(C1)Nc1nc3c(c(N)c1C2c1ccc(F)cc1)CCCC3,train
CHEMBL468001,CHEMBL220,6.43,2008.0,6.43,COc1ccc(C2C3=C(CC(C)(C)CC3=O)Nc3nc4c(c(N)c32)CCCC4)cc1,train
CHEMBL468002,CHEMBL220,5.55,2008.0,5.55,CC1(C)CC(=O)C2=C(C1)Nc1nc3c(c(N)c1C2c1ccncc1)CCCC3,test
CHEMBL468568,CHEMBL220,5.34,2021.0,5.34,COc1cc(CO)ccc1O[C@@H]1O[C@H](CO)[C@@H](O)[C@H](O)[C@H]1O,test
CHEMBL469423,CHEMBL220,4.0,2006.0,4.0,COc1c(O)cc2c3c1-c1ccccc1C[C@H]3NCC2,train
CHEMBL469638,CHEMBL220,4.7,2017.0,4.7,COc1ccc2c3c1O[C@H]1C[C@@H](O)CC[C@@]31CCN(C)C2,test
CHEMBL470715,CHEMBL220,6.42,2009.0,6.42,CCOC(=O)C1=C(C)Nc2nc3c(c(N)c2[C@@H]1c1ccc(OC)cc1)CCCC3,train
CHEMBL470867,CHEMBL220,6.27,2006.0,6.27,COc1ccc2c(=O)oc3c(OC)cc(CCN(C)C)c4c(=O)oc1c2c34,test
CHEMBL470907,CHEMBL220,6.24,2009.0,6.24,CCN(Cc1ccccc1)Cc1ccc(C(=O)c2ccc(OC)c(OC)c2)cc1,train
CHEMBL471187,CHEMBL220,4.675,2018.0,4.675,Oc1cc(O)cc(Oc2c(O)cc(O)c3c2Oc2c(O)cc(O)cc2O3)c1,val
CHEMBL471581,CHEMBL220,5.78,2009.0,5.78,COc1ccc(C(=O)c2ccc(CN(C)Cc3cccc(C)c3)cc2)cc1OC,train
CHEMBL471980,CHEMBL220,5.0,2023.0,5.0,CCOc1ccc(Cc2nc3cc(C(=O)N(CC)CC)ccc3n2CCC(C)C)cc1,train
CHEMBL472776,CHEMBL220,7.23,2013.0,7.23,COc1cc2c(cc1OC)C(=O)C(Cc1cccc(CN3CCCCC3)c1)C2,test
CHEMBL472788,CHEMBL220,5.47,2021.0,5.47,c1ccc2c(c1)CN1CCc3c([nH]c4ccccc34)C1=N2,train
CHEMBL472813,CHEMBL220,7.66,2013.0,7.66,CCN(CC)Cc1cccc(CC2Cc3cc(OC)c(OC)cc3C2=O)c1,test
CHEMBL472814,CHEMBL220,5.98,2013.0,5.98,CCN(CC)Cc1ccc(CC2Cc3cc(OC)c(OC)cc3C2=O)cc1,test
CHEMBL47375,CHEMBL220,3.0,1986.0,3.0,COc1ccc(C(=O)/C(=N/O)SCC[N+](C)(C)C)cc1.[Cl-],val
CHEMBL473767,CHEMBL220,7.65,2013.0,7.65,COc1cc2c(cc1OC)C(=O)C(Cc1cccc(CN3CCCC3)c1)C2,train
CHEMBL473866,CHEMBL220,8.81,2008.0,8.81,Clc1ccc2c(NCCCNCCCCCOc3cccc4[nH]c5ccccc5c34)c3c(nc2c1)CCCC3,train
CHEMBL473962,CHEMBL220,6.11,2013.0,6.11,COc1cc2c(cc1OC)C(=O)C(Cc1ccc(CN3CCCC3)cc1)C2,train
CHEMBL4739877,CHEMBL220,4.7,2016.0,4.7,CN1C[C@@H](c2cccc(Br)c2)[C@@]2(CSc3ccccc3C2=O)C12C(=O)c1ccccc1C2=O,train
CHEMBL4740081,CHEMBL220,4.78,2020.0,4.78,CCN(CC)C(=O)Oc1ccc(/C=C/C(=O)N2CCN(Cc3ccccc3)CC2)cc1OC,train
CHEMBL4740676,CHEMBL220,5.47,2019.0,5.47,O=C(N/N=C/c1ccc(Cl)cc1)N1CCN(c2ccccn2)CC1,train
CHEMBL4740786,CHEMBL220,4.55,2016.0,4.55,CN1C[C@@H](c2ccc(Br)cc2)[C@@]2(CSc3ccccc3C2=O)C12C(=O)c1ccccc1C2=O,train
CHEMBL4741070,CHEMBL220,4.91,2020.0,4.91,COc1cc(/C=C/C(=O)N2CCc3ccccc3C2)ccc1OC(=O)N(C)OC,test
CHEMBL4741157,CHEMBL220,5.13,2020.0,5.13,Cc1cc(S(=O)(=O)Nc2cnccn2)c(C(C)C)cc1O,train
CHEMBL4741162,CHEMBL220,8.36,2021.0,8.36,COc1cc(CNC(=O)CCCC/C=C/CNc2c3c(nc4cc(Cl)ccc24)CC2C=C(C)CC3C2)ccc1O,train
CHEMBL4741219,CHEMBL220,7.41,2020.0,7.41,CNC(=O)c1sc(-c2ccnc(NC(=O)C3CC3)c2)nc1OCCc1cn(CCNc2c3c(nc4cc(Cl)ccc24)CCCC3)nn1,test
CHEMBL4741398,CHEMBL220,6.88,2020.0,6.88,Brc1ccc(CNC2CCN(Cc3ccccc3)C2)cc1,train
CHEMBL4741669,CHEMBL220,4.1,2021.0,4.1,CNC(=O)c1sc(-c2ccnc(NC(=O)C3CC3)c2)nc1OCC1CCN(Cc2ccc(F)c(F)c2)CC1,train
CHEMBL474190,CHEMBL220,6.04,2013.0,6.04,CCN(C)Cc1ccc(CC2Cc3cc(OC)c(OC)cc3C2=O)cc1,test
CHEMBL4742138,CHEMBL220,5.43,2021.0,5.43,NC(=O)c1sc(-c2ccnc(NC(=O)C3CC3)c2)nc1OCCC1CCN(Cc2ccccc2Cl)CC1,train
CHEMBL4742248,CHEMBL220,7.78,2020.0,7.78,O=C(CCCN1CCC2c3ccccc3NC2C1)Oc1ccc(/C=C2\CCn3c2nc2ccccc2c3=O)cc1,train
CHEMBL474268,CHEMBL220,8.59,2008.0,8.59,Clc1ccc2c(NCCCNCCCCCCOc3cccc4[nH]c5ccccc5c34)c3c(nc2c1)CCCC3,test
CHEMBL4742830,CHEMBL220,6.88,2021.0,6.88,CCOC(=O)c1c(C)nc(N2CCN(S(=O)(=O)c3ccc(NC(C)=O)cc3)CC2)nc1-c1ccc(OC)cc1,train
CHEMBL4743162,CHEMBL220,5.47,2019.0,5.47,O=[N+]([O-])c1ccccc1-c1nnc(Nc2ncccn2)o1,test
CHEMBL4743210,CHEMBL220,8.26,2021.0,8.26,COc1cc(CNC(=O)CCCCNc2c3c(nc4cc(Cl)ccc24)CC2C=C(C)CC3C2)ccc1O,train
CHEMBL4743358,CHEMBL220,5.99,2019.0,5.99,Cc1ccc(-c2nnc(N3CCN(c4ccccn4)CC3)o2)cc1,test
CHEMBL4743436,CHEMBL220,5.57,2020.0,5.57,COc1ccc2cc3[n+](cc2c1OCc1cccc(Br)c1)CCc1cc2c(cc1-3)OCO2.[Br-],test
CHEMBL4743485,CHEMBL220,5.44,2019.0,5.44,O=C(N/N=C/c1ccccc1)N1CCN(c2ccccn2)CC1,train
CHEMBL4743674,CHEMBL220,7.11,2021.0,7.11,CCOC(=O)c1c(C)nc(N2CCN(S(=O)(=O)c3ccc(N)c(Cl)c3)CC2)nc1-c1ccc(OC)cc1,train
CHEMBL4743869,CHEMBL220,4.67,2016.0,4.67,O=C1c2ccccc2C(=O)C12N1CSC[C@@H]1[C@@H](c1ccc(Cl)cc1)[C@@]21CSc2ccccc2C1=O,train
CHEMBL4744191,CHEMBL220,5.92,2019.0,5.92,COc1cccc(-c2nnc(N3CCN(c4ccccn4)CC3)o2)c1OC,test
CHEMBL4744259,CHEMBL220,5.94,2019.0,5.94,O=C(N/N=C/c1ccc([N+](=O)[O-])cc1)N1CCN(c2ccccn2)CC1,train
CHEMBL4744408,CHEMBL220,4.65,2016.0,4.65,CN1C[C@@H](c2ccc(Cl)cc2)[C@@]2(CSc3ccccc3C2=O)C12C(=O)c1ccccc1C2=O,train
CHEMBL4744470,CHEMBL220,6.01,2020.0,6.01,Fc1ccc(/C=N\C2CCN(Cc3ccccc3)C2)c(F)c1,train
CHEMBL4744490,CHEMBL220,4.78,2021.0,4.78,CCN(C)C(=O)Oc1cccc(CNCCc2c[nH]c3cc(F)ccc23)c1,train
CHEMBL4744528,CHEMBL220,8.97,2021.0,8.97,COc1cc(CNC(=O)Cc2cn(CCCCC3=CC4Cc5nc6cc(Cl)ccc6c(N)c5C(C3)C4)nn2)ccc1O,train
CHEMBL4744911,CHEMBL220,6.0,2020.0,6.0,CNC(=O)c1sc(-c2ccnc(NC(=O)C3CC3)c2)nc1OCCCc1cn(CCNc2c3c(nc4ccc(OC)cc24)CCCC3)nn1,test
CHEMBL4745075,CHEMBL220,4.52,2020.0,4.52,COc1cc(/C=C/C(=O)N2CCc3ccccc3C2)ccc1OC(=O)N(c1ccccc1)c1ccccc1,train
CHEMBL4745154,CHEMBL220,5.81,2019.0,5.81,COc1ccc(-c2nnc(Nc3ncccn3)o2)cc1,test
CHEMBL4745328,CHEMBL220,6.0,2020.0,6.0,COc1ccc2cc3[n+](cc2c1OCc1ccc([N+](=O)[O-])cc1)CCc1cc2c(cc1-3)OCO2.[Br-],test
CHEMBL4745500,CHEMBL220,5.11,2020.0,5.11,COc1cc(/C=N\C2CCN(Cc3ccccc3)C2)cc(OC)c1OC,train
CHEMBL4745534,CHEMBL220,6.65,2019.0,6.65,COc1cc(-c2nnc(N3CCN(c4ccccn4)CC3)o2)cc(OC)c1OC,test
CHEMBL4745688,CHEMBL220,4.53,2020.0,4.53,CCCCN[C@@H](Cc1c[nH]c2ccccc12)C(=O)NCCC1CCN(CC2CCN(C)CC2)CC1,train
CHEMBL474577,CHEMBL220,6.28,2013.0,6.28,COc1cc2c(cc1OC)C(=O)C(Cc1cccc(CN(C)C)c1)C2,test
CHEMBL474578,CHEMBL220,6.79,2013.0,6.79,COc1cc2c(cc1OC)C(=O)C(Cc1ccc(CN(C)C)cc1)C2,test
CHEMBL4745801,CHEMBL220,5.77,2020.0,5.77,COc1ccc2cc3[n+](cc2c1OCc1ccccc1Br)CCc1cc2c(cc1-3)OCO2.[Br-],test
CHEMBL4745802,CHEMBL220,4.12,2020.0,4.12,COc1ccc2cc3[n+](cc2c1OCc1ccc(C)cc1)CCc1cc2c(cc1-3)OCO2.[Br-],test
CHEMBL4746180,CHEMBL220,5.93,2019.0,5.93,Oc1ccc(-c2nnc(N3CCN(c4ccccn4)CC3)o2)cc1,test
CHEMBL4746231,CHEMBL220,5.46,2020.0,5.46,CS[C@@H](Cn1nnc2cc(C#Cc3ccc(CN4CCOCC4)cc3)ccc21)N(O)C=O,train
CHEMBL4746403,CHEMBL220,8.31,2020.0,8.31,CCCNC(=O)c1sc(-c2ccnc(NC(=O)CNCCNc3c4c(nc5ccccc35)CCCC4)c2)nc1OCC1CC1,train
CHEMBL4746460,CHEMBL220,4.01,2021.0,4.01,CNC(=O)c1sc(-c2ccnc(NC(=O)C3CC3)c2)nc1OCC1CCN(Cc2ccc(Cl)c(Cl)c2)CC1,train
CHEMBL4746559,CHEMBL220,6.47,2019.0,6.47,c1ccc(-c2nnc(N3CCN(c4ccccn4)CC3)o2)cc1,test
CHEMBL4746898,CHEMBL220,6.31,2019.0,6.31,O=C(N/N=C/c1ccc(Br)cc1)N1CCN(c2ccccn2)CC1,train
CHEMBL4746943,CHEMBL220,7.07,2021.0,7.07,CCOC(=O)c1c(C)nc(N2CCN(S(=O)(=O)c3ccc(N)c(OC)c3)CC2)nc1-c1ccc(OC)c(OC)c1,train
CHEMBL4747041,CHEMBL220,8.16,2020.0,8.16,COc1cc2c(cc1OCc1ccccc1)CCC(C)(CC(=O)NCCCCCCCNc1c3c(nc4cc(Cl)ccc14)CCCC3)O2,train
CHEMBL4747146,CHEMBL220,5.48,2019.0,5.48,Brc1cccc(-c2nnc(Nc3ncccn3)o2)c1,test
CHEMBL4747158,CHEMBL220,5.91,2020.0,5.91,COc1ccc2cc3[n+](cc2c1OCc1ccc(Cl)c(Cl)c1)CCc1cc2c(cc1-3)OCO2.[Br-],test
CHEMBL4747183,CHEMBL220,5.94,2016.0,5.94,COc1ccc([C@@H]2CN(C)C3(C(=O)c4ccccc4C3=O)[C@]23CSc2ccccc2C3=O)cc1,train
CHEMBL4747185,CHEMBL220,5.36,2020.0,5.36,COc1cccc(CNC2CCN(Cc3ccccc3)C2)c1OC,train
CHEMBL4747410,CHEMBL220,6.0,2020.0,6.0,NC(=O)c1sc(-c2ccnc(NC(=O)C3CC3)c2)nc1OCCc1cn(-c2c3c(nc4ccccc24)CCCC3)nn1,train
CHEMBL4747577,CHEMBL220,5.82,2020.0,5.82,COc1ccc2cc3[n+](cc2c1OCc1ccc2ccccc2c1)CCc1cc2c(cc1-3)OCO2.[Br-],train
CHEMBL4747710,CHEMBL220,4.97,2020.0,4.97,CCN(C)C(=O)Oc1ccc(/C=C/C(=O)N2CCCCC2)cc1OC,train
CHEMBL4747836,CHEMBL220,7.98,2020.0,7.98,COc1cc2c(cc1OCc1ccccc1)CCC(C)(CC(=O)NCCCCCCCCNc1c3c(nc4cc(Cl)ccc14)CCCC3)O2,train
CHEMBL4747992,CHEMBL220,6.51,2021.0,6.51,NC(=O)c1sc(-c2ccnc(NC(=O)C3CC3)c2)nc1OCCCC1CCN(Cc2ccc(F)cc2)CC1,test
CHEMBL4748077,CHEMBL220,5.88,2019.0,5.88,O=C(N/N=C/c1ccc(C(F)(F)F)cc1)N1CCN(c2ccccn2)CC1,train
CHEMBL4748114,CHEMBL220,8.71,2021.0,8.71,COc1cc(CNC(=O)CCCCCCCNc2c3c(nc4cc(Cl)ccc24)CC2C=C(C)CC3C2)ccc1O,train
CHEMBL474836,CHEMBL220,5.68,2009.0,5.68,COc1ccc(C(=O)c2ccc(/C=C/CN(C)Cc3ccccc3)cc2)cc1OC,train
CHEMBL474837,CHEMBL220,5.8,2009.0,5.8,COc1ccc(C(=O)c2ccc(CN(C)Cc3ccccc3)cc2)cc1F,train
CHEMBL4748587,CHEMBL220,4.48,2016.0,4.48,O=C1c2ccccc2C(=O)C12N1CSC[C@@H]1[C@@H](c1ccccc1Cl)[C@@]21CSc2ccccc2C1=O,train
CHEMBL4748792,CHEMBL220,5.1,2021.0,5.1,CNC(=O)c1sc(-c2ccnc(NC(=O)C3CC3)c2)nc1OCC1CCN(Cc2ccccc2)CC1,train
CHEMBL4748939,CHEMBL220,5.58,2020.0,5.58,COC(=O)c1ccc(COc2c(OC)ccc3cc4[n+](cc23)CCc2cc3c(cc2-4)OCO3)cc1.[Br-],test
CHEMBL4748948,CHEMBL220,5.04,2020.0,5.04,COc1cc(/C=C/C(=O)N2CCCCC2)ccc1OC(=O)N(C)C,train
CHEMBL4748993,CHEMBL220,5.88,2021.0,5.88,NC(=O)c1sc(-c2ccnc(NC(=O)C3CC3)c2)nc1OCCCC1CCN(Cc2ccccc2F)CC1,test
CHEMBL4749077,CHEMBL220,6.56,2020.0,6.56,COc1cc2c(cc1O)CCC(C)(CC(=O)NCCCCCCNc1c3c(nc4ccccc14)CCCC3)O2,train
CHEMBL4749209,CHEMBL220,4.055381263825196,2021.0,4.055381263825196,Cc1cc(/C=N/O)c(O)c(CN2CCN(c3ccncc3)CC2)c1,train
CHEMBL4749327,CHEMBL220,7.01,2020.0,7.01,CNC(=O)c1sc(-c2ccnc(NC(=O)CNCCNc3c4c(nc5ccccc35)CCCC4)c2)nc1OC,train
CHEMBL4749346,CHEMBL220,5.6,2020.0,5.6,COc1ccc2cc3[n+](cc2c1OCc1ccc(Cl)cc1)CCc1cc2c(cc1-3)OCO2.[Br-],test
CHEMBL4749550,CHEMBL220,5.18,2021.0,5.18,NC(=O)c1sc(-c2ccnc(NC(=O)C3CC3)c2)nc1OCCC1CCN(Cc2ccccn2)CC1,train
CHEMBL4749678,CHEMBL220,6.81,2020.0,6.81,CNC(=O)c1sc(-c2ccnc(NC(=O)CNCCNc3c4c(nc5ccccc35)CCCC4)c2)nc1OCC1CCC1,train
CHEMBL4749704,CHEMBL220,6.83,2020.0,6.83,Fc1ccc(CNC2CCN(Cc3ccccc3)C2)cc1,train
CHEMBL4749805,CHEMBL220,6.84,2021.0,6.84,CCOC(=O)c1c(C)nc(N2CCN(S(=O)(=O)c3ccc(NC(C)=O)c(Cl)c3)CC2)nc1-c1ccccc1,train
CHEMBL4750190,CHEMBL220,6.92,2020.0,6.92,COCCn1cnc2cc(NC(=O)c3ccccc3)cc(C(=O)NCc3cc(F)cc(F)c3)c21,val
CHEMBL4750278,CHEMBL220,7.17,2021.0,7.17,CCOC(=O)c1c(C)nc(N2CCN(S(=O)(=O)c3ccc(N)cc3)CC2)nc1-c1ccc(OC)c(OC)c1,train
CHEMBL4750284,CHEMBL220,7.31,2020.0,7.31,CNC(=O)c1sc(-c2ccnc(NC(=O)CNCCNc3c4c(nc5ccccc35)CCCC4)c2)nc1OCC(C)C,train
CHEMBL4750360,CHEMBL220,4.83,2020.0,4.83,CCN(C)C(=O)Oc1ccc(/C=C/C(=O)N2CCN(Cc3ccccc3)CC2)cc1,train
CHEMBL4750451,CHEMBL220,7.97,2020.0,7.97,O=C(CCCCCN1CCC2c3ccccc3NC2C1)Oc1ccc(/C=C2\CCn3c2nc2ccccc2c3=O)cc1,train
CHEMBL4750731,CHEMBL220,4.8,2020.0,4.8,CCCCN[C@@H](Cc1c[nH]c2ccccc12)C(=O)NCCC1CCCN(Cc2ccccc2)CC1,train
CHEMBL4750838,CHEMBL220,5.03,2020.0,5.03,COc1ccc2nc3cc(Cl)ccc3c(Nc3ccc(C(=O)NO)cc3)c2n1,test
CHEMBL4751082,CHEMBL220,5.44,2020.0,5.44,O=C(NO)c1ccc(Nc2c3ccccc3nc3ccc(OC(F)(F)F)cc23)cc1,train
CHEMBL4751100,CHEMBL220,9.88,2020.0,9.88,COc1cc2c(cc1O)CCC(C)(CCNCCCCCCCCNc1c3c(nc4cc(Cl)ccc14)CCCC3)O2,train
CHEMBL4751237,CHEMBL220,4.41,2020.0,4.41,C[C@@H]1CC[C@H]2[C@H](C(=O)c3c(O)c([C@@]4(O)CC[C@@H](O)[C@H]5O[C@H]54)cn(O)c3=O)[C@H](C)C=C[C@@H]2C1,train
CHEMBL4751296,CHEMBL220,2.5178413045887234,2021.0,2.5178413045887234,O/N=C/c1cc(Cl)cc(CNc2ccc(-n3cccn3)cc2)c1O,train
CHEMBL475161,CHEMBL220,7.15,2013.0,7.15,COc1cc2c(cc1OC)C(=O)/C(=C/c1cccc(CN3CCCCC3)c1)C2,test
CHEMBL4752175,CHEMBL220,7.615,2020.0,7.615,COc1ccc2cc3[n+](cc2c1OCc1ccc(C(F)(F)F)cc1)CCc1cc2c(cc1-3)OCO2.[Br-],test
CHEMBL4752188,CHEMBL220,7.12,2021.0,7.12,CCOC(=O)c1c(C)nc(N2CCN(S(=O)(=O)c3ccc(NC(C)=O)c(F)c3)CC2)nc1-c1ccc(OC)c(OC)c1,train
CHEMBL4752296,CHEMBL220,4.14,2021.0,4.14,CNC(=O)c1sc(-c2ccnc(NC(=O)C3CC3)c2)nc1OC1CCN(Cc2ccccc2)CC1,train
CHEMBL4752440,CHEMBL220,5.96,2016.0,5.96,COc1ccc([C@@H]2[C@H]3CSCN3C3(C(=O)c4ccccc4C3=O)[C@]23CSc2ccccc2C3=O)cc1,train
CHEMBL4752466,CHEMBL220,5.28,2019.0,5.28,Cc1cccc(-c2nnc(N3CCN(c4ccccn4)CC3)o2)c1,test
CHEMBL4752488,CHEMBL220,5.0,2016.0,5.0,COc1ccc2nc3c(c(NCCCCCCN(CC(=O)NCCc4c[nH]c5ccc(OC)cc45)C(=O)CCCC[C@@H]4CCSS4)c2c1)CCCC3,train
CHEMBL4752521,CHEMBL220,7.01,2021.0,7.01,CCOC(=O)c1c(C)nc(N2CCN(S(=O)(=O)c3ccc(NC(C)=O)c(F)c3)CC2)nc1-c1ccccc1,train
CHEMBL4752528,CHEMBL220,3.0830199526796176,2021.0,3.0830199526796176,O/N=C/c1cc(Cl)cc(CNc2ncccc2OCc2ccccc2)c1O,train
CHEMBL4752558,CHEMBL220,6.08,2020.0,6.08,O=C(NO)c1ccc(Nc2ccnc3ccccc23)cc1,val
CHEMBL4752675,CHEMBL220,6.09,2020.0,6.09,CO[C@]1(c2cn(O)c(=O)c(C(=O)[C@H]3[C@@H]4CC[C@@H](C)C[C@H]4C=C[C@H]3C)c2O)CC[C@@H](O)[C@H]2O[C@H]21,train
CHEMBL4752715,CHEMBL220,7.16,2020.0,7.16,Fc1ccc(CNC2CCN(Cc3ccccc3)C2)c(F)c1,train
CHEMBL4752813,CHEMBL220,6.1,2020.0,6.1,COc1ccc2cc3[n+](cc2c1OC(C)c1ccccc1)CCc1cc2c(cc1-3)OCO2.[Br-],test
CHEMBL4752879,CHEMBL220,6.0,2021.0,6.0,Cc1cc(/C=N/O)c(O)c(CNc2ccc(Cn3cncn3)cc2)c1,val
CHEMBL4753139,CHEMBL220,5.05,2021.0,5.05,CNC(=O)c1sc(-c2ccnc(NC(=O)C3CC3)c2)nc1OCC1CCN(Cc2ccccc2F)CC1,train
CHEMBL4753347,CHEMBL220,9.1,2020.0,9.1,NC(=O)c1sc(-c2ccnc(NC(=O)CNCCNc3c4c(nc5ccccc35)CCCC4)c2)nc1OCC1CC1,train
CHEMBL4753478,CHEMBL220,5.82,2021.0,5.82,NC(=O)c1sc(-c2ccnc(NC(=O)C3CC3)c2)nc1OCC1CCN(Cc2ccccc2)CC1,train
CHEMBL4753534,CHEMBL220,5.72,2020.0,5.72,COc1ccc2cc3[n+](cc2c1OCc1cccc(Cl)c1)CCc1cc2c(cc1-3)OCO2.[Br-],test
CHEMBL4753561,CHEMBL220,2.2882771081727653,2021.0,2.2882771081727653,Cc1cc(/C=N/O)c(O)c(CNc2ccc(S(=O)(=O)Nc3nccs3)cc2)c1,train
CHEMBL4753795,CHEMBL220,6.19,2020.0,6.19,COc1cc2nc3ccccc3c(Nc3ccc(C(=O)NO)cc3)c2c(OC)c1OC,train
CHEMBL4753820,CHEMBL220,2.9010103605988227,2021.0,2.9010103605988227,COc1ccc(C(CN(C)c2ccc(NCc3cc(C)cc(/C=N/O)c3O)cc2)C2(O)CCCCC2)cc1,train
CHEMBL4754171,CHEMBL220,4.89,2016.0,4.89,O=C1c2ccccc2C(=O)C12N1CSC[C@@H]1[C@@H](c1ccccc1)[C@@]21CSc2ccccc2C1=O,train
CHEMBL4754173,CHEMBL220,2.379135524734879,2021.0,2.379135524734879,O=C1COCCN1c1ccc(NCc2cc(Cl)cc(/C=N/O)c2O)cc1,train
CHEMBL4754186,CHEMBL220,4.97,2021.0,4.97,O=c1ccoc2ccc(OCCCN3CCCCCC3)cc12,train
CHEMBL4754192,CHEMBL220,6.53,2020.0,6.53,O=C(NCCCNc1c2c(nc3ccccc13)CCCC2)c1sc(-c2ccnc(NC(=O)C3CCC3)c2)nc1OCC1CC1,test
CHEMBL4754304,CHEMBL220,6.66,2019.0,6.66,O=[N+]([O-])c1ccc(-c2nnc(N3CCN(c4ccccn4)CC3)o2)cc1,test
CHEMBL4754487,CHEMBL220,9.07,2021.0,9.07,COc1cc(CNC(=O)CCCCCCNc2c3c(nc4cc(Cl)ccc24)CC2C=C(C)CC3C2)ccc1O,train
CHEMBL4754607,CHEMBL220,5.0,2016.0,5.0,CN1C[C@@H](c2ccccc2Cl)[C@@]2(CSc3ccccc3C2=O)C12C(=O)c1ccccc1C2=O,train
CHEMBL4755117,CHEMBL220,5.25,2020.0,5.25,Oc1ccc(/C=N\C2CCN(Cc3ccccc3)C2)cc1,train
CHEMBL4755226,CHEMBL220,6.06,2020.0,6.06,FC(F)(F)Oc1ccc(/C=N\C2CCN(Cc3ccccc3)C2)cc1,train
CHEMBL4755324,CHEMBL220,6.698970004336019,2021.0,6.698970004336019,CCOC(=O)c1c(C)nc(N2CCN(S(=O)(=O)c3ccc(N)cc3)CC2)nc1-c1ccccc1,train
CHEMBL4755445,CHEMBL220,4.71,2021.0,4.71,NC(=O)c1sc(-c2ccnc(NC(=O)C3CC3)c2)nc1OCCC1CCN(Cc2c(F)cccc2F)CC1,train
CHEMBL4755561,CHEMBL220,5.62,2019.0,5.62,Fc1ccc(-c2nnc(Nc3ncccn3)o2)cc1,test
CHEMBL4755679,CHEMBL220,5.0,2016.0,5.0,COc1ccc2nc3c(c(NCCCCCCCCN(CC(=O)NCCc4c[nH]c5ccc(OC)cc45)C(=O)CCCC[C@@H]4CCSS4)c2c1)CCCC3,train
CHEMBL4755736,CHEMBL220,5.300000202445418,2019.0,5.300000202445418,Clc1ccccc1-c1nnc(Nc2ncccn2)o1,test
CHEMBL4755928,CHEMBL220,4.57,2016.0,4.57,CN1C[C@@H](c2ccccc2Br)[C@@]2(CSc3ccccc3C2=O)C12C(=O)c1ccccc1C2=O,train
CHEMBL4755968,CHEMBL220,9.03,2020.0,9.03,O=C(CCN1CCC2c3ccccc3NC2C1)Oc1ccc(/C=C2\CCn3c2nc2ccccc2c3=O)cc1,test
CHEMBL4756054,CHEMBL220,4.57,2020.0,4.57,COc1cc(/C=C/C(=O)N2CCCCC2)ccc1OC(=O)N(c1ccccc1)c1ccccc1,train
CHEMBL4756176,CHEMBL220,4.63,2020.0,4.63,COc1cc(/C=C/C(=O)N2CCN(Cc3ccccc3)CC2)ccc1OC(=O)N(C)C,train
CHEMBL4756262,CHEMBL220,7.1,2021.0,7.1,CCOC(=O)c1c(C)nc(N2CCN(S(=O)(=O)c3ccc(NC(C)=O)c(OC)c3)CC2)nc1-c1ccc(OC)cc1,train
CHEMBL4756424,CHEMBL220,7.92,2020.0,7.92,CNC(=O)c1sc(-c2ccnc(NC(=O)C3CC3)c2)nc1OCCOCc1cn(CCNc2c3c(nc4cc(Cl)ccc24)CCCC3)nn1,train
CHEMBL4756451,CHEMBL220,4.37,2021.0,4.37,NC(=O)c1sc(-c2ccnc(NC(=O)C3CC3)c2)nc1OCCC1CCN(Cc2ccc(F)c(F)c2)CC1,train
CHEMBL4756491,CHEMBL220,4.98,2020.0,4.98,COc1ccc2cc3[n+](cc2c1OCc1ccccc1C)CCc1cc2c(cc1-3)OCO2.[Br-],test
CHEMBL4756650,CHEMBL220,5.0,2020.0,5.0,COc1cccc(/C=N\C2CCN(Cc3ccccc3)C2)c1OC,train
CHEMBL4756653,CHEMBL220,2.585026652029182,2020.0,2.585026652029182,CCCCCCCCCCCCCCCCc1cc[n+](C)cc1C(=O)[O-],train
CHEMBL4756674,CHEMBL220,5.0,2020.0,5.0,Cc1cccc(/C=N\C2CCN(Cc3ccccc3)C2)c1,train
CHEMBL4756730,CHEMBL220,6.99,2019.0,6.99,Clc1ccc(-c2nnc(N3CCN(c4ccccn4)CC3)o2)cc1,test
CHEMBL4756742,CHEMBL220,4.55,2016.0,4.55,CC(C)c1ccc([C@@H]2[C@H]3CSCN3C3(C(=O)c4ccccc4C3=O)[C@]23CSc2ccccc2C3=O)cc1,train
CHEMBL4756828,CHEMBL220,5.33,2019.0,5.33,O=C(N/N=C/c1ccc(O)cc1O)N1CCN(c2ccccn2)CC1,train
CHEMBL4756849,CHEMBL220,5.82,2020.0,5.82,Oc1ccc(CNC2CCN(Cc3ccccc3)C2)c(O)c1,train
CHEMBL4756997,CHEMBL220,7.64,2020.0,7.64,CNC(=O)c1sc(-c2ccnc(NC(=O)CNCCCCNc3c4c(nc5ccccc35)CCCC4)c2)nc1OCC1CC1,test
CHEMBL4757035,CHEMBL220,6.22,2020.0,6.22,O=C(NO)c1ccc(Nc2c3ccccc3nc3ccc(F)cc23)cc1,train
CHEMBL4757216,CHEMBL220,5.5,2020.0,5.5,COc1cc(CNC2CCN(Cc3ccccc3)C2)cc(OC)c1OC,train
CHEMBL4757415,CHEMBL220,5.61,2020.0,5.61,O=[N+]([O-])c1ccc(/C=N\C2CCN(Cc3ccccc3)C2)cc1,train
CHEMBL4757466,CHEMBL220,8.01,2020.0,8.01,O=C(CCN1CCC2c3ccccc3NC2C1)Nc1ccc(/C=C2\CCn3c2nc2ccccc2c3=O)cc1,test
CHEMBL4757922,CHEMBL220,7.24,2020.0,7.24,COc1cc2c(cc1O)CCC(C)(CC(=O)NCCCCCCCCCNc1c3c(nc4ccccc14)CCCC3)O2,train
CHEMBL4757955,CHEMBL220,4.78,2016.0,4.78,O=C1c2ccccc2C(=O)C12N1CSC[C@@H]1[C@@H](c1cccc3ccccc13)[C@@]21CSc2ccccc2C1=O,test
CHEMBL4758271,CHEMBL220,5.38,2020.0,5.38,COc1ccc2cc3[n+](cc2c1OCc1ccc(C(C)C)cc1)CCc1cc2c(cc1-3)OCO2.[Br-],test
CHEMBL4758274,CHEMBL220,5.0,2019.0,5.0,O=C(N/N=C/c1ccccc1O)N1CCN(c2ccccn2)CC1,train
CHEMBL4758307,CHEMBL220,5.025,2021.0,5.025,O/N=C/c1cc(Cl)cc(CN2CCN(c3ccncc3)CC2)c1O,train
CHEMBL4758460,CHEMBL220,5.14,2020.0,5.14,COc1ccc2cc3[n+](cc2c1OCc1cccc(C)c1)CCc1cc2c(cc1-3)OCO2.[Br-],test
CHEMBL4758531,CHEMBL220,6.41,2020.0,6.41,CC(=O)Nc1cc(-c2nc(OCC3CC3)c(C(=O)NCCCNc3c4c(nc5ccccc35)CCCC4)s2)ccn1,test
CHEMBL4758581,CHEMBL220,5.26,2023.0,5.26,Cc1c(Nc2ccc(S(=O)(=O)N3CCN(C)CC3)cc2F)nc2ccc(Nc3cnn(C4CC4)c3)cn2c1=O,train
CHEMBL4758624,CHEMBL220,7.32,2020.0,7.32,COc1cc2c(cc1O)CCC(C)(CC(=O)NCCOCCOCCNc1c3c(nc4cc(Cl)ccc14)CCCC3)O2,train
CHEMBL4758638,CHEMBL220,5.95,2020.0,5.95,c1ccc(CNC2CCN(Cc3ccccc3)C2)cc1,train
CHEMBL4758871,CHEMBL220,4.5,2020.0,4.5,CS[C@@H](Cn1nnc2cc(C#Cc3ccc(N4CC5(COC5)C4)cc3)ccc21)N(O)C=O,train
CHEMBL4759107,CHEMBL220,5.17,2020.0,5.17,C/C=C1\C2C=C(C)CC1(NCC(=O)OC)c1ccc(=O)[nH]c1C2,test
CHEMBL4759108,CHEMBL220,7.395,2019.0,7.395,Fc1ccc(-c2nnc(N3CCN(c4ccccn4)CC3)o2)c(F)c1,test
CHEMBL4759227,CHEMBL220,5.84,2020.0,5.84,COc1ccc2cc3[n+](cc2c1OCc1cccc([N+](=O)[O-])c1)CCc1cc2c(cc1-3)OCO2.[Br-],test
CHEMBL4759230,CHEMBL220,6.99,2020.0,6.99,CNC(=O)c1sc(-c2ccnc(NC(=O)CNCCNc3c4c(nc5ccccc35)CCCC4)c2)nc1OCC(C)(C)C,train
CHEMBL4759253,CHEMBL220,5.11,2021.0,5.11,NC(=O)c1sc(-c2ccnc(NC(=O)C3CC3)c2)nc1OCCC1CCN(Cc2ccccc2F)CC1,train
CHEMBL4759355,CHEMBL220,4.49,2020.0,4.49,COc1cc(/C=C/C(=O)N2CCC(Cc3ccccc3)CC2)ccc1OC(=O)N(c1ccccc1)c1ccccc1,train
CHEMBL4759595,CHEMBL220,6.698970004336019,2021.0,6.698970004336019,CCOC(=O)c1c(C)nc(N2CCN(S(=O)(=O)c3ccc(N)c(F)c3)CC2)nc1-c1ccccc1,train
CHEMBL4759625,CHEMBL220,6.93,2021.0,6.93,CCOC(=O)c1c(C)nc(N2CCN(S(=O)(=O)c3ccc(NC(C)=O)cc3)CC2)nc1-c1ccccc1,train
CHEMBL4759893,CHEMBL220,7.36,2016.0,7.36,COc1ccc2[nH]cc(CCNC(=O)CN(CCCCCCCCNc3c4c(nc5ccccc35)CCCC4)C(=O)/C=C/c3ccc(O)c(OC)c3)c2c1,train
CHEMBL4759959,CHEMBL220,4.75,2020.0,4.75,COc1cc(/C=C/C(=O)N2CCc3ccccc3C2)ccc1OC(=O)N(C)C,test
CHEMBL4760288,CHEMBL220,6.78,2020.0,6.78,CNC(=O)c1sc(-c2ccnc(NC(=O)C3CC3)c2)nc1OCCCc1cn(CCNc2c3c(nc4ccccc24)CCCC3)nn1,test
CHEMBL4760400,CHEMBL220,5.15,2016.0,5.15,Cc1ccc([C@@H]2[C@H]3CSCN3C3(C(=O)c4ccccc4C3=O)[C@]23CSc2ccccc2C3=O)cc1,train
CHEMBL4760427,CHEMBL220,5.59,2020.0,5.59,CC1=C[C@@H]2Cc3[nH]c(=O)ccc3[C@]3(C1)NCCC[C@H]23,train
CHEMBL4760651,CHEMBL220,6.75,2020.0,6.75,Clc1ccc(CNC2CCN(Cc3ccccc3)C2)cc1,train
CHEMBL4760940,CHEMBL220,6.645,2019.0,6.645,c1cnc(Nc2nnc(-c3cccc4ccccc34)o2)nc1,val
CHEMBL4761179,CHEMBL220,4.71,2020.0,4.71,CCN(CC)C(=O)Oc1ccc(/C=C/C(=O)N2CCC(Cc3ccccc3)CC2)cc1OC,train
CHEMBL4761198,CHEMBL220,4.76,2021.0,4.76,CCN(C)C(=O)Oc1cccc(CNCCc2c[nH]c3cc(F)ccc23)c1.O=C(O)/C=C/C(=O)O,train
CHEMBL4761239,CHEMBL220,7.34,2020.0,7.34,CCNC(=O)c1sc(-c2ccnc(NC(=O)CNCCNc3c4c(nc5ccccc35)CCCC4)c2)nc1OCC1CC1,train
CHEMBL4761542,CHEMBL220,6.89,2020.0,6.89,FC(F)(F)c1ccc(CNC2CCN(Cc3ccccc3)C2)cc1,train
CHEMBL4761564,CHEMBL220,5.87,2019.0,5.87,Oc1ccc(-c2nnc(N3CCN(c4ccccn4)CC3)o2)c(O)c1,test
CHEMBL4761620,CHEMBL220,4.91,2016.0,4.91,O=C1c2ccccc2C(=O)C12N1CSC[C@@H]1[C@@H](c1cccc(F)c1)[C@@]21CSc2ccccc2C1=O,train
CHEMBL4761802,CHEMBL220,5.0,2016.0,5.0,COc1ccc2nc3c(c(NCCCCCCCN(CC(=O)NCCc4c[nH]c5ccc(OC)cc45)C(=O)CCCC[C@@H]4CCSS4)c2c1)CCCC3,test
CHEMBL4761840,CHEMBL220,5.48,2020.0,5.48,COc1ccc2cc3[n+](cc2c1OCc1ccc(Br)cc1)CCc1cc2c(cc1-3)OCO2.[Br-],test
CHEMBL4761847,CHEMBL220,5.58,2020.0,5.58,O=C(NO)c1ccc(Nc2c3ccccc3nc3ccc(OCc4ccccc4)cc23)cc1,train
CHEMBL4761887,CHEMBL220,8.81,2021.0,8.81,CCN(CC)c1cc(/C=C2\OC(=O)c3cc(OC)c(OC)cc32)ccc1O,train
CHEMBL4761911,CHEMBL220,6.87,2019.0,6.87,Fc1ccc(-c2nnc(N3CCN(c4ccccn4)CC3)o2)cc1,test
CHEMBL4762069,CHEMBL220,5.135,2020.0,5.135,CCN(C)C(=O)Oc1ccc(-c2cc(=O)c3c(O)cc(OC(=O)N(C)CC)cc3o2)cc1,train
CHEMBL4762083,CHEMBL220,6.75,2016.0,6.75,COc1ccc2[nH]cc(CCNC(=O)CN(CCCCCCCCNc3c4c(nc5ccccc35)CCCC4)C(=O)CCCC[C@@H]3CCSS3)c2c1,train
CHEMBL4762095,CHEMBL220,5.0,2016.0,5.0,COc1ccc2nc3c(c(NCCCCCCCCN(CC(=O)NCCc4c[nH]c5ccc(OC)cc45)C(=O)/C=C/c4ccc(O)c(OC)c4)c2c1)CCCC3,train
CHEMBL4762214,CHEMBL220,4.46,2016.0,4.46,O=C1c2ccccc2C(=O)C12N1CSC[C@@H]1[C@@H](c1ccc(Br)cc1)[C@@]21CSc2ccccc2C1=O,train
CHEMBL4762419,CHEMBL220,8.42,2020.0,8.42,COc1cc2c(cc1O)CCC(C)(CCC(=O)NCCCCCCNc1c3c(nc4cc(Cl)ccc14)CCCC3)O2,val
CHEMBL4762463,CHEMBL220,5.03,2020.0,5.03,Cc1cc(S(=O)(=O)NN)c(C(C)C)cc1O,val
CHEMBL4762533,CHEMBL220,5.28,2020.0,5.28,COc1ccc(COc2c(OC)ccc3cc4[n+](cc23)CCc2cc3c(cc2-4)OCO3)cc1.[Br-],test
CHEMBL4762548,CHEMBL220,4.55,2020.0,4.55,CCN(Cc1ccccc1)C(=O)/C=C/c1ccc(OC(=O)N(c2ccccc2)c2ccccc2)c(OC)c1,test
CHEMBL4762653,CHEMBL220,4.54,2020.0,4.54,COc1cc(/C=C/C(=O)N2CCN(Cc3ccccc3)CC2)ccc1OC(=O)N(c1ccccc1)c1ccccc1,test
CHEMBL4762721,CHEMBL220,5.69,2019.0,5.69,c1ccc(-c2nnc(Nc3ncccn3)o2)cc1,test
CHEMBL4762860,CHEMBL220,7.14,2021.0,7.14,CCOC(=O)c1c(C)nc(N2CCN(S(=O)(=O)c3ccc(N)cc3)CC2)nc1-c1ccc(OC)cc1,train
CHEMBL4762873,CHEMBL220,6.14,2020.0,6.14,O=C(NO)c1ccc(Nc2c3ccccc3nc3ccccc23)cc1,train
CHEMBL4762943,CHEMBL220,5.46,2020.0,5.46,COc1cccc(COc2c(OC)ccc3cc4[n+](cc23)CCc2cc3c(cc2-4)OCO3)c1.[Br-],test
CHEMBL4763376,CHEMBL220,5.0,2019.0,5.0,Cc1cccc(/C=N/NC(=O)N2CCN(c3ccccn3)CC2)c1,train
CHEMBL4763394,CHEMBL220,2.227898430722988,2021.0,2.227898430722988,O/N=C/c1cc(Cl)cc(CNc2ccc(N3CCOCC3)c(F)c2)c1O,train
CHEMBL4763434,CHEMBL220,6.17,2019.0,6.17,O=C(N/N=C/c1ccc(F)cc1F)N1CCN(c2ccccn2)CC1,train
CHEMBL4763528,CHEMBL220,4.67,2016.0,4.67,CN1C[C@@H](c2cccs2)[C@@]2(CSc3ccccc3C2=O)C12C(=O)c1ccccc1C2=O,train
CHEMBL4763724,CHEMBL220,5.19,2020.0,5.19,Cc1ccc(CNC2CCN(Cc3ccccc3)C2)cc1,train
CHEMBL4763981,CHEMBL220,6.82,2020.0,6.82,O=C(CCCCCN1CCC2c3ccccc3NC2C1)Nc1ccc(/C=C2\CCn3c2nc2ccccc2c3=O)cc1,train
CHEMBL4764003,CHEMBL220,7.07,2021.0,7.07,CCOC(=O)c1c(C)nc(N2CCN(S(=O)(=O)c3ccc(N)c(OC)c3)CC2)nc1-c1ccccc1,train
CHEMBL4764015,CHEMBL220,2.2753146117626404,2021.0,2.2753146117626404,Cc1cc(/C=N/O)c(O)c(CNc2ccc(N3CCOCC3=O)cc2)c1,train
CHEMBL4764274,CHEMBL220,7.05,2021.0,7.05,CCOC(=O)c1c(C)nc(N2CCN(S(=O)(=O)c3ccc(NC(C)=O)cc3)CC2)nc1-c1ccc(OC)c(OC)c1,train
CHEMBL4764279,CHEMBL220,5.300000202445418,2019.0,5.300000202445418,Oc1ccccc1-c1nnc(Nc2ncccn2)o1,test
CHEMBL4764422,CHEMBL220,5.43,2019.0,5.43,Brc1ccc(-c2nnc(Nc3ncccn3)o2)cc1,test
CHEMBL4764465,CHEMBL220,5.76,2020.0,5.76,Oc1ccc(CNC2CCN(Cc3ccccc3)C2)cc1,train
CHEMBL4764558,CHEMBL220,5.35,2021.0,5.35,NC(=O)c1sc(-c2ccnc(NC(=O)C3CC3)c2)nc1OCCC1CCN(Cc2ccc(F)cc2)CC1,train
CHEMBL4764740,CHEMBL220,6.74,2019.0,6.74,FC(F)(F)c1ccc(-c2nnc(N3CCN(c4ccccn4)CC3)o2)cc1,test
CHEMBL4765084,CHEMBL220,4.33,2020.0,4.33,C[C@@H]1CC[C@H]2[C@H](C(=O)c3c4c(cn(O)c3=O)[C@@]3(O)CC[C@H](O)[C@H](O4)[C@@H]3O)[C@H](C)C=C[C@@H]2C1,train
CHEMBL4765163,CHEMBL220,6.154999999999999,2020.0,6.154999999999999,CCn1cc(CNCc2c[nH]nc2-c2ccc(-c3ccccc3)cc2)cn1,train
CHEMBL4776331,CHEMBL220,5.64,2020.0,5.64,CC(C)c1ccc(NC(=O)OC2CCN(C3Cc4ccccc4C3)CC2)cc1,train
CHEMBL4776389,CHEMBL220,4.71,2020.0,4.71,COc1cccc(C(=O)N2CCN(CC(=O)N3CCN(CCCc4c[nH]c5ccc(F)cc45)CC3)CC2)c1,train
CHEMBL4776397,CHEMBL220,4.82,2020.0,4.82,CS[C@@H](Cn1nnc2cc(C#Cc3ccc(-n4ccnc4CO)cc3)ccc21)N(O)C=O,train
CHEMBL4776765,CHEMBL220,5.25,2021.0,5.25,O=c1ccoc2ccc(OCCCCN3CCCCC3)cc12,train
CHEMBL4776766,CHEMBL220,5.59,2020.0,5.59,COc1cccc2cc[n+](-c3ccccc3F)cc12.[Br-],train
CHEMBL4776809,CHEMBL220,6.05,2020.0,6.05,COc1cccc2cc[n+](-c3ccc(Br)cc3F)cc12.[Br-],train
CHEMBL4776811,CHEMBL220,5.52,2021.0,5.52,NC(=O)c1sc(-c2ccnc(NC(=O)C3CC3)c2)nc1OCCCC1CCN(Cc2cccc(F)c2)CC1,test
CHEMBL4776843,CHEMBL220,6.67,2020.0,6.67,O=C(CN1CCC2c3ccccc3NC2C1)Oc1ccc(/C=C2\CCn3c2nc2ccccc2c3=O)cc1,train
CHEMBL4776936,CHEMBL220,4.57,2020.0,4.57,CCN(C)C(=O)Oc1ccc(/C=C/C(=O)N2CCC(Cc3ccccc3)CC2)cc1,train
CHEMBL4776999,CHEMBL220,6.27,2020.0,6.27,CCCC[N+]1(C)CCN(c2ccc(/C=C3\Cc4cc(OC)c(OC)cc4C3=O)cc2)CC1.[Br-],train
CHEMBL4777023,CHEMBL220,7.1,2021.0,7.1,CCOC(=O)c1c(C)nc(N2CCN(S(=O)(=O)c3ccc(NC(C)=O)c(OC)c3)CC2)nc1-c1ccccc1,train
CHEMBL4777039,CHEMBL220,4.0,2020.0,4.0,C#CCN1CCC(COC(=O)N(C)CC)CC1,train
CHEMBL4777188,CHEMBL220,4.88,2020.0,4.88,COc1cc(/C=C/C(=O)NCC(=O)Nc2cccc(Br)c2)ccc1O,train
CHEMBL4777412,CHEMBL220,5.17,2020.0,5.17,CCN(C)C(=O)Oc1ccc(/C=C/C(=O)N2CCc3ccccc3C2)cc1,test
CHEMBL4777427,CHEMBL220,5.72,2019.0,5.72,COc1ccc(-c2nnc(Nc3ncccn3)o2)cc1OC,test
CHEMBL477770,CHEMBL220,4.09,2018.0,4.09,CN(C)Cc1c(O)c(O)c(O)c2c(=O)cc(-c3ccccc3)oc12,train
CHEMBL477772,CHEMBL220,6.03,2016.0,6.03,Cc1ccc(Nc2nccc(N(C)c3ccc4c(C)n(C)nc4c3)n2)cc1S(N)(=O)=O,train
CHEMBL4777782,CHEMBL220,4.48,2020.0,4.48,O=C(CN1CCN(C(=O)c2ccccc2Br)CC1)N1CCN(CCCc2c[nH]c3ccc(F)cc23)CC1,train
CHEMBL4777788,CHEMBL220,7.39,2020.0,7.39,CNC(=O)c1sc(-c2ccnc(NC(=O)CNCCNc3c4c(nc5cc(Cl)ccc35)CCCC4)c2)nc1OCC1CC1,train
CHEMBL4777818,CHEMBL220,6.0,2020.0,6.0,O=c1cc(-c2ccc(OCCCCN3CCN(Cc4ccccc4)CC3)cc2)oc2cc(OCCCCN3CCN(Cc4ccccc4)CC3)cc(O)c12,train
CHEMBL4777899,CHEMBL220,5.29,2020.0,5.29,O=C(/C=C/c1ccc(OCCCCN2CCCCC2)cc1)c1c(O)cc(OCCCCN2CCCCC2)cc1O,test
CHEMBL4777926,CHEMBL220,6.0,2020.0,6.0,CNC(=O)c1sc(-c2ccnc(NC(=O)C3CC3)c2)nc1OCCOCc1cn(-c2c3c(nc4ccccc24)CCCC3)nn1,train
CHEMBL4778167,CHEMBL220,8.89,2021.0,8.89,CCN(CC)c1cc(/C=C2/OC(=O)c3cc(OC)c(OC)cc32)ccc1O,train
CHEMBL4778249,CHEMBL220,4.301029995663981,2020.0,4.301029995663981,COc1ccc2[nH]cc(CCCN3CCN(C(=O)CN4CCN(C(=O)c5ccccc5Br)CC4)CC3)c2c1,train
CHEMBL4778302,CHEMBL220,5.65,2020.0,5.65,Oc1ccccc1CNC1CCN(Cc2ccccc2)C1,train
CHEMBL4778409,CHEMBL220,7.92,2021.0,7.92,COc1cc2c(cc1OC)/C(=C\c1ccc(N3CCCCC3)c(O)c1)OC2=O,test
CHEMBL4778635,CHEMBL220,5.46,2020.0,5.46,COc1cc(/C=C/C(=O)NCC(=O)Nc2ccc(Cl)cc2)ccc1O,train
CHEMBL4778690,CHEMBL220,5.7,2020.0,5.7,COc1cc2c(cc1OC)C(=O)/C(=C/c1ccc(N3CC[N+](C)(Cc4cccc(Br)c4)CC3)cc1)C2.[Br-],train
CHEMBL4778694,CHEMBL220,2.3821612522829967,2021.0,2.3821612522829967,O=c1[nH]c2cc(Cl)ccc2n1C1CCN(Cc2cc(Cl)cc(/C=N/O)c2O)CC1,val
CHEMBL4778747,CHEMBL220,4.8,2021.0,4.8,O=c1ccoc2ccc(OCCCN3CCCCC3)cc12,train
CHEMBL4778914,CHEMBL220,5.69,2020.0,5.69,COc1cccc2cc[n+](-c3ccccc3I)cc12.[Br-],train
CHEMBL4778925,CHEMBL220,5.26,2021.0,5.26,CCc1ccc(NC(=O)COc2c(Cl)cc(Cl)cc2S(=O)(=O)N2CCN(C(=O)c3ccco3)CC2)cc1,train
CHEMBL4778990,CHEMBL220,5.14,2021.0,5.14,O=c1ccoc2ccc(OCCCCCN3CCCC3)cc12,train
CHEMBL4779180,CHEMBL220,6.17,2020.0,6.17,O=c1cc(-c2ccc(OCCCCN3CCC(Cc4ccccc4)CC3)cc2)oc2cc(OCCCCN3CCC(Cc4ccccc4)CC3)cc(O)c12,train
CHEMBL4779214,CHEMBL220,4.0,2020.0,4.0,C#CCN1CCC(COC(=O)Nc2ccccc2)CC1,train
CHEMBL4779302,CHEMBL220,4.96,2020.0,4.96,COc1cc(/C=C/C(=O)N2CCN(c3ccc(F)cc3)CC2)ccc1O,train
CHEMBL4779365,CHEMBL220,7.0,2021.0,7.0,CCOC(=O)c1c(C)nc(N2CCN(S(=O)(=O)c3ccc(N)c(F)c3)CC2)nc1-c1ccc(OC)cc1,train
CHEMBL4779393,CHEMBL220,4.0,2020.0,4.0,OC1CCN(C2Cc3ccccc3C2)CC1,train
CHEMBL4779440,CHEMBL220,4.98,2020.0,4.98,Brc1ccc([N+]2=Cc3ccccc3CC2)cc1.[Br-],train
CHEMBL4779478,CHEMBL220,7.35,2020.0,7.35,CNC(=O)c1sc(-c2ccnc(NC(=O)C3CC3)c2)nc1OCCOCc1cn(CCNc2c3c(nc4ccccc24)CCCC3)nn1,train
CHEMBL4779514,CHEMBL220,4.8,2020.0,4.8,CCN(CC)C(=O)Oc1ccc(/C=C/C(=O)N2CCc3ccccc3C2)cc1OC,test
CHEMBL4779687,CHEMBL220,4.01,2021.0,4.01,Cc1cc(/C=N/O)c(O)c(CNc2ncccc2OCc2ccccc2)c1,train
CHEMBL4779749,CHEMBL220,4.0,2020.0,4.0,C#CCN1CCCC(COC(=O)Nc2ccc(C(C)C)cc2)C1,train
CHEMBL4779792,CHEMBL220,5.76,2019.0,5.76,Oc1ccc(-c2nnc(Nc3ncccn3)o2)cc1,test
CHEMBL4779999,CHEMBL220,7.13,2019.0,7.13,Brc1ccc(-c2nnc(N3CCN(c4ccccn4)CC3)o2)cc1,test
CHEMBL4780148,CHEMBL220,7.3,2021.0,7.3,COc1cc2c(cc1OC)/C(=C/c1ccc(N3CCCCC3)c(O)c1)OC2=O,test
CHEMBL4780172,CHEMBL220,4.62,2016.0,4.62,CN1C[C@@H](c2ccc(Cl)cc2Cl)[C@@]2(CSc3ccccc3C2=O)C12C(=O)c1ccccc1C2=O,train
CHEMBL4780225,CHEMBL220,4.66,2020.0,4.66,CS[C@@H](Cn1nnc2cc(C#Cc3ccc(N4C[C@H](O)[C@@H](O)C4)cc3)ccc21)N(O)C=O,train
CHEMBL4780232,CHEMBL220,5.43,2020.0,5.43,Oc1ccc(/C=N\C2CCN(Cc3ccccc3)C2)c(O)c1,train
CHEMBL4780248,CHEMBL220,4.0,2020.0,4.0,C#CCN1CCC(CO)CC1,train
CHEMBL4780560,CHEMBL220,4.301029995663981,2020.0,4.301029995663981,COc1ccc2[nH]cc(CCCN3CCN(C(=O)CN4CCN(C(=O)c5cccc(Cl)c5)CC4)CC3)c2c1,train
CHEMBL4780578,CHEMBL220,4.301029995663981,2020.0,4.301029995663981,O=C(CN1CCN(C(=O)c2cccc(F)c2)CC1)N1CCN(CCCc2c[nH]c3ccccc23)CC1,train
CHEMBL4780628,CHEMBL220,5.59,2020.0,5.59,COc1cc2c(cc1OC)C(=O)/C(=C/c1ccc(N3CC[N+](C)(Cc4ccc(Br)cc4)CC3)cc1)C2.[Br-],train
CHEMBL4780719,CHEMBL220,5.43,2021.0,5.43,O=c1ccoc2ccc(OCCCCN3CCCC3)cc12,test
CHEMBL4780765,CHEMBL220,4.0,2020.0,4.0,C#CCN1CCCC(CO)C1,train
CHEMBL4780895,CHEMBL220,4.0,2020.0,4.0,C#CCN1CCCC(OC(=O)Nc2ccccc2)C1,val
CHEMBL4781081,CHEMBL220,5.14,2020.0,5.14,O=C(Nc1ccccc1)OCC1CCN(Cc2ccccc2)CC1,train
CHEMBL4781117,CHEMBL220,6.51,2020.0,6.51,O=C(NCCCNc1c2c(nc3ccccc13)CCCC2)c1sc(-c2ccnc(NC(=O)C3CC3)c2)nc1OCC1CC1,train
CHEMBL4781157,CHEMBL220,7.01,2020.0,7.01,O=C(CCCCN1CCC2c3ccccc3NC2C1)Nc1ccc(/C=C2\CCn3c2nc2ccccc2c3=O)cc1,train
CHEMBL4781245,CHEMBL220,4.74,2020.0,4.74,O=C(CN1CCN(C(=O)c2cccc(Cl)c2)CC1)N1CCN(CCCc2c[nH]c3ccc(F)cc23)CC1,train
CHEMBL4781376,CHEMBL220,4.71,2020.0,4.71,COc1cc(/C=C/C(=O)N2CCN(c3ccc(C)cc3)CC2)ccc1O,train
CHEMBL4781384,CHEMBL220,4.02,2021.0,4.02,O=c1ccoc2ccc(OCCCCCN3CCOCC3)cc12,train
CHEMBL4781509,CHEMBL220,6.77,2020.0,6.77,COc1cccc2cc[n+](-c3ccc(Cl)cc3)cc12.[Br-],train
CHEMBL4782029,CHEMBL220,5.44,2020.0,5.44,Cc1ccc(C(=O)N2CCN(CC(=O)N3CCN(CCCc4c[nH]c5ccc(F)cc45)CC3)CC2)cc1,train
CHEMBL4782122,CHEMBL220,5.54,2019.0,5.54,O=C(N/N=C/c1ccc(OC(F)(F)F)cc1)N1CCN(c2ccccn2)CC1,train
CHEMBL4782180,CHEMBL220,5.91,2019.0,5.91,Oc1ccccc1-c1nnc(N2CCN(c3ccccn3)CC2)o1,test
CHEMBL4782186,CHEMBL220,4.0,2020.0,4.0,CCN(C)C(=O)OC1CCCN(Cc2ccccc2)C1,test
CHEMBL4782256,CHEMBL220,4.53,2020.0,4.53,Cc1ccc(C(=O)N2CCN(CC(=O)N3CCN(CCCc4c[nH]c5ccccc45)CC3)CC2)cc1,train
CHEMBL4782267,CHEMBL220,7.6,2021.0,7.6,COc1cc(CNC(=O)c2ccc(CNc3c4c(nc5cc(Cl)ccc35)CC3C=C(C)CC4C3)cc2)ccc1O,test
CHEMBL4782422,CHEMBL220,4.0,2020.0,4.0,O=C(Nc1ccccc1)OC1CCCN(C2Cc3ccccc3C2)C1,val
CHEMBL4782471,CHEMBL220,7.06,2021.0,7.06,CCOC(=O)c1c(C)nc(N2CCN(S(=O)(=O)c3ccc(NC(C)=O)c(Cl)c3)CC2)nc1-c1ccc(OC)cc1,train
CHEMBL4782477,CHEMBL220,5.89,2020.0,5.89,CCN(CCCCOc1ccc(/C=C/C(=O)c2c(O)cc(OCCCCN(CC)Cc3ccccc3OC)cc2O)cc1)Cc1ccccc1OC,test
CHEMBL4782574,CHEMBL220,4.6,2020.0,4.6,COc1ccc(C(=O)N2CCN(CC(=O)N3CCN(CCCc4c[nH]c5ccccc45)CC3)CC2)cc1,train
CHEMBL4782581,CHEMBL220,4.99,2020.0,4.99,COc1cc(/C=C/C(=O)NCC(=O)Nc2ccc(Br)cc2)ccc1O,train
CHEMBL4782697,CHEMBL220,4.0,2020.0,4.0,O=C(Nc1ccccc1)OCC1CCCN(C2Cc3ccccc3C2)C1,train
CHEMBL4782832,CHEMBL220,5.33,2020.0,5.33,CCN(CC)CCCCOc1ccc(/C=C/C(=O)c2c(O)cc(OCCCCN(CC)CC)cc2O)cc1,train
CHEMBL4782857,CHEMBL220,4.0,2020.0,4.0,C#CCN1CCCC(O)C1,train
CHEMBL4782921,CHEMBL220,8.53,2021.0,8.53,COc1cc(CNC(=O)CCCCCCCCNc2c3c(nc4cc(Cl)ccc24)CC2C=C(C)CC3C2)ccc1O,val
CHEMBL4783152,CHEMBL220,5.24,2020.0,5.24,COc1cc(/C=C/C(=O)NCC(=O)Nc2ccccc2Cl)ccc1O,train
CHEMBL4783315,CHEMBL220,4.43,2020.0,4.43,COc1ccc2[nH]cc(CCCN3CCN(C(=O)CN4CCN(C(=O)c5cccc(F)c5)CC4)CC3)c2c1,train
CHEMBL4783379,CHEMBL220,4.0,2020.0,4.0,C#CCN1CCCC(COC(=O)Nc2ccccc2)C1,train
CHEMBL4783427,CHEMBL220,6.425000000000001,2020.0,6.425000000000001,CCN(CCCCOc1ccc(-c2cc(=O)c3c(O)cc(OCCCCN(CC)Cc4ccccc4)cc3o2)cc1)Cc1ccccc1,val
CHEMBL4783438,CHEMBL220,2.720105019988362,2021.0,2.720105019988362,Cc1cc(/C=N/O)c(O)c(CN2CCC(n3c(=O)[nH]c4cc(Cl)ccc43)CC2)c1,val
CHEMBL4783532,CHEMBL220,2.6011922697967353,2021.0,2.6011922697967353,COc1ccc(C(CN(C)c2ccc(NCc3cc(Cl)cc(/C=N/O)c3O)cc2)C2(O)CCCCC2)cc1,train
CHEMBL4783624,CHEMBL220,6.92,2020.0,6.92,O=c1c2cc(Cl)ccc2oc2ccc(OCCCCCN3CCCCCC3)cc12,test
CHEMBL4783762,CHEMBL220,5.0,2020.0,5.0,COc1cccc2cc[n+](-c3ccccc3C(F)(F)F)cc12.[Br-],train
CHEMBL4783852,CHEMBL220,4.0,2020.0,4.0,CC(C)c1ccc(NC(=O)OC2CCN(Cc3ccccc3)CC2)cc1,train
CHEMBL4784191,CHEMBL220,6.42,2020.0,6.42,COc1cc2c(cc1OC)C(=O)/C(=C/c1ccc(N3CC[N+](C)(Cc4ccccn4)CC3)cc1)C2.[Cl-],test
CHEMBL4784203,CHEMBL220,5.0,2020.0,5.0,Cc1cccc(CNC2CCN(Cc3ccccc3)C2)c1,train
CHEMBL4784248,CHEMBL220,4.41,2020.0,4.41,O=C(CN1CCN(C(=O)c2ccc(F)cc2)CC1)N1CCN(CCCc2c[nH]c3ccccc23)CC1,train
CHEMBL4784275,CHEMBL220,5.0,2020.0,5.0,COc1cccc2cc[n+](-c3cccc(I)c3)cc12.[Br-],train
CHEMBL4784479,CHEMBL220,5.24,2020.0,5.24,COc1cc(/C=C/C(=O)NCC(=O)Nc2ccccc2OC)ccc1O,train
CHEMBL4784480,CHEMBL220,5.91,2019.0,5.91,COc1cc(-c2nnc(Nc3ncccn3)o2)cc(OC)c1OC,test
CHEMBL4784543,CHEMBL220,4.76,2020.0,4.76,COc1cc(/C=C/C(=O)NCC(=O)Nc2ccc(C#N)cc2)ccc1O,train
CHEMBL4784649,CHEMBL220,5.66,2020.0,5.66,COc1cccc2cc[n+](-c3cccc(C)c3)cc12.[Br-],train
CHEMBL4784748,CHEMBL220,5.16,2020.0,5.16,COc1cccc(-[n+]2ccc3cccc(OC)c3c2)c1.[Br-],train
CHEMBL4784756,CHEMBL220,4.9,2020.0,4.9,COc1cc(/C=C/C(=O)NCC(=O)Nc2ccc(C)cc2)ccc1O,train
CHEMBL4784757,CHEMBL220,5.89,2016.0,5.89,COc1ccc2nc3c(c(NCCCCCCCN(CC(=O)NCCc4c[nH]c5ccc(OC)cc45)C(=O)/C=C/c4ccc(O)c(OC)c4)c2c1)CCCC3,train
CHEMBL4785000,CHEMBL220,5.47,2020.0,5.47,COc1cccc2cc[n+](-c3cccc(C#N)c3)cc12.[Br-],train
CHEMBL4785004,CHEMBL220,7.51,2020.0,7.51,CNC(=O)c1sc(-c2ccnc(NC(=O)CNCCNc3c4c(nc5ccc(OC)cc35)CCCC4)c2)nc1OCC1CC1,train
CHEMBL4785035,CHEMBL220,4.301029995663981,2020.0,4.301029995663981,COc1ccc2[nH]cc(CCCN3CCN(C(=O)CN4CCN(C(=O)c5ccc(Br)cc5)CC4)CC3)c2c1,train
CHEMBL4785119,CHEMBL220,7.1,2021.0,7.1,CCOC(=O)c1c(C)nc(N2CCN(S(=O)(=O)c3ccc(NC(C)=O)c(OC)c3)CC2)nc1-c1ccc(OC)c(OC)c1,train
CHEMBL4785155,CHEMBL220,2.485585079419631,2021.0,2.485585079419631,Cc1cc(/C=N/O)c(O)c(CNc2ccc(N3CCOCC3)c(F)c2)c1,train
CHEMBL4785201,CHEMBL220,9.57,2020.0,9.57,COc1cc2c(cc1O)CCC(C)(CCNCCCCCCCCCNc1c3c(nc4cc(Cl)ccc14)CCCC3)O2,train
CHEMBL4785206,CHEMBL220,5.03,2020.0,5.03,COc1cc(/C=C/C(=O)NCC(=O)Nc2cccc(C(F)(F)F)c2)ccc1O,train
CHEMBL4785240,CHEMBL220,4.0,2020.0,4.0,CCN(C)C(=O)OC1CCN(C2Cc3ccccc3C2)CC1,train
CHEMBL4785258,CHEMBL220,5.0,2020.0,5.0,COc1ccccc1-[n+]1ccc2cccc(OC)c2c1.[Br-],train
CHEMBL4785400,CHEMBL220,5.0,2020.0,5.0,COc1cccc(N2CCN(C(=O)/C=C/c3ccc(O)c(OC)c3)CC2)c1,train
CHEMBL4785451,CHEMBL220,5.76,2020.0,5.76,COc1cccc2cc[n+](-c3ccccc3C#N)cc12.[Br-],train
CHEMBL4785452,CHEMBL220,4.301029995663981,2020.0,4.301029995663981,COc1ccc2[nH]cc(CCCN3CCN(C(=O)CN4CCN(C(=O)c5cccc(Br)c5)CC4)CC3)c2c1,train
CHEMBL4785480,CHEMBL220,4.73,2020.0,4.73,CC(C)c1ccc(NC(=O)OCC2CCCN(C3Cc4ccccc4C3)C2)cc1,train
CHEMBL4785551,CHEMBL220,3.404503778174426,2021.0,3.404503778174426,CNC(=O)c1sc(-c2ccnc(NC(=O)C3CC3)c2)nc1OCC1CCN(Cc2cccc(Br)c2)CC1,train
CHEMBL4785572,CHEMBL220,4.63,2020.0,4.63,COc1cc(/C=C/C(=O)N2CCN(c3cccc([N+](=O)[O-])c3)CC2)ccc1O,train
CHEMBL4785620,CHEMBL220,5.25,2020.0,5.25,Cc1cc(S(=O)(=O)N2CCOCC2)c(C(C)C)cc1O,test
CHEMBL4785769,CHEMBL220,5.91,2020.0,5.91,Clc1ccc(/C=N\C2CCN(Cc3ccccc3)C2)cc1,train
CHEMBL4786060,CHEMBL220,5.47,2020.0,5.47,O=C(CN1CCN(C(=O)c2ccc(F)cc2)CC1)N1CCN(CCCc2c[nH]c3ccc(F)cc23)CC1,train
CHEMBL4786091,CHEMBL220,4.0,2020.0,4.0,CCN(C)C(=O)OC1CCCN(C2Cc3ccccc3C2)C1,train
CHEMBL4786153,CHEMBL220,4.0,2020.0,4.0,C#CCN1CCCC(COC(=O)N(C)CC)C1,train
CHEMBL4786171,CHEMBL220,5.47,2020.0,5.47,COc1cccc2cc[n+](-c3ccc(Cl)cc3Cl)cc12.[Br-],train
CHEMBL4786300,CHEMBL220,4.43,2020.0,4.43,O=C(CN1CCN(C(=O)c2cccc(Br)c2)CC1)N1CCN(CCCc2c[nH]c3ccc(F)cc23)CC1,train
CHEMBL4786368,CHEMBL220,5.27,2020.0,5.27,COc1cccc2cc[n+](-c3ccccc3Cl)cc12.[Br-],train
CHEMBL4786386,CHEMBL220,4.49,2020.0,4.49,O=C(CN1CCN(C(=O)c2cccc(Cl)c2)CC1)N1CCN(CCCc2c[nH]c3ccccc23)CC1,train
CHEMBL4786519,CHEMBL220,2.5528419686577806,2020.0,2.5528419686577806,CCCCCCCCCCCCCCCCc1ccc(C(=O)[O-])c[n+]1C,train
CHEMBL4786658,CHEMBL220,6.5,2020.0,6.5,COc1cc2c(cc1OC)C(=O)/C(=C/c1ccc(N3CCN(C)CC3)cc1)C2,train
CHEMBL478666,CHEMBL220,8.67,2008.0,8.67,Clc1ccc2c(NCCCNCCCOc3cccc4[nH]c5ccccc5c34)c3c(nc2c1)CCCC3,val
CHEMBL478667,CHEMBL220,8.78,2008.0,8.78,Clc1ccc2c(NCCCNCCCCOc3cccc4[nH]c5ccccc5c34)c3c(nc2c1)CCCC3,train
CHEMBL4786712,CHEMBL220,4.0,2020.0,4.0,CS[C@@H](Cn1nnc2cc(C#Cc3ccc(N4CC5(C4)C[S+]([O-])C5)cc3)ccc21)N(O)C=O,val
CHEMBL4786736,CHEMBL220,4.53,2020.0,4.53,COc1cc(/C=C/C(=O)N2CCN(c3ccccc3)CC2)ccc1O,train
CHEMBL4786778,CHEMBL220,4.301029995663981,2020.0,4.301029995663981,COc1ccc(C(=O)N2CCN(CC(=O)N3CCN(CCCc4c[nH]c5ccc(OC)cc45)CC3)CC2)cc1,train
CHEMBL4786839,CHEMBL220,5.25,2020.0,5.25,COc1cc(/C=C/C(=O)NCC(=O)Nc2cccc(Cl)c2)ccc1O,train
CHEMBL4787011,CHEMBL220,5.39,2020.0,5.39,CC(C)c1ccc(NC(=O)OCC2CCN(C3Cc4ccccc4C3)CC2)cc1,train
CHEMBL4787165,CHEMBL220,4.76,2020.0,4.76,CCN(C)C(=O)Oc1ccc(/C=C/C(=O)N2CCC(Cc3ccccc3)CC2)cc1OC,train
CHEMBL4787169,CHEMBL220,6.62,2020.0,6.62,CNC(=O)c1sc(-c2ccnc(NC(=O)CNCCNc3c4c(nc5ccccc35)CCCC4)c2)nc1OC(C)C,train
CHEMBL4787251,CHEMBL220,8.08,2020.0,8.08,COc1cc2c(cc1O)CCC(C)(CCNCCOCCOCCNc1c3c(nc4cc(Cl)ccc14)CCCC3)O2,val
CHEMBL4787418,CHEMBL220,4.59,2020.0,4.59,CCCCN[C@@H](Cc1c[nH]c2ccccc12)C(=O)NCCC1CCN(Cc2ccccc2)CC1,train
CHEMBL4787451,CHEMBL220,4.975,2020.0,4.975,CCN(C)C(=O)Oc1ccc(-c2cc(=O)c3c(OC(=O)N(C)CC)cc(OC(=O)N(C)CC)cc3o2)cc1,train
CHEMBL4787493,CHEMBL220,4.82,2020.0,4.82,COc1cc(/C=C/C(=O)NCC(=O)Nc2ccccc2C(F)(F)F)ccc1O,train
CHEMBL4787579,CHEMBL220,8.43,2020.0,8.43,COc1cc2c(cc1O)CCC(C)(CC(=O)NCCCCCCCCNc1c3c(nc4cc(Cl)ccc14)CCCC3)O2,test
CHEMBL4787590,CHEMBL220,6.0,2020.0,6.0,CNC(=O)c1sc(-c2ccnc(NC(=O)C3CC3)c2)nc1OCCc1cn(CCNc2c3c(nc4ccc(OC)cc24)CCCC3)nn1,test
CHEMBL4787690,CHEMBL220,6.09,2020.0,6.09,O=c1c(-c2ccc(OCCCCN3CCCCC3)cc2)coc2cc(OCCCCN3CCCCC3)cc(O)c12,test
CHEMBL4787804,CHEMBL220,4.89,2020.0,4.89,COc1cc(/C=C/C(=O)NCC(=O)Nc2ccc(F)cc2)ccc1O,train
CHEMBL4787855,CHEMBL220,6.32,2020.0,6.32,COc1cc2c(cc1OC)C(=O)/C(=C/c1ccc(N3CC[N+](C)(Cc4ccccc4Cl)CC3)cc1)C2.[Cl-],train
CHEMBL4787873,CHEMBL220,3.0,2021.0,3.0,NC(=O)c1sc(-c2ccnc(NC(=O)C3CC3)c2)nc1O,test
CHEMBL4788008,CHEMBL220,4.95,2020.0,4.95,COc1cc(/C=C/C(=O)N2CCN(c3ccc(Cl)cc3)CC2)ccc1O,train
CHEMBL4788019,CHEMBL220,5.73,2019.0,5.73,O=C(N/N=C/c1ccc(F)cc1)N1CCN(c2ccccn2)CC1,train
CHEMBL4788300,CHEMBL220,4.7,2016.0,4.7,O=C1c2ccccc2C(=O)C12N1CSC[C@@H]1[C@@H](c1ccc(F)cc1)[C@@]21CSc2ccccc2C1=O,train
CHEMBL4788434,CHEMBL220,8.36,2021.0,8.36,COc1cc(CNC(=O)CCCCCNc2c3c(nc4cc(Cl)ccc24)CC2C=C(C)CC3C2)ccc1O,train
CHEMBL4788557,CHEMBL220,4.66,2020.0,4.66,COc1cc(/C=C/C(=O)NCC(=O)Nc2ccccc2)ccc1O,train
CHEMBL4788638,CHEMBL220,5.57,2020.0,5.57,COc1cccc2cc[n+](-c3c(F)cccc3F)cc12.[Br-],train
CHEMBL4788729,CHEMBL220,4.0,2020.0,4.0,OCC1CCCN(C2Cc3ccccc3C2)C1,train
CHEMBL4788813,CHEMBL220,4.17,2020.0,4.17,O=C(Nc1ccccc1)OCC1CCCN(Cc2ccccc2)C1,train
CHEMBL4788885,CHEMBL220,5.03,2020.0,5.03,COc1cccc2cc[n+](-c3cccc(Cl)c3)cc12.[Br-],train
CHEMBL4788937,CHEMBL220,4.301029995663981,2020.0,4.301029995663981,COc1ccc2[nH]cc(CCCN3CCN(C(=O)CN4CCN(C(=O)c5ccc(C)cc5)CC4)CC3)c2c1,train
CHEMBL4789019,CHEMBL220,6.72,2020.0,6.72,COc1cccc2cc[n+](-c3ccc(Br)cc3)cc12.[Br-],train
CHEMBL4789099,CHEMBL220,5.6,2020.0,5.6,COc1ccc2cc3[n+](cc2c1OCc1cc(C)cc(C)c1)CCc1cc2c(cc1-3)OCO2.[Br-],test
CHEMBL4789142,CHEMBL220,4.99,2020.0,4.99,CON(C)C(=O)Oc1ccc(-c2cc(=O)c3c(O)cc(OC(=O)N(C)OC)cc3o2)cc1,train
CHEMBL4789145,CHEMBL220,8.92,2020.0,8.92,CNC(=O)c1sc(-c2ccnc(NC(=O)CNCCNc3c4c(nc5ccccc35)CCCC4)c2)nc1OCC1CC1,train
CHEMBL4789164,CHEMBL220,5.85,2020.0,5.85,COc1cccc2cc[n+](-c3ccccc3)cc12.[Br-],train
CHEMBL4789172,CHEMBL220,7.96,2020.0,7.96,COc1cc2c(cc1OCc1ccccc1)CCC(C)(CC(=O)NCCCCCCNc1c3c(nc4cc(Cl)ccc14)CCCC3)O2,test
CHEMBL4789238,CHEMBL220,6.24,2020.0,6.24,COc1cccc2cc[n+](-c3ccc(Br)cc3Br)cc12.[Br-],train
CHEMBL4789240,CHEMBL220,4.0,2020.0,4.0,C#CCN1CCCC(OC(=O)N(C)CC)C1,train
CHEMBL4789292,CHEMBL220,5.1,2020.0,5.1,CC(C)c1ccc(NC(=O)OC2CCCN(C3Cc4ccccc4C3)C2)cc1,val
CHEMBL4789401,CHEMBL220,4.76,2020.0,4.76,COc1ccc(NC(=O)CNC(=O)/C=C/c2ccc(O)c(OC)c2)cc1,train
CHEMBL4789608,CHEMBL220,4.45,2020.0,4.45,O=C(CN1CCN(C(=O)c2ccc(Cl)cc2)CC1)N1CCN(CCCc2c[nH]c3ccccc23)CC1,train
CHEMBL4789620,CHEMBL220,8.1,2020.0,8.1,COc1cc2c(cc1OCc1ccccc1)CCC(C)(CC(=O)NCCCCCCCCCNc1c3c(nc4cc(Cl)ccc14)CCCC3)O2,train
CHEMBL4789794,CHEMBL220,5.31,2020.0,5.31,COc1cc(/C=C/C(=O)NCC(=O)Nc2ccc3ncccc3c2)ccc1O,train
CHEMBL4789991,CHEMBL220,4.72,2016.0,4.72,O=C1c2ccccc2C(=O)C12N1CSC[C@@H]1[C@@H](c1cccs1)[C@@]21CSc2ccccc2C1=O,train
CHEMBL4789995,CHEMBL220,4.88,2020.0,4.88,CCN(CC)C(=O)/C=C/c1ccc(OC(=O)N(C)C)c(OC)c1,val
CHEMBL4790416,CHEMBL220,7.52,2020.0,7.52,C#CCOc1ccc(-c2cc(-c3ccc(OCCN4CCOCC4)cc3)nc(N)n2)cc1,train
CHEMBL4790426,CHEMBL220,5.0,2016.0,5.0,COc1ccc2nc3c(c(NCCCCCCN(CC(=O)NCCc4c[nH]c5ccc(OC)cc45)C(=O)/C=C/c4ccc(O)c(OC)c4)c2c1)CCCC3,train
CHEMBL4790454,CHEMBL220,4.7,2020.0,4.7,O=C(CN1CCN(C(=O)c2ccccc2F)CC1)N1CCN(CCCc2c[nH]c3ccccc23)CC1,train
CHEMBL4790545,CHEMBL220,6.725,2020.0,6.725,COc1ccc2cc(C(=O)NCCC3CCN(Cc4ccccc4)CC3)ccc2c1,train
CHEMBL4790642,CHEMBL220,5.96,2020.0,5.96,COc1cc2c(cc1OC)C(=O)/C(=C/c1ccc(N3CC[N+](C)(CCO)CC3)cc1)C2.[Cl-],train
CHEMBL4790739,CHEMBL220,5.58,2020.0,5.58,COc1ccc2cc3[n+](cc2c1OCc1ccc(SC)cc1)CCc1cc2c(cc1-3)OCO2.[Br-],test
CHEMBL4790766,CHEMBL220,7.715,2021.0,7.715,CCOC(=O)c1c(C)nc(N2CCN(S(=O)(=O)c3ccc(NC(C)=O)c(Cl)c3)CC2)nc1-c1ccc(OC)c(OC)c1,train
CHEMBL4791061,CHEMBL220,5.91,2020.0,5.91,COc1cccc2cc[n+](-c3ccc(I)cc3F)cc12.[Br-],train
CHEMBL4791075,CHEMBL220,6.25,2020.0,6.25,COc1cc2c(cc1OC)C(=O)/C(=C/c1ccc(N3CC[N+](C)(Cc4cccc(Cl)c4)CC3)cc1)C2.[Br-],train
CHEMBL4791084,CHEMBL220,4.7,2016.0,4.7,CC(C)c1ccc([C@@H]2CN(C)C3(C(=O)c4ccccc4C3=O)[C@]23CSc2ccccc2C3=O)cc1,train
CHEMBL4791089,CHEMBL220,4.09,2021.0,4.09,CNC(=O)c1sc(-c2ccnc(NC(=O)C3CC3)c2)nc1OCC1CCN(Cc2ccc(Cl)cc2)CC1,train
CHEMBL4791143,CHEMBL220,4.0,2020.0,4.0,C#CCN1CCC(OC(=O)Nc2ccccc2)CC1,test
CHEMBL4791286,CHEMBL220,6.0,2020.0,6.0,CNC(=O)c1sc(-c2ccnc(NC(=O)C3CC3)c2)nc1OCCc1cn(-c2c3c(nc4ccccc24)CCCC3)nn1,train
CHEMBL4791351,CHEMBL220,4.63,2016.0,4.63,CN1C[C@@H](c2ccc(F)cc2)[C@@]2(CSc3ccccc3C2=O)C12C(=O)c1ccccc1C2=O,train
CHEMBL4791528,CHEMBL220,5.09,2020.0,5.09,O=c1c(-c2ccc(OCCCCN3CCc4ccccc4C3)cc2)coc2cc(OCCCCN3CCc4ccccc4C3)cc(O)c12,test
CHEMBL4791642,CHEMBL220,8.97,2020.0,8.97,O=C(CCCCN1CCC2c3ccccc3NC2C1)Oc1ccc(/C=C2\CCn3c2nc2ccccc2c3=O)cc1,train
CHEMBL4791662,CHEMBL220,4.92,2020.0,4.92,COc1ccc(N2CCN(C(=O)/C=C/c3ccc(O)c(OC)c3)CC2)cc1,train
CHEMBL4791726,CHEMBL220,5.54,2019.0,5.54,Clc1ccc(-c2nnc(Nc3ncccn3)o2)cc1,test
CHEMBL4791833,CHEMBL220,5.0,2020.0,5.0,COc1cccc2cc[n+](-c3cccc(Br)c3)cc12.[Br-],train
CHEMBL4792013,CHEMBL220,4.78,2020.0,4.78,COc1cc(/C=C/C(=O)N2CCC(Cc3ccccc3)CC2)ccc1OC(=O)N(C)C,train
CHEMBL4792068,CHEMBL220,4.301029995663981,2020.0,4.301029995663981,COc1cccc(C(=O)N2CCN(CC(=O)N3CCN(CCCc4c[nH]c5ccccc45)CC3)CC2)c1,train
CHEMBL4792100,CHEMBL220,5.300000202445418,2019.0,5.300000202445418,O=[N+]([O-])c1ccc(-c2nnc(Nc3ncccn3)o2)cc1,test
CHEMBL4792208,CHEMBL220,4.82,2020.0,4.82,CC(C)c1ccc(NC(=O)OCC2CCCN(Cc3ccccc3)C2)cc1,train
CHEMBL4792240,CHEMBL220,6.23,2020.0,6.23,O=c1cc(-c2ccc(OCCCCN3CCc4ccccc4C3)cc2)oc2cc(OCCCCN3CCc4ccccc4C3)cc(O)c12,test
CHEMBL4792248,CHEMBL220,5.28,2020.0,5.28,CC1c2ccccc2CCN1CCCCOc1ccc(-c2coc3cc(OCCCCN4CCc5ccccc5C4C)cc(O)c3c2=O)cc1,test
CHEMBL4792289,CHEMBL220,4.0,2020.0,4.0,C#CCN1CCC(COC(=O)Nc2ccc(C(C)C)cc2)CC1,train
CHEMBL4792299,CHEMBL220,4.0,2020.0,4.0,C#CCN1CCC(O)CC1,train
CHEMBL4792310,CHEMBL220,4.0,2020.0,4.0,CCN(C)C(=O)OCC1CCCN(C2Cc3ccccc3C2)C1,train
CHEMBL4792354,CHEMBL220,7.18,2021.0,7.18,CCOC(=O)c1c(C)nc(N2CCN(S(=O)(=O)c3ccc(N)c(F)c3)CC2)nc1-c1ccc(OC)c(OC)c1,train
CHEMBL4792387,CHEMBL220,4.29,2020.0,4.29,CN1CCCC[C@H]1c1ccc(-c2cccnc2)nc1,train
CHEMBL4792460,CHEMBL220,7.16,2020.0,7.16,COc1cc2c(cc1O)CCC(C)(CC(=O)NCCCCCCCCNc1c3c(nc4ccccc14)CCCC3)O2,test
CHEMBL4792483,CHEMBL220,4.01,2020.0,4.01,CCN(C)C(=O)OCC1CCCN(Cc2ccccc2)C1,test
CHEMBL4792506,CHEMBL220,4.0,2020.0,4.0,O=C(Nc1ccccc1)OC1CCCN(Cc2ccccc2)C1,train
CHEMBL4792634,CHEMBL220,4.0,2020.0,4.0,C#CCN1CCC(OC(=O)Nc2ccc(C(C)C)cc2)CC1,test
CHEMBL4792678,CHEMBL220,5.22,2021.0,5.22,CNC(=O)c1sc(-c2ccnc(NC(=O)C3CC3)c2)nc1OCC1CCN(Cc2cccc([N+](=O)[O-])c2)CC1,train
CHEMBL4792691,CHEMBL220,5.98,2020.0,5.98,FC(F)(F)c1ccc(/C=N\C2CCN(Cc3ccccc3)C2)cc1,train
CHEMBL4792702,CHEMBL220,4.301029995663981,2020.0,4.301029995663981,COc1ccc2[nH]cc(CCCN3CCN(C(=O)CN4CCN(C(=O)c5ccc(F)cc5)CC4)CC3)c2c1,train
CHEMBL4792741,CHEMBL220,3.0,2021.0,3.0,CNC(=O)c1sc(-c2ccnc(NC(=O)C3CC3)c2)nc1OCC1CCN(Cc2ccc(Br)cc2)CC1,train
CHEMBL479291,CHEMBL220,5.42,2007.0,5.42,[O-]c1cc2c3c(c1)c1cc4c(cc1c[n+]3CC2)OCO4,train
CHEMBL4793006,CHEMBL220,5.32,2019.0,5.32,O=C(N/N=C/c1ccc(O)cc1)N1CCN(c2ccccn2)CC1,train
CHEMBL4793075,CHEMBL220,4.97,2020.0,4.97,CCN(C)C(=O)Oc1ccc(/C=C/C(=O)N2CCc3ccccc3C2)cc1OC,test
CHEMBL4793096,CHEMBL220,4.92,2020.0,4.92,O=C(/C=C/c1ccc(OCCCCN2CCC(Cc3ccccc3)CC2)cc1)c1c(O)cc(OCCCCN2CCC(Cc3ccccc3)CC2)cc1O,train
CHEMBL4793290,CHEMBL220,4.22,2021.0,4.22,CS(=O)(=O)[O-].CS(=O)(=O)[O-].NC(=O)c1cc[n+](COC[n+]2ccccc2/C=N/O)cc1,train
CHEMBL4793319,CHEMBL220,4.0,2020.0,4.0,C#CCN1CCC(OC(=O)N(C)CC)CC1,train
CHEMBL4793341,CHEMBL220,7.4399999999999995,2020.0,7.4399999999999995,FC(F)(F)Oc1ccc(CNC2CCN(Cc3ccccc3)C2)cc1,train
CHEMBL4793365,CHEMBL220,7.05,2019.0,7.05,FC(F)(F)Oc1ccc(-c2nnc(N3CCN(c4ccccn4)CC3)o2)cc1,test
CHEMBL4793387,CHEMBL220,4.0,2020.0,4.0,O=C(Nc1ccccc1)OCC1CCN(C2Cc3ccccc3C2)CC1,train
CHEMBL4793631,CHEMBL220,6.14,2020.0,6.14,COc1cccc2cc[n+](-c3ccc(I)cc3)cc12.[Br-],train
CHEMBL4793718,CHEMBL220,4.301029995663981,2020.0,4.301029995663981,O=C(CN1CCN(C(=O)c2ccccc2)CC1)N1CCN(CCCc2c[nH]c3ccccc23)CC1,train
CHEMBL4793936,CHEMBL220,4.8,2020.0,4.8,COc1cc(/C=C/C(=O)NCC(=O)Nc2cccc(C#N)c2)ccc1O,train
CHEMBL4793972,CHEMBL220,5.04,2020.0,5.04,COc1cccc2cc[n+](-c3cccc(F)c3)cc12.[Br-],train
CHEMBL4794000,CHEMBL220,5.88,2020.0,5.88,Brc1ccc(/C=N\C2CCN(Cc3ccccc3)C2)cc1,train
CHEMBL4794030,CHEMBL220,4.0,2020.0,4.0,O=C(Nc1ccccc1)OC1CCN(Cc2ccccc2)CC1,train
CHEMBL4794098,CHEMBL220,5.0,2019.0,5.0,COc1cccc(/C=N/NC(=O)N2CCN(c3ccccn3)CC2)c1OC,train
CHEMBL4794189,CHEMBL220,4.88,2020.0,4.88,O=C1CC(c2ccc(OCCCCN3CCc4ccccc4C3)cc2)Oc2cc(OCCCCN3CCc4ccccc4C3)cc(O)c21,train
CHEMBL4794208,CHEMBL220,6.27,2020.0,6.27,COc1cc2c(cc1OC)C(=O)/C(=C/c1ccc(N3CC[N+](C)(Cc4ccccc4Br)CC3)cc1)C2.[Br-],train
CHEMBL4794220,CHEMBL220,5.08,2020.0,5.08,COc1cc(/C=C/C(=O)NCC(=O)Nc2ccc(C(F)(F)F)cc2)ccc1O,train
CHEMBL4794250,CHEMBL220,4.62,2020.0,4.62,COc1cc2c(cc1OC)C(=O)/C(=C/c1ccc(OCCN[N+]3(C)CCN(c4ccc(/C=C5\Cc6cc(OC)c(OC)cc6C5=O)cc4)CC3)cc1)C2.[Br-],train
CHEMBL4794354,CHEMBL220,5.37,2020.0,5.37,CCCCCC[N+]1(C)CCN(c2ccc(/C=C3\Cc4cc(OC)c(OC)cc4C3=O)cc2)CC1.[Br-],train
CHEMBL4794549,CHEMBL220,6.96,2020.0,6.96,COc1cc2c(cc1O)CCC(C)(CC(=O)NCCCCCCCNc1c3c(nc4ccccc14)CCCC3)O2,train
CHEMBL4794629,CHEMBL220,2.6777807052660805,2020.0,2.6777807052660805,CCCCCCCCCCCCCCCCc1c(C(=O)[O-])ccc[n+]1C,train
CHEMBL4794645,CHEMBL220,8.21,2020.0,8.21,COc1cc2c(cc1O)CCC(C)(CCC(=O)NCCCCCCCCNc1c3c(nc4cc(Cl)ccc14)CCCC3)O2,train
CHEMBL4794690,CHEMBL220,5.67,2020.0,5.67,CCC[N+]1(C)CCN(c2ccc(/C=C3\Cc4cc(OC)c(OC)cc4C3=O)cc2)CC1.[Br-],train
CHEMBL4794769,CHEMBL220,8.25,2021.0,8.25,COc1cc(CNC(=O)CCCC/C=C/CCCNc2c3c(nc4cc(Cl)ccc24)CC2C=C(C)CC3C2)ccc1O,test
CHEMBL4794820,CHEMBL220,5.67,2016.0,5.67,CN1C[C@@H](c2cccc3ccccc23)[C@@]2(CSc3ccccc3C2=O)C12C(=O)c1ccccc1C2=O,train
CHEMBL4794823,CHEMBL220,6.42,2021.0,6.42,NC(=O)c1sc(-c2ccnc(NC(=O)C3CC3)c2)nc1OCCCC1CCN(Cc2ccccc2)CC1,test
CHEMBL4795118,CHEMBL220,5.0,2020.0,5.0,Cc1ccc(/C=N\C2CCN(Cc3ccccc3)C2)cc1,train
CHEMBL4795152,CHEMBL220,4.73,2020.0,4.73,O=C1CC(c2ccc(OCCCCN3CCN(Cc4ccccc4)CC3)cc2)Oc2cc(OCCCCN3CCN(Cc4ccccc4)CC3)cc(O)c21,train
CHEMBL4795221,CHEMBL220,4.41,2020.0,4.41,O=C(CN1CCN(C(=O)c2ccc(Br)cc2)CC1)N1CCN(CCCc2c[nH]c3ccc(F)cc23)CC1,train
CHEMBL4795263,CHEMBL220,5.0,2020.0,5.0,COc1cccc2cc[n+](-c3ccc(C#N)cc3)cc12.[Br-],train
CHEMBL4795370,CHEMBL220,5.37,2020.0,5.37,CCN(CCCCOc1ccc(C2CC(=O)c3c(O)cc(OCCCCN(CC)Cc4ccccc4OC)cc3O2)cc1)Cc1ccccc1OC,train
CHEMBL4795422,CHEMBL220,4.9,2020.0,4.9,CON(C)C(=O)Oc1ccc(-c2cc(=O)c3c(OC(=O)N(C)OC)cc(OC(=O)N(C)OC)cc3o2)cc1,train
CHEMBL4795569,CHEMBL220,5.65,2020.0,5.65,CC(C)c1ccc(NC(=O)OCC2CCN(Cc3ccccc3)CC2)cc1,train
CHEMBL4795843,CHEMBL220,5.77,2020.0,5.77,COc1ccc2cc3[n+](cc2c1OCc1ccc(C#N)cc1)CCc1cc2c(cc1-3)OCO2.[Br-],test
CHEMBL4795876,CHEMBL220,5.33,2021.0,5.33,NC(=O)c1sc(-c2ccnc(NC(=O)C3CC3)c2)nc1OCCC1CCN(Cc2cccc(F)c2)CC1,train
CHEMBL4795992,CHEMBL220,6.34,2021.0,6.34,Cn1c(=O)sc2cc(C(=O)CCN3CCN(Cc4ccccc4)CC3)ccc21,train
CHEMBL4796014,CHEMBL220,2.497163361378997,2021.0,2.497163361378997,Cc1cc(/C=N/O)c(O)c(CNc2ccc(-n3cccn3)cc2)c1,train
CHEMBL4796026,CHEMBL220,4.0,2020.0,4.0,OC1CCCN(C2Cc3ccccc3C2)C1,train
CHEMBL4796066,CHEMBL220,6.06,2020.0,6.06,O=C(NO)c1ccc(Nc2c3ccccc3nc3ccc(Br)cc23)cc1,train
CHEMBL4796157,CHEMBL220,5.28,2020.0,5.28,COc1cccc2cc[n+](-c3ccccc3Br)cc12.[Br-],train
CHEMBL4796199,CHEMBL220,5.0,2020.0,5.0,Oc1ccccc1/C=N\C1CCN(Cc2ccccc2)C1,train
CHEMBL4796213,CHEMBL220,2.3690638809358084,2021.0,2.3690638809358084,O=S(=O)(Nc1nccs1)c1ccc(NCc2cc(Cl)cc(/C=N/O)c2O)cc1,train
CHEMBL4796237,CHEMBL220,4.0,2020.0,4.0,OC1CCN(Cc2ccccc2)CC1,test
CHEMBL4796307,CHEMBL220,5.38,2020.0,5.38,C(=N\C1CCN(Cc2ccccc2)C1)\c1ccccc1,train
CHEMBL4796328,CHEMBL220,4.65,2020.0,4.65,O=C(CN1CCN(C(=O)c2ccc(Cl)cc2)CC1)N1CCN(CCCc2c[nH]c3ccc(F)cc23)CC1,train
CHEMBL4796414,CHEMBL220,4.76,2020.0,4.76,COc1cc(/C=C/C(=O)NCC(=O)Nc2ccccc2F)ccc1O,train
CHEMBL4796437,CHEMBL220,6.14,2021.0,6.14,NC(=O)c1sc(-c2ccnc(NC(=O)C3CC3)c2)nc1OCCC1CCN(Cc2ccccc2)CC1,train
CHEMBL4796461,CHEMBL220,9.36,2020.0,9.36,COc1cc2c(cc1O)CCC(C)(CCNCCCCCCCNc1c3c(nc4cc(Cl)ccc14)CCCC3)O2,test
CHEMBL4796496,CHEMBL220,5.62,2020.0,5.62,Brc1ccc(-[n+]2ccc3ccccc3c2)cc1.[Br-],train
CHEMBL4796540,CHEMBL220,6.17,2020.0,6.17,COc1cccc2cc[n+](-c3ccc(F)cc3)cc12.[Br-],train
CHEMBL4796574,CHEMBL220,5.14,2020.0,5.14,O=c1c(-c2ccc(OCCCCN3CCC(Cc4ccccc4)CC3)cc2)coc2cc(OCCCCN3CCC(Cc4ccccc4)CC3)cc(O)c12,train
CHEMBL4796602,CHEMBL220,6.57,2020.0,6.57,CNC(=O)c1sc(-c2ccnc(NC(=O)C3CC3)c2)nc1OCCc1cn(CCNc2c3c(nc4ccccc24)CCCC3)nn1,test
CHEMBL4796660,CHEMBL220,4.301029995663981,2020.0,4.301029995663981,COc1ccc2[nH]cc(CCCN3CCN(C(=O)CN4CCN(C(=O)c5ccc(Cl)cc5)CC4)CC3)c2c1,train
CHEMBL4796696,CHEMBL220,3.9956786262173574,2020.0,3.9956786262173574,COc1cc2c(cc1O)CCC(C)(CCN)O2,train
CHEMBL4796736,CHEMBL220,4.6,2020.0,4.6,O=c1c(-c2ccc(OCCCCN3CCN(Cc4ccccc4)CC3)cc2)coc2cc(OCCCCN3CCN(Cc4ccccc4)CC3)cc(O)c12,test
CHEMBL4796846,CHEMBL220,6.13,2020.0,6.13,O=[N+]([O-])c1ccc(CNC2CCN(Cc3ccccc3)C2)cc1,train
CHEMBL4797045,CHEMBL220,5.18,2016.0,5.18,Cc1ccc([C@@H]2CN(C)C3(C(=O)c4ccccc4C3=O)[C@]23CSc2ccccc2C3=O)cc1,train
CHEMBL4797109,CHEMBL220,5.97,2020.0,5.97,Fc1ccc(/C=N\C2CCN(Cc3ccccc3)C2)cc1,train
CHEMBL4797133,CHEMBL220,4.72,2020.0,4.72,COc1cc(/C=C/C(=O)NCC(=O)Nc2cccc(C)c2)ccc1O,train
CHEMBL4797136,CHEMBL220,4.79,2020.0,4.79,COc1cc(/C=C/C(=O)NCC(=O)Nc2ccccc2C)ccc1O,train
CHEMBL4797177,CHEMBL220,8.1,2020.0,8.1,COc1cc2c(cc1O)CCC(C)(CCC(=O)NCCCCCCCNc1c3c(nc4cc(Cl)ccc14)CCCC3)O2,train
CHEMBL4797232,CHEMBL220,4.301029995663981,2020.0,4.301029995663981,O=C(CN1CCN(C(=O)c2ccccc2)CC1)N1CCN(CCCc2c[nH]c3ccc(F)cc23)CC1,train
CHEMBL4797335,CHEMBL220,7.16,2021.0,7.16,CCOC(=O)c1c(C)nc(N2CCN(S(=O)(=O)c3ccc(N)c(OC)c3)CC2)nc1-c1ccc(OC)cc1,train
CHEMBL4797355,CHEMBL220,6.41,2020.0,6.41,O=c1c2ccccc2oc2ccc(OCCCCCN3CCCCCC3)cc12,test
CHEMBL4797466,CHEMBL220,5.0,2020.0,5.0,COc1cccc2cc[n+](-c3cccc(C(F)(F)F)c3)cc12.[Br-],train
CHEMBL4797575,CHEMBL220,4.42,2016.0,4.42,O=C1c2ccccc2C(=O)C12N1CSC[C@@H]1[C@@H](c1cccc(Br)c1)[C@@]21CSc2ccccc2C1=O,train
CHEMBL4797608,CHEMBL220,5.16,2020.0,5.16,Cc1cc(S(=O)(=O)NCc2ccccn2)c(C(C)C)cc1O,train
CHEMBL4797670,CHEMBL220,6.85,2020.0,6.85,COc1ccc(-[n+]2ccc3cccc(OC)c3c2)cc1.[Br-],train
CHEMBL4797677,CHEMBL220,6.27,2020.0,6.27,CCCCC[N+]1(C)CCN(c2ccc(/C=C3\Cc4cc(OC)c(OC)cc4C3=O)cc2)CC1.[Br-],train
CHEMBL4797691,CHEMBL220,5.0,2020.0,5.0,COc1cccc2cc[n+](-c3cc(Cl)cc(Cl)c3)cc12.[Br-],train
CHEMBL4797814,CHEMBL220,8.69,2020.0,8.69,COc1cc2c(cc1O)CCC(C)(CC(=O)NCCCCCCCCCNc1c3c(nc4cc(Cl)ccc14)CCCC3)O2,train
CHEMBL4797884,CHEMBL220,4.71,2016.0,4.71,O=C1c2ccccc2C(=O)C12N1CSC[C@@H]1[C@@H](c1ccc(Cl)cc1Cl)[C@@]21CSc2ccccc2C1=O,train
CHEMBL4797900,CHEMBL220,4.0,2020.0,4.0,OCC1CCN(C2Cc3ccccc3C2)CC1,train
CHEMBL4797938,CHEMBL220,5.79,2019.0,5.79,Cc1ccc(-c2nnc(Nc3ncccn3)o2)cc1,test
CHEMBL4797974,CHEMBL220,7.04,2021.0,7.04,CCOC(=O)c1c(C)nc(N2CCN(S(=O)(=O)c3ccc(NC(C)=O)c(F)c3)CC2)nc1-c1ccc(OC)cc1,train
CHEMBL4798281,CHEMBL220,4.301029995663981,2020.0,4.301029995663981,COc1ccc2[nH]cc(CCCN3CCN(C(=O)CN4CCN(C(=O)c5ccccc5)CC4)CC3)c2c1,train
CHEMBL4798315,CHEMBL220,4.0,2020.0,4.0,C#CCN1CCCC(OC(=O)Nc2ccc(C(C)C)cc2)C1,val
CHEMBL4798336,CHEMBL220,6.37,2020.0,6.37,C=CC[N+]1(C)CCN(c2ccc(/C=C3\Cc4cc(OC)c(OC)cc4C3=O)cc2)CC1.[Cl-],train
CHEMBL4798408,CHEMBL220,4.64,2020.0,4.64,O=C(CN1CCN(C(=O)c2cccc(Br)c2)CC1)N1CCN(CCCc2c[nH]c3ccccc23)CC1,train
CHEMBL4798419,CHEMBL220,7.82,2020.0,7.82,CNC(=O)c1sc(-c2ccnc(NC(=O)CNCCCCCCCCNc3c4c(nc5ccccc35)CCCC4)c2)nc1OCC1CC1,test
CHEMBL4798445,CHEMBL220,5.5,2020.0,5.5,O=C(/C=C/c1ccc(OCCCCN2CCCC2)cc1)c1c(O)cc(OCCCCN2CCCC2)cc1O,train
CHEMBL4798516,CHEMBL220,5.12,2020.0,5.12,O=C1CC(c2ccc(OCCCCN3CCC(Cc4ccccc4)CC3)cc2)Oc2cc(OCCCCN3CCC(Cc4ccccc4)CC3)cc(O)c21,test
CHEMBL4798535,CHEMBL220,8.27,2020.0,8.27,COc1cc2c(cc1O)CCC(C)(CC(=O)NCCCCCCCNc1c3c(nc4cc(Cl)ccc14)CCCC3)O2,train
CHEMBL4798736,CHEMBL220,5.54,2020.0,5.54,COc1cccc2cc[n+](-c3ccccc3C)cc12.[Br-],train
CHEMBL4798846,CHEMBL220,5.32,2019.0,5.32,Cc1ccc(/C=N/NC(=O)N2CCN(c3ccccn3)CC2)cc1,train
CHEMBL4798858,CHEMBL220,4.301029995663981,2020.0,4.301029995663981,O=C(CN1CCN(C(=O)c2cccc(F)c2)CC1)N1CCN(CCCc2c[nH]c3ccc(F)cc23)CC1,train
CHEMBL4798907,CHEMBL220,4.0,2020.0,4.0,CCN(C)C(=O)OC1CCN(Cc2ccccc2)CC1,test
CHEMBL4799265,CHEMBL220,4.301029995663981,2020.0,4.301029995663981,COc1cccc(C(=O)N2CCN(CC(=O)N3CCN(CCCc4c[nH]c5ccc(OC)cc45)CC3)CC2)c1,train
CHEMBL4799313,CHEMBL220,4.14,2020.0,4.14,CCN(C)C(=O)OCC1CCN(Cc2ccccc2)CC1,test
CHEMBL4799350,CHEMBL220,4.66,2020.0,4.66,COc1cc(/C=C/C(=O)NCC(=O)Nc2cccc(F)c2)ccc1O,train
CHEMBL4799570,CHEMBL220,4.61,2016.0,4.61,CN1C[C@@H](c2cccc(F)c2)[C@@]2(CSc3ccccc3C2=O)C12C(=O)c1ccccc1C2=O,train
CHEMBL4799601,CHEMBL220,6.16,2020.0,6.16,COc1cccc2cc[n+](-c3ccc(C(F)(F)F)cc3)cc12.[Br-],train
CHEMBL4799661,CHEMBL220,6.0,2020.0,6.0,CNC(=O)c1sc(-c2ccnc(NC(=O)C3CC3)c2)nc1OCCOCc1cn(CCNc2c3c(nc4ccc(OC)cc24)CCCC3)nn1,train
CHEMBL4799709,CHEMBL220,4.72,2020.0,4.72,O=C(Nc1ccccc1)OC1CCN(C2Cc3ccccc3C2)CC1,train
CHEMBL4799854,CHEMBL220,5.62,2020.0,5.62,COc1cccc(NC(=O)CNC(=O)/C=C/c2ccc(O)c(OC)c2)c1,train
CHEMBL4799871,CHEMBL220,5.71,2020.0,5.71,O=C(NO)c1ccc(Nc2c3c(nc4ccccc24)CCCC3)cc1,train
CHEMBL4799941,CHEMBL220,5.24,2020.0,5.24,COc1cc(/C=C/C(=O)NCC(=O)Nc2ccc3[nH]ccc3c2)ccc1O,train
CHEMBL4800002,CHEMBL220,7.29,2021.0,7.29,CCOC(=O)c1c(C)nc(N2CCN(S(=O)(=O)c3ccc(N)c(Cl)c3)CC2)nc1-c1ccc(OC)c(OC)c1,train
CHEMBL4800026,CHEMBL220,4.0,2020.0,4.0,CC(C)c1ccc(NC(=O)OC2CCCN(Cc3ccccc3)C2)cc1,train
CHEMBL4800067,CHEMBL220,4.95,2016.0,4.95,CN1C[C@@H](c2ccccc2)[C@@]2(CSc3ccccc3C2=O)C12C(=O)c1ccccc1C2=O,train
CHEMBL4800073,CHEMBL220,6.6,2023.0,6.6,C[C@H]1CCCN1Cc1nc2cc(NC(=O)c3ccc4cnccc4c3)ccc2[nH]1,train
CHEMBL4800092,CHEMBL220,4.84,2020.0,4.84,COc1ccc(C(=O)N2CCN(CC(=O)N3CCN(CCCc4c[nH]c5ccc(F)cc45)CC3)CC2)cc1,train
CHEMBL4800161,CHEMBL220,5.25,2019.0,5.25,COc1cc(/C=N/NC(=O)N2CCN(c3ccccn3)CC2)cc(OC)c1OC,train
CHEMBL4800260,CHEMBL220,6.365,2020.0,6.365,COc1cc2c(cc1OC)C(=O)/C(=C/c1ccc(N3CC[N+](C)(Cc4ccccc4)CC3)cc1)C2.[Cl-],train
CHEMBL4800270,CHEMBL220,5.06,2020.0,5.06,Cc1cc(S(=O)(=O)Nc2ccccc2O)c(C(C)C)cc1O,test
CHEMBL4800310,CHEMBL220,4.68,2020.0,4.68,CCN(C)C(=O)Oc1ccc(/C=C/C(=O)N(CC)Cc2ccccc2)cc1OC,train
CHEMBL4800328,CHEMBL220,5.97,2020.0,5.97,COc1cccc2cc[n+](-c3ccc(C)cc3)cc12.[Br-],train
CHEMBL4800403,CHEMBL220,7.66,2020.0,7.66,CNC(=O)c1sc(-c2ccnc(NC(=O)CNCCCCCCNc3c4c(nc5ccccc35)CCCC4)c2)nc1OCC1CC1,train
CHEMBL4800467,CHEMBL220,4.0,2020.0,4.0,CCN(C)C(=O)OCC1CCN(C2Cc3ccccc3C2)CC1,train
CHEMBL4800558,CHEMBL220,7.1,2021.0,7.1,CCOC(=O)c1c(C)nc(N2CCN(S(=O)(=O)c3ccc(N)c(Cl)c3)CC2)nc1-c1ccccc1,train
CHEMBL4800589,CHEMBL220,4.45,2020.0,4.45,O=C(CN1CCN(C(=O)c2ccc(Br)cc2)CC1)N1CCN(CCCc2c[nH]c3ccccc23)CC1,train
CHEMBL481,CHEMBL220,6.52,2008.0,6.52,CCc1c2c(nc3ccc(OC(=O)N4CCC(N5CCCCC5)CC4)cc13)-c1cc3c(c(=O)n1C2)COC(=O)[C@]3(O)CC,train
CHEMBL481657,CHEMBL220,4.55,2001.0,4.55,CC1(C)Oc2cc3oc(=O)ccc3cc2C[C@@H]1O,train
CHEMBL481658,CHEMBL220,3.408935392973501,2001.0,3.408935392973501,CC(C)=CC(=O)O[C@H]1Cc2cc3ccc(=O)oc3cc2OC1(C)C,train
CHEMBL482512,CHEMBL220,8.57,2008.0,8.57,c1ccc2c(NCCCCNCCCSc3c4c(nc5ccccc35)CCCC4)c3c(nc2c1)CCCC3,train
CHEMBL4845734,CHEMBL220,6.98,2021.0,6.98,Cc1ccc2c(N)c3c(nc2c1)CCCCC3.Cl,train
CHEMBL4845755,CHEMBL220,6.495,2021.0,6.495,Cc1ccc(S(=O)(=O)SCc2ccc(F)cc2)cc1,train
CHEMBL4845956,CHEMBL220,6.0,2021.0,6.0,COc1ccc2[nH]cc(CCNC(=O)CCCCn3cc(CN4CC[C@@]56C=C[C@H](O)C[C@@H]5Oc5c(OC)ccc(c56)C4)nn3)c2c1,train
CHEMBL4845972,CHEMBL220,4.22,2021.0,4.22,COc1ccc(CN2CCC(c3oc4ccccc4c3C(=O)c3ccc(OC)cc3)CC2)cc1,train
CHEMBL4846450,CHEMBL220,8.34,2021.0,8.34,COc1cc2c(cc1OC)C(=O)C(CC1(F)CCN(Cc3ccccc3)CC1)C2,test
CHEMBL4846646,CHEMBL220,6.16,2021.0,6.16,O=C(CC1CCN(Cc2ccccc2F)CC1)Nc1n[nH]c2cc(-c3cccnc3)ccc12,train
CHEMBL4846730,CHEMBL220,4.3,2021.0,4.3,COc1ccc2[nH]c3ccncc3c2c1,train
CHEMBL4847613,CHEMBL220,8.34,2020.0,8.34,COc1ccc(C2CC(c3cc(F)cc(F)c3)=NN2c2ccc(S(N)(=O)=O)cc2)c(OC)c1,train
CHEMBL4847624,CHEMBL220,8.34,2020.0,8.34,COc1ccc(C2CC(c3cc(F)ccc3F)=NN2c2ccc(S(N)(=O)=O)cc2)c(OC)c1,train
CHEMBL4847987,CHEMBL220,6.32,2021.0,6.32,CCOC(=O)/C(=N\Nc1ccccc1C(=O)OCC)C(=O)C(F)(F)F,val
CHEMBL4848309,CHEMBL220,4.34,2021.0,4.34,COc1ccc(CN2CCC(c3oc4ccccc4c3C(=O)c3ccccc3)CC2)cc1OC,train
CHEMBL4848411,CHEMBL220,5.64,2021.0,5.64,O=C(CCn1c2ccccc2c2cnccc21)N1c2ccccc2Sc2ccccc21,train
CHEMBL4848417,CHEMBL220,6.01,2021.0,6.01,Cl.Nc1c2c(nc3ccc(F)cc13)CCCC2,train
CHEMBL4848527,CHEMBL220,9.2,2021.0,9.2,CC1=CC2Cc3nc4cc(Cl)ccc4c(NCCCCCCCCC(=O)NCc4cc[nH]c(=O)c4)c3C(C1)C2,train
CHEMBL4848548,CHEMBL220,5.62,2021.0,5.62,COc1cccc(NC(=O)CCNC(=O)/C=C/c2ccc(O)c(OC)c2)c1,test
CHEMBL4848801,CHEMBL220,4.88,2021.0,4.88,COc1cc(/C=C/C(=O)N2CCN(Cc3ccccc3)CC2)ccc1O,train
CHEMBL4848809,CHEMBL220,4.26,2021.0,4.26,COc1ccc(OC)c(CN2CCC(c3oc4ccccc4c3C(=O)c3ccc(OC)c(OC)c3)CC2)c1,train
CHEMBL4849087,CHEMBL220,4.32,2021.0,4.32,COc1ccc(C(=O)c2c(C3CCN(Cc4ccccc4)CC3)oc3ccccc23)cc1,train
CHEMBL4849196,CHEMBL220,8.34,2020.0,8.34,COc1ccc(C2CC(c3cc(F)ccc3F)=NN2c2ccc(S(N)(=O)=O)cc2)cc1OC,train
CHEMBL4849276,CHEMBL220,5.72,2021.0,5.72,C[n+]1ccc2[nH]c3ccc(F)cc3c2c1.[I-],test
CHEMBL4849361,CHEMBL220,5.13,2021.0,5.13,CCOC(=O)/C(=N\Nc1ccc(C)cc1)C(=O)C(F)(F)F,val
CHEMBL4849427,CHEMBL220,7.75,2021.0,7.75,COc1ccc2[nH]cc(CCNC(=O)CCCCn3cc(CCCCN4CC[C@@]56C=C[C@H](O)C[C@@H]5Oc5c(OC)ccc(c56)C4)nn3)c2c1,test
CHEMBL4849436,CHEMBL220,4.7,2021.0,4.7,COC(=O)/C(=N\Nc1ccccc1)C(=O)C(F)(F)F,val
CHEMBL4849640,CHEMBL220,4.28,2021.0,4.28,COc1ccc2[nH]c3c(c2c1)CN(Cc1ccccc1)CC3,train
CHEMBL4849687,CHEMBL220,4.4,2021.0,4.4,COc1ccc2[nH]cc(CCNC(=O)Cn3cc(CN4CCc5cc(OC)c(OC)cc5C4CCCN4C(=O)c5ccccc5C4=O)nn3)c2c1,train
CHEMBL4849828,CHEMBL220,6.64,2021.0,6.64,O=C(NC1CCN(Cc2ccc(F)cc2)CC1)c1cncc(NC(=O)c2ccnc3[nH]ccc23)c1,train
CHEMBL4849905,CHEMBL220,6.92,2021.0,6.92,c1ccc(CN2CCC(CCNc3cc4c(nn3)-c3ccccc3CCCC4)CC2)cc1,train
CHEMBL4850061,CHEMBL220,3.7597004179972875,2021.0,3.7597004179972875,COc1ccc2[nH]c(CCNC(=O)Cn3cc(CCCCN4CCc5cc(OC)c(OC)cc5C4CCCN4C(=O)c5ccccc5C4=O)nn3)cc2c1,train
CHEMBL4850464,CHEMBL220,5.07,2021.0,5.07,[Br-].c1ccc(C[n+]2ccc3[nH]c4ccccc4c3c2)cc1,train
CHEMBL4850585,CHEMBL220,6.27,2021.0,6.27,COc1ccc2c(c1)c1cnccc1n2CCC(=O)N1c2ccccc2Sc2ccccc21,train
CHEMBL4850590,CHEMBL220,5.58,2021.0,5.58,COc1ccc2nc3c(c(N)c2c1)C1CC(C)=CC(C3)C1.Cl,train
CHEMBL4850804,CHEMBL220,5.66,2021.0,5.66,O=C(CCn1c2ccccc2c2c[n+](Cc3ccccc3)ccc21)N1c2ccccc2Sc2ccccc21.[Br-],train
CHEMBL4851290,CHEMBL220,4.82,2021.0,4.82,COc1cccc(CN2CCN(C(=O)/C=C/c3ccc(O)c(OC)c3)CC2)c1,train
CHEMBL4851711,CHEMBL220,8.77,2021.0,8.77,Fc1ccccc1-c1ccc(N[C@H]2C[C@@H]3CN(CC4CCOCC4)C[C@@H]3C2)nn1,train
CHEMBL4851835,CHEMBL220,5.96,2021.0,5.96,O=C(NCC1CCN(Cc2ccccc2)CC1)c1cncc(NC(=O)c2ccnc(NC(=O)C3CC3)c2)c1,train
CHEMBL4851865,CHEMBL220,2.196269829025456,2021.0,2.196269829025456,Cc1cccc(CN2CCC(CNC(=O)c3cncc(NC(=O)c4ccnc(NC(=O)C5CC5)c4)c3)CC2)c1,train
CHEMBL4852686,CHEMBL220,7.64,2021.0,7.64,COc1ccc2[nH]cc(CCNC(=O)Cn3cc(CCCCN4CC[C@@]56C=C[C@H](O)C[C@@H]5Oc5c(OC)ccc(c56)C4)nn3)c2c1,train
CHEMBL4852721,CHEMBL220,6.775,2021.0,6.775,Cc1ccc(S(=O)(=O)SCc2ccc(C(C)(C)C)cc2)cc1,train
CHEMBL4853093,CHEMBL220,4.01,2021.0,4.01,COc1ccc(CN2CCC(c3oc4ccccc4c3C(=O)c3ccccc3)CC2)cc1,train
CHEMBL4853244,CHEMBL220,5.0,2021.0,5.0,Cn1cc2cc(-c3ccc(N[C@H]4C[C@@H]5CN(CC6CCOCC6)C[C@@H]5C4)nn3)ccc2n1,train
CHEMBL4853637,CHEMBL220,4.52,2021.0,4.52,CCOC(=O)/C(=N\Nc1cccc(C)c1)C(=O)C(F)(F)F,val
CHEMBL4853675,CHEMBL220,5.36,2021.0,5.36,O=C(NCCC1CCN(Cc2cccc(Cl)c2)CC1)c1cncc(NC(=O)c2cccc(NC(=O)C3CC3)c2)c1,val
CHEMBL4853698,CHEMBL220,8.3,2021.0,8.3,COc1cc2c(cc1OC)C(=O)C(CC1(F)CCN(Cc3cccc(F)c3)CC1)C2,test
CHEMBL4853742,CHEMBL220,5.49,2021.0,5.49,CCOC(=O)/C(=N\Nc1ccccc1)C(=O)C(F)(F)F,val
CHEMBL4854209,CHEMBL220,5.6,2021.0,5.6,O=C(Nc1cncc(C(=O)NC2CCN(Cc3cccc(Cl)c3)CC2)c1)c1ccnc(NC(=O)C2CC2)c1,train
CHEMBL4854298,CHEMBL220,6.12,2021.0,6.12,CCOC(=O)/C(=N\Nc1ccccc1[N+](=O)[O-])C(=O)C(F)(F)F,val
CHEMBL4854322,CHEMBL220,5.85,2021.0,5.85,COc1cc(/C=C/C(=O)NCC(=O)NCCc2c[nH]c3ccccc23)ccc1O,train
CHEMBL4854555,CHEMBL220,5.27,2021.0,5.27,COc1ccc2[nH]cc(CCNC(=O)Cn3cc(CN4CC[C@@]56C=C[C@H](O)C[C@@H]5Oc5c(OC)ccc(c56)C4)nn3)c2c1,test
CHEMBL4854565,CHEMBL220,5.36,2021.0,5.36,Cl.Nc1c2c(nc3c(Cl)cc(Cl)cc13)CCCC2,train
CHEMBL4854572,CHEMBL220,5.66,2021.0,5.66,O=C(NCC1CCN(Cc2ccccc2F)CC1)c1n[nH]c2ccc(-c3cccnc3)cc12,train
CHEMBL4854713,CHEMBL220,6.18,2021.0,6.18,Cl.Nc1c2c(nc3ccc(F)cc13)CCC2,train
CHEMBL4854913,CHEMBL220,9.39,2021.0,9.39,CC1=CC2Cc3nc4cc(Cl)ccc4c(NCCCCCCCCC(=O)N4CCNC(=O)C4)c3C(C1)C2,train
CHEMBL4855045,CHEMBL220,6.29,2021.0,6.29,Cc1ccc2c(c1)c1cnccc1n2CCC(=O)N1c2ccccc2Sc2ccccc21,train
CHEMBL4855139,CHEMBL220,4.19,2021.0,4.19,CCc1ccc(CN2CCC(c3cc4ccccc4o3)CC2)cc1,train
CHEMBL4855201,CHEMBL220,5.86,2021.0,5.86,O=C(Nc1cccc(OCC2CCN(Cc3ccccc3)CC2)c1)c1ccnc(NC(=O)C2CC2)c1,test
CHEMBL4855357,CHEMBL220,5.08,2021.0,5.08,COc1ccc2nc3c(c(N)c2c1)CCC3.Cl,train
CHEMBL4855388,CHEMBL220,5.29,2021.0,5.29,c1ccc(CN2CCC(c3cc4ccccc4o3)CC2)cc1,train
CHEMBL4855714,CHEMBL220,5.0,2021.0,5.0,O=C(Nc1cncc(OC2CCN(Cc3ccccc3)CC2)c1)c1ccnc(NC(=O)C2CC2)c1,val
CHEMBL4855755,CHEMBL220,5.33,2021.0,5.33,CCOC(=O)/C(=N\Nc1ccc(OC)cc1)C(=O)C(F)(F)F,val
CHEMBL4855760,CHEMBL220,6.92,2021.0,6.92,COc1ccc2c3c1O[C@H]1C[C@@H](O)C=C[C@@]31CCN(CCCCc1cn(CCCC(=O)NCCc3c[nH]c4ccccc34)nn1)C2,train
CHEMBL4855838,CHEMBL220,4.68,2021.0,4.68,COC(=O)/C(=N\Nc1ccccc1[N+](=O)[O-])C(=O)C(F)(F)F,val
CHEMBL4856125,CHEMBL220,6.59,2021.0,6.59,Cc1cccc2nc3c(c(N)c12)CCCCC3.Cl,train
CHEMBL4856140,CHEMBL220,5.42,2021.0,5.42,CCOC(=O)/C(=N\Nc1ccc(C(=O)OCC)cc1)C(=O)C(F)(F)F,val
CHEMBL4856181,CHEMBL220,5.27,2021.0,5.27,COc1cc(/C=C/C(=O)NCCC(=O)Nc2ccc(Cl)cc2)ccc1O,test
CHEMBL4856400,CHEMBL220,7.93,2021.0,7.93,CC1=CC2Cc3nc4cc(Cl)ccc4c(NCCCCCCNC(=O)[C@@H](N)Cc4c[nH]c5ccccc45)c3C(C1)C2.Cl.Cl,test
CHEMBL4856643,CHEMBL220,4.46,2021.0,4.46,Cc1ccc2[nH]c3c(c2c1)CN(Cc1ccccc1)CC3,train
CHEMBL4856895,CHEMBL220,4.79,2021.0,4.79,COc1ccc(CN2CCN(C(=O)/C=C/c3ccc(O)c(OC)c3)CC2)cc1,train
CHEMBL4857100,CHEMBL220,8.28,2021.0,8.28,COc1cc2c(cc1OC)C(=O)C(CC1(F)CCN(Cc3cc(F)c(F)cc3F)CC1)C2,test
CHEMBL4857554,CHEMBL220,5.8,2021.0,5.8,Cl.Nc1c2c(nc3ccc(Cl)cc13)CCC2,train
CHEMBL4857592,CHEMBL220,8.34,2020.0,8.34,COc1cccc(C2CC(c3cc(F)cc(F)c3)=NN2c2ccc(S(N)(=O)=O)cc2)c1OC,train
CHEMBL4857680,CHEMBL220,5.0,2021.0,5.0,COc1cccc(CN2CCC(CNC(=O)c3cncc(NC(=O)c4ccnc(NC(=O)C5CC5)c4)c3)CC2)c1,train
CHEMBL4857748,CHEMBL220,4.21,2021.0,4.21,COc1ccc(C(=O)c2c(C3CCN(Cc4cc(OC)ccc4OC)CC3)oc3ccccc23)cc1,train
CHEMBL4857791,CHEMBL220,8.56,2021.0,8.56,COc1cc2c(cc1OC)C(=O)C(CC1(F)CCN(Cc3ccc(F)cc3)CC1)C2,test
CHEMBL4857870,CHEMBL220,5.29,2021.0,5.29,Cl.Nc1c2c(nc3c(Br)cc(Br)cc13)CCCC2,train
CHEMBL4857955,CHEMBL220,6.21,2021.0,6.21,O=C(Nc1cncc(C(=O)NC2CCN(Cc3ccccc3)CC2)c1)c1ccnc(NC(=O)C2CC2)c1,train
CHEMBL4857969,CHEMBL220,6.46,2021.0,6.46,Cc1ccc2c(N)c3c(nc2c1)CCC3.Cl,train
CHEMBL4857977,CHEMBL220,4.83,2021.0,4.83,COc1ccc2[nH]c3cc[n+](C)cc3c2c1.[I-],test
CHEMBL4858061,CHEMBL220,5.25,2021.0,5.25,Cl.Nc1c2c(nc3ccc(Br)cc13)CCC2,train
CHEMBL4858117,CHEMBL220,6.745,2021.0,6.745,Cc1ccc(S(=O)(=O)SCc2ccc(C#N)cc2)cc1,train
CHEMBL4858186,CHEMBL220,5.57,2021.0,5.57,CCOC(=O)/C(=N\Nc1ccc(F)cc1)C(=O)C(F)(F)F,val
CHEMBL4858801,CHEMBL220,4.24,2021.0,4.24,COc1ccc(OC)c(CN2CCC(c3oc4ccccc4c3C(=O)c3ccccc3)CC2)c1,train
CHEMBL4858901,CHEMBL220,7.14,2021.0,7.14,Cc1ccc2c(N)c3c(nc2c1)CCCC3.Cl,train
CHEMBL4859041,CHEMBL220,6.29,2021.0,6.29,O=C(CC1CCN(Cc2ccc(F)cc2)CC1)Nc1n[nH]c2cc(-c3cccnc3)ccc12,train
CHEMBL4859070,CHEMBL220,4.75,2021.0,4.75,Fc1ccc2[nH]c3c(c2c1)CN(Cc1ccccc1)CC3,train
CHEMBL4859103,CHEMBL220,8.59,2021.0,8.59,CC1=CC2Cc3nc4cc(Cl)ccc4c(NCCCCCCCCCNC(=O)c4cc(O)cc(O)c4)c3C(C1)C2,train
CHEMBL4859128,CHEMBL220,6.38,2021.0,6.38,Cc1cccc2nc3c(c(N)c12)CCC3.Cl,train
CHEMBL4859173,CHEMBL220,3.6516951369518393,2021.0,3.6516951369518393,Cl.Nc1c2c(nc3cccc(Cl)c13)CCCCC2,train
CHEMBL4859647,CHEMBL220,8.46,2021.0,8.46,COc1cc2c(cc1OC)C(=O)C(CC1(F)CCN(Cc3ccccc3F)CC1)C2,test
CHEMBL4860467,CHEMBL220,4.83,2021.0,4.83,COc1cc(/C=C/C(=O)NCCC(=O)Nc2ccccc2)ccc1O,test
CHEMBL4860501,CHEMBL220,5.11,2021.0,5.11,CN1CCc2c(c3ccccc3n2CCC(=O)N2c3ccccc3Sc3ccccc32)C1,test
CHEMBL4860610,CHEMBL220,6.795,2021.0,6.795,Cc1ccc(S(=O)(=O)SCc2ccc(OC(F)(F)F)cc2)cc1,train
CHEMBL4861608,CHEMBL220,5.07,2021.0,5.07,Cl.Nc1c2c(nc3ccc(Cl)cc13)CCCCC2,train
CHEMBL4861913,CHEMBL220,4.65,2021.0,4.65,Cc1ccc2nc3c(c(N)c2c1)CCCCC3.Cl,train
CHEMBL4861956,CHEMBL220,6.92,2024.0,6.92,COc1ccc2[nH]c(C(=O)Nc3ccc4nc5n(c(=O)c4c3)CCC5)cc2c1,train
CHEMBL4862288,CHEMBL220,7.48,2021.0,7.48,Cl.Nc1c2c(nc3cccc(Cl)c13)CCCC2,train
CHEMBL4862716,CHEMBL220,8.62,2021.0,8.62,CC1=CC2Cc3nc4cc(Cl)ccc4c(NCCCCCCCCCNS(=O)(=O)c4cn[nH]c4)c3C(C1)C2,train
CHEMBL4862811,CHEMBL220,6.45,2021.0,6.45,O=C(NC1CCN(Cc2ccccc2)CC1)c1cncc(NC(=O)c2ccnc3[nH]ccc23)c1,train
CHEMBL4863376,CHEMBL220,4.94,2021.0,4.94,Fc1ccc2[nH]c3ccncc3c2c1,train
CHEMBL4863431,CHEMBL220,6.235,2021.0,6.235,Cc1ccc(S(=O)(=O)SCc2ccc(Cl)cc2)cc1,train
CHEMBL4863598,CHEMBL220,4.21,2021.0,4.21,c1ccc2oc(C3CCNCC3)cc2c1,train
CHEMBL4863615,CHEMBL220,8.62,2021.0,8.62,CC1=CC2Cc3nc4cc(Cl)ccc4c(NCCCCCCCCC(=O)Nc4cn[nH]c4)c3C(C1)C2,test
CHEMBL4863754,CHEMBL220,4.28,2021.0,4.28,COc1ccc(CN2CCC(c3cc4ccccc4o3)CC2)cc1OC,train
CHEMBL4863960,CHEMBL220,8.59,2021.0,8.59,O=C(Nc1cncc(OCC2CCN(Cc3ccccc3)CC2)c1)c1ccnc(NC(=O)C2CC2)c1,val
CHEMBL4864004,CHEMBL220,3.799696817018415,2021.0,3.799696817018415,COc1ccc2[nH]c(CCNC(=O)CCCn3cc(CCCCN4CCc5cc(OC)c(OC)cc5C4CCCN4C(=O)c5ccccc5C4=O)nn3)cc2c1,test
CHEMBL4864059,CHEMBL220,5.96,2021.0,5.96,O=C(NCC1CCN(Cc2cccc(Cl)c2)CC1)c1cncc(NC(=O)c2ccnc(NC(=O)C3CC3)c2)c1,train
CHEMBL4864555,CHEMBL220,8.34,2020.0,8.34,COc1ccc(C2CC(c3cc(F)cc(F)c3)=NN2c2ccc(S(N)(=O)=O)cc2)cc1OC,train
CHEMBL4864593,CHEMBL220,5.21,2021.0,5.21,O=C(CCn1c2ccncc2c2cc(F)ccc21)N1c2ccccc2Sc2ccccc21,train
CHEMBL4864801,CHEMBL220,4.84,2021.0,4.84,COc1cc(/C=C/C(=O)N2CCN(Cc3ccc(F)cc3)CC2)ccc1O,train
CHEMBL4864954,CHEMBL220,4.88,2021.0,4.88,Cl.Nc1c2c(nc3c(Cl)cc(Cl)cc13)CCC2,train
CHEMBL4865061,CHEMBL220,8.33,2021.0,8.33,O=C(Nc1cncc(OCC2CCN(Cc3ccccc3F)CC2)c1)c1ccnc(NC(=O)C2CC2)c1,val
CHEMBL4865381,CHEMBL220,4.38,2021.0,4.38,O=C(c1ccccc1)c1c(C2CCN(Cc3ccccc3)CC2)oc2ccccc12,train
CHEMBL4865615,CHEMBL220,5.51,2021.0,5.51,O=C(NCC1CCN(Cc2ccc(F)c(F)c2)CC1)c1cncc(NC(=O)c2ccnc(NC(=O)C3CC3)c2)c1,train
CHEMBL4865745,CHEMBL220,6.21,2021.0,6.21,Cl.Nc1c2c(nc3ccc(F)cc13)CCCCC2,train
CHEMBL4865927,CHEMBL220,5.04,2021.0,5.04,Cc1ccc2[nH]c3cc[n+](C)cc3c2c1.[I-],test
CHEMBL4866150,CHEMBL220,5.62,2021.0,5.62,O=C(NCC1CCN(Cc2cccc(F)c2)CC1)c1cncc(NC(=O)c2ccnc(NC(=O)C3CC3)c2)c1,train
CHEMBL4866457,CHEMBL220,6.08,2021.0,6.08,COc1cc(/C=C/C(=O)NCC(=O)NCCc2c[nH]c3ccc(Cl)cc23)ccc1O,train
CHEMBL4866752,CHEMBL220,5.66,2021.0,5.66,COc1ccc2[nH]cc(CCNC(=O)Cn3cc(CCCCN(C)CCCC4c5cc(OC)c(OC)cc5CCN4C)nn3)c2c1,train
CHEMBL4866930,CHEMBL220,8.74,2021.0,8.74,CC1=CC2Cc3nc4cc(Cl)ccc4c(NCCCCCCCCCNC(=O)c4ccc[nH]c4=O)c3C(C1)C2,train
CHEMBL486698,CHEMBL220,8.08,2008.0,8.08,Cl.Nc1c2c(nc3cc(Cl)ccc13)CCCC2,train
CHEMBL4867081,CHEMBL220,6.635,2021.0,6.635,Cc1ccc(S(=O)(=O)SCc2ccc([N+](=O)[O-])cc2)cc1,train
CHEMBL4867249,CHEMBL220,7.09,2021.0,7.09,O=C(Nc1cncc(OCC2CCN(Cc3ccccc3Cl)CC2)c1)c1ccnc(NC(=O)C2CC2)c1,val
CHEMBL4867284,CHEMBL220,4.86,2021.0,4.86,Cl.Nc1c2c(nc3ccc(Br)cc13)CCCCC2,train
CHEMBL4868014,CHEMBL220,5.87,2021.0,5.87,CCOC(=O)/C(=N\Nc1ccc(Br)cc1)C(=O)C(F)(F)F,val
CHEMBL4868050,CHEMBL220,4.82,2021.0,4.82,Cl.Nc1c2c(nc3c(Br)cc(Br)cc13)CCC2,train
CHEMBL4868234,CHEMBL220,4.81,2021.0,4.81,COc1cc(/C=C/C(=O)N2CCN(Cc3cccc(Cl)c3)CC2)ccc1O,train
CHEMBL4868687,CHEMBL220,4.775,2021.0,4.775,COC(=O)/C(=N\Nc1ccc(C)cc1)C(=O)C(F)(F)F,val
CHEMBL4868918,CHEMBL220,6.945,2021.0,6.945,Cc1ccc(S(=O)(=O)SCc2ccc(C(F)(F)F)cc2)cc1,train
CHEMBL4868956,CHEMBL220,5.52,2021.0,5.52,O=C(NCC1CCN(Cc2ccc(F)cc2)CC1)c1cncc(NC(=O)c2ccnc(NC(=O)C3CC3)c2)c1,train
CHEMBL4869162,CHEMBL220,4.82,2021.0,4.82,Cl.Nc1c2c(nc3c(Br)cc(Br)cc13)CCCCC2,train
CHEMBL4869398,CHEMBL220,8.34,2020.0,8.34,COc1ccc(OC)c(C2CC(c3cc(F)ccc3F)=NN2c2ccc(S(N)(=O)=O)cc2)c1,train
CHEMBL4869432,CHEMBL220,7.51,2021.0,7.51,COc1ccc2c3c1O[C@H]1C[C@@H](O)C=C[C@@]31CCN(CCCCc1cn(CCCCC(=O)NCCc3c[nH]c4ccccc34)nn1)C2,test
CHEMBL4869703,CHEMBL220,6.02,2021.0,6.02,COc1ccc2[nH]cc(CCNC(=O)CNC(=O)/C=C/c3ccc(O)c(OC)c3)c2c1,train
CHEMBL4870273,CHEMBL220,5.88,2021.0,5.88,O=C(NCC1CCN(Cc2cccc(Cl)c2)CC1)c1cncc(NC(=O)c2ccnc3[nH]ccc23)c1,train
CHEMBL4870561,CHEMBL220,5.66,2021.0,5.66,C[n+]1ccc2c(c1)c1ccccc1n2CCC(=O)N1c2ccccc2Sc2ccccc21.[I-],train
CHEMBL4870746,CHEMBL220,5.76,2021.0,5.76,O=C(NCC1CCN(Cc2ccccc2F)CC1)c1cncc(NC(=O)c2ccnc(NC(=O)C3CC3)c2)c1,train
CHEMBL4870877,CHEMBL220,6.29,2021.0,6.29,O=C(CC1CCN(Cc2ccccc2)CC1)Nc1n[nH]c2cc(-c3cccnc3)ccc12,train
CHEMBL4871752,CHEMBL220,4.03,2021.0,4.03,COc1ccc(CN2CCC(c3cc4ccccc4o3)CC2)cc1,train
CHEMBL4871815,CHEMBL220,6.86,2021.0,6.86,COc1ccc2c3c1O[C@H]1C[C@@H](O)C=C[C@@]31CCN(CCCCc1cn(CC(=O)NCCc3c[nH]c4ccccc34)nn1)C2,train
CHEMBL4871975,CHEMBL220,7.755,2021.0,7.755,Cc1ccc(S(=O)(=O)SCc2ccc(C(C)C)cc2)cc1,train
CHEMBL4872387,CHEMBL220,8.34,2020.0,8.34,COc1ccc(OC)c(C2CC(c3cc(F)cc(F)c3)=NN2c2ccc(S(N)(=O)=O)cc2)c1,train
CHEMBL4872514,CHEMBL220,8.9,2021.0,8.9,COc1cc(CNC(=O)CCCCCCCCNc2c3c(nc4cc(Cl)ccc24)CC2C=C(C)CC3C2)ccn1,val
CHEMBL4872690,CHEMBL220,5.39,2021.0,5.39,Cc1ccccc1CN1CCC(CNC(=O)c2cncc(NC(=O)c3ccnc(NC(=O)C4CC4)c3)c2)CC1,train
CHEMBL4872772,CHEMBL220,4.52,2021.0,4.52,COC(=O)/C(=N\Nc1ccc(OC)cc1)C(=O)C(F)(F)F,val
CHEMBL4872783,CHEMBL220,5.0,2021.0,5.0,COc1ccc2nc3c(c(N)c2c1)CCCC3.Cl,train
CHEMBL4872815,CHEMBL220,5.04,2021.0,5.04,Cl.Nc1c2c(nc3c(Cl)cc(Cl)cc13)CCCCC2,train
CHEMBL4873119,CHEMBL220,4.46,2021.0,4.46,Oc1ccc(CN2CCC(c3cc4ccccc4o3)CC2)cc1,train
CHEMBL4873162,CHEMBL220,5.96,2021.0,5.96,O=C(NCC1CCN(Cc2ccccc2)CC1)c1n[nH]c2ccc(-c3cccnc3)cc12,train
CHEMBL4873165,CHEMBL220,4.88,2021.0,4.88,COc1cc(/C=C/C(=O)N2CCN(Cc3cccc(F)c3)CC2)ccc1O,train
CHEMBL4873501,CHEMBL220,6.9,2021.0,6.9,Cc1cccc2nc3c(c(N)c12)CCCC3.Cl,train
CHEMBL4873612,CHEMBL220,9.0,2021.0,9.0,O=C(Nc1cncc(OCC2CCN(Cc3ccc(F)cc3)CC2)c1)c1ccnc(NC(=O)C2CC2)c1,val
CHEMBL4873748,CHEMBL220,5.96,2021.0,5.96,Cc1ccc2c(c1)c1c[n+](C)ccc1n2CCC(=O)N1c2ccccc2Sc2ccccc21.[I-],train
CHEMBL4874126,CHEMBL220,5.58,2021.0,5.58,C[n+]1ccc2c(c1)c1cc(F)ccc1n2CCC(=O)N1c2ccccc2Sc2ccccc21.[I-],train
CHEMBL4874244,CHEMBL220,7.64,2021.0,7.64,CC1=CC2Cc3nc4cc(Cl)ccc4c(NCCCCCNC(=O)[C@@H](N)Cc4c[nH]c5ccccc45)c3C(C1)C2.Cl.Cl,train
CHEMBL4874487,CHEMBL220,4.17,2021.0,4.17,COc1ccc(CN2CCC(c3oc4ccccc4c3C(=O)c3ccc(OC)c(OC)c3)CC2)cc1OC,train
CHEMBL4874576,CHEMBL220,5.0,2021.0,5.0,Cc1ccc2nc3c(c(N)c2c1)CCC3.Cl,train
CHEMBL4874599,CHEMBL220,4.75,2021.0,4.75,COc1ccc2nc3c(c(N)c2c1)CCCCC3.Cl,train
CHEMBL4875517,CHEMBL220,4.67,2021.0,4.67,Fc1ccc(CN2CCC(c3cc4ccccc4o3)CC2)cc1,train
CHEMBL4875660,CHEMBL220,4.62,2021.0,4.62,COc1ccc(OC)c(CN2CCC(c3cc4ccccc4o3)CC2)c1,train
CHEMBL4875903,CHEMBL220,8.05,2021.0,8.05,CC(=O)Nc1cc(C(=O)Nc2cncc(OCC3CCN(Cc4ccc(F)cc4)CC3)c2)ccn1,train
CHEMBL4875944,CHEMBL220,6.484999999999999,2021.0,6.484999999999999,COc1ccc(CSS(=O)(=O)c2ccc(C)cc2)cc1,train
CHEMBL4876038,CHEMBL220,8.34,2020.0,8.34,COc1cccc(C2CC(c3cc(F)ccc3F)=NN2c2ccc(S(N)(=O)=O)cc2)c1OC,train
CHEMBL4876362,CHEMBL220,4.81,2021.0,4.81,Cc1ccc2nc3c(c(N)c2c1)CCCC3.Cl,train
CHEMBL4876686,CHEMBL220,5.71,2021.0,5.71,Cl.Nc1c2c(nc3ccc(Cl)cc13)CCCC2,train
CHEMBL4877175,CHEMBL220,8.41,2021.0,8.41,O=C(Nc1cncc(OCC2CCN(Cc3ccccc3)CC2)c1)c1ccnc2[nH]ccc12,test
CHEMBL4877556,CHEMBL220,5.0,2021.0,5.0,CC(=O)Nc1cc(C(=O)Nc2cccc(OCC3CCN(Cc4ccccc4)CC3)c2)ccn1,test
CHEMBL4877719,CHEMBL220,8.46,2021.0,8.46,COc1cc2c(cc1OC)C(=O)C(CC1(F)CCN(Cc3ccc(F)cc3F)CC1)C2,test
CHEMBL4878434,CHEMBL220,7.92,2021.0,7.92,CC1=CC2Cc3nc4cc(Cl)ccc4c(NCCCCCCCNC(=O)[C@@H](N)Cc4c[nH]c5ccccc45)c3C(C1)C2.Cl.Cl,val
CHEMBL4878578,CHEMBL220,4.01,2021.0,4.01,Clc1ccc(CN2CCC(c3cc4ccccc4o3)CC2)cc1,train
CHEMBL4878878,CHEMBL220,5.32,2021.0,5.32,Cl.Nc1c2c(nc3ccc(Br)cc13)CCCC2,train
CHEMBL4878924,CHEMBL220,5.28,2021.0,5.28,COc1ccc2c(c1)c1c[n+](C)ccc1n2CCC(=O)N1c2ccccc2Sc2ccccc21.[I-],train
CHEMBL488590,CHEMBL220,7.27,2008.0,7.27,CCN(CCCCCCN1C(=O)c2cccc3cccc(c23)C1=O)Cc1ccccc1OC,train
CHEMBL489354,CHEMBL220,5.550000000000001,2016.0,5.550000000000001,O=C(CCCCCCCCc1ccc(O)cc1)c1c(O)cccc1O,train
CHEMBL489454,CHEMBL220,10.925,2008.0,10.925,CN(CCCCNc1c2c(nc3ccccc13)CCCC2)CCCNc1c2c(nc3ccccc13)CCCC2,train
CHEMBL490060,CHEMBL220,9.79,2008.0,9.79,CCN(CCCCNc1c2c(nc3ccccc13)CCCC2)CCCNc1c2c(nc3ccccc13)CCCC2,train
CHEMBL490264,CHEMBL220,8.77,2008.0,8.77,c1cc(CCNc2c3c(nc4ccccc24)CCCC3)cc(CCNc2c3c(nc4ccccc24)CCCC3)c1,train
CHEMBL490338,CHEMBL220,7.15,2009.0,7.15,CCOC(=O)C1=C(C)Nc2nc3c(c(N)c2C1c1ccc(-c2ccccc2)cc1)CCCC3,test
CHEMBL490359,CHEMBL220,7.395,2009.0,7.395,CCOC(=O)C1=C(C)Nc2nc3c(c(N)c2[C@H]1c1ccc(OC)cc1)CCCC3,train
CHEMBL490360,CHEMBL220,5.37,2009.0,5.37,COc1ccc(C(=O)c2ccc(CN(C)Cc3cccc([N+](=O)[O-])c3)cc2)cc1OC,train
CHEMBL490507,CHEMBL220,6.34,2009.0,6.34,COc1ccc(C(=O)c2ccc(CN(C)Cc3ccccc3)cc2)cc1OC,train
CHEMBL490660,CHEMBL220,8.79,2008.0,8.79,c1ccc2c(NCCc3ccc(CCNc4c5c(nc6ccccc46)CCCC5)cc3)c3c(nc2c1)CCCC3,train
CHEMBL490727,CHEMBL220,3.9706162223147903,2014.0,3.9706162223147903,O/N=C/c1cc[n+](Cc2ccc(C[n+]3ccc(/C=N/O)cc3)cc2)cc1.[Br-].[Br-],train
CHEMBL491346,CHEMBL220,3.462180904926726,2009.0,3.462180904926726,COc1ccc(C(=O)c2ccc(CN3CCOCC3)cc2)cc1OC,val
CHEMBL491358,CHEMBL220,7.35,2009.0,7.35,CCOC(=O)C1=C(C)Nc2nc3c(c(N)c2C1c1ccc(OC)c(OC)c1)CCCC3,train
CHEMBL491359,CHEMBL220,6.8,2009.0,6.8,CCOC(=O)C1=C(C)Nc2nc3c(c(N)c2C1c1cccnc1)CCCC3,train
CHEMBL491360,CHEMBL220,6.65,2009.0,6.65,CCOC(=O)C1=C(C)Nc2nc3c(c(N)c2C1c1ccncc1)CCCC3,train
CHEMBL491526,CHEMBL220,5.62,2009.0,5.62,COc1ccc(C(=O)c2ccc(CN(C)CCN(C)C)cc2)cc1OC,train
CHEMBL491527,CHEMBL220,4.57,2009.0,4.57,C#CCN(C)Cc1ccc(C(=O)c2ccc(OC)c(OC)c2)cc1,train
CHEMBL491528,CHEMBL220,4.27,2009.0,4.27,COc1ccc(C(=O)c2ccc(CN3CCc4ccccc4C3)cc2)cc1OC,train
CHEMBL491561,CHEMBL220,6.65,2009.0,6.65,CCOC(=O)C1=C(C)Nc2nc3c(c(N)c2C1c1ccccc1C(F)(F)F)CCCC3,train
CHEMBL491562,CHEMBL220,4.71,2009.0,4.71,CN(Cc1ccccc1)Cc1ccc(C(=O)c2ccc3ccccc3c2)cc1,train
CHEMBL491725,CHEMBL220,3.9527251326158206,2014.0,3.9527251326158206,O/N=C\c1cc[n+](Cc2ccccc2C[n+]2ccc(/C=N\O)cc2)cc1.[Br-].[Br-],train
CHEMBL492098,CHEMBL220,5.06,2009.0,5.06,COc1ccc(C(=O)c2ccc(CN(CCN(C)C)Cc3ccccc3)cc2)cc1OC,train
CHEMBL494887,CHEMBL220,3.4685210829577446,2006.0,3.4685210829577446,CC(C)NP(=O)(NC(C)C)OP(=O)(NC(C)C)NC(C)C,test
CHEMBL495711,CHEMBL220,5.72,2008.0,5.72,N[C@@H](Cc1ccccc1)C(=O)NCC(=O)Nc1c2c(nc3ccccc13)CCCC2,test
CHEMBL495712,CHEMBL220,5.66,2008.0,5.66,N[C@@H](Cc1c[nH]c2ccccc12)C(=O)NCC(=O)Nc1c2c(nc3ccccc13)CCCC2,train
CHEMBL496,CHEMBL220,5.52,,5.52,Oc1c(Cl)cc(Cl)c(Cl)c1Cc1c(O)c(Cl)cc(Cl)c1Cl,train
CHEMBL496126,CHEMBL220,5.48,2008.0,5.48,CN[C@@H](Cc1c[nH]c2ccccc12)C(=O)NCC(=O)Nc1c2c(nc3ccccc13)CCCC2,train
CHEMBL496127,CHEMBL220,4.47,2008.0,4.47,N[C@@H](Cc1c[nH]c2ccccc12)C(=O)NCCC(=O)Nc1c2c(nc3ccccc13)CCCC2,train
CHEMBL496255,CHEMBL220,4.66,2008.0,4.66,C[C@@H]([C@H]1CC[C@H]2[C@@H]3CC[C@H]4C[C@@H](N(C)C)CC[C@]4(C)[C@H]3CC[C@]12C)N(C)C,train
CHEMBL496259,CHEMBL220,5.0,2008.0,5.0,CN[C@@H](C)[C@H]1CC[C@H]2[C@@H]3CC=C4C(=O)[C@@H](NC(=O)C=C(C)C)CC[C@]4(C)[C@H]3CC[C@]12C,train
CHEMBL496487,CHEMBL220,4.31,2008.0,4.31,CC(C)=CC(=O)N[C@H]1CC[C@@]2(C)[C@@H](CC[C@@H]3[C@@H]2CC[C@]2(C)C([C@H](C)N(C)C)=CC[C@@H]32)[C@H]1O,train
CHEMBL496488,CHEMBL220,4.62,2008.0,4.62,C[C@@H]([C@H]1CC=C2[C@@H]3CCC4=C[C@@H](N(C)C)CC[C@]4(C)[C@H]3CC[C@@]21C)N(C)C,train
CHEMBL496946,CHEMBL220,4.95,2008.0,4.95,N[C@@H](Cc1ccc2ccccc2c1)C(=O)NCC(=O)Nc1c2c(nc3ccccc13)CCCC2,test
CHEMBL497276,CHEMBL220,4.07,2000.0,4.07,CO[C@@H]1[C@@H](O)[C@H]2c3cc4c(cc3CN3CC=C([C@H]1O)[C@H]23)OCO4,train
CHEMBL497686,CHEMBL220,4.31,2008.0,4.31,Cc1ccc(C2CC(c3cccc(O)c3)=Nc3ccccc3S2)cc1,train
CHEMBL497755,CHEMBL220,4.49,2008.0,4.49,CN(CCCCCCCOc1ccc(-c2cc3ccccc3o2)cc1)Cc1ccccc1,train
CHEMBL498536,CHEMBL220,5.23,2008.0,5.23,Oc1cccc(C2=Nc3ccccc3SC(c3cccs3)C2)c1,train
CHEMBL498539,CHEMBL220,4.73,2008.0,4.73,Oc1cccc(C2=Nc3ccccc3SC(c3ccc(Cl)cc3)C2)c1,train
CHEMBL498645,CHEMBL220,4.55,2008.0,4.55,C[C@@H]([C@H]1CC[C@H]2[C@@H]3CC[C@H]4C[C@@H](N)CC[C@]4(C)[C@H]3CC[C@]12C)N(C)C,train
CHEMBL499224,CHEMBL220,9.92,2008.0,9.92,OCCN(CCCCNc1c2c(nc3ccccc13)CCCC2)CCCNc1c2c(nc3ccccc13)CCCC2,train
CHEMBL499722,CHEMBL220,5.07,2008.0,5.07,CCN(CCCCCC(=O)N[C@H]1CC[C@H](NC(=O)CCCCCN(CC)Cc2ccccc2OC)CC1)Cc1ccccc1OC,train
CHEMBL499825,CHEMBL220,5.38,2008.0,5.38,CCN(CCCCCC(=O)N[C@H]1CCCC[C@H]1NC(=O)CCCCCN(CC)Cc1ccccc1OC)Cc1ccccc1OC,train
CHEMBL50,CHEMBL220,4.42,2010.0,4.42,O=c1c(O)c(-c2ccc(O)c(O)c2)oc2cc(O)cc(O)c12,train
CHEMBL500996,CHEMBL220,5.27,2004.0,5.27,COc1ccccc1CNCCCCCCNCCCCCCCCNCCCCCCNCc1ccccc1OC.Cl.Cl.Cl.Cl,train
CHEMBL501587,CHEMBL220,7.615,2008.0,7.615,CC(=O)N(CCCCNc1c2c(nc3ccccc13)CCCC2)CCCSc1c2c(nc3ccccc13)CCCC2,train
CHEMBL502,CHEMBL220,7.75,1992.0,7.75,COc1cc2c(cc1OC)C(=O)C(CC1CCN(Cc3ccccc3)CC1)C2,test
CHEMBL502244,CHEMBL220,6.89,2008.0,6.89,CC(C)(C)OC(=O)N[C@@H](Cc1c[nH]c2ccccc12)C(=O)NCCNc1c2c(nc3ccccc13)CCCC2,test
CHEMBL502689,CHEMBL220,2.619788758288394,2001.0,2.619788758288394,CC(C)=CCc1cc2ccc(=O)oc2cc1O,val
CHEMBL502877,CHEMBL220,7.59,2008.0,7.59,CCN(CCCCCC(=O)N1CCN(C(=O)CCCCCN(CC)Cc2ccccc2OC)CC1)Cc1ccccc1OC,train
CHEMBL503392,CHEMBL220,4.0,2008.0,4.0,O=C1C2=C(CCCC2)S(=O)(=O)N1c1c(F)c(F)c(F)c(F)c1F,train
CHEMBL504323,CHEMBL220,4.0,2019.0,4.0,COc1cc2c3cc1Oc1c(OC)c(OC)cc4c1[C@@H](Cc1ccc(O)c(c1)Oc1ccc(cc1)C[C@@H]3N(C)CC2)N(C)CC4,test
CHEMBL504571,CHEMBL220,7.81,2008.0,7.81,CC(C)(C)OC(=O)N[C@@H](CCC(=O)NCCNc1c2c(nc3ccccc13)CCCC2)C(=O)NCCNc1c2c(nc3ccccc13)CCCC2,train
CHEMBL504674,CHEMBL220,3.752026733638193,2008.0,3.752026733638193,COc1ccc(C(=O)c2c(-c3ccc(OCCCCCCCN(C)Cc4ccccc4)cc3)oc3ccccc23)cc1OC,train
CHEMBL504924,CHEMBL220,5.09,2008.0,5.09,C/C=C(\C)C(=O)N[C@H]1CC[C@]2(C)[C@H]3CC[C@]4(C)[C@@H]([C@H](C)NC)CC[C@H]4[C@@H]3CC[C@H]2[C@H]1OC(C)=O,train
CHEMBL50608,CHEMBL220,4.94,1997.0,4.94,Nc1cc(-c2ccccc2)nc2ccccc12,test
CHEMBL506258,CHEMBL220,4.522878745280337,2015.0,4.522878745280337,COC(=O)[C@]1(C)[C@@H]2CC[C@@]3(C)CC4=CC(=O)[C@@H]5[C@](C)(CC[C@@H](O)[C@]5(C)CO)[C@H]4CC[C@@H]3[C@@]2(C)CC[C@@H]1O,test
CHEMBL506588,CHEMBL220,3.896196279044043,2008.0,3.896196279044043,Cc1cccc(C(=O)c2c(-c3ccc(OCCCCCCCN(C)Cc4ccccc4)cc3)oc3ccccc23)c1,train
CHEMBL5069654,CHEMBL220,4.0,2021.0,4.0,COc1ccc(C(=O)O[C@H]2C=C3[C@H]4CN(Cc5cc6c(cc54)OCO6)[C@H]3C[C@@H]2OC)cc1OC,train
CHEMBL5069796,CHEMBL220,2.795880017344075,2022.0,2.795880017344075,OC[C@H]1O[C@@H](OCCCCc2cn(CCCc3ccc(O)c(/C=N/O)n3)nn2)[C@H](O)[C@@H](O)[C@@H]1O,train
CHEMBL5070022,CHEMBL220,4.0,2021.0,4.0,CO[C@H]1C=C2[C@H]3CN(Cc4cc5c(cc43)OCO5)[C@H]2C[C@@H]1OC(=O)N1CCCCC1,train
CHEMBL5071046,CHEMBL220,5.49,2023.0,5.49,CON(C)C(=O)Oc1ccccc1C(=O)NCCc1c[nH]c2ccccc12,train
CHEMBL507174,CHEMBL220,10.07,2008.0,10.07,C=CCN(CCCCNc1c2c(nc3ccccc13)CCCC2)CCCNc1c2c(nc3ccccc13)CCCC2,train
CHEMBL5072382,CHEMBL220,6.32,2022.0,6.32,Cc1c(C)c2ccc(OCC3CCCN(CCCC(F)F)C3)cc2oc1=O,val
CHEMBL5072428,CHEMBL220,8.38,2021.0,8.38,Oc1cccc(CCCCCCCCNc2c3c(nc4cc(Cl)ccc24)CCCC3)c1,val
CHEMBL5072956,CHEMBL220,4.0,2021.0,4.0,COc1ccccc1C(=O)O[C@H]1C=C2[C@H]3CN(Cc4cc5c(cc43)OCO5)[C@H]2C[C@@H]1OC,train
CHEMBL507304,CHEMBL220,7.85,2008.0,7.85,CCN(CCCCCCN1C(=O)c2ccc(-c3ccc4c(c3)C(=O)N(CCCCCCN(CC)Cc3ccccc3OC)C4=O)cc2C1=O)Cc1ccccc1OC,train
CHEMBL5073819,CHEMBL220,7.72,2021.0,7.72,Oc1cccc(CCCCCCCCNc2c3c(nc4ccccc24)CCCC3)c1,val
CHEMBL507438,CHEMBL220,8.13,2008.0,8.13,Cc1cc(CCNc2c3c(nc4ccccc24)CCCC3)cc(CCNc2c3c(nc4ccccc24)CCCC3)c1,train
CHEMBL5074625,CHEMBL220,5.4,2021.0,5.4,O=C(O[C@H]1CN2Cc3cc4c(cc3[C@]13C=C[C@@H](O)C[C@H]23)OCO4)c1cccc([N+](=O)[O-])c1,train
CHEMBL5075459,CHEMBL220,5.37,2021.0,5.37,CO[C@H]1C[C@H]2C(=C[C@@H]1OC(=O)c1ccc(C)c([N+](=O)[O-])c1)[C@H]1CN2Cc2cc3c(cc21)OCO3,train
CHEMBL5076593,CHEMBL220,4.0,2021.0,4.0,CO[C@H]1C[C@H]2C(=C[C@@H]1OC(=O)c1ccccc1)[C@H]1CN2Cc2cc3c(cc21)OCO3,train
CHEMBL5076804,CHEMBL220,4.96,2022.0,4.96,COc1cc2c(c3c1OCOC3)C[C@H]1c3c(cc4c(c3OC)OCO4)CC[N+]1=C2.O=C([O-])C(F)(F)F,train
CHEMBL5076903,CHEMBL220,4.0,2021.0,4.0,CO[C@H]1C[C@H]2C(=C[C@@H]1OC(=O)c1cccc([N+](=O)[O-])c1)[C@H]1CN2Cc2cc3c(cc21)OCO3,train
CHEMBL5077234,CHEMBL220,8.29,2021.0,8.29,COc1cc(CCCCCCCCNc2c3c(nc4cc(Cl)ccc24)CCCC3)cc(OC)c1,val
CHEMBL5077388,CHEMBL220,4.0,2021.0,4.0,CO[C@H]1C[C@H]2C(=C[C@@H]1OC(=O)c1cccs1)[C@H]1CN2Cc2cc3c(cc21)OCO3,val
CHEMBL5077463,CHEMBL220,4.0,2021.0,4.0,CO[C@H]1C[C@H]2C(=C[C@@H]1OC(=O)c1ccoc1)[C@H]1CN2Cc2cc3c(cc21)OCO3,test
CHEMBL5077601,CHEMBL220,4.0,2021.0,4.0,CO[C@H]1C=C2[C@H]3CN(Cc4cc5c(cc43)OCO5)[C@H]2C[C@@H]1OC(=O)c1ccc(Cl)c([N+](=O)[O-])c1,train
CHEMBL5077963,CHEMBL220,4.0,2021.0,4.0,COc1ccc(C(=O)O[C@H]2C=C3[C@H]4CN(Cc5cc6c(cc54)OCO6)[C@H]3C[C@@H]2OC)cc1,train
CHEMBL5078078,CHEMBL220,5.0,2023.0,5.0,CC(C)(O)c1ccc(N2Cc3c(ccnc3-c3ccc(F)cc3OCC(F)(F)F)C2=O)cc1,train
CHEMBL5078153,CHEMBL220,4.0,2021.0,4.0,CO[C@H]1C[C@H]2C(=C[C@@H]1OC(=O)c1ccc([N+](=O)[O-])cc1Cl)[C@H]1CN2Cc2cc3c(cc21)OCO3,train
CHEMBL5078555,CHEMBL220,8.6,2021.0,8.6,COC(=O)c1c(CCCCCCCCNc2c3c(nc4cc(Cl)ccc24)CCCC3)cccc1OC,val
CHEMBL5078658,CHEMBL220,5.82,2022.0,5.82,Cc1c(C)c2ccc(OCc3ccc(CN(C)CCCC(F)F)cc3)cc2oc1=O,train
CHEMBL5078674,CHEMBL220,4.0,2021.0,4.0,COc1cccc(C(=O)O[C@H]2C=C3[C@H]4CN(Cc5cc6c(cc54)OCO6)[C@H]3C[C@@H]2OC)c1,train
CHEMBL5078705,CHEMBL220,4.0,2021.0,4.0,CO[C@H]1C[C@H]2C(=C[C@@H]1OC(=O)c1ccc([N+](=O)[O-])cc1)[C@H]1CN2Cc2cc3c(cc21)OCO3,train
CHEMBL507885,CHEMBL220,8.32,2008.0,8.32,CCN(CCCCCC(=O)N1Cc2ccc3c4c(ccc(c24)C1)CN(C(=O)CCCCCN(CC)Cc1ccccc1OC)C3)Cc1ccccc1OC,train
CHEMBL5078914,CHEMBL220,7.87,2021.0,7.87,O=C(O)c1c(O)cccc1CCCCCCCCNc1c2c(nc3cc(Cl)ccc13)CCCC2,val
CHEMBL507903,CHEMBL220,8.11,2008.0,8.11,CCN(CCCCCCn1c(=O)c2cc3c(=O)n(CCCCCCN(CC)Cc4ccccc4OC)c(=O)c3cc2c1=O)Cc1ccccc1OC,test
CHEMBL5079168,CHEMBL220,4.0,2021.0,4.0,Cc1ccccc1C(=O)O[C@@H]1C=C[C@]23CCN(Cc4cc5c(cc42)OCO5)[C@H]3C1,train
CHEMBL5079347,CHEMBL220,4.0,2021.0,4.0,CO[C@H]1C[C@H]2C(=C[C@@H]1OC(=O)N1CCCCC1)[C@H]1CN2Cc2cc3c(cc21)OCO3,train
CHEMBL5079544,CHEMBL220,5.66,2022.0,5.66,CN(CCCO)Cc1ccc(COc2ccc3c(CO)cc(=O)oc3c2)cc1,train
CHEMBL5079878,CHEMBL220,4.0,2021.0,4.0,CO[C@H]1C=C2[C@H]3CN(Cc4cc5c(cc43)OCO5)[C@H]2C[C@@H]1OC(=O)c1ccc(C)c([N+](=O)[O-])c1,train
CHEMBL5080190,CHEMBL220,4.79,2022.0,4.79,COc1cc2c[n+]3c(cc2c(CO)c1OC)-c1c(cc2c(c1OC)OCO2)CC3,train
CHEMBL5080499,CHEMBL220,4.0,2021.0,4.0,CO[C@H]1C[C@H]2C(=C[C@@H]1OC(=O)c1ccc(C)cc1)[C@H]1CN2Cc2cc3c(cc21)OCO3,train
CHEMBL5080685,CHEMBL220,7.68,2021.0,7.68,COC(=O)c1c(CCCCCCCCNc2c3c(nc4ccccc24)CCCC3)cccc1OC,val
CHEMBL5081301,CHEMBL220,4.0,2021.0,4.0,CO[C@H]1C[C@H]2C(=C[C@@H]1OC(=O)c1cccc(C)c1)[C@H]1CN2Cc2cc3c(cc21)OCO3,train
CHEMBL5081574,CHEMBL220,5.92,2022.0,5.92,Cc1c(C)c2ccc(OCC3CCN(CCCC(F)F)CC3)cc2oc1=O,test
CHEMBL5081663,CHEMBL220,5.92,2022.0,5.92,CCN(CCCOc1ccc2c(C)c(C)c(=O)oc2c1)Cc1cccc(F)c1,test
CHEMBL5082250,CHEMBL220,9.24,2022.0,9.24,N#Cc1ccc2[nH]cc(CCCCN3CCN(c4ccc(C(=O)CCC5CCN(Cc6ccccc6)CC5)cc4)CC3)c2c1,test
CHEMBL5082296,CHEMBL220,4.0,2021.0,4.0,CO[C@H]1C[C@H]2C(=C[C@@H]1OC(=O)c1ccccc1[N+](=O)[O-])[C@H]1CN2Cc2cc3c(cc21)OCO3,train
CHEMBL5082773,CHEMBL220,8.55,2021.0,8.55,COC(=O)c1c(O)cccc1CCCCCCCCNc1c2c(nc3cc(Cl)ccc13)CCCC2,val
CHEMBL5082824,CHEMBL220,5.98,2022.0,5.98,CN(CCCC(F)F)Cc1ccc(COc2ccc3c(CO)cc(=O)oc3c2)cc1,train
CHEMBL5083014,CHEMBL220,5.92,2022.0,5.92,Cc1c(C)c2ccc(OCC3CCCN(Cc4cccc(F)c4)C3)cc2oc1=O,test
CHEMBL5083432,CHEMBL220,4.8,2021.0,4.8,COc1c(-c2ccc(O)cc2)cc2oc3cc(O)c(O)cc3c2c1O,train
CHEMBL5083613,CHEMBL220,6.25,2022.0,6.25,CN(Cc1ccccc1)Cc1ccc(COc2ccc3c(C(F)F)cc(=O)oc3c2)cc1,test
CHEMBL5083737,CHEMBL220,5.77,2022.0,5.77,Cc1c(C)c2ccc(OCc3cccc(CN(C)CCCC(F)F)c3)cc2oc1=O,train
CHEMBL5083797,CHEMBL220,4.88,2021.0,4.88,CO[C@H]1C[C@H]2C(=C[C@@H]1OC(=O)c1cc([N+](=O)[O-])cc([N+](=O)[O-])c1)[C@H]1CN2Cc2cc3c(cc21)OCO3,train
CHEMBL5084128,CHEMBL220,3.853871964321762,2022.0,3.853871964321762,OC[C@H]1O[C@@H](OCCCc2ccc(O)c(/C=N/O)n2)[C@H](O)[C@@H](O)[C@@H]1O,train
CHEMBL5084173,CHEMBL220,4.0,2021.0,4.0,CO[C@H]1C[C@H]2C(=C[C@@H]1OC(=O)c1cc(Br)cc([N+](=O)[O-])c1)[C@H]1CN2Cc2cc3c(cc21)OCO3,train
CHEMBL5084379,CHEMBL220,5.9,2021.0,5.9,COC(=O)c1c(CCCCCCCCNc2c3c(nc4ccc(OC)cc24)CCCC3)cccc1OC,val
CHEMBL508510,CHEMBL220,4.15,2008.0,4.15,Oc1cccc(C2=Nc3ccccc3SC(c3cccc(O)c3)C2)c1,train
CHEMBL5085317,CHEMBL220,4.78,2022.0,4.78,COc1cc2c(c3c1OCOC3)C[C@H]1c3c(cc4c(c3OC)OCO4)CCN1C2,train
CHEMBL5085674,CHEMBL220,6.33,2022.0,6.33,Cc1c(C)c2ccc(OCC3CCN(Cc4cccc(C(F)(F)F)c4)CC3)cc2oc1=O,train
CHEMBL5086177,CHEMBL220,4.22,2021.0,4.22,O=C(O[C@@H]1C=C[C@]23CCN(Cc4cc5c(cc42)OCO5)[C@H]3C1)c1ccccc1[N+](=O)[O-],train
CHEMBL5086626,CHEMBL220,4.0,2021.0,4.0,CO[C@H]1C=C2[C@H]3CN(Cc4cc5c(cc43)OCO5)[C@H]2C[C@@H]1OC(=O)c1cc([N+](=O)[O-])ccc1Cl,train
CHEMBL5087001,CHEMBL220,4.0,2021.0,4.0,CO[C@H]1C[C@H]2C(=C[C@@H]1OC(=O)c1ccco1)[C@H]1CN2Cc2cc3c(cc21)OCO3,train
CHEMBL5087321,CHEMBL220,5.79,2021.0,5.79,CO[C@H]1C[C@H]2C(=C[C@@H]1OC(=O)c1ccc(Cl)c([N+](=O)[O-])c1)[C@H]1CN2Cc2cc3c(cc21)OCO3,train
CHEMBL5087646,CHEMBL220,6.74,2021.0,6.74,O=C(O)c1c(O)cccc1CCCCCCCCNc1c2c(nc3ccccc13)CCCC2,val
CHEMBL508778,CHEMBL220,5.1,2008.0,5.1,CC(C)(C)OC(=O)N[C@@H](Cc1c[nH]c2ccccc12)C(=O)NCCC(=O)Nc1c2c(nc3ccccc13)CCCC2,train
CHEMBL508781,CHEMBL220,4.0,2019.0,4.0,COc1cc2c3cc1Oc1c(O)c(OC)cc4c1[C@H](Cc1ccc(cc1)Oc1cc(ccc1O)C[C@H]3N(C)CC2)N(C)CC4,test
CHEMBL508791,CHEMBL220,4.63,2018.0,4.63,Oc1cc(O)cc(Oc2c(O)cc(O)c3c2Oc2c(O)cc(Oc4c(O)cc(Oc5c(O)cc(O)c6c5Oc5c(O)cc(O)cc5O6)cc4O)cc2O3)c1,train
CHEMBL5088074,CHEMBL220,4.0,2021.0,4.0,CO[C@H]1C[C@H]2C(=C[C@@H]1OCCN1CCCCC1)[C@H]1CN2Cc2cc3c(cc21)OCO3,test
CHEMBL5088077,CHEMBL220,4.0,2021.0,4.0,COc1c2c(cc3c1OCO3)[C@]13C=C[C@H](OC)C[C@H]1N(C2)C[C@H]3OC(=O)c1cccc2ccccc12,train
CHEMBL5088176,CHEMBL220,3.2365720064370627,2022.0,3.2365720064370627,OC[C@H]1O[C@@H](OCCCCc2cn(CCCCc3ccc(O)c(/C=N/O)n3)nn2)[C@H](O)[C@@H](O)[C@@H]1O,test
CHEMBL5088541,CHEMBL220,7.33,2021.0,7.33,COc1cc(CCCCCCCCNc2c3c(nc4ccccc24)CCCC3)cc(OC)c1,val
CHEMBL5088557,CHEMBL220,8.24,2021.0,8.24,COc1cccc(CCCCCCCCNc2c3c(nc4cc(Cl)ccc24)CCCC3)c1,val
CHEMBL5089535,CHEMBL220,4.89,2021.0,4.89,O=C(O[C@H]1CN2Cc3cc4c(cc3[C@]13C=C[C@@H](O)C[C@H]23)OCO4)c1ccccc1Cl,train
CHEMBL5089821,CHEMBL220,4.345,2022.0,4.345,COc1cc2c(c(CO)c1OC)C[C@H]1c3c(cc4c(c3OC)OCO4)CC[N+]1=C2.O=C([O-])C(F)(F)F,test
CHEMBL5090057,CHEMBL220,4.0,2021.0,4.0,CO[C@H]1C[C@H]2C(=C[C@@H]1OC(=O)C1CCCCC1)[C@H]1CN2Cc2cc3c(cc21)OCO3,test
CHEMBL5090153,CHEMBL220,6.48,2022.0,6.48,CN(Cc1ccc(COc2ccc3c(CO)cc(=O)oc3c2)cc1)Cc1cccc(F)c1,test
CHEMBL5090336,CHEMBL220,4.05,2021.0,4.05,COc1ccccc1C(=O)O[C@H]1CN2Cc3cc4c(cc3[C@]13C=C[C@@H](O)C[C@H]23)OCO4,train
CHEMBL5090352,CHEMBL220,4.0,2021.0,4.0,CO[C@H]1C=C2[C@H]3CN(Cc4cc5c(cc43)OCO5)[C@H]2C[C@@H]1OC(=O)c1ccc([N+](=O)[O-])cc1Cl,train
CHEMBL5090504,CHEMBL220,6.34,2022.0,6.34,Cc1c(C)c2ccc(OCC3CCN(Cc4cccc(F)c4)CC3)cc2oc1=O,train
CHEMBL5090683,CHEMBL220,8.22,2022.0,8.22,CCNC(=O)Oc1ccc2c(c1)[C@]1(C)CCOC1O2,train
CHEMBL5090722,CHEMBL220,4.0,2021.0,4.0,CO[C@H]1C[C@H]2C(=C[C@@H]1OC(=O)c1ccccc1C)[C@H]1CN2Cc2cc3c(cc21)OCO3,train
CHEMBL5091660,CHEMBL220,7.4,2021.0,7.4,COc1cccc(CCCCCCCCNc2c3c(nc4ccccc24)CCCC3)c1,val
CHEMBL5091842,CHEMBL220,5.5,2021.0,5.5,CO[C@H]1C[C@H]2C(=C[C@@H]1OC(=O)c1cc([N+](=O)[O-])ccc1Cl)[C@H]1CN2Cc2cc3c(cc21)OCO3,train
CHEMBL5092058,CHEMBL220,5.0,2022.0,5.0,Cc1cn([C@H](C)CC#N)c(=O)c2cc(Cn3nc(C(F)F)cc3Cl)nn12,train
CHEMBL5092094,CHEMBL220,7.77,2021.0,7.77,COC(=O)c1c(O)cccc1CCCCCCCCNc1c2c(nc3ccccc13)CCCC2,val
CHEMBL5094348,CHEMBL220,6.04,2022.0,6.04,Cc1c(C)c2ccc(OCCCN(Cc3cccc(F)c3)C(C)C)cc2oc1=O,test
CHEMBL510363,CHEMBL220,4.0,2014.0,4.0,COc1cc2c(cc1OC)C(Cc1ccc(O)cc1)NCC2,test
CHEMBL510508,CHEMBL220,4.03,2018.0,4.03,Oc1cc(O)cc(Oc2c(O)cc(O)c3c2Oc2c(O)cc4oc5c(Oc6cc(O)cc(O)c6)c(O)cc(O)c5c4c2O3)c1,val
CHEMBL51085,CHEMBL220,5.01695437047216,2014.0,5.01695437047216,O=c1c2ccccc2[se]n1-c1ccccc1,test
CHEMBL510954,CHEMBL220,4.58,2023.0,4.58,COc1ccc2c(c1)C[C@@H]1c3c(cc4c(c3-2)OCO4)CCN1C,train
CHEMBL511468,CHEMBL220,5.85,2009.0,5.85,COc1ccc(C(=O)c2ccc(CN(CCO)Cc3ccccc3)cc2)cc1OC,train
CHEMBL511575,CHEMBL220,4.39,2008.0,4.39,CN(CCCCCCCOc1ccc(-c2oc3ccccc3c2C(=O)c2ccccc2)cc1)Cc1ccccc1,train
CHEMBL511921,CHEMBL220,6.69,2017.0,6.69,Cc1ccc2c(c1)C(=O)C(=O)N2Cc1ccc(Br)cc1,train
CHEMBL511948,CHEMBL220,4.76,2008.0,4.76,CC(=O)c1c(-c2ccc(OCCCCCCCN(C)Cc3ccccc3)cc2)oc2ccccc12,train
CHEMBL512096,CHEMBL220,6.15,2008.0,6.15,CC1(C)CC(=O)C2=C(C1)Nc1nc3c(c(N)c1C2c1ccccc1)CCCC3,train
CHEMBL512475,CHEMBL220,6.3,2022.0,6.3,Clc1ccc2c(NCCCNCC34CC5CC(CC(C5)C3)C4)ccnc2c1,test
CHEMBL512569,CHEMBL220,4.0,2008.0,4.0,O=C1C2=C(CCCC2)S(=O)(=O)N1c1ccncc1.[O-][Cl+3]([O-])([O-])O,train
CHEMBL512758,CHEMBL220,4.0,2008.0,4.0,CC1=C(C)S(=O)(=O)N(c2c(F)c(F)nc(F)c2F)C1=O,train
CHEMBL512830,CHEMBL220,4.77,2011.0,4.77,COC(=O)CC[C@@H](C)[C@H]1CC(=O)[C@@]2(C)C3=C(C(=O)[C@@H](OC(C)=O)[C@]12C)[C@@]1(C)CC[C@H](O)C(C)(C)[C@@H]1CC3=O,train
CHEMBL513063,CHEMBL220,6.29,2020.0,6.29,COc1ccc(-c2csc(NC(=O)CCN3CCCC3)n2)cc1,train
CHEMBL513161,CHEMBL220,6.17,2008.0,6.17,Cc1ccc(C2C3=C(CC(C)(C)CC3=O)Nc3nc4c(c(N)c32)CCCC4)cc1,train
CHEMBL513236,CHEMBL220,5.43,2009.0,5.43,COc1ccccc1CN(C)Cc1ccc(C(=O)c2ccc(OC)c(OC)c2)cc1,train
CHEMBL513279,CHEMBL220,3.619788758288394,2001.0,3.619788758288394,COc1cc(OCC=C(C)C)c2ccc(=O)oc2c1,val
CHEMBL513281,CHEMBL220,4.0,2008.0,4.0,O=C1C2=C(CCCC2)S(=O)(=O)N1c1cccc(Cl)n1,train
CHEMBL514186,CHEMBL220,7.02,2013.0,7.02,COc1cc2c(cc1OC)C(=O)/C(=C/c1ccc(CN3CCCCC3)cc1)C2,train
CHEMBL514966,CHEMBL220,5.74,2009.0,5.74,COc1ccc(C(=O)c2ccc(CN(C)Cc3ccccc3)cc2)cc1,train
CHEMBL515394,CHEMBL220,7.13,2013.0,7.13,COc1cc2c(cc1OC)C(=O)C(Cc1ccc(CN3CCCCC3)cc1)C2,train
CHEMBL515891,CHEMBL220,6.29,2013.0,6.29,CCN(C)Cc1cccc(CC2Cc3cc(OC)c(OC)cc3C2=O)c1,test
CHEMBL51628,CHEMBL220,2.768801001050522,2001.0,2.768801001050522,O=c1ccc2ccc(O)cc2o1,val
CHEMBL5169453,CHEMBL220,7.32,2022.0,7.32,CCCCN(CCOc1cccc2c(OC(=O)N(C)C)cccc12)CCC1CCCCCC1,train
CHEMBL5169502,CHEMBL220,2.845880474484153,2022.0,2.845880474484153,COc1ccc(C2CC(c3ccc(-c4ccccc4)cc3)=NN2C(C)=O)cc1OC,train
CHEMBL5169560,CHEMBL220,7.03,2022.0,7.03,c1ccc2c(NCCN3CCOCC3)c3c(nc2c1)CCCC3,train
CHEMBL5169638,CHEMBL220,5.75,2022.0,5.75,COc1cc(/C=C/c2cc(=O)oc3c2ccc2oc(-c4ccc(C)cc4)cc23)cc(OC)c1,train
CHEMBL5169781,CHEMBL220,6.72,2022.0,6.72,O=C(COc1ccc(Cl)cc1)NCCN1CCN(Cc2ccccc2)CC1,train
CHEMBL5169783,CHEMBL220,2.8768019249680012,2022.0,2.8768019249680012,CC(=O)N1N=C(c2ccc(-c3ccccc3)cc2)CC1c1ccccc1,train
CHEMBL5170213,CHEMBL220,7.68,2022.0,7.68,NS(=O)(=O)c1ccc(NCc2cccc(Cl)c2O)cc1,train
CHEMBL5170719,CHEMBL220,5.01,2022.0,5.01,CCN(CC)C(=O)c1ccc2c(c1)nc(Cc1ccc(OC(=O)NCCCCCCN3CCc4ccccc4C3)cc1)n2CCC(C)C,train
CHEMBL5170984,CHEMBL220,5.77,2022.0,5.77,O=C(COc1ccc(-c2ccccc2)cc1)NCC1CCN(Cc2ccccc2)CC1,test
CHEMBL5171010,CHEMBL220,5.19,2022.0,5.19,CCOc1ccc(C(=O)Cc2ncc(C(=O)N(C)CCCOc3ccc([N+](=O)[O-])cc3)cn2)cc1,val
CHEMBL5171026,CHEMBL220,4.55,2022.0,4.55,NC(=O)c1cc[n+](CCC[n+]2cc(F)c(/C=N/O)c(F)c2)cc1.[Br-].[Br-],train
CHEMBL5171192,CHEMBL220,4.53,2022.0,4.53,COc1ccc(C(=O)Cc2ncc(C(=O)N(C)CCCOc3ccc(C(F)(F)F)cc3)cn2)cc1,val
CHEMBL5171268,CHEMBL220,5.0,2022.0,5.0,COc1ccc(C(=O)Cc2ncc(C(=O)NCc3ccc(OC)c(OC)c3)cn2)cc1,train
CHEMBL5171428,CHEMBL220,6.09,2022.0,6.09,Cc1cccc2sc(NC(=O)CCN3CCN(C(C)(C)C)CC3)nc12,train
CHEMBL5171929,CHEMBL220,7.72,2021.0,7.72,COc1ccc(/C=C/C(=O)Nc2cc[n+](Cc3cccc(F)c3)cc2)cc1OC.[Br-],train
CHEMBL5171946,CHEMBL220,2.8121973612815805,2022.0,2.8121973612815805,CC(=O)N1N=C(c2ccc(-c3ccccc3)cc2)CC1c1ccc(C(=O)O)cc1,train
CHEMBL5172037,CHEMBL220,3.8079904073463298,2022.0,3.8079904073463298,COc1ccc(CCc2cc(=O)c3c(o2)[C@H]2O[C@H]2[C@@H](O)[C@H]3OC)cc1,val
CHEMBL5172256,CHEMBL220,4.4,2022.0,4.4,Cc1cccc2sc(NC(=O)CCN3CCN(Cc4ccc(C(C)(C)C)cc4)CC3)nc12,test
CHEMBL5172343,CHEMBL220,5.34,2022.0,5.34,COc1ccc(C(=O)Cc2ncc(C(=O)N(C)CCCOc3ccc([N+](=O)[O-])cc3)cn2)cc1,val
CHEMBL5172348,CHEMBL220,5.01,2022.0,5.01,CCN(C)C(=O)Oc1ccc(C2CC(=O)c3c(O)cc(OC(=O)N(C)CC)cc3O2)cc1,test
CHEMBL517247,CHEMBL220,4.64,2021.0,4.64,CC(C)=CCC/C(C)=C/Cc1c(O)ccc2cc(-c3cc(O)cc(O)c3CC=C(C)C)oc12,train
CHEMBL5172647,CHEMBL220,7.21,2022.0,7.21,COc1cc2nc3c(c(N4CCOCC4)c2cc1OC)CCCC3,train
CHEMBL5173038,CHEMBL220,7.68,2024.0,7.68,O=C(CCN1CCCCC1)Nc1ccc2nc(-c3cc4ccccc4[nH]3)[nH]c(=O)c2c1,train
CHEMBL5173381,CHEMBL220,4.36,2022.0,4.36,NC(=O)c1cc[n+](CCCC[n+]2ccc(/C=N/O)c(F)c2)cc1.[Br-].[Br-],train
CHEMBL5173420,CHEMBL220,5.28,2022.0,5.28,Cc1cccc2sc(NC(=O)CCN3CCN(Cc4ccccc4F)CC3)nc12,test
CHEMBL5174183,CHEMBL220,6.52,2022.0,6.52,O=C(CN1CCN(Cc2ccccc2)CC1)Nc1n[nH]c2ncccc12,train
CHEMBL5174252,CHEMBL220,6.52,2022.0,6.52,O=[N+]([O-])c1ccc2nc3c(c(Nc4[nH]nc5ncccc45)c2c1)CCCC3,train
CHEMBL5174709,CHEMBL220,5.32,2022.0,5.32,CCC(c1ccc(O)c(OC)c1)c1ccc(OC)cc1O,train
CHEMBL5175476,CHEMBL220,4.15,2022.0,4.15,O=c1c2ccccc2nc2n1C(c1cncc3[nH]c4ccccc4c13)CC2O,train
CHEMBL5175686,CHEMBL220,2.988006885340743,2022.0,2.988006885340743,CC(=O)N1N=C(c2ccc(-c3ccccc3)cc2)CC1c1cccc([N+](=O)[O-])c1,train
CHEMBL5175715,CHEMBL220,6.52,2022.0,6.52,COc1ccc(OCC(=O)NCCN2CCN(Cc3ccccc3)CC2)cc1,train
CHEMBL5175815,CHEMBL220,6.12,2022.0,6.12,Cc1ccc2nc3c(c(NCCCl)c2c1)CCCC3,train
CHEMBL5175950,CHEMBL220,5.78,2022.0,5.78,O=C(COc1ccc(Cl)cc1)NCC1CCN(Cc2ccccc2)CC1,test
CHEMBL5176580,CHEMBL220,5.42,2022.0,5.42,CC(=O)c1ccc(N2CCN(CCC(=O)Nc3nc4c(C)cccc4s3)CC2)cc1,train
CHEMBL5176633,CHEMBL220,3.5543957967264026,2022.0,3.5543957967264026,C=C1c2[nH]c3ccc(OC)cc3c2C2[C@@H](CC)C1CCN2C,train
CHEMBL5176910,CHEMBL220,5.75,2022.0,5.75,COc1cc(/C=C/c2cc(=O)oc3c2ccc2oc(-c4ccccc4)cc23)cc(OC)c1,train
CHEMBL5176917,CHEMBL220,6.07,2022.0,6.07,CN1CCN(CCC(=O)Nc2n[nH]c3ncccc23)CC1,train
CHEMBL5177066,CHEMBL220,6.01,2022.0,6.01,Cc1ccc2nc3c(c(NCCN4CCN(C)CC4)c2c1)CCCC3,train
CHEMBL5177298,CHEMBL220,4.76,2022.0,4.76,Cc1cccc2sc(NC(=O)CCN3CCN(c4ccccn4)CC3)nc12,train
CHEMBL5177371,CHEMBL220,6.06,2022.0,6.06,COc1ccc(OCC(=O)NCC2CCN(Cc3ccccc3)CC2)cc1,test
CHEMBL5177419,CHEMBL220,6.04,2022.0,6.04,CC(=O)N1N=C(c2ccc(Br)cc2)CC1c1ccc(-c2ccccc2)cc1,test
CHEMBL5177448,CHEMBL220,4.46,2022.0,4.46,NC(=O)c1cc[n+](CCC[n+]2ccc(/C=N/O)c(F)c2)cc1.[Br-].[Br-],train
CHEMBL5177936,CHEMBL220,7.71,2021.0,7.71,COc1cc(/C=C/C(=O)OCCCCCN(C)Cc2cccc(OC(=O)N(C)C)c2)ccc1O,train
CHEMBL5177941,CHEMBL220,6.58,2023.0,6.58,COc1ccc(-c2cc(-c3ccc(OC)cc3)c3c(N)n[nH]c3n2)cc1,train
CHEMBL5178216,CHEMBL220,4.86,2022.0,4.86,C=C(C)[C@]1(O)CC[C@@]2(C)C3=Cc4c(cc(-c5cccnc5)oc4=O)O[C@]3(C)[C@@H](O)C[C@@H]2[C@@]12CCC(=O)OC2,train
CHEMBL5178350,CHEMBL220,6.22,2022.0,6.22,Cc1cc(Br)cc(C)c1OCC(=O)NCC1CCN(Cc2ccccc2)CC1,test
CHEMBL5178355,CHEMBL220,7.39,2022.0,7.39,CCCCC1OC(=O)c2cc(OCc3ccc(CN4CCCCC4)c(O)c3)ccc21,train
CHEMBL5178466,CHEMBL220,4.3979400086720375,2022.0,4.3979400086720375,Cc1ccccc1N1CCN(CCC(=O)Nc2nc3c(C)cccc3s2)CC1,train
CHEMBL5178629,CHEMBL220,5.88,2022.0,5.88,CCN(CC)Cc1ccc(C=C2Cc3ccccc3C2=O)cc1,train
CHEMBL5178828,CHEMBL220,5.11,2022.0,5.11,CCCCN(CCCc1c[nH]c2ccccc12)CCC1CCN(Cc2ccccc2)CC1,train
CHEMBL5178885,CHEMBL220,7.89,2022.0,7.89,O=C(Nc1ccc(OC(F)(F)F)cc1)NC1CCN(C(=O)CCCCNc2c3c(nc4cc(Cl)ccc24)CCCC3)CC1,train
CHEMBL5179658,CHEMBL220,6.779999999999999,2022.0,6.779999999999999,CCCCCCCNC(=O)Oc1ccc(Cc2nc3cc(C(=O)N(CC)CC)ccc3n2CCC(C)C)cc1,train
CHEMBL5179832,CHEMBL220,6.19,2022.0,6.19,CC(=O)N1N=C(c2ccc(-c3ccccc3)cc2)CC1c1ccccc1[N+](=O)[O-],train
CHEMBL5180014,CHEMBL220,6.29,2022.0,6.29,O=C(COc1ccc([N+](=O)[O-])cc1)NCC1CCN(Cc2ccccc2)CC1,test
CHEMBL5180422,CHEMBL220,4.24,2022.0,4.24,C[C@H]1CN2C(=O)[C@]34Cc5c([nH]c6c7c(ccc56)OC(C)(C)CC7=O)C(C)(C)[C@@H]3C[C@@]2(C1)C(=O)N4,val
CHEMBL5180612,CHEMBL220,5.41,2022.0,5.41,CCCCC1OC(=O)c2cc(OCc3ccc(CN4CCCC4)c(O)c3)ccc21,train
CHEMBL5180743,CHEMBL220,4.6,2022.0,4.6,CN(CCC1CCCCCC1)Cc1c[nH]c2ccccc12,train
CHEMBL5181051,CHEMBL220,7.35,2022.0,7.35,CCC1C/C(=C\c2cc(OC)c(OC)c(OC)c2Br)C(=O)c2ccccc21,train
CHEMBL5181066,CHEMBL220,7.68,2022.0,7.68,NS(=O)(=O)c1ccc(/N=C/c2cc(Br)cc(Cl)c2O)cc1,train
CHEMBL5181301,CHEMBL220,6.21,2022.0,6.21,CCN(CC)Cc1ccc(/C=C2\Cc3ccccc3C2=O)cc1,train
CHEMBL5181657,CHEMBL220,5.48,2022.0,5.48,CCCCC1OC(=O)c2cc(OCc3ccc(CN4CCOCC4)c(O)c3)ccc21,test
CHEMBL5181664,CHEMBL220,6.67,2022.0,6.67,c1ccc2c(c1)CCN1Cc3cc(OCCCN4CCCCC4)ccc3N=C21,test
CHEMBL5182136,CHEMBL220,5.55,2022.0,5.55,COc1cc(/C=C/c2cc(=O)oc3c2ccc2oc(-c4cc(OC)cc(OC)c4)cc23)cc(OC)c1,train
CHEMBL5182185,CHEMBL220,2.8079904073463298,2022.0,2.8079904073463298,CC(=O)N1N=C(c2ccc(-c3ccccc3)cc2)CC1c1ccc([N+](=O)[O-])cc1,train
CHEMBL5182486,CHEMBL220,5.58,2022.0,5.58,CCn1c2ccccc2c2cc(/C=C/c3ccc(NC(=S)NCCN4CCCC4)cc3)ccc21,train
CHEMBL5182776,CHEMBL220,6.46,2022.0,6.46,CCCCC1OC(=O)c2cc(OCc3ccc(CN(CC)CC)c(O)c3)ccc21,train
CHEMBL5182803,CHEMBL220,6.87,2022.0,6.87,O=C(COc1ccc(CCc2ccccc2)cc1)NCC1CCN(Cc2ccccc2)CC1,test
CHEMBL5182809,CHEMBL220,6.09,2022.0,6.09,Cc1ccc2nc3c(c(Nc4[nH]nc5ncccc45)c2c1)CCCC3,train
CHEMBL5183077,CHEMBL220,6.64,2022.0,6.64,O=C(CCN1CCN(c2ccccc2)CC1)Nc1n[nH]c2ncccc12,train
CHEMBL5183248,CHEMBL220,5.56,2022.0,5.56,Cc1cccc2sc(NC(=O)CCN3CCN(C(C)C)CC3)nc12,train
CHEMBL5183251,CHEMBL220,4.73,2022.0,4.73,CCCCN(CCC1CCCCCC1)Cc1cc2ccccc2cc1O,train
CHEMBL5183299,CHEMBL220,4.62,2022.0,4.62,CCCCC1OC(=O)c2cc(OCc3ccc(CN4CCN(C)CC4)c(O)c3)ccc21,train
CHEMBL5183314,CHEMBL220,2.9476909003526766,2022.0,2.9476909003526766,COc1ccc(C2=NN(C(C)=O)C(c3ccc(-c4ccccc4)cc3)C2)c(OC)c1,test
CHEMBL5183866,CHEMBL220,4.52,2021.0,4.52,OCCCCCCCCc1ccc(CN2CCCCC2)c(O)c1,test
CHEMBL5183930,CHEMBL220,6.02,2022.0,6.02,CCN(CC)Cc1ccc(/C=C2\Cc3ccc(OC)cc3C2=O)cc1,train
CHEMBL5183944,CHEMBL220,5.64,2021.0,5.64,Oc1cc2c(cc1O)-c1cc3ccc(O)c(O)c3c[n+]1CC2.[Br-],train
CHEMBL518399,CHEMBL220,6.63,2013.0,6.63,CCN(CC)Cc1cccc(/C=C2\Cc3cc(OC)c(OC)cc3C2=O)c1,train
CHEMBL5184063,CHEMBL220,4.2,2022.0,4.2,NC(=O)c1cc[n+](CCCC[n+]2cc(F)c(/C=N/O)c(F)c2)cc1.[Br-].[Br-],train
CHEMBL5184154,CHEMBL220,2.7106340484799682,2022.0,2.7106340484799682,COc1cc(C2=NN(C(C)=O)C(c3ccc(-c4ccccc4)cc3)C2)cc(OC)c1OC,test
CHEMBL5184276,CHEMBL220,4.63,2022.0,4.63,CCCC[N+](C)(CCCc1c[nH]c2ccccc12)CCC1CCCCCC1.[I-],train
CHEMBL5184301,CHEMBL220,5.29,2022.0,5.29,CCN1CCN(c2ccc(-c3nc4ccccc4[nH]3)cc2)CC1,train
CHEMBL5184601,CHEMBL220,3.4624327428473247,2022.0,3.4624327428473247,O=C(O)C1=Nc2ccccc2CN1,val
CHEMBL5184869,CHEMBL220,6.28,2022.0,6.28,Cc1ccc2nc3c(c(N4CCN(c5c6c(nc7ccc(C)cc57)CCCC6)CC4)c2c1)CCCC3,train
CHEMBL5184984,CHEMBL220,6.04,2022.0,6.04,CC(=O)N1N=C(c2ccc3c(c2)OCO3)CC1c1ccc(-c2ccccc2)cc1,train
CHEMBL518500,CHEMBL220,4.0,2008.0,4.0,O=C1c2ccccc2S(=O)(=O)N1c1c(F)c(F)nc(F)c1F,train
CHEMBL5185065,CHEMBL220,5.4,2022.0,5.4,COc1cccc(C(=O)Cc2ncc(C(=O)N(C)CCCOc3ccc([N+](=O)[O-])cc3)cn2)c1,val
CHEMBL5185134,CHEMBL220,6.3,2022.0,6.3,CCN(CC)Cc1ccc(C=C2Cc3cc(OC)ccc3C2=O)cc1,train
CHEMBL5185234,CHEMBL220,6.05,2022.0,6.05,O=C(COc1ccc(CCc2ccccc2)cc1)NCCN1CCN(Cc2ccccc2)CC1,test
CHEMBL5185240,CHEMBL220,5.75,2022.0,5.75,COc1cc(/C=C/c2cc(=O)oc3c2ccc2oc(-c4ccc(Cl)cc4)cc23)cc(OC)c1,train
CHEMBL5185354,CHEMBL220,6.52,2022.0,6.52,CC(=O)Nc1ccc2nc3c(c(N4CCCCC4)c2c1)CCCC3,train
CHEMBL5185422,CHEMBL220,6.18,2022.0,6.18,O=C(CCN1CCCCC1)Nc1n[nH]c2ncccc12,train
CHEMBL518543,CHEMBL220,5.51,2013.0,5.51,CC(C)=CCc1c(-c2ccc(O)cc2O)oc2c(CC=C(C)C)c(O)cc(O)c2c1=O,train
CHEMBL5185503,CHEMBL220,5.96,2022.0,5.96,CC(=O)Nc1ccc2nc3c(c(N4CCOCC4)c2c1)CCCC3,train
CHEMBL5185552,CHEMBL220,4.69,2022.0,4.69,CCN1CCN(CCC(=O)Nc2nc3c(C)cccc3s2)CC1,train
CHEMBL5185580,CHEMBL220,2.9935339577507682,2022.0,2.9935339577507682,CC(=O)N1N=C(c2cccc3ccccc23)CC1c1ccc(-c2ccccc2)cc1,test
CHEMBL5185843,CHEMBL220,4.55,2022.0,4.55,COc1ccc(C(=O)Cc2ncc(C(=O)NC3CCN(Cc4ccccc4)CC3)cn2)cc1,test
CHEMBL5185868,CHEMBL220,9.1,2022.0,9.1,O=C(COc1ccc(Cl)cc1[N+](=O)[O-])NCCN1CCN(Cc2ccccc2)CC1,train
CHEMBL5186051,CHEMBL220,4.35,2022.0,4.35,COc1ccc(C(=O)Cc2ncc(C(=O)N(C)CCCOc3cccc(OC)c3)cn2)cc1,val
CHEMBL5186394,CHEMBL220,5.29,2022.0,5.29,COc1ccc(C(=O)Cc2ncc(C(=O)N(C)CCCOc3c(F)c(F)c(F)c(F)c3F)cn2)cc1,val
CHEMBL5186470,CHEMBL220,5.24,2022.0,5.24,O=c1c2ccccc2nc2n1CC[C@@H]2[C@@H]1CCCN1,train
CHEMBL5186753,CHEMBL220,6.27,2022.0,6.27,c1ccc2c(c1)CCCN1Cc3cc(OCCCN4CCCCC4)ccc3N=C21,train
CHEMBL5186796,CHEMBL220,4.76,2022.0,4.76,COc1ccc(C(=O)Cc2ncc(C(=O)N3CCN(Cc4ccccc4)CC3)cn2)cc1,test
CHEMBL5186889,CHEMBL220,5.86,2022.0,5.86,CCCCN(CCc1c[nH]c2c(OC(=O)C(C)C)cccc12)CCC1CCCCCC1,train
CHEMBL5186955,CHEMBL220,4.97,2022.0,4.97,CCN(C)C(=O)Oc1ccc(C2CC(=O)c3c(OC(=O)N(C)CC)cc(OC(=O)N(C)CC)cc3O2)cc1,test
CHEMBL5187045,CHEMBL220,6.15,2022.0,6.15,CCN(CC)C(=O)c1ccc2c(c1)nc(Cc1ccc(OC(=O)N3CCC3)cc1)n2CCC(C)C,train
CHEMBL5187221,CHEMBL220,5.14,2021.0,5.14,C[N+](C)(C)CCNC(=O)/C=C/c1ccc(O)c(O)c1,val
CHEMBL5187324,CHEMBL220,6.06,2022.0,6.06,CN(CCCOc1ccc([N+](=O)[O-])cc1)C(=O)c1cnc(CC(=O)c2cccs2)nc1,train
CHEMBL5187436,CHEMBL220,7.17,2022.0,7.17,CC(=O)N1N=C(c2ccc3ccccc3c2)CC1c1ccc(-c2ccccc2)cc1,test
CHEMBL5187561,CHEMBL220,6.8,2022.0,6.8,CN1c2ccccc2C(NCCCCCCC(=O)CCCCNc2c3c(nc4ccccc24)CCCC3)c2ccc(Cl)cc2S1(=O)=O,train
CHEMBL5187881,CHEMBL220,9.82,2021.0,9.82,COc1cc2c(cc1OC)C(=O)/C(=C/c1cc[n+](Cc3ccc(F)cc3)cc1)OC2.[Br-],train
CHEMBL5188111,CHEMBL220,5.6850000000000005,2022.0,5.6850000000000005,CCCCCCCNC(=O)Oc1ccc(Cc2nc3cc(C(=O)N(CC)CC)ccc3n2CCCCN2CCCCC2)cc1,train
CHEMBL5188116,CHEMBL220,5.78,2022.0,5.78,CC1=C[C@H]2Cc3nc4cc(Cl)ccc4c(NCCCCC(=O)N4CCC(NC(=O)Nc5ccc(OC(F)(F)F)cc5)CC4)c3[C@@H](C1)C2,train
CHEMBL5188156,CHEMBL220,7.42,2020.0,7.42,COc1ccc(C2CC(c3ccc(Br)cc3)=NN2c2ccc(S(N)(=O)=O)cc2)c(OC)c1,train
CHEMBL5188500,CHEMBL220,6.0,2022.0,6.0,CC(=O)N1N=C(c2ccc(-c3ccccc3)cc2)CC1c1ccc2c(c1)OCO2,train
CHEMBL5188541,CHEMBL220,5.11,2021.0,5.11,COc1ccc2cc3[n+](cc2c1OC)CCc1cc(O)c(O)cc1-3.[Br-],train
CHEMBL5188928,CHEMBL220,5.59,2022.0,5.59,Cc1ccc2nc3c(c(NCCN4CCCCC4)c2c1)CCCC3,train
CHEMBL5189021,CHEMBL220,7.220000000000001,2022.0,7.220000000000001,CCCCCCCNC(=O)Oc1ccc(Cc2nc3cc(C(=O)N4CCCCC4)ccc3n2CCC(C)C)cc1,train
CHEMBL5189102,CHEMBL220,4.15,2022.0,4.15,CCCCN(CCc1c[nH]c2cc(O)ccc12)CCC1CCCCCC1,train
CHEMBL5189408,CHEMBL220,8.55,2022.0,8.55,O=C(COc1cc(F)ccc1[N+](=O)[O-])NCCN1CCN(Cc2ccccc2)CC1,train
CHEMBL5189505,CHEMBL220,6.07,2022.0,6.07,CC(=O)N1N=C(c2ccc(C)cc2)CC1c1ccc(-c2ccccc2)cc1,test
CHEMBL5189796,CHEMBL220,5.28,2023.0,5.28,Nc1n[nH]c2nc(-c3ccccc3)cc(-c3ccccc3)c12,train
CHEMBL5189830,CHEMBL220,4.985,2022.0,4.985,CN(C)C1CCC(CCN(CCCc2c[nH]c3ccccc23)CCC2CCCCCC2)CC1,train
CHEMBL5190129,CHEMBL220,7.0,2022.0,7.0,CCCCN(CCC1CCCCCC1)Cc1ccc(OC(=O)N(C)C)c2ccccc12,train
CHEMBL5190179,CHEMBL220,3.1051303432547472,2021.0,3.1051303432547472,OCCCCCCCCc1ccc(CN2CCCCCC2)c(O)c1,test
CHEMBL5190530,CHEMBL220,6.75,2022.0,6.75,Cc1ccc2nc3c(c(NCCO)c2c1)CCCC3,train
CHEMBL5190569,CHEMBL220,8.668745543646882,2021.0,8.668745543646882,COc1cc(/C=C/c2nnc(-c3ccc(C(F)(F)F)cc3)o2)ccc1O,val
CHEMBL5190969,CHEMBL220,7.05,2022.0,7.05,Cc1cc(Br)cc(C)c1OCC(=O)NCCN1CCN(Cc2ccccc2)CC1,train
CHEMBL5191152,CHEMBL220,4.83,2022.0,4.83,CO[C@@H]1C=C[C@@]23c4cc5c(cc4CN(C[C@@H]2OC(=O)c2ccc([N+](=O)[O-])cc2)C3C1)OCO5,train
CHEMBL5191163,CHEMBL220,4.39,2022.0,4.39,O=c1c2ccccc2nc2n1C(C1CN=Cc3[nH]c4ccccc4c31)CC2O,train
CHEMBL5191187,CHEMBL220,7.28,2022.0,7.28,CC(=O)N1N=C(c2ccccc2[N+](=O)[O-])CC1c1ccc(-c2ccccc2)cc1,test
CHEMBL5191224,CHEMBL220,2.7682756166714833,2022.0,2.7682756166714833,COc1ccc(OC)c(C2=NN(C(C)=O)C(c3ccc(-c4ccccc4)cc3)C2)c1,test
CHEMBL5191506,CHEMBL220,5.58,2022.0,5.58,COc1ccc2nc3c(c(N)c2c1)C1CC=CC(C3)C1,train
CHEMBL5192450,CHEMBL220,5.71,2022.0,5.71,O=C(CN1CCN(c2ccccc2)CC1)Nc1n[nH]c2ncccc12,test
CHEMBL5192664,CHEMBL220,6.82,2022.0,6.82,CCCCN(CCC1CCCCCC1)Cc1cn(OC(=O)N(C)C)c2ccccc12,train
CHEMBL5192784,CHEMBL220,4.3979400086720375,2022.0,4.3979400086720375,CCCCCCN1CCN(CCC(=O)Nc2nc3c(C)cccc3s2)CC1,train
CHEMBL5192958,CHEMBL220,4.32,2021.0,4.32,OCCCCCCCCc1ccc(CN2CCCC2)c(O)c1,test
CHEMBL5192987,CHEMBL220,4.3979400086720375,2022.0,4.3979400086720375,CCCCN1CCN(CCC(=O)Nc2nc3c(C)cccc3s2)CC1,train
CHEMBL5193082,CHEMBL220,4.9,2022.0,4.9,Cc1cccc2sc(NC(=O)CCN3CCN(Cc4cc(F)ccc4F)CC3)nc12,test
CHEMBL51931,CHEMBL220,4.0,2007.0,4.0,O=C1C(=O)c2ccccc2-c2ccccc21,test
CHEMBL5193140,CHEMBL220,5.92,2022.0,5.92,O=[N+]([O-])c1ccc2nc3c(c(N4CCOCC4)c2c1)CCCC3,train
CHEMBL5193255,CHEMBL220,4.53,2022.0,4.53,COc1ccc(C(=O)Cc2ncc(C(=O)N(C)CCCOc3ccc(OC)c(OC)c3)cn2)cc1,val
CHEMBL5193282,CHEMBL220,5.06,2022.0,5.06,CCCCC1OC(=O)c2cc(OCc3ccc(CN(C)C)c(O)c3)ccc21,train
CHEMBL51934,CHEMBL220,6.15,1992.0,6.15,Nc1c2c(nc3ccccc13)CCCC2O,train
CHEMBL5193520,CHEMBL220,7.38,2022.0,7.38,O=C(COc1ccc([N+](=O)[O-])cc1)NCCN1CCN(Cc2ccccc2)CC1,train
CHEMBL5194197,CHEMBL220,6.39,2022.0,6.39,Cc1cccc2sc(NC(=O)CCN3CCN(CCCN(C)C)CC3)nc12,train
CHEMBL5194728,CHEMBL220,4.74,2022.0,4.74,O=C(Cn1nc2ncccc2c1NC(=O)Cn1nc2ncccc2c1NC(=O)CN1CCN(Cc2ccccc2)CC1)Nc1[nH]nc2ncccc12,train
CHEMBL5194732,CHEMBL220,6.56,2022.0,6.56,O=C(CCN1CCOCC1)Nc1n[nH]c2ncccc12,val
CHEMBL519475,CHEMBL220,6.9,2010.0,6.9,CCc1ccccc1NC(=O)Oc1ccc2c(c1)[C@]1(C)CC[N+](C)([O-])[C@@H]1N2C,train
CHEMBL5194876,CHEMBL220,4.87,2021.0,4.87,CC(=O)O[C@@H]1C[C@@]2(C)Oc3cc(C)oc(=O)c3C[C@@H]2[C@@]2(C)C=CC(=O)C(C)(C)[C@H]12,train
CHEMBL5194943,CHEMBL220,7.09,2021.0,7.09,NS(=O)(=O)c1ccc(N2N=C(c3cccs3)CC2c2ccc(Br)cc2)cc1,train
CHEMBL5195980,CHEMBL220,6.99,2022.0,6.99,O=C(COc1cc(F)ccc1[N+](=O)[O-])NCC1CCN(Cc2ccccc2)CC1,test
CHEMBL5196199,CHEMBL220,3.3549709352788573,2022.0,3.3549709352788573,COc1ccc(CCc2cc(=O)c3c(o2)[C@H]2O[C@H]2[C@@H](O)[C@H]3OC)cc1O,val
CHEMBL5196827,CHEMBL220,5.48,2022.0,5.48,O=C(CCN1CCN(Cc2ccccc2)CC1)Nc1ccc2nc3n(c(=O)c2c1)CCC3,train
CHEMBL5196941,CHEMBL220,5.75,2022.0,5.75,COc1cc(/C=C/c2cc(=O)oc3c2ccc2oc(-c4ccc(F)cc4)cc23)cc(OC)c1,train
CHEMBL5196988,CHEMBL220,5.01,2022.0,5.01,COc1ccc(OCCCN(C)C(=O)c2cnc(CC(=O)c3ccc(OC)cc3)nc2)cc1,val
CHEMBL5196990,CHEMBL220,7.11,2022.0,7.11,NS(=O)(=O)c1ccc(NCc2cccc(Br)c2O)cc1,train
CHEMBL5197114,CHEMBL220,6.93,2022.0,6.93,Cc1ccc2nc3c(c(N4CCCCC4)c2c1)CCCC3,train
CHEMBL5197349,CHEMBL220,5.75,2022.0,5.75,COc1cc(/C=C/c2cc(=O)oc3c2ccc2oc(-c4cccc(Cl)c4)cc23)cc(OC)c1,train
CHEMBL5197518,CHEMBL220,8.538106086327222,2021.0,8.538106086327222,COc1cc(/C=C/c2nnc(-c3ccc(OC(F)(F)F)cc3)o2)ccc1O,val
CHEMBL5197832,CHEMBL220,6.1,2022.0,6.1,CC(=O)N1N=C(c2ccc(-c3ccccc3)cc2)CC1c1ccc2ccccc2c1,test
CHEMBL5197965,CHEMBL220,5.07,2021.0,5.07,COC/C(C=O)=C\CCC1=CC(c2cc(O)ccc2O)OC1=O,train
CHEMBL5198012,CHEMBL220,4.71,2022.0,4.71,Cc1cccc2sc(NC(=O)CCN3CCN(Cc4cccc5ccccc45)CC3)nc12,train
CHEMBL5198724,CHEMBL220,5.2,2022.0,5.2,Cc1ccc2nc3c(c(NCCN4CCN(Cc5ccccc5)CC4)c2c1)CCCC3,test
CHEMBL5198839,CHEMBL220,4.98,2022.0,4.98,Cc1cccc2sc(NC(=O)CCN3CCN(C4CCN(C)CC4)CC3)nc12,train
CHEMBL5199151,CHEMBL220,7.21,2021.0,7.21,COC(=O)/C=C/c1ccc(OCCCCCN2CCN(CC(=O)Nc3c4c(nc5ccccc35)CCCC4)CC2)c(OC)c1,train
CHEMBL5199187,CHEMBL220,6.88,2022.0,6.88,Cc1ccc2nc3c(c(NCCN4CCOCC4)c2c1)CCCC3,train
CHEMBL519926,CHEMBL220,6.04,2020.0,6.04,COc1ccc([C@H]2OC[C@H]3[C@@H]2CO[C@@H]3c2cc(OC)c(OC)c(OC)c2)cc1OC,train
CHEMBL5199361,CHEMBL220,6.61,2022.0,6.61,CN1CCN(c2c3c(nc4ccc([N+](=O)[O-])cc24)CCCC3)CC1,test
CHEMBL5199425,CHEMBL220,4.75,2022.0,4.75,COc1ccc(C(=O)Cc2ncc(C(=O)Nc3ccncc3)cn2)cc1,train
CHEMBL5199487,CHEMBL220,7.47,2022.0,7.47,O=C(CCN1CCN(Cc2ccccc2)CC1)Nc1n[nH]c2ncccc12,train
CHEMBL5199704,CHEMBL220,8.02,2022.0,8.02,C#CCOc1cccc(-c2cc(-c3ccc(OCCN4CCOCC4)cc3)nc(C)n2)c1,train
CHEMBL5200035,CHEMBL220,5.75,2022.0,5.75,COc1ccc(-c2cc3c(ccc4c(/C=C/c5cc(OC)cc(OC)c5)cc(=O)oc43)o2)cc1,train
CHEMBL5200047,CHEMBL220,8.57,2022.0,8.57,O=C(Nc1ccc(OC(F)(F)F)cc1)NC1CCN(C(=O)CCCNc2c3c(nc4cc(Cl)ccc24)CCCC3)CC1,train
CHEMBL5200462,CHEMBL220,7.46,2022.0,7.46,O=c1cc(/N=N/N=P(CCP(=N/N=N/c2cc(=O)oc3ccccc23)(c2ccccc2)c2ccccc2)(c2ccccc2)c2ccccc2)c2ccccc2o1,test
CHEMBL5200613,CHEMBL220,4.65,2023.0,4.65,COc1ccc(-c2cc(-c3ccccc3)nc3[nH]nc(N)c23)cc1,train
CHEMBL5200956,CHEMBL220,5.13,2021.0,5.13,CCOC1(c2cc(O)ccc2O)C=C(CC/C=C(\C)CCC=C(C)C)C(=O)O1,train
CHEMBL5201779,CHEMBL220,6.09,2022.0,6.09,c1cc2c(cc1OCCCN1CCCCC1)CN1CCCCCC1=N2,train
CHEMBL5201804,CHEMBL220,5.0,2022.0,5.0,CCCCCCCNC(=O)Oc1ccc(Cc2nc3cc(C(=O)N(CC)CC)ccc3n2CCN2CCCCC2)cc1,train
CHEMBL5202021,CHEMBL220,5.35,2022.0,5.35,COc1cc2oc(C(=O)Nc3cccc(CN(C)Cc4ccccc4)c3)cc(=O)c2cc1OC,train
CHEMBL5202267,CHEMBL220,6.12,2022.0,6.12,O=C(COc1ccccc1C(F)(F)F)NCC1CCN(Cc2ccccc2)CC1,test
CHEMBL5202485,CHEMBL220,6.24,2022.0,6.24,COc1cc(/C=C2\CCc3cc([N+](=O)[O-])ccc3C2=O)c(Br)c(OC)c1OC,train
CHEMBL5202541,CHEMBL220,5.75,2022.0,5.75,COc1cc(/C=C/c2cc(=O)oc3c2ccc2oc(-c4cccc(F)c4)cc23)cc(OC)c1,train
CHEMBL5202798,CHEMBL220,5.72,2022.0,5.72,O=[N+]([O-])c1ccc2nc3c(c(N4CCCCC4)c2c1)CCCC3,train
CHEMBL5203109,CHEMBL220,6.36,2022.0,6.36,Cc1ccc2nc3c(c(N4CCN(C)CC4)c2c1)CCCC3,test
CHEMBL5203291,CHEMBL220,4.32,2022.0,4.32,CC1=C(NC2CCN(Cc3ccccc3)CC2)C(=O)c2ccccc2C1=O,train
CHEMBL5203299,CHEMBL220,4.7,2022.0,4.7,CCOCCN1CCN(CCC(=O)Nc2nc3c(C)cccc3s2)CC1,train
CHEMBL5203325,CHEMBL220,5.9,2022.0,5.9,O=C(COc1ccc(Cc2ccccc2)cc1)NCC1CCN(Cc2ccccc2)CC1,test
CHEMBL5203777,CHEMBL220,4.96,2022.0,4.96,Cc1cccc2sc(NC(=O)CCN3CCN(C4CCCCC4)CC3)nc12,train
CHEMBL5203792,CHEMBL220,5.42,2022.0,5.42,COc1ccc(C(=O)Cc2ncc(C(=O)N(C)CCCOc3ccc([N+](=O)[O-])cc3)cn2)cc1OC,val
CHEMBL5204187,CHEMBL220,7.42,2020.0,7.42,COc1ccc(C2CC(c3ccccc3)=NN2c2ccc(S(N)(=O)=O)cc2)c(OC)c1,train
CHEMBL5204407,CHEMBL220,5.96,2022.0,5.96,CCN(CC)Cc1ccc(C=C2Cc3ccc(OC)cc3C2=O)cc1,train
CHEMBL5204532,CHEMBL220,6.13,2022.0,6.13,O=C(COc1ccc(-c2ccccc2)cc1)NCCN1CCN(Cc2ccccc2)CC1,test
CHEMBL5204734,CHEMBL220,5.0,2022.0,5.0,CN(CCCOc1ccc([N+](=O)[O-])cc1)C(=O)c1cnc(CC(=O)c2ccccc2)nc1,val
CHEMBL5204900,CHEMBL220,7.84,2022.0,7.84,O=C(Nc1ccc(OC(F)(F)F)cc1)NC1CCN(C(=O)CCNc2c3c(nc4cc(Cl)ccc24)CCCC3)CC1,train
CHEMBL5204934,CHEMBL220,6.47,2022.0,6.47,Cc1cccc2sc(NC(=O)CCN3CCN(CC4CCCCC4)CC3)nc12,train
CHEMBL5205006,CHEMBL220,6.62,2022.0,6.62,Cc1cccc2sc(NC(=O)CCN3CCN(CCN(C(C)C)C(C)C)CC3)nc12,train
CHEMBL5205050,CHEMBL220,7.42,2020.0,7.42,COc1ccc(C2CC(c3ccc(Br)cc3)=NN2c2ccc(S(N)(=O)=O)cc2)cc1OC,train
CHEMBL5205468,CHEMBL220,4.51,2022.0,4.51,COc1ccc(C(=O)Cc2ncc(C(=O)NCc3cccs3)cn2)cc1,train
CHEMBL5205489,CHEMBL220,7.25,2022.0,7.25,Nc1nn(-c2c3c(nc4ccc([N+](=O)[O-])cc24)CCCC3)c2ncccc12,train
CHEMBL5205498,CHEMBL220,5.54,2022.0,5.54,COc1ccc(/C=C2\CCc3cc([N+](=O)[O-])ccc3C2=O)c(Cl)c1OC,train
CHEMBL5206198,CHEMBL220,6.6,2022.0,6.6,CCN(CC)Cc1ccc(C=C2Cc3cc(OC)c(OC)cc3C2=O)cc1,train
CHEMBL5206245,CHEMBL220,6.0,2022.0,6.0,O=C(COc1ccc(Cc2ccccc2)cc1)NCCN1CCN(Cc2ccccc2)CC1,test
CHEMBL5206534,CHEMBL220,4.74,2022.0,4.74,Cc1cccc2sc(NC(=O)CCN3CCN(c4ccncc4)CC3)nc12,train
CHEMBL5206601,CHEMBL220,8.07,2021.0,8.07,COc1ccc(/C=C/C(=O)Nc2cc[n+](Cc3ccc(F)cc3)cc2)cc1OC.[Br-],train
CHEMBL5206644,CHEMBL220,4.17,2022.0,4.17,NC(=O)c1cc[n+](C/C=C/C[n+]2cc(F)c(/C=N/O)c(F)c2)cc1.[Br-].[Br-],val
CHEMBL5206663,CHEMBL220,4.52,2022.0,4.52,Cc1cccc2sc(NC(=O)CCN3CCN(c4ncccn4)CC3)nc12,train
CHEMBL5207120,CHEMBL220,6.91,2022.0,6.91,O=C(COc1ccc(Cl)cc1[N+](=O)[O-])NCC1CCN(Cc2ccccc2)CC1,test
CHEMBL5207319,CHEMBL220,4.47,2022.0,4.47,CN(CCC1CCN(Cc2ccccc2)CC1)Cc1c[nH]c2ccccc12,train
CHEMBL5207442,CHEMBL220,6.95,2022.0,6.95,CCN(CC)Cc1ccc(/C=C2\Cc3cc(OC)ccc3C2=O)cc1,train
CHEMBL5207628,CHEMBL220,8.71,2022.0,8.71,CC1=C[C@@H]2Cc3nc4cc(Cl)ccc4c(NCCCCC(=O)N4CCC(NC(=O)Nc5ccc(OC(F)(F)F)cc5)CC4)c3[C@H](C1)C2,train
CHEMBL5207817,CHEMBL220,5.1,2022.0,5.1,Cc1cccc2sc(NC(=O)CCN3CCN(CC4CCCO4)CC3)nc12,train
CHEMBL5207906,CHEMBL220,6.32,2022.0,6.32,Cc1cccc2sc(NC(=O)CCN3CCN(CCN(C)C)CC3)nc12,train
CHEMBL5208027,CHEMBL220,7.1,2022.0,7.1,COc1ccccc1/C=C/C=C(\Br)S(=O)(=O)F,val
CHEMBL5208032,CHEMBL220,6.0,2022.0,6.0,CN(CCCOc1ccc([N+](=O)[O-])cc1)C(=O)c1cnc(CC(=O)c2ccc3c(c2)OCO3)nc1,test
CHEMBL5208439,CHEMBL220,2.84740592207253,2022.0,2.84740592207253,COc1ccc(OC)c(C2CC(c3ccc(-c4ccccc4)cc3)=NN2C(C)=O)c1,train
CHEMBL5208529,CHEMBL220,6.85,2022.0,6.85,c1ccc2c(c1)CN1Cc3cc(OCCCN4CCCCC4)ccc3N=C21,train
CHEMBL5208725,CHEMBL220,6.65,2022.0,6.65,c1cc2c(cc1OCCCN1CCCCC1)CN1CCCCC1=N2,train
CHEMBL5208951,CHEMBL220,7.0,2022.0,7.0,COc1cc2c(Nc3ccc(C(=O)/C=C/c4nc(C)c(C)nc4C)cc3)ncnc2c(OC)c1OC,train
CHEMBL5209013,CHEMBL220,6.87,2022.0,6.87,O=C(COc1ccccc1C(F)(F)F)NCCN1CCN(Cc2ccccc2)CC1,train
CHEMBL5209231,CHEMBL220,5.75,2022.0,5.75,Cc1ccc2nc3c(c(N4CCOCC4)c2c1)CCCC3,train
CHEMBL5209347,CHEMBL220,5.94,2022.0,5.94,CCN(CC)Cc1ccc(/C=C2/Cc3cc(OC)ccc3C2=O)cc1,train
CHEMBL521,CHEMBL220,3.6287288985124153,2019.0,3.6287288985124153,CC(C)Cc1ccc(C(C)C(=O)O)cc1,val
CHEMBL521589,CHEMBL220,4.52,2017.0,4.52,CN(C)C(=O)Oc1cc(OC(=O)N(C)C)cc(C(O)CNC(C)(C)C)c1,val
CHEMBL5218447,CHEMBL220,6.28,2022.0,6.28,CN(CCCOc1ccc2ccc(=O)oc2c1)Cc1cccc(OC(=O)NC2CCCC2)c1,test
CHEMBL5218491,CHEMBL220,4.2,2022.0,4.2,O=C(Oc1cc(O)c2c(=O)cc(-c3ccc(O)cc3)oc2c1)N1CCCCC1,train
CHEMBL5218632,CHEMBL220,9.14,2022.0,9.14,CNC(=O)Oc1cccc(CN(C)CCCCCCCOc2ccc(-c3cc(=O)c4ccccc4o3)cc2)c1,train
CHEMBL521874,CHEMBL220,5.38,2008.0,5.38,O=C(CNC(=O)[C@@H]1Cc2ccccc2CN1)Nc1c2c(nc3ccccc13)CCCC2,train
CHEMBL5218804,CHEMBL220,9.58,2022.0,9.58,COc1cccc2c1CCC(NC(=O)OCc1ccccc1)C2,test
CHEMBL5218900,CHEMBL220,8.88,2022.0,8.88,CNC(=O)Oc1cccc(CN(C)CCCCCCOc2ccc(C(=O)/C=C/c3cc(OC)c(OC)c(OC)c3)c(O)c2)c1,train
CHEMBL5218931,CHEMBL220,6.6,2022.0,6.6,CC(=O)N1CC[C@@]2(O)c3cc(OC(=O)Nc4ccccc4)ccc3N[C@@H]12,train
CHEMBL5219046,CHEMBL220,6.56,2022.0,6.56,CC[C@@]1(c2cccc(OC(=O)Nc3ccccc3)c2)CCCCN(C)C1,train
CHEMBL5219098,CHEMBL220,7.89,2021.0,7.89,O=c1c(NCCCCCCCc2c3c(nc4ccccc24)CCCC3)c(NCCCCCCCc2c3c(nc4ccccc24)CCCC3)c1=O,test
CHEMBL5219123,CHEMBL220,9.58,2022.0,9.58,COc1cc2c(c(OC)c1)CC(NC(=O)OCc1ccccc1)C2,val
CHEMBL5219232,CHEMBL220,3.0,2022.0,3.0,C#CCN[C@@H]1CCc2ccc(OC(=O)N(C)CC)cc21.C#CCN[C@@H]1CCc2ccc(OC(=O)N(C)CC)cc21,train
CHEMBL5219239,CHEMBL220,6.77,2022.0,6.77,CC1CCCCN1CCCNC(=O)c1cc(NC(=O)OC(C)(C)C)ccc1O,train
CHEMBL521935,CHEMBL220,9.12,2008.0,9.12,c1cc(CCNc2c3c(nc4ccccc24)CCCC3)nc(CCNc2c3c(nc4ccccc24)CCCC3)c1,test
CHEMBL5219350,CHEMBL220,7.09,2022.0,7.09,CCN1/C(=C/C(C)=O)Sc2ccc(OC(=O)OCCOCCNC(=O)c3cc4c(OC(=O)N(C)C)cccc4[n+](C)c3)cc21.COS(=O)(=O)[O-],train
CHEMBL5219352,CHEMBL220,8.15,2022.0,8.15,CCOC(=O)c1cc2c(OC(=O)N(C)C)cccc2[n+](C)c1.O=C([O-])C(F)(F)F,train
CHEMBL5219425,CHEMBL220,5.46,2022.0,5.46,CCN(CC)C(=O)OC1C[N+]2(C)CCC1CC2.[I-],train
CHEMBL5219452,CHEMBL220,7.24,2022.0,7.24,CNC(=O)Oc1cccc2c1CCC1C2CCN1CCC1CCCCC1,train
CHEMBL5219483,CHEMBL220,6.94,2022.0,6.94,Cc1c(Cl)c(=O)oc2cc(OCCCCSC(=S)N3C(C)CCCC3C)ccc12,test
CHEMBL5219522,CHEMBL220,8.17,2022.0,8.17,Cc1c(Cl)c(=O)oc2cc(OCCCCSC(=S)N3CCCCC3C)ccc12,test
CHEMBL5219594,CHEMBL220,4.12,2022.0,4.12,O=c1[nH]c2ccc(OCc3ccc(F)cc3)cc2c(=O)o1,train
CHEMBL5219771,CHEMBL220,9.28,2018.0,9.28,CNC(=O)Oc1cccc(CN(C)CCCCCCCOc2cccc(-c3cc(=O)c4ccccc4o3)c2)c1,train
CHEMBL5219841,CHEMBL220,9.68,2022.0,9.68,COc1cccc2c1CCCC2NS(=O)(=O)NC(=O)OCc1ccccc1,test
CHEMBL5219958,CHEMBL220,4.26,2022.0,4.26,CC(C)c1ccc(COc2ccc3[nH]c(=O)oc(=O)c3c2)cc1,train
CHEMBL5220093,CHEMBL220,4.0,2022.0,4.0,COc1ccc(NC(=O)Oc2ccc3c(c2)[C@]2(O)CCN(C(C)=O)[C@@H]2N3)cc1,train
CHEMBL5220228,CHEMBL220,5.38,2022.0,5.38,CCN(C)C(=O)Oc1cccc(CN2CCC(CCC(=O)c3cc(Cl)c(N)cc3OC)CC2)c1,test
CHEMBL5220250,CHEMBL220,8.7,2021.0,8.7,O=c1c(NCCCCc2c3c(nc4cc(Cl)ccc24)CCCC3)c(NCCCCc2c3c(nc4ccc(Cl)cc24)CCCC3)c1=O,test
CHEMBL5220283,CHEMBL220,9.28,2022.0,9.28,CNC(=O)Oc1cccc(CN(C)CCCCCCOc2ccc3c(c2)O/C(=C\c2cc(OC)c(OC)c(OC)c2)C3=O)c1,test
CHEMBL5220375,CHEMBL220,6.98,2022.0,6.98,CN(CCCOc1ccc2ccc(=O)oc2c1)Cc1cccc(OC(=O)NC2CCCCC2)c1,test
CHEMBL5220560,CHEMBL220,4.7,2022.0,4.7,CCC(C)(C)NCC(O)c1cc(O)cc(OC(=O)N(C)C)c1,val
CHEMBL5220695,CHEMBL220,6.92,2022.0,6.92,CC(C)(C)OC(=O)Nc1ccc(O)c(C(=O)NCCCN2CCCCC2)c1,train
CHEMBL522073,CHEMBL220,5.2,2008.0,5.2,CN[C@@H](Cc1ccccc1)C(=O)NCC(=O)Nc1c2c(nc3ccccc13)CCCC2,test
CHEMBL5220742,CHEMBL220,7.0,2022.0,7.0,O=C1CCOc2cc(OCCCCCSC(=S)N3CCCCC3)ccc21,train
CHEMBL5220884,CHEMBL220,5.27,2022.0,5.27,Cn1ccc2cc(-c3cnc4ccc(C(=O)N5CCCCC5)cc4n3)ccc2c1=O,train
CHEMBL5220983,CHEMBL220,7.7,2022.0,7.7,COC(=O)c1cc2c(OC(=O)N(C)C)cccc2[n+]([11CH3])c1,train
CHEMBL5221017,CHEMBL220,3.0,2022.0,3.0,COC(=O)C1=CN([11CH3])c2cccc(OC(=O)N(C)C)c2C1,train
CHEMBL5222694,CHEMBL220,5.82,2021.0,5.82,Cc1ccc([N+]2=Cc3c(c4ccccc4n3C)CC2)cc1,train
CHEMBL522286,CHEMBL220,7.88,2008.0,7.88,c1ccc2c(NCCc3cocc3CCNc3c4c(nc5ccccc35)CCCC4)c3c(nc2c1)CCCC3,train
CHEMBL523311,CHEMBL220,4.43,2009.0,4.43,CCN(CC)Cc1ccc(C(=O)c2ccc(OC)c(OC)c2)cc1,train
CHEMBL52347,CHEMBL220,6.5,2007.0,6.5,O=C1C=Cc2ccccc2C1=O,train
CHEMBL523630,CHEMBL220,3.82131076022441,2014.0,3.82131076022441,O/N=C/c1cc[n+](Cc2cccc(C[n+]3ccc(/C=N/O)cc3)c2)cc1.[Br-].[Br-],test
CHEMBL523830,CHEMBL220,3.6556077263148894,2008.0,3.6556077263148894,O=C(NCc1ccccc1)O[C@H]1CO[C@H]2[C@@H]1OC[C@H]2OC(=O)c1ccccc1,train
CHEMBL524100,CHEMBL220,5.470000000000001,2016.0,5.470000000000001,O=C(CCCCCCCCc1ccc(O)c(O)c1)c1c(O)cccc1O,train
CHEMBL525917,CHEMBL220,6.55,2008.0,6.55,N[C@@H](Cc1c[nH]c2ccccc12)C(=O)NCCNc1c2c(nc3ccccc13)CCCC2,test
CHEMBL526476,CHEMBL220,4.15,2008.0,4.15,Oc1cccc(C2=Nc3ccccc3SC(c3ccccc3F)C2)c1,train
CHEMBL5265752,CHEMBL220,7.93,2021.0,7.93,COc1ccc(/C=C/C(=O)c2cc(I)c(Cl)cc2O)cc1,train
CHEMBL5265814,CHEMBL220,6.12,2023.0,6.12,O=C1CC2CCc3ccsc3C2=NN1CCCCN1CCN(Cc2ccccc2)CC1,val
CHEMBL5265846,CHEMBL220,7.85,2021.0,7.85,CCN(C)C(=O)Oc1ccc2c(c1)C=CC(C)N(C)C2CCOc1ccc([N+](=O)[O-])cc1,train
CHEMBL5266033,CHEMBL220,9.48,2021.0,9.48,COc1cc(/C=C/c2nnc(-c3ccc(Cl)cc3)o2)ccc1O,val
CHEMBL5266165,CHEMBL220,6.52,2022.0,6.52,COc1cc2c(cc1OC)C(=O)/C(=C/c1ccc(OCCN3CCCCC3)cc1)C2,test
CHEMBL5266191,CHEMBL220,7.44,2021.0,7.44,O=C1C2Cc3c([nH]c4ccccc34)[C@@H](c3ccc4c(c3)OCO4)N2C(=O)CN1CCC1CCN(Cc2ccccc2)CC1,train
CHEMBL5266237,CHEMBL220,6.54,2022.0,6.54,Cc1ccc(-c2noc(-c3cccc(OCC4CCN(Cc5ccccc5F)CC4)c3)n2)cn1,train
CHEMBL5266286,CHEMBL220,8.07,2021.0,8.07,COc1ccccc1NC(=O)C1CCN(C(=O)c2ccccc2)CC1,train
CHEMBL5266369,CHEMBL220,4.51,2021.0,4.51,CC(=O)Nc1nc(Cl)c2ncn(C3O[C@H](C(=O)NCc4ccccc4)[C@@H](OC(C)=O)[C@@H](OC(C)=O)[C@H]3OC(C)=O)c2n1,train
CHEMBL5266377,CHEMBL220,7.0,2022.0,7.0,CCOP(=O)(OCC)C(NCCc1ccc(OC)cc1)c1coc2ccccc2c1=O,train
CHEMBL5267000,CHEMBL220,6.46,2021.0,6.46,O=C1/C(=C/c2ccc(OCCN3CCCCC3)cc2)Oc2ccccc21,train
CHEMBL5267104,CHEMBL220,5.52,2022.0,5.52,Cc1ccc(-c2noc(-c3cccc(OCC4CCN(Cc5ccc(F)cc5)CC4)c3)n2)cn1,train
CHEMBL5267312,CHEMBL220,7.26,2021.0,7.26,C/C(=C\C1=CCN(C(=O)CCc2ccccc2)C(=O)C1)N1C(=O)c2ccccc2C1=O,train
CHEMBL5267519,CHEMBL220,6.96,2021.0,6.96,Cn1c2ccccc2c2cc[n+](-c3ccc(Br)cc3Br)cc21,test
CHEMBL5267817,CHEMBL220,5.16,2021.0,5.16,CN1c2ccc(OC(=O)Nc3ccncc3)cc2[C@]2(C)CCO[C@H]12,test
CHEMBL5267972,CHEMBL220,5.7,2022.0,5.7,COc1ccc2[nH]cc(CCNC(=O)CN(CCCCC3CCN(Cc4ccccc4)CC3)C(=O)c3cc(=O)c4ccccc4o3)c2c1,test
CHEMBL5268019,CHEMBL220,8.01,2021.0,8.01,COc1ccc(NC(=O)C2CCN(C(=O)c3ccccc3)CC2)cc1,train
CHEMBL5268704,CHEMBL220,5.79,2023.0,5.79,COc1ccc2c(c1)c(C=O)cn2CCCCCCCN(C)Cc1ccc(O)cc1,test
CHEMBL5268805,CHEMBL220,4.74,2021.0,4.74,O=c1c(/C=N/Nc2ccc(C(F)(F)F)cc2)coc2cc3oc(-c4cccc(Cl)c4)cc3cc12,train
CHEMBL5268811,CHEMBL220,6.78,2021.0,6.78,COc1ccc(NCC2CCN(Cc3ccccc3)CC2)cc1,train
CHEMBL5268897,CHEMBL220,8.305,2021.0,8.305,CCC1=CC2Cc3nc4cc(Cl)ccc4c(NCCCN4CCC(CC5Cc6cc(OC)c(OC)cc6C5)CC4)c3C(C1)C2.Cl.Cl,train
CHEMBL5269046,CHEMBL220,4.35,2023.0,4.35,COc1ccc2c(c1)c(C=O)cn2CCCCCCCCCCCCN(C)Cc1ccc(OC)c(OC)c1,train
CHEMBL5269148,CHEMBL220,5.0,2021.0,5.0,Cn1c2c(c3ccccc31)CC[N+](c1ccc(Br)cc1Br)=C2,train
CHEMBL5269238,CHEMBL220,9.55,2021.0,9.55,COc1cc(/C=C/c2nnc(-c3ccc(F)cc3)o2)ccc1O,val
CHEMBL5269984,CHEMBL220,7.0,2021.0,7.0,CCN(C)C(=O)Oc1ccc(C(CCOc2ccc([N+](=O)[O-])cc2)NC)cc1,train
CHEMBL5270046,CHEMBL220,5.285,2021.0,5.285,O=c1c(/C=N/Nc2ccc(C(F)(F)F)cc2)coc2c1ccc1oc(-c3ccc(Cl)cc3)cc12,train
CHEMBL5270248,CHEMBL220,6.27,2020.0,6.27,Cc1c(C)c2c(c(C)c1O)CCC(C)(C(=O)NCCC1CCN(Cc3ccccc3F)CC1)O2,train
CHEMBL5270598,CHEMBL220,4.87,2023.0,4.87,O=C1CC2CCc3ccsc3C2=NN1CN1CCN(Cc2ccccc2)CC1,train
CHEMBL5270722,CHEMBL220,3.7508261105928877,2023.0,3.7508261105928877,CN(CCCCCCCCCCCCn1cc(C=O)c2cc(O)ccc21)Cc1cccc(O)c1,train
CHEMBL5270788,CHEMBL220,6.52,2021.0,6.52,COc1ccc(-[n+]2ccc3c4ccccc4n(C)c3c2)cc1,test
CHEMBL5270796,CHEMBL220,5.1,2021.0,5.1,CCCCCCCCCCCC1=CC(=O)C=CC1=O,train
CHEMBL5270908,CHEMBL220,5.0,2022.0,5.0,COc1ccc(-c2cc3cc4c(=O)c(C=O)coc4cc3o2)cc1,train
CHEMBL5271146,CHEMBL220,4.63,2021.0,4.63,CC(=O)Nc1nc(Cl)c2ncn(C3O[C@H]4[C@H](OC(=O)[C@@H]4O)[C@H]3OC(C)=O)c2n1,train
CHEMBL5271210,CHEMBL220,6.645,2021.0,6.645,O=C1[C@@H]2Cc3c([nH]c4ccccc34)[C@@H](c3ccc4c(c3)OCO4)N2C(=O)CN1CCC1CCN(Cc2ccccc2)CC1,train
CHEMBL5271644,CHEMBL220,5.58,2023.0,5.58,COc1ccc2c(c1)c(C=O)cn2CCCCCCCCN(C)Cc1cccc(O)c1,val
CHEMBL5271815,CHEMBL220,5.43,2021.0,5.43,C/C=C1/CN2CCc3c([nH]c4ccccc34)[C@@H]2CC1/C(=C\C(=O)OC)OC,test
CHEMBL5271985,CHEMBL220,5.52,2018.0,5.52,Cc1cc(=O)c2cc(Oc3ccccc3)ccc2o1,train
CHEMBL5272095,CHEMBL220,6.26,2021.0,6.26,O=C1/C(=C/c2ccc(OCCN3CCCC3)cc2)Oc2ccccc21,test
CHEMBL5272119,CHEMBL220,5.53,2023.0,5.53,CCN(CC)CCCCN1N=C2c3sccc3CCC2CC1=O,train
CHEMBL5272229,CHEMBL220,5.6,2021.0,5.6,COc1ccc([C@@H]2N[C@@H](C(=O)O)Cc3c2n(C)c2ccccc32)cc1OC,train
CHEMBL5272243,CHEMBL220,7.54,2021.0,7.54,COc1ccc(-c2oc3cc(Br)c(I)cc3c(=O)c2O)cc1,train
CHEMBL5272435,CHEMBL220,7.05,2022.0,7.05,COc1ccc2c(=O)cc(C(=O)NCCN3CCCCC3)oc2c1,train
CHEMBL5272474,CHEMBL220,5.2,2023.0,5.2,CN(C)CCCCN1N=C2c3sccc3CCC2CC1=O,train
CHEMBL5272491,CHEMBL220,6.29,2022.0,6.29,COc1ccc2c(c1)c(CC(=O)N/N=C1\c3cc(OC)c(OC)cc3CC1CC1CCN(Cc3ccccc3)CC1)c(C)n2C(=O)c1ccc(Cl)cc1,train
CHEMBL5272511,CHEMBL220,6.72,2022.0,6.72,COc1cc2c(cc1OC)/C(=N\N)C(CC1CCN(Cc3ccccc3)CC1)C2,test
CHEMBL5272549,CHEMBL220,4.68,2021.0,4.68,CC1c2[nH]c3ccccc3c2CCN1C(=O)/C=C/c1ccc(O)c(O)c1,test
CHEMBL5272625,CHEMBL220,9.66,2021.0,9.66,COc1cc(/C=C/c2nnc(-c3ccc(Cl)cc3Cl)o2)ccc1O,val
CHEMBL5272675,CHEMBL220,5.26,2023.0,5.26,COc1ccc2c(c1)c(C=O)cn2CCCCCCCN(C)Cc1cccc(O)c1,test
CHEMBL5272912,CHEMBL220,4.12,2023.0,4.12,COc1ccc2c(c1)c(C=O)cn2CCCCCCCCCCCCN(C)Cc1cccc(O)c1,train
CHEMBL5272974,CHEMBL220,7.96,2021.0,7.96,COc1ccc(/C=C/C(=O)c2cc(I)c(OC)cc2O)cc1,train
CHEMBL5273380,CHEMBL220,4.98,2021.0,4.98,O=c1c(/C=N/Nc2ccc(C(F)(F)F)cc2)coc2c1ccc1oc(-c3cccc(F)c3)cc12,train
CHEMBL5273719,CHEMBL220,4.73,2021.0,4.73,CC(=O)Nc1nc(Cl)c2c(ncn2C2O[C@H](C(=O)NCc3ccccc3)[C@@H](OC(C)=O)[C@@H](OC(C)=O)[C@H]2OC(C)=O)n1,train
CHEMBL5273737,CHEMBL220,8.12,2018.0,8.12,COc1ccc(-c2cc(=O)c3ccc(OCCN4CCN(CCO)CC4)cc3o2)cc1,train
CHEMBL5273857,CHEMBL220,5.72,2021.0,5.72,COc1cc2c(cc1OC)C(=O)[C@]1(C2)[C@H](c2cccc([N+](=O)[O-])c2)[C@H](Cc2c[nH]c3ccccc23)NC12C(=O)Nc1ccccc12,train
CHEMBL5273978,CHEMBL220,7.59,2021.0,7.59,Cc1cccc(C(=O)N2Cc3ccc(N4C(=O)c5ccccc5C4=O)cc3CC2=O)c1,train
CHEMBL5274016,CHEMBL220,6.8,2021.0,6.8,COc1ccccc1NCC1CCN(Cc2ccccc2)CC1,train
CHEMBL5274086,CHEMBL220,4.96,2021.0,4.96,COc1ccc2c3ccnc(C)c3n(CC3CC(c4ccccc4)=NO3)c2c1,train
CHEMBL5274308,CHEMBL220,5.82,2021.0,5.82,Cn1c2c(c3ccccc31)CC[N+](c1ccc(I)cc1)=C2,train
CHEMBL5274465,CHEMBL220,8.46,2021.0,8.46,O=c1c(O)c(-c2ccc(Cl)cc2)oc2cc(F)c(I)cc12,train
CHEMBL5274481,CHEMBL220,5.25,2021.0,5.25,Oc1cc(O)cc(Oc2cc(O)c(O)c3c2Oc2c(O)cc(Oc4c(O)cc(Oc5c(O)cc(O)c6c5Oc5c(O)cc(O)cc5O6)cc4O)cc2O3)c1,train
CHEMBL5274569,CHEMBL220,5.64,2021.0,5.64,COc1cccc([C@@H]2[C@H](Cc3c[nH]c4ccccc34)NC3(C(=O)Nc4ccccc43)[C@@]23Cc2cc(OC)c(OC)cc2C3=O)c1,train
CHEMBL5275040,CHEMBL220,6.12,2021.0,6.12,COc1cc([C@@H](O)[C@H](CO[C@@H]2O[C@H](CO)[C@@H](O)[C@H](O)[C@H]2O)Oc2ccc(CCCO)cc2OC)ccc1O,train
CHEMBL5275356,CHEMBL220,6.66,2021.0,6.66,COc1ccc([C@@H]2c3[nH]c4ccccc4c3C[C@H]3C(=O)N(CCC4CCN(Cc5ccccc5)CC4)CC(=O)N23)cc1,train
CHEMBL5275394,CHEMBL220,5.45,2023.0,5.45,O=C1CC2Cc3ccsc3C2=NN1CCCCN1CCN(Cc2cccc3c2ccn3S(=O)(=O)c2ccccc2)CC1,test
CHEMBL5275931,CHEMBL220,5.35,2023.0,5.35,O=C1CC2CCc3ccsc3C2=NN1CCCCCN1CCN(Cc2cccc3c2ccn3S(=O)(=O)c2ccccc2)CC1,val
CHEMBL5275941,CHEMBL220,8.03,2021.0,8.03,COc1cc(O)c(C(=O)/C=C/c2ccc(F)cc2)cc1I,train
CHEMBL5276202,CHEMBL220,3.7931741239681505,2022.0,3.7931741239681505,Cl.Oc1cccc2ccc(/C=C/C3=CCN(Cc4ccccc4C(F)(F)F)CC3)nc12,test
CHEMBL5276273,CHEMBL220,5.56,2018.0,5.56,CN(C)CCNC(=O)COc1cc(O)c2c(=O)c(-c3ccc(O)cc3)coc2c1.Cl,test
CHEMBL5276338,CHEMBL220,8.425,2021.0,8.425,COc1cc2c(cc1OC)CC(CC1CCN(CCCNc3c4c(nc5cc(Cl)ccc35)CC3C=C(C)CC4C3)CC1)C2.Cl.Cl,train
CHEMBL5276404,CHEMBL220,6.52,2021.0,6.52,Cn1c2ccccc2c2cc[n+](-c3ccc(Br)cc3)cc21,test
CHEMBL5276617,CHEMBL220,7.54,2021.0,7.54,CCC1=CC2Cc3nc4cc(Cl)ccc4c(NCCN4CCC(CC5Cc6cc(OC)c(OC)cc6C5)CC4)c3C(C1)C2.Cl.Cl,val
CHEMBL5276920,CHEMBL220,5.31,2022.0,5.31,COc1cc2c(cc1OC)/C(=N\NC(=O)CCNC(=O)C(C)c1ccc(CC(C)C)cc1)C(CC1CCN(Cc3ccccc3)CC1)C2,train
CHEMBL5276955,CHEMBL220,7.96,2018.0,7.96,COc1ccc(-c2cc(=O)c3ccc(OCCN4CCOCC4)cc3o2)cc1,test
CHEMBL5277231,CHEMBL220,3.6989700043360187,2021.0,3.6989700043360187,CC12CC(c3c(O)cc(-c4cc5ccc(O)cc5o4)cc3O)CC3c4ccc(O)cc4OC31C2,train
CHEMBL5277364,CHEMBL220,6.46,2022.0,6.46,COc1cc2c(cc1OC)/C(=N\NC(=O)C(CC(C)C)NC(=O)C(C)c1ccc(CC(C)C)cc1)C(CC1CCN(Cc3ccccc3)CC1)C2,train
CHEMBL5277927,CHEMBL220,7.09,2021.0,7.09,COc1ccccc1C(=O)N1Cc2ccc(N3C(=O)c4ccccc4C3=O)cc2CC1=O,train
CHEMBL5278007,CHEMBL220,8.2,2018.0,8.2,COc1ccc(-c2cc(=O)c3ccc(OCCN4CCC(C)CC4)cc3o2)cc1,train
CHEMBL5278053,CHEMBL220,7.54,2021.0,7.54,O=C(CCN1CCCC1)Nc1ccc2c(c1)CN1CCc3c([nH]c4ccccc34)C1=N2,train
CHEMBL5278087,CHEMBL220,6.42,2022.0,6.42,Cc1ccc(-c2noc(-c3cccc(OCC4CCN(Cc5cccc(F)c5)CC4)c3)n2)cn1,train
CHEMBL5278147,CHEMBL220,7.82,2022.0,7.82,COc1cc2c(cc1OC)/C(=N\NC(=O)C(C)c1ccc(CC(C)C)cc1)C(CC1CCN(Cc3ccccc3)CC1)C2,train
CHEMBL5278221,CHEMBL220,4.86,2021.0,4.86,CC(C)=CCC/C(C)=C/CC/C(C)=C\Cc1c(O)cc(O)c(CC=C(C)C)c1-c1cc2ccc(O)cc2o1,train
CHEMBL5278429,CHEMBL220,8.14,2021.0,8.14,COc1ccc(-c2oc3cc(OC)c(I)cc3c(=O)c2O)cc1,train
CHEMBL5278532,CHEMBL220,5.42,2021.0,5.42,Cc1cc2c(c(C)c1CCO[C@@H]1O[C@H](CO)[C@@H](O)[C@H](O)[C@H]1O)C(=O)[C@H](C)[C@H]2O,test
CHEMBL5278549,CHEMBL220,6.13,2022.0,6.13,Cc1ccc(-c2noc(-c3cccc(OCC4CCN(Cc5ccccc5)CC4)c3)n2)cn1,train
CHEMBL5278778,CHEMBL220,6.22,2023.0,6.22,COc1ccc2c(c1)c(C=O)cn2CCCCCCCCCCN(C)Cc1ccc(O)cc1,train
CHEMBL5278858,CHEMBL220,5.0,2022.0,5.0,O=c1c(O)c(-c2ccccc2)oc2cc(Br)c(I)cc12,train
CHEMBL5279102,CHEMBL220,5.12,2023.0,5.12,CC(C)C[C@@H](NC(=O)C1(C(F)(F)F)CCCCC1)C(=O)Nc1nnc(Cc2ccc(C#N)cc2)s1,test
CHEMBL5279409,CHEMBL220,7.18,2021.0,7.18,O=C1Cc2cc(N3C(=O)c4ccccc4C3=O)ccc2CN1C(=O)c1ccccc1,train
CHEMBL5279434,CHEMBL220,5.5,2021.0,5.5,CC1=C(CO[C@@H]2O[C@H](CO[C@@H]3O[C@H](CO)[C@@H](O)[C@H](O)[C@H]3O)[C@@H](O)[C@H](O)[C@H]2O)C(C)(C)CCC1,train
CHEMBL5279473,CHEMBL220,5.94,2023.0,5.94,O=C1CC2CCc3ccsc3C2=NN1CCCCN1CCCC1,train
CHEMBL5279509,CHEMBL220,4.42,2021.0,4.42,CC(=O)Nc1nc(Cl)c2c(ncn2C2O[C@H](C(=O)O)[C@@H](OC(C)=O)[C@@H](OC(C)=O)[C@H]2OC(C)=O)n1,train
CHEMBL5279596,CHEMBL220,5.77,2021.0,5.77,CN1c2ccc(OC(=O)Nc3cccnc3)cc2[C@]2(C)CCO[C@H]12,train
CHEMBL5279849,CHEMBL220,4.83,2021.0,4.83,CC(=O)Nc1nc(Cl)c2ncn(C3O[C@H](CC(=O)NCc4ccccc4)[C@H](OC(C)=O)[C@H]3OC(C)=O)c2n1,train
CHEMBL5280435,CHEMBL220,5.69,2023.0,5.69,COc1ccc2c(c1)c(C=O)cn2CCCCCCCCN(C)Cc1ccc(O)cc1,val
CHEMBL5280639,CHEMBL220,7.51,2021.0,7.51,COc1ccc([C@@H]2c3[nH]c4ccccc4c3C[C@@H]3C(=O)N(CCC4CCN(Cc5ccccc5)CC4)CC(=O)N23)cc1,train
CHEMBL5280671,CHEMBL220,3.6989700043360187,2021.0,3.6989700043360187,COc1cc(O)cc(-c2cc3ccc(O)c(C/C=C(\C)CCC=C(C)C)c3o2)c1CC=C(C)C,train
CHEMBL5280980,CHEMBL220,9.3,2021.0,9.3,C[n+]1ccc2c3ccccc3n(CCc3ccccc3)c2c1,train
CHEMBL5281655,CHEMBL220,4.57,2021.0,4.57,CC(=O)Nc1nc(Cl)c2ncn(C3O[C@H](C(=O)O)[C@@H](OC(C)=O)[C@@H](OC(C)=O)[C@H]3OC(C)=O)c2n1,train
CHEMBL5281673,CHEMBL220,5.14,2023.0,5.14,O=C1CC2Cc3ccsc3C2=NN1CCCCCCCN1CCN(Cc2cccc3c2ccn3S(=O)(=O)c2ccccc2)CC1,train
CHEMBL5281699,CHEMBL220,4.83,2018.0,4.83,CN1CCc2c(c3ccccc3n2Cc2ccccc2C(=O)NCCO[N+](=O)[O-])C1,train
CHEMBL5281758,CHEMBL220,6.385,2021.0,6.385,Cn1c2ccccc2c2cc[n+](-c3ccc(Cl)cc3)cc21,test
CHEMBL5282063,CHEMBL220,4.37,2023.0,4.37,CCN(CCCCCCCCCCCCn1cc(C=O)c2cc(OC)ccc21)Cc1cccc(O)c1,train
CHEMBL5282158,CHEMBL220,5.34,2023.0,5.34,O=C1CC2CCc3ccsc3C2=NN1CCCCCCCN1CCN(Cc2cccc3c2ccn3S(=O)(=O)c2ccccc2)CC1,test
CHEMBL5282182,CHEMBL220,7.0,2018.0,7.0,CCC(=O)CNC(=O)Nc1nc2ccc(-c3oc4c(OC)c(O)c(O)c(OC)c4c(=O)c3O)cc2s1,test
CHEMBL5282524,CHEMBL220,6.62,2021.0,6.62,Cn1c2ccccc2c2cc[n+](-c3ccc(I)cc3)cc21,test
CHEMBL5282788,CHEMBL220,6.27,2023.0,6.27,O=C1CC2Cc3ccsc3C2=NN1CCCCN1CCN(Cc2ccccc2)CC1,test
CHEMBL5282833,CHEMBL220,8.49,2021.0,8.49,O=c1c(O)c(-c2ccc(F)cc2)oc2cc(F)c(I)cc12,train
CHEMBL5283238,CHEMBL220,4.22,2023.0,4.22,COc1ccc2c(c1)c(C=O)cn2CCCCCCCCCCCCN(C)Cc1ccc(O)cc1,train
CHEMBL5283494,CHEMBL220,6.84,2023.0,6.84,O=C1CC2CCc3ccsc3C2=NN1CCN1CCN(Cc2ccccc2)CC1,train
CHEMBL5283557,CHEMBL220,5.44,2023.0,5.44,O=C1CC2CCc3ccsc3C2=NN1Cc1ccc(CN2CCN(Cc3ccccc3)CC2)cc1,train
CHEMBL5283780,CHEMBL220,6.38,2021.0,6.38,Cc1ccc2c(c1)c1cc[n+](-c3ccccc3)cc1n2C,test
CHEMBL5283851,CHEMBL220,5.34,2023.0,5.34,COc1ccc2c(c1)c(C=O)cn2CCCCCCCCCCN(C)Cc1cccc(O)c1,train
CHEMBL5283896,CHEMBL220,5.01,2023.0,5.01,O=C1CC2CCc3ccsc3C2=NN1CCCCCCN1CCN(Cc2cccc3c2ccn3S(=O)(=O)c2ccccc2)CC1,train
CHEMBL5284235,CHEMBL220,5.29,2023.0,5.29,COc1ccc2c(c1)c(C=O)cn2CCCCCCCCCN(C)Cc1cccc(O)c1,test
CHEMBL5284318,CHEMBL220,7.57,2018.0,7.57,CCN(CC)CCOc1ccc2c(=O)cc(-c3ccc(OC)cc3)oc2c1,train
CHEMBL5284423,CHEMBL220,6.82,2022.0,6.82,COc1ccc2cc([C@H](C)C(=O)N/N=C3\c4cc(OC)c(OC)cc4CC3CC3CCN(Cc4ccccc4)CC3)ccc2c1,test
CHEMBL5284727,CHEMBL220,5.12,2023.0,5.12,O=C1CC2CCc3ccsc3C2=NN1CCCCN1CCN(Cc2cccc3c2ccn3S(=O)(=O)c2ccccc2)CC1,train
CHEMBL5284808,CHEMBL220,4.3,2021.0,4.3,CC(=O)Nc1nc(NCc2ccccc2)c2ncn(C3O[C@H](CC(=O)NCc4ccccc4)[C@H](OC(C)=O)[C@H]3OC(C)=O)c2n1,train
CHEMBL5285094,CHEMBL220,4.0,2018.0,4.0,COc1cc2oc3cccc(O)c3c(=O)c2c(O)c1CN(C)C,train
CHEMBL5285181,CHEMBL220,6.6,2021.0,6.6,CCOC(=O)[n+]1ccc2c([nH]c3cc(OC)ccc32)c1C,train
CHEMBL5285611,CHEMBL220,5.72,2021.0,5.72,C#CCn1c2cc(OC)ccc2c2ccnc(C)c21,train
CHEMBL5285633,CHEMBL220,5.91,2023.0,5.91,O=C1CC2CCCc3ccsc3C2=NN1CCCCN1CCN(Cc2ccccc2)CC1,train
CHEMBL5285645,CHEMBL220,5.04,2023.0,5.04,O=C1CC2Cc3ccsc3C2=NN1CCCCCCN1CCN(Cc2cccc3c2ccn3S(=O)(=O)c2ccccc2)CC1,test
CHEMBL5285678,CHEMBL220,5.89,2021.0,5.89,CC(C)n1c2ccccc2c2cc[n+](-c3ccccc3)cc21,test
CHEMBL5285784,CHEMBL220,6.98,2018.0,6.98,COc1ccc(-c2cc(=O)c3ccc(OCCN4CCCC4)cc3o2)cc1,train
CHEMBL5285953,CHEMBL220,7.35,2021.0,7.35,CCOc1ccc2c(c1)O/C(=C\c1ccc(OCCN3CCCCC3)cc1)C2=O,train
CHEMBL5286006,CHEMBL220,5.21,2023.0,5.21,COc1ccc2c(c1)c(C=O)cn2CCCCCCCCCN(C)Cc1ccc(O)cc1,test
CHEMBL5286146,CHEMBL220,5.72,2021.0,5.72,C=C[C@H]1[C@@H](/C(=C/O)C(=O)OC)C[C@H]2c3[nH]c4ccccc4c3CCN2[C@H]1O[C@@H]1O[C@H](CO)[C@@H](O)[C@H](O)[C@H]1O,val
CHEMBL5286183,CHEMBL220,5.28,2018.0,5.28,Cc1ccc(NCC[C@@H]2CCCN3CCCC[C@H]23)c2c(=O)c3ccccc3sc12,train
CHEMBL5286328,CHEMBL220,4.23,2023.0,4.23,CC1(C)O[C@@H]2[C@@H](O)[C@H]3NC(=O)O[C@H]3C[C@@H]2O1,train
CHEMBL5286517,CHEMBL220,4.85,2021.0,4.85,COc1cc2c(cc1OC)C(=O)[C@]1(C2)[C@H](c2ccc(C)cc2)[C@H](Cc2c[nH]c3ccccc23)NC12C(=O)Nc1ccccc12,train
CHEMBL5286535,CHEMBL220,9.72,2021.0,9.72,COc1cc(/C=C/c2nnc(-c3ccc(F)cc3F)o2)ccc1O,val
CHEMBL5286597,CHEMBL220,7.0,2018.0,7.0,CCN(CC)CCCCOc1cc(O)c2c(=O)c(-c3ccc(O)cc3)coc2c1,test
CHEMBL5287353,CHEMBL220,5.34,2021.0,5.34,CC(C)=CCCC1(C)C=Cc2c(ccc3cc(-c4cc(O)cc(O)c4CC=C(C)C)oc23)O1,val
CHEMBL5287537,CHEMBL220,6.54,2021.0,6.54,Cc1ccc(-[n+]2ccc3c4ccccc4n(C)c3c2)cc1,test
CHEMBL5287809,CHEMBL220,5.16,2023.0,5.16,O=C1CC2Cc3ccsc3C2=NN1CCCCCN1CCN(Cc2cccc3c2ccn3S(=O)(=O)c2ccccc2)CC1,train
CHEMBL5287874,CHEMBL220,5.39,2021.0,5.39,C=C[C@H]1C[N+]2=C(C[C@@H]1/C(=C\OC)C(=O)OC)c1[nH]c3cccc(OC)c3c1CC2,test
CHEMBL5287890,CHEMBL220,5.04,2021.0,5.04,Cc1cc2c(c(C)c1CCO[C@@H]1O[C@H](CO)[C@@H](O)[C@H](O)[C@H]1O)C(=O)[C@@H](C)[C@H]2O,test
CHEMBL5287904,CHEMBL220,5.56,2021.0,5.56,COc1cc2c(cc1OC)C(=O)[C@]1(C2)[C@H](c2ccccc2OC)[C@H](Cc2c[nH]c3ccccc23)NC12C(=O)Nc1ccccc12,train
CHEMBL5287982,CHEMBL220,6.84,2021.0,6.84,COc1ccc(NCC2CCN(Cc3ccccc3)CC2)cc1OC,train
CHEMBL5288184,CHEMBL220,5.27,2021.0,5.27,COc1ccc(-c2cc3cc4c(=O)c(/C=N/Nc5ccc(C(F)(F)F)cc5)coc4cc3o2)cc1,train
CHEMBL5288400,CHEMBL220,5.7,2021.0,5.7,COc1ccc2c3c([nH]c2c1N)C(C)NCC3,train
CHEMBL5288465,CHEMBL220,6.07,2023.0,6.07,O=C1CC2CCc3sccc3C2=NN1CCCCN1CCN(Cc2ccccc2)CC1,train
CHEMBL5288752,CHEMBL220,5.12,2021.0,5.12,O=c1c(/C=N/Nc2ccc(C(F)(F)F)cc2)coc2cc3oc(-c4cccc(F)c4)cc3cc12,train
CHEMBL5288840,CHEMBL220,5.92,2022.0,5.92,COc1cc2c(cc1OC)/C(=N\NC(=O)CNC(=O)C(C)c1ccc(CC(C)C)cc1)C(CC1CCN(Cc3ccccc3)CC1)C2,train
CHEMBL5288918,CHEMBL220,6.4,2022.0,6.4,COc1cc2c(cc1OC)/C(=N\NC(=O)C(NC(=O)C(C)c1ccc(CC(C)C)cc1)C(C)C)C(CC1CCN(Cc3ccccc3)CC1)C2,train
CHEMBL5289604,CHEMBL220,7.34,2022.0,7.34,COc1cc2c(cc1OC)/C(=N\NC(=O)c1ccccc1OC(C)=O)C(CC1CCN(Cc3ccccc3)CC1)C2,test
CHEMBL5289994,CHEMBL220,7.09,2021.0,7.09,COc1ccc(C(=O)N2Cc3ccc(N4C(=O)c5ccccc5C4=O)cc3CC2=O)cc1,train
CHEMBL5290033,CHEMBL220,6.85,2018.0,6.85,Cc1ccc(NCC[C@@H]2CCCN3CCCC[C@H]23)c2c(=O)c3ccccc3oc12,train
CHEMBL5290626,CHEMBL220,5.52,2018.0,5.52,O=c1ccoc2ccc(Oc3ccccc3)cc12,train
CHEMBL5290939,CHEMBL220,5.82,2021.0,5.82,Cn1c2c(c3ccccc31)CC[N+](c1ccc(Br)cc1)=C2,train
CHEMBL5290940,CHEMBL220,6.24,2022.0,6.24,Cc1ccc(-c2noc(-c3cccc(OCC4CCN(Cc5ccccc5Cl)CC4)c3)n2)cn1,train
CHEMBL5290959,CHEMBL220,7.89,2021.0,7.89,COc1cc2c(cc1OC)CC(CC1CCN(CCNc3c4c(nc5cc(Cl)ccc35)CC3C=C(C)CC4C3)CC1)C2.Cl.Cl,val
CHEMBL5291052,CHEMBL220,7.96,2021.0,7.96,O=C(/C=C/c1ccc(F)cc1)c1cc(I)c(Br)cc1O,train
CHEMBL5291438,CHEMBL220,5.68,2023.0,5.68,O=C1CC2CCc3ccsc3C2=NN1CCCCN1CCCCC1,val
CHEMBL5315772,CHEMBL220,4.66,2021.0,4.66,Cc1cc2cc3n(c(=O)c2cn1)CCc1c-3[nH]c2ccccc12,test
CHEMBL534932,CHEMBL220,9.48,2005.0,9.48,CC1=CC2Cc3nc4cc(Cl)ccc4c(NCCCCCCCCNc4c5c(nc6ccccc46)CCCC5)c3C(C1)C2.Cl.Cl,train
CHEMBL535,CHEMBL220,5.23,2016.0,5.23,CCN(CC)CCNC(=O)c1c(C)[nH]c(/C=C2\C(=O)Nc3ccc(F)cc32)c1C,test
CHEMBL535812,CHEMBL220,9.09,2005.0,9.09,CCC1=CC2Cc3nc4ccccc4c(NCCCCCCCCNc4c5c(nc6ccccc46)CCCC5)c3C(C1)C2.Cl.Cl,train
CHEMBL536047,CHEMBL220,9.11,2005.0,9.11,CC1=CC2Cc3nc4cc(Cl)ccc4c(N)c3C(C1)C2.Cl,train
CHEMBL53623,CHEMBL220,7.77,1999.0,7.77,Cc1ccccc1NC(=O)Oc1ccc2c(c1)[C@]1(C)CCNC1N2C,train
CHEMBL537454,CHEMBL220,3.85325198636936,2008.0,3.85325198636936,CN(C)CCOC(=O)Nc1cc(Cl)nc(Cl)c1.Cl,train
CHEMBL537908,CHEMBL220,7.48,1995.0,7.48,Cl.O=C(CCC1CCN(Cc2ccccc2)CC1)c1ccc2[nH]c(-c3ccccc3)nc2c1,test
CHEMBL538071,CHEMBL220,6.34,2002.0,6.34,CN(C)C(=O)Oc1cccc2c1C(N)CC2.Cl,train
CHEMBL538109,CHEMBL220,6.9,2002.0,6.9,CCc1ccccc1NC(=O)Oc1ccc2c(c1)[C@]1(C)CC[N@@+](C)([O-])[C@@H]1N2C.Cl,train
CHEMBL538352,CHEMBL220,4.42,1989.0,4.42,Cn1cc[n+](COC[n+]2ccccc2/C=N/O)c1/C=N/O.[Cl-].[Cl-],train
CHEMBL538573,CHEMBL220,9.48,2005.0,9.48,CC1=CC2Cc3nc4cc(Cl)ccc4c(NCCCCCCCNc4c5c(nc6cc(Cl)ccc46)CCCC5)c3C(C1)C2.Cl.Cl,train
CHEMBL538852,CHEMBL220,7.0,2002.0,7.0,CNC(=O)Oc1ccc2c(c1)[C@]1(C)CC[N@@+](C)([O-])[C@@H]1N2C.Cl,test
CHEMBL538853,CHEMBL220,6.7,2002.0,6.7,CN1c2ccc(OC(=O)Nc3ccccc3)cc2[C@]2(C)CC[N@@+](C)([O-])[C@H]12.Cl,train
CHEMBL539045,CHEMBL220,7.1,2001.0,7.1,CNC(=O)Oc1cccc(CN(C)CCCOc2ccccc2)c1.Cl,train
CHEMBL539051,CHEMBL220,7.42,2001.0,7.42,CCC1=CC2Cc3nc4ccccc4c(N)c3C(C1)C2.Cl,train
CHEMBL539072,CHEMBL220,6.36,2001.0,6.36,CC1=CC2CC(C1)Cc1nc3ccccc3c(N)c12.Cl,test
CHEMBL539108,CHEMBL220,3.469032318428085,1989.0,3.469032318428085,O/N=C\c1cccc[n+]1COCCOC[n+]1ccccc1/C=N/O.[Cl-].[Cl-],train
CHEMBL539109,CHEMBL220,7.47,1996.0,7.47,CNC(=O)Oc1ccc2c(c1)[C@]1(C)CC[N+](C)(C)C1N2C.COS(=O)(=O)[O-],test
CHEMBL5394478,CHEMBL220,6.91,2023.0,6.91,C#CCCCCCCCCCN(C)C(=O)Oc1cccc2c(CN(C)CCC3CCCCCC3)c[nH]c12,train
CHEMBL5394683,CHEMBL220,6.47,2023.0,6.47,CC(C)N(C(=O)Oc1ccc2c(CN(C)CCC3CCCCCC3)c[nH]c2c1)C(C)C,train
CHEMBL5394805,CHEMBL220,5.0,2023.0,5.0,C#CCN(CCc1ccccc1OC)Cc1cccc(OC)c1OCc1ccccc1,test
CHEMBL5395228,CHEMBL220,4.601030032967071,2023.0,4.601030032967071,CCN(CC)C(=O)Oc1ccc(Cc2nc3cc(C(=O)N(CC)CC)ccc3n2CCC(C)C)cc1,train
CHEMBL5395270,CHEMBL220,5.02,2023.0,5.02,CCN(CC)C(=O)c1ccc2c(c1)nc(Cc1ccc(OC(=O)N(C)Cc3ccccc3)cc1)n2CCC(C)C,train
CHEMBL5395312,CHEMBL220,5.77,2022.0,5.77,CN1CCN(c2ccc(C(=O)Nc3cc(-c4nc5ccccc5[nH]4)n[nH]3)cc2)CC1,val
CHEMBL5395691,CHEMBL220,5.17,2023.0,5.17,CCN(C)C(=O)Oc1cccc2c(CN(C)CCC3CCCCCC3)c[nH]c12,train
CHEMBL539571,CHEMBL220,4.14,2002.0,4.14,C#CCNC1CCc2ccc(OC(=O)N(CC)CCCC)cc21.Cl,train
CHEMBL539599,CHEMBL220,9.4,2005.0,9.4,CC1=CC2Cc3nc4cc(Cl)ccc4c(NCCCCCCCCNc4c5c(nc6cc(Cl)ccc46)CCCC5)c3C(C1)C2.Cl.Cl,train
CHEMBL5396049,CHEMBL220,5.0,2023.0,5.0,CCCN(CCCc1ccccc1)Cc1cccc(OC)c1OCc1ccccc1,train
CHEMBL5396071,CHEMBL220,6.15,2023.0,6.15,COc1cccc(C(c2ccc(F)cc2)N2CCN(c3cnccn3)CC2)c1O,train
CHEMBL5396214,CHEMBL220,5.22,2022.0,5.22,COC(=O)/C=C/C(=O)Nc1cccc(OCCCCSC(=S)N2CCCC2)c1,train
CHEMBL539624,CHEMBL220,6.9,2005.0,6.9,CCc1ccccc1NC(=O)Oc1ccc2c(c1)[C@]1(C)CC[N+](C)([O-])[C@@H]1N2C.Cl,train
CHEMBL5396394,CHEMBL220,6.28,2023.0,6.28,CN(CCC1CCCCCC1)Cc1c[nH]c2c(OC(=O)N(C)Cc3ccccc3)cccc12,train
CHEMBL5396497,CHEMBL220,8.15,2023.0,8.15,Br.CC[N+](CC)(CCCCCn1c(=O)cc(C)n(CCCn2c(C)cc(=O)n(C)c2=O)c1=O)Cc1ccccc1[N+](=O)[O-],train
CHEMBL5396781,CHEMBL220,6.66,2024.0,6.66,NS(=O)(=O)c1cccc(NC(=S)N/N=C2\C(=O)N(Cc3ccccc3)c3ccc([N+](=O)[O-])cc32)c1,train
CHEMBL5397159,CHEMBL220,5.86,2022.0,5.86,COC(=O)/C=C/C(=O)Nc1cccc(OCCSC(=S)N2CCCCC2)c1,val
CHEMBL5397379,CHEMBL220,4.3,2023.0,4.3,O=C1c2c(ccc(O)c2O)CCn2cccc21,val
CHEMBL5397804,CHEMBL220,3.468393368067278,2024.0,3.468393368067278,Cc1ccc(N2CCN(Cc3cc(C)cc(/C=N/O)c3O)CC2)cc1,val
CHEMBL5397813,CHEMBL220,5.0,2023.0,5.0,C#CCOc1ccc(CCN(CC=C)Cc2cccc(OC)c2OCc2ccccc2)cc1,test
CHEMBL5397824,CHEMBL220,4.81,2024.0,4.81,Cc1ccccc1NC1=C([N+](=O)[O-])C2(NN1)C(=O)Nc1ccc([N+](=O)[O-])cc12,train
CHEMBL5397966,CHEMBL220,4.6,2023.0,4.6,CN(C)CCCN1C(=O)CSC1c1cccc(Cl)c1.Cl,train
CHEMBL5398025,CHEMBL220,5.0,2023.0,5.0,C#CCN(CCc1ccc(O)cc1)Cc1cccc(OC)c1OCc1ccccc1,test
CHEMBL5398273,CHEMBL220,5.0,2023.0,5.0,CCCN(CCCc1cccc(O)c1)Cc1cccc(OC)c1OCc1ccccc1,train
CHEMBL5398421,CHEMBL220,4.34,2023.0,4.34,COc1cc(O)c2c(c1)C(=O)c1cc(O)c(O)cc1CCN2,train
CHEMBL5398991,CHEMBL220,3.7399286120149253,2024.0,3.7399286120149253,Cc1cc(/C=N/O)c(O)c(CN2CCN(c3ccccn3)CC2)c1,train
CHEMBL5399112,CHEMBL220,5.0,2022.0,5.0,O=C(Nc1cc(-c2nc3ccccc3[nH]2)n[nH]1)c1ccc(N2CCNCC2)cc1,val
CHEMBL5399188,CHEMBL220,6.33,2023.0,6.33,C#CCN(CC#C)C(=O)Oc1cccc2c(CN(C)CCC3CCCCCC3)c[nH]c12,train
CHEMBL5399453,CHEMBL220,3.4313290219901034,2024.0,3.4313290219901034,Cc1cc(/C=N/O)c(O)c(CN2CCN(c3ccccc3Cl)CC2)c1,val
CHEMBL5399726,CHEMBL220,5.0,2023.0,5.0,C=CCN(CCCc1ccccc1)Cc1cccc(OC)c1OCc1ccccc1,train
CHEMBL5400013,CHEMBL220,3.5122961368362735,2024.0,3.5122961368362735,CC(=O)n1c2c(c3ccccc31)Oc1nc(C)[nH]c(=O)c1C2c1cccc([N+](=O)[O-])c1,test
CHEMBL5400395,CHEMBL220,7.23,2023.0,7.23,Cc1cc(=O)[nH]c2c1C(=O)C(NCCCCNc1c3c(nc4ccccc14)CCCC3)=CC2=O,val
CHEMBL5400426,CHEMBL220,5.0,2023.0,5.0,C#CCN(CCc1ccccc1)Cc1cccc(OC)c1OCc1ccccc1,test
CHEMBL5400593,CHEMBL220,5.97,2023.0,5.97,C#CCCCN(C)C(=O)Oc1cccc2c(CN(C)CCC3CCCCCC3)c[nH]c12,train
CHEMBL5400996,CHEMBL220,5.0,2023.0,5.0,C=CCN(CCc1ccccc1OC)Cc1cccc(OC)c1OCc1ccccc1,test
CHEMBL5401005,CHEMBL220,3.6989700043360187,2023.0,3.6989700043360187,CC(C)NCCN1C(=O)CSC1c1ccc(Cl)cc1Cl.Cl,train
CHEMBL5401085,CHEMBL220,5.380000000000001,2023.0,5.380000000000001,CN(C)CCCN1C(=O)CSC1c1cccc(Cl)c1Cl.Cl,train
CHEMBL5401121,CHEMBL220,5.0,2023.0,5.0,CCN(CCc1ccc(O)cc1)Cc1cccc(OC)c1OCc1ccccc1,test
CHEMBL5401178,CHEMBL220,5.71,2024.0,5.71,O=C(Nc1cccc(-c2cc(-c3ccc(Cl)cc3)n[nH]2)c1)c1ccccc1,train
CHEMBL540131,CHEMBL220,8.26,2007.0,8.26,CC[N+](CC)(CC)CCOc1ccc(C(=O)NCCCCCC(=O)NNc2c3c(nc4cc(Cl)ccc24)CCCC3)cc1.[Br-],train
CHEMBL540132,CHEMBL220,8.17,2007.0,8.17,CC[N+](CC)(CC)CCOc1cc(OCC[N+](CC)(CC)CC)cc(C(=O)NCCCCCC(=O)NNc2c3c(nc4cc(Cl)ccc24)CCCC3)c1.[Br-].[Br-],train
CHEMBL54014,CHEMBL220,7.0,1999.0,7.0,Cc1ccccc1NC(=O)Oc1ccc2c(c1)[C@]1(C)CCN(C)C1N2Cc1ccccc1,test
CHEMBL5401627,CHEMBL220,5.24,2024.0,5.24,O/N=C/c1cc(Cl)cc(CN2CCC(c3ccncc3)CC2)c1O,val
CHEMBL540178,CHEMBL220,7.165000000000001,2009.0,7.165000000000001,CCN(CCCCCCNC1=CC(=O)C(NCCCCCCN(CC)[C@H](C)c2ccccc2OC)=CC1=O)[C@H](C)c1ccccc1OC,train
CHEMBL5402369,CHEMBL220,3.5361070110140926,2024.0,3.5361070110140926,O/N=C/c1cc(Cl)cc(CN2CCN(c3ccc(Br)cc3)CC2)c1O,val
CHEMBL5402370,CHEMBL220,4.05,2023.0,4.05,COc1cc2c(c(O)c1OC)CCN1Cc3c(ccc(O)c3OC)C[C@@H]21,train
CHEMBL5402411,CHEMBL220,5.0,2022.0,5.0,O=C(Nc1cc(-c2nc3ccccc3[nH]2)[nH]n1)c1ccc(N2CCOCC2)cc1,test
CHEMBL5402460,CHEMBL220,3.6294869104014076,2024.0,3.6294869104014076,O/N=C/c1cc(F)cc(CN2CCN(c3ccncc3)CC2)c1O,train
CHEMBL5402496,CHEMBL220,5.59,2023.0,5.59,CCOP(=O)(OCC)C(Nc1cccc(Cl)c1Cl)c1ccc(OCc2nc3ccccc3c(=O)n2-c2ccc(F)cc2)c(OC)c1,train
CHEMBL5402537,CHEMBL220,5.0,2023.0,5.0,COc1cccc(CN(CCCc2ccccc2F)C2CCC2)c1OCc1ccccc1,test
CHEMBL5403260,CHEMBL220,3.8728952016351923,2023.0,3.8728952016351923,CN(C)CCCN1C(=O)CSC1c1ccccc1Cl.Cl,train
CHEMBL5403457,CHEMBL220,4.601030032967071,2023.0,4.601030032967071,CCNC(=O)Oc1ccc(Cc2nc3cc(C(=O)N(CC)CC)ccc3n2CCC(C)C)cc1,train
CHEMBL5403494,CHEMBL220,5.0,2023.0,5.0,C#CCOc1ccc(CCN(CC#C)Cc2cccc(OC)c2OCc2ccccc2)cc1,test
CHEMBL540352,CHEMBL220,5.44,2002.0,5.44,CCCNC1CCc2ccc(OC(=O)N(C)CC)cc21.Cl,train
CHEMBL5403562,CHEMBL220,5.0,2023.0,5.0,COc1cccc(CNCc2ccccc2)c1OCc1ccccc1,train
CHEMBL5403619,CHEMBL220,3.1334763744671563,2024.0,3.1334763744671563,O/N=C/c1cc(Cl)cc(CN2CCN(c3ccccc3Cl)CC2)c1O,val
CHEMBL5404050,CHEMBL220,5.0,2023.0,5.0,COc1cccc(CNCCc2ccccc2)c1OCc1ccccc1,test
CHEMBL5404393,CHEMBL220,3.5994849994328524,2023.0,3.5994849994328524,CN(C)CCCN1C(=O)CSC1c1ccccc1F.Cl,train
CHEMBL5404420,CHEMBL220,5.0,2023.0,5.0,CCCCCCN(CCCc1ccccc1)Cc1cccc(OC)c1OCc1ccccc1,train
CHEMBL5404463,CHEMBL220,4.601030032967071,2023.0,4.601030032967071,CCN(CC)C(=O)c1ccc2c(c1)nc(Cc1ccc(OC(=O)NC3CC3)cc1)n2CCC(C)C,train
CHEMBL5404712,CHEMBL220,3.701146923590293,2023.0,3.701146923590293,CN(C)CCCN1C(=O)CSC1c1cccnc1.Cl,train
CHEMBL5404725,CHEMBL220,3.4188471080337113,2024.0,3.4188471080337113,Cc1cc(/C=N/O)c(O)c(CN2CCN(c3ccccc3F)CC2)c1,val
CHEMBL5404812,CHEMBL220,4.48,2023.0,4.48,COc1ccc2c(c1OC)c1c3c4c(cc5c(c42)OCO5)CCN3C(=O)C1=O,train
CHEMBL5405496,CHEMBL220,5.76,2023.0,5.76,COc1ccc2sc3c([N+](=O)[O-])ccc(NCCC[C@@H]4CCCN5CCCC[C@H]45)c3c(=O)c2c1,train
CHEMBL5405546,CHEMBL220,5.17,2023.0,5.17,CN(CCC1CCCCCC1)Cc1c[nH]c2cc(OC(=O)N(C)C)ccc12,train
CHEMBL5405571,CHEMBL220,3.9788107009300617,2023.0,3.9788107009300617,CN(C)CCCN1C(=O)CSC1c1ccc2c(c1)OCO2.Cl,train
CHEMBL5405601,CHEMBL220,3.0535968661009454,2024.0,3.0535968661009454,O/N=C/c1cc(Cl)cc(CN2CCN(c3ccccc3F)CC2)c1O,val
CHEMBL5405755,CHEMBL220,7.22,2022.0,7.22,CCOC(=O)C1=C(C)N(CCC2CCN(Cc3ccccc3)CC2)C(=O)NC1c1coc2c(Cl)cc(Cl)cc2c1=O,train
CHEMBL5405929,CHEMBL220,5.25,2023.0,5.25,CCN(CC)C(=O)Oc1cccc2c(CN(C)CCC3CCCCCC3)c[nH]c12,train
CHEMBL5406359,CHEMBL220,7.77,2024.0,7.77,CCOP(=O)(OCC)C(NCc1cccs1)c1cn(-c2ccccc2)nc1-c1ccc(Cl)cc1,train
CHEMBL5406363,CHEMBL220,3.4928190227397593,2024.0,3.4928190227397593,Cc1cc(/C=N/O)c(O)c(CN2CCN(c3ccc(F)cc3)CC2)c1,val
CHEMBL5406473,CHEMBL220,3.6790233226571765,2024.0,3.6790233226571765,O/N=C/c1cc(Cl)cc(CN2CCN(c3ccccn3)CC2)c1O,train
CHEMBL5406712,CHEMBL220,5.27,2024.0,5.27,CC(=O)n1c2c(c3ccccc31)Oc1nc(C)[nH]c(=O)c1C2c1ccccc1,test
CHEMBL5406889,CHEMBL220,5.0,2023.0,5.0,CCCN(C/C=C/c1ccccc1)Cc1cccc(OC)c1OCc1ccccc1,test
CHEMBL5407081,CHEMBL220,4.04,2024.0,4.04,COc1ccc(C2c3c(nc(C)[nH]c3=O)Oc3c2n(C(C)=O)c2ccccc32)cc1[N+](=O)[O-],test
CHEMBL5407164,CHEMBL220,4.7,2024.0,4.7,CCN1/C(=C/C(C)=O)Sc2ccc(OC(=O)NCCc3ccccc3)cc21,train
CHEMBL5407180,CHEMBL220,4.85,2024.0,4.85,CCCCCCNC(=O)Oc1ccc2c(c1)N(CC)/C(=C/C(C)=O)S2,train
CHEMBL5407369,CHEMBL220,5.45,2023.0,5.45,CN(CCC1CCCCCC1)Cc1c[nH]c2c(OC(=O)N3CCOCC3)cccc12,test
CHEMBL5407446,CHEMBL220,5.56,2022.0,5.56,O=c1nc2sc3ccccc3n2c2ncccc12,test
CHEMBL5407606,CHEMBL220,5.53,2023.0,5.53,CCOP(=O)(OCC)C(Nc1ccccc1C#N)c1ccc(OCc2nc3ccccc3c(=O)n2-c2ccc(F)cc2)c(OC)c1,train
CHEMBL5407691,CHEMBL220,5.52,2023.0,5.52,CCOP(=O)(OCC)C(Nc1c(C)cccc1C)c1ccc(OCc2nc3ccccc3c(=O)n2-c2ccc(F)cc2)c(OC)c1,train
CHEMBL5407856,CHEMBL220,5.33,2023.0,5.33,CC(C)N(C(=O)Oc1cccc2c(CN(C)CCC3CCCCCC3)c[nH]c12)C(C)C,train
CHEMBL5408201,CHEMBL220,7.75,2022.0,7.75,Cl.O=C(NCCCNc1c2c(nc3cc(Cl)ccc13)CCCC2)c1nc2ccc([N+](=O)[O-])cc2s1,train
CHEMBL540833,CHEMBL220,7.91,2001.0,7.91,CNC(=O)Oc1ccc2c(c1)CN(CCCOc1ccc3c(=O)c4ccccc4oc3c1)CC2.Cl,train
CHEMBL5408499,CHEMBL220,4.94,2023.0,4.94,CN(CCC1CCCCCC1)Cc1c[nH]c2c(O)cccc12,train
CHEMBL5408610,CHEMBL220,5.0,2023.0,5.0,CCCCCCN(CCCCc1ccccc1)Cc1cccc(OC)c1OCc1ccccc1,train
CHEMBL5408625,CHEMBL220,3.7907531512466264,2023.0,3.7907531512466264,COc1cc(O)c2c(c1)C[C@H]1NCCc3c(OC)c4c(c-2c31)OCO4,train
CHEMBL5408735,CHEMBL220,4.0,2023.0,4.0,COc1cc(CN(C)CCc2ccc(O)cc2)c(-c2cccc3c2N(C)CC3)cc1OC,train
CHEMBL5408893,CHEMBL220,5.0,2023.0,5.0,COc1cccc(CN(CCCc2ccccc2F)C2CCCC2)c1OCc1ccccc1,train
CHEMBL5408925,CHEMBL220,7.96,2023.0,7.96,Cc1cc(=O)[nH]c2c1C(=O)C(NCCCNc1c3c(nc4cc(Cl)ccc14)CCCC3)=CC2=O,train
CHEMBL5409029,CHEMBL220,3.6989700043360187,2023.0,3.6989700043360187,CNCCN1C(=O)CSC1c1ccc(Cl)cc1Cl.Cl,train
CHEMBL5409303,CHEMBL220,4.601030032967071,2023.0,4.601030032967071,CCN(C)C(=O)Oc1ccc(Cc2nc3cc(C(=O)N(CC)CC)ccc3n2CCC(C)C)cc1,train
CHEMBL5409352,CHEMBL220,6.15,2023.0,6.15,O=c1cc(-c2ccc(O)cc2)oc2cccc(OCc3ccccc3)c12,train
CHEMBL5409365,CHEMBL220,7.19,2022.0,7.19,FC(F)(F)c1ccc(-c2nnc(CNC3CCN(Cc4ccccc4)C3)o2)cc1,test
CHEMBL5409526,CHEMBL220,3.6989700043360187,2023.0,3.6989700043360187,CN(C)CCCN1C(=O)CSC1c1ccccn1.Cl,train
CHEMBL5409611,CHEMBL220,5.0,2023.0,5.0,CCCN(CCCc1ccc(O)cc1)Cc1cccc(OC)c1OCc1ccccc1,train
CHEMBL5410208,CHEMBL220,5.84,2023.0,5.84,C#CCN(C)C(=O)Oc1ccc2c(CN(C)CCC3CCCCCC3)c[nH]c2c1,train
CHEMBL541044,CHEMBL220,3.1487416512809245,1986.0,3.1487416512809245,CN(C)CCS/C(=N\O)C(=O)c1ccc(Br)cc1.Cl,val
CHEMBL5411077,CHEMBL220,4.68,2024.0,4.68,O/N=C/c1cc(Cl)cc(CN2CCC(c3ccc(F)cc3)CC2)c1O,train
CHEMBL5411115,CHEMBL220,5.96,2023.0,5.96,Cc1ccc(C(c2ccccc2O)N2CCN(c3cnccn3)CC2)cc1,train
CHEMBL5411138,CHEMBL220,3.5228787452803374,2023.0,3.5228787452803374,COC1=C(CC(=O)CCc2ccccc2)C(=O)O[C@@H]1O,test
CHEMBL5411397,CHEMBL220,4.601030032967071,2023.0,4.601030032967071,CCOc1ccc(Cc2nc3cc(OC(=O)N(C)CC)ccc3n2CCC(C)C)cc1,train
CHEMBL5411628,CHEMBL220,5.7,2024.0,5.7,Cc1cc(/C=N/O)c(O)c(CN2CCN(c3ccc([N+](=O)[O-])cc3)CC2)c1,val
CHEMBL5411734,CHEMBL220,4.07,2023.0,4.07,COc1cc(O)c2c(c1)C[C@@H]1c3c(cc4c(c3-2)OCO4)CCN1C,train
CHEMBL5411758,CHEMBL220,4.6020599913279625,2023.0,4.6020599913279625,CCN(CC)C(=O)c1ccc2c(c1)nc(Cc1ccccc1)n2CCC(C)C,train
CHEMBL5412278,CHEMBL220,5.48,2022.0,5.48,COC(=O)c1cc(C(=O)c2ccc(OC)cc2)n2ccc(CCCc3cc[n+](C)cc3)cc12.[I-],train
CHEMBL5412297,CHEMBL220,3.0,2024.0,3.0,O/N=C/c1cc(Cl)cc(CN2CCN(c3ccc(F)cc3)CC2)c1O,val
CHEMBL5412500,CHEMBL220,4.601030032967071,2023.0,4.601030032967071,CCOc1ccc(Cc2nc3cc(OC(=O)N4CCCC4)ccc3n2CCC(C)C)cc1,train
CHEMBL5412564,CHEMBL220,8.1,2022.0,8.1,Clc1ccc2c(NCCCCCN3c4ccccc4Sc4ccccc43)c3c(nc2c1)CCCC3,train
CHEMBL54126,CHEMBL220,7.35,1993.0,7.35,CN(C)C(=O)Oc1cccc([N+](C)(C)C)c1.[Br-],val
CHEMBL5412829,CHEMBL220,5.96,2023.0,5.96,CON(C)C(=O)Oc1cccc2c(CN(C)CCC3CCCCCC3)c[nH]c12,train
CHEMBL5412906,CHEMBL220,3.0,2024.0,3.0,Cc1ccc(N2CCN(Cc3cc(Cl)cc(/C=N/O)c3O)CC2)cc1,val
CHEMBL5412970,CHEMBL220,5.25,2023.0,5.25,CCOP(=O)(OCC)C(Nc1ccccc1C(C)=O)c1ccc(OCc2nc3ccccc3c(=O)n2-c2ccc(F)cc2)c(OC)c1,train
CHEMBL5412993,CHEMBL220,5.0,2023.0,5.0,CCCN(CCCc1cccc(F)c1)Cc1cccc(OC)c1OCc1ccccc1,train
CHEMBL5413217,CHEMBL220,4.31,2023.0,4.31,CNCCCN1C(=O)CSC1c1ccc(Cl)cc1Cl.Cl,train
CHEMBL541344,CHEMBL220,7.29,2001.0,7.29,CC1=CC2Cc3nc4ccccc4c(N)c3C(C1)C2.Cl,train
CHEMBL5413533,CHEMBL220,5.234999999999999,2024.0,5.234999999999999,O=C1Nc2ccccc2C12NNC(Nc1cccc(Cl)c1)=C2[N+](=O)[O-],train
CHEMBL541363,CHEMBL220,3.3575354797578787,2002.0,3.3575354797578787,C#CCN(C)C1CCc2cccc(OC(=O)N(C)CC)c21.Cl,train
CHEMBL5413699,CHEMBL220,5.0,2023.0,5.0,CCCN(CCCc1ccccc1O)Cc1cccc(OC)c1OCc1ccccc1,train
CHEMBL5414074,CHEMBL220,5.75,2023.0,5.75,COc1cc(O)c(C(=O)Nc2nc(C(=O)NCCN(C(C)C)C(C)C)cs2)cc1OC.Cl,train
CHEMBL5414144,CHEMBL220,4.96,2024.0,4.96,CCN1/C(=C/C(C)=O)Sc2ccc(OC(=O)NC3CCCCC3)cc21,train
CHEMBL5414196,CHEMBL220,4.59,2023.0,4.59,COc1ccc(C[C@H]2c3c(ccc(OC)c3O)CCN2C)cc1,test
CHEMBL5414221,CHEMBL220,4.77,2024.0,4.77,Cc1ccccc1NC1=C([N+](=O)[O-])C2(NN1)C(=O)Nc1c(C(F)(F)F)cccc12,train
CHEMBL5414292,CHEMBL220,6.09,2024.0,6.09,O/N=C/c1cc[n+](COC[n+]2ccccc2/C=N/O)cc1,train
CHEMBL5414511,CHEMBL220,6.42,2022.0,6.42,COC(=O)/C=C/C(=O)Nc1ccc(OCCCCSC(=S)N2CCCCC2C)cc1,train
CHEMBL5414873,CHEMBL220,4.601030032967071,2023.0,4.601030032967071,CCOc1ccc(Cc2nc3cc(OC(=O)NC4CC4)ccc3n2CCC(C)C)cc1,train
CHEMBL5414976,CHEMBL220,5.0,2023.0,5.0,C=CCN(CCc1cccc(OC)c1)Cc1cccc(OC)c1OCc1ccccc1,test
CHEMBL5415204,CHEMBL220,5.0,2023.0,5.0,COc1cccc(CNCC(C)c2ccccc2)c1OCc1ccccc1,test
CHEMBL5415210,CHEMBL220,5.32,2023.0,5.32,COc1ccc2sc3c([N+](=O)[O-])ccc(NCC[C@@H]4CCCN5CCCC[C@H]45)c3c(=O)c2c1,train
CHEMBL5415340,CHEMBL220,3.5228787452803374,2023.0,3.5228787452803374,COc1cc(O)c2c(c1)C[C@@H]1c3c(cc4c(c3-2)OCO4)CC[N@@+]1(C)[O-],train
CHEMBL5415364,CHEMBL220,3.0,2024.0,3.0,O/N=C/c1cc(Cl)cc(CN2CCN(c3ccccc3)CC2)c1O,val
CHEMBL5415532,CHEMBL220,4.43,2024.0,4.43,O=C1Nc2ccc([N+](=O)[O-])cc2C12NNC(Nc1ccc(Cl)cc1)=C2[N+](=O)[O-],train
CHEMBL5415881,CHEMBL220,3.6989700043360187,2023.0,3.6989700043360187,Cl.O=C1CSC(c2ccc(Cl)cc2Cl)N1CCNC1CC1,val
CHEMBL5416128,CHEMBL220,3.5228787452803374,2023.0,3.5228787452803374,COc1cc(O)c2c(c1)C[C@H]1NCCc3cc4c(c-2c31)OCO4,train
CHEMBL541620,CHEMBL220,3.3010299956639813,2002.0,3.3010299956639813,C#CCNC1CCc2ccc(OC(=S)N(C)CC)cc21.Cl,train
CHEMBL5416407,CHEMBL220,4.37,2024.0,4.37,COc1ccc(OC)c(NC2=C([N+](=O)[O-])C3(NN2)C(=O)Nc2ccc([N+](=O)[O-])cc23)c1,train
CHEMBL5416421,CHEMBL220,5.48,2023.0,5.48,CCN(CC)C(=O)c1ccc2c(c1)nc(Cc1ccc(OC(=O)N(C)c3ccccc3)cc1)n2CCC(C)C,train
CHEMBL5416559,CHEMBL220,5.0,2023.0,5.0,COc1cccc(CCNCc2cccc(OC)c2OCc2ccccc2)c1,test
CHEMBL5416845,CHEMBL220,4.01,2023.0,4.01,CN(C)CCCN1C(=O)CSC1c1ccc(F)cc1F.Cl,train
CHEMBL5417071,CHEMBL220,5.0,2023.0,5.0,C#CCN(CCCc1ccccc1)Cc1cccc(OC)c1OCc1ccccc1,train
CHEMBL5417185,CHEMBL220,5.0,2023.0,5.0,COc1cccc(CN(CCCCc2ccccc2)CCCC(C)C)c1OCc1ccccc1,train
CHEMBL5417332,CHEMBL220,5.215,2022.0,5.215,CCN(C)C(=O)Oc1ccc(-c2cc(=O)c3c(O)c(O)c(OC(=O)N[C@@H](Cc4ccccc4)C(=O)OC(C)(C)C)cc3o2)cc1,train
CHEMBL5417346,CHEMBL220,10.0,2023.0,10.0,Br.CC[N+](CC)(CCCCCn1c(=O)cc(C)n(CCCCCCn2c(C)cc(=O)n(C)c2=O)c1=O)Cc1ccccc1[N+](=O)[O-],train
CHEMBL5417392,CHEMBL220,6.92,2023.0,6.92,Cc1cc(=O)[nH]c2c1C(=O)C(NCCNc1c3c(nc4cc(Cl)ccc14)CCCC3)=CC2=O,train
CHEMBL5417629,CHEMBL220,3.648590248074561,2024.0,3.648590248074561,Cc1cc(/C=N/O)c(O)c(CN2CCN(c3ccc(Br)cc3)CC2)c1,val
CHEMBL5417632,CHEMBL220,9.0,2023.0,9.0,CC[N+](CC)(CCCCCn1c(=O)cc(C)n(CCCCn2c(C)cc(=O)n(C)c2=O)c1=O)Cc1ccccc1C(F)(F)F.[Br-],val
CHEMBL5418052,CHEMBL220,5.0,2023.0,5.0,C=CCOc1ccc(CCN(CC=C)Cc2cccc(OC)c2OCc2ccccc2)cc1,test
CHEMBL5418400,CHEMBL220,5.0,2023.0,5.0,COc1cccc(CN(C)CCCc2ccccc2)c1OCc1ccccc1,train
CHEMBL5418455,CHEMBL220,8.7,2023.0,8.7,CC[N+](CC)(CCCCCn1c(=O)cc(C)n(CCCn2c(C)cc(=O)n(C)c2=O)c1=O)Cc1ccccc1C(F)(F)F.[Br-],train
CHEMBL541885,CHEMBL220,4.95,2002.0,4.95,C#CCNC1CCc2ccc(OC(=O)N(C)CCCC)cc21.Cl,train
CHEMBL5419243,CHEMBL220,9.7,2023.0,9.7,CC[N+](CC)(CCCCCn1c(=O)cc(C)n(CCCCCCn2c(C)cc(=O)n(C)c2=O)c1=O)Cc1ccccc1C(F)(F)F.[Br-],train
CHEMBL5419364,CHEMBL220,5.45,2023.0,5.45,COc1ccc2sc3c(C)ccc(NCC[C@@H]4CCCN5CCCC[C@H]45)c3c(=O)c2c1,train
CHEMBL5419417,CHEMBL220,3.6989700043360187,2023.0,3.6989700043360187,COc1ccccc1C1SCC(=O)N1CCCN(C)C.Cl,train
CHEMBL5419436,CHEMBL220,3.752026733638193,2023.0,3.752026733638193,CN(C)CCCN1C(=O)CSC1c1cccc2ccccc12.Cl,val
CHEMBL5419644,CHEMBL220,6.04,2022.0,6.04,CCN(CCCCCOc1cc(O)c2c(c1)OC(c1ccc(O)cc1)CC2=O)Cc1ccccc1,test
CHEMBL541980,CHEMBL220,6.4,2013.0,6.4,COc1cc2c(cc1OC)C(=O)C(Oc1cccc(C(C)N(C)C)c1)C2,train
CHEMBL5420040,CHEMBL220,5.22,2023.0,5.22,CCOP(=O)(OCC)C(Nc1cc(C)ccc1C)c1ccc(OCc2nc3ccccc3c(=O)n2-c2ccc(F)cc2)c(OC)c1,train
CHEMBL5420095,CHEMBL220,3.8827287043442356,2023.0,3.8827287043442356,COc1cc2c(c(O)c1OC)CC[N@+]1(C)Cc3c(ccc(O)c3OC)C[C@@H]21.[OH-],train
CHEMBL542016,CHEMBL220,4.83,2002.0,4.83,C#CCN(C)C1CCc2c(OC(=O)N(C)CC)cccc21.Cl,train
CHEMBL542018,CHEMBL220,4.75,2002.0,4.75,CCNC(=O)Oc1ccc2c(c1)C(N)CC2.Cl,train
CHEMBL5420247,CHEMBL220,5.0,2023.0,5.0,CCCN(CCCc1ccc(F)cc1)Cc1cccc(OC)c1OCc1ccccc1,train
CHEMBL5420342,CHEMBL220,5.0,2023.0,5.0,C=CCN(CCc1ccccc1)Cc1cccc(OC)c1OCc1ccccc1,test
CHEMBL5420880,CHEMBL220,5.0,2023.0,5.0,CCCN(CCc1ccc(O)cc1)Cc1cccc(OC)c1OCc1ccccc1,test
CHEMBL5420941,CHEMBL220,5.0,2023.0,5.0,C=CCCN(CCCc1ccccc1)Cc1cccc(OC)c1OCc1ccccc1,train
CHEMBL5421196,CHEMBL220,4.601030032967071,2023.0,4.601030032967071,CCN(CC)C(=O)c1ccc2c(c1)nc(Cc1ccc(OC(=O)NC)cc1)n2CCC(C)C,train
CHEMBL5421463,CHEMBL220,4.601030032967071,2023.0,4.601030032967071,CCCN(C)C(=O)Oc1ccc(Cc2nc3cc(C(=O)N(CC)CC)ccc3n2CCC(C)C)cc1,train
CHEMBL5421921,CHEMBL220,5.12,2023.0,5.12,C#CCN(CC)C(=O)Oc1cccc2c(CN(C)CCC3CCCCCC3)c[nH]c12,train
CHEMBL5421943,CHEMBL220,5.75,2023.0,5.75,CCOP(=O)(OCC)C(Nc1ccc([N+](=O)[O-])cc1)c1ccc(OCc2nc3ccccc3c(=O)n2-c2ccc(F)cc2)c(OC)c1,train
CHEMBL5421973,CHEMBL220,4.5,2023.0,4.5,CN(C)CCCN1C(=O)CSC1c1ccc(Cl)cc1Cl.Cl,train
CHEMBL5422050,CHEMBL220,4.601030032967071,2023.0,4.601030032967071,CCOc1ccc(Cc2nc3cc(OC(=O)N4CCC4)ccc3n2CCC(C)C)cc1,train
CHEMBL5422164,CHEMBL220,5.0,2023.0,5.0,C#CCN(CCc1ccc(OC)cc1)Cc1cccc(OC)c1OCc1ccccc1,test
CHEMBL542220,CHEMBL220,7.08,2001.0,7.08,CNC(=O)Oc1cccc(CN(C)CCCOc2ccc3ccccc3c2)c1.Cl,train
CHEMBL5422439,CHEMBL220,5.0,2023.0,5.0,C=CCN(CCc1ccc(OC)cc1)Cc1cccc(OC)c1OCc1ccccc1,test
CHEMBL5422505,CHEMBL220,3.0,2024.0,3.0,O/N=C/c1cc(Br)cc(CN2CCN(c3ccc(C(F)(F)F)cc3)CC2)c1O,val
CHEMBL542265,CHEMBL220,5.14,2002.0,5.14,CCCN(C)C(=O)Oc1ccc2c(c1)C(N)CC2.Cl,train
CHEMBL542266,CHEMBL220,5.67,2002.0,5.67,CN(C)C(=O)Oc1ccc2c(c1)C(N(C)C)CC2.Cl,train
CHEMBL5422760,CHEMBL220,5.11,2023.0,5.11,Cc1ccc(NCCCSC[C@@H]2CCCN3CCCC[C@H]23)c2c(=O)c3ccccc3sc12,train
CHEMBL5422875,CHEMBL220,5.0,2023.0,5.0,COc1ccc(CCN(C)Cc2cccc(OC)c2OCc2ccccc2)cc1,test
CHEMBL542297,CHEMBL220,7.92,1995.0,7.92,Cc1nc2cc(C(=O)CCC3CCN(Cc4ccccc4)CC3)ccc2[nH]1.Cl,train
CHEMBL5423171,CHEMBL220,3.686765708305276,2024.0,3.686765708305276,Cc1cc(/C=N/O)c(O)c(CN2CCN(c3ccc(O)cc3)CC2)c1,val
CHEMBL542360,CHEMBL220,3.0,1986.0,3.0,CN(C)CCS/C(=N\O)C(=O)c1ccc(Cl)cc1.Cl,val
CHEMBL5423918,CHEMBL220,8.25,2023.0,8.25,Cc1cc(=O)[nH]c2c1C(=O)C(NCCCCNc1c3c(nc4cc(Cl)ccc14)CCCC3)=CC2=O,val
CHEMBL5424094,CHEMBL220,4.73,2024.0,4.73,Cc1cc(/C=N/O)c(O)c(CN2CCN(c3ccc([N+](=O)[O-])cc3Cl)CC2)c1,val
CHEMBL5424185,CHEMBL220,5.119999999999999,2023.0,5.119999999999999,CN(C)CCCN1C(=O)CSC1c1cccc(F)c1F.Cl,train
CHEMBL542467,CHEMBL220,7.93,2001.0,7.93,CNC(=O)Oc1cccc(CN(C)CCCCCCCCCOc2ccc3c(=O)c4ccccc4oc3c2)c1.Cl,train
CHEMBL5424712,CHEMBL220,5.47,2023.0,5.47,CCOP(=O)(OCC)C(Nc1nncs1)c1ccc(OCc2nc3ccccc3c(=O)n2-c2ccc(F)cc2)c(OC)c1,train
CHEMBL5424767,CHEMBL220,5.31,2023.0,5.31,CCOP(=O)(OCC)C(Nc1ccccc1C(F)(F)F)c1ccc(OCc2nc3ccccc3c(=O)n2-c2ccc(F)cc2)c(OC)c1,train
CHEMBL5424787,CHEMBL220,5.08,2023.0,5.08,CCN(CC)C(=O)c1ccc2c(c1)nc(Cc1ccc(OC(=O)N(C)C)cc1)n2CCC(C)C,train
CHEMBL5424871,CHEMBL220,3.0,2024.0,3.0,O/N=C/c1cc(Cl)cc(CN2CCN(c3ccc(C(F)(F)F)cc3)CC2)c1O,val
CHEMBL5424891,CHEMBL220,4.77,2024.0,4.77,COc1cccc(C2c3c(nc(C)[nH]c3=O)Oc3c2n(C(C)=O)c2ccccc32)c1,test
CHEMBL542497,CHEMBL220,7.11,2001.0,7.11,CCC1=CC2CC(C1)Cc1nc3ccccc3c(N)c12.Cl,test
CHEMBL5424979,CHEMBL220,5.0,2023.0,5.0,CCCN(CCCc1ccccc1F)Cc1cccc(OC)c1OCc1ccccc1,train
CHEMBL5425032,CHEMBL220,3.5578966780685435,2024.0,3.5578966780685435,CC(=O)n1c2c(c3ccccc31)Oc1nc(C)[nH]c(=O)c1C2c1ccc(C)cc1,test
CHEMBL5425341,CHEMBL220,5.0,2023.0,5.0,CCN(CCc1cccc(OC)c1)Cc1cccc(OC)c1OCc1ccccc1,test
CHEMBL542543,CHEMBL220,8.17,1995.0,8.17,Cc1nc2ccc(C(=O)CCC3CCN(Cc4ccccc4)CC3)cc2s1.Cl,test
CHEMBL5425561,CHEMBL220,5.14,2022.0,5.14,COc1cc2c(cc1OC)-c1c(-c3ccc(Cl)cc3)c(/C=N/c3ccc(/N=C/c4cn5c(c4-c4ccc(Cl)cc4)-c4cc(OC)c(OC)cc4CC5)cc3)cn1CC2,train
CHEMBL5425587,CHEMBL220,4.79,2023.0,4.79,COc1cc2c(c(O)c1OC)CC[n+]1cc3c(OC)c(O)ccc3cc1-2,train
CHEMBL5425753,CHEMBL220,5.375,2023.0,5.375,CCN(CC)C(=O)c1ccc2c(c1)nc(Cc1ccc(OC(=O)NCc3ccccc3)cc1)n2CCC(C)C,train
CHEMBL5426044,CHEMBL220,3.5462842482992327,2024.0,3.5462842482992327,CC(=O)n1c2c(c3ccccc31)Oc1nc(C)[nH]c(=O)c1C2c1cccc(Br)c1,test
CHEMBL542609,CHEMBL220,3.0,1986.0,3.0,Cc1ccc(C(=O)/C(=N/O)SCCN(C)C)cc1.Cl,val
CHEMBL5426103,CHEMBL220,9.3,2023.0,9.3,CC[N+](CC)(CCCCCn1c(=O)cc(C)n(CCCCCn2c(C)cc(=O)n(C)c2=O)c1=O)Cc1ccccc1C(F)(F)F.[Br-],train
CHEMBL5426401,CHEMBL220,4.89,2022.0,4.89,O=C(C[n+]1ccc2ccccc2c1)Nc1ccccc1Br.[Cl-],train
CHEMBL5426478,CHEMBL220,6.28,2024.0,6.28,Cc1cc(Cl)cc2c1N(C)C(=O)/C2=N\NC(=S)Nc1cccc(S(N)(=O)=O)c1,train
CHEMBL5426641,CHEMBL220,4.0,2023.0,4.0,CN(CCc1ccc(O)cc1)Cc1cc2c(cc1-c1cccc3c1N(C)CC3)OCO2,train
CHEMBL5426763,CHEMBL220,6.28,2023.0,6.28,CN(CCC1CCCCCC1)Cc1c[nH]c2c(OC(=O)N3CCCCC3)cccc12,train
CHEMBL5426913,CHEMBL220,5.36,2023.0,5.36,CCOP(=O)(OCC)C(Nc1cccc(O)c1)c1ccc(OCc2nc3ccccc3c(=O)n2-c2ccc(F)cc2)c(OC)c1,train
CHEMBL5427121,CHEMBL220,5.0,2023.0,5.0,C#CCN(CCc1ccc(OCC=C)cc1)Cc1cccc(OC)c1OCc1ccccc1,test
CHEMBL5427350,CHEMBL220,3.5228787452803374,2023.0,3.5228787452803374,COc1cc(O)cc2c1-c1c3c(cc4c1[C@@H](C2)N(C)CC4)OCO3,train
CHEMBL5427383,CHEMBL220,4.09,2023.0,4.09,CN(C)CCCN1C(=O)CSC1c1ccc(F)cc1Cl.Cl,train
CHEMBL5427488,CHEMBL220,3.9442395353122652,2024.0,3.9442395353122652,CC(=O)n1c2c(c3ccccc31)Oc1nc(C)[nH]c(=O)c1C2c1ccc(Br)cc1,test
CHEMBL542749,CHEMBL220,4.98,2002.0,4.98,CCN(C)C(=O)Oc1cccc2c1C(N)CC2.Cl,train
CHEMBL5427748,CHEMBL220,5.55,2024.0,5.55,O=[N+]([O-])c1ccc(N2CCN(Cc3cc(Br)cc(/C=N/O)c3O)CC2)cc1,val
CHEMBL5427951,CHEMBL220,3.5228787452803374,2023.0,3.5228787452803374,COc1cc(O)c2c(c1)C[C@@H]1c3c(cc4c(c3-2)OCO4)CC[N@+]1(C)[O-],train
CHEMBL5428266,CHEMBL220,5.19,2024.0,5.19,Cc1cc(/C=N/O)c(O)c(CN2CCN(c3ccc(C(F)(F)F)cc3)CC2)c1,val
CHEMBL5428301,CHEMBL220,4.51,2024.0,4.51,O=[N+]([O-])c1ccc(N2CCN(Cc3cc(Cl)cc(/C=N/O)c3O)CC2)c(Cl)c1,val
CHEMBL5428335,CHEMBL220,3.405386490839902,2024.0,3.405386490839902,O/N=C/c1cc(Cl)cc(CN2CCN(c3ccc(O)cc3)CC2)c1O,val
CHEMBL5428415,CHEMBL220,3.769551078621726,2024.0,3.769551078621726,Cc1cc(/C=N/O)c(O)c(CN2CCC(c3ccc(F)cc3)CC2)c1,train
CHEMBL5428694,CHEMBL220,5.0,2023.0,5.0,COc1ccccc1CCNCc1cccc(OC)c1OCc1ccccc1,test
CHEMBL5428807,CHEMBL220,5.0,2023.0,5.0,C#CCN(CCc1cccc(OC)c1)Cc1cccc(OC)c1OCc1ccccc1,test
CHEMBL5428978,CHEMBL220,5.27,2023.0,5.27,C#CCN(C(=O)Oc1cccc2c(CN(C)CCC3CCCCCC3)c[nH]c12)C(C)C,train
CHEMBL5429003,CHEMBL220,5.58,2023.0,5.58,CCOP(=O)(OCC)C(Nc1ccccc1OC)c1ccc(OCc2nc3ccccc3c(=O)n2-c2ccc(F)cc2)c(OC)c1,train
CHEMBL5429288,CHEMBL220,5.6,2024.0,5.6,O=[N+]([O-])c1ccc(N2CCN(Cc3cc(Cl)cc(/C=N/O)c3O)CC2)cc1,val
CHEMBL5429403,CHEMBL220,3.189901959318857,2024.0,3.189901959318857,Cc1cc(/C=N/O)c(O)c(CN2CCN(c3ccccc3)CC2)c1,val
CHEMBL5429476,CHEMBL220,4.601030032967071,2023.0,4.601030032967071,CCOc1ccc(Cc2nc3cc(O)ccc3n2CCC(C)C)cc1,train
CHEMBL5429608,CHEMBL220,5.0,2023.0,5.0,CN(CCC1CCCCCC1)Cc1c[nH]c2c(OC(=O)N(C)C(C)(C)C)cccc12,train
CHEMBL5429690,CHEMBL220,5.0,2023.0,5.0,CCN(CCCc1ccccc1)Cc1cccc(OC)c1OCc1ccccc1,train
CHEMBL5429752,CHEMBL220,4.55,2024.0,4.55,Cc1cc(/C=N/O)c(O)c(CN2CCC(c3ccncc3)CC2)c1,val
CHEMBL5429766,CHEMBL220,5.0,2023.0,5.0,CCCN(CCc1ccccc1OC)Cc1cccc(OC)c1OCc1ccccc1,test
CHEMBL542981,CHEMBL220,4.34,2002.0,4.34,C#CCNC1CCc2cccc(OC(=O)N(C)CCC)c21.Cl,train
CHEMBL5430169,CHEMBL220,4.601030032967071,2023.0,4.601030032967071,CCOc1ccc(Cc2nc3cc(OC(=O)N(C)C)ccc3n2CCC(C)C)cc1,train
CHEMBL5430188,CHEMBL220,4.29,2023.0,4.29,O=C1C(=O)N2CCc3cc4c(c5c3c2c1c1ccccc15)OCO4,train
CHEMBL5430507,CHEMBL220,4.32,2024.0,4.32,CC(=O)n1c2c(c3ccccc31)Oc1nc(C)[nH]c(=O)c1C2c1ccccc1[N+](=O)[O-],test
CHEMBL5430829,CHEMBL220,5.0,2023.0,5.0,CCOc1ccc(CCN(CC)Cc2cccc(OC)c2OCc2ccccc2)cc1,test
CHEMBL5430903,CHEMBL220,5.62,2023.0,5.62,Cc1cc(C)c(C(=O)/C=C/c2nc(C)c(C)nc2C)cc1C,train
CHEMBL5431200,CHEMBL220,3.7456936676687143,2024.0,3.7456936676687143,O/N=C/c1cc(Cl)cc(CN2CCN(c3ccc(Cl)cc3)CC2)c1O,val
CHEMBL5431265,CHEMBL220,5.0,2023.0,5.0,CCCCCCCCCCCCCCN(CCCCc1ccccc1)Cc1cccc(OC)c1OCc1ccccc1,train
CHEMBL5431310,CHEMBL220,3.5122961368362735,2024.0,3.5122961368362735,CC(=O)n1c2c(c3ccccc31)Oc1nc(C)[nH]c(=O)c1C2c1ccc([N+](=O)[O-])cc1,test
CHEMBL5431346,CHEMBL220,3.6794383198047633,2024.0,3.6794383198047633,Cc1cc(/C=N/O)c(O)c(CN2CCN(c3ccc(Cl)cc3)CC2)c1,val
CHEMBL5431372,CHEMBL220,5.0,2023.0,5.0,C=CCN(CCc1ccc(O)cc1)Cc1cccc(OC)c1OCc1ccccc1,test
CHEMBL5431601,CHEMBL220,5.0,2023.0,5.0,COc1cccc(CNCCCc2ccccc2)c1OCc1ccccc1,train
CHEMBL5431791,CHEMBL220,6.47,2023.0,6.47,C#CCN(C)C(=O)Oc1cccc2c(CN(C)CCC3CCCCCC3)c[nH]c12,train
CHEMBL5431870,CHEMBL220,5.37,2023.0,5.37,Cc1ccc(NCC[C@@H]2CCCN3CCCC[C@H]23)c2c(=O)c3cc(O)ccc3sc12,train
CHEMBL543215,CHEMBL220,4.38,2002.0,4.38,C#CCNC1CCc2ccc(OC(=O)N(C)C3CCCCC3)cc21.Cl,test
CHEMBL543216,CHEMBL220,6.26,2002.0,6.26,C#CCNC1CCc2ccc(OC(=O)N(C)c3ccccc3)cc21.Cl,train
CHEMBL543217,CHEMBL220,6.52,2002.0,6.52,COc1ccc(N(C)C(=O)Oc2ccc3c(c2)C(N)CC3)cc1.Cl,train
CHEMBL543218,CHEMBL220,5.62,2002.0,5.62,C#CCNC1CCc2ccc(OC(=O)NCCC)cc21.Cl,train
CHEMBL543220,CHEMBL220,5.83,2002.0,5.83,CCCNC(=O)Oc1ccc2c(c1)C(N)CC2.Cl,train
CHEMBL5432462,CHEMBL220,6.8,2023.0,6.8,O=C1Cc2cc(OCc3ccc(F)cc3)ccc2C=C1C(=O)NCCc1c[nH]c2ccccc12,train
CHEMBL5433082,CHEMBL220,4.38,2024.0,4.38,Cc1ccccc1NC1=C([N+](=O)[O-])C2(NN1)C(=O)Nc1ccc(Br)cc12,train
CHEMBL5433139,CHEMBL220,7.6,2022.0,7.6,S=C(NCCCCNc1c2c(nc3ccccc13)CCCC2)Nc1c[nH]c2ccccc12,train
CHEMBL5433166,CHEMBL220,5.27,2023.0,5.27,CCOP(=O)(OCC)C(Nc1ccccc1C)c1ccc(OCc2nc3ccccc3c(=O)n2-c2ccc(F)cc2)c(OC)c1,train
CHEMBL5433193,CHEMBL220,6.89,2022.0,6.89,Cc1ccc(S(=O)(=O)NCCCCCNc2c3c(nc4ccccc24)CCCC3)cc1,test
CHEMBL5433354,CHEMBL220,5.94,2023.0,5.94,CCOP(=O)(OCC)C(Nc1ccc(C(=O)O)cc1)c1ccc(OCc2nc3ccccc3c(=O)n2-c2ccc(F)cc2)c(OC)c1,train
CHEMBL5433692,CHEMBL220,9.85,2023.0,9.85,CC[N+](CC)(CCCCCn1c(C)cc(=O)n(CCCCC[N+](CC)(CC)Cc2ccccc2)c1=O)Cc1ccccc1.[Br-].[Br-],train
CHEMBL5433937,CHEMBL220,5.0,2023.0,5.0,COc1cccc(CNCCCCc2ccccc2)c1OCc1ccccc1,train
CHEMBL5433956,CHEMBL220,6.18,2023.0,6.18,Cc1cc(=O)[nH]c2c1C(=O)C(NCCNc1c3c(nc4ccccc14)CCCC3)=CC2=O,train
CHEMBL5434024,CHEMBL220,4.75,2023.0,4.75,COc1cc2c(cc1O)CC[n+]1cc3c(OC)c(O)ccc3cc1-2,train
CHEMBL5434381,CHEMBL220,3.690199554398266,2024.0,3.690199554398266,COc1ccc(C2c3c(nc(C)[nH]c3=O)Oc3c2n(C(C)=O)c2ccccc32)cc1,test
CHEMBL5434452,CHEMBL220,5.0,2023.0,5.0,CCN(CCc1ccccc1OC)Cc1cccc(OC)c1OCc1ccccc1,test
CHEMBL5434553,CHEMBL220,9.22,2023.0,9.22,Br.CC[N+](CC)(CCCCCn1c(=O)cc(C)n(CCCCn2c(C)cc(=O)n(C)c2=O)c1=O)Cc1ccccc1[N+](=O)[O-],val
CHEMBL5434636,CHEMBL220,5.0,2023.0,5.0,COc1cccc(CNC(C)CCc2ccccc2)c1OCc1ccccc1,train
CHEMBL5434763,CHEMBL220,5.0,2023.0,5.0,COc1ccc(CCNCc2cccc(OC)c2OCc2ccccc2)cc1,test
CHEMBL5434796,CHEMBL220,5.0,2023.0,5.0,CCCN(CCc1cccc(OC)c1)Cc1cccc(OC)c1OCc1ccccc1,test
CHEMBL5434888,CHEMBL220,4.47,2024.0,4.47,CCN1/C(=C/C(C)=O)Sc2ccc(OC(=O)NCc3cccnc3)cc21,test
CHEMBL5435163,CHEMBL220,6.5,2022.0,6.5,c1cc2[nH]c3nc(NCCCCCCN4CCCC4)nnc3c2cc1N1CCCCC1,train
CHEMBL5435281,CHEMBL220,6.25,2023.0,6.25,CN(CCC1CCCCCC1)Cc1c[nH]c2c(OC(=O)N(C)C)cccc12,train
CHEMBL5435367,CHEMBL220,3.655411257421286,2023.0,3.655411257421286,COC1=CC(=O)c2c(cc3c4c(cc5c(c24)OCO5)CCN3C)C1=O,train
CHEMBL543546,CHEMBL220,3.4814860601221125,1986.0,3.4814860601221125,CC(C)N(CCS/C(=N\O)C(=O)c1ccc(Cl)cc1)C(C)C.Cl,val
CHEMBL5435599,CHEMBL220,5.25,2023.0,5.25,CN(CCC1CCCCCC1)Cc1c[nH]c2c(OC(=O)N(C)N(C)C)cccc12,train
CHEMBL5435795,CHEMBL220,4.23,2023.0,4.23,O=Cc1ccc2n1CCc1cc(O)c(O)cc1C2,train
CHEMBL5435812,CHEMBL220,5.7,2022.0,5.7,COC(=O)/C=C/C(=O)Nc1cccc(OCCCSC(=S)N2CCCCC2)c1,train
CHEMBL5436185,CHEMBL220,5.0,2023.0,5.0,CCN(CCc1ccccc1)Cc1cccc(OC)c1OCc1ccccc1,test
CHEMBL5436261,CHEMBL220,5.62,2023.0,5.62,COc1ccc2sc3c(N)ccc(NCC[C@@H]4CCCN5CCCC[C@H]45)c3c(=O)c2c1,train
CHEMBL543655,CHEMBL220,9.49,2001.0,9.49,CNC(=O)Oc1cccc(CN(C)CCCCCCCOc2ccc3c(=O)c4ccccc4oc3c2)c1.Cl,test
CHEMBL5436875,CHEMBL220,6.68,2022.0,6.68,COC(=O)/C=C/C(=O)Nc1cccc(OCCCCSC(=S)N2CCCCC2)c1,train
CHEMBL543711,CHEMBL220,4.33,1999.0,4.33,Cl.c1ccc(-c2ccc(NCCCCCN3CCc4ccccc4C3)nn2)cc1,test
CHEMBL5437114,CHEMBL220,3.4909319549828384,2024.0,3.4909319549828384,CC(=O)n1c2c(c3ccccc31)Oc1nc(C)[nH]c(=O)c1C2c1ccc(C#N)cc1,test
CHEMBL5437254,CHEMBL220,5.0,2023.0,5.0,CCCN(CCc1ccc(OC)cc1)Cc1cccc(OC)c1OCc1ccccc1,test
CHEMBL5437596,CHEMBL220,3.5011383110071157,2024.0,3.5011383110071157,CC(=O)n1c2c(c3ccccc31)Oc1nc(C)[nH]c(=O)c1C2c1ccc(Cl)cc1,test
CHEMBL5437711,CHEMBL220,5.77,2024.0,5.77,O/N=C/c1cc(Br)cc(CN2CCN(c3ccncc3)CC2)c1O,train
CHEMBL543779,CHEMBL220,3.744727494896694,1986.0,3.744727494896694,CCN(CC)CCS/C(=N\O)C(=O)c1ccc(C#N)cc1.Cl,val
CHEMBL5438175,CHEMBL220,5.0,2023.0,5.0,COc1ccccc1CCN(C)Cc1cccc(OC)c1OCc1ccccc1,test
CHEMBL5438801,CHEMBL220,5.05,2023.0,5.05,Cc1ccc(NCCC[C@@H]2CCCN3CCCC[C@H]23)c2c(=O)c3ccccc3oc12,test
CHEMBL5439067,CHEMBL220,5.0,2023.0,5.0,COc1cccc(CNCCc2ccc(O)cc2)c1OCc1ccccc1,test
CHEMBL5440083,CHEMBL220,5.0,2023.0,5.0,CCN(CCc1ccc(OC)cc1)Cc1cccc(OC)c1OCc1ccccc1,test
CHEMBL544022,CHEMBL220,3.283996656365201,1986.0,3.283996656365201,CCN(CC)CCS/C(=N\O)C(=O)c1ccc(Cl)cc1.Cl,val
CHEMBL5440445,CHEMBL220,4.79,2023.0,4.79,COc1ccc2sc3c(C)ccc(NCCC4CCN(C)CC4)c3c(=O)c2c1,train
CHEMBL5440573,CHEMBL220,5.0,2023.0,5.0,COc1cccc(/C=N/CCc2ccc(O)cc2)c1OCc1ccccc1,train
CHEMBL5440621,CHEMBL220,3.699485003797094,2023.0,3.699485003797094,CN(C)CCCN1C(=O)CSC1c1ccc(Cl)cc1.Cl,train
CHEMBL5440650,CHEMBL220,7.28,2022.0,7.28,COC(=O)/C=C/C(=O)Nc1cccc(OCCCCSC(=S)N2CCCCC2C)c1,train
CHEMBL5440735,CHEMBL220,5.55,2023.0,5.55,CC(C)N(C)C(=O)Oc1cccc2c(CN(C)CCC3CCCCCC3)c[nH]c12,train
CHEMBL5440753,CHEMBL220,9.4,2023.0,9.4,Br.CC[N+](CC)(CCCCCn1c(=O)cc(C)n(CCCCCn2c(C)cc(=O)n(C)c2=O)c1=O)Cc1ccccc1[N+](=O)[O-],train
CHEMBL5441139,CHEMBL220,5.0,2023.0,5.0,CCCN(CCc1ccccc1)Cc1cccc(OC)c1OCc1ccccc1,test
CHEMBL544126,CHEMBL220,7.61,2001.0,7.61,CNC(=O)Oc1cccc(CN(C)CCCOc2cccc(Cc3ccccc3)c2)c1.Cl,train
CHEMBL544165,CHEMBL220,4.59,2002.0,4.59,C#CCNC1CCc2c(Cl)cc(OC(=O)N(C)CC)cc21.Cl,train
CHEMBL544166,CHEMBL220,3.0,2002.0,3.0,C#CCN(C)C1CCc2cccc(OC(=O)N(C)CCC)c21.Cl,train
CHEMBL54420,CHEMBL220,6.49,1999.0,6.49,CC(C)c1ccc(NC(=O)Oc2ccc3c(c2)[C@]2(C)CCNC2N3C)cc1,train
CHEMBL544395,CHEMBL220,5.4,2002.0,5.4,CN(C(=O)Oc1ccc2c(c1)C(N)CC2)C1CCCCC1.Cl,test
CHEMBL544396,CHEMBL220,7.58,2002.0,7.58,CCN(C)C(=O)Oc1cccc2c1CCC2N.Cl,train
CHEMBL544398,CHEMBL220,7.89,2002.0,7.89,CN(C)C(=O)Oc1cccc2c1CCC2N(C)C.Cl,train
CHEMBL544592,CHEMBL220,8.27,2001.0,8.27,CNC(=O)Oc1cccc(CN(C)CCCOc2ccc(C(=O)c3ccccc3)cc2)c1.Cl,train
CHEMBL544635,CHEMBL220,3.279840696594043,2002.0,3.279840696594043,C#CCNC1CCc2cccc(OC(=O)N(C)CC)c21.Cl,train
CHEMBL544636,CHEMBL220,4.33,2002.0,4.33,C#CCNC1CCc2ccc(OC(=O)N(C)CC)cc21.Cl,train
CHEMBL544637,CHEMBL220,5.97,2002.0,5.97,CNC1CCc2ccc(OC(=O)N(C)C)cc21.Cl,train
CHEMBL544669,CHEMBL220,3.677780705266081,1986.0,3.677780705266081,CCN(CC)CCS/C(=N\O)C(=O)c1ccc(Br)cc1.Cl,val
CHEMBL54470,CHEMBL220,6.96,1999.0,6.96,CC(C)c1ccc(NC(=O)Oc2ccc3c(c2)[C@]2(C)CCNC2N3)cc1,train
CHEMBL544823,CHEMBL220,7.66,2001.0,7.66,CNC(=O)Oc1cccc(CN(C)CCCCCCCCCCOc2ccc3c(=O)c4ccccc4oc3c2)c1.Cl,train
CHEMBL545103,CHEMBL220,5.67,2002.0,5.67,C#CCNC1CCc2c(OC(=O)N(C)CC)cccc21.Cl,train
CHEMBL545104,CHEMBL220,4.61,2002.0,4.61,CCNC1CCc2ccc(OC(=O)N(C)C)cc21.Cl,train
CHEMBL545331,CHEMBL220,5.16,2002.0,5.16,C#CCN(C)C1CCc2cccc(OC(=O)N(C)C)c21.Cl,train
CHEMBL545333,CHEMBL220,4.41,2002.0,4.41,CCN(C)C(=O)Oc1ccc2c(c1)C(NC)CC2.Cl,train
CHEMBL545334,CHEMBL220,3.3010299956639813,2002.0,3.3010299956639813,C#CCNC1CCc2ccc(OC(=S)N(C)C)cc21.Cl,train
CHEMBL545566,CHEMBL220,4.72,2002.0,4.72,CCN(C)C(=O)Oc1ccc2c(c1)C(N)CC2.Cl,train
CHEMBL54577,CHEMBL220,4.522878745280337,1999.0,4.522878745280337,CC(C)c1ccc(NC(=O)Oc2ccc3c(c2)[C@]2(C)CCN(CCc4ccccc4)C2N3C)cc1,train
CHEMBL545797,CHEMBL220,4.75,2002.0,4.75,C#CCN(CC)C1CCc2ccc(OC(=O)N(C)C)cc21.Cl,train
CHEMBL545798,CHEMBL220,3.0,2002.0,3.0,C#CCN(C)C1CCc2ccc(OC(=O)N(C)CCC)cc21.Cl,train
CHEMBL545801,CHEMBL220,6.07,2002.0,6.07,C#CCNC1CCc2ccc(OC(=O)N(C)c3ccc(OC)cc3)cc21.Cl,train
CHEMBL54727,CHEMBL220,7.62,1996.0,7.62,CN1CC[C@@]2(C)c3cc(OC(=O)Nc4ccccc4)ccc3N(C)C12,train
CHEMBL54864,CHEMBL220,6.54,1999.0,6.54,Cc1ccccc1NC(=O)Oc1ccc2c(c1)[C@]1(C)CCNC1N2,train
CHEMBL549,CHEMBL220,4.13,2020.0,4.13,CN(C)CCCC1(c2ccc(F)cc2)OCc2cc(C#N)ccc21,train
CHEMBL54956,CHEMBL220,6.26,1999.0,6.26,Cc1ccccc1NC(=O)Oc1ccc2c(c1)[C@]1(C)CCN(CCc3ccccc3)C1N2C,train
CHEMBL55014,CHEMBL220,6.25,2010.0,6.25,O=C(NCCC1CCN(Cc2ccccc2)CC1)c1ccccc1,train
CHEMBL5505847,CHEMBL220,5.97,2024.0,5.97,O=C(Cn1nc(-c2ccccc2)c(-c2ccccc2)nc1=O)Nc1ccc([N+](=O)[O-])cc1,train
CHEMBL5505910,CHEMBL220,5.92,2024.0,5.92,COc1cc2ncnc(N3CCN(C(C)=O)CC3)c2cc1OC,train
CHEMBL550989,CHEMBL220,5.0,2009.0,5.0,CCOC(=O)c1ccc2nc(-c3ccc(Cl)cc3)c3c(c2c1)OCCC3.Cl,val
CHEMBL5512503,CHEMBL220,5.9,2024.0,5.9,N#Cc1cccc(NC(=O)Cn2nc(-c3ccccc3)c(-c3ccccc3)nc2=O)c1,train
CHEMBL5517638,CHEMBL220,5.99,2024.0,5.99,COc1cc2ncnc(N3CCN(Cc4ccc(C)cc4)CC3)c2cc1OC,test
CHEMBL5517663,CHEMBL220,6.58,2024.0,6.58,COc1cc2ncnc(N3CCN(Cc4ccccc4)CC3)c2cc1OC,test
CHEMBL5523420,CHEMBL220,6.54,2024.0,6.54,COc1cc2cc(C(=O)NCCC3CCN(Cc4ccccc4)CC3)[nH]c2cc1OC,train
CHEMBL5523504,CHEMBL220,7.26,2024.0,7.26,FC(F)(F)c1ccc(-c2nnc(NC3CCN(Cc4ccccc4)CC3)o2)cc1,train
CHEMBL552832,CHEMBL220,6.52,1995.0,6.52,Cl.O=C(CCC1CCN(Cc2ccccc2)CC1)c1ccccc1,test
CHEMBL55312,CHEMBL220,7.46,2010.0,7.46,O=C(c1ccccc1)N(CCC1CCN(Cc2ccccc2)CC1)c1ccccc1,train
CHEMBL55315,CHEMBL220,7.4,1999.0,7.4,Cc1ccccc1NC(=O)Oc1ccc2c(c1)[C@]1(C)CCN(C)C1N2,train
CHEMBL553187,CHEMBL220,6.03,1999.0,6.03,CN(CCCCCNc1ccc(-c2ccccc2)nn1)Cc1ccccc1.Cl,train
CHEMBL553212,CHEMBL220,4.75,1991.0,4.75,C[n+]1ccn(CCN2CCCC2)c1/C=N/O.[Cl-],val
CHEMBL553245,CHEMBL220,3.8013429130455774,2017.0,3.8013429130455774,O=C([O-])C(F)(F)F.O=C1C2=C3C4=[N+](CCc5c[nH]c1c54)[C@@H]1C(=O)C=C4S[C@@H](C[C@@]43[C@H]1O)N2,test
CHEMBL5532467,CHEMBL220,6.12,2024.0,6.12,O=C(Cn1nc(-c2ccccc2)c(-c2ccccc2)nc1=O)Nc1ccccc1O,train
CHEMBL5532603,CHEMBL220,6.14,2024.0,6.14,O=C(Cn1nc(-c2ccccc2)c(-c2ccccc2)nc1=O)Nc1ccccc1Cl,train
CHEMBL5532614,CHEMBL220,6.04,2024.0,6.04,COc1cc2ncnc(N3CCN(c4ccccc4[N+](=O)[O-])CC3)c2cc1OC,train
CHEMBL553498,CHEMBL220,4.86,2002.0,4.86,C#CCNC1CCc2ccc(OC(=O)NCC)cc21.Cl,train
CHEMBL553599,CHEMBL220,5.75,2002.0,5.75,C#CCNC1CCc2ccc(OC(=O)N(C)Cc3ccccc3)cc21.Cl,test
CHEMBL553803,CHEMBL220,6.68,2001.0,6.68,CNC(=O)Oc1cccc(CN(C)CC#CCOc2ccc3c(=O)c4ccccc4oc3c2)c1.Cl,train
CHEMBL554055,CHEMBL220,2.886056647693163,2002.0,2.886056647693163,C#CCN(C)C1CCc2ccc(OC(=O)N(C)CC)cc21.Cl,train
CHEMBL554056,CHEMBL220,4.75,2002.0,4.75,C#CCNC1CCc2ccc(OC(=O)N(CC)C3CCCCC3)cc21.Cl,test
CHEMBL554179,CHEMBL220,7.28,2002.0,7.28,C#CCNC1CCc2c(OC(=O)N(C)C)cccc21.Cl,train
CHEMBL5542098,CHEMBL220,6.01,2024.0,6.01,COc1cc2ncnc(N3CCN(c4ccc(Br)cc4)CC3)c2cc1OC,train
CHEMBL5542397,CHEMBL220,6.36,2024.0,6.36,COc1cc2ncnc(N3CCN(C(c4ccccc4)c4ccccc4)CC3)c2cc1OC,train
CHEMBL554452,CHEMBL220,8.05,2002.0,8.05,CN(C)C(=O)Oc1cccc2c1CCC2N.Cl,train
CHEMBL554453,CHEMBL220,5.54,2002.0,5.54,C#CCNC1CCc2ccc(OC(=O)N(C)C)cc21.Cl,train
CHEMBL5550021,CHEMBL220,6.02,2024.0,6.02,Cc1ccccc1NC(=O)Cn1nc(-c2ccccc2)c(-c2ccccc2)nc1=O,train
CHEMBL555075,CHEMBL220,8.37,1995.0,8.37,CCn1c(C)nc2cc(C(=O)CCC3CCN(Cc4ccccc4)CC3)ccc21.Cl,train
CHEMBL555214,CHEMBL220,9.35,2005.0,9.35,CC1=CC2Cc3nc4cc(Cl)ccc4c(NCCCCCCNc4c5c(nc6cc(Cl)ccc46)CCCC5)c3C(C1)C2.Cl.Cl,train
CHEMBL555247,CHEMBL220,8.18,2007.0,8.18,CC[N+](CC)(CC)CCOc1cc(OCC[N+](CC)(CC)CC)c(C(=O)NCCCCCC(=O)NNc2c3c(nc4cc(Cl)ccc24)CCCC3)cc1OCC[N+](CC)(CC)CC.[Br-].[Br-].[Br-],train
CHEMBL555300,CHEMBL220,7.199999999999999,2009.0,7.199999999999999,CCN(CCCCCCNC1=CC(=O)C(NCCCCCCN(CC)[C@@H](C)c2ccccc2OC)=CC1=O)[C@H](C)c1ccccc1OC,train
CHEMBL5555058,CHEMBL220,6.345,2024.0,6.345,COc1cc(NC(=O)Cn2nc(-c3ccccc3)c(-c3ccccc3)nc2=O)cc(OC)c1,train
CHEMBL555506,CHEMBL220,4.89,2002.0,4.89,C#CCN(C)C1CCc2ccc(OC(=O)N(C)C)cc21.Cl,train
CHEMBL5555203,CHEMBL220,5.93,2024.0,5.93,COc1cc2ncnc(N3CCN(c4ccc(C)cc4)CC3)c2cc1OC,train
CHEMBL5555216,CHEMBL220,5.73,2024.0,5.73,N#Cc1ccccc1NC(=O)Cn1nc(-c2ccccc2)c(-c2ccccc2)nc1=O,train
CHEMBL5555683,CHEMBL220,6.03,2024.0,6.03,O=C(Cn1nc(-c2ccccc2)c(-c2ccccc2)nc1=O)Nc1ccc(Br)cc1,train
CHEMBL5555737,CHEMBL220,6.15,2024.0,6.15,COc1cc(NC(=O)Cn2nc(-c3ccccc3)c(-c3ccccc3)nc2=O)cc(OC)c1OC,train
CHEMBL555592,CHEMBL220,4.84,2002.0,4.84,C#CCNC1CCc2ccc(OC(=O)N(C)CCC)cc21.Cl,train
CHEMBL5555930,CHEMBL220,5.95,2024.0,5.95,O=C(Cn1nc(-c2ccccc2)c(-c2ccccc2)nc1=O)Nc1cccc([N+](=O)[O-])c1,train
CHEMBL5555983,CHEMBL220,6.13,2024.0,6.13,O=C(Cn1nc(-c2ccccc2)c(-c2ccccc2)nc1=O)Nc1ccccc1[N+](=O)[O-],train
CHEMBL5556374,CHEMBL220,5.98,2024.0,5.98,COc1cc2ncnc(N3CCN(c4ccc(F)cc4)CC3)c2cc1OC,train
CHEMBL555641,CHEMBL220,6.12,2002.0,6.12,CN(C)C(=O)Oc1ccc2c(c1)C(N)CC2.Cl,train
CHEMBL5556622,CHEMBL220,5.9,2024.0,5.9,O=C(NCCNc1c2c(nc3ccccc13)CCCC2)Oc1ccc2cc[nH]c2c1,test
CHEMBL555666,CHEMBL220,9.3,2005.0,9.3,CC1=CC2Cc3nc4cc(Cl)ccc4c(NCCCCCCNc4c5c(nc6ccccc46)CCCC5)c3C(C1)C2.Cl.Cl,train
CHEMBL5557161,CHEMBL220,6.16,2024.0,6.16,O=C(Cn1nc(-c2ccccc2)c(-c2ccccc2)nc1=O)Nc1ccc([N+](=O)[O-])cc1Cl,train
CHEMBL5557329,CHEMBL220,6.0,2024.0,6.0,COc1cc2ncnc(N3CCN(c4ccccc4)CC3)c2cc1OC,train
CHEMBL5557719,CHEMBL220,5.94,2024.0,5.94,O=C(Cn1nc(-c2ccccc2)c(-c2ccccc2)nc1=O)Nc1ccc(F)cc1F,train
CHEMBL555773,CHEMBL220,6.28,2002.0,6.28,CCCCCCN(C)C(=O)Oc1ccc2c(c1)C(N)CC2.Cl,train
CHEMBL5557905,CHEMBL220,6.11,2024.0,6.11,O=C(Cn1nc(-c2ccccc2)c(-c2ccccc2)nc1=O)Nc1cc(Br)cc(Br)c1,train
CHEMBL5558445,CHEMBL220,5.89,2024.0,5.89,COc1cc2ncnc(N3CCN(C)CC3)c2cc1OC,train
CHEMBL5558447,CHEMBL220,5.93,2024.0,5.93,O=C(Cn1nc(-c2ccccc2)c(-c2ccccc2)nc1=O)Nc1cccc(Cl)c1,train
CHEMBL5558946,CHEMBL220,6.08,2024.0,6.08,O=C(Cn1nc(-c2ccccc2)c(-c2ccccc2)nc1=O)Nc1ccc(F)cc1,train
CHEMBL5559062,CHEMBL220,5.94,2024.0,5.94,O=C(Cn1nc(-c2ccccc2)c(-c2ccccc2)nc1=O)Nc1ccc(O)cc1,train
CHEMBL555919,CHEMBL220,5.6,2002.0,5.6,C#CCNC1CCc2cccc(OC(=O)N(C)C)c21.Cl,train
CHEMBL5559245,CHEMBL220,6.04,2024.0,6.04,COc1cc2ncnc(N3CCN(Cc4ccc(Cl)cc4)CC3)c2cc1OC,test
CHEMBL5559310,CHEMBL220,5.94,2024.0,5.94,COc1cc2ncnc(N3CCN(c4ccccn4)CC3)c2cc1OC,train
CHEMBL5559321,CHEMBL220,5.85,2024.0,5.85,O=C(Cn1nc(-c2ccccc2)c(-c2ccccc2)nc1=O)Nc1ccc(Cl)cc1,train
CHEMBL5559386,CHEMBL220,6.32,2024.0,6.32,COc1cc2ncnc(N3CCN(c4ccc([N+](=O)[O-])cc4)CC3)c2cc1OC,train
CHEMBL5559707,CHEMBL220,6.03,2024.0,6.03,COc1ccc2[nH]cc(C(=O)NCCC3CCN(Cc4ccccc4)CC3)c2c1,train
CHEMBL556028,CHEMBL220,4.8,2002.0,4.8,C#CCNC1CCc2ccc(OC(=O)N(C)CCCCCC)cc21.Cl,train
CHEMBL5560860,CHEMBL220,9.37,2024.0,9.37,COc1cc2c(cc1OC)C(c1ccccc1)N(CCc1cn(CCCCC3=C[C@H]4Cc5nc6cc(Cl)ccc6c(N)c5[C@H](C3)C4)nn1)CC2,train
CHEMBL556147,CHEMBL220,6.29,2002.0,6.29,CNC1CCc2cccc(OC(=O)N(C)C)c21.Cl,train
CHEMBL556161,CHEMBL220,4.36,2002.0,4.36,C#CCNC1CCc2c(Cl)cc(OC(=O)N(C)CCC)cc21.Cl,train
CHEMBL556172,CHEMBL220,3.0,1986.0,3.0,CCN(CC)CCS/C(=N\O)C(=O)c1ccccc1.Cl,val
CHEMBL556186,CHEMBL220,6.75,2002.0,6.75,Cc1ccccc1NC(=O)Oc1ccc2c(c1)[C@]1(C)CC[N@@+](C)([O-])[C@@H]1N2C.Cl,train
CHEMBL5562554,CHEMBL220,7.52,2024.0,7.52,O=C(NCCCCCCNc1c2c(nc3cc(F)ccc13)CCCC2)Oc1ccc(-c2cc3cccnc3[nH]2)cc1,train
CHEMBL5563417,CHEMBL220,5.18,2024.0,5.18,CN(CCc1cccs1)Cc1ccc(COc2ccc3c(CO)cc(=O)oc3c2)cc1,train
CHEMBL5563449,CHEMBL220,5.195,2024.0,5.195,CN(Cc1ccc(COc2ccc3c(CO)cc(=O)oc3c2)cc1)Cc1cncnc1,train
CHEMBL5563454,CHEMBL220,5.33,2024.0,5.33,CCOc1cc2c(cc1OCC)-c1c(-c3ccc(Cl)cc3)c(/C=N/c3ccc(/N=C/c4c(-c5ccc(Cl)cc5)c5n(c4-c4ccccc4)CCc4cc(OC)c(OC)cc4-5)cc3)c(-c3ccccc3)n1CC2,val
CHEMBL5563739,CHEMBL220,5.04,2024.0,5.04,Cc1cccc(Oc2ccc3nc4c(c(N)c3c2)CCCC4)c1.Cl,train
CHEMBL5563760,CHEMBL220,6.82,2024.0,6.82,O=C(NCCCCCCNc1c2c(nc3cc(Cl)ccc13)CCCC2)Oc1ccc2cc[nH]c2c1,train
CHEMBL5563794,CHEMBL220,7.26,2024.0,7.26,O=C(NCCCCCCNc1c2c(nc3cc(Br)ccc13)CCCC2)Oc1ccc(-c2cc3cccnc3[nH]2)cc1,train
CHEMBL5563895,CHEMBL220,4.91,2024.0,4.91,Cc1cccc(Oc2ccc3nc4c(c(N)c3c2)CCCCC4)c1.Cl,train
CHEMBL5564010,CHEMBL220,6.82,2024.0,6.82,O=C(NCCCCCNc1c2c(nc3ccccc13)CCCC2)Oc1ccc(-c2cc3cccnc3[nH]2)cc1,test
CHEMBL5564643,CHEMBL220,6.26,2024.0,6.26,O=C(NCCCNc1c2c(nc3ccccc13)CCCC2)Oc1ccc2cc[nH]c2c1,train
CHEMBL5565153,CHEMBL220,5.56,2024.0,5.56,CC(C)(C)c1ccc(Oc2ccc3nc4c(c(N)c3c2)CCC4)cc1.Cl,val
CHEMBL5565340,CHEMBL220,5.24,2024.0,5.24,CC(=O)c1ccc(Oc2ccc3nc4c(c(N)c3c2)CCC4)cc1.Cl,val
CHEMBL5565570,CHEMBL220,5.29,2024.0,5.29,Cl.Nc1c2c(nc3ccc(Oc4ccc(Cl)cc4)cc13)CCC2,val
CHEMBL556581,CHEMBL220,6.745,2009.0,6.745,CCN(CCCCCCNC1=CC(=O)C(NCCCCCCN(CC)[C@@H](C)c2ccccc2OC)=CC1=O)[C@@H](C)c1ccccc1OC,train
CHEMBL5565926,CHEMBL220,5.43,2024.0,5.43,Cc1cc(C)cc(Oc2ccc3nc4c(c(N)c3c2)CCC4)c1.Cl,val
CHEMBL5565956,CHEMBL220,5.505,2024.0,5.505,CN(Cc1ccc(COc2ccc3c(CO)cc(=O)oc3c2)cc1)Cc1cccnc1,test
CHEMBL5566339,CHEMBL220,6.82,2024.0,6.82,CCCCCCCCCCCC1=C(O)C(=O)C=C(NCCC2CCN(Cc3ccccc3)CC2)C1=O,train
CHEMBL5566825,CHEMBL220,7.19,2024.0,7.19,O=C(NCCCCCCNc1c2c(nc3cc(Cl)ccc13)CCCC2)Oc1ccc(-c2cc3cccnc3[nH]2)cc1,train
CHEMBL5567301,CHEMBL220,5.44,2024.0,5.44,COc1ccc(Oc2ccc3nc4c(c(N)c3c2)CCCCC4)cc1.Cl,train
CHEMBL5567396,CHEMBL220,6.82,2024.0,6.82,O=C(NCCCCCNc1c2c(nc3cc(F)ccc13)CCCC2)Oc1ccc(-c2cc3cccnc3[nH]2)cc1,test
CHEMBL5567533,CHEMBL220,6.6,2024.0,6.6,C[C@@H](c1cccc(OC(=O)NCCNc2c3c(nc4ccccc24)CCCC3)c1)N(C)C,val
CHEMBL5567590,CHEMBL220,6.93,2024.0,6.93,C[C@@H](c1cccc(OC(=O)NCCCCCNc2c3c(nc4ccccc24)CCCC3)c1)N(C)C,val
CHEMBL5568634,CHEMBL220,6.61,2024.0,6.61,O=C(NCCCCCNc1c2c(nc3cc(Cl)ccc13)CCCC2)Oc1ccc2cc[nH]c2c1,test
CHEMBL5568668,CHEMBL220,6.42,2024.0,6.42,O=C(NCCCCCCNc1c2c(nc3ccccc13)CCCC2)Oc1ccc2cc[nH]c2c1,train
CHEMBL5568861,CHEMBL220,6.08,2024.0,6.08,CN(Cc1ccc(COc2ccc3c(CO)cc(=O)oc3c2)cc1)Cc1ccco1,train
CHEMBL5568964,CHEMBL220,5.02,2024.0,5.02,COc1ccccc1Oc1ccc2nc3c(c(N)c2c1)CCCCC3.Cl,train
CHEMBL5569081,CHEMBL220,7.25,2024.0,7.25,C[C@@H](c1cccc(OC(=O)NCCCCCCNc2c3c(nc4cc(Br)ccc24)CCCC3)c1)N(C)C,train
CHEMBL5569264,CHEMBL220,5.42,2024.0,5.42,Cc1ccccc1Oc1ccc2nc3c(c(N)c2c1)CCCC3.Cl,train
CHEMBL556939,CHEMBL220,4.84,2009.0,4.84,C[C@]1(CO)CCC[C@]2(C)[C@H]1C[C@H](O)[C@@]13C[C@@H](CC[C@@H]21)[C@]1(C)O[C@@H]13,test
CHEMBL5569423,CHEMBL220,6.5,2024.0,6.5,O=C(NCCCCCNc1c2c(nc3cc(Br)ccc13)CCCC2)Oc1ccc2cc[nH]c2c1,test
CHEMBL5569594,CHEMBL220,5.5,2024.0,5.5,CN(CCc1ccsc1)Cc1ccc(COc2ccc3c(CO)cc(=O)oc3c2)cc1,train
CHEMBL5569743,CHEMBL220,5.54,2024.0,5.54,Cl.Nc1c2c(nc3ccc(Oc4ccc(Cl)cc4)cc13)CCCC2,train
CHEMBL5569900,CHEMBL220,5.365,2024.0,5.365,CN(Cc1ccncc1)Cc1ccc(COc2ccc3c(CO)cc(=O)oc3c2)cc1,train
CHEMBL5570038,CHEMBL220,5.48,2024.0,5.48,Cc1ccc(Oc2ccc3nc4c(c(N)c3c2)CCCC4)cc1.Cl,train
CHEMBL5570753,CHEMBL220,5.08,2024.0,5.08,Cc1ccc(Oc2ccc3nc4c(c(N)c3c2)CCC4)cc1.Cl,val
CHEMBL5570773,CHEMBL220,5.37,2024.0,5.37,COc1cccc(Oc2ccc3nc4c(c(N)c3c2)CCCCC4)c1.Cl,train
CHEMBL5570989,CHEMBL220,8.08,2024.0,8.08,C[C@@H](c1cccc(OC(=O)NCCCCCNc2c3c(nc4cc(Cl)ccc24)CCCC3)c1)N(C)C,val
CHEMBL5571074,CHEMBL220,5.24,2024.0,5.24,Cc1ccccc1Oc1ccc2nc3c(c(N)c2c1)CCCCC3.Cl,train
CHEMBL5571160,CHEMBL220,6.41,2024.0,6.41,C[C@@H](c1cccc(OC(=O)NCCCNc2c3c(nc4ccccc24)CCCC3)c1)N(C)C,test
CHEMBL5571191,CHEMBL220,5.27,2024.0,5.27,Cl.Nc1c2c(nc3ccc(Oc4ccccc4)cc13)CCCCC2,train
CHEMBL557155,CHEMBL220,9.47,2005.0,9.47,CC1=CC2Cc3nc4cc(Cl)ccc4c(NCCCCCCCNc4c5c(nc6ccccc46)CCCC5)c3C(C1)C2.Cl.Cl,train
CHEMBL5571784,CHEMBL220,5.79,2024.0,5.79,Cc1cc(C)cc(Oc2ccc3nc4c(c(N)c3c2)CCCC4)c1.Cl,train
CHEMBL557181,CHEMBL220,7.52,1995.0,7.52,Cl.O=C(CCC1CCN(Cc2ccccc2)CC1)c1ccc2c(c1)OCCO2,test
CHEMBL5572008,CHEMBL220,7.64,2024.0,7.64,O=C(NCCCCCNc1c2c(nc3cc(Cl)ccc13)CCCC2)Oc1ccc(-c2cc3cccnc3[nH]2)cc1,test
CHEMBL5572528,CHEMBL220,5.71,2024.0,5.71,CC(C)(C)c1ccc(Oc2ccc3nc4c(c(N)c3c2)CCCC4)cc1.Cl,train
CHEMBL5572620,CHEMBL220,5.0,2024.0,5.0,O=C(NCCNc1c2c(nc3ccccc13)CCCC2)Oc1ccc(-c2cc3cccnc3[nH]2)cc1,test
CHEMBL5572861,CHEMBL220,7.32,2024.0,7.32,C[C@@H](c1cccc(OC(=O)NCCCCCNc2c3c(nc4cc(Br)ccc24)CCCC3)c1)N(C)C,val
CHEMBL5573115,CHEMBL220,4.97,2024.0,4.97,CN(CCc1cccnc1)Cc1ccc(COc2ccc3c(CO)cc(=O)oc3c2)cc1,train
CHEMBL5573148,CHEMBL220,6.63,2024.0,6.63,O=C(NCCCNc1c2c(nc3ccccc13)CCCC2)Oc1ccc(-c2cc3cccnc3[nH]2)cc1,train
CHEMBL5573162,CHEMBL220,5.38,2024.0,5.38,Cl.Nc1c2c(nc3ccc(Oc4ccc(Cl)cc4)cc13)CCCCC2,train
CHEMBL5573311,CHEMBL220,5.28,2024.0,5.28,Cc1cccc(Oc2ccc3nc4c(c(N)c3c2)CCC4)c1.Cl,val
CHEMBL5573526,CHEMBL220,5.28,2024.0,5.28,COc1cccc(Oc2ccc3nc4c(c(N)c3c2)CCC4)c1.Cl,val
CHEMBL5573638,CHEMBL220,4.55,2024.0,4.55,Cc1ccccc1Oc1ccc2nc3c(c(N)c2c1)CCC3.Cl,val
CHEMBL5573861,CHEMBL220,7.38,2024.0,7.38,C[C@@H](c1cccc(OC(=O)NCCCCCCNc2c3c(nc4cc(F)ccc24)CCCC3)c1)N(C)C,train
CHEMBL557400,CHEMBL220,5.0,2002.0,5.0,CC(C)c1ccc(NC(=O)Oc2ccc3c(c2)[C@]2(C)CC[N@@+](C)([O-])[C@@H]2N3C)cc1.Cl,train
CHEMBL557405,CHEMBL220,8.17,2001.0,8.17,CNC(=O)Oc1cccc(CN(C)CCCCCCCCOc2ccc3c(=O)c4ccccc4oc3c2)c1.Cl,train
CHEMBL5574521,CHEMBL220,5.07,2024.0,5.07,COc1ccccc1Oc1ccc2nc3c(c(N)c2c1)CCC3.Cl,val
CHEMBL5574703,CHEMBL220,5.09,2024.0,5.09,CN(Cc1ccc(COc2ccc3c(CO)cc(=O)oc3c2)cc1)Cc1nccs1,train
CHEMBL5574870,CHEMBL220,6.08,2024.0,6.08,COc1ccccc1Oc1ccc2nc3c(c(N)c2c1)CCCC3.Cl,train
CHEMBL5574879,CHEMBL220,6.38,2024.0,6.38,O=C(NCCCCCNc1c2c(nc3ccccc13)CCCC2)Oc1ccc2cc[nH]c2c1,test
CHEMBL5574923,CHEMBL220,8.48,2024.0,8.48,O=C(CCCCN1CCN(Cc2ccccc2)CC1)Nc1ccc2nc3n(c(=O)c2c1)CCC3,test
CHEMBL5575002,CHEMBL220,6.0,2024.0,6.0,Cc1cc(C)cc(Oc2ccc3nc4c(c(N)c3c2)CCCCC4)c1.Cl,train
CHEMBL5575070,CHEMBL220,5.37,2024.0,5.37,COc1ccc(Oc2ccc3nc4c(c(N)c3c2)CCC4)cc1.Cl,val
CHEMBL5575345,CHEMBL220,7.67,2024.0,7.67,O=C(NCCCCCCNc1c2c(nc3ccccc13)CCCC2)Oc1ccc(-c2cc3cccnc3[nH]2)cc1,train
CHEMBL5575440,CHEMBL220,6.29,2024.0,6.29,O=C(NCCCCNc1c2c(nc3ccccc13)CCCC2)Oc1ccc2cc[nH]c2c1,test
CHEMBL5575441,CHEMBL220,6.53,2024.0,6.53,O=C(NCCCCCCNc1c2c(nc3cc(F)ccc13)CCCC2)Oc1ccc2cc[nH]c2c1,train
CHEMBL5575695,CHEMBL220,6.53,2024.0,6.53,C[C@@H](c1cccc(OC(=O)NCCCCNc2c3c(nc4ccccc24)CCCC3)c1)N(C)C,train
CHEMBL5575737,CHEMBL220,6.93,2024.0,6.93,C[C@@H](c1cccc(OC(=O)NCCCCCCNc2c3c(nc4ccccc24)CCCC3)c1)N(C)C,train
CHEMBL5575842,CHEMBL220,4.14,2024.0,4.14,CC(C)(C)c1ccc(Oc2ccc3nc4c(c(N)c3c2)CCCCC4)cc1.Cl,train
CHEMBL557586,CHEMBL220,6.77,2007.0,6.77,COc1ccccc1CN(C)CCCCCC(=O)N(C)CCCCCCCCN(C)C(=O)CCCCCN(C)Cc1ccccc1OC.Cl.Cl,test
CHEMBL5583545,CHEMBL220,5.71,2024.0,5.71,Cc1ccc(C(C)C)cc1OCC(=O)N(C(C)C)C(C)C,val
CHEMBL5583734,CHEMBL220,5.71,2024.0,5.71,Cc1ccc(C(C)C)cc1OCC(=O)N1Cc2ccccc2C1,train
CHEMBL5583827,CHEMBL220,6.56,2024.0,6.56,O=C(NCCCCCNc1c2c(nc3cc(F)ccc13)CCCC2)Oc1ccc2cc[nH]c2c1,test
CHEMBL5583846,CHEMBL220,6.87,2024.0,6.87,Cc1ccc(C(C)C)cc1OCC(O)CNC(C)(C)C,val
CHEMBL5583890,CHEMBL220,6.69,2024.0,6.69,O=C(NCCCCNc1c2c(nc3ccccc13)CCCC2)Oc1ccc(-c2cc3cccnc3[nH]2)cc1,train
CHEMBL5583940,CHEMBL220,5.16,2024.0,5.16,O=C(Oc1cc(OC(=O)N2CCCCC2)cc(C(O)CN2CCCCC2)c1)N1CCCCC1,train
CHEMBL558598,CHEMBL220,4.6,2010.0,4.6,Cc1c(C(=O)NN2CCCCC2)nn(-c2ccc(Cl)cc2Cl)c1-c1ccc(Cl)cc1.Cl,train
CHEMBL558873,CHEMBL220,6.07,2010.0,6.07,CC(C)(C)[Si](C)(C)O[C@H]1C=C2CCN3Cc4cc5c(cc4[C@H]([C@@H]1O)[C@@H]23)OCO5,train
CHEMBL5589858,CHEMBL220,5.71,2024.0,5.71,Cc1ccc(C(C)C)cc1OCC(=O)NCCC1=CCCCC1,train
CHEMBL5589962,CHEMBL220,6.87,2024.0,6.87,C=CCNCC(O)COc1cc(C(C)C)ccc1C,val
CHEMBL5590121,CHEMBL220,4.3979400086720375,2024.0,4.3979400086720375,Cc1ccc(/C=N/NC(=O)Cn2c(=O)sc3ccccc32)s1,train
CHEMBL5590122,CHEMBL220,6.58,2024.0,6.58,CN(Cc1ccc(COc2ccc3c(CO)cc(=O)oc3c2)cc1)Cc1ccsc1,train
CHEMBL5590201,CHEMBL220,6.87,2024.0,6.87,Cc1ccc(C(C)C)cc1OCC(O)CNCCC1=CCCCC1,val
CHEMBL5590314,CHEMBL220,5.62,2024.0,5.62,Nc1c2c(nc3ccc(Oc4ccccc4)cc13)CCCC2,train
CHEMBL5590702,CHEMBL220,6.87,2024.0,6.87,CCN(CC)CC(O)COc1cc(C(C)C)ccc1C,val
CHEMBL5590734,CHEMBL220,5.42,2024.0,5.42,Cc1ccc(Oc2ccc3nc4c(c(N)c3c2)CCCCC4)cc1.Cl,train
CHEMBL5590844,CHEMBL220,5.38,2024.0,5.38,Cc1cc2c(cc1C)[n+](Cc1ccccc1C)cn2C(c1ccccc1)c1ccccc1.[Cl-],train
CHEMBL5590860,CHEMBL220,6.04,2024.0,6.04,CCOC(=O)C1=C(Nc2ccc(F)cc2)CC(c2ccc(Cl)cc2)N(c2ccc(F)cc2)C1c1ccc(Cl)cc1,train
CHEMBL5591073,CHEMBL220,5.71,2024.0,5.71,CNC(=O)COc1cc(C(C)C)ccc1C,val
CHEMBL5591277,CHEMBL220,5.71,2024.0,5.71,Cc1ccc(C(C)C)cc1OCC(=O)NCc1ccc2c(c1)OCO2,train
CHEMBL5591282,CHEMBL220,5.19,2024.0,5.19,Cl.Nc1c2c(nc3ccc(Oc4ccccc4)cc13)CCC2,val
CHEMBL5591458,CHEMBL220,7.54,2024.0,7.54,[O-]/[N+](=C\c1ccc2cccc(O)c2n1)Cc1ccccc1,train
CHEMBL5591504,CHEMBL220,5.71,2024.0,5.71,CCCNC(=O)COc1cc(C(C)C)ccc1C,val
CHEMBL5591597,CHEMBL220,5.71,2024.0,5.71,Cc1ccc(C(C)C)cc1OCC(=O)NCCNc1cccc2cccnc12,train
CHEMBL5591729,CHEMBL220,5.71,2024.0,5.71,Cc1ccc(C(C)C)cc1OCC(=O)NCCN1CCN(C)CC1,train
CHEMBL5591982,CHEMBL220,5.375,2024.0,5.375,CN(Cc1ccc(COc2ccc3c(CO)cc(=O)oc3c2)cc1)Cc1cscn1,val
CHEMBL5592053,CHEMBL220,5.71,2024.0,5.71,Cc1ccc(C(C)C)cc1OCC(=O)NC1CCCCC1,test
CHEMBL5592335,CHEMBL220,7.42,2024.0,7.42,C[C@@H](c1cccc(OC(=O)NCCCCCNc2c3c(nc4cc(F)ccc24)CCCC3)c1)N(C)C,val
CHEMBL5592518,CHEMBL220,5.12,2024.0,5.12,S=C(NCCCCNC(=S)Nc1c2c(nc3c1CCC3)CCCC2)Nc1c2c(nc3c1CCC3)CCCC2,train
CHEMBL5592608,CHEMBL220,7.7,2024.0,7.7,O=C(NCCCCCCNc1c2c(nc3ccccc13)CCCC2)c1ccccc1O,train
CHEMBL5592792,CHEMBL220,5.54,2024.0,5.54,COc1ccc(Oc2ccc3nc4c(c(N)c3c2)CCCC4)cc1.Cl,train
CHEMBL5592917,CHEMBL220,6.87,2024.0,6.87,Cc1ccc(C(C)C)cc1OCC(O)CNCc1cccnc1,train
CHEMBL5592999,CHEMBL220,5.71,2024.0,5.71,Cc1ccc(C(C)C)cc1OCC(=O)N1CCCCC1,train
CHEMBL5593330,CHEMBL220,4.0,2024.0,4.0,COc1cccc(NC(=O)CN(C)[C@@H](C)C(=O)c2c[nH]c3ccccc23)c1,train
CHEMBL5593367,CHEMBL220,5.58,2024.0,5.58,COc1cccc(Oc2ccc3nc4c(c(N)c3c2)CCCC4)c1.Cl,train
CHEMBL5593372,CHEMBL220,4.301029995663981,2024.0,4.301029995663981,CCc1ccccc1NC(=O)c1ccc(NS(=O)(=O)c2ccccc2)cc1,train
CHEMBL5593429,CHEMBL220,5.71,2024.0,5.71,Cc1ccc(C(C)C)cc1OCC(=O)NCCN1CCCC1,test
CHEMBL5593745,CHEMBL220,5.71,2024.0,5.71,CCN(CC)C(=O)COc1cc(C(C)C)ccc1C,val
CHEMBL5593865,CHEMBL220,4.0,2024.0,4.0,CCc1[nH]c2ccccc2c1CCN1CCC[C@H](CC)C1,train
CHEMBL5593954,CHEMBL220,6.65,2024.0,6.65,O=C(NCCCCCCCCNc1c2c(nc3ccccc13)CCCC2)c1ccccc1O,train
CHEMBL5594084,CHEMBL220,5.72,2024.0,5.72,CC(C)(C)c1cc(CNCCNc2c3c(nc4ccccc24)CCCCC3)cc(C(C)(C)C)c1O,train
CHEMBL5594172,CHEMBL220,5.71,2024.0,5.71,Cc1ccc(C(C)C)cc1OCC(=O)NCCN1CCOCC1,train
CHEMBL5594195,CHEMBL220,4.85,2024.0,4.85,c1ccc2c(c1)-c1ccccc1C2NC1CCCCC1,test
CHEMBL5594238,CHEMBL220,7.23,2024.0,7.23,O=C(NCCCCCNc1c2c(nc3cc(Br)ccc13)CCCC2)Oc1ccc(-c2cc3cccnc3[nH]2)cc1,test
CHEMBL5594287,CHEMBL220,6.95,2024.0,6.95,O=C(NCCCCCCNc1c2c(nc3cc(Br)ccc13)CCCC2)Oc1ccc2cc[nH]c2c1,train
CHEMBL5594315,CHEMBL220,4.3,2024.0,4.3,CCCCNC1c2ccccc2-c2ccccc21,train
CHEMBL5594488,CHEMBL220,4.23,2024.0,4.23,CCNC(=S)N/N=C/c1c(OC)cc(OC)c2c(-c3ccccc3)c[nH]c12,train
CHEMBL5594511,CHEMBL220,5.71,2024.0,5.71,COc1ccc(CCNC(=O)COc2cc(C(C)C)ccc2C)cc1OC,train
CHEMBL5594849,CHEMBL220,5.84,2024.0,5.84,O=C(CNCCCCNCC(=O)Nc1c2c(nc3c1CCC3)CCCC2)Nc1c2c(nc3c1CCC3)CCCC2,val
CHEMBL5594981,CHEMBL220,4.38,2024.0,4.38,c1ccc(-c2nn(-c3ccccc3)cc2-c2nc(-c3ccccc3)c(-c3ccccc3)n2-c2ccccc2)cc1,train
CHEMBL5595199,CHEMBL220,7.59,2024.0,7.59,C[C@@H](c1cccc(OC(=O)NCCCCCCNc2c3c(nc4cc(Cl)ccc24)CCCC3)c1)N(C)C,train
CHEMBL5595332,CHEMBL220,6.3,2024.0,6.3,CN(Cc1ccc(COc2ccc3c(CO)cc(=O)oc3c2)cc1)Cc1cccs1,train
CHEMBL5595836,CHEMBL220,5.4399999999999995,2024.0,5.4399999999999995,CN(Cc1ccc(COc2ccc3c(CO)cc(=O)oc3c2)cc1)Cc1ncc[nH]1,train
CHEMBL5595908,CHEMBL220,5.52,2024.0,5.52,COc1cc(CNCCCNc2c3c(nc4ccccc24)CCCCC3)ccc1O,train
CHEMBL5595921,CHEMBL220,6.05,2024.0,6.05,C/C(NCCCCNc1c2c(nc3ccccc13)CCCC2)=C(/N=N/c1ccc(C)cc1)C(=O)c1ccccc1,train
CHEMBL5596056,CHEMBL220,5.87,2024.0,5.87,CCOC(=O)C1=C(Nc2ccccc2)CC(c2ccc(F)cc2)N(c2ccccc2)C1c1ccc(F)cc1,train
CHEMBL5596159,CHEMBL220,4.4,2024.0,4.4,C#CCNc1ccccc1-c1cc(-c2ccc(OCCN3CCCCC3)cc2)nc(N)n1,train
CHEMBL5596796,CHEMBL220,5.9,2024.0,5.9,CCOC(=O)C1=C(Nc2cccc(F)c2)CC(c2ccc(Cl)cc2)N(c2cccc(F)c2)C1c1ccc(Cl)cc1,train
CHEMBL5597110,CHEMBL220,4.0,2024.0,4.0,COc1cc2c(cc1OC)[C@@H]1[C@H](O)[C@@H](OC)[C@H](O)C3=CCN(C2=O)[C@H]31,train
CHEMBL5597206,CHEMBL220,4.73,2024.0,4.73,COc1cc(-c2cccc3c2N(C)CC3)c(CN2CC[C@@]34C=C[C@H](O)C[C@@H]3Oc3c(OC)ccc(c34)C2)c(OC)c1OC,train
CHEMBL5597239,CHEMBL220,4.0,2024.0,4.0,COc1cc2c(cc1OC)[C@@]13C=C[C@@H](OC)C[C@@H]1N(C2)C[C@@H]3O,train
CHEMBL5597242,CHEMBL220,5.9,2024.0,5.9,CCOC(=O)C1=C(Nc2ccc(F)cc2)CC(c2ccc(F)cc2)N(c2ccc(F)cc2)C1c1ccc(F)cc1,train
CHEMBL5597315,CHEMBL220,5.85,2024.0,5.85,CCOC(=O)C1=C(Nc2cccc(F)c2)CC(c2ccc(F)cc2)N(c2cccc(F)c2)C1c1ccc(F)cc1,train
CHEMBL5597498,CHEMBL220,3.8109871953997585,2024.0,3.8109871953997585,COc1ccc2c3c1O[C@H]1C[C@@H](O)CC[C@@]31CCNC2,test
CHEMBL5597500,CHEMBL220,4.0,2024.0,4.0,CCO[C@H]1c2cc(OC)c(OC)cc2[C@@]23CC[C@H](OC)C[C@@H]2N1CC3,test
CHEMBL5597667,CHEMBL220,4.0,2024.0,4.0,CCO[C@H]1O[C@@H]2CC=C3CCN(C)[C@H]3[C@@H]2c2cc(OC)c(O)cc21,test
CHEMBL5597952,CHEMBL220,4.0,2024.0,4.0,COc1cc2c(c(O)c1OC)[C@@]13CC[C@H](O)C[C@@H]1N(CC3)C2O,test
CHEMBL5598085,CHEMBL220,5.92,2024.0,5.92,CCOC(=O)C1=C(Nc2cccc(F)c2)CC(c2ccc(C(F)(F)F)cc2)N(c2cccc(F)c2)C1c1ccc(C(F)(F)F)cc1,train
CHEMBL5598195,CHEMBL220,5.95,2024.0,5.95,CCOC(=O)C1=C(Nc2ccc(F)cc2)CC(c2cccc(F)c2)N(c2ccc(F)cc2)C1c1cccc(F)c1,train
CHEMBL5598380,CHEMBL220,6.03,2024.0,6.03,CCOC(=O)C1=C(Nc2ccc(F)cc2)CC(c2ccc(C(F)(F)F)cc2)N(c2ccc(F)cc2)C1c1ccc(C(F)(F)F)cc1,train
CHEMBL561846,CHEMBL220,4.64,2009.0,4.64,C=C1C[C@]23C[C@H]1CC[C@H]2[C@]1(C)CCC[C@](C)(CO)[C@@H]1C[C@@H]3O,train
CHEMBL5629932,CHEMBL220,6.21,2023.0,6.21,Brc1ccc(Cn2cc(CNC3CCCCCC3)nn2)cc1,test
CHEMBL5631356,CHEMBL220,7.04,2023.0,7.04,Brc1ccc(Cn2cc(CNC34CC5CC(CC(C5)C3)C4)nn2)cc1,test
CHEMBL5633087,CHEMBL220,6.03,2023.0,6.03,Clc1ccc(Cn2cc(CNC3CCCCCC3)nn2)cc1,test
CHEMBL5633181,CHEMBL220,6.33,2023.0,6.33,O=[N+]([O-])c1cccc(-c2cnc3cccnc3n2)c1,train
CHEMBL5633239,CHEMBL220,6.88,2023.0,6.88,Clc1ccc(Cn2cc(CNC34CC5CC(CC(C5)C3)C4)nn2)cc1,test
CHEMBL5633252,CHEMBL220,6.05,2023.0,6.05,Cc1cccc(-c2cnc3cccnc3n2)c1,train
CHEMBL5633253,CHEMBL220,6.1,2023.0,6.1,Fc1cccc(-c2cnc3cccnc3n2)c1,train
CHEMBL5633979,CHEMBL220,6.33,2023.0,6.33,COc1ccc2nc3c(c(NCCCCCNC(=S)N[C@]45CC6C[C@@H](C[C@@H](C6)C4)C5)c2c1)CCCC3,train
CHEMBL5639262,CHEMBL220,5.72,2023.0,5.72,COc1cc(-c2cc(-c3ccccc3)nc3[nH]nc(N)c23)cc(OC)c1OC,train
CHEMBL5639307,CHEMBL220,5.22,2023.0,5.22,COc1ccc(-c2cc(-c3cc(OC)c(OC)c(OC)c3)c3c(N)n[nH]c3n2)cc1,train
CHEMBL5639721,CHEMBL220,6.46,2023.0,6.46,COc1ccc(-c2cc(-c3ccc(Br)cc3)nc3[nH]nc(N)c23)cc1,train
CHEMBL5639827,CHEMBL220,6.77,2023.0,6.77,Nc1n[nH]c2nc(-c3ccc(Br)cc3)cc(-c3ccc(Br)cc3)c12,train
CHEMBL5641542,CHEMBL220,6.12,2023.0,6.12,COc1ccc2c3c1O[C@H]1C[C@@H](O)C=C[C@@]31CCN(CC#CCNC13CC4CC(C)(CC(C)(C4)C1)C3)C2,train
CHEMBL564408,CHEMBL220,6.47,2010.0,6.47,CC(=O)O[C@H]1[C@H]2c3cc4c(cc3CN3CCC(=C[C@@H]1O[Si](C)(C)C(C)(C)C)[C@H]23)OCO4,train
CHEMBL5646469,CHEMBL220,6.94,2023.0,6.94,COc1ccc2c3c1O[C@H]1C[C@@H](O)C=C[C@@]31CCN(C/C=C/CNC13CC4CC(C)(CC(C)(C4)C1)C3)C2,train
CHEMBL5646721,CHEMBL220,6.8,2023.0,6.8,COc1ccc(-c2cc(-c3ccc(Br)cc3)nc3[nH]nc(N)c23)cc1OC,train
CHEMBL56470,CHEMBL220,6.77,2010.0,6.77,CN(CCC1CCN(Cc2ccccc2)CC1)C(=O)c1ccccc1,train
CHEMBL5647144,CHEMBL220,5.65,2023.0,5.65,Nc1n[nH]c2nc(-c3ccccc3)cc(-c3ccc(Br)cc3)c12,train
CHEMBL5647220,CHEMBL220,5.43,2023.0,5.43,COc1ccc(-c2cc(-c3ccc(Br)cc3)c3c(N)n[nH]c3n2)cc1,train
CHEMBL5647222,CHEMBL220,6.2,2023.0,6.2,COc1cc(-c2cc(-c3ccc(Br)cc3)nc3[nH]nc(N)c23)cc(OC)c1OC,train
CHEMBL5647316,CHEMBL220,6.65,2023.0,6.65,O=c1[nH]c(COCCC2CCN(Cc3ccccc3)CC2)nc2c1cnn2C1CCCC1,test
CHEMBL5647393,CHEMBL220,6.09,2023.0,6.09,COc1ccc(-c2cc(-c3ccc(OC)c(OC)c3)c3c(N)n[nH]c3n2)cc1,train
CHEMBL5647542,CHEMBL220,5.02,2023.0,5.02,COc1ccc(-c2cc(-c3ccccc3)nc3[nH]nc(N)c23)cc1OC,train
CHEMBL567532,CHEMBL220,5.9,2010.0,5.9,CCc1c(C(=O)NCCCCCCCNc2c3c(nc4ccccc24)CCCC3)nc(-c2ccccc2Cl)n1-c1ccc(Cl)cc1,train
CHEMBL569978,CHEMBL220,6.46,2010.0,6.46,COc1ccc2c3c1O[C@H]1C[C@@H](O)C=C[C@@]31CCN(CCCN1CCCCC1)C2,train
CHEMBL57003,CHEMBL220,5.0,2002.0,5.0,C=CC[N+](C)(C)c1ccc(OC(C)=O)cc1.[Br-],val
CHEMBL570158,CHEMBL220,6.0,2010.0,6.0,O=S(=O)(/N=C(\NCCCCCCCNc1c2c(nc3ccccc13)CCCC2)N1CC(c2ccccc2)C(c2ccc(Cl)cc2)=N1)c1ccc(Cl)cc1,train
CHEMBL570159,CHEMBL220,6.5,2010.0,6.5,CCc1c(C(=O)NCCCCNc2c3c(nc4ccccc24)CCCC3)nc(-c2ccccc2Cl)n1-c1ccc(Cl)cc1,test
CHEMBL571730,CHEMBL220,5.6,2010.0,5.6,O=S(=O)(/N=C(\NCCCCNc1c2c(nc3ccccc13)CCCC2)N1CC(c2ccccc2)C(c2ccc(Cl)cc2)=N1)c1ccc(Cl)cc1,train
CHEMBL572453,CHEMBL220,6.8,2009.0,6.8,CCN(CCCNC1=CC(=O)C(NCCCCCCNC(=O)CCCCC2CCSS2)=CC1=O)Cc1ccccc1OC,train
CHEMBL572480,CHEMBL220,7.0,2009.0,7.0,CCN(CCCCCCNC1=CC(=O)C(NCCCCCCNC(=O)CCCCC2CCSS2)=CC1=O)Cc1ccccc1OC,train
CHEMBL572532,CHEMBL220,6.82,2009.0,6.82,CCN(CCCCCCNC1=CC(=O)C(NCCCNC(=O)CCCCC2CCSS2)=CC1=O)Cc1ccccc1OC,test
CHEMBL572858,CHEMBL220,4.3,2009.0,4.3,CSc1n[nH]c2nc3c(c(N)c12)C1CC(C)=CC(C3)C1,test
CHEMBL572865,CHEMBL220,4.65,2009.0,4.65,CC1=CC2Cc3nc4cc(Cl)ccc4c(Cl)c3C(C1)C2,train
CHEMBL572866,CHEMBL220,4.72,2009.0,4.72,CCC1=CC2Cc3nc4cc(Cl)ccc4c(Cl)c3C(C1)C2,train
CHEMBL573094,CHEMBL220,5.29,2009.0,5.29,CCC1=CC2Cc3nc4cc(OC)c(OC)cc4c(N)c3C(C1)C2,train
CHEMBL573095,CHEMBL220,8.17,2009.0,8.17,CCC1=CC2Cc3nc4cc(Cl)ccc4c(NCCO)c3C(C1)C2,train
CHEMBL573102,CHEMBL220,6.5,2009.0,6.5,C[C@@H]1CCC[C@H](C)N1S(=O)(=O)c1ccc(Cl)cc1,train
CHEMBL574261,CHEMBL220,5.11,2009.0,5.11,CCCSc1nc2nc3c(c(N)c2s1)C1CC(C)=CC(C3)C1,train
CHEMBL574267,CHEMBL220,4.93,2009.0,4.93,COc1cc2nc3c(c(N)c2cc1OC)C1CC(C)=CC(C3)C1,train
CHEMBL574474,CHEMBL220,6.72,2009.0,6.72,C[C@@H]1CCC[C@H](C)N1S(=O)(=O)c1cccc([N+](=O)[O-])c1,train
CHEMBL574487,CHEMBL220,5.94,2009.0,5.94,C[C@@H]1CCC[C@H](C)N1S(=O)(=O)c1ccc([N+](=O)[O-])cc1,train
CHEMBL5745896,CHEMBL220,4.4,2018.0,4.4,Oc1cc(O)cc(Oc2c(O)cc(O)c3c2Oc2c(OCc4ccccc4)cc(O)cc2O3)c1,train
CHEMBL574746,CHEMBL220,5.32,2009.0,5.32,CC1=CC2Cc3nc4oc(C)c(C)c4c(N)c3C(C1)C2,train
CHEMBL574747,CHEMBL220,4.3,2009.0,4.3,CC1=CC2Cc3nc4oc(C5CC5)nc4c(N)c3C(C1)C2,train
CHEMBL574847,CHEMBL220,6.72,2009.0,6.72,CCN(CCCNC1=CC(=O)C(NCCCNC(=O)CCCCC2CCSS2)=CC1=O)Cc1ccccc1OC,train
CHEMBL574948,CHEMBL220,4.3,2009.0,4.3,CC1=CC2Cc3nc4[nH]ncc4c(N)c3C(C1)C2,test
CHEMBL574973,CHEMBL220,8.06,2009.0,8.06,CC1=CC2Cc3nc4cc(Cl)ccc4c(NCCN=[N+]=[N-])c3C(C1)C2,train
CHEMBL574974,CHEMBL220,7.86,2009.0,7.86,CCC1=CC2Cc3nc4cc(Cl)ccc4c(NCCN=[N+]=[N-])c3C(C1)C2,train
CHEMBL575166,CHEMBL220,4.83,2009.0,4.83,CC1=CC2Cc3nc4cc(Cl)ccc4c(O)c3C(C1)C2,train
CHEMBL575167,CHEMBL220,5.54,2009.0,5.54,C#CCCCCCCN1CCc2cc(OC)c(OC)cc2C1c1ccc([N+](=O)[O-])cc1,train
CHEMBL5755069,CHEMBL220,6.39,2017.0,6.39,Nc1cc(O)c(C(=O)CCC2CCN(CC3CCCCC3)CC2)cc1Cl,train
CHEMBL575613,CHEMBL220,6.09,2009.0,6.09,CC1=CC2Cc3nc4ncccc4c(N)c3C(C1)C2,train
CHEMBL575614,CHEMBL220,6.18,2009.0,6.18,CCC1=CC2Cc3nc4cnccc4c(N)c3C(C1)C2,train
CHEMBL575619,CHEMBL220,6.41,2009.0,6.41,C[C@@H]1CCC[C@H](C)N1S(=O)(=O)c1ccccc1,train
CHEMBL575620,CHEMBL220,6.43,2009.0,6.43,Cc1ccc(S(=O)(=O)N2[C@H](C)CCC[C@@H]2C)cc1,train
CHEMBL575621,CHEMBL220,6.34,2009.0,6.34,C[C@@H]1CCC[C@H](C)N1S(=O)(=O)c1ccc(C(C)(C)C)cc1,train
CHEMBL575674,CHEMBL220,8.22,2009.0,8.22,CCC1=CC2Cc3nc4cc(Cl)ccc4c(NCCn4cc(CCCCCCN5CCc6cc(OC)c(OC)cc6C5c5cccc([N+](=O)[O-])c5)nn4)c3C(C1)C2,train
CHEMBL575802,CHEMBL220,8.4,2009.0,8.4,COc1cc2c(cc1OC)C(c1cccc([N+](=O)[O-])c1)N(CCCCCCc1cn(CCNc3c4c(nc5cc(Cl)ccc35)CC3C=C(C)CC4C3)nn1)CC2,train
CHEMBL575810,CHEMBL220,5.09,2009.0,5.09,C#CCCCCCCN1CCc2cc(OC)c(OC)cc2C1c1cccc([N+](=O)[O-])c1,train
CHEMBL575813,CHEMBL220,6.73,2009.0,6.73,C[C@@H]1CCC[C@H](C)N1S(=O)(=O)c1ccccc1[N+](=O)[O-],train
CHEMBL576004,CHEMBL220,5.6,2009.0,5.6,CC1=CC2Cc3nc4cc(Cl)ccc4c(NC(=O)CCl)c3C(C1)C2,train
CHEMBL576005,CHEMBL220,7.12,2009.0,7.12,C[C@@H]1CCC[C@H](C)N1S(C)(=O)=O,train
CHEMBL5760715,CHEMBL220,6.13,2017.0,6.13,CCCCN1CCC(CCC(=O)c2ccc(N)cc2OC)CC1,train
CHEMBL576189,CHEMBL220,4.57,2009.0,4.57,CC1=CC2Cc3nc4oc(C5CCC5)nc4c(N)c3C(C1)C2,train
CHEMBL576384,CHEMBL220,5.14,2009.0,5.14,CCCSc1nc2nc3c(c(N)c2s1)C1CC(CC)=CC(C3)C1,train
CHEMBL576385,CHEMBL220,7.36,2009.0,7.36,CC1=CC2Cc3nc4cc(Cl)ccc4c(NCCCl)c3C(C1)C2,train
CHEMBL577016,CHEMBL220,5.29,2016.0,5.29,CCSc1nc2sc3c(c2c(=O)n1-c1ccccc1)CCN(Cc1ccccc1)C3,train
CHEMBL57842,CHEMBL220,5.0,2002.0,5.0,C=CC[N+](C)(C)c1ccc(OC)cc1.[Br-],val
CHEMBL5787130,CHEMBL220,4.48,2018.0,4.48,COc1cc(Oc2c(O)cc(Oc3c(O)cc(O)c4c3Oc3c(O)cc(O)cc3O4)cc2O)cc2c1Oc1c(Oc3cc(O)cc(O)c3)c(O)cc(O)c1O2,train
CHEMBL5791030,CHEMBL220,6.4,2017.0,6.4,CCOc1cc(N)c(Cl)cc1C(=O)CCC1CCN(CC2CCCCC2)CC1,train
CHEMBL5799857,CHEMBL220,6.2,2017.0,6.2,Nc1cc(OCCF)c(C(=O)CCC2CCN(CC3CCCCC3)CC2)cc1Cl,train
CHEMBL58034,CHEMBL220,5.0,2002.0,5.0,C[N+](C)(C)Cc1cccc(O)c1.[Br-],val
CHEMBL58122,CHEMBL220,4.17,2000.0,4.17,Nc1c2c(nc3cc([N+](=O)[O-])ccc13)-c1ccccc1C2,train
CHEMBL58190,CHEMBL220,5.0,2002.0,5.0,CC(=O)Oc1cccc([N+](C)(C)Cc2ccccc2)c1.[Br-],val
CHEMBL58194,CHEMBL220,6.0,2002.0,6.0,C=CC[N+](C)(C)c1ccccc1OC.[Br-],val
CHEMBL58252,CHEMBL220,5.0,2002.0,5.0,C=CC[N+](C)(C)c1ccc(O)cc1.[Br-],val
CHEMBL582883,CHEMBL220,7.05,2009.0,7.05,C[C@@H]1CCC[C@H](C)N1S(=O)(=O)c1cc(Cl)ccc1Cl,train
CHEMBL5833354,CHEMBL220,6.5,2017.0,6.5,CON=C(CCC1CCN(CC2CCCCC2)CC1)c1cc(Cl)c(N)cc1OC,train
CHEMBL583776,CHEMBL220,5.19,2009.0,5.19,CCC1=CC2Cc3nc4oc(C)c(C)c4c(N)c3C(C1)C2,train
CHEMBL583855,CHEMBL220,4.499999953328896,2010.0,4.499999953328896,CCc1c(C(=O)NN2CCCCC2)nc(-c2ccccc2Cl)n1-c1ccc(Cl)cc1,test
CHEMBL583920,CHEMBL220,8.02,2009.0,8.02,CC1=CC2Cc3nc4cc(Cl)ccc4c(NCCO)c3C(C1)C2,train
CHEMBL584003,CHEMBL220,4.3,2009.0,4.3,CCC1=CC2Cc3nc4oc(C5CC5)nc4c(N)c3C(C1)C2,train
CHEMBL584603,CHEMBL220,6.07,2009.0,6.07,CCC1=CC2Cc3nc4ncccc4c(N)c3C(C1)C2,train
CHEMBL58511,CHEMBL220,5.0,2002.0,5.0,C=CC[N+](C)(C)c1ccc(OCC(=O)c2ccc(OC)c(OC)c2)cc1.[Br-],train
CHEMBL58521,CHEMBL220,6.375,1992.0,6.375,Cc1ccc(N)cc1,val
CHEMBL5852183,CHEMBL220,5.06,2017.0,5.06,COc1cc(N)c(Br)cc1C(=O)NCC1CCN(CC2CCCCC2)CC1,train
CHEMBL586091,CHEMBL220,3.7266977214323433,2017.0,3.7266977214323433,COc1cc2c(cc1O)[C@@H]1[C@H](O)[C@@H](O)C=C3CCN(C2)[C@H]31,train
CHEMBL5872661,CHEMBL220,4.63,2018.0,4.63,Oc1cc(O)cc(Oc2c(O)cc(O)c3c2Oc2c(OCc4ccccc4)cc4oc5c(Oc6cc(O)cc(O)c6)c(O)cc(O)c5c4c2O3)c1,train
CHEMBL589390,CHEMBL220,4.35,2009.0,4.35,Cc1ccc2c(c1)c1c(n2CCc2ccc(C)nc2)CCN(C)C1,test
CHEMBL589536,CHEMBL220,4.53,2010.0,4.53,O=C(NCCN1CCCC1)N1c2ccccc2Sc2ccccc21,val
CHEMBL589563,CHEMBL220,6.21,2010.0,6.21,O=C(NCCN1CCCCC1)N1c2ccccc2Sc2ccccc21,val
CHEMBL590031,CHEMBL220,5.07,2010.0,5.07,CO[P@@]1(=O)CC[C@H]2COC(=O)C2=C(C)O1,train
CHEMBL590298,CHEMBL220,4.05,2010.0,4.05,NC(=O)N1c2ccccc2Sc2ccccc21,train
CHEMBL5905385,CHEMBL220,7.0,2017.0,7.0,COc1cc(N)c(Br)cc1C(=O)CCC1CCN(CC2CCCCC2)CC1,train
CHEMBL590603,CHEMBL220,5.22,2008.0,5.22,Clc1cccc(Cl)c1CO/N=C/c1cc[n+](CCC[n+]2ccc(/C=N/OCc3c(Cl)cccc3Cl)cc2)cc1.[Br-].[Br-],train
CHEMBL59074,CHEMBL220,5.98,2002.0,5.98,COc1ccc(C(=O)CCc2cccc([N+](C)(C)Cc3ccccc3)c2)cc1OC.[Br-],test
CHEMBL590824,CHEMBL220,5.17,2021.0,5.17,CS(=O)(=O)[O-].CS(=O)(=O)[O-].O/N=C/c1cc[n+](COC[n+]2ccc(/C=N/O)cc2)cc1,train
CHEMBL59109,CHEMBL220,5.52,1996.0,5.52,NC12CC(C(F)(F)F)=CC(Cc3nc(O)ccc31)/C2=C\C(F)(F)F,train
CHEMBL5914393,CHEMBL220,5.43,2017.0,5.43,COc1c(C(N)=O)cc(Cl)c(N)c1CC1CCN(CC2CCCCC2)CC1,val
CHEMBL591469,CHEMBL220,3.0,2010.0,3.0,COP(=O)(OC)O/C(C)=C1/CCOC1=O,train
CHEMBL591470,CHEMBL220,4.16,2010.0,4.16,COP(=O)(OC)O/C(C)=C1\CCOC1=O,train
CHEMBL591729,CHEMBL220,7.55,2022.0,7.55,CNC(=O)Oc1ccc2c(c1)[C@]1(C)CCN(C)[C@]1(C)N2C,train
CHEMBL59192,CHEMBL220,6.0,2002.0,6.0,C=CC[N+](C)(C)c1cccc(OC(C)=O)c1.[Br-],val
CHEMBL5921670,CHEMBL220,6.7,2017.0,6.7,COc1cc(N)c(Cl)cc1C(=O)C(C)CC1CCN(CC2CCCCC2)CC1,train
CHEMBL592185,CHEMBL220,3.1605219526258015,2010.0,3.1605219526258015,CC(C)NC(=O)N1c2ccccc2Sc2ccccc21,train
CHEMBL592433,CHEMBL220,4.52,2010.0,4.52,CO[P@]1(=O)CC[C@H]2COC(=O)C2=C(C)O1,train
CHEMBL592624,CHEMBL220,4.75,2010.0,4.75,COC(=O)C1=C(C)OP(=O)(OC)CCC1,train
CHEMBL592674,CHEMBL220,3.3979400086720375,2010.0,3.3979400086720375,CN(C)C(=O)N1c2ccccc2Sc2ccccc21,train
CHEMBL592856,CHEMBL220,3.221848749616356,2010.0,3.221848749616356,COP1(=O)CCCC(CO)=C(C)O1,train
CHEMBL592857,CHEMBL220,4.404319153082864,2010.0,4.404319153082864,COC(=O)C1=C(C)OP(=O)(OC)CC1,train
CHEMBL593933,CHEMBL220,7.08,2009.0,7.08,C/C=C1\[C@H]2C=C(C)C[C@]1(/N=C/c1ccc(OC)cc1OC)c1ccc(=O)[nH]c1C2,train
CHEMBL594186,CHEMBL220,7.29,2009.0,7.29,C/C=C1\[C@H]2C=C(C)C[C@]1(/N=C/C(=C/c1ccccc1)CCCCC)c1ccc(=O)[nH]c1C2,train
CHEMBL594187,CHEMBL220,7.6,2009.0,7.6,C/C=C1\[C@H]2C=C(C)C[C@]1(/N=C/C(C)=C/c1ccccc1)c1ccc(=O)[nH]c1C2,train
CHEMBL594229,CHEMBL220,5.79,2013.0,5.79,COc1cc2occ(-c3ccc(N4CCCC4)cc3)c(=O)c2cc1OC,test
CHEMBL5945921,CHEMBL220,6.35,2017.0,6.35,CCCCN1CCC(CCC(=O)c2cc(Br)ccc2OC)CC1,train
CHEMBL594629,CHEMBL220,8.15,2011.0,8.15,CC(C)(C)c1cc[n+](CCCCCCCCCCCC[n+]2ccc(C(C)(C)C)cc2)cc1.[Br-].[Br-],train
CHEMBL594870,CHEMBL220,7.51,2009.0,7.51,C/C=C1\[C@H]2C=C(C)C[C@]1(/N=C/c1ccc(OC)cc1)c1ccc(=O)[nH]c1C2,train
CHEMBL59490,CHEMBL220,5.0,2002.0,5.0,C=CC[N+](C)(C)Cc1cccc(OC)c1.[Br-],val
CHEMBL595114,CHEMBL220,7.62,2009.0,7.62,C/C=C1\[C@H]2C=C(C)C[C@]1(/N=C/C=C/c1ccccc1)c1ccc(=O)[nH]c1C2,train
CHEMBL595115,CHEMBL220,7.51,2009.0,7.51,C/C=C1\[C@H]2C=C(C)C[C@]1(/N=C/c1ccc(N(C)C)cc1)c1ccc(=O)[nH]c1C2,train
CHEMBL595504,CHEMBL220,4.44,2022.0,4.44,NC(=O)c1cc[n+](C/C=C/C[n+]2ccc(/C=N/O)c(F)c2)cc1.[Br-].[Br-],val
CHEMBL596112,CHEMBL220,5.06,2021.0,5.06,Cn1ccc2nc3ccccc3c-2c1.I,train
CHEMBL596236,CHEMBL220,7.66,2009.0,7.66,C/C=C1\[C@H]2C=C(C)C[C@]1(/N=C/c1ccc(C#N)cc1)c1ccc(=O)[nH]c1C2,train
CHEMBL59628,CHEMBL220,6.77,2000.0,6.77,Clc1ccc2c(NCc3ccccc3)c3c(nc2c1)CCCC3,test
CHEMBL5963054,CHEMBL220,7.58,2017.0,7.58,COc1cc(N)ccc1C(=O)CCC1CCN(CC2CCCCC2)CC1,train
CHEMBL596457,CHEMBL220,7.39,2009.0,7.39,C/C=C1\[C@H]2C=C(C)C[C@]1(/N=C/c1ccccc1OS(=O)(=O)[O-])c1ccc(=O)[nH]c1C2.[Na+],train
CHEMBL597001,CHEMBL220,5.79,2010.0,5.79,CCN(CC)CCCOc1ccc2c(c1)C/C(=C\c1ccc(CN(C)Cc3ccccc3)cc1)C2=O,train
CHEMBL597188,CHEMBL220,7.25,2010.0,7.25,CCN(CC)CCCCCOc1ccc2c(c1)CC/C(=C\c1ccc(CN(C)Cc3ccccc3)cc1)C2=O,train
CHEMBL59730,CHEMBL220,5.18,2000.0,5.18,Nc1c2c(nc3cc(Cl)ccc13)-c1ccccc1C2,train
CHEMBL597405,CHEMBL220,5.31,2010.0,5.31,CCN(Cc1ccccc1)Cc1ccc(/C=C2\Cc3ccc(OC)cc3C2=O)cc1,train
CHEMBL597406,CHEMBL220,4.93,2010.0,4.93,CN(Cc1ccccc1)Cc1ccc(/C=C2\Cc3ccccc3C2=O)cc1,train
CHEMBL597794,CHEMBL220,6.96,2010.0,6.96,COc1ccc2c(c1)CC/C(=C\c1ccc(CN(C)Cc3ccccc3)cc1)C2=O,train
CHEMBL597795,CHEMBL220,5.27,2010.0,5.27,COc1ccc2c(c1)C(=O)/C(=C/c1ccc(CN(C)Cc3ccccc3)cc1)CC2,train
CHEMBL59782,CHEMBL220,7.89,2000.0,7.89,CCCCCCCNc1c2c(nc3cc(Cl)ccc13)CCCC2,train
CHEMBL597821,CHEMBL220,6.05,2010.0,6.05,CN(Cc1ccccc1)Cc1ccc(/C=C2\Cc3ccc(OCCCCN4CCOCC4)cc3C2=O)cc1,train
CHEMBL597822,CHEMBL220,6.75,2010.0,6.75,CN(Cc1ccccc1)Cc1ccc(/C=C2\Cc3ccc(OCCCCN4CCCCC4)cc3C2=O)cc1,train
CHEMBL597863,CHEMBL220,5.62,2017.0,5.62,C[n+]1c(/C=C/c2ccc(F)cc2)ccc2ccccc21.[I-],train
CHEMBL59790,CHEMBL220,5.52,2002.0,5.52,COc1ccc(C(=O)CCc2ccc([N+](C)(C)C)cc2)cc1OC.[Br-],test
CHEMBL59844,CHEMBL220,5.34,2000.0,5.34,Cc1ccc2c(c1)-c1nc3ccccc3c(N)c1C2,train
CHEMBL598632,CHEMBL220,5.94,2010.0,5.94,COc1cc2c(cc1OC)C(=O)/C(=C/c1ccc(CN(C)Cc3ccccc3)cc1)C2,train
CHEMBL598645,CHEMBL220,6.05,2010.0,6.05,CCN(CC)CCCCOc1ccc2c(c1)C(=O)/C(=C/c1ccc(CN(C)Cc3ccccc3)cc1)C2,train
CHEMBL598824,CHEMBL220,6.29,2010.0,6.29,CCN(CC)CCCCCCCOc1ccc2c(c1)C(=O)/C(=C/c1ccc(CN(C)Cc3ccccc3)cc1)C2,train
CHEMBL599057,CHEMBL220,6.72,2010.0,6.72,CCN(CC)CCCCCOc1ccc2c(c1)C(=O)/C(=C/c1ccc(CN(C)Cc3ccccc3)cc1)C2,train
CHEMBL599058,CHEMBL220,6.42,2010.0,6.42,CCN(CC)CCCCCCOc1ccc2c(c1)C(=O)/C(=C/c1ccc(CN(C)Cc3ccccc3)cc1)C2,train
CHEMBL5991662,CHEMBL220,4.38,2018.0,4.38,Oc1cc(O)cc(Oc2c(O)cc(O)c3c2Oc2c(OCc4ccccc4)cc(Oc4c(O)cc(Oc5c(O)cc(O)c6c5Oc5c(O)cc(O)cc5O6)cc4O)cc2O3)c1,train
CHEMBL599252,CHEMBL220,5.4,2010.0,5.4,CCN(CC)CCCCOc1ccc2c(c1)C/C(=C\c1ccc(CN(C)Cc3ccccc3)cc1)C2=O,train
CHEMBL599253,CHEMBL220,5.82,2010.0,5.82,CCN(CC)CCOc1ccc2c(c1)C(=O)/C(=C/c1ccc(CN(C)Cc3ccccc3)cc1)C2,train
CHEMBL599254,CHEMBL220,5.88,2010.0,5.88,CCN(CC)CCCOc1ccc2c(c1)C(=O)/C(=C/c1ccc(CN(C)Cc3ccccc3)cc1)C2,train
CHEMBL5992630,CHEMBL220,4.47,2018.0,4.47,COc1cc(O)cc2c1Oc1c(Oc3cc(O)cc(O)c3)c(O)cc(O)c1O2,val
CHEMBL599644,CHEMBL220,7.28,2010.0,7.28,CN(Cc1ccccc1)Cc1ccc(/C=C2\CCc3cc(OCCCCCN4CCCCC4)ccc3C2=O)cc1,val
CHEMBL5996918,CHEMBL220,4.18,2018.0,4.18,COc1cc2oc3c(Oc4cc(O)cc(O)c4)c(O)cc(O)c3c2c2c1Oc1c(Oc3cc(O)cc(O)c3)c(O)cc(O)c1O2,val
CHEMBL59977,CHEMBL220,5.52,2000.0,5.52,Nc1c2c(nc3ccc([N+](=O)[O-])cc13)CCCC2,train
CHEMBL600230,CHEMBL220,2.838631997765025,2010.0,2.838631997765025,CCNC(=O)N1c2ccccc2Sc2ccccc21,train
CHEMBL60074,CHEMBL220,6.48,2002.0,6.48,COc1ccc(C(=O)COc2cccc([N+](C)(C)Cc3ccccc3)c2)cc1OC.[Br-],train
CHEMBL60119,CHEMBL220,7.0,2000.0,7.0,Cc1ccc2c(N)c3c(nc2c1)CCCC3,train
CHEMBL601282,CHEMBL220,4.79,2010.0,4.79,CCN(CC)CCNC(=O)N1c2ccccc2Sc2ccccc21.Cl,train
CHEMBL601410,CHEMBL220,4.6,2011.0,4.6,[Br-].[Br-].c1ccc2c(c1)ccc[n+]2CCCCCC[n+]1cccc2ccccc21,train
CHEMBL60167,CHEMBL220,6.17,1997.0,6.17,Nc1c2c(nc3ccccc13)-c1ccccc1C2,train
CHEMBL60180,CHEMBL220,5.0,2002.0,5.0,COc1ccc(C(=O)COc2ccc([N+](C)(C)C)cc2)cc1OC.[Br-],train
CHEMBL6029360,CHEMBL220,6.18,2017.0,6.18,CCCCN1CCC(CCC(=O)c2cc(I)c(N)cc2OC)CC1,train
CHEMBL602937,CHEMBL220,5.82,2021.0,5.82,O=C1c2ccccc2-[n+]2ccc3c([nH]c4ccccc43)c21,train
CHEMBL6030402,CHEMBL220,7.62,2017.0,7.62,COc1cc(N)c(F)cc1C(=O)CCC1CCN(CC2CCCCC2)CC1,train
CHEMBL60308,CHEMBL220,5.23,2000.0,5.23,Nc1ccc2nc3c(c(N)c2c1)Cc1ccccc1-3,train
CHEMBL603256,CHEMBL220,6.7,2010.0,6.7,CN(Cc1ccccc1)Cc1ccc(/C=C2\Cc3ccc(OCCCCCN4CCCCC4)cc3C2=O)cc1,train
CHEMBL603622,CHEMBL220,7.375,2010.0,7.375,CO[P@]1(=O)OC[C@H]2COC(=O)C2=C(C)O1,train
CHEMBL60379,CHEMBL220,6.77,1994.0,6.77,CCN1CCC2CC1c1ccc(OC(=O)NC)cc12,train
CHEMBL60380,CHEMBL220,6.69,1994.0,6.69,CCCCNC(=O)Oc1ccc2c(c1)C1CCN(CC)C2C1,train
CHEMBL6040839,CHEMBL220,6.52,2017.0,6.52,COc1cc(N)c(I)cc1C(=O)CCC1CCN(CC2CCCCC2)CC1,train
CHEMBL604096,CHEMBL220,6.75,2010.0,6.75,COc1cc2c(cc1OC)C(=O)/C(=C/c1ccc(CN(C)Cc3ccccc3)cc1)CC2,train
CHEMBL604255,CHEMBL220,5.22,2010.0,5.22,COC(=O)C1=C(C)O[P@](=O)(OC)CC[C@H]1COCc1ccccc1,train
CHEMBL604478,CHEMBL220,7.8,2009.0,7.8,C/C=C1\[C@H]2C=C(C)C[C@]1(/N=C/c1ccc(O)c(OC)c1)c1ccc(=O)[nH]c1C2,train
CHEMBL604715,CHEMBL220,5.54,2010.0,5.54,CCN(CC)CCOc1ccc2c(c1)C/C(=C\c1ccc(CN(C)Cc3ccccc3)cc1)C2=O,train
CHEMBL605303,CHEMBL220,7.6,2009.0,7.6,C/C=C1\[C@H]2C=C(C)C[C@]1(/N=C/c1ccc(O)c(OCC)c1)c1ccc(=O)[nH]c1C2,train
CHEMBL6054495,CHEMBL220,5.29,2017.0,5.29,COc1cc(N)c(I)cc1C(=O)NCC1CCN(CC2CCCCC2)CC1,train
CHEMBL60569,CHEMBL220,4.0,2007.0,4.0,CN1C(=O)C(=O)c2ccccc21,train
CHEMBL605824,CHEMBL220,6.09,2010.0,6.09,CC(C)N(CCNC(=O)N1c2ccccc2Sc2ccccc21)C(C)C,train
CHEMBL60596,CHEMBL220,5.73,2002.0,5.73,C=CC[N+](C)(C)c1ccccc1O.[Br-],val
CHEMBL606034,CHEMBL220,4.46,2010.0,4.46,COC(=O)C1=C(C)O[P@@](=O)(OC)CC[C@H]1COCc1ccccc1,train
CHEMBL606338,CHEMBL220,5.03,2010.0,5.03,CNC(=O)N1c2ccccc2Sc2ccccc21,train
CHEMBL606348,CHEMBL220,7.54,2009.0,7.54,C/C=C1\[C@H]2C=C(C)C[C@]1(/N=C/c1cc(OC)cc(OC)c1)c1ccc(=O)[nH]c1C2,train
CHEMBL606372,CHEMBL220,7.4,2009.0,7.4,C/C=C1\[C@H]2C=C(C)C[C@]1(/N=C/C=C/c1ccc(N(C)C)cc1)c1ccc(=O)[nH]c1C2,train
CHEMBL606538,CHEMBL220,7.51,2009.0,7.51,C=CCOc1ccc(/C=N/[C@@]23CC(C)=C[C@@H](Cc4[nH]c(=O)ccc42)/C3=C\C)cc1,train
CHEMBL60745,CHEMBL220,6.11,1996.0,6.11,CC[N+](C)(C)c1cccc(O)c1.[Br-],val
CHEMBL608112,CHEMBL220,3.0,2018.0,3.0,COc1ccc(Cn2cc(C(=O)O)c(=O)c3ccccc32)cc1,train
CHEMBL60874,CHEMBL220,5.0,2002.0,5.0,C[N+](C)(Cc1ccccc1)c1cccc(O)c1.[Br-],val
CHEMBL609149,CHEMBL220,6.01,1996.0,6.01,CN(C)C(=O)Oc1ccc2c(c1)[C@]1(C)CCN(C)C1N2C,train
CHEMBL609150,CHEMBL220,6.96,1996.0,6.96,CCCCCCCCNC(=O)Oc1ccc2c(c1)[C@]1(C)CCN(C)C1N2C,train
CHEMBL609409,CHEMBL220,5.75,1996.0,5.75,CN1CC[C@@]2(C)c3cc(OC(=O)Nc4ccc(Cl)cc4)ccc3N(C)C12,train
CHEMBL609440,CHEMBL220,8.35,2002.0,8.35,COc1cc2cc(C(=O)CCc3cc[n+](Cc4ccc([N+](=O)[O-])o4)cc3)sc2cc1OC.[Br-],train
CHEMBL609668,CHEMBL220,5.77,1996.0,5.77,COc1ccc(NC(=O)Oc2ccc3c(c2)[C@]2(C)CCN(C)C2N3C)cc1,train
CHEMBL609671,CHEMBL220,6.82,1996.0,6.82,CCCCNC(=O)Oc1ccc2c(c1)[C@]1(C)CCN(C)C1N2C,train
CHEMBL609672,CHEMBL220,4.46,1996.0,4.46,CC(C)NC(=O)Oc1ccc2c(c1)[C@]1(C)CCN(C)C1N2C,train
CHEMBL609718,CHEMBL220,3.2019999991794243,1997.0,3.2019999991794243,C[N+](C)(C)c1cccc([N+](=O)[O-])c1.[Cl-],val
CHEMBL609719,CHEMBL220,2.290999999609832,1997.0,2.290999999609832,C[N+]1(C)CCO[C@@](O)(c2ccc([N+](=O)[O-])cc2)C1.[Cl-],train
CHEMBL609977,CHEMBL220,7.905,2003.0,7.905,CC[N+](C)(CCCCCC(=O)N(C)CCCCCCCCN(C)C(=O)CCCCC[N+](C)(CC)Cc1ccccc1[N+](=O)[O-])Cc1ccccc1[N+](=O)[O-].[I-].[I-],train
CHEMBL610219,CHEMBL220,4.54,2010.0,4.54,COc1ccc2c(c1)C/C(=C\c1ccc(CN(C)Cc3ccccc3)cc1)C2=O,train
CHEMBL610242,CHEMBL220,8.35,2004.0,8.35,COc1cc2c(cc1OC)SC(C(=O)CCc1cc[n+](Cc3coc([N+](=O)[O-])c3)cc1)C2.[I-],train
CHEMBL610243,CHEMBL220,7.495,2004.0,7.495,COc1cc2cc(C(=O)C3CCC[N+](C)(Cc4ccc([N+](=O)[O-])o4)CC3)sc2cc1OC.[I-],test
CHEMBL610779,CHEMBL220,6.2,2010.0,6.2,COc1ccc2c(c1)C(=O)/C(=C/c1ccc(CN(C)Cc3ccccc3)cc1)C2,train
CHEMBL61126,CHEMBL220,5.0,2002.0,5.0,C=C(C)C[N+](C)(C)c1cccc(O)c1.[Br-],val
CHEMBL611732,CHEMBL220,4.51,2004.0,4.51,CCN(CCCCCCNc1ccc(CCc2ccc(NCCCCCCN(CC)Cc3ccccc3OC)cc2)cc1)Cc1ccccc1OC,train
CHEMBL61180,CHEMBL220,5.0,2002.0,5.0,C[N+](C)(Cc1ccccc1)Cc1cccc(O)c1.[Br-],train
CHEMBL611808,CHEMBL220,4.0,2002.0,4.0,CC1=CC2Cc3nc(O)ccc3C3(C1)C2CCCN3C,train
CHEMBL611941,CHEMBL220,5.9,2017.0,5.9,COc1ccc(/C=C2\Oc3ccccc3C2=O)cc1,test
CHEMBL612098,CHEMBL220,4.4,1996.0,4.4,CCN(CC)C(=O)Oc1ccc2c(c1)[C@]1(C)CCN(C)C1N2C,train
CHEMBL612099,CHEMBL220,5.2,1996.0,5.2,CN(C(=O)NCc1ccccc1)C(=O)Oc1ccc2c(c1)[C@]1(C)CCN(C)C1N2C,train
CHEMBL612100,CHEMBL220,6.34,1996.0,6.34,CN1CC[C@@]2(C)c3cc(OC(=O)NCc4ccccc4)ccc3N(C)C12,train
CHEMBL61221,CHEMBL220,6.89,2000.0,6.89,CCCCCCCNc1c2c(nc3cc(C)ccc13)CCCC2,train
CHEMBL61274,CHEMBL220,7.14,1994.0,7.14,CCCCCCNC(=O)Oc1ccc2c(c1)C1CCN(C)C2C1,train
CHEMBL61312,CHEMBL220,5.52,2002.0,5.52,C=CC[N+](C)(C)c1cccc(O)c1.[Br-],val
CHEMBL61486,CHEMBL220,5.42,2000.0,5.42,Nc1ccc2nc3c(c(N)c2c1)CCCC3,train
CHEMBL61506,CHEMBL220,5.32,2000.0,5.32,O=[N+]([O-])c1ccc2c(NCc3ccccc3)c3c(nc2c1)CCCC3,test
CHEMBL61515,CHEMBL220,5.0,2002.0,5.0,C=CCC[N+](C)(C)c1ccccc1O.[Br-],val
CHEMBL61533,CHEMBL220,7.06,2000.0,7.06,Nc1c2c(nc3cc(F)ccc13)CCCC2,train
CHEMBL61561,CHEMBL220,7.35,2000.0,7.35,CCCCCCCNc1c2c(nc3cc(F)ccc13)CCCC2,train
CHEMBL61715,CHEMBL220,7.55,2000.0,7.55,Nc1c2c(nc3cc([N+](=O)[O-])ccc13)CCCC2,train
CHEMBL61849,CHEMBL220,6.41,2000.0,6.41,CCCCCCCNc1c2c(nc3ccc(C)cc13)CCCC2,train
CHEMBL61850,CHEMBL220,7.18,2000.0,7.18,Nc1c2c(nc3cc(Br)ccc13)CCCC2,train
CHEMBL61905,CHEMBL220,5.0,2002.0,5.0,COc1ccccc1[N+](C)(C)Cc1ccccc1.[Br-],val
CHEMBL61929,CHEMBL220,5.28,2000.0,5.28,COc1cc2nc3c(c(N)c2cc1OC)CCCC3,train
CHEMBL61930,CHEMBL220,6.33,2000.0,6.33,Nc1c2c(nc3cc(Cl)c(Cl)cc13)CCCC2,train
CHEMBL61965,CHEMBL220,5.0,2002.0,5.0,COc1ccc(C(=O)COc2ccc([N+](C)(C)Cc3ccccc3)cc2)cc1OC.[Br-],test
CHEMBL61986,CHEMBL220,6.34,2000.0,6.34,CCCCCCCNc1c2c(nc3cc(OC)ccc13)CCCC2,train
CHEMBL62031,CHEMBL220,5.0,2002.0,5.0,COc1ccc(C(=O)COc2cccc([N+](C)(C)C)c2)cc1OC.[Br-],train
CHEMBL62084,CHEMBL220,6.26,1991.0,6.26,Nc1c2c(nc3ccc(Cl)cc13)CCCC2,train
CHEMBL62085,CHEMBL220,5.09,2000.0,5.09,Cc1ccc2nc3c(c(N)c2c1)CCCC3,train
CHEMBL62210,CHEMBL220,5.0,2002.0,5.0,CC(=O)Oc1ccc([N+](C)(C)Cc2ccccc2)cc1.[Br-],val
CHEMBL623,CHEMBL220,5.98,2018.0,5.98,CCc1nn(CCCN2CCN(c3cccc(Cl)c3)CC2)c(=O)n1CCOc1ccccc1,train
CHEMBL62373,CHEMBL220,5.0,1987.0,5.0,CCCN1CCCC(c2cccc(OC(=O)NC(C)C)c2)C1,val
CHEMBL62664,CHEMBL220,7.4,1995.0,7.4,CN1CC[C@@]2(C)c3cc(OC(=O)NCCCCCCCCCCCN4CCOCC4)ccc3N(C)[C@@H]12,train
CHEMBL628,CHEMBL220,5.18,2013.0,5.18,CC(=O)CCCCn1c(=O)c2c(ncn2C)n(C)c1=O,train
CHEMBL63173,CHEMBL220,4.68,1995.0,4.68,CN1CC[C@@]2(C)c3cc(OC(=O)NCCCCN4CCOCC4)ccc3N(C)[C@@H]12,train
CHEMBL636,CHEMBL220,5.52,2002.0,5.52,CCN(C)C(=O)Oc1cccc([C@H](C)N(C)C)c1,val
CHEMBL640,CHEMBL220,6.0,1997.0,6.0,CCN(CC)CCNC(=O)c1ccc(N)cc1,val
CHEMBL64011,CHEMBL220,7.22,1995.0,7.22,CN1CC[C@@]2(C)c3cc(OC(=O)NCCCCCCCCCN4CCOCC4)ccc3N(C)[C@@H]12,train
CHEMBL64465,CHEMBL220,6.125,2000.0,6.125,Cc1ccc2c(NCc3ccccc3)c3c(nc2c1)CCCC3,test
CHEMBL64529,CHEMBL220,6.84,1994.0,6.84,CCCCCCCNC(=O)Oc1ccc2c(c1)C1CCN(C)C2C1,train
CHEMBL64615,CHEMBL220,5.78,2000.0,5.78,COc1cccc2c1Cc1c-2nc2ccccc2c1N,train
CHEMBL64633,CHEMBL220,6.88,1994.0,6.88,CCCCCCNC(=O)Oc1ccc2c(c1)C1(C)CCN(CC)C2C1,train
CHEMBL64815,CHEMBL220,5.43,2000.0,5.43,Cc1ccc2nc3c(c(NCc4ccccc4)c2c1)CCCC3,test
CHEMBL64894,CHEMBL220,5.23,,5.23,CN(C)c1ccc(C(=C2C=CC(=[N+](C)C)C=C2)c2ccc(N(C)C)cc2)cc1.[Cl-],train
CHEMBL65018,CHEMBL220,7.1,1995.0,7.1,CN1CC[C@@]2(C)c3cc(OC(=O)NCCCCCCCCN4CCOCC4)ccc3N(C)[C@@H]12,train
CHEMBL65356,CHEMBL220,6.03,1995.0,6.03,CN1CC[C@@]2(C)c3cc(OC(=O)NCCCCCCN4CCOCC4)ccc3N(C)[C@@H]12,val
CHEMBL65585,CHEMBL220,7.16,1995.0,7.16,CN1CC[C@@]2(C)c3cc(OC(=O)NCCCCCCCCCCCCN4CCOCC4)ccc3N(C)[C@@H]12,train
CHEMBL65667,CHEMBL220,5.42,1995.0,5.42,CN1CC[C@@]2(C)c3cc(OC(=O)NCCCN4CCOCC4)ccc3N(C)[C@@H]12,train
CHEMBL65891,CHEMBL220,3.408935392973501,1986.0,3.408935392973501,CCN(CC)CCS/C(=N\O)c1nc(C(C)(C)C)no1,train
CHEMBL659,CHEMBL220,5.9350000000000005,1996.0,5.9350000000000005,COc1ccc2c3c1O[C@H]1C[C@@H](O)C=C[C@@]31CCN(C)C2,train
CHEMBL66309,CHEMBL220,6.42,1995.0,6.42,CN1CC[C@@]2(C)c3cc(OC(=O)NCCCCCCCN4CCOCC4)ccc3N(C)[C@@H]12,train
CHEMBL672,CHEMBL220,4.81,,4.81,CC(C)OC(=O)C(C)(C)Oc1ccc(C(=O)c2ccc(Cl)cc2)cc1,train
CHEMBL67397,CHEMBL220,3.0,1986.0,3.0,O/N=C/c1nc(-c2ccncc2)no1,train
CHEMBL68953,CHEMBL220,3.0,1986.0,3.0,CC(C)(C)c1noc(/C=N/O)n1,train
CHEMBL69059,CHEMBL220,3.585026652029182,1986.0,3.585026652029182,CCN(CC)CC/N=C(\NO)c1nc(-c2ccccc2)no1,test
CHEMBL69507,CHEMBL220,5.39,2021.0,5.39,C[n+]1ccc2c(c1)[nH]c1ccccc12,train
CHEMBL7002,CHEMBL220,4.82,,4.82,CC1(COc2ccc(CC3SC(=O)NC3=O)cc2)CCCCC1,train
CHEMBL70182,CHEMBL220,3.0,1986.0,3.0,O/N=C/c1nc(Cc2ccccc2)no1,train
CHEMBL709,CHEMBL220,7.75,2018.0,7.75,COc1cc2nc(N(C)CCCNC(=O)C3CCCO3)nc(N)c2cc1OC,train
CHEMBL71740,CHEMBL220,6.0,1986.0,6.0,CCCCCCCCc1noc(/C(=N/O)SCCN(CC)CC)n1,train
CHEMBL71851,CHEMBL220,3.7731424297112763,2004.0,3.7731424297112763,COc1cc2ccc(=O)oc2cc1O,val
CHEMBL71982,CHEMBL220,3.0,1986.0,3.0,CCCCCCCCc1noc(/C=N/O)n1,train
CHEMBL71994,CHEMBL220,4.52,1986.0,4.52,CCN(CC)CCS/C(=N\O)c1nc(Cc2ccccc2)no1,train
CHEMBL72967,CHEMBL220,6.07,2010.0,6.07,COc1cccc(CN2CCC(CCC(=O)c3ccc4c(c3)NCCCC4)CC2)c1,train
CHEMBL73160,CHEMBL220,9.22,2010.0,9.22,Clc1ccc2c(NCCCCCCNc3c4c(nc5cc(Cl)ccc35)CCCC4)c3c(nc2c1)CCCC3,val
CHEMBL73339,CHEMBL220,7.33,2010.0,7.33,CCCCCN1CCc2cc(C(=O)CCC3CCN(Cc4ccccc4)CC3)ccc21,test
CHEMBL73447,CHEMBL220,5.57,2010.0,5.57,COc1cccc(CN2CCC(CCC(=O)c3ccc4c(c3)CCN4)CC2)c1,test
CHEMBL73593,CHEMBL220,6.785,2010.0,6.785,O=C(CCC1CCN(Cc2ccccc2)CC1)c1ccc2c(c1)NCCC2,train
CHEMBL73800,CHEMBL220,8.85,2010.0,8.85,c1ccc2c(NCCCCCCNc3c4c(nc5ccccc35)CCCC4)c3c(nc2c1)CCCC3,val
CHEMBL73974,CHEMBL220,7.37,2010.0,7.37,O=C(CCC1CCN(Cc2ccccc2F)CC1)c1ccc2c(c1)CCN2,test
CHEMBL74089,CHEMBL220,7.68,1998.0,7.68,CNC(=O)Oc1ccc2c(c1)[C@]1(C)CCNC1N2C,train
CHEMBL74107,CHEMBL220,7.8100000000000005,1990.0,7.8100000000000005,CCCCCCCCNC(=O)Oc1ccc2c(c1)[C@]1(C)CCN(C)[C@@H]1N2C,train
CHEMBL74257,CHEMBL220,6.48,1990.0,6.48,CNC(=O)Oc1ccc2c(c1)[C@]1(C)CCN(Cc3ccccc3)[C@@H]1N2C,test
CHEMBL74340,CHEMBL220,6.65,2010.0,6.65,Cc1cccc(CN2CCC(CCC(=O)c3ccc4c(c3)NCCCC4)CC2)c1,train
CHEMBL74359,CHEMBL220,6.95,2010.0,6.95,O=C(CCC1CCN(Cc2ccccc2)CC1)c1ccc2c(c1)NCC2,train
CHEMBL74533,CHEMBL220,4.26,2010.0,4.26,COc1ccc(CN2CCC(CCC(=O)c3ccc4c(c3)NCCCC4)CC2)cc1,train
CHEMBL74560,CHEMBL220,7.66,2010.0,7.66,CCCN1CCc2cc(C(=O)CCC3CCN(Cc4ccccc4)CC3)ccc21,test
CHEMBL74698,CHEMBL220,6.9,2010.0,6.9,O=C(CCC1CCN(Cc2ccccc2)CC1)c1ccc2c(c1)NCCCCC2,train
CHEMBL74747,CHEMBL220,7.09,2010.0,7.09,CN1CCCCc2ccc(C(=O)CCC3CCN(Cc4ccccc4)CC3)cc21,train
CHEMBL748,CHEMBL220,3.6675615400843946,1986.0,3.6675615400843946,C[n+]1ccccc1/C=N/O.[Cl-],train
CHEMBL74809,CHEMBL220,7.23,2010.0,7.23,O=C(CCC1CCN(Cc2cccc(Cl)c2)CC1)c1ccc2c(c1)CCN2,test
CHEMBL74827,CHEMBL220,7.66,2010.0,7.66,c1ccc2c(NCCCCCCCCNc3c4c(nc5ccccc35)CCC4)c3c(nc2c1)CCC3,test
CHEMBL74832,CHEMBL220,7.05,2010.0,7.05,O=C(CCC1CCN(Cc2ccc(F)cc2)CC1)c1ccc2c(c1)CCN2,test
CHEMBL74922,CHEMBL220,7.54,2010.0,7.54,CCCCN1CCc2cc(C(=O)CCC3CCN(Cc4ccccc4)CC3)ccc21,test
CHEMBL74926,CHEMBL220,7.66,1990.0,7.66,CN1CC[C@@]2(C)c3cc(OC(=O)Nc4ccccc4)ccc3N(C)[C@@H]12,train
CHEMBL74927,CHEMBL220,9.22,2010.0,9.22,Fc1ccc2c(NCCCCCCCNc3c4c(nc5cc(F)ccc35)CCCC4)c3c(nc2c1)CCCC3,train
CHEMBL74940,CHEMBL220,9.05,2010.0,9.05,Fc1ccc2c(NCCCCCCNc3c4c(nc5cc(F)ccc35)CCCC4)c3c(nc2c1)CCCC3,val
CHEMBL74950,CHEMBL220,6.55,1990.0,6.55,COc1ccc(NC(=O)Oc2ccc3c(c2)[C@]2(C)CCN(C)[C@@H]2N3C)cc1,train
CHEMBL74962,CHEMBL220,5.5,2010.0,5.5,O=C(CCC1CCN(Cc2ccccc2)CC1)c1ccc2c(c1)N(Cc1ccccc1)CCCC2,train
CHEMBL75013,CHEMBL220,6.71,2002.0,6.71,O=C(CCC1CCN(Cc2ccccc2)CC1)c1ccc2c(c1)NCCCC2,train
CHEMBL75110,CHEMBL220,7.49,2010.0,7.49,O=C(CCC1CCN(Cc2ccccc2)CC1)c1ccc2c(c1)CCN2,test
CHEMBL75121,CHEMBL220,7.35,2003.0,7.35,COc1cc2cc(-c3ccc(CN(C)Cc4ccccc4)cc3)c(=O)oc2cc1OC,train
CHEMBL75127,CHEMBL220,6.48,2010.0,6.48,O=C(CCC1CCN(Cc2ccccc2F)CC1)c1ccc2c(c1)NCCCC2,train
CHEMBL75157,CHEMBL220,6.9,2010.0,6.9,O=C(CCC1CCN(Cc2ccccc2)CC1)c1ccc2c(c1)CCCCN2,train
CHEMBL75274,CHEMBL220,8.8,2010.0,8.8,c1ccc2c(NCCCCCCCCNc3c4c(nc5ccccc35)CCCC4)c3c(nc2c1)CCCC3,train
CHEMBL75305,CHEMBL220,8.32,2010.0,8.32,c1cnc2nc3c(c(NCCCCCCNc4c5c(nc6ncccc46)CCCC5)c2c1)CCCC3,test
CHEMBL75649,CHEMBL220,5.2,2010.0,5.2,O=C(CCC1CCN(Cc2ccc(Cl)cc2)CC1)c1ccc2c(c1)CCN2,test
CHEMBL7568,CHEMBL220,5.57,,5.57,CCN(CC)CCCC(C)Nc1c2ccc(Cl)cc2nc2ccc(OC)cc12,train
CHEMBL75729,CHEMBL220,6.74,1990.0,6.74,CNC(=O)Oc1ccc2c(c1)[C@]1(C)CCN(CCc3ccccc3)[C@@H]1N2C,train
CHEMBL75743,CHEMBL220,5.83,1998.0,5.83,CNC(=O)Oc1ccc2c(c1)[C@@]1(C)CCNC1N2,train
CHEMBL75919,CHEMBL220,5.46,1997.0,5.46,CN1CC[C@]2(C)c3cc(OC(=O)Nc4ccccc4)ccc3N(C)C12,train
CHEMBL75985,CHEMBL220,8.72,2010.0,8.72,c1cnc2nc3c(c(NCCCCCCCCNc4c5c(nc6ncccc46)CCCC5)c2c1)CCCC3,test
CHEMBL76014,CHEMBL220,7.12,2010.0,7.12,c1ccc2c(NCCCCCCCNc3c4c(nc5ccccc35)CCC4)c3c(nc2c1)CCC3,test
CHEMBL76108,CHEMBL220,4.88,2010.0,4.88,COc1ccc(CN2CCC(CCC(=O)c3ccc4c(c3)CCN4)CC2)cc1,test
CHEMBL76135,CHEMBL220,4.39,1998.0,4.39,C[C@@]12CCN(Cc3ccccc3)C1N(Cc1ccccc1)c1ccc(OC(=O)Nc3ccccc3)cc12,train
CHEMBL76173,CHEMBL220,8.89,2010.0,8.89,c1cnc2nc3c(c(NCCCCCCCNc4c5c(nc6ncccc46)CCCC5)c2c1)CCCC3,train
CHEMBL76241,CHEMBL220,6.48,1998.0,6.48,CNC(=O)Oc1ccc2c(c1)[C@]1(C)CCN(Cc3ccccc3)C1N2C,test
CHEMBL76384,CHEMBL220,6.41,2010.0,6.41,O=C(CCC1CCN(Cc2ccc(F)cc2)CC1)c1ccc2c(c1)NCCCC2,train
CHEMBL76470,CHEMBL220,7.44,2010.0,7.44,CN1CCCc2ccc(C(=O)CCC3CCN(Cc4ccccc4)CC3)cc21,train
CHEMBL76640,CHEMBL220,5.0,1997.0,5.0,CNC(=O)Oc1ccc2c(c1)[C@@]1(C)CCN(C)C1N2C,train
CHEMBL772,CHEMBL220,5.77,2022.0,5.77,COC(=O)[C@H]1[C@H]2C[C@@H]3c4[nH]c5cc(OC)ccc5c4CCN3C[C@H]2C[C@@H](OC(=O)c2cc(OC)c(OC)c(OC)c2)[C@@H]1OC,val
CHEMBL77510,CHEMBL220,3.3979400086720375,2018.0,3.3979400086720375,O/N=C/c1ccccn1,train
CHEMBL77896,CHEMBL220,5.96,1998.0,5.96,CNC(=O)Oc1ccc2c(c1)[C@]1(C)CCN(Cc3ccccc3)C1N2Cc1ccccc1,train
CHEMBL779,CHEMBL220,4.58,2024.0,4.58,CN1CC(=O)N2[C@H](c3ccc4c(c3)OCO4)c3[nH]c4ccccc4c3C[C@@H]2C1=O,test
CHEMBL78010,CHEMBL220,3.6020599913279625,2019.0,3.6020599913279625,COc1ccc(-c2cc(=O)c3c(O)c(OC)c(O)cc3o2)cc1,train
CHEMBL79012,CHEMBL220,5.24,2003.0,5.24,COc1ccc(CN(C)CCCCCC(=O)N(C)CCCCCCCCN(C)C(=O)CCCCCN(C)Cc2ccc(OC)cc2)cc1,test
CHEMBL79466,CHEMBL220,4.0,2007.0,4.0,NC(=O)CN1C(=O)C(=O)c2ccccc21,train
CHEMBL80221,CHEMBL220,6.79,1997.0,6.79,CNC(=O)Oc1ccc2c(c1)[C@]1(C)CCN(C)C1N2Cc1ccccc1,train
CHEMBL80247,CHEMBL220,7.86,1998.0,7.86,CN1c2ccc(OC(=O)Nc3ccccc3)cc2[C@]2(C)CCNC12,train
CHEMBL80619,CHEMBL220,5.0,2006.0,5.0,COc1ccc2[nH]c3cnccc3c2c1,train
CHEMBL807,CHEMBL220,7.210000000000001,2021.0,7.210000000000001,CC12CC3CC(C)(C1)CC(N)(C3)C2,train
CHEMBL808,CHEMBL220,4.86,,4.86,Clc1ccc(COC(Cn2ccnc2)c2ccc(Cl)cc2Cl)cc1,train
CHEMBL81,CHEMBL220,6.4,,6.4,O=C(c1ccc(OCCN2CCCCC2)cc1)c1c(-c2ccc(O)cc2)sc2cc(O)ccc12,train
CHEMBL812,CHEMBL220,6.46,2010.0,6.46,CN(C)C(=O)Oc1ccc[n+](C)c1.[Br-],train
CHEMBL828,CHEMBL220,5.14,2015.0,5.14,c1ccc2c(c1)Nc1ccccc1S2,train
CHEMBL82810,CHEMBL220,7.4,2002.0,7.4,COc1cc2cc(C(=O)CCc3cc[n+](CC4CCC4)cc3)sc2cc1OC.[Br-],train
CHEMBL83005,CHEMBL220,7.05,2002.0,7.05,COc1cc2cc(C(=O)CC3(O)CC[N+](C)(Cc4ccccc4)CC3)sc2cc1OC.[Br-],train
CHEMBL8320,CHEMBL220,6.02,2005.0,6.02,O=C1C=CC(=O)C=C1,train
CHEMBL85251,CHEMBL220,6.39,2015.0,6.39,CCCCN1CCC(CCC(=O)c2cc(Cl)c(N)cc2OC)CC1,train
CHEMBL85404,CHEMBL220,6.301029995663981,2002.0,6.301029995663981,COc1ccc2c3c1OC1C[C@@H](O)C=C[C@@]31CC[N+](C)(C)C2,train
CHEMBL85473,CHEMBL220,4.71,2002.0,4.71,COc1cc2cc(C(O)C3CC[N+](C)(Cc4ccccc4)CC3)sc2cc1OC.[Br-],test
CHEMBL86,CHEMBL220,4.698970004336019,1993.0,4.698970004336019,CCN(CC)CCNC(=O)c1cc(Cl)c(N)cc1OC,val
CHEMBL86031,CHEMBL220,7.0,2002.0,7.0,C[N+]1(Cc2ccccc2)CCC(CCC(=O)c2ccc3c(c2)OCCO3)CC1,train
CHEMBL86233,CHEMBL220,5.0,2002.0,5.0,COc1cc2cc(CC3CC[N+](C)(Cc4ccccc4)CC3)sc2cc1OC.[Br-],test
CHEMBL86835,CHEMBL220,7.18,2002.0,7.18,C[N@+]1(Cc2ccccc2)CC[C@H](CCC(=O)c2ccc3c(c2)CCO3)CC1,test
CHEMBL87014,CHEMBL220,7.66,2002.0,7.66,Cc1cc(C(=O)CCC2CC[N+](C)(Cc3ccccc3)CC2)nn1-c1ccccc1,test
CHEMBL8706,CHEMBL220,3.3010299956639813,2016.0,3.3010299956639813,C#CCN(C)CCCOc1ccc(Cl)cc1Cl,val
CHEMBL87128,CHEMBL220,6.55,2002.0,6.55,CC[n+]1ccc(CCC(=O)c2cc3cc(OC)c(OC)cc3s2)cc1.[Br-],train
CHEMBL87170,CHEMBL220,8.34,2002.0,8.34,COc1cc2cc(C(=O)CCc3cc[n+](Cc4ccccc4)cc3)sc2cc1OC,train
CHEMBL87273,CHEMBL220,8.1,2002.0,8.1,COc1cc2cc(C(=O)CCC3CC[N+](C)(Cc4ccccc4)CC3)sc2cc1OC,train
CHEMBL87280,CHEMBL220,6.0,2002.0,6.0,COC(=O)c1ccc(C[n+]2ccc(CCC(=O)c3cc4cc(OC)c(OC)cc4s3)cc2)cc1,train
CHEMBL87295,CHEMBL220,5.59,2002.0,5.59,CCC[n+]1ccc(CCC(=O)c2cc3cc(OC)c(OC)cc3s2)cc1.[Br-],train
CHEMBL87320,CHEMBL220,7.28,2002.0,7.28,COCC[N+]1(C)CCC(CCC(=O)c2cc3cc(OC)c(OC)cc3s2)CC1.[Br-],train
CHEMBL87344,CHEMBL220,7.77,2002.0,7.77,C[N+]1(Cc2ccccc2)CCC(CCC(=O)c2ccc3c(c2)CCO3)CC1,test
CHEMBL87373,CHEMBL220,6.96,2002.0,6.96,COc1cc2cc(C(=O)CCc3cc[n+](CC4CC4)cc3)sc2cc1OC.[Br-],train
CHEMBL87441,CHEMBL220,8.15,2002.0,8.15,CCOCC[n+]1ccc(CCC(=O)c2cc3cc(OC)c(OC)cc3s2)cc1,train
CHEMBL87550,CHEMBL220,5.57,2002.0,5.57,COc1cc2cc(C=C3CC[N+](C)(Cc4ccccc4)CC3)sc2cc1OC.[Br-],train
CHEMBL87649,CHEMBL220,8.22,2002.0,8.22,COc1cc2cc(C(=O)CCc3cc[n+](Cc4ccsc4)cc3)sc2cc1OC,train
CHEMBL87823,CHEMBL220,7.3,2002.0,7.3,COc1ccc2cc(C(=O)CCC3CC[N+](C)(Cc4ccccc4)CC3)ccc2c1,train
CHEMBL87849,CHEMBL220,8.59,2002.0,8.59,COc1cc2cc(C(=O)CCc3cc[n+](Cc4ccc(F)cc4)cc3)sc2cc1OC,train
CHEMBL87937,CHEMBL220,7.52,2002.0,7.52,COCC[n+]1ccc(CCC(=O)c2cc3cc(OC)c(OC)cc3s2)cc1,train
CHEMBL87959,CHEMBL220,6.41,2002.0,6.41,COc1cc2cc(C(=O)CCC3CC[N+](C)(CCOc4ccccc4)CC3)sc2cc1OC.[Br-],train
CHEMBL87980,CHEMBL220,6.27,2002.0,6.27,C=CC[n+]1ccc(CCC(=O)c2cc3cc(OC)c(OC)cc3s2)cc1.[Br-],train
CHEMBL88026,CHEMBL220,8.1,2002.0,8.1,COc1cc2cc(C(=O)CCC3CC[N+](C)(Cc4ccccc4)CC3)sc2cc1OC.[Br-],train
CHEMBL88049,CHEMBL220,6.96,2002.0,6.96,COc1cc2cc(C(=O)CCCCC3CC[N+](C)(Cc4ccccc4)CC3)sc2cc1OC.[Br-],train
CHEMBL887,CHEMBL220,7.72,2017.0,7.72,C#CCN[C@@H]1CCc2ccccc21,train
CHEMBL89011,CHEMBL220,3.6108339156354674,1997.0,3.6108339156354674,Nc1c2c(nc3ccccc13)-c1ccccc1CO2,train
CHEMBL89012,CHEMBL220,4.98,1997.0,4.98,Nc1c2c(nc3ccccc13)-c1ccccc1CC2,train
CHEMBL89354,CHEMBL220,8.07,2015.0,8.07,CC(C)(C)c1cccc(C(=O)C(F)(F)F)c1,val
CHEMBL8996,CHEMBL220,2.778898880038495,2012.0,2.778898880038495,O=C1C[C@@H](c2ccc(O)c(O)c2)Oc2cc(O)cc(O)c21,test
CHEMBL90039,CHEMBL220,4.0,2005.0,4.0,O=C(c1ccccc1)c1ccccc1,train
CHEMBL90241,CHEMBL220,6.37,2010.0,6.37,CC(C)c1cc(-c2ccccc2)n[nH]c1=NCCC1CCN(Cc2ccccc2)CC1,train
CHEMBL90264,CHEMBL220,7.57,2010.0,7.57,CCc1cc(=NCCC2CCN(Cc3ccccc3)CC2)[nH]nc1-c1ccccc1,train
CHEMBL91,CHEMBL220,4.73,,4.73,Clc1ccc(COC(Cn2ccnc2)c2ccc(Cl)cc2Cl)c(Cl)c1,train
CHEMBL9113,CHEMBL220,6.795,1992.0,6.795,Cc1ccccc1,val
CHEMBL91240,CHEMBL220,7.68,2010.0,7.68,Cc1cc(=NCCC2CCN(Cc3ccccc3)CC2)[nH]nc1-c1ccccc1,train
CHEMBL91291,CHEMBL220,8.24,1994.0,8.24,Cc1cc2onc(CCC3CCN(Cc4ccccc4)CC3)c2cc1C,test
CHEMBL91432,CHEMBL220,7.21,2010.0,7.21,CCCc1cc(=NCCC2CCN(Cc3ccccc3)CC2)[nH]nc1-c1ccccc1,train
CHEMBL91774,CHEMBL220,6.36,2010.0,6.36,c1ccc(CN2CCC(CCN=c3[nH]nc(-c4ccccc4)c4ccccc34)CC2)cc1,test
CHEMBL920,CHEMBL220,2.521000000603387,1997.0,2.521000000603387,C[N+](C)(C)CCO,test
CHEMBL92142,CHEMBL220,6.66,1994.0,6.66,c1ccc(CN2CCC(CCc3nccc4ccccc34)CC2)cc1,val
CHEMBL92460,CHEMBL220,7.26,1994.0,7.26,c1ccc(CN2CCC(CCc3noc4ccccc34)CC2)cc1,test
CHEMBL92463,CHEMBL220,7.58,1994.0,7.58,Oc1ccc2c(CCC3CCN(Cc4ccccc4)CC3)noc2c1,test
CHEMBL92629,CHEMBL220,6.5,1994.0,6.5,c1ccc(CN2CCC(CNc3noc4ccccc34)CC2)cc1,train
CHEMBL92663,CHEMBL220,8.06,1994.0,8.06,NC(=O)c1ccc2c(CCC3CCN(Cc4ccccc4)CC3)noc2c1,test
CHEMBL92736,CHEMBL220,8.55,1994.0,8.55,CC(=O)Nc1ccc2c(CCC3CCN(Cc4ccccc4)CC3)noc2c1,test
CHEMBL92775,CHEMBL220,7.0,1994.0,7.0,N#Cc1ccc2c(CCC3CCN(Cc4ccccc4)CC3)noc2c1,test
CHEMBL92955,CHEMBL220,7.85,1994.0,7.85,O=S(=O)(Nc1ccc2c(CCC3CCN(Cc4ccccc4)CC3)noc2c1)c1ccccc1,test
CHEMBL92958,CHEMBL220,6.92,1994.0,6.92,c1ccc(CN2CCC(CCc3n[nH]c4ccccc34)CC2)cc1,train
CHEMBL93123,CHEMBL220,8.03,1994.0,8.03,O=C(Nc1ccc2c(CCC3CCN(Cc4ccccc4)CC3)noc2c1)c1ccccc1,train
CHEMBL93241,CHEMBL220,6.05,1994.0,6.05,c1ccc(CN2CCC(CCCc3noc4ccccc34)CC2)cc1,train
CHEMBL9352,CHEMBL220,2.6893066876566394,2012.0,2.6893066876566394,O=C1C[C@@H](c2ccc(O)cc2)Oc2cc(O)cc(O)c21,test
CHEMBL93619,CHEMBL220,8.15,1994.0,8.15,COc1cccc2c(CCC3CCN(Cc4ccccc4)CC3)noc12,test
CHEMBL93936,CHEMBL220,9.1,1994.0,9.1,c1ccc(CN2CCC(CCc3noc4cc(N5CCOCC5)ccc34)CC2)cc1,test
CHEMBL94,CHEMBL220,7.37,1990.0,7.37,CNC(=O)Oc1ccc2c(c1)[C@]1(C)CCN(C)[C@@H]1N2C,train
CHEMBL94054,CHEMBL220,6.5,2010.0,6.5,Cc1cc(-c2ccccc2)n[nH]c1=NCCC1CCN(Cc2ccccc2)CC1,train
CHEMBL94059,CHEMBL220,5.59,1994.0,5.59,c1ccc(CN2CCC(COc3noc4ccccc34)CC2)cc1,train
CHEMBL94186,CHEMBL220,8.14,1994.0,8.14,COc1ccc2onc(CCC3CCN(Cc4ccccc4)CC3)c2c1,test
CHEMBL94217,CHEMBL220,8.55,1995.0,8.55,CC(=O)Nc1ccc2c(CCC3CCN(Cc4ccccc4)CC3)noc2c1.O=C(O)/C=C/C(=O)O,test
CHEMBL94546,CHEMBL220,9.32,1995.0,9.32,CN1C(=O)Cc2cc3c(CCC4CCN(Cc5ccccc5)CC4)noc3cc21.CS(=O)(=O)O,train
CHEMBL95,CHEMBL220,6.695,1991.0,6.695,Nc1c2c(nc3ccccc13)CCCC2,train
CHEMBL95020,CHEMBL220,8.44,1995.0,8.44,O=C1Cc2c(ccc3c(CCC4CCN(Cc5ccccc5)CC4)noc23)N1,train
CHEMBL96246,CHEMBL220,6.68,1994.0,6.68,C(=C\C1CCN(Cc2ccccc2)CC1)\c1noc2ccccc12,test
CHEMBL972,CHEMBL220,3.3010299956639813,2016.0,3.3010299956639813,C#CCN(C)[C@H](C)Cc1ccccc1,val
CHEMBL98497,CHEMBL220,5.64,2010.0,5.64,CN(CCOCCNC(=O)Nc1ccc([N+](=O)[O-])cc1)Cc1ccccc1,train
CHEMBL990,CHEMBL220,5.16,,5.16,CN(Cc1ccc(C(C)(C)C)cc1)Cc1cccc2ccccc12,train
CHEMBL99284,CHEMBL220,5.25,1997.0,5.25,CN1CC[C@]2(C)c3cc(OC(=O)Nc4ccccc4)ccc3NC12,train
CHEMBL99414,CHEMBL220,5.66,1997.0,5.66,CNC(=O)Oc1ccc2c(c1)[C@@]1(C)CCN(C)C1N2,train
CHEMBL99581,CHEMBL220,6.41,1997.0,6.41,CNC(=O)Oc1ccc2c(c1)[C@]1(C)CCN(C)C1N2C=O,train
CHEMBL99605,CHEMBL220,5.85,2010.0,5.85,CN(CCOCCNC(=S)NC1CCCCC1)Cc1ccccc1,train
CHEMBL99655,CHEMBL220,4.95,1997.0,4.95,CN1CC[C@]2(C)c3cc(OC(=O)Nc4ccccc4)ccc3N(Cc3ccccc3)C12,test
